date,nifty_open_0930,z_GSPC,prior_GSPC,z_IXIC,prior_IXIC,z_N225,prior_N225,z_HSI,prior_HSI,z_GDAXI,prior_GDAXI,z_KS11,prior_KS11,GLOBAL_LEAD,prior_violations,all_prior,prior_iv,prior_rv,iv_rv_gap,iv_rv_z,state
2021-07-01,15683.55,,,,,,,,,,,,,,False,True,,,,,
2021-07-02,15696.4,,,,,,,,,,,,,,False,True,,,,,
2021-07-05,15831.1,,,,,,,,,,,,,,False,True,,,,,
2021-07-06,15861.2,,,,,,,,,,,,,,False,True,,,,,
2021-07-07,15844.2,,,,,,,,,,,,,,False,True,,,,,
2021-07-08,15713.6,,,,,,,,,,,,,,False,True,,,,,
2021-07-09,15693.0,,,,,,,,,,,,,,False,True,,,,,
2021-07-12,15686.7,,,,,,,,,,,,,,False,True,,,,,
2021-07-13,15797.5,,,,,,,,,,,,,,False,True,,,,,
2021-07-14,15859.65,,,,,,,,,,,,,,False,True,,,,,
2021-07-15,15919.6,,,,,,,,,,,,,,False,True,,,,,
2021-07-16,15924.0,,,,,,,,,,,,,,False,True,,,,,
2021-07-19,15748.2,,,,,,,,,,,,,,False,True,,,,,
2021-07-20,15649.7,,,,,,,,,,,,,,False,True,,,,,
2021-07-22,15790.2,,,,,,,,,,,,,,False,True,,,,,
2021-07-23,15882.35,,,,,,,,,,,,,,False,True,,,,,
2021-07-26,15838.7,,,,,,,,,,,,,,False,True,,,,,
2021-07-27,15729.55,,,,,,,,,,,,,,False,True,,,,,
2021-07-28,15686.6,,,,,,,,,,,,,,False,True,,,,,
2021-07-29,15791.0,,,,,,,,,,,,,,False,True,,,,,
2021-07-30,15785.75,,,,,,,,,,,,,,False,True,109.52910460913631,9.43314277994531,100.095961829191,,NEUTRAL
2021-08-02,15865.9,,,,,,,,,,,,,,False,True,9.989308702495128,9.399994609350932,0.5893140931441962,,NEUTRAL
2021-08-03,16098.45,,,,,,,,,,,,,,False,True,11.514451534269144,9.466109790558388,2.048341743710756,,NEUTRAL
2021-08-04,16255.65,,,,,,,,,,,,,,False,True,14.386215217848687,10.95774363460366,3.4284715832450274,,NEUTRAL
2021-08-05,16316.3,,,,,,,,,,,,,,False,True,12.09425172248605,11.201252205722694,0.8929995167633553,,NEUTRAL
2021-08-06,16246.6,,,,,,,,,,,,,,False,True,0.00010000000000000002,10.400689290293318,-10.400589290293318,,NEUTRAL
2021-08-09,16224.1,,,,,,,,,,,,,,False,True,10.063879180468962,10.467587580997334,-0.4037084005283713,,NEUTRAL
2021-08-10,16277.2,,,,,,,,,,,,,,False,True,11.808950992727418,10.451306273544612,1.3576447191828063,,NEUTRAL
2021-08-11,16247.45,,,,,,,,,,,,,,False,True,11.9008825392413,10.215622816164108,1.6852597230771913,,NEUTRAL
2021-08-12,16359.8,,,,,,,,,,,,,,False,True,12.094071849557553,10.219315521232335,1.8747563283252173,,NEUTRAL
2021-08-13,16534.55,,,,,,,,,,,,,,False,True,279.22399184269,10.247036864921904,268.9769549777681,,NEUTRAL
2021-08-16,16575.1,,,,,,,,,,,,,,False,True,10.374148924857133,10.691377965429906,-0.3172290405727729,,NEUTRAL
2021-08-17,16564.45,,,,,,,,,,,,,,False,True,13.436262115087382,9.509101298561012,3.9271608165263707,,NEUTRAL
2021-08-18,16565.85,,,,,,,,,,,,,,False,True,11.527683322041371,8.645914487430886,2.881768834610485,,NEUTRAL
2021-08-20,16468.2,,,,,,,,,,,,,,False,True,316.40318570806824,8.162318130513274,308.240867577555,,NEUTRAL
2021-08-23,16495.6,,,,,,,,,,,,,,False,True,11.703544525192383,8.878433606462313,2.8251109187300703,,NEUTRAL
2021-08-24,16638.7,,,,,,,,,,,,,,False,True,13.16603262050754,8.750760490853843,4.415272129653697,,NEUTRAL
2021-08-25,16636.45,,,,,,,,,,,,,,False,True,11.051099346994727,8.520175860773033,2.5309234862216936,,NEUTRAL
2021-08-26,16615.95,,,,,,,,,,,,,,False,True,11.592347406730505,8.332179165271224,3.260168241459281,,NEUTRAL
2021-08-27,16701.6,,,,,,,,,,,,,,False,True,64.42417869772838,8.378727095357238,56.045451602371145,,NEUTRAL
2021-08-30,16909.65,,,,,,,,,,,,,,False,True,10.707535209201389,8.261210155744948,2.446325053456441,,NEUTRAL
2021-08-31,17071.5,,,,,,,,,,,,,,False,True,12.690980713567052,8.956785205236951,3.7341955083301013,,NEUTRAL
2021-09-01,17099.1,,,,,,,,,,,,,,False,True,13.896278456726407,8.355206173571016,5.5410722831553905,,NEUTRAL
2021-09-02,17237.95,,,,,,,,,,,,,,False,True,11.751958760127168,8.459154943818778,3.292803816308391,,NEUTRAL
2021-09-03,17286.5,,,,,,,,,,,,,,False,True,74.93366157254513,8.79530672652249,66.13835484602265,,NEUTRAL
2021-09-06,17381.0,,,,,,,,,,,,,,False,True,11.594719707033901,8.46800572863469,3.126713978399211,,NEUTRAL
2021-09-07,17382.1,,,,,,,,,,,,,,False,True,14.009038524789485,8.427428374474397,5.581610150315088,,NEUTRAL
2021-09-08,17323.7,,,,,,,,,,,,,,False,True,13.087051079662581,8.54771898661282,4.539332093049762,,NEUTRAL
2021-09-09,17339.25,,,,,,,,,,,,,,False,True,12.579256835743557,8.584337613535489,3.9949192222080683,,NEUTRAL
2021-09-13,17340.15,,,,,,,,,,,,,,False,True,289.31646510148806,8.603728167513374,280.71273693397467,,NEUTRAL
2021-09-14,17381.95,,,,,,,,,,,,,,False,True,12.423592288926285,8.286388041936512,4.137204246989773,,NEUTRAL
2021-09-15,17525.0,,,,,,,,,,,,,,False,True,11.009382008360577,8.295208288114189,2.7141737202463876,,NEUTRAL
2021-09-16,17641.15,,,,,,,,,,,,,,False,True,10.995670796042825,8.53128303698902,2.464387759053805,,NEUTRAL
2021-09-17,17613.35,,,,,,,,,,,,,,False,True,0.00010000000000000002,8.338983488560023,-8.338883488560024,,NEUTRAL
2021-09-20,17435.55,,,,,,,,,,,,,,False,True,10.99893337195626,7.672607417857302,3.3263259540989587,,NEUTRAL
2021-09-21,17543.2,,,,,,,,,,,,,,False,True,19.40278918123619,9.263401654012107,10.139387527224084,,NEUTRAL
2021-09-22,17580.25,,,,,,,,,,,,,,False,True,14.417506807527158,9.412272595592816,5.005234211934342,,NEUTRAL
2021-09-23,17796.3,,,,,,,,,,,,,,False,True,17.393497757714737,9.478101154548956,7.915396603165782,,NEUTRAL
2021-09-24,17863.25,,,,,,,,,,,,,,False,True,328.02273474529596,10.506155552688503,317.5165791926075,,NEUTRAL
2021-09-27,17848.65,,,,,,,,,-0.8732036775912035,2021-09-24,,,-0.8732036775912035,False,True,12.878647588953108,10.528177663880808,2.3504699250723,,NEUTRAL
2021-09-28,17726.0,,,,,,,,,0.33602801593548925,2021-09-27,,,0.33602801593548925,False,True,15.35254022006049,9.857351634053439,5.4951885860070515,,NEUTRAL
2021-09-29,17728.85,-3.1890626725427955,2021-09-28,-3.9258619133816297,2021-09-28,,,0.9722249849552967,2021-09-28,-2.4934830056809343,2021-09-28,,,-2.159045651662516,False,True,16.192470799459635,9.701881765754678,6.490589033704957,,NEUTRAL
2021-09-30,17638.55,0.22037730212134327,2021-09-29,-0.2795153732390535,2021-09-29,,,0.5876293776368486,2021-09-29,0.9090270712799735,2021-09-29,,,0.35937959444977796,False,True,16.399523930797223,9.624393577110899,6.775130353686324,,NEUTRAL
2021-10-01,17524.75,-1.7127654670055936,2021-09-30,-0.5220055474298917,2021-09-30,,,-0.10058781803675704,2021-09-30,-0.7536580059262852,2021-09-30,0.503014240600701,2021-09-30,-0.5172005195595653,False,True,0.00010000000000000002,9.532282611240541,-9.532182611240541,,NEUTRAL
2021-10-04,17696.3,1.6290740823327923,2021-10-01,1.0256384997682204,2021-10-01,-2.274220915243068,2021-10-01,-0.10058781803675704,2021-09-30,-0.8000822290428847,2021-10-01,-1.9277293332132368,2021-10-01,-0.4079846189058223,False,True,13.97914398012048,9.644212972422471,4.3349310076980085,,NEUTRAL
2021-10-05,17821.65,-1.819602648331099,2021-10-04,-2.610878136614756,2021-10-04,-1.052423639080141,2021-10-04,-1.3177459708979535,2021-10-04,-0.9112596306547387,2021-10-04,-1.9277293332132368,2021-10-01,-1.606606559798654,False,True,14.841305244883868,10.091815116076488,4.7494901288073805,,NEUTRAL
2021-10-06,17650.2,1.4798773120492101,2021-10-05,1.5190357422421485,2021-10-05,-2.007875971499839,2021-10-05,0.3175842386225863,2021-10-05,1.395718456863038,2021-10-05,-2.1723337737515878,2021-10-05,0.08866766742092606,False,True,14.000221019150082,10.328055723126496,3.6721652960235858,,NEUTRAL
2021-10-07,17809.3,0.5715780923523168,2021-10-06,0.5766524180947398,2021-10-06,-0.8997180376230954,2021-10-06,-0.2498713142492111,2021-10-06,-1.6976276707019855,2021-10-06,-1.9697984200907044,2021-10-06,-0.6114641553696566,False,True,17.381859926505637,11.106803710749771,6.275056215755866,,NEUTRAL
2021-10-08,17911.7,1.121128026905292,2021-10-07,1.221645181643288,2021-10-07,0.5206958600479971,2021-10-07,2.211954199276877,2021-10-07,2.304584420541307,2021-10-07,2.2845679393223417,2021-10-07,1.6107626046228505,False,True,0.00010000000000000002,11.41863146834173,-11.41853146834173,,NEUTRAL
2021-10-11,17980.2,-0.27271775773208257,2021-10-08,-0.5816210925986304,2021-10-08,1.2106450784218072,2021-10-08,0.48846473823621495,2021-10-08,-0.29491802132150213,2021-10-08,0.052630863037347965,2021-10-08,0.1004139680071925,False,True,11.951440023574705,11.507208582677487,0.44423144089721767,,NEUTRAL
2021-10-12,17971.6,-0.939445692983635,2021-10-11,-0.7365522878102573,2021-10-11,1.4017358633720258,2021-10-11,1.3974723607388568,2021-10-11,-0.015528247544943972,2021-10-11,0.052630863037347965,2021-10-08,0.19338547646823243,False,True,14.474765412553865,11.515007605879786,2.9597578066740784,,NEUTRAL
2021-10-13,18180.7,-0.34545002815499953,2021-10-12,-0.17155580237943494,2021-10-12,-0.8440637291274675,2021-10-12,-0.8236901949249064,2021-10-12,-0.4444971760727946,2021-10-12,-1.380121780479918,2021-10-12,-0.66822978518992,False,True,14.589401856630529,11.265052025415713,3.324349831214816,,NEUTRAL
2021-10-14,18330.65,0.36879145469227503,2021-10-13,0.8131971426576733,2021-10-13,-0.2659080195927239,2021-10-13,-0.8236901949249064,2021-10-12,0.8568025006398136,2021-10-13,1.2876455015787007,2021-10-13,0.37280639750847205,False,True,14.871242375880966,11.511456558813782,3.359785817067184,,NEUTRAL
2021-10-18,18496.1,0.9955609425024614,2021-10-15,0.5445145287051066,2021-10-15,1.5921723173627473,2021-10-15,1.062399801588255,2021-10-15,1.0137981012489456,2021-10-15,1.12634833858986,2021-10-15,1.0557990049995627,False,True,0.00010000000000000002,11.761364505009961,-11.761264505009962,,NEUTRAL
2021-10-19,18487.75,0.409517813785195,2021-10-18,0.9283753730011173,2021-10-18,-0.19041939848567532,2021-10-18,0.2795818457504943,2021-10-18,-0.9052658959283386,2021-10-18,-0.15139619510532307,2021-10-18,0.061732257169578274,False,True,15.586232543641938,10.788090968461502,4.798141575180436,,NEUTRAL
2021-10-20,18261.5,0.9957654420418748,2021-10-19,0.7960717498172737,2021-10-19,0.5034714217570401,2021-10-19,1.0228653349028287,2021-10-19,0.35031607540883497,2021-10-19,0.964119719269199,2021-10-19,0.7721016238661752,False,True,17.97387014258071,10.738253562469547,7.235616580111165,,NEUTRAL
2021-10-21,18177.2,0.45669961837104855,2021-10-20,-0.09735780884347019,2021-10-20,0.020614387056523777,2021-10-20,0.9122306666521212,2021-10-20,0.054024263328449756,2021-10-20,-0.45343318522265785,2021-10-20,0.14879632355700256,False,True,18.165675871860298,11.383782918285625,6.781892953574673,,NEUTRAL
2021-10-22,18102.55,0.3450199871309518,2021-10-21,0.662117723444247,2021-10-21,-1.7645320285378925,2021-10-21,-0.23538056116569245,2021-10-21,-0.406311294609383,2021-10-21,-0.08668455683462238,2021-10-21,-0.24762845509539858,False,True,0.00010000000000000002,10.363110369910398,-10.363010369910398,,NEUTRAL
2021-10-25,18132.7,-0.2309377520398425,2021-10-22,-1.0281774050547712,2021-10-22,0.24289537580556098,2021-10-22,0.31613794869118356,2021-10-22,0.5931610428416566,2021-10-22,0.07503262367188494,2021-10-22,-0.0053146943473879535,False,True,15.291538717318371,10.489050998368134,4.802487718950237,,NEUTRAL
2021-10-26,18243.35,0.59541196498383,2021-10-25,1.004580644124925,2021-10-25,-0.6707244641922037,2021-10-25,0.009074620096645532,2021-10-25,0.4539738895799512,2021-10-25,0.6699043065991488,2021-10-25,0.3437034935320494,False,True,18.476157085468664,10.486168726912448,7.989988358556216,,NEUTRAL
2021-10-27,18249.5,0.16247864928678757,2021-10-26,-0.007375052300772935,2021-10-26,1.5059756202555674,2021-10-26,-0.32361575068126164,2021-10-26,1.2697220067875195,2021-10-26,1.1769212141274303,2021-10-26,0.630684447912545,False,True,17.751679114754182,10.446521579785909,7.305157534968274,-0.2411512517681645,NEUTRAL
2021-10-28,17901.75,-0.8111984181051084,2021-10-27,-0.07487064319196549,2021-10-27,-0.09652084414214623,2021-10-27,-1.2131063135011066,2021-10-27,-0.43616594279152976,2021-10-27,-0.7526311358648553,2021-10-27,-0.5640822162661187,False,True,16.268435151277433,10.504194960984329,5.764240190293105,-0.24309393445957103,NEUTRAL
2021-10-29,17742.0,1.3158252474346694,2021-10-28,1.5522107147021182,2021-10-28,-0.9540292630636694,2021-10-28,-0.1945322501254645,2021-10-28,-0.08161576181802425,2021-10-28,-0.4610497124908345,2021-10-28,0.19613482910646587,False,True,154.0265314004437,12.794242150597812,141.23228924984588,1.589079544367157,HIGH_VOL_STATE
2021-11-01,17922.0,0.1685270681263459,2021-10-29,0.2822763730402219,2021-10-29,0.16689207652095386,2021-10-29,-0.5362738586989823,2021-10-29,-0.05809896803346803,2021-10-29,-1.2855726748597673,2021-10-29,-0.21037499731744932,False,True,,,,,
2021-11-02,17899.2,0.15781058970028106,2021-11-01,0.6397945413233082,2021-11-01,2.2923688170720946,2021-11-01,-0.6577023832643678,2021-11-01,0.9488528976339169,2021-11-01,0.4537224027182444,2021-11-01,0.6391411441972462,False,True,15.559856739771094,13.920028734365534,1.63982800540556,-0.3250670227022079,NEUTRAL
2021-11-03,17800.9,0.4214048220599396,2021-11-02,0.2938343857089916,2021-11-02,-0.4800412536117135,2021-11-02,-0.12434997069021046,2021-11-02,1.1595535706048405,2021-11-02,1.3944215449138406,2021-11-02,0.44413718316428136,False,True,14.23890330690405,13.715864054570885,0.5230392523331648,-0.3394474793912367,NEUTRAL
2021-11-08,18062.85,0.3951575081580137,2021-11-05,0.07310092893659474,2021-11-05,-0.6352246025196837,2021-11-05,-1.0703513508347664,2021-11-05,0.17569088047472978,2021-11-05,-0.34275697380778347,2021-11-05,-0.23406393493214925,False,True,11.740311514969056,13.027109849611032,-1.2867983346419756,-0.36599279416596897,NEUTRAL
2021-11-09,18007.25,4.429870809180572e-05,2021-11-08,-0.06973370850108485,2021-11-08,-0.3962026498335234,2021-11-08,-0.2709662194471018,2021-11-08,-0.07465098031700365,2021-11-08,-0.15921939857720083,2021-11-08,-0.16178810966130378,False,True,15.801565746178003,13.211541313149475,2.5900244330285283,-0.31429124580102125,NEUTRAL
2021-11-10,18012.8,-0.6092738666694724,2021-11-09,-0.8246656143668444,2021-11-09,-0.7253407683680989,2021-11-09,0.24628005659654087,2021-11-09,-0.0665924785051298,2021-11-09,0.2599856459841479,2021-11-09,-0.2866011708881428,False,True,15.671063292554098,13.19757086857874,2.473492423975358,-0.3161396958473487,NEUTRAL
2021-11-11,17847.85,-1.2503059840950743,2021-11-10,-2.0083283497272753,2021-11-10,-0.5935759401965776,2021-11-10,0.6726175776686142,2021-11-10,0.19305942734202067,2021-11-10,-1.019839439709757,2021-11-10,-0.6677287847863416,False,True,16.452695111427403,13.183832627609224,3.268862483818179,-0.30576901877008755,NEUTRAL
2021-11-12,18104.95,-0.02813091942937833,2021-11-11,0.45350749865191775,2021-11-11,0.44145146757448006,2021-11-11,0.867292850907351,2021-11-11,0.10133101632170302,2021-11-11,-0.015542395362104925,2021-11-11,0.3033182531106614,False,True,0.00010000000000000002,12.981669549280724,-12.981569549280724,-0.5219486138306767,NEUTRAL
2021-11-15,18121.65,0.8894026637441794,2021-11-12,0.9601843272970045,2021-11-12,0.89340891538601,2021-11-12,0.3005682895043742,2021-11-12,0.04061817343220234,2021-11-12,1.7996568546407767,2021-11-12,0.8139732040007578,False,True,11.907223033330547,13.375255069870507,-1.4680320365399595,-0.33764825160363415,NEUTRAL
2021-11-16,18023.35,-0.14809013236292295,2021-11-15,-0.21374540448886103,2021-11-15,0.3721080109129881,2021-11-15,0.2328510036108171,2021-11-15,0.39019625415106607,2021-11-15,1.2279571447756252,2021-11-15,0.3102128127664521,False,True,15.379278298687037,13.009591706779267,2.3696865919077705,-0.28120757289163417,NEUTRAL
2021-11-17,17923.45,0.4199218759112413,2021-11-16,0.7014398236486337,2021-11-16,-0.024991781115956308,2021-11-16,1.0272564569047644,2021-11-16,0.7396522234942171,2021-11-16,0.01199195696187854,2021-11-16,0.47921175930079646,False,True,15.765285790321743,13.120186576058385,2.6450992142633574,-0.27677107534600953,NEUTRAL
2021-11-18,17820.0,-0.4908829499161589,2021-11-17,-0.5024355337901312,2021-11-17,-0.4871954036155687,2021-11-17,-0.1946139993907669,2021-11-17,-0.023360727944865437,2021-11-17,-1.154861156271538,2021-11-17,-0.4755582951548383,False,True,14.500353823068046,12.953210241745502,1.547143581322544,-0.2927651213135923,NEUTRAL
2021-11-22,17379.95,-0.31087312277493134,2021-11-19,0.3314102064714242,2021-11-19,0.33016969997799045,2021-11-19,-0.9053520081630573,2021-11-19,-0.5459388161625393,2021-11-19,0.9593654563511563,2021-11-19,-0.02353643071665947,False,True,68.3131923427349,13.096246219689517,55.216946123045375,0.6785224565477096,NEUTRAL
2021-11-23,17517.05,-0.5820450963240633,2021-11-22,-1.5794188829955353,2021-11-22,-0.02521451524322628,2021-11-22,-0.32543089594922336,2021-11-22,-0.39362647675200135,2021-11-22,1.6065044279883858,2021-11-22,-0.2165385732126106,False,True,18.53725753211385,14.710107460197616,3.8271500719162326,-0.23556870510781766,NEUTRAL
2021-11-24,17475.4,0.14553990986533008,2021-11-23,-0.6614673972102927,2021-11-23,-0.02521451524322628,2021-11-22,-0.982587716386023,2021-11-23,-1.4448593213034457,2021-11-23,-0.531242767767231,2021-11-23,-0.5833053013408148,False,True,16.10060233663866,14.905477858700314,1.1951244779383448,-0.2813088932442911,NEUTRAL
2021-11-25,17558.75,0.24478193469467935,2021-11-24,0.4386100014274102,2021-11-24,-1.5363119123235234,2021-11-24,0.16819635033969235,2021-11-24,-0.47800033398335273,2021-11-24,-0.032012162847908844,2021-11-24,-0.19912268711550052,False,True,16.603109558817476,14.466881852172683,2.1362277066447923,-0.26447300177743777,NEUTRAL
2021-11-26,17099.4,0.24478193469467935,2021-11-24,0.4386100014274102,2021-11-24,0.5058124625565957,2021-11-25,0.22306076858648086,2021-11-25,0.30070542951639273,2021-11-25,-0.4326467409995715,2021-11-25,0.2133873092969979,False,True,282.1527845780092,14.863964936377691,267.2888196416315,4.361078621895676,HIGH_VOL_STATE
2021-11-29,17093.45,-3.3995129927548917,2021-11-26,-2.6089108592771093,2021-11-26,-2.335410728516708,2021-11-26,-2.227417055428786,2021-11-26,-5.202414722392584,2021-11-26,-1.5500280835371996,2021-11-26,-2.8872824069845464,False,True,18.945874092984266,16.748372414427436,2.1975016785568293,-0.28340660985702754,NEUTRAL
2021-11-30,17082.45,1.7183833087080653,2021-11-29,1.9980939086094045,2021-11-29,-1.42849570235697,2021-11-29,-0.6996261522336726,2021-11-29,0.21574560436385068,2021-11-29,-0.8940957391464756,2021-11-29,0.15166753799070046,False,True,22.147777308480553,16.52056396125977,5.627213347220781,-0.23108406873485696,NEUTRAL
2021-12-01,17174.0,-2.524633280751021,2021-11-30,-1.6748390752226239,2021-11-30,-1.3823865686180978,2021-11-30,-1.1940166961790435,2021-11-30,-1.1710153043963873,2021-11-30,-2.4893428482948643,2021-11-30,-1.7393722955770061,False,True,22.116072885722378,15.276053455718571,6.840019430003807,-0.21311235283294885,NEUTRAL
2021-12-02,17369.15,-1.4787169391694854,2021-12-01,-1.8851316304025727,2021-12-01,0.36545222714542974,2021-12-01,0.7719012630798346,2021-12-01,2.6393766918720387,2021-12-01,2.498686480839857,2021-12-01,0.4852613488941837,False,True,19.733447279176403,16.06349381272217,3.6699534664542313,-0.26176596955123166,NEUTRAL
2021-12-03,17243.55,1.7249260333589247,2021-12-02,0.8345115326599755,2021-12-02,-0.5184845905877656,2021-12-02,0.572352836455072,2021-12-02,-1.344438339586039,2021-12-02,1.7697851389131762,2021-12-02,0.5064421018688906,False,True,33.57787822612912,17.047180230581613,16.53069799554751,-0.06588214282426684,NEUTRAL
2021-12-06,16961.9,-1.0345545910703804,2021-12-03,-1.9149273459931495,2021-12-03,0.9105547221611995,2021-12-03,0.03305832939188176,2021-12-03,-0.5679230111223883,2021-12-03,0.9045614285718518,2021-12-03,-0.27820507801016414,False,True,16.229887144665362,17.288271816394992,-1.0583846717296304,-0.32264359981492274,NEUTRAL
2021-12-07,17212.45,1.3602059471829102,2021-12-06,0.9001846315000919,2021-12-06,-0.23964623061383492,2021-12-06,-1.3103186438211314,2021-12-06,1.407282007231726,2021-12-06,0.2869202034791618,2021-12-06,0.4007713191598206,False,True,21.41363021547299,17.545070281055843,3.8685599344171457,-0.24610832067527913,NEUTRAL
2021-12-08,17456.85,2.3632762958535705,2021-12-07,2.890538251617767,2021-12-07,1.739212425482533,2021-12-07,2.3562365869793163,2021-12-07,2.7590258426576586,2021-12-07,0.74107802296203,2021-12-07,2.141561237592146,False,True,18.388524658519295,18.86601591229725,-0.47749125377795565,-0.31212022852014537,NEUTRAL
2021-12-09,17492.8,0.2522705902788828,2021-12-08,0.5109185260380995,2021-12-08,1.2928956413414752,2021-12-08,0.15624779276492523,2021-12-08,-0.7469855052628089,2021-12-08,0.43648947831340446,2021-12-08,0.3169727539123297,False,True,16.92942538081977,20.172608755508232,-3.2431833746884635,-0.3530179802931849,NEUTRAL
2021-12-10,17486.95,-0.9182439456773617,2021-12-09,-1.6118485995186753,2021-12-09,-0.3459365331563315,2021-12-09,0.9385081932504412,2021-12-09,-0.2905010489938986,2021-12-09,1.0072305787368785,2021-12-09,-0.20346522589315794,False,True,0.00010000000000000002,20.070800160050048,-20.07070016005005,-0.6081251693652092,NEUTRAL
2021-12-13,17385.05,0.9926637022803617,2021-12-10,0.6042762635458462,2021-12-10,-0.7789930539599514,2021-12-10,-0.7625994458279268,2021-12-10,-0.09721983299887252,2021-12-10,-0.6029878633349949,2021-12-10,-0.10747670504925631,False,True,13.870305396415716,19.36353520157669,-5.493229805160972,-0.36119687178487603,NEUTRAL
2021-12-14,17304.7,-1.120429652791503,2021-12-13,-1.2717149176409401,2021-12-13,0.6948616159128637,2021-12-13,-0.0463995326780793,2021-12-13,-0.02783830301953885,2021-12-13,-0.22869291395683286,2021-12-13,-0.3333689506956717,False,True,19.145838685979257,19.486547923483414,-0.34070923750415716,-0.2660044387571405,NEUTRAL
2021-12-15,17257.25,-0.9344872128884809,2021-12-14,-1.0361312381033019,2021-12-14,-0.5243908056725788,2021-12-14,-1.005243492458193,2021-12-14,-1.0869285449065542,2021-12-14,-0.39615560189196486,2021-12-14,-0.830556149320179,False,True,19.315555138988742,19.428107674523954,-0.11255253553521172,-0.2609620050120005,NEUTRAL
2021-12-16,17233.3,1.752643228449519,2021-12-15,1.8675952364876267,2021-12-15,0.17436342625545978,2021-12-15,-0.6758518973521294,2021-12-15,0.12593743599961052,2021-12-15,0.1322732090815105,2021-12-15,0.5628267731535995,False,True,21.216119200312605,19.438815308938803,1.7773038913738013,-0.226402790283556,NEUTRAL
2021-12-17,16988.8,-1.1291809419073948,2021-12-16,-2.236096627489172,2021-12-16,1.8909306483242674,2021-12-16,0.25911538078436214,2021-12-16,1.002055555893,2021-12-16,0.6613307666069591,2021-12-16,0.07469246370200357,False,True,63.36484650395793,19.35808630900481,44.00676019495312,0.5251192783757174,NEUTRAL
2021-12-20,16575.05,-1.2639525914205314,2021-12-17,-0.0917890909945928,2021-12-17,-1.4186885926079102,2021-12-17,-0.9271978952634431,2021-12-17,-0.6529432954808214,2021-12-17,0.4442585260296257,2021-12-17,-0.6517188232896122,False,True,16.39577772489535,18.846624903164315,-2.4508471782689654,-0.3167171761624696,NEUTRAL
2021-12-21,16790.2,-1.3454228725283581,2021-12-20,-1.0687346002353484,2021-12-20,-1.717327684572188,2021-12-20,-1.6521237723127098,2021-12-20,-1.8271716012118102,2021-12-20,-1.7728172788598924,2021-12-20,-1.5639329682867178,False,True,21.877316649436935,20.094895262564343,1.782421386872592,-0.2372755554689644,NEUTRAL
2021-12-22,16938.75,1.9042549555425048,2021-12-21,2.0138589098507467,2021-12-21,1.7641110665215607,2021-12-21,0.945792573621738,2021-12-21,1.3156944373730295,2021-12-21,0.48474675425611374,2021-12-21,1.4047431161942818,False,True,21.654303216045562,20.541175532211827,1.113127683833735,-0.24819790229145156,NEUTRAL
2021-12-23,17060.95,1.0027134836536131,2021-12-22,0.9177832563084236,2021-12-22,0.20122713835908743,2021-12-22,0.582605120531948,2021-12-22,0.8836182220620112,2021-12-22,0.38883569894834263,2021-12-22,0.662797153310571,False,True,17.16421578723257,20.83641686341754,-3.672201076184969,-0.331330997550494,NEUTRAL
2021-12-24,17008.7,0.5456081421590209,2021-12-23,0.6200963403232461,2021-12-23,0.7441125371504983,2021-12-23,0.40648836649273856,2021-12-23,0.9736670843329639,2021-12-23,0.5268668446565623,2021-12-23,0.636139885852505,False,True,0.00010000000000000002,18.16585542626038,-18.16575542626038,-0.6987667078995212,NEUTRAL
2021-12-27,17093.8,0.5456081421590209,2021-12-23,0.6200963403232461,2021-12-23,0.012958583808151163,2021-12-24,0.16982843483135657,2021-12-24,0.9736670843329639,2021-12-23,0.5211075435637922,2021-12-24,0.4738776881697551,False,True,15.005573333294242,18.22082615361561,-3.2152528203213695,-0.31235382806043643,NEUTRAL
2021-12-28,17201.95,1.3788607400111612,2021-12-27,1.063869411041226,2021-12-27,-0.275830994216936,2021-12-27,0.16982843483135657,2021-12-24,0.4230233618715157,2021-12-27,-0.4069351980139604,2021-12-27,0.3921359592540605,False,True,18.256821950829227,18.235164323090167,0.021657627739060104,-0.22731205132468807,NEUTRAL
2021-12-29,17246.25,-0.3138753930269176,2021-12-28,-0.6106462764440851,2021-12-28,1.1673194679443248,2021-12-28,0.2884532667797729,2021-12-28,0.7028324180990849,2021-12-28,0.7237866104088916,2021-12-28,0.32631168229351193,False,True,15.376299390637953,18.074958743895017,-2.6986593532570637,-0.2927065941504335,NEUTRAL
2021-12-30,17204.05,-0.02295406696286651,2021-12-29,-0.20029545824662914,2021-12-29,-0.4931474311916691,2021-12-29,-0.6570834656324797,2021-12-29,-0.7720458643841596,2021-12-29,-0.9150224586752733,2021-12-29,-0.5100914575155129,False,True,14.931874588260108,17.325916117764802,-2.394041529504694,-0.28091879976006906,NEUTRAL
2021-12-31,17362.35,-0.555292018975962,2021-12-30,-0.28661660407712525,2021-12-30,-0.3681631755331859,2021-12-30,0.1833354931981789,2021-12-30,0.1249886151926163,2021-12-30,-0.5691679901709543,2021-12-30,-0.2451526133944054,False,True,121.42333934061949,16.77803481139149,104.645304529228,2.40000210226322,HIGH_VOL_STATE
2022-01-03,17611.1,-0.4907064393953313,2021-12-31,-0.6667986698764546,2021-12-31,-0.3681631755331859,2021-12-30,1.1759579370904458,2021-12-31,0.1249886151926163,2021-12-30,-0.5691679901709543,2021-12-30,-0.13231495378214397,False,True,13.719430509712488,15.767656516573778,-2.04822600686129,-0.3033028874577093,NEUTRAL
2022-01-04,17787.2,0.5613700556679607,2022-01-03,0.9280872842864419,2022-01-03,-0.3681631755331859,2021-12-30,-0.43280108785012444,2022-01-03,0.7380798583128163,2022-01-03,-0.5691679901709543,2021-12-30,0.14290082411882574,False,True,16.782909458226868,15.769781920426752,1.0131275378001163,-0.22710723018973164,NEUTRAL
2022-01-05,17893.05,-0.2436888938583531,2022-01-04,-1.268945590274213,2022-01-04,1.5006688143087494,2022-01-04,0.09663222888931636,2022-01-04,0.7381543265920936,2022-01-04,0.37233959940590494,2022-01-04,0.1991934141772497,False,True,14.241353650397892,14.99404616214968,-0.7526925117517873,-0.268269121534986,NEUTRAL
2022-01-06,17758.15,-2.418665489673651,2022-01-05,-2.9757212467101097,2022-01-05,-0.006018940923786517,2022-01-05,-1.4966765470673224,2022-01-05,0.6316450591347558,2022-01-05,-1.3309178798966397,2022-01-05,-1.2660591741894587,False,True,13.907326864990155,15.128128563249582,-1.220801698259427,-0.2765268776272001,NEUTRAL
2022-01-07,17767.6,-0.2507197391308937,2022-01-06,-0.16448541678007583,2022-01-06,-2.5967204283987795,2022-01-06,0.8108549336556459,2022-01-06,-1.4637658830878661,2022-01-06,-1.2400043254821485,2022-01-06,-0.8174734765373529,False,True,0.00010000000000000002,15.67097835723231,-15.67087835723231,-0.6273614727337254,NEUTRAL
2022-01-10,17995.5,-0.5973805955420194,2022-01-07,-0.834238968215116,2022-01-07,-0.05472918436358849,2022-01-07,1.9318590054802554,2022-01-07,-0.7370822929021518,2022-01-07,1.2855679970967007,2022-01-07,0.16566599359234674,False,True,15.02098175227582,15.319122273918534,-0.2981405216427149,-0.25180109974704756,NEUTRAL
2022-01-11,18032.7,-0.292900730924884,2022-01-10,-0.001959383880817404,2022-01-10,-0.05472918436358849,2022-01-07,1.1302261626463246,2022-01-10,-1.1798972999846262,2022-01-10,-1.0535698204507853,2022-01-10,-0.24213837615972947,False,True,16.97067677980877,15.60348618173602,1.3671905980727495,-0.21064626047002133,NEUTRAL
2022-01-12,18209.0,0.9439477185083152,2022-01-11,1.12988766991264,2022-01-11,-0.7659489984629319,2022-01-11,0.0688797069736839,2022-01-11,1.0438729020749988,2022-01-11,0.05928726583247365,2022-01-11,0.4133210441398633,False,True,16.881067374077535,15.294718061253329,1.5863493128242059,-0.20460063097867734,NEUTRAL
2022-01-13,18217.8,0.2164244341120391,2022-01-12,0.1568342065520618,2022-01-12,1.6243853266608195,2022-01-12,2.823041054687072,2022-01-12,0.37854292373204623,2022-01-12,1.7752398817158048,2022-01-12,1.1624113045766407,False,True,15.79491709958295,15.449773625655833,0.3451434739271164,-0.23351363011576465,NEUTRAL
2022-01-14,18259.05,-1.7244063501896885,2022-01-13,-2.052808188656343,2022-01-13,-0.8336377433076059,2022-01-13,0.18549777147972973,2022-01-13,0.06965709316633173,2022-01-13,-0.3653344335287236,2022-01-13,-0.7868386418393833,False,True,146.1614596893848,13.79030396500363,132.37115572438117,2.9205229116682974,HIGH_VOL_STATE
2022-01-17,18307.75,0.030597989956978332,2022-01-14,0.4821557966428294,2022-01-14,-1.0718870936022427,2022-01-14,-0.07857930159529894,2022-01-14,-0.9671210160631964,2022-01-14,-1.451620699222319,2022-01-14,-0.5094090539805416,False,True,13.282188769069275,9.82352860449204,3.4586601645772355,-0.20136476479915347,NEUTRAL
2022-01-18,18141.0,0.030597989956978332,2022-01-14,0.4821557966428294,2022-01-14,0.6682738880500639,2022-01-17,-0.5439531497690582,2022-01-17,0.2673025993842998,2022-01-17,-1.126245132948779,2022-01-17,-0.03697800144727761,False,True,15.055937683400117,9.698244858970943,5.357692824429174,-0.15738880241891573,NEUTRAL
2022-01-19,17935.45,-2.1106757373731075,2022-01-18,-2.018836366327728,2022-01-18,-0.19833629211707984,2022-01-18,-0.2965343810655463,2022-01-18,-1.0387571611889328,2022-01-18,-0.8909458237171856,2022-01-18,-1.0923476269649302,False,True,18.133570356416072,10.848688941248016,7.284881415168057,-0.11369743591111262,NEUTRAL
2022-01-20,17720.45,-1.060923044737593,2022-01-19,-0.8179285594444899,2022-01-19,-2.3153063179674653,2022-01-19,0.1803735343543431,2022-01-19,0.19919420234064972,2022-01-19,-0.7338303894378138,2022-01-19,-0.7580700958153948,False,True,15.463012851139435,11.757881607568875,3.705131243570561,-0.2008535059993034,NEUTRAL
2022-01-21,17502.25,-1.1799799577912724,2022-01-20,-0.9250173459099715,2022-01-20,0.9777414160487272,2022-01-20,3.343336388867459,2022-01-20,0.6015612980348488,2022-01-20,0.8646547132539292,2022-01-20,0.6137160854172866,False,True,107.79414630479506,12.429686763140495,95.36445954165457,1.8559126710762277,HIGH_VOL_STATE
2022-01-24,17092.75,-1.9760044981992972,2022-01-21,-1.9690104094954943,2022-01-21,-0.6974782877058402,2022-01-21,0.08026641387263878,2022-01-21,-1.9062393033984277,2022-01-21,-0.9494516742352781,2022-01-21,-1.2363196265269498,False,True,15.970396503873296,12.920317577147436,3.0500789267258597,-0.2410070142084936,NEUTRAL
2022-01-25,17251.75,0.3473749266469365,2022-01-24,0.5749231937921254,2022-01-24,0.2510662277791563,2022-01-24,-1.0618233653774232,2022-01-24,-3.585174612678616,2022-01-24,-1.4739623571186047,2022-01-24,-0.8245993311594043,False,True,24.89306358181312,16.20054748710559,8.692516094707528,-0.11630515575288228,NEUTRAL
2022-01-27,17097.05,-0.06670340504053285,2022-01-26,0.16721623196945962,2022-01-26,-0.2725287143979556,2022-01-26,0.21243831204991478,2022-01-26,1.9413329837975046,2022-01-26,-0.26907580671044756,2022-01-26,0.2854466002779905,False,True,20.10518026866096,16.435671535739782,3.6695087329211766,-0.22697578941093816,NEUTRAL
2022-01-28,17146.25,-0.45995849699189256,2022-01-27,-0.8569791349633518,2022-01-27,-2.4539856120634824,2022-01-27,-1.6762015095733518,2022-01-27,0.37372067031662354,2022-01-27,-3.3586122936292,2022-01-27,-1.4053360628174427,False,True,0.00010000000000000002,16.831785423231366,-16.831685423231367,-0.6700620191560803,NEUTRAL
2022-01-31,17389.65,2.601985223159094,2022-01-28,2.440436691076283,2022-01-28,1.7564851876272456,2022-01-28,-0.8472052404664268,2022-01-28,-1.0723014687832024,2022-01-28,1.9612825081391858,2022-01-28,1.1401138167920297,False,True,26.627354822425996,16.475937107908543,10.151417714517454,-0.03083757630846868,NEUTRAL
2022-02-01,17553.0,1.9049090706910197,2022-01-31,2.490975455636631,2022-01-31,0.9074188386744675,2022-01-31,0.9943493164300942,2022-01-31,0.8726333569764163,2022-01-31,1.9612825081391858,2022-01-28,1.5219280910913024,False,True,37.61598454213178,16.24408938013084,21.371895162000936,0.22745002127090963,NEUTRAL
2022-02-02,17768.4,0.6959935153090208,2022-02-01,0.5996310560781968,2022-02-01,0.3398224795553521,2022-02-01,0.9943493164300942,2022-01-31,0.8310143036728753,2022-02-01,1.9612825081391858,2022-01-28,0.9036821965307875,False,True,25.737779211069377,16.61916719454125,9.118612016528125,-0.06710642452531423,NEUTRAL
2022-02-03,17595.1,0.9323379587644927,2022-02-02,0.437874410516795,2022-02-02,1.431535091181628,2022-02-02,0.9943493164300942,2022-01-31,0.001962402877211844,2022-02-02,1.9612825081391858,2022-01-28,0.9598902813182346,False,True,17.25629948105194,17.00629989057069,0.24999959048124865,-0.27855051611969184,NEUTRAL
2022-02-04,17500.7,-2.2636671465778604,2022-02-03,-2.3601978841938855,2022-02-03,-0.7310998020248667,2022-02-03,0.9943493164300942,2022-01-31,-1.254776591301778,2022-02-03,1.6878772312392,2022-02-03,-0.6545858127381827,False,True,0.00010000000000000002,17.213569458416465,-17.213469458416466,-0.6857530438470097,NEUTRAL
2022-02-07,17189.5,0.5339164303396937,2022-02-04,1.1374599311150793,2022-02-04,0.6680138236947828,2022-02-04,2.796071939536838,2022-02-04,-1.3623806584932179,2022-02-04,1.5381117237517896,2022-02-04,0.8851988649908277,False,True,15.982716784651451,17.147489032971926,-1.1647722483204745,-0.30191087296117236,NEUTRAL
2022-02-08,17251.5,-0.2787965495030789,2022-02-07,-0.2485903043264596,2022-02-07,-0.45184565583648134,2022-02-07,0.02439385581767973,2022-02-07,0.640785123427509,2022-02-07,-0.059497035824928414,2022-02-07,-0.0622584277076266,False,True,21.594896904349316,17.537546733939095,4.057350170410221,-0.17848154241357797,NEUTRAL
2022-02-09,17459.0,0.8083905446757997,2022-02-08,0.9084381538738148,2022-02-08,0.18788646182969845,2022-02-08,-0.8039424171312611,2022-02-08,0.2543482334019635,2022-02-08,0.14958558077886785,2022-02-08,0.2507844262381473,False,True,19.183969568553632,17.54491478861929,1.639054779934341,-0.24201313590604212,NEUTRAL
2022-02-10,17614.55,1.342656860374367,2022-02-09,1.402146960795767,2022-02-09,0.9160871026570024,2022-02-09,1.6646322043678923,2022-02-09,1.3126364640435753,2022-02-09,0.819388948404266,2022-02-09,1.2429247567738118,False,True,16.56922803218655,17.810878062573835,-1.2416500303872837,-0.3105666550845328,NEUTRAL
2022-02-11,17362.9,-1.5870947183128497,2022-02-10,-1.2152378331606288,2022-02-10,0.39544191115572674,2022-02-10,0.3123387110224411,2022-02-10,0.09127357513198868,2022-02-10,0.17476325101243614,2022-02-10,-0.30475251719181423,False,True,0.00010000000000000002,18.132093258050396,-18.131993258050397,-0.7032638594556369,NEUTRAL
2022-02-14,16895.75,-1.602941191340697,2022-02-11,-1.5937864684854883,2022-02-11,0.39544191115572674,2022-02-10,-0.04078732375542009,2022-02-11,-0.27473542746848234,2022-02-11,-0.6936944991585453,2022-02-11,-0.6350838331754844,False,True,16.572036843540754,18.571601430764172,-1.9995645872234178,-0.31746095311055794,NEUTRAL
2022-02-15,17316.5,-0.2459210669750626,2022-02-14,0.1375601628480512,2022-02-14,-1.6480358515071554,2022-02-14,-1.0793748005804888,2022-02-14,-1.5197903954316339,2022-02-14,-1.2894557413198457,2022-02-14,-0.9408362821610226,False,True,29.13701771204762,21.046537084390256,8.090480627657364,-0.08143249725225908,NEUTRAL
2022-02-16,17348.5,1.4316827815417017,2022-02-15,1.6530416615115315,2022-02-15,-0.48880235849542464,2022-02-15,-0.5850472297066718,2022-02-15,1.605054091999192,2022-02-15,-0.767297909890209,2022-02-15,0.47477183949335333,False,True,23.511446578446176,24.334041706453256,-0.8225951280070802,-0.2727689018666738,NEUTRAL
2022-02-17,17322.35,0.13962335566502324,2022-02-16,0.047026242980474454,2022-02-16,1.808800052569915,2022-02-16,1.2221357297800737,2022-02-16,-0.02848425411970069,2022-02-16,1.9090355943666564,2022-02-16,0.849689453540407,False,True,21.98788074370393,24.162711322130992,-2.1748305784270627,-0.30254239149528583,NEUTRAL
2022-02-18,17275.45,-1.7187214641975435,2022-02-17,-1.578971759273789,2022-02-17,-0.5238862110649163,2022-02-17,0.25639417457921426,2022-02-17,-0.57812500901283,2022-02-17,0.5659817196436416,2022-02-17,-0.5962214248877039,False,True,22.405270148729972,23.946948637421258,-1.5416784886912858,-0.2862825434756659,NEUTRAL
2022-02-21,17229.0,-0.503198698283709,2022-02-18,-0.5797746787890539,2022-02-18,-0.20473982834708968,2022-02-18,-1.4545110260907588,2022-02-18,-1.066825770460146,2022-02-18,0.11001396029925478,2022-02-18,-0.6165060069452504,False,True,20.727309602246493,23.81266223208836,-3.085352629841868,-0.3209071773662239,NEUTRAL
2022-02-22,17112.95,-0.503198698283709,2022-02-18,-0.5797746787890539,2022-02-18,-0.46901994340333275,2022-02-21,-0.4706263164678864,2022-02-21,-1.4894847467431227,2022-02-21,0.08571748829948617,2022-02-21,-0.5710644825646031,False,True,23.224221465314976,21.738621899137677,1.4855995661772994,-0.17618139402880004,NEUTRAL
2022-02-23,17146.35,-0.7344177132289346,2022-02-22,-0.5711736718423432,2022-02-22,-1.1484898084164605,2022-02-22,-2.052323345425459,2022-02-22,-0.102176488131489,2022-02-22,-1.0521531927801668,2022-02-22,-0.9434557033041421,False,True,26.029744377364985,21.68944014792931,4.340304229435674,-0.06689979162744397,NEUTRAL
2022-02-24,16320.7,-1.3903472446101064,2022-02-23,-1.3267252931227482,2022-02-23,-1.1484898084164605,2022-02-22,0.49749749253507647,2022-02-23,-0.29116716913520074,2022-02-23,0.5515711929061038,2022-02-23,-0.5179434716405559,False,True,23.818974897199794,21.406384709541605,2.4125901876581892,-0.13955831245613826,NEUTRAL
2022-02-25,16672.75,1.3426664585960477,2022-02-24,2.0739230105011597,2022-02-24,-1.2157378782580384,2022-02-24,-2.3349558732002094,2022-02-24,-3.1097012537114503,2022-02-24,-2.12380412479577,2022-02-24,-0.8946016101447102,False,True,87.59926007384544,27.578376704249415,60.02088336959603,2.058784890134124,HIGH_VOL_STATE
2022-02-28,16736.3,1.9458291169564386,2022-02-25,1.0580689081845562,2022-02-25,1.5715322906737383,2022-02-25,-0.37538399381878074,2022-02-25,2.81344040114485,2022-02-25,1.042401182290222,2022-02-25,1.3426479842385042,False,True,27.60033331982964,28.80911801051872,-1.208784690689079,-0.30014594980315157,NEUTRAL
2022-03-02,16532.1,-1.2286823202885726,2022-03-01,-0.8056502991359691,2022-03-01,0.9622399661186262,2022-03-01,0.19333885626801728,2022-03-01,-2.724262825594332,2022-03-01,0.8255773870088959,2022-02-28,-0.46290653927055575,False,True,36.002788156706124,28.457450059579735,7.54533809712639,0.033226617610593916,NEUTRAL
2022-03-03,16500.5,1.6018630335863029,2022-03-02,1.019090302729746,2022-03-02,-1.2159891995557732,2022-03-02,-1.325030025247759,2022-03-02,0.5598117966118598,2022-03-02,0.23314088573300695,2022-03-02,0.14548113230956392,False,True,43.08069817661071,28.117031665079818,14.963666511530892,0.301510970213675,NEUTRAL
2022-03-04,16277.55,-0.38283402245092774,2022-03-03,-0.7939046376424665,2022-03-03,0.5774666286551832,2022-03-03,0.47613417429278393,2022-03-03,-1.381340914007677,2022-03-03,1.4576649780595423,2022-03-03,-0.007802298848926951,False,True,0.00010000000000000002,27.937010156055408,-27.936910156055408,-1.286422645097891,LOW_VOL_STATE
2022-03-07,15838.1,-0.5796017263072565,2022-03-04,-0.8259104893083099,2022-03-04,-1.5925393033014734,2022-03-04,-1.7735433509056182,2022-03-04,-2.9349378310904553,2022-03-04,-0.9998071628361338,2022-03-04,-1.451056643958208,False,True,28.753324097493294,28.284312426799822,0.4690116706934724,-0.21988201278742278,NEUTRAL
2022-03-08,16008.45,-2.344062034001267,2022-03-07,-1.924059240319481,2022-03-07,-2.0466747372732494,2022-03-07,-2.7305966151864225,2022-03-07,-1.1145407065806128,2022-03-07,-1.9109887891371748,2022-03-07,-2.0118203537497013,False,True,38.160058320870526,28.78789709785272,9.372161223017805,0.1017638508815897,NEUTRAL
2022-03-09,16372.1,-0.43222870349950254,2022-03-08,0.029494849803061343,2022-03-08,-1.0843493485318232,2022-03-08,-0.8327560879018481,2022-03-08,0.19041100451706414,2022-03-08,-0.7855919663438561,2022-03-08,-0.48583670865948414,False,True,37.217170596461955,29.104438145661742,8.112732450800213,0.03837486033516835,NEUTRAL
2022-03-10,16562.55,2.184899485596811,2022-03-09,2.179879018052646,2022-03-09,-0.0540893193648735,2022-03-09,-0.3053342098500476,2022-03-09,5.35846469372497,2022-03-09,-0.7855919663438561,2022-03-08,1.4297046169692749,False,True,35.06133563376236,29.970670297682762,5.090665336079599,-0.08098188643705649,NEUTRAL
2022-03-11,16621.3,-0.21276617579179952,2022-03-10,-0.37213806582576253,2022-03-10,2.992858012424626,2022-03-10,1.083965770648858,2022-03-10,-1.4696443035639235,2022-03-10,2.074907857132208,2022-03-10,0.682863849170701,False,True,121.28572379087173,30.46050086492253,90.82522292594919,3.069182772014239,HIGH_VOL_STATE
2022-03-14,16875.1,-0.8883278555826254,2022-03-11,-1.0425612144062752,2022-03-11,-1.2539549007114517,2022-03-11,-0.9764546074334495,2022-03-11,0.8415719767303695,2022-03-11,-0.4458949033054842,2022-03-11,-0.6276035841181528,False,True,26.79103304282313,30.251923733771513,-3.460890690948382,-0.4230150001370595,NEUTRAL
2022-03-15,16698.15,-0.45168891491652846,2022-03-14,-0.9534607582231086,2022-03-14,0.5078089241163515,2022-03-14,-3.2956930345085236,2022-03-14,1.2579756165680314,2022-03-14,-0.3286611370078495,2022-03-14,-0.5439532173286045,False,True,33.26903417692256,28.726307399218292,4.542726777704267,-0.1459757622560648,NEUTRAL
2022-03-16,16936.85,1.8189694902969906,2022-03-15,1.760587489476956,2022-03-15,0.2295773020122068,2022-03-15,-3.4832401673459117,2022-03-15,0.046335041658495155,2022-03-15,-0.5821564469388237,2022-03-15,-0.03498788180668116,False,True,36.254498800907086,26.606515542667324,9.647983258239762,0.0516921632219427,NEUTRAL
2022-03-17,17322.6,1.8112959356715788,2022-03-16,2.1410308391898645,2022-03-16,1.203336465363836,2022-03-16,5.562254239565743,2022-03-16,2.0367288870312996,2022-03-16,1.3928189383115586,2022-03-16,2.35791088418898,False,True,35.892766047852945,27.659313039315116,8.233453008537829,-0.004261815855017913,NEUTRAL
2022-03-21,17112.6,0.9013756532759755,2022-03-18,1.1229832245604745,2022-03-18,0.5005553474145019,2022-03-18,-0.13636021959122088,2022-03-18,0.13871782445985162,2022-03-18,0.5126094068244611,2022-03-18,0.5066468728240073,False,True,0.00010000000000000002,28.53617223230991,-28.53607223230991,-1.2829143534296417,LOW_VOL_STATE
2022-03-22,17287.75,0.011834650567459946,2022-03-21,-0.12976298469313502,2022-03-21,0.5005553474145019,2022-03-18,-0.35842857816399704,2022-03-21,-0.24678710665210707,2022-03-21,-0.5017640028692881,2022-03-21,-0.1207254457327609,False,True,30.353510626127765,28.759871009222216,1.5936396169055485,-0.2182103275238951,NEUTRAL
2022-03-23,17267.85,0.9084836340566803,2022-03-22,1.098657699242657,2022-03-22,1.0062516708900975,2022-03-22,1.429206603147507,2022-03-22,0.5915841933763891,2022-03-22,0.8726759603900622,2022-03-22,0.9844766268505655,False,True,27.056316911829605,29.038086492212077,-1.9817695803824726,-0.3439004122432918,NEUTRAL
2022-03-24,17230.0,-0.8678909535386534,2022-03-23,-0.5975620078259625,2022-03-23,1.9541600753459196,2022-03-23,0.5504017204821017,2022-03-23,-0.5997397290756393,2022-03-23,0.8881678012220858,2022-03-23,0.22125615110164198,False,True,25.8104663619106,28.96348726397878,-3.1530209020681816,-0.39559460707271016,NEUTRAL
2022-03-25,17117.0,1.1631155206534631,2022-03-24,1.096517194596208,2022-03-24,0.16908796579426327,2022-03-24,-0.3833791054787058,2022-03-24,0.049450461539013016,2022-03-24,-0.05816556781313367,2022-03-24,0.3394377448818513,False,True,0.00010000000000000002,28.959684116974397,-28.959584116974398,-1.284905638854297,LOW_VOL_STATE
2022-03-28,17209.9,0.44111039867183477,2022-03-25,-0.0004895343112071345,2022-03-25,0.09818252792457816,2022-03-25,-1.0324835982372356,2022-03-25,0.1931863263232156,2022-03-25,0.12101256168000228,2022-03-25,-0.02991355299146864,False,True,19.432105646138737,22.34493385479062,-2.9128282086518844,-0.3659318077004969,NEUTRAL
2022-03-29,17311.7,0.5903623920879272,2022-03-28,0.7477456166447168,2022-03-28,-0.4489670585361579,2022-03-28,0.6071319244198427,2022-03-28,0.4759310613862273,2022-03-28,0.10309302128880117,2022-03-28,0.3458828262152262,False,True,21.40013462096619,20.650527138452485,0.7496074825137029,-0.24122385709744706,NEUTRAL
2022-03-30,17504.9,0.9549564519368346,2022-03-29,1.0026895256626627,2022-03-29,0.7247152934406867,2022-03-29,0.5098470069194525,2022-03-29,1.5018440596834701,2022-03-29,0.4688963651192854,2022-03-29,0.8604914504603985,False,True,16.981053422395,20.57379257690924,-3.5927391545142413,-0.3909113330554093,NEUTRAL
2022-03-31,17446.9,-0.4344249252333675,2022-03-30,-0.5630604419505337,2022-03-30,-0.4961996990384277,2022-03-30,0.61606023025089,2022-03-30,-0.6615400676235496,2022-03-30,0.2932315297112263,2022-03-30,-0.2076555623139604,False,True,16.829397468067686,20.154231764664747,-3.3248342965970608,-0.3549069378020337,NEUTRAL
2022-04-01,17592.55,-1.1078282539777553,2022-03-31,-0.7056252295515186,2022-03-31,-0.43577322789658024,2022-03-31,-0.42469202206985135,2022-03-31,-0.5740816975526601,2022-03-31,0.4408827431577191,2022-03-31,-0.4678529479817744,False,True,207.9821581968786,19.924925120219513,188.0572330766591,6.858374357315035,HIGH_VOL_STATE
2022-04-04,18056.85,0.3101738524631348,2022-04-01,0.21387491460619049,2022-04-01,-0.3220679980835558,2022-04-01,0.11088660299157728,2022-04-01,0.18970423645556939,2022-04-01,-0.41285433542448485,2022-04-01,0.01495287883473855,False,True,14.637914738395486,18.836975931503964,-4.199061193108479,-0.37781673510939595,NEUTRAL
2022-04-05,18005.5,0.6330438932885206,2022-04-04,1.016922095058276,2022-04-04,0.1961774147944845,2022-04-04,0.9185800019795478,2022-04-04,0.32043612269019545,2022-04-04,0.6591546304957306,2022-04-04,0.6240523597177926,False,True,17.00396886164156,16.464000719470018,0.5399681421715421,-0.24229971910723044,NEUTRAL
2022-04-06,17785.95,-0.9019543629641616,2022-04-05,-1.1304692981532793,2022-04-05,0.1702917596266849,2022-04-05,0.9185800019795478,2022-04-04,-0.2641466908516938,2022-04-05,0.13786773449413367,2022-04-05,-0.17830514264479472,False,True,16.67346726103195,17.010054588888462,-0.33658732785651324,-0.26791636203409813,NEUTRAL
2022-04-07,17645.4,-0.6783359083120264,2022-04-06,-1.0896273315329894,2022-04-06,-0.9608617533509186,2022-04-06,-0.7919217653235942,2022-04-06,-0.8744112953359288,2022-04-06,-0.617877543826837,2022-04-06,-0.835505932947049,False,True,16.589377602860793,16.804042639191263,-0.2146650363304694,-0.27266489431185886,NEUTRAL
2022-04-08,17814.0,0.3539960704375029,2022-04-07,0.08173602037696254,2022-04-07,-1.068646039807588,2022-04-07,-0.4986977828761531,2022-04-07,-0.16650571633672231,2022-04-07,-1.0837670279436662,2022-04-07,-0.396980746024944,False,True,0.00010000000000000002,17.0104204870495,-17.0103204870495,-0.7483443961663846,NEUTRAL
2022-04-11,17694.05,-0.14446205185731917,2022-04-08,-0.6115872859802259,2022-04-08,0.28912488664514435,2022-04-08,0.16307457582249155,2022-04-08,0.8264051070769814,2022-04-08,0.2421055168724227,2022-04-08,0.1274434580965825,False,True,15.039849924272431,17.097252290251973,-2.0574023659795415,-0.314877096527898,NEUTRAL
2022-04-12,17567.85,-1.1800378947741894,2022-04-11,-1.018330968293924,2022-04-11,-0.3546771690501483,2022-04-11,-1.2384980856097998,2022-04-11,-0.23804755762861046,2022-04-11,-0.10563421092783185,2022-04-11,-0.6892043143807506,False,True,17.250220918479762,16.907497111376355,0.34272380710340755,-0.24537129288813145,NEUTRAL
2022-04-13,17499.2,-0.1901026090295633,2022-04-12,-0.07838149087943647,2022-04-12,-1.125772170035169,2022-04-12,0.28543670901321627,2022-04-12,-0.15148589761641326,2022-04-12,-0.7062884453159605,2022-04-12,-0.3277656506438877,False,True,15.881905829742426,16.45756267226648,-0.5756568425240545,-0.2712556334265082,NEUTRAL
2022-04-18,17174.05,-0.8647021614129271,2022-04-14,-1.0415141852334588,2022-04-14,-0.14971941645667994,2022-04-15,0.36738585533474016,2022-04-14,0.3952705348594235,2022-04-14,-0.5144356170926169,2022-04-15,-0.30128583166691986,False,True,351.62137537452435,15.36803267142403,336.2533427031003,10.43010173265247,HIGH_VOL_STATE
2022-04-19,17134.2,0.016682650873329354,2022-04-18,-0.020402186216540354,2022-04-18,-0.6611290651996673,2022-04-18,0.36738585533474016,2022-04-14,0.3952705348594235,2022-04-14,0.017548407020919067,2022-04-18,0.019226032778700733,False,True,19.802325183140834,15.399084806550354,4.40324037659048,-0.15058197468766138,NEUTRAL
2022-04-20,17104.2,1.2033986698704422,2022-04-19,1.125574534312413,2022-04-19,0.4764199361870201,2022-04-19,-0.8870758888346808,2022-04-19,0.050135109874579045,2022-04-19,0.8886397787600262,2022-04-19,0.47618202336163334,False,True,23.618171524364364,15.663284208945576,7.954887315418787,-0.08322216037653202,NEUTRAL
2022-04-21,17407.05,-0.07041229420796126,2022-04-20,-0.6196225266878289,2022-04-20,0.5956001149771979,2022-04-20,-0.07877562303998077,2022-04-20,0.809648227880161,2022-04-20,0.060217419367366104,2022-04-20,0.11610921971482568,False,True,17.555867144931675,15.552822510462052,2.0030446344696227,-0.19580400197568743,NEUTRAL
2022-04-22,17170.3,-1.1144056254151553,2022-04-21,-1.030094030862462,2022-04-21,0.8204986644067264,2022-04-21,-0.4396344573717425,2022-04-21,0.5299257870969849,2022-04-21,0.3484554914928383,2022-04-21,-0.1475423617754684,False,True,0.00010000000000000002,16.458370341888457,-16.458270341888458,-0.5437606342650074,NEUTRAL
2022-04-25,16953.3,-2.0674861481510214,2022-04-22,-1.2746999599228446,2022-04-22,-1.0765827666529786,2022-04-22,0.007420383226644614,2022-04-22,-1.2475130915206452,2022-04-22,-0.6601642954037517,2022-04-22,-1.053170979737433,False,True,16.609100400794848,17.14044839884153,-0.5313479980466838,-0.21196346655038092,NEUTRAL
2022-04-26,17123.15,0.42161987345562235,2022-04-25,0.6783203464493504,2022-04-25,-1.2571345443634272,2022-04-25,-1.4726250625288475,2022-04-25,-0.7228726221905244,2022-04-25,-1.4157584087872734,2022-04-25,-0.62807506966085,False,True,22.13162409808452,17.699389516556725,4.432234581527794,-0.11526204956488294,NEUTRAL
2022-04-27,17080.1,-2.008126115957344,2022-04-26,-1.961836541267244,2022-04-26,0.27708864781210896,2022-04-26,0.2868706925792911,2022-04-26,-0.5320684469430794,2022-04-26,0.4140440118997746,2022-04-26,-0.5873379586460822,False,True,18.89971245554884,18.47978947561324,0.419922979935599,-0.19108098248425337,NEUTRAL
2022-04-28,17293.55,0.212377844651841,2022-04-27,0.06321546950628884,2022-04-27,-0.8218299710719794,2022-04-27,0.16206195671513404,2022-04-27,0.2213375688109928,2022-04-27,-0.9273930067220866,2022-04-27,-0.18170502301830158,False,True,21.602700772503958,18.63291774437213,2.969783028131829,-0.14095586757113254,NEUTRAL
2022-04-29,17277.2,1.8699924467906492,2022-04-28,1.6579895018574002,2022-04-28,1.1995792980273345,2022-04-28,0.823859286800892,2022-04-28,0.77837133581354,2022-04-28,0.9593002923374331,2022-04-28,1.2148486936045415,False,True,137.37268930735917,18.822416789722027,118.55027251763714,2.0805873072844645,HIGH_VOL_STATE
2022-05-02,17062.7,-2.48894777509115,2022-04-29,-1.9960524812903093,2022-04-29,1.1995792980273345,2022-04-28,1.7994186917325092,2022-04-29,0.5161502617573305,2022-04-29,0.9222918371042791,2022-04-29,-0.00792669462666773,False,True,16.84822547606972,19.02071224095842,-2.172486764888699,-0.271950152863989,NEUTRAL
2022-05-04,16670.35,0.40932349752391267,2022-05-03,0.18203362430284734,2022-05-03,-0.07485113327578326,2022-05-02,0.09551477653532592,2022-05-03,0.4415559411234339,2022-05-03,-0.2437078136092584,2022-05-03,0.13497814876674635,False,True,19.596389684469866,18.37209267104471,1.2242970134251543,-0.20132728266704017,NEUTRAL
2022-05-05,16717.75,2.1242933778645896,2022-05-04,1.6633436615070905,2022-05-04,-0.07485113327578326,2022-05-02,-0.38972862865667085,2022-05-04,-0.19817496471748985,2022-05-04,-0.06889973937950727,2022-05-04,0.5093304288903715,False,True,26.181174115637575,17.573206529394483,8.607967586243092,-0.06143565170385941,NEUTRAL
2022-05-06,16390.85,-2.317670229021486,2022-05-05,-2.3614404236886286,2022-05-05,-0.07485113327578326,2022-05-02,-0.07184438092463599,2022-05-05,-0.18810490923353185,2022-05-05,-0.06889973937950727,2022-05-04,-0.8471351359205955,False,True,0.00010000000000000002,17.63800755269231,-17.63790755269231,-0.5525613306755376,NEUTRAL
2022-05-09,16324.35,-0.2766920202293378,2022-05-06,-0.5533624954068456,2022-05-06,0.4709331599351083,2022-05-06,-1.49053082329166,2022-05-06,-0.7741386377688084,2022-05-06,-1.1785068166044101,2022-05-06,-0.6337162722276589,False,True,20.288221741861523,18.15200153562361,2.136220206237912,-0.18436353360326,NEUTRAL
2022-05-10,16280.1,-1.9458743923120772,2022-05-09,-1.8819214674105207,2022-05-09,-1.7171904281022825,2022-05-09,-1.49053082329166,2022-05-06,-1.008213630231761,2022-05-09,-1.1785068166044101,2022-05-06,-1.5370395929921186,False,True,24.547674928076603,18.068397100879046,6.479277827197556,-0.10458027188036656,NEUTRAL
2022-05-11,16192.2,0.27219784443989065,2022-05-10,0.5908766576093492,2022-05-10,-0.3564219823231935,2022-05-10,-0.6286268035132083,2022-05-10,0.7026632293069516,2022-05-10,-1.7068646157574476,2022-05-10,-0.1876959450396097,False,True,25.610681065118857,17.443424495096675,8.167256570022182,-0.07391608451957926,NEUTRAL
2022-05-12,15824.4,-0.9444181286230764,2022-05-11,-1.3538513718862075,2022-05-11,0.16510256745814347,2022-05-11,0.5338845288747277,2022-05-11,1.2051416018983894,2022-05-11,-0.06077253137469996,2022-05-11,-0.07581888894212058,False,True,26.396053645788374,17.434723682734706,8.961329963053668,-0.06117519858177261,NEUTRAL
2022-05-13,15853.45,0.02788984563557693,2022-05-12,0.16228801806885063,2022-05-12,-1.155361553397274,2022-05-12,-0.7825233173135353,2022-05-12,-0.2604706488390325,2022-05-12,-1.4542839349319125,2022-05-12,-0.5770769317962211,False,True,172.26274133628002,18.548526506166812,153.7142148301132,2.6326809529866773,HIGH_VOL_STATE
2022-05-16,15854.7,1.6429643373106781,2022-05-13,1.91492588066733,2022-05-13,1.8089276447999911,2022-05-13,1.2603835470752005,2022-05-13,1.1603976237321536,2022-05-13,2.11593094968766,2022-05-13,1.6505883305455022,False,True,21.65226160067157,18.581476639815385,3.0707849608561837,-0.21601511591827868,NEUTRAL
2022-05-17,16249.9,-0.143095268864149,2022-05-16,-0.41632592567857596,2022-05-16,0.3323842752639716,2022-05-16,0.24458280646312458,2022-05-16,-0.16023772504388406,2022-05-16,-0.219169234505282,2022-05-16,-0.06031017872746582,False,True,25.731176419861402,18.260102298283932,7.47107412157747,-0.1397153706331204,NEUTRAL
2022-05-18,16268.4,1.3531663208972584,2022-05-17,1.3576657684203461,2022-05-17,0.31429008217156257,2022-05-17,1.4573571411380593,2022-05-17,0.8679877487817687,2022-05-17,0.8973272887703517,2022-05-17,1.0412990583632245,False,True,24.06519986356244,21.042285202726767,3.0229146608356743,-0.21825588026771936,NEUTRAL
2022-05-19,15808.75,-2.4490947197001347,2022-05-18,-2.027316802480895,2022-05-18,0.6331676037779425,2022-05-18,0.18013133761691652,2022-05-18,-0.5942634644508363,2022-05-18,0.2614058830597358,2022-05-18,-0.6659950270295452,False,True,21.976589118841574,20.484262445138278,1.492326673703296,-0.24655158840398975,NEUTRAL
2022-05-20,16250.35,-0.2625484921530479,2022-05-19,-0.00951441772647859,2022-05-19,-1.256588684272936,2022-05-19,-0.9092261066698354,2022-05-19,-0.42158835521405824,2022-05-19,-1.1596121652924656,2022-05-19,-0.6698463702214704,False,True,196.04514904711579,21.032391865028906,175.0127571820869,2.825220295509151,HIGH_VOL_STATE
2022-05-23,16259.7,0.08001645180068322,2022-05-20,-0.04287088084184372,2022-05-20,0.8815205780852428,2022-05-20,1.3080650984390707,2022-05-20,0.4019847367398844,2022-05-20,1.7968983597414436,2022-05-20,0.7376023906607468,False,True,21.596045020998783,24.110392093476626,-2.514347072477843,-0.348645248249998,NEUTRAL
2022-05-24,16133.25,1.2041211782706407,2022-05-23,0.8238317841408819,2022-05-23,0.6619318481324532,2022-05-23,-0.37740814264942707,2022-05-23,0.7293143991048158,2022-05-23,0.3365373217724826,2022-05-23,0.5630547314619746,False,True,26.953016822926067,23.807339627644186,3.1456771952818805,-0.25456589797412293,NEUTRAL
2022-05-25,16032.95,-0.40055100952512723,2022-05-24,-0.929286705578796,2022-05-24,-0.6212177463601863,2022-05-24,-0.592366209183845,2022-05-24,-0.9582791045407486,2022-05-24,-1.4315139391679519,2022-05-24,-0.8222024523927759,False,True,26.031606651249596,22.93092617655392,3.1006804746956753,-0.2558081996105993,NEUTRAL
2022-05-26,16183.25,0.6679598829092472,2022-05-25,0.8045939538703513,2022-05-25,-0.17398701924905127,2022-05-25,0.20738740763503413,2022-05-25,0.3702779017321957,2022-05-25,0.45972552676878503,2022-05-25,0.38932627561109373,False,True,27.964925911562787,22.83875244614112,5.126173465421665,-0.22170981078556287,NEUTRAL
2022-05-27,16335.85,1.2767272417969504,2022-05-26,1.2933160045887018,2022-05-26,-0.19898138310906754,2022-05-26,-0.015215404074047345,2022-05-26,0.8721842601222634,2022-05-26,-0.16128213875804337,2022-05-26,0.511124763427793,False,True,372.57021225433056,22.573728492981314,349.9964837613492,5.5220073476321305,HIGH_VOL_STATE
2022-05-30,16665.35,1.5674843380738834,2022-05-27,1.559795555995092,2022-05-27,0.41378406652347044,2022-05-27,1.2329112142804115,2022-05-27,0.8649364067254369,2022-05-27,0.9860114958583113,2022-05-27,1.1041538462427676,False,True,18.356537891971293,23.086163406775302,-4.72962551480401,-0.3811777201052757,NEUTRAL
2022-05-31,16637.25,1.5674843380738834,2022-05-27,1.559795555995092,2022-05-27,1.4783308187390547,2022-05-30,0.8669835456944546,2022-05-30,0.3932356560603314,2022-05-30,1.1931665813999413,2022-05-30,1.1764994159937927,False,True,21.401256071977652,24.338976860140104,-2.9377207881624514,-0.3559237806440346,NEUTRAL
2022-06-01,16461.85,-0.3330413077548631,2022-05-31,-0.10931357394333986,2022-05-31,-0.2619377698292918,2022-05-31,0.5780185105126293,2022-05-31,-0.7810640826905144,2022-05-31,0.59779813320049,2022-05-31,-0.05159001508414831,False,True,22.57807515335244,22.917116924837696,-0.33904177148525605,-0.3180243989949813,NEUTRAL
2022-06-02,16634.3,-0.40665456233368946,2022-06-01,-0.25236921780643207,2022-06-01,0.4145410909487095,2022-06-01,-0.1929674569413858,2022-06-01,-0.2946657078877218,2022-06-01,0.59779813320049,2022-05-31,-0.02238628680333828,False,True,22.877787657872027,22.951790499922254,-0.074002842050227,-0.31073057325585063,NEUTRAL
2022-06-03,16587.0,1.1377290290423816,2022-06-02,1.2219847422596537,2022-06-02,-0.16121975590440296,2022-06-02,-0.37460007012017765,2022-06-02,0.4798466124418574,2022-06-02,-0.9457516272542739,2022-06-02,0.2263314884108397,False,True,0.00010000000000000002,22.231131298055463,-22.231031298055463,-0.6196449665658113,NEUTRAL
2022-06-06,16594.0,-0.9954067108643575,2022-06-03,-1.0579617730705415,2022-06-03,0.8222456064732749,2022-06-03,-0.37460007012017765,2022-06-02,-0.23009648366280785,2022-06-03,0.45748414444934,2022-06-03,-0.22972254779921164,False,True,17.388280439796628,22.08988310747139,-4.701602667674763,-0.37498853828476936,NEUTRAL
2022-06-07,16388.95,0.2246228961839401,2022-06-06,0.2394339963649437,2022-06-06,0.30161902996631024,2022-06-06,1.097560628971071,2022-06-06,0.9281356305765102,2022-06-06,0.45748414444934,2022-06-03,0.541476054418686,False,True,21.20227141082824,22.027039214385272,-0.8247678035570338,-0.31887503706109166,NEUTRAL
2022-06-08,16334.65,0.6071112771589263,2022-06-07,0.467339898093062,2022-06-07,-0.0563790577206194,2022-06-07,-0.22669799213373212,2022-06-07,-0.6242757565157285,2022-06-07,-1.7125649789844084,2022-06-07,-0.2575777683504167,False,True,21.674454529354183,22.264233768614876,-0.5897792392606931,-0.3135006079945684,NEUTRAL
2022-06-09,16454.0,-0.6581056096826744,2022-06-08,-0.2955786502141255,2022-06-08,0.6080682278939188,2022-06-08,0.8724397426557461,2022-06-08,-0.6753233263323208,2022-06-08,-0.014694497042026104,2022-06-08,-0.02719901878691365,False,True,19.313953747335606,20.525570811764833,-1.2116170644292268,-0.3205337180462658,NEUTRAL
2022-06-10,16199.5,-1.4478506288171769,2022-06-09,-1.2063153890038962,2022-06-09,-0.13727280442524803,2022-06-09,-0.3153226025866582,2022-06-09,-1.3951317661504095,2022-06-09,0.0026963564038772537,2022-06-09,-0.7498661390965852,False,True,0.00010000000000000002,20.574672257259472,-20.574572257259472,-0.5659586038648637,NEUTRAL
2022-06-13,15760.9,-1.722760126733989,2022-06-10,-1.515632672934049,2022-06-10,-1.2993010752618273,2022-06-10,-0.16601312715979868,2022-06-10,-2.4063809007296086,2022-06-10,-1.1726242629080608,2022-06-10,-1.380452027621222,False,True,18.306793566182765,21.704449753507436,-3.397656187324671,-0.3271078826058105,NEUTRAL
2022-06-14,15698.35,-2.244125250193016,2022-06-13,-1.994634557045713,2022-06-13,-2.518455913245377,2022-06-13,-1.396826716941257,2022-06-13,-1.8676847535609638,2022-06-13,-3.6645482570840158,2022-06-13,-2.281045908011724,False,True,26.87215612997743,21.674490645947202,5.197665484030228,-0.2081247835008801,NEUTRAL
2022-06-15,15729.1,-0.07093851520178118,2022-06-14,0.23472761492576036,2022-06-14,-1.0851414339129806,2022-06-14,-0.027791285057772223,2022-06-14,-0.6205990700477281,2022-06-14,-0.3720148192122991,2022-06-14,-0.32362625141780016,False,True,26.78228394064355,21.67821730459313,5.104066636050419,-0.2083513280402116,NEUTRAL
2022-06-16,15379.5,1.0252378536438678,2022-06-15,1.2797122196811914,2022-06-15,-0.9186487472308483,2022-06-15,0.40363170734725673,2022-06-15,1.1392098467757144,2022-06-15,-1.6747549116012086,2022-06-15,0.20906466143599547,False,True,35.51680839015315,19.459857710262053,16.0569506798911,-0.05854599753599837,NEUTRAL
2022-06-17,15379.75,-1.748132540368284,2022-06-16,-1.6342048674025236,2022-06-16,0.26541214385986656,2022-06-16,-1.052995534879256,2022-06-16,-2.4481634789744176,2022-06-16,0.30809505869980336,2022-06-16,-1.0516648698441353,False,True,177.67772936179617,17.360860268153335,160.31686909364282,1.9018933797960296,HIGH_VOL_STATE
2022-06-20,15282.9,0.31501868569768177,2022-06-17,0.80713741222674,2022-06-17,-1.403303284342346,2022-06-17,0.5019975803073163,2022-06-17,0.6108990032208931,2022-06-17,-0.2586045773672812,2022-06-17,0.09552413662383401,False,True,24.27284901954631,17.368446234226116,6.904402785320194,-0.2236219756358886,NEUTRAL
2022-06-21,15638.35,0.31501868569768177,2022-06-17,0.80713741222674,2022-06-17,-0.5427330036888295,2022-06-20,0.2412159864928217,2022-06-20,0.8726787303878035,2022-06-20,-1.8309569199570896,2022-06-20,-0.022939851473478656,False,True,24.62309993301659,17.506579029742593,7.116520903273997,-0.2228984906986582,NEUTRAL
2022-06-22,15444.3,1.579548722957288,2022-06-21,1.2475905804524827,2022-06-21,1.5265774975319906,2022-06-21,1.0290584329982237,2022-06-21,0.22875214991367204,2022-06-21,0.9051701084308422,2022-06-21,1.0861162487140832,False,True,20.545831729138687,19.07279039528192,1.4730413338567665,-0.3003459690393285,NEUTRAL
2022-06-23,15582.65,0.08991469539232161,2022-06-22,0.1024469614698934,2022-06-22,-0.21746177357816296,2022-06-22,-1.4191482471650938,2022-06-22,-0.7278514595462678,2022-06-22,-2.421611663492096,2022-06-22,-0.7656185811532342,False,True,25.427316070204665,19.222209529732048,6.205106540472617,-0.24503464404878925,NEUTRAL
2022-06-24,15693.2,0.7108857539399659,2022-06-23,0.8576761878556278,2022-06-23,0.1604002756279243,2022-06-23,0.7247423742813455,2022-06-23,-1.1754345572883567,2022-06-23,-0.8809265003610942,2022-06-23,0.06622392234256884,False,True,0.00010000000000000002,19.037501675716108,-19.037401675716108,-0.5841622572542787,NEUTRAL
2022-06-27,15863.25,1.8993052238232844,2022-06-24,1.5887241069170444,2022-06-24,1.0960294522122354,2022-06-24,1.1801796632771022,2022-06-24,1.3557690676010044,2022-06-24,2.287814357863281,2022-06-24,1.5679703119489918,False,True,18.748296798393316,17.79223751558707,0.9560592828062475,-0.3122537137318083,NEUTRAL
2022-06-28,15822.05,-0.017885687012577308,2022-06-27,-0.15147360214208472,2022-06-27,1.2287567551321894,2022-06-27,1.2821918790769202,2022-06-27,0.5106372164411256,2022-06-27,1.4962874308046532,2022-06-27,0.7247523320500378,False,True,21.64638086456,18.263767232474066,3.382613632085935,-0.2810374183805994,NEUTRAL
2022-06-29,15838.85,-0.9715635164546851,2022-06-28,-1.1076780044838275,2022-06-28,0.5972613263288962,2022-06-28,0.4224331165641312,2022-06-28,0.3626110566940688,2022-06-28,0.8997311505318105,2022-06-28,0.03379918819673239,False,True,21.508763832146137,18.299580162927075,3.209183669219062,-0.2849793061194164,NEUTRAL
2022-06-30,15827.85,0.10800096479481647,2022-06-29,0.141646508259443,2022-06-29,-0.689842387619074,2022-06-29,-1.0709787585007924,2022-06-29,-1.184117568486148,2022-06-29,-1.3749344377727986,2022-06-29,-0.6783709465540921,False,True,25.006020593667444,18.007549154169414,6.998471439498029,-0.20170852415790516,NEUTRAL
2022-07-01,15703.15,-0.3324653908691933,2022-06-30,-0.4003346538547593,2022-06-30,-1.195028882426588,2022-06-30,-0.3512002404717178,2022-06-30,-1.1174932889734157,2022-06-30,-1.3983785105637163,2022-06-30,-0.7991501611932318,False,True,375.01587610662267,18.01511226053134,357.00076384609133,4.666581856630662,HIGH_VOL_STATE
2022-07-04,15818.8,0.7510995804157008,2022-07-01,0.5596028216583451,2022-07-01,-1.3274119472657235,2022-07-01,-0.3512002404717178,2022-06-30,0.3075671273923114,2022-07-01,-0.7485883384600764,2022-07-01,-0.13482183278852675,False,True,19.295130107538288,18.006485931185335,1.2886441763529533,-0.31428005541431303,NEUTRAL
2022-07-05,15818.6,0.7510995804157008,2022-07-01,0.5596028216583451,2022-07-01,0.7443673316129599,2022-07-04,-0.06722170665825615,2022-07-04,-0.1132791926490127,2022-07-04,0.05838800770100068,2022-07-04,0.32215947368012293,False,True,20.668946345772444,18.033228468271997,2.635717877500447,-0.29856326344983874,NEUTRAL
2022-07-06,15977.15,0.23290777616086258,2022-07-05,0.8968386193837375,2022-07-05,0.8815106341198281,2022-07-05,0.05499294854356165,2022-07-05,-2.0453674577595717,2022-07-05,1.733852928694924,2022-07-05,0.29245590819055706,False,True,19.994726997667918,18.01965991607758,1.975067081590339,-0.3070690162309689,NEUTRAL
2022-07-07,16127.8,0.3326345194344361,2022-07-06,0.27898049371940126,2022-07-06,-0.9034720112053374,2022-07-06,-0.6693101218709143,2022-07-06,1.2942702224305362,2022-07-06,-1.5156905800302098,2022-07-06,-0.19709791292034798,False,True,21.904936746326037,18.347406854953277,3.5575298913727593,-0.2924342719950777,NEUTRAL
2022-07-08,16189.05,0.963048902747472,2022-07-07,1.09165779668826,2022-07-07,1.1977589394679056,2022-07-07,0.17497958700094168,2022-07-07,1.5491232276239482,2022-07-07,1.6834860998585304,2022-07-07,1.1100090922311763,False,True,0.00010000000000000002,17.735232095462074,-17.735132095462074,-0.54828321969155,NEUTRAL
2022-07-11,16225.45,0.0731232886358251,2022-07-08,0.15335499285453016,2022-07-08,0.09704398061874436,2022-07-08,0.22132247856921114,2022-07-08,1.0448022074976298,2022-07-08,0.7304837837068644,2022-07-08,0.3866884553138008,False,True,15.526834486290102,14.671743041708163,0.8550914445819391,-0.321858698562786,NEUTRAL
2022-07-12,16077.85,-0.5313449280377542,2022-07-11,-0.861142148588719,2022-07-11,0.8845676964235483,2022-07-11,-1.5534997456056587,2022-07-11,-0.8938723057674585,2022-07-11,-0.17246045705822413,2022-07-11,-0.5212919814390444,False,True,18.775896398252602,14.601662720901906,4.174233677350696,-0.2825431831154733,NEUTRAL
2022-07-13,15991.05,-0.39699726188657475,2022-07-12,-0.2954260442775502,2022-07-12,-1.4420173278631339,2022-07-12,-0.7026562009237363,2022-07-12,0.5013846919678163,2022-07-12,-0.5872785836672973,2022-07-12,-0.4871651211084127,False,True,19.978668340170692,15.114801186005106,4.863867154165586,-0.23774732237094692,NEUTRAL
2022-07-14,15898.35,-0.11517590444411717,2022-07-13,0.05828866253450126,2022-07-13,0.4498965106870048,2022-07-13,-0.11816878367218085,2022-07-13,-0.7003257298523952,2022-07-13,0.5770945207608505,2022-07-13,0.025268212668943902,False,True,24.202772698445003,12.780342779421353,11.42242991902365,-0.14844240698376204,NEUTRAL
2022-07-15,16016.55,-0.04182036445173974,2022-07-14,0.12251025619122302,2022-07-14,0.5281203887137597,2022-07-14,-0.11142393222356874,2022-07-14,-1.1619230410588992,2022-07-14,-0.016964694637738892,2022-07-14,-0.11358356457782731,False,True,0.00010000000000000002,12.630551091815025,-12.630451091815026,-0.4772194351132506,NEUTRAL
2022-07-18,16255.9,1.18975407942941,2022-07-15,0.8639066125256948,2022-07-15,0.4530031518836365,2022-07-15,-1.2037250927022722,2022-07-15,2.0722359344969163,2022-07-15,0.4881468617889337,2022-07-15,0.6438869245703864,False,True,14.517318348968644,12.738559406726946,1.7787589422416978,-0.27706795110424015,NEUTRAL
2022-07-19,16342.0,-0.3380574433418601,2022-07-18,-0.23129597683755382,2022-07-18,0.4530031518836365,2022-07-15,1.5407497942906552,2022-07-18,0.6057209529151459,2022-07-18,1.6930234148227719,2022-07-18,0.6205239822887992,False,True,16.106012203096093,12.008339840723945,4.097672362372148,-0.2500530311630003,NEUTRAL
2022-07-20,16525.0,1.6537119979218946,2022-07-19,1.4264527667260158,2022-07-19,0.515511327715628,2022-07-19,-0.48940939194157757,2022-07-19,1.922483098727812,2022-07-19,0.028648359169340873,2022-07-19,0.8428996930531856,False,True,16.036837960831807,10.186094596537693,5.8507433642941145,-0.22726011241204117,NEUTRAL
2022-07-21,16564.35,0.40909989950714826,2022-07-20,0.7310123441915253,2022-07-20,2.1435814502781185,2022-07-20,0.6125741905792393,2022-07-20,-0.10345305182999963,2022-07-20,0.6950748794618057,2022-07-20,0.747981618697973,False,True,16.069520387259956,10.352061029517648,5.7174593577423085,-0.22941926042565336,NEUTRAL
2022-07-22,16724.6,0.6031535837306966,2022-07-21,0.6151600924395882,2022-07-21,0.317489961958039,2022-07-21,-0.848529552594609,2022-07-21,-0.14344712333088713,2022-07-21,0.8957739113013422,2022-07-21,0.23993347891736164,False,True,0.00010000000000000002,10.127130020264286,-10.127030020264286,-0.4469897771971829,NEUTRAL
2022-07-25,16665.9,-0.45600530065656164,2022-07-22,-0.7463328957721577,2022-07-22,0.29709070345231453,2022-07-22,0.08548724212940956,2022-07-22,0.08918586519950654,2022-07-22,-0.3729252177672252,2022-07-22,-0.183916600569119,False,True,14.635279653384808,10.023101775863585,4.612177877521223,-0.24254609581073835,NEUTRAL
2022-07-26,16495.7,0.11355644610442978,2022-07-25,-0.1593740934352442,2022-07-25,-0.6593527603474308,2022-07-25,-0.17039591778753566,2022-07-25,-0.15921887257537484,2022-07-25,0.4767493572026655,2022-07-25,-0.0930059734730817,False,True,17.08002699507184,10.445377360327614,6.6346496347442265,-0.19185787806194268,NEUTRAL
2022-07-27,16616.55,-0.6044738505110953,2022-07-26,-0.7708484803251341,2022-07-26,-0.18994326422602253,2022-07-26,0.9079941738106054,2022-07-26,-0.5302230166912761,2022-07-26,0.43309339559212123,2022-07-26,-0.12573350705846686,False,True,17.71169265524179,11.063471974833051,6.648220680408739,-0.19380278978090304,NEUTRAL
2022-07-28,16880.7,1.5597571385493696,2022-07-27,1.827448468427429,2022-07-27,0.12376601823937015,2022-07-27,-0.6883890873917244,2022-07-27,0.4322935922069298,2022-07-27,0.1951245938556485,2022-07-27,0.5750001206478371,False,True,22.305241013345885,11.286534678125296,11.018706335220589,-0.13458798593133556,NEUTRAL
2022-07-29,17111.25,0.7155183185349108,2022-07-28,0.4750704566728551,2022-07-28,0.22101523190689198,2022-07-28,-0.15626093168697616,2022-07-28,0.6573656215459042,2022-07-28,0.7735382052243552,2022-07-28,0.4477078170329902,False,True,359.07432071948114,12.289439249674638,346.7848814698065,4.515042875843252,HIGH_VOL_STATE
2022-08-01,17326.7,0.8260246992802837,2022-07-29,0.8247801643144095,2022-07-29,-0.09620663167576456,2022-07-29,-1.3223008486500474,2022-07-29,1.074721030072004,2022-07-29,0.6583890104216046,2022-07-29,0.32756790396041496,False,True,14.452487876852643,12.78055503776957,1.6719328390830732,-0.30198058357747243,NEUTRAL
2022-08-02,17375.0,-0.15949328574728214,2022-08-01,-0.07712769368170133,2022-08-01,0.5165315777457155,2022-08-01,0.06301901470864786,2022-08-01,-0.01366653146969609,2022-08-01,0.1393758418172528,2022-08-01,0.07810648722882275,False,True,16.3587653100041,12.77286587391568,3.585899436088418,-0.2789253803541576,NEUTRAL
2022-08-03,17336.85,-0.35663179975658116,2022-08-02,-0.048626365058790956,2022-08-02,-1.2375338761135033,2022-08-02,-1.3564264047018588,2022-08-02,-0.17154158128133343,2022-08-02,-0.2970691187464191,2022-08-02,-0.5779715242764144,False,True,18.735957938082393,12.62690448352242,6.109053454559973,-0.24804917857520722,NEUTRAL
2022-08-04,17349.05,0.9556553198348489,2022-08-03,1.1716981701700493,2022-08-03,0.38183205671551496,2022-08-03,0.27156700724200805,2022-08-03,0.7143893327359411,2022-08-03,0.8254805912580252,2022-08-03,0.7201037463260646,False,True,17.710286898270294,12.514612661893644,5.19567423637665,-0.2585646953146928,NEUTRAL
2022-08-05,17388.9,-0.0628376672481518,2022-08-04,0.1452249410317536,2022-08-04,0.497018601339951,2022-08-04,1.238636212212985,2022-08-04,0.4033534683745065,2022-08-04,0.46417315558992867,2022-08-04,0.44759478521682877,False,True,248.3464832304934,12.59770621734175,235.74877701315165,2.50602302952183,HIGH_VOL_STATE
2022-08-08,17516.8,-0.15049808674759116,2022-08-05,-0.3146630814434694,2022-08-05,0.6477144304388086,2022-08-05,0.04749966193256965,2022-08-05,-0.4584265212959575,2022-08-05,0.6345087378680543,2022-08-05,0.06768919012540241,False,True,15.557205359895299,12.553181159991475,3.0040241999038244,-0.2908601452354506,NEUTRAL
2022-08-10,17527.75,-0.32905377615095677,2022-08-09,-0.6689945437877298,2022-08-09,-0.9058989406164376,2022-08-09,-0.1709021200532645,2022-08-09,-0.7816869925108243,2022-08-09,0.3622994961729241,2022-08-09,-0.4157061461577148,False,True,16.305318026804883,11.483649738782539,4.8216682880223445,-0.2697508958477294,NEUTRAL
2022-08-11,17659.2,1.283309444605272,2022-08-10,1.299552754146297,2022-08-10,-0.6667032937385936,2022-08-10,-1.2348783756531592,2022-08-10,0.9331014916502449,2022-08-10,-0.7033772472222076,2022-08-10,0.15183412896464227,False,True,19.927495104001014,10.906187866419065,9.021307237581949,-0.22046902568473536,NEUTRAL
2022-08-12,17673.05,-0.1001509782497553,2022-08-11,-0.36177914449990267,2022-08-11,-0.6667032937385936,2022-08-10,1.4879586892664547,2022-08-11,-0.014018563058543354,2022-08-11,1.4939688123759214,2022-08-11,0.3065459203492635,False,True,0.00010000000000000002,10.615040118077747,-10.614940118077747,-0.44962920250886085,NEUTRAL
2022-08-16,17790.9,0.19589714503240954,2022-08-15,0.22388923522136964,2022-08-15,0.8939114302545303,2022-08-15,-0.4010155350462154,2022-08-15,0.11800588935531277,2022-08-15,0.1805287803713395,2022-08-12,0.20186949086479108,False,True,11.32761307084966,10.660355955144677,0.6672571157049827,-0.31604111682338937,NEUTRAL
2022-08-17,17949.45,0.017007724098370362,2022-08-16,-0.2296714044971095,2022-08-16,-0.14597791869316473,2022-08-16,-0.6720690725265707,2022-08-16,0.5175387923549395,2022-08-16,0.22704980404705283,2022-08-16,-0.04768701253608038,False,True,14.151969794037878,10.110581836237841,4.041387957800037,-0.2493700588694233,NEUTRAL
2022-08-18,17948.65,-0.6092844507834136,2022-08-17,-0.7770010155069207,2022-08-17,0.9718832618574403,2022-08-17,0.3439199878903894,2022-08-17,-1.5091224833703294,2022-08-17,-0.53103666771684,2022-08-17,-0.35177356127161236,False,True,16.245392237815242,10.124869027458852,6.1205232103563905,-0.2260325960326587,NEUTRAL
2022-08-19,17777.6,0.043240880391602704,2022-08-18,-0.013419854169523609,2022-08-18,-0.9747412801181312,2022-08-18,-0.501073248933472,2022-08-18,0.4030452449174353,2022-08-18,-0.22085536689094826,2022-08-18,-0.21063393746717288,False,True,0.00010000000000000002,9.955712676394462,-9.955612676394463,-0.4179181513048046,NEUTRAL
2022-08-22,17511.9,-0.9743957911440916,2022-08-19,-1.1439553870924022,2022-08-19,-0.15838360067680557,2022-08-19,0.042504504235887294,2022-08-19,-0.7786698807590684,2022-08-19,-0.4461318394675005,2022-08-19,-0.5765053324839969,False,True,14.18406573375553,11.424500207792994,2.759565525962536,-0.26381764337737,NEUTRAL
2022-08-23,17557.9,-1.542953046366293,2022-08-22,-1.431014629383241,2022-08-22,-0.5424527401418794,2022-08-22,-0.374849095385112,2022-08-22,-1.6401601863885427,2022-08-22,-0.9756274563120352,2022-08-22,-1.0845095256628505,False,True,16.951126983788882,13.19408369054156,3.757043293247321,-0.2514621616983494,NEUTRAL
2022-08-24,17584.65,-0.2008831950204027,2022-08-23,-0.07851609188177512,2022-08-23,-1.1749184150221397,2022-08-23,-0.5004183267322738,2022-08-23,-0.08915235347531573,2022-08-23,-0.8546353908615827,2022-08-23,-0.48308729549891494,False,True,15.600040024129502,12.88111555267672,2.718924471452782,-0.22643275248827271,NEUTRAL
2022-08-25,17569.35,0.17103596456499096,2022-08-24,0.15479752785130613,2022-08-24,-0.5242630175622792,2022-08-24,-0.7620748822862973,2022-08-24,0.24166824728114697,2022-08-24,0.5115942079174289,2022-08-24,-0.03454032537228391,False,True,17.138137296027573,12.079390562350687,5.058746733676886,-0.19598258462708287,NEUTRAL
2022-08-26,17593.6,0.9769875048224418,2022-08-25,0.8561848076777421,2022-08-25,0.47151179950921973,2022-08-25,2.6190041535767175,2022-08-25,0.3789123694943001,2022-08-25,1.1312203491793675,2022-08-25,1.0723034973766312,False,True,0.00010000000000000002,12.190190896819528,-12.190090896819529,-0.43593309016172627,NEUTRAL
2022-08-29,17304.1,-2.3522409406597653,2022-08-26,-2.127471261188702,2022-08-26,0.4443398732122615,2022-08-26,0.7390579496460934,2022-08-26,-1.5611005594633474,2022-08-26,0.22843215765586874,2022-08-26,-0.771497130132932,False,True,15.097013555637872,10.831719263460569,4.265294292177304,-0.20593616528013972,NEUTRAL
2022-08-30,17702.85,-0.4370801397866819,2022-08-29,-0.5408039033911537,2022-08-29,-2.4727147876586426,2022-08-29,-0.42834959159322245,2022-08-29,-0.31191950741836955,2022-08-29,-1.745870163616031,2022-08-29,-0.9894563489106835,False,True,18.45014264462525,11.34341751595544,7.106725128669808,-0.16780238218629273,NEUTRAL
2022-09-01,17542.85,-0.49987371396170843,2022-08-31,-0.2943227381135968,2022-08-31,-0.34614870335867054,2022-08-31,0.10416635255294564,2022-08-31,-0.5726324593087158,2022-08-31,0.8248741115315522,2022-08-31,-0.13065619177636562,False,True,14.960081065324877,14.220402891654194,0.7396781736706828,-0.26301397573982227,NEUTRAL
2022-09-02,17549.65,0.24032904827071902,2022-09-01,-0.12891503976415983,2022-09-01,-1.3355870026268117,2022-09-01,-1.140982742472265,2022-09-01,-1.0194949554678863,2022-09-01,-1.825730780051905,2022-09-01,-0.868396912018718,False,True,0.00010000000000000002,15.046518847171761,-15.046418847171761,-0.4826865567346511,NEUTRAL
2022-09-05,17654.45,-0.6781673871852333,2022-09-02,-0.666147922173458,2022-09-02,-0.024075045068489145,2022-09-02,-0.38488852554727077,2022-09-02,2.54689172384753,2022-09-02,-0.10145988236431823,2022-09-02,0.11535882691812675,False,True,17.829086372395007,15.032513875984655,2.796572496410352,-0.23234870653337,NEUTRAL
2022-09-06,17653.55,-0.6781673871852333,2022-09-02,-0.666147922173458,2022-09-02,-0.07266506921510818,2022-09-05,-0.6755548400138562,2022-09-05,-1.5296579892053992,2022-09-05,-0.0830460762115094,2022-09-05,-0.6175398806674274,False,True,19.86142990712263,15.223290579404432,4.638139327718198,-0.20773450972385127,NEUTRAL
2022-09-07,17610.5,-0.2300847664758067,2022-09-06,-0.36180671867829817,2022-09-06,0.04765891242869761,2022-09-06,0.05486139864489144,2022-09-06,0.6766463472875472,2022-09-06,0.313803329950286,2022-09-06,0.0835130838595529,False,True,20.079807849590132,15.232749918036937,4.847057931553195,-0.2062655240046178,NEUTRAL
2022-09-08,17794.75,1.2883638476785868,2022-09-07,1.1415630570247437,2022-09-07,-0.6118369997260452,2022-09-07,-0.4881755050371189,2022-09-07,0.2809375873448355,2022-09-07,-1.1690856767505253,2022-09-07,0.07362771842241274,False,True,21.563366350223934,15.047234045179673,6.516132305044261,-0.18948956541300038,NEUTRAL
2022-09-09,17863.95,0.4347101642751116,2022-09-08,0.27798729214052226,2022-09-08,2.099463397665016,2022-09-08,-0.599857630436463,2022-09-08,-0.02006604476378057,2022-09-08,0.34866212867220675,2022-09-08,0.42348321792543553,False,True,26.43149975207082,15.444919532471507,10.986580219599313,-0.12993468362983243,NEUTRAL
2022-09-12,17956.1,1.0616540338464406,2022-09-09,1.1148133816928405,2022-09-09,0.3950674205501778,2022-09-09,2.077362349588837,2022-09-09,1.0904108773925796,2022-09-09,0.34866212867220675,2022-09-08,1.014661698623847,False,True,15.09081395814979,15.265893384206567,-0.17507942605677762,-0.2860363724696183,NEUTRAL
2022-09-13,18067.6,0.678877136126347,2022-09-12,0.6089514962885019,2022-09-12,0.9438101315768789,2022-09-12,2.077362349588837,2022-09-09,1.8080796412137818,2022-09-12,0.34866212867220675,2022-09-08,1.0776238139110923,False,True,17.588890599825586,15.374569766631078,2.214320833194508,-0.2516147416685027,NEUTRAL
2022-09-14,18063.5,-3.355746956000805,2022-09-13,-3.0744116317356314,2022-09-13,0.1082018289676665,2022-09-13,-0.04925480162668504,2022-09-13,-1.1947304388389914,2022-09-13,2.4520421476856624,2022-09-13,-0.8523166419247974,False,True,17.890502156136268,15.390850749434136,2.4996514067021316,-0.24434068030323727,NEUTRAL
2022-09-15,17912.8,0.15355699245926446,2022-09-14,0.3226351375988424,2022-09-14,-2.732120281859845,2022-09-14,-1.6711904160035518,2022-09-14,-0.8880906694631794,2022-09-14,-1.3162628127067317,2022-09-14,-1.0219120083292001,False,True,21.278200778925388,15.295216468245881,5.982984310679507,-0.1650454609483219,NEUTRAL
2022-09-16,17593.6,-0.9102950638643911,2022-09-15,-0.8871857760248041,2022-09-15,0.06325234998343468,2022-09-15,0.43539369446143195,2022-09-15,-0.3952424325425771,2022-09-15,-0.31979971407627783,2022-09-15,-0.33564615701053063,False,True,341.5956696811831,15.517955040027823,326.0777146411553,4.418565902420603,HIGH_VOL_STATE
2022-09-19,17624.5,-0.5787502202084888,2022-09-16,-0.5589404119331878,2022-09-16,-1.0853608340135266,2022-09-16,-0.4846412026183744,2022-09-16,-1.238816184726612,2022-09-16,-0.6879278148564228,2022-09-16,-0.7724061113927686,False,True,18.502777622895106,16.596133082437607,1.9066445404574992,-0.2600566148184448,NEUTRAL
2022-09-20,17867.45,0.46003646847996865,2022-09-19,0.38580554397897626,2022-09-19,-1.0853608340135266,2022-09-16,-0.6257035633675753,2022-09-19,0.3882652927828604,2022-09-19,-0.9595587700352323,2022-09-19,-0.23941931036242145,False,True,22.28164984247043,15.746111050630004,6.535538791840425,-0.20256292037132081,NEUTRAL
2022-09-21,17737.15,-0.8684768748827667,2022-09-20,-0.575568097516954,2022-09-20,0.30520610786330593,2022-09-20,1.0039902913165701,2022-09-20,-0.7339051012848591,2022-09-20,0.4450186500330868,2022-09-20,-0.07062250407860281,False,True,20.71397966145448,16.13825895850839,4.575720702946089,-0.22701752553236818,NEUTRAL
2022-09-22,17653.35,-1.2945983331102595,2022-09-21,-1.0410671794076343,2022-09-21,-1.2912846811545966,2022-09-21,-1.154989227824398,2022-09-21,0.6055285758819727,2022-09-21,-0.8190017377020576,2022-09-21,-0.8325687638861622,False,True,34.09698875475342,16.29301562115569,17.80397313359773,-0.06746034589049224,NEUTRAL
2022-09-23,17347.55,-0.6052270516568978,2022-09-22,-0.775586481175648,2022-09-22,-0.5653505143704335,2022-09-22,-0.9880344537580156,2022-09-22,-1.3545958424540647,2022-09-22,-0.5773175137331246,2022-09-22,-0.8110186428580306,False,True,270.84431487364463,16.306983791455984,254.53733108218864,2.8816950150236162,HIGH_VOL_STATE
2022-09-26,17054.8,-1.3036873847960955,2022-09-23,-1.0618316578165043,2022-09-23,-0.5653505143704335,2022-09-22,-0.6343768764940445,2022-09-23,-1.4454163088911007,2022-09-23,-1.6538634414968394,2022-09-23,-1.110754363977503,False,True,19.712373943260598,17.48684787970856,2.2255260635520386,-0.2977877353016018,NEUTRAL
2022-09-27,16995.25,-0.7447668237300968,2022-09-26,-0.33170411528487853,2022-09-26,-2.393494668161766,2022-09-26,-0.07941391122481171,2022-09-26,-0.289416067814607,2022-09-26,-2.6907301250662674,2022-09-26,-1.0882542852137378,False,True,23.18203587636109,17.961183357367453,5.220852518993638,-0.2625428805368182,NEUTRAL
2022-09-28,16886.25,-0.12233504889908817,2022-09-27,0.15679163631510523,2022-09-27,0.48085324421142495,2022-09-27,0.27210479350756955,2022-09-27,-0.4794922297318108,2022-09-27,0.21138790577334085,2022-09-27,0.08655171686275694,False,True,22.85500631053991,14.772178408059686,8.082827902480224,-0.22869968818077177,NEUTRAL
2022-09-29,16845.7,1.5448294951322268,2022-09-28,1.2288879522151543,2022-09-28,-1.2768624501881352,2022-09-28,-2.350281697911509,2022-09-28,0.29163977409999114,2022-09-28,-2.152252921925119,2022-09-28,-0.4523399747628985,False,True,22.119912770444213,14.498012223385334,7.621900547058878,-0.19245320659517529,NEUTRAL
2022-09-30,17127.85,-1.54050710176431,2022-09-29,-1.6562940381091893,2022-09-29,0.8191809016797635,2022-09-29,-0.07926225758923411,2022-09-29,-1.267277492694302,2022-09-29,0.14969719696132594,2022-09-29,-0.5957437985859909,False,True,327.7731218270394,14.480630860107944,313.29249096693144,3.950394890036275,HIGH_VOL_STATE
2022-10-03,16898.25,-1.0398964799015642,2022-09-30,-0.821914969664367,2022-09-30,-1.6285829900253448,2022-09-30,0.5149920129564478,2022-09-30,0.9761988719504199,2022-09-30,-0.5450770475400312,2022-09-30,-0.42404676703740646,False,True,16.80208891437307,15.657858331007764,1.1442305833653048,-0.31377231588893684,NEUTRAL
2022-10-04,17263.55,1.9908479341386602,2022-10-03,1.4016716025674896,2022-10-03,0.9242456281664166,2022-10-03,-0.3373605527364451,2022-10-03,0.6921931932970806,2022-10-03,-0.5450770475400312,2022-09-30,0.6877534596488618,False,True,21.555359428682358,16.100828168457166,5.454531260225192,-0.26149425086563405,NEUTRAL
2022-10-06,17358.4,-0.12638585877744016,2022-10-05,-0.132109675726153,2022-10-05,0.33789436880598855,2022-10-05,4.612308144588281,2022-10-05,-0.8617420632425955,2022-10-05,0.2813635122286768,2022-10-05,0.6852214046461264,False,True,16.338173800208118,18.537535419065733,-2.1993616188576155,-0.35441881620252375,NEUTRAL
2022-10-07,17323.5,-0.7000554416328689,2022-10-06,-0.3796041648442006,2022-10-06,0.5438566297904764,2022-10-06,-0.1110334062718647,2022-10-06,-0.25250630984801775,2022-10-06,0.9960419562284516,2022-10-06,0.016116543903662666,False,True,0.00010000000000000002,18.148059327234137,-18.147959327234137,-0.551113207258525,NEUTRAL
2022-10-10,17230.45,-1.9066081346682138,2022-10-07,-2.132647270577451,2022-10-07,-0.6366892891956062,2022-10-07,-0.825979071864624,2022-10-07,-1.1681680558394338,2022-10-07,-0.13354322890030224,2022-10-07,-1.133939175174272,False,True,15.781316390845268,18.105220809308843,-2.3239044184635755,-0.35513477841303465,NEUTRAL
2022-10-11,17021.65,-0.4605402051399852,2022-10-10,-0.5213358936164147,2022-10-10,-0.6366892891956062,2022-10-07,-1.7319414535075905,2022-10-10,0.052304601702134405,2022-10-10,-0.13354322890030224,2022-10-07,-0.5719575781096274,False,True,19.643604178359364,17.909057411698967,1.7345467666603973,-0.30465522242303916,NEUTRAL
2022-10-12,17125.9,-0.3712277887381538,2022-10-11,-0.5341203178589823,2022-10-11,-2.2055524681111356,2022-10-11,-1.211740264096072,2022-10-11,-0.26266519047001474,2022-10-11,-1.5780177106574529,2022-10-11,-1.0272206233219685,False,True,22.80125603526364,18.105973253628505,4.695282781635136,-0.2682131424095607,NEUTRAL
2022-10-13,17037.8,-0.15592333249017676,2022-10-12,0.021329031656408978,2022-10-12,-0.022953766501209817,2022-10-12,-0.3012913079406379,2022-10-12,-0.20340320757483057,2022-10-12,0.4971381142713135,2022-10-12,-0.02751741142985542,False,True,23.09234698340219,18.57635812222867,4.515988861173522,-0.2689403852172582,NEUTRAL
2022-10-14,17201.05,1.9139875994337143,2022-10-13,1.3495898697047664,2022-10-13,-0.49214814169479876,2022-10-13,-0.9754933338763258,2022-10-13,1.2924251683172432,2022-10-13,-1.5164750174625525,2022-10-13,0.2619810240703411,False,True,244.97200778727102,18.556415140151454,226.41559264711958,2.409797154961171,HIGH_VOL_STATE
2022-10-17,17318.8,-1.5256042733319704,2022-10-14,-1.6193881175072242,2022-10-14,2.655776964290283,2022-10-14,1.0165717807167691,2022-10-14,0.5999748029980885,2022-10-14,2.094999582008538,2022-10-14,0.5370551231957473,False,True,15.918352222242616,17.901285721669584,-1.9829334994269683,-0.3790237691212557,NEUTRAL
2022-10-18,17471.35,1.885007572297786,2022-10-17,2.0160566134325473,2022-10-17,-0.915023674651529,2022-10-17,0.33552228260245404,2022-10-17,1.389201136883972,2022-10-17,0.3391545034581584,2022-10-17,0.8416530723372314,False,True,19.469065730826756,18.020570870118444,1.448494860708312,-0.33806800588178354,NEUTRAL
2022-10-19,17497.0,0.8170197561513202,2022-10-18,0.565994274594266,2022-10-18,1.08967481454332,2022-10-18,1.388895566852996,2022-10-18,0.7506478581273083,2022-10-18,1.2633563167118678,2022-10-18,0.9792647644968465,False,True,16.718665668556277,17.94102517968313,-1.2223595111268537,-0.3679680374464867,NEUTRAL
2022-10-20,17528.9,-0.3703752675131049,2022-10-19,-0.38439715262320573,2022-10-19,0.31166030046045184,2022-10-19,-1.3097378456038522,2022-10-19,-0.11815987743642303,2022-10-19,-0.40381889500678675,2022-10-19,-0.37913812295382016,False,True,17.41532797181727,17.87124039758972,-0.45591242577244984,-0.3576241476359174,NEUTRAL
2022-10-21,17545.65,-0.4597539262324273,2022-10-20,-0.2680795100376626,2022-10-20,-0.702313395574086,2022-10-20,-0.6538186628862368,2022-10-20,0.19064115985587066,2022-10-20,-0.6501296420723908,2022-10-20,-0.4239089961578221,False,True,253.5011401024975,17.82907382209175,235.67206628040574,2.367532135054898,HIGH_VOL_STATE
2022-10-25,17692.1,0.8604529434308854,2022-10-24,0.5696511052242752,2022-10-24,0.27865690807336674,2022-10-24,-3.771288412151297,2022-10-24,1.2876650503357812,2022-10-24,0.9961164945722698,2022-10-24,0.03687568158088025,False,True,12.625854739641207,15.149076946236123,-2.523222206594916,-0.40740205027422827,NEUTRAL
2022-10-27,17660.8,-0.41724942478490545,2022-10-26,-1.0389093680435741,2022-10-26,0.535668489929688,2022-10-26,0.8376636376352533,2022-10-26,0.8635114828871185,2022-10-26,0.6546393372149831,2022-10-26,0.23922069247309388,False,True,12.938914345085973,15.300155043098886,-2.3612406980129137,-0.4036773905944258,NEUTRAL
2022-10-28,17756.9,-0.3315409435324597,2022-10-27,-0.7881320064003571,2022-10-27,-0.23422473307914465,2022-10-27,0.662870058337453,2022-10-27,0.11937264565320775,2022-10-27,1.5740059363652303,2022-10-27,0.1670584928906549,False,True,0.00010000000000000002,14.746907299432339,-14.746807299432339,-0.5375131062788964,NEUTRAL
2022-10-31,17979.65,1.7029150123110064,2022-10-28,1.7279129951749963,2022-10-28,-0.6684057940391259,2022-10-28,-1.8787228755977883,2022-10-28,0.22106623268150621,2022-10-28,-0.6634847123167306,2022-10-28,0.07354680970231074,False,True,13.813178839677336,14.615149103382658,-0.8019702637053214,-0.35497051761879356,NEUTRAL
2022-11-01,18107.8,-0.41862765131461316,2022-10-31,-0.44345794059293553,2022-10-31,1.4196154409574289,2022-10-31,-0.40607024580341655,2022-10-31,0.08478418546782428,2022-10-31,1.0305864571133252,2022-10-31,0.21113837430460217,False,True,16.03661433954472,14.189874660436907,1.846739679107813,-0.3217091819344846,NEUTRAL
2022-11-02,18067.7,-0.19735748986180018,2022-11-01,-0.3602359147020923,2022-11-01,0.2502392134163904,2022-11-01,3.2643079144654203,2022-11-01,0.5252345898090874,2022-11-01,1.5888378220647361,2022-11-01,0.845171022531957,False,True,15.847628632741174,13.054379412015841,2.7932492207253325,-0.3096347071613603,NEUTRAL
2022-11-03,18038.85,-1.5305187172510182,2022-11-02,-1.688512983462862,2022-11-02,-0.046828162376957555,2022-11-02,1.4853267479962544,2022-11-02,-0.45965480126876823,2022-11-02,0.11051795880641242,2022-11-02,-0.35494499292615656,False,True,21.563812480211237,11.029812687662762,10.533999792548475,-0.21338523560622707,NEUTRAL
2022-11-04,18075.3,-0.5757479290700017,2022-11-03,-0.7712682870448022,2022-11-03,-0.046828162376957555,2022-11-02,-1.3937999179996683,2022-11-03,-0.701373235267885,2022-11-03,-0.2044014115103521,2022-11-03,-0.6155698238782779,False,True,0.00010000000000000002,11.122717401175926,-11.122617401175926,-0.48181579943009445,NEUTRAL
2022-11-07,18162.2,0.9910605166174054,2022-11-04,0.8748563377266918,2022-11-04,-1.2936070133805182,2022-11-04,2.9289687379290226,2022-11-04,1.9792200365595443,2022-11-04,0.751707981176321,2022-11-04,1.0387010994380779,False,True,12.723783115780684,11.065170517821807,1.6586125979588768,-0.28972684297182066,NEUTRAL
2022-11-09,18134.3,0.4730966651672493,2022-11-08,0.4457663719410597,2022-11-08,0.9806287714265142,2022-11-08,0.029957011174500184,2022-11-08,0.8753368614112218,2022-11-08,0.9937420497265388,2022-11-08,0.6330879551411807,False,True,12.143649192376882,10.787865516075255,1.3557836763016269,-0.2933709013030519,NEUTRAL
2022-11-10,18009.35,-1.2076674644824237,2022-11-09,-1.1596866668600616,2022-11-09,-0.4248006803996194,2022-11-09,-0.42488300340988133,2022-11-09,-0.10852008724360143,2022-11-09,0.9033571263030176,2022-11-09,-0.40370012934876165,False,True,15.005410219734582,8.653799597916336,6.351610621818246,-0.2272114979995273,NEUTRAL
2022-11-11,18339.15,3.6250859446299977,2022-11-10,4.138073967787614,2022-11-10,-0.74275456302271,2022-11-10,-0.6555398601565356,2022-11-10,2.651260486260809,2022-11-10,-0.7106083529598702,2022-11-10,1.3842529370898842,False,True,0.00010000000000000002,9.266577951280135,-9.266477951280136,-0.4308529822299625,NEUTRAL
2022-11-14,18344.1,0.5919171401532847,2022-11-11,1.0004057309051875,2022-11-11,2.378364421076058,2022-11-11,3.821642053178447,2022-11-11,0.3543547207977206,2022-11-11,2.8055567609371987,2022-11-11,1.8253734711746494,False,True,11.493510413909846,10.09308880745131,1.4004216064585364,-0.2916847756589459,NEUTRAL
2022-11-15,18359.25,-0.45037949220698326,2022-11-14,-0.4317452954829852,2022-11-14,-0.7800217287090027,2022-11-14,0.8089756220303479,2022-11-14,0.38292175112199733,2022-11-14,-0.2461436458135305,2022-11-14,-0.1193987981766927,False,True,13.222626800958304,9.973415804560416,3.2492109963978884,-0.2676760715492491,NEUTRAL
2022-11-16,18401.15,0.5511716237955436,2022-11-15,0.7723865893735432,2022-11-15,0.10486429762228551,2022-11-15,1.8065065456725529,2022-11-15,0.23358971323139402,2022-11-15,0.19940692158892728,2022-11-15,0.6113209485473744,False,True,12.681121818398323,9.863653550612574,2.817468267785749,-0.27313808227648456,NEUTRAL
2022-11-17,18379.3,-0.44897646166353844,2022-11-16,-0.6723295696323547,2022-11-16,0.15071304068356342,2022-11-16,-0.15488294861692994,2022-11-16,-0.8570465393102569,2022-11-16,-0.07700461131259528,2022-11-16,-0.3432545149753519,False,True,13.584500811357719,9.547127928779318,4.037372882578401,-0.25641497789521217,NEUTRAL
2022-11-18,18265.45,-0.14581400517456844,2022-11-17,-0.0938644318194511,2022-11-17,-0.23043669612562645,2022-11-17,-0.43693080702639775,2022-11-17,0.06994514607246775,2022-11-17,-1.061274211267001,2022-11-17,-0.3163958342234295,False,True,0.00010000000000000002,9.812574584281705,-9.812474584281706,-0.4410606573534979,NEUTRAL
2022-11-21,18162.55,0.3109850792477269,2022-11-18,0.08039574813156322,2022-11-18,-0.04566428912094629,2022-11-18,-0.07972321833383723,2022-11-18,0.758810648755505,2022-11-18,0.06844151453175354,2022-11-18,0.1822075805352942,False,True,10.60681691101865,9.941470476756924,0.6653464342617248,-0.30084819139514085,NEUTRAL
2022-11-22,18222.65,-0.17774913100150297,2022-11-21,-0.4298586197585592,2022-11-21,0.1559048840129465,2022-11-21,-0.7363155206678655,2022-11-21,-0.4116821588159741,2022-11-21,-0.7810403782803974,2022-11-21,-0.39679015408522544,False,True,12.675475503950596,10.616988680406084,2.058486823544511,-0.28190010606617527,NEUTRAL
2022-11-23,18311.35,0.8285470883636308,2022-11-22,0.7333385747022296,2022-11-22,0.48372323897751535,2022-11-22,-0.4753261717194229,2022-11-22,0.07873363533504085,2022-11-22,-0.4496709884508138,2022-11-22,0.19989089620136333,False,True,11.251811677704465,10.335351834581868,0.9164598431225972,-0.2966771307424109,NEUTRAL
2022-11-24,18401.75,0.3496749129639246,2022-11-23,0.5329475511464982,2022-11-23,0.48372323897751535,2022-11-22,0.3297885149301132,2022-11-23,-0.11357827278647871,2022-11-23,0.4224162719683781,2022-11-23,0.33416203619999174,False,True,10.799803334929816,10.1009551395466,0.6988481953832153,-0.2985460272682226,NEUTRAL
2022-11-25,18511.65,0.3496749129639246,2022-11-23,0.5329475511464982,2022-11-23,0.7281466187570639,2022-11-24,0.409346499404642,2022-11-24,0.4350572066931396,2022-11-24,0.769727104332401,2022-11-24,0.5374833155496115,False,True,0.00010000000000000002,10.711806453800016,-10.711706453800016,-0.45100932165651225,NEUTRAL
2022-11-28,18593.2,-0.035254498070295515,2022-11-25,-0.2227714621883061,2022-11-25,-0.27047091017206076,2022-11-25,-0.13364871549118987,2022-11-25,-0.1778745057555788,2022-11-25,-0.09498872564852605,2022-11-25,-0.1558348028876595,False,True,9.122321627074722,10.711510296324425,-1.5891886692497028,-0.3279784297565526,NEUTRAL
2022-11-29,18633.5,-0.9474952027273092,2022-11-28,-0.7364188739621578,2022-11-28,-0.3142295891165154,2022-11-28,-0.5795378739971406,2022-11-28,-1.0347058960861095,2022-11-28,-0.9681590228727588,2022-11-28,-0.7634244097936653,False,True,11.612132152161935,9.92407425397776,1.6880578981841747,-0.2830990052248908,NEUTRAL
2022-11-30,18676.4,-0.10184247105330933,2022-11-29,-0.24661881766984114,2022-11-29,-0.39783004665199856,2022-11-29,2.2715535676228717,2022-11-29,-0.33325527644390157,2022-11-29,0.8362289088497694,2022-11-29,0.3380393107755984,False,True,10.733662379572298,9.690906166616289,1.042756212956009,-0.29175373950065914,NEUTRAL
2022-12-01,18836.25,1.823220604609534,2022-11-30,2.1812397894155895,2022-11-30,-0.16490462920404414,2022-11-30,0.899729467289426,2022-11-30,0.08382713873884576,2022-11-30,1.2757074505519002,2022-11-30,1.016469970233542,False,True,11.574500977653171,9.75154494690767,1.8229560307455017,-0.28546943887463416,NEUTRAL
2022-12-02,18693.75,-0.1002542441441708,2022-12-01,0.05387995337899464,2022-12-01,0.7293520243121088,2022-12-01,0.3096497007907566,2022-12-01,0.3828677722382679,2022-12-01,0.1981726801444434,2022-12-01,0.2622779811200668,False,True,0.00010000000000000002,9.655612659587561,-9.655512659587561,-0.4354131649493012,NEUTRAL
2022-12-05,18673.6,-0.10154734166337198,2022-12-02,-0.07564228044432927,2022-12-02,-1.3045911134335963,2022-12-02,-0.12615385259386216,2022-12-02,0.057710491127065486,2022-12-02,-1.5048110108715786,2022-12-02,-0.5091725179799454,False,True,10.488771702556827,10.103802954701633,0.3849687478551935,-0.30061232996045795,NEUTRAL
2022-12-06,18607.7,-1.0706516025894623,2022-12-05,-0.8979209913020915,2022-12-05,0.10856925751905604,2022-12-05,1.8075078426405011,2022-12-05,-0.6249003902951737,2022-12-05,-0.5046307360185376,2022-12-05,-0.19700443667428466,False,True,13.461702521272779,10.045659717842561,3.4160428034302175,-0.2599578630258777,NEUTRAL
2022-12-07,18616.0,-0.8316202003766655,2022-12-06,-0.9009450900305225,2022-12-06,0.17007884164717774,2022-12-06,-0.1891633349532584,2022-12-06,-0.7379130141656379,2022-12-06,-0.8547693970233055,2022-12-06,-0.5573886991503687,False,True,13.428527644501504,10.081150228187514,3.3473774163139893,-0.26013719494164156,NEUTRAL
2022-12-08,18590.1,-0.07603074190439474,2022-12-07,-0.1674650180826748,2022-12-07,-0.5832235018277258,2022-12-07,-1.2836781173962717,2022-12-07,-0.6290048456886422,2022-12-07,-0.3541271106268543,2022-12-07,-0.5155882225877606,False,True,14.425432438562314,9.808079911601672,4.617352526960643,-0.24179828034359932,NEUTRAL
2022-12-09,18464.5,0.45468609069823474,2022-12-08,0.6000246218502928,2022-12-08,-0.33771368569547267,2022-12-08,1.3169019421901913,2022-12-08,-0.11797892604804233,2022-12-08,-0.39082000044722176,2022-12-08,0.2541833404246637,False,True,165.82632869866046,7.585684383475398,158.24064431518505,1.763787340177209,HIGH_VOL_STATE
2022-12-12,18446.6,-0.4641511680404833,2022-12-09,-0.31021101876534807,2022-12-09,0.9795467477830532,2022-12-09,0.8617477083954213,2022-12-09,0.5121998779803169,2022-12-09,0.6552174599406423,2022-12-09,0.3723916012156004,False,True,10.272024244913554,7.960182819339423,2.3118414255741317,-0.29955724369148073,NEUTRAL
2022-12-13,18583.05,0.8631543578510394,2022-12-12,0.6601799050047146,2022-12-12,-0.16074844815996617,2022-12-12,-0.8878945356091509,2022-12-12,-0.5911703800437117,2022-12-12,-0.5448194481980513,2022-12-12,-0.11021642485918766,False,True,12.337171664674138,7.842227556353215,4.494944108320922,-0.2716883014852956,NEUTRAL
2022-12-14,18669.7,0.4087540308162356,2022-12-13,0.5168677549796601,2022-12-13,0.3561619028617334,2022-12-13,0.22391742788994168,2022-12-13,1.0352676395576272,2022-12-13,-0.010925258844436582,2022-12-13,0.4216739162101269,False,True,14.40420465785749,8.113888614382683,6.290316043474807,-0.24846779123253077,NEUTRAL
2022-12-15,18437.5,-0.4101170614922508,2022-12-14,-0.368583648309827,2022-12-14,0.61081933997875,2022-12-14,0.10354910594713089,2022-12-14,-0.4442568616182474,2022-12-14,0.932859032210559,2022-12-14,0.07071165111935246,False,True,14.645703368997076,7.989050676134048,6.656652692863028,-0.20333738403765156,NEUTRAL
2022-12-16,18276.95,-1.5776923278727193,2022-12-15,-1.5940073892146651,2022-12-15,-0.3373694457095451,2022-12-15,-0.6353438504829962,2022-12-15,-3.162437893223499,2022-12-15,-1.346955966160461,2022-12-15,-1.442301145443981,False,True,198.99009554438666,9.456510844025948,189.5335847003607,2.4909001422807506,HIGH_VOL_STATE
2022-12-19,18407.3,-0.7139030648717019,2022-12-16,-0.4557165755373437,2022-12-16,-1.5981925056122503,2022-12-16,0.11845699225851036,2022-12-16,-0.7357955479533235,2022-12-16,-0.03483020585198343,2022-12-16,-0.5699968179280154,False,True,10.842788431789586,9.438659193281019,1.4041292385085669,-0.3113819391144003,NEUTRAL
2022-12-20,18335.05,-0.5804657636004062,2022-12-19,-0.7130816967142225,2022-12-19,-0.8821703759281505,2022-12-19,-0.25055156216257535,2022-12-19,0.12948857118934215,2022-12-19,-0.28526227521281894,2022-12-19,-0.430340517071472,False,True,12.631034010107612,9.76006650046261,2.870967509645002,-0.2899851242471592,NEUTRAL
2022-12-21,18216.6,0.021708976396395536,2022-12-20,0.019763344948490563,2022-12-20,-2.02580126217908,2022-12-20,-0.5750760382642345,2022-12-20,-0.5684866007999851,2022-12-20,-0.6746657561007682,2022-12-20,-0.6337595559998637,False,True,11.358966961529626,9.794716828681269,1.5642501328483576,-0.30463338986265387,NEUTRAL
2022-12-22,18104.75,0.8598718203812605,2022-12-21,0.7664484838466071,2022-12-21,-0.5193524571333025,2022-12-21,0.07654454802834229,2022-12-21,1.1579186568325497,2022-12-21,-0.1865359953071113,2022-12-21,0.3591491761080576,False,True,17.23502684812551,9.4446465134551,7.790380334670411,-0.1747015456289186,NEUTRAL
2022-12-23,17817.05,-0.953329316360869,2022-12-22,-1.0670371917142778,2022-12-22,0.4018541089439581,2022-12-22,0.9826750859768666,2022-12-22,-1.3632762465787904,2022-12-22,0.9761827952959081,2022-12-22,-0.17048846073953408,False,True,318.47037877399487,9.465062745290448,309.00531602870444,4.491658367443446,HIGH_VOL_STATE
2022-12-26,18081.95,0.32382642388222665,2022-12-23,0.1351857100987909,2022-12-23,-0.8772832845024108,2022-12-23,-0.26738808095547384,2022-12-23,-0.056308424821280505,2022-12-23,-1.687574118115834,2022-12-23,-0.40492362906899687,False,True,14.665598367766997,11.093337893083271,3.572260474683725,-0.27698560924307936,NEUTRAL
2022-12-27,18127.5,0.32382642388222665,2022-12-23,0.1351857100987909,2022-12-23,0.5579802414956141,2022-12-26,-0.26738808095547384,2022-12-23,-0.056308424821280505,2022-12-23,0.03161570261964375,2022-12-26,0.12081859538658685,False,True,15.266717102684613,12.066111243159387,3.2006058595252256,-0.2808912779443485,NEUTRAL
2022-12-28,18113.85,-0.3164806307955243,2022-12-27,-0.6760514136736742,2022-12-27,0.11676538081947649,2022-12-27,-0.26738808095547384,2022-12-23,0.131895352450305,2022-12-27,0.49951075411075535,2022-12-27,-0.08529143967402257,False,True,13.468627873542138,11.963750340350895,1.5048775331912427,-0.30256551897028644,NEUTRAL
2022-12-29,18142.95,-0.8303331194517792,2022-12-28,-0.6646940526877322,2022-12-28,-0.35355105149180793,2022-12-28,0.5070080884931721,2022-12-28,-0.6519199245539027,2022-12-28,-2.1280283857901168,2022-12-28,-0.6869197409136945,False,True,13.307199297648776,11.841962732208513,1.4652365654402626,-0.2710278996853804,NEUTRAL
2022-12-30,18190.65,1.0745936655354493,2022-12-29,1.3381877017977322,2022-12-29,-0.8442404704466007,2022-12-29,-0.41244574462908945,2022-12-29,0.8665475861421775,2022-12-29,-1.7819911642564934,2022-12-29,0.040108595690529235,False,True,130.29631077357476,11.897482278285953,118.39882849528881,1.5489937182626974,HIGH_VOL_STATE
2023-01-02,18183.6,-0.1894267418568135,2022-12-30,-0.011284080722398143,2022-12-30,0.003946341253836975,2022-12-30,-0.02713407731715965,2022-12-30,-1.2365625367997037,2022-12-30,-1.7819911642564934,2022-12-29,-0.5404087099497886,False,True,11.343066545097823,11.93714350507991,-0.5940769599820861,-0.3261636601954437,NEUTRAL
2023-01-03,18233.0,-0.1894267418568135,2022-12-30,-0.011284080722398143,2022-12-30,0.003946341253836975,2022-12-30,-0.02713407731715965,2022-12-30,0.8374826279571165,2023-01-02,-0.43820500150814573,2023-01-02,0.029229844634406078,False,True,13.847368562534845,12.170280621768105,1.6770879407667394,-0.2919325482373935,NEUTRAL
2023-01-04,18055.9,-0.28384276830039074,2023-01-03,-0.34096529322410885,2023-01-03,0.003946341253836975,2022-12-30,0.6702704303945549,2023-01-03,0.5647725096972528,2023-01-03,-0.27310844200502116,2023-01-03,0.056845462969354,False,True,13.321899352920735,12.158260138559884,1.1636392143608507,-0.3055200251303168,NEUTRAL
2023-01-05,17956.85,0.461920667707762,2023-01-04,0.3942026870193321,2023-01-04,-1.294893611678056,2023-01-04,1.2067931719128198,2023-01-04,1.9246787098263372,2023-01-04,1.4780008336107189,2023-01-04,0.695117076399819,False,True,14.94800729771672,12.54677838546895,2.4012289122477686,-0.2875522639443366,NEUTRAL
2023-01-06,17865.25,-0.8539623989335403,2023-01-05,-0.7592904189354727,2023-01-05,0.44621958300043907,2023-01-05,0.37950018542174,2023-01-05,-0.645559565273483,2023-01-05,0.29075676687784974,2023-01-05,-0.19038930797374454,False,True,140.8544778655357,12.440412214306887,128.4140656512288,1.6418491056278757,HIGH_VOL_STATE
2023-01-09,18067.05,1.4641199160406295,2023-01-06,1.344126883421338,2023-01-06,0.6253100802657101,2023-01-06,-0.26432839188678114,2023-01-06,0.8860914012077399,2023-01-06,0.9388360724786856,2023-01-06,0.8323593269212203,False,True,11.511930409394358,12.610329696201084,-1.0983992868067265,-0.36502810705393507,NEUTRAL
2023-01-10,17894.65,-0.14815310872167076,2023-01-09,0.30180006494350986,2023-01-09,0.6253100802657101,2023-01-06,0.6093372765643433,2023-01-09,0.9424079646174562,2023-01-09,2.264730999935759,2023-01-09,0.7659055462675181,False,True,12.143509465238148,13.52991617057697,-1.3864067053388212,-0.3677735484544074,NEUTRAL
2023-01-11,17935.7,0.3604318632959551,2023-01-10,0.4897356796532482,2023-01-10,0.7740227118968537,2023-01-10,-0.289005825239172,2023-01-10,-0.40496358813677746,2023-01-10,-0.05248167421956972,2023-01-10,0.14628986120842294,False,True,15.166349562829279,13.798954313507947,1.3673952493213317,-0.2938728134124696,NEUTRAL
2023-01-12,17819.0,0.7858438470516571,2023-01-11,0.8953997992498665,2023-01-11,1.002158078699432,2023-01-11,0.00871949927803993,2023-01-11,0.8939186902291822,2023-01-11,0.21926217299846062,2023-01-11,0.6342170145844398,False,True,15.565781407495116,13.131044899011506,2.43473650848361,-0.2774382059600027,NEUTRAL
2023-01-13,17951.0,0.11041801377256137,2023-01-12,0.2750321527004181,2023-01-12,0.0056810655559879466,2023-01-12,-0.03822395903625952,2023-01-12,0.46087062913195176,2023-01-12,0.13497473417870492,2023-01-12,0.1581254393838941,False,True,0.00010000000000000002,12.899688198399827,-12.899588198399828,-0.5282252002149516,NEUTRAL
2023-01-16,17877.8,0.18139807706795164,2023-01-13,0.34787772923209564,2023-01-13,-1.2123895803776288,2023-01-13,0.23982354518433366,2023-01-13,-0.09466267124126133,2023-01-13,0.7086367793588786,2023-01-13,0.028447313204061575,False,True,11.675806343980188,12.651774161005166,-0.9759678170249781,-0.32980578909077296,NEUTRAL
2023-01-17,17999.05,0.18139807706795164,2023-01-13,0.34787772923209564,2023-01-13,-1.117150439652245,2023-01-16,-0.16923719036481777,2023-01-16,0.03071180935987988,2023-01-16,0.4045748741866807,2023-01-16,-0.05363752336174247,False,True,14.456377779653263,12.674145414885258,1.7822323647680047,-0.2846566508391311,NEUTRAL
2023-01-18,18177.8,-0.23630275222008726,2023-01-17,0.043643933608361704,2023-01-17,1.323681087347961,2023-01-17,-0.5276457497181494,2023-01-17,0.05576890858608425,2023-01-17,-0.8947720800048978,2023-01-17,-0.039271108733454574,False,True,13.316493934295949,12.727651944631527,0.5888419896644219,-0.2713138068429782,NEUTRAL
2023-01-19,18093.2,-1.2036241813726185,2023-01-18,-0.7187637807427222,2023-01-18,2.653352762104011,2023-01-18,-0.01394151141733956,2023-01-18,-0.307003916361188,2023-01-18,-0.5169540603930342,2023-01-18,-0.01782244803048193,False,True,12.974546050065328,12.867296815244858,0.10724923482047011,-0.28192095120206717,NEUTRAL
2023-01-20,18050.4,-0.6263811601397461,2023-01-19,-0.5546298175197947,2023-01-19,-1.3934905521415148,2023-01-19,-0.2670759587399798,2023-01-19,-1.9789709063914986,2023-01-19,0.36337100079600815,2023-01-19,-0.7428628990227542,False,True,140.0153694401416,11.002943177077235,129.01242626306436,2.0908171787279675,HIGH_VOL_STATE
2023-01-23,18112.1,1.3056307188836007,2023-01-20,1.4429225738698452,2023-01-20,0.5786058034706494,2023-01-20,0.5425479349922309,2023-01-20,0.5347773510019632,2023-01-20,0.47294515084536326,2023-01-20,0.8129049221772755,False,True,11.094949090733042,10.340093936722756,0.7548551540102864,-0.30075457988460663,NEUTRAL
2023-01-24,18123.15,0.7850137521542013,2023-01-23,1.0576447780523193,2023-01-23,1.306694193491971,2023-01-23,0.5425479349922309,2023-01-20,0.234182228540592,2023-01-23,0.47294515084536326,2023-01-20,0.7331713396794464,False,True,12.178758449730026,10.222943327517156,1.9558151222128703,-0.284567407494024,NEUTRAL
2023-01-25,17901.35,-0.10632990825616565,2023-01-24,-0.16524219937136497,2023-01-24,1.4015176177997815,2023-01-24,0.5425479349922309,2023-01-20,-0.28150577902543766,2023-01-24,0.47294515084536326,2023-01-20,0.31065546949740125,False,True,11.862364538238909,10.220990703632694,1.641373834606215,-0.29106956533613104,NEUTRAL
2023-01-27,17541.05,0.7202755256077352,2023-01-26,0.9142805154569483,2023-01-26,-0.11536376104789128,2023-01-26,0.7754979481593517,2023-01-26,0.12590081054477117,2023-01-26,1.3918227799359386,2023-01-26,0.6354023031094757,False,True,37.23334674431988,11.063509168573772,26.169837575746108,0.14651445010828393,NEUTRAL
2023-01-30,17566.25,0.12741161001081688,2023-01-27,0.48578754334455465,2023-01-27,0.06296571630457554,2023-01-27,-0.05866985350942007,2023-01-27,-0.10994193620556564,2023-01-27,0.4449231717480088,2023-01-27,0.15874604194882838,False,True,19.133989072537254,12.321310408215203,6.812678664322052,-0.20580671792715835,NEUTRAL
2023-01-31,17662.1,-1.0222582340471014,2023-01-30,-1.153134639064187,2023-01-30,0.15695178120566355,2023-01-30,-1.525132982940622,2023-01-30,-0.3974474878488389,2023-01-30,-1.339036653105173,2023-01-30,-0.8800097026333765,False,True,24.99473583798444,12.165636850003802,12.829098987980638,-0.09731564065680588,NEUTRAL
2023-02-01,17447.25,1.0126232532068895,2023-01-31,0.8742374361400944,2023-01-31,-0.37738200515824694,2023-01-31,-0.7793611382331517,2023-01-31,-0.191042490313902,2023-01-31,-1.0137059295994109,2023-01-31,-0.07910514565962128,False,True,29.70879619134985,12.125465649821257,17.583330541528596,-0.019658161813189055,NEUTRAL
2023-02-02,17590.45,0.6737264600440799,2023-02-01,1.0349372876603335,2023-02-01,0.08724611738431266,2023-02-01,0.1661966878122378,2023-02-01,0.16181057422187792,2023-02-01,0.8489241675255405,2023-02-01,0.49547354910806374,False,True,22.913471301546302,11.660776791333305,11.252694510212997,-0.13772287677181727,NEUTRAL
2023-02-03,17834.0,0.9681491505106025,2023-02-02,1.712634625907867,2023-02-02,0.2125330501995877,2023-02-02,-0.5353525939676103,2023-02-02,2.0720172287283063,2023-02-02,0.6288084951793985,2023-02-02,0.8431316594263586,False,True,0.00010000000000000002,11.6486376534165,-11.6485376534165,-0.5509138227111205,NEUTRAL
2023-02-06,17761.6,-0.9106184735340923,2023-02-03,-1.0332640584719084,2023-02-03,0.3777384262418011,2023-02-03,-0.9132474607651794,2023-02-03,-0.4308858713984462,2023-02-03,0.35330525154019626,2023-02-03,-0.4261620310646048,False,True,12.842287322810297,12.574076793805656,0.2682105290046408,-0.3314215433243669,NEUTRAL
2023-02-07,17764.1,-0.5679537724243862,2023-02-06,-0.6753546637163141,2023-02-06,0.6786907026205632,2023-02-06,-1.266813847994104,2023-02-06,-1.1164650854563323,2023-02-06,-1.5937223198507844,2023-02-06,-0.7569364978035596,False,True,16.218581197044312,11.554505750319082,4.66407544672523,-0.25601036851486525,NEUTRAL
2023-02-08,17890.8,0.8634721727025838,2023-02-07,0.9336940913366761,2023-02-07,-0.02415270793432936,2023-02-07,-0.05688595468482719,2023-02-07,-0.3259803524596156,2023-02-07,0.48047919915900944,2023-02-07,0.3117710746865829,False,True,15.870951306387948,11.002317427860055,4.868633878527893,-0.2533951359007639,NEUTRAL
2023-02-09,17884.8,-0.9792153031171472,2023-02-08,-1.0875686088044014,2023-02-08,-0.2974144705176287,2023-02-08,-0.256218010771718,2023-02-08,0.5312062931260039,2023-02-08,1.130087637882407,2023-02-08,-0.15985374370041408,False,True,14.826911142477151,11.478118407434128,3.3487927350430233,-0.28111753964413094,NEUTRAL
2023-02-10,17833.75,-0.8484288670394026,2023-02-09,-0.7333555631411796,2023-02-09,-0.09816360730085212,2023-02-09,0.5882491901277913,2023-02-09,0.6696763346824016,2023-02-09,-0.08735665087865002,2023-02-09,-0.0848965272583152,False,True,0.00010000000000000002,11.458685447406749,-11.45858544740675,-0.546360347372352,NEUTRAL
2023-02-13,17801.25,0.15670525077858524,2023-02-10,-0.4426660982555666,2023-02-10,0.39920100631185007,2023-02-10,-1.2641306468006055,2023-02-10,-1.7238795229733097,2023-02-10,-0.4659758755603669,2023-02-10,-0.5567909810832355,False,True,10.25972528418696,11.291487833405412,-1.0317625492184526,-0.35440856654872566,NEUTRAL
2023-02-14,17947.05,0.9664039233289899,2023-02-13,0.9041139329702854,2023-02-13,-0.9969291908859244,2023-02-13,-0.304701763345565,2023-02-13,0.5061849177967684,2023-02-13,-0.6597693496453462,2023-02-13,0.06921707836986807,False,True,13.71213714093521,11.355320903318255,2.3568162376169557,-0.29682153985498727,NEUTRAL
2023-02-15,17971.55,-0.08351784412227199,2023-02-14,0.31544978171352545,2023-02-14,0.7641663298045314,2023-02-14,-0.33926213925995785,2023-02-14,-0.2442500054242341,2023-02-14,0.5151733050342002,2023-02-14,0.1546265712909655,False,True,13.343866864790655,11.36555556726433,1.978311297526325,-0.304145196540996,NEUTRAL
2023-02-16,18075.1,0.17703360547500954,2023-02-15,0.5231735474632866,2023-02-15,-0.39058752335816205,2023-02-15,-1.0109501290301486,2023-02-15,0.7767835717159292,2023-02-15,-1.5026751804063387,2023-02-15,-0.23787035135673737,False,True,12.358064617816748,11.263036537414136,1.0950280804026118,-0.3199215810753947,NEUTRAL
2023-02-17,17918.85,-1.312732375821605,2023-02-16,-1.2562531975396738,2023-02-16,0.8284007539180267,2023-02-16,0.3713609530386946,2023-02-16,0.05635387977777607,2023-02-16,1.8691963757472279,2023-02-16,0.0927210648534077,False,True,266.30864306561665,11.224219047894493,255.08442401772214,4.224140940171711,HIGH_VOL_STATE
2023-02-20,17856.35,-0.2955488690547154,2023-02-17,-0.44673108343370566,2023-02-17,-0.7380165862054883,2023-02-17,-0.9136914532357628,2023-02-17,-0.5065915251236661,2023-02-17,-0.9545341013655173,2023-02-17,-0.6425189364031426,False,True,10.152385337515527,11.261208107450372,-1.1088227699348447,-0.3825217549337622,NEUTRAL
2023-02-21,17818.9,-0.2955488690547154,2023-02-17,-0.44673108343370566,2023-02-17,0.10167736593882085,2023-02-20,0.33727125990013296,2023-02-20,-0.15190771942026848,2023-02-20,0.11340899075093908,2023-02-20,-0.056971675886466115,False,True,13.295643269195862,11.228909698165216,2.066733571030646,-0.33550311139413347,NEUTRAL
2023-02-22,17580.35,-1.823081905007304,2023-02-21,-1.6984504245248497,2023-02-21,-0.20624480464104045,2023-02-21,-1.1833627194477159,2023-02-21,-0.6898011824614179,2023-02-21,0.11643443873615857,2023-02-21,-0.9140844328910281,False,True,12.700739474718613,11.225265592147844,1.4754738825707694,-0.34589276339497255,NEUTRAL
2023-02-23,17557.05,-0.1402263800493258,2023-02-22,0.04424843755982275,2023-02-22,-1.474295500618804,2023-02-22,-0.4684033294820379,2023-02-22,-0.11484598842787958,2023-02-22,-1.5862279659642873,2023-02-22,-0.6232917878304186,False,True,15.203596512741097,11.66792032334641,3.535676189394687,-0.3133883545029999,NEUTRAL
2023-02-24,17442.45,0.4719316956332027,2023-02-23,0.43319031235208405,2023-02-23,-1.474295500618804,2023-02-22,-0.38266338620763074,2023-02-23,0.41483088294915843,2023-02-23,0.8186497793707497,2023-02-23,0.04694063057979333,False,True,0.00010000000000000002,10.157088837484201,-10.156988837484201,-0.5297775702559676,NEUTRAL
2023-02-27,17377.45,-0.9172914793981296,2023-02-24,-1.1159804341053425,2023-02-24,1.5206776977695688,2023-02-24,-1.171089610532889,2023-02-24,-2.0574803320844017,2023-02-24,-0.6093577672656721,2023-02-24,-0.7250869876028111,False,True,11.45706235626354,10.131350403711693,1.3257119525518473,-0.3452965660548843,NEUTRAL
2023-02-28,17314.55,0.26168744528572013,2023-02-27,0.3619095925454448,2023-02-27,-0.07616147798027977,2023-02-27,-0.3312499586015012,2023-02-27,1.129730504897795,2023-02-27,-0.7996601479720873,2023-02-27,0.09104265969584861,False,True,13.620838266259144,10.20330625877545,3.4175320074836932,-0.3156742780907541,NEUTRAL
2023-03-01,17455.4,-0.28084377825572454,2023-02-28,-0.11689628548273355,2023-02-28,0.12267316256903517,2023-02-28,-0.6066133581999291,2023-02-28,-0.21985728997443896,2023-02-28,0.4384557129841233,2023-02-28,-0.11051363939327792,False,True,13.941395036102405,10.305776069732005,3.6356189663703997,-0.3131218685158439,NEUTRAL
2023-03-02,17330.6,-0.40539209629267925,2023-03-01,-0.45923288967111353,2023-03-01,0.31610810058481636,2023-03-01,2.3928784902323073,2023-03-01,-0.5358135064041989,2023-03-01,0.4384557129841233,2023-02-28,0.2911673019055426,False,True,12.486145255966205,10.862439795305798,1.6237054606604069,-0.34487941741603556,NEUTRAL
2023-03-03,17626.7,0.7529394070560943,2023-03-02,0.5031199186463051,2023-03-02,-0.028668577141311328,2023-03-02,-0.7083701731257626,2023-03-02,0.038165930141266804,2023-03-02,0.6205820823443909,2023-03-02,0.19629476465349718,False,True,0.00010000000000000002,9.633762138655626,-9.633662138655627,-0.5216871758945303,NEUTRAL
2023-03-06,17720.8,1.5336919359199568,2023-03-03,1.3338646615133842,2023-03-03,1.7987076801396216,2023-03-03,0.3166239269829669,2023-03-03,1.6403700160173258,2023-03-03,0.16576374926119253,2023-03-03,1.1315036616390748,False,True,8.49557442189433,11.397358793947445,-2.9017843720531147,-0.4112762346932672,NEUTRAL
2023-03-08,17708.35,-1.5051973081977281,2023-03-07,-0.9369658787740611,2023-03-07,0.2510128857262607,2023-03-07,-0.3189583476773208,2023-03-07,-0.7959108998841471,2023-03-07,-0.022449727612918663,2023-03-07,-0.5547448794033192,False,True,9.577146927108831,11.657441600850058,-2.0802946737412267,-0.3703432383116702,NEUTRAL
2023-03-09,17608.6,0.10623074377470701,2023-03-08,0.20721592636709354,2023-03-08,0.4827951517435202,2023-03-08,-1.6384325144233576,2023-03-08,0.3404902259160162,2023-03-08,-1.2853225508224821,2023-03-08,-0.2978371695740838,False,True,11.657700350787795,11.242115084135678,0.41558526665211737,-0.3281937240624608,NEUTRAL
2023-03-10,17383.15,-1.7467875303674059,2023-03-09,-1.4766495272289628,2023-03-09,0.6352264881038816,2023-03-09,-0.4512574104739005,2023-03-09,-0.130503719989777,2023-03-09,-0.5463212823010013,2023-03-09,-0.6193821637095277,False,True,0.00010000000000000002,11.682419501573358,-11.682319501573359,-0.5246830188963149,NEUTRAL
2023-03-13,17142.7,-1.3280016230380103,2023-03-10,-1.2384139545908772,2023-03-10,-1.925327037393792,2023-03-10,-2.1441485713173023,2023-03-10,-1.5593383509493604,2023-03-10,-0.989041554571337,2023-03-10,-1.5307118486434463,False,True,11.35481144660111,12.148447592980864,-0.7936361463797539,-0.34120284293931974,NEUTRAL
2023-03-14,17048.2,-0.09374297119791712,2023-03-13,0.29640345984352046,2023-03-13,-1.2246956498705845,2023-03-13,1.3346992142815495,2023-03-13,-3.833636638620708,2023-03-13,0.6140611483044303,2023-03-13,-0.4844852395432849,False,True,19.442683233524917,13.071030481695114,6.371652751829803,-0.2221692862392573,NEUTRAL
2023-03-15,17018.55,1.5785281814691872,2023-03-14,1.4502679717415148,2023-03-14,-2.3560520200455195,2023-03-14,-1.564241853985462,2023-03-14,1.8339688075657343,2023-03-14,-2.445454904075838,2023-03-14,-0.2504973028883972,False,True,18.854223509147268,12.485445213110646,6.368778296036622,-0.1850076866372917,NEUTRAL
2023-03-16,16976.45,-0.6088478603827076,2023-03-15,0.001784763528739535,2023-03-15,0.08161242718076862,2023-03-15,1.0503486314356318,2023-03-15,-3.5905202915260888,2023-03-15,1.2167976519976063,2023-03-15,-0.30813744629434164,False,True,18.423937448295053,12.161034906326842,6.262902541968211,-0.1883701583021501,NEUTRAL
2023-03-17,17094.2,1.654238392973952,2023-03-16,1.6560215851510316,2023-03-16,-0.7851743273951663,2023-03-16,-1.1795850293013246,2023-03-16,1.4025250792641863,2023-03-16,-0.08698228144362304,2023-03-16,0.44350723654150936,False,True,0.00010000000000000002,12.146149719298023,-12.146049719298023,-0.5115502877917775,NEUTRAL
2023-03-20,16943.15,-1.0754862506953684,2023-03-17,-0.6182431260716896,2023-03-17,1.299287005922779,2023-03-17,1.1284660435012204,2023-03-17,-1.3682320655228424,2023-03-17,0.6667035200663987,2023-03-17,0.0054158545334162716,False,True,13.319722970626714,12.632603419808468,0.6871195508182453,-0.2825288819276953,NEUTRAL
2023-03-21,17119.15,0.7838923079464865,2023-03-20,0.14762637571363332,2023-03-20,-1.5133032788706182,2023-03-20,-1.8086914850349365,2023-03-20,0.9665976058986228,2023-03-20,-0.6608299353485911,2023-03-20,-0.3474514016159005,False,True,17.994821353551078,12.670629864102134,5.324191489448944,-0.19934974078844872,NEUTRAL
2023-03-22,17140.35,1.1435260806268368,2023-03-21,0.9680589850858996,2023-03-21,-1.5133032788706182,2023-03-20,0.9124858417276902,2023-03-21,1.5461234356763838,2023-03-21,0.3160418062540724,2023-03-21,0.5621554784167108,False,True,16.6202027171469,13.135576227360971,3.484626489785928,-0.1927304541507605,NEUTRAL
2023-03-23,17094.7,-1.5819759624493264,2023-03-22,-1.231976912793571,2023-03-22,2.0990771714424965,2023-03-22,1.128442591334381,2023-03-22,-0.005332011769234252,2023-03-22,1.0493412551296726,2023-03-22,0.24292935514906974,False,True,20.102895611231386,12.211350726704062,7.891544884527324,-0.08903035308267969,NEUTRAL
2023-03-24,16999.3,0.22487809540434828,2023-03-23,0.5692523098016181,2023-03-23,-0.2588914901041796,2023-03-23,1.4897194667131188,2023-03-23,-0.17845180388993193,2023-03-23,0.24009948560257138,2023-03-23,0.34776767725459085,False,True,364.3141428688577,12.25903712706762,352.05510574179004,8.00710353225639,HIGH_VOL_STATE
2023-03-27,17050.25,0.4753560372296928,2023-03-24,0.0742399162609998,2023-03-24,-0.19895845120559655,2023-03-24,-0.48405136834848966,2023-03-24,-1.68562353026239,2023-03-24,-0.4457589224093282,2023-03-24,-0.3774660531225187,False,True,14.306270071068832,12.475486303776725,1.8307837672921075,-0.25806360910824877,NEUTRAL
2023-03-28,16954.1,0.09097138843465079,2023-03-27,-0.49041300109034597,2023-03-27,0.2800751901844318,2023-03-27,-1.165807754399272,2023-03-27,0.937422105825767,2023-03-27,-0.29178736475250094,2023-03-27,-0.10658990596621154,False,True,15.506947480339017,12.512091181185822,2.994856299153195,-0.23911600312457207,NEUTRAL
2023-03-29,17011.9,-0.23073853086585952,2023-03-28,-0.492432896306298,2023-03-28,0.08694746521614376,2023-03-28,0.7129837942018855,2023-03-28,-0.029506015960993077,2023-03-28,0.9440351368921663,2023-03-28,0.16521482552950748,False,True,15.3536553444028,12.42791710292964,2.9257382414731588,-0.21375771041680194,NEUTRAL
2023-03-31,17364.7,0.45857318156295657,2023-03-30,0.36163547083942044,2023-03-30,-0.49366607131913015,2023-03-30,0.34008334542426294,2023-03-30,1.102263493918095,2023-03-30,0.2259356361481608,2023-03-30,0.33247084276229427,False,True,0.00010000000000000002,12.33685539337924,-12.33675539337924,-0.4706560644824922,NEUTRAL
2023-04-03,17384.1,1.2660641321435853,2023-03-31,1.06742857803767,2023-03-31,0.8877257932233402,2023-03-31,0.25212511614828464,2023-03-31,0.5252409249855936,2023-03-31,0.8040433831547108,2023-03-31,0.8004379879488641,False,True,10.698693244670618,13.604009627969186,-2.905316383298567,-0.3081997284155824,NEUTRAL
2023-04-05,17548.25,-0.6788370690378215,2023-04-04,-0.583240924258965,2023-04-04,0.21439671776148383,2023-04-04,-0.431578659038902,2023-04-04,0.05030469749946812,2023-04-04,0.17680643316278438,2023-04-04,-0.2086914673186587,False,True,10.415845991904026,12.261119576143885,-1.8452735842398589,-0.2892271814074656,NEUTRAL
2023-04-06,17603.95,-0.33222916675273784,2023-04-05,-0.9634213819866969,2023-04-05,-2.0146184742529414,2023-04-05,-0.431578659038902,2023-04-04,-0.6013304826559888,2023-04-05,0.4457538969823254,2023-04-05,-0.6495707112841568,False,True,11.500964665905968,12.49687350744275,-0.9959088415367816,-0.2737447642589827,NEUTRAL
2023-04-10,17623.9,0.26344821285125114,2023-04-06,0.4024291196610097,2023-04-06,0.08551416268706355,2023-04-07,0.224756848334481,2023-04-06,0.4154810573274832,2023-04-06,1.267648019932362,2023-04-07,0.4432129034656085,False,True,19.93999388118748,12.496010580709607,7.443983300477873,-0.09952461626381313,NEUTRAL
2023-04-11,17716.4,0.01690798227109299,2023-04-10,-0.1729638266482423,2023-04-10,0.3702244957108317,2023-04-10,0.224756848334481,2023-04-06,0.4154810573274832,2023-04-06,0.8107596207008874,2023-04-10,0.2775276962827557,False,True,10.710781643413576,12.034176211685867,-1.3233945682722918,-0.2534383041930571,NEUTRAL
2023-04-12,17782.4,-0.06608649114293015,2023-04-11,-0.4528905421457427,2023-04-11,1.030266124105091,2023-04-11,0.5428737590027561,2023-04-11,0.29168412072057276,2023-04-11,1.3784372962974452,2023-04-11,0.4540473778061987,False,True,10.27001157413644,11.518537309283552,-1.248525735147112,-0.2521646472073973,NEUTRAL
2023-04-13,17818.55,-0.4660753753543682,2023-04-12,-0.7492634321378354,2023-04-12,0.48691537981904426,2023-04-12,-0.5457607928498589,2023-04-12,0.23298065226127126,2023-04-12,-0.02028428699264612,2023-04-12,-0.17691464254239886,False,True,12.57690476553715,9.857674347533216,2.719230418003935,-0.18285664980468902,NEUTRAL
2023-04-17,17688.95,-0.2695647887963446,2023-04-14,-0.3746583204478369,2023-04-14,1.1717049295731545,2023-04-14,0.3705778282522902,2023-04-14,0.41587699943646866,2023-04-14,0.2807529416898614,2023-04-14,0.26578159828459885,False,True,288.65334052521297,9.322257717224899,279.3310828079881,4.593367852281765,HIGH_VOL_STATE
2023-04-18,17651.05,0.23910730273408373,2023-04-17,0.0767655691104376,2023-04-17,-0.03647487793956508,2023-04-17,1.2041315764825087,2023-04-17,-0.17904995624118863,2023-04-17,0.039677707892218014,2023-04-17,0.22402622033974903,False,True,10.924133010166647,9.624528005664526,1.299605004502121,-0.2512143732379632,NEUTRAL
2023-04-19,17594.65,-0.024092942901773055,2023-04-18,-0.17263534010829415,2023-04-18,0.4426894560993151,2023-04-18,-0.38834123740370824,2023-04-18,0.48349508903820193,2023-04-18,-0.3484588923307245,2023-04-18,-0.0012239779344971613,False,True,10.780073336938045,9.77710721338811,1.0029661235499354,-0.2562315272747767,NEUTRAL
2023-04-20,17611.35,-0.09079209157648989,2023-04-19,-0.09284111451713778,2023-04-19,-0.37052355636998924,2023-04-19,-0.8795201420290545,2023-04-19,-0.017570006013047763,2023-04-19,0.023288454966955852,2023-04-19,-0.2379930759231272,False,True,11.24530928905157,9.729370153590175,1.5159391354613945,-0.24839281863059573,NEUTRAL
2023-04-21,17628.9,-0.684636120610803,2023-04-20,-0.7142701537864559,2023-04-20,0.0868472683245208,2023-04-20,0.15485637135564168,2023-04-20,-0.7064690190458247,2023-04-20,-0.6213985404976662,2023-04-20,-0.4141783657100979,False,True,401.59611001782076,9.236169473201928,392.35994054461884,5.567324558433,HIGH_VOL_STATE
2023-04-24,17729.45,0.041258847820993816,2023-04-21,-0.00364083650764822,2023-04-21,-0.5054035312748526,2023-04-21,-1.0054083947313683,2023-04-21,0.45444504681322245,2023-04-21,-0.878977090518208,2023-04-21,-0.31628765973297684,False,True,8.880669609212557,9.050215791769487,-0.16954618255693,-0.3014686275670385,NEUTRAL
2023-04-25,17785.95,0.033999466765537945,2023-04-24,-0.31487932846154293,2023-04-24,0.03590783893638098,2023-04-24,-0.31025166998118797,2023-04-24,-0.1994116467742023,2023-04-24,-0.9511588565571778,2023-04-24,-0.28429903267869866,False,True,9.510359554522852,9.24147709575088,0.26888245877197114,-0.27372669327251864,NEUTRAL
2023-04-26,17784.35,-1.701847714231185,2023-04-25,-1.6085294291470447,2023-04-25,0.020061742962306603,2023-04-25,-1.0620269209993989,2023-04-25,-0.03168328896663042,2023-04-25,-1.51057236075762,2023-04-25,-0.9824329951899288,False,True,9.487595683675393,8.934950591845219,0.5526450918301737,-0.2701432754291306,NEUTRAL
2023-04-27,17886.45,-0.4003723712411476,2023-04-26,0.3333051428917455,2023-04-26,-0.9724633433422034,2023-04-26,0.6467260985412916,2023-04-26,-0.5547505131760264,2023-04-26,-0.21464723748573164,2023-04-26,-0.19370037063534531,False,True,10.168895786295193,8.096766409640024,2.0721293766551696,-0.25122065575999275,NEUTRAL
2023-04-28,17985.45,2.020289235101685,2023-04-27,1.843724354196728,2023-04-27,0.10165210119195943,2023-04-27,0.44306610038470334,2023-04-27,-0.046593300495235676,2023-04-27,0.4341279683789855,2023-04-27,0.7993777431264708,False,True,70.32021720628985,8.171294371150516,62.14892283513934,0.4847164078647977,NEUTRAL
2023-05-02,18152.25,-0.0654459731175064,2023-05-01,-0.14058990958832074,2023-05-01,0.9984155887969115,2023-05-01,0.31313812158736865,2023-04-28,0.6811490437006255,2023-04-28,0.21389852872287926,2023-04-28,0.33342756668365964,False,True,7.407066911276683,8.187480272909154,-0.7804133616324709,-0.2930387851506967,NEUTRAL
2023-05-03,18079.75,-1.2182800178038753,2023-05-02,-0.9054957776871027,2023-05-02,0.01707995438276965,2023-05-02,0.2440959187002654,2023-05-02,-1.28346955331842,2023-05-02,0.9837378864091593,2023-05-02,-0.360388598219534,False,True,10.512542259904144,8.040533160602612,2.4720090993015322,-0.25162434278890855,NEUTRAL
2023-05-04,18230.25,-0.7317284415613421,2023-05-03,-0.39679864007718485,2023-05-03,0.01707995438276965,2023-05-02,-0.7277518463379613,2023-05-03,0.5326975726023829,2023-05-03,-1.0395919184066849,2023-05-03,-0.39101555323300347,False,True,12.445612984386212,6.5895128398938505,5.856100144492362,-0.2080671593113568,NEUTRAL
2023-05-05,18090.9,-0.752566672291981,2023-05-04,-0.43425707797663116,2023-05-04,0.01707995438276965,2023-05-02,1.0249942624016462,2023-05-04,-0.5516432519112623,2023-05-04,-0.07312882936240693,2023-05-04,-0.12825360245964426,False,True,0.00010000000000000002,7.064976289592282,-7.0648762895922825,-0.3634291976954891,NEUTRAL
2023-05-08,18266.0,1.99802755060555,2023-05-05,1.942198538191468,2023-05-05,0.01707995438276965,2023-05-02,0.4491257907198298,2023-05-05,1.3993572325281851,2023-05-05,-0.07312882936240693,2023-05-04,0.9554433728442326,False,True,9.637892292816282,7.995041116186756,1.6428511766295264,-0.25310405365176053,NEUTRAL
2023-05-09,18266.7,0.03448614875122204,2023-05-08,0.10520473755572474,2023-05-08,-0.9707355643205221,2023-05-08,0.9528164353867428,2023-05-08,-0.12310121549704382,2023-05-08,0.5122350927490542,2023-05-08,0.0851509391041963,False,True,10.538471936207012,8.681599779588732,1.8568721566182802,-0.25342947310897856,NEUTRAL
2023-05-10,18286.15,-0.5076334986542065,2023-05-09,-0.5999610430914417,2023-05-09,1.1101229572469318,2023-05-09,-1.4654495371016034,2023-05-09,-0.04546644961389245,2023-05-09,-0.1706542386489342,2023-05-09,-0.2798403016438577,False,True,11.130513129839626,8.706956704626572,2.4235564252130537,-0.24685288172539066,NEUTRAL
2023-05-11,18291.8,0.45122716367130294,2023-05-10,0.828505127756536,2023-05-10,-0.596761078221637,2023-05-10,-0.29968530949222094,2023-05-10,-0.4194155905201644,2023-05-10,-0.6451596926639201,2023-05-10,-0.11354822991168395,False,True,12.377262350732746,8.599180166402752,3.7780821843299943,-0.22982660336514224,NEUTRAL
2023-05-12,18328.8,-0.1837486285500145,2023-05-11,0.0992606104086446,2023-05-11,-0.09056480021289574,2023-05-11,0.03358688754148307,2023-05-11,-0.45793587589708373,2023-05-11,-0.2777847524843799,2023-05-11,-0.1461977598657077,False,True,0.00010000000000000002,8.553526041748848,-8.553426041748848,-0.3801966373052454,NEUTRAL
2023-05-15,18440.7,-0.16926171744993693,2023-05-12,-0.3547025690876475,2023-05-12,0.9444462630691735,2023-05-12,-0.3487171932058388,2023-05-12,0.45146786884933354,2023-05-12,-0.7542860892944759,2023-05-12,-0.03850890618656536,False,True,9.467437271086665,8.552722730110636,0.9147145409760284,-0.26194281837810024,NEUTRAL
2023-05-16,18321.05,0.31740093452921153,2023-05-15,0.5347887969515978,2023-05-15,0.8238087625443663,2023-05-15,1.3505891508941537,2023-05-15,-0.040554349408595994,2023-05-15,0.17063768004308205,2023-05-15,0.5261118292589693,False,True,10.548749525617865,8.006922092071326,2.5418274335465387,-0.244814993131003,NEUTRAL
2023-05-17,18169.8,-0.7093406674013195,2023-05-16,-0.2251690501632826,2023-05-16,0.7033107663833034,2023-05-16,0.08450778606312419,2023-05-16,-0.17212820820454594,2023-05-16,-0.003062782784398856,2023-05-16,-0.053647026017853226,False,True,11.247604495386037,8.381054721808717,2.8665497735773204,-0.24162395316710464,NEUTRAL
2023-05-18,18151.4,1.254489636185711,2023-05-17,1.0532479081125483,2023-05-17,0.8278599062183409,2023-05-17,-1.4588134389793244,2023-05-17,0.29635658318131597,2023-05-17,0.7118134500049924,2023-05-17,0.447492340787264,False,True,10.319971816975793,8.702546929231241,1.6174248877445514,-0.2569945757739146,NEUTRAL
2023-05-19,18187.7,0.9631069849516589,2023-05-18,1.2467466844693416,2023-05-18,1.68687324666467,2023-05-18,0.6795601648249695,2023-05-18,1.2934557548345635,2023-05-18,0.9979712235734037,2023-05-18,1.1446190098864346,False,True,286.7200471175865,8.846825887324359,277.8732212302621,3.1180433362587157,HIGH_VOL_STATE
2023-05-22,18310.5,-0.2548193779026034,2023-05-19,-0.373695348695565,2023-05-19,0.6856587742787448,2023-05-19,-0.9442828645091901,2023-05-19,0.6163379097869793,2023-05-19,1.0488769507265834,2023-05-19,0.12967934061415817,False,True,8.739402073558535,8.872767007948953,-0.13336493439041774,-0.31067423878683403,NEUTRAL
2023-05-23,18373.05,-0.06749484941591265,2023-05-22,0.31154201851843205,2023-05-22,0.8189330177298466,2023-05-22,0.9042021982620018,2023-05-22,-0.4134717216623235,2023-05-22,0.8648423757303731,2023-05-22,0.40309217319373625,False,True,10.611978230906866,8.82225995850171,1.789718272405155,-0.2556182529743132,NEUTRAL
2023-05-24,18265.25,-1.3510396597749186,2023-05-23,-1.3466178123954555,2023-05-23,-0.7115605341430556,2023-05-23,-0.8479438834289544,2023-05-23,-0.5300042497591475,2023-05-23,0.3978015447289052,2023-05-23,-0.7315607657954378,False,True,10.218300122604687,8.821976665413093,1.3963234571915937,-0.2609820939407874,NEUTRAL
2023-05-25,18297.55,-0.878541195883405,2023-05-24,-0.6991057623401358,2023-05-24,-1.2469118469549914,2023-05-24,-1.0948528208508013,2023-05-24,-1.9971405974642091,2023-05-24,-0.11843363339378475,2023-05-24,-1.005830976147888,False,True,10.736705885275175,9.008029773396768,1.728676111878407,-0.25683361760107176,NEUTRAL
2023-05-26,18491.15,0.8836785816196353,2023-05-25,1.4271240586957745,2023-05-25,0.2031738533769988,2023-05-25,-1.284862522556188,2023-05-25,-0.37501008349707576,2023-05-25,-0.7689067847671925,2023-05-25,0.014199517145325394,False,True,271.6563462729504,8.859663105128105,262.79668316782227,2.88887728632848,HIGH_VOL_STATE
2023-05-29,18602.25,1.3218633049221629,2023-05-26,1.8007263615212685,2023-05-26,0.2093040441728197,2023-05-26,-1.284862522556188,2023-05-25,1.155583996739039,2023-05-26,0.07287813761800982,2023-05-26,0.5459155537361853,False,True,9.194253641887192,9.02566479400975,0.16858884787744266,-0.3072710715663742,NEUTRAL
2023-05-30,18634.0,1.3218633049221629,2023-05-26,1.8007263615212685,2023-05-26,0.9656326764356554,2023-05-29,-0.6596184154085575,2023-05-29,-0.2635972691076724,2023-05-29,0.07287813761800982,2023-05-26,0.5396474659968111,False,True,10.792075090928904,9.070844745586701,1.721230345342203,-0.29188717252945595,NEUTRAL
2023-05-31,18543.35,-0.10084716248490015,2023-05-30,0.09548432354030677,2023-05-30,0.09742095927046383,2023-05-30,0.24403358055688606,2023-05-30,-0.345676320218844,2023-05-30,1.2281658884076045,2023-05-30,0.20309687817858615,False,True,10.23718189963366,8.905701939701348,1.3314799599323113,-0.2963743498561218,NEUTRAL
2023-06-01,18523.7,-0.7470741510315919,2023-05-31,-0.733605263634572,2023-05-31,-1.8938782182169627,2023-05-31,-1.2880449229271576,2023-05-31,-1.590402524293884,2023-05-31,-0.5587155133782818,2023-05-31,-1.1352867655804084,False,True,11.118812708089257,8.73884167028311,2.379971037806147,-0.2840957651289605,NEUTRAL
2023-06-02,18529.7,1.0156070105133148,2023-06-01,0.9878186159104214,2023-06-01,0.7299119639001469,2023-06-01,0.07505325109621908,2023-06-01,1.1850361738865784,2023-06-01,-0.5254978590122326,2023-06-01,0.5779881927157412,False,True,184.84459158636741,7.7719812022134045,177.07261038415402,1.6907127484063953,HIGH_VOL_STATE
2023-06-05,18609.8,1.5092057813604254,2023-06-02,0.7634654496849006,2023-06-02,1.1762012171582905,2023-06-02,3.1447753809698575,2023-06-02,1.1963069319654374,2023-06-02,1.5454373058579647,2023-06-02,1.5558986778328128,False,True,8.921525437091066,6.872819876118343,2.0487055609727234,-0.3135232757780645,NEUTRAL
2023-06-06,18558.9,-0.351760599055563,2023-06-05,-0.28315561151614455,2023-06-05,2.3101399352061143,2023-06-05,0.66884180694754,2023-06-05,-0.5846833416024808,2023-06-05,0.5734051979743385,2023-06-05,0.38879789799230074,False,True,9.932183208168746,6.923215358057824,3.0089678501109223,-0.3053155879306234,NEUTRAL
2023-06-07,18712.0,0.09882284506185036,2023-06-06,0.08562810440776066,2023-06-06,0.7464645477992681,2023-06-06,0.0463297557060704,2023-06-06,0.13455866666815608,2023-06-06,0.5734051979743385,2023-06-05,0.28086818626957405,False,True,9.5352577592766,6.893790756616084,2.6414670026605167,-0.3105869151902858,NEUTRAL
2023-06-08,18638.9,-0.6542248881198007,2023-06-07,-1.5254396931440726,2023-06-07,-2.248390916959643,2023-06-07,0.6300587119002037,2023-06-07,-0.23542320594118937,2023-06-07,-0.15398067671910595,2023-06-07,-0.697900111497268,False,True,9.735245631453743,7.190737476819356,2.5445081546343875,-0.31262399590417095,NEUTRAL
2023-06-09,18573.8,0.5218356371591133,2023-06-08,0.7063262533673212,2023-06-08,-1.0964854774438808,2023-06-08,0.2135645744357214,2023-06-08,0.12071900927442122,2023-06-08,-0.4170931738708431,2023-06-08,0.00814447048697553,False,True,202.77778433708215,7.530883465197936,195.2469008718842,1.820223836719364,HIGH_VOL_STATE
2023-06-12,18620.7,-0.04897404203311796,2023-06-09,-0.0913920163852693,2023-06-09,1.9124715478652614,2023-06-09,0.3625050272477706,2023-06-09,-0.3938487419010108,2023-06-09,1.3692991312828597,2023-06-09,0.5183434843460822,False,True,8.929666399494419,7.579996320112491,1.3496700793819283,-0.3555247804008821,NEUTRAL
2023-06-13,18708.05,0.9222402626238946,2023-06-12,1.2300101001837682,2023-06-12,0.29026286457118194,2023-06-12,0.04323879966565742,2023-06-12,0.9379383312310011,2023-06-12,-0.8040013673573767,2023-06-12,0.4366148318196877,False,True,10.486445726561438,7.158204936138027,3.3282407904234113,-0.3345925332370834,NEUTRAL
2023-06-14,18757.9,0.6663543461695006,2023-06-13,0.5847239663313815,2023-06-13,1.7076678294457952,2023-06-13,0.46275115638729186,2023-06-13,0.8472740027994403,2023-06-13,0.2059017577859035,2023-06-13,0.7457788431532187,False,True,10.2328672630595,6.920694998586928,3.312172264472572,-0.33415907249524496,NEUTRAL
2023-06-15,18677.5,-0.1305301255379621,2023-06-14,0.12825326092096245,2023-06-14,1.2624607956383356,2023-06-14,-0.4670071045102786,2023-06-14,0.4562735389779105,2023-06-14,-1.3717759356702899,2023-06-14,-0.020387595030220362,False,True,10.484804797478436,6.71355913418671,3.771245663291726,-0.3285933404159517,NEUTRAL
2023-06-16,18851.9,1.3283042716455022,2023-06-15,0.8799638283748001,2023-06-15,-0.4592203665037221,2023-06-15,1.6748243153949645,2023-06-15,-0.3905664819801137,2023-06-15,-0.8602334605538797,2023-06-15,0.3621786843962586,False,True,190.72070095605497,6.930131885017561,183.7905690710374,1.6152087814269507,HIGH_VOL_STATE
2023-06-19,18771.15,-0.6845818441186468,2023-06-16,-0.9349021629489254,2023-06-16,0.3523144147025936,2023-06-16,0.769668893980178,2023-06-16,0.3571986589127488,2023-06-16,0.7871736725400591,2023-06-16,0.10781193884466789,False,True,7.876834121223969,7.066278762132153,0.8105553590918166,-0.38787304106708625,NEUTRAL
2023-06-20,18763.55,-0.6845818441186468,2023-06-16,-0.9349021629489254,2023-06-16,-1.5837493718103506,2023-06-19,-0.5312784809385007,2023-06-19,-1.5085696981533157,2023-06-19,-1.2086133188634602,2023-06-19,-1.0752824794722,False,True,10.116620547389013,7.31302314574053,2.8035974016484833,-0.36678791950818557,NEUTRAL
2023-06-21,18849.05,-0.8848530291623963,2023-06-20,-0.4450431850427005,2023-06-20,-0.317564573273032,2023-06-20,-1.2977211501199115,2023-06-20,-0.906171514353506,2023-06-20,-0.4947936432730944,2023-06-20,-0.7243578492041068,False,True,9.765672788282217,7.129782140568334,2.6358906477138824,-0.3680604736196951,NEUTRAL
2023-06-22,18788.1,-0.9297319888406703,2023-06-21,-1.502381281350605,2023-06-21,0.26238838202768056,2023-06-21,-1.6091472967917961,2023-06-21,-0.8785290793862007,2023-06-21,-1.522855215170848,2023-06-21,-1.0300427465854065,False,True,9.85646072163262,7.131611406068047,2.7248493155645734,-0.36694825072966186,NEUTRAL
2023-06-23,18702.25,0.2764198720821655,2023-06-22,0.7324886672270702,2023-06-22,-1.4792930094829189,2023-06-22,-1.6091472967917961,2023-06-21,-0.476954849373736,2023-06-22,0.488929961910633,2023-06-22,-0.34459277573809705,False,True,291.4436028277851,6.715829958225599,284.72777286955954,2.619465221800016,HIGH_VOL_STATE
2023-06-26,18672.4,-1.2225570353619408,2023-06-23,-1.2762437844327397,2023-06-23,-2.035136999430418,2023-06-23,-1.3345725602395653,2023-06-23,-1.567533017906831,2023-06-23,-1.574686097910301,2023-06-23,-1.5017882492136325,False,True,9.54402078317908,6.856573486690298,2.6874472964887826,-0.36793950293216293,NEUTRAL
2023-06-27,18798.0,-0.7837222938082656,2023-06-26,-1.4035507728897487,2023-06-26,-0.6080571066186463,2023-06-26,-0.33475319229855416,2023-06-26,-0.2595561428465474,2023-06-26,0.5412208600397103,2023-06-26,-0.4747364414036754,False,True,11.733391604229965,6.841280557716564,4.892111046513401,-0.3438884258257209,NEUTRAL
2023-06-28,18979.45,1.3549552987135953,2023-06-27,1.4665515400462814,2023-06-27,-0.850340256082627,2023-06-27,1.5899850294314906,2023-06-27,0.2314253795467189,2023-06-27,-0.20015333121652126,2023-06-27,0.598737276739823,False,True,9.388425814712273,6.89517619309534,2.4932496216169326,-0.3706465519989818,NEUTRAL
2023-06-30,19169.6,0.45584352915941506,2023-06-29,-0.18710551552655333,2023-06-29,-0.1789938976413406,2023-06-29,-0.9650732013490464,2023-06-29,-0.07501638011958922,2023-06-29,-0.9496146823064296,2023-06-29,-0.3166600246305907,False,True,272.6559778357,7.269339839223544,265.38663799647645,2.5189926869952797,HIGH_VOL_STATE
2023-07-03,19317.25,1.499875669315795,2023-06-30,1.2756016409052047,2023-06-30,-0.4507496452100217,2023-06-30,0.004284486889924286,2023-06-30,1.8240271844680305,2023-06-30,0.7748846572382458,2023-06-30,0.8213206656011964,False,True,8.26125118934867,8.139608680116353,0.12164250923231634,-0.42665628890010304,NEUTRAL
2023-07-04,19388.2,-0.029513452847919296,2023-07-03,-0.009912241029368822,2023-07-03,1.5510900034751964,2023-07-03,1.792190000726819,2023-07-03,-0.688852692782132,2023-07-03,2.1649027665995573,2023-07-03,0.7966507306903589,False,True,10.754131932455044,8.339445452965359,2.414686479489685,-0.403251262389985,NEUTRAL
2023-07-05,19356.35,-0.029513452847919296,2023-07-03,-0.009912241029368822,2023-07-03,-1.4467927871942512,2023-07-04,0.5223207701008488,2023-07-04,-0.46928502000344907,2023-07-04,-0.6355482425113401,2023-07-04,-0.3447884955809133,False,True,10.167774384536685,8.32544184670135,1.8423325378353343,-0.41012705377949327,NEUTRAL
2023-07-06,19490.45,-0.4553296940967993,2023-07-05,-0.4298627958644472,2023-07-05,-0.6488823058220917,2023-07-05,-1.201625164751326,2023-07-05,-0.9964270917109084,2023-07-05,-0.9063808466823703,2023-07-05,-0.7730846498213239,False,True,11.391666475648593,8.148982120138434,3.2426843555101588,-0.3960249374008925,NEUTRAL
2023-07-07,19392.05,-1.2339648143242377,2023-07-06,-1.0611073681776735,2023-07-06,-2.2459793577073497,2023-07-06,-2.328399255444044,2023-07-06,-3.77200070563643,2023-07-06,-1.4616531861784967,2023-07-06,-2.0171841145780385,False,True,0.00010000000000000002,7.790884895694833,-7.790784895694833,-0.5108617977725259,NEUTRAL
2023-07-10,19357.95,-0.5352730956175732,2023-07-07,-0.3490423357803996,2023-07-07,-1.5612465195819187,2023-07-07,-0.5767267189029586,2023-07-07,0.650697310309281,2023-07-07,-1.847808420989931,2023-07-07,-0.7032332967605833,False,True,9.067959792429145,8.46858676646599,0.5993730259631551,-0.4215335200887285,NEUTRAL
2023-07-11,19450.75,0.16229032052112827,2023-07-10,-0.03580333037839081,2023-07-10,-0.9109137108382255,2023-07-10,0.6057902915684149,2023-07-10,0.5961972000176512,2023-07-10,-0.378334141318462,2023-07-10,0.006537771595352682,False,True,10.280882691861773,8.474974570273135,1.8059081215886383,-0.4092710871033136,NEUTRAL
2023-07-12,19438.35,0.7189189688407438,2023-07-11,0.32311114292792503,2023-07-11,-0.19802567302293633,2023-07-11,0.8563123271718129,2023-07-11,0.989549313529218,2023-07-11,2.639931071062584,2023-07-11,0.8882995250848912,False,True,9.602214386311086,8.377272900847045,1.2249414854640417,-0.41517304673091526,NEUTRAL
2023-07-13,19387.25,0.8353189318444307,2023-07-12,0.9886796863156428,2023-07-12,-1.0825131287406584,2023-07-12,0.9195576468585405,2023-07-12,1.9020239265845822,2023-07-12,0.6978228838803868,2023-07-12,0.7101483244571541,False,True,11.340870548316076,8.560510098920064,2.780360449396012,-0.37034934179047346,NEUTRAL
2023-07-14,19509.95,0.9519289306367863,2023-07-13,1.4051331155133449,2023-07-13,1.3518140706292658,2023-07-13,2.051627932896241,2023-07-13,0.9069696637202381,2023-07-13,0.9408128830954782,2023-07-13,1.2680477660818923,False,True,207.16187189307158,8.31062480148677,198.8512470915848,1.8019351772777978,HIGH_VOL_STATE
2023-07-17,19672.25,-0.3220808867576266,2023-07-14,-0.44519981049670887,2023-07-14,-0.3145050561620536,2023-07-14,0.322588901857179,2023-07-14,-0.3151731596905934,2023-07-14,2.1019913420450296,2023-07-14,0.17127022179920437,False,True,8.620229656262513,8.346591796426745,0.2736378598357678,-0.42427250259606253,NEUTRAL
2023-07-18,19732.75,0.3273275638091643,2023-07-17,0.6951322738573733,2023-07-17,-0.3145050561620536,2023-07-14,0.322588901857179,2023-07-14,-0.32936841336784023,2023-07-17,-0.5587559581597791,2023-07-17,0.023736551972340574,False,True,11.318818901894462,8.260265395397557,3.0585535064969047,-0.3939119247621395,NEUTRAL
2023-07-19,19801.7,0.7493860685454249,2023-07-18,0.5062196582589755,2023-07-18,0.11121023435433265,2023-07-18,-1.4471687041973567,2023-07-18,0.4181016497370282,2023-07-18,-0.6692254581219531,2023-07-18,-0.05524609190392477,False,True,11.449152797396495,8.260394882822746,3.188757914573749,-0.37196766457238284,NEUTRAL
2023-07-20,19957.7,0.09221895947446322,2023-07-19,-0.2736794667140751,2023-07-19,1.0524018890780682,2023-07-19,-0.16710601994800653,2023-07-19,-0.1678027156364191,2023-07-19,0.0006094481952446191,2023-07-19,0.08944034907487923,False,True,11.238967686964148,8.280921267629965,2.958046419334183,-0.375647200462335,NEUTRAL
2023-07-21,19707.85,-1.119678508534819,2023-07-20,-2.4250727095622944,2023-07-20,-1.4998431923462503,2023-07-20,-0.010957758645793939,2023-07-20,0.7108153637901886,2023-07-20,-0.48487421519211193,2023-07-20,-0.8049351700818468,False,True,0.00010000000000000002,7.957643919380601,-7.957543919380601,-0.512465936412897,NEUTRAL
2023-07-24,19700.85,-0.16220186334807654,2023-07-21,-0.47608380097183206,2023-07-21,-0.7976849041736401,2023-07-21,0.6412654681983797,2023-07-21,-0.2675284258490902,2023-07-21,0.47353428156788224,2023-07-21,-0.0981165407627295,False,True,10.86387885689156,9.135640038950536,1.7282388179410244,-0.389541780843185,NEUTRAL
2023-07-25,19701.3,0.30325125163358585,2023-07-24,-0.11162260954942035,2023-07-24,1.0201880048095175,2023-07-24,-1.5259616050060099,2023-07-24,0.0535058142336342,2023-07-24,0.9654558373447725,2023-07-24,0.11746944891101331,False,True,12.17707559610702,9.440302620777096,2.7367729753299237,-0.376888290713423,NEUTRAL
2023-07-26,19766.45,0.11805117869487962,2023-07-25,0.33021256073197264,2023-07-25,-0.28154897782367416,2023-07-25,3.0614707949168407,2023-07-25,0.12246542162203403,2023-07-25,0.3143365142281083,2023-07-25,0.6108312487283603,False,True,11.479779426835782,9.34220526238126,2.137574164454522,-0.37201249145125553,NEUTRAL
2023-07-27,19605.95,-0.26761096835574494,2023-07-26,-0.41010041525011987,2023-07-26,-0.28138359978289557,2023-07-26,-0.2317685406219095,2023-07-26,-0.7107063153290932,2023-07-26,-2.674200876704425,2023-07-26,-0.7626284526740313,False,True,13.657672918203517,9.1299973084699,4.527675609733617,-0.342909487906917,NEUTRAL
2023-07-28,19625.85,-1.1694774214878916,2023-07-27,-0.8522486870695476,2023-07-27,0.44618955041980113,2023-07-27,0.9867917824840947,2023-07-27,2.1608271415772755,2023-07-27,0.5371573397732629,2023-07-27,0.3515399509494992,False,True,0.00010000000000000002,8.865846314033147,-8.865746314033148,-0.5103999697786932,NEUTRAL
2023-07-31,19720.7,1.225658654880745,2023-07-28,1.7774967898151857,2023-07-28,-0.629546587482291,2023-07-28,0.9649327128909043,2023-07-28,0.39596336012798067,2023-07-28,0.14825916998060437,2023-07-28,0.6471273500355215,False,True,9.252625376955686,8.615947028585948,0.6366783483697382,-0.3883455830000845,NEUTRAL
2023-08-01,19734.6,-0.04874164086231322,2023-07-31,-0.0878974410942267,2023-07-31,1.0697145297051256,2023-07-31,0.5421305541503055,2023-07-31,-0.2500454978052663,2023-07-31,1.2606048984678508,2023-07-31,0.41429423376024593,False,True,10.440411412319497,8.73215317586269,1.7082582364568069,-0.3768671386846993,NEUTRAL
2023-08-02,19492.45,-0.6920139541871504,2023-08-01,-0.7816984014956484,2023-08-01,0.6975042580180705,2023-08-01,-0.25667295182144884,2023-08-01,-1.6825724973316991,2023-08-01,1.7721429609049222,2023-08-01,-0.15721843098549237,False,True,10.674095875952522,8.761825085139856,1.9122707908126664,-0.3743402139165981,NEUTRAL
2023-08-03,19347.35,-2.412287699278311,2023-08-02,-2.6442700245092903,2023-08-02,-2.553794180954217,2023-08-02,-1.6848088326802337,2023-08-02,-1.7455464864182326,2023-08-02,-2.836591475289034,2023-08-02,-2.312883116521553,False,True,13.693630775921283,9.526326870305406,4.167303905615878,-0.3462502408759302,NEUTRAL
2023-08-04,19506.95,-0.6167898499797343,2023-08-03,-0.3402554981664383,2023-08-03,-1.7907617649431027,2023-08-03,-0.30583417012610165,2023-08-03,-0.9904010790844471,2023-08-03,-0.6565193389039221,2023-08-03,-0.7834269502006244,False,True,226.5153352488425,9.398711680076566,217.11662356876593,2.3075505234279463,HIGH_VOL_STATE
2023-08-07,19590.65,-1.0278724782643587,2023-08-04,-0.6111509521161531,2023-08-04,-0.06271094855941381,2023-08-04,0.44920498414413407,2023-08-04,0.437424005606971,2023-08-04,-0.21801590457520764,2023-08-04,-0.1721868822940047,False,True,8.762639967500629,9.718989807682659,-0.9563498401820301,-0.4364245694691475,NEUTRAL
2023-08-08,19560.2,1.160777718951226,2023-08-07,0.4062806540076899,2023-08-07,0.018199342310708334,2023-08-07,0.006224290717132135,2023-08-07,-0.017326492771974112,2023-08-07,-1.2280568122270434,2023-08-07,0.05768311683128983,False,True,10.38908944929659,9.70815959770121,0.6809298515953799,-0.4186691186789223,NEUTRAL
2023-08-09,19597.05,-0.8625607289875727,2023-08-08,-1.0627952659220907,2023-08-08,0.20647725969973732,2023-08-08,-1.2219463236495596,2023-08-08,-1.355207717416465,2023-08-08,-0.4253343383284591,2023-08-08,-0.7868945191007349,False,True,10.880584279729547,9.65287219727812,1.2277120824514274,-0.41207023814898763,NEUTRAL
2023-08-10,19527.85,-1.2769003410289894,2023-08-09,-1.4364791779177453,2023-08-09,-0.6482349552725619,2023-08-09,0.2407351934838708,2023-08-09,0.6040201605880834,2023-08-09,1.5138864347752292,2023-08-09,-0.16716211422868554,False,True,11.233975709559479,9.69474062992542,1.539235079634059,-0.4080358150704445,NEUTRAL
2023-08-11,19466.9,-0.16449269486237122,2023-08-10,-0.0751555841970138,2023-08-10,0.662670244785456,2023-08-10,0.022364274995489743,2023-08-10,1.0995539698823042,2023-08-10,-0.2889535353839302,2023-08-10,0.2093311125366558,False,True,0.00010000000000000002,9.456781205510628,-9.456681205510629,-0.5392994567089369,NEUTRAL
2023-08-14,19460.5,-0.3542145677234212,2023-08-11,-0.8877039871750766,2023-08-11,0.662670244785456,2023-08-10,-0.5756478041350988,2023-08-11,-1.232409109428921,2023-08-11,-0.6221542884953876,2023-08-11,-0.5015765853620748,False,True,8.774665827322867,9.21360066236232,-0.4389348350394524,-0.4287344391318957,NEUTRAL
2023-08-16,19431.55,-1.9654897104154307,2023-08-15,-1.351925945025844,2023-08-15,0.4470080111949266,2023-08-15,-0.6591370350286315,2023-08-15,-1.0030369770003933,2023-08-15,-1.1099221810887678,2023-08-14,-0.9404173062273569,False,True,9.280498643203835,9.16723985348572,0.11325878971811498,-0.39595282232747925,NEUTRAL
2023-08-17,19377.7,-1.2778210912598653,2023-08-16,-1.3157436268754819,2023-08-16,-1.4612857334627565,2023-08-16,-0.8626259266103639,2023-08-16,0.21269322000930463,2023-08-16,-2.3367229343418017,2023-08-16,-1.1735843487568276,False,True,11.36163852181361,9.009977777756985,2.351660744056625,-0.36712323032853006,NEUTRAL
2023-08-18,19339.2,-1.270257073302478,2023-08-17,-1.3064865859922286,2023-08-17,-0.4530600259531347,2023-08-17,0.05031517716889486,2023-08-17,-0.8915343372523128,2023-08-17,-0.281982654709263,2023-08-17,-0.6921675833400869,False,True,193.08260046904405,8.528094894426474,184.55450557461756,1.9845453262754156,HIGH_VOL_STATE
2023-08-21,19416.8,-0.12651225698287474,2023-08-18,-0.27990724271744855,2023-08-18,-0.5560240141251016,2023-08-18,-1.3325196692858003,2023-08-18,-0.8057018333535829,2023-08-18,-0.7442835040646707,2023-08-18,-0.6408247534215799,False,True,8.813829218291733,7.622099266854221,1.1917299514375124,-0.40900151021772896,NEUTRAL
2023-08-22,19395.95,0.899601204794604,2023-08-21,1.492059038962561,2023-08-21,0.29856699090981154,2023-08-21,-1.1573397840511506,2023-08-21,0.2870028382927482,2023-08-21,0.2654515460655214,2023-08-21,0.3475569724956826,False,True,9.511370837499209,7.806646611428189,1.7047242260710203,-0.40244772550731417,NEUTRAL
2023-08-23,19457.25,-0.5928179750933104,2023-08-22,-0.0743875263700552,2023-08-22,0.8210247929711872,2023-08-22,0.7295345481284033,2023-08-22,0.8735322215745592,2023-08-22,0.3941374361874396,2023-08-22,0.3585039162330373,False,True,10.200404372353262,7.801614652988271,2.3987897193649905,-0.3657525799055876,NEUTRAL
2023-08-24,19398.2,1.543547212139954,2023-08-23,1.5347739075803917,2023-08-23,0.3978652900420784,2023-08-23,0.2634709416506587,2023-08-23,0.20586290999126272,2023-08-23,-0.48648210856328467,2023-08-23,0.5765063588068434,False,True,10.942457277287481,7.59470726222973,3.347750015057751,-0.3535145333076061,NEUTRAL
2023-08-25,19282.05,-2.2153426557092284,2023-08-24,-2.076424033129157,2023-08-24,0.7682278957807094,2023-08-24,1.444898724794715,2023-08-24,-0.8971605858996378,2023-08-24,1.6630464941023362,2023-08-24,-0.21879236001004368,False,True,0.00010000000000000002,7.386757204790852,-7.386657204790852,-0.49886278096246917,NEUTRAL
2023-08-28,19331.75,0.8942129420162989,2023-08-25,0.895863414165651,2023-08-25,-1.9704013729187666,2023-08-25,-0.3274390116835457,2023-08-25,0.11607244937344259,2023-08-25,-0.8808094241515012,2023-08-25,-0.2120835005330702,False,True,9.752921150676341,7.654375393225887,2.098545757450454,-0.36851060872930286,NEUTRAL
2023-08-29,19314.0,0.7971760104053954,2023-08-28,0.76714605953171,2023-08-28,1.543853241556435,2023-08-28,0.042868789022209676,2023-08-28,1.4483737489227775,2023-08-28,1.2447107466082947,2023-08-28,0.9740214326744704,False,True,10.027715609855337,7.344204729218175,2.6835108806371615,-0.36054763404769513,NEUTRAL
2023-08-30,19372.4,2.0509335845514425,2023-08-29,1.7004688391883496,2023-08-29,0.10611907817226487,2023-08-29,1.3305719686120858,2023-08-29,1.1900728694286116,2023-08-29,0.44073491721096897,2023-08-29,1.1364835428606206,False,True,9.082922509541552,7.430243301404029,1.6526792081375232,-0.34700151342263885,NEUTRAL
2023-08-31,19270.5,0.44925581737677395,2023-08-30,0.4542283767531559,2023-08-30,0.26278735257322317,2023-08-30,0.01850154368445835,2023-08-30,-0.3182596393543214,2023-08-30,0.4822672703757939,2023-08-30,0.22479678690151403,False,True,10.627371799260382,6.488128671610848,4.139243127649534,-0.3121800183640731,NEUTRAL
2023-09-01,19439.7,-0.3802217804414534,2023-08-31,0.010211640780889045,2023-08-31,0.8242312627139619,2023-08-31,-0.36081646377001036,2023-08-31,0.4641140052562782,2023-08-31,-0.2034361263918686,2023-08-31,0.05901375635796613,False,True,108.82467790991166,6.161348509965879,102.66332939994578,1.0632706113889732,HIGH_VOL_STATE
2023-09-04,19522.6,0.13916868887873507,2023-09-01,-0.12084561063819522,2023-09-01,0.25370355668463246,2023-09-01,-0.36081646377001036,2023-08-31,-0.8807521086987394,2023-09-01,0.4108117366866237,2023-09-01,-0.09312170014282561,False,True,8.516786488589123,6.61550345054493,1.901283038044193,-0.3639657291743658,NEUTRAL
2023-09-05,19569.25,0.13916868887873507,2023-09-01,-0.12084561063819522,2023-09-01,0.6326482343009328,2023-09-04,1.8539176986393133,2023-09-04,-0.11697245444767099,2023-09-04,1.0569763938081922,2023-09-04,0.5741488250902179,False,True,8.880156920782095,6.683787851274696,2.1963690695073996,-0.3597113545366464,NEUTRAL
2023-09-06,19545.65,-0.7767103989928219,2023-09-05,-0.2007834425240821,2023-09-05,0.2179895814932914,2023-09-05,-1.428597872083804,2023-09-05,-0.41211632552704797,2023-09-05,-0.07449383871184057,2023-09-05,-0.4457853827243842,False,True,8.816780224727799,6.728999033813543,2.0877811909142556,-0.3320502732730091,NEUTRAL
2023-09-07,19730.15,-1.1693912477629158,2023-09-06,-1.1958377079457907,2023-09-06,0.5753963860820237,2023-09-06,0.018404393768879698,2023-09-06,-0.1977115351752733,2023-09-06,-0.8943767529008855,2023-09-06,-0.4772527439889937,False,True,8.505573820002033,6.660325645392066,1.8452481746099663,-0.3357711569522133,NEUTRAL
2023-09-08,19820.65,-0.5760633725701305,2023-09-07,-0.9902619005041049,2023-09-07,-0.799071248585268,2023-09-07,-0.8813979336201202,2023-09-07,-0.11830961742955202,2023-09-07,-0.688741585820071,2023-09-07,-0.6756409430882077,False,True,0.00010000000000000002,6.759338580913974,-6.759238580913975,-0.460305693536829,NEUTRAL
2023-09-11,19968.0,0.14763251895785046,2023-09-08,0.05421459075150042,2023-09-08,-1.1961673681633271,2023-09-08,-0.8813979336201202,2023-09-07,0.26208834585018365,2023-09-08,0.02522153789015211,2023-09-08,-0.2647347180556268,False,True,8.393981868014569,6.4537041744043675,1.9402776936102013,-0.3312387692832797,NEUTRAL
2023-09-12,20005.45,0.9677089815061718,2023-09-11,1.1494240471914874,2023-09-11,-0.3984836574946669,2023-09-11,-0.33353633294856616,2023-09-11,0.604162043081821,2023-09-11,0.5055316364860671,2023-09-11,0.41580111963705235,False,True,10.71648183833968,7.045570499103573,3.670911339236107,-0.305648392668557,NEUTRAL
2023-09-13,20088.05,-0.927365278159499,2023-09-12,-1.1052606358718426,2023-09-12,1.0281831937598789,2023-09-12,-0.18898284418464728,2023-09-12,-0.6850219227886125,2023-09-12,-0.9617563459850836,2023-09-12,-0.47336730553830103,False,True,11.62476933856866,7.071572799359465,4.553196539209195,-0.2614266979204623,NEUTRAL
2023-09-14,20098.5,0.16712627865669955,2023-09-13,0.29474520043464564,2023-09-13,-0.17570016581275652,2023-09-13,0.014021653348721096,2023-09-13,-0.4813404221803924,2023-09-13,-0.038120452766044595,2023-09-13,-0.03654465138652121,False,True,12.568286491817526,6.651338684413978,5.916947807403548,-0.24170267333174067,NEUTRAL
2023-09-15,20198.1,1.2646320645539337,2023-09-14,0.8196152391899553,2023-09-14,1.490069348772454,2023-09-14,0.2577059054272398,2023-09-14,1.3716810035361258,2023-09-14,1.9738115592733498,2023-09-14,1.1962525201255096,False,True,72.89358742678147,6.3998851367177565,66.49370229006371,0.6791830791862992,NEUTRAL
2023-09-18,20145.25,-1.9323632850051853,2023-09-15,-1.6413558050032544,2023-09-15,1.124468148847397,2023-09-15,0.6473922002796493,2023-09-15,0.774865312109529,2023-09-15,1.3789869665432128,2023-09-15,0.05866558962855809,False,True,8.00024048524966,6.405691671076004,1.594548814173657,-0.3235213976015543,NEUTRAL
2023-09-20,19899.15,-0.3659606482387887,2023-09-19,-0.254346591724919,2023-09-19,-0.8761251831091162,2023-09-19,0.3620046051011935,2023-09-19,-0.5249479044888986,2023-09-19,-0.7463557930320577,2023-09-19,-0.4009552525820978,False,True,9.19295170579024,6.632721195368883,2.5602305104213565,-0.30855835624194666,NEUTRAL
2023-09-21,19727.4,-1.4810732406362082,2023-09-20,-1.609056466984631,2023-09-20,-0.6679117383235558,2023-09-20,-0.37386284330269165,2023-09-20,1.0218862244151767,2023-09-20,0.039580929735501945,2023-09-20,-0.5117395225160681,False,True,13.060075722920445,8.246399543883049,4.813676179037396,-0.23779004371495222,NEUTRAL
2023-09-22,19680.2,-2.4953680942726337,2023-09-21,-1.8872732338735645,2023-09-21,-1.4214174871784457,2023-09-21,-0.8754630532104472,2023-09-21,-1.7534849433529662,2023-09-21,-2.1278086570827344,2023-09-21,-1.760135911495132,False,True,0.00010000000000000002,8.79144107360849,-8.791341073608491,-0.4801766442272216,NEUTRAL
2023-09-25,19701.4,-0.31052962058625005,2023-09-22,-0.05660094267486668,2023-09-22,-0.5200545461148146,2023-09-22,1.7131696820083853,2023-09-22,-0.07397179155087219,2023-09-22,-0.288400663688503,2023-09-22,0.07726868623217979,False,True,9.826711401151067,8.526138908474525,1.300572492676542,-0.29638841414606826,NEUTRAL
2023-09-26,19671.75,0.6133468418838272,2023-09-25,0.50323417423954,2023-09-25,0.8610460217467226,2023-09-25,-1.2396166089474607,2023-09-25,-1.223096594532403,2023-09-25,-0.5577479345255358,2023-09-25,-0.17380568335588498,False,True,10.753647750285072,8.526535963199601,2.2271117870854713,-0.27956960751463195,NEUTRAL
2023-09-27,19727.4,-2.114996283690773,2023-09-26,-1.5587834422663538,2023-09-26,-1.1325729440298875,2023-09-26,-0.9625688438808858,2023-09-26,-1.1918669439828544,2023-09-26,-1.5151978590541768,2023-09-26,-1.4126643861508221,False,True,10.835795538202376,8.536315092696405,2.2994804455059707,-0.24516125526333674,NEUTRAL
2023-09-28,19521.25,0.1272677366747671,2023-09-27,0.3147680548568008,2023-09-27,0.2239523507469254,2023-09-27,0.6741377539154555,2023-09-27,-0.22370340791631754,2023-09-27,0.20898549496398483,2023-09-27,0.22090133054026936,False,True,10.571541528762928,8.555603349891905,2.015938178871023,-0.25215361211943543,NEUTRAL
2023-09-29,19682.25,0.9478846347340033,2023-09-28,0.9301277715740331,2023-09-28,-1.5464682092193096,2023-09-28,-0.8774197531268325,2023-09-28,1.010936457180731,2023-09-28,0.20898549496398483,2023-09-27,0.11234106601776839,False,True,455.143027031254,9.194297663802525,445.9487293674515,9.3795771166923,HIGH_VOL_STATE
2023-10-03,19531.25,0.07658108648146503,2023-10-02,0.7329867355946247,2023-10-02,-0.24145165290689288,2023-10-02,1.9123696450446284,2023-09-29,-1.2739697661526848,2023-10-02,0.20898549496398483,2023-09-27,0.23591692383752086,False,True,8.382014306184892,8.80804219115471,-0.4260278849698178,-0.2966082660774504,NEUTRAL
2023-10-04,19407.9,-1.9331628109226988,2023-10-03,-1.8485577839529064,2023-10-03,-1.6345801423276245,2023-10-03,-1.7723579607001025,2023-10-03,-1.4535600980251508,2023-10-03,0.20898549496398483,2023-09-27,-1.405538883494083,False,True,11.364984818917339,8.91832457038561,2.446660248531728,-0.2559965574988091,NEUTRAL
2023-10-05,19558.95,1.2360322262859977,2023-10-04,1.4028808587715755,2023-10-04,-2.2992355159488604,2023-10-04,-0.42898128007004527,2023-10-04,0.24268457387838374,2023-10-04,-2.802912880320049,2023-10-04,-0.4415886695671663,False,True,12.022216480518392,9.03133997342344,2.990876507094951,-0.2510313379608643,NEUTRAL
2023-10-06,19673.8,-0.09215212569724929,2023-10-05,-0.06091322431659256,2023-10-05,1.9120514903223678,2023-10-05,0.1547644547452909,2023-10-05,-0.14808066153938443,2023-10-05,0.028563635670960406,2023-10-05,0.29903892819756545,False,True,138.41634932770535,9.263848617937546,129.1525007097678,1.493443595162007,HIGH_VOL_STATE
2023-10-09,19533.0,1.7880606259635168,2023-10-06,1.6529440115839993,2023-10-06,-0.20282945727663887,2023-10-06,1.1855275882710647,2023-10-06,1.7550695560305585,2023-10-06,0.3566145177119919,2023-10-06,1.0892311403807486,False,True,8.54222514167588,9.228004773245248,-0.6857796315693676,-0.3260627083992573,NEUTRAL
2023-10-10,19703.65,0.9863387264574485,2023-10-09,0.4661323279042315,2023-10-09,-0.20282945727663887,2023-10-06,0.18307877863642535,2023-10-09,-0.8433487498753878,2023-10-09,0.3566145177119919,2023-10-06,0.15766435725967842,False,True,12.886915235310726,9.36106034170118,3.525854893609546,-0.2683507908940588,NEUTRAL
2023-10-11,19822.55,0.8091869967173325,2023-10-10,0.6415019059902245,2023-10-10,2.4450533669251815,2023-10-10,0.6578210017987839,2023-10-10,2.9823110083354245,2023-10-10,-0.2072572050335347,2023-10-10,1.2214361791222355,False,True,12.824781082593868,9.389841403130825,3.4349396794630422,-0.2697678071044545,NEUTRAL
2023-10-12,19794.1,0.6773529947693854,2023-10-11,0.7794946633041199,2023-10-11,0.5688081697281696,2023-10-11,0.9800110687575185,2023-10-11,0.4192523079535381,2023-10-11,2.372744231367157,2023-10-11,0.9662772393133148,False,True,12.84103441913384,9.726865928092966,3.114168491040873,-0.2419291641009209,NEUTRAL
2023-10-13,19762.15,-0.7821161673561162,2023-10-12,-0.540739548256255,2023-10-12,1.690587984739798,2023-10-12,1.4766095948265756,2023-10-12,-0.21797896875955106,2023-10-12,1.4647853459005533,2023-10-12,0.5151913735158341,False,True,0.00010000000000000002,9.585304422440753,-9.585204422440754,-0.42432828576037834,NEUTRAL
2023-10-16,19749.3,-0.5888385796444767,2023-10-13,-1.1237374381958491,2023-10-13,-0.5241432549064446,2023-10-13,-1.5825409614715424,2023-10-13,-2.0050584849578925,2023-10-13,-1.0065892819118978,2023-10-13,-1.138484666848017,False,True,9.089520482948119,9.55449562315724,-0.46497514020912156,-0.2905430488876567,NEUTRAL
2023-10-17,19796.1,1.5818552883528225,2023-10-16,1.280860267660845,2023-10-16,-1.8938828420118605,2023-10-16,-0.6150221667826999,2023-10-16,0.583263661076222,2023-10-16,-0.8126734767000015,2023-10-16,0.020733455265887952,False,True,11.548400698077302,9.3307467163807,2.2176539816966017,-0.25127523102623195,NEUTRAL
2023-10-18,19683.05,0.06610750485878629,2023-10-17,-0.19962666934070025,2023-10-17,1.1576367551748017,2023-10-17,0.6066430667182766,2023-10-17,0.2485660636406407,2023-10-17,1.263063949954915,2023-10-17,0.52373177850112,False,True,11.094171665362603,9.493701944277756,1.6004697210848473,-0.25990589348744775,NEUTRAL
2023-10-19,19641.95,-1.7473379187734688,2023-10-18,-1.5513880226870602,2023-10-18,0.02154216300289332,2023-10-18,-0.09443381053192829,2023-10-18,-1.2277589810290026,2023-10-18,0.22482909727021747,2023-10-18,-0.7290912454580583,False,True,12.374891855486926,8.914810175135608,3.4600816803513172,-0.23579241673494652,NEUTRAL
2023-10-20,19536.5,-1.013079044216384,2023-10-19,-0.8467592425304957,2023-10-19,-1.745989889915527,2023-10-19,-1.651814222411279,2023-10-19,-0.289525634880957,2023-10-19,-2.0441044420834618,2023-10-19,-1.2652120793396842,False,True,374.94554816454763,8.486429365887725,366.4591187986599,4.954633758487366,HIGH_VOL_STATE
2023-10-23,19341.75,-1.5312622918317254,2023-10-20,-1.3841242458524583,2023-10-20,-0.43931301331972605,2023-10-20,-0.4180165609989652,2023-10-20,-2.0608973194380718,2023-10-20,-1.7106242579790176,2023-10-20,-1.2573729482366607,False,True,9.319994155707729,8.528501468239936,0.7914926874677928,-0.30436237436346475,NEUTRAL
2023-10-25,19149.45,1.148965248449801,2023-10-24,1.0743438265277394,2023-10-24,0.25576792723242553,2023-10-24,-0.6463399420492346,2023-10-24,0.9450278244589635,2023-10-24,1.374815265389665,2023-10-24,0.6920966916682266,False,True,12.274570778741802,9.751961033095455,2.5226097456463474,-0.2832022992220626,NEUTRAL
2023-10-26,18872.85,-1.7262641018596314,2023-10-25,-2.2383216384260924,2023-10-25,0.6849269314246884,2023-10-25,0.5739102222189763,2023-10-25,0.3039690677371594,2023-10-25,-0.734801629503886,2023-10-25,-0.5227635247347976,False,True,13.81804274196205,10.09657866731011,3.721464074651939,-0.2683201372094147,NEUTRAL
2023-10-27,19066.15,-1.3371876854809768,2023-10-26,-1.4933169058452704,2023-10-26,-1.8614527406377148,2023-10-26,-0.011361028622400359,2023-10-26,-1.3296929166611866,2023-10-26,-2.6737535926519125,2023-10-26,-1.4511274783165768,False,True,0.00010000000000000002,10.914800261736483,-10.914700261736483,-0.4476340162664088,NEUTRAL
2023-10-30,19130.35,-0.43832701255289125,2023-10-27,0.5180180002052277,2023-10-27,1.2443205862771494,2023-10-27,1.7978902406310557,2023-10-27,-0.23620590713730888,2023-10-27,0.3630209054333489,2023-10-27,0.5414528021427636,False,True,10.801873567975125,11.399055898589609,-0.5971823306144834,-0.32057435879399016,NEUTRAL
2023-10-31,19115.9,1.743876451711326,2023-10-30,1.2528929135005904,2023-10-30,-0.7312897702052686,2023-10-30,0.2069572428043915,2023-10-30,0.45831534733111906,2023-10-30,0.5457149961370404,2023-10-30,0.5794111968798664,False,True,12.303823977747005,11.319753572466663,0.9840704052803417,-0.301011373333899,NEUTRAL
2023-11-01,19011.5,0.9678243666655058,2023-10-31,0.5792783761008029,2023-10-31,0.5687499229363316,2023-10-31,-1.107079850599626,2023-10-31,1.055786050390274,2023-10-31,-1.2327657453716367,2023-10-31,0.13863218668694197,False,True,13.122696741797224,11.227471301169334,1.8952254406278897,-0.2898295289374914,NEUTRAL
2023-11-02,19136.05,1.4928542962427396,2023-11-01,1.6658347457486533,2023-11-01,2.2750609504881014,2023-11-01,0.11347856097211026,2023-11-01,1.1954862749605653,2023-11-01,1.2911510325953093,2023-11-01,1.3389776435012466,False,True,14.689611606745812,11.227311315963082,3.4623002907827303,-0.27045679605498746,NEUTRAL
2023-11-03,19241.9,2.483509526357633,2023-11-02,1.7313530650299138,2023-11-02,0.9956597679257136,2023-11-02,0.7335462199350845,2023-11-02,2.1621748981437197,2023-11-02,2.093533372351378,2023-11-02,1.699962808290574,False,True,0.00010000000000000002,11.41424438749382,-11.41414438749382,-0.42655640179187343,NEUTRAL
2023-11-06,19385.6,1.1903340356398164,2023-11-03,1.2992511000027072,2023-11-03,0.9956597679257136,2023-11-02,2.0809662793178183,2023-11-03,0.523498363071532,2023-11-03,1.2705748286401817,2023-11-03,1.2267140624329615,False,True,8.988896814678801,11.380809709416873,-2.3919128947380717,-0.3101250983203322,NEUTRAL
2023-11-07,19400.05,0.2530291614296922,2023-11-06,0.29196191671034405,2023-11-06,2.090114756904222,2023-11-06,1.3842493456971123,2023-11-06,-0.38621394896882344,2023-11-06,5.8099634208767155,2023-11-06,1.573850775441544,False,True,10.140169127637883,11.743044251561974,-1.6028751239240915,-0.29946137041942045,NEUTRAL
2023-11-08,19430.05,0.3761100271058007,2023-11-07,0.812004767541653,2023-11-07,-1.1511717449608236,2023-11-07,-1.143369211643769,2023-11-07,0.258825395636619,2023-11-07,-1.8198634103309244,2023-11-07,-0.44457736277524074,False,True,10.251176007445048,11.181839203753412,-0.9306631963083642,-0.2903327657947084,NEUTRAL
2023-11-09,19393.8,0.16500446271801794,2023-11-08,0.08028516663201349,2023-11-08,-0.28279082541567624,2023-11-08,-0.3232522834078269,2023-11-08,0.7860284934282462,2023-11-08,-0.6489903410813205,2023-11-08,-0.03728588785442433,False,True,10.927504449558073,10.91730576051909,0.010198689038983133,-0.2779007548129172,NEUTRAL
2023-11-10,19397.25,-0.9543631193782441,2023-11-09,-0.8646356189783454,2023-11-09,1.2645408048248956,2023-11-09,-0.13327293329373566,2023-11-09,1.1839410187480353,2023-11-09,0.24823189944932506,2023-11-09,0.12407367522865513,False,True,0.00010000000000000002,10.931106208563723,-10.931006208563723,-0.4182199451466979,NEUTRAL
2023-11-13,19449.95,1.9044846642683892,2023-11-10,1.8510889798359638,2023-11-10,-0.23277794172766328,2023-11-10,-1.1897276992925812,2023-11-10,-1.0050828821570816,2023-11-10,-0.476786935119501,2023-11-10,0.1418663643012543,False,True,9.113374864363797,11.177349142250371,-2.063974277886574,-0.30319484976938055,NEUTRAL
2023-11-15,19645.8,2.225805821993986,2023-11-14,2.062649804400658,2023-11-14,0.24798483933044513,2023-11-14,-0.051454915274564535,2023-11-14,2.401860649733589,2023-11-14,1.0527385784792294,2023-11-14,1.3232641297772239,False,True,8.736225188628222,11.10827023276586,-2.3720450441376375,-0.3060729503173307,NEUTRAL
2023-11-16,19843.4,0.13652188382921243,2023-11-15,-0.010013749896932668,2023-11-15,2.0966988656569883,2023-11-15,2.9248408932742764,2023-11-15,1.1188601240399005,2023-11-15,1.7732783090370126,2023-11-15,1.3400310543234097,False,True,10.232028205138082,11.778806305096555,-1.5467780999584733,-0.2660382308987383,NEUTRAL
2023-11-17,19725.9,0.08202962125798864,2023-11-16,-0.007839313399041078,2023-11-16,-0.32840056605134266,2023-11-16,-0.9233890724699894,2023-11-16,0.3066739046403398,2023-11-16,0.06036119709837417,2023-11-16,-0.13509403815394508,False,True,241.60131963276382,11.85109120340255,229.75022842936127,2.7606567518639724,HIGH_VOL_STATE
2023-11-20,19704.15,0.11258620971393984,2023-11-17,0.027054577373597337,2023-11-17,0.31231362574425825,2023-11-17,-1.4660098996582382,2023-11-17,1.0573361752523536,2023-11-17,-0.5572619667579642,2023-11-17,-0.08566354638867558,False,True,9.398328605744338,11.75052249358561,-2.3521938878412723,-0.3069271837166531,NEUTRAL
2023-11-21,19782.95,0.8066116920102677,2023-11-20,0.9493079745793931,2023-11-20,-0.5648563726400294,2023-11-20,1.2795287960205424,2023-11-20,-0.18591696343333536,2023-11-20,0.6764784399158668,2023-11-20,0.4935255944087842,False,True,11.224655012999483,10.534046943511942,0.6906080694875403,-0.26835836446270994,NEUTRAL
2023-11-22,19807.5,-0.30447155693024514,2023-11-21,-0.6198981674952807,2023-11-21,-0.14789013484266608,2023-11-21,-0.17550019681276385,2023-11-21,-0.02514170400245087,2023-11-21,0.593958953023898,2023-11-21,-0.11315713450991809,False,True,10.36212424549612,9.948670818836723,0.4134534266593981,-0.2711910233957296,NEUTRAL
2023-11-23,19799.05,0.42982250977435354,2023-11-22,0.3635212194869727,2023-11-22,0.19201755242570576,2023-11-22,0.002665387656166623,2023-11-22,0.4727831218685657,2023-11-22,0.035304103673705435,2023-11-22,0.24935231581424497,False,True,10.631860344413752,7.932747582088405,2.6991127623253472,-0.24474984011798848,NEUTRAL
2023-11-24,19796.45,0.42982250977435354,2023-11-22,0.3635212194869727,2023-11-22,0.19201755242570576,2023-11-22,0.7116408510543186,2023-11-23,0.2901686313701877,2023-11-23,0.0897882169159096,2023-11-23,0.34615983017124136,False,True,0.00010000000000000002,7.4609601103515555,-7.460860110351556,-0.37017364015677623,NEUTRAL
2023-11-28,19867.5,-0.2605068278756514,2023-11-27,-0.09489215143720878,2023-11-27,-0.5272446462223245,2023-11-27,-0.10398541935074597,2023-11-27,-0.5493273684701621,2023-11-27,-0.024745034604997395,2023-11-27,-0.260116907993515,False,True,7.625900618829387,7.425636424506552,0.20026419432283582,-0.27343400287589276,NEUTRAL
2023-11-29,20081.2,0.09555980816950553,2023-11-28,0.2383217863559253,2023-11-28,-0.16060496577917635,2023-11-28,-0.6196316295350855,2023-11-28,0.1935425679442825,2023-11-28,0.828844387253843,2023-11-28,0.09600532573488241,False,True,10.85807647419703,7.243599394245476,3.6144770799515546,-0.23104043903799065,NEUTRAL
2023-11-30,20114.1,-0.13607711746508536,2023-11-29,-0.18422176877970242,2023-11-29,-0.27811588618556177,2023-11-29,-1.3663770339335737,2023-11-29,1.3982061996510744,2023-11-29,-0.05054889147043632,2023-11-29,-0.10285574969721417,False,True,11.313425485312614,7.311063667124648,4.002361818187966,-0.2261471129962375,NEUTRAL
2023-12-01,20263.55,0.4312509344566378,2023-11-30,-0.24181482194149448,2023-11-30,0.394592978177437,2023-11-30,0.2790546575397812,2023-11-30,0.33191232040945273,2023-11-30,0.488751026555175,2023-11-30,0.2806245158661649,False,True,0.00010000000000000002,7.102847758316008,-7.102747758316008,-0.3455306217905033,NEUTRAL
2023-12-04,20681.55,0.6665893290885401,2023-12-01,0.47493003711872467,2023-12-01,-0.18275548934683744,2023-12-01,-0.7605221106952211,2023-12-01,1.3863712908914845,2023-12-01,-0.9157857399341842,2023-12-01,0.11147121952041772,False,True,11.32072429600852,7.201934781454722,4.118789514553797,-0.2041447451634937,NEUTRAL
2023-12-05,20836.1,-0.7271098544888326,2023-12-04,-0.8551282136637524,2023-12-04,-0.5471744898715438,2023-12-04,-0.6702037036990931,2023-12-04,-0.034568723024074696,2023-12-04,0.3268865623383956,2023-12-04,-0.4178830704014835,False,True,13.476483820990804,9.46392119556927,4.012562625421534,-0.20587957267948137,NEUTRAL
2023-12-06,20953.8,-0.12332919837957548,2023-12-05,0.24070517943075273,2023-12-05,-1.2017427661043258,2023-12-05,-1.228880954675594,2023-12-05,0.9172068352510722,2023-12-05,-0.602165907934055,2023-12-05,-0.3330344687352876,False,True,13.340450781656731,9.506823348959994,3.833627432696737,-0.2085183124770361,NEUTRAL
2023-12-07,20890.2,-0.5158132969845942,2023-12-06,-0.5924446533943639,2023-12-06,1.769362196049005,2023-12-06,0.697430185926252,2023-12-06,0.8410091036499415,2023-12-06,0.0715242759076974,2023-12-06,0.3785113018589896,False,True,12.365093546554515,9.478254140264351,2.8868394062901643,-0.22070826653052417,NEUTRAL
2023-12-08,20938.1,0.9297214520436772,2023-12-07,1.2507362270966393,2023-12-07,-1.500454728373625,2023-12-07,-0.3930992452599701,2023-12-07,-0.34571476874136214,2023-12-07,-0.07373278481757561,2023-12-07,-0.022090641342036043,False,True,0.00010000000000000002,9.41246474030375,-9.412364740303751,-0.37567544935003505,NEUTRAL
2023-12-11,20995.95,0.439879267018168,2023-12-08,0.35492749294348425,2023-12-08,-1.408882922755058,2023-12-08,0.05712608815341778,2023-12-08,0.8946495062613347,2023-12-08,0.8167041107037637,2023-12-08,0.19240059038751836,False,True,10.06445535655307,9.3716011294776,0.6928542270754701,-0.24756604398753754,NEUTRAL
2023-12-12,20884.75,0.4306227349285072,2023-12-11,0.12820707217831914,2023-12-11,1.2268397654656753,2023-12-11,-0.4590270597712074,2023-12-11,0.152088461840208,2023-12-11,0.23642977971187326,2023-12-11,0.28586012572556263,False,True,11.678179191290017,9.412181937118094,2.265997254171923,-0.22738172576924426,NEUTRAL
2023-12-13,20878.6,0.4896036662727339,2023-12-12,0.5842104154439611,2023-12-12,0.12189783468097924,2023-12-12,0.8581450906209955,2023-12-12,-0.16764043190530642,2023-12-12,0.3092026333038438,2023-12-12,0.36590320140286786,False,True,13.313882666904364,9.426639040005321,3.8872436268990427,-0.2067574089793454,NEUTRAL
2023-12-14,21169.1,1.6045604611710913,2023-12-13,1.2239745023137558,2023-12-13,0.1927682179787888,2023-12-13,-0.502027687945364,2023-12-13,-0.35607872610846647,2023-12-13,-0.7490135254872781,2023-12-13,0.23569720698708793,False,True,11.240779038860339,8.94371615063205,2.2970628882282895,-0.22606078051065784,NEUTRAL
2023-12-15,21401.9,0.20144335766540092,2023-12-14,0.054793178867458055,2023-12-14,-0.594927226105967,2023-12-14,0.850279448119916,2023-12-14,-0.24515037245680749,2023-12-14,1.023330312740924,2023-12-14,0.21496144980515405,False,True,0.00010000000000000002,9.519624960413312,-9.519524960413312,-0.3603417195565371,NEUTRAL
2023-12-18,21423.1,-0.15666386290242482,2023-12-15,0.19036929329849855,2023-12-15,0.7467448795552698,2023-12-15,1.7424779591527488,2023-12-15,-0.1755334892440897,2023-12-15,0.5899188776738091,2023-12-15,0.48955227625563524,False,True,11.236226704387994,9.850991485347205,1.3852352190407888,-0.22218579077017028,NEUTRAL
2023-12-19,21427.6,0.3942959407426637,2023-12-18,0.41924976299357186,2023-12-18,-0.5237872015151299,2023-12-18,-0.5911852596029719,2023-12-18,-0.9896373409853088,2023-12-18,0.11097269325128599,2023-12-18,-0.19668190085264814,False,True,12.324896200878568,9.838058943786953,2.486837257091615,-0.20823205884707463,NEUTRAL
2023-12-20,21227.35,0.5523230063771607,2023-12-19,0.4538797166618694,2023-12-19,1.1641556924236809,2023-12-19,-0.44514223281054055,2023-12-19,0.5927367437936908,2023-12-19,0.04832125227264607,2023-12-19,0.3943790297864178,False,True,11.214042966345314,9.89192882795932,1.3221141383859933,-0.22221204154966606,NEUTRAL
2023-12-21,21240.1,-2.095366860654193,2023-12-20,-1.7079056363484832,2023-12-20,1.1003393166001698,2023-12-20,0.5518067628894697,2023-12-20,-0.3154161346020927,2023-12-20,1.3637504578515378,2023-12-20,-0.18379868237726524,False,True,17.17439182696025,11.932874284511794,5.241517542448456,-0.1756819504347401,NEUTRAL
2023-12-22,21364.3,1.1179057474870204,2023-12-21,1.0475105546047307,2023-12-21,-1.3593426128074646,2023-12-21,0.0991799203552805,2023-12-21,-0.6072508966754102,2023-12-21,-0.4483429028831291,2023-12-21,-0.025056698319828697,False,True,0.00010000000000000002,11.843855091041226,-11.843755091041226,-0.3891285253206481,NEUTRAL
2023-12-26,21437.8,-0.015062000480945942,2023-12-22,-0.033111731895165385,2023-12-22,0.16728145121109272,2023-12-25,-1.136090703406113,2023-12-22,-0.04531101293620884,2023-12-22,-0.06419907562195808,2023-12-22,-0.18774884552154977,False,True,10.425677166057381,11.738165287347543,-1.312488121290162,-0.2549379577527519,NEUTRAL
2023-12-27,21580.05,0.3221827854480692,2023-12-26,0.32498082945923035,2023-12-26,0.08440386759211929,2023-12-26,-1.136090703406113,2023-12-22,-0.04531101293620884,2023-12-22,0.0390729126427219,2023-12-26,-0.06846022020003018,False,True,14.062330142446017,11.734918299644406,2.3274118428016113,-0.2088999578465203,NEUTRAL
2023-12-28,21763.85,-0.050265421805574424,2023-12-27,-0.060445658893638045,2023-12-27,0.8651744899889183,2023-12-27,1.2951108975922947,2023-12-27,0.10553187059452657,2023-12-27,0.26363920799987195,2023-12-27,0.4031242309127332,False,True,13.944178617607438,11.701601199492096,2.242577418115342,-0.2100219008643665,NEUTRAL
2023-12-29,21732.85,-0.18883079513593345,2023-12-28,-0.24118704250998668,2023-12-28,-0.427721891315822,2023-12-28,1.7891891754686675,2023-12-28,-0.5733047560452844,2023-12-28,1.1638338938685333,2023-12-28,0.2536630973883624,False,True,229.7054828772512,11.687807302798042,218.01767557445316,3.572661631808905,HIGH_VOL_STATE
2024-01-01,21824.15,-0.6503629151631654,2023-12-29,-0.8279157457889951,2023-12-29,-0.2653628691379299,2023-12-29,0.05938933796872786,2023-12-29,0.187455311500661,2023-12-29,1.1638338938685333,2023-12-28,-0.0554938311253614,False,True,11.516087382126328,11.864366575034449,-0.34827919290812126,-0.24755473262717553,NEUTRAL
2024-01-02,21657.2,-0.6503629151631654,2023-12-29,-0.8279157457889951,2023-12-29,-0.2653628691379299,2023-12-29,0.05938933796872786,2023-12-29,0.187455311500661,2023-12-29,1.1638338938685333,2023-12-28,-0.0554938311253614,False,True,12.510690909389965,9.945641188758,2.565049720631965,-0.2009456305650641,NEUTRAL
2024-01-03,21561.9,-1.003912550887641,2024-01-02,-1.9217013185649343,2024-01-02,-0.2653628691379299,2023-12-29,-1.0707281661224883,2024-01-02,-0.10214437581145255,2024-01-02,0.32024603386786954,2024-01-02,-0.6739338744427626,False,True,12.790827523801134,9.94830523404986,2.8425222897512743,-0.19646415889628782,NEUTRAL
2024-01-04,21651.35,-1.298109660053512,2024-01-03,-1.3786848638984497,2024-01-03,-0.2653628691379299,2023-12-29,-0.5785044793019053,2024-01-03,-2.2895027388867857,2024-01-03,-2.012543465290224,2024-01-03,-1.3037846794281345,False,True,12.114482155130249,10.422233294650951,1.6922488604792978,-0.18662803633254157,NEUTRAL
2024-01-05,21702.7,-0.6503403744673497,2024-01-04,-0.7125406101925255,2024-01-04,-0.5408811004114666,2024-01-04,0.030709541656350165,2024-01-04,0.48200124976707737,2024-01-04,-0.7122094303493407,2024-01-04,-0.35054345399954245,False,True,117.3686499540421,10.503627574488608,106.8650223795535,1.5148531724292575,HIGH_VOL_STATE
2024-01-08,21526.45,0.06499168673956002,2024-01-05,-0.03249898560731447,2024-01-05,0.10079730222043337,2024-01-05,-0.4233833747109467,2024-01-05,-0.4299628286436647,2024-01-05,-0.36374824847390563,2024-01-05,-0.180634074745973,False,True,9.45197221406767,10.492631056089571,-1.0406588420219016,-0.25464573745876,NEUTRAL
2024-01-09,21576.0,1.6993094745911592,2024-01-08,2.1024619519923524,2024-01-08,0.10079730222043337,2024-01-05,-1.280559221533592,2024-01-08,0.9391260627520814,2024-01-08,-0.40274354435041154,2024-01-08,0.5263986709453372,False,True,12.877388538575591,11.228381305625602,1.6490072329499892,-0.2106724948651965,NEUTRAL
2024-01-10,21604.55,-0.3778240074984372,2024-01-09,-0.04873635643222372,2024-01-09,0.9052374527409879,2024-01-09,-0.05682836126889799,2024-01-09,-0.45753122039886124,2024-01-09,-0.26772885090914916,2024-01-09,-0.050568557294430244,False,True,12.422816367979136,11.018558929530277,1.4042574384488589,-0.214155325345452,NEUTRAL
2024-01-11,21652.6,0.5405389555530601,2024-01-10,0.5867276746919667,2024-01-10,1.6255424375898564,2024-01-10,-0.2967016863157667,2024-01-10,-0.18995811840266463,2024-01-10,-0.6400601279510931,2024-01-10,0.27101485586089324,False,True,13.137494964609925,11.034844746751787,2.1026502178581374,-0.20615701129802666,NEUTRAL
2024-01-12,21902.75,-0.31019654095519733,2024-01-11,-0.18433487537997684,2024-01-11,1.4345217119687503,2024-01-11,1.0691366155741253,2024-01-11,-1.6401364390867508,2024-01-11,-0.10432709455338593,2024-01-11,0.044110562927927456,False,True,81.91877937478344,10.268386585987024,71.65039278879641,0.8988722501374958,HIGH_VOL_STATE
2024-01-15,22095.0,-0.10057113262783475,2024-01-12,-0.15231699943243562,2024-01-12,1.1679035784067673,2024-01-12,-0.15730692655450146,2024-01-12,1.2859003943592215,2024-01-12,-0.535424837302649,2024-01-12,0.2513640128080947,False,True,11.562907469821237,10.038738937490987,1.5241685323302505,-0.23299797325438854,NEUTRAL
2024-01-16,22039.55,-0.10057113262783475,2024-01-12,-0.15231699943243562,2024-01-12,0.6597870483417024,2024-01-15,-0.033650399819012224,2024-01-15,-1.0096320786380022,2024-01-15,-0.011031700113285955,2024-01-15,-0.1079025437148114,False,True,13.590079948911466,10.397875011293658,3.1922049376178077,-0.2066227345539549,NEUTRAL
2024-01-17,21573.65,-0.6959846318553392,2024-01-16,-0.36497086334797413,2024-01-16,-0.8467016589808071,2024-01-16,-1.493647339318716,2024-01-16,-0.7439663635772216,2024-01-16,-0.931317069294751,2024-01-16,-0.8460979877291349,False,True,13.229569150284226,10.532825628700316,2.69674352158391,-0.2143770645408941,NEUTRAL
2024-01-18,21449.45,-0.9965509867863391,2024-01-17,-0.8170973972598409,2024-01-17,-0.5380917571237431,2024-01-17,-2.5714426990787738,2024-01-17,-1.607283871311659,2024-01-17,-2.035293294828714,2024-01-17,-1.4276266677315117,False,True,18.326531087297333,12.103912287085446,6.222618800211887,-0.09147397824431458,NEUTRAL
2024-01-19,21612.3,0.9727024944906782,2024-01-18,1.1885403131597543,2024-01-18,-0.18808718890505502,2024-01-18,0.6685152277355211,2024-01-18,1.0894235615816654,2024-01-18,0.0946561005459926,2024-01-18,0.6376250847680928,False,True,0.00010000000000000002,12.204109314659393,-12.204009314659393,-0.51720213712931,NEUTRAL
2024-01-20,21589.85,1.4444104619183313,2024-01-19,1.5280115337273263,2024-01-19,1.1051759882600132,2024-01-19,-0.25833685835580394,2024-01-19,-0.4383825021475281,2024-01-19,1.0094665909948815,2024-01-19,0.7317242023995366,False,True,13.586627591888185,12.387636382855906,1.198991209032279,-0.20303088384052376,NEUTRAL
2024-01-23,21221.15,-0.018005794183721804,2024-01-22,0.04862237982294996,2024-01-22,1.2819333696332977,2024-01-22,-1.4842838235882703,2024-01-22,0.9903974953848103,2024-01-22,-0.32255104526122336,2024-01-22,0.0826854303013071,False,True,13.267463903460392,12.353005177049324,0.914458726411068,-0.20855909155791383,NEUTRAL
2024-01-24,21435.75,0.09539857699358412,2024-01-23,0.1691445253896534,2024-01-23,-0.31668454914965105,2024-01-23,1.967615320235079,2024-01-23,-0.8731785659381135,2024-01-23,0.39715802720849686,2024-01-23,0.2399088891231748,False,True,19.24598552765804,13.031304362326981,6.214681165331058,-0.09164028950532152,NEUTRAL
2024-01-25,21266.4,-0.25171370898222145,2024-01-24,0.05632555026330804,2024-01-24,-0.9897430225065995,2024-01-24,2.500229073848917,2024-01-24,2.349529984278767,2024-01-24,-0.40741383192400843,2024-01-24,0.5428690074963604,False,True,17.297465359451653,13.441377702956329,3.8560876564953244,-0.14850914865229997,NEUTRAL
2024-01-29,21701.0,-0.5485974146513191,2024-01-26,-0.8237095951698863,2024-01-26,-1.452799467964105,2024-01-26,-0.9586860587667783,2024-01-26,0.14591938832244464,2024-01-26,0.17696364517705726,2024-01-26,-0.5768182505087645,False,True,0.00010000000000000002,13.510964621632274,-13.510864621632274,-0.5489388537178177,NEUTRAL
2024-01-30,21550.7,0.7612356522287272,2024-01-29,0.9405918764156377,2024-01-29,0.4731428611873704,2024-01-29,0.5701827309228591,2024-01-29,-0.5672194223937665,2024-01-29,0.6230437896237323,2024-01-29,0.4668295813307601,False,True,21.413875126691305,15.170195410448963,6.243679716242342,-0.08864505285768856,NEUTRAL
2024-01-31,21686.2,-0.5176222896463843,2024-01-30,-1.271631495306321,2024-01-30,-0.1397496841786492,2024-01-30,-1.4294757924602202,2024-01-30,-0.054046101147718996,2024-01-30,-0.18362712713108745,2024-01-30,-0.5993587483117303,False,True,23.17030064730097,15.554263672912791,7.616036974388178,-0.0582327182598192,NEUTRAL
2024-02-01,21720.9,-2.943043474536853,2024-01-31,-2.9724858924822533,2024-01-31,0.3209952646656347,2024-01-31,-0.7876314361261085,2024-01-31,-1.0257770804897455,2024-01-31,-0.15596359243009272,2024-01-31,-1.2606510352332363,False,True,29.222536923154795,15.726480580382274,13.49605634277252,0.06954641344139044,NEUTRAL
2024-02-02,21851.9,1.6454852662572095,2024-02-01,1.2192886919079828,2024-02-01,-0.9821701658365887,2024-02-01,0.4706494718782412,2024-02-01,-0.7590390338264615,2024-02-01,1.4777586144905221,2024-02-01,0.5119954741451508,False,True,0.00010000000000000002,15.565666064151499,-15.565566064151499,-0.6051578719193419,NEUTRAL
2024-02-05,21731.35,1.3399373667797652,2024-02-02,1.7174504170680704,2024-02-02,0.17968112347378362,2024-02-02,0.011330442325651257,2024-02-02,0.2898705572882969,2024-02-02,3.022883982242072,2024-02-02,1.0935256481962732,False,True,13.694938484550695,15.760357332162537,-2.0654188476118414,-0.28849336585756874,NEUTRAL
2024-02-06,21914.2,-0.8101741160251807,2024-02-05,-0.49277903064909934,2024-02-05,0.325341323357145,2024-02-05,0.0338027984721777,2024-02-05,-0.4602038691189912,2024-02-05,-1.083357927138933,2024-02-05,-0.414561803517147,False,True,18.136065061176264,15.425457189817754,2.7106078713585102,-0.1784122315664879,NEUTRAL
2024-02-07,21915.85,0.04020476664646719,2024-02-06,-0.17187588076517255,2024-02-06,-0.7292934062926862,2024-02-06,2.7800836410866876,2024-02-06,1.00708173998942,2024-02-06,-0.7330994302700616,2024-02-06,0.3655169050657758,False,True,18.02151801477663,15.60931142100348,2.412206593773149,-0.18633469892461116,NEUTRAL
2024-02-08,21673.2,0.9336492609092105,2024-02-07,0.7952198929171398,2024-02-07,-0.31904983902378165,2024-02-07,-0.13425519413018674,2024-02-07,-1.4192154544402762,2024-02-07,1.241789885807921,2024-02-07,0.1830230920066711,False,True,16.122748395187852,15.583529404633001,0.5392189905548506,-0.23485252244837293,NEUTRAL
2024-02-09,21762.3,-0.27092566686085606,2024-02-08,-0.02678289717588609,2024-02-08,1.9362499074676593,2024-02-08,-0.7273889838440595,2024-02-08,0.12146527521293192,2024-02-08,0.2837957244277773,2024-02-08,0.21940222653792782,False,True,217.89776544140923,16.04138446125546,201.85638098015377,4.394978615217128,HIGH_VOL_STATE
2024-02-12,21604.95,0.5809938882529927,2024-02-09,1.179426263178598,2024-02-09,-0.11751610083680121,2024-02-09,-0.4281320585348397,2024-02-09,-0.6750735355536445,2024-02-09,0.2837957244277773,2024-02-08,0.13724903015568038,False,True,13.167048685166094,15.500920868068988,-2.333872182902894,-0.33115483145326724,NEUTRAL
2024-02-13,21733.85,-0.4996885153136437,2024-02-12,-0.6365255150036214,2024-02-12,-0.11751610083680121,2024-02-09,-0.4281320585348397,2024-02-09,0.9622498716062874,2024-02-12,0.2837957244277773,2024-02-08,-0.07263609894247357,False,True,18.02978341978096,15.272834650752925,2.7569487690280337,-0.22922535025686025,NEUTRAL
2024-02-14,21838.05,-2.6313232714497667,2024-02-13,-2.426143610220578,2024-02-13,2.747432624464431,2024-02-13,-0.4281320585348397,2024-02-09,-1.9639796777760041,2024-02-13,1.0057028099610303,2024-02-13,-0.6160738639259545,False,True,16.84321619011876,15.461964005630627,1.3812521844881331,-0.25831307254730446,NEUTRAL
2024-02-15,21909.95,1.2781214577292677,2024-02-14,1.2937017287334205,2024-02-14,-0.9158272542745935,2024-02-14,0.6213615658344362,2024-02-14,0.4886524954645715,2024-02-14,-1.297376722400287,2024-02-14,0.24477221184780262,False,True,15.979552972912025,13.438928440524661,2.5406245323873637,-0.1927047920115732,NEUTRAL
2024-02-16,22045.25,0.6443535886598261,2024-02-15,0.11161049634313536,2024-02-15,0.9248788192897099,2024-02-15,0.4053797898602652,2024-02-15,0.9022191141788156,2024-02-15,-0.3670892077782903,2024-02-15,0.4368921000922437,False,True,0.00010000000000000002,13.279557854594437,-13.279457854594437,-0.5794769469613056,NEUTRAL
2024-02-19,22132.65,-1.0451091267979917,2024-02-16,-1.162681953590387,2024-02-16,0.6383422972848775,2024-02-16,1.7545999254503486,2024-02-16,0.5432300542635096,2024-02-16,1.332371947171514,2024-02-16,0.3434588572969785,False,True,13.538171005257743,13.188622230637915,0.34954877461982825,-0.2418381623982795,NEUTRAL
2024-02-20,22137.6,-1.0451091267979917,2024-02-16,-1.162681953590387,2024-02-16,-0.282261005477412,2024-02-19,-0.6734807947370938,2024-02-19,-0.4947625595565827,2024-02-19,1.1288208054052653,2024-02-19,-0.421579105792367,False,True,16.46238278012861,13.155193481970581,3.307189298158029,-0.17005930997612703,NEUTRAL
2024-02-21,22023.65,-1.1999319017555914,2024-02-20,-1.2352191781101485,2024-02-20,-0.5057043817466766,2024-02-20,0.4739368533140875,2024-02-20,-0.46518327106572904,2024-02-20,-1.0139139461843665,2024-02-20,-0.6576693042580708,False,True,16.405275040388744,11.468396743108787,4.936878297279957,-0.13077520652969124,NEUTRAL
2024-02-22,22180.0,-0.04529128067688319,2024-02-21,-0.5452495503573632,2024-02-21,-0.4995467497408226,2024-02-21,1.126697327675518,2024-02-21,0.32970488633140055,2024-02-21,-0.28058567624308756,2024-02-21,0.014288159498126988,False,True,17.470462166040214,11.477731471510545,5.992730694529669,-0.1103320545086036,NEUTRAL
2024-02-23,22242.25,3.0616360189904044,2024-02-22,3.16136347437362,2024-02-22,1.943780407311683,2024-02-22,1.0197498174581436,2024-02-22,2.4773449880775424,2024-02-22,0.3315958806527561,2024-02-22,1.9992450978106915,False,True,240.71491009685485,11.406956313048386,229.30795378380645,5.315282330833318,HIGH_VOL_STATE
2024-02-26,22120.6,-0.21812816845679464,2024-02-23,-0.502381894096806,2024-02-23,1.943780407311683,2024-02-22,-0.0008756939194572773,2024-02-23,0.24274995211134195,2024-02-23,0.02932477167572988,2024-02-23,0.24907822910428282,False,True,12.590862611620961,9.642049135498077,2.9488134761228846,-0.22942022338465315,NEUTRAL
2024-02-27,22189.9,-0.8258670546303254,2024-02-26,-0.34092942218735617,2024-02-26,0.07706587290023359,2024-02-26,-0.3128013928868343,2024-02-26,-0.21218427481163601,2024-02-26,-0.933653789873114,2024-02-26,-0.4247283435815054,False,True,16.55085653603833,8.910814883680002,7.640041652358329,-0.1350049317314839,NEUTRAL
2024-02-28,21974.75,-0.01487654225391109,2024-02-27,0.1854299248911669,2024-02-27,-0.23946300485527827,2024-02-27,0.6669677044231488,2024-02-27,1.1392134629036814,2024-02-27,-0.9762475511507361,2024-02-27,0.12683733232634525,False,True,15.974558125894427,8.41042943983033,7.564128686064098,-0.14165514088465037,NEUTRAL
2024-02-29,21939.3,-0.5088656575977746,2024-02-28,-0.7781429394850216,2024-02-28,-0.3415964459436495,2024-02-28,-0.96583544650835,2024-02-28,0.21321261070151848,2024-02-28,1.0096248068000506,2024-02-28,-0.22860051200553777,False,True,18.980404574928734,9.50290049540565,9.477504079523085,-0.10441711112739123,NEUTRAL
2024-03-01,22340.05,0.5016105390007137,2024-02-29,0.7365076495205063,2024-02-29,-0.36796537581451844,2024-02-29,-0.07911830650598042,2024-02-29,0.5762860329873467,2024-02-29,-0.48128634475072146,2024-02-29,0.14767236573955775,False,True,240.22343248579708,9.170443343364628,231.05298914243244,4.344268125417538,HIGH_VOL_STATE
2024-03-04,22408.15,0.9060482997656111,2024-03-01,0.9694851789700746,2024-03-01,1.5805015930246011,2024-03-01,0.34062138849000767,2024-03-01,0.3538921121098708,2024-03-01,-0.48128634475072146,2024-02-29,0.6115437046015739,False,True,13.038315714318943,10.443072315419835,2.5952433988991075,-0.2797155150013145,NEUTRAL
2024-03-05,22369.7,-0.46017570815975584,2024-03-04,-0.672658256093471,2024-03-04,0.18937896375903912,2024-03-04,0.034842009201862596,2024-03-04,-0.4118035128816764,2024-03-04,1.1761466940819765,2024-03-04,-0.02404496834867083,False,True,15.10687440135588,10.435482799781322,4.671391601574557,-0.24717427880324153,NEUTRAL
2024-03-06,22433.9,-1.7645148148232896,2024-03-05,-1.938500202033594,2024-03-05,-0.32266481585921525,2024-03-05,-1.7500364031821687,2024-03-05,-0.37816485359288826,2024-03-05,-1.0863724574578124,2024-03-05,-1.2067089244914946,False,True,13.837178979747517,9.674826480881588,4.162352498865928,-0.25735889449859845,NEUTRAL
2024-03-07,22500.7,0.4668393841865402,2024-03-06,0.37607462906060146,2024-03-06,-0.32221008247969907,2024-03-06,1.1300170794328535,2024-03-06,-0.003528945021205758,2024-03-06,-0.4024086705021214,2024-03-06,0.20746389911282814,False,True,14.890363889048924,9.758009421263619,5.132354467785305,-0.24091996642860292,NEUTRAL
2024-03-11,22399.25,-1.1936371941616126,2024-03-08,-1.3716599656223838,2024-03-08,-0.05816636676856918,2024-03-08,0.4974931624202899,2024-03-08,-0.48473580535860383,2024-03-08,1.1760927584654093,2024-03-08,-0.2391022351709117,False,True,0.00010000000000000002,9.09124527241373,-9.09114527241373,-0.4911030787235512,NEUTRAL
2024-03-12,22319.05,-0.4004806455409101,2024-03-11,-0.5887756411775369,2024-03-11,-2.562912170911635,2024-03-11,0.9242334635081543,2024-03-11,-0.8949863466677557,2024-03-11,-0.9153518960341002,2024-03-11,-0.7397122061372973,False,True,14.240334767393986,9.561589711390477,4.678745056003509,-0.24561590480958798,NEUTRAL
2024-03-13,21953.85,1.3358362691849253,2024-03-12,1.355003388673262,2024-03-12,-0.3711981267223942,2024-03-12,1.9454045010008625,2024-03-12,2.0961720561564525,2024-03-12,0.750112348803596,2024-03-12,1.1852217395161175,False,True,15.374209216121582,9.499340427439131,5.87486878868245,-0.22914767798164523,NEUTRAL
2024-03-14,22125.3,-0.49802637047353476,2024-03-13,-0.6998161039290567,2024-03-13,-0.5542837657579566,2024-03-13,-0.095040169071344,2024-03-13,-0.24739588833507206,2024-03-13,0.3413597466169333,2024-03-13,-0.2922004251583385,False,True,18.094359267268466,11.158382957659327,6.9359763096091385,-0.21189826982959187,NEUTRAL
2024-03-15,22050.55,-0.619640903444109,2024-03-14,-0.45363027411744267,2024-03-14,0.009551522407867902,2024-03-14,-0.5082781700724053,2024-03-14,-0.40174335644441667,2024-03-14,0.8486034644823096,2024-03-14,-0.18752295286469933,False,True,0.00010000000000000002,11.222478051771532,-11.222378051771532,-0.5324760776212205,NEUTRAL
2024-03-18,22089.7,-1.1184635301951538,2024-03-15,-1.0879609659898086,2024-03-15,-0.5417114064889512,2024-03-15,-0.9429810488539139,2024-03-15,-0.2817019254791274,2024-03-15,-2.1042253333513825,2024-03-15,-1.0128407017263896,False,True,12.249250893127888,11.333603602301647,0.9156472908262412,-0.31493340337208003,NEUTRAL
2024-03-19,21840.55,0.6984592070414376,2024-03-18,0.6757470979757082,2024-03-18,2.4217347756497887,2024-03-18,0.05914605657563721,2024-03-18,-0.2507990299029612,2024-03-18,0.6321776806451613,2024-03-18,0.7060776313307953,False,True,14.713240017697876,11.270158868022714,3.4430811496751623,-0.2692124516713783,NEUTRAL
2024-03-20,21843.05,0.6038777863317525,2024-03-19,0.26222941448201875,2024-03-19,0.335961561316889,2024-03-19,-0.8127907093212053,2024-03-19,0.342238887694512,2024-03-19,-1.1937432777585217,2024-03-19,-0.07703772287575912,False,True,15.968107677722715,11.709087588938292,4.259020088784423,-0.2598463743564208,NEUTRAL
2024-03-21,22000.0,1.0524226735764677,2024-03-20,1.089567750713953,2024-03-20,0.335961561316889,2024-03-19,0.04348952575853423,2024-03-20,0.049266614710438174,2024-03-20,1.2093437276119015,2024-03-20,0.6300086422813639,False,True,16.101433282233963,11.330493950107687,4.770939332126275,-0.2526101848635496,NEUTRAL
2024-03-22,22130.05,0.23488835737605387,2024-03-21,0.04303970670841973,2024-03-21,1.6566739428876391,2024-03-21,1.2391412303529838,2024-03-21,1.4263240135138675,2024-03-21,2.2815227296039278,2024-03-21,1.1469316634071485,False,True,152.12815095202262,11.775330422389795,140.35282052963282,2.1315195886871634,HIGH_VOL_STATE
2024-03-26,22005.0,-0.6706545352923208,2024-03-25,-0.4155688800648429,2024-03-25,-1.4507292825304086,2024-03-25,-0.11660333073973504,2024-03-25,0.28536294974989074,2024-03-25,-0.4801894702476247,2024-03-25,-0.4747304248541735,False,True,10.120490908924978,11.787452725637076,-1.6669618167120976,-0.3928643906490889,NEUTRAL
2024-03-27,22154.4,-0.6203412017635882,2024-03-26,-0.5563645126696816,2024-03-26,-0.3708044876322318,2024-03-26,0.5610123436766371,2024-03-26,0.949549656497801,2024-03-26,0.5984330306244466,2024-03-26,0.09358080478889719,False,True,15.926629729571651,11.798652070564026,4.127977659007625,-0.25815661579399174,NEUTRAL
2024-03-28,22419.95,1.0406947812110752,2024-03-27,0.3750555880618195,2024-03-27,0.560226068116257,2024-03-27,-0.8610415039913114,2024-03-27,0.6236000989757079,2024-03-27,-0.16638409512297592,2024-03-27,0.26202515620842864,False,True,14.540593796227036,11.222110041129769,3.318483755097267,-0.2749493298727673,NEUTRAL
2024-04-01,22458.35,-0.07218525243692604,2024-03-28,-0.27271573836105223,2024-03-28,0.17561738286987927,2024-03-29,0.6192999940076089,2024-03-28,-0.1960872130991465,2024-03-28,-0.030827571547866243,2024-03-29,0.03718360023874953,False,True,278.69272828596,11.665069604668101,267.02765868129194,4.700876539007714,HIGH_VOL_STATE
2024-04-02,22432.35,-0.543270719907175,2024-04-01,-0.07306163524294496,2024-04-01,-1.6471166350556854,2024-04-01,0.6192999940076089,2024-03-28,-0.1960872130991465,2024-03-28,-0.007462124756155725,2024-04-01,-0.30794972234224977,False,True,13.278254703806741,10.301974300917308,2.976280402889433,-0.31206196461192537,NEUTRAL
2024-04-03,22446.5,-1.335308155940896,2024-04-02,-1.1950880333412701,2024-04-02,-0.1902607078064439,2024-04-02,1.5372389290878576,2024-04-02,-2.5053189169409515,2024-04-02,0.10361001165422781,2024-04-02,-0.5975211455479127,False,True,12.833712972941619,10.289005537216612,2.544707435725007,-0.31941098585433536,NEUTRAL
2024-04-04,22519.55,-0.0987128007799659,2024-04-03,0.03639223212806287,2024-04-03,-1.2008953763120809,2024-04-03,-0.8029906912554016,2024-04-03,0.5456141663534827,2024-04-03,-1.8504806548515096,2024-04-03,-0.5618455207862354,False,True,12.800636978789608,10.287601489285358,2.513035489504251,-0.2964279771057796,NEUTRAL
2024-04-05,22507.1,-2.0536493863448655,2024-04-04,-1.6453646952425378,2024-04-04,0.4940293092493448,2024-04-04,-0.8029906912554016,2024-04-03,0.06273104511883247,2024-04-04,1.2191376288289066,2024-04-04,-0.45435113160762025,False,True,0.00010000000000000002,10.322297005656159,-10.32219700565616,-0.5080494399174937,NEUTRAL
2024-04-08,22675.4,1.417294082687371,2024-04-05,1.1587012717111385,2024-04-05,-2.1229063014360636,2024-04-05,-0.01721520482220056,2024-04-05,-2.58306265324844,2024-04-05,-1.1269433019174764,2024-04-05,-0.5456886845042787,False,True,11.07355313781343,10.150902665292712,0.9226504725207185,-0.3198770638154867,NEUTRAL
2024-04-09,22651.4,-0.2710868584617886,2024-04-08,-0.12447957029839764,2024-04-08,0.6045867114239627,2024-04-08,0.014189457161783136,2024-04-08,1.1316673829351478,2024-04-08,0.024746443575828628,2024-04-08,0.22993726105608936,False,True,13.419147039743184,10.436680055861473,2.982466983881711,-0.28598924419669935,NEUTRAL
2024-04-10,22742.8,0.0030410211319966502,2024-04-09,0.18912348357543804,2024-04-09,0.7934746912091478,2024-04-09,0.3254188194864997,2024-04-09,-2.651397722279566,2024-04-09,-0.5736446617722686,2024-04-09,-0.3189973947747921,False,True,12.826632277311,10.04548844141219,2.7811438358988116,-0.2895481718964966,NEUTRAL
2024-04-12,22545.85,0.8639112761691392,2024-04-11,1.5926300136166687,2024-04-11,-0.5072554136333945,2024-04-11,-0.2384354013549672,2024-04-11,-1.607249081550942,2024-04-11,-0.04302091771209324,2024-04-11,0.010096745922401845,False,True,0.00010000000000000002,10.15453259139064,-10.15443259139064,-0.48530546964735854,NEUTRAL
2024-04-15,22304.7,-2.2453226117467904,2024-04-12,-1.8042945317191845,2024-04-12,0.04071157141819316,2024-04-12,-1.455834010199553,2024-04-12,-0.45758885801914134,2024-04-12,-1.047287912306384,2024-04-12,-1.16160272542881,False,True,10.748999628269193,9.186536284563704,1.5624633437054882,-0.2887299372850842,NEUTRAL
2024-04-16,22122.7,-1.8093539457666088,2024-04-15,-1.9146434944857789,2024-04-15,-0.8750069976279085,2024-04-15,-0.4943485122892191,2024-04-15,0.6754190011297668,2024-04-15,-0.5236178660992389,2024-04-15,-0.8235919691898314,False,True,13.616618167001848,9.934469634380909,3.682148532620939,-0.2533792545602071,NEUTRAL
2024-04-18,22023.2,-0.8849525841535726,2024-04-17,-1.1987622652322012,2024-04-17,-1.3520683493384422,2024-04-17,-0.021694952960523796,2024-04-17,-0.1617270310987267,2024-04-17,-1.1029765012312014,2024-04-17,-0.7870302806691113,False,True,11.93976240949842,9.93670563762365,2.0030567718747694,-0.2812898698964998,NEUTRAL
2024-04-19,22145.05,-0.37976063626479994,2024-04-18,-0.5501028790748496,2024-04-18,0.19737016308735916,2024-04-18,0.46965250822954124,2024-04-18,0.45260885442615195,2024-04-18,1.849345119549078,2024-04-18,0.3398521883254135,False,True,74.16084312655342,10.259568113974634,63.90127501257878,0.7379221472514169,NEUTRAL
2024-04-22,22309.3,-1.2513833380149209,2024-04-19,-2.0260620784586645,2024-04-19,-2.553502512941287,2024-04-19,-0.7287070670224082,2024-04-19,-1.133935978158668,2024-04-19,-1.7051523898816265,2024-04-19,-1.5664572274129291,False,True,12.83647231536365,9.687175600833326,3.1492967145303243,-0.28145484454585074,NEUTRAL
2024-04-23,22411.85,1.1140909317672139,2024-04-22,1.0645544048614206,2024-04-22,0.8596821802692981,2024-04-22,1.0967557793899154,2024-04-22,1.0670126683622871,2024-04-22,1.3062425785037477,2024-04-22,1.084723090525647,False,True,14.10041376728961,10.090253461541016,4.0101603057485935,-0.2679042773347277,NEUTRAL
2024-04-24,22412.55,1.5263398513238946,2024-04-23,1.4908782827065725,2024-04-23,0.21488106905736942,2024-04-23,1.1641260696537292,2024-04-23,2.5134301808257713,2024-04-23,-0.33013495918876146,2024-04-23,1.096586749063096,False,True,13.222363391925352,9.757307930313095,3.4650554616122573,-0.27776832034740623,NEUTRAL
2024-04-25,22597.15,-0.05414876452732105,2024-04-24,0.0655418151955682,2024-04-24,2.0860278199460685,2024-04-24,1.3816318421123421,2024-04-24,-0.6299680651919977,2024-04-24,1.8073452235861323,2024-04-24,0.7760716451867987,False,True,11.873679512655452,9.694228500934845,2.179451011720607,-0.29806410809235767,NEUTRAL
2024-04-26,22441.1,-0.6643220498327126,2024-04-25,-0.6117849942368392,2024-04-25,-1.987943073931236,2024-04-25,0.2379494322833509,2024-04-25,-1.7353349648230811,2024-04-25,-1.7564538864622912,2024-04-25,-1.0863149228338014,False,True,415.4621654123984,9.797715375097265,405.66445003730115,6.324431640745987,HIGH_VOL_STATE
2024-04-29,22628.6,1.2717357044538893,2024-04-26,1.87128211430156,2024-04-26,0.6192280820412475,2024-04-26,1.410355261149036,2024-04-26,2.0284619234549646,2024-04-26,0.8567391934292005,2024-04-26,1.3429670464716497,False,True,11.778964495833094,10.080965224576847,1.697999271256247,-0.3261451056611176,NEUTRAL
2024-04-30,22693.95,0.30774211550593966,2024-04-29,0.24363077772199912,2024-04-29,0.6192280820412475,2024-04-26,0.2550597460264683,2024-04-29,-0.5551059155465353,2024-04-29,0.9579246349043651,2024-04-29,0.30474657344224737,False,True,11.767942244723606,10.176184255728645,1.5917579889949618,-0.32643838006070525,NEUTRAL
2024-05-02,22664.3,-0.49598551885761255,2024-05-01,-0.32263985051275,2024-05-01,-0.37109582973209015,2024-05-01,-0.058908461210125246,2024-04-30,-1.7896507360821736,2024-04-30,0.03967170003990039,2024-04-30,-0.49976811605914184,False,True,12.367934188310862,10.002138318803933,2.365795869506929,-0.31518282573890694,NEUTRAL
2024-05-03,22454.6,1.179292415188181,2024-05-02,1.4130301406348333,2024-05-02,-0.17413376454336046,2024-05-02,1.648148338076107,2024-05-02,-0.45272207102856177,2024-05-02,-0.39670894132938245,2024-05-02,0.5361510194996361,False,True,0.00010000000000000002,10.013489176072325,-10.013389176072325,-0.47016095693403137,NEUTRAL
2024-05-06,22428.25,1.6034720942523557,2024-05-03,1.8137822419801743,2024-05-03,-0.17413376454336046,2024-05-02,0.853962376348703,2024-05-03,0.7433397474976919,2024-05-03,-0.3256278671249748,2024-05-03,0.7524658047350984,False,True,12.099039355692412,10.432719022636203,1.666320333056209,-0.3229123425975052,NEUTRAL
2024-05-07,22293.9,1.2837442584832912,2024-05-06,1.0382790500374537,2024-05-06,-0.17413376454336046,2024-05-02,0.18336242580167073,2024-05-06,1.325289333918137,2024-05-06,-0.3256278671249748,2024-05-03,0.5551522394287028,False,True,15.112771797652336,10.36069251069067,4.752079286961665,-0.2844943217967752,NEUTRAL
2024-05-08,22294.4,0.09179579841916002,2024-05-07,-0.14887607747185755,2024-05-07,1.2290552203304679,2024-05-07,-0.5972819667268862,2024-05-07,1.9450116965691295,2024-05-07,2.0373364208840257,2024-05-07,0.75950684866734,False,True,16.280661906514656,10.595563890158614,5.685098016356042,-0.2730804983577985,NEUTRAL
2024-05-09,21991.55,-0.07235716209347678,2024-05-08,-0.2028028397629826,2024-05-08,-1.447136774304794,2024-05-08,-0.8488915211788753,2024-05-08,0.33914968335792417,2024-05-08,0.2778996009409555,2024-05-08,-0.32568983550687486,False,True,15.15359980887831,10.227136769674644,4.926463039203666,-0.28349756938106074,NEUTRAL
2024-05-10,22037.7,0.5828248567984704,2024-05-09,0.2028279069958135,2024-05-09,-0.35511439519021976,2024-05-09,0.753646988829876,2024-05-09,1.2793018427047596,2024-05-09,-1.2346339161896729,2024-05-09,0.20480888065817113,False,True,111.27428845878482,11.534733381063345,99.73955507772148,0.9237996789378435,HIGH_VOL_STATE
2024-05-13,22120.0,0.10143786076396524,2024-05-10,-0.10282353624588852,2024-05-10,0.25464831434043034,2024-05-10,1.5366046517736103,2024-05-10,0.44613993224970466,2024-05-10,0.47162670513109045,2024-05-10,0.45127232133548545,False,True,13.004470044208894,11.500005094283335,1.5044649499255591,-0.3177463864925191,NEUTRAL
2024-05-14,22235.8,-0.13310995859163374,2024-05-13,0.22036547583925567,2024-05-13,-0.1647292884596647,2024-05-13,0.36629480179421925,2024-05-13,-0.511102119865908,2024-05-13,-0.08258515055328275,2024-05-13,-0.050811039972835724,False,True,14.45041357461545,11.071827390646893,3.3785861839685563,-0.2939127528173562,NEUTRAL
2024-05-15,22224.35,0.5634237980257453,2024-05-14,0.6531123815008778,2024-05-14,0.3321796173214412,2024-05-14,-0.4098155644695877,2024-05-14,-0.4588727367236416,2024-05-14,0.058003052648457294,2024-05-14,0.12300509138388199,False,True,14.528341230813663,10.576783412334633,3.9515578184790296,-0.2864877539189903,NEUTRAL
2024-05-16,22361.95,1.4704400264865745,2024-05-15,1.2426522687445567,2024-05-15,0.047107059958292806,2024-05-15,-0.4098155644695877,2024-05-14,0.983768167215512,2024-05-15,0.058003052648457294,2024-05-14,0.5653591684306344,False,True,14.609178811656687,10.370474399404236,4.238704412252451,-0.283307787266585,NEUTRAL
2024-05-17,22464.7,-0.42556199838762276,2024-05-16,-0.3594785236542212,2024-05-16,1.1911770884715183,2024-05-16,0.9505467254971713,2024-05-16,-1.2699136802475577,2024-05-16,0.7240691460496943,2024-05-16,0.1351397929548304,False,True,0.00010000000000000002,10.495014932871442,-10.494914932871442,-0.47853465889134716,NEUTRAL
2024-05-21,22516.05,0.02818822240286803,2024-05-20,0.5825614002321935,2024-05-20,0.6226188179118921,2024-05-20,0.08641307702699712,2024-05-20,0.27841765597013357,2024-05-20,0.5653214759488792,2024-05-20,0.3605867749154939,False,True,11.585727920181881,9.843384502796267,1.742343417385614,-0.3175363459424473,NEUTRAL
2024-05-22,22551.35,0.25251086044754767,2024-05-21,0.1385536622064837,2024-05-21,-0.30340700321657565,2024-05-21,-1.8731151800662391,2024-05-21,-0.5573880929747939,2024-05-21,-0.6734012043514679,2024-05-21,-0.5027078263258409,False,True,14.891986077229745,9.840641624091399,5.051344453138347,-0.27339245887691965,NEUTRAL
2024-05-23,22917.5,-0.5052445820972085,2024-05-22,-0.27645684519320884,2024-05-22,-0.7693774925477541,2024-05-22,-0.3117890139072111,2024-05-22,-0.5679456555207582,2024-05-22,-0.07038144772744295,2024-05-22,-0.4168658394989306,False,True,14.599369673240236,9.880594524644398,4.718775148595839,-0.27781819697722054,NEUTRAL
2024-05-24,22973.5,-1.1598801096211513,2024-05-23,-0.4723816619069241,2024-05-23,1.0786452654273178,2024-05-23,-1.4700578636600676,2024-05-23,-0.08914423346231887,2024-05-23,-0.10571610344667369,2024-05-23,-0.36975578444496965,False,True,0.00010000000000000002,11.202592817039386,-11.202492817039387,-0.4880755345779567,NEUTRAL
2024-05-27,22922.65,0.8938673370744017,2024-05-24,1.0195178157306621,2024-05-24,-1.0465481398973309,2024-05-24,-1.1739237624765833,2024-05-24,-0.16327063456388974,2024-05-24,-1.2560086394113752,2024-05-24,-0.2877276705906859,False,True,12.76342838374963,10.834681985677069,1.9287463980725619,-0.2789263670766629,NEUTRAL
2024-05-28,22895.3,0.8938673370744017,2024-05-24,1.0195178157306621,2024-05-24,0.5968655805165443,2024-05-27,0.7226703201320916,2024-05-27,0.498751269140083,2024-05-27,1.2411424353919085,2024-05-27,0.8288024596642818,False,True,15.898443101441845,10.328104443906161,5.570338657535684,-0.22728243091796974,NEUTRAL
2024-05-29,22720.95,-0.06248501629943435,2024-05-28,0.4958394545261376,2024-05-28,-0.09390124769300982,2024-05-28,-0.1818072325765142,2024-05-28,-0.9485698011640142,2024-05-28,-0.05474455823901598,2024-05-28,-0.1409447335743085,False,True,16.51797326473764,10.335868095382699,6.1821051693549425,-0.21814026544102993,NEUTRAL
2024-05-30,22421.3,-1.1253154816046684,2024-05-29,-0.6663010180188641,2024-05-29,-0.6687505936674047,2024-05-29,-1.4862012966825064,2024-05-29,-1.7938072856302893,2024-05-29,-1.6592301187103682,2024-05-29,-1.2332676323856837,False,True,17.91532551029333,10.791739802883656,7.1235857074096725,-0.20451761371305327,NEUTRAL
2024-05-31,22518.05,-0.9041222188531454,2024-05-30,-1.1651111078524063,2024-05-30,-1.1265514581527052,2024-05-30,-1.115309129894379,2024-05-30,0.08377994209767249,2024-05-30,-1.4894648757809887,2024-05-30,-0.9527964747393254,False,True,142.50560219956463,11.003898464207797,131.50170373535684,1.5506339296137224,HIGH_VOL_STATE
2024-06-03,23244.2,1.0660797699868891,2024-05-31,-0.10021282284197043,2024-05-31,1.079842520456298,2024-05-31,-0.7222244532101141,2024-05-31,-0.10000835385670878,2024-05-31,0.03658297483667645,2024-05-31,0.21000993922851174,False,True,37.077177638673234,11.006311506575438,26.070866132097798,0.09184003884271018,NEUTRAL
2024-06-04,21802.6,0.07586376822371309,2024-06-03,0.4929287161653932,2024-06-03,1.0539894084797414,2024-06-03,1.17623545785098,2024-06-03,0.76567762263323,2024-06-03,1.6463120734261276,2024-06-03,0.8685011744631975,False,True,41.190383964463706,15.82289452616653,25.367489438297177,0.07557300214155017,NEUTRAL
2024-06-05,22616.55,0.15471105675534133,2024-06-04,0.11212050723811107,2024-06-04,-0.1547080500255732,2024-06-04,0.02918008198943611,2024-06-04,-1.7183325905738505,2024-06-04,-0.7242409415988099,2024-06-04,-0.3835449893692242,False,True,41.18533837446148,27.465483783509466,13.719854590952014,-0.10419847107803527,NEUTRAL
2024-06-06,22774.85,1.6360893201614242,2024-06-05,1.9765524221898758,2024-06-05,-0.7419471172616001,2024-06-05,-0.24534182010931901,2024-06-05,1.2556674528559177,2024-06-05,0.925610683582409,2024-06-05,0.8011051569031179,False,True,33.437009612229616,29.547675295784455,3.8893343164451615,-0.2535263090668895,NEUTRAL
2024-06-07,23309.65,-0.13851842715977097,2024-06-06,-0.21253940324314213,2024-06-06,0.5232574784636226,2024-06-06,0.061074269801123564,2024-06-06,0.4854337856477974,2024-06-06,0.925610683582409,2024-06-05,0.2740530645153399,False,True,0.00010000000000000002,29.648835841547527,-29.648735841547527,-0.7550598020436039,LOW_VOL_STATE
2024-06-10,23284.25,-0.2461115644653212,2024-06-07,-0.3409608947743912,2024-06-07,-0.013243095288827465,2024-06-07,-0.6158023335507506,2024-06-07,-0.8516089929800422,2024-06-07,1.0928864716985025,2024-06-07,-0.16247340156013843,False,True,17.11807505033964,30.41157211444246,-13.29349706410282,-0.4996191412027352,NEUTRAL
2024-06-11,23325.7,0.28671842882952686,2024-06-10,0.25699530583585134,2024-06-10,0.8293137553901252,2024-06-10,-0.6158023335507506,2024-06-07,-0.5700498057314212,2024-06-10,-0.7476460872739232,2024-06-10,-0.0934117894167653,False,True,20.047319774304185,30.43694682178948,-10.389627047485295,-0.4551058134765387,NEUTRAL
2024-06-12,23371.65,0.2927620107154097,2024-06-11,0.8008720089147336,2024-06-11,0.2081914729337538,2024-06-11,-0.9302903641487504,2024-06-11,-1.0526247910150017,2024-06-11,0.11097431998075884,2024-06-11,-0.09501922376984939,False,True,16.57600386771595,30.423385753393212,-13.847381885677262,-0.5021844205503146,NEUTRAL
2024-06-13,23399.4,1.1200721144578727,2024-06-12,1.4544296468935363,2024-06-12,-0.6164604752700855,2024-06-12,-1.1056095553427323,2024-06-12,1.9794887813813211,2024-06-12,0.7529923221239547,2024-06-12,0.5974854723739779,False,True,17.90743381196111,30.320287547864876,-12.412853735903767,-0.4751402152623677,NEUTRAL
2024-06-14,23465.5,0.21302587896291153,2024-06-13,0.18865757985844134,2024-06-13,-0.36923506766945324,2024-06-13,0.6863199611662686,2024-06-13,-2.8186072481552267,2024-06-13,0.8668769812401006,2024-06-13,-0.20549365243282627,False,True,3.95879564282728,30.321856581618988,-26.36306093879171,-0.6762845523026456,NEUTRAL
2024-06-18,23537.55,1.0335350610032512,2024-06-17,0.8557595178110625,2024-06-17,-1.7019511273170822,2024-06-17,-0.10280985975353138,2024-06-17,0.4614322179807653,2024-06-17,-0.5434004269663517,2024-06-17,0.00042756379301896647,False,True,9.24083350268301,30.3211179374032,-21.08028443472019,-0.5930117795613965,NEUTRAL
2024-06-19,23557.3,0.26061194980231134,2024-06-18,-0.1219738447725728,2024-06-18,0.9931691914996451,2024-06-18,-0.18684410559973344,2024-06-18,0.4374458928264497,2024-06-18,0.637313978161866,2024-06-18,0.33662051031966095,False,True,12.370039306967273,30.32251708600603,-17.95247777903876,-0.5400785191239985,NEUTRAL
2024-06-20,23557.9,0.26061194980231134,2024-06-18,-0.1219738447725728,2024-06-18,0.30673762861343157,2024-06-19,2.144137814518873,2024-06-19,-0.4507131154985987,2024-06-19,1.071427566052315,2024-06-19,0.5350379997859599,False,True,14.364163175610173,30.36185490518229,-15.997691729572118,-0.5049627923118296,NEUTRAL
2024-06-21,23511.15,-0.48924129025386986,2024-06-20,-0.9698776319241772,2024-06-20,0.24036321641330474,2024-06-20,-0.5352330610082726,2024-06-20,1.3307667699124786,2024-06-20,0.2807383788317391,2024-06-20,-0.02374726967146622,False,True,174.40400342785645,29.875675621063426,144.52832780679302,1.859550358254845,HIGH_VOL_STATE
2024-06-24,23513.4,-0.3494052671917797,2024-06-21,-0.3283198129408029,2024-06-21,-0.02384108352438984,2024-06-21,-1.401927673665497,2024-06-21,-0.6297982907575086,2024-06-21,-0.855818489668599,2024-06-21,-0.5981851029580962,False,True,10.604947122140015,29.909534002049842,-19.304586879909827,-0.5660679006788841,NEUTRAL
2024-06-25,23685.65,-0.5738368741790034,2024-06-24,-1.27290329642534,2024-06-24,0.584151102025259,2024-06-24,-0.09411680317259113,2024-06-24,1.1509150925224128,2024-06-24,-0.7130142314603471,2024-06-24,-0.15313416844826833,False,True,13.560669391263502,29.894362180287576,-16.333692789024074,-0.4971259171554973,NEUTRAL
2024-06-26,23873.35,0.48780574381125186,2024-06-25,1.177497871873132,2024-06-25,0.9872599828708601,2024-06-25,0.07352901837208568,2024-06-25,-1.001043737939199,2024-06-25,0.3201044166483797,2024-06-25,0.34085888260608505,False,True,14.086639361130192,29.94587934076295,-15.859239979632758,-0.48592072879993004,NEUTRAL
2024-06-27,24029.3,0.13046172372709172,2024-06-26,0.36293728905263584,2024-06-26,1.2574832280678825,2024-06-26,-0.05313359224209264,2024-06-26,-0.12170410876314289,2024-06-26,0.608271653910217,2024-06-26,0.3640526989587653,False,True,14.84684332586209,29.723607050457478,-14.876763724595387,-0.4659187795070315,NEUTRAL
2024-06-28,24064.55,0.02321053569854599,2024-06-27,0.16030127009361853,2024-06-27,-0.7638813892048765,2024-06-27,-1.723112342830962,2024-06-27,0.3968926846942502,2024-06-27,-0.3061828926385202,2024-06-27,-0.36879535569799066,False,True,0.00010000000000000002,29.37776487454234,-29.37766487454234,-0.6720376495690484,NEUTRAL
2024-07-01,24139.4,-0.7455518044061069,2024-06-28,-0.8891027516576802,2024-06-28,0.6082614321753232,2024-06-28,-0.09657081426736586,2024-06-28,0.18780370366005067,2024-06-28,0.4552518740476725,2024-06-28,-0.07998472674135108,False,True,11.96727868487682,29.430482609871888,-17.463203924995067,-0.48383457212719677,NEUTRAL
2024-07-02,24132.25,0.28002550112294006,2024-07-01,0.6908632711906477,2024-07-01,0.12228616338317398,2024-07-01,-0.09657081426736586,2024-06-28,0.3998078649449258,2024-07-01,0.19114853592714748,2024-07-01,0.2645934203835782,False,True,13.973663479760695,27.264670235157507,-13.291006755396811,-0.4085356290457592,NEUTRAL
2024-07-03,24247.8,0.794613184835836,2024-07-02,0.6739165513138203,2024-07-02,1.0764148400043008,2024-07-02,0.12499107598166438,2024-07-02,-0.9139708995741618,2024-07-02,-0.8532931417005403,2024-07-02,0.15044526847681994,False,True,14.875848832474714,13.843612387735954,1.0322364447387606,-0.16772478437231142,NEUTRAL
2024-07-04,24302.7,0.6455167096939318,2024-07-03,0.7363129509169731,2024-07-03,1.2053663539603774,2024-07-03,0.8618990834372444,2024-07-03,1.5184398864416353,2024-07-03,0.4370792726435336,2024-07-03,0.9007690428489492,False,True,14.72181262923895,8.565189030929478,6.156623598309473,-0.08289233790962326,NEUTRAL
2024-07-05,24219.9,0.6455167096939318,2024-07-03,0.7363129509169731,2024-07-03,0.7400134968473988,2024-07-04,0.11751731231907087,2024-07-04,0.5006329047179283,2024-07-04,1.0400988859954154,2024-07-04,0.630015376748453,False,True,0.00010000000000000002,8.398931073012387,-8.398831073012387,-0.32752477912867195,NEUTRAL
2024-07-08,24294.5,0.6862953279948544,2024-07-05,0.738447976661584,2024-07-05,-0.0724863965905788,2024-07-05,-1.111534798690819,2024-07-05,0.13065767707517761,2024-07-05,1.2588490743325853,2024-07-05,0.27170481013046727,False,True,9.686097276675671,5.200897435449259,4.485199841226412,-0.11243249869018451,NEUTRAL
2024-07-09,24418.45,-0.017079363586216437,2024-07-08,0.07843444062737365,2024-07-08,-0.3732107904795458,2024-07-08,-1.3025506247069132,2024-07-08,-0.09074623971309814,2024-07-08,-0.2476517813830682,2024-07-08,-0.32546739320691137,False,True,11.991073582809312,5.101763555725893,6.889310027083419,-0.0732310792243203,NEUTRAL
2024-07-10,24294.0,-0.08931366950422372,2024-07-09,-0.0850466437468894,2024-07-09,1.9047373423956335,2024-07-09,-0.062379068684905996,2024-07-09,-1.7511865350645544,2024-07-09,0.2456380658881061,2024-07-09,0.027074915213861035,False,True,11.232331568199202,5.097641995195754,6.134689573003448,-0.08680643988035068,NEUTRAL
2024-07-11,24331.35,1.4508091572787989,2024-07-10,1.0527247862015034,2024-07-10,0.49808930554361514,2024-07-10,-0.26723236010068013,2024-07-10,1.1808409453940545,2024-07-10,-0.08027625007224716,2024-07-10,0.6391592640408407,False,True,12.458581449255723,5.706470792524679,6.752110656731044,-0.08118719897992108,NEUTRAL
2024-07-12,24524.4,-1.7359201029721718,2024-07-11,-2.39204831733006,2024-07-11,0.8122726756221952,2024-07-11,1.5917819646363085,2024-07-11,0.8288946778333666,2024-07-11,0.7083935993725062,2024-07-11,-0.031104250472975808,False,True,0.00010000000000000002,5.765701828975813,-5.7656018289758135,-0.28919570834969943,NEUTRAL
2024-07-15,24587.75,0.6590150993594429,2024-07-12,0.4228172696165789,2024-07-12,-2.4990408803433284,2024-07-12,1.9589641681989285,2024-07-12,1.4125232063809114,2024-07-12,-1.3162373006417096,2024-07-12,0.10634026042847063,False,True,9.369732576373044,6.116393449020138,3.2533391273529064,-0.1376909195444304,NEUTRAL
2024-07-16,24611.15,0.1781655442851888,2024-07-15,0.16404955674638688,2024-07-15,-2.4990408803433284,2024-07-12,-1.3019027703629213,2024-07-15,-1.192137395946843,2024-07-15,0.019272510850823394,2024-07-15,-0.7719322391284488,False,True,10.846589665861861,6.100682550481143,4.745907115380718,-0.11342386224420169,NEUTRAL
2024-07-18,24799.85,-2.7687235629344684,2024-07-17,-3.400927118391753,2024-07-17,-0.5566002503604471,2024-07-17,-0.06830699132929155,2024-07-17,-0.641004248633062,2024-07-17,-1.021640853183566,2024-07-17,-1.4095338374720978,False,True,8.885497119519265,5.922338696491103,2.963158423028162,-0.1273747964740502,NEUTRAL
2024-07-19,24556.6,-1.6395349767301428,2024-07-18,-1.0435861369743364,2024-07-18,-2.4122238876942412,2024-07-18,0.06107556510844396,2024-07-18,-0.6317318824901994,2024-07-18,-0.8565494355701918,2024-07-18,-1.087091792391778,False,True,25.763630711265904,6.21813913272892,19.545491578536982,0.14792565624821927,NEUTRAL
2024-07-22,24505.8,-1.4643988301921738,2024-07-19,-1.1255924869802718,2024-07-19,-0.2869592873568154,2024-07-19,-1.6990348333949195,2024-07-19,-1.3501263109296724,2024-07-19,-1.2884058779463923,2024-07-19,-1.2024196044667075,False,True,18.437320893513913,7.731919947940185,10.705400945573729,-0.003107515336912606,NEUTRAL
2024-07-23,24485.8,1.5684753514835312,2024-07-22,1.4799140170321556,2024-07-22,-1.2576879209879221,2024-07-22,0.887639294993969,2024-07-22,1.6701685160527797,2024-07-22,-1.3812843710478768,2024-07-22,0.49453748125443936,False,True,23.843619264127575,7.814136800835232,16.029482463292343,0.08326776661159549,NEUTRAL
2024-07-24,24425.7,-0.5107888495498744,2024-07-23,-0.3049798127639015,2024-07-23,-0.10235644382240644,2024-07-23,-0.799697801334391,2024-07-23,1.0475821181393008,2024-07-23,0.32583310734850124,2024-07-23,-0.05740128033046188,False,True,15.93231875353569,7.588336844739632,8.343981908796057,-0.04814831636453219,NEUTRAL
2024-07-25,24400.55,-4.076252965804782,2024-07-24,-4.127540275002052,2024-07-24,-1.1833726793302488,2024-07-24,-0.7432495673729912,2024-07-24,-1.2582323369365986,2024-07-24,-0.7084116475822678,2024-07-24,-2.0161765786714905,False,True,14.943505031764099,7.532814717443329,7.41069031432077,0.09062038030403095,NEUTRAL
2024-07-26,24827.1,-0.9170554329107002,2024-07-25,-1.0350572393462247,2024-07-25,-3.523443485794459,2024-07-25,-1.324627342982735,2024-07-25,-0.6932015482540086,2024-07-25,-2.1375946973230295,2024-07-25,-1.6051632911018594,False,True,0.00010000000000000002,7.163122117664439,-7.163022117664439,-0.3860822599015954,NEUTRAL
2024-07-29,24852.55,1.4946796795792179,2024-07-26,0.8594927931219332,2024-07-26,-0.5153609960154475,2024-07-26,0.03917695701596643,2024-07-26,0.7987595460450295,2024-07-26,0.8515826760200718,2024-07-26,0.5880551092944618,False,True,10.655089667809564,9.34647175290752,1.3086179149020438,-0.10590987816841604,NEUTRAL
2024-07-30,24913.6,-0.08440638253266748,2024-07-29,-0.10467171599782331,2024-07-29,2.092019808712059,2024-07-29,1.0662121111556917,2024-07-29,-0.7422842569156564,2024-07-29,1.380167238555071,2024-07-29,0.6011728004961124,False,True,12.42460163604341,9.256023164271468,3.1685784717719425,-0.044961778259890874,NEUTRAL
2024-07-31,24950.95,-0.978603909030695,2024-07-30,-1.4502322875909937,2024-07-30,0.1266335972936838,2024-07-30,-1.0458736847898802,2024-07-30,0.6309259182663192,2024-07-30,-1.1747987311243617,2024-07-30,-0.6486581828293213,False,True,12.971635076773902,9.219590497065223,3.752044579708679,-0.03321789519931645,NEUTRAL
2024-08-01,24983.65,2.2408792523675425,2024-07-31,2.4658082416827756,2024-07-31,1.3855841815015844,2024-07-31,1.7177601440923633,2024-07-31,0.7158876331114342,2024-07-31,1.2887352494679976,2024-07-31,1.6357757837039495,False,True,15.949661632779216,9.049374293620811,6.900287339158405,0.06803790558817491,NEUTRAL
2024-08-02,24730.65,-2.258875457619703,2024-08-01,-2.364442359379558,2024-08-01,-2.3608233843056112,2024-08-01,-0.10510088256465679,2024-08-01,-3.11317990214618,2024-08-01,0.21112277447482453,2024-08-01,-1.665216535256814,False,True,0.00010000000000000002,9.050352373475757,-9.050252373475757,-0.4518616199471468,NEUTRAL
2024-08-05,24107.7,-2.835395655783109,2024-08-02,-2.3464841058752546,2024-08-02,-5.325858853021492,2024-08-02,-1.582632318691859,2024-08-02,-2.90482009694769,2024-08-02,-4.27917498126344,2024-08-02,-3.212394335263807,False,True,12.402102906937731,10.25996658620886,2.1421363207288717,-0.07974875108377327,NEUTRAL
2024-08-06,24013.9,-4.221076645105504,2024-08-05,-3.1050663200381483,2024-08-05,-9.28807186585873,2024-08-05,-1.043318481553639,2024-08-05,-2.065922157979995,2024-08-05,-8.890853823034556,2024-08-05,-4.769051548928428,False,True,24.382975975003323,14.385456074852488,9.997519900150834,0.17678507636621127,NEUTRAL
2024-08-07,24271.05,1.2547830687078172,2024-08-06,0.8542514722933745,2024-08-06,5.093626270261226,2024-08-06,-0.12527613194087245,2024-08-06,0.24778978043386513,2024-08-06,2.3271008091096985,2024-08-06,1.6087125448108515,False,True,20.669501561219377,14.262571558006815,6.406930003212562,0.1189473011023241,NEUTRAL
2024-08-08,24157.0,-0.9447290312120838,2024-08-07,-0.8673032714825643,2024-08-07,0.5351354040494218,2024-08-07,1.2326342501246947,2024-08-07,1.8783010661465898,2024-08-07,1.2578522990875332,2024-08-07,0.5153151194522653,False,True,17.87454708638124,15.016984726581919,2.8575623597993225,-0.009957767823360239,NEUTRAL
2024-08-09,24374.55,2.757817408859683,2024-08-08,2.348942382315226,2024-08-08,-0.2498474436300953,2024-08-08,0.21762126909390173,2024-08-08,0.5453972485167798,2024-08-08,-0.2336287094542317,2024-08-08,0.8977170259502106,False,True,0.00010000000000000002,15.258387932343128,-15.258287932343128,-0.6527181859716127,NEUTRAL
2024-08-12,24350.8,0.48660627181732996,2024-08-09,0.3727664154917211,2024-08-09,0.27720175225355687,2024-08-09,1.1152012779918123,2024-08-09,0.378312610415426,2024-08-09,0.8498429632816674,2024-08-09,0.579988548541919,False,True,12.61294417514528,15.490485918997152,-2.8775417438518716,-0.20115636796280395,NEUTRAL
2024-08-13,24127.95,-0.03408748725594058,2024-08-12,0.140529842496804,2024-08-12,0.27720175225355687,2024-08-09,0.24165668460068826,2024-08-12,0.12043035707976946,2024-08-12,0.7884078977615848,2024-08-12,0.2556898411560771,False,True,15.989378373457818,15.425869437416287,0.5635089360415311,-0.07521843746038785,NEUTRAL
2024-08-14,24136.2,1.9067461934725438,2024-08-13,1.9100961398503267,2024-08-13,1.4523511327910863,2024-08-13,0.4614975694307727,2024-08-13,0.6522560102753375,2024-08-13,0.11122180964140171,2024-08-13,1.0823614759102447,False,True,16.806973949533955,15.686548243234716,1.1204257062992387,-0.06215533521589501,NEUTRAL
2024-08-16,24513.2,1.7315787757941352,2024-08-15,1.752360076854796,2024-08-15,0.3434589795896489,2024-08-15,0.16235250312312197,2024-08-15,1.9574961168845333,2024-08-15,0.5952677732153355,2024-08-14,1.0904190375769287,False,True,72.00328171056513,15.345291029705846,56.657990680859285,1.9051365685439943,HIGH_VOL_STATE
2024-08-19,24578.7,0.13251844688339123,2024-08-16,0.09404657183393732,2024-08-16,1.4709270663194962,2024-08-16,1.736472138768497,2024-08-16,0.8841421805434062,2024-08-16,1.2842825395733395,2024-08-16,0.9337314906536779,False,True,10.289044616807244,16.179727716578125,-5.890683099770881,-0.3332501947525827,NEUTRAL
2024-08-20,24719.7,0.9700193122080868,2024-08-19,0.9790561829714172,2024-08-19,-0.6950661496486304,2024-08-19,0.7828544276999266,2024-08-19,0.6216037283006627,2024-08-19,-0.5270801740095599,2024-08-19,0.35523122125365053,False,True,12.098034609842648,16.181079684153175,-4.083045074310528,-0.2645497373598549,NEUTRAL
2024-08-21,24752.2,-0.3168576622846967,2024-08-20,-0.33317722661501686,2024-08-20,0.7192568434909454,2024-08-20,-0.18336951671388138,2024-08-20,-0.3488501696096985,2024-08-20,0.5284385491758719,2024-08-20,0.010906802907253968,False,True,11.475054715346179,16.268932189567206,-4.793877474221027,-0.2837787050526672,NEUTRAL
2024-08-22,24810.05,0.34458109048668023,2024-08-21,0.3425853687730174,2024-08-21,-0.11658102762063426,2024-08-21,-0.49473986160910743,2024-08-21,0.569051477184056,2024-08-21,0.09256461250007149,2024-08-21,0.1229102766190139,False,True,11.411438140737978,16.242011936224472,-4.830573795486494,-0.28913562626791595,NEUTRAL
2024-08-23,24823.3,-1.0776226653419787,2024-08-22,-1.329360139432529,2024-08-22,0.26876268406181814,2024-08-22,1.3176469494615044,2024-08-22,0.2626094236075908,2024-08-22,0.1523570814494209,2024-08-22,-0.06760111103236224,False,True,0.00010000000000000002,16.238899259497515,-16.238799259497515,-0.6772773512999668,NEUTRAL
2024-08-26,25020.2,1.141381767693615,2024-08-23,1.0337498704053327,2024-08-23,0.15383736028141706,2024-08-23,-0.05241643777822277,2024-08-23,0.8255797798366205,2024-08-23,-0.14086229457608068,2024-08-23,0.49354500764378034,False,True,10.460607606417534,14.925285830020762,-4.464678223603228,-0.25901926460688224,NEUTRAL
2024-08-27,25016.05,-0.46233415572737707,2024-08-26,-0.6976815907768498,2024-08-26,-0.26726703142650776,2024-08-26,0.9586931154286106,2024-08-26,-0.1120218145172981,2024-08-26,-0.10389644029810173,2024-08-26,-0.11408465288625398,False,True,11.276954791182392,15.17551209124405,-3.8985573000616576,-0.2334451983484827,NEUTRAL
2024-08-28,25061.45,0.040757276614215035,2024-08-27,0.04340664544820551,2024-08-27,0.16854703344404276,2024-08-27,0.39009281065226353,2024-08-27,0.37600162241330093,2024-08-27,-0.2404794451981776,2024-08-27,0.12972099056230837,False,True,10.456574479747857,15.174608312524043,-4.718033832776186,-0.2551431884235275,NEUTRAL
2024-08-29,25175.1,-0.7636972767752188,2024-08-28,-0.902331277315041,2024-08-28,0.07521674573059714,2024-08-28,-0.856926177333903,2024-08-28,0.5642018728895734,2024-08-28,-0.01526008509708871,2024-08-28,-0.3164660329835135,False,True,11.095693530742084,15.124640135295683,-4.0289466045535995,-0.18855950382788564,NEUTRAL
2024-08-30,25233.05,-0.1104322930669121,2024-08-29,-0.22319780676913725,2024-08-29,-0.012971041262865819,2024-08-29,0.50904849018235,2024-08-29,0.7483273699822689,2024-08-29,-0.6718975478345961,2024-08-29,0.03981286187185127,False,True,56.85672864608673,15.166834389199282,41.68989425688745,1.7674706662546615,HIGH_VOL_STATE
2024-09-02,25275.0,0.9792965495241548,2024-08-30,0.7690522307043388,2024-08-30,0.2857069294718869,2024-08-30,1.0289971607109754,2024-08-30,-0.06327830540659671,2024-08-30,0.2832107684945136,2024-08-30,0.5471642222498788,False,True,9.39236765769638,14.46546773439854,-5.073100076702161,-0.2212768678122793,NEUTRAL
2024-09-03,25299.8,0.9792965495241548,2024-08-30,0.7690522307043388,2024-08-30,0.03821852819188074,2024-09-02,-1.382830574349946,2024-09-02,0.10197487431014352,2024-09-02,0.15991041183599075,2024-09-02,0.11093700336942709,False,True,11.274684211701071,9.705326664078123,1.569357547622948,0.06875406830722948,NEUTRAL
2024-09-04,25169.3,-2.37746858997632,2024-09-03,-2.4523224099624903,2024-09-03,-0.027524477127104353,2024-09-03,-0.13755703878291242,2024-09-03,-1.13125821970857,2024-09-03,-0.387824809845337,2024-09-03,-1.0856592575671222,False,True,11.094862807838386,9.550651553346325,1.54421125449206,0.06933226595138212,NEUTRAL
2024-09-05,25147.15,-0.22520986375207921,2024-09-04,-0.2182934496064123,2024-09-04,-1.6695398580827674,2024-09-04,-0.8772824709045075,2024-09-04,-0.961639857592551,2024-09-04,-2.038790553467173,2024-09-04,-0.9984593422342485,False,True,12.252510188255197,8.973744205865833,3.2787659823893645,0.12168627710548824,NEUTRAL
2024-09-06,24816.25,-0.36998003418330605,2024-09-05,0.1751131491447617,2024-09-05,-0.38321803880033734,2024-09-05,-0.01209918642751048,2024-09-05,-0.09334751524125122,2024-09-05,-0.0878618693812901,2024-09-05,-0.12856558248148892,False,True,0.00010000000000000002,8.387956815816192,-8.387856815816193,-0.3850322422693568,NEUTRAL
2024-09-09,24924.85,-1.8244484149328113,2024-09-06,-1.7996054318809664,2024-09-06,-0.24852723904771512,2024-09-06,-0.01209918642751048,2024-09-05,-1.7745633169904602,2024-09-06,-0.7120622726735691,2024-09-06,-1.0618843103255056,False,True,12.420157524065525,9.183200714611436,3.236956809454089,0.1071754061765215,NEUTRAL
2024-09-10,25056.0,1.14436337470126,2024-09-09,0.8363275028688146,2024-09-09,-0.1556654032302166,2024-09-09,-1.1722658594313327,2024-09-09,0.8720543750167569,2024-09-09,-0.13146877451135103,2024-09-09,0.23222420256898857,False,True,12.228317116980769,9.19030343632785,3.0380136806529183,0.08690721538984739,NEUTRAL
2024-09-11,24909.2,0.4253611542254781,2024-09-10,0.6198382452316228,2024-09-10,-0.030288824250426078,2024-09-10,0.2501455911604331,2024-09-10,-1.169152276173005,2024-09-10,-0.23055673718621275,2024-09-10,-0.022442141165351634,False,True,10.687295562678084,8.424046944027005,2.2632486186510796,0.043029659058617574,NEUTRAL
2024-09-12,25347.85,1.037525888897729,2024-09-11,1.5328088003799387,2024-09-11,-0.5383158078829857,2024-09-11,-0.5672269556260445,2024-09-11,0.38890387481578453,2024-09-11,-0.17140433423155166,2024-09-11,0.2803819110588117,False,True,13.194572903914853,8.769423154013426,4.425149749901427,0.11644311291075074,NEUTRAL
2024-09-13,25365.35,0.6975842218645442,2024-09-12,0.6889613828050881,2024-09-12,1.3340853317156223,2024-09-12,0.7134706166309946,2024-09-12,1.1550576251406028,2024-09-12,1.5686775417809002,2024-09-12,1.0263061199896255,False,True,111.78718380545777,9.364551484791733,102.42263232066604,4.374117458233696,HIGH_VOL_STATE
2024-09-16,25391.45,0.4920599157609331,2024-09-13,0.45100477592042776,2024-09-13,-0.2436671248583353,2024-09-13,0.6784737642877966,2024-09-13,1.0987844805797558,2024-09-13,0.15938887736437218,2024-09-13,0.43934078150915834,False,True,9.598535311967765,9.430687630755143,0.1678476812126224,-0.15273506199388232,NEUTRAL
2024-09-17,25417.25,0.07767846381339509,2024-09-16,-0.34675667378259994,2024-09-16,-0.2436671248583353,2024-09-13,0.35347928901742276,2024-09-16,-0.46738415508842823,2024-09-16,0.15938887736437218,2024-09-13,-0.07787688725569557,False,True,11.586042088043113,9.33729727055014,2.248744817492973,-0.08392644754372201,NEUTRAL
2024-09-18,25364.7,-0.02625421110205328,2024-09-17,0.13904588936371404,2024-09-17,-0.37072388116183297,2024-09-17,1.283488128464521,2024-09-17,0.5406955022424947,2024-09-17,0.15938887736437218,2024-09-13,0.28760671752853595,False,True,13.180122477569112,9.321059859749337,3.8590626178197756,0.09742197957868373,NEUTRAL
2024-09-19,25418.1,-0.3409099327294945,2024-09-18,-0.2134379189853829,2024-09-18,0.21188058040403526,2024-09-18,1.283488128464521,2024-09-17,-0.15252632012260822,2024-09-18,0.15938887736437218,2024-09-13,0.1579805690659071,False,True,20.585036310565908,9.383109539541621,11.201926771024286,0.48034247022066046,NEUTRAL
2024-09-20,25703.95,1.618289036914996,2024-09-19,1.6906263704534714,2024-09-19,0.8272379693798253,2024-09-19,1.8093908489801098,2024-09-19,1.7459889862389135,2024-09-19,0.21197955793722104,2024-09-19,1.317252128317423,False,True,51.04758132896456,9.379341140597656,41.66824018836691,2.1429525759877426,HIGH_VOL_STATE
2024-09-23,25924.1,-0.26297778577707,2024-09-20,-0.269010606002021,2024-09-20,0.5877292320725813,2024-09-20,1.1792329703074043,2024-09-20,-1.772479263462851,2024-09-20,0.3748096548211153,2024-09-20,-0.027115966340140202,False,True,10.038637791277585,10.3714254459093,-0.3327876546317139,-0.22586496998417752,NEUTRAL
2024-09-24,25950.25,0.20140601566378077,2024-09-23,0.08015679741868448,2024-09-23,0.5877292320725813,2024-09-20,-0.07429170608195995,2024-09-23,0.6969238833910394,2024-09-23,0.26637868975132295,2024-09-23,0.2930504853692415,False,True,12.539901714359104,10.461777660822168,2.0781240535369356,-0.11015046758875906,NEUTRAL
2024-09-25,25929.95,0.16951076578833993,2024-09-24,0.35765953387385296,2024-09-24,0.22517320837470572,2024-09-24,3.5297204834733966,2024-09-24,0.8176577275249242,2024-09-24,0.770423853933087,2024-09-24,0.9783575954947178,False,True,12.402060297801706,10.482650891102319,1.919409406699387,-0.15153494708182708,NEUTRAL
2024-09-26,26213.1,-0.2635071107520623,2024-09-25,-0.00023750112658499473,2024-09-25,-0.05508643277160153,2024-09-25,0.4426746653295921,2024-09-25,-0.5409569068313365,2024-09-25,-0.7829093383044584,2024-09-25,-0.20000377074274192,False,True,11.322613075221966,10.454207496588412,0.8684055786335545,-0.2312488375275804,NEUTRAL
2024-09-27,26185.3,0.31404314092639685,2024-09-26,0.380289293674775,2024-09-26,1.05623513842007,2024-09-26,3.220167655061925,2024-09-26,1.8265840418284336,2024-09-26,1.858364278133349,2024-09-26,1.4426139246741583,False,True,164.0399501410038,10.698805966336291,153.3411441746675,8.453847256470427,HIGH_VOL_STATE
2024-09-30,25842.85,-0.19417546509316808,2024-09-27,-0.27794245882582774,2024-09-27,0.8606995042681636,2024-09-27,2.4775273256552257,2024-09-27,1.2484328131153177,2024-09-27,-0.45356571506174487,2024-09-27,0.6101626673429944,False,True,9.386987448208503,10.772104526056008,-1.3851170778475055,-0.35159262596235824,NEUTRAL
2024-10-01,25779.8,0.34778844022070055,2024-09-30,0.25494885138244977,2024-09-30,-1.7895349113621055,2024-09-30,1.5477361464977926,2024-09-30,-0.9178106487147787,2024-09-30,-1.2349737958352913,2024-09-30,-0.29864098630187214,False,True,12.867653765873682,12.231843610760457,0.6358101551132247,-0.26853121391581275,NEUTRAL
2024-10-03,25247.55,-0.030460826791422743,2024-10-02,0.07791798505565163,2024-10-02,-0.769820442250129,2024-10-02,4.104050976498942,2024-10-02,-0.37059431828606315,2024-10-02,-0.6640969402354642,2024-10-02,0.3911660723319191,False,True,9.432834020866498,12.137731717230428,-2.704897696363931,-0.40411304585144925,NEUTRAL
2024-10-04,24994.2,-0.20462861304286575,2024-10-03,-0.0012572974470212218,2024-10-03,0.7377895615790788,2024-10-03,-1.1556203136560426,2024-10-03,-0.9245218520809912,2024-10-03,-0.6640969402354642,2024-10-02,-0.36872257581388435,False,True,5.097173389649284,14.616990409452207,-9.519817019802922,-0.661934714627641,NEUTRAL
2024-10-07,24796.6,0.8457440140609912,2024-10-04,0.8600175867074233,2024-10-04,0.09861730957265691,2024-10-04,1.494632270637348,2024-10-04,0.5504694771730501,2024-10-04,0.2631902074595153,2024-10-04,0.6854451442684973,False,True,14.335034132773833,14.374406292555761,-0.03937215978192832,-0.2845556504172066,NEUTRAL
2024-10-08,24967.15,-0.9827402293900804,2024-10-07,-0.7974904594274423,2024-10-07,0.6618904048091442,2024-10-07,0.6972263533407375,2024-10-07,-0.13672119594671672,2024-10-07,1.0289217395953958,2024-10-07,0.07851443549683967,False,True,19.566980857525095,14.694993712879992,4.871987144645104,-0.09172884029130965,NEUTRAL
2024-10-09,25027.75,0.9066205633444654,2024-10-08,0.997687677644547,2024-10-08,-0.3397342703190109,2024-10-08,-5.991569047227778,2024-10-08,-0.27173011865740504,2024-10-08,-0.2821895122471287,2024-10-08,-0.8301524512437185,False,True,17.870964525101453,14.980379360692744,2.8905851644087086,-0.1666358659808936,NEUTRAL
2024-10-10,24989.4,0.6430086774421353,2024-10-09,0.41081677034003056,2024-10-09,0.34059907289761415,2024-10-09,-0.8063883531747159,2024-10-09,1.033285407517332,2024-10-09,-0.2821895122471287,2024-10-08,0.22318867712921128,False,True,15.892999361264465,14.872448214522493,1.0205511467419726,-0.2444797598657721,NEUTRAL
2024-10-11,24956.9,-0.23821997595251024,2024-10-10,-0.02919066950663809,2024-10-10,0.12249718826474147,2024-10-10,1.3365534873306262,2024-10-10,-0.3348325956758916,2024-10-10,0.1971124875621337,2024-10-10,0.17565332033707692,False,True,5.378941279848635,13.030705158392234,-7.651763878543599,-0.5766641219794774,NEUTRAL
2024-10-14,25120.05,0.5291601161387914,2024-10-11,0.20448915473746393,2024-10-11,0.21801611041880653,2024-10-11,1.3365534873306262,2024-10-10,0.8444280539972188,2024-10-11,0.03725962298808607,2024-10-11,0.5283177576018322,False,True,11.373729944272384,13.031234967199238,-1.6575050229268538,-0.33716069647111757,NEUTRAL
2024-10-15,25029.05,0.6702228083151266,2024-10-14,0.5646847003797218,2024-10-14,0.21801611041880653,2024-10-11,-0.5029376448606139,2024-10-14,0.6453626908223353,2024-10-14,0.6936577885107269,2024-10-14,0.3815010755976839,False,True,12.051199425885125,13.291339917697634,-1.2401404918125092,-0.31795366497294797,NEUTRAL
2024-10-16,24999.7,-0.85141952800424,2024-10-15,-0.755653031928468,2024-10-15,0.28695468658259327,2024-10-15,-1.9238561069959508,2024-10-15,-0.23959766736287907,2024-10-15,0.31762054060267364,2024-10-15,-0.5276585178510451,False,True,12.428495459597574,13.296171104977597,-0.8676756453800234,-0.29073019273249673,NEUTRAL
2024-10-17,24743.1,0.3815734859437041,2024-10-16,0.16854971969336785,2024-10-16,-0.6529734128969539,2024-10-16,-0.19059287999649754,2024-10-16,-0.4040732483053293,2024-10-16,-0.44957724096412105,2024-10-16,-0.19118226275430497,False,True,12.610188026942732,13.329800743596506,-0.7196127166537742,-0.2775054633697226,NEUTRAL
2024-10-18,24878.75,-0.10399122383277655,2024-10-17,-0.0059642310323917355,2024-10-17,-0.24669280230450635,2024-10-17,-0.5940295932074102,2024-10-17,0.7709239639861228,2024-10-17,0.05808074762145586,2024-10-17,-0.02027885646158436,False,True,0.00010000000000000002,13.60931913043498,-13.60921913043498,-0.761800451413836,LOW_VOL_STATE
2024-10-21,24804.3,0.27784810734691895,2024-10-18,0.38759686699857765,2024-10-18,0.068731740428963,2024-10-18,1.581766598397632,2024-10-18,0.29582690505316817,2024-10-18,-0.26825370501731577,2024-10-18,0.3905860855346574,False,True,10.704098433607934,12.343040045766152,-1.6389416121582183,-0.2868223348598077,NEUTRAL
2024-10-22,24517.4,-0.33555351463869676,2024-10-21,0.1047885808574088,2024-10-21,-0.029578513641526933,2024-10-21,-0.8635593050455422,2024-10-21,-1.2626763263622776,2024-10-21,0.33705494506436984,2024-10-21,-0.34158735562771075,False,True,13.664460346515117,11.98867099877136,1.6757893477437573,-0.15429982677313192,NEUTRAL
2024-10-23,24448.35,-0.17543483612387256,2024-10-22,0.07106461456366531,2024-10-22,-0.5056833885012826,2024-10-22,-0.08703815744632144,2024-10-22,-0.34533304576293866,2024-10-22,-0.7097958897914495,2024-10-22,-0.2920367838436999,False,True,16.130084601073552,12.49073373502288,3.6393508660506715,-0.0851032651730554,NEUTRAL
2024-10-24,24399.35,-1.0804652965796857,2024-10-23,-1.302060757824072,2024-10-23,-0.2900749646636173,2024-10-23,0.44836583678181197,2024-10-23,-0.3620604649819305,2024-10-23,0.7423561640235857,2024-10-23,-0.3073232472073179,False,True,14.89610304177652,12.3294051476215,2.56669789415502,-0.12765152868552782,NEUTRAL
2024-10-25,24147.75,0.10628980435608744,2024-10-24,0.47620304710511313,2024-10-24,0.019153063085497662,2024-10-24,-0.7714665294293828,2024-10-24,0.2901855974677525,2024-10-24,-0.3721784594195447,2024-10-24,-0.04196891280574611,False,True,11.137342129639203,11.558826358237116,-0.42148422859791346,-0.24159951222976273,NEUTRAL
2024-10-28,24396.3,-0.1255978795253854,2024-10-25,0.36190405242297335,2024-10-25,-0.24029322777286644,2024-10-25,0.07312213053319347,2024-10-25,-0.022206419806007422,2024-10-25,0.11420229914039128,2024-10-25,0.02685515916538314,False,True,12.082988415758594,11.671709515477964,0.41127890028062986,-0.20698387761428247,NEUTRAL
2024-10-29,24443.65,0.1656445118906008,2024-10-28,0.10210733896744702,2024-10-28,0.6621253392034718,2024-10-28,-0.1275837250285389,2024-10-28,0.24156251269197834,2024-10-28,0.7258056234404057,2024-10-28,0.29494360019422744,False,True,12.187845522520657,11.633520560995038,0.5543249615256194,-0.19730939139542986,NEUTRAL
2024-10-30,24355.5,0.016770915544992087,2024-10-29,0.4924343568250192,2024-10-29,0.2663399114917665,2024-10-29,0.07036017375313933,2024-10-29,-0.6618063670439825,2024-10-29,0.1505231720410809,2024-10-29,0.0557703604353359,False,True,12.286859294586097,11.994281018511789,0.292578276074309,-0.2139491568401906,NEUTRAL
2024-10-31,24191.65,-0.6687287417735918,2024-10-30,-0.707651677758648,2024-10-30,0.33993983797738914,2024-10-30,-0.8747995369911493,2024-10-30,-1.8430289774604112,2024-10-30,-0.5132410447744462,2024-10-30,-0.7112516901301428,False,True,14.67153661938485,9.754830904742533,4.916705714642317,-0.03553877618024986,NEUTRAL
2024-11-04,23973.6,0.30599678691490145,2024-11-01,0.5097027236297126,2024-11-01,-1.0741117871306314,2024-11-01,0.28489950962734156,2024-11-01,1.0923862681753993,2024-11-01,-0.26191641807416893,2024-11-01,0.1428261805237591,False,True,16.06314440541331,9.262387117173807,6.800757288239504,0.03801438869938178,NEUTRAL
2024-11-05,24189.35,-0.5286390933623638,2024-11-04,-0.42527040011057254,2024-11-04,-1.0741117871306314,2024-11-01,-0.03186256913580746,2024-11-04,-0.9422855301466065,2024-11-04,1.176000665601832,2024-11-04,-0.3043614523806917,False,True,22.123373895349957,9.382058253878888,12.741315641471068,0.2631601529343778,NEUTRAL
2024-11-06,24466.45,1.4411496594358677,2024-11-05,1.1207848821950757,2024-11-05,0.3730900342394321,2024-11-05,0.8342746323673551,2024-11-05,0.5834455023008203,2024-11-05,-0.21583605027664474,2024-11-05,0.6894847767103177,False,True,22.422833043873286,10.239056194748345,12.183776849124941,0.22506819651739415,NEUTRAL
2024-11-07,24201.9,3.0511717959338136,2024-11-06,2.412120179524484,2024-11-06,1.512926209003029,2024-11-06,-1.2353980368933184,2024-11-06,-1.688095134178772,2024-11-06,-0.28914469282410865,2024-11-06,0.6272633867608546,False,True,16.534140568869987,11.236091959978875,5.298048608891111,-0.04988353976983146,NEUTRAL
2024-11-08,24162.55,0.7250010268808678,2024-11-07,1.1351237072271705,2024-11-07,-0.28292639898255256,2024-11-07,0.7787072251962278,2024-11-07,2.0856971584939625,2024-11-07,-0.0382564973484193,2024-11-07,0.7338910369112095,False,True,11.899284321101955,11.877193667823715,0.02209065327824078,-0.25641542378462767,NEUTRAL
2024-11-11,24172.95,0.2685941032124793,2024-11-08,-0.09037882118206292,2024-11-08,0.05175226236694553,2024-11-08,-0.6674460651874601,2024-11-08,-1.13527211381311,2024-11-08,-0.15770304939293037,2024-11-08,-0.2884089473326898,False,True,11.799598372646713,11.454715349433009,0.3448830232137041,-0.2432200085057771,NEUTRAL
2024-11-12,23923.45,-0.04626962934523262,2024-11-11,-0.08460623098307414,2024-11-11,-0.0800936685796845,2024-11-11,-0.8310095151467615,2024-11-11,1.4747978253598701,2024-11-11,-1.1008032485976997,2024-11-11,-0.11133074454876372,False,True,13.113839931155113,11.468656777394871,1.6451831537602413,-0.16211156651436176,NEUTRAL
2024-11-13,23557.6,-0.5261935042666976,2024-11-12,-0.21423443319952334,2024-11-12,-0.35376667458332783,2024-11-12,-1.4498294231269904,2024-11-12,-2.8607815037721998,2024-11-12,-1.8265981080143863,2024-11-12,-1.205233941160521,False,True,15.527194961511714,11.897066594796234,3.6301283667154802,-0.0881750232678516,NEUTRAL
2024-11-14,23529.9,-0.11069320136758003,2024-11-13,-0.3460045644894168,2024-11-13,-1.1483815288354593,2024-11-13,-0.17626384753752983,2024-11-13,-0.2705706829356855,2024-11-13,-2.4025708775404127,2024-11-13,-0.7424141171176807,False,True,18.792058288067505,12.37492200192808,6.417136286139424,0.017932873068706324,NEUTRAL
2024-11-18,23450.05,-1.7758139617794653,2024-11-15,-2.05296026489066,2024-11-15,0.16232743467118046,2024-11-15,-0.11487639603875459,2024-11-15,-0.41018059845290267,2024-11-15,0.04079464363638701,2024-11-15,-0.6917848571423693,False,True,53.71057758094268,12.116065359651923,41.594512221290756,1.4182672127424574,HIGH_VOL_STATE
2024-11-19,23582.2,0.3720093638954366,2024-11-18,0.42480482338912207,2024-11-18,-0.7729074426305041,2024-11-18,0.2621515474360708,2024-11-18,-0.1986968293611137,2024-11-18,2.0919211076375426,2024-11-18,0.36321376172775904,False,True,13.583433943168648,12.117462319538232,1.4659716236304163,-0.21543399528499824,NEUTRAL
2024-11-21,23339.95,-0.10996965478245335,2024-11-20,-0.20304301049595344,2024-11-20,-0.12947067840212645,2024-11-20,-0.008626709214575947,2024-11-20,-0.3887783876418769,2024-11-20,0.4923368814633626,2024-11-20,-0.0579252598456039,False,True,15.61744816833906,11.689314977565484,3.9281331907735755,-0.13086030560465808,NEUTRAL
2024-11-22,23930.6,0.5599403783613158,2024-11-21,-0.07255830522838741,2024-11-21,-0.5834844609532561,2024-11-21,-0.3331686742827099,2024-11-21,0.8552532177614476,2024-11-21,0.05925854851983736,2024-11-21,0.08087345069637455,False,True,3.7813040678518677,11.83241277732833,-8.051108709476463,-0.613083020386239,NEUTRAL
2024-11-25,24230.1,0.3027764880136278,2024-11-22,0.025290940348530522,2024-11-22,0.45728666815542673,2024-11-22,-0.9480592228477254,2024-11-22,1.0639205488957455,2024-11-22,0.8802761413015039,2024-11-22,0.2969152606445182,False,True,15.456637659422622,15.21510277020204,0.2415348892205813,-0.28010187228352385,NEUTRAL
2024-11-26,24229.1,0.23897570260882697,2024-11-25,0.11164282963144938,2024-11-25,0.8575018544695492,2024-11-25,-0.25368065185968663,2024-11-25,0.4553648864829694,2024-11-25,1.3125720851284168,2024-11-25,0.4537294510769209,False,True,16.391672338483787,15.725062222371786,0.6666101161120004,-0.26684239996508646,NEUTRAL
2024-11-27,24292.75,0.5998084856818215,2024-11-26,0.441145385923536,2024-11-26,-0.6036047642337294,2024-11-26,-0.04349412730722675,2024-11-26,-0.7125224459140684,2024-11-26,-0.402959872822491,2024-11-26,-0.12027122311202632,False,True,14.83099657545054,15.53416178571709,-0.7031652102665511,-0.3247935143828187,NEUTRAL
2024-11-28,23909.4,-0.7161319593251032,2024-11-27,-0.7551572941865795,2024-11-27,-0.5410341663081162,2024-11-27,0.9727096013208893,2024-11-27,-0.2706490617839452,2024-11-27,-0.516440083056326,2024-11-27,-0.30445049388986345,False,True,15.165435241952869,15.454138582491323,-0.28870334053845426,-0.2845392486364905,NEUTRAL
2024-11-29,24148.85,-0.7161319593251032,2024-11-27,-0.7551572941865795,2024-11-27,0.3718773731129298,2024-11-28,-0.6221314616674548,2024-11-28,0.9403680818787646,2024-11-28,0.15807937702505329,2024-11-28,-0.10384931386039832,False,True,211.75718404471135,16.258420404465564,195.49876364024578,7.6376107283476005,HIGH_VOL_STATE
2024-12-02,24262.55,0.5703434184079015,2024-11-29,0.6121698219404884,2024-11-29,-0.2432279003546913,2024-11-29,0.06445752289911176,2024-11-29,1.1307322169951968,2024-11-29,-1.6323066855573234,2024-11-29,0.08369473238844727,False,True,12.524013609157302,16.539394333768037,-4.0153807246107345,-0.4059321465629236,NEUTRAL
2024-12-03,24455.55,0.12124766424944657,2024-12-02,0.734195409412281,2024-12-02,0.5369809864280053,2024-12-02,0.21169041572402802,2024-12-02,1.744491028259558,2024-12-02,0.0610381400040568,2024-12-02,0.5682739406795626,False,True,17.60849890525005,16.62206929519401,0.9864296100560388,-0.2587899952174192,NEUTRAL
2024-12-04,24439.0,-0.20717992065778013,2024-12-03,0.14219619923388951,2024-12-03,1.2636244610765377,2024-12-03,0.36236604512494897,2024-12-03,0.3359880456800124,2024-12-03,1.750065874145995,2024-12-03,0.6078434507672673,False,True,18.26450367695149,16.078240397525352,2.1862632794261394,-0.22306267826745524,NEUTRAL
2024-12-05,24524.2,0.6392250125677134,2024-12-04,1.0820688033708188,2024-12-04,-0.025358078015253607,2024-12-04,-0.11227066886378799,2024-12-04,1.1037396734107996,2024-12-04,-1.1425314586651711,2024-12-04,0.2574788806341865,False,True,23.20103384348525,15.77921826969809,7.421815573787159,-0.07747882582487157,NEUTRAL
2024-12-06,24677.25,-0.5272588173093,2024-12-05,-0.4331953084766688,2024-12-05,0.12625315526499495,2024-12-05,-0.5184116690436458,2024-12-05,0.5440764770791627,2024-12-05,-0.6577848674408323,2024-12-05,-0.2443868383210482,False,True,129.1765160702055,15.660958287397865,113.51555778280765,2.9833983682527223,HIGH_VOL_STATE
2024-12-09,24629.5,0.14520501255499504,2024-12-06,0.6249181446904134,2024-12-06,-0.6487842570445362,2024-12-06,0.5957735524115539,2024-12-06,-0.04150448702019736,2024-12-06,-0.42556387086925157,2024-12-06,0.04167401578716287,False,True,14.220897680686306,14.974143141393373,-0.7532454607070669,-0.34421033841328946,NEUTRAL
2024-12-10,24555.55,-1.1329173672917578,2024-12-09,-0.8686438728155282,2024-12-09,0.028378183803008942,2024-12-09,1.1224055707716976,2024-12-09,-0.40621396030082424,2024-12-09,-2.409900025941069,2024-12-09,-0.6111485786290788,False,True,16.367052131586146,14.982476252850766,1.3845758787353795,-0.2851148120242513,NEUTRAL
2024-12-11,24636.15,-0.624066060622064,2024-12-10,-0.45744559361603293,2024-12-10,0.27330732838647026,2024-12-10,-0.36688655861421554,2024-12-10,-0.2809675329965395,2024-12-10,2.191181745934554,2024-12-10,0.12252055474536201,False,True,15.700295064971858,14.983480539479514,0.7168145254923441,-0.30163844005729856,NEUTRAL
2024-12-12,24541.3,1.034510237645185,2024-12-11,1.6472770054586239,2024-12-11,-0.11791162836222528,2024-12-11,-0.4753737028704679,2024-12-11,0.24659417233830683,2024-12-11,0.9059362265923631,2024-12-11,0.5401720518002976,False,True,11.704419371495312,14.288987228310768,-2.5845678568154558,-0.3638175352320783,NEUTRAL
2024-12-13,24744.85,-0.9849612488593874,2024-12-12,-0.8982690453644909,2024-12-12,0.8201325712077994,2024-12-12,0.41215582784205956,2024-12-12,-0.01752820734254386,2024-12-12,1.3758172888671278,2024-12-12,0.1178911977250941,False,True,4.4556506066133625,13.229203265813542,-8.77355265920018,-0.5381136511759738,NEUTRAL
2024-12-16,24674.1,-0.18787826452776782,2024-12-13,-0.09422550031069551,2024-12-13,-0.8260520684534579,2024-12-13,-1.054600009969173,2024-12-13,-0.27700737712416246,2024-12-13,0.4147755385466386,2024-12-13,-0.33749794697310304,False,True,11.39571290701353,13.382517588466792,-1.9868046814532612,-0.3394845786246575,NEUTRAL
2024-12-17,24331.3,0.43162485210602075,2024-12-16,1.1438372325448571,2024-12-16,-0.13935456567056856,2024-12-16,-0.4895598653824141,2024-12-16,-0.7682136792199133,2024-12-16,-0.14745888821860714,2024-12-16,0.005145847693229112,False,True,17.3433516885897,13.428473585907378,3.914878102682321,-0.16934171717180108,NEUTRAL
2024-12-18,24177.9,-0.755470854029362,2024-12-17,-0.553481110429936,2024-12-17,-0.28482314968048245,2024-12-17,-0.2930767408173593,2024-12-17,-0.5902793448842898,2024-12-17,-1.0406077307338535,2024-12-17,-0.5862898217625472,False,True,15.839175275123829,14.661422310777308,1.1777529643465208,-0.24336489346653853,NEUTRAL
2024-12-19,23944.65,-4.640915450233693,2024-12-18,-3.9801194663312787,2024-12-18,-0.630120134736069,2024-12-18,0.30151897452531734,2024-12-18,-0.16480451574056093,2024-12-18,0.9960169419101187,2024-12-18,-1.353070608434361,False,True,14.020485199030203,14.5396574380854,-0.5191722390551963,-0.2741185661977592,NEUTRAL
2024-12-20,23636.3,-0.16924409658151468,2024-12-19,-0.21308607441384902,2024-12-19,-0.5805357049994233,2024-12-19,-0.3235987605877703,2024-12-19,-1.8908909905307296,2024-12-19,-1.5579908981626307,2024-12-19,-0.7892244208793197,False,True,0.00010000000000000002,12.490500228391463,-12.490400228391463,-0.615231464278487,NEUTRAL
2024-12-23,23736.2,1.3640743318212833,2024-12-20,0.8599752113061823,2024-12-20,-0.25701365405079485,2024-12-20,-0.11356588567170837,2024-12-20,-0.6395062642359739,2024-12-20,-0.973706078891462,2024-12-20,0.04004294337958777,False,True,15.183514251464448,12.617919466449285,2.565594785015163,-0.17867210334050218,NEUTRAL
2024-12-24,23737.6,0.8685554864471987,2024-12-23,0.8031745640950818,2024-12-23,0.8789489436385759,2024-12-23,0.3405250389703517,2024-12-23,-0.2893036578259861,2024-12-23,1.3928494254692583,2024-12-23,0.6657916334657467,False,True,11.182740980139327,12.98438919218504,-1.8016482120457127,-0.30312007135194063,NEUTRAL
2024-12-26,23752.15,1.327377700793171,2024-12-24,1.1207959247711603,2024-12-24,0.2174969711966844,2024-12-25,0.49776334471780886,2024-12-24,-0.2893036578259861,2024-12-23,0.02692702973838392,2024-12-24,0.4835095522318705,False,True,9.428909257144133,12.880786874877609,-3.4518776177334765,-0.3486415371256893,NEUTRAL
2024-12-27,23807.65,-0.15468201350576055,2024-12-26,-0.20441274886428298,2024-12-26,1.0102026919022242,2024-12-26,0.49776334471780886,2024-12-24,-0.2893036578259861,2024-12-23,-0.2551077198284543,2024-12-26,0.1007433160992582,False,True,5.488657639756926,11.76653665037696,-6.277879010620033,-0.4207452938622187,NEUTRAL
2024-12-30,23700.75,-1.5447415940632043,2024-12-27,-1.5930929223389863,2024-12-27,1.7062075386813091,2024-12-27,-0.008164179225562486,2024-12-27,0.8488232348466132,2024-12-27,-0.7541601315254771,2024-12-27,-0.2241880089375513,False,True,11.838128226484645,11.270076647221714,0.5680515792629315,-0.18707559397640003,NEUTRAL
2024-12-31,23665.55,-1.446881791865421,2024-12-30,-1.2602072289730437,2024-12-30,-1.0570779400844683,2024-12-30,-0.08770780009351276,2024-12-30,-0.5938469738613248,2024-12-30,-0.0870843315843161,2024-12-30,-0.7554676777436812,False,True,15.548762729347898,11.19129256622112,4.357470163126777,-0.05943324918120571,NEUTRAL
2025-01-01,23741.55,-0.6089670434256669,2024-12-31,-0.9611425817494452,2024-12-31,-1.0570779400844683,2024-12-30,0.1388254338948708,2024-12-31,-0.5938469738613248,2024-12-30,-0.0870843315843161,2024-12-30,-0.5282155728017252,False,True,19.32965763623849,10.686292891880294,8.643364744358196,0.08098311120510543,NEUTRAL
2025-01-02,24209.15,-0.6089670434256669,2024-12-31,-0.9611425817494452,2024-12-31,-1.0570779400844683,2024-12-30,0.1388254338948708,2024-12-31,-0.5938469738613248,2024-12-30,-0.0870843315843161,2024-12-30,-0.5282155728017252,False,True,23.8506767835056,10.87708946183744,12.973587321668163,0.2172211422726348,NEUTRAL
2025-01-03,24032.85,-0.3281295111551228,2025-01-02,-0.24370418629503895,2025-01-02,-1.0570779400844683,2024-12-30,-1.0774690680706185,2025-01-02,0.6855419868729143,2025-01-02,0.06956875158250203,2025-01-02,-0.32521166119163863,False,True,38.543409887916994,12.545411372901313,25.99799851501568,0.6498734846539109,NEUTRAL
2025-01-06,23644.2,1.5247072267480668,2025-01-03,1.522251710548668,2025-01-03,-1.0570779400844683,2024-12-30,0.4967224285033661,2025-01-03,-0.9152179294879784,2025-01-03,1.662297381008319,2025-01-03,0.5389471462059955,False,True,12.656977648726054,12.76817271578436,-0.11119506705830595,-0.24315425017160294,NEUTRAL
2025-01-07,23723.1,0.62166214702678,2025-01-06,1.0202036915559347,2025-01-06,-1.5468026380425477,2025-01-06,-0.06570362350169749,2025-01-06,1.9926050791379106,2025-01-06,1.757147183108134,2025-01-06,0.6298519732140857,False,True,22.151876608073977,13.857457174559695,8.294419433514282,0.0414796095087834,NEUTRAL
2025-01-08,23680.45,-1.4639840008358622,2025-01-07,-1.8597866807141012,2025-01-07,1.9192804574098103,2025-01-07,-0.8029138641343256,2025-01-07,0.6720801026149095,2025-01-07,0.17147776459439634,2025-01-07,-0.22730770351086216,False,True,16.608237833191055,14.019841570557473,2.588396262633582,-0.15467562734283116,NEUTRAL
2025-01-09,23512.35,0.14330540785868992,2025-01-08,-0.14975969551351065,2025-01-08,-0.2868838342268915,2025-01-08,-0.5500524271643039,2025-01-08,-0.2110628775166341,2025-01-08,1.0422752402969186,2025-01-08,-0.0020296977109552547,False,True,13.669054151068327,13.973296070954966,-0.30424191988663907,-0.25829762685110486,NEUTRAL
2025-01-10,23410.85,0.14330540785868992,2025-01-08,-0.14975969551351065,2025-01-08,-0.981394566580287,2025-01-09,-0.036144634346163884,2025-01-09,-0.20494029108074668,2025-01-09,0.0642496994963644,2025-01-09,-0.19411401336094233,False,True,231.8233401129068,14.071686394387042,217.75165371851978,7.097343209335716,HIGH_VOL_STATE
2025-01-13,23098.85,-1.9517083568822944,2025-01-10,-1.5440896107590474,2025-01-10,-1.055090051547087,2025-01-10,-0.5740083595551615,2025-01-10,-0.785764164785752,2025-01-10,-0.15607837125969404,2025-01-10,-1.0111231524648394,False,True,12.942394985298966,13.411063460368371,-0.46866847506940523,-0.286126761877561,NEUTRAL
2025-01-14,23169.85,0.19812211578257408,2025-01-13,-0.39305535894490523,2025-01-13,-1.055090051547087,2025-01-10,-0.7076982502947488,2025-01-13,-0.6297348935103786,2025-01-13,-0.8269159309243029,2025-01-13,-0.5690620615731414,False,True,16.098557805339723,14.090196800655214,2.0083610046845095,-0.22464559345633983,NEUTRAL
2025-01-15,23209.75,0.12847945899949934,2025-01-14,-0.2682856410556763,2025-01-14,-1.7902222519126154,2025-01-14,1.5233405919611283,2025-01-14,0.8335864106021125,2025-01-14,0.3283613070802146,2025-01-14,0.12587664594577716,False,True,13.02841485797564,13.776991837903552,-0.7485769799279112,-0.29449374632753,NEUTRAL
2025-01-16,23302.35,2.235549329797709,2025-01-15,2.1023375602840786,2025-01-15,-0.032889167548258484,2025-01-15,0.31642219983293013,2025-01-15,1.8718146627437422,2025-01-15,0.0360791479734136,2025-01-15,1.0882189555139357,False,True,11.670691758873714,13.800843116920056,-2.1301513580463425,-0.33506548957966575,NEUTRAL
2025-01-17,23243.4,-0.2884874295187002,2025-01-16,-0.8452168013273592,2025-01-16,0.37601178061513035,2025-01-16,1.1200921953574319,2025-01-16,0.37543985235900057,2025-01-16,1.0915356815245159,2025-01-16,0.3048958798350032,False,True,41.747569847766016,13.621739771969816,28.125830075796202,0.42037444767894405,NEUTRAL
2025-01-20,23356.7,1.146791016414887,2025-01-17,1.2098731198992145,2025-01-17,-0.28955613590410273,2025-01-17,0.321619869758458,2025-01-17,1.4230376003390623,2025-01-17,-0.09475580329044982,2025-01-17,0.6195016112028449,False,True,14.029756495050854,12.629485023083811,1.4002714719670433,-0.2574756088656874,NEUTRAL
2025-01-21,23019.65,1.146791016414887,2025-01-17,1.2098731198992145,2025-01-17,1.1772128943901845,2025-01-20,1.510976189204602,2025-01-20,0.39201007560270756,2025-01-20,-0.09748458683225592,2025-01-20,0.8898964514465565,False,True,16.263715867185102,12.552268524625546,3.7114473425595556,-0.19886779921154096,NEUTRAL
2025-01-22,23159.2,0.9697976391759109,2025-01-21,0.4542799390384104,2025-01-21,0.31443734979708826,2025-01-21,0.7995126549560211,2025-01-21,0.15036059032019689,2025-01-21,-0.030052063387354357,2025-01-21,0.4430560183167122,False,True,18.942000905873545,13.394728841810693,5.547272064062852,-0.15358905081379576,NEUTRAL
2025-01-23,23215.85,0.6407337948020049,2025-01-22,0.9771467149954556,2025-01-22,1.5433117869914632,2025-01-22,-1.331430223872255,2025-01-22,1.1212137714667705,2025-01-22,1.0208657937000873,2025-01-22,0.6619736063472544,False,True,12.764779963905898,13.626714558118143,-0.8619345942122454,-0.31606139543349887,NEUTRAL
2025-01-24,23079.35,0.52003608443132,2025-01-23,0.05376037702444946,2025-01-23,0.7133796677123487,2025-01-23,-0.2748231721235745,2025-01-23,0.7428124402629475,2025-01-23,-1.0422761508074112,2025-01-23,0.11881487441667997,False,True,65.73709188524084,13.607513234475254,52.12957865076559,1.0063765310203643,HIGH_VOL_STATE
2025-01-27,22826.15,-0.4363535010851675,2025-01-24,-0.5459076988161765,2025-01-24,-0.14834688332531656,2025-01-24,1.5729555525043302,2025-01-24,-0.3065084340687333,2025-01-24,0.76963928976148,2025-01-24,0.15091305416173606,False,True,14.087563519856317,13.500532625737167,0.5870308941191507,-0.2984942729747692,NEUTRAL
2025-01-28,22989.75,-1.7913220420614429,2025-01-27,-2.7070785231167807,2025-01-27,-0.9766927867124211,2025-01-27,0.5620309058854713,2025-01-27,-0.8725739930480658,2025-01-27,0.76963928976148,2025-01-24,-0.8359995248819598,False,True,18.861181750950735,13.986359007948062,4.874822743002673,-0.19247777027087437,NEUTRAL
2025-01-29,23140.65,0.9780306059015177,2025-01-28,1.5567969078235142,2025-01-28,-1.425524046664972,2025-01-28,0.11591828610266128,2025-01-28,0.6950172566629786,2025-01-28,0.76963928976148,2025-01-24,0.44831304993119664,False,True,20.40971570006026,14.083373764294112,6.326341935766148,-0.15652596098782903,NEUTRAL
2025-01-30,23192.35,-0.6032789348571216,2025-01-29,-0.47852816733090175,2025-01-29,0.9796849103527648,2025-01-29,0.11591828610266128,2025-01-28,1.0115708234779628,2025-01-29,0.76963928976148,2025-01-24,0.2991677012511409,False,True,30.83680776525736,12.441350781660187,18.39545698359717,0.14348724958298814,NEUTRAL
2025-01-31,23493.55,0.5156438412672975,2025-01-30,0.12121616863777583,2025-01-30,0.22007243380443056,2025-01-30,0.11591828610266128,2025-01-28,0.27743845121114363,2025-01-30,0.76963928976148,2025-01-24,0.3366547451307981,False,True,18.988002220820338,12.44310717282713,6.544895047993208,-0.15462672653801648,NEUTRAL
2025-02-01,23508.85,-0.7136463885721215,2025-01-31,-0.3477555542618358,2025-01-31,0.13114062564960538,2025-01-31,0.11591828610266128,2025-01-28,-0.25712863937795977,2025-01-31,-0.610965949606904,2025-01-31,-0.28040627001109236,False,True,20.28400862032419,11.942377699177037,8.341630921147154,-0.10757509552507605,NEUTRAL
2025-02-03,23354.35,-0.7136463885721215,2025-01-31,-0.3477555542618358,2025-01-31,0.13114062564960538,2025-01-31,0.11591828610266128,2025-01-28,-0.25712863937795977,2025-01-31,-0.610965949606904,2025-01-31,-0.28040627001109236,False,True,12.797496473787273,11.840322916952543,0.9571735568347304,-0.28871097226447096,NEUTRAL
2025-02-04,23749.9,-0.9915789660342162,2025-02-03,-1.093382656583136,2025-02-03,-2.6526018073296203,2025-02-03,-0.03140256622206158,2025-02-03,-2.100486208562864,2025-02-03,-2.103243542374136,2025-02-03,-1.495449291184339,False,True,13.586250775194763,11.96266014572634,1.6235906294684224,-0.27031481007413205,NEUTRAL
2025-02-05,23730.65,0.7374285127879401,2025-02-04,1.0080348556534484,2025-02-04,0.6876831997126155,2025-02-04,2.3233602638185933,2025-02-04,0.21759584100460755,2025-02-04,0.9871586156872351,2025-02-04,0.9935435481107401,False,True,13.120363799169066,13.185567633932473,-0.06520383476340719,-0.3128079814077313,NEUTRAL
2025-02-06,23581.7,0.36789429598371015,2025-02-05,0.06621528241396744,2025-02-05,0.06587071107787672,2025-02-05,-0.745213952728135,2025-02-05,0.23707604725298545,2025-02-05,0.9420361271738357,2025-02-05,0.15564641852904007,False,True,14.880191675302173,13.102745365947474,1.7774463093546995,-0.2670383362673397,NEUTRAL
2025-02-07,23490.8,0.4079305165432057,2025-02-06,0.3754391625650009,2025-02-06,0.6625103244012978,2025-02-06,1.1594082837947732,2025-02-06,1.6400311535496608,2025-02-06,0.9505923700690568,2025-02-06,0.8659853018204992,False,True,12.15392896230495,11.858929345950582,0.29499961635436733,-0.30377059486836727,NEUTRAL
2025-02-10,23400.9,-1.2387067109441297,2025-02-07,-1.2209186124886457,2025-02-07,-0.7424676004393643,2025-02-07,0.9087194979159765,2025-02-07,-0.9709077293746067,2025-02-07,-0.4686147510758823,2025-02-07,-0.622149317734442,False,True,12.570318829191862,11.859642198043579,0.7106766311482833,-0.2920052945801818,NEUTRAL
2025-02-11,23056.55,0.82464646276975,2025-02-10,0.814104150063029,2025-02-10,0.06530337675609743,2025-02-10,1.493629855462487,2025-02-10,0.4783528843596483,2025-02-10,-0.0047167507498763524,2025-02-10,0.6118866631101892,False,True,16.41935065265317,12.246789532517205,4.172561120135963,-0.2039348593633212,NEUTRAL
2025-02-12,22988.7,0.015890034537159918,2025-02-11,-0.340245396266637,2025-02-11,0.06530337675609743,2025-02-10,-0.9151497907232239,2025-02-11,0.5030339633619947,2025-02-11,0.6016061186842027,2025-02-11,-0.011593615608401017,False,True,17.103401335782785,13.106565910332908,3.996835425449877,-0.19367254951283958,NEUTRAL
2025-02-13,23052.15,-0.3721306057722842,2025-02-12,-0.005841936976548749,2025-02-12,0.4665376320487944,2025-02-12,2.100267844761789,2025-02-12,0.3733746311577874,2025-02-12,0.30971173445499,2025-02-12,0.47865321661242133,False,True,17.29351855882687,13.013130690217448,4.280387868609424,-0.18772671165255642,NEUTRAL
2025-02-14,22938.7,1.2694570816017672,2025-02-13,1.244889620277702,2025-02-13,1.3507876885697179,2025-02-13,-0.30471899505254135,2025-02-13,2.714143468404661,2025-02-13,1.1198654720283627,2025-02-13,1.2324040559716116,False,True,192.902534576822,12.776397108228018,180.12613746859398,4.177857923957782,HIGH_VOL_STATE
2025-02-17,22939.45,-0.06944231722694513,2025-02-14,0.2767911414851422,2025-02-14,-0.8750344643812873,2025-02-14,2.925437704270062,2025-02-14,-1.004171985767433,2025-02-14,0.1953666002764547,2025-02-14,0.24149111310933224,False,True,13.912564890581336,11.865968252372122,2.0465966382092144,-0.2832923917314712,NEUTRAL
2025-02-18,22946.1,-0.06944231722694513,2025-02-14,0.2767911414851422,2025-02-14,0.03440847334099193,2025-02-17,-0.222010193898705,2025-02-17,1.4137123711750612,2025-02-17,0.5521519596217234,2025-02-17,0.3309352390828781,False,True,18.384095578916497,11.668737168870024,6.715358410046473,-0.18175650996886308,NEUTRAL
2025-02-19,22916.9,0.2195024444887127,2025-02-18,-0.04379486927586882,2025-02-18,0.2302462979292535,2025-02-18,1.0605511970722343,2025-02-18,-0.12103875182639859,2025-02-18,0.43545500878446497,2025-02-18,0.2968202211953997,False,True,17.299893518740618,11.62650344270784,5.673390076032778,-0.20690075151608284,NEUTRAL
2025-02-20,22911.2,0.2142158710826074,2025-02-19,-0.03407736556503752,2025-02-19,-0.3403725774716643,2025-02-19,-0.3290473873755006,2025-02-19,-2.9872680101670293,2025-02-19,1.3693966248553524,2025-02-19,-0.35119214077354527,False,True,17.392855439658522,11.508189419173394,5.8846660204851275,-0.2047346277626534,NEUTRAL
2025-02-21,22771.5,-0.6329410379064693,2025-02-20,-0.49694053610144273,2025-02-20,-1.3667352291480657,2025-02-20,-1.4718088666492304,2025-02-20,-1.0784822826631186,2025-02-20,-0.7035926775336191,2025-02-20,-0.9584167716669909,False,True,0.00010000000000000002,10.7032403147404,-10.7031403147404,-0.5710882110677595,NEUTRAL
2025-02-24,22571.4,-2.230109942368657,2025-02-21,-2.0054822555535257,2025-02-21,0.24967591520347024,2025-02-21,2.9099671783831593,2025-02-21,-0.5025466897240258,2025-02-21,-0.09318994173758122,2025-02-21,-0.27861428929952664,False,True,12.260300071866226,10.659004800712388,1.6012952711538375,-0.2632877020893688,NEUTRAL
2025-02-25,22573.05,-0.6312121368839078,2025-02-24,-1.0768969828044426,2025-02-24,0.24967591520347024,2025-02-21,-0.6483402088203544,2025-02-24,0.5050220943079641,2025-02-24,-0.4154693830139861,2025-02-24,-0.33620345033520943,False,True,12.780261425300981,10.651503818408248,2.1287576068927336,-0.25238971213383493,NEUTRAL
2025-02-27,22549.2,0.023324330134172087,2025-02-26,0.20975279760284796,2025-02-26,-0.2632689116644912,2025-02-26,2.169609476574942,2025-02-26,1.9547416545359704,2025-02-26,0.2837472639026508,2025-02-26,0.729651101847682,False,True,8.412302444162028,10.481226343360756,-2.0689238991987278,-0.3604581114045529,NEUTRAL
2025-02-28,22170.75,-1.915708342200734,2025-02-27,-2.3176554448926425,2025-02-27,0.3411932292525667,2025-02-27,-0.4693977917889089,2025-02-27,-1.7585663111552021,2025-02-27,-0.7216817308859446,2025-02-27,-1.1403027319451442,False,True,0.00010000000000000002,9.303389899266431,-9.303289899266431,-0.5436835923385368,NEUTRAL
2025-03-03,22128.0,1.9202121786047026,2025-02-28,1.3362928066184272,2025-02-28,-3.0669923847491973,2025-02-28,-2.586233609113392,2025-02-28,-0.31833651452877687,2025-02-28,-3.0928223215256128,2025-02-28,-0.9679799741156415,False,True,13.269182275961466,11.048363721757555,2.2208185542039107,-0.24088812538824497,NEUTRAL
2025-03-04,22097.65,-2.0107148117653413,2025-03-03,-2.0666668577339062,2025-03-03,1.7289543733377202,2025-03-03,-0.006820838756060803,2025-03-03,3.0936215506687357,2025-03-03,-3.0928223215256128,2025-02-28,-0.39240815096241094,False,True,14.618360047929308,11.065547134794889,3.552812913134419,-0.16962391461052564,NEUTRAL
2025-03-05,22342.35,-1.3109242102501417,2025-03-04,-0.2072520954259254,2025-03-04,-1.1541682274846838,2025-03-04,-0.3936747859826484,2025-03-04,-4.628083861481169,2025-03-04,-0.1489792612576968,2025-03-04,-1.3071804069803776,False,True,14.93835733973436,8.340365669069408,6.5979916706649515,-0.08887270787808997,NEUTRAL
2025-03-06,22546.45,1.3107071624622342,2025-03-05,1.2000183146362873,2025-03-05,0.2575411059856468,2025-03-05,1.761279450295457,2025-03-05,3.341500630645765,2025-03-05,0.9406708079781899,2025-03-05,1.4686195786672631,False,True,16.999232537910757,10.027690857622945,6.971541680287812,-0.0811115919346995,NEUTRAL
2025-03-07,22601.65,-1.876399893497462,2025-03-06,-1.9267612899438045,2025-03-06,0.7853788157986331,2025-03-06,1.9968794102575858,2025-03-06,1.20006749325468,2025-03-06,0.5321911285439328,2025-03-06,0.1185592774022609,False,True,67.1166802031359,10.981431445229022,56.13524875790688,1.253627766496091,HIGH_VOL_STATE
2025-03-10,22456.7,0.6822456870767094,2025-03-07,0.6236411903804422,2025-03-07,-2.099490271286863,2025-03-07,-0.6047188928438179,2025-03-07,-1.9053475682788656,2025-03-07,-0.4887815332521542,2025-03-07,-0.6320752313674249,False,True,11.8032133955455,11.025507193511256,0.7777062020342438,-0.2758534218424117,NEUTRAL
2025-03-11,22505.3,-2.7649658763519724,2025-03-10,-2.8790176090599435,2025-03-10,0.4634016866958587,2025-03-10,-1.4440084477797475,2025-03-10,-1.759187853553055,2025-03-10,0.1897299485494657,2025-03-10,-1.3656746919165654,False,True,14.615978631393245,10.86310582967487,3.7528728017183752,-0.20049288854574135,NEUTRAL
2025-03-12,22478.65,-0.6359329715403316,2025-03-11,0.006070510125231619,2025-03-11,-0.5164737259929375,2025-03-11,-0.20462775167045572,2025-03-11,-1.3367325711175293,2025-03-11,-1.1771534455359698,2025-03-11,-0.6441416592886653,False,True,15.64863197448038,10.04586114203581,5.6027708324445715,-0.1533538301671472,NEUTRAL
2025-03-13,22386.4,0.6140944392222056,2025-03-12,0.9855460635218468,2025-03-12,0.16001382252868598,2025-03-12,-0.677944807233859,2025-03-12,1.2461481606247213,2025-03-12,1.208114490295363,2025-03-12,0.589328694826494,False,True,14.006591122079504,10.045745814926109,3.960845307153395,-0.19839758961389467,NEUTRAL
2025-03-17,22510.95,2.2481801265489185,2025-03-14,1.9699301949134385,2025-03-14,0.7946692735963269,2025-03-14,1.2194752315141149,2025-03-14,1.4847186325098505,2025-03-14,-0.39244232924654987,2025-03-14,1.2207551883060164,False,True,0.00010000000000000002,10.066201302505783,-10.066101302505784,-0.5779728647752059,NEUTRAL
2025-03-18,22805.6,0.7155769013762605,2025-03-17,0.3298398748478395,2025-03-17,0.9828595937670723,2025-03-17,0.3220554640520472,2025-03-17,0.4535971416556975,2025-03-17,1.5257417611939412,2025-03-17,0.721611789482143,False,True,14.027166600579616,10.257445852483087,3.7697207480965282,-0.2001811772180368,NEUTRAL
2025-03-19,22931.85,-0.9070738744932102,2025-03-18,-1.0283946914276287,2025-03-18,1.2568913768295549,2025-03-18,1.4199950582926655,2025-03-18,0.6507825206064835,2025-03-18,-0.04971289868604201,2025-03-18,0.2237479151869705,False,True,13.62935472566762,11.683107777629665,1.9462469480379543,-0.2573611300616759,NEUTRAL
2025-03-20,23206.2,1.128357395643363,2025-03-19,1.097705922346667,2025-03-19,-0.17507969369443957,2025-03-19,-0.17100377044260068,2025-03-19,-0.5558871317805697,2025-03-19,0.5026456598408364,2025-03-19,0.3044563969855427,False,True,16.150099323336793,11.74976671736129,4.400332605975503,-0.1908103288564784,NEUTRAL
2025-03-21,23340.35,-0.16560505821683566,2025-03-20,-0.13689310766319657,2025-03-20,-0.17507969369443957,2025-03-19,-1.7263216225071276,2025-03-20,-1.2777024209742942,2025-03-20,0.21667387461439802,2025-03-20,-0.544154671406916,False,True,105.60579842040818,12.585059007923475,93.0207394124847,2.2006449099023633,HIGH_VOL_STATE
2025-03-24,23670.35,0.13559615861524557,2025-03-21,0.463102905205717,2025-03-21,-0.12462837330102723,2025-03-21,-1.630424572675355,2025-03-21,-0.6133709373334733,2025-03-21,0.1195672347760861,2025-03-21,-0.2750262641188011,False,True,10.428377568924654,12.772593572590166,-2.3442160036655117,-0.4040826444422563,NEUTRAL
2025-03-25,23682.4,1.8434753510731912,2025-03-24,1.6988376187302534,2025-03-24,-0.10969609788585408,2025-03-24,0.3761933000095792,2025-03-24,-0.3560487199839492,2025-03-24,-0.5227730559112849,2025-03-24,0.48833139933865594,False,True,16.00898817086299,13.270076555288544,2.738911615574448,-0.273690359564129,NEUTRAL
2025-03-26,23481.05,0.20712085342815278,2025-03-25,0.40291673515700993,2025-03-25,0.49675057309044857,2025-03-25,-1.693443111606538,2025-03-25,0.7634743002855527,2025-03-25,-0.6930660994280455,2025-03-25,-0.0860411248455699,False,True,15.528556649457537,12.377328316808459,3.1512283326490778,-0.26396818823669244,NEUTRAL
2025-03-27,23600.25,-1.0386686183003226,2025-03-26,-1.3150439017510158,2025-03-26,0.6674643840005415,2025-03-26,0.19457799575827753,2025-03-26,-1.2233187464064492,2025-03-26,0.9449519796635697,2025-03-26,-0.2950061511725665,False,True,15.506005549143259,12.899225255452418,2.606780293690841,-0.2775951538287521,NEUTRAL
2025-03-28,23591.15,-0.2395539852540548,2025-03-27,-0.2423990349040706,2025-03-27,-0.5511413690154611,2025-03-27,0.08292720902459672,2025-03-27,-0.7993000164835262,2025-03-27,-1.560280478487717,2025-03-27,-0.5516246125200388,False,True,109.64235881736246,12.893230490413432,96.74912832694903,2.176767652211636,HIGH_VOL_STATE
2025-04-01,23161.85,0.624568705106807,2025-03-31,0.03249194761582017,2025-03-31,-3.7620348123935377,2025-03-31,-0.9782091650330841,2025-03-31,-1.297114562656315,2025-03-31,-2.9936255441681046,2025-03-31,-1.3956539052547356,False,True,9.829403648451503,10.322061739654528,-0.4926580912030243,-0.3772897172609087,NEUTRAL
2025-04-02,23309.0,0.4370461220421757,2025-04-01,0.7036139961392515,2025-04-01,0.14441506823279093,2025-04-01,0.07815681107838318,2025-04-01,1.2966724119527184,2025-04-01,1.432732605184337,2025-04-01,0.6821061691049427,False,True,15.802468365386602,12.247766694968409,3.5547016704181935,-0.26463400388664454,NEUTRAL
2025-04-03,23251.5,0.7118743545101913,2025-04-02,0.6863416645074926,2025-04-02,0.3901484908134528,2025-04-02,-0.1943339992776998,2025-04-02,-0.6990962874696736,2025-04-02,-0.6293905230073993,2025-04-02,0.044257283346060716,False,True,15.38669421602456,12.255014518085703,3.131679697938857,-0.27689990339126647,NEUTRAL
2025-04-04,22864.9,-4.656959953109793,2025-04-03,-3.936107750598569,2025-04-03,-2.274872740778177,2025-04-03,-1.1253686036546602,2025-04-03,-2.63309081427069,2025-04-03,-0.7549203938295291,2025-04-03,-2.5635533760402365,False,True,5.535638974777917,11.999535986363458,-6.463897011585542,-0.5150777335851324,NEUTRAL
2025-04-07,22046.2,-4.881044352081842,2025-04-04,-3.3692528284912004,2025-04-04,-2.1466164079679877,2025-04-04,-1.1253686036546602,2025-04-03,-3.98212026124339,2025-04-04,-0.8216087741662687,2025-04-04,-2.7210018712675583,False,True,11.105887411634068,13.1535804934493,-2.0476930818152326,-0.4000138329740569,NEUTRAL
2025-04-08,22577.9,0.007528894030889483,2025-04-07,0.2559561129672465,2025-04-07,-6.260440412928255,2025-04-07,-8.350255693326057,2025-04-07,-2.9172140982179355,2025-04-07,-5.057002685444886,2025-04-07,-3.7202379804864996,False,True,46.826845486301224,17.8967628434659,28.930082642835323,0.3757115445764809,NEUTRAL
2025-04-09,22399.4,-0.9413304851893397,2025-04-08,-1.0098166795599257,2025-04-08,4.214190370452388,2025-04-08,0.6115125171099375,2025-04-08,1.633982834621219,2025-04-08,0.2795404509415017,2025-04-08,0.7980131680626301,False,True,36.79070403755848,18.96531606295659,17.825387974601888,0.23703698407770935,NEUTRAL
2025-04-11,22826.65,-1.7849545421913333,2025-04-10,-1.7244598301342078,2025-04-10,5.272297221406091,2025-04-10,0.81881339246283,2025-04-10,2.882887603777927,2025-04-10,5.1892928139223065,2025-04-10,1.7756461098739358,False,True,15.667056976635617,19.09270767534626,-3.425650698710644,-0.48684987214250325,NEUTRAL
2025-04-15,23312.2,0.4906332668736786,2025-04-14,0.3523210006312958,2025-04-14,0.6314470120633046,2025-04-14,0.9252267394355831,2025-04-14,1.6962507903851818,2025-04-14,0.6361540166810896,2025-04-14,0.7886721376783555,False,True,20.643110271635233,20.33811298053444,0.30499729110079343,-0.3580575403357453,NEUTRAL
2025-04-16,23429.6,-0.017988201811807783,2025-04-15,0.06194771392864432,2025-04-15,0.4642324727301551,2025-04-15,0.0075988791615982645,2025-04-15,0.8143296162055128,2025-04-15,0.5664324473052899,2025-04-15,0.3160921545865654,False,True,13.862144661114794,21.638554643645108,-7.776409982530314,-0.629915822869522,NEUTRAL
2025-04-17,23857.15,-1.0780122920418576,2025-04-16,-1.1578052921057727,2025-04-16,-0.3812922326066572,2025-04-16,-0.8852322671007347,2025-04-16,0.13629117716345815,2025-04-16,-0.7702359133168847,2025-04-16,-0.6893811366680748,False,True,17.531454043034323,21.633133840136367,-4.101679797102044,-0.502584290174118,NEUTRAL
2025-04-21,24146.75,0.17577034889984483,2025-04-17,0.06572221561365821,2025-04-17,0.5473884862290032,2025-04-18,0.6040878923953604,2025-04-17,-0.2944868733884114,2025-04-17,0.3510992694593875,2025-04-18,0.24159688986814046,False,True,0.00010000000000000002,21.91822644573671,-21.91812644573671,-1.0823523773511088,LOW_VOL_STATE
2025-04-22,24172.9,-1.1006179497515411,2025-04-21,-0.9068526001996978,2025-04-21,-0.5093611545021804,2025-04-21,0.6040878923953604,2025-04-17,-0.2944868733884114,2025-04-17,0.13703397814119814,2025-04-21,-0.3450327845508787,False,True,12.970091499198539,22.16737885995223,-9.197287360753691,-0.6370606730915432,NEUTRAL
2025-04-23,24318.5,1.4165566285303701,2025-04-22,1.2342219470830451,2025-04-22,0.02056107170649569,2025-04-22,0.25086807759848945,2025-04-22,0.23822706313234163,2025-04-22,-0.03978277798689111,2025-04-22,0.5201086683439752,False,True,13.042078754413089,21.86331798171474,-8.821239227301652,-0.615544297490467,NEUTRAL
2025-04-24,24222.75,0.9457931610800868,2025-04-23,1.1159409340954742,2025-04-23,0.9673267956423434,2025-04-23,0.9187758617023631,2025-04-23,1.7990523990764553,2025-04-23,0.9990452495381594,2025-04-23,1.1243224001891472,False,True,13.46501686330014,21.85758139788091,-8.392564534580771,-0.5916299855818796,NEUTRAL
2025-04-25,24073.8,1.0958617743831054,2025-04-24,1.1750377543209847,2025-04-24,0.31156921516011876,2025-04-24,-0.38234361585105975,2025-04-24,0.22330201780762052,2025-04-24,-0.07970503437189912,2025-04-24,0.3906203519081451,False,True,48.19154981182273,21.527526106738765,26.664023705083967,0.5692387115847898,NEUTRAL
2025-04-28,24322.2,0.4393380975811177,2025-04-25,0.5797362669741348,2025-04-25,0.9386367372647674,2025-04-25,0.05129638698762844,2025-04-25,0.4158697962959584,2025-04-25,0.5934672606923397,2025-04-25,0.5030574242993243,False,True,14.529277807157314,21.829488776142338,-7.300210968985024,-0.5441034231321065,NEUTRAL
2025-04-29,24340.55,0.09532164448086121,2025-04-28,0.029595174979918724,2025-04-28,0.22426582014762314,2025-04-28,-0.10494765947991806,2025-04-28,0.039096880268839306,2025-04-28,0.05217940154542504,2025-04-28,0.05591854365712489,False,True,13.791689988695705,21.923677800888424,-8.131987812192719,-0.5664850706340651,NEUTRAL
2025-04-30,24368.6,0.3551063735395823,2025-04-29,0.28648514821198795,2025-04-29,0.22426582014762314,2025-04-28,-0.006838872234899003,2025-04-29,0.35633090837876785,2025-04-29,0.39269725400863875,2025-04-29,0.26800777200861686,False,True,10.615202525549266,21.908905208422713,-11.293702682873446,-0.6630996434417007,NEUTRAL
2025-05-02,24373.4,0.36325467294661584,2025-05-01,0.6561740012116468,2025-05-01,0.5654660805829717,2025-05-01,0.1390365159402227,2025-04-30,0.1396217331153497,2025-04-30,-0.2792595174992281,2025-04-30,0.26404891438292977,False,True,174.2667529761609,21.843900531693922,152.42285244446697,4.780248798691376,HIGH_VOL_STATE
2025-05-05,24471.1,0.7820214448347812,2025-05-02,0.6514853788288645,2025-05-02,0.5159466064041,2025-05-02,0.6524274747634834,2025-05-02,1.4226536214497114,2025-05-02,0.04132958198678823,2025-05-02,0.6776440180446214,False,True,12.616125078579799,20.86991334146704,-8.253788262887241,-0.5314063056614565,NEUTRAL
2025-05-06,24365.5,-0.27234990912804646,2025-05-05,-0.24475043770965127,2025-05-05,0.5159466064041,2025-05-02,0.6524274747634834,2025-05-02,0.5447658849389158,2025-05-05,0.04132958198678823,2025-05-02,0.20622820020926494,False,True,11.071049176941806,20.814480830128232,-9.743431653186427,-0.565235155763554,NEUTRAL
2025-05-07,24395.7,-0.3287859643353854,2025-05-06,-0.28526781267538376,2025-05-06,0.5159466064041,2025-05-02,0.20536471944030532,2025-05-06,-0.30596289646712,2025-05-06,0.04132958198678823,2025-05-02,-0.02622929427444927,False,True,11.143674078250193,20.806751831305633,-9.66307775305544,-0.5530169221117088,NEUTRAL
2025-05-08,24267.75,0.2640602789322227,2025-05-07,0.16051358056055032,2025-05-07,-0.039701508734532404,2025-05-07,-0.018633348548639215,2025-05-07,-0.3834049850771902,2025-05-07,0.32960675854068433,2025-05-07,0.0520734626121826,False,True,10.164962974578618,19.71115948472874,-9.546196510150121,-0.5436550333573396,NEUTRAL
2025-05-09,24013.8,0.3379904226992194,2025-05-08,0.47979351478253374,2025-05-08,0.21305925969526923,2025-05-08,0.07563716111184601,2025-05-08,0.504804500090025,2025-05-08,0.121797830690015,2025-05-08,0.28884711484481806,False,True,274.99201135204385,14.662293842481242,260.3297175095626,7.016490111540258,HIGH_VOL_STATE
2025-05-12,24920.85,0.011767014770050311,2025-05-09,0.04941591687618376,2025-05-09,0.7320119120879112,2025-05-09,0.09709970608939679,2025-05-09,0.2802415803470504,2025-05-09,-0.08866180359628331,2025-05-09,0.1803123877623848,False,True,18.399590138283266,14.962712201321926,3.4368779369613396,-0.21908729315081066,NEUTRAL
2025-05-13,24615.75,1.652569892826526,2025-05-12,1.7601003589585602,2025-05-12,0.18944151406622983,2025-05-12,1.1917750934198932,2025-05-12,0.09027928962756906,2025-05-12,0.736605246491923,2025-05-12,0.9367952325651169,False,True,22.72307155305692,19.145919802223045,3.577151750833874,-0.2167795406617206,NEUTRAL
2025-05-14,24633.3,0.37725958340130816,2025-05-13,0.6499582127994467,2025-05-13,0.6581156871446944,2025-05-13,-0.860742905549075,2025-05-13,0.10312841016717081,2025-05-13,-0.009078666282583674,2025-05-13,0.15310672028016026,False,True,19.55379175283883,19.670511863961142,-0.11672011112231218,-0.2946888997442948,NEUTRAL
2025-05-15,25065.0,0.0700807406427664,2025-05-14,0.2969431228964791,2025-05-14,-0.0637994958818,2025-05-14,0.8928531678341352,2025-05-14,-0.3145660200036712,2025-05-14,0.7766802346712335,2025-05-14,0.2763652916931905,False,True,16.79672287278801,18.423959032071018,-1.627236159283008,-0.32574418119313425,NEUTRAL
2025-05-16,25012.3,0.22147794096853604,2025-05-15,-0.052505033075614035,2025-05-15,-0.4343880028833223,2025-05-15,-0.3990164141747623,2025-05-15,0.3513513879299467,2025-05-15,-0.5100207722788322,2025-05-15,-0.13718348225234137,False,True,158.2792640358026,19.021929812042462,139.25733422376015,2.6003558745700226,HIGH_VOL_STATE
2025-05-19,24926.95,0.3588563587759189,2025-05-16,0.2165699490920055,2025-05-16,0.020184064376304437,2025-05-16,-0.25555809740177027,2025-05-16,0.12530638568542343,2025-05-16,0.1177776937305073,2025-05-16,0.09718939237639823,False,True,14.045774931812272,18.309097746765822,-4.2633228149535505,-0.4031467252456637,NEUTRAL
2025-05-20,24677.25,0.05346042834651974,2025-05-19,0.020656725851175662,2025-05-19,-0.28833006640203707,2025-05-19,-0.05701875810113938,2025-05-19,0.3499437449843857,2025-05-19,-0.6014008693344521,2025-05-19,-0.0871147991092579,False,True,16.703317535154216,18.080593339314017,-1.377275804159801,-0.3432238035091824,NEUTRAL
2025-05-21,24807.6,-0.19177528601937577,2025-05-20,-0.1483799306528253,2025-05-20,0.05907286652533516,2025-05-20,0.6025530928011905,2025-05-20,0.16941600650797686,2025-05-20,-0.038540606797271185,2025-05-20,0.07539102372750504,False,True,15.839341265740714,18.628168763816024,-2.7888274980753103,-0.3435718966202306,NEUTRAL
2025-05-22,24616.3,-0.7880413095636948,2025-05-21,-0.5531032112682317,2025-05-21,-0.253683984641426,2025-05-21,0.2297433087585489,2025-05-21,0.12456932153805869,2025-05-21,0.6285445655539327,2025-05-21,-0.10199521827046866,False,True,21.664381183807834,18.575739528787047,3.088641655020787,-0.21422074445125283,NEUTRAL
2025-05-23,24836.35,-0.016450464275945813,2025-05-22,0.10150276047025401,2025-05-22,-0.3524779595894863,2025-05-22,-0.5458546983601887,2025-05-22,-0.37315024564422716,2025-05-22,-0.8008156716562167,2025-05-22,-0.3312077131759684,False,True,0.00010000000000000002,18.820640981073534,-18.820540981073535,-0.687753679025873,NEUTRAL
2025-05-26,25004.45,-0.31882165365931525,2025-05-23,-0.3924620210089476,2025-05-23,0.23579710138281065,2025-05-23,0.06130019940232147,2025-05-23,-0.9454774662793504,2025-05-23,-0.022098892842112625,2025-05-23,-0.23029378883409898,False,True,15.954162374172231,18.72944243323603,-2.7752800590637996,-0.32987761949958677,NEUTRAL
2025-05-27,24818.05,-0.31882165365931525,2025-05-23,-0.3924620210089476,2025-05-23,0.4715819190076145,2025-05-26,-0.6067245121673048,2025-05-26,0.8892285792670598,2025-05-26,1.3455110454045132,2025-05-26,0.2313855594739366,False,True,22.7160477253626,18.39355887348992,4.322488851872681,-0.17335931637723276,NEUTRAL
2025-05-28,24775.6,0.9914069604568877,2025-05-27,0.9422878078001488,2025-05-27,0.23497946993447033,2025-05-27,0.17674493929253285,2025-05-27,0.4074373456532799,2025-05-27,-0.18994646896637393,2025-05-27,0.4271516756951576,False,True,24.90555107301643,18.65042307609983,6.255127996916599,-0.13731527676455987,NEUTRAL
2025-05-29,24758.6,-0.2751482878810896,2025-05-28,-0.2230385172283023,2025-05-28,-0.004587399038476188,2025-05-28,-0.2541932118874584,2025-05-28,-0.51458292164155,2025-05-28,0.806424359817432,2025-05-28,-0.07752099630990744,False,True,20.556649234447168,18.706040064102897,1.8506091703442706,-0.2342870567086362,NEUTRAL
2025-05-30,24766.65,0.17984582765303095,2025-05-29,0.11520804577004232,2025-05-29,0.8504674331360583,2025-05-29,0.6078312191119402,2025-05-29,-0.3144433533734663,2025-05-29,1.1988327004917108,2025-05-29,0.4396236454648861,False,True,0.00010000000000000002,18.723849258045515,-18.723749258045515,-0.6791031922856182,NEUTRAL
2025-06-02,24712.75,-0.032575350533964535,2025-05-30,-0.17029442488307953,2025-05-30,-0.5911422928391011,2025-05-30,-0.5409665527803206,2025-05-30,0.11317747001867257,2025-05-30,-0.6528704504178098,2025-05-30,-0.3124452669059338,False,True,16.2231207343765,18.736761170163476,-2.513640435786975,-0.3215835225972809,NEUTRAL
2025-06-03,24568.65,0.18116095045000605,2025-06-02,0.23296735720846698,2025-06-02,-0.6088696690939669,2025-06-02,-0.27798406104627194,2025-06-02,-0.2454487147724359,2025-06-02,-0.047088295021370845,2025-06-02,-0.12754373871259542,False,True,23.885370774512715,18.691515071592512,5.193855702920203,-0.1580058423679065,NEUTRAL
2025-06-04,24629.45,0.24801343714869456,2025-06-03,0.268361576298983,2025-06-03,-0.042616765368158914,2025-06-03,0.6733272314271503,2025-06-03,0.36826746347867945,2025-06-03,-0.047088295021370845,2025-06-02,0.24471077466066293,False,True,18.981671553610997,18.904313169957845,0.07735838365315217,-0.2695507170525753,NEUTRAL
2025-06-05,24742.8,-0.03423546239370896,2025-06-04,0.07125152532521108,2025-06-04,0.3550781376923503,2025-06-04,0.24031620246065954,2025-06-04,0.4368672846448897,2025-06-04,1.7182735171119052,2025-06-04,0.4645918674735512,False,True,14.76413891204364,18.780104190848196,-4.015965278804556,-0.3565522301244384,NEUTRAL
2025-06-06,24999.6,-0.3252110274469999,2025-06-05,-0.4229316255273195,2025-06-05,-0.24483318916187077,2025-06-05,0.4730406404354862,2025-06-05,0.05731001915650154,2025-06-05,0.887613136828032,2025-06-05,0.07083132571397159,False,True,17.909879642718185,18.281389574896934,-0.37150993217874984,-0.2738352155301313,NEUTRAL
2025-06-09,25098.7,0.45197571312559365,2025-06-06,0.40575792343901224,2025-06-06,0.20483610928642895,2025-06-06,-0.2179714078281547,2025-06-06,-0.1336699162343892,2025-06-06,0.887613136828032,2025-06-05,0.2664235931027538,False,True,12.97671699492819,12.325578543050531,0.6511384518776584,-0.24902013473170684,NEUTRAL
2025-06-10,25102.5,-0.021398755940938482,2025-06-09,0.04684819610550811,2025-06-09,0.3975755795733215,2025-06-09,0.7592768605338822,2025-06-09,-0.4373735369913173,2025-06-09,0.9056728094475822,2025-06-09,0.2751001921213397,False,True,14.742671502178295,11.126564745984847,3.6161067561934477,-0.16641912167277478,NEUTRAL
2025-06-11,25144.6,0.19547840598758812,2025-06-10,0.16140600888430431,2025-06-10,0.11123753232294571,2025-06-10,-0.05965779699707192,2025-06-10,-0.5687707218790292,2025-06-10,0.24338558435660038,2025-06-10,0.01384650211255623,False,True,11.97357273226608,11.091557275205982,0.8820154570600973,-0.2268398999816527,NEUTRAL
2025-06-12,24906.9,-0.20655173917659816,2025-06-11,-0.2903247206062597,2025-06-11,0.21317025323981306,2025-06-11,0.36797020902129196,2025-06-11,-0.1752898167580049,2025-06-11,0.6573110671057587,2025-06-11,0.09438087547100016,False,True,14.201823909627215,9.47083971346488,4.730984196162336,-0.14220754376789668,NEUTRAL
2025-06-13,24664.25,0.1340110698741812,2025-06-12,0.01969465031098754,2025-06-12,-0.3406495196847433,2025-06-12,-0.666802888112806,2025-06-12,-0.5288051045736564,2025-06-12,0.1522757742994572,2025-06-12,-0.20504600298109663,False,True,133.05435065397032,10.169053909107191,122.88529674486313,2.422701986417989,HIGH_VOL_STATE
2025-06-16,24944.15,-0.6465747167919058,2025-06-13,-0.6290186664783852,2025-06-13,-0.4412892498886904,2025-06-13,-0.3045439872296866,2025-06-13,-0.7266880262942074,2025-06-13,-0.7141901601934021,2025-06-13,-0.5770508011460462,False,True,14.178671848022455,10.406154403442008,3.7725174445804477,-0.19639090002851067,NEUTRAL
2025-06-17,24852.3,0.42347943817116035,2025-06-16,0.552985945320383,2025-06-16,0.5596611920962344,2025-06-16,0.3191717268188903,2025-06-16,0.4859112263034784,2025-06-16,1.033120706232911,2025-06-16,0.5623883724905095,False,True,14.774972213081783,10.221394410805923,4.553577802275861,-0.18529360957683408,NEUTRAL
2025-06-18,24815.2,-0.4866597348286057,2025-06-17,-0.4621125928764606,2025-06-17,0.2501763029802197,2025-06-17,-0.16464336970440258,2025-06-17,-0.7426088389857913,2025-06-17,-0.05859496147418665,2025-06-17,-0.27740719914820455,False,True,14.789835867158136,10.169879918202989,4.6199559489551465,-0.18419683381000154,NEUTRAL
2025-06-19,24810.55,-0.07091174327213051,2025-06-18,-0.02257300541120246,2025-06-18,0.38863534556574164,2025-06-18,-0.5159994637167956,2025-06-18,-0.3480931276138622,2025-06-18,0.3434287501962702,2025-06-18,-0.037585540708663163,False,True,15.102153492319653,9.688536933444482,5.413616558875171,-0.16868105681087556,NEUTRAL
2025-06-20,25046.5,-0.07091174327213051,2025-06-18,-0.02257300541120246,2025-06-18,-0.502723295199481,2025-06-19,-0.9140489283841404,2025-06-19,-0.7449081313199976,2025-06-19,-0.019382533227948,2025-06-19,-0.37909127280248334,False,True,74.8335333548179,8.986099219393294,65.8474341354246,1.0857487787570543,HIGH_VOL_STATE
2025-06-23,24987.8,-0.15129101395723568,2025-06-20,-0.27058808494458647,2025-06-20,-0.1295266052321578,2025-06-20,0.6143111706217932,2025-06-20,0.795929237861644,2025-06-20,0.8245381062302913,2025-06-20,0.28056213509662475,False,True,11.984225090628101,9.942199982957225,2.0420251076708755,-0.23271853696449377,NEUTRAL
2025-06-24,25032.95,0.451881713925622,2025-06-23,0.33578309062306877,2025-06-23,-0.08172533786001364,2025-06-23,0.3134821875280474,2025-06-23,-0.24182259687056928,2025-06-23,-0.31004341636564264,2025-06-23,0.07792594016341876,False,True,14.927985439049207,9.811250027594433,5.1167354114547745,-0.1696357392846442,NEUTRAL
2025-06-25,25236.35,0.5121861619903066,2025-06-24,0.521229345441446,2025-06-24,0.5039637592896098,2025-06-24,0.9719952058282416,2025-06-24,0.9997941343254986,2025-06-24,1.7617909908134228,2025-06-24,0.878493266281421,False,True,14.070627824222171,9.767977737874219,4.302650086347953,-0.1876377529115238,NEUTRAL
2025-06-26,25543.85,-0.06718270791343649,2025-06-25,0.03818717484049569,2025-06-25,0.14822092557313665,2025-06-25,0.5462429251590329,2025-06-25,-0.4383645577321449,2025-06-25,-0.09442271571284667,2025-06-25,0.022113507369039536,False,True,11.910001590578895,10.092982015417515,1.81701957516138,-0.2403934195111744,NEUTRAL
2025-06-27,25630.05,0.3276970433530007,2025-06-26,0.29817660979734834,2025-06-26,0.71186796527086,2025-06-26,-0.3330186104905111,2025-06-26,0.35478243505433854,2025-06-26,-0.7648589907829493,2025-06-26,0.09910774203368122,False,True,15.522880117720206,10.727990399759543,4.794889717960663,-0.17740414005361232,NEUTRAL
2025-06-30,25504.9,0.1814694185232608,2025-06-27,0.10104358900643919,2025-06-27,0.5834780694257846,2025-06-27,-0.11604487958230768,2025-06-27,0.9665772268157812,2025-06-27,-0.6739108919835569,2025-06-27,0.17376875536756686,False,True,10.25511866136867,10.678950524552885,-0.4238318631842155,-0.26204400108868126,NEUTRAL
2025-07-01,25536.0,0.17740401522630905,2025-06-30,0.08310725862621175,2025-06-30,0.2912472268142359,2025-06-30,-0.4533651966802992,2025-06-30,-0.4074925248587018,2025-06-30,0.13371816470026077,2025-06-30,-0.02923017602866392,False,True,13.368668625668118,10.434814768178894,2.9338538574892237,-0.18942780855337837,NEUTRAL
2025-07-02,25432.2,-0.14404556416621986,2025-07-01,-0.4589707110108487,2025-07-01,-0.6927427004878042,2025-07-01,-0.4533651966802992,2025-06-30,-0.7146596646771318,2025-07-01,0.14602586304891332,2025-07-01,-0.3862929956622317,False,True,11.759722837948125,10.433232619588898,1.3264902183592273,-0.22396957089693242,NEUTRAL
2025-07-03,25410.6,0.1240144968712633,2025-07-02,0.26179891516146664,2025-07-02,-0.3901326156416594,2025-07-02,0.2514689130274042,2025-07-02,0.22489580835541853,2025-07-02,-0.5564622158529895,2025-07-02,-0.014069449679849374,False,True,12.06757045801675,10.527168361836889,1.5404020961798608,-0.21866140129630168,NEUTRAL
2025-07-04,25453.25,0.2921129153471222,2025-07-03,0.2642507025933786,2025-07-03,-0.1136825499616461,2025-07-03,-0.3420598027808437,2025-07-03,0.26682716641892473,2025-07-03,0.6691579396441013,2025-07-03,0.17276772854350617,False,True,16.600704411419997,10.038510450532122,6.562193960887875,-0.11302273443788924,NEUTRAL
2025-07-07,25442.4,0.2921129153471222,2025-07-03,0.2642507025933786,2025-07-03,-0.20532944832490424,2025-07-04,-0.3435503382517647,2025-07-04,-0.7685744789982913,2025-07-04,-1.612300095527811,2025-07-04,-0.3955651238603784,False,True,10.489817356418762,9.980503852978542,0.5093135034402199,-0.2473394730181447,NEUTRAL
2025-07-08,25483.55,-0.7067800228408881,2025-07-07,-0.6719284985033391,2025-07-07,-0.553572266033819,2025-07-07,-0.10348146902349387,2025-07-07,0.7801275476668147,2025-07-07,-0.1326685228074294,2025-07-07,-0.23138387192369245,False,True,12.625265919800194,9.980814129205235,2.6444517905949585,-0.19095118867239447,NEUTRAL
2025-07-09,25462.8,-0.28103517242446224,2025-07-08,-0.2307786996229108,2025-07-08,-0.08351333198779297,2025-07-08,0.665198370624548,2025-07-08,0.18808563443809126,2025-07-08,1.0546283822155842,2025-07-08,0.21876419720717624,False,True,11.659827395733998,9.99577216684949,1.664055228884509,-0.20669319511343517,NEUTRAL
2025-07-10,25366.05,0.3455888551068327,2025-07-09,0.4635662887047989,2025-07-09,0.10364323451407798,2025-07-09,-1.1864514838618259,2025-07-09,1.1696088792573456,2025-07-09,0.08765157643387401,2025-07-09,0.16393455835918389,False,True,11.305471160731814,9.154392170047577,2.151078990684237,-0.19807229475739568,NEUTRAL
2025-07-11,25166.35,-0.019197299016785515,2025-07-10,-0.23806302181162312,2025-07-10,-0.8303684315314582,2025-07-10,0.24676715578043043,2025-07-10,-0.7139250051423573,2025-07-10,0.8352790987326104,2025-07-10,-0.11991791716486389,False,True,66.82736373693714,8.927396787061816,57.89996694987533,1.0104544434583842,HIGH_VOL_STATE
2025-07-14,25107.05,-0.6168011106485288,2025-07-11,-0.4695512196929923,2025-07-11,-0.5206221613819723,2025-07-11,0.18017930804904375,2025-07-11,-1.1846506047157805,2025-07-11,-0.6909487483648838,2025-07-11,-0.5503990894591857,False,True,9.499437397629901,9.019000061920117,0.48043733570978375,-0.2569784023066047,NEUTRAL
2025-07-15,25161.3,-0.1119519466882276,2025-07-14,-0.06287227714058644,2025-07-14,-0.598951641594403,2025-07-14,0.016207670772897868,2025-07-14,-0.6724842529681725,2025-07-14,0.3846605836054717,2025-07-14,-0.1742319773355033,False,True,10.90899119185374,8.959059301271974,1.949931890581766,-0.22708422091636413,NEUTRAL
2025-07-16,25229.0,-0.6714920148019083,2025-07-15,-0.13612281153162936,2025-07-15,0.34646351590394464,2025-07-15,1.2588544702367752,2025-07-15,-0.6852903638342114,2025-07-15,-0.034754795982836935,2025-07-15,0.01294299999835565,False,True,9.737110095432689,9.033233273455057,0.7038768219776319,-0.2636401349184021,NEUTRAL
2025-07-17,25117.55,0.0372328486877876,2025-07-16,-0.12945138291320107,2025-07-16,-0.32998936742531354,2025-07-16,-0.47178978951651085,2025-07-16,-0.46514522299664324,2025-07-16,-1.369871638561265,2025-07-16,-0.4548357587875243,False,True,9.331381377266185,9.01328376286132,0.3180976144048646,-0.27593622118155064,NEUTRAL
2025-07-18,24971.85,0.27203231762885227,2025-07-17,0.29694254581818647,2025-07-17,0.44477660475517716,2025-07-17,-0.3104142149082963,2025-07-17,1.4178348329337418,2025-07-17,-0.2680499105933883,2025-07-17,0.30885369593904555,False,True,0.00010000000000000002,7.900083985062066,-7.899983985062066,-0.4579440001376042,NEUTRAL
2025-07-21,25050.85,-0.4079957123244762,2025-07-18,-0.3874665238331785,2025-07-18,-0.5645482322248773,2025-07-18,1.0298540598940733,2025-07-18,-0.6006089794266833,2025-07-18,-0.5838033790078658,2025-07-18,-0.2524281278205013,False,True,10.319751450144999,7.910271069430164,2.409480380714835,-0.23440133382727227,NEUTRAL
2025-07-22,25062.65,-0.19369629344362402,2025-07-21,-0.04268070859498495,2025-07-21,-0.5645482322248773,2025-07-18,0.4064550504978206,2025-07-21,-0.10377836399691655,2025-07-21,0.3004247200730629,2025-07-21,-0.032970637948253216,False,True,9.675767549982861,8.044940127494131,1.6308274224887302,-0.2425995115153685,NEUTRAL
2025-07-23,25213.4,-0.2639403291326269,2025-07-22,-0.7746084981625533,2025-07-22,-0.4480463503651336,2025-07-22,0.3175829851691102,2025-07-22,-1.4674658088941388,2025-07-22,-1.7547423339851347,2025-07-22,-0.7318700558950796,False,True,9.198546061078053,7.457473894715654,1.7410721663623994,-0.24371107752581667,NEUTRAL
2025-07-24,25049.45,0.7324554378368385,2025-07-23,0.2905285053644947,2025-07-23,4.152238632228497,2025-07-23,1.3420612453162581,2025-07-23,0.8058996776312758,2025-07-23,0.02618566189143619,2025-07-23,1.2248948600448,False,True,9.36261466291607,6.330577443404435,3.0320372195116345,-0.21951023161544192,NEUTRAL
2025-07-25,24833.7,-0.22491508434909527,2025-07-24,-0.14897564951889153,2025-07-24,1.4674622908895396,2025-07-24,0.2377359033540108,2025-07-24,0.10846686030453162,2025-07-24,-0.18504689555834414,2025-07-24,0.2091212375202918,False,True,0.00010000000000000002,6.428809817506566,-6.428709817506566,-0.4314635224664233,NEUTRAL
2025-07-28,24701.95,0.21517774514763896,2025-07-25,-0.09203118468211192,2025-07-25,-1.2962124209078345,2025-07-25,-1.286061288514603,2025-07-25,-0.5255827872120901,2025-07-25,-0.2261815101426606,2025-07-25,-0.5351485743852769,False,True,9.355878363562459,6.925595946469711,2.430282417092748,-0.1965358956810918,NEUTRAL
2025-07-29,24794.35,-0.2914281755716707,2025-07-28,0.012576274276001546,2025-07-28,-1.4991571596168956,2025-07-28,0.4136510316213086,2025-07-28,-1.3741729510055036,2025-07-28,0.03814413619878471,2025-07-28,-0.45006447401632915,False,True,11.527790272470478,7.078619031157032,4.449171241313445,-0.15305275523061349,NEUTRAL
2025-07-30,24853.75,-0.7101188740251377,2025-07-29,-0.7496656841248465,2025-07-29,-1.0996188583144226,2025-07-29,-0.36996937562552645,2025-07-29,1.2233302971984439,2025-07-29,0.27272242340944197,2025-07-29,-0.23888667858034118,False,True,10.748298146434307,7.544689114569579,3.203609031864728,-0.188634714015894,NEUTRAL
2025-07-31,24851.9,-0.45864884479436074,2025-07-30,-0.15799905633465214,2025-07-30,-0.2567220234478293,2025-07-30,-1.5036022230045913,2025-07-30,0.14048854875383301,2025-07-30,0.358561654636381,2025-07-30,-0.3129869906985366,False,True,11.309248228902483,7.602837206989443,3.7064110219130395,-0.18209334043093242,NEUTRAL
2025-08-01,24610.75,-0.7691053167041562,2025-07-31,-0.3343351904502246,2025-07-31,0.9345370042481368,2025-07-31,-1.6732473757605657,2025-07-31,-1.1088262982953483,2025-07-31,-0.7042843916379256,2025-07-31,-0.6092102614333472,False,True,61.15437743511423,7.535325386257302,53.61905204885693,1.0053131783505096,HIGH_VOL_STATE
2025-08-04,24726.35,-2.480567919866621,2025-08-01,-2.764389179209061,2025-08-01,-0.9220931653507741,2025-08-01,-1.1220538651362324,2025-08-01,-3.365022479032731,2025-08-01,-4.388770765520634,2025-08-01,-2.507149562352675,False,True,11.710704637061717,7.898092688230871,3.8126119488308463,-0.16039266417401837,NEUTRAL
2025-08-05,24611.95,1.725621932725392,2025-08-04,1.7660647806325527,2025-08-04,-1.535072749971298,2025-08-04,0.7192792254866308,2025-08-04,1.6208721304873404,2025-08-04,0.5183023217309678,2025-08-04,0.8025112735152643,False,True,12.644480547544301,8.324605232525029,4.319875315019273,-0.1417184818407883,NEUTRAL
2025-08-06,24570.35,-0.8913973268140917,2025-08-05,-0.9587243098766014,2025-08-05,0.5618587616567688,2025-08-05,0.4943966745581604,2025-08-05,0.39720900967659845,2025-08-05,1.11893726422479,2025-08-05,0.12038001223760404,False,True,12.102772457522029,8.338013164821326,3.7647592927007025,-0.16289026850757876,NEUTRAL
2025-08-07,24537.15,0.7112537091520049,2025-08-06,0.9622853306214102,2025-08-06,0.5154427379862929,2025-08-06,-0.06319989737276716,2025-08-06,0.34686521590139424,2025-08-06,-0.319390459555268,2025-08-06,0.3588761061221779,False,True,14.638514469710639,8.274803344490891,6.363711125219748,-0.06842944260468771,NEUTRAL
2025-08-08,24406.8,-0.35359616053981496,2025-08-07,0.06466591898057439,2025-08-07,0.5853340000686857,2025-08-07,0.5499307333661559,2025-08-07,1.2211872805292234,2025-08-07,0.5099552368863761,2025-08-07,0.42957950154853347,False,True,58.55755304564343,7.931702073038665,50.625850972604766,1.579816448062915,HIGH_VOL_STATE
2025-08-11,24578.45,0.9716809219713018,2025-08-08,0.910695867916173,2025-08-08,1.8905348829506525,2025-08-08,-1.0188772462835258,2025-08-08,-0.17928828793370513,2025-08-08,-0.8034016945083422,2025-08-08,0.295224074018759,False,True,10.520633454207582,8.479941155841615,2.0406922983659666,-0.22581150399765307,NEUTRAL
2025-08-12,24501.1,-0.5884062959929565,2025-08-11,-0.6163414055801782,2025-08-11,1.8905348829506525,2025-08-08,0.09367760855090615,2025-08-11,-0.41072664633874123,2025-08-11,-0.3826914542031991,2025-08-11,-0.0023255517689194003,False,True,11.127037775391846,9.07904947676469,2.047988298627157,-0.23083426149920747,NEUTRAL
2025-08-13,24645.1,1.5095168384349533,2025-08-12,1.4604874212961485,2025-08-12,2.1240872411310696,2025-08-12,0.14379921671137363,2025-08-12,-0.2782244161003813,2025-08-12,-0.7720040818109425,2025-08-12,0.6979437032770369,False,True,10.768069804545217,9.098024533023827,1.6700452715213903,-0.25149768518056864,NEUTRAL
2025-08-14,24647.45,0.2636585720950841,2025-08-13,-0.08371542586247047,2025-08-13,1.1350394925488827,2025-08-13,2.5322192336006526,2025-08-13,0.7453654619872879,2025-08-13,0.6632615514248695,2025-08-13,0.8759714809657178,False,True,11.36247778920399,9.378097514096893,1.984380275107096,-0.24051226099826462,NEUTRAL
2025-08-18,24917.45,-0.6364297022119879,2025-08-15,-0.7335777849856454,2025-08-15,1.5073242461778158,2025-08-15,-1.0878634369661608,2025-08-15,-0.116371888081623,2025-08-15,-0.28795494306074493,2025-08-14,-0.22581225152139103,False,True,0.00010000000000000002,9.215768687173522,-9.215668687173522,-0.7670838207748173,LOW_VOL_STATE
2025-08-19,24972.95,-0.22294200541898773,2025-08-18,-0.21036286092847956,2025-08-18,0.5168753053161642,2025-08-18,-0.4902244524007714,2025-08-18,-0.27086696862780957,2025-08-18,-1.6615567744935453,2025-08-18,-0.38984629275890487,False,True,11.887325681885553,9.813254938196883,2.0740707436886705,-0.2447937447670206,NEUTRAL
2025-08-20,25072.3,-1.193188936531311,2025-08-19,-2.091771005120051,2025-08-19,-0.6726407486863258,2025-08-19,-0.3253502115846461,2025-08-19,0.4965873774250505,2025-08-19,-0.9903356205120362,2025-08-19,-0.7961165241682199,False,True,10.210858557535058,9.94845919621003,0.26239936132502883,-0.3350861801103592,NEUTRAL
2025-08-21,25103.3,-0.6282795392232516,2025-08-20,-1.040061562925406,2025-08-20,-1.7858360752597435,2025-08-20,0.04013823899964848,2025-08-20,-0.7278550908183796,2025-08-20,-0.8905565713374224,2025-08-20,-0.8387417667607592,False,True,10.132031359335713,9.705191419529385,0.42683993980632806,-0.32380365368372355,NEUTRAL
2025-08-22,24893.3,-0.8962326359148963,2025-08-21,-0.6641556526948591,2025-08-21,-0.8612621958817576,2025-08-21,-0.3760507674879091,2025-08-21,0.05631840919384207,2025-08-21,0.04452538727844768,2025-08-21,-0.449476242584522,False,True,0.00010000000000000002,9.447074312992905,-9.446974312992905,-0.7874324797956609,LOW_VOL_STATE
2025-08-25,24991.15,2.390461620650472,2025-08-22,2.213416964366387,2025-08-22,-0.15052446840159742,2025-08-22,0.8148611855688984,2025-08-22,0.3078298499854824,2025-08-22,0.5038283540501496,2025-08-22,1.0133122510366321,False,True,9.201281960748783,9.386173095084205,-0.18489113433542137,-0.3374338504578907,NEUTRAL
2025-08-26,24758.45,-0.9683775517702141,2025-08-25,-0.5239815918050315,2025-08-25,0.19551866456979242,2025-08-25,1.854469971230294,2025-08-25,-0.4734144326428108,2025-08-25,0.8783911656687682,2025-08-25,0.16043437087513304,False,True,8.688346226219155,9.149445045414806,-0.46109881919565154,-0.3693871507490244,NEUTRAL
2025-08-28,24522.4,0.14436670718632771,2025-08-27,0.012563626244834994,2025-08-27,0.10859364823948446,2025-08-27,-1.4339277025251238,2025-08-27,-0.53512497807787,2025-08-27,-0.018678896244498096,2025-08-27,-0.28703459919614077,False,True,9.691933679157069,9.736155607280413,-0.0442219281233438,-0.351345148929488,NEUTRAL
2025-08-29,24487.6,0.27532762546270534,2025-08-28,0.4227558101857492,2025-08-28,0.5230833208005122,2025-08-28,-0.9257803549936939,2025-08-28,-0.016412249894022738,2025-08-28,0.0028057381195479665,2025-08-28,0.04696331494679968,False,True,14.950255005340535,10.17026105458009,4.779993950760446,-0.1163586516529106,NEUTRAL
2025-09-01,24632.7,-1.2952543032630919,2025-08-29,-1.6847861869495833,2025-08-29,-0.49801456970558805,2025-08-29,0.2169457138156294,2025-08-29,-0.6666229573217479,2025-08-29,-0.5529682432275547,2025-08-29,-0.7467834244419894,False,True,8.256663014405008,10.154010038303692,-1.8973470238986838,-0.43950614489983036,NEUTRAL
2025-09-02,24575.15,-1.2952543032630919,2025-08-29,-1.6847861869495833,2025-08-29,-1.4873829958597822,2025-09-01,2.0732648119299912,2025-09-01,0.7034880642167642,2025-09-01,-1.4973590505280696,2025-09-01,-0.5313382767422952,False,True,9.364074549967699,10.208036577466531,-0.8439620274988329,-0.39115372997690584,NEUTRAL
2025-09-03,24680.05,-1.3458212262275338,2025-09-02,-1.211235989446102,2025-09-02,0.09054212053259984,2025-09-02,-0.583026274924135,2025-09-02,-2.72048330933818,2025-09-02,0.6967891814976677,2025-09-02,-0.8455392496509472,False,True,0.00010000000000000002,9.938405284227317,-9.938305284227317,-0.8258974867072504,LOW_VOL_STATE
2025-09-04,24743.15,0.6153543464403955,2025-09-03,1.0551691118827962,2025-09-03,-1.0862647266480543,2025-09-03,-0.6849033966297666,2025-09-03,0.5530228993945128,2025-09-03,0.1885291615399301,2025-09-03,0.10681789932996892,False,True,8.829849854713187,10.096931359294976,-1.267081504581789,-0.40057115699067963,NEUTRAL
2025-09-05,24746.05,1.1732955698785805,2025-09-04,1.0036948869069875,2025-09-04,1.3730308081377447,2025-09-04,-1.1887938261582343,2025-09-04,0.8633025553470655,2025-09-04,0.3190599281818881,2025-09-04,0.5905983203823387,False,True,8.539221423246476,10.022261472928964,-1.4830400496824883,-0.4065272572322858,NEUTRAL
2025-09-08,24810.2,-0.7336522734493001,2025-09-05,-0.2546533043654007,2025-09-05,0.8369667085847396,2025-09-05,1.3507634213212782,2025-09-05,-0.8271126002290169,2025-09-05,-0.030480853020761846,2025-09-05,0.05697184980692307,False,True,7.87856254709198,10.02019496593047,-2.1416324188384896,-0.43568922324175796,NEUTRAL
2025-09-09,24861.1,0.14766216515455824,2025-09-08,0.3554398209434996,2025-09-08,1.242644612204295,2025-09-08,0.7350390162365135,2025-09-08,1.000866148949895,2025-09-08,0.2770559487323793,2025-09-08,0.62645128537019,False,True,11.631579930463243,9.287124767958352,2.3444551625048913,-0.21667489306212684,NEUTRAL
2025-09-10,24939.55,0.23000538426086173,2025-09-09,0.23593024533144702,2025-09-09,-0.638425007333971,2025-09-09,1.0411185983694746,2025-09-09,-0.4352375799233225,2025-09-09,1.0316428306123744,2025-09-09,0.24417241188614403,False,True,60.78156507259707,8.822859544279869,51.958705528317196,3.2307712432337117,HIGH_VOL_STATE
2025-09-11,25012.5,0.28158591959683865,2025-09-10,-0.18659679515820451,2025-09-10,0.6259980529665495,2025-09-10,0.8554514927888413,2025-09-10,-0.44113286606047103,2025-09-10,1.4551915066536403,2025-09-10,0.4317495517978657,False,True,8.99980313494082,8.729182197386582,0.2706209375542379,-0.3442889352253654,NEUTRAL
2025-09-12,25102.45,1.1850173408446103,2025-09-11,0.6518273673209077,2025-09-11,0.9824580135274599,2025-09-11,-0.5689109390379073,2025-09-11,0.3138956219197012,2025-09-11,0.6643687453114497,2025-09-11,0.5381093583143702,False,True,8.137430429512241,8.570128703661092,-0.4326982741488514,-0.3839709089147335,NEUTRAL
2025-09-15,25083.2,-0.33449752370589786,2025-09-12,0.32945960685847464,2025-09-12,0.6416500742098287,2025-09-12,0.9708358603111442,2025-09-12,-0.08502559681255827,2025-09-12,1.271442995710819,2025-09-12,0.46564423609530176,False,True,7.018113974949686,8.662644081311226,-1.6445301063615405,-0.45481572528483605,NEUTRAL
2025-09-16,25205.75,0.5387114428647669,2025-09-15,0.9549614235276062,2025-09-15,0.6416500742098287,2025-09-12,0.004432533860531839,2025-09-15,0.22062676337427484,2025-09-15,0.11481849463197362,2025-09-15,0.412533455411497,False,True,10.055437526391383,7.997151374155761,2.058286152235622,-0.21286368988492327,NEUTRAL
2025-09-17,25325.7,-0.5194347381509765,2025-09-16,-0.38263003702675746,2025-09-16,0.058663287510417,2025-09-16,-0.23459817931065338,2025-09-16,-2.1449468292456033,2025-09-16,0.9869156180377643,2025-09-16,-0.37267181303096825,False,True,0.00010000000000000002,8.221744927283051,-8.221644927283052,-0.9178343101957027,LOW_VOL_STATE
2025-09-18,25395.25,-0.4674724296456303,2025-09-17,-0.7357849150771549,2025-09-17,-0.5106559486708778,2025-09-17,1.6233384026937052,2025-09-17,0.17340175248310696,2025-09-17,-1.212043640070227,2025-09-17,-0.18820279638117965,False,True,8.42829458673954,8.25807040608519,0.1702241806543494,-0.2915419332129313,NEUTRAL
2025-09-19,25350.8,0.575238319001801,2025-09-18,0.9613739093211359,2025-09-18,0.8824646050255759,2025-09-18,-1.580710378898278,2025-09-18,1.6068013088393744,2025-09-18,1.2314641335071654,2025-09-18,0.6127719827994625,False,True,7.180987023391292,8.331592297287289,-1.150605273895997,-0.38096880546768,NEUTRAL
2025-09-22,25197.1,0.6246564456732746,2025-09-19,0.6847171122112166,2025-09-19,-0.8459546396858515,2025-09-19,-0.1419546619678571,2025-09-19,-0.179155895278724,2025-09-19,-0.6363521679227789,2025-09-19,-0.08234063449512007,False,True,6.228895832085876,7.756295323136969,-1.527399491051093,-0.40117579228272676,NEUTRAL
2025-09-23,25182.45,0.5225934912897205,2025-09-22,0.6470402237691794,2025-09-22,0.7352734010503552,2025-09-22,-0.9299006168636913,2025-09-22,-0.5425184129799442,2025-09-22,0.48121752622851965,2025-09-22,0.1522842687490232,False,True,9.737270518087977,7.951242839850711,1.7860276782372653,-0.15746791959794215,NEUTRAL
2025-09-24,25042.7,-1.266218444031336,2025-09-23,-1.546185654399579,2025-09-23,0.7352734010503552,2025-09-22,-0.8583373437543571,2025-09-23,0.4591639798355478,2025-09-23,0.28744878673360624,2025-09-23,-0.36480921242762715,False,True,0.00010000000000000002,6.85025959115276,-6.85015959115276,-0.7772385557730975,LOW_VOL_STATE
2025-09-25,24924.3,-0.7434700793486076,2025-09-24,-0.681541142531641,2025-09-24,0.03550302812887615,2025-09-24,1.2571713138830878,2025-09-24,0.28678320901692045,2025-09-24,-0.6152733891635209,2025-09-24,-0.07680451000248086,False,True,8.393930950487427,6.186596154194817,2.20733479629261,-0.115186978876452,NEUTRAL
2025-09-29,24683.3,0.8630740266672718,2025-09-26,0.3578485157215584,2025-09-26,-1.1171912522212206,2025-09-26,-1.5322029100857992,2025-09-26,1.0905017049956256,2025-09-26,-2.644473023966606,2025-09-26,-0.49707382314819504,False,True,9.215423659606262,7.199475023221713,2.0159486363845494,-0.1287147762367972,NEUTRAL
2025-09-30,24631.7,0.2748368597867031,2025-09-29,0.41490025964245697,2025-09-29,-0.8907112056664842,2025-09-29,1.7416456260919824,2025-09-29,0.028578620161035986,2025-09-29,1.1324031935190506,2025-09-29,0.45027555892245746,False,True,10.721794573319176,7.164103874907416,3.5576906984117604,-0.01846084106133148,NEUTRAL
2025-10-01,24835.9,0.5590147310038128,2025-09-30,0.19998143977928284,2025-09-30,-0.4604685945506561,2025-09-30,0.672055928322377,2025-09-30,0.7304612921191284,2025-09-30,-0.38295119041764175,2025-09-30,0.2196822677093839,False,True,37.53045362434486,6.864878132914579,30.66557549143028,1.9345502193315791,HIGH_VOL_STATE
2025-10-03,24891.15,-0.11969441737150611,2025-10-02,0.2844620297129846,2025-10-02,0.6840349709411935,2025-10-02,1.3954224141959641,2025-10-02,1.639034776173457,2025-10-02,2.5060989136990877,2025-10-02,1.06489311455853,False,True,7.440134895800954,7.664618645876876,-0.22448375007592247,-0.31355003295062855,NEUTRAL
2025-10-06,25084.7,-0.20631447583967183,2025-10-03,-0.6261331366185026,2025-10-03,1.6678801153751859,2025-10-03,-0.7447480775529342,2025-10-03,-0.2212225759814534,2025-10-03,2.5060989136990877,2025-10-02,0.39592679384695195,False,True,6.249824814547396,7.702952586477337,-1.4531277719299407,-0.39569894452736903,NEUTRAL
2025-10-07,25137.9,0.46718571539814163,2025-10-06,0.7445399210868564,2025-10-06,4.486123736752158,2025-10-06,-0.8594597242534978,2025-10-06,-0.01707020040130589,2025-10-06,2.5060989136990877,2025-10-02,1.2212363937135735,False,True,8.534917079708123,8.115114697700115,0.4198023820080081,-0.2611456719912065,NEUTRAL
2025-10-08,25059.7,-0.9437378646010149,2025-10-07,-1.1728524486419398,2025-10-07,-0.2664509705597339,2025-10-07,-0.8594597242534978,2025-10-06,0.015606299512753025,2025-10-07,2.5060989136990877,2025-10-02,-0.12013263247405763,False,True,26.838809380782923,8.026068554245875,18.81274082653705,1.022183913907631,HIGH_VOL_STATE
2025-10-09,25169.05,0.8642563499571841,2025-10-08,1.2955342428349663,2025-10-08,-0.660366683315653,2025-10-08,-0.6439292554466907,2025-10-08,1.0466838591174064,2025-10-08,2.5060989136990877,2025-10-02,0.7347129044743834,False,True,7.937060267933541,7.965035011251613,-0.02797474331807237,-0.2775998174307872,NEUTRAL
2025-10-13,25250.3,-5.237353311861708,2025-10-10,-5.0188603555679165,2025-10-10,-1.1590530268898078,2025-10-10,-1.834207832207148,2025-10-10,-1.933414397935607,2025-10-10,1.43427465114631,2025-10-10,-2.2914357122193127,False,True,7.123251954976614,8.185152440188224,-1.06190048521161,-0.3585249364594419,NEUTRAL
2025-10-14,25177.1,2.2935794210109552,2025-10-13,2.3770795839911036,2025-10-13,-1.1590530268898078,2025-10-10,-1.5704899640238348,2025-10-13,0.7458334632515298,2025-10-13,-0.8835501560483968,2025-10-13,0.3005665535485915,False,True,10.485860016287116,8.064907530877939,2.4209524854091775,-0.07946546894507216,NEUTRAL
2025-10-15,25314.85,-0.36998358475868,2025-10-14,-0.9774272637302671,2025-10-14,-2.4632807936263146,2025-10-14,-1.709812367561453,2025-10-14,-0.7714531420383012,2025-10-14,-0.7897995674072201,2025-10-14,-1.1802927865203727,False,True,0.00010000000000000002,8.133707514300273,-8.133607514300273,-0.9146665578637794,LOW_VOL_STATE
2025-10-16,25621.85,0.4611992525468355,2025-10-15,0.5752350799001484,2025-10-15,1.1884371962101137,2025-10-15,1.6607641777128332,2025-10-15,-0.30543441494943857,2025-10-15,2.3372076378084787,2025-10-15,0.9862348215381619,False,True,,,,,
2025-10-17,25725.95,-1.06553197777638,2025-10-16,-0.6599987878348249,2025-10-16,0.7595980091701424,2025-10-16,-0.1369789119250751,2025-10-16,0.4713878429942331,2025-10-16,2.0341941282056704,2025-10-16,0.23377838380562763,False,True,,,,,
2025-10-20,25821.65,0.6694348620696479,2025-10-17,0.4267427965816851,2025-10-17,-1.3997771312223513,2025-10-17,-2.2972012604065783,2025-10-17,-2.274929343224753,2025-10-17,-0.23057878929432937,2025-10-17,-0.8510514775827797,False,True,,,,,
2025-10-21,25868.6,1.446833154761557,2025-10-20,1.3286962016226416,2025-10-20,2.3924109316885818,2025-10-20,2.154418098656238,2025-10-20,2.1842560278768923,2025-10-20,1.2941805995904965,2025-10-20,1.8001325023660677,False,True,9.600114960897828,8.94594342862256,0.654171532275269,-0.20870703356687506,NEUTRAL
2025-10-23,25954.2,-0.8996512491038429,2025-10-22,-1.1260373885143922,2025-10-22,-0.2559004106836128,2025-10-22,-0.8514788565848547,2025-10-22,-0.8834886202524291,2025-10-22,1.0945563104150475,2025-10-22,-0.4870000357873474,False,True,9.067113637408934,8.644788190451951,0.4223254469569824,-0.2395652827866018,NEUTRAL
2025-10-24,25745.45,0.7128943636432759,2025-10-23,0.7909362618459447,2025-10-23,-1.293026132071497,2025-10-23,0.5996897997544155,2025-10-23,0.28074895574697245,2025-10-23,-1.1540729303763375,2025-10-23,-0.010471613576204334,False,True,9.794236870933437,8.58596562261666,1.2082712483167768,-0.17486576910820423,NEUTRAL
2025-10-27,25958.4,0.9905522177405779,2025-10-24,1.0456899722831614,2025-10-24,0.8476277286830916,2025-10-24,0.6008130109729312,2025-10-24,0.14130198637669059,2025-10-24,1.8711641650240611,2025-10-24,0.916191513513419,False,True,8.586042947642216,8.516401226811702,0.06964172083051423,-0.2640879084897306,NEUTRAL
2025-10-28,25852.7,1.5842240678983854,2025-10-27,1.7565624350023283,2025-10-27,1.6931538208831078,2025-10-27,0.8395275275791957,2025-10-27,0.2921970759406095,2025-10-27,1.8468514714422026,2025-10-27,1.3354193997909716,False,True,14.406152337399348,8.093593471200379,6.3125588661989696,0.23032834686841033,NEUTRAL
2025-10-29,26046.95,0.09469035982398286,2025-10-28,0.609719644383086,2025-10-28,-0.7378652427055772,2025-10-28,-0.38867952525163346,2025-10-28,-0.22072588400640172,2025-10-28,-0.977903248029811,2025-10-28,-0.27012731596439243,False,True,132.09173059055962,6.7356932735030375,125.35603731705659,9.605577803997399,HIGH_VOL_STATE
2025-10-30,25863.1,-0.22540862833837608,2025-10-29,0.3696134604390216,2025-10-29,1.3978399648643032,2025-10-29,-0.38867952525163346,2025-10-28,-0.895754044042002,2025-10-29,1.1175749209145576,2025-10-29,0.22919769143097846,False,True,11.423197462275125,6.667808770312453,4.755388691962672,-0.043962157640598895,NEUTRAL
2025-10-31,25750.45,-1.751526094254836,2025-10-30,-1.9813690132731125,2025-10-30,-0.2632300853473368,2025-10-30,-0.32317794375030945,2025-10-30,-0.05156236470252785,2025-10-30,-0.20569368986071604,2025-10-30,-0.7627598651981399,False,True,9.954011221843185,7.434657459432009,2.5193537624111757,-0.15683071008837268,NEUTRAL
2025-11-03,25758.85,0.2088258799297986,2025-10-31,0.45704203251738384,2025-10-31,1.3215611344970672,2025-10-31,-1.3562782374465931,2025-10-31,-0.9009659089352292,2025-10-31,0.0929762659254219,2025-10-31,-0.02947313891869179,False,True,10.103832597760636,7.629319324018572,2.4745132737420645,-0.15743202113152907,NEUTRAL
2025-11-04,25608.8,0.0651686956591133,2025-11-03,0.2937534408782132,2025-11-03,1.3215611344970672,2025-10-31,0.7827430361311284,2025-11-03,0.9959622644033764,2025-11-03,1.9101303137810117,2025-11-03,0.8948864808916518,False,True,12.995923638648799,7.627570410586626,5.368353228062173,-0.013280283296371875,NEUTRAL
2025-11-06,25555.1,0.38678870012870376,2025-11-05,0.5120575100332122,2025-11-05,-2.1745073066820524,2025-11-05,-0.11140205959728527,2025-11-05,0.5621305975860139,2025-11-05,-2.729847914561216,2025-11-05,-0.592463412182104,False,True,35.04558914630799,7.8737677192153885,27.171821427092603,1.06688867062701,HIGH_VOL_STATE
2025-11-07,25492.5,-1.8174303716012938,2025-11-06,-2.1255125602121945,2025-11-06,0.7076553186361354,2025-11-06,1.7774141666883032,2025-11-06,-1.744357936663607,2025-11-06,0.13087580628811096,2025-11-06,-0.5118925961440909,False,True,8.918124209799458,8.043924477212453,0.8741997325870052,-0.22454963778842715,NEUTRAL
2025-11-10,25606.0,0.08755456421388232,2025-11-07,-0.3214689913516378,2025-11-07,-1.1218878595938047,2025-11-07,-0.8731441099267159,2025-11-07,-0.8546932814700182,2025-11-07,-1.726707307519066,2025-11-07,-0.8017244976078933,False,True,8.19131673791417,7.966365916144362,0.22495082176980752,-0.2554478641854623,NEUTRAL
2025-11-11,25677.95,2.1580372688888003,2025-11-10,2.1835743394670066,2025-11-10,0.6802800807845912,2025-11-10,1.2307859425778742,2025-11-10,2.232416408742674,2025-11-10,2.054455162159127,2025-11-10,1.7565915337700122,False,True,12.025852720110247,7.832653532744989,4.193199187365258,-0.04707847723331251,NEUTRAL
2025-11-12,25896.4,0.15428588178511157,2025-11-11,-0.3845718950694179,2025-11-11,-0.31762000578406735,2025-11-11,0.09065974087351092,2025-11-11,0.6988902799429159,2025-11-11,0.3036435094526937,2025-11-11,0.09088125186679114,False,True,63.88790375855902,7.954313783335748,55.93358997522327,2.6217839586157856,HIGH_VOL_STATE
2025-11-13,25878.35,-0.0555467294401842,2025-11-12,-0.3924653233442057,2025-11-12,0.11320168808211059,2025-11-12,0.6620114432252668,2025-11-12,1.5544686293537526,2025-11-12,0.4845970770020044,2025-11-12,0.3943777974797908,False,True,10.048042045772224,8.070624358456882,1.9774176873153415,-0.1935881114591222,NEUTRAL
2025-11-14,25767.6,-2.5247035064230974,2025-11-13,-2.4237608909621007,2025-11-13,0.08754997605063296,2025-11-13,0.3869831904011945,2025-11-13,-1.7369703037689095,2025-11-13,0.029338167181296556,2025-11-13,-1.0302605612534974,False,True,11.384735303515873,7.792357054830758,3.5923782486851152,-0.07832335597148922,NEUTRAL
2025-11-17,25996.5,-0.18982107335333182,2025-11-14,-0.0018329290855079036,2025-11-14,-1.5317482408601688,2025-11-14,-1.7151502006150154,2025-11-14,-0.8118964518584304,2025-11-14,-3.1856103523520245,2025-11-14,-1.2393432080207465,False,True,9.425439365423996,6.949973370394804,2.475465995029192,-0.1366206133999556,NEUTRAL
2025-11-18,25942.45,-1.379949255320543,2025-11-17,-0.9332972141164791,2025-11-17,-0.2566181782106514,2025-11-17,-0.685423194189388,2025-11-17,-1.4035771765680929,2025-11-17,1.0827315194416847,2025-11-17,-0.5960222498272449,False,True,12.265473740521271,6.882859953086983,5.382613787434288,0.011289670036731024,NEUTRAL
2025-11-19,26055.85,-1.2224374825902669,2025-11-18,-1.2640669918747778,2025-11-18,-2.546644095756937,2025-11-18,-1.5262481568337742,2025-11-18,-2.0058543130954574,2025-11-18,-2.611619666265215,2025-11-18,-1.862811784402738,False,True,0.00010000000000000002,6.841929900304103,-6.841829900304103,-0.6155506893270613,NEUTRAL
2025-11-20,26209.9,0.45054598772614884,2025-11-19,0.4821865685849261,2025-11-19,-0.39601464265837405,2025-11-19,-0.36833647426765465,2025-11-19,-0.012912400975228345,2025-11-19,-0.6634431959803034,2025-11-19,-0.08466235959508094,False,True,10.797121887492484,7.112178568938559,3.684943318553925,-0.07076497325701497,NEUTRAL
2025-11-21,26071.05,-2.2089999067157837,2025-11-20,-2.132090956476788,2025-11-20,1.7125914908885989,2025-11-20,-0.01669756505995835,2025-11-20,0.6432842188392255,2025-11-20,1.0135586918984762,2025-11-20,-0.16472567110437153,False,True,9.684653452169984,7.339039566082367,2.345613886087617,-0.15051229003860683,NEUTRAL
2025-11-24,26039.8,1.2785483615878186,2025-11-21,0.7722114663821833,2025-11-21,-1.846523398519146,2025-11-21,-2.0319909468861246,2025-11-21,-0.8637896596422687,2025-11-21,-2.766750667119912,2025-11-21,-0.9097158073662414,False,True,9.562868377374297,7.431889224255274,2.130979153119023,-0.1617173992949051,NEUTRAL
2025-11-25,25899.3,1.9872549281360357,2025-11-24,2.4182586899391456,2025-11-24,-1.846523398519146,2025-11-21,1.6423712057126956,2025-11-24,0.7904214755136311,2025-11-24,-0.3265586898488963,2025-11-24,0.777537368488911,False,True,12.942954761014796,7.236559518759725,5.706395242255072,0.019408552740145944,NEUTRAL
2025-11-26,26191.85,1.0736734583555552,2025-11-25,0.4934021449102284,2025-11-25,-0.10361580421694469,2025-11-25,0.5331297538537334,2025-11-25,1.1674646106483764,2025-11-25,-0.006133551493240894,2025-11-25,0.526320102009618,False,True,158.51962715727433,7.301942609651137,151.21768454762318,7.457375026011232,HIGH_VOL_STATE
2025-11-27,26190.8,0.7636243494442713,2025-11-26,0.6061492885826988,2025-11-26,1.0856969993906989,2025-11-26,0.05206267798114499,2025-11-26,1.3329009199705173,2025-11-26,1.4612545000719217,2025-11-26,0.8836147892402089,False,True,9.88505309323161,8.46477130840809,1.420281784823521,-0.2466883739894066,NEUTRAL
2025-11-28,26209.7,0.7636243494442713,2025-11-26,0.6061492885826988,2025-11-26,0.6421253442782714,2025-11-27,0.004872747946311214,2025-11-27,0.1929952235441273,2025-11-27,0.1729726675406461,2025-11-27,0.39712327022272104,False,True,8.800842552906065,8.016708559524641,0.784133993381424,-0.27127314805834746,NEUTRAL
2025-12-01,26147.2,0.5605200111980928,2025-11-28,0.45865570074076656,2025-11-28,-0.06795624371963216,2025-11-28,-0.30615957067084415,2025-11-28,0.34072636204318285,2025-11-28,-1.1643072481825611,2025-11-28,-0.029753498098499215,False,True,8.118976185603882,7.61087212880232,0.5081040568015629,-0.2823140434009948,NEUTRAL
2025-12-02,26011.15,-0.7949140948427352,2025-12-01,-0.457440408337719,2025-12-01,-1.451172621056834,2025-12-01,0.5424750993162474,2025-12-01,-1.2664001108806613,2025-12-01,-0.316806297100018,2025-12-01,-0.6240430721502866,False,True,10.77688221389469,7.641609691539171,3.1352725223555185,-0.1854904802576567,NEUTRAL
2025-12-03,25977.45,0.2033366618530503,2025-12-02,0.4171527287011609,2025-12-02,-0.1792392002175603,2025-12-02,0.15643356539780448,2025-12-02,0.6280257599371843,2025-12-02,0.9325447472961219,2025-12-02,0.35970904382796026,False,True,0.00010000000000000002,7.522111613637924,-7.5220116136379245,-0.5786529710606313,NEUTRAL
2025-12-04,26043.65,0.2691277787970895,2025-12-03,0.04198249341572252,2025-12-03,0.5766821099866021,2025-12-03,-1.1517678419749886,2025-12-03,-0.08961853418583493,2025-12-03,0.38861565525220015,2025-12-03,0.005836943548465108,False,True,9.098889702616786,7.411670411447184,1.687219291169602,-0.23415182982888688,NEUTRAL
2025-12-05,26155.75,0.026544531566406328,2025-12-04,0.08499762406456066,2025-12-04,1.3482765362153235,2025-12-04,0.553473700637795,2025-12-04,0.9386365874016851,2025-12-04,-0.3667489102924173,2025-12-04,0.4308633449322255,False,True,8.354984194049486,7.389124496738769,0.9658596973107167,-0.2624650638896161,NEUTRAL
2025-12-08,25942.5,0.13973368918466617,2025-12-05,0.16483969516927385,2025-12-05,-0.8962119452005292,2025-12-05,0.46747211742562667,2025-12-05,0.7060441524446851,2025-12-05,0.8386097309491299,2025-12-05,0.23674790666214207,False,True,6.9620195424948434,7.555519663648303,-0.5935001211534594,-0.3278362241537407,NEUTRAL
2025-12-09,25835.85,-0.5406404498785754,2025-12-08,-0.22751742513906176,2025-12-08,-0.06561421079975271,2025-12-08,-1.0645099393472164,2025-12-08,0.056390685137755324,2025-12-08,0.5516477107742341,2025-12-08,-0.21504060487543616,False,True,11.191054899073391,8.232430952293067,2.9586239467803246,-0.19662918344246028,NEUTRAL
2025-12-10,25759.3,-0.1996417332734921,2025-12-09,0.018846775811447107,2025-12-09,-0.07416275921632931,2025-12-09,-1.0803981743829827,2025-12-09,0.5440522117830325,2025-12-09,-0.42935024918880793,2025-12-09,-0.20344232141118876,False,True,114.7859349236942,8.042423225550206,106.74351169814399,3.650590359358781,HIGH_VOL_STATE
2025-12-11,25874.75,0.7913703169214659,2025-12-10,0.2097643028268824,2025-12-10,-0.24361093739381215,2025-12-10,0.38491245794381396,2025-12-10,-0.2407275872457207,2025-12-10,-0.3745971385924493,2025-12-10,0.08785190241003,False,True,9.80882557100612,8.120331353586991,1.6884942174191284,-0.2844053941827648,NEUTRAL
2025-12-12,26033.1,0.1735241088994824,2025-12-11,-0.3196814010856054,2025-12-11,-0.7559670643654673,2025-12-11,0.006342352047545111,2025-12-11,0.7649805650030633,2025-12-11,-0.5894161010862699,2025-12-11,-0.12003625676454198,False,True,8.343523852455704,8.369864382983005,-0.026340530527301453,-0.34162836497359517,NEUTRAL
2025-12-15,26035.1,-1.462319104936639,2025-12-12,-1.606982238077543,2025-12-12,0.7603820519557399,2025-12-12,1.537440254760756,2025-12-12,-0.6122573065560581,2025-12-12,0.6155472650999686,2025-12-12,-0.12803151295896256,False,True,7.086394891056408,8.509076024127776,-1.422681133071368,-0.365392192839331,NEUTRAL
2025-12-16,25885.0,-0.26598479119616925,2025-12-15,-0.5761051064813595,2025-12-15,-1.0087404788817615,2025-12-15,-1.103310032095836,2025-12-15,0.1717621420022208,2025-12-15,-1.328025461049697,2025-12-15,-0.6850672879504338,False,True,10.707954920124676,8.3739096828789,2.3340452372457765,-0.23603011077294947,NEUTRAL
2025-12-17,25814.65,-0.35227061865314496,2025-12-16,0.173793575180852,2025-12-16,-1.1450689992289034,2025-12-16,-1.236276599113647,2025-12-16,-0.8528122091053757,2025-12-16,-1.5250128829483556,2025-12-16,-0.8229412889780958,False,True,120.44204342299962,8.452729418573405,111.9893140044262,3.5083078088845725,HIGH_VOL_STATE
2025-12-18,25786.35,-1.5019552496004045,2025-12-17,-1.6266458149643759,2025-12-17,0.055715625872626885,2025-12-17,0.8454326557845593,2025-12-17,-0.643810934436838,2025-12-17,0.6879283599437714,2025-12-17,-0.36388922623344344,False,True,8.924784028502922,8.16726931913256,0.757514709370362,-0.3249580221637103,NEUTRAL
2025-12-19,25959.5,0.9643818905628032,2025-12-18,1.1877108596400312,2025-12-18,-0.7695130124760348,2025-12-18,0.1486255788566988,2025-12-18,1.2046369566599298,2025-12-18,-1.0751694665390792,2025-12-18,0.27677880111739156,False,True,8.554850604039457,8.023240098764083,0.5316105052753741,-0.3312523028316798,NEUTRAL
2025-12-22,26164.8,1.0454111863166344,2025-12-19,1.0901438047377454,2025-12-19,0.5664451926735921,2025-12-19,0.6744742819527837,2025-12-19,0.39030129072204617,2025-12-19,0.23292396704747206,2025-12-19,0.6666166205750456,False,True,7.137157955645238,8.208808120293284,-1.0716501646480463,-0.38658388960967,NEUTRAL
2025-12-23,26190.05,0.7184539754547471,2025-12-22,0.38114466735132124,2025-12-22,1.0654847034962782,2025-12-22,0.3832128913029839,2025-12-22,-0.07371809257772026,2025-12-22,1.0836934870140542,2025-12-22,0.593045272006944,False,True,9.92430468179557,8.607831650152026,1.316473031643545,-0.31130344663748544,NEUTRAL
2025-12-24,26148.2,0.48470574473924066,2025-12-23,0.42064300577283936,2025-12-23,-0.10021817924462591,2025-12-23,-0.057941457791235836,2025-12-23,0.23559976267861166,2025-12-23,-0.010892200036901105,2025-12-23,0.16198277935298816,False,True,203.28466698989988,7.319433624521815,195.96523336537805,5.7656825146698445,HIGH_VOL_STATE
2025-12-26,26039.3,0.31678276597210286,2025-12-24,0.12086788470286451,2025-12-24,-0.03809753132479037,2025-12-25,0.18023539766700675,2025-12-24,0.23559976267861166,2025-12-23,-0.29211568249723235,2025-12-24,0.08721209953309383,False,True,6.3140816873454995,7.3320598488981705,-1.017978161552671,-0.3923097554202736,NEUTRAL
2025-12-29,25933.45,-0.11477097531539494,2025-12-26,-0.1375684269765315,2025-12-26,0.3080133747130581,2025-12-26,0.18023539766700675,2025-12-24,0.23559976267861166,2025-12-23,0.12594544680257636,2025-12-26,0.09957576326155441,False,True,5.8975294568636265,7.453626847168198,-1.5560973903045712,-0.4044632521540803,NEUTRAL
2025-12-30,25937.05,-0.4995976380619045,2025-12-29,-0.4874627587018802,2025-12-29,-0.4204505843668002,2025-12-29,-0.5992189697026651,2025-12-29,0.013016511656760339,2025-12-29,1.10058391767835,2025-12-29,-0.14885492024968996,False,True,8.895808979768615,7.561329902703294,1.3344790770653212,-0.33455767537877246,NEUTRAL
2025-12-31,26174.55,-0.2302163499982184,2025-12-30,-0.2454745277942268,2025-12-30,-0.38127282578578575,2025-12-30,0.7992559777648433,2025-12-30,0.6943109965175556,2025-12-30,-0.313620151002421,2025-12-30,0.053830519950291145,False,True,0.00010000000000000002,7.310648545214011,-7.3105485452140115,-0.5511070140478418,NEUTRAL
2026-01-01,26163.2,-0.961564509909058,2025-12-31,-0.6906624523347238,2025-12-31,-0.38127282578578575,2025-12-30,-0.7095525992667698,2025-12-31,0.6943109965175556,2025-12-30,-0.313620151002421,2025-12-30,-0.3937269236302004,False,True,7.47320905281921,7.772979726614637,-0.2997706737954271,-0.3707029153101685,NEUTRAL
2026-01-02,26297.05,-0.961564509909058,2025-12-31,-0.6906624523347238,2025-12-31,-0.38127282578578575,2025-12-30,-0.7095525992667698,2025-12-31,0.6943109965175556,2025-12-30,-0.313620151002421,2025-12-30,-0.3937269236302004,False,True,6.416250622180514,7.752118513318748,-1.3358678911382338,-0.3955611269891756,NEUTRAL
2026-01-05,26279.4,0.19561312534981531,2026-01-02,-0.047602746964057314,2026-01-02,-0.38127282578578575,2025-12-30,2.5432081725282942,2026-01-02,0.245749350977603,2026-01-02,1.1236335441799317,2026-01-02,0.6132214367143002,False,True,6.0133308137423835,7.872740831007674,-1.85941001726529,-0.4063494202075776,NEUTRAL
2026-01-06,26165.05,0.7294318745006825,2026-01-05,0.5561493872290469,2026-01-05,1.7790332513162428,2026-01-05,0.0646671173378189,2026-01-05,1.6986146967506541,2026-01-05,1.7697109609164994,2026-01-05,1.0996012146751575,False,True,8.446649452828481,7.217553405608934,1.2290960472195476,-0.31551627855285863,NEUTRAL
2026-01-07,26122.25,0.7085803335777646,2026-01-06,0.5283725201686322,2026-01-06,0.6972917634553029,2026-01-06,1.1957112512601429,2026-01-06,0.07268245301001422,2026-01-06,0.6170782447378215,2026-01-06,0.6366194277016131,False,True,66.5055206001021,7.053359064427784,59.45216153567432,1.1414559846755212,HIGH_VOL_STATE
2026-01-08,25912.1,-0.48526725946155924,2026-01-07,0.09728415482128214,2026-01-07,-0.8295622727217841,2026-01-07,-0.7898801039262267,2026-01-07,1.1077880097745392,2026-01-07,0.08316790842271626,2026-01-07,-0.13607826051517208,False,True,7.197595211492843,6.949210618813533,0.24838459267931068,-0.3627353844715862,NEUTRAL
2026-01-09,25679.9,-0.11675339440045045,2026-01-08,-0.5142551939318712,2026-01-08,-1.1955986198632254,2026-01-08,-0.968050136268226,2026-01-08,-0.022048084232329592,2026-01-08,-0.21538646738852066,2026-01-08,-0.5053486493474372,False,True,7.8425604617371745,7.747939856760707,0.09462060497646707,-0.3664686259607378,NEUTRAL
2026-01-12,25808.95,0.8125826013852945,2026-01-09,0.7296977566226698,2026-01-09,0.9917669666281883,2026-01-09,0.2677428616518866,2026-01-09,0.6190772989853269,2026-01-09,0.19255233761093238,2026-01-09,0.6022366371473832,False,True,8.953639434215724,7.865050076850655,1.088589357365069,-0.3337374212355638,NEUTRAL
2026-01-13,25711.85,0.10655161948597931,2026-01-12,0.17079049112535533,2026-01-12,0.9917669666281883,2026-01-09,1.203569564822572,2026-01-12,0.6389855128810465,2026-01-12,0.2338621889678028,2026-01-12,0.5575877239851574,False,True,11.869044333568102,8.064208266481945,3.804836067086157,-0.26694506719818895,NEUTRAL
2026-01-14,25681.25,-0.3792318326195756,2026-01-13,-0.1779183153707322,2026-01-13,1.992433632686018,2026-01-13,0.7073445980940254,2026-01-13,-0.013906473217762798,2026-01-13,0.6261428196683227,2026-01-13,0.4591440715400492,False,True,165.33954294789433,7.770520020460935,157.5690229274334,3.5436622594358234,HIGH_VOL_STATE
2026-01-16,25701.9,0.2682821853577624,2026-01-15,0.1797175914969349,2026-01-15,-0.4557504359719551,2026-01-15,-0.31365487765592354,2026-01-15,0.23752048279098517,2026-01-15,0.7013029886860489,2026-01-15,0.10290298911730879,False,True,9.67697082510241,7.802835881437015,1.8741349436653953,-0.34689679742419594,NEUTRAL
2026-01-19,25629.3,-0.16799050311831176,2026-01-16,-0.10390152195466625,2026-01-16,-0.36571311760953223,2026-01-16,-0.3702347118318083,2026-01-16,-0.3788642660400603,2026-01-16,0.3005650473287998,2026-01-16,-0.18102317887092986,False,True,9.227088137583522,7.819913371042195,1.4071747665413268,-0.36184033767325635,NEUTRAL
2026-01-20,25310.3,-0.16799050311831176,2026-01-16,-0.10390152195466625,2026-01-16,-0.5724890740877021,2026-01-19,-1.0589281364757885,2026-01-19,-1.9573629555170902,2026-01-19,0.5444197369130785,2026-01-19,-0.5527087423734134,False,True,11.616535251168816,7.5807729702414175,4.035762280927399,-0.3027260381225537,NEUTRAL
2026-01-21,25143.75,-3.0187927968756054,2026-01-20,-2.384845099876041,2026-01-20,-0.8927195407477485,2026-01-20,-0.3086856839437718,2026-01-20,-1.485817724386136,2026-01-20,-0.47139663399811904,2026-01-20,-1.4270429133045701,False,True,166.94875441571244,8.195257709431582,158.75349670628086,3.195863352171315,HIGH_VOL_STATE
2026-01-22,25295.5,1.512362991961528,2026-01-21,1.0921119750187775,2026-01-21,-0.38161228441376666,2026-01-21,0.3019277661637933,2026-01-21,-0.8196211954562488,2026-01-21,0.0488082070225708,2026-01-21,0.292329576716109,False,True,11.771134965885322,8.162979703780438,3.6081552621048836,-0.3455328691722112,NEUTRAL
2026-01-23,25093.9,0.6746976054784346,2026-01-22,0.8299106076581237,2026-01-22,1.130402694501027,2026-01-22,0.11842980999113782,2026-01-22,1.5979208999601162,2026-01-22,0.2963430168385416,2026-01-22,0.7746174390712302,False,True,10.25822611610607,8.589406315086293,1.668819801019776,-0.3875626938839813,NEUTRAL
2026-01-27,25141.2,0.6601846845929065,2026-01-26,0.4165089392245104,2026-01-26,-1.3791059149088591,2026-01-26,0.03344626200428887,2026-01-26,0.1100262548564447,2026-01-26,-0.7363479691349613,2026-01-26,-0.1492146238942783,False,True,10.297303688195708,9.025875011086997,1.2714286771087107,-0.39404678883289146,NEUTRAL
2026-01-28,25320.8,0.5275116098971575,2026-01-27,0.8983149946810547,2026-01-27,0.5006851728814751,2026-01-27,1.2704843045555925,2026-01-27,-0.2672769168599476,2026-01-27,1.487972111697948,2026-01-27,0.7362818794755467,False,True,0.00010000000000000002,9.351853906084274,-9.351753906084275,-0.5980952765155843,NEUTRAL
2026-01-29,25436.95,-0.04312098786603256,2026-01-28,0.16830592523120755,2026-01-28,-0.03773312314746468,2026-01-28,2.399457480970701,2026-01-28,-0.4440310325822425,2026-01-28,0.7999222294689841,2026-01-28,0.47380008201252544,False,True,15.762915695007596,9.811412383348232,5.951503311659364,-0.2580154459517972,NEUTRAL
2026-01-30,25352.45,-0.2318041584104381,2026-01-29,-0.7370191743306566,2026-01-29,-0.056294808190421215,2026-01-29,0.3534011505150755,2026-01-29,-2.8455979486201173,2026-01-29,0.35020617256851094,2026-01-29,-0.5278514610780077,False,True,15.879663095022634,9.399488327778563,6.480174767244071,-0.24783142192695182,NEUTRAL
2026-02-01,24923.9,-0.6346292874030778,2026-01-30,-0.9312402585200166,2026-01-30,-0.1261014685104498,2026-01-30,-2.0368161832569553,2026-01-30,1.1692118650618681,2026-01-30,-0.190064150731332,2026-01-30,-0.4582732472266606,False,True,17.763949886872645,9.403241556442254,8.360708330430391,-0.2083701431978292,NEUTRAL
2026-02-02,25035.35,-0.6346292874030778,2026-01-30,-0.9312402585200166,2026-01-30,-0.1261014685104498,2026-01-30,-2.0368161832569553,2026-01-30,1.1692118650618681,2026-01-30,-0.190064150731332,2026-01-30,-0.4582732472266606,False,True,23.132006017312328,10.844115520308547,12.287890497003781,-0.12381732959699905,NEUTRAL
2026-02-03,25778.75,0.7029757417537466,2026-02-02,0.5650368920296983,2026-02-02,-0.9598723585204773,2026-02-02,-2.101281901486086,2026-02-02,1.2691431974262881,2026-02-02,-3.5826091385147696,2026-02-02,-0.6844345945519333,False,True,17.362872724819024,11.931342545496399,5.431530179322625,-0.26808085120633973,NEUTRAL
2026-02-04,25784.8,-1.2414842135690265,2026-02-03,-1.468243744632881,2026-02-03,2.8625138778692953,2026-02-03,0.1406291338931755,2026-02-03,-0.14447711674826313,2026-02-03,3.822323887344648,2026-02-03,0.6618769706928247,False,True,0.00010000000000000002,15.649250715006147,-15.649150715006147,-0.7302467440038171,NEUTRAL
2026-02-05,25646.05,-0.7420172072083117,2026-02-04,-1.492648936395453,2026-02-04,-0.6218308824484438,2026-02-04,0.01687573716566867,2026-02-04,-0.9767884644461627,2026-02-04,0.5813242382651311,2026-02-04,-0.5391809191779285,False,True,12.2698276100347,15.678969325595633,-3.409141715560933,-0.45568895691070066,NEUTRAL
2026-02-06,25671.2,-1.7733218467844634,2026-02-05,-1.5983920465140196,2026-02-05,-0.7259703896325724,2026-02-05,0.08761174056494407,2026-02-05,-0.6198025206322106,2026-02-05,-2.351109588116049,2026-02-05,-1.1634974418523951,False,True,11.137382938746192,15.364827700451764,-4.227444761705572,-0.4702534054442349,NEUTRAL
2026-02-09,25860.5,2.659692650544719,2026-02-06,2.181406717495023,2026-02-06,0.5061597906520323,2026-02-06,-1.1274511291931806,2026-02-06,1.130045466376855,2026-02-06,-0.9648341018206313,2026-02-06,0.730836565675803,False,True,9.65539199828796,15.142221604831626,-5.486829606543665,-0.4779033366194697,NEUTRAL
2026-02-10,25943.0,0.5894700528490712,2026-02-09,0.9243873712033133,2026-02-09,2.703859700747528,2026-02-09,1.5976483748494887,2026-02-09,1.4059092606440826,2026-02-09,1.924241956691162,2026-02-09,1.5242527861641078,False,True,12.607291311654839,15.269384701353179,-2.66209338969834,-0.41304571427349,NEUTRAL
2026-02-11,25944.65,-0.48103109439835123,2026-02-10,-0.5667595247202355,2026-02-10,1.436537621209651,2026-02-10,0.5037393362079728,2026-02-10,-0.23683055542344272,2026-02-10,-0.17967895087360078,2026-02-10,0.07932947200033229,False,True,46.54863087602965,15.26309322085606,31.285537655173588,0.3295497809860366,NEUTRAL
2026-02-12,25788.95,-0.03936976842250234,2026-02-11,-0.1368943565352966,2026-02-11,1.436537621209651,2026-02-10,0.26162604346922325,2026-02-11,-0.7679210768224629,2026-02-11,0.288510838256895,2026-02-11,0.17374821685925124,False,True,9.097782501556786,15.21805811390154,-6.120275612344754,-0.4962397928478423,NEUTRAL
2026-02-13,25521.95,-2.2466624289678268,2026-02-12,-2.1131345811052937,2026-02-12,-0.1606537693903982,2026-02-12,-0.8282981034384289,2026-02-12,-0.06448638052871562,2026-02-12,1.3733318787983944,2026-02-12,-0.6733172307720449,False,True,9.108100776113028,15.386444519469277,-6.278343743356249,-0.4947317267384496,NEUTRAL
2026-02-16,25661.55,0.030531720677271983,2026-02-13,-0.20470093342594872,2026-02-13,-0.9568475776958876,2026-02-13,-1.612750220661141,2026-02-13,0.26165897742032096,2026-02-13,-0.41101009842355635,2026-02-13,-0.4821863553514902,False,True,11.224719237011795,16.06498072572982,-4.840261488718026,-0.4636893048168315,NEUTRAL
2026-02-17,25713.1,0.030531720677271983,2026-02-13,-0.20470093342594872,2026-02-13,-0.28267120972166143,2026-02-16,0.4343276296615407,2026-02-16,-0.7288044292830888,2026-02-16,-0.41101009842355635,2026-02-13,-0.1937212200859071,False,True,13.523231933056024,15.448615704581997,-1.925383771525972,-0.3966971802554047,NEUTRAL
2026-02-18,25794.75,0.08114166173585609,2026-02-17,0.14733860871937668,2026-02-17,-0.4285708269762266,2026-02-17,0.4343276296615407,2026-02-16,0.99655428040053,2026-02-17,-0.41101009842355635,2026-02-13,0.13663020918625343,False,True,220.7253194775654,15.37480253258906,205.35051694497633,4.108500455733773,HIGH_VOL_STATE
2026-02-19,25521.75,0.6814085782989857,2026-02-18,0.7688312529141731,2026-02-18,0.5506998077263493,2026-02-18,0.4343276296615407,2026-02-16,1.4637841895208639,2026-02-18,-0.41101009842355635,2026-02-13,0.5813402266163927,False,True,9.883196877465231,15.326618222883075,-5.443421345417844,-0.4818671597600198,NEUTRAL
2026-02-20,25646.9,-0.4693455646367865,2026-02-19,-0.33322715285439836,2026-02-19,0.20558103363935565,2026-02-19,0.4343276296615407,2026-02-16,-1.5633050116579452,2026-02-19,1.34397175742687,2026-02-19,-0.06366621807022728,False,True,12.40848084489439,15.85714811591506,-3.4486672710206694,-0.43938037109102274,NEUTRAL
2026-02-23,25678.45,0.8696554472266635,2026-02-20,0.8909059880291667,2026-02-20,-0.9984071290399213,2026-02-20,-1.0552052130445437,2026-02-20,1.05992973553657,2026-02-20,0.8856483715283608,2026-02-20,0.27542120003938264,False,True,11.121676198030439,15.840850807128204,-4.719174609097765,-0.43854908738628373,NEUTRAL
2026-02-24,25425.05,-1.6010580527480476,2026-02-23,-1.2415294617243304,2026-02-23,-0.9984071290399213,2026-02-20,2.2484476595520158,2026-02-23,-1.7460070373838812,2026-02-23,0.00382757555098829,2026-02-23,-0.5557877409655294,False,True,15.212685765612704,15.789484816108962,-0.5767990504962572,-0.3520668403731512,NEUTRAL
2026-02-25,25469.8,1.066145455077011,2026-02-24,1.1796157903652964,2026-02-24,0.4632076455150285,2026-02-24,-1.7541499353468208,2026-02-24,-0.20631461478047963,2026-02-24,0.773219435221537,2026-02-24,0.25362062934192875,False,True,258.9250658851444,16.351966892009337,242.5730989931351,4.581753087343519,HIGH_VOL_STATE
2026-02-26,25503.65,1.1450403600118573,2026-02-25,1.4044430179673244,2026-02-25,1.4245639115582855,2026-02-25,0.5401766842895911,2026-02-25,0.9284227665834757,2026-02-25,0.6398252190466771,2026-02-25,1.013745326576202,False,True,12.06519681457129,16.29832584993674,-4.233129035365451,-0.43732545885609736,NEUTRAL
2026-02-27,25309.45,-0.8347669891040493,2026-02-26,-1.295477032708544,2026-02-26,-0.02066901440348143,2026-02-26,-1.3541304063834263,2026-02-26,0.5005161828535938,2026-02-26,1.5891801903991514,2026-02-26,-0.23589117822445926,False,True,11.066185999274076,14.386858739942118,-3.3206727406680425,-0.41888855006991527,NEUTRAL
2026-03-02,24824.7,-0.6580150199856034,2026-02-27,-0.9641386268379659,2026-02-27,-0.0945952914746651,2026-02-27,0.8107898668444645,2026-02-27,-0.1789800158511745,2026-02-27,-0.9745466947254459,2026-02-27,-0.3432476303383984,False,True,11.082455674305452,14.779801143469967,-3.6973454691645156,-0.426933015544205,NEUTRAL
2026-03-04,24582.95,-1.4044490806630425,2026-03-03,-1.0565330214351398,2026-03-03,-2.427563114439223,2026-03-03,-0.9790984058986685,2026-03-03,-4.608091681397796,2026-03-03,-4.312108775602103,2026-03-03,-2.4646406799059952,False,True,0.00010000000000000002,11.876893740532163,-11.876793740532163,-0.5679680170132231,NEUTRAL
2026-03-05,24849.2,1.1271848408012612,2026-03-04,1.4530603326078422,2026-03-04,-2.7384209230090035,2026-03-04,-1.7121645655787767,2026-03-04,1.9587601731743098,2026-03-04,-6.041022470614245,2026-03-04,-0.9921004354364354,False,True,24.39121122268592,12.780840194499676,11.610371028186245,-0.15374312471873486,NEUTRAL
2026-03-06,24481.8,-0.8140355618056954,2026-03-05,-0.2221760734199162,2026-03-05,1.1643379377051712,2026-03-05,0.2777112253714958,2026-03-05,-1.8068224419411767,2026-03-05,3.4268043603155345,2026-03-05,0.3376365743709022,False,True,18.588487493887417,13.754170608204399,4.834316885683018,-0.27569530556317995,NEUTRAL
2026-03-09,24012.3,-1.8764343392259673,2026-03-06,-1.6180223201449697,2026-03-06,0.2913948662424886,2026-03-06,1.4690577607615765,2026-03-06,-1.0123810550505474,2026-03-06,-0.20059557072561812,2026-03-06,-0.4911634430238396,False,True,20.9014930791678,14.22486547918718,6.67662759998062,-0.24412812319091698,NEUTRAL
2026-03-10,24261.95,1.1813765230710946,2026-03-09,1.5046802365043284,2026-03-09,-3.6305704046252876,2026-03-09,-1.1205465897658275,2026-03-09,-0.794624096278143,2026-03-09,-2.245112765473362,2026-03-09,-0.8507995160945327,False,True,35.76169253590403,14.703664176211928,21.058028359692102,0.036717335935179264,NEUTRAL
2026-03-11,23874.8,-0.280741615595938,2026-03-10,0.06462365513034803,2026-03-10,1.7242133751091406,2026-03-10,1.816840888304994,2026-03-10,2.582196563567093,2026-03-10,1.5998167029184172,2026-03-10,1.2511582615723424,False,True,134.60310008180286,15.352786677646533,119.25031340415633,1.7799914260477563,HIGH_VOL_STATE
2026-03-12,23641.1,-0.0836073386436794,2026-03-11,0.15022550776427374,2026-03-11,0.783475810745768,2026-03-11,-0.20657102920891512,2026-03-11,-1.3765754591705868,2026-03-11,0.27446870399957407,2026-03-11,-0.07643063408559424,False,True,24.119085960855564,15.940770501114029,8.178315459741535,-0.22814465793417754,NEUTRAL
2026-03-13,23181.05,-2.0605615738689638,2026-03-12,-1.748232352940517,2026-03-12,-0.7136716220824041,2026-03-12,-0.603909293672252,2026-03-12,-0.18297378005291662,2026-03-12,-0.33132941076839534,2026-03-12,-0.9401130055642416,False,True,22.72995235907035,16.047640293001162,6.682312066069187,-0.2571527360787131,NEUTRAL
2026-03-16,23455.3,-0.7720441632467712,2026-03-13,-0.8777172323831502,2026-03-13,-0.7747232730147527,2026-03-13,-0.8103615755425527,2026-03-13,-0.5588160611565542,2026-03-13,-0.731737639123664,2026-03-13,-0.7542333240779074,False,True,25.78834078631116,16.831449144851394,8.956891641459766,-0.21893082156764354,NEUTRAL
2026-03-17,23655.2,1.4226563994959038,2026-03-16,1.293374564443655,2026-03-16,-0.1540966205231238,2026-03-16,1.1686736690266528,2026-03-16,0.5433111448006592,2026-03-16,0.19939012435187645,2026-03-16,0.745551546932604,False,True,28.842136188365785,17.170855450232647,11.671280738133138,-0.14489730343175433,NEUTRAL
2026-03-18,23801.65,0.3600182729129388,2026-03-17,0.5179008300390439,2026-03-17,-0.12027095885898396,2026-03-17,0.11020829482612955,2026-03-17,0.7465312638307565,2026-03-17,0.3486396264441251,2026-03-17,0.32717122153233497,False,True,61.51968846300087,17.59216018987374,43.92752827312712,0.4257059350312109,NEUTRAL
2026-03-19,22954.9,-1.8407002840689863,2026-03-18,-1.475127302953094,2026-03-18,1.647551030123461,2026-03-18,0.47999783436823196,2026-03-18,-0.9389405453032158,2026-03-18,1.4448817202127413,2026-03-18,-0.11372292460347704,False,True,17.091411047094322,17.975328740431355,-0.8839176933370325,-0.38435538392768215,NEUTRAL
2026-03-20,23091.3,-0.3191600577142434,2026-03-19,-0.22506747657231746,2026-03-19,-2.1259145644160635,2026-03-19,-1.728060442928484,2026-03-19,-2.7606666181788926,2026-03-19,-1.0810774718902232,2026-03-19,-1.373324438616704,False,True,25.848609246875,20.48215464936824,5.36645459750676,-0.27324840769460196,NEUTRAL
2026-03-23,22614.75,-1.9624744561036158,2026-03-20,-1.9950946602912338,2026-03-20,-2.1259145644160635,2026-03-19,-0.7226056293376326,2026-03-20,-1.8039005977791267,2026-03-20,-0.11058669815232351,2026-03-20,-1.4534294343466658,False,True,23.404041246994133,20.502026980541068,2.9020142664530653,-0.3184027452356246,NEUTRAL
2026-03-24,22914.6,1.6216755384315749,2026-03-23,1.5228340848484134,2026-03-23,-2.07256853849058,2026-03-23,-2.872665840346568,2026-03-23,1.2400248125550941,2026-03-23,-2.264091850998912,2026-03-23,-0.4707986323334962,False,True,41.64940107730284,21.38728633365149,20.262114743651352,0.05228304294891961,NEUTRAL
2026-03-25,23332.5,-0.38189333074441434,2026-03-24,-0.724786881102397,2026-03-24,0.7385187900368697,2026-03-24,2.1972898993247276,2026-03-24,0.03156476432963159,2026-03-24,0.6666256348276673,2026-03-24,0.4212198127786808,False,True,136.36522404049538,23.100107858689363,113.26511618180601,1.8597565125213493,HIGH_VOL_STATE
2026-03-27,22843.55,-2.1328126107127017,2026-03-26,-2.226856806355354,2026-03-26,-0.21621711735637295,2026-03-26,-1.3720514994508197,2026-03-26,-1.2544184661955207,2026-03-26,-1.1599763865232358,2026-03-26,-1.3937221477656674,False,True,25.413644183454675,24.393718111136874,1.0199260723178014,-0.35763309259970494,NEUTRAL
2026-03-30,22348.5,-1.9442937402062244,2026-03-27,-1.8931669051854918,2026-03-27,-0.3001836015946949,2026-03-27,0.31586189171531953,2026-03-27,-1.1073587125666577,2026-03-27,-0.2779505707195747,2026-03-27,-0.8678486064262206,False,True,25.255975298461163,25.005019657787408,0.2509556406737552,-0.3721269191520345,NEUTRAL
2026-04-01,22651.25,3.6638401355381314,2026-03-31,3.6864832948480015,2026-03-31,-0.8833305250320356,2026-03-31,0.15486244529465776,2026-03-31,0.5921277406989077,2026-03-31,-1.4111523035661433,2026-03-31,0.9671384646302533,False,True,0.00010000000000000002,25.54848169940142,-25.54838169940142,-0.8655059448667588,LOW_VOL_STATE
2026-04-02,22659.0,0.86757940269261,2026-04-01,1.058760548758997,2026-04-01,2.7756937422687638,2026-04-01,1.5131710947069519,2026-04-01,2.5180098022308024,2026-04-01,2.378762655393857,2026-04-01,1.8519962076753302,False,True,26.24407412413924,26.60317520348397,-0.35910107934473245,-0.3766259583375528,NEUTRAL
2026-04-06,22917.05,0.20575708788569863,2026-04-02,0.23325450596342084,2026-04-02,0.5793463020349203,2026-04-03,-0.4739899440998851,2026-04-02,-0.37102440133201536,2026-04-02,0.6520446640674231,2026-04-03,0.13756470241992705,False,True,25.117993338294553,26.356242179926344,-1.2382488416317905,-0.3936147958368085,NEUTRAL
2026-04-07,23096.85,0.5780113172942127,2026-04-06,0.5390147712225576,2026-04-06,0.24421692672233353,2026-04-06,-0.4739899440998851,2026-04-02,-0.37102440133201536,2026-04-02,0.27303232809274003,2026-04-06,0.13154349964999057,False,True,38.522265415832166,26.32179351585327,12.200471899978897,-0.13953405964439655,NEUTRAL
2026-04-08,24002.45,0.16167573350744008,2026-04-07,0.17088296939900385,2026-04-07,-0.008968724553926442,2026-04-07,-0.4739899440998851,2026-04-02,-0.7829579432722014,2026-04-07,0.1227818746310484,2026-04-07,-0.13509600573142008,False,True,0.00010000000000000002,26.35581929602347,-26.35571929602347,-0.8733669470376547,LOW_VOL_STATE
2026-04-09,23742.45,2.8181794555631097,2026-04-08,2.4007630711004326,2026-04-08,2.6906913267798687,2026-04-08,2.3252935293696395,2026-04-08,4.350232471256642,2026-04-08,1.8077055073598332,2026-04-08,2.7321442269049214,False,True,18.635868346062395,29.55591291782122,-10.920044571758826,-0.5532115967634132,NEUTRAL
2026-04-10,23994.85,0.6773289818979824,2026-04-09,0.7097630507759067,2026-04-09,-0.440261194326004,2026-04-09,-0.35585630948454783,2026-04-09,-0.7702521496671242,2026-04-09,-0.5692505245507397,2026-04-09,-0.12475469089242108,False,True,19.684173685817267,29.499075217147265,-9.814901531329998,-0.5279445238336148,NEUTRAL
2026-04-13,23884.95,-0.08389745559253042,2026-04-10,0.3240068107450795,2026-04-10,0.8175502644604982,2026-04-10,0.41539981543825916,2026-04-10,0.06326052739053036,2026-04-10,0.25581249821698876,2026-04-10,0.2986887434431376,False,True,16.01148377832092,29.210405147045805,-13.198921368724886,-0.5879266275312333,NEUTRAL
2026-04-15,24262.2,1.2074618542090079,2026-04-14,1.5556119746309949,2026-04-14,1.1468201559842213,2026-04-14,0.6068028378376331,2026-04-14,0.996202255405861,2026-04-14,0.625674651996905,2026-04-14,1.0230956216774372,False,True,25.65489171502492,29.168889895075395,-3.513998180050475,-0.3999622078760296,NEUTRAL
2026-04-16,24229.45,0.7941573097139077,2026-04-15,1.218329781318197,2026-04-15,0.15020454435494632,2026-04-15,0.23464047009910433,2026-04-15,0.12157425474367818,2026-04-15,0.43440891775398244,2026-04-15,0.49221921299730265,False,True,17.79016372604679,28.494996989115844,-10.704833263069055,-0.5325918977827098,NEUTRAL
2026-04-17,24349.6,0.23716109697646365,2026-04-16,0.24197178968946645,2026-04-16,1.0810616600907006,2026-04-16,1.2740182694791684,2026-04-16,0.30199378990584713,2026-04-16,0.46919631431551023,2026-04-16,0.6009004867428593,False,True,16.76040822407777,28.3324530182487,-11.572044794170928,-0.5275390705811284,NEUTRAL
2026-04-20,24407.9,1.1901761194078035,2026-04-17,1.1222186685159814,2026-04-17,-0.9345111410794364,2026-04-17,-0.6104698371306857,2026-04-17,1.6725260324579347,2026-04-17,-0.2787027816349848,2026-04-17,0.36020617675610217,False,True,15.387816642886115,28.31042717328927,-12.922610530403155,-0.5490861378725697,NEUTRAL
2026-04-21,24567.3,-0.31439830886582626,2026-04-20,-0.2792009292933075,2026-04-20,0.19639594282775147,2026-04-20,0.5713490876345403,2026-04-20,-0.8348120592657443,2026-04-20,-0.005162125290993096,2026-04-20,-0.1109713987089299,False,True,25.27702453667655,28.202726110156906,-2.9257015734803566,-0.3441079146266668,NEUTRAL
2026-04-22,24423.15,-0.7160107475134618,2026-04-21,-0.5235052707064314,2026-04-21,0.3291999826732285,2026-04-21,0.35382312155701645,2026-04-21,-0.4150278261064532,2026-04-21,0.6051418041954887,2026-04-21,-0.06106315598343546,False,True,0.00010000000000000002,25.05648202905824,-25.05638202905824,-0.7821603827336675,LOW_VOL_STATE
2026-04-23,24181.8,1.0458226411158291,2026-04-22,1.2354470081462279,2026-04-22,0.10088914459356237,2026-04-22,-0.8728260058432578,2026-04-22,-0.19949622866123592,2026-04-22,-0.012794349169742942,2026-04-22,0.21617370169689717,False,True,17.28301466916359,25.40625684432979,-8.123242175166197,-0.41264113404121594,NEUTRAL
2026-04-24,23920.65,-0.47710793723277567,2026-04-23,-0.7501207536223905,2026-04-23,-0.4500041006023547,2026-04-23,-0.6617099231972408,2026-04-23,-0.08736297394676476,2026-04-23,0.10710254783676806,2026-04-23,-0.38653385679412633,False,True,16.427084818044115,23.318141256824582,-6.891056438780467,-0.38164042879121135,NEUTRAL
2026-04-27,24118.2,0.7859183419836115,2026-04-24,1.219448181267937,2026-04-24,0.3698018126714831,2026-04-24,0.19369188913921792,2026-04-24,-0.0491652284321388,2026-04-24,-0.1359193275806651,2026-04-24,0.39729594484157427,False,True,17.766370105821967,23.300487748131506,-5.534117642309539,-0.3492908034132255,NEUTRAL
2026-04-28,24039.85,0.07642746559700479,2026-04-27,0.09761946814012781,2026-04-27,0.5622260609779917,2026-04-27,-0.11992070151933253,2026-04-27,-0.10744248696645023,2026-04-27,0.43837204636871824,2026-04-27,0.1578803087663433,False,True,18.563296086338354,22.71734248975846,-4.154046403420107,-0.3171974973415396,NEUTRAL
2026-04-29,24187.35,-0.5566669564263557,2026-04-28,-0.7568083308518593,2026-04-28,-0.6042224225704901,2026-04-28,-0.6382255651764284,2026-04-28,-0.1921318468625733,2026-04-28,-0.030996714625421685,2026-04-28,-0.4631753060855213,False,True,13.17602680723362,21.12947117683797,-7.95344436960435,-0.4003685567456692,NEUTRAL
2026-04-30,24051.95,-0.0942618028648181,2026-04-29,-0.04090394199026127,2026-04-29,-0.6042224225704901,2026-04-28,1.2225195173378243,2026-04-29,-0.17389790709381073,2026-04-29,0.0710589259181834,2026-04-29,0.06338206145610459,False,True,15.062931799621659,19.02828404625212,-3.965352246630463,-0.3099063157029618,NEUTRAL
2026-05-04,24091.0,0.22531451468839656,2026-05-01,0.5963476752977566,2026-05-01,0.08929868740366154,2026-05-01,-0.8601523939753335,2026-04-30,1.0682286535911087,2026-04-30,-0.49952977825241707,2026-04-30,0.10325122645886216,False,True,16.25517926994969,18.957572619540095,-2.7023933495904053,-0.279063433975528,NEUTRAL
2026-05-05,24011.9,-0.507509070102479,2026-05-04,-0.27174676700040085,2026-05-04,0.08929868740366154,2026-05-01,0.9714212825513812,2026-05-04,-0.8818664200445292,2026-05-04,1.251411465220721,2026-05-04,0.10850152967139244,False,True,20.580989150694524,18.96129947267736,1.6196896780171635,-0.18294719503985268,NEUTRAL
2026-05-06,24349.0,0.742645757180719,2026-05-05,0.6719419763032216,2026-05-05,0.08929868740366154,2026-05-01,-0.4626618000660639,2026-05-05,1.2590905256875526,2026-05-05,1.251411465220721,2026-05-04,0.591954435288302,False,True,0.00010000000000000002,18.85373563411802,-18.85363563411802,-0.6148618816422833,NEUTRAL
2026-05-07,24353.1,1.4794945777078048,2026-05-06,1.503903624878878,2026-05-06,0.08929868740366154,2026-05-01,0.9395980913897638,2026-05-06,1.509182591146719,2026-05-06,1.5735059991890292,2026-05-06,1.1824972619526426,False,True,15.54654559431063,19.144001724400457,-3.597456130089828,-0.2806760454825758,NEUTRAL
2026-05-08,24215.1,-0.5047126891313447,2026-05-07,-0.2479589938858808,2026-05-07,2.5717012393812366,2026-05-07,1.1720406861704502,2026-05-07,-0.7356533383062753,2026-05-07,0.2176947756016505,2026-05-07,0.4121852799716394,False,True,14.584408750222478,13.610478799848172,0.9739299503743055,-0.1882764930619709,NEUTRAL
2026-05-11,23878.55,0.7873491667097658,2026-05-08,1.210613834551453,2026-05-08,-0.20747854458268453,2026-05-08,-0.6302154725436204,2026-05-08,-0.9176768619344885,2026-05-08,-0.1402465284807942,2026-05-08,0.01705759895327186,False,True,13.956082190209157,13.337082567027297,0.6189996231818604,-0.1974472092229058,NEUTRAL
2026-05-12,23422.5,0.08101052498750343,2026-05-11,-0.09499889725641546,2026-05-11,-0.34349792665710077,2026-05-11,0.04962561041617691,2026-05-11,0.05710707073631718,2026-05-11,0.998349863510623,2026-05-11,0.1245993742895174,False,True,19.243087515369456,13.848587753395798,5.394499761973659,-0.09766094751591184,NEUTRAL
2026-05-13,23476.75,-0.32428807566719636,2026-05-12,-0.7848955119207451,2026-05-12,0.11729976656493299,2026-05-12,-0.14636803200291065,2026-05-12,-1.1188769046887261,2026-05-12,-0.8402386506053229,2026-05-12,-0.5162279013866614,False,True,0.00010000000000000002,15.043702264437057,-15.043602264437057,-0.5367592417114965,NEUTRAL
2026-05-14,23711.65,0.48363536979886607,2026-05-13,0.7709542778732195,2026-05-13,0.27129772328589224,2026-05-13,0.11473157727087795,2026-05-13,0.5611004047161898,2026-05-13,0.5333036854954554,2026-05-13,0.45583717307341676,False,True,18.106326302020154,13.55126895052045,4.555057351499704,-0.11487751658928398,NEUTRAL
2026-05-15,23643.85,0.6685465460873979,2026-05-14,0.4937044996668646,2026-05-14,-0.5718706402759522,2026-05-14,0.024383761008036017,2026-05-14,0.9437541554021607,2026-05-14,0.28125493129946605,2026-05-14,0.30662887553132884,False,True,15.713769310050886,14.430336074150784,1.2834332359001017,-0.17523498586728567,NEUTRAL
2026-05-18,23591.0,-1.4874837889283152,2026-05-15,-1.455959912763679,2026-05-15,-1.0368945793485866,2026-05-15,-1.1629994159828678,2026-05-15,-1.410196032971412,2026-05-15,-1.8696515340768656,2026-05-15,-1.403864210678621,False,True,15.969150037358288,14.135992058178678,1.8331579791796102,-0.16627240667375695,NEUTRAL
2026-05-19,23655.4,-0.21747461978840676,2026-05-18,-0.6037640477218996,2026-05-18,-0.5234283643138199,2026-05-18,-0.7563220763613857,2026-05-18,1.0513059777853033,2026-05-18,-0.07322517017166179,2026-05-18,-0.18715138342864504,False,True,20.846549329912683,14.132409133009718,6.7141401969029655,-0.06521979700957387,NEUTRAL
2026-05-20,23680.1,-0.8342277361439615,2026-05-19,-0.8464906033018869,2026-05-19,-0.27198673861725153,2026-05-19,0.4042140269933634,2026-05-19,0.2940068508030484,2026-05-19,-1.023277335262122,2026-05-19,-0.379626922588135,False,True,0.00010000000000000002,13.578125153798407,-13.578025153798407,-0.5023377795257891,NEUTRAL
2026-05-21,23678.75,1.0175304225235102,2026-05-20,1.043236722745561,2026-05-20,-0.6517375694315364,2026-05-20,-0.3899919513062876,2026-05-20,0.9545458480145453,2026-05-20,-0.3570052530738424,2026-05-20,0.269429703245325,False,True,16.629070947627994,13.438637322378433,3.190433625249561,-0.14019728478062704,NEUTRAL
2026-05-27,23896.9,0.5091603860032332,2026-05-26,0.7563548699534889,2026-05-26,-0.23034319910544335,2026-05-26,0.04487540108245506,2026-05-26,-0.5499822739606015,2026-05-26,0.5162371400621283,2026-05-26,0.17438372067254346,False,True,14.024142849815485,12.64122947199698,1.3829133778185057,-0.1311905470546543,NEUTRAL
2026-06-04,23414.8,-1.0563320081793508,2026-06-03,-1.0094411834649133,2026-06-03,1.030725256122817,2026-06-03,-1.2112678148716445,2026-06-03,-1.0258081624788449,2026-06-03,-0.2414885004164643,2026-06-02,-0.5856020688814002,False,True,15.66032450054718,14.70715934862758,0.9531651519196007,-0.14638564902997994,NEUTRAL
2026-06-05,23363.2,0.250903259229855,2026-06-04,-0.3108696681772772,2026-06-04,-0.8500449012442911,2026-06-04,-1.1700181493750477,2026-06-04,0.36996984860413346,2026-06-04,-0.8286717686900584,2026-06-04,-0.4231218966087811,False,True,17.137484493247147,14.338778362179086,2.7987061310680605,-0.10001224816032721,NEUTRAL
2026-06-08,23182.4,-3.1621104358669188,2026-06-05,-3.715410736379795,2026-06-05,-0.7970315097507834,2026-06-05,-0.8845976808857987,2026-06-05,-0.6272231809530647,2026-06-05,-1.9647347397615567,2026-06-05,-1.8585180472663196,False,True,19.66775712917895,14.167071551471555,5.500685577707394,0.11514715921403242,NEUTRAL
2026-06-09,23272.9,0.15485879429094818,2026-06-08,0.4810675222294852,2026-06-08,-1.9903116377513064,2026-06-08,-0.9072732300334972,2026-06-08,-0.4763676760001706,2026-06-08,-2.832252679676192,2026-06-08,-0.9283798178234556,False,True,50.45207704079833,14.305323971487722,36.146753069310606,1.3812095220751106,HIGH_VOL_STATE
2026-06-10,23256.85,-0.4622750575695922,2026-06-09,-0.9366450322794003,2026-06-09,0.8959910679648337,2026-06-09,-0.2531140019740241,2026-06-09,-0.6155162654213896,2026-06-09,2.2726344737378033,2026-06-09,0.1501791974097051,False,True,500.0,14.536995712611725,485.4630042873883,19.71604504790616,HIGH_VOL_STATE
2026-06-11,23177.05,-1.9210152951577593,2026-06-10,-1.7111450042988579,2026-06-10,-1.0959395430896854,2026-06-10,-0.44238200340543604,2026-06-10,-0.7785648041746841,2026-06-10,-1.4864452483949697,2026-06-10,-1.2392486497535655,False,True,14.811849073524208,13.493555379619671,1.3182936939045362,-0.15534694418705972,NEUTRAL
2026-06-12,23607.95,1.677192120685997,2026-06-11,1.7509053660092435,2026-06-11,-0.1066212634439847,2026-06-11,-0.4420034236515242,2026-06-11,-0.001192454227171583,2026-06-11,-0.04984976038180158,2026-06-11,0.4714050974984598,False,True,15.157877003808334,13.465968743881065,1.6919082599272688,-0.1531780452466062,NEUTRAL
2026-06-15,23897.65,0.3431075623343199,2026-06-12,0.048988328110691634,2026-06-12,1.233062294099508,2026-06-12,1.599855849313373,2026-06-12,1.2726865723670646,2026-06-12,1.1264898797503353,2026-06-12,0.9373650809958819,False,True,14.154919062769512,15.655371793832357,-1.500452731062845,-0.19847767284145512,NEUTRAL
2026-06-16,23988.4,1.5119270540040914,2026-06-15,2.074706374712886,2026-06-15,2.256366225236249,2026-06-15,0.4242636254924958,2026-06-15,0.7226892893437911,2026-06-15,1.2569284810721604,2026-06-15,1.3744801749769457,False,True,13.286226914714128,15.198372968098381,-1.9121460533842534,-0.20301263254428611,NEUTRAL
2026-06-17,24076.8,-0.8135653608933608,2026-06-16,-1.0584665354414118,2026-06-16,-0.1504238353600448,2026-06-16,-1.0577744794526418,2026-06-16,-0.02880732622266343,2026-06-16,0.3736170312738716,2026-06-16,-0.4559034176827086,False,True,12.193693465942602,13.542825610296308,-1.3491321443537068,-0.1923828622054383,NEUTRAL
2026-06-18,24121.9,-1.52248986808579,2026-06-17,-1.2236078209007801,2026-06-17,0.12472342310132538,2026-06-17,-0.5133086724229322,2026-06-17,-0.04282068078921181,2026-06-17,0.24176912416395704,2026-06-17,-0.4892890824889053,False,True,12.058170976987176,13.576801536560474,-1.5186305595732978,-0.18930676571521085,NEUTRAL
2026-06-19,23910.5,0.9078979270718691,2026-06-18,1.1640299891946042,2026-06-18,0.5829940799061042,2026-06-18,-1.1588144481780807,2026-06-18,0.14323589329484224,2026-06-18,0.4129718550039202,2026-06-18,0.3420525493822099,False,True,11.413494892118651,13.017085978155263,-1.6035910860366123,-0.16416658740682996,NEUTRAL
2026-06-22,24133.6,0.9078979270718691,2026-06-18,1.1640299891946042,2026-06-18,-0.10780297209758909,2026-06-19,-1.1588144481780807,2026-06-18,-0.2681097349067174,2026-06-19,-0.26396987901588803,2026-06-19,0.04553848034469971,False,True,11.657191205287296,13.261760181873461,-1.6045689765861653,-0.1616492851606564,NEUTRAL
2026-06-23,23916.35,-0.6165533400234946,2026-06-22,-1.194556972935256,2026-06-22,0.49594392789992825,2026-06-22,-0.43547245885575314,2026-06-22,0.35202573589754116,2026-06-22,-0.0682344320000978,2026-06-22,-0.24447459000285535,False,True,11.517759593769238,13.30068544469267,-1.7829258509234318,-0.16223140136309025,NEUTRAL
2026-06-24,24050.85,-1.6929930091031746,2026-06-23,-1.788752592396452,2026-06-23,-2.0615002895104366,2026-06-23,-1.3548374601351416,2026-06-23,-0.9100958102190192,2026-06-23,-3.175361396209032,2026-06-23,-1.8305900929288759,False,True,13.239573767708384,14.055895354193082,-0.8163215864846975,-0.14466715001365396,NEUTRAL
2026-06-25,24091.0,-0.32875921108037925,2026-06-24,-0.5264397641927147,2026-06-24,-0.6548769014328921,2026-06-24,0.3228794513791102,2026-06-24,-0.6313762620125545,2026-06-24,0.6926604061062446,2026-06-24,-0.1876520468721976,False,True,12.218725860819694,14.336935075181067,-2.1182092143613733,-0.16137780863652934,NEUTRAL
2026-06-29,23931.05,-0.3210999428115837,2026-06-26,-0.42512441303252096,2026-06-26,-2.219393482902533,2026-06-26,-1.3909255437847996,2026-06-26,-1.200915319475444,2026-06-26,-1.8023952483998027,2026-06-26,-1.2266423250677807,False,True,11.353488216088886,14.332874463685338,-2.9793862475964517,-0.16319574885454372,NEUTRAL
2026-06-30,23902.3,1.1269659722457375,2026-06-29,1.3907069128775271,2026-06-29,-0.16388836925776998,2026-06-29,1.4866552306928225,2026-06-29,-0.2641022778194361,2026-06-29,-0.2764030875679575,2026-06-29,0.5499890635284872,False,True,13.031563674597995,14.444001301699757,-1.4124376271017614,-0.1386206114000062,NEUTRAL
2026-07-01,24036.8,0.6692518168527937,2026-06-30,0.9476109484473136,2026-06-30,0.1492343014666581,2026-06-30,-0.43188233561890227,2026-06-30,1.171936833907464,2026-06-30,0.015030547937935066,2026-06-30,0.42019701883221033,False,True,12.776840209167284,14.238221956619268,-1.4613817474519841,-0.13761790676076666,NEUTRAL
2026-07-02,24191.1,-0.4999111336235125,2026-07-01,-0.7400154462374843,2026-07-01,0.06135043363965869,2026-07-01,-0.43188233561890227,2026-06-30,0.036737818990237946,2026-07-01,-0.787544015540835,2026-07-01,-0.3935441130651396,False,True,11.506361980006805,11.732483580969177,-0.22612160096237233,-0.11755135662246083,NEUTRAL
