state,mapping,exit_time,signal_date,trade_date,expiry,atm_strike,opening_return,move_ratio,move_ratio_z,side,lot_size,long_strike,short_strike,entry_debit,exit_value,gross_pnl,slippage_cost,transaction_costs,net_pnl,accounting_residual,entry_capital,week,year
HIGH_DISLOCATION,CONTINUE,10:30:00,2021-09-28,2021-09-29,2021-09-30,17800.0,-0.004145147189037188,0.11677364970379886,1.3009497430757504,BEAR,50,17800.0,17600.0,125.05000000000001,120.25000000000001,-239.99999999999986,80.0,118.63274313,-438.6327431299999,0.0,6252.500000000001,2021-09-27/2021-10-03,2021
HIGH_DISLOCATION,CONTINUE,15:10:00,2021-09-28,2021-09-29,2021-09-30,17800.0,-0.004145147189037188,0.11677364970379886,1.3009497430757504,BEAR,50,17800.0,17600.0,125.05000000000001,96.85,-1410.000000000001,80.0,113.71972167999999,-1603.719721680001,0.0,6252.500000000001,2021-09-27/2021-10-03,2021
HIGH_DISLOCATION,FADE,10:30:00,2021-09-28,2021-09-29,2021-09-30,17800.0,-0.004145147189037188,0.11677364970379886,1.3009497430757504,BULL,50,17800.0,18000.0,20.7,23.900000000000002,160.00000000000014,80.0,98.38629047,-18.386290469999864,0.0,1035.0,2021-09-27/2021-10-03,2021
HIGH_DISLOCATION,FADE,15:10:00,2021-09-28,2021-09-29,2021-09-30,17800.0,-0.004145147189037188,0.11677364970379886,1.3009497430757504,BULL,50,17800.0,18000.0,20.7,24.2,175.0,80.0,98.02175187,-3.021751870000003,0.0,1035.0,2021-09-27/2021-10-03,2021
LOW_DISLOCATION,CONTINUE,10:30:00,2021-09-29,2021-09-30,2021-09-30,17650.0,-0.0007871741580349991,0.018814985145518576,-1.0333474935063913,BEAR,50,17650.0,17450.0,43.9,35.1,-439.9999999999999,80.0,98.59259115999998,-618.5925911599999,0.0,2195.0,2021-09-27/2021-10-03,2021
LOW_DISLOCATION,CONTINUE,15:10:00,2021-09-29,2021-09-30,2021-09-30,17650.0,-0.0007871741580349991,0.018814985145518576,-1.0333474935063913,BEAR,50,17650.0,17450.0,43.9,26.05,-892.4999999999999,80.0,97.68759733499999,-1070.187597335,0.0,2195.0,2021-09-27/2021-10-03,2021
LOW_DISLOCATION,FADE,10:30:00,2021-09-29,2021-09-30,2021-09-30,17650.0,-0.0007871741580349991,0.018814985145518576,-1.0333474935063913,BULL,50,17650.0,17850.0,50.9,56.150000000000006,262.50000000000034,80.0,100.63667471500001,81.86332528500033,0.0,2545.0,2021-09-27/2021-10-03,2021
LOW_DISLOCATION,FADE,15:10:00,2021-09-29,2021-09-30,2021-09-30,17650.0,-0.0007871741580349991,0.018814985145518576,-1.0333474935063913,BULL,50,17650.0,17850.0,50.9,0.3,-2530.0,80.0,96.11957278000001,-2706.11957278,0.0,2545.0,2021-09-27/2021-10-03,2021
HIGH_DISLOCATION,CONTINUE,10:30:00,2021-09-30,2021-10-01,2021-10-07,17650.0,-0.0036045895055113243,0.10905971582871751,1.1414996370438437,BEAR,50,17650.0,17450.0,104.5,101.15,-167.49999999999972,80.0,128.072465875,-375.5724658749997,0.0,5225.0,2021-09-27/2021-10-03,2021
HIGH_DISLOCATION,CONTINUE,15:10:00,2021-09-30,2021-10-01,2021-10-07,17650.0,-0.0036045895055113243,0.10905971582871751,1.1414996370438437,BEAR,50,17650.0,17450.0,104.5,98.1,-320.0000000000003,80.0,125.20757754,-525.2075775400003,0.0,5225.0,2021-09-27/2021-10-03,2021
HIGH_DISLOCATION,FADE,10:30:00,2021-09-30,2021-10-01,2021-10-07,17650.0,-0.0036045895055113243,0.10905971582871751,1.1414996370438437,BULL,50,17650.0,17850.0,52.7,52.25,-22.500000000000142,80.0,105.12752903500001,-207.62752903500015,0.0,2635.0,2021-09-27/2021-10-03,2021
HIGH_DISLOCATION,FADE,15:10:00,2021-09-30,2021-10-01,2021-10-07,17650.0,-0.0036045895055113243,0.10905971582871751,1.1414996370438437,BULL,50,17650.0,17850.0,52.7,52.150000000000006,-27.499999999999858,80.0,104.95778791499998,-212.45778791499984,0.0,2635.0,2021-09-27/2021-10-03,2021
LOW_DISLOCATION,CONTINUE,10:30:00,2021-10-04,2021-10-05,2021-10-07,17600.0,0.00021003334989005761,0.0064215766700733,-1.3084718738758385,BULL,50,17600.0,17800.0,94.14999999999999,103.6,472.5000000000001,80.0,111.37704134500001,281.1229586550001,0.0,4707.5,2021-10-04/2021-10-10,2021
LOW_DISLOCATION,CONTINUE,15:10:00,2021-10-04,2021-10-05,2021-10-07,17600.0,0.00021003334989005761,0.0064215766700733,-1.3084718738758385,BULL,50,17600.0,17800.0,94.14999999999999,157.95,3190.0,80.0,119.85476448,2990.14523552,0.0,4707.5,2021-10-04/2021-10-10,2021
LOW_DISLOCATION,FADE,10:30:00,2021-10-04,2021-10-05,2021-10-07,17600.0,0.00021003334989005761,0.0064215766700733,-1.3084718738758385,BEAR,50,17600.0,17400.0,45.449999999999996,36.95,-424.99999999999966,80.0,101.85323516,-606.8532351599997,0.0,2272.5,2021-10-04/2021-10-10,2021
LOW_DISLOCATION,FADE,15:10:00,2021-10-04,2021-10-05,2021-10-07,17600.0,0.00021003334989005761,0.0064215766700733,-1.3084718738758385,BEAR,50,17600.0,17400.0,45.449999999999996,10.65,-1739.9999999999998,80.0,99.09147497000001,-1919.0914749699998,0.0,2272.5,2021-10-04/2021-10-10,2021
LOW_DISLOCATION,CONTINUE,10:30:00,2021-10-05,2021-10-06,2021-10-07,17650.0,0.0009821625691336128,0.029078579469393285,-0.7505695276629921,BULL,50,17650.0,17850.0,150.2,127.55,-1132.4999999999995,80.0,117.58406435500001,-1330.0840643549996,0.0,7509.999999999999,2021-10-04/2021-10-10,2021
LOW_DISLOCATION,CONTINUE,15:10:00,2021-10-05,2021-10-06,2021-10-07,17650.0,0.0009821625691336128,0.029078579469393285,-0.7505695276629921,BULL,50,17650.0,17850.0,150.2,52.4,-4889.999999999999,80.0,108.95516414,-5078.955164139999,0.0,7509.999999999999,2021-10-04/2021-10-10,2021
LOW_DISLOCATION,FADE,10:30:00,2021-10-05,2021-10-06,2021-10-07,17650.0,0.0009821625691336128,0.029078579469393285,-0.7505695276629921,BEAR,50,17650.0,17450.0,8.25,16.5,412.5,80.0,96.96805036499998,235.53194963500002,0.0,412.5,2021-10-04/2021-10-10,2021
LOW_DISLOCATION,FADE,15:10:00,2021-10-05,2021-10-06,2021-10-07,17650.0,0.0009821625691336128,0.029078579469393285,-0.7505695276629921,BEAR,50,17650.0,17450.0,8.25,50.25,2100.0,80.0,99.85237717999999,1920.14762282,0.0,412.5,2021-10-04/2021-10-10,2021
LOW_DISLOCATION,CONTINUE,10:30:00,2021-10-06,2021-10-07,2021-10-07,17850.0,7.275820768546472e-05,0.002320606260808156,-1.3787649301768985,BULL,50,17850.0,18050.0,19.95,14.7,-262.5,80.0,96.13872700499999,-438.63872700499996,0.0,997.5,2021-10-04/2021-10-10,2021
LOW_DISLOCATION,CONTINUE,15:10:00,2021-10-06,2021-10-07,2021-10-07,17850.0,7.275820768546472e-05,0.002320606260808156,-1.3787649301768985,BULL,50,17850.0,18050.0,19.95,0.19999999999999998,-987.5,80.0,95.038827135,-1162.538827135,0.0,997.5,2021-10-04/2021-10-10,2021
LOW_DISLOCATION,FADE,10:30:00,2021-10-06,2021-10-07,2021-10-07,17850.0,7.275820768546472e-05,0.002320606260808156,-1.3787649301768985,BEAR,50,17850.0,17650.0,56.4,58.449999999999996,102.49999999999986,80.0,100.935535985,-78.43553598500014,0.0,2820.0,2021-10-04/2021-10-10,2021
LOW_DISLOCATION,FADE,15:10:00,2021-10-06,2021-10-07,2021-10-07,17850.0,7.275820768546472e-05,0.002320606260808156,-1.3787649301768985,BEAR,50,17850.0,17650.0,56.4,58.050000000000004,82.50000000000028,80.0,100.34952490499998,-97.8495249049997,0.0,2820.0,2021-10-04/2021-10-10,2021
LOW_DISLOCATION,CONTINUE,10:30:00,2021-10-07,2021-10-08,2021-10-14,17800.0,-0.00029189786942626503,0.010752674785733263,-1.1342507753578828,BEAR,50,17800.0,17600.0,56.050000000000004,41.2,-742.5000000000001,80.0,105.363935455,-927.8639354550002,0.0,2802.5,2021-10-04/2021-10-10,2021
LOW_DISLOCATION,CONTINUE,15:10:00,2021-10-07,2021-10-08,2021-10-14,17800.0,-0.00029189786942626503,0.010752674785733263,-1.1342507753578828,BEAR,50,17800.0,17600.0,56.050000000000004,44.39999999999999,-582.5000000000007,80.0,105.44153545500001,-767.9415354550007,0.0,2802.5,2021-10-04/2021-10-10,2021
LOW_DISLOCATION,FADE,10:30:00,2021-10-07,2021-10-08,2021-10-14,17800.0,-0.00029189786942626503,0.010752674785733263,-1.1342507753578828,BULL,50,17800.0,18000.0,96.35000000000001,114.85,924.9999999999993,80.0,119.08157638,725.9184236199993,0.0,4817.5,2021-10-04/2021-10-10,2021
LOW_DISLOCATION,FADE,15:10:00,2021-10-07,2021-10-08,2021-10-14,17800.0,-0.00029189786942626503,0.010752674785733263,-1.1342507753578828,BULL,50,17800.0,18000.0,96.35000000000001,107.0,532.4999999999995,80.0,116.025925325,336.47407467499954,0.0,4817.5,2021-10-04/2021-10-10,2021
LOW_DISLOCATION,CONTINUE,10:30:00,2021-10-13,2021-10-14,2021-10-14,18100.0,-0.0006547377319552649,0.02045557504368927,-0.9081902270684725,BEAR,50,18100.0,17900.0,3.1,2.95,-7.499999999999996,80.0,95.19808557500001,-182.698085575,0.0,155.0,2021-10-11/2021-10-17,2021
LOW_DISLOCATION,CONTINUE,15:10:00,2021-10-13,2021-10-14,2021-10-14,18100.0,-0.0006547377319552649,0.02045557504368927,-0.9081902270684725,BEAR,50,18100.0,17900.0,3.1,-0.05000000000000002,-157.5,80.0,94.730283625,-332.23028362499997,0.0,155.0,2021-10-11/2021-10-17,2021
LOW_DISLOCATION,FADE,10:30:00,2021-10-13,2021-10-14,2021-10-14,18100.0,-0.0006547377319552649,0.02045557504368927,-0.9081902270684725,BULL,50,18100.0,18300.0,150.65,152.85,109.99999999999943,80.0,112.50954794999998,-82.50954795000055,0.0,7532.5,2021-10-11/2021-10-17,2021
LOW_DISLOCATION,FADE,15:10:00,2021-10-13,2021-10-14,2021-10-14,18100.0,-0.0006547377319552649,0.02045557504368927,-0.9081902270684725,BULL,50,18100.0,18300.0,150.65,199.6,2447.4999999999995,80.0,117.354399945,2250.1456000549997,0.0,7532.5,2021-10-11/2021-10-17,2021
LOW_DISLOCATION,CONTINUE,10:30:00,2021-10-14,2021-10-18,2021-10-21,18300.0,-0.000590591548525532,0.022956435407303136,-0.8461595163676247,BEAR,50,18300.0,18100.0,27.6,27.700000000000003,5.000000000000071,80.0,99.99357201,-174.99357200999992,0.0,1380.0,2021-10-18/2021-10-24,2021
LOW_DISLOCATION,CONTINUE,15:10:00,2021-10-14,2021-10-18,2021-10-21,18300.0,-0.000590591548525532,0.022956435407303136,-0.8461595163676247,BEAR,50,18300.0,18100.0,27.6,22.900000000000002,-234.99999999999997,80.0,99.41705268000001,-414.41705268,0.0,1380.0,2021-10-18/2021-10-24,2021
LOW_DISLOCATION,FADE,10:30:00,2021-10-14,2021-10-18,2021-10-21,18300.0,-0.000590591548525532,0.022956435407303136,-0.8461595163676247,BULL,50,18300.0,18500.0,129.55,128.25,-65.00000000000057,80.0,126.17712848000001,-271.1771284800006,0.0,6477.500000000001,2021-10-18/2021-10-24,2021
LOW_DISLOCATION,FADE,15:10:00,2021-10-14,2021-10-18,2021-10-21,18300.0,-0.000590591548525532,0.022956435407303136,-0.8461595163676247,BULL,50,18300.0,18500.0,129.55,133.2,182.49999999999886,80.0,126.15076437500001,-23.650764375001145,0.0,6477.500000000001,2021-10-18/2021-10-24,2021
LOW_DISLOCATION,CONTINUE,10:30:00,2021-10-18,2021-10-19,2021-10-21,18500.0,0.0006485610052695582,0.020567687338990122,-0.9084859007124427,BULL,50,18500.0,18700.0,96.94999999999999,80.8,-807.4999999999995,80.0,108.585779455,-996.0857794549995,0.0,4847.499999999999,2021-10-18/2021-10-24,2021
LOW_DISLOCATION,CONTINUE,15:10:00,2021-10-18,2021-10-19,2021-10-21,18500.0,0.0006485610052695582,0.020567687338990122,-0.9084859007124427,BULL,50,18500.0,18700.0,96.94999999999999,48.4,-2427.4999999999995,80.0,105.04401114499998,-2612.5440111449993,0.0,4847.499999999999,2021-10-18/2021-10-24,2021
LOW_DISLOCATION,FADE,10:30:00,2021-10-18,2021-10-19,2021-10-21,18500.0,0.0006485610052695582,0.020567687338990122,-0.9084859007124427,BEAR,50,18500.0,18300.0,41.3,54.75,672.5000000000001,80.0,103.958758955,488.5412410450001,0.0,2065.0,2021-10-18/2021-10-24,2021
LOW_DISLOCATION,FADE,15:10:00,2021-10-18,2021-10-19,2021-10-21,18500.0,0.0006485610052695582,0.020567687338990122,-0.9084859007124427,BEAR,50,18500.0,18300.0,41.3,84.8,2175.0,80.0,107.8176772,1987.1823228,0.0,2065.0,2021-10-18/2021-10-24,2021
HIGH_DISLOCATION,CONTINUE,10:30:00,2021-10-20,2021-10-21,2021-10-21,18350.0,-0.003897578785028626,0.08906488685012383,0.8335472891779628,BEAR,50,18350.0,18150.0,67.35,102.9,1777.5000000000005,80.0,106.116720785,1591.3832792150004,0.0,3367.4999999999995,2021-10-18/2021-10-24,2021
HIGH_DISLOCATION,CONTINUE,15:10:00,2021-10-20,2021-10-21,2021-10-21,18350.0,-0.003897578785028626,0.08906488685012383,0.8335472891779628,BEAR,50,18350.0,18150.0,67.35,190.85,6175.0,80.0,110.6872112,5984.3127888,0.0,3367.4999999999995,2021-10-18/2021-10-24,2021
HIGH_DISLOCATION,FADE,10:30:00,2021-10-20,2021-10-21,2021-10-21,18350.0,-0.003897578785028626,0.08906488685012383,0.8335472891779628,BULL,50,18350.0,18550.0,29.949999999999996,10.149999999999999,-989.9999999999999,80.0,96.23903733,-1166.23903733,0.0,1497.4999999999998,2021-10-18/2021-10-24,2021
HIGH_DISLOCATION,FADE,15:10:00,2021-10-20,2021-10-21,2021-10-21,18350.0,-0.003897578785028626,0.08906488685012383,0.8335472891779628,BULL,50,18350.0,18550.0,29.949999999999996,-0.04999999999999999,-1499.9999999999998,80.0,95.30847983999999,-1675.3084798399998,0.0,1497.4999999999998,2021-10-18/2021-10-24,2021
HIGH_DISLOCATION,CONTINUE,10:30:00,2021-10-21,2021-10-22,2021-10-28,18300.0,-0.0049906985346112424,0.1556827825680063,2.4929265712807234,BEAR,50,18300.0,18100.0,72.94999999999999,77.30000000000001,217.50000000000114,80.0,114.24646582500002,23.25353417500112,0.0,3647.4999999999995,2021-10-18/2021-10-24,2021
HIGH_DISLOCATION,CONTINUE,15:10:00,2021-10-21,2021-10-22,2021-10-28,18300.0,-0.0049906985346112424,0.1556827825680063,2.4929265712807234,BEAR,50,18300.0,18100.0,72.94999999999999,111.6,1932.5000000000002,80.0,121.07838279500001,1731.4216172050003,0.0,3647.4999999999995,2021-10-18/2021-10-24,2021
HIGH_DISLOCATION,FADE,10:30:00,2021-10-21,2021-10-22,2021-10-28,18300.0,-0.0049906985346112424,0.1556827825680063,2.4929265712807234,BULL,50,18300.0,18500.0,78.4,72.80000000000001,-279.9999999999997,80.0,111.46987433999999,-471.4698743399997,0.0,3920.0000000000005,2021-10-18/2021-10-24,2021
HIGH_DISLOCATION,FADE,15:10:00,2021-10-21,2021-10-22,2021-10-28,18300.0,-0.0049906985346112424,0.1556827825680063,2.4929265712807234,BULL,50,18300.0,18500.0,78.4,42.699999999999996,-1785.0000000000005,80.0,107.29602587,-1972.2960258700004,0.0,3920.0000000000005,2021-10-18/2021-10-24,2021
HIGH_DISLOCATION,CONTINUE,10:30:00,2021-10-25,2021-10-26,2021-10-28,18050.0,-0.008738364379927059,0.2089648648175756,3.6100174529601152,BEAR,50,18050.0,17850.0,25.749999999999996,28.5,137.50000000000017,80.0,100.162407085,-42.66240708499983,0.0,1287.4999999999998,2021-10-25/2021-10-31,2021
HIGH_DISLOCATION,CONTINUE,15:10:00,2021-10-25,2021-10-26,2021-10-28,18050.0,-0.008738364379927059,0.2089648648175756,3.6100174529601152,BEAR,50,18050.0,17850.0,25.749999999999996,15.000000000000002,-537.4999999999998,80.0,98.46396943500001,-715.9639694349997,0.0,1287.4999999999998,2021-10-25/2021-10-31,2021
HIGH_DISLOCATION,FADE,10:30:00,2021-10-25,2021-10-26,2021-10-28,18050.0,-0.008738364379927059,0.2089648648175756,3.6100174529601152,BULL,50,18050.0,18250.0,136.4,127.95,-422.5000000000001,80.0,126.13155190499998,-628.6315519050002,0.0,6820.0,2021-10-25/2021-10-31,2021
HIGH_DISLOCATION,FADE,15:10:00,2021-10-25,2021-10-26,2021-10-28,18050.0,-0.008738364379927059,0.2089648648175756,3.6100174529601152,BULL,50,18050.0,18250.0,136.4,153.7,864.9999999999991,80.0,129.66310699,655.3368930099991,0.0,6820.0,2021-10-25/2021-10-31,2021
HIGH_DISLOCATION,CONTINUE,10:30:00,2021-10-26,2021-10-27,2021-10-28,18250.0,0.004044570116436102,0.10580813876659605,1.0264342030855074,BULL,50,18250.0,18450.0,91.65,86.85,-240.00000000000057,80.0,107.97098815,-427.97098815000055,0.0,4582.5,2021-10-25/2021-10-31,2021
HIGH_DISLOCATION,CONTINUE,15:10:00,2021-10-26,2021-10-27,2021-10-28,18250.0,0.004044570116436102,0.10580813876659605,1.0264342030855074,BULL,50,18250.0,18450.0,91.65,53.0,-1932.5000000000002,80.0,103.88513747500001,-2116.385137475,0.0,4582.5,2021-10-25/2021-10-31,2021
HIGH_DISLOCATION,FADE,10:30:00,2021-10-26,2021-10-27,2021-10-28,18250.0,0.004044570116436102,0.10580813876659605,1.0264342030855074,BEAR,50,18250.0,18050.0,42.4,42.25,-7.499999999999929,80.0,101.704823575,-189.20482357499992,0.0,2120.0,2021-10-25/2021-10-31,2021
HIGH_DISLOCATION,FADE,15:10:00,2021-10-26,2021-10-27,2021-10-28,18250.0,0.004044570116436102,0.10580813876659605,1.0264342030855074,BEAR,50,18250.0,18050.0,42.4,58.900000000000006,825.0000000000003,80.0,102.63609662,642.3639033800004,0.0,2120.0,2021-10-25/2021-10-31,2021
LOW_DISLOCATION,CONTINUE,10:30:00,2021-10-27,2021-10-28,2021-10-28,18300.0,0.0002513029511708632,0.006313860944688715,-1.2621564792131676,BULL,50,18300.0,18500.0,5.5,3.2,-114.99999999999999,80.0,95.28770201,-290.28770201,0.0,275.0,2021-10-25/2021-10-31,2021
LOW_DISLOCATION,CONTINUE,15:10:00,2021-10-27,2021-10-28,2021-10-28,18300.0,0.0002513029511708632,0.006313860944688715,-1.2621564792131676,BULL,50,18300.0,18500.0,5.5,0.04999999999999999,-272.5,80.0,94.823234065,-447.323234065,0.0,275.0,2021-10-25/2021-10-31,2021
LOW_DISLOCATION,FADE,10:30:00,2021-10-27,2021-10-28,2021-10-28,18300.0,0.0002513029511708632,0.006313860944688715,-1.2621564792131676,BEAR,50,18300.0,18100.0,134.64999999999998,162.14999999999998,1375.0,80.0,118.18903325000002,1176.81096675,0.0,6732.499999999999,2021-10-25/2021-10-31,2021
LOW_DISLOCATION,FADE,15:10:00,2021-10-27,2021-10-28,2021-10-28,18300.0,0.0002513029511708632,0.006313860944688715,-1.2621564792131676,BEAR,50,18300.0,18100.0,134.64999999999998,200.95,3315.0000000000005,80.0,136.10322409,3098.8967759100005,0.0,6732.499999999999,2021-10-25/2021-10-31,2021
LOW_DISLOCATION,CONTINUE,10:30:00,2021-11-02,2021-11-03,2021-11-11,17950.0,0.00020589929298638713,0.00675065392782051,-1.2414899869887734,BULL,50,17950.0,18150.0,88.35000000000001,92.10000000000001,187.5,80.0,117.262196665,-9.762196665000005,0.0,4417.5,2021-11-01/2021-11-07,2021
LOW_DISLOCATION,CONTINUE,15:10:00,2021-11-02,2021-11-03,2021-11-11,17950.0,0.00020589929298638713,0.00675065392782051,-1.2414899869887734,BULL,50,17950.0,18150.0,88.35000000000001,58.0,-1517.5000000000005,80.0,110.932430385,-1708.4324303850005,0.0,4417.5,2021-11-01/2021-11-07,2021
LOW_DISLOCATION,FADE,10:30:00,2021-11-02,2021-11-03,2021-11-11,17950.0,0.00020589929298638713,0.00675065392782051,-1.2414899869887734,BEAR,50,17950.0,17750.0,67.00000000000001,64.6,-120.000000000001,80.0,112.16561444999999,-312.165614450001,0.0,3350.000000000001,2021-11-01/2021-11-07,2021
LOW_DISLOCATION,FADE,15:10:00,2021-11-02,2021-11-03,2021-11-11,17950.0,0.00020589929298638713,0.00675065392782051,-1.2414899869887734,BEAR,50,17950.0,17750.0,67.00000000000001,93.50000000000001,1325.0,80.0,116.80301594,1128.19698406,0.0,3350.000000000001,2021-11-01/2021-11-07,2021
HIGH_DISLOCATION,CONTINUE,10:30:00,2021-11-08,2021-11-09,2021-11-11,17850.0,-0.008448395610501418,0.23545512941672286,3.90424358552351,BEAR,50,17850.0,17650.0,19.349999999999998,22.349999999999998,150.0,80.0,98.52551824000001,-28.52551824000001,0.0,967.4999999999999,2021-11-08/2021-11-14,2021
HIGH_DISLOCATION,CONTINUE,15:10:00,2021-11-08,2021-11-09,2021-11-11,17850.0,-0.008448395610501418,0.23545512941672286,3.90424358552351,BEAR,50,17850.0,17650.0,19.349999999999998,17.0,-117.49999999999989,80.0,97.691658735,-295.1916587349999,0.0,967.4999999999999,2021-11-08/2021-11-14,2021
HIGH_DISLOCATION,FADE,10:30:00,2021-11-08,2021-11-09,2021-11-11,17850.0,-0.008448395610501418,0.23545512941672286,3.90424358552351,BULL,50,17850.0,18050.0,147.95000000000002,137.15,-540.0000000000006,80.0,127.48048458000001,-747.4804845800006,0.0,7397.500000000001,2021-11-08/2021-11-14,2021
HIGH_DISLOCATION,FADE,15:10:00,2021-11-08,2021-11-09,2021-11-11,17850.0,-0.008448395610501418,0.23545512941672286,3.90424358552351,BULL,50,17850.0,18050.0,147.95000000000002,144.79999999999998,-157.5000000000017,80.0,127.268621295,-364.7686212950017,0.0,7397.500000000001,2021-11-08/2021-11-14,2021
LOW_DISLOCATION,CONTINUE,10:30:00,2021-11-12,2021-11-15,2021-11-18,18000.0,8.342765292984012e-05,0.0032631804010882738,-1.1875341411234102,BULL,50,18000.0,18200.0,132.3,124.25,-402.50000000000057,80.0,122.59972736499999,-605.0997273650006,0.0,6615.000000000001,2021-11-15/2021-11-21,2021
LOW_DISLOCATION,CONTINUE,15:10:00,2021-11-12,2021-11-15,2021-11-18,18000.0,8.342765292984012e-05,0.0032631804010882738,-1.1875341411234102,BULL,50,18000.0,18200.0,132.3,117.0,-765.0000000000006,80.0,120.59505672,-965.5950567200006,0.0,6615.000000000001,2021-11-15/2021-11-21,2021
LOW_DISLOCATION,FADE,10:30:00,2021-11-12,2021-11-15,2021-11-18,18000.0,8.342765292984012e-05,0.0032631804010882738,-1.1875341411234102,BEAR,50,18000.0,17800.0,25.8,31.25,272.49999999999994,80.0,100.571809665,91.92819033499994,0.0,1290.0,2021-11-15/2021-11-21,2021
LOW_DISLOCATION,FADE,15:10:00,2021-11-12,2021-11-15,2021-11-18,18000.0,8.342765292984012e-05,0.0032631804010882738,-1.1875341411234102,BEAR,50,18000.0,17800.0,25.8,31.949999999999996,307.4999999999998,80.0,100.26809543499999,127.23190456499978,0.0,1290.0,2021-11-15/2021-11-21,2021
HIGH_DISLOCATION,CONTINUE,10:30:00,2021-11-22,2021-11-23,2021-11-25,17650.0,-0.009865067887280518,0.2575004907216918,4.095799197483147,BEAR,50,17650.0,17450.0,142.79999999999998,141.05,-87.49999999999858,80.0,134.72490028500002,-302.2249002849986,0.0,7139.999999999999,2021-11-22/2021-11-28,2021
HIGH_DISLOCATION,CONTINUE,15:10:00,2021-11-22,2021-11-23,2021-11-25,17650.0,-0.009865067887280518,0.2575004907216918,4.095799197483147,BEAR,50,17650.0,17450.0,142.79999999999998,105.35,-1872.4999999999995,80.0,125.88377356500001,-2078.3837735649995,0.0,7139.999999999999,2021-11-22/2021-11-28,2021
HIGH_DISLOCATION,FADE,10:30:00,2021-11-22,2021-11-23,2021-11-25,17650.0,-0.009865067887280518,0.2575004907216918,4.095799197483147,BULL,50,17650.0,17850.0,12.5,13.25,37.5,80.0,97.17193197499999,-139.671931975,0.0,625.0,2021-11-22/2021-11-28,2021
HIGH_DISLOCATION,FADE,15:10:00,2021-11-22,2021-11-23,2021-11-25,17650.0,-0.009865067887280518,0.2575004907216918,4.095799197483147,BULL,50,17650.0,17850.0,12.5,24.6,605.0000000000001,80.0,97.78412555,427.2158744500001,0.0,625.0,2021-11-22/2021-11-28,2021
LOW_DISLOCATION,CONTINUE,10:30:00,2021-11-24,2021-11-25,2021-11-25,17550.0,-0.00045270899353399034,0.012106222936431694,-0.8906770770772502,BEAR,50,17550.0,17350.0,115.55000000000001,123.85,414.99999999999915,80.0,112.16481993,222.83518006999915,0.0,5777.500000000001,2021-11-22/2021-11-28,2021
LOW_DISLOCATION,CONTINUE,15:10:00,2021-11-24,2021-11-25,2021-11-25,17550.0,-0.00045270899353399034,0.012106222936431694,-0.8906770770772502,BEAR,50,17550.0,17350.0,115.55000000000001,39.25,-3815.0000000000005,80.0,102.97444881000001,-3997.9744488100005,0.0,5777.500000000001,2021-11-22/2021-11-28,2021
LOW_DISLOCATION,FADE,10:30:00,2021-11-24,2021-11-25,2021-11-25,17550.0,-0.00045270899353399034,0.012106222936431694,-0.8906770770772502,BULL,50,17550.0,17750.0,6.300000000000001,3.3500000000000005,-147.5,80.0,95.051175185,-322.55117518500003,0.0,315.00000000000006,2021-11-22/2021-11-28,2021
LOW_DISLOCATION,FADE,15:10:00,2021-11-24,2021-11-25,2021-11-25,17550.0,-0.00045270899353399034,0.012106222936431694,-0.8906770770772502,BULL,50,17550.0,17750.0,6.300000000000001,0.15000000000000002,-307.5,80.0,94.708657995,-482.208657995,0.0,315.00000000000006,2021-11-22/2021-11-28,2021
HIGH_DISLOCATION,CONTINUE,10:30:00,2021-11-29,2021-11-30,2021-12-02,16950.0,-0.006640771466066657,0.12289172260796212,1.1744141513493573,BEAR,50,16950.0,16750.0,21.250000000000004,14.250000000000002,-350.0000000000001,80.0,99.32409632,-529.3240963200001,0.0,1062.5000000000002,2021-11-29/2021-12-05,2021
HIGH_DISLOCATION,CONTINUE,15:10:00,2021-11-29,2021-11-30,2021-12-02,16950.0,-0.006640771466066657,0.12289172260796212,1.1744141513493573,BEAR,50,16950.0,16750.0,21.250000000000004,51.8,1527.4999999999998,80.0,104.624408135,1342.8755918649997,0.0,1062.5000000000002,2021-11-29/2021-12-05,2021
HIGH_DISLOCATION,FADE,10:30:00,2021-11-29,2021-11-30,2021-12-02,16950.0,-0.006640771466066657,0.12289172260796212,1.1744141513493573,BULL,50,16950.0,17150.0,151.7,169.65,897.5000000000009,80.0,144.423602565,673.0763974350009,0.0,7584.999999999999,2021-11-29/2021-12-05,2021
HIGH_DISLOCATION,FADE,15:10:00,2021-11-29,2021-11-30,2021-12-02,16950.0,-0.006640771466066657,0.12289172260796212,1.1744141513493573,BULL,50,16950.0,17150.0,151.7,97.5,-2709.9999999999995,80.0,123.45352578,-2913.4535257799994,0.0,7584.999999999999,2021-11-29/2021-12-05,2021
HIGH_DISLOCATION,CONTINUE,10:30:00,2021-11-30,2021-12-01,2021-12-02,17200.0,0.007411007879503001,0.1761015019256955,2.1118033844925486,BULL,50,17200.0,17400.0,71.05,56.8,-712.5,80.0,102.724665885,-895.224665885,0.0,3552.5,2021-11-29/2021-12-05,2021
HIGH_DISLOCATION,CONTINUE,15:10:00,2021-11-30,2021-12-01,2021-12-02,17200.0,0.007411007879503001,0.1761015019256955,2.1118033844925486,BULL,50,17200.0,17400.0,71.05,49.050000000000004,-1099.9999999999995,80.0,101.64205191,-1281.6420519099995,0.0,3552.5,2021-11-29/2021-12-05,2021
HIGH_DISLOCATION,FADE,10:30:00,2021-11-30,2021-12-01,2021-12-02,17200.0,0.007411007879503001,0.1761015019256955,2.1118033844925486,BEAR,50,17200.0,17000.0,60.150000000000006,76.0,792.4999999999998,80.0,109.89161383500002,602.6083861649997,0.0,3007.5000000000005,2021-11-29/2021-12-05,2021
HIGH_DISLOCATION,FADE,15:10:00,2021-11-30,2021-12-01,2021-12-02,17200.0,0.007411007879503001,0.1761015019256955,2.1118033844925486,BEAR,50,17200.0,17000.0,60.150000000000006,59.9,-12.500000000000355,80.0,105.68545176500001,-198.18545176500038,0.0,3007.5000000000005,2021-11-29/2021-12-05,2021
HIGH_DISLOCATION,CONTINUE,10:30:00,2021-12-09,2021-12-10,2021-12-16,17450.0,-0.005959628506984741,0.1963705130425226,2.4430117935611246,BEAR,50,17450.0,17250.0,56.05,63.9,392.50000000000006,80.0,111.64033989500001,200.85966010500005,0.0,2802.5,2021-12-06/2021-12-12,2021
HIGH_DISLOCATION,CONTINUE,15:10:00,2021-12-09,2021-12-10,2021-12-16,17450.0,-0.005959628506984741,0.1963705130425226,2.4430117935611246,BEAR,50,17450.0,17250.0,56.05,48.35000000000001,-384.99999999999943,80.0,108.64893801999999,-573.6489380199994,0.0,2802.5,2021-12-06/2021-12-12,2021
HIGH_DISLOCATION,FADE,10:30:00,2021-12-09,2021-12-10,2021-12-16,17450.0,-0.005959628506984741,0.1963705130425226,2.4430117935611246,BULL,50,17450.0,17650.0,101.54999999999998,87.4,-707.4999999999989,80.0,115.015530365,-902.5155303649989,0.0,5077.499999999999,2021-12-06/2021-12-12,2021
HIGH_DISLOCATION,FADE,15:10:00,2021-12-09,2021-12-10,2021-12-16,17450.0,-0.005959628506984741,0.1963705130425226,2.4430117935611246,BULL,50,17450.0,17650.0,101.54999999999998,102.8,62.50000000000071,80.0,117.16903797500001,-134.6690379749993,0.0,5077.499999999999,2021-12-06/2021-12-12,2021
LOW_DISLOCATION,CONTINUE,10:30:00,2021-12-13,2021-12-14,2021-12-16,17650.0,0.0006838179171643558,0.02089829894798483,-0.7532558268583976,BULL,50,17650.0,17850.0,11.249999999999998,7.199999999999999,-202.49999999999994,80.0,96.09346428500001,-378.593464285,0.0,562.4999999999999,2021-12-13/2021-12-19,2021
LOW_DISLOCATION,CONTINUE,15:10:00,2021-12-13,2021-12-14,2021-12-16,17650.0,0.0006838179171643558,0.02089829894798483,-0.7532558268583976,BULL,50,17650.0,17850.0,11.249999999999998,7.299999999999999,-197.49999999999997,80.0,96.007583555,-373.507583555,0.0,562.4999999999999,2021-12-13/2021-12-19,2021
LOW_DISLOCATION,FADE,10:30:00,2021-12-13,2021-12-14,2021-12-16,17650.0,0.0006838179171643558,0.02089829894798483,-0.7532558268583976,BEAR,50,17650.0,17450.0,159.05,174.39999999999998,767.4999999999983,80.0,146.777340965,540.7226590349983,0.0,7952.500000000001,2021-12-13/2021-12-19,2021
LOW_DISLOCATION,CONTINUE,10:30:00,2021-12-14,2021-12-15,2021-12-16,17350.0,0.0003728205172668342,0.009540840552593436,-0.9394109278714552,BULL,50,17350.0,17550.0,40.4,32.099999999999994,-415.0000000000002,80.0,99.46918278000001,-594.4691827800002,0.0,2020.0,2021-12-13/2021-12-19,2021
LOW_DISLOCATION,CONTINUE,15:10:00,2021-12-14,2021-12-15,2021-12-16,17350.0,0.0003728205172668342,0.009540840552593436,-0.9394109278714552,BULL,50,17350.0,17550.0,40.4,24.85,-777.4999999999999,80.0,98.612486625,-956.1124866249999,0.0,2020.0,2021-12-13/2021-12-19,2021
LOW_DISLOCATION,FADE,10:30:00,2021-12-14,2021-12-15,2021-12-16,17350.0,0.0003728205172668342,0.009540840552593436,-0.9394109278714552,BEAR,50,17350.0,17150.0,91.25,102.25,550.0,80.0,112.80195834,357.19804166,0.0,4562.5,2021-12-13/2021-12-19,2021
LOW_DISLOCATION,FADE,15:10:00,2021-12-14,2021-12-15,2021-12-16,17350.0,0.0003728205172668342,0.009540840552593436,-0.9394109278714552,BEAR,50,17350.0,17150.0,91.25,99.1,392.4999999999997,80.0,111.440490085,201.05950991499972,0.0,4562.5,2021-12-13/2021-12-19,2021
HIGH_DISLOCATION,CONTINUE,10:30:00,2021-12-17,2021-12-20,2021-12-23,17150.0,-0.008284122868630629,0.27154314039965477,3.577037758827455,BEAR,50,17150.0,16950.0,171.95,179.15000000000003,360.0000000000023,80.0,173.34331116,106.65668884000226,0.0,8597.5,2021-12-20/2021-12-26,2021
HIGH_DISLOCATION,CONTINUE,15:10:00,2021-12-17,2021-12-20,2021-12-23,17150.0,-0.008284122868630629,0.27154314039965477,3.577037758827455,BEAR,50,17150.0,16950.0,171.95,185.64999999999998,684.9999999999994,80.0,173.70543364000002,431.2945663599994,0.0,8597.5,2021-12-20/2021-12-26,2021
HIGH_DISLOCATION,FADE,10:30:00,2021-12-17,2021-12-20,2021-12-23,17150.0,-0.008284122868630629,0.27154314039965477,3.577037758827455,BULL,50,17150.0,17350.0,11.45,7.550000000000001,-194.99999999999994,80.0,96.88952952000001,-371.88952951999994,0.0,572.5,2021-12-20/2021-12-26,2021
HIGH_DISLOCATION,FADE,15:10:00,2021-12-17,2021-12-20,2021-12-23,17150.0,-0.008284122868630629,0.27154314039965477,3.577037758827455,BULL,50,17150.0,17350.0,11.45,3.45,-399.99999999999994,80.0,96.31139451000001,-576.3113945099999,0.0,572.5,2021-12-20/2021-12-26,2021
HIGH_DISLOCATION,CONTINUE,10:30:00,2021-12-20,2021-12-21,2021-12-23,16650.0,-0.009697092060023354,0.19729838669389183,2.0250478937432557,BEAR,50,16650.0,16450.0,39.45,25.499999999999996,-697.5000000000003,80.0,102.61110146499999,-880.1111014650003,0.0,1972.5000000000002,2021-12-20/2021-12-26,2021
HIGH_DISLOCATION,CONTINUE,15:10:00,2021-12-20,2021-12-21,2021-12-23,16650.0,-0.009697092060023354,0.19729838669389183,2.0250478937432557,BEAR,50,16650.0,16450.0,39.45,31.95,-375.00000000000017,80.0,103.09052702999999,-558.0905270300002,0.0,1972.5000000000002,2021-12-20/2021-12-26,2021
HIGH_DISLOCATION,FADE,10:30:00,2021-12-20,2021-12-21,2021-12-23,16650.0,-0.009697092060023354,0.19729838669389183,2.0250478937432557,BULL,50,16650.0,16850.0,114.9,139.60000000000002,1235.000000000001,80.0,126.12442099,1028.8755790100008,0.0,5745.0,2021-12-20/2021-12-26,2021
HIGH_DISLOCATION,FADE,15:10:00,2021-12-20,2021-12-21,2021-12-23,16650.0,-0.009697092060023354,0.19729838669389183,2.0250478937432557,BULL,50,16650.0,16850.0,114.9,123.24999999999999,417.499999999999,80.0,120.40867517500001,217.09132482499896,0.0,5745.0,2021-12-20/2021-12-26,2021
LOW_DISLOCATION,CONTINUE,10:30:00,2021-12-21,2021-12-22,2021-12-23,16750.0,0.0004320053389901205,0.009299466607253136,-0.9482557746812912,BULL,50,16750.0,16950.0,113.19999999999999,101.9,-564.9999999999991,80.0,112.52145286000001,-757.521452859999,0.0,5659.999999999999,2021-12-20/2021-12-26,2021
LOW_DISLOCATION,CONTINUE,15:10:00,2021-12-21,2021-12-22,2021-12-23,16750.0,0.0004320053389901205,0.009299466607253136,-0.9482557746812912,BULL,50,16750.0,16950.0,113.19999999999999,151.45,1912.5,80.0,118.438101575,1714.061898425,0.0,5659.999999999999,2021-12-20/2021-12-26,2021
LOW_DISLOCATION,FADE,10:30:00,2021-12-21,2021-12-22,2021-12-23,16750.0,0.0004320053389901205,0.009299466607253136,-0.9482557746812912,BEAR,50,16750.0,16550.0,31.25,34.6,167.50000000000006,80.0,100.135128055,-12.635128054999939,0.0,1562.5,2021-12-20/2021-12-26,2021
LOW_DISLOCATION,FADE,15:10:00,2021-12-21,2021-12-22,2021-12-23,16750.0,0.0004320053389901205,0.009299466607253136,-0.9482557746812912,BEAR,50,16750.0,16550.0,31.25,8.85,-1120.0,80.0,97.44480124,-1297.44480124,0.0,1562.5,2021-12-20/2021-12-26,2021
LOW_DISLOCATION,CONTINUE,10:30:00,2021-12-22,2021-12-23,2021-12-23,16850.0,0.00020747195423761466,0.004644267194276484,-0.9894720196530965,BULL,50,16850.0,17050.0,170.55,164.89999999999998,-282.5000000000017,80.0,118.791065925,-481.2910659250017,0.0,8527.5,2021-12-20/2021-12-26,2021
LOW_DISLOCATION,CONTINUE,15:10:00,2021-12-22,2021-12-23,2021-12-23,16850.0,0.00020747195423761466,0.004644267194276484,-0.9894720196530965,BULL,50,16850.0,17050.0,170.55,199.89999999999998,1467.4999999999982,80.0,121.173547025,1266.3264529749981,0.0,8527.5,2021-12-20/2021-12-26,2021
LOW_DISLOCATION,FADE,10:30:00,2021-12-22,2021-12-23,2021-12-23,16850.0,0.00020747195423761466,0.004644267194276484,-0.9894720196530965,BEAR,50,16850.0,16650.0,2.95,2.85,-5.000000000000004,80.0,94.98782909,-179.98782909,0.0,147.5,2021-12-20/2021-12-26,2021
LOW_DISLOCATION,FADE,15:10:00,2021-12-22,2021-12-23,2021-12-23,16850.0,0.00020747195423761466,0.004644267194276484,-0.9894720196530965,BEAR,50,16850.0,16650.0,2.95,0.0,-147.5,80.0,94.642180225,-322.142180225,0.0,147.5,2021-12-20/2021-12-26,2021
HIGH_DISLOCATION,CONTINUE,10:30:00,2021-12-24,2021-12-27,2021-12-30,17050.0,-0.0038383967917180717,0.12389666096743478,0.8330870355726727,BEAR,50,17050.0,16850.0,94.69999999999999,79.79999999999998,-745.0000000000002,80.0,117.74643967,-942.7464396700002,0.0,4734.999999999999,2021-12-27/2022-01-02,2021
HIGH_DISLOCATION,CONTINUE,15:10:00,2021-12-24,2021-12-27,2021-12-30,17050.0,-0.0038383967917180717,0.12389666096743478,0.8330870355726727,BEAR,50,17050.0,16850.0,94.69999999999999,51.25,-2172.4999999999995,80.0,113.08731582499999,-2365.5873158249997,0.0,4734.999999999999,2021-12-27/2022-01-02,2021
HIGH_DISLOCATION,FADE,10:30:00,2021-12-24,2021-12-27,2021-12-30,17050.0,-0.0038383967917180717,0.12389666096743478,0.8330870355726727,BULL,50,17050.0,17250.0,51.699999999999996,65.9,710.0000000000005,80.0,105.04358672,524.9564132800004,0.0,2585.0,2021-12-27/2022-01-02,2021
HIGH_DISLOCATION,FADE,15:10:00,2021-12-24,2021-12-27,2021-12-30,17050.0,-0.0038383967917180717,0.12389666096743478,0.8330870355726727,BULL,50,17050.0,17250.0,51.699999999999996,93.3,2080.0,80.0,108.58029678,1891.41970322,0.0,2585.0,2021-12-27/2022-01-02,2021
LOW_DISLOCATION,CONTINUE,10:30:00,2021-12-27,2021-12-28,2021-12-30,16950.0,-0.0005929535873691607,0.015002447585504687,-0.8294783899348933,BEAR,50,16950.0,16750.0,20.4,17.549999999999997,-142.50000000000006,80.0,98.80426987499999,-321.30426987500005,0.0,1019.9999999999999,2021-12-27/2022-01-02,2021
LOW_DISLOCATION,CONTINUE,15:10:00,2021-12-27,2021-12-28,2021-12-30,16950.0,-0.0005929535873691607,0.015002447585504687,-0.8294783899348933,BEAR,50,16950.0,16750.0,20.4,9.1,-565.0,80.0,97.67214720999999,-742.67214721,0.0,1019.9999999999999,2021-12-27/2022-01-02,2021
LOW_DISLOCATION,FADE,10:30:00,2021-12-27,2021-12-28,2021-12-30,16950.0,-0.0005929535873691607,0.015002447585504687,-0.8294783899348933,BULL,50,16950.0,17150.0,146.70000000000002,148.3,79.99999999999972,80.0,128.65029887,-128.65029887000028,0.0,7335.000000000001,2021-12-27/2022-01-02,2021
LOW_DISLOCATION,FADE,15:10:00,2021-12-27,2021-12-28,2021-12-30,16950.0,-0.0005929535873691607,0.015002447585504687,-0.8294783899348933,BULL,50,16950.0,17150.0,146.70000000000002,171.65,1247.4999999999995,80.0,133.522602625,1033.9773973749996,0.0,7335.000000000001,2021-12-27/2022-01-02,2021
LOW_DISLOCATION,CONTINUE,10:30:00,2021-12-28,2021-12-29,2021-12-30,17150.0,-0.0005207787824832552,0.01417544628909782,-0.8421580350058478,BEAR,50,17150.0,16950.0,27.200000000000003,20.950000000000003,-312.5,80.0,98.64745715499998,-491.147457155,0.0,1360.0000000000002,2021-12-27/2022-01-02,2021
LOW_DISLOCATION,CONTINUE,15:10:00,2021-12-28,2021-12-29,2021-12-30,17150.0,-0.0005207787824832552,0.01417544628909782,-0.8421580350058478,BEAR,50,17150.0,16950.0,27.200000000000003,19.85,-367.50000000000006,80.0,98.174605835,-545.6746058350001,0.0,1360.0000000000002,2021-12-27/2022-01-02,2021
LOW_DISLOCATION,FADE,10:30:00,2021-12-28,2021-12-29,2021-12-30,17150.0,-0.0005207787824832552,0.01417544628909782,-0.8421580350058478,BULL,50,17150.0,17350.0,108.80000000000001,112.89999999999999,204.999999999999,80.0,110.41769475,14.58230524999901,0.0,5440.000000000001,2021-12-27/2022-01-02,2021
LOW_DISLOCATION,FADE,15:10:00,2021-12-28,2021-12-29,2021-12-30,17150.0,-0.0005207787824832552,0.01417544628909782,-0.8421580350058478,BULL,50,17150.0,17350.0,108.80000000000001,101.3,-375.0000000000007,80.0,108.30521277,-563.3052127700007,0.0,5440.000000000001,2021-12-27/2022-01-02,2021
LOW_DISLOCATION,CONTINUE,10:30:00,2021-12-30,2021-12-31,2022-01-06,17200.0,0.00022668026748280022,0.007149845790814694,-0.9129992248516963,BULL,50,17200.0,17400.0,115.75,119.94999999999999,209.99999999999943,80.0,123.43359575000001,6.566404249999422,0.0,5787.5,2021-12-27/2022-01-02,2021
LOW_DISLOCATION,CONTINUE,15:10:00,2021-12-30,2021-12-31,2022-01-06,17200.0,0.00022668026748280022,0.007149845790814694,-0.9129992248516963,BULL,50,17200.0,17400.0,115.75,126.35000000000001,530.0000000000005,80.0,124.34171829,325.65828171000044,0.0,5787.5,2021-12-27/2022-01-02,2021
LOW_DISLOCATION,FADE,10:30:00,2021-12-30,2021-12-31,2022-01-06,17200.0,0.00022668026748280022,0.007149845790814694,-0.9129992248516963,BEAR,50,17200.0,17000.0,45.199999999999996,39.099999999999994,-305.00000000000006,80.0,105.41113066999998,-490.41113067000003,0.0,2260.0,2021-12-27/2022-01-02,2021
LOW_DISLOCATION,FADE,15:10:00,2021-12-30,2021-12-31,2022-01-06,17200.0,0.00022668026748280022,0.007149845790814694,-0.9129992248516963,BEAR,50,17200.0,17000.0,45.199999999999996,34.6,-529.9999999999998,80.0,104.61415050999999,-714.6141505099997,0.0,2260.0,2021-12-27/2022-01-02,2021
HIGH_DISLOCATION,CONTINUE,10:30:00,2021-12-31,2022-01-03,2022-01-06,17300.0,0.003884688529152558,0.13259058233462603,0.9655799988176755,BULL,50,17300.0,17500.0,127.45000000000002,141.14999999999998,684.999999999998,80.0,125.06756709,479.93243290999794,0.0,6372.500000000001,2022-01-03/2022-01-09,2022
HIGH_DISLOCATION,CONTINUE,15:10:00,2021-12-31,2022-01-03,2022-01-06,17300.0,0.003884688529152558,0.13259058233462603,0.9655799988176755,BULL,50,17300.0,17500.0,127.45000000000002,163.75,1814.999999999999,80.0,134.25098795000002,1600.749012049999,0.0,6372.500000000001,2022-01-03/2022-01-09,2022
HIGH_DISLOCATION,FADE,10:30:00,2021-12-31,2022-01-03,2022-01-06,17300.0,0.003884688529152558,0.13259058233462603,0.9655799988176755,BEAR,50,17300.0,17100.0,29.650000000000002,22.250000000000004,-369.99999999999994,80.0,99.90000273999999,-549.90000274,0.0,1482.5,2022-01-03/2022-01-09,2022
HIGH_DISLOCATION,FADE,15:10:00,2021-12-31,2022-01-03,2022-01-06,17300.0,0.003884688529152558,0.13259058233462603,0.9655799988176755,BEAR,50,17300.0,17100.0,29.650000000000002,12.249999999999998,-870.0000000000002,80.0,98.51417591999999,-1048.5141759200003,0.0,1482.5,2022-01-03/2022-01-09,2022
HIGH_DISLOCATION,CONTINUE,10:30:00,2022-01-03,2022-01-04,2022-01-06,17450.0,0.0040245613228158126,0.12835570053339612,0.8923020617012928,BULL,50,17450.0,17650.0,144.79999999999998,156.7,595.0000000000002,80.0,131.08912643999997,383.91087356000025,0.0,7239.999999999999,2022-01-03/2022-01-09,2022
HIGH_DISLOCATION,CONTINUE,15:10:00,2022-01-03,2022-01-04,2022-01-06,17450.0,0.0040245613228158126,0.12835570053339612,0.8923020617012928,BULL,50,17450.0,17650.0,144.79999999999998,178.2,1670.0000000000002,80.0,136.54167931,1453.4583206900002,0.0,7239.999999999999,2022-01-03/2022-01-09,2022
HIGH_DISLOCATION,FADE,10:30:00,2022-01-03,2022-01-04,2022-01-06,17450.0,0.0040245613228158126,0.12835570053339612,0.8923020617012928,BEAR,50,17450.0,17250.0,16.6,10.799999999999999,-290.0000000000001,80.0,97.22456345999998,-467.2245634600001,0.0,830.0000000000001,2022-01-03/2022-01-09,2022
HIGH_DISLOCATION,FADE,15:10:00,2022-01-03,2022-01-04,2022-01-06,17450.0,0.0040245613228158126,0.12835570053339612,0.8923020617012928,BEAR,50,17450.0,17250.0,16.6,5.700000000000001,-545.0,80.0,96.58499709,-721.58499709,0.0,830.0000000000001,2022-01-03/2022-01-09,2022
LOW_DISLOCATION,CONTINUE,10:30:00,2022-01-04,2022-01-05,2022-01-06,17700.0,0.0005372847326301502,0.015802622460682363,-0.795847442455856,BULL,50,17700.0,17900.0,101.4,115.05000000000001,682.5000000000002,80.0,110.716673465,491.78332653500024,0.0,5070.0,2022-01-03/2022-01-09,2022
LOW_DISLOCATION,CONTINUE,15:10:00,2022-01-04,2022-01-05,2022-01-06,17700.0,0.0005372847326301502,0.015802622460682363,-0.795847442455856,BULL,50,17700.0,17900.0,101.4,165.55,3207.5000000000005,80.0,117.806658005,3009.6933419950005,0.0,5070.0,2022-01-03/2022-01-09,2022
LOW_DISLOCATION,FADE,10:30:00,2022-01-04,2022-01-05,2022-01-06,17700.0,0.0005372847326301502,0.015802622460682363,-0.795847442455856,BEAR,50,17700.0,17500.0,28.1,21.0,-355.00000000000006,80.0,98.49438606,-533.49438606,0.0,1405.0,2022-01-03/2022-01-09,2022
LOW_DISLOCATION,FADE,15:10:00,2022-01-04,2022-01-05,2022-01-06,17700.0,0.0005372847326301502,0.015802622460682363,-0.795847442455856,BEAR,50,17700.0,17500.0,28.1,3.95,-1207.5,80.0,96.860910185,-1384.360910185,0.0,1405.0,2022-01-03/2022-01-09,2022
LOW_DISLOCATION,CONTINUE,10:30:00,2022-01-05,2022-01-06,2022-01-06,17800.0,-5.891214515968896e-05,0.001727043735936194,-1.0082381084187406,BEAR,50,17800.0,17600.0,86.1,102.5,820.0000000000002,80.0,106.11012878,633.8898712200003,0.0,4305.0,2022-01-03/2022-01-09,2022
LOW_DISLOCATION,CONTINUE,15:10:00,2022-01-05,2022-01-06,2022-01-06,17800.0,-5.891214515968896e-05,0.001727043735936194,-1.0082381084187406,BEAR,50,17800.0,17600.0,86.1,49.8,-1814.9999999999998,80.0,101.13725613,-1996.1372561299997,0.0,4305.0,2022-01-03/2022-01-09,2022
LOW_DISLOCATION,FADE,10:30:00,2022-01-05,2022-01-06,2022-01-06,17800.0,-5.891214515968896e-05,0.001727043735936194,-1.0082381084187406,BULL,50,17800.0,18000.0,15.2,6.85,-417.5,80.0,95.543012965,-593.043012965,0.0,760.0,2022-01-03/2022-01-09,2022
LOW_DISLOCATION,FADE,15:10:00,2022-01-05,2022-01-06,2022-01-06,17800.0,-5.891214515968896e-05,0.001727043735936194,-1.0082381084187406,BULL,50,17800.0,18000.0,15.2,0.15,-752.5,80.0,94.948304655,-927.448304655,0.0,760.0,2022-01-03/2022-01-09,2022
LOW_DISLOCATION,CONTINUE,10:30:00,2022-01-13,2022-01-14,2022-01-20,18250.0,-0.0004874348603552698,0.017072267938799134,-0.818236053419805,BEAR,50,18250.0,18050.0,89.2,83.25000000000001,-297.49999999999943,80.0,117.408080605,-494.90808060499944,0.0,4460.0,2022-01-10/2022-01-16,2022
LOW_DISLOCATION,CONTINUE,15:10:00,2022-01-13,2022-01-14,2022-01-20,18250.0,-0.0004874348603552698,0.017072267938799134,-0.818236053419805,BEAR,50,18250.0,18050.0,89.2,63.099999999999994,-1305.0000000000005,80.0,113.44066211,-1498.4406621100004,0.0,4460.0,2022-01-10/2022-01-16,2022
LOW_DISLOCATION,FADE,10:30:00,2022-01-13,2022-01-14,2022-01-20,18250.0,-0.0004874348603552698,0.017072267938799134,-0.818236053419805,BULL,50,18250.0,18450.0,64.15,69.6,272.49999999999943,80.0,108.00808166499999,84.49191833499944,0.0,3207.5000000000005,2022-01-10/2022-01-16,2022
LOW_DISLOCATION,FADE,15:10:00,2022-01-13,2022-01-14,2022-01-20,18250.0,-0.0004874348603552698,0.017072267938799134,-0.818236053419805,BULL,50,18250.0,18450.0,64.15,88.04999999999998,1194.9999999999989,80.0,110.781653,1004.2183469999989,0.0,3207.5000000000005,2022-01-10/2022-01-16,2022
LOW_DISLOCATION,CONTINUE,10:30:00,2022-01-17,2022-01-18,2022-01-20,18250.0,0.0006220490350018247,0.019121493816381455,-0.7888302398585267,BULL,50,18250.0,18450.0,102.00000000000001,63.0,-1950.0000000000007,80.0,106.61180377,-2136.6118037700007,0.0,5100.000000000001,2022-01-17/2022-01-23,2022
LOW_DISLOCATION,CONTINUE,15:10:00,2022-01-17,2022-01-18,2022-01-20,18250.0,0.0006220490350018247,0.019121493816381455,-0.7888302398585267,BULL,50,18250.0,18450.0,102.00000000000001,32.05,-3497.500000000001,80.0,103.581584135,-3681.081584135001,0.0,5100.000000000001,2022-01-17/2022-01-23,2022
LOW_DISLOCATION,FADE,10:30:00,2022-01-17,2022-01-18,2022-01-20,18250.0,0.0006220490350018247,0.019121493816381455,-0.7888302398585267,BEAR,50,18250.0,18050.0,39.25,72.0,1637.5,80.0,105.02168571499999,1452.4783142850001,0.0,1962.5,2022-01-17/2022-01-23,2022
LOW_DISLOCATION,FADE,15:10:00,2022-01-17,2022-01-18,2022-01-20,18250.0,0.0006220490350018247,0.019121493816381455,-0.7888302398585267,BEAR,50,18250.0,18050.0,39.25,110.25,3550.0,80.0,110.78050118000002,3359.21949882,0.0,1962.5,2022-01-17/2022-01-23,2022
LOW_DISLOCATION,CONTINUE,10:30:00,2022-01-18,2022-01-19,2022-01-20,18350.0,-0.000326994187678314,0.010890751752540949,-0.9107713823365544,BEAR,50,18350.0,18150.0,165.15,183.2,902.4999999999991,80.0,138.47700996499998,684.0229900349991,0.0,8257.5,2022-01-17/2022-01-23,2022
LOW_DISLOCATION,CONTINUE,15:10:00,2022-01-18,2022-01-19,2022-01-20,18350.0,-0.000326994187678314,0.010890751752540949,-0.9107713823365544,BEAR,50,18350.0,18150.0,165.15,193.84999999999997,1434.999999999998,80.0,143.19006416000002,1211.809935839998,0.0,8257.5,2022-01-17/2022-01-23,2022
LOW_DISLOCATION,FADE,10:30:00,2022-01-18,2022-01-19,2022-01-20,18350.0,-0.000326994187678314,0.010890751752540949,-0.9107713823365544,BULL,50,18350.0,18550.0,5.25,3.2,-102.49999999999999,80.0,95.22637329499999,-277.726373295,0.0,262.5,2022-01-17/2022-01-23,2022
LOW_DISLOCATION,FADE,15:10:00,2022-01-18,2022-01-19,2022-01-20,18350.0,-0.000326994187678314,0.010890751752540949,-0.9107713823365544,BULL,50,18350.0,18550.0,5.25,0.7999999999999998,-222.5,80.0,95.014800185,-397.514800185,0.0,262.5,2022-01-17/2022-01-23,2022
HIGH_DISLOCATION,CONTINUE,10:30:00,2022-01-20,2022-01-21,2022-01-27,17900.0,-0.0038425742739792088,0.1263436102825794,0.8186029696454904,BEAR,50,17900.0,17700.0,137.15000000000003,128.0,-457.5000000000017,80.0,145.123547205,-682.6235472050017,0.0,6857.500000000002,2022-01-17/2022-01-23,2022
HIGH_DISLOCATION,CONTINUE,15:10:00,2022-01-20,2022-01-21,2022-01-27,17900.0,-0.0038425742739792088,0.1263436102825794,0.8186029696454904,BEAR,50,17900.0,17700.0,137.15000000000003,133.55,-180.00000000000114,80.0,144.27980017,-404.2798001700011,0.0,6857.500000000002,2022-01-17/2022-01-23,2022
HIGH_DISLOCATION,FADE,10:30:00,2022-01-20,2022-01-21,2022-01-27,17900.0,-0.0038425742739792088,0.1263436102825794,0.8186029696454904,BULL,50,17900.0,18100.0,29.700000000000003,33.2,175.0,80.0,100.93584096,-5.935840959999993,0.0,1485.0000000000002,2022-01-17/2022-01-23,2022
HIGH_DISLOCATION,FADE,15:10:00,2022-01-20,2022-01-21,2022-01-27,17900.0,-0.0038425742739792088,0.1263436102825794,0.8186029696454904,BULL,50,17900.0,18100.0,29.700000000000003,27.7,-100.00000000000017,80.0,100.28192691999999,-280.28192692000016,0.0,1485.0000000000002,2022-01-17/2022-01-23,2022
HIGH_DISLOCATION,CONTINUE,10:30:00,2022-01-21,2022-01-24,2022-01-27,17600.0,-0.004691814413934264,0.1317878289779591,0.9135358841848834,BEAR,50,17600.0,17400.0,102.3,116.45000000000002,707.500000000001,80.0,127.311685025,500.18831497500105,0.0,5115.0,2022-01-24/2022-01-30,2022
HIGH_DISLOCATION,CONTINUE,15:10:00,2022-01-21,2022-01-24,2022-01-27,17600.0,-0.004691814413934264,0.1317878289779591,0.9135358841848834,BEAR,50,17600.0,17400.0,102.3,164.55,3112.500000000001,80.0,146.841054195,2885.6589458050007,0.0,5115.0,2022-01-24/2022-01-30,2022
HIGH_DISLOCATION,FADE,10:30:00,2022-01-21,2022-01-24,2022-01-27,17600.0,-0.004691814413934264,0.1317878289779591,0.9135358841848834,BULL,50,17600.0,17800.0,55.35,43.050000000000004,-614.9999999999999,80.0,104.22899792999999,-799.2289979299999,0.0,2767.5,2022-01-24/2022-01-30,2022
HIGH_DISLOCATION,FADE,15:10:00,2022-01-21,2022-01-24,2022-01-27,17600.0,-0.004691814413934264,0.1317878289779591,0.9135358841848834,BULL,50,17600.0,17800.0,55.35,15.899999999999999,-1972.5000000000002,80.0,101.049249455,-2153.549249455,0.0,2767.5,2022-01-24/2022-01-30,2022
HIGH_DISLOCATION,CONTINUE,10:30:00,2022-01-24,2022-01-25,2022-01-27,17450.0,-0.006203442185113404,0.14468368845232862,1.0872993391702168,BEAR,50,17450.0,17250.0,167.39999999999998,164.0,-169.99999999999886,80.0,162.30831443,-412.30831442999886,0.0,8369.999999999998,2022-01-24/2022-01-30,2022
HIGH_DISLOCATION,CONTINUE,15:10:00,2022-01-24,2022-01-25,2022-01-27,17450.0,-0.006203442185113404,0.14468368845232862,1.0872993391702168,BEAR,50,17450.0,17250.0,167.39999999999998,117.35,-2502.499999999999,80.0,144.382696385,-2726.8826963849992,0.0,8369.999999999998,2022-01-24/2022-01-30,2022
HIGH_DISLOCATION,FADE,10:30:00,2022-01-24,2022-01-25,2022-01-27,17450.0,-0.006203442185113404,0.14468368845232862,1.0872993391702168,BULL,50,17450.0,17650.0,12.2,16.45,212.5,80.0,97.814527375,34.685472625,0.0,610.0,2022-01-24/2022-01-30,2022
HIGH_DISLOCATION,FADE,15:10:00,2022-01-24,2022-01-25,2022-01-27,17450.0,-0.006203442185113404,0.14468368845232862,1.0872993391702168,BULL,50,17450.0,17650.0,12.2,26.900000000000002,735.0000000000001,80.0,98.24222749999998,556.7577725000001,0.0,610.0,2022-01-24/2022-01-30,2022
LOW_DISLOCATION,CONTINUE,10:30:00,2022-01-31,2022-02-01,2022-02-03,17300.0,0.00017621196277012557,0.0024872669259276415,-1.0229008488594233,BULL,50,17300.0,17500.0,118.65,129.14999999999998,524.9999999999986,80.0,152.24855164000002,292.7514483599986,0.0,5932.5,2022-01-31/2022-02-06,2022
LOW_DISLOCATION,CONTINUE,15:10:00,2022-01-31,2022-02-01,2022-02-03,17300.0,0.00017621196277012557,0.0024872669259276415,-1.0229008488594233,BULL,50,17300.0,17500.0,118.65,135.7,852.4999999999991,80.0,143.221269385,629.2787306149991,0.0,5932.5,2022-01-31/2022-02-06,2022
LOW_DISLOCATION,FADE,10:30:00,2022-01-31,2022-02-01,2022-02-03,17300.0,0.00017621196277012557,0.0024872669259276415,-1.0229008488594233,BEAR,50,17300.0,17100.0,55.5,50.0,-275.0,80.0,113.70782860999999,-468.70782861,0.0,2775.0,2022-01-31/2022-02-06,2022
LOW_DISLOCATION,FADE,15:10:00,2022-01-31,2022-02-01,2022-02-03,17300.0,0.00017621196277012557,0.0024872669259276415,-1.0229008488594233,BEAR,50,17300.0,17100.0,55.5,27.45,-1402.5,80.0,106.98191384499998,-1589.481913845,0.0,2775.0,2022-01-31/2022-02-06,2022
LOW_DISLOCATION,CONTINUE,10:30:00,2022-02-01,2022-02-02,2022-02-03,17500.0,-0.0011719451723557392,0.014753695472106284,-0.8331364742649551,BEAR,50,17500.0,17300.0,17.25,11.7,-277.50000000000006,80.0,96.94479425500002,-454.4447942550001,0.0,862.5,2022-01-31/2022-02-06,2022
LOW_DISLOCATION,CONTINUE,15:10:00,2022-02-01,2022-02-02,2022-02-03,17500.0,-0.0011719451723557392,0.014753695472106284,-0.8331364742649551,BEAR,50,17500.0,17300.0,17.25,2.95,-715.0,80.0,95.97736038000001,-890.97736038,0.0,862.5,2022-01-31/2022-02-06,2022
LOW_DISLOCATION,FADE,10:30:00,2022-02-01,2022-02-02,2022-02-03,17500.0,-0.0011719451723557392,0.014753695472106284,-0.8331364742649551,BULL,50,17500.0,17700.0,139.2,148.65,472.50000000000085,80.0,126.979269535,265.52073046500084,0.0,6959.999999999999,2022-01-31/2022-02-06,2022
LOW_DISLOCATION,FADE,15:10:00,2022-02-01,2022-02-02,2022-02-03,17500.0,-0.0011719451723557392,0.014753695472106284,-0.8331364742649551,BULL,50,17500.0,17700.0,139.2,173.7,1725.0,80.0,130.08950233,1514.91049767,0.0,6959.999999999999,2022-01-31/2022-02-06,2022
LOW_DISLOCATION,CONTINUE,15:10:00,2022-02-15,2022-02-16,2022-02-17,16950.0,0.00036607759664157623,0.006638446890959575,-1.0185992390553127,BULL,50,16950.0,17150.0,189.64999999999998,192.25,130.00000000000114,80.0,158.74497377,-108.74497376999886,0.0,9482.499999999998,2022-02-14/2022-02-20,2022
LOW_DISLOCATION,FADE,10:30:00,2022-02-15,2022-02-16,2022-02-17,16950.0,0.00036607759664157623,0.006638446890959575,-1.0185992390553127,BEAR,50,16950.0,16750.0,3.5,6.700000000000001,160.00000000000006,80.0,96.31807732,-16.318077319999944,0.0,175.0,2022-02-14/2022-02-20,2022
LOW_DISLOCATION,FADE,15:10:00,2022-02-15,2022-02-16,2022-02-17,16950.0,0.00036607759664157623,0.006638446890959575,-1.0185992390553127,BEAR,50,16950.0,16750.0,3.5,5.1000000000000005,80.00000000000003,80.0,96.12125653999999,-96.12125653999996,0.0,175.0,2022-02-14/2022-02-20,2022
LOW_DISLOCATION,CONTINUE,10:30:00,2022-02-23,2022-02-24,2022-02-24,17200.0,0.0007905873599031847,0.015696860107552627,-0.8572221068965393,BULL,50,17200.0,17400.0,1.1,0.30000000000000004,-40.0,80.0,94.71058457000001,-214.71058457,0.0,55.00000000000001,2022-02-21/2022-02-27,2022
LOW_DISLOCATION,CONTINUE,15:10:00,2022-02-23,2022-02-24,2022-02-24,17200.0,0.0007905873599031847,0.015696860107552627,-0.8572221068965393,BULL,50,17200.0,17400.0,1.1,-0.04999999999999999,-57.50000000000001,80.0,94.60681983500001,-232.106819835,0.0,55.00000000000001,2022-02-21/2022-02-27,2022
LOW_DISLOCATION,FADE,10:30:00,2022-02-23,2022-02-24,2022-02-24,17200.0,0.0007905873599031847,0.015696860107552627,-0.8572221068965393,BEAR,50,17200.0,17000.0,199.39999999999998,200.20000000000005,40.00000000000341,80.0,183.65001632999997,-223.65001632999656,0.0,9969.999999999998,2022-02-21/2022-02-27,2022
LOW_DISLOCATION,FADE,15:10:00,2022-02-23,2022-02-24,2022-02-24,17200.0,0.0007905873599031847,0.015696860107552627,-0.8572221068965393,BEAR,50,17200.0,17000.0,199.39999999999998,200.5,55.00000000000114,80.0,212.88648795999998,-237.88648795999885,0.0,9969.999999999998,2022-02-21/2022-02-27,2022
HIGH_DISLOCATION,CONTINUE,10:30:00,2022-02-28,2022-03-02,2022-03-03,16400.0,-0.008121240026414433,0.10801980085323269,0.88737043380413,BEAR,50,16400.0,16200.0,42.3,47.599999999999994,264.9999999999999,80.0,112.18037566000001,72.81962433999988,0.0,2115.0,2022-02-28/2022-03-06,2022
HIGH_DISLOCATION,CONTINUE,15:10:00,2022-02-28,2022-03-02,2022-03-03,16400.0,-0.008121240026414433,0.10801980085323269,0.88737043380413,BEAR,50,16400.0,16200.0,42.3,37.7,-229.99999999999972,80.0,109.53280759999998,-419.5328075999997,0.0,2115.0,2022-02-28/2022-03-06,2022
HIGH_DISLOCATION,FADE,10:30:00,2022-02-28,2022-03-02,2022-03-03,16400.0,-0.008121240026414433,0.10801980085323269,0.88737043380413,BULL,50,16400.0,16600.0,139.6,125.69999999999999,-695.0000000000002,80.0,141.10199307000002,-916.1019930700003,0.0,6980.0,2022-02-28/2022-03-06,2022
HIGH_DISLOCATION,FADE,15:10:00,2022-02-28,2022-03-02,2022-03-03,16400.0,-0.008121240026414433,0.10801980085323269,0.88737043380413,BULL,50,16400.0,16600.0,139.6,131.85,-387.5,80.0,139.385091065,-606.885091065,0.0,6980.0,2022-02-28/2022-03-06,2022
HIGH_DISLOCATION,CONTINUE,10:30:00,2022-03-10,2022-03-11,2022-03-17,16650.0,-0.006752281095403067,0.13135788652088826,1.4277461729606709,BEAR,50,16650.0,16450.0,78.15,87.0,442.4999999999997,80.0,136.083448075,226.4165519249997,0.0,3907.5000000000005,2022-03-07/2022-03-13,2022
HIGH_DISLOCATION,CONTINUE,15:10:00,2022-03-10,2022-03-11,2022-03-17,16650.0,-0.006752281095403067,0.13135788652088826,1.4277461729606709,BEAR,50,16650.0,16450.0,78.15,75.85,-115.00000000000057,80.0,132.13907744,-327.13907744000056,0.0,3907.5000000000005,2022-03-07/2022-03-13,2022
HIGH_DISLOCATION,FADE,10:30:00,2022-03-10,2022-03-11,2022-03-17,16650.0,-0.006752281095403067,0.13135788652088826,1.4277461729606709,BULL,50,16650.0,16850.0,92.85,84.85000000000001,-399.9999999999993,80.0,125.96817678,-605.9681767799993,0.0,4642.5,2022-03-07/2022-03-13,2022
HIGH_DISLOCATION,FADE,15:10:00,2022-03-10,2022-03-11,2022-03-17,16650.0,-0.006752281095403067,0.13135788652088826,1.4277461729606709,BULL,50,16650.0,16850.0,92.85,95.45,130.00000000000043,80.0,127.2291235,-77.22912349999957,0.0,4642.5,2022-03-07/2022-03-13,2022
LOW_DISLOCATION,CONTINUE,10:30:00,2022-03-14,2022-03-15,2022-03-17,16650.0,0.0003363009893854126,0.005086995345280263,-1.040942179421561,BULL,50,16650.0,16850.0,136.35,128.10000000000002,-412.4999999999986,80.0,145.382403375,-637.8824033749986,0.0,6817.5,2022-03-14/2022-03-20,2022
LOW_DISLOCATION,CONTINUE,15:10:00,2022-03-14,2022-03-15,2022-03-17,16650.0,0.0003363009893854126,0.005086995345280263,-1.040942179421561,BULL,50,16650.0,16850.0,136.35,91.10000000000001,-2262.499999999999,80.0,132.954284105,-2475.4542841049993,0.0,6817.5,2022-03-14/2022-03-20,2022
LOW_DISLOCATION,FADE,10:30:00,2022-03-14,2022-03-15,2022-03-17,16650.0,0.0003363009893854126,0.005086995345280263,-1.040942179421561,BEAR,50,16650.0,16450.0,41.400000000000006,43.55,107.49999999999957,80.0,109.113212515,-81.61321251500043,0.0,2070.0000000000005,2022-03-14/2022-03-20,2022
LOW_DISLOCATION,FADE,15:10:00,2022-03-14,2022-03-15,2022-03-17,16650.0,0.0003363009893854126,0.005086995345280263,-1.040942179421561,BEAR,50,16650.0,16450.0,41.400000000000006,72.05,1532.4999999999995,80.0,115.283940445,1337.2160595549994,0.0,2070.0000000000005,2022-03-14/2022-03-20,2022
LOW_DISLOCATION,CONTINUE,10:30:00,2022-03-15,2022-03-16,2022-03-17,16900.0,-9.759704251394929e-05,0.001403537184527228,-1.0772870771268168,BEAR,50,16900.0,16700.0,60.050000000000004,74.75,734.9999999999998,80.0,111.28358952,543.7164104799998,0.0,3002.5,2022-03-14/2022-03-20,2022
LOW_DISLOCATION,CONTINUE,15:10:00,2022-03-15,2022-03-16,2022-03-17,16900.0,-9.759704251394929e-05,0.001403537184527228,-1.0772870771268168,BEAR,50,16900.0,16700.0,60.050000000000004,50.099999999999994,-497.5000000000005,80.0,107.374362145,-684.8743621450004,0.0,3002.5,2022-03-14/2022-03-20,2022
LOW_DISLOCATION,FADE,10:30:00,2022-03-15,2022-03-16,2022-03-17,16900.0,-9.759704251394929e-05,0.001403537184527228,-1.0772870771268168,BULL,50,16900.0,17100.0,91.70000000000002,75.05,-832.500000000001,80.0,110.799888385,-1023.299888385001,0.0,4585.000000000001,2022-03-14/2022-03-20,2022
LOW_DISLOCATION,FADE,15:10:00,2022-03-15,2022-03-16,2022-03-17,16900.0,-9.759704251394929e-05,0.001403537184527228,-1.0772870771268168,BULL,50,16900.0,17100.0,91.70000000000002,106.35000000000001,732.4999999999995,80.0,116.12757299500001,536.3724270049995,0.0,4585.000000000001,2022-03-14/2022-03-20,2022
LOW_DISLOCATION,CONTINUE,10:30:00,2022-03-21,2022-03-22,2022-03-24,17300.0,0.00017598929061907323,0.0031827260955897695,-1.1902608959969525,BULL,50,17300.0,17500.0,44.65,42.8,-92.50000000000007,80.0,103.773640755,-276.2736407550001,0.0,2232.5,2022-03-21/2022-03-27,2022
LOW_DISLOCATION,CONTINUE,15:10:00,2022-03-21,2022-03-22,2022-03-24,17300.0,0.00017598929061907323,0.0031827260955897695,-1.1902608959969525,BULL,50,17300.0,17500.0,44.65,89.85,2260.0,80.0,111.0657945,2068.9342055,0.0,2232.5,2022-03-21/2022-03-27,2022
LOW_DISLOCATION,FADE,10:30:00,2022-03-21,2022-03-22,2022-03-24,17300.0,0.00017598929061907323,0.0031827260955897695,-1.1902608959969525,BEAR,50,17300.0,17100.0,120.0,121.70000000000002,85.00000000000085,80.0,139.58404371,-134.58404370999915,0.0,6000.0,2022-03-21/2022-03-27,2022
LOW_DISLOCATION,FADE,15:10:00,2022-03-21,2022-03-22,2022-03-24,17300.0,0.00017598929061907323,0.0031827260955897695,-1.1902608959969525,BEAR,50,17300.0,17100.0,120.0,66.05000000000001,-2697.4999999999995,80.0,124.17300562499999,-2901.6730056249994,0.0,6000.0,2022-03-21/2022-03-27,2022
HIGH_DISLOCATION,CONTINUE,10:30:00,2022-03-24,2022-03-25,2022-03-31,17200.0,0.005077714152156214,0.10626792991881237,1.402548003043856,BULL,50,17200.0,17400.0,92.85,91.4,-72.49999999999943,80.0,123.294259415,-275.79425941499943,0.0,4642.5,2022-03-21/2022-03-27,2022
HIGH_DISLOCATION,CONTINUE,15:10:00,2022-03-24,2022-03-25,2022-03-31,17200.0,0.005077714152156214,0.10626792991881237,1.402548003043856,BULL,50,17200.0,17400.0,92.85,79.74999999999999,-655.0000000000005,80.0,119.86295049,-854.8629504900005,0.0,4642.5,2022-03-21/2022-03-27,2022
HIGH_DISLOCATION,FADE,10:30:00,2022-03-24,2022-03-25,2022-03-31,17200.0,0.005077714152156214,0.10626792991881237,1.402548003043856,BEAR,50,17200.0,17000.0,74.69999999999999,75.10000000000001,20.000000000000995,80.0,121.86348668999999,-181.86348668999898,0.0,3734.9999999999995,2022-03-21/2022-03-27,2022
HIGH_DISLOCATION,FADE,15:10:00,2022-03-24,2022-03-25,2022-03-31,17200.0,0.005077714152156214,0.10626792991881237,1.402548003043856,BEAR,50,17200.0,17000.0,74.69999999999999,84.8,505.00000000000045,80.0,123.57202308000001,301.42797692000045,0.0,3734.9999999999995,2022-03-21/2022-03-27,2022
HIGH_DISLOCATION,CONTINUE,10:30:00,2022-03-25,2022-03-28,2022-03-31,17200.0,-0.005993096230680804,0.13981598997062528,2.191329916565657,BEAR,50,17200.0,17000.0,95.05000000000001,106.5,572.4999999999994,80.0,127.73886304499999,364.7611369549994,0.0,4752.500000000001,2022-03-28/2022-04-03,2022
HIGH_DISLOCATION,CONTINUE,15:10:00,2022-03-25,2022-03-28,2022-03-31,17200.0,-0.005993096230680804,0.13981598997062528,2.191329916565657,BEAR,50,17200.0,17000.0,95.05000000000001,54.300000000000004,-2037.5000000000005,80.0,115.820553405,-2233.3205534050003,0.0,4752.500000000001,2022-03-28/2022-04-03,2022
HIGH_DISLOCATION,FADE,10:30:00,2022-03-25,2022-03-28,2022-03-31,17200.0,-0.005993096230680804,0.13981598997062528,2.191329916565657,BULL,50,17200.0,17400.0,64.69999999999999,53.75000000000001,-547.4999999999991,80.0,108.12162536499999,-735.6216253649991,0.0,3234.9999999999995,2022-03-28/2022-04-03,2022
HIGH_DISLOCATION,FADE,15:10:00,2022-03-25,2022-03-28,2022-03-31,17200.0,-0.005993096230680804,0.13981598997062528,2.191329916565657,BULL,50,17200.0,17400.0,64.69999999999999,100.4,1785.000000000001,80.0,114.41412539999999,1590.5858746000008,0.0,3234.9999999999995,2022-03-28/2022-04-03,2022
HIGH_DISLOCATION,CONTINUE,10:30:00,2022-03-28,2022-03-29,2022-03-31,17100.0,-0.006559436167614487,0.1333838387433374,1.918292493590539,BEAR,50,17100.0,16900.0,23.199999999999996,20.95,-112.49999999999983,80.0,99.70187717499999,-292.2018771749998,0.0,1159.9999999999998,2022-03-28/2022-04-03,2022
HIGH_DISLOCATION,CONTINUE,15:10:00,2022-03-28,2022-03-29,2022-03-31,17100.0,-0.006559436167614487,0.1333838387433374,1.918292493590539,BEAR,50,17100.0,16900.0,23.199999999999996,13.649999999999999,-477.4999999999999,80.0,98.702214585,-656.2022145849999,0.0,1159.9999999999998,2022-03-28/2022-04-03,2022
HIGH_DISLOCATION,FADE,10:30:00,2022-03-28,2022-03-29,2022-03-31,17100.0,-0.006559436167614487,0.1333838387433374,1.918292493590539,BULL,50,17100.0,17300.0,138.8,142.04999999999998,162.49999999999858,80.0,129.557101825,-47.05710182500141,0.0,6940.000000000001,2022-03-28/2022-04-03,2022
HIGH_DISLOCATION,FADE,15:10:00,2022-03-28,2022-03-29,2022-03-31,17100.0,-0.006559436167614487,0.1333838387433374,1.918292493590539,BULL,50,17100.0,17300.0,138.8,157.24999999999997,922.499999999998,80.0,131.096914665,711.403085334998,0.0,6940.000000000001,2022-03-28/2022-04-03,2022
LOW_DISLOCATION,CONTINUE,10:30:00,2022-03-29,2022-03-30,2022-03-31,17300.0,-0.0006965861497864232,0.017641024969275734,-0.9113671651950858,BEAR,50,17300.0,17100.0,17.549999999999997,15.25,-114.99999999999986,80.0,97.76026245,-292.76026244999986,0.0,877.4999999999999,2022-03-28/2022-04-03,2022
LOW_DISLOCATION,CONTINUE,15:10:00,2022-03-29,2022-03-30,2022-03-31,17300.0,-0.0006965861497864232,0.017641024969275734,-0.9113671651950858,BEAR,50,17300.0,17100.0,17.549999999999997,9.899999999999999,-382.49999999999994,80.0,97.033299355,-559.5332993549999,0.0,877.4999999999999,2022-03-28/2022-04-03,2022
LOW_DISLOCATION,FADE,10:30:00,2022-03-29,2022-03-30,2022-03-31,17300.0,-0.0006965861497864232,0.017641024969275734,-0.9113671651950858,BULL,50,17300.0,17500.0,130.85,139.95000000000002,455.00000000000114,80.0,118.57011851,256.42988149000115,0.0,6542.5,2022-03-28/2022-04-03,2022
LOW_DISLOCATION,FADE,15:10:00,2022-03-29,2022-03-30,2022-03-31,17300.0,-0.0006965861497864232,0.017641024969275734,-0.9113671651950858,BULL,50,17300.0,17500.0,130.85,154.65,1190.0000000000005,80.0,120.42314325,989.5768567500005,0.0,6542.5,2022-03-28/2022-04-03,2022
HIGH_DISLOCATION,CONTINUE,10:30:00,2022-04-04,2022-04-05,2022-04-07,17900.0,0.004815828246684867,0.1320924743460427,1.9753714252393673,BULL,50,17900.0,18100.0,127.5,109.14999999999999,-917.5000000000005,80.0,120.37934028499998,-1117.8793402850004,0.0,6375.0,2022-04-04/2022-04-10,2022
HIGH_DISLOCATION,CONTINUE,15:10:00,2022-04-04,2022-04-05,2022-04-07,17900.0,0.004815828246684867,0.1320924743460427,1.9753714252393673,BULL,50,17900.0,18100.0,127.5,94.2,-1664.9999999999998,80.0,116.91448306000001,-1861.9144830599998,0.0,6375.0,2022-04-04/2022-04-10,2022
HIGH_DISLOCATION,FADE,10:30:00,2022-04-04,2022-04-05,2022-04-07,17900.0,0.004815828246684867,0.1320924743460427,1.9753714252393673,BEAR,50,17900.0,17700.0,24.55,35.0,522.5,80.0,100.930090835,341.569909165,0.0,1227.5,2022-04-04/2022-04-10,2022
HIGH_DISLOCATION,FADE,15:10:00,2022-04-04,2022-04-05,2022-04-07,17900.0,0.004815828246684867,0.1320924743460427,1.9753714252393673,BEAR,50,17900.0,17700.0,24.55,40.650000000000006,805.0000000000002,80.0,101.22744795,623.7725520500003,0.0,1227.5,2022-04-04/2022-04-10,2022
LOW_DISLOCATION,CONTINUE,10:30:00,2022-04-06,2022-04-07,2022-04-07,17850.0,0.00012883385753772016,0.0034379376316142243,-1.3074416318952589,BULL,50,17850.0,18050.0,5.3,2.65,-132.5,80.0,94.993382805,-307.493382805,0.0,265.0,2022-04-04/2022-04-10,2022
LOW_DISLOCATION,CONTINUE,15:10:00,2022-04-06,2022-04-07,2022-04-07,17850.0,0.00012883385753772016,0.0034379376316142243,-1.3074416318952589,BULL,50,17850.0,18050.0,5.3,0.05,-262.5,80.0,94.66541561500001,-437.16541561500003,0.0,265.0,2022-04-04/2022-04-10,2022
LOW_DISLOCATION,FADE,10:30:00,2022-04-06,2022-04-07,2022-04-07,17850.0,0.00012883385753772016,0.0034379376316142243,-1.3074416318952589,BEAR,50,17850.0,17650.0,124.7,142.2,874.9999999999993,80.0,110.53814727,684.4618527299994,0.0,6235.0,2022-04-04/2022-04-10,2022
LOW_DISLOCATION,FADE,15:10:00,2022-04-06,2022-04-07,2022-04-07,17850.0,0.00012883385753772016,0.0034379376316142243,-1.3074416318952589,BEAR,50,17850.0,17650.0,124.7,197.79999999999998,3654.999999999999,80.0,113.92212673,3461.077873269999,0.0,6235.0,2022-04-04/2022-04-10,2022
HIGH_DISLOCATION,CONTINUE,10:30:00,2022-04-07,2022-04-08,2022-04-13,17700.0,-0.0029145980529921797,0.08736981133273992,0.8397064910190359,BEAR,50,17700.0,17500.0,82.89999999999999,81.45,-72.49999999999943,80.0,116.55049024499999,-269.0504902449994,0.0,4145.0,2022-04-04/2022-04-10,2022
HIGH_DISLOCATION,CONTINUE,15:10:00,2022-04-07,2022-04-08,2022-04-13,17700.0,-0.0029145980529921797,0.08736981133273992,0.8397064910190359,BEAR,50,17700.0,17500.0,82.89999999999999,45.050000000000004,-1892.4999999999993,80.0,110.401980135,-2082.901980134999,0.0,4145.0,2022-04-04/2022-04-10,2022
HIGH_DISLOCATION,FADE,10:30:00,2022-04-07,2022-04-08,2022-04-13,17700.0,-0.0029145980529921797,0.08736981133273992,0.8397064910190359,BULL,50,17700.0,17900.0,74.5,73.25,-62.5,80.0,111.69387742500001,-254.193877425,0.0,3725.0,2022-04-04/2022-04-10,2022
HIGH_DISLOCATION,FADE,15:10:00,2022-04-07,2022-04-08,2022-04-13,17700.0,-0.0029145980529921797,0.08736981133273992,0.8397064910190359,BULL,50,17700.0,17900.0,74.5,108.15,1682.5000000000002,80.0,117.58757204500002,1484.912427955,0.0,3725.0,2022-04-04/2022-04-10,2022
HIGH_DISLOCATION,CONTINUE,10:30:00,2022-04-08,2022-04-11,2022-04-13,17650.0,-0.0030864807624427226,0.08786444180961273,0.832982095066475,BEAR,50,17650.0,17450.0,61.599999999999994,52.45,-457.49999999999955,80.0,105.223300255,-642.7233002549996,0.0,3079.9999999999995,2022-04-11/2022-04-17,2022
HIGH_DISLOCATION,CONTINUE,15:10:00,2022-04-08,2022-04-11,2022-04-13,17650.0,-0.0030864807624427226,0.08786444180961273,0.832982095066475,BEAR,50,17650.0,17450.0,61.599999999999994,52.849999999999994,-437.5,80.0,104.80541461499999,-622.305414615,0.0,3079.9999999999995,2022-04-11/2022-04-17,2022
HIGH_DISLOCATION,FADE,10:30:00,2022-04-08,2022-04-11,2022-04-13,17650.0,-0.0030864807624427226,0.08786444180961273,0.832982095066475,BULL,50,17650.0,17850.0,82.95,93.05000000000001,505.00000000000045,80.0,112.45944410999999,312.54055589000046,0.0,4147.5,2022-04-11/2022-04-17,2022
HIGH_DISLOCATION,FADE,15:10:00,2022-04-08,2022-04-11,2022-04-13,17650.0,-0.0030864807624427226,0.08786444180961273,0.832982095066475,BULL,50,17650.0,17850.0,82.95,81.0,-97.50000000000014,80.0,109.766710055,-287.26671005500015,0.0,4147.5,2022-04-11/2022-04-17,2022
HIGH_DISLOCATION,CONTINUE,10:30:00,2022-04-11,2022-04-12,2022-04-13,17700.0,-0.003973550963396184,0.09910943351838747,1.0868874720672028,BEAR,50,17700.0,17500.0,110.55,143.3,1637.5000000000007,80.0,119.299327955,1438.2006720450006,0.0,5527.5,2022-04-11/2022-04-17,2022
HIGH_DISLOCATION,CONTINUE,15:10:00,2022-04-11,2022-04-12,2022-04-13,17700.0,-0.003973550963396184,0.09910943351838747,1.0868874720672028,BEAR,50,17700.0,17500.0,110.55,126.94999999999999,819.9999999999995,80.0,114.30397099,625.6960290099995,0.0,5527.5,2022-04-11/2022-04-17,2022
HIGH_DISLOCATION,FADE,10:30:00,2022-04-11,2022-04-12,2022-04-13,17700.0,-0.003973550963396184,0.09910943351838747,1.0868874720672028,BULL,50,17700.0,17900.0,23.3,12.5,-540.0,80.0,96.9731787,-716.9731787000001,0.0,1165.0,2022-04-11/2022-04-17,2022
HIGH_DISLOCATION,FADE,15:10:00,2022-04-11,2022-04-12,2022-04-13,17700.0,-0.003973550963396184,0.09910943351838747,1.0868874720672028,BULL,50,17700.0,17900.0,23.3,10.200000000000001,-655.0,80.0,96.51305641,-831.51305641,0.0,1165.0,2022-04-11/2022-04-17,2022
LOW_DISLOCATION,CONTINUE,10:30:00,2022-04-12,2022-04-13,2022-04-13,17550.0,-0.0006736092952397449,0.017863082624539714,-0.952231290044198,BEAR,50,17550.0,17350.0,9.649999999999999,42.05,1620.0,80.0,97.98824501,1442.01175499,0.0,482.49999999999994,2022-04-11/2022-04-17,2022
LOW_DISLOCATION,CONTINUE,15:10:00,2022-04-12,2022-04-13,2022-04-13,17550.0,-0.0006736092952397449,0.017863082624539714,-0.952231290044198,BEAR,50,17550.0,17350.0,9.649999999999999,73.5,3192.5,80.0,99.96162554499999,3012.538374455,0.0,482.49999999999994,2022-04-11/2022-04-17,2022
LOW_DISLOCATION,FADE,10:30:00,2022-04-12,2022-04-13,2022-04-13,17550.0,-0.0006736092952397449,0.017863082624539714,-0.952231290044198,BULL,50,17550.0,17750.0,103.19999999999999,40.75,-3122.4999999999995,80.0,100.486851785,-3302.9868517849995,0.0,5159.999999999999,2022-04-11/2022-04-17,2022
LOW_DISLOCATION,FADE,15:10:00,2022-04-12,2022-04-13,2022-04-13,17550.0,-0.0006736092952397449,0.017863082624539714,-0.952231290044198,BULL,50,17550.0,17750.0,103.19999999999999,0.04999999999999999,-5157.5,80.0,97.348005575,-5334.848005575,0.0,5159.999999999999,2022-04-11/2022-04-17,2022
HIGH_DISLOCATION,CONTINUE,10:30:00,2022-04-13,2022-04-18,2022-04-21,17650.0,0.00277551298695777,0.11296968065928141,1.3941084674454944,BULL,50,17650.0,17850.0,11.1,7.549999999999999,-177.50000000000003,80.0,96.370506475,-353.870506475,0.0,555.0,2022-04-18/2022-04-24,2022
HIGH_DISLOCATION,CONTINUE,15:10:00,2022-04-13,2022-04-18,2022-04-21,17650.0,0.00277551298695777,0.11296968065928141,1.3941084674454944,BULL,50,17650.0,17850.0,11.1,5.2,-295.0,80.0,96.09275464999999,-471.09275464999996,0.0,555.0,2022-04-18/2022-04-24,2022
LOW_DISLOCATION,CONTINUE,10:30:00,2022-04-21,2022-04-22,2022-04-28,17200.0,-0.000803259435398428,0.025581661125262396,-0.8401829053456863,BEAR,50,17200.0,17000.0,63.64999999999999,64.2,27.50000000000057,80.0,113.54082338500001,-166.04082338499944,0.0,3182.4999999999995,2022-04-18/2022-04-24,2022
LOW_DISLOCATION,CONTINUE,15:10:00,2022-04-21,2022-04-22,2022-04-28,17200.0,-0.000803259435398428,0.025581661125262396,-0.8401829053456863,BEAR,50,17200.0,17000.0,63.64999999999999,75.79999999999998,607.4999999999995,80.0,115.416274195,412.0837258049995,0.0,3182.4999999999995,2022-04-18/2022-04-24,2022
LOW_DISLOCATION,FADE,10:30:00,2022-04-21,2022-04-22,2022-04-28,17200.0,-0.000803259435398428,0.025581661125262396,-0.8401829053456863,BULL,50,17200.0,17400.0,93.74999999999999,93.7,-2.4999999999991473,80.0,116.42641946500001,-198.92641946499916,0.0,4687.499999999999,2022-04-18/2022-04-24,2022
LOW_DISLOCATION,FADE,15:10:00,2022-04-21,2022-04-22,2022-04-28,17200.0,-0.000803259435398428,0.025581661125262396,-0.8401829053456863,BULL,50,17200.0,17400.0,93.74999999999999,77.00000000000001,-837.4999999999986,80.0,113.688314125,-1031.1883141249987,0.0,4687.499999999999,2022-04-18/2022-04-24,2022
LOW_DISLOCATION,CONTINUE,10:30:00,2022-04-22,2022-04-25,2022-04-28,17250.0,-0.00040282032185037054,0.012437722728110633,-1.1449235717616835,BEAR,50,17250.0,17050.0,136.5,130.95,-277.50000000000057,80.0,140.251783315,-497.7517833150006,0.0,6825.0,2022-04-25/2022-05-01,2022
LOW_DISLOCATION,CONTINUE,15:10:00,2022-04-22,2022-04-25,2022-04-28,17250.0,-0.00040282032185037054,0.012437722728110633,-1.1449235717616835,BEAR,50,17250.0,17050.0,136.5,142.99999999999997,324.9999999999986,80.0,143.29774028999998,101.7022597099986,0.0,6825.0,2022-04-25/2022-05-01,2022
LOW_DISLOCATION,FADE,10:30:00,2022-04-22,2022-04-25,2022-04-28,17250.0,-0.00040282032185037054,0.012437722728110633,-1.1449235717616835,BULL,50,17250.0,17450.0,26.700000000000003,28.1,69.99999999999993,80.0,99.57427301999999,-109.57427302000006,0.0,1335.0000000000002,2022-04-25/2022-05-01,2022
LOW_DISLOCATION,FADE,15:10:00,2022-04-22,2022-04-25,2022-04-28,17250.0,-0.00040282032185037054,0.012437722728110633,-1.1449235717616835,BULL,50,17250.0,17450.0,26.700000000000003,20.4,-315.0000000000002,80.0,98.67180684,-493.6718068400002,0.0,1335.0000000000002,2022-04-25/2022-05-01,2022
LOW_DISLOCATION,CONTINUE,10:30:00,2022-04-27,2022-04-28,2022-04-28,17100.0,0.0005826482093083601,0.012697079086981278,-1.1084900005073128,BULL,50,17100.0,17300.0,57.9,45.25,-632.4999999999999,80.0,99.482210865,-811.9822108649998,0.0,2895.0,2022-04-25/2022-05-01,2022
LOW_DISLOCATION,CONTINUE,15:10:00,2022-04-27,2022-04-28,2022-04-28,17100.0,0.0005826482093083601,0.012697079086981278,-1.1084900005073128,BULL,50,17100.0,17300.0,57.9,150.05,4607.5,80.0,106.694519215,4420.805480785,0.0,2895.0,2022-04-25/2022-05-01,2022
LOW_DISLOCATION,FADE,10:30:00,2022-04-27,2022-04-28,2022-04-28,17100.0,0.0005826482093083601,0.012697079086981278,-1.1084900005073128,BEAR,50,17100.0,16900.0,35.1,43.35,412.5,80.0,99.09668322499999,233.403316775,0.0,1755.0,2022-04-25/2022-05-01,2022
LOW_DISLOCATION,FADE,15:10:00,2022-04-27,2022-04-28,2022-04-28,17100.0,0.0005826482093083601,0.012697079086981278,-1.1084900005073128,BEAR,50,17100.0,16900.0,35.1,0.15,-1747.5000000000002,80.0,95.636942495,-1923.1369424950003,0.0,1755.0,2022-04-25/2022-05-01,2022
LOW_DISLOCATION,CONTINUE,10:30:00,2022-04-29,2022-05-02,2022-05-05,17350.0,-0.0003259922569627593,0.010352124176863585,-1.1513591113834232,BEAR,50,17350.0,17150.0,161.7,153.0,-434.99999999999943,80.0,155.34306686000002,-670.3430668599995,0.0,8084.999999999999,2022-05-02/2022-05-08,2022
LOW_DISLOCATION,CONTINUE,15:10:00,2022-04-29,2022-05-02,2022-05-05,17350.0,-0.0003259922569627593,0.010352124176863585,-1.1513591113834232,BEAR,50,17350.0,17150.0,161.7,142.65000000000003,-952.4999999999977,80.0,147.816151975,-1180.3161519749976,0.0,8084.999999999999,2022-05-02/2022-05-08,2022
LOW_DISLOCATION,FADE,10:30:00,2022-04-29,2022-05-02,2022-05-05,17350.0,-0.0003259922569627593,0.010352124176863585,-1.1513591113834232,BULL,50,17350.0,17550.0,15.5,17.599999999999998,104.99999999999989,80.0,97.59739759,-72.59739759000011,0.0,775.0,2022-05-02/2022-05-08,2022
LOW_DISLOCATION,FADE,15:10:00,2022-04-29,2022-05-02,2022-05-05,17350.0,-0.0003259922569627593,0.010352124176863585,-1.1513591113834232,BULL,50,17350.0,17550.0,15.5,23.35,392.50000000000006,80.0,97.95295174500001,214.54704825500005,0.0,775.0,2022-05-02/2022-05-08,2022
LOW_DISLOCATION,CONTINUE,10:30:00,2022-05-02,2022-05-04,2022-05-05,16950.0,-0.00015634910099275514,0.0035477109427329615,-1.3422865677470446,BEAR,50,16950.0,16750.0,37.05,63.099999999999994,1302.4999999999998,80.0,104.78484799499999,1117.7151520049997,0.0,1852.4999999999998,2022-05-02/2022-05-08,2022
LOW_DISLOCATION,CONTINUE,15:10:00,2022-05-02,2022-05-04,2022-05-05,16950.0,-0.00015634910099275514,0.0035477109427329615,-1.3422865677470446,BEAR,50,16950.0,16750.0,37.05,156.0,5947.5,80.0,119.163444025,5748.336555975,0.0,1852.4999999999998,2022-05-02/2022-05-08,2022
LOW_DISLOCATION,FADE,10:30:00,2022-05-02,2022-05-04,2022-05-05,16950.0,-0.00015634910099275514,0.0035477109427329615,-1.3422865677470446,BULL,50,16950.0,17150.0,113.14999999999999,80.4,-1637.4999999999993,80.0,113.435096555,-1830.9350965549993,0.0,5657.5,2022-05-02/2022-05-08,2022
LOW_DISLOCATION,FADE,15:10:00,2022-05-02,2022-05-04,2022-05-05,16950.0,-0.00015634910099275514,0.0035477109427329615,-1.3422865677470446,BULL,50,16950.0,17150.0,113.14999999999999,11.65,-5074.999999999999,80.0,105.29602858,-5260.296028579999,0.0,5657.5,2022-05-02/2022-05-08,2022
LOW_DISLOCATION,CONTINUE,10:30:00,2022-05-06,2022-05-09,2022-05-12,16450.0,-0.00016726730836488603,0.003945992436978963,-1.3352459729977992,BEAR,50,16450.0,16250.0,129.55,114.29999999999998,-762.5000000000014,80.0,140.899615615,-983.3996156150014,0.0,6477.500000000001,2022-05-09/2022-05-15,2022
LOW_DISLOCATION,CONTINUE,15:10:00,2022-05-06,2022-05-09,2022-05-12,16450.0,-0.00016726730836488603,0.003945992436978963,-1.3352459729977992,BEAR,50,16450.0,16250.0,129.55,106.65,-1145.0000000000002,80.0,137.27715114999998,-1362.2771511500002,0.0,6477.500000000001,2022-05-09/2022-05-15,2022
LOW_DISLOCATION,FADE,10:30:00,2022-05-06,2022-05-09,2022-05-12,16450.0,-0.00016726730836488603,0.003945992436978963,-1.3352459729977992,BULL,50,16450.0,16650.0,34.3,44.55,512.5,80.0,102.468267275,330.031732725,0.0,1714.9999999999998,2022-05-09/2022-05-15,2022
LOW_DISLOCATION,FADE,15:10:00,2022-05-06,2022-05-09,2022-05-12,16450.0,-0.00016726730836488603,0.003945992436978963,-1.3352459729977992,BULL,50,16450.0,16650.0,34.3,49.5,760.0000000000001,80.0,103.05539560999999,576.9446043900001,0.0,1714.9999999999998,2022-05-09/2022-05-15,2022
HIGH_DISLOCATION,CONTINUE,10:30:00,2022-05-09,2022-05-10,2022-05-12,16150.0,-0.006038253551280642,0.1116264209178054,1.5436717811070932,BEAR,50,16150.0,15950.0,46.150000000000006,44.45,-85.00000000000014,80.0,105.05306367,-270.05306367000014,0.0,2307.5000000000005,2022-05-09/2022-05-15,2022
HIGH_DISLOCATION,CONTINUE,15:10:00,2022-05-09,2022-05-10,2022-05-12,16150.0,-0.006038253551280642,0.1116264209178054,1.5436717811070932,BEAR,50,16150.0,15950.0,46.150000000000006,46.95,39.99999999999986,80.0,104.56061593999999,-144.56061594000013,0.0,2307.5000000000005,2022-05-09/2022-05-15,2022
HIGH_DISLOCATION,FADE,10:30:00,2022-05-09,2022-05-10,2022-05-12,16150.0,-0.006038253551280642,0.1116264209178054,1.5436717811070932,BULL,50,16150.0,16350.0,115.80000000000001,119.10000000000001,164.99999999999986,80.0,126.77203616000003,-41.77203616000017,0.0,5790.000000000001,2022-05-09/2022-05-15,2022
HIGH_DISLOCATION,FADE,15:10:00,2022-05-09,2022-05-10,2022-05-12,16150.0,-0.006038253551280642,0.1116264209178054,1.5436717811070932,BULL,50,16150.0,16350.0,115.80000000000001,106.9,-445.0000000000003,80.0,122.62326773000001,-647.6232677300002,0.0,5790.000000000001,2022-05-09/2022-05-15,2022
HIGH_DISLOCATION,CONTINUE,10:30:00,2022-05-12,2022-05-13,2022-05-19,15900.0,-0.007974983866090085,0.17331136212210785,3.0867667526774816,BEAR,50,15900.0,15700.0,56.95,69.29999999999998,617.499999999999,80.0,116.285590815,421.214409184999,0.0,2847.5,2022-05-09/2022-05-15,2022
HIGH_DISLOCATION,CONTINUE,15:10:00,2022-05-12,2022-05-13,2022-05-19,15900.0,-0.007974983866090085,0.17331136212210785,3.0867667526774816,BEAR,50,15900.0,15700.0,56.95,96.19999999999999,1962.4999999999993,80.0,122.99847749499999,1759.5015225049992,0.0,2847.5,2022-05-09/2022-05-15,2022
HIGH_DISLOCATION,FADE,10:30:00,2022-05-12,2022-05-13,2022-05-19,15900.0,-0.007974983866090085,0.17331136212210785,3.0867667526774816,BULL,50,15900.0,16100.0,112.05000000000001,97.35000000000001,-735.0000000000001,80.0,129.19850088,-944.1985008800001,0.0,5602.500000000001,2022-05-09/2022-05-15,2022
HIGH_DISLOCATION,FADE,15:10:00,2022-05-12,2022-05-13,2022-05-19,15900.0,-0.007974983866090085,0.17331136212210785,3.0867667526774816,BULL,50,15900.0,16100.0,112.05000000000001,65.1,-2347.500000000001,80.0,120.47589418500002,-2547.975894185001,0.0,5602.500000000001,2022-05-09/2022-05-15,2022
LOW_DISLOCATION,CONTINUE,10:30:00,2022-05-19,2022-05-20,2022-05-26,15950.0,1.8817802896014227e-05,0.0004258639351908836,-1.3623994965502721,BULL,50,15950.0,16150.0,118.25,126.85000000000002,430.00000000000114,80.0,139.36561210000002,210.63438790000112,0.0,5912.5,2022-05-16/2022-05-22,2022
LOW_DISLOCATION,CONTINUE,15:10:00,2022-05-19,2022-05-20,2022-05-26,15950.0,1.8817802896014227e-05,0.0004258639351908836,-1.3623994965502721,BULL,50,15950.0,16150.0,118.25,143.0,1237.5,80.0,145.113689275,1012.3863107249999,0.0,5912.5,2022-05-16/2022-05-22,2022
LOW_DISLOCATION,FADE,10:30:00,2022-05-19,2022-05-20,2022-05-26,15950.0,1.8817802896014227e-05,0.0004258639351908836,-1.3623994965502721,BEAR,50,15950.0,15750.0,53.35000000000001,46.00000000000001,-367.50000000000006,80.0,111.49947572500001,-558.999475725,0.0,2667.5000000000005,2022-05-16/2022-05-22,2022
LOW_DISLOCATION,FADE,15:10:00,2022-05-19,2022-05-20,2022-05-26,15950.0,1.8817802896014227e-05,0.0004258639351908836,-1.3623994965502721,BEAR,50,15950.0,15750.0,53.35000000000001,33.75000000000001,-980.0000000000001,80.0,108.9366741,-1168.9366741,0.0,2667.5000000000005,2022-05-16/2022-05-22,2022
HIGH_DISLOCATION,CONTINUE,10:30:00,2022-05-20,2022-05-23,2022-05-26,16100.0,0.004219396133986014,0.09526798219067728,0.9974957687416263,BULL,50,16100.0,16300.0,115.69999999999999,127.75,602.5000000000006,80.0,134.859700475,387.64029952500056,0.0,5784.999999999999,2022-05-23/2022-05-29,2022
HIGH_DISLOCATION,CONTINUE,15:10:00,2022-05-20,2022-05-23,2022-05-26,16100.0,0.004219396133986014,0.09526798219067728,0.9974957687416263,BULL,50,16100.0,16300.0,115.69999999999999,104.15,-577.4999999999991,80.0,126.930138865,-784.4301388649991,0.0,5784.999999999999,2022-05-23/2022-05-29,2022
HIGH_DISLOCATION,FADE,10:30:00,2022-05-20,2022-05-23,2022-05-26,16100.0,0.004219396133986014,0.09526798219067728,0.9974957687416263,BEAR,50,16100.0,15900.0,52.14999999999999,42.800000000000004,-467.4999999999994,80.0,108.908700235,-656.4087002349993,0.0,2607.4999999999995,2022-05-23/2022-05-29,2022
HIGH_DISLOCATION,FADE,15:10:00,2022-05-20,2022-05-23,2022-05-26,16100.0,0.004219396133986014,0.09526798219067728,0.9974957687416263,BEAR,50,16100.0,15900.0,52.14999999999999,54.599999999999994,122.50000000000014,80.0,110.868011435,-68.36801143499986,0.0,2607.4999999999995,2022-05-23/2022-05-29,2022
LOW_DISLOCATION,CONTINUE,10:30:00,2022-05-23,2022-05-24,2022-05-26,16250.0,-0.0012151152978719694,0.021761082280975674,-0.8107462909762715,BEAR,50,16250.0,16050.0,91.44999999999999,96.0,227.50000000000057,80.0,124.211272635,23.288727365000568,0.0,4572.499999999999,2022-05-23/2022-05-29,2022
LOW_DISLOCATION,CONTINUE,15:10:00,2022-05-23,2022-05-24,2022-05-26,16250.0,-0.0012151152978719694,0.021761082280975674,-0.8107462909762715,BEAR,50,16250.0,16050.0,91.44999999999999,104.4,647.5000000000009,80.0,124.954102355,442.5458976450009,0.0,4572.499999999999,2022-05-23/2022-05-29,2022
LOW_DISLOCATION,FADE,10:30:00,2022-05-23,2022-05-24,2022-05-26,16250.0,-0.0012151152978719694,0.021761082280975674,-0.8107462909762715,BULL,50,16250.0,16450.0,63.60000000000001,56.85,-337.50000000000034,80.0,105.820629975,-523.3206299750003,0.0,3180.0000000000005,2022-05-23/2022-05-29,2022
LOW_DISLOCATION,FADE,15:10:00,2022-05-23,2022-05-24,2022-05-26,16250.0,-0.0012151152978719694,0.021761082280975674,-0.8107462909762715,BULL,50,16250.0,16450.0,63.60000000000001,42.1,-1075.0000000000005,80.0,103.55042627,-1258.5504262700006,0.0,3180.0000000000005,2022-05-23/2022-05-29,2022
LOW_DISLOCATION,CONTINUE,10:30:00,2022-05-25,2022-05-26,2022-05-26,16200.0,0.00015743559032167933,0.0029299806975719633,-1.2580931116003466,BULL,50,16200.0,16400.0,12.200000000000001,2.8,-470.0000000000001,80.0,95.15270836999998,-645.1527083700001,0.0,610.0,2022-05-23/2022-05-29,2022
LOW_DISLOCATION,CONTINUE,15:10:00,2022-05-25,2022-05-26,2022-05-26,16200.0,0.00015743559032167933,0.0029299806975719633,-1.2580931116003466,BULL,50,16200.0,16400.0,12.200000000000001,0.15,-602.5,80.0,94.839795525,-777.339795525,0.0,610.0,2022-05-23/2022-05-29,2022
LOW_DISLOCATION,FADE,10:30:00,2022-05-25,2022-05-26,2022-05-26,16200.0,0.00015743559032167933,0.0029299806975719633,-1.2580931116003466,BEAR,50,16200.0,16000.0,106.65,163.05,2820.0000000000005,80.0,118.53198766,2621.4680123400003,0.0,5332.5,2022-05-23/2022-05-29,2022
LOW_DISLOCATION,FADE,15:10:00,2022-05-25,2022-05-26,2022-05-26,16200.0,0.00015743559032167933,0.0029299806975719633,-1.2580931116003466,BEAR,50,16200.0,16000.0,106.65,52.25,-2720.0000000000005,80.0,103.5845342,-2903.5845342000002,0.0,5332.5,2022-05-23/2022-05-29,2022
LOW_DISLOCATION,CONTINUE,10:30:00,2022-05-27,2022-05-30,2022-06-02,16300.0,0.0009294364486325098,0.022280274414223603,-0.7755645683489156,BULL,50,16300.0,16500.0,145.0,151.04999999999998,302.49999999999915,80.0,145.176105645,77.32389435499914,0.0,7250.0,2022-05-30/2022-06-05,2022
LOW_DISLOCATION,CONTINUE,15:10:00,2022-05-27,2022-05-30,2022-06-02,16300.0,0.0009294364486325098,0.022280274414223603,-0.7755645683489156,BULL,50,16300.0,16500.0,145.0,160.90000000000003,795.0000000000017,80.0,147.89914776,567.1008522400017,0.0,7250.0,2022-05-30/2022-06-05,2022
LOW_DISLOCATION,FADE,10:30:00,2022-05-27,2022-05-30,2022-06-02,16300.0,0.0009294364486325098,0.022280274414223603,-0.7755645683489156,BEAR,50,16300.0,16100.0,25.9,22.599999999999998,-165.00000000000003,80.0,100.73840727000001,-345.73840727000004,0.0,1295.0,2022-05-30/2022-06-05,2022
LOW_DISLOCATION,FADE,15:10:00,2022-05-27,2022-05-30,2022-06-02,16300.0,0.0009294364486325098,0.022280274414223603,-0.7755645683489156,BEAR,50,16300.0,16100.0,25.9,17.150000000000002,-437.49999999999983,80.0,99.878884415,-617.3788844149998,0.0,1295.0,2022-05-30/2022-06-05,2022
HIGH_DISLOCATION,CONTINUE,10:30:00,2022-05-30,2022-05-31,2022-06-02,16600.0,0.0038325881918775864,0.08708454418359414,0.8231409479197793,BULL,50,16600.0,16800.0,61.7,83.1,1069.9999999999995,80.0,108.49944174000001,881.5005582599995,0.0,3085.0,2022-05-30/2022-06-05,2022
HIGH_DISLOCATION,CONTINUE,15:10:00,2022-05-30,2022-05-31,2022-06-02,16600.0,0.0038325881918775864,0.08708454418359414,0.8231409479197793,BULL,50,16600.0,16800.0,61.7,73.75,602.4999999999999,80.0,106.41131240499999,416.0886875949999,0.0,3085.0,2022-05-30/2022-06-05,2022
HIGH_DISLOCATION,FADE,10:30:00,2022-05-30,2022-05-31,2022-06-02,16600.0,0.0038325881918775864,0.08708454418359414,0.8231409479197793,BEAR,50,16600.0,16400.0,85.8,66.10000000000001,-984.9999999999994,80.0,111.97382528,-1176.9738252799996,0.0,4290.0,2022-05-30/2022-06-05,2022
HIGH_DISLOCATION,FADE,15:10:00,2022-05-30,2022-05-31,2022-06-02,16600.0,0.0038325881918775864,0.08708454418359414,0.8231409479197793,BEAR,50,16600.0,16400.0,85.8,69.94999999999999,-792.5000000000005,80.0,112.673708715,-985.1737087150004,0.0,4290.0,2022-05-30/2022-06-05,2022
LOW_DISLOCATION,CONTINUE,10:30:00,2022-06-01,2022-06-02,2022-06-02,16600.0,0.0011173218007251612,0.022195341910268146,-0.7689301817320757,BULL,50,16600.0,16800.0,23.7,25.95,112.5,80.0,97.078172215,-64.578172215,0.0,1185.0,2022-05-30/2022-06-05,2022
LOW_DISLOCATION,CONTINUE,15:10:00,2022-06-01,2022-06-02,2022-06-02,16600.0,0.0011173218007251612,0.022195341910268146,-0.7689301817320757,BULL,50,16600.0,16800.0,23.7,23.15,-27.500000000000036,80.0,96.75000269499999,-204.25000269500003,0.0,1185.0,2022-05-30/2022-06-05,2022
LOW_DISLOCATION,FADE,10:30:00,2022-06-01,2022-06-02,2022-06-02,16600.0,0.0011173218007251612,0.022195341910268146,-0.7689301817320757,BEAR,50,16600.0,16400.0,88.15,76.3,-592.5000000000005,80.0,105.036985835,-777.5369858350005,0.0,4407.5,2022-05-30/2022-06-05,2022
LOW_DISLOCATION,FADE,15:10:00,2022-06-01,2022-06-02,2022-06-02,16600.0,0.0011173218007251612,0.022195341910268146,-0.7689301817320757,BEAR,50,16600.0,16400.0,88.15,1.5999999999999999,-4327.500000000001,80.0,98.447706075,-4505.9477060750005,0.0,4407.5,2022-05-30/2022-06-05,2022
HIGH_DISLOCATION,CONTINUE,10:30:00,2022-06-06,2022-06-07,2022-06-09,16450.0,-0.004671344053856383,0.10263081676001519,1.2362869114386472,BEAR,50,16450.0,16250.0,76.15,74.05,-105.00000000000043,80.0,110.63915835,-295.63915835000046,0.0,3807.5000000000005,2022-06-06/2022-06-12,2022
HIGH_DISLOCATION,CONTINUE,15:10:00,2022-06-06,2022-06-07,2022-06-09,16450.0,-0.004671344053856383,0.10263081676001519,1.2362869114386472,BEAR,50,16450.0,16250.0,76.15,77.15,50.0,80.0,110.64926596999999,-140.64926597,0.0,3807.5000000000005,2022-06-06/2022-06-12,2022
HIGH_DISLOCATION,FADE,10:30:00,2022-06-06,2022-06-07,2022-06-09,16450.0,-0.004671344053856383,0.10263081676001519,1.2362869114386472,BULL,50,16450.0,16650.0,71.25,72.9,82.50000000000028,80.0,108.255211575,-105.75521157499972,0.0,3562.5,2022-06-06/2022-06-12,2022
HIGH_DISLOCATION,FADE,15:10:00,2022-06-06,2022-06-07,2022-06-09,16450.0,-0.004671344053856383,0.10263081676001519,1.2362869114386472,BULL,50,16450.0,16650.0,71.25,65.85000000000001,-269.99999999999955,80.0,106.88747404999998,-456.8874740499995,0.0,3562.5,2022-06-06/2022-06-12,2022
HIGH_DISLOCATION,CONTINUE,10:30:00,2022-06-08,2022-06-09,2022-06-09,16400.0,-0.005864132924391081,0.10745433603345529,1.2989701001898606,BEAR,50,16400.0,16200.0,91.65,59.849999999999994,-1590.0000000000005,80.0,102.87306563,-1772.8730656300004,0.0,4582.5,2022-06-06/2022-06-12,2022
HIGH_DISLOCATION,CONTINUE,15:10:00,2022-06-08,2022-06-09,2022-06-09,16400.0,-0.005864132924391081,0.10745433603345529,1.2989701001898606,BEAR,50,16400.0,16200.0,91.65,0.05000000000000002,-4580.0,80.0,97.98828749999998,-4757.9882875,0.0,4582.5,2022-06-06/2022-06-12,2022
HIGH_DISLOCATION,FADE,10:30:00,2022-06-08,2022-06-09,2022-06-09,16400.0,-0.005864132924391081,0.10745433603345529,1.2989701001898606,BULL,50,16400.0,16600.0,15.399999999999999,23.2,390.00000000000006,80.0,96.70848752,213.29151248000005,0.0,769.9999999999999,2022-06-06/2022-06-12,2022
HIGH_DISLOCATION,FADE,15:10:00,2022-06-08,2022-06-09,2022-06-09,16400.0,-0.005864132924391081,0.10745433603345529,1.2989701001898606,BULL,50,16400.0,16600.0,15.399999999999999,68.55,2657.5,80.0,99.762570255,2477.737429745,0.0,769.9999999999999,2022-06-06/2022-06-12,2022
HIGH_DISLOCATION,CONTINUE,10:30:00,2022-06-13,2022-06-14,2022-06-16,15800.0,-0.0056855029120100285,0.11082704735702047,1.4269855030296985,BEAR,50,15800.0,15600.0,100.6,76.30000000000001,-1214.999999999999,80.0,117.54637568999999,-1412.546375689999,0.0,5030.0,2022-06-13/2022-06-19,2022
HIGH_DISLOCATION,CONTINUE,15:10:00,2022-06-13,2022-06-14,2022-06-16,15800.0,-0.0056855029120100285,0.11082704735702047,1.4269855030296985,BEAR,50,15800.0,15600.0,100.6,90.05000000000001,-527.4999999999991,80.0,119.48093550499999,-726.980935504999,0.0,5030.0,2022-06-13/2022-06-19,2022
HIGH_DISLOCATION,FADE,10:30:00,2022-06-13,2022-06-14,2022-06-16,15800.0,-0.0056855029120100285,0.11082704735702047,1.4269855030296985,BULL,50,15800.0,16000.0,53.199999999999996,79.8,1330.0,80.0,109.96871837,1140.03128163,0.0,2660.0,2022-06-13/2022-06-19,2022
HIGH_DISLOCATION,FADE,15:10:00,2022-06-13,2022-06-14,2022-06-16,15800.0,-0.0056855029120100285,0.11082704735702047,1.4269855030296985,BULL,50,15800.0,16000.0,53.199999999999996,57.8,230.00000000000006,80.0,105.48469886999999,44.51530113000007,0.0,2660.0,2022-06-13/2022-06-19,2022
LOW_DISLOCATION,FADE,10:30:00,2022-06-16,2022-06-17,2022-06-23,15850.0,-0.0007889745539926846,0.019818699454450056,-0.9041352655540827,BULL,50,15850.0,16050.0,11.15,15.8,232.50000000000003,80.0,97.38734639500001,55.11265360500002,0.0,557.5,2022-06-13/2022-06-19,2022
LOW_DISLOCATION,FADE,15:10:00,2022-06-16,2022-06-17,2022-06-23,15850.0,-0.0007889745539926846,0.019818699454450056,-0.9041352655540827,BULL,50,15850.0,16050.0,11.15,12.0,42.499999999999986,80.0,96.811838715,-134.31183871500002,0.0,557.5,2022-06-13/2022-06-19,2022
HIGH_DISLOCATION,CONTINUE,10:30:00,2022-06-17,2022-06-20,2022-06-23,15200.0,-0.006357004955589237,0.1247580347233767,1.7457488618829198,BEAR,50,15200.0,15000.0,61.599999999999994,60.30000000000001,-64.99999999999915,80.0,114.56724882,-259.5672488199991,0.0,3079.9999999999995,2022-06-20/2022-06-26,2022
HIGH_DISLOCATION,CONTINUE,15:10:00,2022-06-17,2022-06-20,2022-06-23,15200.0,-0.006357004955589237,0.1247580347233767,1.7457488618829198,BEAR,50,15200.0,15000.0,61.599999999999994,45.800000000000004,-789.9999999999995,80.0,111.15745696,-981.1574569599995,0.0,3079.9999999999995,2022-06-20/2022-06-26,2022
HIGH_DISLOCATION,FADE,10:30:00,2022-06-17,2022-06-20,2022-06-23,15200.0,-0.006357004955589237,0.1247580347233767,1.7457488618829198,BULL,50,15200.0,15400.0,102.6,102.75,7.500000000000284,80.0,122.44535444500002,-194.94535444499974,0.0,5130.0,2022-06-20/2022-06-26,2022
HIGH_DISLOCATION,FADE,15:10:00,2022-06-17,2022-06-20,2022-06-23,15200.0,-0.006357004955589237,0.1247580347233767,1.7457488618829198,BULL,50,15200.0,15400.0,102.6,119.69999999999999,854.9999999999998,80.0,124.72707912,650.2729208799998,0.0,5130.0,2022-06-20/2022-06-26,2022
HIGH_DISLOCATION,CONTINUE,10:30:00,2022-06-20,2022-06-21,2022-06-23,15250.0,-0.005360899953751606,0.09272475117819405,0.8836850795819361,BEAR,50,15250.0,15050.0,33.85,17.1,-837.5,80.0,100.377387245,-1017.877387245,0.0,1692.5,2022-06-20/2022-06-26,2022
HIGH_DISLOCATION,CONTINUE,15:10:00,2022-06-20,2022-06-21,2022-06-23,15250.0,-0.005360899953751606,0.09272475117819405,0.8836850795819361,BEAR,50,15250.0,15050.0,33.85,11.399999999999999,-1122.5000000000002,80.0,99.518773395,-1302.0187733950002,0.0,1692.5,2022-06-20/2022-06-26,2022
HIGH_DISLOCATION,FADE,10:30:00,2022-06-20,2022-06-21,2022-06-23,15250.0,-0.005360899953751606,0.09272475117819405,0.8836850795819361,BULL,50,15250.0,15450.0,133.85,163.3,1472.500000000001,80.0,138.186444225,1254.3135557750009,0.0,6692.5,2022-06-20/2022-06-26,2022
LOW_DISLOCATION,CONTINUE,10:30:00,2022-06-21,2022-06-22,2022-06-23,15450.0,-0.0013583353277145684,0.02747377623677578,-0.7515577545205604,BEAR,50,15450.0,15250.0,50.400000000000006,51.05,32.499999999999574,80.0,104.61042664499999,-152.11042664500042,0.0,2520.0000000000005,2022-06-20/2022-06-26,2022
LOW_DISLOCATION,CONTINUE,15:10:00,2022-06-21,2022-06-22,2022-06-23,15450.0,-0.0013583353277145684,0.02747377623677578,-0.7515577545205604,BEAR,50,15450.0,15250.0,50.400000000000006,68.85,922.4999999999994,80.0,106.143574435,736.3564255649994,0.0,2520.0000000000005,2022-06-20/2022-06-26,2022
LOW_DISLOCATION,FADE,10:30:00,2022-06-21,2022-06-22,2022-06-23,15450.0,-0.0013583353277145684,0.02747377623677578,-0.7515577545205604,BULL,50,15450.0,15650.0,80.35,74.7,-282.49999999999955,80.0,105.424367005,-467.92436700499957,0.0,4017.4999999999995,2022-06-20/2022-06-26,2022
LOW_DISLOCATION,FADE,15:10:00,2022-06-21,2022-06-22,2022-06-23,15450.0,-0.0013583353277145684,0.02747377623677578,-0.7515577545205604,BULL,50,15450.0,15650.0,80.35,46.7,-1682.4999999999995,80.0,102.230977535,-1864.7309775349995,0.0,4017.4999999999995,2022-06-20/2022-06-26,2022
HIGH_DISLOCATION,CONTINUE,10:30:00,2022-06-22,2022-06-23,2022-06-23,15500.0,-0.005159574126309926,0.10714114215042338,1.2549953194669898,BEAR,50,15500.0,15300.0,44.3,16.45,-1392.5,80.0,97.900568995,-1570.400568995,0.0,2215.0,2022-06-20/2022-06-26,2022
HIGH_DISLOCATION,CONTINUE,15:10:00,2022-06-22,2022-06-23,2022-06-23,15500.0,-0.005159574126309926,0.10714114215042338,1.2549953194669898,BEAR,50,15500.0,15300.0,44.3,0.35,-2197.5,80.0,96.311045135,-2373.811045135,0.0,2215.0,2022-06-20/2022-06-26,2022
HIGH_DISLOCATION,FADE,10:30:00,2022-06-22,2022-06-23,2022-06-23,15500.0,-0.005159574126309926,0.10714114215042338,1.2549953194669898,BULL,50,15500.0,15700.0,65.7,99.6,1694.9999999999995,80.0,104.78233218999998,1510.2176678099995,0.0,3285.0,2022-06-20/2022-06-26,2022
HIGH_DISLOCATION,FADE,15:10:00,2022-06-22,2022-06-23,2022-06-23,15500.0,-0.005159574126309926,0.10714114215042338,1.2549953194669898,BULL,50,15500.0,15700.0,65.7,54.75,-547.5000000000001,80.0,100.504094235,-728.0040942350001,0.0,3285.0,2022-06-20/2022-06-26,2022
LOW_DISLOCATION,CONTINUE,10:30:00,2022-06-27,2022-06-28,2022-06-30,15900.0,-0.0007759999245992204,0.017220780604625955,-1.0191059441980512,BEAR,50,15900.0,15700.0,112.15,111.6,-27.50000000000057,80.0,123.883100155,-231.38310015500056,0.0,5607.5,2022-06-27/2022-07-03,2022
LOW_DISLOCATION,CONTINUE,15:10:00,2022-06-27,2022-06-28,2022-06-30,15900.0,-0.0007759999245992204,0.017220780604625955,-1.0191059441980512,BEAR,50,15900.0,15700.0,112.15,81.5,-1532.5000000000002,80.0,117.65498154500001,-1730.1549815450003,0.0,5607.5,2022-06-27/2022-07-03,2022
LOW_DISLOCATION,FADE,10:30:00,2022-06-27,2022-06-28,2022-06-30,15900.0,-0.0007759999245992204,0.017220780604625955,-1.0191059441980512,BULL,50,15900.0,16100.0,37.3,35.8,-75.0,80.0,100.18715551,-255.18715551,0.0,1864.9999999999998,2022-06-27/2022-07-03,2022
LOW_DISLOCATION,FADE,15:10:00,2022-06-27,2022-06-28,2022-06-30,15900.0,-0.0007759999245992204,0.017220780604625955,-1.0191059441980512,BULL,50,15900.0,16100.0,37.3,52.75000000000001,772.5000000000005,80.0,101.73919599499999,590.7608040050004,0.0,1864.9999999999998,2022-06-27/2022-07-03,2022
LOW_DISLOCATION,CONTINUE,10:30:00,2022-06-29,2022-06-30,2022-06-30,15700.0,3.4992508422129985e-05,0.0007307941148678379,-1.432674273597298,BULL,50,15700.0,15900.0,120.75000000000001,100.7,-1002.5000000000006,80.0,110.229433035,-1192.7294330350005,0.0,6037.500000000001,2022-06-27/2022-07-03,2022
LOW_DISLOCATION,CONTINUE,15:10:00,2022-06-29,2022-06-30,2022-06-30,15700.0,3.4992508422129985e-05,0.0007307941148678379,-1.432674273597298,BULL,50,15700.0,15900.0,120.75000000000001,82.55000000000001,-1910.0000000000002,80.0,106.63120377,-2096.6312037700004,0.0,6037.500000000001,2022-06-27/2022-07-03,2022
LOW_DISLOCATION,FADE,10:30:00,2022-06-29,2022-06-30,2022-06-30,15700.0,3.4992508422129985e-05,0.0007307941148678379,-1.432674273597298,BEAR,50,15700.0,15500.0,21.5,25.75,212.5,80.0,97.591439215,34.908560785000006,0.0,1075.0,2022-06-27/2022-07-03,2022
LOW_DISLOCATION,FADE,15:10:00,2022-06-29,2022-06-30,2022-06-30,15700.0,3.4992508422129985e-05,0.0007307941148678379,-1.432674273597298,BEAR,50,15700.0,15500.0,21.5,0.2,-1065.0,80.0,95.32425269999999,-1240.3242527,0.0,1075.0,2022-06-27/2022-07-03,2022
HIGH_DISLOCATION,CONTINUE,10:30:00,2022-06-30,2022-07-01,2022-07-07,15850.0,0.0038156578130739316,0.09214253516658893,0.9785752199540876,BULL,50,15850.0,16050.0,52.75,40.050000000000004,-634.9999999999998,80.0,104.00085744000002,-819.0008574399998,0.0,2637.5,2022-06-27/2022-07-03,2022
HIGH_DISLOCATION,CONTINUE,15:10:00,2022-06-30,2022-07-01,2022-07-07,15850.0,0.0038156578130739316,0.09214253516658893,0.9785752199540876,BULL,50,15850.0,16050.0,52.75,63.39999999999999,532.4999999999995,80.0,107.02803620499999,345.47196379499957,0.0,2637.5,2022-06-27/2022-07-03,2022
HIGH_DISLOCATION,FADE,10:30:00,2022-06-30,2022-07-01,2022-07-07,15850.0,0.0038156578130739316,0.09214253516658893,0.9785752199540876,BEAR,50,15850.0,15650.0,108.35,126.4,902.5000000000006,80.0,140.466212725,682.0337872750006,0.0,5417.5,2022-06-27/2022-07-03,2022
HIGH_DISLOCATION,FADE,15:10:00,2022-06-30,2022-07-01,2022-07-07,15850.0,0.0038156578130739316,0.09214253516658893,0.9785752199540876,BEAR,50,15850.0,15650.0,108.35,93.65,-734.9999999999994,80.0,129.76086895,-944.7608689499995,0.0,5417.5,2022-06-27/2022-07-03,2022
LOW_DISLOCATION,CONTINUE,10:30:00,2022-07-04,2022-07-05,2022-07-07,15750.0,0.00041625226793943,0.00900679909800568,-1.181082656240431,BULL,50,15750.0,15950.0,122.45,141.39999999999998,947.4999999999987,80.0,126.65192413500002,740.8480758649987,0.0,6122.5,2022-07-04/2022-07-10,2022
LOW_DISLOCATION,CONTINUE,15:10:00,2022-07-04,2022-07-05,2022-07-07,15750.0,0.00041625226793943,0.00900679909800568,-1.181082656240431,BULL,50,15750.0,15950.0,122.45,84.05,-1920.0000000000002,80.0,114.36007665,-2114.3600766500003,0.0,6122.5,2022-07-04/2022-07-10,2022
LOW_DISLOCATION,FADE,10:30:00,2022-07-04,2022-07-05,2022-07-07,15750.0,0.00041625226793943,0.00900679909800568,-1.181082656240431,BEAR,50,15750.0,15550.0,33.6,23.700000000000003,-494.99999999999994,80.0,99.85332075000001,-674.85332075,0.0,1680.0,2022-07-04/2022-07-10,2022
LOW_DISLOCATION,FADE,15:10:00,2022-07-04,2022-07-05,2022-07-07,15750.0,0.00041625226793943,0.00900679909800568,-1.181082656240431,BEAR,50,15750.0,15550.0,33.6,54.64999999999999,1052.4999999999995,80.0,103.31577369499999,869.1842263049996,0.0,1680.0,2022-07-04/2022-07-10,2022
LOW_DISLOCATION,CONTINUE,10:30:00,2022-07-05,2022-07-06,2022-07-07,15900.0,0.0005278537091148796,0.012432760241407551,-1.0960845286339453,BULL,50,15900.0,16100.0,58.5,51.0,-375.0,80.0,101.86354214999999,-556.86354215,0.0,2925.0,2022-07-04/2022-07-10,2022
LOW_DISLOCATION,CONTINUE,15:10:00,2022-07-05,2022-07-06,2022-07-07,15900.0,0.0005278537091148796,0.012432760241407551,-1.0960845286339453,BULL,50,15900.0,16100.0,58.5,92.5,1700.0,80.0,105.52838438999999,1514.47161561,0.0,2925.0,2022-07-04/2022-07-10,2022
LOW_DISLOCATION,FADE,10:30:00,2022-07-05,2022-07-06,2022-07-07,15900.0,0.0005278537091148796,0.012432760241407551,-1.0960845286339453,BEAR,50,15900.0,15700.0,69.2,72.55,167.49999999999972,80.0,107.106633055,-19.606633055000287,0.0,3460.0,2022-07-04/2022-07-10,2022
LOW_DISLOCATION,FADE,15:10:00,2022-07-05,2022-07-06,2022-07-07,15900.0,0.0005278537091148796,0.012432760241407551,-1.0960845286339453,BEAR,50,15900.0,15700.0,69.2,33.550000000000004,-1782.5,80.0,102.456690065,-1964.956690065,0.0,3460.0,2022-07-04/2022-07-10,2022
HIGH_DISLOCATION,CONTINUE,10:30:00,2022-07-06,2022-07-07,2022-07-07,15900.0,0.0043777499123503144,0.09504907603544359,1.1333634854436672,BULL,50,15900.0,16100.0,147.6,157.2,479.9999999999997,80.0,119.12137322999999,280.87862676999976,0.0,7380.0,2022-07-04/2022-07-10,2022
HIGH_DISLOCATION,CONTINUE,15:10:00,2022-07-06,2022-07-07,2022-07-07,15900.0,0.0043777499123503144,0.09504907603544359,1.1333634854436672,BULL,50,15900.0,16100.0,147.6,199.95,2617.4999999999995,80.0,120.141793885,2417.3582061149996,0.0,7380.0,2022-07-04/2022-07-10,2022
HIGH_DISLOCATION,FADE,10:30:00,2022-07-06,2022-07-07,2022-07-07,15900.0,0.0043777499123503144,0.09504907603544359,1.1333634854436672,BEAR,50,15900.0,15700.0,8.95,6.6,-117.49999999999999,80.0,95.55837820500001,-293.058378205,0.0,447.49999999999994,2022-07-04/2022-07-10,2022
HIGH_DISLOCATION,FADE,15:10:00,2022-07-06,2022-07-07,2022-07-07,15900.0,0.0043777499123503144,0.09504907603544359,1.1333634854436672,BEAR,50,15900.0,15700.0,8.95,-0.05,-450.0,80.0,94.8789005,-624.8789005,0.0,447.49999999999994,2022-07-04/2022-07-10,2022
HIGH_DISLOCATION,CONTINUE,10:30:00,2022-07-08,2022-07-11,2022-07-14,16200.0,-0.005394611532671762,0.1593219406093618,2.8887459058510316,BEAR,50,16200.0,16000.0,86.7,84.95,-87.5,80.0,115.186095605,-282.686095605,0.0,4335.0,2022-07-11/2022-07-17,2022
HIGH_DISLOCATION,CONTINUE,15:10:00,2022-07-08,2022-07-11,2022-07-14,16200.0,-0.005394611532671762,0.1593219406093618,2.8887459058510316,BEAR,50,16200.0,16000.0,86.7,62.50000000000001,-1209.9999999999998,80.0,111.33951357000001,-1401.3395135699998,0.0,4335.0,2022-07-11/2022-07-17,2022
HIGH_DISLOCATION,FADE,10:30:00,2022-07-08,2022-07-11,2022-07-14,16200.0,-0.005394611532671762,0.1593219406093618,2.8887459058510316,BULL,50,16200.0,16400.0,60.099999999999994,63.45,167.50000000000043,80.0,105.27080340500001,-17.770803404999583,0.0,3004.9999999999995,2022-07-11/2022-07-17,2022
HIGH_DISLOCATION,FADE,15:10:00,2022-07-08,2022-07-11,2022-07-14,16200.0,-0.005394611532671762,0.1593219406093618,2.8887459058510316,BULL,50,16200.0,16400.0,60.099999999999994,82.4,1115.0000000000005,80.0,107.60567575,927.3943242500004,0.0,3004.9999999999995,2022-07-11/2022-07-17,2022
LOW_DISLOCATION,CONTINUE,10:30:00,2022-07-11,2022-07-12,2022-07-14,16150.0,-0.0007429420505200594,0.01900564420948386,-0.8817857113139046,BEAR,50,16150.0,15950.0,79.25,71.89999999999999,-367.50000000000045,80.0,109.08733499499999,-556.5873349950004,0.0,3962.5,2022-07-11/2022-07-17,2022
LOW_DISLOCATION,CONTINUE,15:10:00,2022-07-11,2022-07-12,2022-07-14,16150.0,-0.0007429420505200594,0.01900564420948386,-0.8817857113139046,BEAR,50,16150.0,15950.0,79.25,91.69999999999999,622.4999999999994,80.0,111.60781212500001,430.8921878749994,0.0,3962.5,2022-07-11/2022-07-17,2022
LOW_DISLOCATION,FADE,10:30:00,2022-07-11,2022-07-12,2022-07-14,16150.0,-0.0007429420505200594,0.01900564420948386,-0.8817857113139046,BULL,50,16150.0,16350.0,60.35000000000001,67.5,357.49999999999955,80.0,105.17704660499999,172.32295339499956,0.0,3017.5000000000005,2022-07-11/2022-07-17,2022
LOW_DISLOCATION,FADE,15:10:00,2022-07-11,2022-07-12,2022-07-14,16150.0,-0.0007429420505200594,0.01900564420948386,-0.8817857113139046,BULL,50,16150.0,16350.0,60.35000000000001,45.75,-730.0000000000005,80.0,102.35598396,-912.3559839600005,0.0,3017.5000000000005,2022-07-11/2022-07-17,2022
LOW_DISLOCATION,CONTINUE,10:30:00,2022-07-12,2022-07-13,2022-07-14,16150.0,0.0003625714684144696,0.008947415364899635,-1.1111544853325934,BULL,50,16150.0,16350.0,56.05,43.4,-632.4999999999999,80.0,100.79750147499999,-813.2975014749999,0.0,2802.5,2022-07-11/2022-07-17,2022
LOW_DISLOCATION,CONTINUE,15:10:00,2022-07-12,2022-07-13,2022-07-14,16150.0,0.0003625714684144696,0.008947415364899635,-1.1111544853325934,BULL,50,16150.0,16350.0,56.05,15.500000000000002,-2027.4999999999998,80.0,98.261858475,-2205.761858475,0.0,2802.5,2022-07-11/2022-07-17,2022
LOW_DISLOCATION,FADE,10:30:00,2022-07-12,2022-07-13,2022-07-14,16150.0,0.0003625714684144696,0.008947415364899635,-1.1111544853325934,BEAR,50,16150.0,15950.0,70.75,83.9,657.5000000000002,80.0,107.204852955,470.29514704500025,0.0,3537.5,2022-07-11/2022-07-17,2022
LOW_DISLOCATION,FADE,15:10:00,2022-07-12,2022-07-13,2022-07-14,16150.0,0.0003625714684144696,0.008947415364899635,-1.1111544853325934,BEAR,50,16150.0,15950.0,70.75,135.95,3259.9999999999995,80.0,114.52995096999999,3065.4700490299997,0.0,3537.5,2022-07-11/2022-07-17,2022
LOW_DISLOCATION,CONTINUE,10:30:00,2022-07-13,2022-07-14,2022-07-14,16150.0,-0.0006850928750341673,0.015966701351200558,-0.9029230667132864,BEAR,50,16150.0,15950.0,119.05000000000001,109.4,-482.5000000000003,80.0,109.361544565,-671.8615445650003,0.0,5952.500000000001,2022-07-11/2022-07-17,2022
LOW_DISLOCATION,CONTINUE,15:10:00,2022-07-13,2022-07-14,2022-07-14,16150.0,-0.0006850928750341673,0.015966701351200558,-0.9029230667132864,BEAR,50,16150.0,15950.0,119.05000000000001,198.9,3992.4999999999995,80.0,115.728765575,3796.7712344249994,0.0,5952.500000000001,2022-07-11/2022-07-17,2022
LOW_DISLOCATION,FADE,10:30:00,2022-07-13,2022-07-14,2022-07-14,16150.0,-0.0006850928750341673,0.015966701351200558,-0.9029230667132864,BULL,50,16150.0,16350.0,8.8,8.8,0.0,80.0,95.36206769,-175.36206769,0.0,440.00000000000006,2022-07-11/2022-07-17,2022
LOW_DISLOCATION,FADE,15:10:00,2022-07-13,2022-07-14,2022-07-14,16150.0,-0.0006850928750341673,0.015966701351200558,-0.9029230667132864,BULL,50,16150.0,16350.0,8.8,0.0,-440.00000000000006,80.0,94.68854836,-614.68854836,0.0,440.00000000000006,2022-07-11/2022-07-17,2022
LOW_DISLOCATION,CONTINUE,10:30:00,2022-07-15,2022-07-18,2022-07-21,16000.0,-0.0005001734976820085,0.0164446137898511,-0.8513956496236521,BEAR,50,16000.0,15800.0,26.799999999999997,24.5,-114.99999999999986,80.0,99.28469821000002,-294.2846982099999,0.0,1339.9999999999998,2022-07-18/2022-07-24,2022
LOW_DISLOCATION,CONTINUE,15:10:00,2022-07-15,2022-07-18,2022-07-21,16000.0,-0.0005001734976820085,0.0164446137898511,-0.8513956496236521,BEAR,50,16000.0,15800.0,26.799999999999997,13.700000000000001,-654.9999999999998,80.0,97.97242479000002,-832.9724247899998,0.0,1339.9999999999998,2022-07-18/2022-07-24,2022
LOW_DISLOCATION,FADE,10:30:00,2022-07-15,2022-07-18,2022-07-21,16000.0,-0.0005001734976820085,0.0164446137898511,-0.8513956496236521,BULL,50,16000.0,16200.0,132.35000000000002,135.8,172.49999999999943,80.0,125.527774265,-33.02777426500057,0.0,6617.500000000001,2022-07-18/2022-07-24,2022
LOW_DISLOCATION,FADE,15:10:00,2022-07-15,2022-07-18,2022-07-21,16000.0,-0.0005001734976820085,0.0164446137898511,-0.8513956496236521,BULL,50,16000.0,16200.0,132.35000000000002,158.45000000000002,1304.9999999999998,80.0,131.29404634000002,1093.7059536599998,0.0,6617.500000000001,2022-07-18/2022-07-24,2022
HIGH_DISLOCATION,CONTINUE,10:30:00,2022-07-19,2022-07-20,2022-07-21,16250.0,0.003224204053549556,0.08948193562127155,0.993903346405066,BULL,50,16250.0,16450.0,174.7,173.75,-47.49999999999943,80.0,131.825563525,-259.32556352499944,0.0,8735.0,2022-07-18/2022-07-24,2022
HIGH_DISLOCATION,CONTINUE,15:10:00,2022-07-19,2022-07-20,2022-07-21,16250.0,0.003224204053549556,0.08948193562127155,0.993903346405066,BULL,50,16250.0,16450.0,174.7,176.05,67.50000000000114,80.0,130.505628205,-143.00562820499886,0.0,8735.0,2022-07-18/2022-07-24,2022
HIGH_DISLOCATION,FADE,10:30:00,2022-07-19,2022-07-20,2022-07-21,16250.0,0.003224204053549556,0.08948193562127155,0.993903346405066,BEAR,50,16250.0,16050.0,4.5,4.5,0.0,80.0,95.58515584999999,-175.58515584999998,0.0,225.0,2022-07-18/2022-07-24,2022
HIGH_DISLOCATION,FADE,15:10:00,2022-07-19,2022-07-20,2022-07-21,16250.0,0.003224204053549556,0.08948193562127155,0.993903346405066,BEAR,50,16250.0,16050.0,4.5,3.25,-62.5,80.0,95.38985106499999,-237.889851065,0.0,225.0,2022-07-18/2022-07-24,2022
LOW_DISLOCATION,CONTINUE,10:30:00,2022-07-21,2022-07-22,2022-07-28,16500.0,-0.0005204645448659914,0.017505281005811325,-0.8646674139771217,BEAR,50,16500.0,16300.0,35.25,43.25,400.0,80.0,103.73596689,216.26403311,0.0,1762.5,2022-07-18/2022-07-24,2022
LOW_DISLOCATION,CONTINUE,15:10:00,2022-07-21,2022-07-22,2022-07-28,16500.0,-0.0005204645448659914,0.017505281005811325,-0.8646674139771217,BEAR,50,16500.0,16300.0,35.25,27.550000000000004,-384.9999999999998,80.0,101.50546923,-566.5054692299998,0.0,1762.5,2022-07-18/2022-07-24,2022
LOW_DISLOCATION,FADE,10:30:00,2022-07-21,2022-07-22,2022-07-28,16500.0,-0.0005204645448659914,0.017505281005811325,-0.8646674139771217,BULL,50,16500.0,16700.0,127.39999999999999,116.65,-537.4999999999993,80.0,125.806212045,-743.3062120449993,0.0,6370.0,2022-07-18/2022-07-24,2022
LOW_DISLOCATION,FADE,15:10:00,2022-07-21,2022-07-22,2022-07-28,16500.0,-0.0005204645448659914,0.017505281005811325,-0.8646674139771217,BULL,50,16500.0,16700.0,127.39999999999999,138.8,570.000000000001,80.0,131.29544192999998,358.70455807000104,0.0,6370.0,2022-07-18/2022-07-24,2022
LOW_DISLOCATION,CONTINUE,10:30:00,2022-07-25,2022-07-26,2022-07-28,16650.0,0.0003718999589108783,0.01031305313380267,-1.0596463139797367,BULL,50,16650.0,16850.0,46.1,34.099999999999994,-600.0000000000003,80.0,100.10914197,-780.1091419700003,0.0,2305.0,2022-07-25/2022-07-31,2022
LOW_DISLOCATION,CONTINUE,15:10:00,2022-07-25,2022-07-26,2022-07-28,16650.0,0.0003718999589108783,0.01031305313380267,-1.0596463139797367,BULL,50,16650.0,16850.0,46.1,26.0,-1005.0000000000001,80.0,99.07613637,-1184.07613637,0.0,2305.0,2022-07-25/2022-07-31,2022
LOW_DISLOCATION,FADE,10:30:00,2022-07-25,2022-07-26,2022-07-28,16650.0,0.0003718999589108783,0.01031305313380267,-1.0596463139797367,BEAR,50,16650.0,16450.0,93.44999999999999,107.64999999999999,710.0000000000001,80.0,114.61313924999999,515.3868607500001,0.0,4672.499999999999,2022-07-25/2022-07-31,2022
LOW_DISLOCATION,FADE,15:10:00,2022-07-25,2022-07-26,2022-07-28,16650.0,0.0003718999589108783,0.01031305313380267,-1.0596463139797367,BEAR,50,16650.0,16450.0,93.44999999999999,113.85,1020.0000000000002,80.0,115.09347382,824.9065261800002,0.0,4672.499999999999,2022-07-25/2022-07-31,2022
HIGH_DISLOCATION,CONTINUE,10:30:00,2022-07-26,2022-07-27,2022-07-28,16550.0,-0.004805813862623878,0.13102072339239976,1.9876872990249153,BEAR,50,16550.0,16350.0,99.39999999999999,64.35,-1752.4999999999998,80.0,107.648744445,-1940.1487444449997,0.0,4970.0,2022-07-25/2022-07-31,2022
HIGH_DISLOCATION,CONTINUE,15:10:00,2022-07-26,2022-07-27,2022-07-28,16550.0,-0.004805813862623878,0.13102072339239976,1.9876872990249153,BEAR,50,16550.0,16350.0,99.39999999999999,30.3,-3454.9999999999995,80.0,103.99492475000001,-3638.9949247499994,0.0,4970.0,2022-07-25/2022-07-31,2022
HIGH_DISLOCATION,FADE,10:30:00,2022-07-26,2022-07-27,2022-07-28,16550.0,-0.004805813862623878,0.13102072339239976,1.9876872990249153,BULL,50,16550.0,16750.0,29.400000000000002,62.75,1667.4999999999998,80.0,101.448234475,1486.0517655249998,0.0,1470.0,2022-07-25/2022-07-31,2022
HIGH_DISLOCATION,FADE,15:10:00,2022-07-26,2022-07-27,2022-07-28,16550.0,-0.004805813862623878,0.13102072339239976,1.9876872990249153,BULL,50,16550.0,16750.0,29.400000000000002,110.54999999999998,4057.499999999999,80.0,106.632266695,3870.867733304999,0.0,1470.0,2022-07-25/2022-07-31,2022
LOW_DISLOCATION,CONTINUE,10:30:00,2022-07-28,2022-07-29,2022-08-04,16800.0,0.0002891000345727009,0.009250590871150885,-1.1200065399428842,BULL,50,16800.0,17000.0,149.5,142.85000000000002,-332.49999999999886,80.0,142.316559815,-554.8165598149989,0.0,7475.0,2022-07-25/2022-07-31,2022
LOW_DISLOCATION,CONTINUE,15:10:00,2022-07-28,2022-07-29,2022-08-04,16800.0,0.0002891000345727009,0.009250590871150885,-1.1200065399428842,BULL,50,16800.0,17000.0,149.5,165.95,822.4999999999994,80.0,148.807161735,593.6928382649994,0.0,7475.0,2022-07-25/2022-07-31,2022
LOW_DISLOCATION,FADE,10:30:00,2022-07-28,2022-07-29,2022-08-04,16800.0,0.0002891000345727009,0.009250590871150885,-1.1200065399428842,BEAR,50,16800.0,16600.0,22.200000000000003,25.3,154.9999999999999,80.0,99.95477792999999,-24.954777930000105,0.0,1110.0000000000002,2022-07-25/2022-07-31,2022
LOW_DISLOCATION,FADE,15:10:00,2022-07-28,2022-07-29,2022-08-04,16800.0,0.0002891000345727009,0.009250590871150885,-1.1200065399428842,BEAR,50,16800.0,16600.0,22.200000000000003,13.9,-415.0000000000001,80.0,98.53035343999998,-593.5303534400001,0.0,1110.0000000000002,2022-07-25/2022-07-31,2022
LOW_DISLOCATION,CONTINUE,10:30:00,2022-08-03,2022-08-04,2022-08-04,17350.0,0.0003948069912536445,0.009249622984879958,-1.1044689204736378,BULL,50,17350.0,17550.0,108.5,90.95,-877.4999999999999,80.0,105.54478696500001,-1063.044786965,0.0,5425.0,2022-08-01/2022-08-07,2022
LOW_DISLOCATION,CONTINUE,15:10:00,2022-08-03,2022-08-04,2022-08-04,17350.0,0.0003948069912536445,0.009249622984879958,-1.1044689204736378,BULL,50,17350.0,17550.0,108.5,51.75,-2837.5,80.0,101.907833705,-3019.407833705,0.0,5425.0,2022-08-01/2022-08-07,2022
LOW_DISLOCATION,FADE,10:30:00,2022-08-03,2022-08-04,2022-08-04,17350.0,0.0003948069912536445,0.009249622984879958,-1.1044689204736378,BEAR,50,17350.0,17150.0,11.05,13.15,104.99999999999999,80.0,96.04972348,-71.04972348000001,0.0,552.5,2022-08-01/2022-08-07,2022
LOW_DISLOCATION,FADE,15:10:00,2022-08-03,2022-08-04,2022-08-04,17350.0,0.0003948069912536445,0.009249622984879958,-1.1044689204736378,BEAR,50,17350.0,17150.0,11.05,0.24999999999999997,-540.0,80.0,94.92355623,-714.92355623,0.0,552.5,2022-08-01/2022-08-07,2022
LOW_DISLOCATION,CONTINUE,10:30:00,2022-08-04,2022-08-05,2022-08-11,17450.0,-0.0003205944737526754,0.009123442306567003,-1.088608751108424,BEAR,50,17450.0,17250.0,72.35,70.64999999999999,-85.00000000000014,80.0,115.19427961,-280.19427961000014,0.0,3617.4999999999995,2022-08-01/2022-08-07,2022
LOW_DISLOCATION,CONTINUE,15:10:00,2022-08-04,2022-08-05,2022-08-11,17450.0,-0.0003205944737526754,0.009123442306567003,-1.088608751108424,BEAR,50,17450.0,17250.0,72.35,83.60000000000001,562.5000000000007,80.0,117.425480985,365.0745190150007,0.0,3617.4999999999995,2022-08-01/2022-08-07,2022
LOW_DISLOCATION,FADE,10:30:00,2022-08-04,2022-08-05,2022-08-11,17450.0,-0.0003205944737526754,0.009123442306567003,-1.088608751108424,BULL,50,17450.0,17650.0,87.44999999999999,86.14999999999999,-64.99999999999986,80.0,116.23576234999999,-261.23576234999985,0.0,4372.499999999999,2022-08-01/2022-08-07,2022
LOW_DISLOCATION,FADE,15:10:00,2022-08-04,2022-08-05,2022-08-11,17450.0,-0.0003205944737526754,0.009123442306567003,-1.088608751108424,BULL,50,17450.0,17650.0,87.44999999999999,70.2,-862.4999999999993,80.0,112.281888125,-1054.7818881249993,0.0,4372.499999999999,2022-08-01/2022-08-07,2022
HIGH_DISLOCATION,CONTINUE,10:30:00,2022-08-11,2022-08-12,2022-08-18,17650.0,-0.0024523775927755456,0.08450158178199213,0.9344074735696194,BEAR,50,17650.0,17450.0,79.64999999999999,60.4,-962.4999999999997,80.0,109.825895065,-1152.3258950649995,0.0,3982.4999999999995,2022-08-08/2022-08-14,2022
HIGH_DISLOCATION,CONTINUE,15:10:00,2022-08-11,2022-08-12,2022-08-18,17650.0,-0.0024523775927755456,0.08450158178199213,0.9344074735696194,BEAR,50,17650.0,17450.0,79.64999999999999,56.4,-1162.4999999999995,80.0,109.003858545,-1351.5038585449995,0.0,3982.4999999999995,2022-08-08/2022-08-14,2022
HIGH_DISLOCATION,FADE,10:30:00,2022-08-11,2022-08-12,2022-08-18,17650.0,-0.0024523775927755456,0.08450158178199213,0.9344074735696194,BULL,50,17650.0,17850.0,67.8,87.95000000000002,1007.500000000001,80.0,109.526474165,817.973525835001,0.0,3390.0,2022-08-08/2022-08-14,2022
HIGH_DISLOCATION,FADE,15:10:00,2022-08-11,2022-08-12,2022-08-18,17650.0,-0.0024523775927755456,0.08450158178199213,0.9344074735696194,BULL,50,17650.0,17850.0,67.8,89.1,1064.9999999999998,80.0,109.19416724,875.8058327599998,0.0,3390.0,2022-08-08/2022-08-14,2022
HIGH_DISLOCATION,CONTINUE,10:30:00,2022-08-12,2022-08-16,2022-08-18,17600.0,-0.0024278927194380743,0.0946701751401318,1.1831862997221587,BEAR,50,17600.0,17400.0,16.7,14.25,-122.49999999999997,80.0,97.294181785,-299.794181785,0.0,835.0,2022-08-15/2022-08-21,2022
HIGH_DISLOCATION,CONTINUE,15:10:00,2022-08-12,2022-08-16,2022-08-18,17600.0,-0.0024278927194380743,0.0946701751401318,1.1831862997221587,BEAR,50,17600.0,17400.0,16.7,11.149999999999999,-277.50000000000006,80.0,96.847193185,-454.34719318500004,0.0,835.0,2022-08-15/2022-08-21,2022
HIGH_DISLOCATION,FADE,10:30:00,2022-08-12,2022-08-16,2022-08-18,17600.0,-0.0024278927194380743,0.0946701751401318,1.1831862997221587,BULL,50,17600.0,17800.0,141.95,148.65,335.00000000000085,80.0,125.24174467,129.75825533000085,0.0,7097.499999999999,2022-08-15/2022-08-21,2022
HIGH_DISLOCATION,FADE,15:10:00,2022-08-12,2022-08-16,2022-08-18,17600.0,-0.0024278927194380743,0.0946701751401318,1.1831862997221587,BULL,50,17600.0,17800.0,141.95,151.64999999999998,484.99999999999943,80.0,125.13788321000001,279.8621167899994,0.0,7097.499999999999,2022-08-15/2022-08-21,2022
LOW_DISLOCATION,CONTINUE,10:30:00,2022-08-16,2022-08-17,2022-08-18,17800.0,0.00016573359588514883,0.005528375575463668,-1.2434191737654907,BULL,50,17800.0,18000.0,93.6,108.10000000000001,725.0000000000007,80.0,108.38324111,536.6167588900007,0.0,4680.0,2022-08-15/2022-08-21,2022
LOW_DISLOCATION,CONTINUE,15:10:00,2022-08-16,2022-08-17,2022-08-18,17800.0,0.00016573359588514883,0.005528375575463668,-1.2434191737654907,BULL,50,17800.0,18000.0,93.6,138.8,2260.000000000001,80.0,112.14870161,2067.851298390001,0.0,4680.0,2022-08-15/2022-08-21,2022
LOW_DISLOCATION,FADE,10:30:00,2022-08-16,2022-08-17,2022-08-18,17800.0,0.00016573359588514883,0.005528375575463668,-1.2434191737654907,BEAR,50,17800.0,17600.0,29.5,21.599999999999998,-395.0000000000001,80.0,98.22865955,-573.2286595500001,0.0,1475.0,2022-08-15/2022-08-21,2022
LOW_DISLOCATION,FADE,15:10:00,2022-08-16,2022-08-17,2022-08-18,17800.0,0.00016573359588514883,0.005528375575463668,-1.2434191737654907,BEAR,50,17800.0,17600.0,29.5,11.850000000000001,-882.4999999999999,80.0,97.278804705,-1059.7788047049999,0.0,1475.0,2022-08-15/2022-08-21,2022
LOW_DISLOCATION,CONTINUE,10:30:00,2022-08-17,2022-08-18,2022-08-18,17850.0,0.0006239821815313282,0.019614429750148907,-0.8250708865636334,BULL,50,17850.0,18050.0,57.05,63.64999999999999,329.9999999999997,80.0,100.9273579,149.0726420999997,0.0,2852.5,2022-08-15/2022-08-21,2022
LOW_DISLOCATION,CONTINUE,15:10:00,2022-08-17,2022-08-18,2022-08-18,17850.0,0.0006239821815313282,0.019614429750148907,-0.8250708865636334,BULL,50,17850.0,18050.0,57.05,104.30000000000001,2362.500000000001,80.0,103.42128931500001,2179.0787106850007,0.0,2852.5,2022-08-15/2022-08-21,2022
LOW_DISLOCATION,FADE,10:30:00,2022-08-17,2022-08-18,2022-08-18,17850.0,0.0006239821815313282,0.019614429750148907,-0.8250708865636334,BEAR,50,17850.0,17650.0,31.450000000000003,20.6,-542.5000000000001,80.0,97.267093245,-719.7670932450001,0.0,1572.5000000000002,2022-08-15/2022-08-21,2022
LOW_DISLOCATION,FADE,15:10:00,2022-08-17,2022-08-18,2022-08-18,17850.0,0.0006239821815313282,0.019614429750148907,-0.8250708865636334,BEAR,50,17850.0,17650.0,31.450000000000003,0.05000000000000002,-1570.0,80.0,95.51156101,-1745.51156101,0.0,1572.5000000000002,2022-08-15/2022-08-21,2022
HIGH_DISLOCATION,CONTINUE,10:30:00,2022-08-18,2022-08-19,2022-08-25,17900.0,-0.002319149589334662,0.08108664596362929,0.8215665112096471,BEAR,50,17900.0,17700.0,52.00000000000001,55.3,164.9999999999995,80.0,106.36411719,-21.364117190000513,0.0,2600.0000000000005,2022-08-15/2022-08-21,2022
HIGH_DISLOCATION,CONTINUE,15:10:00,2022-08-18,2022-08-19,2022-08-25,17900.0,-0.002319149589334662,0.08108664596362929,0.8215665112096471,BEAR,50,17900.0,17700.0,52.00000000000001,98.94999999999999,2347.499999999999,80.0,114.38716318499999,2153.112836814999,0.0,2600.0000000000005,2022-08-15/2022-08-21,2022
HIGH_DISLOCATION,FADE,10:30:00,2022-08-18,2022-08-19,2022-08-25,17900.0,-0.002319149589334662,0.08108664596362929,0.8215665112096471,BULL,50,17900.0,18100.0,98.44999999999999,93.9,-227.49999999999915,80.0,114.60230423499999,-422.1023042349991,0.0,4922.499999999999,2022-08-15/2022-08-21,2022
HIGH_DISLOCATION,FADE,15:10:00,2022-08-18,2022-08-19,2022-08-25,17900.0,-0.002319149589334662,0.08108664596362929,0.8215665112096471,BULL,50,17900.0,18100.0,98.44999999999999,49.7,-2437.499999999999,80.0,108.631810055,-2626.1318100549993,0.0,4922.499999999999,2022-08-15/2022-08-21,2022
HIGH_DISLOCATION,CONTINUE,10:30:00,2022-08-22,2022-08-23,2022-08-25,17650.0,-0.0037987456225392654,0.11304243090831217,1.6586927372920408,BEAR,50,17650.0,17450.0,109.3,111.2,95.00000000000028,80.0,118.36763249,-103.36763248999972,0.0,5465.0,2022-08-22/2022-08-28,2022
HIGH_DISLOCATION,CONTINUE,15:10:00,2022-08-22,2022-08-23,2022-08-25,17650.0,-0.0037987456225392654,0.11304243090831217,1.6586927372920408,BEAR,50,17650.0,17450.0,109.3,89.15,-1007.4999999999995,80.0,113.45713868499999,-1200.9571386849996,0.0,5465.0,2022-08-22/2022-08-28,2022
HIGH_DISLOCATION,FADE,10:30:00,2022-08-22,2022-08-23,2022-08-25,17650.0,-0.0037987456225392654,0.11304243090831217,1.6586927372920408,BULL,50,17650.0,17850.0,30.3,29.5,-40.000000000000036,80.0,99.16305243,-219.16305243000002,0.0,1515.0,2022-08-22/2022-08-28,2022
HIGH_DISLOCATION,FADE,15:10:00,2022-08-22,2022-08-23,2022-08-25,17650.0,-0.0037987456225392654,0.11304243090831217,1.6586927372920408,BULL,50,17650.0,17850.0,30.3,40.5,509.99999999999994,80.0,100.15019127999999,329.84980871999994,0.0,1515.0,2022-08-22/2022-08-28,2022
HIGH_DISLOCATION,CONTINUE,10:30:00,2022-08-23,2022-08-24,2022-08-25,17500.0,0.006583341009580082,0.18595852236226282,3.5108437776560866,BULL,50,17500.0,17700.0,89.95,93.25,164.99999999999986,80.0,108.57640811000002,-23.57640811000016,0.0,4497.5,2022-08-22/2022-08-28,2022
HIGH_DISLOCATION,CONTINUE,15:10:00,2022-08-23,2022-08-24,2022-08-25,17500.0,0.006583341009580082,0.18595852236226282,3.5108437776560866,BULL,50,17500.0,17700.0,89.95,112.14999999999999,1109.9999999999995,80.0,109.77836031,920.2216396899995,0.0,4497.5,2022-08-22/2022-08-28,2022
HIGH_DISLOCATION,FADE,10:30:00,2022-08-23,2022-08-24,2022-08-25,17500.0,0.006583341009580082,0.18595852236226282,3.5108437776560866,BEAR,50,17500.0,17300.0,38.5,36.15,-117.50000000000007,80.0,100.517442095,-298.0174420950001,0.0,1925.0,2022-08-22/2022-08-28,2022
HIGH_DISLOCATION,FADE,15:10:00,2022-08-23,2022-08-24,2022-08-25,17500.0,0.006583341009580082,0.18595852236226282,3.5108437776560866,BEAR,50,17500.0,17300.0,38.5,14.3,-1210.0,80.0,98.15407378,-1388.15407378,0.0,1925.0,2022-08-22/2022-08-28,2022
LOW_DISLOCATION,CONTINUE,10:30:00,2022-09-06,2022-09-07,2022-09-08,17700.0,0.0004855040350467401,0.01196131808702183,-1.05324232564521,BULL,50,17700.0,17900.0,28.249999999999996,32.650000000000006,220.00000000000045,80.0,98.78720406999999,41.21279593000047,0.0,1412.4999999999998,2022-09-05/2022-09-11,2022
LOW_DISLOCATION,CONTINUE,15:10:00,2022-09-06,2022-09-07,2022-09-08,17700.0,0.0004855040350467401,0.01196131808702183,-1.05324232564521,BULL,50,17700.0,17900.0,28.249999999999996,38.699999999999996,522.5,80.0,99.01060312499999,343.489396875,0.0,1412.4999999999998,2022-09-05/2022-09-11,2022
LOW_DISLOCATION,FADE,10:30:00,2022-09-06,2022-09-07,2022-09-08,17700.0,0.0004855040350467401,0.01196131808702183,-1.05324232564521,BEAR,50,17700.0,17500.0,117.1,104.30000000000001,-639.9999999999991,80.0,117.19781523999998,-837.197815239999,0.0,5855.0,2022-09-05/2022-09-11,2022
LOW_DISLOCATION,FADE,15:10:00,2022-09-06,2022-09-07,2022-09-08,17700.0,0.0004855040350467401,0.01196131808702183,-1.05324232564521,BEAR,50,17700.0,17500.0,117.1,89.9,-1359.9999999999995,80.0,113.89269712,-1553.8926971199996,0.0,5855.0,2022-09-05/2022-09-11,2022
LOW_DISLOCATION,CONTINUE,10:30:00,2022-09-09,2022-09-12,2022-09-15,17900.0,-0.0006004798252743355,0.021077602096707473,-0.7677550695168548,BEAR,50,17900.0,17700.0,65.35,55.0,-517.4999999999998,80.0,107.973506915,-705.4735069149998,0.0,3267.4999999999995,2022-09-12/2022-09-18,2022
LOW_DISLOCATION,CONTINUE,15:10:00,2022-09-09,2022-09-12,2022-09-15,17900.0,-0.0006004798252743355,0.021077602096707473,-0.7677550695168548,BEAR,50,17900.0,17700.0,65.35,54.7,-532.4999999999995,80.0,107.87792618499999,-720.3779261849995,0.0,3267.4999999999995,2022-09-12/2022-09-18,2022
LOW_DISLOCATION,FADE,10:30:00,2022-09-09,2022-09-12,2022-09-15,17900.0,-0.0006004798252743355,0.021077602096707473,-0.7677550695168548,BULL,50,17900.0,18100.0,82.85,96.6,687.5,80.0,112.30860160499999,495.191398395,0.0,4142.5,2022-09-12/2022-09-18,2022
LOW_DISLOCATION,FADE,15:10:00,2022-09-09,2022-09-12,2022-09-15,17900.0,-0.0006004798252743355,0.021077602096707473,-0.7677550695168548,BULL,50,17900.0,18100.0,82.85,94.64999999999999,589.9999999999999,80.0,111.80351861,398.1964813899999,0.0,4142.5,2022-09-12/2022-09-18,2022
LOW_DISLOCATION,CONTINUE,10:30:00,2022-09-13,2022-09-14,2022-09-15,18050.0,-0.00040453410693550295,0.011744146564285005,-0.9837189957896809,BEAR,50,18050.0,17850.0,109.75,106.65,-154.99999999999972,80.0,116.94038721999999,-351.9403872199997,0.0,5487.5,2022-09-12/2022-09-18,2022
LOW_DISLOCATION,CONTINUE,15:10:00,2022-09-13,2022-09-14,2022-09-15,18050.0,-0.00040453410693550295,0.011744146564285005,-0.9837189957896809,BEAR,50,18050.0,17850.0,109.75,63.89999999999999,-2292.5000000000005,80.0,110.974845685,-2483.4748456850007,0.0,5487.5,2022-09-12/2022-09-18,2022
LOW_DISLOCATION,FADE,10:30:00,2022-09-13,2022-09-14,2022-09-15,18050.0,-0.00040453410693550295,0.011744146564285005,-0.9837189957896809,BULL,50,18050.0,18250.0,28.299999999999997,28.8,25.000000000000178,80.0,97.95364953999999,-152.95364953999982,0.0,1414.9999999999998,2022-09-12/2022-09-18,2022
LOW_DISLOCATION,FADE,15:10:00,2022-09-13,2022-09-14,2022-09-15,18050.0,-0.00040453410693550295,0.011744146564285005,-0.9837189957896809,BULL,50,18050.0,18250.0,28.299999999999997,56.300000000000004,1400.0000000000005,80.0,100.27509506,1219.7249049400004,0.0,1414.9999999999998,2022-09-12/2022-09-18,2022
HIGH_DISLOCATION,CONTINUE,10:30:00,2022-09-14,2022-09-15,2022-09-15,17900.0,0.007028538508016315,0.16116396974019048,2.758028184614922,BULL,50,17900.0,18100.0,138.2,81.3,-2844.9999999999995,80.0,107.64639249000001,-3032.6463924899995,0.0,6909.999999999999,2022-09-12/2022-09-18,2022
HIGH_DISLOCATION,CONTINUE,15:10:00,2022-09-14,2022-09-15,2022-09-15,17900.0,0.007028538508016315,0.16116396974019048,2.758028184614922,BULL,50,17900.0,18100.0,138.2,2.0,-6809.999999999999,80.0,100.78754195,-6990.787541949999,0.0,6909.999999999999,2022-09-12/2022-09-18,2022
HIGH_DISLOCATION,FADE,10:30:00,2022-09-14,2022-09-15,2022-09-15,17900.0,0.007028538508016315,0.16116396974019048,2.758028184614922,BEAR,50,17900.0,17700.0,9.75,30.95,1060.0,80.0,97.6097486,882.3902514,0.0,487.5,2022-09-12/2022-09-18,2022
HIGH_DISLOCATION,FADE,15:10:00,2022-09-14,2022-09-15,2022-09-15,17900.0,0.007028538508016315,0.16116396974019048,2.758028184614922,BEAR,50,17900.0,17700.0,9.75,17.349999999999998,379.9999999999999,80.0,96.13662178,203.8633782199999,0.0,487.5,2022-09-12/2022-09-18,2022
HIGH_DISLOCATION,CONTINUE,10:30:00,2022-09-19,2022-09-20,2022-09-22,17500.0,-0.004758173659092528,0.10123549878244577,1.2252042380353219,BEAR,50,17500.0,17300.0,17.8,12.75,-252.50000000000003,80.0,97.88180558500001,-430.381805585,0.0,890.0,2022-09-19/2022-09-25,2022
HIGH_DISLOCATION,CONTINUE,15:10:00,2022-09-19,2022-09-20,2022-09-22,17500.0,-0.004758173659092528,0.10123549878244577,1.2252042380353219,BEAR,50,17500.0,17300.0,17.8,14.299999999999999,-175.00000000000009,80.0,97.98213663,-352.98213663000007,0.0,890.0,2022-09-19/2022-09-25,2022
HIGH_DISLOCATION,FADE,10:30:00,2022-09-19,2022-09-20,2022-09-22,17500.0,-0.004758173659092528,0.10123549878244577,1.2252042380353219,BULL,50,17500.0,17700.0,155.15,167.0,592.4999999999998,80.0,147.343139765,365.1568602349998,0.0,7757.5,2022-09-19/2022-09-25,2022
HIGH_DISLOCATION,FADE,15:10:00,2022-09-19,2022-09-20,2022-09-22,17500.0,-0.004758173659092528,0.10123549878244577,1.2252042380353219,BULL,50,17500.0,17700.0,155.15,160.7,277.49999999999915,80.0,144.132197905,53.36780209499915,0.0,7757.5,2022-09-19/2022-09-25,2022
HIGH_DISLOCATION,CONTINUE,10:30:00,2022-09-23,2022-09-26,2022-09-29,17500.0,-0.003889735923840674,0.10656314413817718,1.3547185736514948,BEAR,50,17500.0,17300.0,143.70000000000002,170.7,1349.9999999999986,80.0,162.90143666,1107.0985633399987,0.0,7185.000000000001,2022-09-26/2022-10-02,2022
HIGH_DISLOCATION,CONTINUE,15:10:00,2022-09-23,2022-09-26,2022-09-29,17500.0,-0.003889735923840674,0.10656314413817718,1.3547185736514948,BEAR,50,17500.0,17300.0,143.70000000000002,171.35000000000002,1382.5000000000002,80.0,161.362553545,1141.1374464550001,0.0,7185.000000000001,2022-09-26/2022-10-02,2022
HIGH_DISLOCATION,FADE,10:30:00,2022-09-23,2022-09-26,2022-09-29,17500.0,-0.003889735923840674,0.10656314413817718,1.3547185736514948,BULL,50,17500.0,17700.0,26.15,13.4,-637.4999999999999,80.0,99.089381585,-816.5893815849998,0.0,1307.5,2022-09-26/2022-10-02,2022
HIGH_DISLOCATION,FADE,15:10:00,2022-09-23,2022-09-26,2022-09-29,17500.0,-0.003889735923840674,0.10656314413817718,1.3547185736514948,BULL,50,17500.0,17700.0,26.15,11.749999999999998,-720.0,80.0,98.46608649999999,-898.4660865,0.0,1307.5,2022-09-26/2022-10-02,2022
LOW_DISLOCATION,CONTINUE,10:30:00,2022-09-28,2022-09-29,2022-09-29,16850.0,-0.0003937240970989612,0.007636798711864085,-1.0924651340581175,BEAR,50,16850.0,16650.0,14.250000000000002,20.5,312.4999999999999,80.0,96.60350880500002,135.89649119499987,0.0,712.5000000000001,2022-09-26/2022-10-02,2022
LOW_DISLOCATION,CONTINUE,15:10:00,2022-09-28,2022-09-29,2022-09-29,16850.0,-0.0003937240970989612,0.007636798711864085,-1.0924651340581175,BEAR,50,16850.0,16650.0,14.250000000000002,49.449999999999996,1759.9999999999998,80.0,98.44190162000001,1581.5580983799998,0.0,712.5000000000001,2022-09-26/2022-10-02,2022
LOW_DISLOCATION,FADE,10:30:00,2022-09-28,2022-09-29,2022-09-29,16850.0,-0.0003937240970989612,0.007636798711864085,-1.0924651340581175,BULL,50,16850.0,17050.0,115.44999999999999,100.05,-769.9999999999995,80.0,108.35531660999999,-958.3553166099996,0.0,5772.499999999999,2022-09-26/2022-10-02,2022
LOW_DISLOCATION,FADE,15:10:00,2022-09-28,2022-09-29,2022-09-29,16850.0,-0.0003937240970989612,0.007636798711864085,-1.0924651340581175,BULL,50,16850.0,17050.0,115.44999999999999,0.1,-5767.5,80.0,99.599078735,-5947.099078735,0.0,5772.499999999999,2022-09-26/2022-10-02,2022
HIGH_DISLOCATION,CONTINUE,10:30:00,2022-10-04,2022-10-06,2022-10-06,17200.0,0.005008917390809353,0.13436948490516745,2.0754177716688003,BULL,50,17200.0,17400.0,157.95000000000002,167.3,467.4999999999997,80.0,119.06651019499999,268.43348980499974,0.0,7897.500000000001,2022-10-03/2022-10-09,2022
HIGH_DISLOCATION,CONTINUE,15:10:00,2022-10-04,2022-10-06,2022-10-06,17200.0,0.005008917390809353,0.13436948490516745,2.0754177716688003,BULL,50,17200.0,17400.0,157.95000000000002,131.70000000000002,-1312.5,80.0,112.017161425,-1504.517161425,0.0,7897.500000000001,2022-10-03/2022-10-09,2022
HIGH_DISLOCATION,FADE,10:30:00,2022-10-04,2022-10-06,2022-10-06,17200.0,0.005008917390809353,0.13436948490516745,2.0754177716688003,BEAR,50,17200.0,17000.0,5.4,3.35,-102.50000000000001,80.0,95.11482921500001,-277.614829215,0.0,270.0,2022-10-03/2022-10-09,2022
HIGH_DISLOCATION,FADE,15:10:00,2022-10-04,2022-10-06,2022-10-06,17200.0,0.005008917390809353,0.13436948490516745,2.0754177716688003,BEAR,50,17200.0,17000.0,5.4,0.04999999999999999,-267.5,80.0,94.718762655,-442.218762655,0.0,270.0,2022-10-03/2022-10-09,2022
LOW_DISLOCATION,CONTINUE,10:30:00,2022-10-06,2022-10-07,2022-10-13,17400.0,0.0006932239516065982,0.019410061309408096,-0.8228390671164497,BULL,50,17400.0,17600.0,52.900000000000006,58.050000000000004,257.49999999999994,80.0,104.924049125,72.57595087499995,0.0,2645.0000000000005,2022-10-03/2022-10-09,2022
LOW_DISLOCATION,CONTINUE,15:10:00,2022-10-06,2022-10-07,2022-10-13,17400.0,0.0006932239516065982,0.019410061309408096,-0.8228390671164497,BULL,50,17400.0,17600.0,52.900000000000006,64.75,592.4999999999998,80.0,105.700016565,406.7999834349998,0.0,2645.0000000000005,2022-10-03/2022-10-09,2022
LOW_DISLOCATION,FADE,10:30:00,2022-10-06,2022-10-07,2022-10-13,17400.0,0.0006932239516065982,0.019410061309408096,-0.8228390671164497,BEAR,50,17400.0,17200.0,103.8,97.15,-332.49999999999955,80.0,125.65931053499999,-538.1593105349996,0.0,5190.0,2022-10-03/2022-10-09,2022
LOW_DISLOCATION,FADE,15:10:00,2022-10-06,2022-10-07,2022-10-13,17400.0,0.0006932239516065982,0.019410061309408096,-0.8228390671164497,BEAR,50,17400.0,17200.0,103.8,89.9,-694.9999999999995,80.0,123.36648435,-898.3664843499995,0.0,5190.0,2022-10-03/2022-10-09,2022
HIGH_DISLOCATION,CONTINUE,10:30:00,2022-10-11,2022-10-12,2022-10-13,17200.0,-0.004029127900914115,0.09557861631446805,1.1348049534537796,BEAR,50,17200.0,17000.0,121.79999999999998,118.85000000000001,-147.49999999999872,80.0,119.776779585,-347.27677958499874,0.0,6089.999999999999,2022-10-10/2022-10-16,2022
HIGH_DISLOCATION,CONTINUE,15:10:00,2022-10-11,2022-10-12,2022-10-13,17200.0,-0.004029127900914115,0.09557861631446805,1.1348049534537796,BEAR,50,17200.0,17000.0,121.79999999999998,81.30000000000001,-2024.9999999999986,80.0,113.75607892,-2218.756078919999,0.0,6089.999999999999,2022-10-10/2022-10-16,2022
HIGH_DISLOCATION,FADE,10:30:00,2022-10-11,2022-10-12,2022-10-13,17200.0,-0.004029127900914115,0.09557861631446805,1.1348049534537796,BULL,50,17200.0,17400.0,28.15,27.65,-25.0,80.0,98.53824431000001,-203.53824431,0.0,1407.5,2022-10-10/2022-10-16,2022
HIGH_DISLOCATION,FADE,15:10:00,2022-10-11,2022-10-12,2022-10-13,17200.0,-0.004029127900914115,0.09557861631446805,1.1348049534537796,BULL,50,17200.0,17400.0,28.15,45.2,852.5000000000002,80.0,99.63077245500001,672.8692275450002,0.0,1407.5,2022-10-10/2022-10-16,2022
LOW_DISLOCATION,CONTINUE,10:30:00,2022-10-14,2022-10-17,2022-10-20,17300.0,-0.00011854199133193622,0.00367522812290696,-1.288499865778276,BEAR,50,17300.0,17100.0,116.30000000000001,86.55000000000001,-1487.5,80.0,121.520429635,-1689.020429635,0.0,5815.000000000001,2022-10-17/2022-10-23,2022
LOW_DISLOCATION,CONTINUE,15:10:00,2022-10-14,2022-10-17,2022-10-20,17300.0,-0.00011854199133193622,0.00367522812290696,-1.288499865778276,BEAR,50,17300.0,17100.0,116.30000000000001,67.95,-2417.5000000000005,80.0,118.48062744500001,-2615.9806274450007,0.0,5815.000000000001,2022-10-17/2022-10-23,2022
LOW_DISLOCATION,FADE,10:30:00,2022-10-14,2022-10-17,2022-10-20,17300.0,-0.00011854199133193622,0.00367522812290696,-1.288499865778276,BULL,50,17300.0,17500.0,37.6,63.85,1312.5,80.0,103.94846972500001,1128.551530275,0.0,1880.0,2022-10-17/2022-10-23,2022
LOW_DISLOCATION,FADE,15:10:00,2022-10-14,2022-10-17,2022-10-20,17300.0,-0.00011854199133193622,0.00367522812290696,-1.288499865778276,BULL,50,17300.0,17500.0,37.6,78.35000000000001,2037.5000000000005,80.0,105.615385335,1851.8846146650005,0.0,1880.0,2022-10-17/2022-10-23,2022
LOW_DISLOCATION,CONTINUE,10:30:00,2022-10-20,2022-10-21,2022-10-27,17450.0,0.0002092619931489031,0.006886699894962511,-1.1765730748426568,BULL,50,17450.0,17650.0,123.85,123.8,-2.499999999999858,80.0,125.48008062500001,-207.98008062499986,0.0,6192.5,2022-10-17/2022-10-23,2022
LOW_DISLOCATION,CONTINUE,15:10:00,2022-10-20,2022-10-21,2022-10-27,17450.0,0.0002092619931489031,0.006886699894962511,-1.1765730748426568,BULL,50,17450.0,17650.0,123.85,109.35,-725.0,80.0,121.37202693,-926.37202693,0.0,6192.5,2022-10-17/2022-10-23,2022
LOW_DISLOCATION,FADE,10:30:00,2022-10-20,2022-10-21,2022-10-27,17450.0,0.0002092619931489031,0.006886699894962511,-1.1765730748426568,BEAR,50,17450.0,17250.0,32.85,33.15,14.999999999999858,80.0,101.45779039000001,-166.45779039000016,0.0,1642.5,2022-10-17/2022-10-23,2022
LOW_DISLOCATION,FADE,15:10:00,2022-10-20,2022-10-21,2022-10-27,17450.0,0.0002092619931489031,0.006886699894962511,-1.1765730748426568,BEAR,50,17450.0,17250.0,32.85,43.95,555.0000000000001,80.0,102.72358711000001,372.2764128900001,0.0,1642.5,2022-10-17/2022-10-23,2022
HIGH_DISLOCATION,CONTINUE,10:30:00,2022-10-25,2022-10-27,2022-10-27,17750.0,-0.004031103500547358,0.15338791047736053,2.6473419845553328,BEAR,50,17750.0,17550.0,28.5,41.8,664.9999999999999,80.0,98.42671798999999,486.5732820099999,0.0,1425.0,2022-10-24/2022-10-30,2022
HIGH_DISLOCATION,CONTINUE,15:10:00,2022-10-25,2022-10-27,2022-10-27,17750.0,-0.004031103500547358,0.15338791047736053,2.6473419845553328,BEAR,50,17750.0,17550.0,28.5,23.400000000000002,-254.9999999999999,80.0,96.93014456999998,-431.93014456999987,0.0,1425.0,2022-10-24/2022-10-30,2022
HIGH_DISLOCATION,FADE,10:30:00,2022-10-25,2022-10-27,2022-10-27,17750.0,-0.004031103500547358,0.15338791047736053,2.6473419845553328,BULL,50,17750.0,17950.0,52.550000000000004,28.95,-1180.0000000000002,80.0,97.88976358,-1357.8897635800001,0.0,2627.5,2022-10-24/2022-10-30,2022
HIGH_DISLOCATION,FADE,15:10:00,2022-10-25,2022-10-27,2022-10-27,17750.0,-0.004031103500547358,0.15338791047736053,2.6473419845553328,BULL,50,17750.0,17950.0,52.550000000000004,1.75,-2540.0,80.0,95.87769161000001,-2715.87769161,0.0,2627.5,2022-10-24/2022-10-30,2022
LOW_DISLOCATION,CONTINUE,10:30:00,2022-10-27,2022-10-28,2022-11-03,17750.0,-0.0006328312871788382,0.021188878859186022,-0.7846958899529503,BEAR,50,17750.0,17550.0,59.10000000000001,56.10000000000001,-150.0,80.0,108.49799583000001,-338.49799583000004,0.0,2955.0000000000005,2022-10-24/2022-10-30,2022
LOW_DISLOCATION,CONTINUE,15:10:00,2022-10-27,2022-10-28,2022-11-03,17750.0,-0.0006328312871788382,0.021188878859186022,-0.7846958899529503,BEAR,50,17750.0,17550.0,59.10000000000001,62.05,147.49999999999943,80.0,109.030363775,-41.530363775000566,0.0,2955.0000000000005,2022-10-24/2022-10-30,2022
LOW_DISLOCATION,FADE,10:30:00,2022-10-27,2022-10-28,2022-11-03,17750.0,-0.0006328312871788382,0.021188878859186022,-0.7846958899529503,BULL,50,17750.0,17950.0,96.19999999999999,100.80000000000001,230.00000000000114,80.0,116.37883735,33.62116265000114,0.0,4809.999999999999,2022-10-24/2022-10-30,2022
LOW_DISLOCATION,FADE,15:10:00,2022-10-27,2022-10-28,2022-11-03,17750.0,-0.0006328312871788382,0.021188878859186022,-0.7846958899529503,BULL,50,17750.0,17950.0,96.19999999999999,91.54999999999998,-232.50000000000028,80.0,114.43721078499999,-426.9372107850003,0.0,4809.999999999999,2022-10-24/2022-10-30,2022
HIGH_DISLOCATION,CONTINUE,10:30:00,2022-11-03,2022-11-04,2022-11-10,18050.0,0.0035554121273494907,0.11330186073881485,1.5333372145685213,BULL,50,18050.0,18250.0,91.19999999999999,77.7,-674.9999999999993,80.0,111.52462584999999,-866.5246258499993,0.0,4559.999999999999,2022-10-31/2022-11-06,2022
HIGH_DISLOCATION,CONTINUE,15:10:00,2022-11-03,2022-11-04,2022-11-10,18050.0,0.0035554121273494907,0.11330186073881485,1.5333372145685213,BULL,50,18050.0,18250.0,91.19999999999999,102.19999999999999,550.0,80.0,115.68351374,354.31648626000003,0.0,4559.999999999999,2022-10-31/2022-11-06,2022
HIGH_DISLOCATION,FADE,10:30:00,2022-11-03,2022-11-04,2022-11-10,18050.0,0.0035554121273494907,0.11330186073881485,1.5333372145685213,BEAR,50,18050.0,17850.0,60.85000000000001,73.95,654.9999999999998,80.0,110.05033833,464.9496616699998,0.0,3042.5000000000005,2022-10-31/2022-11-06,2022
HIGH_DISLOCATION,FADE,15:10:00,2022-11-03,2022-11-04,2022-11-10,18050.0,0.0035554121273494907,0.11330186073881485,1.5333372145685213,BEAR,50,18050.0,17850.0,60.85000000000001,49.35,-575.0000000000003,80.0,106.09352291999998,-761.0935229200003,0.0,3042.5000000000005,2022-10-31/2022-11-06,2022
HIGH_DISLOCATION,CONTINUE,10:30:00,2022-11-09,2022-11-10,2022-11-10,18250.0,-0.0035061542161300284,0.11526818123287297,1.5318395207381965,BEAR,50,18250.0,18050.0,156.35000000000002,172.45,804.9999999999983,80.0,116.32308010999998,608.6769198899983,0.0,7817.500000000001,2022-11-07/2022-11-13,2022
HIGH_DISLOCATION,CONTINUE,15:10:00,2022-11-09,2022-11-10,2022-11-10,18250.0,-0.0035061542161300284,0.11526818123287297,1.5318395207381965,BEAR,50,18250.0,18050.0,156.35000000000002,199.25,2144.999999999999,80.0,116.46173641,1948.5382635899991,0.0,7817.500000000001,2022-11-07/2022-11-13,2022
HIGH_DISLOCATION,FADE,10:30:00,2022-11-09,2022-11-10,2022-11-10,18250.0,-0.0035061542161300284,0.11526818123287297,1.5318395207381965,BULL,50,18250.0,18450.0,1.7999999999999998,0.75,-52.49999999999999,80.0,94.68825522499999,-227.18825522499998,0.0,89.99999999999999,2022-11-07/2022-11-13,2022
HIGH_DISLOCATION,FADE,15:10:00,2022-11-09,2022-11-10,2022-11-10,18250.0,-0.0035061542161300284,0.11526818123287297,1.5318395207381965,BULL,50,18250.0,18450.0,1.7999999999999998,0.0,-89.99999999999999,80.0,94.55155214000001,-264.55155214,0.0,89.99999999999999,2022-11-07/2022-11-13,2022
LOW_DISLOCATION,CONTINUE,10:30:00,2022-11-10,2022-11-11,2022-11-17,18050.0,-0.0005367701378724937,0.019137857553146585,-0.9501706250309843,BEAR,50,18050.0,17850.0,18.0,19.45,72.49999999999997,80.0,98.067316605,-105.56731660500003,0.0,900.0,2022-11-07/2022-11-13,2022
LOW_DISLOCATION,CONTINUE,15:10:00,2022-11-10,2022-11-11,2022-11-17,18050.0,-0.0005367701378724937,0.019137857553146585,-0.9501706250309843,BEAR,50,18050.0,17850.0,18.0,14.45,-177.50000000000003,80.0,97.54636698499999,-355.04636698499996,0.0,900.0,2022-11-07/2022-11-13,2022
LOW_DISLOCATION,FADE,10:30:00,2022-11-10,2022-11-11,2022-11-17,18050.0,-0.0005367701378724937,0.019137857553146585,-0.9501706250309843,BULL,50,18050.0,18250.0,152.70000000000002,148.89999999999998,-190.000000000002,80.0,138.43747665,-408.437476650002,0.0,7635.000000000001,2022-11-07/2022-11-13,2022
LOW_DISLOCATION,FADE,15:10:00,2022-11-10,2022-11-11,2022-11-17,18050.0,-0.0005367701378724937,0.019137857553146585,-0.9501706250309843,BULL,50,18050.0,18250.0,152.70000000000002,159.8,354.9999999999997,80.0,141.99235201,133.00764798999973,0.0,7635.000000000001,2022-11-07/2022-11-13,2022
LOW_DISLOCATION,CONTINUE,10:30:00,2022-11-14,2022-11-15,2022-11-17,18400.0,0.000356385004624804,0.013409659989190074,-1.0593502841357334,BULL,50,18400.0,18600.0,45.900000000000006,35.300000000000004,-530.0000000000001,80.0,99.22750098,-709.2275009800001,0.0,2295.0000000000005,2022-11-14/2022-11-20,2022
LOW_DISLOCATION,CONTINUE,15:10:00,2022-11-14,2022-11-15,2022-11-17,18400.0,0.000356385004624804,0.013409659989190074,-1.0593502841357334,BULL,50,18400.0,18600.0,45.900000000000006,64.69999999999999,939.9999999999991,80.0,101.6879749,758.3120250999991,0.0,2295.0000000000005,2022-11-14/2022-11-20,2022
LOW_DISLOCATION,FADE,10:30:00,2022-11-14,2022-11-15,2022-11-17,18400.0,0.000356385004624804,0.013409659989190074,-1.0593502841357334,BEAR,50,18400.0,18200.0,74.55,91.0,822.5000000000001,80.0,108.69312196499999,633.8068780350002,0.0,3727.5,2022-11-14/2022-11-20,2022
LOW_DISLOCATION,FADE,15:10:00,2022-11-14,2022-11-15,2022-11-17,18400.0,0.000356385004624804,0.013409659989190074,-1.0593502841357334,BEAR,50,18400.0,18200.0,74.55,52.99999999999999,-1077.5000000000002,80.0,103.96982790499999,-1261.4698279050003,0.0,3727.5,2022-11-14/2022-11-20,2022
HIGH_DISLOCATION,CONTINUE,10:30:00,2022-11-16,2022-11-17,2022-11-17,18350.0,-0.002638859100670224,0.0894868833157371,0.8573516923920521,BEAR,50,18350.0,18150.0,21.75,17.15,-230.00000000000006,80.0,96.33342479999999,-406.33342480000005,0.0,1087.5,2022-11-14/2022-11-20,2022
HIGH_DISLOCATION,CONTINUE,15:10:00,2022-11-16,2022-11-17,2022-11-17,18350.0,-0.002638859100670224,0.0894868833157371,0.8573516923920521,BEAR,50,18350.0,18150.0,21.75,1.75,-1000.0,80.0,95.13268954,-1175.13268954,0.0,1087.5,2022-11-14/2022-11-20,2022
HIGH_DISLOCATION,FADE,10:30:00,2022-11-16,2022-11-17,2022-11-17,18350.0,-0.002638859100670224,0.0894868833157371,0.8573516923920521,BULL,50,18350.0,18550.0,50.800000000000004,46.75,-202.50000000000023,80.0,99.072620755,-381.57262075500023,0.0,2540.0,2022-11-14/2022-11-20,2022
HIGH_DISLOCATION,FADE,15:10:00,2022-11-16,2022-11-17,2022-11-17,18350.0,-0.002638859100670224,0.0894868833157371,0.8573516923920521,BULL,50,18350.0,18550.0,50.800000000000004,14.0,-1840.0000000000002,80.0,96.66801559999999,-2016.6680156000002,0.0,2540.0,2022-11-14/2022-11-20,2022
HIGH_DISLOCATION,CONTINUE,10:30:00,2022-11-18,2022-11-21,2022-11-24,18350.0,-0.00323632516637159,0.14328309289973115,2.210582030919883,BEAR,50,18350.0,18150.0,118.45000000000002,119.4,47.49999999999943,80.0,118.560711645,-151.06071164500057,0.0,5922.500000000001,2022-11-21/2022-11-27,2022
HIGH_DISLOCATION,CONTINUE,15:10:00,2022-11-18,2022-11-21,2022-11-24,18350.0,-0.00323632516637159,0.14328309289973115,2.210582030919883,BEAR,50,18350.0,18150.0,118.45000000000002,119.45,49.99999999999929,80.0,118.11342399,-148.1134239900007,0.0,5922.500000000001,2022-11-21/2022-11-27,2022
HIGH_DISLOCATION,FADE,10:30:00,2022-11-18,2022-11-21,2022-11-24,18350.0,-0.00323632516637159,0.14328309289973115,2.210582030919883,BULL,50,18350.0,18550.0,24.599999999999998,23.8,-39.99999999999986,80.0,98.03366861999999,-218.03366861999984,0.0,1230.0,2022-11-21/2022-11-27,2022
HIGH_DISLOCATION,FADE,15:10:00,2022-11-18,2022-11-21,2022-11-24,18350.0,-0.00323632516637159,0.14328309289973115,2.210582030919883,BULL,50,18350.0,18550.0,24.599999999999998,22.65,-97.49999999999997,80.0,97.887265535,-275.387265535,0.0,1230.0,2022-11-21/2022-11-27,2022
HIGH_DISLOCATION,CONTINUE,10:30:00,2022-11-21,2022-11-22,2022-11-24,18150.0,-0.004832359560405864,0.18245636343524216,3.0499550070292574,BEAR,50,18150.0,17950.0,46.050000000000004,30.5,-777.5000000000002,80.0,99.397942855,-956.8979428550002,0.0,2302.5,2022-11-21/2022-11-27,2022
HIGH_DISLOCATION,CONTINUE,15:10:00,2022-11-21,2022-11-22,2022-11-24,18150.0,-0.004832359560405864,0.18245636343524216,3.0499550070292574,BEAR,50,18150.0,17950.0,46.050000000000004,20.0,-1302.5000000000002,80.0,98.334623275,-1480.8346232750002,0.0,2302.5,2022-11-21/2022-11-27,2022
HIGH_DISLOCATION,FADE,10:30:00,2022-11-21,2022-11-22,2022-11-24,18150.0,-0.004832359560405864,0.18245636343524216,3.0499550070292574,BULL,50,18150.0,18350.0,73.39999999999999,100.5,1355.0000000000005,80.0,107.82897216,1167.1710278400005,0.0,3669.9999999999995,2022-11-21/2022-11-27,2022
HIGH_DISLOCATION,FADE,15:10:00,2022-11-21,2022-11-22,2022-11-24,18150.0,-0.004832359560405864,0.18245636343524216,3.0499550070292574,BULL,50,18150.0,18350.0,73.39999999999999,115.80000000000001,2120.000000000001,80.0,108.75771756,1931.242282440001,0.0,3669.9999999999995,2022-11-21/2022-11-27,2022
HIGH_DISLOCATION,CONTINUE,10:30:00,2022-11-25,2022-11-28,2022-12-01,18500.0,-0.0029244893609559476,0.14792584134246994,2.2536000389652466,BEAR,50,18500.0,18300.0,49.349999999999994,40.7,-432.49999999999955,80.0,102.023885285,-614.5238852849996,0.0,2467.4999999999995,2022-11-28/2022-12-04,2022
HIGH_DISLOCATION,CONTINUE,15:10:00,2022-11-25,2022-11-28,2022-12-01,18500.0,-0.0029244893609559476,0.14792584134246994,2.2536000389652466,BEAR,50,18500.0,18300.0,49.349999999999994,34.3,-752.4999999999999,80.0,101.362089255,-933.8620892549999,0.0,2467.4999999999995,2022-11-28/2022-12-04,2022
HIGH_DISLOCATION,FADE,10:30:00,2022-11-25,2022-11-28,2022-12-01,18500.0,-0.0029244893609559476,0.14792584134246994,2.2536000389652466,BULL,50,18500.0,18700.0,81.35,92.69999999999999,567.4999999999998,80.0,107.663151315,379.8368486849998,0.0,4067.4999999999995,2022-11-28/2022-12-04,2022
HIGH_DISLOCATION,FADE,15:10:00,2022-11-25,2022-11-28,2022-12-01,18500.0,-0.0029244893609559476,0.14792584134246994,2.2536000389652466,BULL,50,18500.0,18700.0,81.35,97.55,810.0000000000001,80.0,108.1316629,621.8683371000001,0.0,4067.4999999999995,2022-11-28/2022-12-04,2022
HIGH_DISLOCATION,CONTINUE,10:30:00,2022-11-28,2022-11-29,2022-12-01,18500.0,0.0035167193181139663,0.14185189786539995,1.9879368876363839,BULL,50,18500.0,18700.0,117.14999999999999,126.1,447.5000000000001,80.0,113.60044561500001,253.8995543850001,0.0,5857.5,2022-11-28/2022-12-04,2022
HIGH_DISLOCATION,CONTINUE,15:10:00,2022-11-28,2022-11-29,2022-12-01,18500.0,0.0035167193181139663,0.14185189786539995,1.9879368876363839,BULL,50,18500.0,18700.0,117.14999999999999,121.9,237.5000000000007,80.0,112.11358995500001,45.3864100450007,0.0,5857.5,2022-11-28/2022-12-04,2022
HIGH_DISLOCATION,FADE,10:30:00,2022-11-28,2022-11-29,2022-12-01,18500.0,0.0035167193181139663,0.14185189786539995,1.9879368876363839,BEAR,50,18500.0,18300.0,22.45,17.5,-247.49999999999997,80.0,97.86099223499998,-425.36099223499997,0.0,1122.5,2022-11-28/2022-12-04,2022
HIGH_DISLOCATION,FADE,15:10:00,2022-11-28,2022-11-29,2022-12-01,18500.0,0.0035167193181139663,0.14185189786539995,1.9879368876363839,BEAR,50,18500.0,18300.0,22.45,17.1,-267.4999999999999,80.0,97.72580514499998,-445.22580514499987,0.0,1122.5,2022-11-28/2022-12-04,2022
HIGH_DISLOCATION,CONTINUE,10:30:00,2022-11-29,2022-11-30,2022-12-01,18600.0,0.0033779779542489835,0.13396713863698523,1.7076480916083612,BULL,50,18600.0,18800.0,82.64999999999999,64.55,-904.9999999999998,80.0,102.31293799000001,-1087.3129379899997,0.0,4132.5,2022-11-28/2022-12-04,2022
HIGH_DISLOCATION,CONTINUE,15:10:00,2022-11-29,2022-11-30,2022-12-01,18600.0,0.0033779779542489835,0.13396713863698523,1.7076480916083612,BULL,50,18600.0,18800.0,82.64999999999999,130.6,2397.5,80.0,108.048752955,2209.451247045,0.0,4132.5,2022-11-28/2022-12-04,2022
HIGH_DISLOCATION,FADE,10:30:00,2022-11-29,2022-11-30,2022-12-01,18600.0,0.0033779779542489835,0.13396713863698523,1.7076480916083612,BEAR,50,18600.0,18400.0,23.75,33.15,469.99999999999994,80.0,98.5319928,291.46800719999993,0.0,1187.5,2022-11-28/2022-12-04,2022
HIGH_DISLOCATION,FADE,15:10:00,2022-11-29,2022-11-30,2022-12-01,18600.0,0.0033779779542489835,0.13396713863698523,1.7076480916083612,BEAR,50,18600.0,18400.0,23.75,8.75,-750.0,80.0,96.51810578000001,-926.51810578,0.0,1187.5,2022-11-28/2022-12-04,2022
HIGH_DISLOCATION,CONTINUE,10:30:00,2022-12-02,2022-12-05,2022-12-08,18750.0,-0.0025032888955169824,0.11415199838220322,1.1995100912398082,BEAR,50,18750.0,18550.0,86.1,100.30000000000001,710.0000000000009,80.0,112.07551143,517.9244885700009,0.0,4305.0,2022-12-05/2022-12-11,2022
HIGH_DISLOCATION,CONTINUE,15:10:00,2022-12-02,2022-12-05,2022-12-08,18750.0,-0.0025032888955169824,0.11415199838220322,1.1995100912398082,BEAR,50,18750.0,18550.0,86.1,69.64999999999999,-822.5000000000001,80.0,107.532778705,-1010.032778705,0.0,4305.0,2022-12-05/2022-12-11,2022
HIGH_DISLOCATION,FADE,10:30:00,2022-12-02,2022-12-05,2022-12-08,18750.0,-0.0025032888955169824,0.11415199838220322,1.1995100912398082,BULL,50,18750.0,18950.0,49.25,38.0,-562.5,80.0,101.138197695,-743.638197695,0.0,2462.5,2022-12-05/2022-12-11,2022
HIGH_DISLOCATION,FADE,15:10:00,2022-12-02,2022-12-05,2022-12-08,18750.0,-0.0025032888955169824,0.11415199838220322,1.1995100912398082,BULL,50,18750.0,18950.0,49.25,58.4,457.49999999999994,80.0,103.32929724499999,274.170702755,0.0,2462.5,2022-12-05/2022-12-11,2022
HIGH_DISLOCATION,CONTINUE,10:30:00,2022-12-05,2022-12-06,2022-12-08,18650.0,-0.003993891695054584,0.15017935032151913,1.976932559154121,BEAR,50,18650.0,18450.0,72.2,59.95,-612.5,80.0,104.30689698499998,-796.806896985,0.0,3610.0,2022-12-05/2022-12-11,2022
HIGH_DISLOCATION,CONTINUE,15:10:00,2022-12-05,2022-12-06,2022-12-08,18650.0,-0.003993891695054584,0.15017935032151913,1.976932559154121,BEAR,50,18650.0,18450.0,72.2,50.900000000000006,-1064.9999999999998,80.0,103.10909995,-1248.1090999499997,0.0,3610.0,2022-12-05/2022-12-11,2022
HIGH_DISLOCATION,FADE,10:30:00,2022-12-05,2022-12-06,2022-12-08,18650.0,-0.003993891695054584,0.15017935032151913,1.976932559154121,BULL,50,18650.0,18850.0,55.3,64.1,439.9999999999999,80.0,104.38280234,255.61719765999987,0.0,2765.0,2022-12-05/2022-12-11,2022
HIGH_DISLOCATION,FADE,15:10:00,2022-12-05,2022-12-06,2022-12-08,18650.0,-0.003993891695054584,0.15017935032151913,1.976932559154121,BULL,50,18650.0,18850.0,55.3,69.75,722.5000000000001,80.0,104.777760525,537.7222394750002,0.0,2765.0,2022-12-05/2022-12-11,2022
LOW_DISLOCATION,CONTINUE,10:30:00,2022-12-08,2022-12-09,2022-12-15,18600.0,-0.0003902402265008101,0.01638268392092043,-1.0740359587262394,BEAR,50,18600.0,18400.0,42.55,59.75,860.0000000000001,80.0,104.2983468,675.7016532000001,0.0,2127.5,2022-12-05/2022-12-11,2022
LOW_DISLOCATION,CONTINUE,15:10:00,2022-12-08,2022-12-09,2022-12-15,18600.0,-0.0003902402265008101,0.01638268392092043,-1.0740359587262394,BEAR,50,18600.0,18400.0,42.55,90.35000000000001,2390.0000000000005,80.0,107.90800919,2202.0919908100004,0.0,2127.5,2022-12-05/2022-12-11,2022
LOW_DISLOCATION,FADE,10:30:00,2022-12-08,2022-12-09,2022-12-15,18600.0,-0.0003902402265008101,0.01638268392092043,-1.0740359587262394,BULL,50,18600.0,18800.0,99.3,79.05000000000001,-1012.4999999999993,80.0,109.625033605,-1202.1250336049993,0.0,4965.0,2022-12-05/2022-12-11,2022
LOW_DISLOCATION,FADE,15:10:00,2022-12-08,2022-12-09,2022-12-15,18600.0,-0.0003902402265008101,0.01638268392092043,-1.0740359587262394,BULL,50,18600.0,18800.0,99.3,45.7,-2679.9999999999995,80.0,105.87664483,-2865.8766448299993,0.0,4965.0,2022-12-05/2022-12-11,2022
HIGH_DISLOCATION,CONTINUE,10:30:00,2022-12-09,2022-12-12,2022-12-15,18650.0,-0.0020868325953072105,0.10626018153284755,0.9147318754384685,BEAR,50,18650.0,18450.0,150.8,99.54999999999998,-2562.5000000000014,80.0,120.464572585,-2762.9645725850014,0.0,7540.000000000001,2022-12-12/2022-12-18,2022
HIGH_DISLOCATION,CONTINUE,15:10:00,2022-12-09,2022-12-12,2022-12-15,18650.0,-0.0020868325953072105,0.10626018153284755,0.9147318754384685,BEAR,50,18650.0,18450.0,150.8,105.6,-2260.000000000001,80.0,120.56713222,-2460.567132220001,0.0,7540.000000000001,2022-12-12/2022-12-18,2022
HIGH_DISLOCATION,FADE,10:30:00,2022-12-09,2022-12-12,2022-12-15,18650.0,-0.0020868325953072105,0.10626018153284755,0.9147318754384685,BULL,50,18650.0,18850.0,13.150000000000002,35.5,1117.5,80.0,98.727514715,938.772485285,0.0,657.5000000000001,2022-12-12/2022-12-18,2022
HIGH_DISLOCATION,FADE,15:10:00,2022-12-09,2022-12-12,2022-12-15,18650.0,-0.0020868325953072105,0.10626018153284755,0.9147318754384685,BULL,50,18650.0,18850.0,13.150000000000002,30.0,842.4999999999999,80.0,98.134020385,664.3659796149999,0.0,657.5000000000001,2022-12-12/2022-12-18,2022
HIGH_DISLOCATION,CONTINUE,10:30:00,2022-12-12,2022-12-13,2022-12-15,18350.0,-0.003260928590822659,0.12293465443582348,1.252881956568457,BEAR,50,18350.0,18150.0,12.85,14.700000000000001,92.50000000000007,80.0,96.752430655,-84.25243065499993,0.0,642.5,2022-12-12/2022-12-18,2022
HIGH_DISLOCATION,CONTINUE,15:10:00,2022-12-12,2022-12-13,2022-12-15,18350.0,-0.003260928590822659,0.12293465443582348,1.252881956568457,BEAR,50,18350.0,18150.0,12.85,8.45,-220.00000000000003,80.0,96.22208305000001,-396.22208305000004,0.0,642.5,2022-12-12/2022-12-18,2022
HIGH_DISLOCATION,FADE,10:30:00,2022-12-12,2022-12-13,2022-12-15,18350.0,-0.003260928590822659,0.12293465443582348,1.252881956568457,BULL,50,18350.0,18550.0,144.6,142.45,-107.50000000000028,80.0,122.74745003499999,-310.24745003500027,0.0,7230.0,2022-12-12/2022-12-18,2022
HIGH_DISLOCATION,FADE,15:10:00,2022-12-12,2022-12-13,2022-12-15,18350.0,-0.003260928590822659,0.12293465443582348,1.252881956568457,BULL,50,18350.0,18550.0,144.6,166.65,1102.5000000000005,80.0,128.711654225,893.7883457750005,0.0,7230.0,2022-12-12/2022-12-18,2022
LOW_DISLOCATION,CONTINUE,10:30:00,2022-12-13,2022-12-14,2022-12-15,18550.0,0.00021856566953946173,0.00838000797846137,-1.315006882840003,BULL,50,18550.0,18750.0,129.9,125.85,-202.50000000000057,80.0,112.78324725499999,-395.28324725500056,0.0,6495.0,2022-12-12/2022-12-18,2022
LOW_DISLOCATION,CONTINUE,15:10:00,2022-12-13,2022-12-14,2022-12-15,18550.0,0.00021856566953946173,0.00838000797846137,-1.315006882840003,BULL,50,18550.0,18750.0,129.9,118.70000000000002,-559.9999999999994,80.0,111.6501159,-751.6501158999995,0.0,6495.0,2022-12-12/2022-12-18,2022
LOW_DISLOCATION,FADE,10:30:00,2022-12-13,2022-12-14,2022-12-15,18550.0,0.00021856566953946173,0.00838000797846137,-1.315006882840003,BEAR,50,18550.0,18350.0,14.049999999999999,14.7,32.500000000000014,80.0,96.788398035,-144.288398035,0.0,702.5,2022-12-12/2022-12-18,2022
LOW_DISLOCATION,FADE,15:10:00,2022-12-13,2022-12-14,2022-12-15,18550.0,0.00021856566953946173,0.00838000797846137,-1.315006882840003,BEAR,50,18550.0,18350.0,14.049999999999999,14.8,37.500000000000085,80.0,96.651392935,-139.15139293499993,0.0,702.5,2022-12-12/2022-12-18,2022
LOW_DISLOCATION,CONTINUE,10:30:00,2022-12-14,2022-12-15,2022-12-15,18650.0,0.00014460231685029854,0.0048532786188499955,-1.3680950617902152,BULL,50,18650.0,18850.0,15.399999999999999,7.0,-419.99999999999994,80.0,95.48370459,-595.4837045899999,0.0,769.9999999999999,2022-12-12/2022-12-18,2022
LOW_DISLOCATION,CONTINUE,15:10:00,2022-12-14,2022-12-15,2022-12-15,18650.0,0.00014460231685029854,0.0048532786188499955,-1.3680950617902152,BULL,50,18650.0,18850.0,15.399999999999999,-0.05000000000000002,-772.5,80.0,94.873537275,-947.373537275,0.0,769.9999999999999,2022-12-12/2022-12-18,2022
LOW_DISLOCATION,FADE,10:30:00,2022-12-14,2022-12-15,2022-12-15,18650.0,0.00014460231685029854,0.0048532786188499955,-1.3680950617902152,BEAR,50,18650.0,18450.0,58.45,68.8,517.4999999999998,80.0,100.99738088500001,336.5026191149998,0.0,2922.5,2022-12-12/2022-12-18,2022
LOW_DISLOCATION,FADE,15:10:00,2022-12-14,2022-12-15,2022-12-15,18650.0,0.00014460231685029854,0.0048532786188499955,-1.3680950617902152,BEAR,50,18650.0,18450.0,58.45,199.10000000000002,7032.500000000002,80.0,111.867640415,6840.632359585002,0.0,2922.5,2022-12-12/2022-12-18,2022
LOW_DISLOCATION,CONTINUE,10:30:00,2022-12-15,2022-12-16,2022-12-22,18600.0,-0.000343742279226033,0.0165771972922785,-1.080987195460984,BEAR,50,18600.0,18400.0,117.5,143.8,1315.0000000000005,80.0,129.02153804,1105.9784619600005,0.0,5875.0,2022-12-12/2022-12-18,2022
LOW_DISLOCATION,CONTINUE,15:10:00,2022-12-15,2022-12-16,2022-12-22,18600.0,-0.000343742279226033,0.0165771972922785,-1.080987195460984,BEAR,50,18600.0,18400.0,117.5,159.85000000000002,2117.500000000001,80.0,133.270640475,1904.229359525001,0.0,5875.0,2022-12-12/2022-12-18,2022
LOW_DISLOCATION,FADE,10:30:00,2022-12-15,2022-12-16,2022-12-22,18600.0,-0.000343742279226033,0.0165771972922785,-1.080987195460984,BULL,50,18600.0,18800.0,29.85,17.85,-600.0,80.0,97.98980445,-777.98980445,0.0,1492.5,2022-12-12/2022-12-18,2022
LOW_DISLOCATION,FADE,15:10:00,2022-12-15,2022-12-16,2022-12-22,18600.0,-0.000343742279226033,0.0165771972922785,-1.080987195460984,BULL,50,18600.0,18800.0,29.85,11.850000000000001,-900.0,80.0,97.4492525,-1077.4492525,0.0,1492.5,2022-12-12/2022-12-18,2022
HIGH_DISLOCATION,CONTINUE,10:30:00,2022-12-16,2022-12-19,2022-12-22,18400.0,0.004015012656018075,0.1777945317727919,2.510794901431504,BULL,50,18400.0,18600.0,40.3,59.3,950.0,80.0,103.07318289,766.92681711,0.0,2014.9999999999998,2022-12-19/2022-12-25,2022
HIGH_DISLOCATION,CONTINUE,15:10:00,2022-12-16,2022-12-19,2022-12-22,18400.0,0.004015012656018075,0.1777945317727919,2.510794901431504,BULL,50,18400.0,18600.0,40.3,86.7,2320.0000000000005,80.0,105.52233817,2134.4776618300007,0.0,2014.9999999999998,2022-12-19/2022-12-25,2022
HIGH_DISLOCATION,FADE,10:30:00,2022-12-16,2022-12-19,2022-12-22,18400.0,0.004015012656018075,0.1777945317727919,2.510794901431504,BEAR,50,18400.0,18200.0,95.19999999999999,72.7,-1124.9999999999993,80.0,109.67504367999999,-1314.6750436799994,0.0,4759.999999999999,2022-12-19/2022-12-25,2022
HIGH_DISLOCATION,FADE,15:10:00,2022-12-16,2022-12-19,2022-12-22,18400.0,0.004015012656018075,0.1777945317727919,2.510794901431504,BEAR,50,18400.0,18200.0,95.19999999999999,40.2,-2749.999999999999,80.0,105.79621813,-2935.796218129999,0.0,4759.999999999999,2022-12-19/2022-12-25,2022
LOW_DISLOCATION,CONTINUE,10:30:00,2022-12-19,2022-12-20,2022-12-22,18300.0,-0.00048118327341321735,0.017819151279232684,-1.0087003278696838,BEAR,50,18300.0,18100.0,61.7,84.39999999999999,1134.9999999999995,80.0,107.21567613,947.7843238699995,0.0,3085.0,2022-12-19/2022-12-25,2022
LOW_DISLOCATION,CONTINUE,15:10:00,2022-12-19,2022-12-20,2022-12-22,18300.0,-0.00048118327341321735,0.017819151279232684,-1.0087003278696838,BEAR,50,18300.0,18100.0,61.7,22.9,-1940.0000000000002,80.0,100.23540286,-2120.2354028600002,0.0,3085.0,2022-12-19/2022-12-25,2022
LOW_DISLOCATION,FADE,10:30:00,2022-12-19,2022-12-20,2022-12-22,18300.0,-0.00048118327341321735,0.017819151279232684,-1.0087003278696838,BULL,50,18300.0,18500.0,61.1,42.900000000000006,-909.9999999999998,80.0,101.91546104,-1091.9154610399999,0.0,3055.0,2022-12-19/2022-12-25,2022
LOW_DISLOCATION,FADE,15:10:00,2022-12-19,2022-12-20,2022-12-22,18300.0,-0.00048118327341321735,0.017819151279232684,-1.0087003278696838,BULL,50,18300.0,18500.0,61.1,98.55,1872.4999999999998,80.0,107.157397165,1685.3426028349998,0.0,3055.0,2022-12-19/2022-12-25,2022
HIGH_DISLOCATION,CONTINUE,10:30:00,2022-12-20,2022-12-21,2022-12-22,18300.0,-0.003257932357043196,0.11602224932132343,1.0711899082081882,BEAR,50,18300.0,18100.0,8.6,29.800000000000004,1060.0000000000002,80.0,98.03733424,881.9626657600002,0.0,430.0,2022-12-19/2022-12-25,2022
HIGH_DISLOCATION,CONTINUE,15:10:00,2022-12-20,2022-12-21,2022-12-22,18300.0,-0.003257932357043196,0.11602224932132343,1.0711899082081882,BEAR,50,18300.0,18100.0,8.6,81.0,3620.0000000000005,80.0,103.20156772000001,3436.7984322800003,0.0,430.0,2022-12-19/2022-12-25,2022
HIGH_DISLOCATION,FADE,10:30:00,2022-12-20,2022-12-21,2022-12-22,18300.0,-0.003257932357043196,0.11602224932132343,1.0711899082081882,BULL,50,18300.0,18500.0,140.5,88.55,-2597.5,80.0,109.827671635,-2787.327671635,0.0,7025.0,2022-12-19/2022-12-25,2022
HIGH_DISLOCATION,FADE,15:10:00,2022-12-20,2022-12-21,2022-12-22,18300.0,-0.003257932357043196,0.11602224932132343,1.0711899082081882,BULL,50,18300.0,18500.0,140.5,28.450000000000003,-5602.5,80.0,104.35930742500001,-5786.859307425,0.0,7025.0,2022-12-19/2022-12-25,2022
LOW_DISLOCATION,CONTINUE,10:30:00,2022-12-21,2022-12-22,2022-12-22,18450.0,0.0004174414633221145,0.01601850307746049,-1.0325886912207025,BULL,50,18450.0,18650.0,3.6499999999999995,1.6500000000000004,-99.99999999999996,80.0,95.03470749,-275.03470748999996,0.0,182.49999999999997,2022-12-19/2022-12-25,2022
LOW_DISLOCATION,CONTINUE,15:10:00,2022-12-21,2022-12-22,2022-12-22,18450.0,0.0004174414633221145,0.01601850307746049,-1.0325886912207025,BULL,50,18450.0,18650.0,3.6499999999999995,0.15000000000000002,-174.99999999999997,80.0,94.70088161,-349.70088160999995,0.0,182.49999999999997,2022-12-19/2022-12-25,2022
LOW_DISLOCATION,FADE,10:30:00,2022-12-21,2022-12-22,2022-12-22,18450.0,0.0004174414633221145,0.01601850307746049,-1.0325886912207025,BEAR,50,18450.0,18250.0,164.6,183.45,942.4999999999998,80.0,128.96868646500002,733.5313135349998,0.0,8230.0,2022-12-19/2022-12-25,2022
LOW_DISLOCATION,FADE,15:10:00,2022-12-21,2022-12-22,2022-12-22,18450.0,0.0004174414633221145,0.01601850307746049,-1.0325886912207025,BEAR,50,18450.0,18250.0,164.6,200.3,1785.000000000001,80.0,130.01635359,1574.9836464100008,0.0,8230.0,2022-12-19/2022-12-25,2022
HIGH_DISLOCATION,CONTINUE,10:30:00,2022-12-22,2022-12-23,2022-12-29,18200.0,-0.004893103457701991,0.1532874648495847,1.8162780669168106,BEAR,50,18200.0,18000.0,95.80000000000001,119.54999999999998,1187.4999999999986,80.0,126.70325675499998,980.7967432449987,0.0,4790.000000000001,2022-12-19/2022-12-25,2022
HIGH_DISLOCATION,CONTINUE,15:10:00,2022-12-22,2022-12-23,2022-12-29,18200.0,-0.004893103457701991,0.1532874648495847,1.8162780669168106,BEAR,50,18200.0,18000.0,95.80000000000001,159.29999999999998,3174.9999999999986,80.0,137.66665626,2957.333343739999,0.0,4790.000000000001,2022-12-19/2022-12-25,2022
HIGH_DISLOCATION,FADE,10:30:00,2022-12-22,2022-12-23,2022-12-29,18200.0,-0.004893103457701991,0.1532874648495847,1.8162780669168106,BULL,50,18200.0,18400.0,52.349999999999994,32.75,-979.9999999999998,80.0,101.81644366,-1161.8164436599998,0.0,2617.4999999999995,2022-12-19/2022-12-25,2022
HIGH_DISLOCATION,FADE,15:10:00,2022-12-22,2022-12-23,2022-12-29,18200.0,-0.004893103457701991,0.1532874648495847,1.8162780669168106,BULL,50,18200.0,18400.0,52.349999999999994,13.55,-1939.9999999999998,80.0,99.77063586,-2119.77063586,0.0,2617.4999999999995,2022-12-19/2022-12-25,2022
HIGH_DISLOCATION,CONTINUE,10:30:00,2022-12-26,2022-12-27,2022-12-29,17900.0,0.003998227994325055,0.11709333993898578,1.0299349769933452,BULL,50,17900.0,18100.0,121.5,118.45,-152.49999999999986,80.0,117.571359005,-350.07135900499986,0.0,6075.0,2022-12-26/2023-01-01,2022
HIGH_DISLOCATION,CONTINUE,15:10:00,2022-12-26,2022-12-27,2022-12-29,17900.0,0.003998227994325055,0.11709333993898578,1.0299349769933452,BULL,50,17900.0,18100.0,121.5,156.45,1747.4999999999995,80.0,122.43873083500002,1545.0612691649994,0.0,6075.0,2022-12-26/2023-01-01,2022
HIGH_DISLOCATION,FADE,10:30:00,2022-12-26,2022-12-27,2022-12-29,17900.0,0.003998227994325055,0.11709333993898578,1.0299349769933452,BEAR,50,17900.0,17700.0,26.4,29.8,170.0000000000001,80.0,100.07359700999999,-10.073597009999872,0.0,1320.0,2022-12-26/2023-01-01,2022
HIGH_DISLOCATION,FADE,15:10:00,2022-12-26,2022-12-27,2022-12-29,17900.0,0.003998227994325055,0.11709333993898578,1.0299349769933452,BEAR,50,17900.0,17700.0,26.4,13.15,-662.4999999999999,80.0,98.184903945,-840.6849039449999,0.0,1320.0,2022-12-26/2023-01-01,2022
LOW_DISLOCATION,CONTINUE,10:30:00,2022-12-28,2022-12-29,2022-12-29,18100.0,-0.00017686398054500235,0.005246276897394131,-1.2704502467912273,BEAR,50,18100.0,17900.0,67.6,93.55,1297.5000000000002,80.0,104.19216890500002,1113.3078310950002,0.0,3379.9999999999995,2022-12-26/2023-01-01,2022
LOW_DISLOCATION,CONTINUE,15:10:00,2022-12-28,2022-12-29,2022-12-29,18100.0,-0.00017686398054500235,0.005246276897394131,-1.2704502467912273,BEAR,50,18100.0,17900.0,67.6,0.1,-3375.0,80.0,96.75547352999999,-3551.75547353,0.0,3379.9999999999995,2022-12-26/2023-01-01,2022
LOW_DISLOCATION,FADE,10:30:00,2022-12-28,2022-12-29,2022-12-29,18100.0,-0.00017686398054500235,0.005246276897394131,-1.2704502467912273,BULL,50,18100.0,18300.0,17.7,7.55,-507.49999999999994,80.0,95.601611705,-683.101611705,0.0,885.0,2022-12-26/2023-01-01,2022
LOW_DISLOCATION,FADE,15:10:00,2022-12-28,2022-12-29,2022-12-29,18100.0,-0.00017686398054500235,0.005246276897394131,-1.2704502467912273,BULL,50,18100.0,18300.0,17.7,89.95,3612.5,80.0,101.34118605500001,3431.158813945,0.0,885.0,2022-12-26/2023-01-01,2022
LOW_DISLOCATION,CONTINUE,10:30:00,2022-12-29,2022-12-30,2023-01-05,18050.0,-0.0001938005957984031,0.007181027778402309,-1.2004296200256002,BEAR,50,18050.0,17850.0,24.1,26.349999999999998,112.49999999999983,80.0,99.811002175,-67.31100217500017,0.0,1205.0,2022-12-26/2023-01-01,2022
LOW_DISLOCATION,CONTINUE,15:10:00,2022-12-29,2022-12-30,2023-01-05,18050.0,-0.0001938005957984031,0.007181027778402309,-1.2004296200256002,BEAR,50,18050.0,17850.0,24.1,52.05,1397.4999999999998,80.0,102.80918654499999,1214.690813455,0.0,1205.0,2022-12-26/2023-01-01,2022
LOW_DISLOCATION,FADE,10:30:00,2022-12-29,2022-12-30,2023-01-05,18050.0,-0.0001938005957984031,0.007181027778402309,-1.2004296200256002,BULL,50,18050.0,18250.0,139.04999999999998,132.89999999999998,-307.5000000000003,80.0,129.00846259500003,-516.5084625950003,0.0,6952.499999999999,2022-12-26/2023-01-01,2022
LOW_DISLOCATION,FADE,15:10:00,2022-12-29,2022-12-30,2023-01-05,18050.0,-0.0001938005957984031,0.007181027778402309,-1.2004296200256002,BULL,50,18050.0,18250.0,139.04999999999998,93.25,-2289.999999999999,80.0,121.28226641,-2491.282266409999,0.0,6952.499999999999,2022-12-26/2023-01-01,2022
LOW_DISLOCATION,CONTINUE,10:30:00,2023-01-04,2023-01-05,2023-01-05,18250.0,-0.00024947979350745407,0.008537724257211247,-1.159521953828462,BEAR,50,18250.0,18050.0,134.2,147.70000000000002,675.0000000000014,80.0,113.74099297,481.2590070300014,0.0,6709.999999999999,2023-01-02/2023-01-08,2023
LOW_DISLOCATION,CONTINUE,15:10:00,2023-01-04,2023-01-05,2023-01-05,18250.0,-0.00024947979350745407,0.008537724257211247,-1.159521953828462,BEAR,50,18250.0,18050.0,134.2,199.8,3280.000000000001,80.0,119.41970447,3080.580295530001,0.0,6709.999999999999,2023-01-02/2023-01-08,2023
LOW_DISLOCATION,FADE,10:30:00,2023-01-04,2023-01-05,2023-01-05,18250.0,-0.00024947979350745407,0.008537724257211247,-1.159521953828462,BULL,50,18250.0,18450.0,4.7,3.1000000000000005,-79.99999999999999,80.0,94.96539709999999,-254.9653971,0.0,235.0,2023-01-02/2023-01-08,2023
LOW_DISLOCATION,FADE,15:10:00,2023-01-04,2023-01-05,2023-01-05,18250.0,-0.00024947979350745407,0.008537724257211247,-1.159521953828462,BULL,50,18250.0,18450.0,4.7,-0.04999999999999999,-237.5,80.0,94.635711585,-412.13571158499997,0.0,235.0,2023-01-02/2023-01-08,2023
HIGH_DISLOCATION,CONTINUE,10:30:00,2023-01-10,2023-01-11,2023-01-12,18050.0,-0.005461285553520599,0.19309961749214788,2.593186044874177,BEAR,50,18050.0,17850.0,135.25,77.55,-2885.0,80.0,113.24137785,-3078.24137785,0.0,6762.5,2023-01-09/2023-01-15,2023
HIGH_DISLOCATION,CONTINUE,15:10:00,2023-01-10,2023-01-11,2023-01-12,18050.0,-0.005461285553520599,0.19309961749214788,2.593186044874177,BEAR,50,18050.0,17850.0,135.25,118.85,-820.0000000000002,80.0,116.90601776,-1016.9060177600002,0.0,6762.5,2023-01-09/2023-01-15,2023
HIGH_DISLOCATION,FADE,10:30:00,2023-01-10,2023-01-11,2023-01-12,18050.0,-0.005461285553520599,0.19309961749214788,2.593186044874177,BULL,50,18050.0,18250.0,17.55,44.2,1332.5,80.0,99.403453125,1153.096546875,0.0,877.5,2023-01-09/2023-01-15,2023
HIGH_DISLOCATION,FADE,15:10:00,2023-01-10,2023-01-11,2023-01-12,18050.0,-0.005461285553520599,0.19309961749214788,2.593186044874177,BULL,50,18050.0,18250.0,17.55,13.950000000000001,-179.99999999999997,80.0,96.55287693999999,-356.55287694,0.0,877.5,2023-01-09/2023-01-15,2023
HIGH_DISLOCATION,CONTINUE,10:30:00,2023-01-11,2023-01-12,2023-01-12,17850.0,-0.005143072184202823,0.12687303644189898,1.143679974292008,BEAR,50,17850.0,17650.0,25.099999999999998,55.0,1495.0,80.0,99.49853246999999,1315.50146753,0.0,1255.0,2023-01-09/2023-01-15,2023
HIGH_DISLOCATION,CONTINUE,15:10:00,2023-01-11,2023-01-12,2023-01-12,17850.0,-0.005143072184202823,0.12687303644189898,1.143679974292008,BEAR,50,17850.0,17650.0,25.099999999999998,0.6,-1224.9999999999998,80.0,95.25130037,-1400.2513003699999,0.0,1255.0,2023-01-09/2023-01-15,2023
HIGH_DISLOCATION,FADE,10:30:00,2023-01-11,2023-01-12,2023-01-12,17850.0,-0.005143072184202823,0.12687303644189898,1.143679974292008,BULL,50,17850.0,18050.0,81.89999999999999,31.950000000000003,-2497.4999999999995,80.0,100.102121625,-2677.6021216249997,0.0,4094.9999999999995,2023-01-09/2023-01-15,2023
HIGH_DISLOCATION,FADE,15:10:00,2023-01-11,2023-01-12,2023-01-12,17850.0,-0.005143072184202823,0.12687303644189898,1.143679974292008,BULL,50,17850.0,18050.0,81.89999999999999,13.9,-3399.999999999999,80.0,98.42115739999998,-3578.421157399999,0.0,4094.9999999999995,2023-01-09/2023-01-15,2023
HIGH_DISLOCATION,CONTINUE,10:30:00,2023-01-13,2023-01-16,2023-01-19,17800.0,-0.0037742606058402124,0.135951963428033,1.2813006094128294,BEAR,50,17800.0,17600.0,24.999999999999996,28.55,177.50000000000023,80.0,99.238330075,-1.7383300749997659,0.0,1249.9999999999998,2023-01-16/2023-01-22,2023
HIGH_DISLOCATION,CONTINUE,15:10:00,2023-01-13,2023-01-16,2023-01-19,17800.0,-0.0037742606058402124,0.135951963428033,1.2813006094128294,BEAR,50,17800.0,17600.0,24.999999999999996,37.7,635.0000000000003,80.0,99.85294569000001,455.1470543100003,0.0,1249.9999999999998,2023-01-16/2023-01-22,2023
HIGH_DISLOCATION,FADE,10:30:00,2023-01-13,2023-01-16,2023-01-19,17800.0,-0.0037742606058402124,0.135951963428033,1.2813006094128294,BULL,50,17800.0,18000.0,134.2,126.75,-372.49999999999943,80.0,123.31142786499998,-575.8114278649994,0.0,6709.999999999999,2023-01-16/2023-01-22,2023
HIGH_DISLOCATION,FADE,15:10:00,2023-01-13,2023-01-16,2023-01-19,17800.0,-0.0037742606058402124,0.135951963428033,1.2813006094128294,BULL,50,17800.0,18000.0,134.2,102.65,-1577.499999999999,80.0,118.855493755,-1776.355493754999,0.0,6709.999999999999,2023-01-16/2023-01-22,2023
LOW_DISLOCATION,CONTINUE,10:30:00,2023-01-18,2023-01-19,2023-01-19,18050.0,-0.0003845196270989918,0.011997708236090504,-1.1633872143312214,BEAR,50,18050.0,17850.0,28.5,18.85,-482.49999999999994,80.0,96.901141295,-659.401141295,0.0,1425.0,2023-01-16/2023-01-22,2023
LOW_DISLOCATION,CONTINUE,15:10:00,2023-01-18,2023-01-19,2023-01-19,18050.0,-0.0003845196270989918,0.011997708236090504,-1.1633872143312214,BEAR,50,18050.0,17850.0,28.5,0.04999999999999999,-1422.5,80.0,95.394867875,-1597.894867875,0.0,1425.0,2023-01-16/2023-01-22,2023
LOW_DISLOCATION,FADE,10:30:00,2023-01-18,2023-01-19,2023-01-19,18050.0,-0.0003845196270989918,0.011997708236090504,-1.1633872143312214,BULL,50,18050.0,18250.0,59.8,65.3,275.0,80.0,100.87744454999999,94.12255545000001,0.0,2990.0,2023-01-16/2023-01-22,2023
LOW_DISLOCATION,FADE,15:10:00,2023-01-18,2023-01-19,2023-01-19,18050.0,-0.0003845196270989918,0.011997708236090504,-1.1633872143312214,BULL,50,18050.0,18250.0,59.8,66.60000000000001,340.00000000000057,80.0,100.76953945,159.23046055000057,0.0,2990.0,2023-01-16/2023-01-22,2023
LOW_DISLOCATION,CONTINUE,10:30:00,2023-01-24,2023-01-25,2023-01-25,18200.0,-0.0005059212027727081,0.021288511868546658,-0.9645431128585646,BEAR,50,18200.0,18000.0,135.3,180.14999999999998,2242.499999999998,80.0,118.14732758499999,2044.352672414998,0.0,6765.000000000001,2023-01-23/2023-01-29,2023
LOW_DISLOCATION,CONTINUE,15:10:00,2023-01-24,2023-01-25,2023-01-25,18200.0,-0.0005059212027727081,0.021288511868546658,-0.9645431128585646,BEAR,50,18200.0,18000.0,135.3,200.85000000000002,3277.5000000000005,80.0,123.701319875,3073.7986801250004,0.0,6765.000000000001,2023-01-23/2023-01-29,2023
LOW_DISLOCATION,FADE,10:30:00,2023-01-24,2023-01-25,2023-01-25,18200.0,-0.0005059212027727081,0.021288511868546658,-0.9645431128585646,BULL,50,18200.0,18400.0,2.7,0.8499999999999996,-92.50000000000003,80.0,94.85940969500001,-267.35940969500007,0.0,135.0,2023-01-23/2023-01-29,2023
LOW_DISLOCATION,FADE,15:10:00,2023-01-24,2023-01-25,2023-01-25,18200.0,-0.0005059212027727081,0.021288511868546658,-0.9645431128585646,BULL,50,18200.0,18400.0,2.7,0.0,-135.0,80.0,94.58549918,-309.58549918,0.0,135.0,2023-01-23/2023-01-29,2023
HIGH_DISLOCATION,CONTINUE,10:30:00,2023-01-25,2023-01-27,2023-02-02,18050.0,-0.0031628785786106542,0.1172502680737926,0.9345350442819705,BEAR,50,18050.0,17850.0,125.70000000000002,137.95,612.4999999999986,80.0,152.702307935,379.7976920649986,0.0,6285.000000000001,2023-01-23/2023-01-29,2023
HIGH_DISLOCATION,CONTINUE,15:10:00,2023-01-25,2023-01-27,2023-02-02,18050.0,-0.0031628785786106542,0.1172502680737926,0.9345350442819705,BEAR,50,18050.0,17850.0,125.70000000000002,154.95,1462.4999999999986,80.0,159.46327515500002,1223.0367248449986,0.0,6285.000000000001,2023-01-23/2023-01-29,2023
HIGH_DISLOCATION,FADE,10:30:00,2023-01-25,2023-01-27,2023-02-02,18050.0,-0.0031628785786106542,0.1172502680737926,0.9345350442819705,BULL,50,18050.0,18250.0,45.6,33.900000000000006,-584.9999999999998,80.0,104.12735617999999,-769.1273561799998,0.0,2280.0,2023-01-23/2023-01-29,2023
HIGH_DISLOCATION,FADE,15:10:00,2023-01-25,2023-01-27,2023-02-02,18050.0,-0.0031628785786106542,0.1172502680737926,0.9345350442819705,BULL,50,18050.0,18250.0,45.6,21.800000000000004,-1189.9999999999998,80.0,102.23513270000001,-1372.2351326999997,0.0,2280.0,2023-01-23/2023-01-29,2023
HIGH_DISLOCATION,CONTINUE,10:30:00,2023-01-27,2023-01-30,2023-02-02,17750.0,-0.00822488432882755,0.19481763463460017,2.4129513807190643,BEAR,50,17750.0,17550.0,77.35,100.0,1132.5000000000002,80.0,127.466685655,925.0333143450002,0.0,3867.4999999999995,2023-01-30/2023-02-05,2023
HIGH_DISLOCATION,CONTINUE,15:10:00,2023-01-27,2023-01-30,2023-02-02,17750.0,-0.00822488432882755,0.19481763463460017,2.4129513807190643,BEAR,50,17750.0,17550.0,77.35,98.30000000000001,1047.500000000001,80.0,123.405226105,844.0947738950009,0.0,3867.4999999999995,2023-01-30/2023-02-05,2023
HIGH_DISLOCATION,FADE,10:30:00,2023-01-27,2023-01-30,2023-02-02,17750.0,-0.00822488432882755,0.19481763463460017,2.4129513807190643,BULL,50,17750.0,17950.0,85.1,62.45,-1132.4999999999995,80.0,113.786917965,-1326.2869179649995,0.0,4255.0,2023-01-30/2023-02-05,2023
HIGH_DISLOCATION,FADE,15:10:00,2023-01-27,2023-01-30,2023-02-02,17750.0,-0.00822488432882755,0.19481763463460017,2.4129513807190643,BULL,50,17750.0,17950.0,85.1,58.349999999999994,-1337.5,80.0,113.171601595,-1530.671601595,0.0,4255.0,2023-01-30/2023-02-05,2023
HIGH_DISLOCATION,CONTINUE,10:30:00,2023-01-31,2023-02-01,2023-02-02,17600.0,-0.006856227834255326,0.11552571457355103,0.7979673824469766,BEAR,50,17600.0,17400.0,38.8,29.150000000000002,-482.4999999999998,80.0,101.81837615500001,-664.3183761549998,0.0,1939.9999999999998,2023-01-30/2023-02-05,2023
HIGH_DISLOCATION,CONTINUE,15:10:00,2023-01-31,2023-02-01,2023-02-02,17600.0,-0.006856227834255326,0.11552571457355103,0.7979673824469766,BEAR,50,17600.0,17400.0,38.8,48.55,487.5,80.0,102.902318595,304.597681405,0.0,1939.9999999999998,2023-01-30/2023-02-05,2023
HIGH_DISLOCATION,FADE,10:30:00,2023-01-31,2023-02-01,2023-02-02,17600.0,-0.006856227834255326,0.11552571457355103,0.7979673824469766,BULL,50,17600.0,17800.0,120.80000000000001,134.5,684.9999999999994,80.0,132.17850219000002,472.8214978099994,0.0,6040.000000000001,2023-01-30/2023-02-05,2023
HIGH_DISLOCATION,FADE,15:10:00,2023-01-31,2023-02-01,2023-02-02,17600.0,-0.006856227834255326,0.11552571457355103,0.7979673824469766,BULL,50,17600.0,17800.0,120.80000000000001,75.35,-2272.500000000001,80.0,117.835211265,-2470.335211265001,0.0,6040.000000000001,2023-01-30/2023-02-05,2023
LOW_DISLOCATION,CONTINUE,10:30:00,2023-02-01,2023-02-02,2023-02-02,17750.0,-0.001799015453009451,0.027060218895298374,-0.8655609651299161,BEAR,50,17750.0,17550.0,119.44999999999999,148.8,1467.5000000000011,80.0,119.52362417500001,1267.976375825001,0.0,5972.499999999999,2023-01-30/2023-02-05,2023
LOW_DISLOCATION,CONTINUE,15:10:00,2023-02-01,2023-02-02,2023-02-02,17750.0,-0.001799015453009451,0.027060218895298374,-0.8655609651299161,BEAR,50,17750.0,17550.0,119.44999999999999,128.8,467.50000000000114,80.0,111.53263712500001,275.96736287500113,0.0,5972.499999999999,2023-01-30/2023-02-05,2023
LOW_DISLOCATION,FADE,10:30:00,2023-02-01,2023-02-02,2023-02-02,17750.0,-0.001799015453009451,0.027060218895298374,-0.8655609651299161,BULL,50,17750.0,17950.0,15.5,5.4,-505.0,80.0,95.60979571,-680.60979571,0.0,775.0,2023-01-30/2023-02-05,2023
LOW_DISLOCATION,FADE,15:10:00,2023-02-01,2023-02-02,2023-02-02,17750.0,-0.001799015453009451,0.027060218895298374,-0.8655609651299161,BULL,50,17750.0,17950.0,15.5,0.0,-775.0,80.0,95.07914609,-950.07914609,0.0,775.0,2023-01-30/2023-02-05,2023
LOW_DISLOCATION,CONTINUE,10:30:00,2023-02-02,2023-02-03,2023-02-09,17600.0,0.00018791480056825846,0.005030996501048798,-1.2693710708918695,BULL,50,17600.0,17800.0,97.44999999999999,88.69999999999999,-437.5,80.0,116.08530970499999,-633.585309705,0.0,4872.499999999999,2023-01-30/2023-02-05,2023
LOW_DISLOCATION,CONTINUE,15:10:00,2023-02-02,2023-02-03,2023-02-09,17600.0,0.00018791480056825846,0.005030996501048798,-1.2693710708918695,BULL,50,17600.0,17800.0,97.44999999999999,149.0,2577.5000000000005,80.0,128.711288045,2368.7887119550005,0.0,4872.499999999999,2023-01-30/2023-02-05,2023
LOW_DISLOCATION,FADE,10:30:00,2023-02-02,2023-02-03,2023-02-09,17600.0,0.00018791480056825846,0.005030996501048798,-1.2693710708918695,BEAR,50,17600.0,17400.0,58.800000000000004,65.85,352.4999999999995,80.0,110.110447145,162.3895528549995,0.0,2940.0,2023-01-30/2023-02-05,2023
LOW_DISLOCATION,FADE,15:10:00,2023-02-02,2023-02-03,2023-02-09,17600.0,0.00018791480056825846,0.005030996501048798,-1.2693710708918695,BEAR,50,17600.0,17400.0,58.800000000000004,21.800000000000004,-1850.0,80.0,103.59748923999999,-2033.59748924,0.0,2940.0,2023-01-30/2023-02-05,2023
HIGH_DISLOCATION,CONTINUE,10:30:00,2023-02-06,2023-02-07,2023-02-09,17750.0,-0.0039700910455508324,0.1225244797921369,0.922296710763853,BEAR,50,17750.0,17550.0,49.300000000000004,57.75,422.4999999999998,80.0,103.935110025,238.56488997499977,0.0,2465.0,2023-02-06/2023-02-12,2023
HIGH_DISLOCATION,CONTINUE,15:10:00,2023-02-06,2023-02-07,2023-02-09,17750.0,-0.0039700910455508324,0.1225244797921369,0.922296710763853,BEAR,50,17750.0,17550.0,49.300000000000004,64.85,777.4999999999995,80.0,104.130523375,593.3694766249996,0.0,2465.0,2023-02-06/2023-02-12,2023
HIGH_DISLOCATION,FADE,10:30:00,2023-02-06,2023-02-07,2023-02-09,17750.0,-0.0039700910455508324,0.1225244797921369,0.922296710763853,BULL,50,17750.0,17950.0,88.25,75.69999999999999,-627.5000000000006,80.0,108.078177695,-815.5781776950006,0.0,4412.5,2023-02-06/2023-02-12,2023
HIGH_DISLOCATION,FADE,15:10:00,2023-02-06,2023-02-07,2023-02-09,17750.0,-0.0039700910455508324,0.1225244797921369,0.922296710763853,BULL,50,17750.0,17950.0,88.25,61.800000000000004,-1322.4999999999998,80.0,106.03076013499998,-1508.5307601349998,0.0,4412.5,2023-02-06/2023-02-12,2023
LOW_DISLOCATION,CONTINUE,10:30:00,2023-02-07,2023-02-08,2023-02-09,17800.0,-0.0003287338688603918,0.009737479713007223,-1.1891612722553369,BEAR,50,17800.0,17600.0,49.45,39.0,-522.5000000000001,80.0,100.89732817500001,-703.3973281750001,0.0,2472.5,2023-02-06/2023-02-12,2023
LOW_DISLOCATION,CONTINUE,15:10:00,2023-02-07,2023-02-08,2023-02-09,17800.0,-0.0003287338688603918,0.009737479713007223,-1.1891612722553369,BEAR,50,17800.0,17600.0,49.45,26.650000000000002,-1140.0,80.0,99.44289468000001,-1319.44289468,0.0,2472.5,2023-02-06/2023-02-12,2023
LOW_DISLOCATION,FADE,10:30:00,2023-02-07,2023-02-08,2023-02-09,17800.0,-0.0003287338688603918,0.009737479713007223,-1.1891612722553369,BULL,50,17800.0,18000.0,68.55,81.5,647.5000000000001,80.0,104.727442515,462.7725574850001,0.0,3427.5,2023-02-06/2023-02-12,2023
LOW_DISLOCATION,FADE,15:10:00,2023-02-07,2023-02-08,2023-02-09,17800.0,-0.0003287338688603918,0.009737479713007223,-1.1891612722553369,BULL,50,17800.0,18000.0,68.55,87.9,967.5000000000005,80.0,104.70603105500001,782.7939689450004,0.0,3427.5,2023-02-06/2023-02-12,2023
HIGH_DISLOCATION,CONTINUE,10:30:00,2023-02-09,2023-02-10,2023-02-16,17800.0,-0.004022305767913836,0.16905300689520658,1.75307609325746,BEAR,50,17800.0,17600.0,50.74999999999999,58.050000000000004,365.00000000000057,80.0,104.92738609,180.07261391000057,0.0,2537.4999999999995,2023-02-06/2023-02-12,2023
HIGH_DISLOCATION,CONTINUE,15:10:00,2023-02-09,2023-02-10,2023-02-16,17800.0,-0.004022305767913836,0.16905300689520658,1.75307609325746,BEAR,50,17800.0,17600.0,50.74999999999999,45.05,-284.9999999999998,80.0,102.99474692999999,-467.9947469299998,0.0,2537.4999999999995,2023-02-06/2023-02-12,2023
HIGH_DISLOCATION,FADE,10:30:00,2023-02-09,2023-02-10,2023-02-16,17800.0,-0.004022305767913836,0.16905300689520658,1.75307609325746,BULL,50,17800.0,18000.0,91.95,81.85000000000001,-504.9999999999997,80.0,109.70153115,-694.7015311499997,0.0,4597.5,2023-02-06/2023-02-12,2023
HIGH_DISLOCATION,FADE,15:10:00,2023-02-09,2023-02-10,2023-02-16,17800.0,-0.004022305767913836,0.16905300689520658,1.75307609325746,BULL,50,17800.0,18000.0,91.95,91.75,-10.000000000000142,80.0,110.65269966,-200.65269966000014,0.0,4597.5,2023-02-06/2023-02-12,2023
LOW_DISLOCATION,CONTINUE,10:30:00,2023-02-10,2023-02-13,2023-02-16,17850.0,0.0007087767857391767,0.03283129595248725,-0.7641105722681174,BULL,50,17850.0,18050.0,62.14999999999999,43.35,-939.9999999999995,80.0,101.73359492,-1121.7335949199996,0.0,3107.4999999999995,2023-02-13/2023-02-19,2023
LOW_DISLOCATION,CONTINUE,15:10:00,2023-02-10,2023-02-13,2023-02-16,17850.0,0.0007087767857391767,0.03283129595248725,-0.7641105722681174,BULL,50,17850.0,18050.0,62.14999999999999,45.5,-832.4999999999995,80.0,101.736931885,-1014.2369318849995,0.0,3107.4999999999995,2023-02-13/2023-02-19,2023
LOW_DISLOCATION,FADE,10:30:00,2023-02-10,2023-02-13,2023-02-16,17850.0,0.0007087767857391767,0.03283129595248725,-0.7641105722681174,BEAR,50,17850.0,17650.0,68.7,93.6,1244.9999999999995,80.0,109.88566434,1055.1143356599996,0.0,3435.0,2023-02-13/2023-02-19,2023
LOW_DISLOCATION,FADE,15:10:00,2023-02-10,2023-02-13,2023-02-16,17850.0,0.0007087767857391767,0.03283129595248725,-0.7641105722681174,BEAR,50,17850.0,17650.0,68.7,84.6,794.9999999999995,80.0,107.95242411,607.0475758899995,0.0,3435.0,2023-02-13/2023-02-19,2023
LOW_DISLOCATION,CONTINUE,10:30:00,2023-02-14,2023-02-15,2023-02-16,17800.0,-0.00044315797740443035,0.0157267023135781,-1.0501329844742648,BEAR,50,17800.0,17600.0,30.35,15.150000000000002,-760.0,80.0,97.03379482000001,-937.03379482,0.0,1517.5,2023-02-13/2023-02-19,2023
LOW_DISLOCATION,CONTINUE,15:10:00,2023-02-14,2023-02-15,2023-02-16,17800.0,-0.00044315797740443035,0.0157267023135781,-1.0501329844742648,BEAR,50,17800.0,17600.0,30.35,4.1000000000000005,-1312.5,80.0,96.191845075,-1488.691845075,0.0,1517.5,2023-02-13/2023-02-19,2023
LOW_DISLOCATION,FADE,10:30:00,2023-02-14,2023-02-15,2023-02-16,17800.0,-0.00044315797740443035,0.0157267023135781,-1.0501329844742648,BULL,50,17800.0,18000.0,86.19999999999999,116.25,1502.5000000000005,80.0,108.283942435,1314.2160575650005,0.0,4309.999999999999,2023-02-13/2023-02-19,2023
LOW_DISLOCATION,FADE,15:10:00,2023-02-14,2023-02-15,2023-02-16,17800.0,-0.00044315797740443035,0.0157267023135781,-1.0501329844742648,BULL,50,17800.0,18000.0,86.19999999999999,164.5,3915.0000000000005,80.0,114.20159984,3720.7984001600003,0.0,4309.999999999999,2023-02-13/2023-02-19,2023
LOW_DISLOCATION,CONTINUE,10:30:00,2023-02-22,2023-02-23,2023-02-23,17750.0,-0.0002534875664348664,0.008748349824179614,-1.1184623866527261,BEAR,50,17750.0,17550.0,171.55,122.7,-2442.5000000000005,80.0,115.238371795,-2637.7383717950006,0.0,8577.5,2023-02-20/2023-02-26,2023
LOW_DISLOCATION,CONTINUE,15:10:00,2023-02-22,2023-02-23,2023-02-23,17750.0,-0.0002534875664348664,0.008748349824179614,-1.1184623866527261,BEAR,50,17750.0,17550.0,171.55,199.95,1419.9999999999989,80.0,122.83064223,1217.169357769999,0.0,8577.5,2023-02-20/2023-02-26,2023
LOW_DISLOCATION,FADE,10:30:00,2023-02-22,2023-02-23,2023-02-23,17750.0,-0.0002534875664348664,0.008748349824179614,-1.1184623866527261,BULL,50,17750.0,17950.0,1.4000000000000004,3.1499999999999995,87.49999999999996,80.0,94.95600503500002,-87.45600503500006,0.0,70.00000000000001,2023-02-20/2023-02-26,2023
LOW_DISLOCATION,FADE,15:10:00,2023-02-22,2023-02-23,2023-02-23,17750.0,-0.0002534875664348664,0.008748349824179614,-1.1184623866527261,BULL,50,17750.0,17950.0,1.4000000000000004,0.09999999999999999,-65.00000000000001,80.0,94.63339219000001,-239.63339219,0.0,70.00000000000001,2023-02-20/2023-02-26,2023
HIGH_DISLOCATION,CONTINUE,10:30:00,2023-02-23,2023-02-24,2023-03-02,17500.0,-0.004591916520947954,0.1628917420411051,1.885883055003282,BEAR,50,17500.0,17300.0,47.949999999999996,53.25,265.0000000000002,80.0,104.40482374999998,80.59517625000025,0.0,2397.5,2023-02-20/2023-02-26,2023
HIGH_DISLOCATION,CONTINUE,15:10:00,2023-02-23,2023-02-24,2023-03-02,17500.0,-0.004591916520947954,0.1628917420411051,1.885883055003282,BEAR,50,17500.0,17300.0,47.949999999999996,68.30000000000001,1017.5000000000008,80.0,105.98979962499999,831.5102003750007,0.0,2397.5,2023-02-20/2023-02-26,2023
HIGH_DISLOCATION,FADE,10:30:00,2023-02-23,2023-02-24,2023-03-02,17500.0,-0.004591916520947954,0.1628917420411051,1.885883055003282,BULL,50,17500.0,17700.0,98.19999999999999,90.55,-382.49999999999955,80.0,112.951569105,-575.4515691049995,0.0,4909.999999999999,2023-02-20/2023-02-26,2023
HIGH_DISLOCATION,FADE,15:10:00,2023-02-23,2023-02-24,2023-03-02,17500.0,-0.004591916520947954,0.1628917420411051,1.885883055003282,BULL,50,17500.0,17700.0,98.19999999999999,66.5,-1584.9999999999995,80.0,109.49842038,-1774.4984203799995,0.0,4909.999999999999,2023-02-20/2023-02-26,2023
LOW_DISLOCATION,CONTINUE,10:30:00,2023-02-27,2023-02-28,2023-03-02,17450.0,-0.00024938370693106376,0.008646209953487043,-1.1023582402728753,BEAR,50,17450.0,17250.0,67.55000000000001,72.8,262.4999999999993,80.0,105.804883755,76.69511624499931,0.0,3377.5000000000005,2023-02-27/2023-03-05,2023
LOW_DISLOCATION,CONTINUE,15:10:00,2023-02-27,2023-02-28,2023-03-02,17450.0,-0.00024938370693106376,0.008646209953487043,-1.1023582402728753,BEAR,50,17450.0,17250.0,67.55000000000001,115.4,2392.4999999999995,80.0,110.51888839500002,2201.9811116049996,0.0,3377.5000000000005,2023-02-27/2023-03-05,2023
LOW_DISLOCATION,FADE,10:30:00,2023-02-27,2023-02-28,2023-03-02,17450.0,-0.00024938370693106376,0.008646209953487043,-1.1023582402728753,BULL,50,17450.0,17650.0,56.2,48.25,-397.5000000000001,80.0,101.69693270500001,-579.1969327050001,0.0,2810.0,2023-02-27/2023-03-05,2023
LOW_DISLOCATION,FADE,15:10:00,2023-02-27,2023-02-28,2023-03-02,17450.0,-0.00024938370693106376,0.008646209953487043,-1.1023582402728753,BULL,50,17450.0,17650.0,56.2,20.3,-1795.0000000000002,80.0,98.99043725000001,-1973.9904372500002,0.0,2810.0,2023-02-27/2023-03-05,2023
LOW_DISLOCATION,CONTINUE,10:30:00,2023-02-28,2023-03-01,2023-03-02,17400.0,0.0005489152457616715,0.018175491169753935,-0.887665387129799,BULL,50,17400.0,17600.0,43.9,63.050000000000004,957.5000000000002,80.0,101.229371565,776.2706284350003,0.0,2195.0,2023-02-27/2023-03-05,2023
LOW_DISLOCATION,CONTINUE,15:10:00,2023-02-28,2023-03-01,2023-03-02,17400.0,0.0005489152457616715,0.018175491169753935,-0.887665387129799,BULL,50,17400.0,17600.0,43.9,73.3,1470.0,80.0,101.82418548,1288.17581452,0.0,2195.0,2023-02-27/2023-03-05,2023
LOW_DISLOCATION,FADE,10:30:00,2023-02-28,2023-03-01,2023-03-02,17400.0,0.0005489152457616715,0.018175491169753935,-0.887665387129799,BEAR,50,17400.0,17200.0,63.199999999999996,41.650000000000006,-1077.4999999999995,80.0,100.883775025,-1258.3837750249995,0.0,3160.0,2023-02-27/2023-03-05,2023
LOW_DISLOCATION,FADE,15:10:00,2023-02-28,2023-03-01,2023-03-02,17400.0,0.0005489152457616715,0.018175491169753935,-0.887665387129799,BEAR,50,17400.0,17200.0,63.199999999999996,21.8,-2069.9999999999995,80.0,98.96395866,-2248.9639586599997,0.0,3160.0,2023-02-27/2023-03-05,2023
LOW_DISLOCATION,CONTINUE,10:30:00,2023-03-01,2023-03-02,2023-03-02,17350.0,0.0004896003133442006,0.015706059504211063,-0.9067669243354657,BULL,50,17350.0,17550.0,51.15,46.55,-230.00000000000006,80.0,99.31258127,-409.31258127000007,0.0,2557.5,2023-02-27/2023-03-05,2023
LOW_DISLOCATION,CONTINUE,15:10:00,2023-03-01,2023-03-02,2023-03-02,17350.0,0.0004896003133442006,0.015706059504211063,-0.9067669243354657,BULL,50,17350.0,17550.0,51.15,0.04999999999999999,-2555.0,80.0,95.87041661,-2730.87041661,0.0,2557.5,2023-02-27/2023-03-05,2023
LOW_DISLOCATION,FADE,10:30:00,2023-03-01,2023-03-02,2023-03-02,17350.0,0.0004896003133442006,0.015706059504211063,-0.9067669243354657,BEAR,50,17350.0,17150.0,29.95,21.0,-447.49999999999994,80.0,96.81586755499998,-624.315867555,0.0,1497.5,2023-02-27/2023-03-05,2023
LOW_DISLOCATION,FADE,15:10:00,2023-03-01,2023-03-02,2023-03-02,17350.0,0.0004896003133442006,0.015706059504211063,-0.9067669243354657,BEAR,50,17350.0,17150.0,29.95,27.15,-140.00000000000003,80.0,97.15788336,-317.15788336,0.0,1497.5,2023-02-27/2023-03-05,2023
HIGH_DISLOCATION,CONTINUE,10:30:00,2023-03-02,2023-03-03,2023-03-09,17350.0,-0.0032782841638511924,0.143961585924202,1.5297645964344588,BEAR,50,17350.0,17150.0,24.5,19.0,-275.0,80.0,98.16137246,-453.16137246,0.0,1225.0,2023-02-27/2023-03-05,2023
HIGH_DISLOCATION,CONTINUE,15:10:00,2023-03-02,2023-03-03,2023-03-09,17350.0,-0.0032782841638511924,0.143961585924202,1.5297645964344588,BEAR,50,17350.0,17150.0,24.5,10.799999999999999,-685.0,80.0,97.41874507,-862.41874507,0.0,1225.0,2023-02-27/2023-03-05,2023
HIGH_DISLOCATION,FADE,10:30:00,2023-03-02,2023-03-03,2023-03-09,17350.0,-0.0032782841638511924,0.143961585924202,1.5297645964344588,BULL,50,17350.0,17550.0,123.94999999999999,136.05,605.0000000000011,80.0,119.93027310000002,405.0697269000011,0.0,6197.499999999999,2023-02-27/2023-03-05,2023
HIGH_DISLOCATION,FADE,15:10:00,2023-03-02,2023-03-03,2023-03-09,17350.0,-0.0032782841638511924,0.143961585924202,1.5297645964344588,BULL,50,17350.0,17550.0,123.94999999999999,159.25,1765.0000000000005,80.0,124.47592629,1560.5240737100005,0.0,6197.499999999999,2023-02-27/2023-03-05,2023
HIGH_DISLOCATION,CONTINUE,10:30:00,2023-03-06,2023-03-08,2023-03-09,17750.0,0.003751894324941674,0.1825116764067649,2.1689166731045066,BULL,50,17750.0,17950.0,11.5,29.449999999999996,897.4999999999998,80.0,97.19862769499998,720.3013723049997,0.0,575.0,2023-03-06/2023-03-12,2023
HIGH_DISLOCATION,CONTINUE,15:10:00,2023-03-06,2023-03-08,2023-03-09,17750.0,0.003751894324941674,0.1825116764067649,2.1689166731045066,BULL,50,17750.0,17950.0,11.5,40.5,1450.0,80.0,97.90114734,1272.09885266,0.0,575.0,2023-03-06/2023-03-12,2023
HIGH_DISLOCATION,FADE,10:30:00,2023-03-06,2023-03-08,2023-03-09,17750.0,0.003751894324941674,0.1825116764067649,2.1689166731045066,BEAR,50,17750.0,17550.0,110.9,72.05,-1942.5000000000005,80.0,106.70142316500001,-2129.2014231650005,0.0,5545.0,2023-03-06/2023-03-12,2023
HIGH_DISLOCATION,FADE,15:10:00,2023-03-06,2023-03-08,2023-03-09,17750.0,0.003751894324941674,0.1825116764067649,2.1689166731045066,BEAR,50,17750.0,17550.0,110.9,38.2,-3635.0,80.0,103.12216852,-3818.12216852,0.0,5545.0,2023-03-06/2023-03-12,2023
HIGH_DISLOCATION,CONTINUE,10:30:00,2023-03-10,2023-03-13,2023-03-16,17350.0,-0.0032719250494226025,0.13595033676877344,1.2552710945008239,BEAR,50,17350.0,17150.0,21.35,39.3,897.4999999999998,80.0,100.145250475,717.3547495249998,0.0,1067.5,2023-03-13/2023-03-19,2023
HIGH_DISLOCATION,CONTINUE,15:10:00,2023-03-10,2023-03-13,2023-03-16,17350.0,-0.0032719250494226025,0.13595033676877344,1.2552710945008239,BEAR,50,17350.0,17150.0,21.35,126.64999999999999,5264.999999999999,80.0,115.56744334999999,5069.432556649999,0.0,1067.5,2023-03-13/2023-03-19,2023
HIGH_DISLOCATION,FADE,10:30:00,2023-03-10,2023-03-13,2023-03-16,17350.0,-0.0032719250494226025,0.13595033676877344,1.2552710945008239,BULL,50,17350.0,17550.0,134.3,97.74999999999999,-1827.5000000000014,80.0,115.801563985,-2023.3015639850014,0.0,6715.000000000001,2023-03-13/2023-03-19,2023
HIGH_DISLOCATION,FADE,15:10:00,2023-03-10,2023-03-13,2023-03-16,17350.0,-0.0032719250494226025,0.13595033676877344,1.2552710945008239,BULL,50,17350.0,17550.0,134.3,25.900000000000002,-5420.0,80.0,108.04744034,-5608.04744034,0.0,6715.000000000001,2023-03-13/2023-03-19,2023
HIGH_DISLOCATION,CONTINUE,10:30:00,2023-03-13,2023-03-14,2023-03-16,17550.0,0.004145556365222082,0.15634295929561676,1.5872611275457351,BULL,50,17550.0,17750.0,8.600000000000001,3.0,-280.00000000000006,80.0,95.66314867000001,-455.66314867000006,0.0,430.00000000000006,2023-03-13/2023-03-19,2023
HIGH_DISLOCATION,CONTINUE,15:10:00,2023-03-13,2023-03-14,2023-03-16,17550.0,0.004145556365222082,0.15634295929561676,1.5872611275457351,BULL,50,17550.0,17750.0,8.600000000000001,2.2,-320.00000000000006,80.0,95.55544294,-495.55544294000003,0.0,430.00000000000006,2023-03-13/2023-03-19,2023
HIGH_DISLOCATION,FADE,10:30:00,2023-03-13,2023-03-14,2023-03-16,17550.0,0.004145556365222082,0.15634295929561676,1.5872611275457351,BEAR,50,17550.0,17350.0,159.75,188.14999999999998,1419.9999999999989,80.0,153.02190655,1186.9780934499988,0.0,7987.5,2023-03-13/2023-03-19,2023
HIGH_DISLOCATION,FADE,15:10:00,2023-03-13,2023-03-14,2023-03-16,17550.0,0.004145556365222082,0.15634295929561676,1.5872611275457351,BEAR,50,17550.0,17350.0,159.75,189.39999999999998,1482.4999999999989,80.0,156.20566314500002,1246.2943368549988,0.0,7987.5,2023-03-13/2023-03-19,2023
LOW_DISLOCATION,CONTINUE,10:30:00,2023-03-14,2023-03-15,2023-03-16,17200.0,0.0003347460587290129,0.008613913774787183,-1.1483700732405167,BULL,50,17200.0,17400.0,50.3,44.449999999999996,-292.50000000000006,80.0,100.59988321499999,-473.09988321500003,0.0,2515.0,2023-03-13/2023-03-19,2023
LOW_DISLOCATION,CONTINUE,15:10:00,2023-03-14,2023-03-15,2023-03-16,17200.0,0.0003347460587290129,0.008613913774787183,-1.1483700732405167,BULL,50,17200.0,17400.0,50.3,6.299999999999999,-2200.0,80.0,97.41830192999998,-2377.41830193,0.0,2515.0,2023-03-13/2023-03-19,2023
LOW_DISLOCATION,FADE,10:30:00,2023-03-14,2023-03-15,2023-03-16,17200.0,0.0003347460587290129,0.008613913774787183,-1.1483700732405167,BEAR,50,17200.0,17000.0,66.7,70.75,202.49999999999986,80.0,104.971736845,17.528263154999863,0.0,3335.0,2023-03-13/2023-03-19,2023
LOW_DISLOCATION,FADE,15:10:00,2023-03-14,2023-03-15,2023-03-16,17200.0,0.0003347460587290129,0.008613913774787183,-1.1483700732405167,BEAR,50,17200.0,17000.0,66.7,155.75,4452.5,80.0,115.933274895,4256.566725105,0.0,3335.0,2023-03-13/2023-03-19,2023
LOW_DISLOCATION,CONTINUE,10:30:00,2023-03-15,2023-03-16,2023-03-16,17150.0,0.0005616767652073441,0.015056190309390581,-1.002186349001964,BULL,50,17150.0,17350.0,3.0000000000000004,2.4,-30.00000000000003,80.0,94.89204603000002,-204.89204603000005,0.0,150.00000000000003,2023-03-13/2023-03-19,2023
LOW_DISLOCATION,CONTINUE,15:10:00,2023-03-15,2023-03-16,2023-03-16,17150.0,0.0005616767652073441,0.015056190309390581,-1.002186349001964,BULL,50,17150.0,17350.0,3.0000000000000004,0.1,-145.00000000000003,80.0,94.63642122000002,-319.63642122000005,0.0,150.00000000000003,2023-03-13/2023-03-19,2023
LOW_DISLOCATION,FADE,10:30:00,2023-03-15,2023-03-16,2023-03-16,17150.0,0.0005616767652073441,0.015056190309390581,-1.002186349001964,BEAR,50,17150.0,16950.0,168.65,159.39999999999998,-462.5000000000014,80.0,122.161632405,-664.6616324050013,0.0,8432.5,2023-03-13/2023-03-19,2023
LOW_DISLOCATION,FADE,15:10:00,2023-03-15,2023-03-16,2023-03-16,17150.0,0.0005616767652073441,0.015056190309390581,-1.002186349001964,BEAR,50,17150.0,16950.0,168.65,173.04999999999998,219.99999999999886,80.0,117.94489980999998,22.055100189998882,0.0,8432.5,2023-03-13/2023-03-19,2023
HIGH_DISLOCATION,CONTINUE,10:30:00,2023-03-16,2023-03-17,2023-03-23,16900.0,-0.004845428763077196,0.1370198905604754,1.2537109501756492,BEAR,50,16900.0,16700.0,29.549999999999997,34.449999999999996,244.99999999999994,80.0,102.52676041000001,62.473239589999935,0.0,1477.4999999999998,2023-03-13/2023-03-19,2023
HIGH_DISLOCATION,CONTINUE,15:10:00,2023-03-16,2023-03-17,2023-03-23,16900.0,-0.004845428763077196,0.1370198905604754,1.2537109501756492,BEAR,50,16900.0,16700.0,29.549999999999997,23.299999999999997,-312.5,80.0,100.52511583500001,-493.025115835,0.0,1477.4999999999998,2023-03-13/2023-03-19,2023
HIGH_DISLOCATION,FADE,10:30:00,2023-03-16,2023-03-17,2023-03-23,16900.0,-0.004845428763077196,0.1370198905604754,1.2537109501756492,BULL,50,16900.0,17100.0,135.64999999999998,130.14999999999998,-275.0,80.0,132.44258638,-487.44258637999997,0.0,6782.499999999999,2023-03-13/2023-03-19,2023
HIGH_DISLOCATION,FADE,15:10:00,2023-03-16,2023-03-17,2023-03-23,16900.0,-0.004845428763077196,0.1370198905604754,1.2537109501756492,BULL,50,16900.0,17100.0,135.64999999999998,144.29999999999998,432.5000000000003,80.0,134.080099975,218.4199000250003,0.0,6782.499999999999,2023-03-13/2023-03-19,2023
LOW_DISLOCATION,CONTINUE,10:30:00,2023-03-17,2023-03-20,2023-03-23,17100.0,-0.0007622886182423127,0.026158035055982826,-0.7962525529130913,BEAR,50,17100.0,16900.0,104.25,119.94999999999999,784.9999999999994,80.0,125.06029505000001,579.9397049499994,0.0,5212.5,2023-03-20/2023-03-26,2023
LOW_DISLOCATION,CONTINUE,15:10:00,2023-03-17,2023-03-20,2023-03-23,17100.0,-0.0007622886182423127,0.026158035055982826,-0.7962525529130913,BEAR,50,17100.0,16900.0,104.25,93.70000000000002,-527.4999999999991,80.0,118.644354905,-726.1443549049991,0.0,5212.5,2023-03-20/2023-03-26,2023
LOW_DISLOCATION,FADE,10:30:00,2023-03-17,2023-03-20,2023-03-23,17100.0,-0.0007622886182423127,0.026158035055982826,-0.7962525529130913,BULL,50,17100.0,17300.0,44.25,32.65,-580.0000000000001,80.0,100.56966596000001,-760.5696659600001,0.0,2212.5,2023-03-20/2023-03-26,2023
LOW_DISLOCATION,FADE,15:10:00,2023-03-17,2023-03-20,2023-03-23,17100.0,-0.0007622886182423127,0.026158035055982826,-0.7962525529130913,BULL,50,17100.0,17300.0,44.25,50.05,289.9999999999999,80.0,102.19536249000001,107.80463750999988,0.0,2212.5,2023-03-20/2023-03-26,2023
HIGH_DISLOCATION,CONTINUE,10:30:00,2023-03-20,2023-03-21,2023-03-23,16950.0,-0.005042859908823727,0.13175223532624422,1.142087025558808,BEAR,50,16950.0,16750.0,32.7,34.800000000000004,105.00000000000007,80.0,101.17145582,-76.17145581999993,0.0,1635.0000000000002,2023-03-20/2023-03-26,2023
HIGH_DISLOCATION,CONTINUE,15:10:00,2023-03-20,2023-03-21,2023-03-23,16950.0,-0.005042859908823727,0.13175223532624422,1.142087025558808,BEAR,50,16950.0,16750.0,32.7,19.450000000000003,-662.5,80.0,99.058665905,-841.558665905,0.0,1635.0000000000002,2023-03-20/2023-03-26,2023
HIGH_DISLOCATION,FADE,10:30:00,2023-03-20,2023-03-21,2023-03-23,16950.0,-0.005042859908823727,0.13175223532624422,1.142087025558808,BULL,50,16950.0,17150.0,119.94999999999999,116.75,-159.99999999999943,80.0,117.76059981,-357.76059980999946,0.0,5997.499999999999,2023-03-20/2023-03-26,2023
HIGH_DISLOCATION,FADE,15:10:00,2023-03-20,2023-03-21,2023-03-23,16950.0,-0.005042859908823727,0.13175223532624422,1.142087025558808,BULL,50,16950.0,17150.0,119.94999999999999,135.75,790.0000000000006,80.0,120.04788411999999,589.9521158800005,0.0,5997.499999999999,2023-03-20/2023-03-26,2023
LOW_DISLOCATION,CONTINUE,10:30:00,2023-03-21,2023-03-22,2023-03-23,17050.0,0.0005536595725982879,0.014823084629109074,-1.0128334374479355,BULL,50,17050.0,17250.0,114.75,106.50000000000001,-412.4999999999993,80.0,111.054712755,-603.5547127549993,0.0,5737.5,2023-03-20/2023-03-26,2023
LOW_DISLOCATION,CONTINUE,15:10:00,2023-03-21,2023-03-22,2023-03-23,17050.0,0.0005536595725982879,0.014823084629109074,-1.0128334374479355,BULL,50,17050.0,17250.0,114.75,108.4,-317.4999999999997,80.0,110.91488095499999,-508.4148809549997,0.0,5737.5,2023-03-20/2023-03-26,2023
LOW_DISLOCATION,FADE,10:30:00,2023-03-21,2023-03-22,2023-03-23,17050.0,0.0005536595725982879,0.014823084629109074,-1.0128334374479355,BEAR,50,17050.0,16850.0,24.800000000000004,29.299999999999997,224.99999999999966,80.0,98.82681043000001,46.17318956999965,0.0,1240.0000000000002,2023-03-20/2023-03-26,2023
LOW_DISLOCATION,FADE,15:10:00,2023-03-21,2023-03-22,2023-03-23,17050.0,0.0005536595725982879,0.014823084629109074,-1.0128334374479355,BEAR,50,17050.0,16850.0,24.800000000000004,25.749999999999996,47.49999999999961,80.0,98.394471515,-130.8944715150004,0.0,1240.0000000000002,2023-03-20/2023-03-26,2023
LOW_DISLOCATION,CONTINUE,10:30:00,2023-03-22,2023-03-23,2023-03-23,17150.0,-0.00043073967898260774,0.01173811065605909,-1.0526144629158276,BEAR,50,17150.0,16950.0,97.15,25.65,-3575.0,80.0,100.03268195,-3755.03268195,0.0,4857.5,2023-03-20/2023-03-26,2023
LOW_DISLOCATION,CONTINUE,15:10:00,2023-03-22,2023-03-23,2023-03-23,17150.0,-0.00043073967898260774,0.01173811065605909,-1.0526144629158276,BEAR,50,17150.0,16950.0,97.15,78.85000000000001,-914.9999999999999,80.0,103.47930083000001,-1098.4793008299998,0.0,4857.5,2023-03-20/2023-03-26,2023
LOW_DISLOCATION,FADE,10:30:00,2023-03-22,2023-03-23,2023-03-23,17150.0,-0.00043073967898260774,0.01173811065605909,-1.0526144629158276,BULL,50,17150.0,17350.0,11.65,50.599999999999994,1947.4999999999998,80.0,98.507276935,1768.9927230649998,0.0,582.5,2023-03-20/2023-03-26,2023
LOW_DISLOCATION,FADE,15:10:00,2023-03-22,2023-03-23,2023-03-23,17150.0,-0.00043073967898260774,0.01173811065605909,-1.0526144629158276,BULL,50,17150.0,17350.0,11.65,0.09999999999999999,-577.5,80.0,94.782205475,-752.282205475,0.0,582.5,2023-03-20/2023-03-26,2023
HIGH_DISLOCATION,CONTINUE,10:30:00,2023-03-24,2023-03-27,2023-03-29,17000.0,-0.004209399334218744,0.1489800420988849,1.4964061592760987,BEAR,50,17000.0,16800.0,56.64999999999999,50.650000000000006,-299.9999999999993,80.0,104.34923924,-484.3492392399993,0.0,2832.4999999999995,2023-03-27/2023-04-02,2023
HIGH_DISLOCATION,CONTINUE,15:10:00,2023-03-24,2023-03-27,2023-03-29,17000.0,-0.004209399334218744,0.1489800420988849,1.4964061592760987,BEAR,50,17000.0,16800.0,56.64999999999999,52.349999999999994,-214.99999999999986,80.0,104.18596676,-399.18596675999987,0.0,2832.4999999999995,2023-03-27/2023-04-02,2023
HIGH_DISLOCATION,FADE,10:30:00,2023-03-24,2023-03-27,2023-03-29,17000.0,-0.004209399334218744,0.1489800420988849,1.4964061592760987,BULL,50,17000.0,17200.0,79.10000000000001,87.75,432.49999999999955,80.0,108.34130351499999,244.15869648499955,0.0,3955.0000000000005,2023-03-27/2023-04-02,2023
HIGH_DISLOCATION,FADE,15:10:00,2023-03-24,2023-03-27,2023-03-29,17000.0,-0.004209399334218744,0.1489800420988849,1.4964061592760987,BULL,50,17000.0,17200.0,79.10000000000001,75.0,-205.00000000000043,80.0,106.00340806,-391.0034080600004,0.0,3955.0000000000005,2023-03-27/2023-04-02,2023
LOW_DISLOCATION,CONTINUE,10:30:00,2023-03-27,2023-03-28,2023-03-29,17000.0,-0.0005827162819170456,0.016135593650398232,-0.992720027589817,BEAR,50,17000.0,16800.0,38.050000000000004,62.8,1237.4999999999995,80.0,102.50849838500001,1054.9915016149996,0.0,1902.5000000000002,2023-03-27/2023-04-02,2023
LOW_DISLOCATION,CONTINUE,15:10:00,2023-03-27,2023-03-28,2023-03-29,17000.0,-0.0005827162819170456,0.016135593650398232,-0.992720027589817,BEAR,50,17000.0,16800.0,38.050000000000004,64.15,1305.0,80.0,101.85105689,1123.14894311,0.0,1902.5000000000002,2023-03-27/2023-04-02,2023
LOW_DISLOCATION,FADE,10:30:00,2023-03-27,2023-03-28,2023-03-29,17000.0,-0.0005827162819170456,0.016135593650398232,-0.992720027589817,BULL,50,17000.0,17200.0,84.25,55.050000000000004,-1459.9999999999998,80.0,102.83851456000001,-1642.8385145599998,0.0,4212.5,2023-03-27/2023-04-02,2023
LOW_DISLOCATION,FADE,15:10:00,2023-03-27,2023-03-28,2023-03-29,17000.0,-0.0005827162819170456,0.016135593650398232,-0.992720027589817,BULL,50,17000.0,17200.0,84.25,37.6,-2332.5,80.0,100.97689819500002,-2513.476898195,0.0,4212.5,2023-03-27/2023-04-02,2023
LOW_DISLOCATION,CONTINUE,10:30:00,2023-03-29,2023-03-31,2023-04-06,17000.0,0.0007505629221916438,0.028805149656980094,-0.7718327715021093,BULL,50,17000.0,17200.0,157.64999999999998,151.7,-297.49999999999943,80.0,136.19861041500002,-513.6986104149994,0.0,7882.499999999999,2023-03-27/2023-04-02,2023
LOW_DISLOCATION,CONTINUE,15:10:00,2023-03-29,2023-03-31,2023-04-06,17000.0,0.0007505629221916438,0.028805149656980094,-0.7718327715021093,BULL,50,17000.0,17200.0,157.64999999999998,171.3,682.5000000000017,80.0,144.463405335,458.0365946650017,0.0,7882.499999999999,2023-03-27/2023-04-02,2023
LOW_DISLOCATION,FADE,10:30:00,2023-03-29,2023-03-31,2023-04-06,17000.0,0.0007505629221916438,0.028805149656980094,-0.7718327715021093,BEAR,50,17000.0,16800.0,17.049999999999997,18.049999999999997,50.0,80.0,98.38406484000001,-128.38406484,0.0,852.4999999999999,2023-03-27/2023-04-02,2023
LOW_DISLOCATION,FADE,15:10:00,2023-03-29,2023-03-31,2023-04-06,17000.0,0.0007505629221916438,0.028805149656980094,-0.7718327715021093,BEAR,50,17000.0,16800.0,17.049999999999997,10.149999999999999,-344.99999999999994,80.0,97.51393002,-522.51393002,0.0,852.4999999999999,2023-03-27/2023-04-02,2023
HIGH_DISLOCATION,CONTINUE,10:30:00,2023-03-31,2023-04-03,2023-04-06,17300.0,0.0032268558051455,0.1421881079222611,1.3219691835073963,BULL,50,17300.0,17500.0,87.35000000000001,94.2,342.4999999999997,80.0,108.627638085,153.87236191499971,0.0,4367.5,2023-04-03/2023-04-09,2023
HIGH_DISLOCATION,CONTINUE,15:10:00,2023-03-31,2023-04-03,2023-04-06,17300.0,0.0032268558051455,0.1421881079222611,1.3219691835073963,BULL,50,17300.0,17500.0,87.35000000000001,106.69999999999999,967.499999999999,80.0,109.353701055,778.146298944999,0.0,4367.5,2023-04-03/2023-04-09,2023
HIGH_DISLOCATION,FADE,10:30:00,2023-03-31,2023-04-03,2023-04-06,17300.0,0.0032268558051455,0.1421881079222611,1.3219691835073963,BEAR,50,17300.0,17100.0,48.5,41.9,-330.00000000000006,80.0,102.22464706,-512.22464706,0.0,2425.0,2023-04-03/2023-04-09,2023
HIGH_DISLOCATION,FADE,15:10:00,2023-03-31,2023-04-03,2023-04-06,17300.0,0.0032268558051455,0.1421881079222611,1.3219691835073963,BEAR,50,17300.0,17100.0,48.5,26.499999999999996,-1100.0000000000002,80.0,100.2338079,-1280.2338079000003,0.0,2425.0,2023-04-03/2023-04-09,2023
HIGH_DISLOCATION,CONTINUE,10:30:00,2023-04-03,2023-04-05,2023-04-06,17350.0,-0.004745223934978424,0.1746661091190409,1.8653798234610086,BEAR,50,17350.0,17150.0,20.9,13.849999999999998,-352.50000000000006,80.0,96.782932165,-529.282932165,0.0,1045.0,2023-04-03/2023-04-09,2023
HIGH_DISLOCATION,CONTINUE,15:10:00,2023-04-03,2023-04-05,2023-04-06,17350.0,-0.004745223934978424,0.1746661091190409,1.8653798234610086,BEAR,50,17350.0,17150.0,20.9,3.5500000000000003,-867.4999999999999,80.0,95.896426375,-1043.396426375,0.0,1045.0,2023-04-03/2023-04-09,2023
HIGH_DISLOCATION,FADE,10:30:00,2023-04-03,2023-04-05,2023-04-06,17350.0,-0.004745223934978424,0.1746661091190409,1.8653798234610086,BULL,50,17350.0,17550.0,108.94999999999999,128.75,990.0000000000006,80.0,111.37008316,798.6299168400005,0.0,5447.499999999999,2023-04-03/2023-04-09,2023
HIGH_DISLOCATION,FADE,15:10:00,2023-04-03,2023-04-05,2023-04-06,17350.0,-0.004745223934978424,0.1746661091190409,1.8653798234610086,BULL,50,17350.0,17550.0,108.94999999999999,159.75,2540.0000000000005,80.0,114.28299970999998,2345.7170002900007,0.0,5447.499999999999,2023-04-03/2023-04-09,2023
LOW_DISLOCATION,CONTINUE,10:30:00,2023-04-06,2023-04-10,2023-04-13,17550.0,-0.00015682472698240712,0.007290015293089086,-1.2128772602061377,BEAR,50,17550.0,17350.0,38.8,37.650000000000006,-57.499999999999574,80.0,100.179376165,-237.67937616499955,0.0,1939.9999999999998,2023-04-10/2023-04-16,2023
LOW_DISLOCATION,CONTINUE,15:10:00,2023-04-06,2023-04-10,2023-04-13,17550.0,-0.00015682472698240712,0.007290015293089086,-1.2128772602061377,BEAR,50,17550.0,17350.0,38.8,29.900000000000002,-444.9999999999998,80.0,99.19901093,-624.1990109299998,0.0,1939.9999999999998,2023-04-10/2023-04-16,2023
LOW_DISLOCATION,FADE,10:30:00,2023-04-06,2023-04-10,2023-04-13,17550.0,-0.00015682472698240712,0.007290015293089086,-1.2128772602061377,BULL,50,17550.0,17750.0,90.80000000000001,94.19999999999999,169.99999999999886,80.0,108.23955320000002,-18.239553200001154,0.0,4540.000000000001,2023-04-10/2023-04-16,2023
LOW_DISLOCATION,FADE,15:10:00,2023-04-06,2023-04-10,2023-04-13,17550.0,-0.00015682472698240712,0.007290015293089086,-1.2128772602061377,BULL,50,17550.0,17750.0,90.80000000000001,95.85,252.49999999999915,80.0,107.984438655,64.51556134499914,0.0,4540.000000000001,2023-04-10/2023-04-16,2023
LOW_DISLOCATION,CONTINUE,10:30:00,2023-04-10,2023-04-11,2023-04-13,17600.0,-2.8352144981116002e-06,0.00012031150035753768,-1.3126130557271392,BEAR,50,17600.0,17400.0,18.65,16.5,-107.49999999999993,80.0,96.892461825,-284.39246182499994,0.0,932.4999999999999,2023-04-10/2023-04-16,2023
LOW_DISLOCATION,CONTINUE,15:10:00,2023-04-10,2023-04-11,2023-04-13,17600.0,-2.8352144981116002e-06,0.00012031150035753768,-1.3126130557271392,BEAR,50,17600.0,17400.0,18.65,11.149999999999999,-375.0,80.0,96.32816718000001,-551.32816718,0.0,932.4999999999999,2023-04-10/2023-04-16,2023
LOW_DISLOCATION,FADE,10:30:00,2023-04-10,2023-04-11,2023-04-13,17600.0,-2.8352144981116002e-06,0.00012031150035753768,-1.3126130557271392,BULL,50,17600.0,17800.0,109.45,118.10000000000001,432.5000000000003,80.0,110.32121093500001,242.17878906500027,0.0,5472.5,2023-04-10/2023-04-16,2023
LOW_DISLOCATION,FADE,15:10:00,2023-04-10,2023-04-11,2023-04-13,17600.0,-2.8352144981116002e-06,0.00012031150035753768,-1.3126130557271392,BULL,50,17600.0,17800.0,109.45,120.85,569.9999999999995,80.0,109.96263663,380.0373633699995,0.0,5472.5,2023-04-10/2023-04-16,2023
LOW_DISLOCATION,CONTINUE,10:30:00,2023-04-13,2023-04-17,2023-04-20,17800.0,-3.649727253062639e-05,0.0018268643174178005,-1.2276666493753436,BEAR,50,17800.0,17600.0,110.4,110.10000000000001,-14.999999999999858,80.0,116.20424031,-211.20424030999988,0.0,5520.0,2023-04-17/2023-04-23,2023
LOW_DISLOCATION,CONTINUE,15:10:00,2023-04-13,2023-04-17,2023-04-20,17800.0,-3.649727253062639e-05,0.0018268643174178005,-1.2276666493753436,BEAR,50,17800.0,17600.0,110.4,84.3,-1305.0000000000005,80.0,111.49793604999999,-1496.4979360500004,0.0,5520.0,2023-04-17/2023-04-23,2023
LOW_DISLOCATION,FADE,10:30:00,2023-04-13,2023-04-17,2023-04-20,17800.0,-3.649727253062639e-05,0.0018268643174178005,-1.2276666493753436,BULL,50,17800.0,18000.0,27.0,27.15,7.499999999999929,80.0,98.333242485,-170.83324248500008,0.0,1350.0,2023-04-17/2023-04-23,2023
LOW_DISLOCATION,FADE,15:10:00,2023-04-13,2023-04-17,2023-04-20,17800.0,-3.649727253062639e-05,0.0018268643174178005,-1.2276666493753436,BULL,50,17800.0,18000.0,27.0,31.549999999999997,227.49999999999986,80.0,98.48177151499999,49.01822848499987,0.0,1350.0,2023-04-17/2023-04-23,2023
HIGH_DISLOCATION,CONTINUE,10:30:00,2023-04-17,2023-04-18,2023-04-20,17650.0,-0.005781960059088151,0.21619687735840235,2.660743894646709,BEAR,50,17650.0,17450.0,25.4,46.6,1060.0000000000002,80.0,99.75232447,880.2476755300003,0.0,1270.0,2023-04-17/2023-04-23,2023
HIGH_DISLOCATION,CONTINUE,15:10:00,2023-04-17,2023-04-18,2023-04-20,17650.0,-0.005781960059088151,0.21619687735840235,2.660743894646709,BEAR,50,17650.0,17450.0,25.4,35.5,505.00000000000006,80.0,98.53502479,326.46497521000003,0.0,1270.0,2023-04-17/2023-04-23,2023
HIGH_DISLOCATION,FADE,10:30:00,2023-04-17,2023-04-18,2023-04-20,17650.0,-0.005781960059088151,0.21619687735840235,2.660743894646709,BULL,50,17650.0,17850.0,99.69999999999999,65.2,-1724.9999999999993,80.0,104.58300057000001,-1909.5830005699993,0.0,4984.999999999999,2023-04-17/2023-04-23,2023
HIGH_DISLOCATION,FADE,15:10:00,2023-04-17,2023-04-18,2023-04-20,17650.0,-0.005781960059088151,0.21619687735840235,2.660743894646709,BULL,50,17650.0,17850.0,99.69999999999999,64.55,-1757.4999999999995,80.0,104.14662393500001,-1941.6466239349995,0.0,4984.999999999999,2023-04-17/2023-04-23,2023
LOW_DISLOCATION,CONTINUE,10:30:00,2023-04-18,2023-04-19,2023-04-20,17750.0,-0.0004113429219434134,0.018140855794021696,-0.8884414094877204,BEAR,50,17750.0,17550.0,104.85,98.05000000000001,-339.99999999999915,80.0,107.23928065999999,-527.2392806599992,0.0,5242.5,2023-04-17/2023-04-23,2023
LOW_DISLOCATION,CONTINUE,15:10:00,2023-04-18,2023-04-19,2023-04-20,17750.0,-0.0004113429219434134,0.018140855794021696,-0.8884414094877204,BEAR,50,17750.0,17550.0,104.85,113.70000000000002,442.50000000000114,80.0,108.13700836500001,254.36299163500112,0.0,5242.5,2023-04-17/2023-04-23,2023
LOW_DISLOCATION,FADE,10:30:00,2023-04-18,2023-04-19,2023-04-20,17750.0,-0.0004113429219434134,0.018140855794021696,-0.8884414094877204,BULL,50,17750.0,17950.0,12.1,12.5,20.000000000000018,80.0,95.92948809,-155.92948809,0.0,605.0,2023-04-17/2023-04-23,2023
LOW_DISLOCATION,FADE,15:10:00,2023-04-18,2023-04-19,2023-04-20,17750.0,-0.0004113429219434134,0.018140855794021696,-0.8884414094877204,BULL,50,17750.0,17950.0,12.1,5.1,-350.0,80.0,95.38751983,-525.38751983,0.0,605.0,2023-04-17/2023-04-23,2023
HIGH_DISLOCATION,CONTINUE,10:30:00,2023-04-24,2023-04-25,2023-04-27,17650.0,-0.0029222099247848575,0.13523706090376872,1.1316643483218172,BEAR,50,17650.0,17450.0,22.25,13.55,-434.99999999999994,80.0,96.77777719,-611.77777719,0.0,1112.5,2023-04-24/2023-04-30,2023
HIGH_DISLOCATION,CONTINUE,15:10:00,2023-04-24,2023-04-25,2023-04-27,17650.0,-0.0029222099247848575,0.13523706090376872,1.1316643483218172,BEAR,50,17650.0,17450.0,22.25,9.25,-650.0,80.0,96.39928966,-826.39928966,0.0,1112.5,2023-04-24/2023-04-30,2023
HIGH_DISLOCATION,FADE,10:30:00,2023-04-24,2023-04-25,2023-04-27,17650.0,-0.0029222099247848575,0.13523706090376872,1.1316643483218172,BULL,50,17650.0,17850.0,98.75,119.89999999999999,1057.4999999999995,80.0,109.24397794500001,868.2560220549996,0.0,4937.5,2023-04-24/2023-04-30,2023
HIGH_DISLOCATION,FADE,15:10:00,2023-04-24,2023-04-25,2023-04-27,17650.0,-0.0029222099247848575,0.13523706090376872,1.1316643483218172,BULL,50,17650.0,17850.0,98.75,125.35,1329.9999999999998,80.0,109.15537612,1140.8446238799997,0.0,4937.5,2023-04-24/2023-04-30,2023
LOW_DISLOCATION,CONTINUE,10:30:00,2023-04-27,2023-04-28,2023-05-04,17850.0,0.00015986537652494992,0.008498193517141518,-1.0985404377801784,BULL,50,17850.0,18050.0,100.1,97.15,-147.49999999999943,80.0,110.802128815,-338.30212881499943,0.0,5005.0,2023-04-24/2023-04-30,2023
LOW_DISLOCATION,CONTINUE,15:10:00,2023-04-27,2023-04-28,2023-05-04,17850.0,0.00015986537652494992,0.008498193517141518,-1.0985404377801784,BULL,50,17850.0,18050.0,100.1,155.45,2767.4999999999995,80.0,118.77376618499999,2568.7262338149994,0.0,5005.0,2023-04-24/2023-04-30,2023
LOW_DISLOCATION,FADE,10:30:00,2023-04-27,2023-04-28,2023-05-04,17850.0,0.00015986537652494992,0.008498193517141518,-1.0985404377801784,BEAR,50,17850.0,17650.0,35.199999999999996,37.2,100.00000000000036,80.0,100.27667818,-80.27667817999965,0.0,1759.9999999999998,2023-04-24/2023-04-30,2023
LOW_DISLOCATION,FADE,15:10:00,2023-04-27,2023-04-28,2023-05-04,17850.0,0.00015986537652494992,0.008498193517141518,-1.0985404377801784,BEAR,50,17850.0,17650.0,35.199999999999996,9.399999999999999,-1289.9999999999998,80.0,97.65050678,-1467.65050678,0.0,1759.9999999999998,2023-04-24/2023-04-30,2023
HIGH_DISLOCATION,CONTINUE,10:30:00,2023-04-28,2023-05-02,2023-05-04,17900.0,-0.003283070882586399,0.177906591945079,1.8194910428361166,BEAR,50,17900.0,17700.0,4.9,4.95,2.499999999999991,80.0,95.611930535,-173.111930535,0.0,245.00000000000003,2023-05-01/2023-05-07,2023
HIGH_DISLOCATION,CONTINUE,15:10:00,2023-04-28,2023-05-02,2023-05-04,17900.0,-0.003283070882586399,0.177906591945079,1.8194910428361166,BEAR,50,17900.0,17700.0,4.9,2.5999999999999996,-115.00000000000003,80.0,95.32953103999999,-290.32953104,0.0,245.00000000000003,2023-05-01/2023-05-07,2023
HIGH_DISLOCATION,FADE,10:30:00,2023-04-28,2023-05-02,2023-05-04,17900.0,-0.003283070882586399,0.177906591945079,1.8194910428361166,BULL,50,17900.0,18100.0,174.10000000000002,170.4,-185.00000000000085,80.0,129.40483117,-394.4048311700009,0.0,8705.000000000002,2023-05-01/2023-05-07,2023
HIGH_DISLOCATION,FADE,15:10:00,2023-04-28,2023-05-02,2023-05-04,17900.0,-0.003283070882586399,0.177906591945079,1.8194910428361166,BULL,50,17900.0,18100.0,174.10000000000002,175.89999999999998,89.99999999999773,80.0,130.43520647999998,-120.43520648000225,0.0,8705.000000000002,2023-05-01/2023-05-07,2023
HIGH_DISLOCATION,CONTINUE,10:30:00,2023-05-08,2023-05-09,2023-05-11,18200.0,0.002860523942061408,0.12967331996102918,1.021912218209898,BULL,50,18200.0,18400.0,102.19999999999999,123.04999999999998,1042.4999999999998,80.0,111.11900929500001,851.3809907049997,0.0,5109.999999999999,2023-05-08/2023-05-14,2023
HIGH_DISLOCATION,CONTINUE,15:10:00,2023-05-08,2023-05-09,2023-05-11,18200.0,0.002860523942061408,0.12967331996102918,1.021912218209898,BULL,50,18200.0,18400.0,102.19999999999999,91.9,-514.9999999999991,80.0,107.21947304,-702.2194730399991,0.0,5109.999999999999,2023-05-08/2023-05-14,2023
HIGH_DISLOCATION,FADE,10:30:00,2023-05-08,2023-05-09,2023-05-11,18200.0,0.002860523942061408,0.12967331996102918,1.021912218209898,BEAR,50,18200.0,18000.0,24.75,15.100000000000001,-482.49999999999994,80.0,97.29154557499999,-659.791545575,0.0,1237.5,2023-05-08/2023-05-14,2023
HIGH_DISLOCATION,FADE,15:10:00,2023-05-08,2023-05-09,2023-05-11,18200.0,0.002860523942061408,0.12967331996102918,1.021912218209898,BEAR,50,18200.0,18000.0,24.75,24.0,-37.5,80.0,97.939603885,-215.439603885,0.0,1237.5,2023-05-08/2023-05-14,2023
LOW_DISLOCATION,CONTINUE,10:30:00,2023-05-10,2023-05-11,2023-05-11,18300.0,-0.0005432972409235011,0.021483729572054997,-0.8646308376809276,BEAR,50,18300.0,18100.0,26.849999999999998,19.9,-347.49999999999994,80.0,96.743528135,-524.2435281349999,0.0,1342.5,2023-05-08/2023-05-14,2023
LOW_DISLOCATION,CONTINUE,15:10:00,2023-05-10,2023-05-11,2023-05-11,18300.0,-0.0005432972409235011,0.021483729572054997,-0.8646308376809276,BEAR,50,18300.0,18100.0,26.849999999999998,10.6,-812.5,80.0,95.91845370499999,-988.418453705,0.0,1342.5,2023-05-08/2023-05-14,2023
LOW_DISLOCATION,FADE,10:30:00,2023-05-10,2023-05-11,2023-05-11,18300.0,-0.0005432972409235011,0.021483729572054997,-0.8646308376809276,BULL,50,18300.0,18500.0,47.949999999999996,50.199999999999996,112.5,80.0,99.322996825,-66.822996825,0.0,2397.5,2023-05-08/2023-05-14,2023
LOW_DISLOCATION,FADE,15:10:00,2023-05-10,2023-05-11,2023-05-11,18300.0,-0.0005432972409235011,0.021483729572054997,-0.8646308376809276,BULL,50,18300.0,18500.0,47.949999999999996,2.9000000000000004,-2252.5,80.0,95.856784495,-2428.356784495,0.0,2397.5,2023-05-08/2023-05-14,2023
HIGH_DISLOCATION,CONTINUE,10:30:00,2023-05-11,2023-05-12,2023-05-18,18300.0,-0.004586806745080245,0.22005124631057632,2.6057981821878182,BEAR,50,18300.0,18100.0,84.49999999999999,71.55,-647.4999999999994,80.0,109.379120635,-836.8791206349995,0.0,4224.999999999999,2023-05-08/2023-05-14,2023
HIGH_DISLOCATION,CONTINUE,15:10:00,2023-05-11,2023-05-12,2023-05-18,18300.0,-0.004586806745080245,0.22005124631057632,2.6057981821878182,BEAR,50,18300.0,18100.0,84.49999999999999,53.400000000000006,-1554.999999999999,80.0,107.18448771000001,-1742.184487709999,0.0,4224.999999999999,2023-05-08/2023-05-14,2023
HIGH_DISLOCATION,FADE,10:30:00,2023-05-11,2023-05-12,2023-05-18,18300.0,-0.004586806745080245,0.22005124631057632,2.6057981821878182,BULL,50,18300.0,18500.0,51.6,58.800000000000004,360.0000000000001,80.0,102.84280493,177.1571950700001,0.0,2580.0,2023-05-08/2023-05-14,2023
HIGH_DISLOCATION,FADE,15:10:00,2023-05-11,2023-05-12,2023-05-18,18300.0,-0.004586806745080245,0.22005124631057632,2.6057981821878182,BULL,50,18300.0,18500.0,51.6,73.80000000000001,1110.0000000000005,80.0,104.34523408,925.6547659200005,0.0,2580.0,2023-05-08/2023-05-14,2023
LOW_DISLOCATION,CONTINUE,10:30:00,2023-05-18,2023-05-19,2023-05-25,18300.0,0.0001614593738113294,0.008492082651638318,-1.125427948668143,BULL,50,18300.0,18500.0,31.849999999999998,21.25,-529.9999999999999,80.0,97.99586842999999,-707.9958684299999,0.0,1592.5,2023-05-15/2023-05-21,2023
LOW_DISLOCATION,CONTINUE,15:10:00,2023-05-18,2023-05-19,2023-05-25,18300.0,0.0001614593738113294,0.008492082651638318,-1.125427948668143,BULL,50,18300.0,18500.0,31.849999999999998,41.75,495.0000000000001,80.0,99.6130819,315.3869181000001,0.0,1592.5,2023-05-15/2023-05-21,2023
LOW_DISLOCATION,FADE,10:30:00,2023-05-18,2023-05-19,2023-05-25,18300.0,0.0001614593738113294,0.008492082651638318,-1.125427948668143,BEAR,50,18300.0,18100.0,107.3,126.75,972.5000000000001,80.0,120.431523665,772.0684763350001,0.0,5365.0,2023-05-15/2023-05-21,2023
LOW_DISLOCATION,FADE,15:10:00,2023-05-18,2023-05-19,2023-05-25,18300.0,0.0001614593738113294,0.008492082651638318,-1.125427948668143,BEAR,50,18300.0,18100.0,107.3,82.2,-1254.9999999999998,80.0,112.21468888000001,-1447.2146888799998,0.0,5365.0,2023-05-15/2023-05-21,2023
LOW_DISLOCATION,CONTINUE,10:30:00,2023-05-24,2023-05-25,2023-05-25,18300.0,-0.00020210848309393825,0.008143508310665803,-1.1248703172014558,BEAR,50,18300.0,18100.0,58.85,60.1,62.5,80.0,100.418835295,-117.918835295,0.0,2942.5,2023-05-22/2023-05-28,2023
LOW_DISLOCATION,CONTINUE,15:10:00,2023-05-24,2023-05-25,2023-05-25,18300.0,-0.00020210848309393825,0.008143508310665803,-1.1248703172014558,BEAR,50,18300.0,18100.0,58.85,0.75,-2905.0,80.0,96.03529885,-3081.03529885,0.0,2942.5,2023-05-22/2023-05-28,2023
LOW_DISLOCATION,FADE,10:30:00,2023-05-24,2023-05-25,2023-05-25,18300.0,-0.00020210848309393825,0.008143508310665803,-1.1248703172014558,BULL,50,18300.0,18500.0,17.35,11.75,-280.00000000000006,80.0,95.86299848,-455.86299848000004,0.0,867.5000000000001,2023-05-22/2023-05-28,2023
LOW_DISLOCATION,FADE,15:10:00,2023-05-24,2023-05-25,2023-05-25,18300.0,-0.00020210848309393825,0.008143508310665803,-1.1248703172014558,BULL,50,18300.0,18500.0,17.35,20.099999999999998,137.49999999999983,80.0,96.346670015,-38.84667001500017,0.0,867.5000000000001,2023-05-22/2023-05-28,2023
LOW_DISLOCATION,CONTINUE,10:30:00,2023-05-25,2023-05-26,2023-06-01,18250.0,-0.00045168231129944896,0.02043801075787567,-0.8992372972406883,BEAR,50,18250.0,18050.0,31.950000000000003,27.099999999999998,-242.50000000000026,80.0,99.662065525,-422.16206552500023,0.0,1597.5000000000002,2023-05-22/2023-05-28,2023
LOW_DISLOCATION,CONTINUE,15:10:00,2023-05-25,2023-05-26,2023-06-01,18250.0,-0.00045168231129944896,0.02043801075787567,-0.8992372972406883,BEAR,50,18250.0,18050.0,31.950000000000003,13.15,-940.0000000000002,80.0,98.25249009000001,-1118.2524900900003,0.0,1597.5000000000002,2023-05-22/2023-05-28,2023
LOW_DISLOCATION,FADE,10:30:00,2023-05-25,2023-05-26,2023-06-01,18250.0,-0.00045168231129944896,0.02043801075787567,-0.8992372972406883,BULL,50,18250.0,18450.0,115.15,123.55,419.99999999999955,80.0,117.49812242000002,222.50187757999953,0.0,5757.5,2023-05-22/2023-05-28,2023
LOW_DISLOCATION,FADE,15:10:00,2023-05-25,2023-05-26,2023-06-01,18250.0,-0.00045168231129944896,0.02043801075787567,-0.8992372972406883,BULL,50,18250.0,18450.0,115.15,158.79999999999998,2182.499999999999,80.0,125.587033275,1976.912966724999,0.0,5757.5,2023-05-22/2023-05-28,2023
LOW_DISLOCATION,CONTINUE,10:30:00,2023-05-26,2023-05-29,2023-06-01,18350.0,-0.00034025549104311446,0.017433537482447248,-0.9558433420975612,BEAR,50,18350.0,18150.0,9.0,9.3,15.000000000000036,80.0,96.51266951000001,-161.51266950999997,0.0,450.0,2023-05-29/2023-06-04,2023
LOW_DISLOCATION,CONTINUE,15:10:00,2023-05-26,2023-05-29,2023-06-01,18350.0,-0.00034025549104311446,0.017433537482447248,-0.9558433420975612,BEAR,50,18350.0,18150.0,9.0,9.25,12.5,80.0,96.49054249500001,-163.990542495,0.0,450.0,2023-05-29/2023-06-04,2023
LOW_DISLOCATION,FADE,10:30:00,2023-05-26,2023-05-29,2023-06-01,18350.0,-0.00034025549104311446,0.017433537482447248,-0.9558433420975612,BULL,50,18350.0,18550.0,168.15,165.4,-137.5,80.0,133.557323465,-351.05732346499997,0.0,8407.5,2023-05-29/2023-06-04,2023
LOW_DISLOCATION,FADE,15:10:00,2023-05-26,2023-05-29,2023-06-01,18350.0,-0.00034025549104311446,0.017433537482447248,-0.9558433420975612,BULL,50,18350.0,18550.0,168.15,163.6,-227.50000000000057,80.0,132.08219110500002,-439.58219110500056,0.0,8407.5,2023-05-29/2023-06-04,2023
HIGH_DISLOCATION,CONTINUE,10:30:00,2023-06-01,2023-06-02,2023-06-08,18500.0,-0.0032857911733045896,0.15655726554028454,1.4257293885000695,BEAR,50,18500.0,18300.0,37.8,57.85,1002.5000000000002,80.0,103.36588641499999,819.1341135850003,0.0,1889.9999999999998,2023-05-29/2023-06-04,2023
HIGH_DISLOCATION,CONTINUE,15:10:00,2023-06-01,2023-06-02,2023-06-08,18500.0,-0.0032857911733045896,0.15655726554028454,1.4257293885000695,BEAR,50,18500.0,18300.0,37.8,33.0,-239.99999999999986,80.0,100.22796993,-420.22796992999986,0.0,1889.9999999999998,2023-05-29/2023-06-04,2023
HIGH_DISLOCATION,FADE,10:30:00,2023-06-01,2023-06-02,2023-06-08,18500.0,-0.0032857911733045896,0.15655726554028454,1.4257293885000695,BULL,50,18500.0,18700.0,101.9,78.75,-1157.5000000000002,80.0,109.266553065,-1346.7665530650002,0.0,5095.0,2023-05-29/2023-06-04,2023
HIGH_DISLOCATION,FADE,15:10:00,2023-06-01,2023-06-02,2023-06-08,18500.0,-0.0032857911733045896,0.15655726554028454,1.4257293885000695,BULL,50,18500.0,18700.0,101.9,103.4,75.0,80.0,111.55374361,-116.55374361,0.0,5095.0,2023-05-29/2023-06-04,2023
LOW_DISLOCATION,CONTINUE,10:30:00,2023-06-02,2023-06-05,2023-06-08,18550.0,-0.00032061990106589834,0.016937567643196923,-1.0164698467144373,BEAR,50,18550.0,18350.0,32.9,30.15,-137.5,80.0,99.01584002499997,-316.515840025,0.0,1645.0,2023-06-05/2023-06-11,2023
LOW_DISLOCATION,CONTINUE,15:10:00,2023-06-02,2023-06-05,2023-06-08,18550.0,-0.00032061990106589834,0.016937567643196923,-1.0164698467144373,BEAR,50,18550.0,18350.0,32.9,31.9,-50.0,80.0,99.10707805999999,-229.10707806,0.0,1645.0,2023-06-05/2023-06-11,2023
LOW_DISLOCATION,FADE,10:30:00,2023-06-02,2023-06-05,2023-06-08,18550.0,-0.00032061990106589834,0.016937567643196923,-1.0164698467144373,BULL,50,18550.0,18750.0,96.45,99.94999999999999,174.9999999999993,80.0,108.92518569,-13.925185690000717,0.0,4822.5,2023-06-05/2023-06-11,2023
LOW_DISLOCATION,FADE,15:10:00,2023-06-02,2023-06-05,2023-06-08,18550.0,-0.00032061990106589834,0.016937567643196923,-1.0164698467144373,BULL,50,18550.0,18750.0,96.45,91.55,-245.00000000000028,80.0,107.49914848,-432.49914848000026,0.0,4822.5,2023-06-05/2023-06-11,2023
LOW_DISLOCATION,CONTINUE,10:30:00,2023-06-05,2023-06-06,2023-06-08,18600.0,-0.00042159761327426574,0.01955009977892663,-0.9385711412380209,BEAR,50,18600.0,18400.0,45.5,57.74999999999999,612.4999999999997,80.0,101.856798135,430.64320186499964,0.0,2275.0,2023-06-05/2023-06-11,2023
LOW_DISLOCATION,CONTINUE,15:10:00,2023-06-05,2023-06-06,2023-06-08,18600.0,-0.00042159761327426574,0.01955009977892663,-0.9385711412380209,BEAR,50,18600.0,18400.0,45.5,42.4,-155.00000000000006,80.0,100.04145910000001,-335.04145910000005,0.0,2275.0,2023-06-05/2023-06-11,2023
LOW_DISLOCATION,FADE,10:30:00,2023-06-05,2023-06-06,2023-06-08,18600.0,-0.00042159761327426574,0.01955009977892663,-0.9385711412380209,BULL,50,18600.0,18800.0,61.25,46.0,-762.5,80.0,100.34404719499999,-942.844047195,0.0,3062.5,2023-06-05/2023-06-11,2023
LOW_DISLOCATION,FADE,15:10:00,2023-06-05,2023-06-06,2023-06-08,18600.0,-0.00042159761327426574,0.01955009977892663,-0.9385711412380209,BULL,50,18600.0,18800.0,61.25,51.699999999999996,-477.5000000000002,80.0,100.570577925,-658.0705779250002,0.0,3062.5,2023-06-05/2023-06-11,2023
LOW_DISLOCATION,CONTINUE,10:30:00,2023-06-06,2023-06-07,2023-06-08,18600.0,-0.00013436706394528574,0.006311562015904872,-1.136594878122396,BEAR,50,18600.0,18400.0,20.5,18.9,-80.00000000000007,80.0,96.8244651,-256.82446510000005,0.0,1025.0,2023-06-05/2023-06-11,2023
LOW_DISLOCATION,CONTINUE,15:10:00,2023-06-06,2023-06-07,2023-06-08,18600.0,-0.00013436706394528574,0.006311562015904872,-1.136594878122396,BEAR,50,18600.0,18400.0,20.5,7.15,-667.5,80.0,95.970188025,-843.470188025,0.0,1025.0,2023-06-05/2023-06-11,2023
LOW_DISLOCATION,FADE,10:30:00,2023-06-06,2023-06-07,2023-06-08,18600.0,-0.00013436706394528574,0.006311562015904872,-1.136594878122396,BULL,50,18600.0,18800.0,78.89999999999999,81.95,152.50000000000057,80.0,102.925750395,-30.425750394999426,0.0,3944.9999999999995,2023-06-05/2023-06-11,2023
LOW_DISLOCATION,FADE,15:10:00,2023-06-06,2023-06-07,2023-06-08,18600.0,-0.00013436706394528574,0.006311562015904872,-1.136594878122396,BULL,50,18600.0,18800.0,78.89999999999999,123.4,2225.000000000001,80.0,106.53593193,2038.4640680700008,0.0,3944.9999999999995,2023-06-05/2023-06-11,2023
HIGH_DISLOCATION,CONTINUE,10:30:00,2023-06-20,2023-06-21,2023-06-22,18700.0,-0.004209140151838306,0.19956878254042482,2.4725299484452097,BEAR,50,18700.0,18500.0,7.3,9.350000000000001,102.50000000000009,80.0,95.841689665,-73.34168966499992,0.0,365.0,2023-06-19/2023-06-25,2023
HIGH_DISLOCATION,CONTINUE,15:10:00,2023-06-20,2023-06-21,2023-06-22,18700.0,-0.004209140151838306,0.19956878254042482,2.4725299484452097,BEAR,50,18700.0,18500.0,7.3,3.25,-202.5,80.0,95.31730339500001,-377.817303395,0.0,365.0,2023-06-19/2023-06-25,2023
HIGH_DISLOCATION,FADE,10:30:00,2023-06-20,2023-06-21,2023-06-22,18700.0,-0.004209140151838306,0.19956878254042482,2.4725299484452097,BULL,50,18700.0,18900.0,138.3,128.7,-480.00000000000114,80.0,112.13509221999999,-672.1350922200011,0.0,6915.000000000001,2023-06-19/2023-06-25,2023
HIGH_DISLOCATION,FADE,15:10:00,2023-06-20,2023-06-21,2023-06-22,18700.0,-0.004209140151838306,0.19956878254042482,2.4725299484452097,BULL,50,18700.0,18900.0,138.3,145.55,362.5,80.0,113.20599769500001,169.294002305,0.0,6915.000000000001,2023-06-19/2023-06-25,2023
LOW_DISLOCATION,CONTINUE,10:30:00,2023-06-21,2023-06-22,2023-06-22,18850.0,8.486397895365603e-05,0.0036679102820587313,-1.2030837374778593,BULL,50,18850.0,19050.0,43.25,42.45,-39.99999999999986,80.0,98.61927503999999,-218.61927503999985,0.0,2162.5,2023-06-19/2023-06-25,2023
LOW_DISLOCATION,CONTINUE,15:10:00,2023-06-21,2023-06-22,2023-06-22,18850.0,8.486397895365603e-05,0.0036679102820587313,-1.2030837374778593,BULL,50,18850.0,19050.0,43.25,0.04999999999999999,-2160.0,80.0,95.49962354,-2335.49962354,0.0,2162.5,2023-06-19/2023-06-25,2023
LOW_DISLOCATION,FADE,10:30:00,2023-06-21,2023-06-22,2023-06-22,18850.0,8.486397895365603e-05,0.0036679102820587313,-1.2030837374778593,BEAR,50,18850.0,18650.0,25.75,21.950000000000003,-189.99999999999986,80.0,96.92448820999999,-366.9244882099999,0.0,1287.5,2023-06-19/2023-06-25,2023
LOW_DISLOCATION,FADE,15:10:00,2023-06-21,2023-06-22,2023-06-22,18850.0,8.486397895365603e-05,0.0036679102820587313,-1.2030837374778593,BEAR,50,18850.0,18650.0,25.75,78.2,2622.5,80.0,100.71231061499999,2441.787689385,0.0,1287.5,2023-06-19/2023-06-25,2023
HIGH_DISLOCATION,CONTINUE,10:30:00,2023-06-23,2023-06-26,2023-06-28,18650.0,-0.0036887771023761174,0.18114408705588037,1.9942049577672496,BEAR,50,18650.0,18450.0,36.3,43.9,380.00000000000006,80.0,100.28234342000002,199.71765658000004,0.0,1814.9999999999998,2023-06-26/2023-07-02,2023
HIGH_DISLOCATION,CONTINUE,15:10:00,2023-06-23,2023-06-26,2023-06-28,18650.0,-0.0036887771023761174,0.18114408705588037,1.9942049577672496,BEAR,50,18650.0,18450.0,36.3,30.75,-277.4999999999999,80.0,98.89681565500001,-456.3968156549999,0.0,1814.9999999999998,2023-06-26/2023-07-02,2023
HIGH_DISLOCATION,FADE,10:30:00,2023-06-23,2023-06-26,2023-06-28,18650.0,-0.0036887771023761174,0.18114408705588037,1.9942049577672496,BULL,50,18650.0,18850.0,90.35,78.44999999999999,-595.0000000000002,80.0,106.19071933,-781.1907193300002,0.0,4517.5,2023-06-26/2023-07-02,2023
HIGH_DISLOCATION,FADE,15:10:00,2023-06-23,2023-06-26,2023-06-28,18650.0,-0.0036887771023761174,0.18114408705588037,1.9942049577672496,BULL,50,18650.0,18850.0,90.35,88.5,-92.49999999999972,80.0,106.65054848499999,-279.1505484849997,0.0,4517.5,2023-06-26/2023-07-02,2023
LOW_DISLOCATION,CONTINUE,10:30:00,2023-06-26,2023-06-27,2023-06-28,18700.0,0.00034503233675140497,0.01363557465350865,-0.9963011128098703,BULL,50,18700.0,18900.0,71.95,74.55,129.99999999999972,80.0,102.74519794,-52.74519794000028,0.0,3597.5,2023-06-26/2023-07-02,2023
LOW_DISLOCATION,CONTINUE,15:10:00,2023-06-26,2023-06-27,2023-06-28,18700.0,0.00034503233675140497,0.01363557465350865,-0.9963011128098703,BULL,50,18700.0,18900.0,71.95,112.9,2047.5000000000002,80.0,105.59234931499999,1861.9076506850001,0.0,3597.5,2023-06-26/2023-07-02,2023
LOW_DISLOCATION,FADE,10:30:00,2023-06-26,2023-06-27,2023-06-28,18700.0,0.00034503233675140497,0.01363557465350865,-0.9963011128098703,BEAR,50,18700.0,18500.0,33.85,30.95,-145.0000000000001,80.0,98.4196246,-323.41962460000013,0.0,1692.5,2023-06-26/2023-07-02,2023
LOW_DISLOCATION,FADE,15:10:00,2023-06-26,2023-06-27,2023-06-28,18700.0,0.00034503233675140497,0.01363557465350865,-0.9963011128098703,BEAR,50,18700.0,18500.0,33.85,8.05,-1290.0,80.0,96.53506598,-1466.53506598,0.0,1692.5,2023-06-26/2023-07-02,2023
LOW_DISLOCATION,CONTINUE,10:30:00,2023-06-27,2023-06-28,2023-06-28,18750.0,-0.00047998848027647336,0.01900889285649934,-0.9003235156448381,BEAR,50,18750.0,18550.0,3.85,2.5,-67.5,80.0,94.922659065,-242.422659065,0.0,192.5,2023-06-26/2023-07-02,2023
LOW_DISLOCATION,CONTINUE,15:10:00,2023-06-27,2023-06-28,2023-06-28,18750.0,-0.00047998848027647336,0.01900889285649934,-0.9003235156448381,BEAR,50,18750.0,18550.0,3.85,-0.04999999999999999,-195.0,80.0,94.62146655999999,-369.62146656,0.0,192.5,2023-06-26/2023-07-02,2023
LOW_DISLOCATION,FADE,10:30:00,2023-06-27,2023-06-28,2023-06-28,18750.0,-0.00047998848027647336,0.01900889285649934,-0.9003235156448381,BULL,50,18750.0,18950.0,114.15,137.0,1142.4999999999998,80.0,108.532280405,953.9677195949998,0.0,5707.5,2023-06-26/2023-07-02,2023
LOW_DISLOCATION,FADE,15:10:00,2023-06-27,2023-06-28,2023-06-28,18750.0,-0.00047998848027647336,0.01900889285649934,-0.9003235156448381,BULL,50,18750.0,18950.0,114.15,195.95,4089.999999999999,80.0,112.90611685000002,3897.093883149999,0.0,5707.5,2023-06-26/2023-07-02,2023
HIGH_DISLOCATION,CONTINUE,10:30:00,2023-07-07,2023-07-10,2023-07-13,19500.0,0.00214468111369128,0.11022332875010975,0.770747026323356,BULL,50,19500.0,19700.0,32.45,38.55,304.9999999999997,80.0,99.77190608000001,125.22809391999971,0.0,1622.5000000000002,2023-07-10/2023-07-16,2023
HIGH_DISLOCATION,CONTINUE,15:10:00,2023-07-07,2023-07-10,2023-07-13,19500.0,0.00214468111369128,0.11022332875010975,0.770747026323356,BULL,50,19500.0,19700.0,32.45,19.9,-627.5000000000002,80.0,97.83471301499999,-805.3347130150003,0.0,1622.5000000000002,2023-07-10/2023-07-16,2023
HIGH_DISLOCATION,FADE,10:30:00,2023-07-07,2023-07-10,2023-07-13,19500.0,0.00214468111369128,0.11022332875010975,0.770747026323356,BEAR,50,19500.0,19300.0,100.5,89.64999999999999,-542.5000000000005,80.0,110.475771385,-732.9757713850005,0.0,5025.0,2023-07-10/2023-07-16,2023
HIGH_DISLOCATION,FADE,15:10:00,2023-07-07,2023-07-10,2023-07-13,19500.0,0.00214468111369128,0.11022332875010975,0.770747026323356,BEAR,50,19500.0,19300.0,100.5,114.1,679.9999999999998,80.0,113.12992553000001,486.87007446999974,0.0,5025.0,2023-07-10/2023-07-16,2023
LOW_DISLOCATION,CONTINUE,10:30:00,2023-07-18,2023-07-19,2023-07-20,19800.0,-0.0004293352123062625,0.016802254952844313,-1.0760866684479489,BEAR,50,19800.0,19600.0,42.85,43.15,14.999999999999858,80.0,100.70486785,-165.70486785000014,0.0,2142.5,2023-07-17/2023-07-23,2023
LOW_DISLOCATION,CONTINUE,15:10:00,2023-07-18,2023-07-19,2023-07-20,19800.0,-0.0004293352123062625,0.016802254952844313,-1.0760866684479489,BEAR,50,19800.0,19600.0,42.85,28.799999999999997,-702.5000000000002,80.0,99.099685615,-881.5996856150002,0.0,2142.5,2023-07-17/2023-07-23,2023
LOW_DISLOCATION,FADE,10:30:00,2023-07-18,2023-07-19,2023-07-20,19800.0,-0.0004293352123062625,0.016802254952844313,-1.0760866684479489,BULL,50,19800.0,20000.0,64.39999999999999,62.75,-82.49999999999957,80.0,101.919422755,-264.4194227549996,0.0,3219.9999999999995,2023-07-17/2023-07-23,2023
LOW_DISLOCATION,FADE,15:10:00,2023-07-18,2023-07-19,2023-07-20,19800.0,-0.0004293352123062625,0.016802254952844313,-1.0760866684479489,BULL,50,19800.0,20000.0,64.39999999999999,60.300000000000004,-204.99999999999937,80.0,101.43010077999999,-386.43010077999935,0.0,3219.9999999999995,2023-07-17/2023-07-23,2023
LOW_DISLOCATION,CONTINUE,10:30:00,2023-07-19,2023-07-20,2023-07-20,19850.0,0.0005804973095211654,0.02157003883214266,-0.9714725160676256,BULL,50,19850.0,20050.0,23.2,28.9,284.99999999999994,80.0,97.26175961999999,107.73824037999995,0.0,1160.0,2023-07-17/2023-07-23,2023
LOW_DISLOCATION,CONTINUE,15:10:00,2023-07-19,2023-07-20,2023-07-20,19850.0,0.0005804973095211654,0.02157003883214266,-0.9714725160676256,BULL,50,19850.0,20050.0,23.2,135.7,5624.999999999999,80.0,104.68523642,5440.314763579999,0.0,1160.0,2023-07-17/2023-07-23,2023
LOW_DISLOCATION,FADE,10:30:00,2023-07-19,2023-07-20,2023-07-20,19850.0,0.0005804973095211654,0.02157003883214266,-0.9714725160676256,BEAR,50,19850.0,19650.0,63.8,47.55,-812.5,80.0,100.315149525,-992.815149525,0.0,3190.0,2023-07-17/2023-07-23,2023
LOW_DISLOCATION,FADE,15:10:00,2023-07-19,2023-07-20,2023-07-20,19850.0,0.0005804973095211654,0.02157003883214266,-0.9714725160676256,BEAR,50,19850.0,19650.0,63.8,0.04999999999999999,-3187.5,80.0,96.476921265,-3363.976921265,0.0,3190.0,2023-07-17/2023-07-23,2023
HIGH_DISLOCATION,CONTINUE,10:30:00,2023-07-21,2023-07-24,2023-07-27,19850.0,0.00241181714637836,0.10949979622684607,0.8786117661875914,BULL,50,19850.0,20050.0,40.0,51.699999999999996,584.9999999999998,80.0,102.14323535,402.8567646499998,0.0,2000.0,2023-07-24/2023-07-30,2023
HIGH_DISLOCATION,CONTINUE,15:10:00,2023-07-21,2023-07-24,2023-07-27,19850.0,0.00241181714637836,0.10949979622684607,0.8786117661875914,BULL,50,19850.0,20050.0,40.0,27.050000000000004,-647.4999999999998,80.0,99.470288195,-826.9702881949997,0.0,2000.0,2023-07-24/2023-07-30,2023
HIGH_DISLOCATION,FADE,10:30:00,2023-07-21,2023-07-24,2023-07-27,19850.0,0.00241181714637836,0.10949979622684607,0.8786117661875914,BEAR,50,19850.0,19650.0,100.89999999999999,84.55000000000001,-817.499999999999,80.0,112.642993035,-1010.142993034999,0.0,5045.0,2023-07-24/2023-07-30,2023
HIGH_DISLOCATION,FADE,15:10:00,2023-07-21,2023-07-24,2023-07-27,19850.0,0.00241181714637836,0.10949979622684607,0.8786117661875914,BEAR,50,19850.0,19650.0,100.89999999999999,116.3,770.0000000000002,80.0,116.53384093999999,573.4661590600002,0.0,5045.0,2023-07-24/2023-07-30,2023
LOW_DISLOCATION,CONTINUE,10:30:00,2023-07-27,2023-07-28,2023-08-03,19850.0,-0.0003652089372923661,0.017512454547222472,-1.0354014570254089,BEAR,50,19850.0,19650.0,128.45,134.5,302.50000000000057,80.0,127.775229165,94.72477083500057,0.0,6422.499999999999,2023-07-24/2023-07-30,2023
LOW_DISLOCATION,CONTINUE,15:10:00,2023-07-27,2023-07-28,2023-08-03,19850.0,-0.0003652089372923661,0.017512454547222472,-1.0354014570254089,BEAR,50,19850.0,19650.0,128.45,122.9,-277.49999999999915,80.0,123.599181705,-481.0991817049992,0.0,6422.499999999999,2023-07-24/2023-07-30,2023
LOW_DISLOCATION,FADE,10:30:00,2023-07-27,2023-07-28,2023-08-03,19850.0,-0.0003652089372923661,0.017512454547222472,-1.0354014570254089,BULL,50,19850.0,20050.0,25.75,21.0,-237.5,80.0,98.195826805,-415.695826805,0.0,1287.5,2023-07-24/2023-07-30,2023
LOW_DISLOCATION,FADE,15:10:00,2023-07-27,2023-07-28,2023-08-03,19850.0,-0.0003652089372923661,0.017512454547222472,-1.0354014570254089,BULL,50,19850.0,20050.0,25.75,25.1,-32.49999999999993,80.0,98.47651093500001,-210.97651093499994,0.0,1287.5,2023-07-24/2023-07-30,2023
HIGH_DISLOCATION,CONTINUE,10:30:00,2023-07-28,2023-07-31,2023-08-03,19600.0,-0.0036481051955013105,0.17094874469163918,2.2980698561940613,BEAR,50,19600.0,19400.0,52.45,35.55,-845.0000000000002,80.0,100.97097534,-1025.9709753400002,0.0,2622.5,2023-07-31/2023-08-06,2023
HIGH_DISLOCATION,CONTINUE,15:10:00,2023-07-28,2023-07-31,2023-08-03,19600.0,-0.0036481051955013105,0.17094874469163918,2.2980698561940613,BEAR,50,19600.0,19400.0,52.45,18.9,-1677.5000000000002,80.0,99.351847135,-1856.8518471350003,0.0,2622.5,2023-07-31/2023-08-06,2023
HIGH_DISLOCATION,FADE,10:30:00,2023-07-28,2023-07-31,2023-08-03,19600.0,-0.0036481051955013105,0.17094874469163918,2.2980698561940613,BULL,50,19600.0,19800.0,80.85,101.50000000000001,1032.500000000001,80.0,110.454190155,842.0458098450009,0.0,4042.4999999999995,2023-07-31/2023-08-06,2023
HIGH_DISLOCATION,FADE,15:10:00,2023-07-28,2023-07-31,2023-08-03,19600.0,-0.0036481051955013105,0.17094874469163918,2.2980698561940613,BULL,50,19600.0,19800.0,80.85,129.3,2422.500000000001,80.0,113.82863642499998,2228.671363575001,0.0,4042.4999999999995,2023-07-31/2023-08-06,2023
HIGH_DISLOCATION,CONTINUE,10:30:00,2023-08-02,2023-08-03,2023-08-03,19650.0,-0.002535794595556081,0.10164336741613207,0.771574241295419,BEAR,50,19650.0,19450.0,116.15,146.6,1522.4999999999995,80.0,112.485840775,1330.0141592249995,0.0,5807.5,2023-07-31/2023-08-06,2023
HIGH_DISLOCATION,CONTINUE,15:10:00,2023-08-02,2023-08-03,2023-08-03,19650.0,-0.002535794595556081,0.10164336741613207,0.771574241295419,BEAR,50,19650.0,19450.0,116.15,199.54999999999998,4169.999999999999,80.0,120.46019924000001,3969.5398007599993,0.0,5807.5,2023-07-31/2023-08-06,2023
HIGH_DISLOCATION,FADE,10:30:00,2023-08-02,2023-08-03,2023-08-03,19650.0,-0.002535794595556081,0.10164336741613207,0.771574241295419,BULL,50,19650.0,19850.0,8.4,3.0500000000000003,-267.5,80.0,95.13240528499999,-442.632405285,0.0,420.0,2023-07-31/2023-08-06,2023
HIGH_DISLOCATION,FADE,15:10:00,2023-08-02,2023-08-03,2023-08-03,19650.0,-0.002535794595556081,0.10164336741613207,0.771574241295419,BULL,50,19650.0,19850.0,8.4,0.05,-417.5,80.0,94.776147415,-592.276147415,0.0,420.0,2023-07-31/2023-08-06,2023
HIGH_DISLOCATION,CONTINUE,10:30:00,2023-08-03,2023-08-04,2023-08-10,19550.0,0.0025035049068696173,0.11520715603816145,1.033120767104361,BULL,50,19550.0,19750.0,51.00000000000001,47.95,-152.50000000000023,80.0,101.880825085,-334.3808250850002,0.0,2550.0000000000005,2023-07-31/2023-08-06,2023
HIGH_DISLOCATION,CONTINUE,15:10:00,2023-08-03,2023-08-04,2023-08-10,19550.0,0.0025035049068696173,0.11520715603816145,1.033120767104361,BULL,50,19550.0,19750.0,51.00000000000001,61.449999999999996,522.4999999999994,80.0,103.156324765,339.3436752349994,0.0,2550.0000000000005,2023-07-31/2023-08-06,2023
HIGH_DISLOCATION,FADE,10:30:00,2023-08-03,2023-08-04,2023-08-10,19550.0,0.0025035049068696173,0.11520715603816145,1.033120767104361,BEAR,50,19550.0,19350.0,86.9,88.35000000000001,72.50000000000014,80.0,111.96384990499999,-119.46384990499985,0.0,4345.0,2023-07-31/2023-08-06,2023
HIGH_DISLOCATION,FADE,15:10:00,2023-08-03,2023-08-04,2023-08-10,19550.0,0.0025035049068696173,0.11520715603816145,1.033120767104361,BEAR,50,19550.0,19350.0,86.9,69.0,-895.0000000000002,80.0,108.59214249000001,-1083.5921424900002,0.0,4345.0,2023-07-31/2023-08-06,2023
LOW_DISLOCATION,CONTINUE,10:30:00,2023-08-07,2023-08-08,2023-08-10,19550.0,-0.0002837561128991067,0.012747003835230699,-1.191715323890689,BEAR,50,19550.0,19350.0,39.150000000000006,36.699999999999996,-122.5000000000005,80.0,99.86899096500001,-302.36899096500053,0.0,1957.5000000000002,2023-08-07/2023-08-13,2023
LOW_DISLOCATION,CONTINUE,15:10:00,2023-08-07,2023-08-08,2023-08-10,19550.0,-0.0002837561128991067,0.012747003835230699,-1.191715323890689,BEAR,50,19550.0,19350.0,39.150000000000006,44.55,269.99999999999955,80.0,100.25687944,89.74312055999954,0.0,1957.5000000000002,2023-08-07/2023-08-13,2023
LOW_DISLOCATION,FADE,10:30:00,2023-08-07,2023-08-08,2023-08-10,19550.0,-0.0002837561128991067,0.012747003835230699,-1.191715323890689,BULL,50,19550.0,19750.0,82.25,84.2,97.50000000000014,80.0,105.73880176499999,-88.23880176499985,0.0,4112.5,2023-08-07/2023-08-13,2023
LOW_DISLOCATION,FADE,15:10:00,2023-08-07,2023-08-08,2023-08-10,19550.0,-0.0002837561128991067,0.012747003835230699,-1.191715323890689,BULL,50,19550.0,19750.0,82.25,63.550000000000004,-934.9999999999998,80.0,103.40453344999999,-1118.4045334499997,0.0,4112.5,2023-08-07/2023-08-13,2023
HIGH_DISLOCATION,CONTINUE,10:30:00,2023-08-09,2023-08-10,2023-08-10,19500.0,-0.002964487432207421,0.11078696058160965,1.100424278481417,BEAR,50,19500.0,19300.0,22.9,37.0,705.0000000000001,80.0,98.06965672,526.9303432800001,0.0,1145.0,2023-08-07/2023-08-13,2023
HIGH_DISLOCATION,CONTINUE,15:10:00,2023-08-09,2023-08-10,2023-08-10,19500.0,-0.002964487432207421,0.11078696058160965,1.100424278481417,BEAR,50,19500.0,19300.0,22.9,0.09999999999999999,-1139.9999999999998,80.0,95.19957197,-1315.1995719699999,0.0,1145.0,2023-08-07/2023-08-13,2023
HIGH_DISLOCATION,FADE,10:30:00,2023-08-09,2023-08-10,2023-08-10,19500.0,-0.002964487432207421,0.11078696058160965,1.100424278481417,BULL,50,19500.0,19700.0,84.1,44.849999999999994,-1962.5,80.0,100.635809155,-2143.135809155,0.0,4205.0,2023-08-07/2023-08-13,2023
HIGH_DISLOCATION,FADE,15:10:00,2023-08-09,2023-08-10,2023-08-10,19500.0,-0.002964487432207421,0.11078696058160965,1.100424278481417,BULL,50,19500.0,19700.0,84.1,42.949999999999996,-2057.5,80.0,100.16679618500001,-2237.666796185,0.0,4205.0,2023-08-07/2023-08-13,2023
HIGH_DISLOCATION,CONTINUE,10:30:00,2023-08-11,2023-08-14,2023-08-17,19500.0,-0.0034334478668138126,0.18877138489926912,2.8611125200452974,BEAR,50,19500.0,19300.0,133.2,124.85000000000001,-417.499999999999,80.0,119.29260666500001,-616.792606664999,0.0,6659.999999999999,2023-08-14/2023-08-20,2023
HIGH_DISLOCATION,CONTINUE,15:10:00,2023-08-11,2023-08-14,2023-08-17,19500.0,-0.0034334478668138126,0.18877138489926912,2.8611125200452974,BEAR,50,19500.0,19300.0,133.2,74.85,-2917.4999999999995,80.0,112.25657615500002,-3109.7565761549995,0.0,6659.999999999999,2023-08-14/2023-08-20,2023
HIGH_DISLOCATION,FADE,10:30:00,2023-08-11,2023-08-14,2023-08-17,19500.0,-0.0034334478668138126,0.18877138489926912,2.8611125200452974,BULL,50,19500.0,19700.0,15.149999999999999,16.6,72.50000000000014,80.0,96.90075143499999,-104.40075143499985,0.0,757.4999999999999,2023-08-14/2023-08-20,2023
HIGH_DISLOCATION,FADE,15:10:00,2023-08-11,2023-08-14,2023-08-17,19500.0,-0.0034334478668138126,0.18877138489926912,2.8611125200452974,BULL,50,19500.0,19700.0,15.149999999999999,37.7,1127.5000000000002,80.0,98.47209519499998,949.0279048050003,0.0,757.4999999999999,2023-08-14/2023-08-20,2023
HIGH_DISLOCATION,CONTINUE,10:30:00,2023-08-14,2023-08-16,2023-08-17,19300.0,-0.0053114686468646866,0.23588486442676282,3.6787607019316195,BEAR,50,19300.0,19100.0,32.2,20.650000000000002,-577.5,80.0,97.361662325,-754.861662325,0.0,1610.0000000000002,2023-08-14/2023-08-20,2023
HIGH_DISLOCATION,CONTINUE,15:10:00,2023-08-14,2023-08-16,2023-08-17,19300.0,-0.0053114686468646866,0.23588486442676282,3.6787607019316195,BEAR,50,19300.0,19100.0,32.2,6.65,-1277.5000000000002,80.0,96.26923978500001,-1453.7692397850003,0.0,1610.0000000000002,2023-08-14/2023-08-20,2023
HIGH_DISLOCATION,FADE,10:30:00,2023-08-14,2023-08-16,2023-08-17,19300.0,-0.0053114686468646866,0.23588486442676282,3.6787607019316195,BULL,50,19300.0,19500.0,80.5,96.5,800.0,80.0,106.16549616,613.83450384,0.0,4025.0,2023-08-14/2023-08-20,2023
HIGH_DISLOCATION,FADE,15:10:00,2023-08-14,2023-08-16,2023-08-17,19300.0,-0.0053114686468646866,0.23588486442676282,3.6787607019316195,BULL,50,19300.0,19500.0,80.5,140.25,2987.5,80.0,110.17073260500001,2797.329267395,0.0,4025.0,2023-08-14/2023-08-20,2023
HIGH_DISLOCATION,CONTINUE,10:30:00,2023-08-17,2023-08-18,2023-08-24,19400.0,-0.002540907584442181,0.1304841220532141,1.233394992498155,BEAR,50,19400.0,19200.0,93.05,103.35,514.9999999999999,80.0,113.75634636999999,321.2436536299999,0.0,4652.5,2023-08-14/2023-08-20,2023
HIGH_DISLOCATION,CONTINUE,15:10:00,2023-08-17,2023-08-18,2023-08-24,19400.0,-0.002540907584442181,0.1304841220532141,1.233394992498155,BEAR,50,19400.0,19200.0,93.05,88.15,-244.99999999999957,80.0,111.21728447999999,-436.21728447999953,0.0,4652.5,2023-08-14/2023-08-20,2023
HIGH_DISLOCATION,FADE,10:30:00,2023-08-17,2023-08-18,2023-08-24,19400.0,-0.002540907584442181,0.1304841220532141,1.233394992498155,BULL,50,19400.0,19600.0,42.3,34.4,-394.99999999999994,80.0,99.6926756,-574.6926755999999,0.0,2115.0,2023-08-14/2023-08-20,2023
HIGH_DISLOCATION,FADE,15:10:00,2023-08-17,2023-08-18,2023-08-24,19400.0,-0.002540907584442181,0.1304841220532141,1.233394992498155,BULL,50,19400.0,19600.0,42.3,39.5,-139.99999999999986,80.0,100.07662011999999,-320.07662011999986,0.0,2115.0,2023-08-14/2023-08-20,2023
HIGH_DISLOCATION,CONTINUE,10:30:00,2023-08-21,2023-08-22,2023-08-24,19350.0,0.002677244457793116,0.12752847323694952,1.1331033203432082,BULL,50,19350.0,19550.0,81.64999999999999,74.7,-347.49999999999943,80.0,104.254162855,-531.7541628549994,0.0,4082.4999999999995,2023-08-21/2023-08-27,2023
HIGH_DISLOCATION,CONTINUE,15:10:00,2023-08-21,2023-08-22,2023-08-24,19350.0,0.002677244457793116,0.12752847323694952,1.1331033203432082,BULL,50,19350.0,19550.0,81.64999999999999,60.4,-1062.4999999999995,80.0,102.768708705,-1245.2687087049994,0.0,4082.4999999999995,2023-08-21/2023-08-27,2023
HIGH_DISLOCATION,FADE,10:30:00,2023-08-21,2023-08-22,2023-08-24,19350.0,0.002677244457793116,0.12752847323694952,1.1331033203432082,BEAR,50,19350.0,19150.0,33.15,35.7,127.50000000000021,80.0,98.97240123499999,-51.47240123499978,0.0,1657.5,2023-08-21/2023-08-27,2023
HIGH_DISLOCATION,FADE,15:10:00,2023-08-21,2023-08-22,2023-08-24,19350.0,0.002677244457793116,0.12752847323694952,1.1331033203432082,BEAR,50,19350.0,19150.0,33.15,42.05,444.99999999999994,80.0,99.34715306000001,265.6528469399999,0.0,1657.5,2023-08-21/2023-08-27,2023
LOW_DISLOCATION,CONTINUE,10:30:00,2023-08-22,2023-08-23,2023-08-24,19400.0,0.00045315859263356066,0.022113303324740794,-0.9885720556821347,BULL,50,19400.0,19600.0,37.849999999999994,30.150000000000002,-384.9999999999996,80.0,97.99183071,-562.9918307099996,0.0,1892.4999999999998,2023-08-21/2023-08-27,2023
LOW_DISLOCATION,CONTINUE,15:10:00,2023-08-22,2023-08-23,2023-08-24,19400.0,0.00045315859263356066,0.022113303324740794,-0.9885720556821347,BULL,50,19400.0,19600.0,37.849999999999994,57.75,995.0000000000002,80.0,100.04148869999999,814.9585113000003,0.0,1892.4999999999998,2023-08-21/2023-08-27,2023
LOW_DISLOCATION,FADE,10:30:00,2023-08-22,2023-08-23,2023-08-24,19400.0,0.00045315859263356066,0.022113303324740794,-0.9885720556821347,BEAR,50,19400.0,19200.0,57.599999999999994,65.80000000000001,410.00000000000085,80.0,101.78414781999999,228.21585218000087,0.0,2879.9999999999995,2023-08-21/2023-08-27,2023
LOW_DISLOCATION,FADE,15:10:00,2023-08-22,2023-08-23,2023-08-24,19400.0,0.00045315859263356066,0.022113303324740794,-0.9885720556821347,BEAR,50,19400.0,19200.0,57.599999999999994,25.6,-1599.9999999999995,80.0,98.50870117,-1778.5087011699995,0.0,2879.9999999999995,2023-08-21/2023-08-27,2023
HIGH_DISLOCATION,CONTINUE,10:30:00,2023-08-29,2023-08-30,2023-08-31,19300.0,-0.002822803296538878,0.1315745795478397,1.225431701074025,BEAR,50,19300.0,19100.0,7.8500000000000005,7.199999999999999,-32.500000000000064,80.0,95.567069515,-208.06706951500007,0.0,392.5,2023-08-28/2023-09-03,2023
HIGH_DISLOCATION,CONTINUE,15:10:00,2023-08-29,2023-08-30,2023-08-31,19300.0,-0.002822803296538878,0.1315745795478397,1.225431701074025,BEAR,50,19300.0,19100.0,7.8500000000000005,25.3,872.5,80.0,96.828632105,695.671367895,0.0,392.5,2023-08-28/2023-09-03,2023
HIGH_DISLOCATION,FADE,10:30:00,2023-08-29,2023-08-30,2023-08-31,19300.0,-0.002822803296538878,0.1315745795478397,1.225431701074025,BULL,50,19300.0,19500.0,118.79999999999998,118.85000000000001,2.500000000001279,80.0,108.857790035,-186.35779003499871,0.0,5939.999999999999,2023-08-28/2023-09-03,2023
HIGH_DISLOCATION,FADE,15:10:00,2023-08-29,2023-08-30,2023-08-31,19300.0,-0.002822803296538878,0.1315745795478397,1.225431701074025,BULL,50,19300.0,19500.0,118.79999999999998,54.15,-3232.499999999999,80.0,103.10126436499999,-3415.601264364999,0.0,5939.999999999999,2023-08-28/2023-09-03,2023
LOW_DISLOCATION,CONTINUE,10:30:00,2023-08-30,2023-08-31,2023-08-31,19450.0,-0.0001157642628003118,0.005595857212301433,-1.3412540755508915,BEAR,50,19450.0,19250.0,122.64999999999999,129.1,322.5000000000001,80.0,107.98585496499999,134.51414503500013,0.0,6132.5,2023-08-28/2023-09-03,2023
LOW_DISLOCATION,CONTINUE,15:10:00,2023-08-30,2023-08-31,2023-08-31,19450.0,-0.0001157642628003118,0.005595857212301433,-1.3412540755508915,BEAR,50,19450.0,19250.0,122.64999999999999,194.2,3577.5,80.0,111.94878467499998,3385.551215325,0.0,6132.5,2023-08-28/2023-09-03,2023
LOW_DISLOCATION,FADE,10:30:00,2023-08-30,2023-08-31,2023-08-31,19450.0,-0.0001157642628003118,0.005595857212301433,-1.3412540755508915,BULL,50,19450.0,19650.0,3.5,2.3,-60.00000000000001,80.0,94.83101932999999,-234.83101933,0.0,175.0,2023-08-28/2023-09-03,2023
LOW_DISLOCATION,FADE,15:10:00,2023-08-30,2023-08-31,2023-08-31,19450.0,-0.0001157642628003118,0.005595857212301433,-1.3412540755508915,BULL,50,19450.0,19650.0,3.5,0.05,-172.5,80.0,94.583578525,-347.083578525,0.0,175.0,2023-08-28/2023-09-03,2023
HIGH_DISLOCATION,CONTINUE,10:30:00,2023-08-31,2023-09-01,2023-09-07,19350.0,-0.0032400110408021044,0.16937118597225923,1.9360007649857682,BEAR,50,19350.0,19150.0,67.5,59.150000000000006,-417.4999999999997,80.0,105.88407871499999,-603.3840787149998,0.0,3375.0,2023-08-28/2023-09-03,2023
HIGH_DISLOCATION,CONTINUE,15:10:00,2023-08-31,2023-09-01,2023-09-07,19350.0,-0.0032400110408021044,0.16937118597225923,1.9360007649857682,BEAR,50,19350.0,19150.0,67.5,34.95,-1627.4999999999998,80.0,103.12211915500001,-1810.6221191549998,0.0,3375.0,2023-08-28/2023-09-03,2023
HIGH_DISLOCATION,FADE,10:30:00,2023-08-31,2023-09-01,2023-09-07,19350.0,-0.0032400110408021044,0.16937118597225923,1.9360007649857682,BULL,50,19350.0,19550.0,64.25,71.65,370.0000000000003,80.0,104.34420467000001,185.65579533000027,0.0,3212.5,2023-08-28/2023-09-03,2023
HIGH_DISLOCATION,FADE,15:10:00,2023-08-31,2023-09-01,2023-09-07,19350.0,-0.0032400110408021044,0.16937118597225923,1.9360007649857682,BULL,50,19350.0,19550.0,64.25,103.55,1964.9999999999998,80.0,108.2735476,1776.7264523999997,0.0,3212.5,2023-08-28/2023-09-03,2023
LOW_DISLOCATION,CONTINUE,10:30:00,2023-09-04,2023-09-05,2023-09-07,19500.0,-0.0006042976831840994,0.03170800272793726,-0.8682769172126559,BEAR,50,19500.0,19300.0,32.4,27.6,-239.99999999999986,80.0,98.68029582,-418.68029581999986,0.0,1620.0,2023-09-04/2023-09-10,2023
LOW_DISLOCATION,CONTINUE,15:10:00,2023-09-04,2023-09-05,2023-09-07,19500.0,-0.0006042976831840994,0.03170800272793726,-0.8682769172126559,BEAR,50,19500.0,19300.0,32.4,17.2,-760.0,80.0,97.65193493000001,-937.65193493,0.0,1620.0,2023-09-04/2023-09-10,2023
LOW_DISLOCATION,FADE,10:30:00,2023-09-04,2023-09-05,2023-09-07,19500.0,-0.0006042976831840994,0.03170800272793726,-0.8682769172126559,BULL,50,19500.0,19700.0,75.55,82.25,335.0000000000001,80.0,103.81598596999999,151.18401403000013,0.0,3777.5,2023-09-04/2023-09-10,2023
LOW_DISLOCATION,FADE,15:10:00,2023-09-04,2023-09-05,2023-09-07,19500.0,-0.0006042976831840994,0.03170800272793726,-0.8682769172126559,BULL,50,19500.0,19700.0,75.55,87.5,597.5000000000001,80.0,104.09434774500001,413.4056522550001,0.0,3777.5,2023-09-04/2023-09-10,2023
HIGH_DISLOCATION,CONTINUE,10:30:00,2023-09-07,2023-09-08,2023-09-14,19550.0,-0.0021773383441008967,0.13022934496037078,1.0899710057299747,BEAR,50,19550.0,19350.0,12.25,19.1,342.50000000000006,80.0,97.55224047499999,164.94775952500007,0.0,612.5,2023-09-04/2023-09-10,2023
HIGH_DISLOCATION,CONTINUE,15:10:00,2023-09-07,2023-09-08,2023-09-14,19550.0,-0.0021773383441008967,0.13022934496037078,1.0899710057299747,BEAR,50,19550.0,19350.0,12.25,9.749999999999998,-125.00000000000009,80.0,96.68180068,-301.6818006800001,0.0,612.5,2023-09-04/2023-09-10,2023
HIGH_DISLOCATION,FADE,10:30:00,2023-09-07,2023-09-08,2023-09-14,19550.0,-0.0021773383441008967,0.13022934496037078,1.0899710057299747,BULL,50,19550.0,19750.0,153.20000000000002,136.4,-840.0000000000006,80.0,126.83303622000001,-1046.8330362200006,0.0,7660.000000000001,2023-09-04/2023-09-10,2023
HIGH_DISLOCATION,FADE,15:10:00,2023-09-07,2023-09-08,2023-09-14,19550.0,-0.0021773383441008967,0.13022934496037078,1.0899710057299747,BULL,50,19550.0,19750.0,153.20000000000002,162.45,462.4999999999986,80.0,133.179058985,249.32094101499857,0.0,7660.000000000001,2023-09-04/2023-09-10,2023
LOW_DISLOCATION,CONTINUE,10:30:00,2023-09-08,2023-09-11,2023-09-14,19800.0,0.0002604166666667402,0.015423467207811998,-1.1686925615683297,BULL,50,19800.0,20000.0,102.65,115.95,664.9999999999999,80.0,113.59206520000001,471.4079347999999,0.0,5132.5,2023-09-11/2023-09-17,2023
LOW_DISLOCATION,CONTINUE,15:10:00,2023-09-08,2023-09-11,2023-09-14,19800.0,0.0002604166666667402,0.015423467207811998,-1.1686925615683297,BULL,50,19800.0,20000.0,102.65,139.8,1857.5000000000002,80.0,117.226270725,1660.2737292750003,0.0,5132.5,2023-09-11/2023-09-17,2023
LOW_DISLOCATION,FADE,10:30:00,2023-09-08,2023-09-11,2023-09-14,19800.0,0.0002604166666667402,0.015423467207811998,-1.1686925615683297,BEAR,50,19800.0,19600.0,32.25,24.15,-405.00000000000006,80.0,99.05109481,-584.05109481,0.0,1612.5,2023-09-11/2023-09-17,2023
LOW_DISLOCATION,FADE,15:10:00,2023-09-08,2023-09-11,2023-09-14,19800.0,0.0002604166666667402,0.015423467207811998,-1.1686925615683297,BEAR,50,19800.0,19600.0,32.25,12.6,-982.4999999999999,80.0,98.04829462500001,-1160.548294625,0.0,1612.5,2023-09-11/2023-09-17,2023
LOW_DISLOCATION,CONTINUE,10:30:00,2023-09-11,2023-09-12,2023-09-14,19900.0,-0.00011560199740143158,0.005273590378047005,-1.3294264656262154,BEAR,50,19900.0,19700.0,18.450000000000003,42.300000000000004,1192.5,80.0,100.269734795,1012.230265205,0.0,922.5000000000001,2023-09-11/2023-09-17,2023
LOW_DISLOCATION,CONTINUE,15:10:00,2023-09-11,2023-09-12,2023-09-14,19900.0,-0.00011560199740143158,0.005273590378047005,-1.3294264656262154,BEAR,50,19900.0,19700.0,18.450000000000003,24.85,319.99999999999994,80.0,98.33375570999999,141.66624428999995,0.0,922.5000000000001,2023-09-11/2023-09-17,2023
LOW_DISLOCATION,FADE,10:30:00,2023-09-11,2023-09-12,2023-09-14,19900.0,-0.00011560199740143158,0.005273590378047005,-1.3294264656262154,BULL,50,19900.0,20100.0,121.05,82.75,-1914.9999999999998,80.0,110.88604449,-2105.8860444899997,0.0,6052.5,2023-09-11/2023-09-17,2023
LOW_DISLOCATION,FADE,15:10:00,2023-09-11,2023-09-12,2023-09-14,19900.0,-0.00011560199740143158,0.005273590378047005,-1.3294264656262154,BULL,50,19900.0,20100.0,121.05,99.05,-1100.0,80.0,111.97382231999998,-1291.97382232,0.0,6052.5,2023-09-11/2023-09-17,2023
LOW_DISLOCATION,CONTINUE,10:30:00,2023-09-13,2023-09-14,2023-09-14,20000.0,0.0007050546417346616,0.024605768816624806,-0.9276091508016066,BULL,50,20000.0,20200.0,123.20000000000002,68.85000000000001,-2717.5000000000005,80.0,104.22944899499998,-2901.7294489950004,0.0,6160.000000000001,2023-09-11/2023-09-17,2023
LOW_DISLOCATION,CONTINUE,15:10:00,2023-09-13,2023-09-14,2023-09-14,20000.0,0.0007050546417346616,0.024605768816624806,-0.9276091508016066,BULL,50,20000.0,20200.0,123.20000000000002,101.4,-1090.0000000000005,80.0,105.83910025,-1275.8391002500005,0.0,6160.000000000001,2023-09-11/2023-09-17,2023
LOW_DISLOCATION,FADE,10:30:00,2023-09-13,2023-09-14,2023-09-14,20000.0,0.0007050546417346616,0.024605768816624806,-0.9276091508016066,BEAR,50,20000.0,19800.0,5.9,11.2,264.99999999999994,80.0,95.52312638,89.47687361999995,0.0,295.0,2023-09-11/2023-09-17,2023
LOW_DISLOCATION,FADE,15:10:00,2023-09-13,2023-09-14,2023-09-14,20000.0,0.0007050546417346616,0.024605768816624806,-0.9276091508016066,BEAR,50,20000.0,19800.0,5.9,0.05,-292.5,80.0,94.66480862499999,-467.164808625,0.0,295.0,2023-09-11/2023-09-17,2023
LOW_DISLOCATION,CONTINUE,10:30:00,2023-09-18,2023-09-20,2023-09-21,20150.0,-0.0004885597654912404,0.023853071502024942,-0.9305969968786777,BEAR,50,20150.0,19950.0,99.44999999999999,137.25,1890.0000000000005,80.0,113.88409165,1696.1159083500004,0.0,4972.499999999999,2023-09-18/2023-09-24,2023
LOW_DISLOCATION,CONTINUE,15:10:00,2023-09-18,2023-09-20,2023-09-21,20150.0,-0.0004885597654912404,0.023853071502024942,-0.9305969968786777,BEAR,50,20150.0,19950.0,99.44999999999999,165.35,3295.0000000000005,80.0,117.41453836,3097.5854616400006,0.0,4972.499999999999,2023-09-18/2023-09-24,2023
LOW_DISLOCATION,FADE,10:30:00,2023-09-18,2023-09-20,2023-09-21,20150.0,-0.0004885597654912404,0.023853071502024942,-0.9305969968786777,BULL,50,20150.0,20350.0,19.55,9.25,-515.0,80.0,96.30674388,-691.30674388,0.0,977.5,2023-09-18/2023-09-24,2023
LOW_DISLOCATION,FADE,15:10:00,2023-09-18,2023-09-20,2023-09-21,20150.0,-0.0004885597654912404,0.023853071502024942,-0.9305969968786777,BULL,50,20150.0,20350.0,19.55,1.6,-897.5,80.0,95.51471044499999,-1073.014710445,0.0,977.5,2023-09-18/2023-09-24,2023
LOW_DISLOCATION,CONTINUE,10:30:00,2023-09-22,2023-09-25,2023-09-28,19750.0,7.592437931893564e-06,0.0003933504933693664,-1.43982051391552,BULL,50,19750.0,19950.0,43.5,31.749999999999996,-587.5000000000002,80.0,99.545864895,-767.0458648950002,0.0,2175.0,2023-09-25/2023-10-01,2023
LOW_DISLOCATION,CONTINUE,15:10:00,2023-09-22,2023-09-25,2023-09-28,19750.0,7.592437931893564e-06,0.0003933504933693664,-1.43982051391552,BULL,50,19750.0,19950.0,43.5,43.55,2.499999999999858,80.0,100.42226898499999,-177.92226898500013,0.0,2175.0,2023-09-25/2023-10-01,2023
LOW_DISLOCATION,FADE,10:30:00,2023-09-22,2023-09-25,2023-09-28,19750.0,7.592437931893564e-06,0.0003933504933693664,-1.43982051391552,BEAR,50,19750.0,19550.0,82.94999999999999,98.50000000000001,777.5000000000013,80.0,110.985836625,586.5141633750012,0.0,4147.499999999999,2023-09-25/2023-10-01,2023
LOW_DISLOCATION,FADE,15:10:00,2023-09-22,2023-09-25,2023-09-28,19750.0,7.592437931893564e-06,0.0003933504933693664,-1.43982051391552,BEAR,50,19750.0,19550.0,82.94999999999999,75.15,-389.99999999999915,80.0,107.47065251000001,-577.4706525099991,0.0,4147.499999999999,2023-09-25/2023-10-01,2023
HIGH_DISLOCATION,CONTINUE,10:30:00,2023-10-03,2023-10-04,2023-10-05,19550.0,-0.004708712136654646,0.18943990194954075,2.503583447825117,BEAR,50,19550.0,19350.0,129.4,114.3,-755.0000000000005,80.0,112.11790897,-947.1179089700005,0.0,6470.0,2023-10-02/2023-10-08,2023
HIGH_DISLOCATION,CONTINUE,15:10:00,2023-10-03,2023-10-04,2023-10-05,19550.0,-0.004708712136654646,0.18943990194954075,2.503583447825117,BEAR,50,19550.0,19350.0,129.4,97.15,-1612.5,80.0,109.682608855,-1802.182608855,0.0,6470.0,2023-10-02/2023-10-08,2023
HIGH_DISLOCATION,FADE,10:30:00,2023-10-03,2023-10-04,2023-10-05,19550.0,-0.004708712136654646,0.18943990194954075,2.503583447825117,BULL,50,19550.0,19750.0,10.15,11.2,52.49999999999994,80.0,96.007994135,-123.50799413500006,0.0,507.5,2023-10-02/2023-10-08,2023
HIGH_DISLOCATION,FADE,15:10:00,2023-10-03,2023-10-04,2023-10-05,19550.0,-0.004708712136654646,0.18943990194954075,2.503583447825117,BULL,50,19550.0,19750.0,10.15,9.5,-32.500000000000014,80.0,95.743680975,-208.24368097500002,0.0,507.5,2023-10-02/2023-10-08,2023
HIGH_DISLOCATION,CONTINUE,10:30:00,2023-10-04,2023-10-05,2023-10-05,19400.0,-0.0030454348032803316,0.11394767009612321,0.8504975499714639,BEAR,50,19400.0,19200.0,3.0999999999999996,3.2,5.000000000000027,80.0,94.83465831,-169.83465830999995,0.0,154.99999999999997,2023-10-02/2023-10-08,2023
HIGH_DISLOCATION,CONTINUE,15:10:00,2023-10-04,2023-10-05,2023-10-05,19400.0,-0.0030454348032803316,0.11394767009612321,0.8504975499714639,BEAR,50,19400.0,19200.0,3.0999999999999996,0.05,-152.5,80.0,94.551449495,-327.051449495,0.0,154.99999999999997,2023-10-02/2023-10-08,2023
HIGH_DISLOCATION,FADE,10:30:00,2023-10-04,2023-10-05,2023-10-05,19400.0,-0.0030454348032803316,0.11394767009612321,0.8504975499714639,BULL,50,19400.0,19600.0,120.15,110.6,-477.50000000000057,80.0,105.845683375,-663.3456833750006,0.0,6007.5,2023-10-02/2023-10-08,2023
HIGH_DISLOCATION,FADE,15:10:00,2023-10-04,2023-10-05,2023-10-05,19400.0,-0.0030454348032803316,0.11394767009612321,0.8504975499714639,BULL,50,19400.0,19600.0,120.15,144.95,1239.999999999999,80.0,108.02417134,1051.975828659999,0.0,6007.5,2023-10-02/2023-10-08,2023
LOW_DISLOCATION,CONTINUE,10:30:00,2023-10-06,2023-10-09,2023-10-12,19600.0,-0.0005860171218915614,0.03256498799508183,-0.7609205150138509,BEAR,50,19600.0,19400.0,84.49999999999999,63.95,-1027.499999999999,80.0,108.27458197499999,-1215.7745819749991,0.0,4224.999999999999,2023-10-09/2023-10-15,2023
LOW_DISLOCATION,CONTINUE,15:10:00,2023-10-06,2023-10-09,2023-10-12,19600.0,-0.0005860171218915614,0.03256498799508183,-0.7609205150138509,BEAR,50,19600.0,19400.0,84.49999999999999,84.1,-19.999999999999574,80.0,110.71756471,-210.71756470999958,0.0,4224.999999999999,2023-10-09/2023-10-15,2023
LOW_DISLOCATION,FADE,10:30:00,2023-10-06,2023-10-09,2023-10-12,19600.0,-0.0005860171218915614,0.03256498799508183,-0.7609205150138509,BULL,50,19600.0,19800.0,46.6,63.2,830.0000000000001,80.0,102.14586860000001,647.8541314000001,0.0,2330.0,2023-10-09/2023-10-15,2023
LOW_DISLOCATION,FADE,15:10:00,2023-10-06,2023-10-09,2023-10-12,19600.0,-0.0005860171218915614,0.03256498799508183,-0.7609205150138509,BULL,50,19600.0,19800.0,46.6,44.95,-82.49999999999993,80.0,100.30668126500001,-262.80668126499995,0.0,2330.0,2023-10-09/2023-10-15,2023
LOW_DISLOCATION,CONTINUE,10:30:00,2023-10-10,2023-10-11,2023-10-12,19600.0,0.0005157916508142708,0.021322034003354803,-0.9773835878390834,BULL,50,19600.0,19800.0,152.7,160.85,407.5000000000003,80.0,121.61686704500002,205.88313295500026,0.0,7634.999999999999,2023-10-09/2023-10-15,2023
LOW_DISLOCATION,CONTINUE,15:10:00,2023-10-10,2023-10-11,2023-10-12,19600.0,0.0005157916508142708,0.021322034003354803,-0.9773835878390834,BULL,50,19600.0,19800.0,152.7,160.8,405.00000000000114,80.0,120.49788990999998,204.50211009000117,0.0,7634.999999999999,2023-10-09/2023-10-15,2023
LOW_DISLOCATION,FADE,10:30:00,2023-10-10,2023-10-11,2023-10-12,19600.0,0.0005157916508142708,0.021322034003354803,-0.9773835878390834,BEAR,50,19600.0,19400.0,8.35,5.699999999999999,-132.50000000000003,80.0,95.78813437499998,-308.288134375,0.0,417.5,2023-10-09/2023-10-15,2023
LOW_DISLOCATION,FADE,15:10:00,2023-10-10,2023-10-11,2023-10-12,19600.0,0.0005157916508142708,0.021322034003354803,-0.9773835878390834,BEAR,50,19600.0,19400.0,8.35,3.15,-259.99999999999994,80.0,95.43581749999998,-435.4358174999999,0.0,417.5,2023-10-09/2023-10-15,2023
LOW_DISLOCATION,CONTINUE,10:30:00,2023-10-12,2023-10-13,2023-10-19,19800.0,-0.000224456701293563,0.011287399235705105,-1.1592446125267597,BEAR,50,19800.0,19600.0,86.00000000000001,95.95,497.49999999999943,80.0,113.71764901499999,303.7823509849994,0.0,4300.000000000001,2023-10-09/2023-10-15,2023
LOW_DISLOCATION,CONTINUE,15:10:00,2023-10-12,2023-10-13,2023-10-19,19800.0,-0.000224456701293563,0.011287399235705105,-1.1592446125267597,BEAR,50,19800.0,19600.0,86.00000000000001,76.75,-462.5000000000007,80.0,110.88173731500001,-653.3817373150007,0.0,4300.000000000001,2023-10-09/2023-10-15,2023
LOW_DISLOCATION,FADE,10:30:00,2023-10-12,2023-10-13,2023-10-19,19800.0,-0.000224456701293563,0.011287399235705105,-1.1592446125267597,BULL,50,19800.0,20000.0,49.65,39.099999999999994,-527.5000000000002,80.0,100.63463365499999,-708.1346336550002,0.0,2482.5,2023-10-09/2023-10-15,2023
LOW_DISLOCATION,FADE,15:10:00,2023-10-12,2023-10-13,2023-10-19,19800.0,-0.000224456701293563,0.011287399235705105,-1.1592446125267597,BULL,50,19800.0,20000.0,49.65,57.1,372.5000000000001,80.0,102.47472999499999,190.02527000500012,0.0,2482.5,2023-10-09/2023-10-15,2023
HIGH_DISLOCATION,CONTINUE,10:30:00,2023-10-13,2023-10-16,2023-10-19,19750.0,0.0023273658588640255,0.12246340439038154,1.0196426275461596,BULL,50,19750.0,19950.0,52.849999999999994,69.1,812.5,80.0,103.733855745,628.766144255,0.0,2642.4999999999995,2023-10-16/2023-10-22,2023
HIGH_DISLOCATION,CONTINUE,15:10:00,2023-10-13,2023-10-16,2023-10-19,19750.0,0.0023273658588640255,0.12246340439038154,1.0196426275461596,BULL,50,19750.0,19950.0,52.849999999999994,66.69999999999999,692.4999999999998,80.0,103.27595612500001,509.2240438749998,0.0,2642.4999999999995,2023-10-16/2023-10-22,2023
HIGH_DISLOCATION,FADE,10:30:00,2023-10-13,2023-10-16,2023-10-19,19750.0,0.0023273658588640255,0.12246340439038154,1.0196426275461596,BEAR,50,19750.0,19550.0,74.35000000000001,57.99999999999999,-817.5000000000008,80.0,104.93250850500002,-1002.4325085050008,0.0,3717.5000000000005,2023-10-16/2023-10-22,2023
HIGH_DISLOCATION,FADE,15:10:00,2023-10-13,2023-10-16,2023-10-19,19750.0,0.0023273658588640255,0.12246340439038154,1.0196426275461596,BEAR,50,19750.0,19550.0,74.35000000000001,61.45,-645.0000000000002,80.0,105.3810131,-830.3810131000002,0.0,3717.5000000000005,2023-10-16/2023-10-22,2023
LOW_DISLOCATION,CONTINUE,10:30:00,2023-10-19,2023-10-20,2023-10-26,19550.0,-0.0006490718783220585,0.03185080050561756,-0.777838933907553,BEAR,50,19550.0,19350.0,64.65,65.75,54.999999999999716,80.0,106.64539943,-131.64539943000028,0.0,3232.5000000000005,2023-10-16/2023-10-22,2023
LOW_DISLOCATION,CONTINUE,15:10:00,2023-10-19,2023-10-20,2023-10-26,19550.0,-0.0006490718783220585,0.03185080050561756,-0.777838933907553,BEAR,50,19550.0,19350.0,64.65,70.9,312.5,80.0,107.11653834500001,125.38346165499999,0.0,3232.5000000000005,2023-10-16/2023-10-22,2023
LOW_DISLOCATION,FADE,10:30:00,2023-10-19,2023-10-20,2023-10-26,19550.0,-0.0006490718783220585,0.03185080050561756,-0.777838933907553,BULL,50,19550.0,19750.0,70.55000000000001,68.75,-90.00000000000057,80.0,105.95228665,-275.9522866500006,0.0,3527.5000000000005,2023-10-16/2023-10-22,2023
LOW_DISLOCATION,FADE,15:10:00,2023-10-19,2023-10-20,2023-10-26,19550.0,-0.0006490718783220585,0.03185080050561756,-0.777838933907553,BULL,50,19550.0,19750.0,70.55000000000001,63.599999999999994,-347.50000000000085,80.0,105.239468895,-532.7394688950009,0.0,3527.5000000000005,2023-10-16/2023-10-22,2023
HIGH_DISLOCATION,CONTINUE,10:30:00,2023-10-26,2023-10-27,2023-11-02,18950.0,-0.004135660156393599,0.14908490414312697,1.5286945916469998,BEAR,50,18950.0,18750.0,61.65,54.35000000000001,-364.9999999999995,80.0,107.32475673,-552.3247567299995,0.0,3082.5,2023-10-23/2023-10-29,2023
HIGH_DISLOCATION,CONTINUE,15:10:00,2023-10-26,2023-10-27,2023-11-02,18950.0,-0.004135660156393599,0.14908490414312697,1.5286945916469998,BEAR,50,18950.0,18750.0,61.65,40.650000000000006,-1049.9999999999995,80.0,105.30542752000001,-1235.3054275199995,0.0,3082.5,2023-10-23/2023-10-29,2023
HIGH_DISLOCATION,FADE,10:30:00,2023-10-26,2023-10-27,2023-11-02,18950.0,-0.004135660156393599,0.14908490414312697,1.5286945916469998,BULL,50,18950.0,19150.0,86.6,94.1,375.0,80.0,113.42817685,181.57182315,0.0,4330.0,2023-10-23/2023-10-29,2023
HIGH_DISLOCATION,FADE,15:10:00,2023-10-26,2023-10-27,2023-11-02,18950.0,-0.004135660156393599,0.14908490414312697,1.5286945916469998,BULL,50,18950.0,19150.0,86.6,108.1,1075.0,80.0,115.18521620000001,879.8147838,0.0,4330.0,2023-10-23/2023-10-29,2023
HIGH_DISLOCATION,CONTINUE,10:30:00,2023-10-31,2023-11-01,2023-11-02,19150.0,-0.003852612861799975,0.1372781430268956,1.316358566880464,BEAR,50,19150.0,18950.0,83.75,94.3,527.4999999999999,80.0,108.271186765,339.2288132349999,0.0,4187.5,2023-10-30/2023-11-05,2023
HIGH_DISLOCATION,CONTINUE,15:10:00,2023-10-31,2023-11-01,2023-11-02,19150.0,-0.003852612861799975,0.1372781430268956,1.316358566880464,BEAR,50,19150.0,18950.0,83.75,129.0,2262.5,80.0,112.036046195,2070.463953805,0.0,4187.5,2023-10-30/2023-11-05,2023
HIGH_DISLOCATION,FADE,10:30:00,2023-10-31,2023-11-01,2023-11-02,19150.0,-0.003852612861799975,0.1372781430268956,1.316358566880464,BULL,50,19150.0,19350.0,34.95,23.5,-572.5000000000001,80.0,97.80561597499998,-750.3056159750001,0.0,1747.5000000000002,2023-10-30/2023-11-05,2023
HIGH_DISLOCATION,FADE,15:10:00,2023-10-31,2023-11-01,2023-11-02,19150.0,-0.003852612861799975,0.1372781430268956,1.316358566880464,BULL,50,19150.0,19350.0,34.95,7.9,-1352.5000000000002,80.0,96.446657605,-1528.9466576050002,0.0,1747.5000000000002,2023-10-30/2023-11-05,2023
LOW_DISLOCATION,CONTINUE,10:30:00,2023-11-01,2023-11-02,2023-11-02,19050.0,-0.00064977087716456,0.020190842668927875,-1.00998034677605,BEAR,50,19050.0,18850.0,6.3,5.8,-25.0,80.0,95.10361618000002,-200.10361618000002,0.0,315.0,2023-10-30/2023-11-05,2023
LOW_DISLOCATION,CONTINUE,15:10:00,2023-11-01,2023-11-02,2023-11-02,19050.0,-0.00064977087716456,0.020190842668927875,-1.00998034677605,BEAR,50,19050.0,18850.0,6.3,0.0,-315.0,80.0,94.64227695,-489.64227695,0.0,315.0,2023-10-30/2023-11-05,2023
LOW_DISLOCATION,FADE,10:30:00,2023-11-01,2023-11-02,2023-11-02,19050.0,-0.00064977087716456,0.020190842668927875,-1.00998034677605,BULL,50,19050.0,19250.0,94.95,64.95,-1500.0,80.0,101.76874114,-1681.76874114,0.0,4747.5,2023-10-30/2023-11-05,2023
LOW_DISLOCATION,FADE,15:10:00,2023-11-01,2023-11-02,2023-11-02,19050.0,-0.00064977087716456,0.020190842668927875,-1.00998034677605,BULL,50,19050.0,19250.0,94.95,82.25,-635.0000000000001,80.0,102.83893994,-817.8389399400002,0.0,4747.5,2023-10-30/2023-11-05,2023
LOW_DISLOCATION,CONTINUE,10:30:00,2023-11-03,2023-11-06,2023-11-09,19250.0,7.01400723221323e-05,0.0036584888957841262,-1.3163637882790724,BULL,50,19250.0,19450.0,112.64999999999999,116.1,172.50000000000014,80.0,112.886111865,-20.38611186499986,0.0,5632.5,2023-11-06/2023-11-12,2023
LOW_DISLOCATION,CONTINUE,15:10:00,2023-11-03,2023-11-06,2023-11-09,19250.0,7.01400723221323e-05,0.0036584888957841262,-1.3163637882790724,BULL,50,19250.0,19450.0,112.64999999999999,136.1,1172.5000000000002,80.0,115.904092015,976.5959079850002,0.0,5632.5,2023-11-06/2023-11-12,2023
LOW_DISLOCATION,FADE,10:30:00,2023-11-03,2023-11-06,2023-11-09,19250.0,7.01400723221323e-05,0.0036584888957841262,-1.3163637882790724,BEAR,50,19250.0,19050.0,24.35,22.75,-80.00000000000007,80.0,98.14440338,-258.1444033800001,0.0,1217.5,2023-11-06/2023-11-12,2023
LOW_DISLOCATION,FADE,15:10:00,2023-11-03,2023-11-06,2023-11-09,19250.0,7.01400723221323e-05,0.0036584888957841262,-1.3163637882790724,BEAR,50,19250.0,19050.0,24.35,13.650000000000002,-535.0,80.0,97.29629292999999,-712.2962929299999,0.0,1217.5,2023-11-06/2023-11-12,2023
LOW_DISLOCATION,CONTINUE,10:30:00,2023-11-06,2023-11-07,2023-11-09,19350.0,-0.00039019701072908814,0.018691434088253876,-1.013969502091879,BEAR,50,19350.0,19150.0,39.9,32.7,-359.9999999999998,80.0,99.49121011000001,-539.4912101099998,0.0,1995.0,2023-11-06/2023-11-12,2023
LOW_DISLOCATION,CONTINUE,15:10:00,2023-11-06,2023-11-07,2023-11-09,19350.0,-0.00039019701072908814,0.018691434088253876,-1.013969502091879,BEAR,50,19350.0,19150.0,39.9,30.450000000000003,-472.4999999999998,80.0,99.113634545,-651.6136345449997,0.0,1995.0,2023-11-06/2023-11-12,2023
LOW_DISLOCATION,FADE,10:30:00,2023-11-06,2023-11-07,2023-11-09,19350.0,-0.00039019701072908814,0.018691434088253876,-1.013969502091879,BULL,50,19350.0,19550.0,74.10000000000001,82.15,402.4999999999999,80.0,104.376234015,218.1237659849999,0.0,3705.0000000000005,2023-11-06/2023-11-12,2023
LOW_DISLOCATION,FADE,15:10:00,2023-11-06,2023-11-07,2023-11-09,19350.0,-0.00039019701072908814,0.018691434088253876,-1.013969502091879,BULL,50,19350.0,19550.0,74.10000000000001,79.14999999999999,252.49999999999915,80.0,104.159406245,68.34059375499915,0.0,3705.0000000000005,2023-11-06/2023-11-12,2023
HIGH_DISLOCATION,CONTINUE,10:30:00,2023-11-13,2023-11-15,2023-11-16,19450.0,-0.002213751423675485,0.12228011074066365,1.354216404223219,BEAR,50,19450.0,19250.0,4.699999999999999,4.0,-34.999999999999964,80.0,95.28002530999998,-210.28002530999996,0.0,234.99999999999997,2023-11-13/2023-11-19,2023
HIGH_DISLOCATION,CONTINUE,15:10:00,2023-11-13,2023-11-15,2023-11-16,19450.0,-0.002213751423675485,0.12228011074066365,1.354216404223219,BEAR,50,19450.0,19250.0,4.699999999999999,2.0,-134.99999999999997,80.0,95.02238016,-310.02238015999995,0.0,234.99999999999997,2023-11-13/2023-11-19,2023
HIGH_DISLOCATION,FADE,10:30:00,2023-11-13,2023-11-15,2023-11-16,19450.0,-0.002213751423675485,0.12228011074066365,1.354216404223219,BULL,50,19450.0,19650.0,148.35000000000002,147.45,-45.000000000001705,80.0,115.46000612,-240.4600061200017,0.0,7417.500000000001,2023-11-13/2023-11-19,2023
HIGH_DISLOCATION,FADE,15:10:00,2023-11-13,2023-11-15,2023-11-16,19450.0,-0.002213751423675485,0.12228011074066365,1.354216404223219,BULL,50,19450.0,19650.0,148.35000000000002,170.45000000000002,1104.9999999999998,80.0,118.91325453,906.0867454699998,0.0,7417.500000000001,2023-11-13/2023-11-19,2023
HIGH_DISLOCATION,CONTINUE,10:30:00,2023-11-16,2023-11-17,2023-11-23,19650.0,-0.0018522517944483633,0.10146976942853093,0.88458555073562,BEAR,50,19650.0,19450.0,33.25,26.6,-332.49999999999994,80.0,99.57658649500002,-512.0765864949999,0.0,1662.5,2023-11-13/2023-11-19,2023
HIGH_DISLOCATION,CONTINUE,15:10:00,2023-11-16,2023-11-17,2023-11-23,19650.0,-0.0018522517944483633,0.10146976942853093,0.88458555073562,BEAR,50,19650.0,19450.0,33.25,32.599999999999994,-32.500000000000284,80.0,100.07995708500002,-212.5799570850003,0.0,1662.5,2023-11-13/2023-11-19,2023
HIGH_DISLOCATION,FADE,10:30:00,2023-11-16,2023-11-17,2023-11-23,19650.0,-0.0018522517944483633,0.10146976942853093,0.88458555073562,BULL,50,19650.0,19850.0,112.60000000000001,125.25,632.4999999999995,80.0,119.360328015,433.13967198499955,0.0,5630.0,2023-11-13/2023-11-19,2023
HIGH_DISLOCATION,FADE,15:10:00,2023-11-16,2023-11-17,2023-11-23,19650.0,-0.0018522517944483633,0.10146976942853093,0.88458555073562,BULL,50,19650.0,19850.0,112.60000000000001,111.94999999999999,-32.500000000000995,80.0,116.88593180499998,-229.38593180500098,0.0,5630.0,2023-11-13/2023-11-19,2023
HIGH_DISLOCATION,CONTINUE,10:30:00,2023-11-17,2023-11-20,2023-11-23,19750.0,0.0038045507303060056,0.20435762620178766,3.2009057351584334,BULL,50,19750.0,19950.0,67.65,73.0,267.4999999999997,80.0,105.398313795,82.10168620499971,0.0,3382.5000000000005,2023-11-20/2023-11-26,2023
HIGH_DISLOCATION,CONTINUE,15:10:00,2023-11-17,2023-11-20,2023-11-23,19750.0,0.0038045507303060056,0.20435762620178766,3.2009057351584334,BULL,50,19750.0,19950.0,67.65,52.65,-750.0000000000003,80.0,103.08061581999999,-933.0806158200003,0.0,3382.5000000000005,2023-11-20/2023-11-26,2023
HIGH_DISLOCATION,FADE,10:30:00,2023-11-17,2023-11-20,2023-11-23,19750.0,0.0038045507303060056,0.20435762620178766,3.2009057351584334,BEAR,50,19750.0,19550.0,61.300000000000004,55.25000000000001,-302.4999999999999,80.0,103.41152123500001,-485.9115212349999,0.0,3065.0,2023-11-20/2023-11-26,2023
HIGH_DISLOCATION,FADE,15:10:00,2023-11-17,2023-11-20,2023-11-23,19750.0,0.0038045507303060056,0.20435762620178766,3.2009057351584334,BEAR,50,19750.0,19550.0,61.300000000000004,75.0,684.9999999999998,80.0,105.35679862,499.64320137999977,0.0,3065.0,2023-11-20/2023-11-26,2023
LOW_DISLOCATION,CONTINUE,10:30:00,2023-11-20,2023-11-21,2023-11-23,19750.0,-0.0005419724759025223,0.023846908856705765,-0.878251059725075,BEAR,50,19750.0,19550.0,38.800000000000004,34.8,-200.00000000000034,80.0,99.30389292000001,-379.30389292000035,0.0,1940.0000000000002,2023-11-20/2023-11-26,2023
LOW_DISLOCATION,CONTINUE,15:10:00,2023-11-20,2023-11-21,2023-11-23,19750.0,-0.0005419724759025223,0.023846908856705765,-0.878251059725075,BEAR,50,19750.0,19550.0,38.800000000000004,31.999999999999996,-340.0000000000004,80.0,99.00825709,-519.0082570900004,0.0,1940.0000000000002,2023-11-20/2023-11-26,2023
LOW_DISLOCATION,FADE,10:30:00,2023-11-20,2023-11-21,2023-11-23,19750.0,-0.0005419724759025223,0.023846908856705765,-0.878251059725075,BULL,50,19750.0,19950.0,79.75,80.69999999999999,47.49999999999943,80.0,105.310204475,-137.81020447500057,0.0,3987.5,2023-11-20/2023-11-26,2023
LOW_DISLOCATION,FADE,15:10:00,2023-11-20,2023-11-21,2023-11-23,19750.0,-0.0005419724759025223,0.023846908856705765,-0.878251059725075,BULL,50,19750.0,19950.0,79.75,79.9,7.500000000000284,80.0,105.12348835499999,-177.62348835499972,0.0,3987.5,2023-11-20/2023-11-26,2023
LOW_DISLOCATION,CONTINUE,10:30:00,2023-11-21,2023-11-22,2023-11-23,19800.0,5.056455323615406e-06,0.000229482022634905,-1.3837261527721507,BULL,50,19800.0,20000.0,52.25,56.1,192.50000000000006,80.0,100.75145015499999,11.74854984500007,0.0,2612.5,2023-11-20/2023-11-26,2023
LOW_DISLOCATION,CONTINUE,15:10:00,2023-11-21,2023-11-22,2023-11-23,19800.0,5.056455323615406e-06,0.000229482022634905,-1.3837261527721507,BULL,50,19800.0,20000.0,52.25,62.8,527.4999999999999,80.0,100.895334475,346.60466552499986,0.0,2612.5,2023-11-20/2023-11-26,2023
LOW_DISLOCATION,FADE,10:30:00,2023-11-21,2023-11-22,2023-11-23,19800.0,5.056455323615406e-06,0.000229482022634905,-1.3837261527721507,BEAR,50,19800.0,19600.0,44.4,38.7,-284.9999999999998,80.0,99.40209802,-464.40209801999976,0.0,2220.0,2023-11-20/2023-11-26,2023
LOW_DISLOCATION,FADE,15:10:00,2023-11-21,2023-11-22,2023-11-23,19800.0,5.056455323615406e-06,0.000229482022634905,-1.3837261527721507,BEAR,50,19800.0,19600.0,44.4,21.099999999999998,-1165.0,80.0,97.83661887,-1342.83661887,0.0,2220.0,2023-11-20/2023-11-26,2023
LOW_DISLOCATION,CONTINUE,10:30:00,2023-11-22,2023-11-23,2023-11-23,19800.0,-0.00011368545508287669,0.004851383419100127,-1.2362626545470832,BEAR,50,19800.0,19600.0,9.35,16.3,347.50000000000006,80.0,95.955866995,171.54413300500005,0.0,467.5,2023-11-20/2023-11-26,2023
LOW_DISLOCATION,CONTINUE,15:10:00,2023-11-22,2023-11-23,2023-11-23,19800.0,-0.00011368545508287669,0.004851383419100127,-1.2362626545470832,BEAR,50,19800.0,19600.0,9.35,1.65,-384.99999999999994,80.0,94.83141511,-559.83141511,0.0,467.5,2023-11-20/2023-11-26,2023
LOW_DISLOCATION,FADE,10:30:00,2023-11-22,2023-11-23,2023-11-23,19800.0,-0.00011368545508287669,0.004851383419100127,-1.2362626545470832,BULL,50,19800.0,20000.0,79.2,37.300000000000004,-2095.0,80.0,99.17956949,-2274.17956949,0.0,3960.0,2023-11-20/2023-11-26,2023
LOW_DISLOCATION,FADE,15:10:00,2023-11-22,2023-11-23,2023-11-23,19800.0,-0.00011368545508287669,0.004851383419100127,-1.2362626545470832,BULL,50,19800.0,20000.0,79.2,1.75,-3872.5,80.0,96.54439588500001,-4049.044395885,0.0,3960.0,2023-11-20/2023-11-26,2023
LOW_DISLOCATION,CONTINUE,10:30:00,2023-11-29,2023-11-30,2023-11-30,20000.0,0.0003729148677904533,0.01660127858811553,-0.9434686623227366,BULL,50,20000.0,20200.0,115.30000000000001,55.599999999999994,-2985.000000000001,80.0,102.20113829999998,-3167.201138300001,0.0,5765.000000000001,2023-11-27/2023-12-03,2023
LOW_DISLOCATION,CONTINUE,15:10:00,2023-11-29,2023-11-30,2023-11-30,20000.0,0.0003729148677904533,0.01660127858811553,-0.9434686623227366,BULL,50,20000.0,20200.0,115.30000000000001,132.2,844.9999999999989,80.0,107.36782933999999,657.6321706599989,0.0,5765.000000000001,2023-11-27/2023-12-03,2023
LOW_DISLOCATION,FADE,10:30:00,2023-11-29,2023-11-30,2023-11-30,20000.0,0.0003729148677904533,0.01660127858811553,-0.9434686623227366,BEAR,50,20000.0,19800.0,6.6,18.0,570.0,80.0,96.18229508,393.81770492,0.0,330.0,2023-11-27/2023-12-03,2023
LOW_DISLOCATION,FADE,15:10:00,2023-11-29,2023-11-30,2023-11-30,20000.0,0.0003729148677904533,0.01660127858811553,-0.9434686623227366,BEAR,50,20000.0,19800.0,6.6,0.04999999999999999,-327.5,80.0,94.736139355,-502.236139355,0.0,330.0,2023-11-27/2023-12-03,2023
HIGH_DISLOCATION,CONTINUE,10:30:00,2023-12-01,2023-12-04,2023-12-07,20250.0,0.002207226623463452,0.09650869048907343,0.8482122311951918,BULL,50,20250.0,20450.0,173.5,170.50000000000003,-149.99999999999858,80.0,144.08985269000001,-374.08985268999857,0.0,8675.0,2023-12-04/2023-12-10,2023
HIGH_DISLOCATION,CONTINUE,15:10:00,2023-12-01,2023-12-04,2023-12-07,20250.0,0.002207226623463452,0.09650869048907343,0.8482122311951918,BULL,50,20250.0,20450.0,173.5,186.3,640.0000000000006,80.0,154.05185056,405.9481494400006,0.0,8675.0,2023-12-04/2023-12-10,2023
HIGH_DISLOCATION,FADE,10:30:00,2023-12-01,2023-12-04,2023-12-07,20250.0,0.002207226623463452,0.09650869048907343,0.8482122311951918,BEAR,50,20250.0,20050.0,6.799999999999999,6.800000000000001,8.881784197001252e-14,80.0,96.57046188999999,-176.5704618899999,0.0,339.99999999999994,2023-12-04/2023-12-10,2023
HIGH_DISLOCATION,FADE,15:10:00,2023-12-01,2023-12-04,2023-12-07,20250.0,0.002207226623463452,0.09650869048907343,0.8482122311951918,BEAR,50,20250.0,20050.0,6.799999999999999,5.0,-89.99999999999994,80.0,96.56864092,-266.56864091999995,0.0,339.99999999999994,2023-12-04/2023-12-10,2023
HIGH_DISLOCATION,CONTINUE,10:30:00,2023-12-05,2023-12-06,2023-12-07,20750.0,-0.0029572721026660744,0.09985539307258248,0.9006380590657005,BEAR,50,20750.0,20550.0,11.85,15.450000000000001,180.00000000000006,80.0,97.27125433,2.728745670000052,0.0,592.5,2023-12-04/2023-12-10,2023
HIGH_DISLOCATION,CONTINUE,15:10:00,2023-12-05,2023-12-06,2023-12-07,20750.0,-0.0029572721026660744,0.09985539307258248,0.9006380590657005,BEAR,50,20750.0,20550.0,11.85,5.4,-322.49999999999994,80.0,96.03526428499998,-498.5352642849999,0.0,592.5,2023-12-04/2023-12-10,2023
HIGH_DISLOCATION,FADE,10:30:00,2023-12-05,2023-12-06,2023-12-07,20750.0,-0.0029572721026660744,0.09985539307258248,0.9006380590657005,BULL,50,20750.0,20950.0,137.65,126.55000000000001,-554.9999999999998,80.0,117.98266744,-752.9826674399998,0.0,6882.5,2023-12-04/2023-12-10,2023
HIGH_DISLOCATION,FADE,15:10:00,2023-12-05,2023-12-06,2023-12-07,20750.0,-0.0029572721026660744,0.09985539307258248,0.9006380590657005,BULL,50,20750.0,20950.0,137.65,155.2,877.4999999999991,80.0,121.101189845,676.3988101549991,0.0,6882.5,2023-12-04/2023-12-10,2023
LOW_DISLOCATION,CONTINUE,10:30:00,2023-12-06,2023-12-07,2023-12-07,20950.0,0.0001409577962801824,0.0046112549012202525,-1.2448113433080097,BULL,50,20950.0,21150.0,10.45,3.1500000000000004,-364.99999999999994,80.0,95.02702191,-540.0270219099999,0.0,522.5,2023-12-04/2023-12-10,2023
LOW_DISLOCATION,CONTINUE,15:10:00,2023-12-06,2023-12-07,2023-12-07,20950.0,0.0001409577962801824,0.0046112549012202525,-1.2448113433080097,BULL,50,20950.0,21150.0,10.45,0.05,-519.9999999999999,80.0,94.74734943,-694.7473494299999,0.0,522.5,2023-12-04/2023-12-10,2023
LOW_DISLOCATION,FADE,10:30:00,2023-12-06,2023-12-07,2023-12-07,20950.0,0.0001409577962801824,0.0046112549012202525,-1.2448113433080097,BEAR,50,20950.0,20750.0,84.25,84.5,12.5,80.0,103.220368655,-170.72036865500002,0.0,4212.5,2023-12-04/2023-12-10,2023
LOW_DISLOCATION,FADE,15:10:00,2023-12-06,2023-12-07,2023-12-07,20950.0,0.0001409577962801824,0.0046112549012202525,-1.2448113433080097,BEAR,50,20950.0,20750.0,84.25,47.7,-1827.4999999999998,80.0,100.389890265,-2007.8898902649998,0.0,4212.5,2023-12-04/2023-12-10,2023
HIGH_DISLOCATION,CONTINUE,10:30:00,2023-12-07,2023-12-08,2023-12-14,20850.0,-0.004276249030024439,0.18374175421206354,2.726615904485594,BEAR,50,20850.0,20650.0,36.95,26.450000000000003,-525.0,80.0,100.31748076,-705.31748076,0.0,1847.5000000000002,2023-12-04/2023-12-10,2023
HIGH_DISLOCATION,CONTINUE,15:10:00,2023-12-07,2023-12-08,2023-12-14,20850.0,-0.004276249030024439,0.18374175421206354,2.726615904485594,BEAR,50,20850.0,20650.0,36.95,28.750000000000004,-409.99999999999994,80.0,100.50803819,-590.50803819,0.0,1847.5000000000002,2023-12-04/2023-12-10,2023
HIGH_DISLOCATION,FADE,10:30:00,2023-12-07,2023-12-08,2023-12-14,20850.0,-0.004276249030024439,0.18374175421206354,2.726615904485594,BULL,50,20850.0,21050.0,114.69999999999999,128.15,672.5000000000009,80.0,124.626947445,467.8730525550009,0.0,5734.999999999999,2023-12-04/2023-12-10,2023
HIGH_DISLOCATION,FADE,15:10:00,2023-12-07,2023-12-08,2023-12-14,20850.0,-0.004276249030024439,0.18374175421206354,2.726615904485594,BULL,50,20850.0,21050.0,114.69999999999999,121.24999999999999,327.4999999999999,80.0,122.623792795,124.87620720499989,0.0,5734.999999999999,2023-12-04/2023-12-10,2023
LOW_DISLOCATION,CONTINUE,10:30:00,2023-12-11,2023-12-12,2023-12-14,20950.0,-0.000143000143000143,0.005695946776310642,-1.1876642351474973,BEAR,50,20950.0,20750.0,34.650000000000006,40.75,304.9999999999997,80.0,100.36680784,124.63319215999971,0.0,1732.5000000000002,2023-12-11/2023-12-17,2023
LOW_DISLOCATION,CONTINUE,15:10:00,2023-12-11,2023-12-12,2023-12-14,20950.0,-0.000143000143000143,0.005695946776310642,-1.1876642351474973,BEAR,50,20950.0,20750.0,34.650000000000006,58.64999999999999,1199.9999999999993,80.0,102.29278491000001,1017.7072150899993,0.0,1732.5000000000002,2023-12-11/2023-12-17,2023
LOW_DISLOCATION,FADE,10:30:00,2023-12-11,2023-12-12,2023-12-14,20950.0,-0.000143000143000143,0.005695946776310642,-1.1876642351474973,BULL,50,20950.0,21150.0,100.5,89.35,-557.5000000000002,80.0,109.841060935,-747.3410609350002,0.0,5025.0,2023-12-11/2023-12-17,2023
LOW_DISLOCATION,FADE,15:10:00,2023-12-11,2023-12-12,2023-12-14,20950.0,-0.000143000143000143,0.005695946776310642,-1.1876642351474973,BULL,50,20950.0,21150.0,100.5,66.55,-1697.5000000000002,80.0,107.020097975,-1884.5200979750002,0.0,5025.0,2023-12-11/2023-12-17,2023
LOW_DISLOCATION,CONTINUE,10:30:00,2023-12-12,2023-12-13,2023-12-14,21000.0,0.000489912790766774,0.019005932005950636,-0.9043786234167864,BULL,50,21000.0,21200.0,44.35,12.350000000000001,-1600.0,80.0,97.22594425,-1777.2259442499999,0.0,2217.5,2023-12-11/2023-12-17,2023
LOW_DISLOCATION,CONTINUE,15:10:00,2023-12-12,2023-12-13,2023-12-14,21000.0,0.000489912790766774,0.019005932005950636,-0.9043786234167864,BULL,50,21000.0,21200.0,44.35,21.45,-1145.0,80.0,97.71153644,-1322.71153644,0.0,2217.5,2023-12-11/2023-12-17,2023
LOW_DISLOCATION,FADE,10:30:00,2023-12-12,2023-12-13,2023-12-14,21000.0,0.000489912790766774,0.019005932005950636,-0.9043786234167864,BEAR,50,21000.0,20800.0,69.3,125.64999999999999,2817.4999999999995,80.0,111.21766641500001,2626.2823335849994,0.0,3465.0,2023-12-11/2023-12-17,2023
LOW_DISLOCATION,FADE,15:10:00,2023-12-12,2023-12-13,2023-12-14,21000.0,0.000489912790766774,0.019005932005950636,-0.9043786234167864,BEAR,50,21000.0,20800.0,69.3,77.2,395.0000000000003,80.0,104.40280637000001,210.59719363000028,0.0,3465.0,2023-12-11/2023-12-17,2023
LOW_DISLOCATION,CONTINUE,10:30:00,2023-12-14,2023-12-15,2023-12-21,21150.0,0.00047350614729355724,0.024343359277898154,-0.7630279339378877,BULL,50,21150.0,21350.0,127.69999999999999,137.79999999999998,504.9999999999997,80.0,128.23828375999997,296.7617162399997,0.0,6384.999999999999,2023-12-11/2023-12-17,2023
LOW_DISLOCATION,CONTINUE,15:10:00,2023-12-14,2023-12-15,2023-12-21,21150.0,0.00047350614729355724,0.024343359277898154,-0.7630279339378877,BULL,50,21150.0,21350.0,127.69999999999999,165.04999999999998,1867.4999999999998,80.0,137.996910285,1649.5030897149998,0.0,6384.999999999999,2023-12-11/2023-12-17,2023
LOW_DISLOCATION,FADE,10:30:00,2023-12-14,2023-12-15,2023-12-21,21150.0,0.00047350614729355724,0.024343359277898154,-0.7630279339378877,BEAR,50,21150.0,20950.0,28.25,24.0,-212.5,80.0,100.05307679500001,-392.55307679500004,0.0,1412.5,2023-12-11/2023-12-17,2023
LOW_DISLOCATION,FADE,15:10:00,2023-12-14,2023-12-15,2023-12-21,21150.0,0.00047350614729355724,0.024343359277898154,-0.7630279339378877,BEAR,50,21150.0,20950.0,28.25,14.850000000000001,-669.9999999999999,80.0,99.22931603,-849.2293160299998,0.0,1412.5,2023-12-11/2023-12-17,2023
HIGH_DISLOCATION,CONTINUE,10:30:00,2023-12-15,2023-12-18,2023-12-21,21250.0,-0.002087035728455322,0.09953752881743634,0.8495757391156061,BEAR,50,21250.0,21050.0,24.400000000000002,23.1,-65.00000000000003,80.0,99.82483958,-244.82483958000003,0.0,1220.0,2023-12-18/2023-12-24,2023
HIGH_DISLOCATION,CONTINUE,15:10:00,2023-12-15,2023-12-18,2023-12-21,21250.0,-0.002087035728455322,0.09953752881743634,0.8495757391156061,BEAR,50,21250.0,21050.0,24.400000000000002,25.599999999999998,59.99999999999979,80.0,99.80645419,-119.80645419000021,0.0,1220.0,2023-12-18/2023-12-24,2023
HIGH_DISLOCATION,FADE,10:30:00,2023-12-15,2023-12-18,2023-12-21,21250.0,-0.002087035728455322,0.09953752881743634,0.8495757391156061,BULL,50,21250.0,21450.0,134.55,139.25000000000003,235.00000000000085,80.0,130.64496158,24.355038420000852,0.0,6727.500000000001,2023-12-18/2023-12-24,2023
HIGH_DISLOCATION,FADE,15:10:00,2023-12-15,2023-12-18,2023-12-21,21250.0,-0.002087035728455322,0.09953752881743634,0.8495757391156061,BULL,50,21250.0,21450.0,134.55,130.1,-222.50000000000085,80.0,127.376526395,-429.87652639500084,0.0,6727.500000000001,2023-12-18/2023-12-24,2023
LOW_DISLOCATION,CONTINUE,10:30:00,2023-12-20,2023-12-21,2023-12-21,21550.0,0.0006008876432908564,0.023743430585359777,-0.8072270710534475,BULL,50,21550.0,21750.0,0.3500000000000001,0.44999999999999996,4.999999999999993,80.0,94.63945617000002,-169.63945617000002,0.0,17.500000000000004,2023-12-18/2023-12-24,2023
LOW_DISLOCATION,CONTINUE,15:10:00,2023-12-20,2023-12-21,2023-12-21,21550.0,0.0006008876432908564,0.023743430585359777,-0.8072270710534475,BULL,50,21550.0,21750.0,0.3500000000000001,0.0,-17.500000000000004,80.0,94.528618765,-192.028618765,0.0,17.500000000000004,2023-12-18/2023-12-24,2023
LOW_DISLOCATION,FADE,10:30:00,2023-12-20,2023-12-21,2023-12-21,21550.0,0.0006008876432908564,0.023743430585359777,-0.8072270710534475,BEAR,50,21550.0,21350.0,199.64999999999998,194.39999999999998,-262.5,80.0,171.449571685,-513.949571685,0.0,9982.499999999998,2023-12-18/2023-12-24,2023
LOW_DISLOCATION,FADE,15:10:00,2023-12-20,2023-12-21,2023-12-21,21550.0,0.0006008876432908564,0.023743430585359777,-0.8072270710534475,BEAR,50,21550.0,21350.0,199.64999999999998,201.14999999999998,75.0,80.0,156.12025124000002,-161.12025124000002,0.0,9982.499999999998,2023-12-18/2023-12-24,2023
LOW_DISLOCATION,CONTINUE,10:30:00,2023-12-28,2023-12-29,2024-01-04,21750.0,0.0005916574004368846,0.019705009249045207,-0.8819785226536527,BULL,50,21750.0,21950.0,92.35000000000001,84.9,-372.5000000000001,80.0,117.11608375499999,-569.6160837550001,0.0,4617.5,2023-12-25/2023-12-31,2023
LOW_DISLOCATION,CONTINUE,15:10:00,2023-12-28,2023-12-29,2024-01-04,21750.0,0.0005916574004368846,0.019705009249045207,-0.8819785226536527,BULL,50,21750.0,21950.0,92.35000000000001,88.69999999999999,-182.500000000001,80.0,117.06880365499998,-379.56880365500103,0.0,4617.5,2023-12-25/2023-12-31,2023
LOW_DISLOCATION,FADE,10:30:00,2023-12-28,2023-12-29,2024-01-04,21750.0,0.0005916574004368846,0.019705009249045207,-0.8819785226536527,BEAR,50,21750.0,21550.0,66.39999999999999,72.95,327.50000000000057,80.0,114.313758835,133.18624116500058,0.0,3319.9999999999995,2023-12-25/2023-12-31,2023
LOW_DISLOCATION,FADE,15:10:00,2023-12-28,2023-12-29,2024-01-04,21750.0,0.0005916574004368846,0.019705009249045207,-0.8819785226536527,BEAR,50,21750.0,21550.0,66.39999999999999,65.05,-67.49999999999972,80.0,111.473011935,-258.9730119349997,0.0,3319.9999999999995,2023-12-25/2023-12-31,2023
LOW_DISLOCATION,CONTINUE,10:30:00,2024-01-04,2024-01-05,2024-01-11,21600.0,0.0003099993291059632,0.013397399002449868,-1.0106047077723452,BULL,50,21600.0,21800.0,113.19999999999999,116.2,150.0000000000007,80.0,122.02413776,-52.02413775999929,0.0,5659.999999999999,2024-01-01/2024-01-07,2024
LOW_DISLOCATION,CONTINUE,15:10:00,2024-01-04,2024-01-05,2024-01-11,21600.0,0.0003099993291059632,0.013397399002449868,-1.0106047077723452,BULL,50,21600.0,21800.0,113.19999999999999,117.64999999999999,222.50000000000014,80.0,121.35053058499999,21.149469415000155,0.0,5659.999999999999,2024-01-01/2024-01-07,2024
LOW_DISLOCATION,FADE,10:30:00,2024-01-04,2024-01-05,2024-01-11,21600.0,0.0003099993291059632,0.013397399002449868,-1.0106047077723452,BEAR,50,21600.0,21400.0,39.35,37.2,-107.49999999999993,80.0,101.84687804500001,-289.3468780449999,0.0,1967.5,2024-01-01/2024-01-07,2024
LOW_DISLOCATION,FADE,15:10:00,2024-01-04,2024-01-05,2024-01-11,21600.0,0.0003099993291059632,0.013397399002449868,-1.0106047077723452,BEAR,50,21600.0,21400.0,39.35,36.1,-162.5,80.0,101.70865896500001,-344.20865896500004,0.0,1967.5,2024-01-01/2024-01-07,2024
LOW_DISLOCATION,CONTINUE,10:30:00,2024-01-05,2024-01-08,2024-01-11,21750.0,0.0003315359785607069,0.01634005752110609,-0.9300748823090397,BULL,50,21750.0,21950.0,62.85000000000001,61.4,-72.5000000000005,80.0,104.434014555,-256.93401455500054,0.0,3142.5000000000005,2024-01-08/2024-01-14,2024
LOW_DISLOCATION,CONTINUE,15:10:00,2024-01-05,2024-01-08,2024-01-11,21750.0,0.0003315359785607069,0.01634005752110609,-0.9300748823090397,BULL,50,21750.0,21950.0,62.85000000000001,22.1,-2037.5000000000005,80.0,100.42747036499999,-2217.9274703650003,0.0,3142.5000000000005,2024-01-08/2024-01-14,2024
LOW_DISLOCATION,FADE,10:30:00,2024-01-05,2024-01-08,2024-01-11,21750.0,0.0003315359785607069,0.01634005752110609,-0.9300748823090397,BEAR,50,21750.0,21550.0,74.05,74.5,22.500000000000142,80.0,109.03015848499999,-166.53015848499984,0.0,3702.5,2024-01-08/2024-01-14,2024
LOW_DISLOCATION,FADE,15:10:00,2024-01-05,2024-01-08,2024-01-11,21750.0,0.0003315359785607069,0.01634005752110609,-0.9300748823090397,BEAR,50,21750.0,21550.0,74.05,137.85,3190.0,80.0,119.74786807000001,2990.25213193,0.0,3702.5,2024-01-08/2024-01-14,2024
LOW_DISLOCATION,CONTINUE,10:30:00,2024-01-09,2024-01-10,2024-01-11,21650.0,0.0004086778233402852,0.01646295812583241,-0.9124922411836978,BULL,50,21650.0,21850.0,18.75,26.499999999999996,387.49999999999983,80.0,97.85292567500001,209.64707432499983,0.0,937.5,2024-01-08/2024-01-14,2024
LOW_DISLOCATION,CONTINUE,15:10:00,2024-01-09,2024-01-10,2024-01-11,21650.0,0.0004086778233402852,0.01646295812583241,-0.9124922411836978,BULL,50,21650.0,21850.0,18.75,51.1,1617.5,80.0,99.27676093500001,1438.223239065,0.0,937.5,2024-01-08/2024-01-14,2024
LOW_DISLOCATION,FADE,10:30:00,2024-01-09,2024-01-10,2024-01-11,21650.0,0.0004086778233402852,0.01646295812583241,-0.9124922411836978,BEAR,50,21650.0,21450.0,124.1,104.30000000000001,-989.9999999999991,80.0,115.02491946999999,-1185.024919469999,0.0,6205.0,2024-01-08/2024-01-14,2024
LOW_DISLOCATION,FADE,15:10:00,2024-01-09,2024-01-10,2024-01-11,21650.0,0.0004086778233402852,0.01646295812583241,-0.9124922411836978,BEAR,50,21650.0,21450.0,124.1,48.1,-3800.0,80.0,107.894311,-3987.894311,0.0,6205.0,2024-01-08/2024-01-14,2024
LOW_DISLOCATION,CONTINUE,10:30:00,2024-01-11,2024-01-12,2024-01-18,21700.0,0.0004240657301882127,0.018855463089940638,-0.8649775366305703,BULL,50,21700.0,21900.0,98.69999999999999,116.85,907.5000000000002,80.0,120.808993625,706.6910063750003,0.0,4934.999999999999,2024-01-08/2024-01-14,2024
LOW_DISLOCATION,CONTINUE,15:10:00,2024-01-11,2024-01-12,2024-01-18,21700.0,0.0004240657301882127,0.018855463089940638,-0.8649775366305703,BULL,50,21700.0,21900.0,98.69999999999999,132.0,1665.0000000000005,80.0,124.00913598999999,1460.9908640100005,0.0,4934.999999999999,2024-01-08/2024-01-14,2024
LOW_DISLOCATION,FADE,10:30:00,2024-01-11,2024-01-12,2024-01-18,21700.0,0.0004240657301882127,0.018855463089940638,-0.8649775366305703,BEAR,50,21700.0,21500.0,57.25,43.349999999999994,-695.0000000000002,80.0,106.28164942999999,-881.2816494300002,0.0,2862.5,2024-01-08/2024-01-14,2024
LOW_DISLOCATION,FADE,15:10:00,2024-01-11,2024-01-12,2024-01-18,21700.0,0.0004240657301882127,0.018855463089940638,-0.8649775366305703,BEAR,50,21700.0,21500.0,57.25,32.75,-1225.0,80.0,104.78831921,-1409.78831921,0.0,2862.5,2024-01-08/2024-01-14,2024
HIGH_DISLOCATION,CONTINUE,10:30:00,2024-01-12,2024-01-15,2024-01-18,21750.0,-0.002519602646271261,0.11384238668160089,1.3744385697103085,BEAR,50,21750.0,21550.0,17.8,21.75,197.49999999999997,80.0,99.42928920499999,18.070710794999982,0.0,890.0,2024-01-15/2024-01-21,2024
HIGH_DISLOCATION,CONTINUE,15:10:00,2024-01-12,2024-01-15,2024-01-18,21750.0,-0.002519602646271261,0.11384238668160089,1.3744385697103085,BEAR,50,21750.0,21550.0,17.8,14.2,-180.00000000000006,80.0,98.51884135,-358.51884135000006,0.0,890.0,2024-01-15/2024-01-21,2024
HIGH_DISLOCATION,FADE,10:30:00,2024-01-12,2024-01-15,2024-01-18,21750.0,-0.002519602646271261,0.11384238668160089,1.3744385697103085,BULL,50,21750.0,21950.0,158.40000000000003,150.10000000000002,-415.00000000000057,80.0,142.59956037999999,-637.5995603800005,0.0,7920.000000000002,2024-01-15/2024-01-21,2024
HIGH_DISLOCATION,FADE,15:10:00,2024-01-12,2024-01-15,2024-01-18,21750.0,-0.002519602646271261,0.11384238668160089,1.3744385697103085,BULL,50,21750.0,21950.0,158.40000000000003,166.8,419.99999999999886,80.0,147.24321042,192.75678957999887,0.0,7920.000000000002,2024-01-15/2024-01-21,2024
HIGH_DISLOCATION,CONTINUE,10:30:00,2024-01-17,2024-01-18,2024-01-18,21800.0,0.004509970379529579,0.12659403778088824,1.6412517416623211,BULL,50,21800.0,22000.0,0.6500000000000001,0.6000000000000001,-2.500000000000002,80.0,94.628847165,-177.128847165,0.0,32.50000000000001,2024-01-15/2024-01-21,2024
HIGH_DISLOCATION,CONTINUE,15:10:00,2024-01-17,2024-01-18,2024-01-18,21800.0,0.004509970379529579,0.12659403778088824,1.6412517416623211,BULL,50,21800.0,22000.0,0.6500000000000001,0.0,-32.50000000000001,80.0,94.525991435,-207.02599143499998,0.0,32.50000000000001,2024-01-15/2024-01-21,2024
HIGH_DISLOCATION,FADE,10:30:00,2024-01-17,2024-01-18,2024-01-18,21800.0,0.004509970379529579,0.12659403778088824,1.6412517416623211,BEAR,50,21800.0,21600.0,195.15000000000003,195.8,32.49999999999886,80.0,147.48053472499998,-194.98053472500112,0.0,9757.500000000002,2024-01-15/2024-01-21,2024
HIGH_DISLOCATION,FADE,15:10:00,2024-01-17,2024-01-18,2024-01-18,21800.0,0.004509970379529579,0.12659403778088824,1.6412517416623211,BEAR,50,21800.0,21600.0,195.15000000000003,200.1,247.499999999998,80.0,143.968922465,23.53107753499802,0.0,9757.500000000002,2024-01-15/2024-01-21,2024
LOW_DISLOCATION,CONTINUE,10:30:00,2024-01-18,2024-01-19,2024-01-25,21450.0,0.0005670495223248478,0.01757982537067158,-0.8806710804535108,BULL,50,21450.0,21650.0,127.84999999999997,133.55,285.0000000000023,80.0,138.7840434,66.21595660000227,0.0,6392.499999999998,2024-01-15/2024-01-21,2024
LOW_DISLOCATION,CONTINUE,15:10:00,2024-01-18,2024-01-19,2024-01-25,21450.0,0.0005670495223248478,0.01757982537067158,-0.8806710804535108,BULL,50,21450.0,21650.0,127.84999999999997,128.60000000000002,37.50000000000284,80.0,136.528401535,-179.02840153499716,0.0,6392.499999999998,2024-01-15/2024-01-21,2024
LOW_DISLOCATION,FADE,10:30:00,2024-01-18,2024-01-19,2024-01-25,21450.0,0.0005670495223248478,0.01757982537067158,-0.8806710804535108,BEAR,50,21450.0,21250.0,37.75,33.0,-237.5,80.0,103.51276128500001,-421.012761285,0.0,1887.5,2024-01-15/2024-01-21,2024
LOW_DISLOCATION,FADE,15:10:00,2024-01-18,2024-01-19,2024-01-25,21450.0,0.0005670495223248478,0.01757982537067158,-0.8806710804535108,BEAR,50,21450.0,21250.0,37.75,34.5,-162.5,80.0,103.814053475,-346.314053475,0.0,1887.5,2024-01-15/2024-01-21,2024
LOW_DISLOCATION,CONTINUE,10:30:00,2024-01-23,2024-01-24,2024-01-25,21700.0,-0.000529331891095717,0.016892739809886505,-0.8916531013422202,BEAR,50,21700.0,21500.0,175.70000000000005,149.10000000000002,-1330.0000000000011,80.0,148.52774095,-1558.527740950001,0.0,8785.000000000002,2024-01-22/2024-01-28,2024
LOW_DISLOCATION,CONTINUE,15:10:00,2024-01-23,2024-01-24,2024-01-25,21700.0,-0.000529331891095717,0.016892739809886505,-0.8916531013422202,BEAR,50,21700.0,21500.0,175.70000000000005,150.6,-1255.0000000000025,80.0,143.72124381,-1478.7212438100025,0.0,8785.000000000002,2024-01-22/2024-01-28,2024
LOW_DISLOCATION,FADE,10:30:00,2024-01-23,2024-01-24,2024-01-25,21700.0,-0.000529331891095717,0.016892739809886505,-0.8916531013422202,BULL,50,21700.0,21900.0,7.0,15.75,437.5,80.0,96.543294385,260.95670561500003,0.0,350.0,2024-01-22/2024-01-28,2024
LOW_DISLOCATION,FADE,15:10:00,2024-01-23,2024-01-24,2024-01-25,21700.0,-0.000529331891095717,0.016892739809886505,-0.8916531013422202,BULL,50,21700.0,21900.0,7.0,9.0,100.0,80.0,95.83350566000001,-75.83350566000001,0.0,350.0,2024-01-22/2024-01-28,2024
HIGH_DISLOCATION,CONTINUE,10:30:00,2024-01-29,2024-01-30,2024-02-01,21550.0,0.004972119284220153,0.10635179145375727,1.223441307621645,BULL,50,21550.0,21750.0,125.49999999999997,128.1,130.00000000000114,80.0,141.75773992,-91.75773991999887,0.0,6274.999999999998,2024-01-29/2024-02-04,2024
HIGH_DISLOCATION,CONTINUE,15:10:00,2024-01-29,2024-01-30,2024-02-01,21550.0,0.004972119284220153,0.10635179145375727,1.223441307621645,BULL,50,21550.0,21750.0,125.49999999999997,77.19999999999999,-2414.999999999999,80.0,127.03122890999998,-2622.0312289099993,0.0,6274.999999999998,2024-01-29/2024-02-04,2024
HIGH_DISLOCATION,FADE,10:30:00,2024-01-29,2024-01-30,2024-02-01,21550.0,0.004972119284220153,0.10635179145375727,1.223441307621645,BEAR,50,21550.0,21350.0,43.05,43.1,2.500000000000213,80.0,107.60291913500001,-185.1029191349998,0.0,2152.5,2024-01-29/2024-02-04,2024
HIGH_DISLOCATION,FADE,15:10:00,2024-01-29,2024-01-30,2024-02-01,21550.0,0.004972119284220153,0.10635179145375727,1.223441307621645,BEAR,50,21550.0,21350.0,43.05,80.25,1860.0000000000002,80.0,113.51631873,1666.4836812700003,0.0,2152.5,2024-01-29/2024-02-04,2024
LOW_DISLOCATION,CONTINUE,10:30:00,2024-01-31,2024-02-01,2024-02-01,21500.0,0.0008044996175138764,0.013170719643702672,-0.9616737806503068,BULL,50,21500.0,21700.0,136.35,167.04999999999998,1534.9999999999995,80.0,131.09420244999998,1323.9057975499995,0.0,6817.5,2024-01-29/2024-02-04,2024
LOW_DISLOCATION,CONTINUE,15:10:00,2024-01-31,2024-02-01,2024-02-01,21500.0,0.0008044996175138764,0.013170719643702672,-0.9616737806503068,BULL,50,21500.0,21700.0,136.35,196.75,3020.0000000000005,80.0,121.84052763,2818.1594723700005,0.0,6817.5,2024-01-29/2024-02-04,2024
LOW_DISLOCATION,FADE,10:30:00,2024-01-31,2024-02-01,2024-02-01,21500.0,0.0008044996175138764,0.013170719643702672,-0.9616737806503068,BEAR,50,21500.0,21300.0,23.499999999999996,8.45,-752.4999999999999,80.0,97.853098405,-930.3530984049999,0.0,1174.9999999999998,2024-01-29/2024-02-04,2024
LOW_DISLOCATION,FADE,15:10:00,2024-01-31,2024-02-01,2024-02-01,21500.0,0.0008044996175138764,0.013170719643702672,-0.9616737806503068,BEAR,50,21500.0,21300.0,23.499999999999996,0.0,-1174.9999999999998,80.0,96.47000156000001,-1351.4700015599997,0.0,1174.9999999999998,2024-01-29/2024-02-04,2024
HIGH_DISLOCATION,CONTINUE,10:30:00,2024-02-01,2024-02-02,2024-02-08,21700.0,-0.0032953390229181778,0.08756653710950243,0.8182277337724948,BEAR,50,21700.0,21500.0,31.950000000000003,28.0,-197.50000000000014,80.0,102.64445631500001,-380.1444563150001,0.0,1597.5000000000002,2024-01-29/2024-02-04,2024
HIGH_DISLOCATION,CONTINUE,15:10:00,2024-02-01,2024-02-02,2024-02-08,21700.0,-0.0032953390229181778,0.08756653710950243,0.8182277337724948,BEAR,50,21700.0,21500.0,31.950000000000003,41.3,467.4999999999997,80.0,104.50071241500001,282.9992875849997,0.0,1597.5000000000002,2024-01-29/2024-02-04,2024
HIGH_DISLOCATION,FADE,10:30:00,2024-02-01,2024-02-02,2024-02-08,21700.0,-0.0032953390229181778,0.08756653710950243,0.8182277337724948,BULL,50,21700.0,21900.0,135.04999999999998,145.7,532.5000000000002,80.0,146.500697515,305.9993024850002,0.0,6752.499999999999,2024-01-29/2024-02-04,2024
HIGH_DISLOCATION,FADE,15:10:00,2024-02-01,2024-02-02,2024-02-08,21700.0,-0.0032953390229181778,0.08756653710950243,0.8182277337724948,BULL,50,21700.0,21900.0,135.04999999999998,124.75,-514.9999999999991,80.0,139.09784156999999,-734.0978415699991,0.0,6752.499999999999,2024-01-29/2024-02-04,2024
HIGH_DISLOCATION,CONTINUE,10:30:00,2024-02-02,2024-02-05,2024-02-08,21950.0,0.0052643756629149165,0.19126132965125217,3.246118598006879,BULL,50,21950.0,22150.0,66.9,61.150000000000006,-287.5,80.0,110.60874172499999,-478.10874172499996,0.0,3345.0000000000005,2024-02-05/2024-02-11,2024
HIGH_DISLOCATION,CONTINUE,15:10:00,2024-02-02,2024-02-05,2024-02-08,21950.0,0.0052643756629149165,0.19126132965125217,3.246118598006879,BULL,50,21950.0,22150.0,66.9,41.449999999999996,-1272.5000000000005,80.0,107.300585695,-1459.8005856950003,0.0,3345.0000000000005,2024-02-05/2024-02-11,2024
HIGH_DISLOCATION,FADE,10:30:00,2024-02-02,2024-02-05,2024-02-08,21950.0,0.0052643756629149165,0.19126132965125217,3.246118598006879,BEAR,50,21950.0,21750.0,92.39999999999999,97.3,245.00000000000028,80.0,122.37695898,42.62304102000029,0.0,4620.0,2024-02-05/2024-02-11,2024
HIGH_DISLOCATION,FADE,15:10:00,2024-02-02,2024-02-05,2024-02-08,21950.0,0.0052643756629149165,0.19126132965125217,3.246118598006879,BEAR,50,21950.0,21750.0,92.39999999999999,120.30000000000001,1395.000000000001,80.0,126.61101595,1188.388984050001,0.0,4620.0,2024-02-05/2024-02-11,2024
LOW_DISLOCATION,CONTINUE,10:30:00,2024-02-05,2024-02-06,2024-02-08,21900.0,-0.0008120011951929032,0.021619120837838086,-0.7790616724404295,BEAR,50,21900.0,21700.0,103.3,100.95000000000002,-117.499999999999,80.0,122.347548085,-319.847548084999,0.0,5165.0,2024-02-05/2024-02-11,2024
LOW_DISLOCATION,CONTINUE,15:10:00,2024-02-05,2024-02-06,2024-02-08,21900.0,-0.0008120011951929032,0.021619120837838086,-0.7790616724404295,BEAR,50,21900.0,21700.0,103.3,63.449999999999996,-1992.5,80.0,114.77341430499999,-2187.273414305,0.0,5165.0,2024-02-05/2024-02-11,2024
LOW_DISLOCATION,FADE,10:30:00,2024-02-05,2024-02-06,2024-02-08,21900.0,-0.0008120011951929032,0.021619120837838086,-0.7790616724404295,BULL,50,21900.0,22100.0,51.45,51.300000000000004,-7.499999999999929,80.0,105.130156365,-192.63015636499995,0.0,2572.5,2024-02-05/2024-02-11,2024
LOW_DISLOCATION,FADE,15:10:00,2024-02-05,2024-02-06,2024-02-08,21900.0,-0.0008120011951929032,0.021619120837838086,-0.7790616724404295,BULL,50,21900.0,22100.0,51.45,83.80000000000001,1617.5000000000005,80.0,109.14841201499999,1428.3515879850004,0.0,2572.5,2024-02-05/2024-02-11,2024
LOW_DISLOCATION,CONTINUE,10:30:00,2024-02-08,2024-02-09,2024-02-15,22000.0,-0.000570168165535005,0.020123706310856006,-0.7889085021441153,BEAR,50,22000.0,21800.0,119.0,123.30000000000001,215.00000000000057,80.0,141.19941549,-6.1994154899994385,0.0,5950.0,2024-02-05/2024-02-11,2024
LOW_DISLOCATION,CONTINUE,15:10:00,2024-02-08,2024-02-09,2024-02-15,22000.0,-0.000570168165535005,0.020123706310856006,-0.7889085021441153,BEAR,50,22000.0,21800.0,119.0,112.79999999999998,-310.00000000000085,80.0,135.49772125,-525.4977212500008,0.0,5950.0,2024-02-05/2024-02-11,2024
LOW_DISLOCATION,FADE,10:30:00,2024-02-08,2024-02-09,2024-02-15,22000.0,-0.000570168165535005,0.020123706310856006,-0.7889085021441153,BULL,50,22000.0,22200.0,46.99999999999999,41.95,-252.4999999999995,80.0,104.486144655,-436.9861446549995,0.0,2349.9999999999995,2024-02-05/2024-02-11,2024
LOW_DISLOCATION,FADE,15:10:00,2024-02-08,2024-02-09,2024-02-15,22000.0,-0.000570168165535005,0.020123706310856006,-0.7889085021441153,BULL,50,22000.0,22200.0,46.99999999999999,46.4,-29.999999999999716,80.0,104.93101322999999,-214.9310132299997,0.0,2349.9999999999995,2024-02-05/2024-02-11,2024
HIGH_DISLOCATION,CONTINUE,10:30:00,2024-02-13,2024-02-14,2024-02-15,21550.0,-0.004057122812199884,0.09725008653903525,0.9648788528528572,BEAR,50,21550.0,21350.0,72.0,52.650000000000006,-967.4999999999998,80.0,105.30593482500001,-1152.805934825,0.0,3600.0,2024-02-12/2024-02-18,2024
HIGH_DISLOCATION,CONTINUE,15:10:00,2024-02-13,2024-02-14,2024-02-15,21550.0,-0.004057122812199884,0.09725008653903525,0.9648788528528572,BEAR,50,21550.0,21350.0,72.0,6.65,-3267.4999999999995,80.0,100.48159416499999,-3447.9815941649995,0.0,3600.0,2024-02-12/2024-02-18,2024
HIGH_DISLOCATION,FADE,10:30:00,2024-02-13,2024-02-14,2024-02-15,21550.0,-0.004057122812199884,0.09725008653903525,0.9648788528528572,BULL,50,21550.0,21750.0,66.35,81.05,735.0000000000001,80.0,106.65915787,548.34084213,0.0,3317.4999999999995,2024-02-12/2024-02-18,2024
HIGH_DISLOCATION,FADE,15:10:00,2024-02-13,2024-02-14,2024-02-15,21550.0,-0.004057122812199884,0.09725008653903525,0.9648788528528572,BULL,50,21550.0,21750.0,66.35,175.7,5467.5,80.0,124.972615025,5262.527384975,0.0,3317.4999999999995,2024-02-12/2024-02-18,2024
LOW_DISLOCATION,CONTINUE,10:30:00,2024-02-20,2024-02-21,2024-02-22,22100.0,-0.0008298905313333897,0.023116570805993473,-0.7607031985243193,BEAR,50,22100.0,21900.0,40.900000000000006,42.05,57.499999999999574,80.0,102.112809845,-124.61280984500043,0.0,2045.0000000000002,2024-02-19/2024-02-25,2024
LOW_DISLOCATION,CONTINUE,15:10:00,2024-02-20,2024-02-21,2024-02-22,22100.0,-0.0008298905313333897,0.023116570805993473,-0.7607031985243193,BEAR,50,22100.0,21900.0,40.900000000000006,86.15,2262.5,80.0,105.836054415,2076.663945585,0.0,2045.0000000000002,2024-02-19/2024-02-25,2024
LOW_DISLOCATION,FADE,10:30:00,2024-02-20,2024-02-21,2024-02-22,22100.0,-0.0008298905313333897,0.023116570805993473,-0.7607031985243193,BULL,50,22100.0,22300.0,105.80000000000001,98.9,-345.0000000000003,80.0,112.77223063,-537.7722306300003,0.0,5290.000000000001,2024-02-19/2024-02-25,2024
LOW_DISLOCATION,FADE,15:10:00,2024-02-20,2024-02-21,2024-02-22,22100.0,-0.0008298905313333897,0.023116570805993473,-0.7607031985243193,BULL,50,22100.0,22300.0,105.80000000000001,40.3,-3275.000000000001,80.0,105.49976410000001,-3460.499764100001,0.0,5290.000000000001,2024-02-19/2024-02-25,2024
HIGH_DISLOCATION,CONTINUE,10:30:00,2024-02-22,2024-02-23,2024-02-29,22000.0,-0.0037822544137618504,0.1284721512732953,1.9193310990111276,BEAR,50,22000.0,21800.0,35.89999999999999,34.199999999999996,-84.99999999999979,80.0,103.98874724000001,-268.9887472399998,0.0,1794.9999999999995,2024-02-19/2024-02-25,2024
HIGH_DISLOCATION,CONTINUE,15:10:00,2024-02-22,2024-02-23,2024-02-29,22000.0,-0.0037822544137618504,0.1284721512732953,1.9193310990111276,BEAR,50,22000.0,21800.0,35.89999999999999,35.39999999999999,-25.0,80.0,103.87376947,-208.87376947,0.0,1794.9999999999995,2024-02-19/2024-02-25,2024
HIGH_DISLOCATION,FADE,10:30:00,2024-02-22,2024-02-23,2024-02-29,22000.0,-0.0037822544137618504,0.1284721512732953,1.9193310990111276,BULL,50,22000.0,22200.0,134.3,136.5,109.99999999999943,80.0,143.72794734000001,-113.72794734000058,0.0,6715.000000000001,2024-02-19/2024-02-25,2024
HIGH_DISLOCATION,FADE,15:10:00,2024-02-22,2024-02-23,2024-02-29,22000.0,-0.0037822544137618504,0.1284721512732953,1.9193310990111276,BULL,50,22000.0,22200.0,134.3,132.95000000000002,-67.49999999999972,80.0,140.702208565,-288.20220856499975,0.0,6715.000000000001,2024-02-19/2024-02-25,2024
HIGH_DISLOCATION,CONTINUE,10:30:00,2024-02-23,2024-02-26,2024-02-29,22250.0,-0.0027830728173846415,0.10043061613060124,1.146241922157034,BEAR,50,22250.0,22050.0,87.1,98.19999999999999,554.9999999999998,80.0,121.33750546,353.6624945399998,0.0,4355.0,2024-02-26/2024-03-03,2024
HIGH_DISLOCATION,CONTINUE,15:10:00,2024-02-23,2024-02-26,2024-02-29,22250.0,-0.0027830728173846415,0.10043061613060124,1.146241922157034,BEAR,50,22250.0,22050.0,87.1,100.15,652.5000000000006,80.0,120.11830288500002,452.3816971150005,0.0,4355.0,2024-02-26/2024-03-03,2024
HIGH_DISLOCATION,FADE,10:30:00,2024-02-23,2024-02-26,2024-02-29,22250.0,-0.0027830728173846415,0.10043061613060124,1.146241922157034,BULL,50,22250.0,22450.0,69.5,58.0,-575.0,80.0,107.40881352999999,-762.40881353,0.0,3475.0,2024-02-26/2024-03-03,2024
HIGH_DISLOCATION,FADE,15:10:00,2024-02-23,2024-02-26,2024-02-29,22250.0,-0.0027830728173846415,0.10043061613060124,1.146241922157034,BULL,50,22250.0,22450.0,69.5,54.45,-752.4999999999999,80.0,106.567479655,-939.0674796549999,0.0,3475.0,2024-02-26/2024-03-03,2024
LOW_DISLOCATION,CONTINUE,10:30:00,2024-02-26,2024-02-27,2024-02-29,22150.0,0.0002750975807196528,0.008119840251821511,-1.143408110044074,BULL,50,22150.0,22350.0,73.5,66.3,-360.0000000000001,80.0,108.13587630999999,-548.1358763100001,0.0,3675.0,2024-02-26/2024-03-03,2024
LOW_DISLOCATION,CONTINUE,15:10:00,2024-02-26,2024-02-27,2024-02-29,22150.0,0.0002750975807196528,0.008119840251821511,-1.143408110044074,BULL,50,22150.0,22350.0,73.5,93.19999999999999,984.9999999999994,80.0,111.25146641,793.7485335899994,0.0,3675.0,2024-02-26/2024-03-03,2024
LOW_DISLOCATION,FADE,10:30:00,2024-02-26,2024-02-27,2024-02-29,22150.0,0.0002750975807196528,0.008119840251821511,-1.143408110044074,BEAR,50,22150.0,21950.0,79.05000000000001,84.65,279.9999999999997,80.0,114.05601399999999,85.94398599999973,0.0,3952.5000000000005,2024-02-26/2024-03-03,2024
LOW_DISLOCATION,FADE,15:10:00,2024-02-26,2024-02-27,2024-02-29,22150.0,0.0002750975807196528,0.008119840251821511,-1.143408110044074,BEAR,50,22150.0,21950.0,79.05000000000001,53.3,-1287.5000000000007,80.0,108.524943245,-1476.0249432450007,0.0,3952.5000000000005,2024-02-26/2024-03-03,2024
LOW_DISLOCATION,CONTINUE,10:30:00,2024-03-06,2024-03-07,2024-03-07,22350.0,-0.00047452239991935556,0.014172474754988286,-1.019092066163192,BEAR,50,22350.0,22150.0,10.05,3.8,-312.50000000000006,80.0,95.273248735,-487.77324873500004,0.0,502.50000000000006,2024-03-04/2024-03-10,2024
LOW_DISLOCATION,CONTINUE,15:10:00,2024-03-06,2024-03-07,2024-03-07,22350.0,-0.00047452239991935556,0.014172474754988286,-1.019092066163192,BEAR,50,22350.0,22150.0,10.05,0.0,-502.50000000000006,80.0,94.86970484499999,-677.369704845,0.0,502.50000000000006,2024-03-04/2024-03-10,2024
LOW_DISLOCATION,FADE,10:30:00,2024-03-06,2024-03-07,2024-03-07,22350.0,-0.00047452239991935556,0.014172474754988286,-1.019092066163192,BULL,50,22350.0,22550.0,131.85,139.65,390.00000000000057,80.0,111.10232151,198.89767849000057,0.0,6592.5,2024-03-04/2024-03-10,2024
LOW_DISLOCATION,FADE,15:10:00,2024-03-06,2024-03-07,2024-03-07,22350.0,-0.00047452239991935556,0.014172474754988286,-1.019092066163192,BULL,50,22350.0,22550.0,131.85,149.05,860.0000000000009,80.0,110.41003285,669.5899671500009,0.0,6592.5,2024-03-04/2024-03-10,2024
LOW_DISLOCATION,CONTINUE,10:30:00,2024-03-12,2024-03-13,2024-03-14,22350.0,-0.00044089539812640414,0.014053691983429676,-1.0566507058387082,BEAR,50,22350.0,22150.0,58.800000000000004,67.55,437.49999999999966,80.0,105.699204285,251.80079571499965,0.0,2940.0,2024-03-11/2024-03-17,2024
LOW_DISLOCATION,CONTINUE,15:10:00,2024-03-12,2024-03-13,2024-03-14,22350.0,-0.00044089539812640414,0.014053691983429676,-1.0566507058387082,BEAR,50,22350.0,22150.0,58.800000000000004,171.5,5634.999999999999,80.0,128.16546759,5426.834532409999,0.0,2940.0,2024-03-11/2024-03-17,2024
LOW_DISLOCATION,FADE,10:30:00,2024-03-12,2024-03-13,2024-03-14,22350.0,-0.00044089539812640414,0.014053691983429676,-1.0566507058387082,BULL,50,22350.0,22550.0,78.5,62.99999999999999,-775.0000000000003,80.0,105.18782834,-960.1878283400004,0.0,3925.0,2024-03-11/2024-03-17,2024
LOW_DISLOCATION,FADE,15:10:00,2024-03-12,2024-03-13,2024-03-14,22350.0,-0.00044089539812640414,0.014053691983429676,-1.0566507058387082,BULL,50,22350.0,22550.0,78.5,6.449999999999999,-3602.5,80.0,99.575491965,-3782.075491965,0.0,3925.0,2024-03-11/2024-03-17,2024
HIGH_DISLOCATION,CONTINUE,10:30:00,2024-03-13,2024-03-14,2024-03-14,22350.0,-0.00456636261374141,0.12630478822603528,2.102885470078083,BEAR,50,22350.0,22150.0,184.04999999999998,191.20000000000002,357.5000000000017,80.0,141.96800232500001,135.5319976750017,0.0,9202.5,2024-03-11/2024-03-17,2024
HIGH_DISLOCATION,CONTINUE,15:10:00,2024-03-13,2024-03-14,2024-03-14,22350.0,-0.00456636261374141,0.12630478822603528,2.102885470078083,BEAR,50,22350.0,22150.0,184.04999999999998,197.65,680.0000000000011,80.0,129.87548054,470.1245194600011,0.0,9202.5,2024-03-11/2024-03-17,2024
HIGH_DISLOCATION,FADE,10:30:00,2024-03-13,2024-03-14,2024-03-14,22350.0,-0.00456636261374141,0.12630478822603528,2.102885470078083,BULL,50,22350.0,22550.0,3.0500000000000003,1.15,-95.00000000000001,80.0,94.71179559000001,-269.71179559,0.0,152.5,2024-03-11/2024-03-17,2024
HIGH_DISLOCATION,FADE,15:10:00,2024-03-13,2024-03-14,2024-03-14,22350.0,-0.00456636261374141,0.12630478822603528,2.102885470078083,BULL,50,22350.0,22550.0,3.0500000000000003,0.05,-150.00000000000003,80.0,94.57822417999999,-324.57822418,0.0,152.5,2024-03-11/2024-03-17,2024
LOW_DISLOCATION,CONTINUE,10:30:00,2024-03-14,2024-03-15,2024-03-21,22000.0,0.00016146124702657845,0.00554686375455952,-1.2520788678152717,BULL,50,22000.0,22200.0,115.0,85.9,-1454.9999999999998,80.0,121.87779588,-1656.8777958799997,0.0,5750.0,2024-03-11/2024-03-17,2024
LOW_DISLOCATION,CONTINUE,15:10:00,2024-03-14,2024-03-15,2024-03-21,22000.0,0.00016146124702657845,0.00554686375455952,-1.2520788678152717,BULL,50,22000.0,22200.0,115.0,98.9,-804.9999999999998,80.0,123.85226406999999,-1008.8522640699998,0.0,5750.0,2024-03-11/2024-03-17,2024
LOW_DISLOCATION,FADE,10:30:00,2024-03-14,2024-03-15,2024-03-21,22000.0,0.00016146124702657845,0.00554686375455952,-1.2520788678152717,BEAR,50,22000.0,21800.0,50.199999999999996,76.25,1302.5000000000002,80.0,113.689783715,1108.8102162850003,0.0,2510.0,2024-03-11/2024-03-17,2024
LOW_DISLOCATION,FADE,15:10:00,2024-03-14,2024-03-15,2024-03-21,22000.0,0.00016146124702657845,0.00554686375455952,-1.2520788678152717,BEAR,50,22000.0,21800.0,50.199999999999996,59.45,462.50000000000034,80.0,108.63471371499999,273.86528628500037,0.0,2510.0,2024-03-11/2024-03-17,2024
LOW_DISLOCATION,CONTINUE,10:30:00,2024-03-20,2024-03-21,2024-03-21,21850.0,-0.00042305924430184936,0.0111829872191518,-1.059969530399257,BEAR,50,21850.0,21650.0,10.399999999999999,2.8000000000000003,-379.9999999999999,80.0,95.14988166999998,-555.1498816699999,0.0,519.9999999999999,2024-03-18/2024-03-24,2024
LOW_DISLOCATION,CONTINUE,15:10:00,2024-03-20,2024-03-21,2024-03-21,21850.0,-0.00042305924430184936,0.0111829872191518,-1.059969530399257,BEAR,50,21850.0,21650.0,10.399999999999999,0.05,-517.4999999999999,80.0,94.853134505,-692.3531345049998,0.0,519.9999999999999,2024-03-18/2024-03-24,2024
LOW_DISLOCATION,FADE,10:30:00,2024-03-20,2024-03-21,2024-03-21,21850.0,-0.00042305924430184936,0.0111829872191518,-1.059969530399257,BULL,50,21850.0,22050.0,123.85,164.4,2027.5000000000005,80.0,113.89268327499998,1833.6073167250004,0.0,6192.5,2024-03-18/2024-03-24,2024
LOW_DISLOCATION,FADE,15:10:00,2024-03-20,2024-03-21,2024-03-21,21850.0,-0.00042305924430184936,0.0111829872191518,-1.059969530399257,BULL,50,21850.0,22050.0,123.85,158.35000000000002,1725.0000000000014,80.0,110.70407076,1534.2959292400014,0.0,6192.5,2024-03-18/2024-03-24,2024
HIGH_DISLOCATION,CONTINUE,10:30:00,2024-03-22,2024-03-26,2024-03-28,21900.0,-0.0023803015807935856,0.0945871923762638,1.197205948654347,BEAR,50,21900.0,21700.0,28.3,23.15,-257.5000000000001,80.0,99.52930343499999,-437.0293034350001,0.0,1415.0,2024-03-25/2024-03-31,2024
HIGH_DISLOCATION,CONTINUE,15:10:00,2024-03-22,2024-03-26,2024-03-28,21900.0,-0.0023803015807935856,0.0945871923762638,1.197205948654347,BEAR,50,21900.0,21700.0,28.3,25.450000000000003,-142.4999999999999,80.0,99.589726105,-322.0897261049999,0.0,1415.0,2024-03-25/2024-03-31,2024
HIGH_DISLOCATION,FADE,10:30:00,2024-03-22,2024-03-26,2024-03-28,21900.0,-0.0023803015807935856,0.0945871923762638,1.197205948654347,BULL,50,21900.0,22100.0,139.29999999999998,143.9,230.00000000000114,80.0,129.80130831000002,20.198691690001112,0.0,6964.999999999999,2024-03-25/2024-03-31,2024
HIGH_DISLOCATION,FADE,15:10:00,2024-03-22,2024-03-26,2024-03-28,21900.0,-0.0023803015807935856,0.0945871923762638,1.197205948654347,BULL,50,21900.0,22100.0,139.29999999999998,137.35,-97.49999999999943,80.0,126.410016325,-303.91001632499945,0.0,6964.999999999999,2024-03-25/2024-03-31,2024
HIGH_DISLOCATION,CONTINUE,10:30:00,2024-03-26,2024-03-27,2024-03-28,22050.0,0.0033214509807487367,0.09854028160307861,1.2621104075501743,BULL,50,22050.0,22250.0,104.2,125.5,1064.9999999999998,80.0,113.51185267000001,871.4881473299997,0.0,5210.0,2024-03-25/2024-03-31,2024
HIGH_DISLOCATION,CONTINUE,15:10:00,2024-03-26,2024-03-27,2024-03-28,22050.0,0.0033214509807487367,0.09854028160307861,1.2621104075501743,BULL,50,22050.0,22250.0,104.2,103.45,-37.5,80.0,109.14978392500001,-226.649783925,0.0,5210.0,2024-03-25/2024-03-31,2024
HIGH_DISLOCATION,FADE,10:30:00,2024-03-26,2024-03-27,2024-03-28,22050.0,0.0033214509807487367,0.09854028160307861,1.2621104075501743,BEAR,50,22050.0,21850.0,37.15,24.05,-654.9999999999999,80.0,99.16687598,-834.1668759799999,0.0,1857.5,2024-03-25/2024-03-31,2024
HIGH_DISLOCATION,FADE,15:10:00,2024-03-26,2024-03-27,2024-03-28,22050.0,0.0033214509807487367,0.09854028160307861,1.2621104075501743,BEAR,50,22050.0,21850.0,37.15,23.75,-669.9999999999999,80.0,98.78778738,-848.7877873799998,0.0,1857.5,2024-03-25/2024-03-31,2024
HIGH_DISLOCATION,CONTINUE,10:30:00,2024-04-04,2024-04-05,2024-04-10,22500.0,-0.004059073222497315,0.17995854371042222,3.3957630885635863,BEAR,50,22500.0,22300.0,74.4,69.65,-237.5,80.0,112.440935355,-429.94093535499997,0.0,3720.0000000000005,2024-04-01/2024-04-07,2024
HIGH_DISLOCATION,CONTINUE,15:10:00,2024-04-04,2024-04-05,2024-04-10,22500.0,-0.004059073222497315,0.17995854371042222,3.3957630885635863,BEAR,50,22500.0,22300.0,74.4,59.300000000000004,-755.0000000000001,80.0,110.2077166,-945.2077166000001,0.0,3720.0000000000005,2024-04-01/2024-04-07,2024
HIGH_DISLOCATION,FADE,10:30:00,2024-04-04,2024-04-05,2024-04-10,22500.0,-0.004059073222497315,0.17995854371042222,3.3957630885635863,BULL,50,22500.0,22700.0,77.65,81.64999999999999,199.9999999999993,80.0,111.10777257999999,8.892227419999301,0.0,3882.5000000000005,2024-04-01/2024-04-07,2024
HIGH_DISLOCATION,FADE,15:10:00,2024-04-04,2024-04-05,2024-04-10,22500.0,-0.004059073222497315,0.17995854371042222,3.3957630885635863,BULL,50,22500.0,22700.0,77.65,88.25,529.9999999999998,80.0,111.22134587999997,338.7786541199998,0.0,3882.5000000000005,2024-04-01/2024-04-07,2024
LOW_DISLOCATION,CONTINUE,10:30:00,2024-04-08,2024-04-09,2024-04-10,22600.0,1.1070911401710233e-05,0.0003914758050901952,-1.3587195365126847,BULL,50,22600.0,22800.0,115.44999999999999,140.75,1265.0000000000005,80.0,115.76072388000001,1069.2392761200003,0.0,5772.499999999999,2024-04-08/2024-04-14,2024
LOW_DISLOCATION,CONTINUE,15:10:00,2024-04-08,2024-04-09,2024-04-10,22600.0,1.1070911401710233e-05,0.0003914758050901952,-1.3587195365126847,BULL,50,22600.0,22800.0,115.44999999999999,86.75,-1434.9999999999995,80.0,108.00955326,-1623.0095532599996,0.0,5772.499999999999,2024-04-08/2024-04-14,2024
LOW_DISLOCATION,FADE,10:30:00,2024-04-08,2024-04-09,2024-04-10,22600.0,1.1070911401710233e-05,0.0003914758050901952,-1.3587195365126847,BEAR,50,22600.0,22400.0,27.25,15.650000000000002,-579.9999999999999,80.0,97.95767542,-757.9576754199999,0.0,1362.5,2024-04-08/2024-04-14,2024
LOW_DISLOCATION,FADE,15:10:00,2024-04-08,2024-04-09,2024-04-10,22600.0,1.1070911401710233e-05,0.0003914758050901952,-1.3587195365126847,BEAR,50,22600.0,22400.0,27.25,32.05,239.99999999999986,80.0,99.22448971,60.77551028999986,0.0,1362.5,2024-04-08/2024-04-14,2024
HIGH_DISLOCATION,CONTINUE,10:30:00,2024-04-09,2024-04-10,2024-04-10,22700.0,-0.0026311974803757392,0.08934566142721695,0.8554283847288072,BEAR,50,22700.0,22500.0,39.15,26.4,-637.5,80.0,98.317868365,-815.817868365,0.0,1957.5,2024-04-08/2024-04-14,2024
HIGH_DISLOCATION,CONTINUE,15:10:00,2024-04-09,2024-04-10,2024-04-10,22700.0,-0.0026311974803757392,0.08934566142721695,0.8554283847288072,BEAR,50,22700.0,22500.0,39.15,0.2,-1947.4999999999998,80.0,96.018652505,-2123.518652505,0.0,1957.5,2024-04-08/2024-04-14,2024
HIGH_DISLOCATION,FADE,10:30:00,2024-04-09,2024-04-10,2024-04-10,22700.0,-0.0026311974803757392,0.08934566142721695,0.8554283847288072,BULL,50,22700.0,22900.0,51.95,35.6,-817.5000000000001,80.0,98.72786905499999,-996.2278690550002,0.0,2597.5,2024-04-08/2024-04-14,2024
HIGH_DISLOCATION,FADE,15:10:00,2024-04-09,2024-04-10,2024-04-10,22700.0,-0.0026311974803757392,0.08934566142721695,0.8554283847288072,BULL,50,22700.0,22900.0,51.95,55.5,177.49999999999986,80.0,99.940128245,-2.440128245000139,0.0,2597.5,2024-04-08/2024-04-14,2024
LOW_DISLOCATION,CONTINUE,10:30:00,2024-04-10,2024-04-12,2024-04-18,22700.0,-0.00045981361048274226,0.022255742363161985,-0.8070620958459827,BEAR,50,22700.0,22500.0,66.30000000000001,81.1,739.9999999999991,80.0,111.95063133,548.0493686699991,0.0,3315.0000000000005,2024-04-08/2024-04-14,2024
LOW_DISLOCATION,CONTINUE,15:10:00,2024-04-10,2024-04-12,2024-04-18,22700.0,-0.00045981361048274226,0.022255742363161985,-0.8070620958459827,BEAR,50,22700.0,22500.0,66.30000000000001,106.19999999999999,1994.9999999999989,80.0,116.70502796999999,1798.294972029999,0.0,3315.0000000000005,2024-04-08/2024-04-14,2024
LOW_DISLOCATION,FADE,10:30:00,2024-04-10,2024-04-12,2024-04-18,22700.0,-0.00045981361048274226,0.022255742363161985,-0.8070620958459827,BULL,50,22700.0,22900.0,83.95000000000002,66.4,-877.5000000000006,80.0,108.719145575,-1066.2191455750005,0.0,4197.500000000001,2024-04-08/2024-04-14,2024
LOW_DISLOCATION,FADE,15:10:00,2024-04-10,2024-04-12,2024-04-18,22700.0,-0.00045981361048274226,0.022255742363161985,-0.8070620958459827,BULL,50,22700.0,22900.0,83.95000000000002,43.6,-2017.5000000000007,80.0,105.665799115,-2203.165799115001,0.0,4197.500000000001,2024-04-08/2024-04-14,2024
LOW_DISLOCATION,CONTINUE,10:30:00,2024-04-19,2024-04-22,2024-04-25,21850.0,0.0005151110693934739,0.0164766570706514,-0.960674496307419,BULL,50,21850.0,22050.0,160.95,162.35,70.00000000000028,80.0,154.0635561,-164.06355609999972,0.0,8047.499999999999,2024-04-22/2024-04-28,2024
LOW_DISLOCATION,CONTINUE,15:10:00,2024-04-19,2024-04-22,2024-04-25,21850.0,0.0005151110693934739,0.0164766570706514,-0.960674496307419,BULL,50,21850.0,22050.0,160.95,182.85000000000002,1095.0000000000018,80.0,163.14957526,851.8504247400018,0.0,8047.499999999999,2024-04-22/2024-04-28,2024
LOW_DISLOCATION,FADE,10:30:00,2024-04-19,2024-04-22,2024-04-25,21850.0,0.0005151110693934739,0.0164766570706514,-0.960674496307419,BEAR,50,21850.0,21650.0,16.450000000000003,15.700000000000001,-37.500000000000085,80.0,98.715764775,-216.21576477500008,0.0,822.5000000000001,2024-04-22/2024-04-28,2024
LOW_DISLOCATION,FADE,15:10:00,2024-04-19,2024-04-22,2024-04-25,21850.0,0.0005151110693934739,0.0164766570706514,-0.960674496307419,BEAR,50,21850.0,21650.0,16.450000000000003,6.949999999999999,-475.00000000000017,80.0,97.61819614000001,-652.6181961400002,0.0,822.5000000000001,2024-04-22/2024-04-28,2024
HIGH_DISLOCATION,CONTINUE,10:30:00,2024-04-22,2024-04-23,2024-04-25,22250.0,-0.004056032340814096,0.13046833942868966,1.9727509677165351,BEAR,50,22250.0,22050.0,33.6,30.65,-147.50000000000014,80.0,100.893296375,-328.39329637500015,0.0,1680.0,2024-04-22/2024-04-28,2024
HIGH_DISLOCATION,CONTINUE,15:10:00,2024-04-22,2024-04-23,2024-04-25,22250.0,-0.004056032340814096,0.13046833942868966,1.9727509677165351,BEAR,50,22250.0,22050.0,33.6,30.950000000000003,-132.49999999999994,80.0,100.73790292500001,-313.23790292499996,0.0,1680.0,2024-04-22/2024-04-28,2024
HIGH_DISLOCATION,FADE,10:30:00,2024-04-22,2024-04-23,2024-04-25,22250.0,-0.004056032340814096,0.13046833942868966,1.9727509677165351,BULL,50,22250.0,22450.0,119.30000000000001,120.7,69.99999999999957,80.0,118.80633148,-128.80633148000044,0.0,5965.000000000001,2024-04-22/2024-04-28,2024
HIGH_DISLOCATION,FADE,15:10:00,2024-04-22,2024-04-23,2024-04-25,22250.0,-0.004056032340814096,0.13046833942868966,1.9727509677165351,BULL,50,22250.0,22450.0,119.30000000000001,111.55000000000001,-387.5,80.0,116.53714534500001,-584.037145345,0.0,5965.000000000001,2024-04-22/2024-04-28,2024
LOW_DISLOCATION,CONTINUE,10:30:00,2024-04-25,2024-04-26,2024-05-02,22350.0,0.00027089289432263446,0.012502913445734454,-1.057502893003851,BULL,25,22350.0,22550.0,145.25,126.5,-468.75,40.0,115.0465041375,-623.7965041375,0.0,3631.25,2024-04-22/2024-04-28,2024
LOW_DISLOCATION,CONTINUE,15:10:00,2024-04-25,2024-04-26,2024-05-02,22350.0,0.00027089289432263446,0.012502913445734454,-1.057502893003851,BULL,25,22350.0,22550.0,145.25,115.64999999999999,-740.0000000000002,40.0,112.778181605,-892.7781816050002,0.0,3631.25,2024-04-22/2024-04-28,2024
LOW_DISLOCATION,FADE,10:30:00,2024-04-25,2024-04-26,2024-05-02,22350.0,0.00027089289432263446,0.012502913445734454,-1.057502893003851,BEAR,25,22350.0,22150.0,25.849999999999998,37.2,283.7500000000001,40.0,98.6984453175,145.05155468250013,0.0,646.25,2024-04-22/2024-04-28,2024
LOW_DISLOCATION,FADE,15:10:00,2024-04-25,2024-04-26,2024-05-02,22350.0,0.00027089289432263446,0.012502913445734454,-1.057502893003851,BEAR,25,22350.0,22150.0,25.849999999999998,43.550000000000004,442.50000000000017,40.0,98.88117356000001,303.61882644000013,0.0,646.25,2024-04-22/2024-04-28,2024
LOW_DISLOCATION,CONTINUE,10:30:00,2024-04-26,2024-04-29,2024-05-02,22600.0,-0.00031400784577359514,0.014064500636514777,-1.0077559465784205,BEAR,25,22600.0,22400.0,74.65,57.800000000000004,-421.25000000000006,40.0,101.6029178125,-562.8529178125001,0.0,1866.2500000000002,2024-04-29/2024-05-05,2024
LOW_DISLOCATION,CONTINUE,15:10:00,2024-04-26,2024-04-29,2024-05-02,22600.0,-0.00031400784577359514,0.014064500636514777,-1.0077559465784205,BEAR,25,22600.0,22400.0,74.65,40.5,-853.7500000000001,40.0,100.5333363625,-994.2833363625001,0.0,1866.2500000000002,2024-04-29/2024-05-05,2024
LOW_DISLOCATION,FADE,10:30:00,2024-04-26,2024-04-29,2024-05-02,22600.0,-0.00031400784577359514,0.014064500636514777,-1.0077559465784205,BULL,25,22600.0,22800.0,68.4,81.4,325.0,40.0,100.63212969,184.36787031,0.0,1710.0000000000002,2024-04-29/2024-05-05,2024
LOW_DISLOCATION,FADE,15:10:00,2024-04-26,2024-04-29,2024-05-02,22600.0,-0.00031400784577359514,0.014064500636514777,-1.0077559465784205,BULL,25,22600.0,22800.0,68.4,104.99999999999999,914.9999999999995,40.0,102.10343553999999,772.8965644599996,0.0,1710.0000000000002,2024-04-29/2024-05-05,2024
LOW_DISLOCATION,CONTINUE,10:30:00,2024-04-30,2024-05-02,2024-05-02,22700.0,-0.0002578807929504729,0.010820169890812723,-1.042216492660133,BEAR,25,22700.0,22500.0,60.0,35.599999999999994,-610.0000000000001,40.0,97.45976773999999,-747.4597677400001,0.0,1500.0,2024-04-29/2024-05-05,2024
LOW_DISLOCATION,CONTINUE,15:10:00,2024-04-30,2024-05-02,2024-05-02,22700.0,-0.0002578807929504729,0.010820169890812723,-1.042216492660133,BEAR,25,22700.0,22500.0,60.0,46.4,-340.00000000000006,40.0,97.46755448500001,-477.46755448500005,0.0,1500.0,2024-04-29/2024-05-05,2024
LOW_DISLOCATION,FADE,10:30:00,2024-04-30,2024-05-02,2024-05-02,22700.0,-0.0002578807929504729,0.010820169890812723,-1.042216492660133,BULL,25,22700.0,22900.0,37.75,45.1,183.75000000000003,40.0,96.81179183249999,46.938208167500036,0.0,943.75,2024-04-29/2024-05-05,2024
LOW_DISLOCATION,FADE,15:10:00,2024-04-30,2024-05-02,2024-05-02,22700.0,-0.0002578807929504729,0.010820169890812723,-1.042216492660133,BULL,25,22700.0,22900.0,37.75,0.04999999999999999,-942.5000000000001,40.0,95.05368063,-1077.5536806300001,0.0,943.75,2024-04-29/2024-05-05,2024
HIGH_DISLOCATION,CONTINUE,10:30:00,2024-05-02,2024-05-03,2024-05-09,22650.0,0.002524028083133514,0.10721666101322319,1.3464602207271676,BULL,25,22650.0,22850.0,121.04999999999998,96.05,-624.9999999999997,40.0,108.29550685,-773.2955068499997,0.0,3026.2499999999995,2024-04-29/2024-05-05,2024
HIGH_DISLOCATION,CONTINUE,15:10:00,2024-05-02,2024-05-03,2024-05-09,22650.0,0.002524028083133514,0.10721666101322319,1.3464602207271676,BULL,25,22650.0,22850.0,121.04999999999998,49.099999999999994,-1798.7499999999998,40.0,104.4600880075,-1943.2100880074997,0.0,3026.2499999999995,2024-04-29/2024-05-05,2024
HIGH_DISLOCATION,FADE,10:30:00,2024-05-02,2024-05-03,2024-05-09,22650.0,0.002524028083133514,0.10721666101322319,1.3464602207271676,BEAR,25,22650.0,22450.0,41.2,62.349999999999994,528.7499999999998,40.0,101.50129974250001,387.24870025749976,0.0,1030.0,2024-04-29/2024-05-05,2024
HIGH_DISLOCATION,FADE,15:10:00,2024-05-02,2024-05-03,2024-05-09,22650.0,0.002524028083133514,0.10721666101322319,1.3464602207271676,BEAR,25,22650.0,22450.0,41.2,108.00000000000001,1670.0000000000002,40.0,105.51383439,1524.4861656100002,0.0,1030.0,2024-04-29/2024-05-05,2024
LOW_DISLOCATION,CONTINUE,10:30:00,2024-05-06,2024-05-07,2024-05-09,22600.0,0.000529576516051297,0.017433252326742324,-0.90723685921261,BULL,25,22600.0,22800.0,48.6,26.799999999999997,-545.0000000000001,40.0,97.651637355,-682.6516373550002,0.0,1215.0,2024-05-06/2024-05-12,2024
LOW_DISLOCATION,CONTINUE,15:10:00,2024-05-06,2024-05-07,2024-05-09,22600.0,0.000529576516051297,0.017433252326742324,-0.90723685921261,BULL,25,22600.0,22800.0,48.6,15.4,-830.0000000000001,40.0,96.97195880000001,-966.9719588000002,0.0,1215.0,2024-05-06/2024-05-12,2024
LOW_DISLOCATION,FADE,10:30:00,2024-05-06,2024-05-07,2024-05-09,22600.0,0.000529576516051297,0.017433252326742324,-0.90723685921261,BEAR,25,22600.0,22400.0,99.7,131.85000000000002,803.7500000000005,40.0,109.9377371975,653.8122628025004,0.0,2492.5,2024-05-06/2024-05-12,2024
LOW_DISLOCATION,FADE,15:10:00,2024-05-06,2024-05-07,2024-05-09,22600.0,0.000529576516051297,0.017433252326742324,-0.90723685921261,BEAR,25,22600.0,22400.0,99.7,154.65,1373.75,40.0,112.34514389249999,1221.4048561075,0.0,2492.5,2024-05-06/2024-05-12,2024
LOW_DISLOCATION,CONTINUE,10:30:00,2024-05-07,2024-05-08,2024-05-09,22500.0,-0.00013337097358587867,0.003993986328166564,-1.2709941525643966,BEAR,25,22500.0,22300.0,149.8,157.35,188.74999999999957,40.0,114.45212448249998,34.29787551749959,0.0,3745.0000000000005,2024-05-06/2024-05-12,2024
LOW_DISLOCATION,CONTINUE,15:10:00,2024-05-07,2024-05-08,2024-05-09,22500.0,-0.00013337097358587867,0.003993986328166564,-1.2709941525643966,BEAR,25,22500.0,22300.0,149.8,142.75,-176.25000000000028,40.0,111.1100362125,-327.3600362125003,0.0,3745.0000000000005,2024-05-06/2024-05-12,2024
LOW_DISLOCATION,FADE,10:30:00,2024-05-07,2024-05-08,2024-05-09,22500.0,-0.00013337097358587867,0.003993986328166564,-1.2709941525643966,BULL,25,22500.0,22700.0,15.7,12.200000000000001,-87.49999999999996,40.0,95.63102408,-223.13102407999997,0.0,392.5,2024-05-06/2024-05-12,2024
LOW_DISLOCATION,FADE,15:10:00,2024-05-07,2024-05-08,2024-05-09,22500.0,-0.00013337097358587867,0.003993986328166564,-1.2709941525643966,BULL,25,22500.0,22700.0,15.7,11.850000000000001,-96.24999999999994,40.0,95.44668311750002,-231.69668311749996,0.0,392.5,2024-05-06/2024-05-12,2024
LOW_DISLOCATION,CONTINUE,10:30:00,2024-05-08,2024-05-09,2024-05-09,22200.0,-0.0007775944912149475,0.019874616142928025,-0.8084493080370583,BEAR,25,22200.0,22000.0,46.7,83.8,927.4999999999999,40.0,99.23026647500001,788.2697335249999,0.0,1167.5,2024-05-06/2024-05-12,2024
LOW_DISLOCATION,CONTINUE,15:10:00,2024-05-08,2024-05-09,2024-05-09,22200.0,-0.0007775944912149475,0.019874616142928025,-0.8084493080370583,BEAR,25,22200.0,22000.0,46.7,199.75,3826.2500000000005,40.0,103.87210046249999,3682.3778995375005,0.0,1167.5,2024-05-06/2024-05-12,2024
LOW_DISLOCATION,FADE,10:30:00,2024-05-08,2024-05-09,2024-05-09,22200.0,-0.0007775944912149475,0.019874616142928025,-0.8084493080370583,BULL,25,22200.0,22400.0,76.05,26.799999999999997,-1231.25,40.0,97.31067268249998,-1368.5606726825,0.0,1901.25,2024-05-06/2024-05-12,2024
LOW_DISLOCATION,FADE,15:10:00,2024-05-08,2024-05-09,2024-05-09,22200.0,-0.0007775944912149475,0.019874616142928025,-0.8084493080370583,BULL,25,22200.0,22400.0,76.05,0.0,-1901.25,40.0,96.1421705775,-2037.3921705775,0.0,1901.25,2024-05-06/2024-05-12,2024
HIGH_DISLOCATION,CONTINUE,10:30:00,2024-05-10,2024-05-13,2024-05-16,22050.0,0.002632763583286792,0.09128662538735857,1.1301251688187826,BULL,25,22050.0,22250.0,62.55,43.25000000000001,-482.4999999999998,40.0,99.7896682,-622.2896681999998,0.0,1563.75,2024-05-13/2024-05-19,2024
HIGH_DISLOCATION,CONTINUE,15:10:00,2024-05-10,2024-05-13,2024-05-16,22050.0,0.002632763583286792,0.09128662538735857,1.1301251688187826,BULL,25,22050.0,22250.0,62.55,93.70000000000002,778.7500000000005,40.0,103.1632523475,635.5867476525004,0.0,1563.75,2024-05-13/2024-05-19,2024
HIGH_DISLOCATION,FADE,10:30:00,2024-05-10,2024-05-13,2024-05-16,22050.0,0.002632763583286792,0.09128662538735857,1.1301251688187826,BEAR,25,22050.0,21850.0,94.75,114.0,481.25,40.0,110.62952447250001,330.6204755275,0.0,2368.75,2024-05-13/2024-05-19,2024
HIGH_DISLOCATION,FADE,15:10:00,2024-05-10,2024-05-13,2024-05-16,22050.0,0.002632763583286792,0.09128662538735857,1.1301251688187826,BEAR,25,22050.0,21850.0,94.75,55.949999999999996,-970.0000000000001,40.0,104.21484371,-1114.2148437100002,0.0,2368.75,2024-05-13/2024-05-19,2024
HIGH_DISLOCATION,CONTINUE,10:30:00,2024-05-13,2024-05-14,2024-05-16,21950.0,-0.0038797856361714005,0.10859506590513879,1.555507951727029,BEAR,25,21950.0,21750.0,33.3,29.700000000000003,-89.99999999999986,40.0,97.83977866500001,-227.83977866499987,0.0,832.4999999999999,2024-05-13/2024-05-19,2024
HIGH_DISLOCATION,CONTINUE,15:10:00,2024-05-13,2024-05-14,2024-05-16,21950.0,-0.0038797856361714005,0.10859506590513879,1.555507951727029,BEAR,25,21950.0,21750.0,33.3,12.3,-524.9999999999999,40.0,96.69229816,-661.6922981599998,0.0,832.4999999999999,2024-05-13/2024-05-19,2024
HIGH_DISLOCATION,FADE,10:30:00,2024-05-13,2024-05-14,2024-05-16,21950.0,-0.0038797856361714005,0.10859506590513879,1.555507951727029,BULL,25,21950.0,22150.0,124.20000000000002,124.65,11.249999999999716,40.0,109.9646934925,-138.7146934925003,0.0,3105.0000000000005,2024-05-13/2024-05-19,2024
HIGH_DISLOCATION,FADE,15:10:00,2024-05-13,2024-05-14,2024-05-16,21950.0,-0.0038797856361714005,0.10859506590513879,1.555507951727029,BULL,25,21950.0,22150.0,124.20000000000002,159.85,891.2499999999994,40.0,113.36600229250001,737.8839977074995,0.0,3105.0000000000005,2024-05-13/2024-05-19,2024
LOW_DISLOCATION,CONTINUE,10:30:00,2024-05-14,2024-05-15,2024-05-16,22150.0,-9.940312939111471e-05,0.0029370010094998482,-1.2738936577662343,BEAR,25,22150.0,21950.0,32.7,68.4,892.5000000000001,40.0,99.33877856500001,753.1612214350001,0.0,817.5000000000001,2024-05-13/2024-05-19,2024
LOW_DISLOCATION,CONTINUE,15:10:00,2024-05-14,2024-05-15,2024-05-16,22150.0,-9.940312939111471e-05,0.0029370010094998482,-1.2738936577662343,BEAR,25,22150.0,21950.0,32.7,35.9,79.99999999999989,40.0,97.05079054000001,-57.05079054000012,0.0,817.5000000000001,2024-05-13/2024-05-19,2024
LOW_DISLOCATION,FADE,10:30:00,2024-05-14,2024-05-15,2024-05-16,22150.0,-9.940312939111471e-05,0.0029370010094998482,-1.2738936577662343,BULL,25,22150.0,22350.0,109.39999999999999,63.64999999999999,-1143.75,40.0,101.22461929250001,-1284.9746192925,0.0,2735.0,2024-05-13/2024-05-19,2024
LOW_DISLOCATION,FADE,15:10:00,2024-05-14,2024-05-15,2024-05-16,22150.0,-9.940312939111471e-05,0.0029370010094998482,-1.2738936577662343,BULL,25,22150.0,22350.0,109.39999999999999,82.55000000000001,-671.2499999999995,40.0,101.86510058750001,-813.1151005874996,0.0,2735.0,2024-05-13/2024-05-19,2024
LOW_DISLOCATION,CONTINUE,10:30:00,2024-05-15,2024-05-16,2024-05-16,22250.0,0.0004895576016169528,0.014522765040227991,-0.9284360484055217,BULL,25,22250.0,22450.0,79.3,27.200000000000003,-1302.4999999999998,40.0,96.95891295499999,-1439.4589129549997,0.0,1982.5,2024-05-13/2024-05-19,2024
LOW_DISLOCATION,CONTINUE,15:10:00,2024-05-15,2024-05-16,2024-05-16,22250.0,0.0004895576016169528,0.014522765040227991,-0.9284360484055217,BULL,25,22250.0,22450.0,79.3,146.9,1690.0000000000002,40.0,101.040856675,1548.9591433250002,0.0,1982.5,2024-05-13/2024-05-19,2024
LOW_DISLOCATION,FADE,10:30:00,2024-05-15,2024-05-16,2024-05-16,22250.0,0.0004895576016169528,0.014522765040227991,-0.9284360484055217,BEAR,25,22250.0,22050.0,35.65,85.95,1257.5,40.0,99.37404963,1118.12595037,0.0,891.25,2024-05-13/2024-05-19,2024
LOW_DISLOCATION,FADE,15:10:00,2024-05-15,2024-05-16,2024-05-16,22250.0,0.0004895576016169528,0.014522765040227991,-0.9284360484055217,BEAR,25,22250.0,22050.0,35.65,0.25,-885.0,40.0,95.21867439500001,-1020.218674395,0.0,891.25,2024-05-13/2024-05-19,2024
LOW_DISLOCATION,CONTINUE,10:30:00,2024-05-16,2024-05-17,2024-05-23,22300.0,-0.0004994557500122206,0.01946783094681419,-0.7874353412820156,BEAR,25,22300.0,22100.0,53.8,48.35000000000001,-136.24999999999972,40.0,101.3437670275,-277.5937670274997,0.0,1345.0,2024-05-13/2024-05-19,2024
LOW_DISLOCATION,CONTINUE,15:10:00,2024-05-16,2024-05-17,2024-05-23,22300.0,-0.0004994557500122206,0.01946783094681419,-0.7874353412820156,BEAR,25,22300.0,22100.0,53.8,39.7,-352.4999999999999,40.0,100.607964575,-493.10796457499987,0.0,1345.0,2024-05-13/2024-05-19,2024
LOW_DISLOCATION,FADE,10:30:00,2024-05-16,2024-05-17,2024-05-23,22300.0,-0.0004994557500122206,0.01946783094681419,-0.7874353412820156,BULL,25,22300.0,22500.0,109.55,114.9,133.75000000000023,40.0,110.0589635175,-16.308963517499777,0.0,2738.75,2024-05-13/2024-05-19,2024
LOW_DISLOCATION,FADE,15:10:00,2024-05-16,2024-05-17,2024-05-23,22300.0,-0.0004994557500122206,0.01946783094681419,-0.7874353412820156,BULL,25,22300.0,22500.0,109.55,121.89999999999999,308.7499999999999,40.0,109.9672270575,158.7827729424999,0.0,2738.75,2024-05-13/2024-05-19,2024
LOW_DISLOCATION,CONTINUE,10:30:00,2024-05-18,2024-05-21,2024-05-23,22500.0,-0.0003463610992079997,0.014923249452284425,-0.9028713152600496,BEAR,25,22500.0,22300.0,71.3,73.35,51.24999999999993,40.0,102.8220340225,-91.57203402250008,0.0,1782.5,2024-05-20/2024-05-26,2024
LOW_DISLOCATION,CONTINUE,15:10:00,2024-05-18,2024-05-21,2024-05-23,22500.0,-0.0003463610992079997,0.014923249452284425,-0.9028713152600496,BEAR,25,22500.0,22300.0,71.3,50.49999999999999,-520.0000000000001,40.0,101.070504465,-661.0705044650001,0.0,1782.5,2024-05-20/2024-05-26,2024
LOW_DISLOCATION,FADE,10:30:00,2024-05-18,2024-05-21,2024-05-23,22500.0,-0.0003463610992079997,0.014923249452284425,-0.9028713152600496,BULL,25,22500.0,22700.0,76.65,71.45,-130.00000000000006,40.0,101.12951970499998,-271.129519705,0.0,1916.2500000000002,2024-05-20/2024-05-26,2024
LOW_DISLOCATION,FADE,15:10:00,2024-05-18,2024-05-21,2024-05-23,22500.0,-0.0003463610992079997,0.014923249452284425,-0.9028713152600496,BULL,25,22500.0,22700.0,76.65,90.25,339.9999999999999,40.0,102.05694403999999,197.9430559599999,0.0,1916.2500000000002,2024-05-20/2024-05-26,2024
HIGH_DISLOCATION,CONTINUE,10:30:00,2024-05-24,2024-05-27,2024-05-30,23000.0,0.0023394847464721447,0.08089396767185852,0.8886335412509888,BULL,25,23000.0,23200.0,87.35000000000001,88.55,29.999999999999716,40.0,105.12975318499998,-115.12975318500027,0.0,2183.75,2024-05-27/2024-06-02,2024
HIGH_DISLOCATION,CONTINUE,15:10:00,2024-05-24,2024-05-27,2024-05-30,23000.0,0.0023394847464721447,0.08089396767185852,0.8886335412509888,BULL,25,23000.0,23200.0,87.35000000000001,75.44999999999999,-297.5000000000005,40.0,103.808998185,-441.3089981850005,0.0,2183.75,2024-05-27/2024-06-02,2024
HIGH_DISLOCATION,FADE,10:30:00,2024-05-24,2024-05-27,2024-05-30,23000.0,0.0023394847464721447,0.08089396767185852,0.8886335412509888,BEAR,25,23000.0,22800.0,68.80000000000001,66.05,-68.75000000000036,40.0,103.25416320750001,-212.00416320750037,0.0,1720.0000000000002,2024-05-27/2024-06-02,2024
HIGH_DISLOCATION,FADE,15:10:00,2024-05-24,2024-05-27,2024-05-30,23000.0,0.0023394847464721447,0.08089396767185852,0.8886335412509888,BEAR,25,23000.0,22800.0,68.80000000000001,76.0,179.99999999999972,40.0,104.07544321,35.92455678999971,0.0,1720.0000000000002,2024-05-27/2024-06-02,2024
LOW_DISLOCATION,CONTINUE,10:30:00,2024-05-28,2024-05-29,2024-05-30,22950.0,-9.571272261368507e-05,0.0026855376399458476,-1.2372711901799425,BEAR,25,22950.0,22750.0,97.64999999999999,124.85,680.0000000000001,40.0,107.573636045,532.4263639550002,0.0,2441.25,2024-05-27/2024-06-02,2024
LOW_DISLOCATION,CONTINUE,15:10:00,2024-05-28,2024-05-29,2024-05-30,22950.0,-9.571272261368507e-05,0.0026855376399458476,-1.2372711901799425,BEAR,25,22950.0,22750.0,97.64999999999999,135.3,941.2500000000005,40.0,107.3645481375,793.8854518625004,0.0,2441.25,2024-05-27/2024-06-02,2024
LOW_DISLOCATION,FADE,10:30:00,2024-05-28,2024-05-29,2024-05-30,22950.0,-9.571272261368507e-05,0.0026855376399458476,-1.2372711901799425,BULL,25,22950.0,23150.0,39.85,23.550000000000004,-407.49999999999994,40.0,96.83759139000001,-544.33759139,0.0,996.25,2024-05-27/2024-06-02,2024
LOW_DISLOCATION,FADE,15:10:00,2024-05-28,2024-05-29,2024-05-30,22950.0,-9.571272261368507e-05,0.0026855376399458476,-1.2372711901799425,BULL,25,22950.0,23150.0,39.85,15.350000000000001,-612.5,40.0,96.26178021500002,-748.761780215,0.0,996.25,2024-05-27/2024-06-02,2024
LOW_DISLOCATION,CONTINUE,10:30:00,2024-05-29,2024-05-30,2024-05-30,22800.0,0.00026763776763770377,0.006854290107161838,-1.0976240754044941,BULL,25,22800.0,23000.0,18.9,6.8500000000000005,-301.24999999999994,40.0,95.22177102750001,-436.4717710274999,0.0,472.49999999999994,2024-05-27/2024-06-02,2024
LOW_DISLOCATION,CONTINUE,15:10:00,2024-05-29,2024-05-30,2024-05-30,22800.0,0.00026763776763770377,0.006854290107161838,-1.0976240754044941,BULL,25,22800.0,23000.0,18.9,0.05000000000000002,-471.24999999999994,40.0,94.88602301250002,-606.1360230125,0.0,472.49999999999994,2024-05-27/2024-06-02,2024
LOW_DISLOCATION,FADE,10:30:00,2024-05-29,2024-05-30,2024-05-30,22800.0,0.00026763776763770377,0.006854290107161838,-1.0976240754044941,BEAR,25,22800.0,22600.0,128.05,163.8,893.75,40.0,108.94960445750002,744.8003955424999,0.0,3201.2500000000005,2024-05-27/2024-06-02,2024
LOW_DISLOCATION,FADE,15:10:00,2024-05-29,2024-05-30,2024-05-30,22800.0,0.00026763776763770377,0.006854290107161838,-1.0976240754044941,BEAR,25,22800.0,22600.0,128.05,199.50000000000003,1786.2500000000005,40.0,111.6760921025,1634.5739078975005,0.0,3201.2500000000005,2024-05-27/2024-06-02,2024
LOW_DISLOCATION,CONTINUE,10:30:00,2024-05-30,2024-05-31,2024-06-06,22650.0,-6.845639658790841e-05,0.0010034558104067173,-1.2344040478796596,BEAR,25,22650.0,22450.0,77.35000000000002,86.45000000000005,227.50000000000057,40.0,128.77760841,58.72239159000057,0.0,1933.7500000000005,2024-05-27/2024-06-02,2024
LOW_DISLOCATION,CONTINUE,15:10:00,2024-05-30,2024-05-31,2024-06-06,22650.0,-6.845639658790841e-05,0.0010034558104067173,-1.2344040478796596,BEAR,25,22650.0,22450.0,77.35000000000002,86.44999999999999,227.49999999999915,40.0,130.80399253,56.69600746999916,0.0,1933.7500000000005,2024-05-27/2024-06-02,2024
LOW_DISLOCATION,FADE,10:30:00,2024-05-30,2024-05-31,2024-06-06,22650.0,-6.845639658790841e-05,0.0010034558104067173,-1.2344040478796596,BULL,25,22650.0,22850.0,109.89999999999998,96.80000000000001,-327.49999999999915,40.0,124.57418075500001,-492.07418075499913,0.0,2747.4999999999995,2024-05-27/2024-06-02,2024
LOW_DISLOCATION,FADE,15:10:00,2024-05-30,2024-05-31,2024-06-06,22650.0,-6.845639658790841e-05,0.0010034558104067173,-1.2344040478796596,BULL,25,22650.0,22850.0,109.89999999999998,97.44999999999999,-311.2499999999997,40.0,126.13786953750001,-477.38786953749974,0.0,2747.4999999999995,2024-05-27/2024-06-02,2024
HIGH_DISLOCATION,CONTINUE,10:30:00,2024-06-03,2024-06-04,2024-06-06,23150.0,-0.008815829502071666,0.12173339193020001,2.0102144709100798,BEAR,25,23150.0,22950.0,148.95000000000005,142.25,-167.50000000000114,40.0,163.836286525,-371.3362865250011,0.0,3723.750000000001,2024-06-03/2024-06-09,2024
HIGH_DISLOCATION,CONTINUE,15:10:00,2024-06-03,2024-06-04,2024-06-06,23150.0,-0.008815829502071666,0.12173339193020001,2.0102144709100798,BEAR,25,23150.0,22950.0,148.95000000000005,228.19999999999982,1981.2499999999943,40.0,193.5650114325,1747.6849885674942,0.0,3723.750000000001,2024-06-03/2024-06-09,2024
HIGH_DISLOCATION,FADE,10:30:00,2024-06-03,2024-06-04,2024-06-06,23150.0,-0.008815829502071666,0.12173339193020001,2.0102144709100798,BULL,25,23150.0,23350.0,39.349999999999994,45.70000000000002,158.75000000000057,40.0,111.07963290750001,7.670367092500555,0.0,983.7499999999999,2024-06-03/2024-06-09,2024
HIGH_DISLOCATION,FADE,15:10:00,2024-06-03,2024-06-04,2024-06-06,23150.0,-0.008815829502071666,0.12173339193020001,2.0102144709100798,BULL,25,23150.0,23350.0,39.349999999999994,10.849999999999994,-712.5,40.0,104.58605772,-857.08605772,0.0,983.7499999999999,2024-06-03/2024-06-09,2024
HIGH_DISLOCATION,CONTINUE,10:30:00,2024-06-04,2024-06-05,2024-06-06,22400.0,-0.029045159284085412,0.21915930860746086,4.425443973529684,BEAR,25,22400.0,22200.0,153.85000000000002,161.75,197.49999999999943,40.0,135.30000626499998,22.199993734999452,0.0,3846.2500000000005,2024-06-03/2024-06-09,2024
HIGH_DISLOCATION,CONTINUE,15:10:00,2024-06-04,2024-06-05,2024-06-06,22400.0,-0.029045159284085412,0.21915930860746086,4.425443973529684,BEAR,25,22400.0,22200.0,153.85000000000002,40.64999999999999,-2830.000000000001,40.0,115.92187242,-2985.921872420001,0.0,3846.2500000000005,2024-06-03/2024-06-09,2024
HIGH_DISLOCATION,FADE,10:30:00,2024-06-04,2024-06-05,2024-06-06,22400.0,-0.029045159284085412,0.21915930860746086,4.425443973529684,BULL,25,22400.0,22600.0,28.400000000000006,18.5,-247.50000000000014,40.0,98.17470996,-385.6747099600001,0.0,710.0000000000001,2024-06-03/2024-06-09,2024
HIGH_DISLOCATION,FADE,15:10:00,2024-06-04,2024-06-05,2024-06-06,22400.0,-0.029045159284085412,0.21915930860746086,4.425443973529684,BULL,25,22400.0,22600.0,28.400000000000006,122.10000000000002,2342.5000000000005,40.0,108.431072915,2194.0689270850003,0.0,710.0000000000001,2024-06-03/2024-06-09,2024
HIGH_DISLOCATION,CONTINUE,10:30:00,2024-06-06,2024-06-07,2024-06-13,22700.0,-0.0036185004057106515,0.08741593922223496,0.8200779041654832,BEAR,25,22700.0,22500.0,54.55000000000001,43.44999999999999,-277.50000000000057,40.0,104.16030193,-421.66030193000057,0.0,1363.7500000000002,2024-06-03/2024-06-09,2024
HIGH_DISLOCATION,CONTINUE,15:10:00,2024-06-06,2024-06-07,2024-06-13,22700.0,-0.0036185004057106515,0.08741593922223496,0.8200779041654832,BEAR,25,22700.0,22500.0,54.55000000000001,18.549999999999997,-900.0000000000003,40.0,101.55779278,-1041.5577927800005,0.0,1363.7500000000002,2024-06-03/2024-06-09,2024
HIGH_DISLOCATION,FADE,10:30:00,2024-06-06,2024-06-07,2024-06-13,22700.0,-0.0036185004057106515,0.08741593922223496,0.8200779041654832,BULL,25,22700.0,22900.0,121.15,132.5,283.7499999999999,40.0,123.97479861250001,119.77520138749988,0.0,3028.75,2024-06-03/2024-06-09,2024
HIGH_DISLOCATION,FADE,15:10:00,2024-06-06,2024-06-07,2024-06-13,22700.0,-0.0036185004057106515,0.08741593922223496,0.8200779041654832,BULL,25,22700.0,22900.0,121.15,166.84999999999997,1142.499999999999,40.0,135.74206442000002,966.7579355799991,0.0,3028.75,2024-06-03/2024-06-09,2024
HIGH_DISLOCATION,CONTINUE,10:30:00,2024-06-07,2024-06-10,2024-06-13,22900.0,0.004258619103324121,0.11073390723057405,1.31474174919551,BULL,25,22900.0,23100.0,162.45000000000005,153.14999999999998,-232.5000000000017,40.0,134.24790416,-406.74790416000167,0.0,4061.250000000001,2024-06-10/2024-06-16,2024
HIGH_DISLOCATION,CONTINUE,15:10:00,2024-06-07,2024-06-10,2024-06-13,22900.0,0.004258619103324121,0.11073390723057405,1.31474174919551,BULL,25,22900.0,23100.0,162.45000000000005,147.45,-375.0000000000014,40.0,129.93082128,-544.9308212800014,0.0,4061.250000000001,2024-06-10/2024-06-16,2024
HIGH_DISLOCATION,FADE,10:30:00,2024-06-07,2024-06-10,2024-06-13,22900.0,0.004258619103324121,0.11073390723057405,1.31474174919551,BEAR,25,22900.0,22700.0,21.449999999999996,25.95,112.50000000000009,40.0,98.300509425,-25.800509424999916,0.0,536.2499999999999,2024-06-10/2024-06-16,2024
HIGH_DISLOCATION,FADE,15:10:00,2024-06-07,2024-06-10,2024-06-13,22900.0,0.004258619103324121,0.11073390723057405,1.31474174919551,BEAR,25,22900.0,22700.0,21.449999999999996,30.15,217.50000000000006,40.0,98.29333855000002,79.20666145000004,0.0,536.2499999999999,2024-06-10/2024-06-16,2024
LOW_DISLOCATION,CONTINUE,10:30:00,2024-06-11,2024-06-12,2024-06-13,23300.0,-0.00021255399730338658,0.005293692806353974,-1.0518276064574001,BEAR,25,23300.0,23100.0,52.4,36.3,-402.50000000000006,40.0,98.57824497,-541.07824497,0.0,1310.0,2024-06-10/2024-06-16,2024
LOW_DISLOCATION,CONTINUE,15:10:00,2024-06-11,2024-06-12,2024-06-13,23300.0,-0.00021255399730338658,0.005293692806353974,-1.0518276064574001,BEAR,25,23300.0,23100.0,52.4,55.8,84.99999999999997,40.0,99.26085878999999,-54.260858790000015,0.0,1310.0,2024-06-10/2024-06-16,2024
LOW_DISLOCATION,FADE,10:30:00,2024-06-11,2024-06-12,2024-06-13,23300.0,-0.00021255399730338658,0.005293692806353974,-1.0518276064574001,BULL,25,23300.0,23500.0,86.89999999999999,110.20000000000002,582.5000000000007,40.0,103.40154142000002,439.0984585800007,0.0,2172.5,2024-06-10/2024-06-16,2024
LOW_DISLOCATION,FADE,15:10:00,2024-06-11,2024-06-12,2024-06-13,23300.0,-0.00021255399730338658,0.005293692806353974,-1.0518276064574001,BULL,25,23300.0,23500.0,86.89999999999999,72.94999999999999,-348.75000000000006,40.0,100.68066029250001,-489.4306602925001,0.0,2172.5,2024-06-10/2024-06-16,2024
HIGH_DISLOCATION,CONTINUE,10:30:00,2024-06-13,2024-06-14,2024-06-20,23400.0,-0.0026382976911169106,0.1105099878277075,1.3251252189787788,BEAR,25,23400.0,23200.0,80.35,59.9,-511.2499999999999,40.0,102.85596774250001,-654.1059677424998,0.0,2008.7499999999998,2024-06-10/2024-06-16,2024
HIGH_DISLOCATION,CONTINUE,15:10:00,2024-06-13,2024-06-14,2024-06-20,23400.0,-0.0026382976911169106,0.1105099878277075,1.3251252189787788,BEAR,25,23400.0,23200.0,80.35,50.14999999999999,-755.0000000000001,40.0,102.13006614000001,-897.1300661400002,0.0,2008.7499999999998,2024-06-10/2024-06-16,2024
HIGH_DISLOCATION,FADE,10:30:00,2024-06-13,2024-06-14,2024-06-20,23400.0,-0.0026382976911169106,0.1105099878277075,1.3251252189787788,BULL,25,23400.0,23600.0,71.55,90.35,469.99999999999994,40.0,103.17733896499999,326.82266103499995,0.0,1788.75,2024-06-10/2024-06-16,2024
HIGH_DISLOCATION,FADE,15:10:00,2024-06-13,2024-06-14,2024-06-20,23400.0,-0.0026382976911169106,0.1105099878277075,1.3251252189787788,BULL,25,23400.0,23600.0,71.55,98.25,667.5000000000001,40.0,103.31727932999999,524.1827206700001,0.0,1788.75,2024-06-10/2024-06-16,2024
HIGH_DISLOCATION,CONTINUE,10:30:00,2024-06-14,2024-06-18,2024-06-20,23350.0,-0.005029943181455009,0.23260568198958534,4.000694163660128,BEAR,25,23350.0,23150.0,23.400000000000002,17.4,-150.00000000000009,40.0,96.402434655,-286.4024346550001,0.0,585.0,2024-06-17/2024-06-23,2024
HIGH_DISLOCATION,CONTINUE,15:10:00,2024-06-14,2024-06-18,2024-06-20,23350.0,-0.005029943181455009,0.23260568198958534,4.000694163660128,BEAR,25,23350.0,23150.0,23.400000000000002,17.55,-146.25000000000003,40.0,96.33570027249999,-282.58570027250005,0.0,585.0,2024-06-17/2024-06-23,2024
HIGH_DISLOCATION,FADE,10:30:00,2024-06-14,2024-06-18,2024-06-20,23350.0,-0.005029943181455009,0.23260568198958534,4.000694163660128,BULL,25,23350.0,23550.0,136.3,145.45,228.74999999999943,40.0,109.7518155975,78.99818440249943,0.0,3407.5000000000005,2024-06-17/2024-06-23,2024
HIGH_DISLOCATION,FADE,15:10:00,2024-06-14,2024-06-18,2024-06-20,23350.0,-0.005029943181455009,0.23260568198958534,4.000694163660128,BULL,25,23350.0,23550.0,136.3,143.05,168.75,40.0,109.1998527225,19.550147277500002,0.0,3407.5000000000005,2024-06-17/2024-06-23,2024
HIGH_DISLOCATION,CONTINUE,10:30:00,2024-06-19,2024-06-20,2024-06-20,23550.0,-0.003154774373329748,0.10187004983086637,0.8857379881638195,BEAR,25,23550.0,23350.0,87.35000000000001,59.5,-696.2500000000002,40.0,99.3223192725,-835.5723192725002,0.0,2183.75,2024-06-17/2024-06-23,2024
HIGH_DISLOCATION,CONTINUE,15:10:00,2024-06-19,2024-06-20,2024-06-20,23550.0,-0.003154774373329748,0.10187004983086637,0.8857379881638195,BEAR,25,23550.0,23350.0,87.35000000000001,0.5,-2171.25,40.0,96.7339332625,-2307.9839332625,0.0,2183.75,2024-06-17/2024-06-23,2024
HIGH_DISLOCATION,FADE,10:30:00,2024-06-19,2024-06-20,2024-06-20,23550.0,-0.003154774373329748,0.10187004983086637,0.8857379881638195,BULL,25,23550.0,23750.0,33.599999999999994,32.949999999999996,-16.249999999999964,40.0,96.5916285775,-152.84162857749996,0.0,839.9999999999999,2024-06-17/2024-06-23,2024
HIGH_DISLOCATION,FADE,15:10:00,2024-06-19,2024-06-20,2024-06-20,23550.0,-0.003154774373329748,0.10187004983086637,0.8857379881638195,BULL,25,23550.0,23750.0,33.599999999999994,12.7,-522.4999999999999,40.0,95.58271753,-658.0827175299999,0.0,839.9999999999999,2024-06-17/2024-06-23,2024
HIGH_DISLOCATION,CONTINUE,10:30:00,2024-06-20,2024-06-21,2024-06-27,23500.0,-0.0037265184820903037,0.15132881204763246,1.8318368592634997,BEAR,25,23500.0,23300.0,50.95,47.449999999999996,-87.50000000000017,40.0,100.36699980999998,-227.86699981000015,0.0,1273.75,2024-06-17/2024-06-23,2024
HIGH_DISLOCATION,CONTINUE,15:10:00,2024-06-20,2024-06-21,2024-06-27,23500.0,-0.0037265184820903037,0.15132881204763246,1.8318368592634997,BEAR,25,23500.0,23300.0,50.95,73.39999999999999,561.2499999999998,40.0,102.28625162749998,418.9637483724998,0.0,1273.75,2024-06-17/2024-06-23,2024
HIGH_DISLOCATION,FADE,10:30:00,2024-06-20,2024-06-21,2024-06-27,23500.0,-0.0037265184820903037,0.15132881204763246,1.8318368592634997,BULL,25,23500.0,23700.0,107.15,109.7,63.74999999999993,40.0,107.8080749275,-84.05807492750007,0.0,2678.75,2024-06-17/2024-06-23,2024
HIGH_DISLOCATION,FADE,15:10:00,2024-06-20,2024-06-21,2024-06-27,23500.0,-0.0037265184820903037,0.15132881204763246,1.8318368592634997,BULL,25,23500.0,23700.0,107.15,74.3,-821.2500000000002,40.0,104.77383089249997,-966.0238308925002,0.0,2678.75,2024-06-17/2024-06-23,2024
LOW_DISLOCATION,CONTINUE,10:30:00,2024-06-25,2024-06-26,2024-06-27,23600.0,-0.0002946719495623688,0.010310567385580694,-0.9596659790486757,BEAR,25,23600.0,23400.0,40.2,28.849999999999998,-283.7500000000001,40.0,97.50529299249999,-421.25529299250013,0.0,1005.0000000000001,2024-06-24/2024-06-30,2024
LOW_DISLOCATION,CONTINUE,15:10:00,2024-06-25,2024-06-26,2024-06-27,23600.0,-0.0002946719495623688,0.010310567385580694,-0.9596659790486757,BEAR,25,23600.0,23400.0,40.2,6.800000000000001,-835.0000000000001,40.0,96.28632630999999,-971.28632631,0.0,1005.0000000000001,2024-06-24/2024-06-30,2024
LOW_DISLOCATION,FADE,10:30:00,2024-06-25,2024-06-26,2024-06-27,23600.0,-0.0002946719495623688,0.010310567385580694,-0.9596659790486757,BULL,25,23600.0,23800.0,99.99999999999999,115.19999999999999,380.00000000000006,40.0,104.21427224,235.78572776000004,0.0,2499.9999999999995,2024-06-24/2024-06-30,2024
LOW_DISLOCATION,FADE,15:10:00,2024-06-25,2024-06-26,2024-06-27,23600.0,-0.0002946719495623688,0.010310567385580694,-0.9596659790486757,BULL,25,23600.0,23800.0,99.99999999999999,165.40000000000003,1635.0000000000011,40.0,108.88501082000002,1486.1149891800012,0.0,2499.9999999999995,2024-06-24/2024-06-30,2024
HIGH_DISLOCATION,CONTINUE,10:30:00,2024-06-27,2024-06-28,2024-07-04,23800.0,-0.002800657254393095,0.10795895810273438,0.9467201567331783,BEAR,25,23800.0,23600.0,29.749999999999993,25.55,-104.9999999999998,40.0,98.622607565,-243.62260756499978,0.0,743.7499999999998,2024-06-24/2024-06-30,2024
HIGH_DISLOCATION,CONTINUE,15:10:00,2024-06-27,2024-06-28,2024-07-04,23800.0,-0.002800657254393095,0.10795895810273438,0.9467201567331783,BEAR,25,23800.0,23600.0,29.749999999999993,29.6,-3.749999999999787,40.0,98.68217107249998,-142.43217107249978,0.0,743.7499999999998,2024-06-24/2024-06-30,2024
HIGH_DISLOCATION,FADE,10:30:00,2024-06-27,2024-06-28,2024-07-04,23800.0,-0.002800657254393095,0.10795895810273438,0.9467201567331783,BULL,25,23800.0,24000.0,145.25,151.35,152.49999999999986,40.0,123.78681719,-11.286817190000136,0.0,3631.25,2024-06-24/2024-06-30,2024
HIGH_DISLOCATION,FADE,15:10:00,2024-06-27,2024-06-28,2024-07-04,23800.0,-0.002800657254393095,0.10795895810273438,0.9467201567331783,BULL,25,23800.0,24000.0,145.25,141.14999999999998,-102.50000000000057,40.0,120.34005814000001,-262.84005814000056,0.0,3631.25,2024-06-24/2024-06-30,2024
LOW_DISLOCATION,CONTINUE,10:30:00,2024-07-01,2024-07-02,2024-07-04,24050.0,0.00043065963741365144,0.014248781255154061,-0.869827726033021,BULL,25,24050.0,24250.0,106.3,107.29999999999998,24.999999999999645,40.0,106.1707301,-121.17073010000036,0.0,2657.5,2024-07-01/2024-07-07,2024
LOW_DISLOCATION,CONTINUE,15:10:00,2024-07-01,2024-07-02,2024-07-04,24050.0,0.00043065963741365144,0.014248781255154061,-0.869827726033021,BULL,25,24050.0,24250.0,106.3,105.30000000000001,-24.999999999999645,40.0,105.488834795,-170.48883479499966,0.0,2657.5,2024-07-01/2024-07-07,2024
LOW_DISLOCATION,FADE,10:30:00,2024-07-01,2024-07-02,2024-07-04,24050.0,0.00043065963741365144,0.014248781255154061,-0.869827726033021,BEAR,25,24050.0,23850.0,46.99999999999999,44.400000000000006,-64.99999999999969,40.0,99.30894821,-204.3089482099997,0.0,1174.9999999999998,2024-07-01/2024-07-07,2024
LOW_DISLOCATION,FADE,15:10:00,2024-07-01,2024-07-02,2024-07-04,24050.0,0.00043065963741365144,0.014248781255154061,-0.869827726033021,BEAR,25,24050.0,23850.0,46.99999999999999,42.05,-123.74999999999989,40.0,99.0190230225,-262.7690230224999,0.0,1174.9999999999998,2024-07-01/2024-07-07,2024
HIGH_DISLOCATION,CONTINUE,10:30:00,2024-07-02,2024-07-03,2024-07-04,24150.0,-0.00362115497305283,0.11590535492010196,1.0710839935157481,BEAR,25,24150.0,23950.0,40.2,24.950000000000003,-381.25,40.0,97.07457271749999,-518.3245727175,0.0,1005.0000000000001,2024-07-01/2024-07-07,2024
HIGH_DISLOCATION,CONTINUE,15:10:00,2024-07-02,2024-07-03,2024-07-04,24150.0,-0.00362115497305283,0.11590535492010196,1.0710839935157481,BEAR,25,24150.0,23950.0,40.2,21.6,-465.00000000000006,40.0,96.72139816,-601.72139816,0.0,1005.0000000000001,2024-07-01/2024-07-07,2024
HIGH_DISLOCATION,FADE,10:30:00,2024-07-02,2024-07-03,2024-07-04,24150.0,-0.00362115497305283,0.11590535492010196,1.0710839935157481,BULL,25,24150.0,24350.0,98.85,124.4,638.7500000000002,40.0,104.8707622875,493.87923771250024,0.0,2471.25,2024-07-01/2024-07-07,2024
HIGH_DISLOCATION,FADE,15:10:00,2024-07-02,2024-07-03,2024-07-04,24150.0,-0.00362115497305283,0.11590535492010196,1.0710839935157481,BULL,25,24150.0,24350.0,98.85,116.49999999999999,441.2499999999998,40.0,103.71762986249999,297.5323701374998,0.0,2471.25,2024-07-01/2024-07-07,2024
LOW_DISLOCATION,CONTINUE,10:30:00,2024-07-04,2024-07-05,2024-07-11,24350.0,-0.0002564533931861359,0.011243829893604358,-0.934379255419926,BEAR,25,24350.0,24150.0,106.25000000000001,86.75,-487.50000000000034,40.0,107.42336501,-634.9233650100003,0.0,2656.2500000000005,2024-07-01/2024-07-07,2024
LOW_DISLOCATION,CONTINUE,15:10:00,2024-07-04,2024-07-05,2024-07-11,24350.0,-0.0002564533931861359,0.011243829893604358,-0.934379255419926,BEAR,25,24350.0,24150.0,106.25000000000001,67.5,-968.7500000000003,40.0,105.5574646725,-1114.3074646725004,0.0,2656.2500000000005,2024-07-01/2024-07-07,2024
LOW_DISLOCATION,FADE,10:30:00,2024-07-04,2024-07-05,2024-07-11,24350.0,-0.0002564533931861359,0.011243829893604358,-0.934379255419926,BULL,25,24350.0,24550.0,47.65,62.949999999999996,382.49999999999994,40.0,99.89779931,242.60220068999996,0.0,1191.25,2024-07-01/2024-07-07,2024
LOW_DISLOCATION,FADE,15:10:00,2024-07-04,2024-07-05,2024-07-11,24350.0,-0.0002564533931861359,0.011243829893604358,-0.934379255419926,BULL,25,24350.0,24550.0,47.65,81.1,836.2499999999999,40.0,101.0206779575,695.2293220424999,0.0,1191.25,2024-07-01/2024-07-07,2024
LOW_DISLOCATION,CONTINUE,10:30:00,2024-07-08,2024-07-09,2024-07-11,24300.0,-0.0003205780268422149,0.013191818859560651,-0.9116329944911941,BEAR,25,24300.0,24100.0,44.449999999999996,41.099999999999994,-83.75000000000003,40.0,98.1762802375,-221.9262802375,0.0,1111.25,2024-07-08/2024-07-14,2024
LOW_DISLOCATION,CONTINUE,15:10:00,2024-07-08,2024-07-09,2024-07-11,24300.0,-0.0003205780268422149,0.013191818859560651,-0.9116329944911941,BEAR,25,24300.0,24100.0,44.449999999999996,25.349999999999998,-477.49999999999994,40.0,97.228903195,-614.728903195,0.0,1111.25,2024-07-08/2024-07-14,2024
LOW_DISLOCATION,FADE,10:30:00,2024-07-08,2024-07-09,2024-07-11,24300.0,-0.0003205780268422149,0.013191818859560651,-0.9116329944911941,BULL,25,24300.0,24500.0,96.49999999999999,100.44999999999999,98.75000000000007,40.0,102.79394715250001,-44.04394715249994,0.0,2412.4999999999995,2024-07-08/2024-07-14,2024
LOW_DISLOCATION,FADE,15:10:00,2024-07-08,2024-07-09,2024-07-11,24300.0,-0.0003205780268422149,0.013191818859560651,-0.9116329944911941,BULL,25,24300.0,24500.0,96.49999999999999,124.3,695.0000000000002,40.0,104.36007573500001,550.6399242650002,0.0,2412.4999999999995,2024-07-08/2024-07-14,2024
LOW_DISLOCATION,CONTINUE,10:30:00,2024-07-09,2024-07-10,2024-07-11,24350.0,0.00033671485384730504,0.013729133965606275,-0.8726229101633226,BULL,25,24350.0,24550.0,91.9,41.2,-1267.5,40.0,98.53518124,-1406.03518124,0.0,2297.5,2024-07-08/2024-07-14,2024
LOW_DISLOCATION,CONTINUE,15:10:00,2024-07-09,2024-07-10,2024-07-11,24350.0,0.00033671485384730504,0.013729133965606275,-0.8726229101633226,BULL,25,24350.0,24550.0,91.9,46.35,-1138.75,40.0,98.6638542875,-1277.4138542875,0.0,2297.5,2024-07-08/2024-07-14,2024
LOW_DISLOCATION,FADE,10:30:00,2024-07-09,2024-07-10,2024-07-11,24350.0,0.00033671485384730504,0.013729133965606275,-0.8726229101633226,BEAR,25,24350.0,24150.0,38.3,94.8,1412.5,40.0,100.96436505,1271.53563495,0.0,957.4999999999999,2024-07-08/2024-07-14,2024
LOW_DISLOCATION,FADE,15:10:00,2024-07-09,2024-07-10,2024-07-11,24350.0,0.00033671485384730504,0.013729133965606275,-0.8726229101633226,BEAR,25,24350.0,24150.0,38.3,67.1,719.9999999999999,40.0,98.54402255500001,581.4559774449999,0.0,957.4999999999999,2024-07-08/2024-07-14,2024
HIGH_DISLOCATION,CONTINUE,10:30:00,2024-07-11,2024-07-12,2024-07-18,24350.0,-0.0023235181424968486,0.11745096734042068,1.1781609845394252,BEAR,25,24350.0,24150.0,45.95,54.800000000000004,221.25000000000003,40.0,100.09961517750001,81.15038482250002,0.0,1148.75,2024-07-08/2024-07-14,2024
HIGH_DISLOCATION,CONTINUE,15:10:00,2024-07-11,2024-07-12,2024-07-18,24350.0,-0.0023235181424968486,0.11745096734042068,1.1781609845394252,BEAR,25,24350.0,24150.0,45.95,35.2,-268.75,40.0,98.7813819025,-407.5313819025,0.0,1148.75,2024-07-08/2024-07-14,2024
HIGH_DISLOCATION,FADE,10:30:00,2024-07-11,2024-07-12,2024-07-18,24350.0,-0.0023235181424968486,0.11745096734042068,1.1781609845394252,BULL,25,24350.0,24550.0,109.69999999999999,95.3,-359.9999999999998,40.0,105.289178435,-505.28917843499977,0.0,2742.4999999999995,2024-07-08/2024-07-14,2024
HIGH_DISLOCATION,FADE,15:10:00,2024-07-11,2024-07-12,2024-07-18,24350.0,-0.0023235181424968486,0.11745096734042068,1.1781609845394252,BULL,25,24350.0,24550.0,109.69999999999999,124.75,376.2500000000003,40.0,108.3895469025,227.86045309750028,0.0,2742.4999999999995,2024-07-08/2024-07-14,2024
HIGH_DISLOCATION,CONTINUE,10:30:00,2024-07-12,2024-07-15,2024-07-18,24400.0,0.0018902584036541664,0.09738225415715474,0.7542394076322495,BULL,25,24400.0,24600.0,125.25,126.99999999999999,43.749999999999645,40.0,108.67678455749999,-104.92678455750034,0.0,3131.25,2024-07-15/2024-07-21,2024
HIGH_DISLOCATION,CONTINUE,15:10:00,2024-07-12,2024-07-15,2024-07-18,24400.0,0.0018902584036541664,0.09738225415715474,0.7542394076322495,BULL,25,24400.0,24600.0,125.25,140.25,375.0,40.0,109.76581288999999,225.23418711,0.0,3131.25,2024-07-15/2024-07-21,2024
HIGH_DISLOCATION,FADE,10:30:00,2024-07-12,2024-07-15,2024-07-18,24400.0,0.0018902584036541664,0.09738225415715474,0.7542394076322495,BEAR,25,24400.0,24200.0,32.4,30.799999999999997,-40.000000000000036,40.0,97.58749230000001,-177.58749230000004,0.0,810.0,2024-07-15/2024-07-21,2024
HIGH_DISLOCATION,FADE,15:10:00,2024-07-12,2024-07-15,2024-07-18,24400.0,0.0018902584036541664,0.09738225415715474,0.7542394076322495,BEAR,25,24400.0,24200.0,32.4,22.55,-246.24999999999994,40.0,97.0610373275,-383.31103732749995,0.0,810.0,2024-07-15/2024-07-21,2024
LOW_DISLOCATION,CONTINUE,10:30:00,2024-07-16,2024-07-18,2024-07-18,24650.0,-0.0001441562897825381,0.0064151263212326465,-1.0149749538974437,BEAR,25,24650.0,24450.0,107.35,35.449999999999996,-1797.5000000000002,40.0,98.089900605,-1935.5899006050001,0.0,2683.75,2024-07-15/2024-07-21,2024
LOW_DISLOCATION,CONTINUE,15:10:00,2024-07-16,2024-07-18,2024-07-18,24650.0,-0.0001441562897825381,0.0064151263212326465,-1.0149749538974437,BEAR,25,24650.0,24450.0,107.35,0.15,-2679.9999999999995,40.0,96.60919085,-2816.6091908499993,0.0,2683.75,2024-07-15/2024-07-21,2024
LOW_DISLOCATION,FADE,10:30:00,2024-07-16,2024-07-18,2024-07-18,24650.0,-0.0001441562897825381,0.0064151263212326465,-1.0149749538974437,BULL,25,24650.0,24850.0,8.35,38.85,762.5,40.0,96.01771189499999,626.482288105,0.0,208.75,2024-07-15/2024-07-21,2024
LOW_DISLOCATION,FADE,15:10:00,2024-07-16,2024-07-18,2024-07-18,24650.0,-0.0001441562897825381,0.0064151263212326465,-1.0149749538974437,BULL,25,24650.0,24850.0,8.35,156.10000000000002,3693.750000000001,40.0,100.0757589525,3553.674241047501,0.0,208.75,2024-07-15/2024-07-21,2024
LOW_DISLOCATION,CONTINUE,10:30:00,2024-07-18,2024-07-19,2024-07-25,24550.0,-0.0004439810025008683,0.01368752522870131,-0.8681273540732508,BEAR,25,24550.0,24350.0,52.999999999999986,59.85000000000001,171.25000000000057,40.0,105.33187994750001,25.918120052500555,0.0,1324.9999999999995,2024-07-15/2024-07-21,2024
LOW_DISLOCATION,CONTINUE,15:10:00,2024-07-18,2024-07-19,2024-07-25,24550.0,-0.0004439810025008683,0.01368752522870131,-0.8681273540732508,BEAR,25,24550.0,24350.0,52.999999999999986,91.35,958.7500000000002,40.0,109.7549665125,808.9950334875002,0.0,1324.9999999999995,2024-07-15/2024-07-21,2024
LOW_DISLOCATION,FADE,10:30:00,2024-07-18,2024-07-19,2024-07-25,24550.0,-0.0004439810025008683,0.01368752522870131,-0.8681273540732508,BULL,25,24550.0,24750.0,122.10000000000002,109.0,-327.50000000000057,40.0,120.41916377499999,-487.9191637750006,0.0,3052.5000000000005,2024-07-15/2024-07-21,2024
LOW_DISLOCATION,FADE,15:10:00,2024-07-18,2024-07-19,2024-07-25,24550.0,-0.0004439810025008683,0.01368752522870131,-0.8681273540732508,BULL,25,24550.0,24750.0,122.10000000000002,80.0,-1052.5000000000005,40.0,115.84513057999999,-1208.3451305800004,0.0,3052.5000000000005,2024-07-15/2024-07-21,2024
HIGH_DISLOCATION,CONTINUE,10:30:00,2024-07-19,2024-07-22,2024-07-25,24750.0,-0.0034399794003572752,0.10041559389289564,0.8547884504902423,BEAR,25,24750.0,24550.0,124.25,111.90000000000003,-308.74999999999915,40.0,122.7997311425,-471.5497311424991,0.0,3106.25,2024-07-22/2024-07-28,2024
HIGH_DISLOCATION,CONTINUE,15:10:00,2024-07-19,2024-07-22,2024-07-25,24750.0,-0.0034399794003572752,0.10041559389289564,0.8547884504902423,BEAR,25,24750.0,24550.0,124.25,122.94999999999999,-32.500000000000284,40.0,124.113058655,-196.6130586550003,0.0,3106.25,2024-07-22/2024-07-28,2024
HIGH_DISLOCATION,FADE,10:30:00,2024-07-19,2024-07-22,2024-07-25,24750.0,-0.0034399794003572752,0.10041559389289564,0.8547884504902423,BULL,25,24750.0,24950.0,49.599999999999994,62.2,315.0000000000002,40.0,104.36400637,170.63599363000023,0.0,1239.9999999999998,2024-07-22/2024-07-28,2024
HIGH_DISLOCATION,FADE,15:10:00,2024-07-19,2024-07-22,2024-07-25,24750.0,-0.0034399794003572752,0.10041559389289564,0.8547884504902423,BULL,25,24750.0,24950.0,49.599999999999994,51.5,47.50000000000014,40.0,103.18854311999999,-95.68854311999985,0.0,1239.9999999999998,2024-07-22/2024-07-28,2024
LOW_DISLOCATION,CONTINUE,10:30:00,2024-07-22,2024-07-23,2024-07-25,24450.0,0.0006932387747465068,0.014023327423882074,-0.8371377450420878,BULL,25,24450.0,24650.0,93.6,78.9,-367.4999999999997,40.0,111.5110949,-519.0110948999998,0.0,2340.0,2024-07-22/2024-07-28,2024
LOW_DISLOCATION,CONTINUE,15:10:00,2024-07-22,2024-07-23,2024-07-25,24450.0,0.0006932387747465068,0.014023327423882074,-0.8371377450420878,BULL,25,24450.0,24650.0,93.6,75.19999999999999,-460.0000000000001,40.0,107.369311295,-607.3693112950001,0.0,2340.0,2024-07-22/2024-07-28,2024
LOW_DISLOCATION,FADE,10:30:00,2024-07-22,2024-07-23,2024-07-25,24450.0,0.0006932387747465068,0.014023327423882074,-0.8371377450420878,BEAR,25,24450.0,24250.0,70.39999999999999,85.94999999999999,388.74999999999994,40.0,110.56607129249998,238.18392870749994,0.0,1759.9999999999998,2024-07-22/2024-07-28,2024
LOW_DISLOCATION,FADE,15:10:00,2024-07-22,2024-07-23,2024-07-25,24450.0,0.0006932387747465068,0.014023327423882074,-0.8371377450420878,BEAR,25,24450.0,24250.0,70.39999999999999,63.24999999999999,-178.74999999999997,40.0,105.1249485875,-323.87494858749994,0.0,1759.9999999999998,2024-07-22/2024-07-28,2024
LOW_DISLOCATION,CONTINUE,10:30:00,2024-07-24,2024-07-25,2024-07-25,24450.0,7.362716024130371e-05,0.0021367148259667083,-1.0733304843661207,BULL,25,24450.0,24650.0,8.45,4.75,-92.49999999999999,40.0,94.81525683,-227.31525683,0.0,211.24999999999997,2024-07-22/2024-07-28,2024
LOW_DISLOCATION,CONTINUE,15:10:00,2024-07-24,2024-07-25,2024-07-25,24450.0,7.362716024130371e-05,0.0021367148259667083,-1.0733304843661207,BULL,25,24450.0,24650.0,8.45,0.09999999999999999,-208.75,40.0,94.6020167175,-343.3520167175,0.0,211.24999999999997,2024-07-22/2024-07-28,2024
LOW_DISLOCATION,FADE,10:30:00,2024-07-24,2024-07-25,2024-07-25,24450.0,7.362716024130371e-05,0.0021367148259667083,-1.0733304843661207,BEAR,25,24450.0,24250.0,156.39999999999998,148.15,-206.2499999999993,40.0,105.6275024575,-351.8775024574993,0.0,3909.9999999999995,2024-07-22/2024-07-28,2024
LOW_DISLOCATION,FADE,15:10:00,2024-07-24,2024-07-25,2024-07-25,24450.0,7.362716024130371e-05,0.0021367148259667083,-1.0733304843661207,BEAR,25,24450.0,24250.0,156.39999999999998,44.4,-2799.999999999999,40.0,100.73854152,-2940.738541519999,0.0,3909.9999999999995,2024-07-22/2024-07-28,2024
LOW_DISLOCATION,CONTINUE,10:30:00,2024-07-25,2024-07-26,2024-08-01,24250.0,0.00027020616111297186,0.011134847494950272,-0.8909024052308266,BULL,25,24250.0,24450.0,133.14999999999998,156.65,587.5000000000007,40.0,120.03797735,427.4620226500007,0.0,3328.7499999999995,2024-07-22/2024-07-28,2024
LOW_DISLOCATION,CONTINUE,15:10:00,2024-07-25,2024-07-26,2024-08-01,24250.0,0.00027020616111297186,0.011134847494950272,-0.8909024052308266,BULL,25,24250.0,24450.0,133.14999999999998,185.15000000000003,1300.0000000000014,40.0,130.24124792,1129.7587520800014,0.0,3328.7499999999995,2024-07-22/2024-07-28,2024
LOW_DISLOCATION,FADE,10:30:00,2024-07-25,2024-07-26,2024-08-01,24250.0,0.00027020616111297186,0.011134847494950272,-0.8909024052308266,BEAR,25,24250.0,24050.0,35.6,20.150000000000002,-386.25,40.0,97.7600028775,-524.0100028775,0.0,890.0,2024-07-22/2024-07-28,2024
LOW_DISLOCATION,FADE,15:10:00,2024-07-25,2024-07-26,2024-08-01,24250.0,0.00027020616111297186,0.011134847494950272,-0.8909024052308266,BEAR,25,24250.0,24050.0,35.6,6.25,-733.75,40.0,96.89663871249999,-870.6466387125,0.0,890.0,2024-07-22/2024-07-28,2024
LOW_DISLOCATION,CONTINUE,10:30:00,2024-08-02,2024-08-05,2024-08-08,24850.0,0.0003987578090071517,0.017139530254936138,-0.8081572605441709,BULL,25,24850.0,25050.0,7.050000000000001,7.35,7.499999999999973,40.0,95.539992815,-128.03999281500003,0.0,176.25000000000003,2024-08-05/2024-08-11,2024
LOW_DISLOCATION,CONTINUE,15:10:00,2024-08-02,2024-08-05,2024-08-08,24850.0,0.0003987578090071517,0.017139530254936138,-0.8081572605441709,BULL,25,24850.0,25050.0,7.050000000000001,3.75,-82.50000000000001,40.0,95.35923655,-217.85923655000002,0.0,176.25000000000003,2024-08-05/2024-08-11,2024
LOW_DISLOCATION,FADE,10:30:00,2024-08-02,2024-08-05,2024-08-08,24850.0,0.0003987578090071517,0.017139530254936138,-0.8081572605441709,BEAR,25,24850.0,24650.0,184.75000000000006,180.40000000000003,-108.75000000000057,40.0,143.1698676825,-291.9198676825006,0.0,4618.750000000002,2024-08-05/2024-08-11,2024
LOW_DISLOCATION,FADE,15:10:00,2024-08-02,2024-08-05,2024-08-08,24850.0,0.0003987578090071517,0.017139530254936138,-0.8081572605441709,BEAR,25,24850.0,24650.0,184.75000000000006,189.29999999999995,113.74999999999744,40.0,152.7683223225,-79.01832232250257,0.0,4618.750000000002,2024-08-05/2024-08-11,2024
HIGH_DISLOCATION,CONTINUE,10:30:00,2024-08-05,2024-08-06,2024-08-08,24200.0,-0.00457091181880777,0.12042332278528074,1.2331779985253513,BEAR,25,24200.0,24000.0,49.099999999999994,62.900000000000006,345.0000000000003,40.0,102.86341594999999,202.1365840500003,0.0,1227.4999999999998,2024-08-05/2024-08-11,2024
HIGH_DISLOCATION,CONTINUE,15:10:00,2024-08-05,2024-08-06,2024-08-08,24200.0,-0.00457091181880777,0.12042332278528074,1.2331779985253513,BEAR,25,24200.0,24000.0,49.099999999999994,116.80000000000001,1692.5000000000005,40.0,108.09026073,1544.4097392700005,0.0,1227.4999999999998,2024-08-05/2024-08-11,2024
HIGH_DISLOCATION,FADE,10:30:00,2024-08-05,2024-08-06,2024-08-08,24200.0,-0.00457091181880777,0.12042332278528074,1.2331779985253513,BULL,25,24200.0,24400.0,110.74999999999999,94.75,-399.99999999999966,40.0,107.584318095,-547.5843180949996,0.0,2768.7499999999995,2024-08-05/2024-08-11,2024
HIGH_DISLOCATION,FADE,15:10:00,2024-08-05,2024-08-06,2024-08-08,24200.0,-0.00457091181880777,0.12042332278528074,1.2331779985253513,BULL,25,24200.0,24400.0,110.74999999999999,37.550000000000004,-1829.9999999999998,40.0,103.307414525,-1973.3074145249998,0.0,2768.7499999999995,2024-08-05/2024-08-11,2024
HIGH_DISLOCATION,CONTINUE,10:30:00,2024-08-06,2024-08-07,2024-08-08,24300.0,0.005137520639978808,0.13155062492802252,1.4092002833168722,BULL,25,24300.0,24500.0,78.75,94.45,392.50000000000006,40.0,102.15909309499999,250.34090690500005,0.0,1968.75,2024-08-05/2024-08-11,2024
HIGH_DISLOCATION,CONTINUE,15:10:00,2024-08-06,2024-08-07,2024-08-08,24300.0,0.005137520639978808,0.13155062492802252,1.4092002833168722,BULL,25,24300.0,24500.0,78.75,84.39999999999999,141.24999999999977,40.0,101.2529425325,-0.0029425325002279124,0.0,1968.75,2024-08-05/2024-08-11,2024
HIGH_DISLOCATION,FADE,10:30:00,2024-08-06,2024-08-07,2024-08-08,24300.0,0.005137520639978808,0.13155062492802252,1.4092002833168722,BEAR,25,24300.0,24100.0,63.0,51.699999999999996,-282.5000000000001,40.0,100.804583025,-423.3045830250001,0.0,1575.0,2024-08-05/2024-08-11,2024
HIGH_DISLOCATION,FADE,15:10:00,2024-08-06,2024-08-07,2024-08-08,24300.0,0.005137520639978808,0.13155062492802252,1.4092002833168722,BEAR,25,24300.0,24100.0,63.0,41.6,-535.0,40.0,99.79209172,-674.79209172,0.0,1575.0,2024-08-05/2024-08-11,2024
LOW_DISLOCATION,CONTINUE,10:30:00,2024-08-09,2024-08-12,2024-08-14,24400.0,7.175851414770363e-05,0.002592365358002564,-1.1148806404112486,BULL,25,24400.0,24600.0,65.55,62.99999999999999,-63.75000000000011,40.0,99.9288564875,-203.67885648750013,0.0,1638.75,2024-08-12/2024-08-18,2024
LOW_DISLOCATION,CONTINUE,15:10:00,2024-08-09,2024-08-12,2024-08-14,24400.0,7.175851414770363e-05,0.002592365358002564,-1.1148806404112486,BULL,25,24400.0,24600.0,65.55,58.39999999999999,-178.75000000000014,40.0,99.71273687249999,-318.46273687250016,0.0,1638.75,2024-08-12/2024-08-18,2024
LOW_DISLOCATION,FADE,10:30:00,2024-08-09,2024-08-12,2024-08-14,24400.0,7.175851414770363e-05,0.002592365358002564,-1.1148806404112486,BEAR,25,24400.0,24200.0,86.60000000000001,84.80000000000001,-44.99999999999993,40.0,106.566689575,-191.56668957499994,0.0,2165.0,2024-08-12/2024-08-18,2024
LOW_DISLOCATION,FADE,15:10:00,2024-08-09,2024-08-12,2024-08-14,24400.0,7.175851414770363e-05,0.002592365358002564,-1.1148806404112486,BEAR,25,24400.0,24200.0,86.60000000000001,85.99999999999999,-15.000000000000568,40.0,106.18851146,-161.18851146000057,0.0,2165.0,2024-08-12/2024-08-18,2024
LOW_DISLOCATION,CONTINUE,10:30:00,2024-08-21,2024-08-22,2024-08-22,24650.0,-0.000273453720489786,0.009888041889692742,-1.0526699446267422,BEAR,25,24650.0,24450.0,3.85,3.0999999999999996,-18.75000000000001,40.0,94.6360708425,-153.38607084250003,0.0,96.25,2024-08-19/2024-08-25,2024
LOW_DISLOCATION,CONTINUE,15:10:00,2024-08-21,2024-08-22,2024-08-22,24650.0,-0.000273453720489786,0.009888041889692742,-1.0526699446267422,BEAR,25,24650.0,24450.0,3.85,0.0,-96.25,40.0,94.4985584375,-230.74855843749998,0.0,96.25,2024-08-19/2024-08-25,2024
LOW_DISLOCATION,FADE,10:30:00,2024-08-21,2024-08-22,2024-08-22,24650.0,-0.000273453720489786,0.009888041889692742,-1.0526699446267422,BULL,25,24650.0,24850.0,149.0,136.2,-320.0000000000003,40.0,103.263603635,-463.26360363500027,0.0,3725.0,2024-08-19/2024-08-25,2024
LOW_DISLOCATION,FADE,15:10:00,2024-08-21,2024-08-22,2024-08-22,24650.0,-0.000273453720489786,0.009888041889692742,-1.0526699446267422,BULL,25,24650.0,24850.0,149.0,154.9,147.50000000000014,40.0,103.26028147,4.239718530000147,0.0,3725.0,2024-08-19/2024-08-25,2024
LOW_DISLOCATION,CONTINUE,10:30:00,2024-08-26,2024-08-27,2024-08-29,24900.0,6.019986354697596e-05,0.0026098399524214526,-1.1939075674523056,BULL,25,24900.0,25100.0,108.5,107.55000000000001,-23.749999999999716,40.0,104.1729885175,-167.92298851749973,0.0,2712.5,2024-08-26/2024-09-01,2024
LOW_DISLOCATION,CONTINUE,15:10:00,2024-08-26,2024-08-27,2024-08-29,24900.0,6.019986354697596e-05,0.0026098399524214526,-1.1939075674523056,BULL,25,24900.0,25100.0,108.5,111.45,73.75000000000007,40.0,104.1970376675,-70.44703766749993,0.0,2712.5,2024-08-26/2024-09-01,2024
LOW_DISLOCATION,FADE,10:30:00,2024-08-26,2024-08-27,2024-08-29,24900.0,6.019986354697596e-05,0.0026098399524214526,-1.1939075674523056,BEAR,25,24900.0,24700.0,36.5,32.05,-111.25000000000007,40.0,97.2705900975,-248.52059009750008,0.0,912.5,2024-08-26/2024-09-01,2024
LOW_DISLOCATION,FADE,15:10:00,2024-08-26,2024-08-27,2024-08-29,24900.0,6.019986354697596e-05,0.0026098399524214526,-1.1939075674523056,BEAR,25,24900.0,24700.0,36.5,27.4,-227.50000000000003,40.0,97.00390177999999,-364.50390178,0.0,912.5,2024-08-26/2024-09-01,2024
LOW_DISLOCATION,CONTINUE,10:30:00,2024-08-28,2024-08-29,2024-08-29,25000.0,-0.0004835203478149094,0.019709521020909396,-0.8786949561406393,BEAR,25,25000.0,24800.0,26.9,9.799999999999999,-427.50000000000006,40.0,95.31507480500001,-562.8150748050001,0.0,672.5,2024-08-26/2024-09-01,2024
LOW_DISLOCATION,CONTINUE,15:10:00,2024-08-28,2024-08-29,2024-08-29,25000.0,-0.0004835203478149094,0.019709521020909396,-0.8786949561406393,BEAR,25,25000.0,24800.0,26.9,0.10000000000000003,-669.9999999999999,40.0,94.92092593999999,-804.9209259399998,0.0,672.5,2024-08-26/2024-09-01,2024
LOW_DISLOCATION,FADE,10:30:00,2024-08-28,2024-08-29,2024-08-29,25000.0,-0.0004835203478149094,0.019709521020909396,-0.8786949561406393,BULL,25,25000.0,25200.0,85.15,120.44999999999999,882.4999999999995,40.0,100.53535126,741.9646487399996,0.0,2128.75,2024-08-26/2024-09-01,2024
LOW_DISLOCATION,FADE,15:10:00,2024-08-28,2024-08-29,2024-08-29,25000.0,-0.0004835203478149094,0.019709521020909396,-0.8786949561406393,BULL,25,25000.0,25200.0,85.15,166.9,2043.75,40.0,101.6690590025,1902.0809409975,0.0,2128.75,2024-08-26/2024-09-01,2024
LOW_DISLOCATION,CONTINUE,10:30:00,2024-09-04,2024-09-05,2024-09-05,25100.0,-0.00021107128634007457,0.007340143106506901,-1.1234579439093015,BEAR,25,25100.0,24900.0,18.0,20.849999999999998,71.24999999999994,40.0,95.5255967825,-64.27559678250006,0.0,450.0,2024-09-02/2024-09-08,2024
LOW_DISLOCATION,CONTINUE,15:10:00,2024-09-04,2024-09-05,2024-09-05,25100.0,-0.00021107128634007457,0.007340143106506901,-1.1234579439093015,BEAR,25,25100.0,24900.0,18.0,0.09999999999999999,-447.49999999999994,40.0,94.71047304500001,-582.210473045,0.0,450.0,2024-09-02/2024-09-08,2024
LOW_DISLOCATION,FADE,10:30:00,2024-09-04,2024-09-05,2024-09-05,25100.0,-0.00021107128634007457,0.007340143106506901,-1.1234579439093015,BULL,25,25100.0,25300.0,104.10000000000001,74.75,-733.7500000000002,40.0,100.0012822725,-873.7512822725002,0.0,2602.5,2024-09-02/2024-09-08,2024
LOW_DISLOCATION,FADE,15:10:00,2024-09-04,2024-09-05,2024-09-05,25100.0,-0.00021107128634007457,0.007340143106506901,-1.1234579439093015,BULL,25,25100.0,25300.0,104.10000000000001,46.9,-1430.0000000000002,40.0,98.41918738,-1568.4191873800003,0.0,2602.5,2024-09-02/2024-09-08,2024
HIGH_DISLOCATION,CONTINUE,10:30:00,2024-09-09,2024-09-10,2024-09-12,24750.0,-0.0027975718123994303,0.0959082728362019,0.8630673980276115,BEAR,25,24750.0,24550.0,17.450000000000003,29.0,288.74999999999994,40.0,96.37471148249999,152.37528851749994,0.0,436.25000000000006,2024-09-09/2024-09-15,2024
HIGH_DISLOCATION,CONTINUE,15:10:00,2024-09-09,2024-09-10,2024-09-12,24750.0,-0.0027975718123994303,0.0959082728362019,0.8630673980276115,BEAR,25,24750.0,24550.0,17.450000000000003,7.199999999999999,-256.2500000000001,40.0,95.3040157375,-391.5540157375001,0.0,436.25000000000006,2024-09-09/2024-09-15,2024
HIGH_DISLOCATION,FADE,10:30:00,2024-09-09,2024-09-10,2024-09-12,24750.0,-0.0027975718123994303,0.0959082728362019,0.8630673980276115,BULL,25,24750.0,24950.0,142.60000000000002,117.99999999999999,-615.0000000000009,40.0,108.79765753999999,-763.797657540001,0.0,3565.0000000000005,2024-09-09/2024-09-15,2024
HIGH_DISLOCATION,FADE,15:10:00,2024-09-09,2024-09-10,2024-09-12,24750.0,-0.0027975718123994303,0.0959082728362019,0.8630673980276115,BULL,25,24750.0,24950.0,142.60000000000002,166.39999999999998,594.9999999999989,40.0,113.28855033999999,441.7114496599989,0.0,3565.0000000000005,2024-09-09/2024-09-15,2024
LOW_DISLOCATION,CONTINUE,10:30:00,2024-09-12,2024-09-13,2024-09-19,25050.0,0.0003712908345060643,0.017645215887240735,-0.9622574716460683,BULL,25,25050.0,25250.0,137.05,146.05,225.0,40.0,117.99147767499998,67.00852232500002,0.0,3426.2500000000005,2024-09-09/2024-09-15,2024
LOW_DISLOCATION,CONTINUE,15:10:00,2024-09-12,2024-09-13,2024-09-19,25050.0,0.0003712908345060643,0.017645215887240735,-0.9622574716460683,BULL,25,25050.0,25250.0,137.05,149.64999999999998,314.99999999999915,40.0,117.53085548000001,157.46914451999913,0.0,3426.2500000000005,2024-09-09/2024-09-15,2024
LOW_DISLOCATION,FADE,10:30:00,2024-09-12,2024-09-13,2024-09-19,25050.0,0.0003712908345060643,0.017645215887240735,-0.9622574716460683,BEAR,25,25050.0,24850.0,30.65,24.8,-146.24999999999994,40.0,98.09484336749999,-284.34484336749995,0.0,766.25,2024-09-09/2024-09-15,2024
LOW_DISLOCATION,FADE,15:10:00,2024-09-12,2024-09-13,2024-09-19,25050.0,0.0003712908345060643,0.017645215887240735,-0.9622574716460683,BEAR,25,25050.0,24850.0,30.65,22.500000000000004,-203.7499999999999,40.0,97.87407756249999,-341.6240775624999,0.0,766.25,2024-09-09/2024-09-15,2024
HIGH_DISLOCATION,CONTINUE,10:30:00,2024-09-13,2024-09-16,2024-09-19,25300.0,-0.004506399795521069,0.21068529471917402,4.172760376353297,BEAR,25,25300.0,25100.0,45.900000000000006,39.349999999999994,-163.75000000000028,40.0,98.9043457875,-302.6543457875003,0.0,1147.5000000000002,2024-09-16/2024-09-22,2024
HIGH_DISLOCATION,CONTINUE,15:10:00,2024-09-13,2024-09-16,2024-09-19,25300.0,-0.004506399795521069,0.21068529471917402,4.172760376353297,BEAR,25,25300.0,25100.0,45.900000000000006,38.35,-188.7500000000001,40.0,98.84109641750001,-327.5910964175001,0.0,1147.5000000000002,2024-09-16/2024-09-22,2024
HIGH_DISLOCATION,FADE,10:30:00,2024-09-13,2024-09-16,2024-09-19,25300.0,-0.004506399795521069,0.21068529471917402,4.172760376353297,BULL,25,25300.0,25500.0,102.25,112.85,264.9999999999999,40.0,106.41726485999999,118.5827351399999,0.0,2556.25,2024-09-16/2024-09-22,2024
HIGH_DISLOCATION,FADE,15:10:00,2024-09-13,2024-09-16,2024-09-19,25300.0,-0.004506399795521069,0.21068529471917402,4.172760376353297,BULL,25,25300.0,25500.0,102.25,111.9,241.25000000000014,40.0,105.88636898749999,95.36363101250015,0.0,2556.25,2024-09-16/2024-09-22,2024
LOW_DISLOCATION,CONTINUE,10:30:00,2024-09-16,2024-09-17,2024-09-19,25400.0,-0.0005391450811864769,0.02268025046783744,-0.7519317821661643,BEAR,25,25400.0,25200.0,70.25,71.35,27.499999999999858,40.0,101.79151362500001,-114.29151362500015,0.0,1756.25,2024-09-16/2024-09-22,2024
LOW_DISLOCATION,CONTINUE,15:10:00,2024-09-16,2024-09-17,2024-09-19,25400.0,-0.0005391450811864769,0.02268025046783744,-0.7519317821661643,BEAR,25,25400.0,25200.0,70.25,55.150000000000006,-377.4999999999999,40.0,100.76547953000001,-518.2654795299999,0.0,1756.25,2024-09-16/2024-09-22,2024
LOW_DISLOCATION,FADE,10:30:00,2024-09-16,2024-09-17,2024-09-19,25400.0,-0.0005391450811864769,0.02268025046783744,-0.7519317821661643,BULL,25,25400.0,25600.0,68.85,66.25,-64.99999999999986,40.0,99.966593515,-204.96659351499986,0.0,1721.2499999999998,2024-09-16/2024-09-22,2024
LOW_DISLOCATION,FADE,15:10:00,2024-09-16,2024-09-17,2024-09-19,25400.0,-0.0005391450811864769,0.02268025046783744,-0.7519317821661643,BULL,25,25400.0,25600.0,68.85,80.75,297.5000000000001,40.0,100.58625849999999,156.91374150000013,0.0,1721.2499999999998,2024-09-16/2024-09-22,2024
LOW_DISLOCATION,CONTINUE,10:30:00,2024-09-18,2024-09-19,2024-09-19,25400.0,2.7555475076101437e-05,0.0008576866318242559,-1.2576772760013493,BULL,25,25400.0,25600.0,141.75,127.9,-346.2499999999999,40.0,103.1985860975,-489.44858609749986,0.0,3543.75,2024-09-16/2024-09-22,2024
LOW_DISLOCATION,CONTINUE,15:10:00,2024-09-18,2024-09-19,2024-09-19,25400.0,2.7555475076101437e-05,0.0008576866318242559,-1.2576772760013493,BULL,25,25400.0,25600.0,141.75,9.25,-3312.5,40.0,98.280011935,-3450.780011935,0.0,3543.75,2024-09-16/2024-09-22,2024
LOW_DISLOCATION,FADE,10:30:00,2024-09-18,2024-09-19,2024-09-19,25400.0,2.7555475076101437e-05,0.0008576866318242559,-1.2576772760013493,BEAR,25,25400.0,25200.0,6.3,6.8999999999999995,14.999999999999991,40.0,94.96267156500001,-119.96267156500002,0.0,157.5,2024-09-16/2024-09-22,2024
LOW_DISLOCATION,FADE,15:10:00,2024-09-18,2024-09-19,2024-09-19,25400.0,2.7555475076101437e-05,0.0008576866318242559,-1.2576772760013493,BEAR,25,25400.0,25200.0,6.3,0.35,-148.75,40.0,94.61949754250001,-283.3694975425,0.0,157.5,2024-09-16/2024-09-22,2024
HIGH_DISLOCATION,CONTINUE,10:30:00,2024-09-19,2024-09-20,2024-09-26,25550.0,0.002694709426383719,0.1196117898751838,1.6659415535242912,BULL,25,25550.0,25750.0,73.44999999999999,92.94999999999999,487.5,40.0,103.836500265,343.663499735,0.0,1836.2499999999998,2024-09-16/2024-09-22,2024
HIGH_DISLOCATION,CONTINUE,15:10:00,2024-09-19,2024-09-20,2024-09-26,25550.0,0.002694709426383719,0.1196117898751838,1.6659415535242912,BULL,25,25550.0,25750.0,73.44999999999999,141.2,1693.75,40.0,109.3957003325,1544.3542996675,0.0,1836.2499999999998,2024-09-16/2024-09-22,2024
HIGH_DISLOCATION,FADE,10:30:00,2024-09-19,2024-09-20,2024-09-26,25550.0,0.002694709426383719,0.1196117898751838,1.6659415535242912,BEAR,25,25550.0,25350.0,82.14999999999999,63.05000000000001,-477.4999999999995,40.0,105.78293983,-623.2829398299996,0.0,2053.75,2024-09-16/2024-09-22,2024
HIGH_DISLOCATION,FADE,15:10:00,2024-09-19,2024-09-20,2024-09-26,25550.0,0.002694709426383719,0.1196117898751838,1.6659415535242912,BEAR,25,25550.0,25350.0,82.14999999999999,29.050000000000004,-1327.4999999999998,40.0,103.25599998,-1470.7559999799998,0.0,2053.75,2024-09-16/2024-09-22,2024
LOW_DISLOCATION,CONTINUE,10:30:00,2024-09-23,2024-09-24,2024-09-26,25900.0,0.0005757986791410729,0.020468532838771758,-0.7960107780584432,BULL,25,25900.0,26100.0,87.3,103.4,402.5000000000002,40.0,104.036954105,258.4630458950002,0.0,2182.5,2024-09-23/2024-09-29,2024
LOW_DISLOCATION,CONTINUE,15:10:00,2024-09-23,2024-09-24,2024-09-26,25900.0,0.0005757986791410729,0.020468532838771758,-0.7960107780584432,BULL,25,25900.0,26100.0,87.3,87.25,-1.249999999999929,40.0,102.2411749575,-143.49117495749994,0.0,2182.5,2024-09-23/2024-09-29,2024
LOW_DISLOCATION,FADE,10:30:00,2024-09-23,2024-09-24,2024-09-26,25900.0,0.0005757986791410729,0.020468532838771758,-0.7960107780584432,BEAR,25,25900.0,25700.0,60.15,45.050000000000004,-377.4999999999999,40.0,100.03114767,-517.5311476699999,0.0,1503.75,2024-09-23/2024-09-29,2024
LOW_DISLOCATION,FADE,15:10:00,2024-09-23,2024-09-24,2024-09-26,25900.0,0.0005757986791410729,0.020468532838771758,-0.7960107780584432,BEAR,25,25900.0,25700.0,60.15,49.35000000000001,-269.9999999999998,40.0,100.05075148,-410.0507514799998,0.0,1503.75,2024-09-23/2024-09-29,2024
LOW_DISLOCATION,CONTINUE,10:30:00,2024-09-24,2024-09-25,2024-09-26,25950.0,8.484315585690537e-05,0.0030373774268696147,-1.1916544849561927,BULL,25,25950.0,26150.0,57.349999999999994,54.800000000000004,-63.74999999999975,40.0,98.4299829125,-202.17998291249972,0.0,1433.7499999999998,2024-09-23/2024-09-29,2024
LOW_DISLOCATION,CONTINUE,15:10:00,2024-09-24,2024-09-25,2024-09-26,25950.0,8.484315585690537e-05,0.0030373774268696147,-1.1916544849561927,BULL,25,25950.0,26150.0,57.349999999999994,73.5,403.7500000000001,40.0,99.2260599875,264.52394001250013,0.0,1433.7499999999998,2024-09-23/2024-09-29,2024
LOW_DISLOCATION,FADE,10:30:00,2024-09-24,2024-09-25,2024-09-26,25950.0,8.484315585690537e-05,0.0030373774268696147,-1.1916544849561927,BEAR,25,25950.0,25750.0,72.2,72.25,1.249999999999929,40.0,100.58316926750001,-139.33316926750007,0.0,1805.0,2024-09-23/2024-09-29,2024
LOW_DISLOCATION,FADE,15:10:00,2024-09-24,2024-09-25,2024-09-26,25950.0,8.484315585690537e-05,0.0030373774268696147,-1.1916544849561927,BEAR,25,25950.0,25750.0,72.2,39.849999999999994,-808.7500000000002,40.0,98.5287772425,-947.2787772425003,0.0,1805.0,2024-09-23/2024-09-29,2024
LOW_DISLOCATION,CONTINUE,10:30:00,2024-09-27,2024-09-30,2024-10-03,26200.0,-0.0001410367343516209,0.006730657438783597,-1.0724330702688465,BEAR,25,26200.0,26000.0,97.05000000000001,118.8,543.7499999999997,40.0,108.75196843750001,394.99803156249965,0.0,2426.2500000000005,2024-09-30/2024-10-06,2024
LOW_DISLOCATION,CONTINUE,15:10:00,2024-09-27,2024-09-30,2024-10-03,26200.0,-0.0001410367343516209,0.006730657438783597,-1.0724330702688465,BEAR,25,26200.0,26000.0,97.05000000000001,166.9,1746.2499999999998,40.0,115.25863635250002,1590.9913636474998,0.0,2426.2500000000005,2024-09-30/2024-10-06,2024
LOW_DISLOCATION,FADE,10:30:00,2024-09-27,2024-09-30,2024-10-03,26200.0,-0.0001410367343516209,0.006730657438783597,-1.0724330702688465,BULL,25,26200.0,26400.0,48.6,32.25,-408.75000000000006,40.0,97.8025385825,-546.5525385825001,0.0,1215.0,2024-09-30/2024-10-06,2024
LOW_DISLOCATION,FADE,15:10:00,2024-09-27,2024-09-30,2024-10-03,26200.0,-0.0001410367343516209,0.006730657438783597,-1.0724330702688465,BULL,25,26200.0,26400.0,48.6,13.55,-876.2499999999999,40.0,96.8763267475,-1013.1263267474999,0.0,1215.0,2024-09-30/2024-10-06,2024
LOW_DISLOCATION,CONTINUE,10:30:00,2024-09-30,2024-10-01,2024-10-03,26050.0,0.00016307924308208257,0.006692473224883681,-1.0384233960808107,BULL,25,26050.0,26250.0,24.05,11.549999999999999,-312.50000000000006,40.0,95.9215987,-448.42159870000006,0.0,601.25,2024-09-30/2024-10-06,2024
LOW_DISLOCATION,CONTINUE,15:10:00,2024-09-30,2024-10-01,2024-10-03,26050.0,0.00016307924308208257,0.006692473224883681,-1.0384233960808107,BULL,25,26050.0,26250.0,24.05,9.0,-376.25,40.0,95.6641060375,-511.9141060375,0.0,601.25,2024-09-30/2024-10-06,2024
LOW_DISLOCATION,FADE,10:30:00,2024-09-30,2024-10-01,2024-10-03,26050.0,0.00016307924308208257,0.006692473224883681,-1.0384233960808107,BEAR,25,26050.0,25850.0,128.35,149.4,526.2500000000002,40.0,111.4275103625,374.8224896375002,0.0,3208.75,2024-09-30/2024-10-06,2024
LOW_DISLOCATION,FADE,15:10:00,2024-09-30,2024-10-01,2024-10-03,26050.0,0.00016307924308208257,0.006692473224883681,-1.0384233960808107,BEAR,25,26050.0,25850.0,128.35,158.3,748.7500000000005,40.0,110.6825754175,598.0674245825005,0.0,3208.75,2024-09-30/2024-10-06,2024
HIGH_DISLOCATION,CONTINUE,10:30:00,2024-10-03,2024-10-04,2024-10-10,25600.0,0.005365085102704856,0.2295177786242309,4.412763671928624,BULL,25,25600.0,25800.0,26.650000000000002,26.6,-1.2500000000000178,40.0,97.52611374249999,-138.7761137425,0.0,666.25,2024-09-30/2024-10-06,2024
HIGH_DISLOCATION,CONTINUE,15:10:00,2024-10-03,2024-10-04,2024-10-10,25600.0,0.005365085102704856,0.2295177786242309,4.412763671928624,BULL,25,25600.0,25800.0,26.650000000000002,11.250000000000002,-385.0,40.0,96.55337684499999,-521.553376845,0.0,666.25,2024-09-30/2024-10-06,2024
HIGH_DISLOCATION,FADE,10:30:00,2024-10-03,2024-10-04,2024-10-10,25600.0,0.005365085102704856,0.2295177786242309,4.412763671928624,BEAR,25,25600.0,25400.0,137.95000000000005,140.40000000000003,61.249999999999716,40.0,126.17213043249998,-104.92213043250027,0.0,3448.750000000001,2024-09-30/2024-10-06,2024
HIGH_DISLOCATION,FADE,15:10:00,2024-10-03,2024-10-04,2024-10-10,25600.0,0.005365085102704856,0.2295177786242309,4.412763671928624,BEAR,25,25600.0,25400.0,137.95000000000005,171.8,846.2499999999991,40.0,134.3609410325,671.8890589674991,0.0,3448.750000000001,2024-09-30/2024-10-06,2024
HIGH_DISLOCATION,CONTINUE,10:30:00,2024-10-04,2024-10-07,2024-10-10,25100.0,-0.003591938358214663,0.11375270374771243,1.3118269027362186,BEAR,25,25100.0,24900.0,69.19999999999999,77.10000000000001,197.5000000000005,40.0,107.39771942,50.10228058000051,0.0,1729.9999999999998,2024-10-07/2024-10-13,2024
HIGH_DISLOCATION,CONTINUE,15:10:00,2024-10-04,2024-10-07,2024-10-10,25100.0,-0.003591938358214663,0.11375270374771243,1.3118269027362186,BEAR,25,25100.0,24900.0,69.19999999999999,125.90000000000003,1417.5000000000011,40.0,114.13828683,1263.3617131700012,0.0,1729.9999999999998,2024-10-07/2024-10-13,2024
HIGH_DISLOCATION,FADE,10:30:00,2024-10-04,2024-10-07,2024-10-10,25100.0,-0.003591938358214663,0.11375270374771243,1.3118269027362186,BULL,25,25100.0,25300.0,91.2,81.5,-242.50000000000006,40.0,105.717979535,-388.21797953500004,0.0,2280.0,2024-10-07/2024-10-13,2024
HIGH_DISLOCATION,FADE,15:10:00,2024-10-04,2024-10-07,2024-10-10,25100.0,-0.003591938358214663,0.11375270374771243,1.3118269027362186,BULL,25,25100.0,25300.0,91.2,37.300000000000004,-1347.5,40.0,102.295851465,-1489.795851465,0.0,2280.0,2024-10-07/2024-10-13,2024
LOW_DISLOCATION,CONTINUE,10:30:00,2024-10-09,2024-10-10,2024-10-10,25050.0,-0.000508612505086125,0.012058563431815989,-0.8516290221253827,BEAR,25,25050.0,24850.0,56.449999999999996,30.449999999999996,-650.0,40.0,96.96398156500001,-786.963981565,0.0,1411.25,2024-10-07/2024-10-13,2024
LOW_DISLOCATION,CONTINUE,15:10:00,2024-10-09,2024-10-10,2024-10-10,25050.0,-0.000508612505086125,0.012058563431815989,-0.8516290221253827,BEAR,25,25050.0,24850.0,56.449999999999996,48.1,-208.74999999999986,40.0,97.3441420175,-346.09414201749985,0.0,1411.25,2024-10-07/2024-10-13,2024
LOW_DISLOCATION,FADE,10:30:00,2024-10-09,2024-10-10,2024-10-10,25050.0,-0.000508612505086125,0.012058563431815989,-0.8516290221253827,BULL,25,25050.0,25250.0,48.95,55.75,169.99999999999994,40.0,98.33536842999999,31.664631569999955,0.0,1223.75,2024-10-07/2024-10-13,2024
LOW_DISLOCATION,FADE,15:10:00,2024-10-09,2024-10-10,2024-10-10,25050.0,-0.000508612505086125,0.012058563431815989,-0.8516290221253827,BULL,25,25050.0,25250.0,48.95,0.15,-1220.0,40.0,95.72314004,-1355.72314004,0.0,1223.75,2024-10-07/2024-10-13,2024
LOW_DISLOCATION,CONTINUE,10:30:00,2024-10-11,2024-10-14,2024-10-17,25000.0,-6.202902958581706e-05,0.002587913927577421,-1.0261995233944419,BEAR,25,25000.0,24800.0,60.5,43.45,-426.24999999999994,40.0,100.2108394825,-566.4608394825,0.0,1512.5,2024-10-14/2024-10-20,2024
LOW_DISLOCATION,CONTINUE,15:10:00,2024-10-11,2024-10-14,2024-10-17,25000.0,-6.202902958581706e-05,0.002587913927577421,-1.0261995233944419,BEAR,25,25000.0,24800.0,60.5,39.2,-532.4999999999999,40.0,99.75612286,-672.2561228599999,0.0,1512.5,2024-10-14/2024-10-20,2024
LOW_DISLOCATION,FADE,10:30:00,2024-10-11,2024-10-14,2024-10-17,25000.0,-6.202902958581706e-05,0.002587913927577421,-1.0261995233944419,BULL,25,25000.0,25200.0,90.65,109.0,458.7499999999999,40.0,106.06157153749999,312.6884284624999,0.0,2266.25,2024-10-14/2024-10-20,2024
LOW_DISLOCATION,FADE,15:10:00,2024-10-11,2024-10-14,2024-10-17,25000.0,-6.202902958581706e-05,0.002587913927577421,-1.0261995233944419,BULL,25,25000.0,25200.0,90.65,110.44999999999999,494.99999999999955,40.0,105.838635865,349.16136413499953,0.0,2266.25,2024-10-14/2024-10-20,2024
LOW_DISLOCATION,CONTINUE,10:30:00,2024-10-16,2024-10-17,2024-10-17,25050.0,-0.00021580879340909773,0.00766051748814314,-0.9009282822297413,BEAR,25,25050.0,24850.0,116.45,177.8,1533.7500000000002,40.0,104.9771765525,1388.7728234475003,0.0,2911.25,2024-10-14/2024-10-20,2024
LOW_DISLOCATION,CONTINUE,15:10:00,2024-10-16,2024-10-17,2024-10-17,25050.0,-0.00021580879340909773,0.00766051748814314,-0.9009282822297413,BEAR,25,25050.0,24850.0,116.45,199.45000000000002,2075.0000000000005,40.0,108.27112556,1926.7288744400005,0.0,2911.25,2024-10-14/2024-10-20,2024
LOW_DISLOCATION,FADE,10:30:00,2024-10-16,2024-10-17,2024-10-17,25050.0,-0.00021580879340909773,0.00766051748814314,-0.9009282822297413,BULL,25,25050.0,25250.0,14.599999999999998,3.3499999999999996,-281.24999999999994,40.0,94.9038102925,-416.15381029249994,0.0,364.99999999999994,2024-10-14/2024-10-20,2024
LOW_DISLOCATION,FADE,15:10:00,2024-10-16,2024-10-17,2024-10-17,25050.0,-0.00021580879340909773,0.00766051748814314,-0.9009282822297413,BULL,25,25050.0,25250.0,14.599999999999998,-0.05,-366.24999999999994,40.0,94.7185075225,-500.9685075225,0.0,364.99999999999994,2024-10-14/2024-10-20,2024
HIGH_DISLOCATION,CONTINUE,10:30:00,2024-10-17,2024-10-18,2024-10-24,24950.0,-0.0035498112227570883,0.1573025816334826,2.326493857280088,BEAR,25,24950.0,24750.0,126.10000000000002,109.5,-415.00000000000057,40.0,116.6004944,-571.6004944000006,0.0,3152.5000000000005,2024-10-14/2024-10-20,2024
HIGH_DISLOCATION,CONTINUE,15:10:00,2024-10-17,2024-10-18,2024-10-24,24950.0,-0.0035498112227570883,0.1573025816334826,2.326493857280088,BEAR,25,24950.0,24750.0,126.10000000000002,85.0,-1027.5000000000005,40.0,112.97337634500002,-1180.4733763450004,0.0,3152.5000000000005,2024-10-14/2024-10-20,2024
HIGH_DISLOCATION,FADE,10:30:00,2024-10-17,2024-10-18,2024-10-24,24950.0,-0.0035498112227570883,0.1573025816334826,2.326493857280088,BULL,25,24950.0,25150.0,31.9,45.55,341.24999999999994,40.0,98.68915145749999,202.56084854249997,0.0,797.5,2024-10-14/2024-10-20,2024
HIGH_DISLOCATION,FADE,15:10:00,2024-10-17,2024-10-18,2024-10-24,24950.0,-0.0035498112227570883,0.1573025816334826,2.326493857280088,BULL,25,24950.0,25150.0,31.9,63.599999999999994,792.4999999999999,40.0,99.583081775,652.9169182249999,0.0,797.5,2024-10-14/2024-10-20,2024
HIGH_DISLOCATION,CONTINUE,10:30:00,2024-10-18,2024-10-21,2024-10-24,24600.0,-0.004938256607120109,0.1869975991380643,2.801347883137301,BEAR,25,24600.0,24400.0,23.749999999999996,33.05,232.50000000000003,40.0,97.96598131000002,94.53401869000001,0.0,593.7499999999999,2024-10-21/2024-10-27,2024
HIGH_DISLOCATION,CONTINUE,15:10:00,2024-10-18,2024-10-21,2024-10-24,24600.0,-0.004938256607120109,0.1869975991380643,2.801347883137301,BEAR,25,24600.0,24400.0,23.749999999999996,33.45,242.50000000000017,40.0,97.81048669500001,104.68951330500016,0.0,593.7499999999999,2024-10-21/2024-10-27,2024
HIGH_DISLOCATION,FADE,10:30:00,2024-10-18,2024-10-21,2024-10-24,24600.0,-0.004938256607120109,0.1869975991380643,2.801347883137301,BULL,25,24600.0,24800.0,149.70000000000002,130.3,-485.0000000000001,40.0,114.663323535,-639.6633235350001,0.0,3742.5000000000005,2024-10-21/2024-10-27,2024
HIGH_DISLOCATION,FADE,15:10:00,2024-10-18,2024-10-21,2024-10-24,24600.0,-0.004938256607120109,0.1869975991380643,2.801347883137301,BULL,25,24600.0,24800.0,149.70000000000002,120.85,-721.2500000000006,40.0,112.90230518749999,-874.1523051875006,0.0,3742.5000000000005,2024-10-21/2024-10-27,2024
HIGH_DISLOCATION,CONTINUE,10:30:00,2024-10-21,2024-10-22,2024-10-24,24900.0,-0.0030517903235819177,0.11399391076949342,1.1669304674910326,BEAR,25,24900.0,24700.0,93.19999999999999,133.95,1018.75,40.0,109.7817426775,868.9682573225,0.0,2329.9999999999995,2024-10-21/2024-10-27,2024
HIGH_DISLOCATION,CONTINUE,15:10:00,2024-10-21,2024-10-22,2024-10-24,24900.0,-0.0030517903235819177,0.11399391076949342,1.1669304674910326,BEAR,25,24900.0,24700.0,93.19999999999999,172.3,1977.5000000000005,40.0,116.53851969,1820.9614803100005,0.0,2329.9999999999995,2024-10-21/2024-10-27,2024
HIGH_DISLOCATION,FADE,10:30:00,2024-10-21,2024-10-22,2024-10-24,24900.0,-0.0030517903235819177,0.11399391076949342,1.1669304674910326,BULL,25,24900.0,25100.0,49.25,25.0,-606.25,40.0,97.2977561225,-743.5477561225,0.0,1231.25,2024-10-21/2024-10-27,2024
HIGH_DISLOCATION,FADE,15:10:00,2024-10-21,2024-10-22,2024-10-24,24900.0,-0.0030517903235819177,0.11399391076949342,1.1669304674910326,BULL,25,24900.0,25100.0,49.25,8.649999999999999,-1015.0,40.0,96.45000049000001,-1151.45000049,0.0,1231.25,2024-10-21/2024-10-27,2024
LOW_DISLOCATION,CONTINUE,10:30:00,2024-10-25,2024-10-28,2024-10-31,24400.0,0.00020672744317039142,0.008699581839033743,-0.9198706646527043,BULL,25,24400.0,24600.0,42.449999999999996,78.1,891.25,40.0,100.53843309249999,750.7115669075,0.0,1061.25,2024-10-28/2024-11-03,2024
LOW_DISLOCATION,CONTINUE,15:10:00,2024-10-25,2024-10-28,2024-10-31,24400.0,0.00020672744317039142,0.008699581839033743,-0.9198706646527043,BULL,25,24400.0,24600.0,42.449999999999996,57.89999999999999,386.2499999999999,40.0,99.0944092325,247.1555907674999,0.0,1061.25,2024-10-28/2024-11-03,2024
LOW_DISLOCATION,FADE,10:30:00,2024-10-25,2024-10-28,2024-10-31,24400.0,0.00020672744317039142,0.008699581839033743,-0.9198706646527043,BEAR,25,24400.0,24200.0,112.10000000000002,69.5,-1065.0000000000005,40.0,107.86831403,-1212.8683140300004,0.0,2802.5000000000005,2024-10-28/2024-11-03,2024
LOW_DISLOCATION,FADE,15:10:00,2024-10-25,2024-10-28,2024-10-31,24400.0,0.00020672744317039142,0.008699581839033743,-0.9198706646527043,BEAR,25,24400.0,24200.0,112.10000000000002,81.60000000000001,-762.5000000000003,40.0,108.510003385,-911.0100033850003,0.0,2802.5000000000005,2024-10-28/2024-11-03,2024
HIGH_DISLOCATION,CONTINUE,10:30:00,2024-10-29,2024-10-30,2024-10-31,24250.0,-0.0036793541419425243,0.11661315465201474,1.1797821506585484,BEAR,25,24250.0,24050.0,33.85,23.549999999999997,-257.5000000000001,40.0,96.996323285,-394.49632328500013,0.0,846.25,2024-10-28/2024-11-03,2024
HIGH_DISLOCATION,CONTINUE,15:10:00,2024-10-29,2024-10-30,2024-10-31,24250.0,-0.0036793541419425243,0.11661315465201474,1.1797821506585484,BEAR,25,24250.0,24050.0,33.85,25.4,-211.25000000000006,40.0,96.88281018749998,-348.1328101875,0.0,846.25,2024-10-28/2024-11-03,2024
HIGH_DISLOCATION,FADE,10:30:00,2024-10-29,2024-10-30,2024-10-31,24250.0,-0.0036793541419425243,0.11661315465201474,1.1797821506585484,BULL,25,24250.0,24450.0,113.7,128.85,378.7499999999998,40.0,106.74780805750001,232.00219194249976,0.0,2842.5,2024-10-28/2024-11-03,2024
HIGH_DISLOCATION,FADE,15:10:00,2024-10-29,2024-10-30,2024-10-31,24250.0,-0.0036793541419425243,0.11661315465201474,1.1797821506585484,BULL,25,24250.0,24450.0,113.7,109.05000000000001,-116.24999999999979,40.0,104.07700164750001,-260.3270016474998,0.0,2842.5,2024-10-28/2024-11-03,2024
LOW_DISLOCATION,CONTINUE,10:30:00,2024-10-30,2024-10-31,2024-10-31,24350.0,-0.0005840846164408548,0.017212391360022,-0.7702558249119703,BEAR,25,24350.0,24150.0,79.1,87.2,202.50000000000023,40.0,99.543258285,62.956741715000234,0.0,1977.4999999999998,2024-10-28/2024-11-03,2024
LOW_DISLOCATION,CONTINUE,15:10:00,2024-10-30,2024-10-31,2024-10-31,24350.0,-0.0005840846164408548,0.017212391360022,-0.7702558249119703,BEAR,25,24350.0,24150.0,79.1,142.25,1578.7500000000002,40.0,101.1391116175,1437.6108883825002,0.0,1977.4999999999998,2024-10-28/2024-11-03,2024
LOW_DISLOCATION,FADE,10:30:00,2024-10-30,2024-10-31,2024-10-31,24350.0,-0.0005840846164408548,0.017212391360022,-0.7702558249119703,BULL,25,24350.0,24550.0,20.0,7.999999999999999,-300.0,40.0,95.25142521500001,-435.25142521500004,0.0,500.0,2024-10-28/2024-11-03,2024
LOW_DISLOCATION,FADE,15:10:00,2024-10-30,2024-10-31,2024-10-31,24350.0,-0.0005840846164408548,0.017212391360022,-0.7702558249119703,BULL,25,24350.0,24550.0,20.0,0.0,-500.0,40.0,94.86162200500002,-634.8616220050001,0.0,500.0,2024-10-28/2024-11-03,2024
HIGH_DISLOCATION,CONTINUE,10:30:00,2024-11-04,2024-11-05,2024-11-07,24100.0,-0.009873852385701154,0.22124184285998896,3.2515125143198107,BEAR,25,24100.0,23900.0,91.29999999999998,88.64999999999999,-66.24999999999979,40.0,111.41668422750001,-217.6666842274998,0.0,2282.4999999999995,2024-11-04/2024-11-10,2024
HIGH_DISLOCATION,CONTINUE,15:10:00,2024-11-04,2024-11-05,2024-11-07,24100.0,-0.009873852385701154,0.22124184285998896,3.2515125143198107,BEAR,25,24100.0,23900.0,91.29999999999998,58.150000000000006,-828.7499999999994,40.0,107.40774611750001,-976.1577461174994,0.0,2282.4999999999995,2024-11-04/2024-11-10,2024
HIGH_DISLOCATION,FADE,10:30:00,2024-11-04,2024-11-05,2024-11-07,24100.0,-0.009873852385701154,0.22124184285998896,3.2515125143198107,BULL,25,24100.0,24300.0,74.75000000000001,75.94999999999999,29.99999999999936,40.0,103.98410252999999,-113.98410253000063,0.0,1868.7500000000005,2024-11-04/2024-11-10,2024
HIGH_DISLOCATION,FADE,15:10:00,2024-11-04,2024-11-05,2024-11-07,24100.0,-0.009873852385701154,0.22124184285998896,3.2515125143198107,BULL,25,24100.0,24300.0,74.75000000000001,103.15,709.9999999999998,40.0,106.71674792,563.2832520799998,0.0,1868.7500000000005,2024-11-04/2024-11-10,2024
HIGH_DISLOCATION,CONTINUE,10:30:00,2024-11-07,2024-11-08,2024-11-14,24350.0,-0.005989575893130456,0.21749620380590273,2.890321210533395,BEAR,25,24350.0,24150.0,105.70000000000002,103.95000000000002,-43.75,40.0,113.0821672475,-196.8321672475,0.0,2642.5000000000005,2024-11-04/2024-11-10,2024
HIGH_DISLOCATION,CONTINUE,15:10:00,2024-11-07,2024-11-08,2024-11-14,24350.0,-0.005989575893130456,0.21749620380590273,2.890321210533395,BEAR,25,24350.0,24150.0,105.70000000000002,115.4,242.49999999999972,40.0,113.75431863,88.74568136999972,0.0,2642.5000000000005,2024-11-04/2024-11-10,2024
HIGH_DISLOCATION,FADE,10:30:00,2024-11-07,2024-11-08,2024-11-14,24350.0,-0.005989575893130456,0.21749620380590273,2.890321210533395,BULL,25,24350.0,24550.0,58.650000000000006,55.55,-77.50000000000021,40.0,101.062028805,-218.5620288050002,0.0,1466.2500000000002,2024-11-04/2024-11-10,2024
HIGH_DISLOCATION,FADE,15:10:00,2024-11-07,2024-11-08,2024-11-14,24350.0,-0.005989575893130456,0.21749620380590273,2.890321210533395,BULL,25,24350.0,24550.0,58.650000000000006,43.8,-371.2500000000002,40.0,99.8657008825,-511.1157008825002,0.0,1466.2500000000002,2024-11-04/2024-11-10,2024
LOW_DISLOCATION,CONTINUE,10:30:00,2024-11-11,2024-11-12,2024-11-14,24100.0,0.00027394360497341226,0.00919931475726506,-0.9036731150656123,BULL,25,24100.0,24300.0,97.15,100.60000000000001,86.25000000000007,40.0,104.79567809250001,-58.54567809249994,0.0,2428.75,2024-11-11/2024-11-17,2024
LOW_DISLOCATION,CONTINUE,15:10:00,2024-11-11,2024-11-12,2024-11-14,24100.0,0.00027394360497341226,0.00919931475726506,-0.9036731150656123,BULL,25,24100.0,24300.0,97.15,23.6,-1838.7500000000002,40.0,99.88597140750001,-1978.6359714075002,0.0,2428.75,2024-11-11/2024-11-17,2024
LOW_DISLOCATION,FADE,10:30:00,2024-11-11,2024-11-12,2024-11-14,24100.0,0.00027394360497341226,0.00919931475726506,-0.9036731150656123,BEAR,25,24100.0,23900.0,50.800000000000004,45.4,-135.00000000000014,40.0,98.87065091999999,-273.8706509200001,0.0,1270.0,2024-11-11/2024-11-17,2024
LOW_DISLOCATION,FADE,15:10:00,2024-11-11,2024-11-12,2024-11-14,24100.0,0.00027394360497341226,0.00919931475726506,-0.9036731150656123,BEAR,25,24100.0,23900.0,50.800000000000004,138.14999999999998,2183.749999999999,40.0,106.46828706250001,2037.2817129374992,0.0,1270.0,2024-11-11/2024-11-17,2024
HIGH_DISLOCATION,CONTINUE,10:30:00,2024-11-18,2024-11-19,2024-11-21,23500.0,-0.005735635494857322,0.18056668093966086,2.045412014735955,BEAR,75,23500.0,23300.0,34.0,18.299999999999997,-1177.5000000000002,120.0,101.497568,-1398.9975680000002,0.0,2550.0,2024-11-18/2024-11-24,2024
HIGH_DISLOCATION,CONTINUE,15:10:00,2024-11-18,2024-11-19,2024-11-21,23500.0,-0.005735635494857322,0.18056668093966086,2.045412014735955,BEAR,75,23500.0,23300.0,34.0,71.8,2835.0,120.0,111.66303489500001,2603.3369651049998,0.0,2550.0,2024-11-18/2024-11-24,2024
HIGH_DISLOCATION,FADE,10:30:00,2024-11-18,2024-11-19,2024-11-21,23500.0,-0.005735635494857322,0.18056668093966086,2.045412014735955,BULL,75,23500.0,23700.0,121.2,150.3,2182.5000000000005,120.0,144.015044825,1918.4849551750006,0.0,9090.0,2024-11-18/2024-11-24,2024
HIGH_DISLOCATION,FADE,15:10:00,2024-11-18,2024-11-19,2024-11-21,23500.0,-0.005735635494857322,0.18056668093966086,2.045412014735955,BULL,75,23500.0,23700.0,121.2,68.0,-3990.0,120.0,121.76608551500001,-4231.766085515,0.0,9090.0,2024-11-18/2024-11-24,2024
HIGH_DISLOCATION,CONTINUE,10:30:00,2024-11-19,2024-11-21,2024-11-21,23650.0,0.00462536457382528,0.16251960545113703,1.6452804583523082,BULL,75,23650.0,23850.0,6.75,1.25,-412.5,120.0,95.29446378499999,-627.794463785,0.0,506.25,2024-11-18/2024-11-24,2024
HIGH_DISLOCATION,CONTINUE,15:10:00,2024-11-19,2024-11-21,2024-11-21,23650.0,0.00462536457382528,0.16251960545113703,1.6452804583523082,BULL,75,23650.0,23850.0,6.75,0.05000000000000002,-502.5,120.0,94.999839605,-717.499839605,0.0,506.25,2024-11-18/2024-11-24,2024
HIGH_DISLOCATION,FADE,10:30:00,2024-11-19,2024-11-21,2024-11-21,23650.0,0.00462536457382528,0.16251960545113703,1.6452804583523082,BEAR,75,23650.0,23450.0,174.15,194.05,1492.5000000000005,120.0,160.091317595,1212.4086824050005,0.0,13061.25,2024-11-18/2024-11-24,2024
HIGH_DISLOCATION,FADE,15:10:00,2024-11-19,2024-11-21,2024-11-21,23650.0,0.00462536457382528,0.16251960545113703,1.6452804583523082,BEAR,75,23650.0,23450.0,174.15,200.00000000000003,1938.7500000000018,120.0,153.6952763525,1665.0547236475018,0.0,13061.25,2024-11-18/2024-11-24,2024
HIGH_DISLOCATION,CONTINUE,10:30:00,2024-11-21,2024-11-22,2024-11-28,23400.0,-0.00556422898418786,0.1847102720944241,1.9468276182437918,BEAR,75,23400.0,23200.0,49.150000000000006,46.599999999999994,-191.25000000000085,120.0,119.9170673675,-431.16706736750086,0.0,3686.2500000000005,2024-11-18/2024-11-24,2024
HIGH_DISLOCATION,CONTINUE,15:10:00,2024-11-21,2024-11-22,2024-11-28,23400.0,-0.00556422898418786,0.1847102720944241,1.9468276182437918,BEAR,75,23400.0,23200.0,49.150000000000006,22.849999999999994,-1972.500000000001,120.0,113.388813305,-2205.888813305001,0.0,3686.2500000000005,2024-11-18/2024-11-24,2024
HIGH_DISLOCATION,FADE,10:30:00,2024-11-21,2024-11-22,2024-11-28,23400.0,-0.00556422898418786,0.1847102720944241,1.9468276182437918,BULL,75,23400.0,23600.0,120.80000000000001,125.99999999999997,389.99999999999704,120.0,159.36837445999998,110.63162553999706,0.0,9060.0,2024-11-18/2024-11-24,2024
HIGH_DISLOCATION,FADE,15:10:00,2024-11-21,2024-11-22,2024-11-28,23400.0,-0.00556422898418786,0.1847102720944241,1.9468276182437918,BULL,75,23400.0,23600.0,120.80000000000001,164.49999999999994,3277.499999999995,120.0,196.06554177499999,2961.434458224995,0.0,9060.0,2024-11-18/2024-11-24,2024
HIGH_DISLOCATION,CONTINUE,10:30:00,2024-11-22,2024-11-25,2024-11-28,23550.0,0.0034596389682122683,0.12075580235866208,0.8501074936265256,BULL,75,23550.0,23750.0,190.80000000000007,193.20000000000005,179.9999999999983,120.0,289.95435719,-229.9543571900017,0.0,14310.000000000005,2024-11-25/2024-12-01,2024
HIGH_DISLOCATION,CONTINUE,15:10:00,2024-11-22,2024-11-25,2024-11-28,23550.0,0.0034596389682122683,0.12075580235866208,0.8501074936265256,BULL,75,23550.0,23750.0,190.80000000000007,186.45000000000005,-326.2500000000017,120.0,278.5021316525,-724.7521316525017,0.0,14310.000000000005,2024-11-25/2024-12-01,2024
HIGH_DISLOCATION,FADE,10:30:00,2024-11-22,2024-11-25,2024-11-28,23550.0,0.0034596389682122683,0.12075580235866208,0.8501074936265256,BEAR,75,23550.0,23350.0,5.35,4.6,-56.25,120.0,98.2453897775,-274.4953897775,0.0,401.25,2024-11-25/2024-12-01,2024
HIGH_DISLOCATION,FADE,15:10:00,2024-11-22,2024-11-25,2024-11-28,23550.0,0.0034596389682122683,0.12075580235866208,0.8501074936265256,BEAR,75,23550.0,23350.0,5.35,5.700000000000001,26.250000000000107,120.0,98.5015189325,-192.2515189324999,0.0,401.25,2024-11-25/2024-12-01,2024
LOW_DISLOCATION,CONTINUE,10:30:00,2024-11-26,2024-11-27,2024-11-28,24300.0,-0.0002118312918005996,0.006372953551795067,-0.9798498044732193,BEAR,75,24300.0,24100.0,101.95,101.89999999999999,-3.7500000000008527,120.0,124.20485087750001,-247.95485087750086,0.0,7646.25,2024-11-25/2024-12-01,2024
LOW_DISLOCATION,CONTINUE,15:10:00,2024-11-26,2024-11-27,2024-11-28,24300.0,-0.0002118312918005996,0.006372953551795067,-0.9798498044732193,BEAR,75,24300.0,24100.0,101.95,55.95,-3450.0,120.0,114.86824988000001,-3684.86824988,0.0,7646.25,2024-11-25/2024-12-01,2024
LOW_DISLOCATION,FADE,10:30:00,2024-11-26,2024-11-27,2024-11-28,24300.0,-0.0002118312918005996,0.006372953551795067,-0.9798498044732193,BULL,75,24300.0,24500.0,35.550000000000004,32.25,-247.5000000000003,120.0,102.10199111,-469.6019911100003,0.0,2666.2500000000005,2024-11-25/2024-12-01,2024
LOW_DISLOCATION,FADE,15:10:00,2024-11-26,2024-11-27,2024-11-28,24300.0,-0.0002118312918005996,0.006372953551795067,-0.9798498044732193,BULL,75,24300.0,24500.0,35.550000000000004,61.1,1916.2499999999998,120.0,105.44852075749999,1690.8014792424997,0.0,2666.2500000000005,2024-11-25/2024-12-01,2024
LOW_DISLOCATION,CONTINUE,10:30:00,2024-11-28,2024-11-29,2024-12-05,24250.0,-0.00048375608812183243,0.019100377350164982,-0.7917002793456998,BEAR,75,24250.0,24050.0,108.55000000000001,104.44999999999999,-307.5000000000017,120.0,160.32678689,-587.8267868900017,0.0,8141.250000000001,2024-11-25/2024-12-01,2024
LOW_DISLOCATION,CONTINUE,15:10:00,2024-11-28,2024-11-29,2024-12-05,24250.0,-0.00048375608812183243,0.019100377350164982,-0.7917002793456998,BEAR,75,24250.0,24050.0,108.55000000000001,83.9,-1848.7500000000005,120.0,147.31291759249999,-2116.0629175925005,0.0,8141.250000000001,2024-11-25/2024-12-01,2024
LOW_DISLOCATION,FADE,10:30:00,2024-11-28,2024-11-29,2024-12-05,24250.0,-0.00048375608812183243,0.019100377350164982,-0.7917002793456998,BULL,75,24250.0,24450.0,57.7,61.25,266.2499999999998,120.0,117.6292130675,28.62078693249977,0.0,4327.5,2024-11-25/2024-12-01,2024
LOW_DISLOCATION,FADE,15:10:00,2024-11-28,2024-11-29,2024-12-05,24250.0,-0.00048375608812183243,0.019100377350164982,-0.7917002793456998,BULL,75,24250.0,24450.0,57.7,72.55,1113.7499999999995,120.0,118.37488280750001,875.3751171924995,0.0,4327.5,2024-11-25/2024-12-01,2024
HIGH_DISLOCATION,CONTINUE,10:30:00,2024-12-02,2024-12-03,2024-12-05,24050.0,-0.004970057525155732,0.14905034821037236,1.2444455563224985,BEAR,75,24050.0,23850.0,35.400000000000006,20.900000000000002,-1087.5000000000002,120.0,105.4452608,-1312.9452608000001,0.0,2655.0000000000005,2024-12-02/2024-12-08,2024
HIGH_DISLOCATION,CONTINUE,15:10:00,2024-12-02,2024-12-03,2024-12-05,24050.0,-0.004970057525155732,0.14905034821037236,1.2444455563224985,BEAR,75,24050.0,23850.0,35.400000000000006,17.5,-1342.5000000000005,120.0,104.20614499999999,-1566.7061450000006,0.0,2655.0000000000005,2024-12-02/2024-12-08,2024
HIGH_DISLOCATION,FADE,10:30:00,2024-12-02,2024-12-03,2024-12-05,24050.0,-0.004970057525155732,0.14905034821037236,1.2444455563224985,BULL,75,24050.0,24250.0,137.3,158.45,1586.2499999999982,120.0,177.7224077075,1288.5275922924982,0.0,10297.5,2024-12-02/2024-12-08,2024
HIGH_DISLOCATION,FADE,15:10:00,2024-12-02,2024-12-03,2024-12-05,24050.0,-0.004970057525155732,0.14905034821037236,1.2444455563224985,BULL,75,24050.0,24250.0,137.3,166.34999999999997,2178.7499999999964,120.0,180.3452243825,1878.4047756174964,0.0,10297.5,2024-12-02/2024-12-08,2024
LOW_DISLOCATION,CONTINUE,10:30:00,2024-12-04,2024-12-05,2024-12-05,24500.0,0.0006183383228949587,0.014293724565419452,-0.9059196633717841,BULL,75,24500.0,24700.0,80.7,62.800000000000004,-1342.5,120.0,113.917451465,-1576.4174514649999,0.0,6052.5,2024-12-02/2024-12-08,2024
LOW_DISLOCATION,CONTINUE,15:10:00,2024-12-04,2024-12-05,2024-12-05,24500.0,0.0006183383228949587,0.014293724565419452,-0.9059196633717841,BULL,75,24500.0,24700.0,80.7,194.25,8516.25,120.0,127.61898586250001,8268.6310141375,0.0,6052.5,2024-12-02/2024-12-08,2024
LOW_DISLOCATION,FADE,10:30:00,2024-12-04,2024-12-05,2024-12-05,24500.0,0.0006183383228949587,0.014293724565419452,-0.9059196633717841,BEAR,75,24500.0,24300.0,62.95,97.45000000000002,2587.500000000001,120.0,127.27768418000001,2340.222315820001,0.0,4721.25,2024-12-02/2024-12-08,2024
LOW_DISLOCATION,FADE,15:10:00,2024-12-04,2024-12-05,2024-12-05,24500.0,0.0006183383228949587,0.014293724565419452,-0.9059196633717841,BEAR,75,24500.0,24300.0,62.95,0.7499999999999999,-4665.0,120.0,103.50102815000001,-4888.50102815,0.0,4721.25,2024-12-02/2024-12-08,2024
LOW_DISLOCATION,CONTINUE,10:30:00,2024-12-05,2024-12-06,2024-12-12,24500.0,6.527361885096175e-05,0.001955201877375566,-1.0725167579739263,BULL,75,24500.0,24700.0,118.05000000000001,120.44999999999999,179.9999999999983,120.0,174.06702957500002,-114.06702957500173,0.0,8853.75,2024-12-02/2024-12-08,2024
LOW_DISLOCATION,CONTINUE,15:10:00,2024-12-05,2024-12-06,2024-12-12,24500.0,6.527361885096175e-05,0.001955201877375566,-1.0725167579739263,BULL,75,24500.0,24700.0,118.05000000000001,120.70000000000002,198.75000000000043,120.0,170.55899905249998,-91.80899905249956,0.0,8853.75,2024-12-02/2024-12-08,2024
LOW_DISLOCATION,FADE,10:30:00,2024-12-05,2024-12-06,2024-12-12,24500.0,6.527361885096175e-05,0.001955201877375566,-1.0725167579739263,BEAR,75,24500.0,24300.0,56.2,52.650000000000006,-266.2499999999998,120.0,124.72588834250001,-510.9758883424998,0.0,4215.0,2024-12-02/2024-12-08,2024
LOW_DISLOCATION,FADE,15:10:00,2024-12-05,2024-12-06,2024-12-12,24500.0,6.527361885096175e-05,0.001955201877375566,-1.0725167579739263,BEAR,75,24500.0,24300.0,56.2,48.0,-615.0000000000002,120.0,122.23871918,-857.2387191800002,0.0,4215.0,2024-12-02/2024-12-08,2024
HIGH_DISLOCATION,CONTINUE,10:30:00,2024-12-13,2024-12-16,2024-12-19,24400.0,-0.003501319115855682,0.12561684263037565,0.9516804101260466,BEAR,75,24400.0,24200.0,31.2,38.55,551.2499999999999,120.0,108.1397896625,323.1102103374999,0.0,2340.0,2024-12-16/2024-12-22,2024
HIGH_DISLOCATION,CONTINUE,15:10:00,2024-12-13,2024-12-16,2024-12-19,24400.0,-0.003501319115855682,0.12561684263037565,0.9516804101260466,BEAR,75,24400.0,24200.0,31.2,33.3,157.49999999999983,120.0,106.36280352499999,-68.86280352500016,0.0,2340.0,2024-12-16/2024-12-22,2024
HIGH_DISLOCATION,FADE,10:30:00,2024-12-13,2024-12-16,2024-12-19,24400.0,-0.003501319115855682,0.12561684263037565,0.9516804101260466,BULL,75,24400.0,24600.0,141.5,130.95,-791.2500000000009,120.0,169.4792996225,-1080.729299622501,0.0,10612.5,2024-12-16/2024-12-22,2024
HIGH_DISLOCATION,FADE,15:10:00,2024-12-13,2024-12-16,2024-12-19,24400.0,-0.003501319115855682,0.12561684263037565,0.9516804101260466,BULL,75,24400.0,24600.0,141.5,135.70000000000002,-434.99999999999875,120.0,171.008038595,-726.0080385949988,0.0,10612.5,2024-12-16/2024-12-22,2024
LOW_DISLOCATION,CONTINUE,10:30:00,2024-12-17,2024-12-18,2024-12-19,24600.0,-0.0006278497061907496,0.015570900100346917,-0.8503708125143855,BEAR,75,24600.0,24400.0,155.85000000000002,170.95,1132.4999999999975,120.0,165.59152266499999,846.9084773349975,0.0,11688.750000000002,2024-12-16/2024-12-22,2024
LOW_DISLOCATION,CONTINUE,15:10:00,2024-12-17,2024-12-18,2024-12-19,24600.0,-0.0006278497061907496,0.015570900100346917,-0.8503708125143855,BEAR,75,24600.0,24400.0,155.85000000000002,189.55,2527.499999999999,120.0,175.68660092,2231.8133990799993,0.0,11688.750000000002,2024-12-16/2024-12-22,2024
LOW_DISLOCATION,FADE,10:30:00,2024-12-17,2024-12-18,2024-12-19,24600.0,-0.0006278497061907496,0.015570900100346917,-0.8503708125143855,BULL,75,24600.0,24800.0,20.25,10.400000000000002,-738.7499999999999,120.0,100.5286916525,-959.2786916524999,0.0,1518.75,2024-12-16/2024-12-22,2024
LOW_DISLOCATION,FADE,15:10:00,2024-12-17,2024-12-18,2024-12-19,24600.0,-0.0006278497061907496,0.015570900100346917,-0.8503708125143855,BULL,75,24600.0,24800.0,20.25,5.799999999999999,-1083.75,120.0,99.7478742125,-1303.4978742125,0.0,1518.75,2024-12-16/2024-12-22,2024
LOW_DISLOCATION,CONTINUE,10:30:00,2024-12-18,2024-12-19,2024-12-19,24300.0,8.230080119859908e-06,0.0002002966738445998,-1.1051714929769583,BULL,75,24300.0,24500.0,4.5,2.25,-168.75,120.0,96.4130935025,-385.16309350250003,0.0,337.5,2024-12-16/2024-12-22,2024
LOW_DISLOCATION,CONTINUE,15:10:00,2024-12-18,2024-12-19,2024-12-19,24300.0,8.230080119859908e-06,0.0002002966738445998,-1.1051714929769583,BULL,75,24300.0,24500.0,4.5,0.0,-337.5,120.0,95.52604092499999,-553.026040925,0.0,337.5,2024-12-16/2024-12-22,2024
LOW_DISLOCATION,FADE,10:30:00,2024-12-18,2024-12-19,2024-12-19,24300.0,8.230080119859908e-06,0.0002002966738445998,-1.1051714929769583,BEAR,75,24300.0,24100.0,190.7,192.90000000000003,165.0000000000034,120.0,177.12024527000003,-132.12024526999662,0.0,14302.5,2024-12-16/2024-12-22,2024
LOW_DISLOCATION,FADE,15:10:00,2024-12-18,2024-12-19,2024-12-19,24300.0,8.230080119859908e-06,0.0002002966738445998,-1.1051714929769583,BEAR,75,24300.0,24100.0,190.7,200.45000000000002,731.2500000000022,120.0,175.5021129125,435.74788708750214,0.0,14302.5,2024-12-16/2024-12-22,2024
LOW_DISLOCATION,CONTINUE,10:30:00,2024-12-19,2024-12-20,2024-12-26,23900.0,-2.3025124597291507e-05,0.0007382939175327948,-1.0600563043407139,BEAR,75,23900.0,23700.0,78.24999999999999,74.8,-258.74999999999915,120.0,133.5833371925,-512.3333371924991,0.0,5868.749999999999,2024-12-16/2024-12-22,2024
LOW_DISLOCATION,CONTINUE,15:10:00,2024-12-19,2024-12-20,2024-12-26,23900.0,-2.3025124597291507e-05,0.0007382939175327948,-1.0600563043407139,BEAR,75,23900.0,23700.0,78.24999999999999,134.65,4230.000000000002,120.0,157.14547253,3952.854527470002,0.0,5868.749999999999,2024-12-16/2024-12-22,2024
LOW_DISLOCATION,FADE,10:30:00,2024-12-19,2024-12-20,2024-12-26,23900.0,-2.3025124597291507e-05,0.0007382939175327948,-1.0600563043407139,BULL,75,23900.0,24100.0,88.95000000000002,90.14999999999998,89.99999999999702,120.0,145.537810145,-175.537810145003,0.0,6671.250000000001,2024-12-16/2024-12-22,2024
LOW_DISLOCATION,FADE,15:10:00,2024-12-19,2024-12-20,2024-12-26,23900.0,-2.3025124597291507e-05,0.0007382939175327948,-1.0600563043407139,BULL,75,23900.0,24100.0,88.95000000000002,34.900000000000006,-4053.750000000001,120.0,124.5411975275,-4298.291197527501,0.0,6671.250000000001,2024-12-16/2024-12-22,2024
LOW_DISLOCATION,CONTINUE,10:30:00,2024-12-23,2024-12-24,2024-12-26,23800.0,0.00022958726949125262,0.007716624206509158,-0.9416888978087636,BULL,75,23800.0,24000.0,47.25,88.64999999999999,3104.9999999999995,120.0,113.13948536000001,2871.8605146399996,0.0,3543.75,2024-12-23/2024-12-29,2024
LOW_DISLOCATION,CONTINUE,15:10:00,2024-12-23,2024-12-24,2024-12-26,23800.0,0.00022958726949125262,0.007716624206509158,-0.9416888978087636,BULL,75,23800.0,24000.0,47.25,37.4,-738.7500000000001,120.0,104.32816187750001,-963.0781618775002,0.0,3543.75,2024-12-23/2024-12-29,2024
LOW_DISLOCATION,FADE,10:30:00,2024-12-23,2024-12-24,2024-12-26,23800.0,0.00022958726949125262,0.007716624206509158,-0.9416888978087636,BEAR,75,23800.0,23600.0,69.69999999999999,37.900000000000006,-2384.9999999999986,120.0,107.73006239,-2612.7300623899987,0.0,5227.499999999999,2024-12-23/2024-12-29,2024
LOW_DISLOCATION,FADE,15:10:00,2024-12-23,2024-12-24,2024-12-26,23800.0,0.00022958726949125262,0.007716624206509158,-0.9416888978087636,BEAR,75,23800.0,23600.0,69.69999999999999,59.699999999999996,-749.9999999999994,120.0,110.72603296999999,-980.7260329699994,0.0,5227.499999999999,2024-12-23/2024-12-29,2024
LOW_DISLOCATION,CONTINUE,10:30:00,2025-01-01,2025-01-02,2025-01-02,23650.0,-0.00034039638207286214,0.008328252223907467,-0.9966244935634728,BEAR,75,23650.0,23450.0,44.0,21.799999999999997,-1665.0000000000002,120.0,102.13954013,-1887.1395401300001,0.0,3300.0,2024-12-30/2025-01-05,2025
LOW_DISLOCATION,CONTINUE,15:10:00,2025-01-01,2025-01-02,2025-01-02,23650.0,-0.00034039638207286214,0.008328252223907467,-0.9966244935634728,BEAR,75,23650.0,23450.0,44.0,0.04999999999999999,-3296.25,120.0,98.7236122475,-3514.9736122475,0.0,3300.0,2024-12-30/2025-01-05,2025
LOW_DISLOCATION,FADE,10:30:00,2025-01-01,2025-01-02,2025-01-02,23650.0,-0.00034039638207286214,0.008328252223907467,-0.9966244935634728,BULL,75,23650.0,23850.0,113.05000000000001,148.29999999999998,2643.7499999999977,120.0,140.4148805825,2383.335119417498,0.0,8478.75,2024-12-30/2025-01-05,2025
LOW_DISLOCATION,FADE,15:10:00,2025-01-01,2025-01-02,2025-01-02,23650.0,-0.00034039638207286214,0.008328252223907467,-0.9966244935634728,BULL,75,23650.0,23850.0,113.05000000000001,197.39999999999998,6326.249999999997,120.0,177.28847774749997,6028.961522252497,0.0,8478.75,2024-12-30/2025-01-05,2025
LOW_DISLOCATION,CONTINUE,10:30:00,2025-01-06,2025-01-07,2025-01-09,24050.0,-0.00033687887956574005,0.010136245274245281,-0.9520475056252837,BEAR,75,24050.0,23850.0,137.35,139.75,180.00000000000043,120.0,167.74387454,-107.74387453999958,0.0,10301.25,2025-01-06/2025-01-12,2025
LOW_DISLOCATION,CONTINUE,15:10:00,2025-01-06,2025-01-07,2025-01-09,24050.0,-0.00033687887956574005,0.010136245274245281,-0.9520475056252837,BEAR,75,24050.0,23850.0,137.35,159.0,1623.7500000000005,120.0,171.33378211250002,1332.4162178875004,0.0,10301.25,2025-01-06/2025-01-12,2025
LOW_DISLOCATION,FADE,10:30:00,2025-01-06,2025-01-07,2025-01-09,24050.0,-0.00033687887956574005,0.010136245274245281,-0.9520475056252837,BULL,75,24050.0,24250.0,30.1,21.95,-611.2500000000001,120.0,102.8353537625,-834.0853537625001,0.0,2257.5,2025-01-06/2025-01-12,2025
LOW_DISLOCATION,FADE,15:10:00,2025-01-06,2025-01-07,2025-01-09,24050.0,-0.00033687887956574005,0.010136245274245281,-0.9520475056252837,BULL,75,24050.0,24250.0,30.1,13.3,-1260.0,120.0,100.906806605,-1480.906806605,0.0,2257.5,2025-01-06/2025-01-12,2025
HIGH_DISLOCATION,CONTINUE,10:30:00,2025-01-08,2025-01-09,2025-01-09,23650.0,-0.0047575541961206985,0.14014579210144762,1.282328087205816,BEAR,75,23650.0,23450.0,60.95,53.5,-558.7500000000002,120.0,104.5548919775,-783.3048919775002,0.0,4571.25,2025-01-06/2025-01-12,2025
HIGH_DISLOCATION,CONTINUE,15:10:00,2025-01-08,2025-01-09,2025-01-09,23650.0,-0.0047575541961206985,0.14014579210144762,1.282328087205816,BEAR,75,23650.0,23450.0,60.95,132.4,5358.75,120.0,111.9703007375,5126.7796992625,0.0,4571.25,2025-01-06/2025-01-12,2025
HIGH_DISLOCATION,FADE,10:30:00,2025-01-08,2025-01-09,2025-01-09,23650.0,-0.0047575541961206985,0.14014579210144762,1.282328087205816,BULL,75,23650.0,23850.0,23.25,14.5,-656.25,120.0,98.5678822175,-874.8178822175,0.0,1743.75,2025-01-06/2025-01-12,2025
HIGH_DISLOCATION,FADE,15:10:00,2025-01-08,2025-01-09,2025-01-09,23650.0,-0.0047575541961206985,0.14014579210144762,1.282328087205816,BULL,75,23650.0,23850.0,23.25,0.04999999999999999,-1740.0,120.0,96.393502535,-1956.393502535,0.0,1743.75,2025-01-06/2025-01-12,2025
LOW_DISLOCATION,CONTINUE,10:30:00,2025-01-21,2025-01-22,2025-01-23,23400.0,-0.00047598820915312326,0.01323732400354371,-1.0226759693169658,BEAR,75,23400.0,23200.0,151.45,155.05,270.0000000000017,120.0,151.57180391,-1.5718039099982946,0.0,11358.75,2025-01-20/2025-01-26,2025
LOW_DISLOCATION,CONTINUE,15:10:00,2025-01-21,2025-01-22,2025-01-23,23400.0,-0.00047598820915312326,0.01323732400354371,-1.0226759693169658,BEAR,75,23400.0,23200.0,151.45,164.4,971.2500000000013,120.0,148.1438117075,703.1061882925012,0.0,11358.75,2025-01-20/2025-01-26,2025
LOW_DISLOCATION,FADE,10:30:00,2025-01-21,2025-01-22,2025-01-23,23400.0,-0.00047598820915312326,0.01323732400354371,-1.0226759693169658,BULL,75,23400.0,23600.0,15.200000000000001,12.1,-232.5000000000001,120.0,98.03790719,-450.5379071900001,0.0,1140.0,2025-01-20/2025-01-26,2025
LOW_DISLOCATION,FADE,15:10:00,2025-01-21,2025-01-22,2025-01-23,23400.0,-0.00047598820915312326,0.01323732400354371,-1.0226759693169658,BULL,75,23400.0,23600.0,15.200000000000001,6.8999999999999995,-622.5,120.0,97.15857819499999,-839.658578195,0.0,1140.0,2025-01-20/2025-01-26,2025
LOW_DISLOCATION,CONTINUE,10:30:00,2025-01-27,2025-01-28,2025-01-30,22950.0,0.0008955789776453583,0.022861822687191946,-0.8109303240321307,BULL,75,22950.0,23150.0,74.6,73.04999999999998,-116.25000000000085,120.0,122.3864976125,-358.6364976125009,0.0,5595.0,2025-01-27/2025-02-02,2025
LOW_DISLOCATION,CONTINUE,15:10:00,2025-01-27,2025-01-28,2025-01-30,22950.0,0.0008955789776453583,0.022861822687191946,-0.8109303240321307,BULL,75,22950.0,23150.0,74.6,88.55,1046.2500000000002,120.0,124.38644014249999,801.8635598575003,0.0,5595.0,2025-01-27/2025-02-02,2025
LOW_DISLOCATION,FADE,10:30:00,2025-01-27,2025-01-28,2025-01-30,22950.0,0.0008955789776453583,0.022861822687191946,-0.8109303240321307,BEAR,75,22950.0,22750.0,84.85,85.95,82.50000000000064,120.0,131.535390605,-169.03539060499935,0.0,6363.75,2025-01-27/2025-02-02,2025
LOW_DISLOCATION,FADE,15:10:00,2025-01-27,2025-01-28,2025-01-30,22950.0,0.0008955789776453583,0.022861822687191946,-0.8109303240321307,BEAR,75,22950.0,22750.0,84.85,66.25,-1394.9999999999995,120.0,124.00067121499998,-1639.0006712149996,0.0,6363.75,2025-01-27/2025-02-02,2025
LOW_DISLOCATION,CONTINUE,10:30:00,2025-01-30,2025-01-31,2025-02-06,23200.0,4.532035013204504e-05,0.0008493277605607186,-1.194023905770262,BULL,75,23200.0,23400.0,114.5,124.59999999999997,757.4999999999975,120.0,199.10293133,438.3970686699975,0.0,8587.5,2025-01-27/2025-02-02,2025
LOW_DISLOCATION,CONTINUE,15:10:00,2025-01-30,2025-01-31,2025-02-06,23200.0,4.532035013204504e-05,0.0008493277605607186,-1.194023905770262,BULL,75,23200.0,23400.0,114.5,140.75,1968.75,120.0,204.0371209475,1644.7128790525,0.0,8587.5,2025-01-27/2025-02-02,2025
LOW_DISLOCATION,FADE,10:30:00,2025-01-30,2025-01-31,2025-02-06,23200.0,4.532035013204504e-05,0.0008493277605607186,-1.194023905770262,BEAR,75,23200.0,23000.0,67.1,56.599999999999994,-787.5,120.0,147.30824672,-1054.80824672,0.0,5032.5,2025-01-27/2025-02-02,2025
LOW_DISLOCATION,FADE,15:10:00,2025-01-30,2025-01-31,2025-02-06,23200.0,4.532035013204504e-05,0.0008493277605607186,-1.194023905770262,BEAR,75,23200.0,23000.0,67.1,40.60000000000001,-1987.4999999999989,120.0,136.47813437,-2243.978134369999,0.0,5032.5,2025-01-27/2025-02-02,2025
LOW_DISLOCATION,CONTINUE,10:30:00,2025-02-03,2025-02-04,2025-02-06,23350.0,0.0005767173420404255,0.01906205993236098,-0.8323612813266507,BULL,75,23350.0,23550.0,121.94999999999999,116.0,-446.24999999999915,120.0,141.9279207425,-708.177920742499,0.0,9146.25,2025-02-03/2025-02-09,2025
LOW_DISLOCATION,CONTINUE,15:10:00,2025-02-03,2025-02-04,2025-02-06,23350.0,0.0005767173420404255,0.01906205993236098,-0.8323612813266507,BULL,75,23350.0,23550.0,121.94999999999999,173.64999999999998,3877.499999999999,120.0,157.065139595,3600.434860404999,0.0,9146.25,2025-02-03/2025-02-09,2025
LOW_DISLOCATION,FADE,10:30:00,2025-02-03,2025-02-04,2025-02-06,23350.0,0.0005767173420404255,0.01906205993236098,-0.8323612813266507,BEAR,75,23350.0,23150.0,31.8,44.550000000000004,956.2500000000002,120.0,108.7405619525,727.5094380475002,0.0,2385.0,2025-02-03/2025-02-09,2025
LOW_DISLOCATION,FADE,15:10:00,2025-02-03,2025-02-04,2025-02-06,23350.0,0.0005767173420404255,0.01906205993236098,-0.8323612813266507,BEAR,75,23350.0,23150.0,31.8,7.0,-1860.0,120.0,100.70643616999999,-2080.70643617,0.0,2385.0,2025-02-03/2025-02-09,2025
LOW_DISLOCATION,CONTINUE,10:30:00,2025-02-04,2025-02-05,2025-02-06,23500.0,0.0005659321604779052,0.018569851638261713,-0.8475163804001867,BULL,75,23500.0,23700.0,142.75,158.75,1200.0,120.0,143.96379413,936.03620587,0.0,10706.25,2025-02-03/2025-02-09,2025
LOW_DISLOCATION,CONTINUE,15:10:00,2025-02-04,2025-02-05,2025-02-06,23500.0,0.0005659321604779052,0.018569851638261713,-0.8475163804001867,BULL,75,23500.0,23700.0,142.75,133.2,-716.2500000000009,120.0,135.9269635325,-972.1769635325008,0.0,10706.25,2025-02-03/2025-02-09,2025
LOW_DISLOCATION,FADE,10:30:00,2025-02-04,2025-02-05,2025-02-06,23500.0,0.0005659321604779052,0.018569851638261713,-0.8475163804001867,BEAR,75,23500.0,23300.0,14.500000000000002,6.75,-581.2500000000001,120.0,97.4957879225,-798.7457879225001,0.0,1087.5000000000002,2025-02-03/2025-02-09,2025
LOW_DISLOCATION,FADE,15:10:00,2025-02-04,2025-02-05,2025-02-06,23500.0,0.0005659321604779052,0.018569851638261713,-0.8475163804001867,BEAR,75,23500.0,23300.0,14.500000000000002,9.600000000000001,-367.5,120.0,97.839973595,-585.339973595,0.0,1087.5000000000002,2025-02-03/2025-02-09,2025
HIGH_DISLOCATION,CONTINUE,10:30:00,2025-02-06,2025-02-07,2025-02-13,23700.0,-0.002953706333428034,0.09935836407277351,0.9442428941883189,BEAR,75,23700.0,23500.0,93.0,100.29999999999998,547.4999999999987,120.0,146.56839222500003,280.9316077749987,0.0,6975.0,2025-02-03/2025-02-09,2025
HIGH_DISLOCATION,CONTINUE,15:10:00,2025-02-06,2025-02-07,2025-02-13,23700.0,-0.002953706333428034,0.09935836407277351,0.9442428941883189,BEAR,75,23700.0,23500.0,93.0,104.05,828.7499999999998,120.0,145.1606101175,563.5893898824997,0.0,6975.0,2025-02-03/2025-02-09,2025
HIGH_DISLOCATION,FADE,10:30:00,2025-02-06,2025-02-07,2025-02-13,23700.0,-0.002953706333428034,0.09935836407277351,0.9442428941883189,BULL,75,23700.0,23900.0,74.3,61.9,-929.9999999999999,120.0,121.54216678999998,-1171.54216679,0.0,5572.5,2025-02-03/2025-02-09,2025
HIGH_DISLOCATION,FADE,15:10:00,2025-02-06,2025-02-07,2025-02-13,23700.0,-0.002953706333428034,0.09935836407277351,0.9442428941883189,BULL,75,23700.0,23900.0,74.3,55.900000000000006,-1379.9999999999993,120.0,119.88081525499999,-1619.8808152549993,0.0,5572.5,2025-02-03/2025-02-09,2025
HIGH_DISLOCATION,CONTINUE,10:30:00,2025-02-10,2025-02-11,2025-02-13,23450.0,-0.0031425707927771832,0.0969727482774907,0.8670642357721756,BEAR,75,23450.0,23250.0,102.89999999999999,112.95,753.7500000000009,120.0,137.23249145750003,496.5175085425009,0.0,7717.499999999999,2025-02-10/2025-02-16,2025
HIGH_DISLOCATION,CONTINUE,15:10:00,2025-02-10,2025-02-11,2025-02-13,23450.0,-0.0031425707927771832,0.0969727482774907,0.8670642357721756,BEAR,75,23450.0,23250.0,102.89999999999999,159.05,4211.250000000002,120.0,157.3559811875,3933.8940188125016,0.0,7717.499999999999,2025-02-10/2025-02-16,2025
HIGH_DISLOCATION,FADE,10:30:00,2025-02-10,2025-02-11,2025-02-13,23450.0,-0.0031425707927771832,0.0969727482774907,0.8670642357721756,BULL,75,23450.0,23650.0,53.00000000000001,38.900000000000006,-1057.5,120.0,108.09503969,-1285.59503969,0.0,3975.0000000000005,2025-02-10/2025-02-16,2025
HIGH_DISLOCATION,FADE,15:10:00,2025-02-10,2025-02-11,2025-02-13,23450.0,-0.0031425707927771832,0.0969727482774907,0.8670642357721756,BULL,75,23450.0,23650.0,53.00000000000001,13.6,-2955.0000000000005,120.0,103.361338955,-3178.3613389550005,0.0,3975.0000000000005,2025-02-10/2025-02-16,2025
HIGH_DISLOCATION,CONTINUE,10:30:00,2025-02-12,2025-02-13,2025-02-13,22950.0,-0.003866761457231569,0.10058572856681942,1.036005944638008,BEAR,75,22950.0,22750.0,34.5,10.4,-1807.5,120.0,98.52890309,-2026.02890309,0.0,2587.5,2025-02-10/2025-02-16,2025
HIGH_DISLOCATION,CONTINUE,15:10:00,2025-02-12,2025-02-13,2025-02-13,22950.0,-0.003866761457231569,0.10058572856681942,1.036005944638008,BEAR,75,22950.0,22750.0,34.5,0.09999999999999999,-2580.0,120.0,96.92028420500002,-2796.920284205,0.0,2587.5,2025-02-10/2025-02-16,2025
HIGH_DISLOCATION,FADE,10:30:00,2025-02-12,2025-02-13,2025-02-13,22950.0,-0.003866761457231569,0.10058572856681942,1.036005944638008,BULL,75,22950.0,23150.0,97.49999999999999,162.65,4886.250000000002,120.0,130.3550565875,4635.894943412502,0.0,7312.499999999999,2025-02-10/2025-02-16,2025
HIGH_DISLOCATION,FADE,15:10:00,2025-02-12,2025-02-13,2025-02-13,22950.0,-0.003866761457231569,0.10058572856681942,1.036005944638008,BULL,75,22950.0,23150.0,97.49999999999999,83.64999999999999,-1038.7499999999995,120.0,112.89007162249999,-1271.6400716224996,0.0,7312.499999999999,2025-02-10/2025-02-16,2025
HIGH_DISLOCATION,CONTINUE,10:30:00,2025-02-14,2025-02-17,2025-02-20,23050.0,-0.0029160009871541034,0.0991299086893124,1.2434939365689806,BEAR,75,23050.0,22850.0,108.75000000000003,108.64999999999998,-7.500000000003837,120.0,151.05378363499997,-278.5537836350038,0.0,8156.250000000002,2025-02-17/2025-02-23,2025
HIGH_DISLOCATION,CONTINUE,15:10:00,2025-02-14,2025-02-17,2025-02-20,23050.0,-0.0029160009871541034,0.0991299086893124,1.2434939365689806,BEAR,75,23050.0,22850.0,108.75000000000003,85.2,-1766.2500000000018,120.0,141.4759513775,-2027.7259513775018,0.0,8156.250000000002,2025-02-17/2025-02-23,2025
HIGH_DISLOCATION,FADE,10:30:00,2025-02-14,2025-02-17,2025-02-20,23050.0,-0.0029160009871541034,0.0991299086893124,1.2434939365689806,BULL,75,23050.0,23250.0,54.400000000000006,53.800000000000004,-45.00000000000011,120.0,113.54981375,-278.5498137500001,0.0,4080.0000000000005,2025-02-17/2025-02-23,2025
HIGH_DISLOCATION,FADE,15:10:00,2025-02-14,2025-02-17,2025-02-20,23050.0,-0.0029160009871541034,0.0991299086893124,1.2434939365689806,BULL,75,23050.0,23250.0,54.400000000000006,71.7,1297.4999999999998,120.0,117.345075005,1060.1549249949999,0.0,4080.0000000000005,2025-02-17/2025-02-23,2025
LOW_DISLOCATION,CONTINUE,10:30:00,2025-02-17,2025-02-18,2025-02-20,22850.0,0.00013798662186853403,0.0035537930954922426,-1.3364790751232656,BULL,75,22850.0,23050.0,89.44999999999999,74.85,-1094.9999999999995,120.0,126.50253990499999,-1341.5025399049996,0.0,6708.749999999999,2025-02-17/2025-02-23,2025
LOW_DISLOCATION,CONTINUE,15:10:00,2025-02-17,2025-02-18,2025-02-20,22850.0,0.00013798662186853403,0.0035537930954922426,-1.3364790751232656,BULL,75,22850.0,23050.0,89.44999999999999,103.6,1061.2500000000005,120.0,131.60922281749998,809.6407771825004,0.0,6708.749999999999,2025-02-17/2025-02-23,2025
LOW_DISLOCATION,FADE,10:30:00,2025-02-17,2025-02-18,2025-02-20,22850.0,0.00013798662186853403,0.0035537930954922426,-1.3364790751232656,BEAR,75,22850.0,22650.0,70.35,82.00000000000001,873.7500000000015,120.0,124.49797978249998,629.2520202175015,0.0,5276.25,2025-02-17/2025-02-23,2025
LOW_DISLOCATION,FADE,15:10:00,2025-02-17,2025-02-18,2025-02-20,22850.0,0.00013798662186853403,0.0035537930954922426,-1.3364790751232656,BEAR,75,22850.0,22650.0,70.35,48.150000000000006,-1664.999999999999,120.0,114.42333194,-1899.4233319399991,0.0,5276.25,2025-02-17/2025-02-23,2025
LOW_DISLOCATION,CONTINUE,10:30:00,2025-02-19,2025-02-20,2025-02-20,22850.0,0.0005910838288221232,0.015238977402074505,-1.0192491499556329,BULL,75,22850.0,23050.0,49.95,60.4,783.7499999999997,120.0,105.79858240250002,557.9514175974996,0.0,3746.25,2025-02-17/2025-02-23,2025
LOW_DISLOCATION,CONTINUE,15:10:00,2025-02-19,2025-02-20,2025-02-20,22850.0,0.0005910838288221232,0.015238977402074505,-1.0192491499556329,BULL,75,22850.0,23050.0,49.95,62.449999999999996,937.4999999999994,120.0,104.6147945,712.8852054999994,0.0,3746.25,2025-02-17/2025-02-23,2025
LOW_DISLOCATION,FADE,10:30:00,2025-02-19,2025-02-20,2025-02-20,22850.0,0.0005910838288221232,0.015238977402074505,-1.0192491499556329,BEAR,75,22850.0,22650.0,48.4,22.849999999999998,-1916.25,120.0,100.30617940249999,-2136.5561794024998,0.0,3630.0,2025-02-17/2025-02-23,2025
LOW_DISLOCATION,FADE,15:10:00,2025-02-19,2025-02-20,2025-02-20,22850.0,0.0005910838288221232,0.015238977402074505,-1.0192491499556329,BEAR,75,22850.0,22650.0,48.4,0.04999999999999999,-3626.25,120.0,97.2668623175,-3843.5168623175,0.0,3630.0,2025-02-17/2025-02-23,2025
LOW_DISLOCATION,CONTINUE,10:30:00,2025-02-24,2025-02-25,2025-02-27,22650.0,0.0004378303075869118,0.014864140969651857,-0.9991927735451454,BULL,75,22650.0,22850.0,37.95,32.05,-442.50000000000045,120.0,101.86798600999998,-664.3679860100004,0.0,2846.25,2025-02-24/2025-03-02,2025
LOW_DISLOCATION,CONTINUE,15:10:00,2025-02-24,2025-02-25,2025-02-27,22650.0,0.0004378303075869118,0.014864140969651857,-0.9991927735451454,BULL,75,22650.0,22850.0,37.95,21.6,-1226.25,120.0,100.3480261925,-1446.5980261925,0.0,2846.25,2025-02-24/2025-03-02,2025
LOW_DISLOCATION,FADE,10:30:00,2025-02-24,2025-02-25,2025-02-27,22650.0,0.0004378303075869118,0.014864140969651857,-0.9991927735451454,BEAR,75,22650.0,22450.0,80.95,69.85,-832.5000000000007,120.0,113.15393323999999,-1065.6539332400007,0.0,6071.25,2025-02-24/2025-03-02,2025
LOW_DISLOCATION,FADE,15:10:00,2025-02-24,2025-02-25,2025-02-27,22650.0,0.0004378303075869118,0.014864140969651857,-0.9991927735451454,BEAR,75,22650.0,22450.0,80.95,65.85000000000001,-1132.4999999999995,120.0,111.89996394499998,-1364.3999639449996,0.0,6071.25,2025-02-24/2025-03-02,2025
HIGH_DISLOCATION,CONTINUE,10:30:00,2025-02-28,2025-03-03,2025-03-06,22300.0,-0.0047387874318535715,0.19020075781249313,4.145197454604825,BEAR,75,22300.0,22100.0,87.80000000000001,113.54999999999998,1931.249999999998,120.0,137.10642845750002,1674.143571542498,0.0,6585.000000000001,2025-03-03/2025-03-09,2025
HIGH_DISLOCATION,CONTINUE,15:10:00,2025-02-28,2025-03-03,2025-03-06,22300.0,-0.0047387874318535715,0.19020075781249313,4.145197454604825,BEAR,75,22300.0,22100.0,87.80000000000001,105.74999999999999,1346.2499999999982,120.0,133.1835778475,1093.0664221524983,0.0,6585.000000000001,2025-03-03/2025-03-09,2025
HIGH_DISLOCATION,FADE,10:30:00,2025-02-28,2025-03-03,2025-03-06,22300.0,-0.0047387874318535715,0.19020075781249313,4.145197454604825,BULL,75,22300.0,22500.0,60.6,39.2,-1605.0,120.0,107.04869362999999,-1832.04869363,0.0,4545.0,2025-03-03/2025-03-09,2025
HIGH_DISLOCATION,FADE,15:10:00,2025-02-28,2025-03-03,2025-03-06,22300.0,-0.0047387874318535715,0.19020075781249313,4.145197454604825,BULL,75,22300.0,22500.0,60.6,40.0,-1545.0,120.0,106.98019255999999,-1771.98019256,0.0,4545.0,2025-03-03/2025-03-09,2025
HIGH_DISLOCATION,CONTINUE,10:30:00,2025-03-05,2025-03-06,2025-03-06,22200.0,0.005511595191116107,0.17306691240021446,3.171571686539592,BULL,75,22200.0,22400.0,113.35000000000001,141.2,2088.7499999999986,120.0,121.90127699749999,1846.8487230024987,0.0,8501.25,2025-03-03/2025-03-09,2025
HIGH_DISLOCATION,CONTINUE,15:10:00,2025-03-05,2025-03-06,2025-03-06,22200.0,0.005511595191116107,0.17306691240021446,3.171571686539592,BULL,75,22200.0,22400.0,113.35000000000001,199.8,6483.75,120.0,143.62278104749998,6220.1272189525,0.0,8501.25,2025-03-03/2025-03-09,2025
HIGH_DISLOCATION,FADE,10:30:00,2025-03-05,2025-03-06,2025-03-06,22200.0,0.005511595191116107,0.17306691240021446,3.171571686539592,BEAR,75,22200.0,22000.0,17.0,7.05,-746.25,120.0,96.53038178749999,-962.7803817875,0.0,1275.0,2025-03-03/2025-03-09,2025
HIGH_DISLOCATION,FADE,15:10:00,2025-03-05,2025-03-06,2025-03-06,22200.0,0.005511595191116107,0.17306691240021446,3.171571686539592,BEAR,75,22200.0,22000.0,17.0,0.09999999999999999,-1267.5,120.0,95.54905326500001,-1483.049053265,0.0,1275.0,2025-03-03/2025-03-09,2025
HIGH_DISLOCATION,CONTINUE,10:30:00,2025-03-06,2025-03-07,2025-03-13,22350.0,-0.005235776769966158,0.19368894031805292,3.3857814673847835,BEAR,75,22350.0,22150.0,40.95,31.299999999999997,-723.7500000000005,120.0,107.7514743275,-951.5014743275004,0.0,3071.25,2025-03-03/2025-03-09,2025
HIGH_DISLOCATION,CONTINUE,15:10:00,2025-03-06,2025-03-07,2025-03-13,22350.0,-0.005235776769966158,0.19368894031805292,3.3857814673847835,BEAR,75,22350.0,22150.0,40.95,29.7,-843.7500000000002,120.0,107.3656135925,-1071.1156135925003,0.0,3071.25,2025-03-03/2025-03-09,2025
HIGH_DISLOCATION,FADE,10:30:00,2025-03-06,2025-03-07,2025-03-13,22350.0,-0.005235776769966158,0.19368894031805292,3.3857814673847835,BULL,75,22350.0,22550.0,127.70000000000002,137.74999999999997,753.7499999999966,120.0,159.7713671225,473.9786328774966,0.0,9577.500000000002,2025-03-03/2025-03-09,2025
HIGH_DISLOCATION,FADE,15:10:00,2025-03-06,2025-03-07,2025-03-13,22350.0,-0.005235776769966158,0.19368894031805292,3.3857814673847835,BULL,75,22350.0,22550.0,127.70000000000002,136.95000000000002,693.75,120.0,156.57720385250002,417.1727961475,0.0,9577.500000000002,2025-03-03/2025-03-09,2025
LOW_DISLOCATION,CONTINUE,10:30:00,2025-03-07,2025-03-10,2025-03-13,22550.0,0.00010440245145851037,0.0041259905421064695,-1.1884012742251078,BULL,75,22550.0,22750.0,85.74999999999999,94.8,678.7500000000009,120.0,123.66442525250002,435.0855747475009,0.0,6431.249999999999,2025-03-10/2025-03-16,2025
LOW_DISLOCATION,CONTINUE,15:10:00,2025-03-07,2025-03-10,2025-03-13,22550.0,0.00010440245145851037,0.0041259905421064695,-1.1884012742251078,BULL,75,22550.0,22750.0,85.74999999999999,57.150000000000006,-2144.9999999999986,120.0,114.51122117,-2379.511221169999,0.0,6431.249999999999,2025-03-10/2025-03-16,2025
LOW_DISLOCATION,FADE,10:30:00,2025-03-07,2025-03-10,2025-03-13,22550.0,0.00010440245145851037,0.0041259905421064695,-1.1884012742251078,BEAR,75,22550.0,22350.0,69.0,58.45,-791.2499999999998,120.0,115.77082510250001,-1027.0208251024999,0.0,5175.0,2025-03-10/2025-03-16,2025
LOW_DISLOCATION,FADE,15:10:00,2025-03-07,2025-03-10,2025-03-13,22550.0,0.00010440245145851037,0.0041259905421064695,-1.1884012742251078,BEAR,75,22550.0,22350.0,69.0,91.69999999999999,1702.499999999999,120.0,123.550937315,1458.949062684999,0.0,5175.0,2025-03-10/2025-03-16,2025
HIGH_DISLOCATION,CONTINUE,10:30:00,2025-03-12,2025-03-13,2025-03-13,22450.0,-0.0035644495509502706,0.10115734249078231,1.0450019119348393,BEAR,75,22450.0,22250.0,29.9,7.05,-1713.7499999999998,120.0,97.0789840175,-1930.8289840174998,0.0,2242.5,2025-03-10/2025-03-16,2025
HIGH_DISLOCATION,CONTINUE,15:10:00,2025-03-12,2025-03-13,2025-03-13,22450.0,-0.0035644495509502706,0.10115734249078231,1.0450019119348393,BEAR,75,22450.0,22250.0,29.9,55.0,1882.5,120.0,101.90805623,1660.59194377,0.0,2242.5,2025-03-10/2025-03-16,2025
HIGH_DISLOCATION,FADE,10:30:00,2025-03-12,2025-03-13,2025-03-13,22450.0,-0.0035644495509502706,0.10115734249078231,1.0450019119348393,BULL,75,22450.0,22650.0,37.35,98.14999999999999,4559.999999999999,120.0,107.703264455,4332.296735544999,0.0,2801.25,2025-03-10/2025-03-16,2025
HIGH_DISLOCATION,FADE,15:10:00,2025-03-12,2025-03-13,2025-03-13,22450.0,-0.0035644495509502706,0.10115734249078231,1.0450019119348393,BULL,75,22450.0,22650.0,37.35,0.04999999999999999,-2797.5000000000005,120.0,96.31284834499999,-3013.8128483450005,0.0,2801.25,2025-03-10/2025-03-16,2025
HIGH_DISLOCATION,CONTINUE,10:30:00,2025-03-13,2025-03-17,2025-03-20,22450.0,-0.0025597118216984195,0.11115516774323135,1.235450776332596,BEAR,75,22450.0,22250.0,40.85,56.64999999999999,1184.9999999999993,120.0,110.25626396,954.7437360399994,0.0,3063.75,2025-03-17/2025-03-23,2025
HIGH_DISLOCATION,CONTINUE,15:10:00,2025-03-13,2025-03-17,2025-03-20,22450.0,-0.0025597118216984195,0.11115516774323135,1.235450776332596,BEAR,75,22450.0,22250.0,40.85,49.199999999999996,626.2499999999995,120.0,108.41319583250001,397.8368041674995,0.0,3063.75,2025-03-17/2025-03-23,2025
HIGH_DISLOCATION,FADE,10:30:00,2025-03-13,2025-03-17,2025-03-20,22450.0,-0.0025597118216984195,0.11115516774323135,1.235450776332596,BULL,75,22450.0,22650.0,115.25,94.85,-1530.0000000000005,120.0,127.448834735,-1777.4488347350004,0.0,8643.75,2025-03-17/2025-03-23,2025
HIGH_DISLOCATION,FADE,15:10:00,2025-03-13,2025-03-17,2025-03-20,22450.0,-0.0025597118216984195,0.11115516774323135,1.235450776332596,BULL,75,22450.0,22650.0,115.25,101.35,-1042.5000000000005,120.0,129.009858185,-1291.5098581850004,0.0,8643.75,2025-03-17/2025-03-23,2025
HIGH_DISLOCATION,CONTINUE,10:30:00,2025-03-17,2025-03-18,2025-03-20,22550.0,0.0069156076956238795,0.25618300536352634,4.459820589743867,BULL,75,22550.0,22750.0,115.4,140.54999999999998,1886.2499999999982,120.0,141.2465919425,1625.0034080574983,0.0,8655.0,2025-03-17/2025-03-23,2025
HIGH_DISLOCATION,CONTINUE,15:10:00,2025-03-17,2025-03-18,2025-03-20,22550.0,0.0069156076956238795,0.25618300536352634,4.459820589743867,BULL,75,22550.0,22750.0,115.4,166.29999999999998,3817.499999999998,120.0,148.97000831000003,3548.529991689998,0.0,8655.0,2025-03-17/2025-03-23,2025
HIGH_DISLOCATION,FADE,10:30:00,2025-03-17,2025-03-18,2025-03-20,22550.0,0.0069156076956238795,0.25618300536352634,4.459820589743867,BEAR,75,22550.0,22350.0,41.25,26.849999999999998,-1080.0000000000002,120.0,104.72386178,-1304.7238617800003,0.0,3093.75,2025-03-17/2025-03-23,2025
HIGH_DISLOCATION,FADE,15:10:00,2025-03-17,2025-03-18,2025-03-20,22550.0,0.0069156076956238795,0.25618300536352634,4.459820589743867,BEAR,75,22550.0,22350.0,41.25,12.3,-2171.25,120.0,101.8835516225,-2393.1335516225,0.0,3093.75,2025-03-17/2025-03-23,2025
LOW_DISLOCATION,CONTINUE,10:30:00,2025-03-18,2025-03-19,2025-03-20,22650.0,-0.00023841428013242832,0.007344255982843502,-1.085000792902522,BEAR,75,22650.0,22450.0,19.9,11.85,-603.7499999999999,120.0,98.3981425775,-822.1481425774999,0.0,1492.5,2025-03-17/2025-03-23,2025
LOW_DISLOCATION,CONTINUE,15:10:00,2025-03-18,2025-03-19,2025-03-20,22650.0,-0.00023841428013242832,0.007344255982843502,-1.085000792902522,BEAR,75,22650.0,22450.0,19.9,9.9,-749.9999999999999,120.0,98.12155193,-968.1215519299999,0.0,1492.5,2025-03-17/2025-03-23,2025
LOW_DISLOCATION,FADE,10:30:00,2025-03-18,2025-03-19,2025-03-20,22650.0,-0.00023841428013242832,0.007344255982843502,-1.085000792902522,BULL,75,22650.0,22850.0,143.65,163.34999999999997,1477.499999999997,120.0,146.20377614,1211.296223859997,0.0,10773.75,2025-03-17/2025-03-23,2025
LOW_DISLOCATION,FADE,15:10:00,2025-03-18,2025-03-19,2025-03-20,22650.0,-0.00023841428013242832,0.007344255982843502,-1.085000792902522,BULL,75,22650.0,22850.0,143.65,170.95,2047.4999999999986,120.0,148.68322172,1778.8167782799987,0.0,10773.75,2025-03-17/2025-03-23,2025
LOW_DISLOCATION,CONTINUE,10:30:00,2025-03-24,2025-03-25,2025-03-27,23450.0,0.000513029021264064,0.01775308916564843,-0.8654758836311823,BULL,75,23450.0,23650.0,143.89999999999998,161.45,1316.250000000001,120.0,177.7448308175,1018.5051691825009,0.0,10792.499999999998,2025-03-24/2025-03-30,2025
LOW_DISLOCATION,CONTINUE,15:10:00,2025-03-24,2025-03-25,2025-03-27,23450.0,0.000513029021264064,0.01775308916564843,-0.8654758836311823,BULL,75,23450.0,23650.0,143.89999999999998,153.8,742.5000000000025,120.0,164.41939046,458.0806095400025,0.0,10792.499999999998,2025-03-24/2025-03-30,2025
LOW_DISLOCATION,FADE,10:30:00,2025-03-24,2025-03-25,2025-03-27,23450.0,0.000513029021264064,0.01775308916564843,-0.8654758836311823,BEAR,75,23450.0,23250.0,24.05,13.999999999999998,-753.7500000000002,120.0,101.58108541249999,-975.3310854125002,0.0,1803.75,2025-03-24/2025-03-30,2025
LOW_DISLOCATION,FADE,15:10:00,2025-03-24,2025-03-25,2025-03-27,23450.0,0.000513029021264064,0.01775308916564843,-0.8654758836311823,BEAR,75,23450.0,23250.0,24.05,15.0,-678.75,120.0,101.3874007475,-900.1374007475,0.0,1803.75,2025-03-24/2025-03-30,2025
LOW_DISLOCATION,CONTINUE,10:30:00,2025-03-26,2025-03-27,2025-03-27,23700.0,5.274550924734268e-05,0.0014601051957868186,-1.1461120463191563,BULL,75,23700.0,23900.0,14.200000000000001,12.65,-116.25000000000006,120.0,97.21239305750001,-333.4623930575001,0.0,1065.0,2025-03-24/2025-03-30,2025
LOW_DISLOCATION,CONTINUE,15:10:00,2025-03-26,2025-03-27,2025-03-27,23700.0,5.274550924734268e-05,0.0014601051957868186,-1.1461120463191563,BULL,75,23700.0,23900.0,14.200000000000001,0.1,-1057.5,120.0,95.51147316499998,-1273.011473165,0.0,1065.0,2025-03-24/2025-03-30,2025
LOW_DISLOCATION,FADE,10:30:00,2025-03-26,2025-03-27,2025-03-27,23700.0,5.274550924734268e-05,0.0014601051957868186,-1.1461120463191563,BEAR,75,23700.0,23500.0,117.95,70.69999999999999,-3543.750000000001,120.0,113.62019651749999,-3777.370196517501,0.0,8846.25,2025-03-24/2025-03-30,2025
LOW_DISLOCATION,FADE,15:10:00,2025-03-26,2025-03-27,2025-03-27,23700.0,5.274550924734268e-05,0.0014601051957868186,-1.1461120463191563,BEAR,75,23700.0,23500.0,117.95,103.85000000000001,-1057.4999999999995,120.0,115.380262415,-1292.8802624149996,0.0,8846.25,2025-03-24/2025-03-30,2025
HIGH_DISLOCATION,CONTINUE,10:30:00,2025-03-27,2025-03-28,2025-04-03,23550.0,0.004484027518532283,0.17555647912042147,2.2737097064049254,BULL,75,23550.0,23750.0,90.05,98.6,641.2499999999998,120.0,132.23513191249998,389.0148680874998,0.0,6753.75,2025-03-24/2025-03-30,2025
HIGH_DISLOCATION,CONTINUE,15:10:00,2025-03-27,2025-03-28,2025-04-03,23550.0,0.004484027518532283,0.17555647912042147,2.2737097064049254,BULL,75,23550.0,23750.0,90.05,74.45,-1169.9999999999995,120.0,122.924640365,-1412.9246403649995,0.0,6753.75,2025-03-24/2025-03-30,2025
HIGH_DISLOCATION,FADE,10:30:00,2025-03-27,2025-03-28,2025-04-03,23550.0,0.004484027518532283,0.17555647912042147,2.2737097064049254,BEAR,75,23550.0,23350.0,69.0,58.400000000000006,-794.9999999999995,120.0,120.485229485,-1035.4852294849995,0.0,5175.0,2025-03-24/2025-03-30,2025
HIGH_DISLOCATION,FADE,15:10:00,2025-03-27,2025-03-28,2025-04-03,23550.0,0.004484027518532283,0.17555647912042147,2.2737097064049254,BEAR,75,23550.0,23350.0,69.0,66.95,-153.74999999999977,120.0,120.5138897825,-394.26388978249975,0.0,5175.0,2025-03-24/2025-03-30,2025
HIGH_DISLOCATION,CONTINUE,10:30:00,2025-04-01,2025-04-02,2025-04-03,23500.0,0.005072153470646201,0.17920781473505124,2.2092176941794603,BULL,75,23500.0,23700.0,14.95,11.75,-239.99999999999994,120.0,97.65780842,-457.6578084199999,0.0,1121.25,2025-03-31/2025-04-06,2025
HIGH_DISLOCATION,CONTINUE,15:10:00,2025-04-01,2025-04-02,2025-04-03,23500.0,0.005072153470646201,0.17920781473505124,2.2092176941794603,BULL,75,23500.0,23700.0,14.95,13.55,-104.99999999999989,120.0,97.91848556,-322.9184855599999,0.0,1121.25,2025-03-31/2025-04-06,2025
HIGH_DISLOCATION,FADE,10:30:00,2025-04-01,2025-04-02,2025-04-03,23500.0,0.005072153470646201,0.17920781473505124,2.2092176941794603,BEAR,75,23500.0,23300.0,138.35000000000002,146.75,629.9999999999983,120.0,143.39454092,366.6054590799983,0.0,10376.250000000002,2025-03-31/2025-04-06,2025
HIGH_DISLOCATION,FADE,15:10:00,2025-04-01,2025-04-02,2025-04-03,23500.0,0.005072153470646201,0.17920781473505124,2.2092176941794603,BEAR,75,23500.0,23300.0,138.35000000000002,136.70000000000002,-123.75000000000043,120.0,137.50405445750002,-381.25405445750044,0.0,10376.250000000002,2025-03-31/2025-04-06,2025
HIGH_DISLOCATION,CONTINUE,10:30:00,2025-04-03,2025-04-04,2025-04-09,23250.0,0.003922652291524186,0.14050472415296064,1.385944631990871,BULL,75,23250.0,23450.0,43.699999999999996,23.700000000000003,-1499.9999999999995,120.0,104.43650372,-1724.4365037199996,0.0,3277.4999999999995,2025-03-31/2025-04-06,2025
HIGH_DISLOCATION,CONTINUE,15:10:00,2025-04-03,2025-04-04,2025-04-09,23250.0,0.003922652291524186,0.14050472415296064,1.385944631990871,BULL,75,23250.0,23450.0,43.699999999999996,11.3,-2429.9999999999995,120.0,102.165890915,-2652.1658909149996,0.0,3277.4999999999995,2025-03-31/2025-04-06,2025
HIGH_DISLOCATION,FADE,10:30:00,2025-04-03,2025-04-04,2025-04-09,23250.0,0.003922652291524186,0.14050472415296064,1.385944631990871,BEAR,75,23250.0,23050.0,116.75,147.85,2332.4999999999995,120.0,163.496464745,2049.0035352549994,0.0,8756.25,2025-03-31/2025-04-06,2025
HIGH_DISLOCATION,FADE,15:10:00,2025-04-03,2025-04-04,2025-04-09,23250.0,0.003922652291524186,0.14050472415296064,1.385944631990871,BEAR,75,23250.0,23050.0,116.75,164.3,3566.250000000001,120.0,167.13092392249996,3279.1190760775007,0.0,8756.25,2025-03-31/2025-04-06,2025
HIGH_DISLOCATION,CONTINUE,10:30:00,2025-04-04,2025-04-07,2025-04-09,23050.0,-0.005691965968851553,0.20754765561751698,2.555909623388934,BEAR,75,23050.0,22850.0,187.04999999999995,194.79999999999995,581.25,120.0,337.6562842625,123.59371573750002,0.0,14028.749999999996,2025-04-07/2025-04-13,2025
HIGH_DISLOCATION,CONTINUE,15:10:00,2025-04-04,2025-04-07,2025-04-09,23050.0,-0.005691965968851553,0.20754765561751698,2.555909623388934,BEAR,75,23050.0,22850.0,187.04999999999995,169.04999999999995,-1350.0,120.0,313.43131556000003,-1783.43131556,0.0,14028.749999999996,2025-04-07/2025-04-13,2025
HIGH_DISLOCATION,FADE,10:30:00,2025-04-04,2025-04-07,2025-04-09,23050.0,-0.005691965968851553,0.20754765561751698,2.555909623388934,BULL,75,23050.0,23250.0,6.85,5.199999999999999,-123.75000000000003,120.0,97.9547065925,-341.70470659250003,0.0,513.75,2025-04-07/2025-04-13,2025
HIGH_DISLOCATION,FADE,15:10:00,2025-04-04,2025-04-07,2025-04-09,23050.0,-0.005691965968851553,0.20754765561751698,2.555909623388934,BULL,75,23050.0,23250.0,6.85,9.55,202.50000000000009,120.0,99.0994058,-16.599405799999914,0.0,513.75,2025-04-07/2025-04-13,2025
HIGH_DISLOCATION,CONTINUE,10:30:00,2025-04-07,2025-04-08,2025-04-09,22100.0,0.010734715869358303,0.13569876163831532,1.1878933738259212,BULL,75,22100.0,22300.0,169.2,158.29999999999998,-817.5000000000005,120.0,198.60397352,-1136.1039735200004,0.0,12690.0,2025-04-07/2025-04-13,2025
HIGH_DISLOCATION,CONTINUE,15:10:00,2025-04-07,2025-04-08,2025-04-09,22100.0,0.010734715869358303,0.13569876163831532,1.1878933738259212,BULL,75,22100.0,22300.0,169.2,166.5,-202.49999999999915,120.0,213.61909557500002,-536.1190955749992,0.0,12690.0,2025-04-07/2025-04-13,2025
HIGH_DISLOCATION,FADE,10:30:00,2025-04-07,2025-04-08,2025-04-09,22100.0,0.010734715869358303,0.13569876163831532,1.1878933738259212,BEAR,75,22100.0,21900.0,17.450000000000003,23.999999999999993,491.24999999999926,120.0,110.1951696575,261.05483034249926,0.0,1308.7500000000002,2025-04-07/2025-04-13,2025
HIGH_DISLOCATION,FADE,15:10:00,2025-04-07,2025-04-08,2025-04-09,22100.0,0.010734715869358303,0.13569876163831532,1.1878933738259212,BEAR,75,22100.0,21900.0,17.450000000000003,19.249999999999996,134.99999999999952,120.0,106.477378115,-91.47737811500048,0.0,1308.7500000000002,2025-04-07/2025-04-13,2025
LOW_DISLOCATION,CONTINUE,10:30:00,2025-04-16,2025-04-17,2025-04-17,23350.0,-0.0004733296923356688,0.019464563080671408,-0.8359786570669383,BEAR,75,23350.0,23150.0,72.75,34.5,-2868.75,120.0,102.6885909425,-3091.4385909425,0.0,5456.25,2025-04-14/2025-04-20,2025
LOW_DISLOCATION,CONTINUE,15:10:00,2025-04-16,2025-04-17,2025-04-17,23350.0,-0.0004733296923356688,0.019464563080671408,-0.8359786570669383,BEAR,75,23350.0,23150.0,72.75,0.1,-5448.75,120.0,98.3279997125,-5667.0779997125,0.0,5456.25,2025-04-14/2025-04-20,2025
LOW_DISLOCATION,FADE,10:30:00,2025-04-16,2025-04-17,2025-04-17,23350.0,-0.0004733296923356688,0.019464563080671408,-0.8359786570669383,BULL,75,23350.0,23550.0,21.85,66.85000000000001,3375.0000000000005,120.0,105.009201935,3149.9907980650005,0.0,1638.75,2025-04-14/2025-04-20,2025
LOW_DISLOCATION,FADE,15:10:00,2025-04-16,2025-04-17,2025-04-17,23350.0,-0.0004733296923356688,0.019464563080671408,-0.8359786570669383,BULL,75,23350.0,23550.0,21.85,198.64999999999998,13259.999999999998,120.0,159.454485545,12980.545514454998,0.0,1638.75,2025-04-14/2025-04-20,2025
HIGH_DISLOCATION,CONTINUE,10:30:00,2025-04-17,2025-04-21,2025-04-24,23300.0,-0.0033244965151579937,0.11284368891802485,0.7840440384428797,BEAR,75,23300.0,23100.0,11.25,5.550000000000001,-427.49999999999994,120.0,99.25397512999999,-646.75397513,0.0,843.75,2025-04-21/2025-04-27,2025
HIGH_DISLOCATION,CONTINUE,15:10:00,2025-04-17,2025-04-21,2025-04-24,23300.0,-0.0033244965151579937,0.11284368891802485,0.7840440384428797,BEAR,75,23300.0,23100.0,11.25,3.0999999999999996,-611.25,120.0,99.10559858749998,-830.3555985875,0.0,843.75,2025-04-21/2025-04-27,2025
HIGH_DISLOCATION,FADE,10:30:00,2025-04-17,2025-04-21,2025-04-24,23300.0,-0.0033244965151579937,0.11284368891802485,0.7840440384428797,BULL,75,23300.0,23500.0,178.85000000000002,192.20000000000005,1001.2500000000017,120.0,264.5267231675,616.7232768325017,0.0,13413.750000000002,2025-04-21/2025-04-27,2025
HIGH_DISLOCATION,FADE,15:10:00,2025-04-17,2025-04-21,2025-04-24,23300.0,-0.0033244965151579937,0.11284368891802485,0.7840440384428797,BULL,75,23300.0,23500.0,178.85000000000002,196.14999999999998,1297.4999999999966,120.0,273.618331085,903.8816689149966,0.0,13413.750000000002,2025-04-21/2025-04-27,2025
LOW_DISLOCATION,CONTINUE,10:30:00,2025-04-30,2025-05-02,2025-05-08,24350.0,-2.055536484744836e-05,0.0006668141933537389,-1.192319591718723,BEAR,75,24350.0,24150.0,36.650000000000006,44.14999999999999,562.499999999999,120.0,120.94144334,321.558556659999,0.0,2748.7500000000005,2025-04-28/2025-05-04,2025
LOW_DISLOCATION,CONTINUE,15:10:00,2025-04-30,2025-05-02,2025-05-08,24350.0,-2.055536484744836e-05,0.0006668141933537389,-1.192319591718723,BEAR,75,24350.0,24150.0,36.650000000000006,69.3,2448.7499999999995,120.0,128.0922858125,2200.6577141874996,0.0,2748.7500000000005,2025-04-28/2025-05-04,2025
LOW_DISLOCATION,FADE,10:30:00,2025-04-30,2025-05-02,2025-05-08,24350.0,-2.055536484744836e-05,0.0006668141933537389,-1.192319591718723,BULL,75,24350.0,24550.0,135.59999999999997,126.94999999999999,-648.7499999999983,120.0,165.24699353749997,-933.9969935374983,0.0,10169.999999999998,2025-04-28/2025-05-04,2025
LOW_DISLOCATION,FADE,15:10:00,2025-04-30,2025-05-02,2025-05-08,24350.0,-2.055536484744836e-05,0.0006668141933537389,-1.192319591718723,BULL,75,24350.0,24550.0,135.59999999999997,85.45,-3761.2499999999973,120.0,145.9112927525,-4027.1612927524975,0.0,10169.999999999998,2025-04-28/2025-05-04,2025
HIGH_DISLOCATION,CONTINUE,10:30:00,2025-05-02,2025-05-05,2025-05-08,24500.0,0.0068769569516886064,0.2345228973741418,2.854549905095965,BULL,75,24500.0,24700.0,63.95,77.1,986.2499999999993,120.0,117.6298378175,748.6201621824994,0.0,4796.25,2025-05-05/2025-05-11,2025
HIGH_DISLOCATION,CONTINUE,15:10:00,2025-05-02,2025-05-05,2025-05-08,24500.0,0.0068769569516886064,0.2345228973741418,2.854549905095965,BULL,75,24500.0,24700.0,63.95,54.99999999999999,-671.2500000000008,120.0,112.2805290575,-903.5305290575008,0.0,4796.25,2025-05-05/2025-05-11,2025
HIGH_DISLOCATION,FADE,10:30:00,2025-05-02,2025-05-05,2025-05-08,24500.0,0.0068769569516886064,0.2345228973741418,2.854549905095965,BEAR,75,24500.0,24300.0,83.2,60.349999999999994,-1713.7500000000007,120.0,124.1005373975,-1957.8505373975006,0.0,6240.0,2025-05-05/2025-05-11,2025
HIGH_DISLOCATION,FADE,15:10:00,2025-05-02,2025-05-05,2025-05-08,24500.0,0.0068769569516886064,0.2345228973741418,2.854549905095965,BEAR,75,24500.0,24300.0,83.2,70.15,-978.7499999999998,120.0,124.76375861750002,-1223.5137586175,0.0,6240.0,2025-05-05/2025-05-11,2025
HIGH_DISLOCATION,CONTINUE,10:30:00,2025-05-06,2025-05-07,2025-05-08,24450.0,-0.0027916772102819206,0.12730810460119946,0.8898294691763441,BEAR,75,24450.0,24250.0,61.650000000000006,94.0,2426.2499999999995,120.0,119.88288343249998,2186.3671165674996,0.0,4623.75,2025-05-05/2025-05-11,2025
HIGH_DISLOCATION,CONTINUE,15:10:00,2025-05-06,2025-05-07,2025-05-08,24450.0,-0.0027916772102819206,0.12730810460119946,0.8898294691763441,BEAR,75,24450.0,24250.0,61.650000000000006,82.8,1586.2499999999993,120.0,117.5164905275,1348.7335094724992,0.0,4623.75,2025-05-05/2025-05-11,2025
HIGH_DISLOCATION,FADE,10:30:00,2025-05-06,2025-05-07,2025-05-08,24450.0,-0.0027916772102819206,0.12730810460119946,0.8898294691763441,BULL,75,24450.0,24650.0,56.150000000000006,21.95,-2565.0,120.0,102.42807665000001,-2787.42807665,0.0,4211.25,2025-05-05/2025-05-11,2025
HIGH_DISLOCATION,FADE,15:10:00,2025-05-06,2025-05-07,2025-05-08,24450.0,-0.0027916772102819206,0.12730810460119946,0.8898294691763441,BULL,75,24450.0,24650.0,56.150000000000006,19.849999999999998,-2722.500000000001,120.0,102.04494292999999,-2944.544942930001,0.0,4211.25,2025-05-05/2025-05-11,2025
HIGH_DISLOCATION,CONTINUE,10:30:00,2025-05-07,2025-05-08,2025-05-08,24450.0,0.008361317913777878,0.2628959888572847,3.0813803843536283,BULL,75,24450.0,24650.0,8.899999999999999,5.15,-281.2499999999999,120.0,96.00298424750001,-497.2529842474999,0.0,667.4999999999999,2025-05-05/2025-05-11,2025
HIGH_DISLOCATION,CONTINUE,15:10:00,2025-05-07,2025-05-08,2025-05-08,24450.0,0.008361317913777878,0.2628959888572847,3.0813803843536283,BULL,75,24450.0,24650.0,8.899999999999999,0.1,-659.9999999999999,120.0,95.15351177,-875.1535117699999,0.0,667.4999999999999,2025-05-05/2025-05-11,2025
HIGH_DISLOCATION,FADE,10:30:00,2025-05-07,2025-05-08,2025-05-08,24450.0,0.008361317913777878,0.2628959888572847,3.0813803843536283,BEAR,75,24450.0,24250.0,82.8,66.45,-1226.2499999999995,120.0,105.8903726675,-1452.1403726674996,0.0,6210.0,2025-05-05/2025-05-11,2025
HIGH_DISLOCATION,FADE,15:10:00,2025-05-07,2025-05-08,2025-05-08,24450.0,0.008361317913777878,0.2628959888572847,3.0813803843536283,BEAR,75,24450.0,24250.0,82.8,134.45,3873.7499999999995,120.0,112.74197780749999,3641.0080221924995,0.0,6210.0,2025-05-05/2025-05-11,2025
HIGH_DISLOCATION,CONTINUE,10:30:00,2025-05-12,2025-05-13,2025-05-15,24600.0,0.007958690217614061,0.2641089468465495,2.8237219811396987,BULL,75,24600.0,24800.0,108.19999999999999,89.15,-1428.7499999999986,120.0,149.23857932750002,-1697.9885793274987,0.0,8114.999999999999,2025-05-12/2025-05-18,2025
HIGH_DISLOCATION,CONTINUE,15:10:00,2025-05-12,2025-05-13,2025-05-15,24600.0,0.007958690217614061,0.2641089468465495,2.8237219811396987,BULL,75,24600.0,24800.0,108.19999999999999,62.05,-3461.2499999999995,120.0,134.48409445250002,-3715.7340944524994,0.0,8114.999999999999,2025-05-12/2025-05-18,2025
HIGH_DISLOCATION,FADE,10:30:00,2025-05-12,2025-05-13,2025-05-15,24600.0,0.007958690217614061,0.2641089468465495,2.8237219811396987,BEAR,75,24600.0,24400.0,59.349999999999994,76.95,1320.0000000000007,120.0,128.12696273,1071.8730372700006,0.0,4451.25,2025-05-12/2025-05-18,2025
HIGH_DISLOCATION,FADE,15:10:00,2025-05-12,2025-05-13,2025-05-15,24600.0,0.007958690217614061,0.2641089468465495,2.8237219811396987,BEAR,75,24600.0,24400.0,59.349999999999994,90.00000000000001,2298.7500000000014,120.0,127.80341915750002,2050.946580842501,0.0,4451.25,2025-05-12/2025-05-18,2025
LOW_DISLOCATION,CONTINUE,10:30:00,2025-05-19,2025-05-20,2025-05-22,25050.0,0.00036392212066626477,0.010226625258745474,-1.0494802111572015,BULL,75,25050.0,25250.0,46.300000000000004,41.95,-326.2500000000001,120.0,110.55160469750001,-556.8016046975001,0.0,3472.5000000000005,2025-05-19/2025-05-25,2025
LOW_DISLOCATION,CONTINUE,15:10:00,2025-05-19,2025-05-20,2025-05-22,25050.0,0.00036392212066626477,0.010226625258745474,-1.0494802111572015,BULL,75,25050.0,25250.0,46.300000000000004,16.849999999999998,-2208.7500000000005,120.0,105.4208316725,-2434.1708316725003,0.0,3472.5000000000005,2025-05-19/2025-05-25,2025
LOW_DISLOCATION,FADE,10:30:00,2025-05-19,2025-05-20,2025-05-22,25050.0,0.00036392212066626477,0.010226625258745474,-1.0494802111572015,BEAR,75,25050.0,24850.0,105.14999999999999,112.94999999999999,584.9999999999998,120.0,138.4647764,326.53522359999977,0.0,7886.249999999999,2025-05-19/2025-05-25,2025
LOW_DISLOCATION,FADE,15:10:00,2025-05-19,2025-05-20,2025-05-22,25050.0,0.00036392212066626477,0.010226625258745474,-1.0494802111572015,BEAR,75,25050.0,24850.0,105.14999999999999,162.55,4305.000000000002,120.0,154.99279496,4030.0072050400017,0.0,7886.249999999999,2025-05-19/2025-05-25,2025
LOW_DISLOCATION,CONTINUE,10:30:00,2025-05-21,2025-05-22,2025-05-22,24700.0,-0.00047878497706083323,0.011826083243869676,-1.007409589947618,BEAR,75,24700.0,24500.0,130.0,131.79999999999998,134.99999999999872,120.0,123.36236322499998,-108.36236322500126,0.0,9750.0,2025-05-19/2025-05-25,2025
LOW_DISLOCATION,CONTINUE,15:10:00,2025-05-21,2025-05-22,2025-05-22,24700.0,-0.00047878497706083323,0.011826083243869676,-1.007409589947618,BEAR,75,24700.0,24500.0,130.0,94.7,-2647.5,120.0,117.02822465,-2884.52822465,0.0,9750.0,2025-05-19/2025-05-25,2025
LOW_DISLOCATION,FADE,10:30:00,2025-05-21,2025-05-22,2025-05-22,24700.0,-0.00047878497706083323,0.011826083243869676,-1.007409589947618,BULL,75,24700.0,24900.0,25.65,8.65,-1275.0,120.0,99.909577895,-1494.909577895,0.0,1923.75,2025-05-19/2025-05-25,2025
LOW_DISLOCATION,FADE,15:10:00,2025-05-21,2025-05-22,2025-05-22,24700.0,-0.00047878497706083323,0.011826083243869676,-1.007409589947618,BULL,75,24700.0,24900.0,25.65,0.19999999999999998,-1908.75,120.0,98.1068213225,-2126.8568213225,0.0,1923.75,2025-05-19/2025-05-25,2025
HIGH_DISLOCATION,CONTINUE,10:30:00,2025-05-22,2025-05-23,2025-05-29,24550.0,-0.005735403226947644,0.17209478538922726,1.2893184518226928,BEAR,75,24550.0,24350.0,52.85000000000001,43.650000000000006,-690.0000000000002,120.0,118.751449205,-928.7514492050002,0.0,3963.7500000000005,2025-05-19/2025-05-25,2025
HIGH_DISLOCATION,CONTINUE,15:10:00,2025-05-22,2025-05-23,2025-05-29,24550.0,-0.005735403226947644,0.17209478538922726,1.2893184518226928,BEAR,75,24550.0,24350.0,52.85000000000001,36.45,-1230.0000000000005,120.0,116.593299845,-1466.5932998450005,0.0,3963.7500000000005,2025-05-19/2025-05-25,2025
HIGH_DISLOCATION,FADE,10:30:00,2025-05-22,2025-05-23,2025-05-29,24550.0,-0.005735403226947644,0.17209478538922726,1.2893184518226928,BULL,75,24550.0,24750.0,115.9,129.54999999999998,1023.7499999999983,120.0,171.1194686675,732.6305313324983,0.0,8692.5,2025-05-19/2025-05-25,2025
HIGH_DISLOCATION,FADE,15:10:00,2025-05-22,2025-05-23,2025-05-29,24550.0,-0.005735403226947644,0.17209478538922726,1.2893184518226928,BULL,75,24550.0,24750.0,115.9,135.7,1484.9999999999986,120.0,176.61711845000002,1188.3828815499987,0.0,8692.5,2025-05-19/2025-05-25,2025
LOW_DISLOCATION,CONTINUE,10:30:00,2025-05-30,2025-06-02,2025-06-05,24850.0,0.0007047783975352893,0.021942179342265652,-0.9601560767915479,BULL,75,24850.0,25050.0,41.45,50.150000000000006,652.5000000000002,120.0,116.57910217999998,415.9208978200003,0.0,3108.75,2025-06-02/2025-06-08,2025
LOW_DISLOCATION,CONTINUE,15:10:00,2025-05-30,2025-06-02,2025-06-05,24850.0,0.0007047783975352893,0.021942179342265652,-0.9601560767915479,BULL,75,24850.0,25050.0,41.45,75.35000000000001,2542.5000000000005,120.0,124.41845664499999,2298.0815433550006,0.0,3108.75,2025-06-02/2025-06-08,2025
LOW_DISLOCATION,FADE,10:30:00,2025-05-30,2025-06-02,2025-06-05,24850.0,0.0007047783975352893,0.021942179342265652,-0.9601560767915479,BEAR,75,24850.0,24650.0,135.45000000000002,124.85,-795.0000000000017,120.0,177.72825704,-1092.7282570400016,0.0,10158.750000000002,2025-06-02/2025-06-08,2025
LOW_DISLOCATION,FADE,15:10:00,2025-05-30,2025-06-02,2025-06-05,24850.0,0.0007047783975352893,0.021942179342265652,-0.9601560767915479,BEAR,75,24850.0,24650.0,135.45000000000002,99.85000000000002,-2669.9999999999995,120.0,167.84655510500002,-2957.8465551049994,0.0,10158.750000000002,2025-06-02/2025-06-08,2025
LOW_DISLOCATION,CONTINUE,10:30:00,2025-06-04,2025-06-05,2025-06-05,24550.0,0.000203515527217149,0.00590946230075678,-1.1947005375398385,BULL,75,24550.0,24750.0,118.65,142.2,1766.2499999999986,120.0,123.60625633250001,1522.6437436674987,0.0,8898.75,2025-06-02/2025-06-08,2025
LOW_DISLOCATION,CONTINUE,15:10:00,2025-06-04,2025-06-05,2025-06-05,24550.0,0.000203515527217149,0.00590946230075678,-1.1947005375398385,BULL,75,24550.0,24750.0,118.65,187.6,5171.249999999999,120.0,125.4110544425,4925.838945557499,0.0,8898.75,2025-06-02/2025-06-08,2025
LOW_DISLOCATION,FADE,10:30:00,2025-06-04,2025-06-05,2025-06-05,24550.0,0.000203515527217149,0.00590946230075678,-1.1947005375398385,BEAR,75,24550.0,24350.0,11.8,4.3,-562.5000000000001,120.0,95.91189278,-778.4118927800001,0.0,885.0,2025-06-02/2025-06-08,2025
LOW_DISLOCATION,FADE,15:10:00,2025-06-04,2025-06-05,2025-06-05,24550.0,0.000203515527217149,0.00590946230075678,-1.1947005375398385,BEAR,75,24550.0,24350.0,11.8,0.04999999999999999,-881.25,120.0,95.26580792749999,-1096.5158079275,0.0,885.0,2025-06-02/2025-06-08,2025
HIGH_DISLOCATION,CONTINUE,10:30:00,2025-06-10,2025-06-11,2025-06-12,25050.0,-0.004049024959063167,0.13607230306386914,0.7996621073948843,BEAR,75,25050.0,24850.0,34.75,28.449999999999996,-472.50000000000034,120.0,102.181096745,-694.6810967450003,0.0,2606.25,2025-06-09/2025-06-15,2025
HIGH_DISLOCATION,CONTINUE,15:10:00,2025-06-10,2025-06-11,2025-06-12,25050.0,-0.004049024959063167,0.13607230306386914,0.7996621073948843,BEAR,75,25050.0,24850.0,34.75,29.549999999999997,-390.0000000000002,120.0,102.26293827500001,-612.2629382750002,0.0,2606.25,2025-06-09/2025-06-15,2025
HIGH_DISLOCATION,FADE,10:30:00,2025-06-10,2025-06-11,2025-06-12,25050.0,-0.004049024959063167,0.13607230306386914,0.7996621073948843,BULL,75,25050.0,25250.0,88.05,87.8,-18.75,120.0,114.6954145625,-253.4454145625,0.0,6603.75,2025-06-09/2025-06-15,2025
HIGH_DISLOCATION,FADE,15:10:00,2025-06-10,2025-06-11,2025-06-12,25050.0,-0.004049024959063167,0.13607230306386914,0.7996621073948843,BULL,75,25050.0,25250.0,88.05,95.10000000000001,528.7500000000009,120.0,116.41799660750002,292.3320033925009,0.0,6603.75,2025-06-09/2025-06-15,2025
LOW_DISLOCATION,CONTINUE,10:30:00,2025-06-11,2025-06-12,2025-06-12,25150.0,0.0005771798990134204,0.021826822528587392,-0.945721332088471,BULL,75,25150.0,25350.0,46.7,24.650000000000002,-1653.75,120.0,100.62172253749999,-1874.3717225375,0.0,3502.5,2025-06-09/2025-06-15,2025
LOW_DISLOCATION,CONTINUE,15:10:00,2025-06-11,2025-06-12,2025-06-12,25150.0,0.0005771798990134204,0.021826822528587392,-0.945721332088471,BULL,75,25150.0,25350.0,46.7,0.04999999999999999,-3498.7500000000005,120.0,97.30081379749998,-3716.0508137975003,0.0,3502.5,2025-06-09/2025-06-15,2025
LOW_DISLOCATION,FADE,10:30:00,2025-06-11,2025-06-12,2025-06-12,25150.0,0.0005771798990134204,0.021826822528587392,-0.945721332088471,BEAR,75,25150.0,24950.0,34.150000000000006,68.6,2583.749999999999,120.0,105.1099652825,2358.640034717499,0.0,2561.2500000000005,2025-06-09/2025-06-15,2025
LOW_DISLOCATION,FADE,15:10:00,2025-06-11,2025-06-12,2025-06-12,25150.0,0.0005771798990134204,0.021826822528587392,-0.945721332088471,BEAR,75,25150.0,24950.0,34.150000000000006,199.85000000000002,12427.500000000002,120.0,125.91515978000001,12181.584840220003,0.0,2561.2500000000005,2025-06-09/2025-06-15,2025
LOW_DISLOCATION,CONTINUE,10:30:00,2025-06-12,2025-06-13,2025-06-19,25150.0,0.000643943158103974,0.02715338503556299,-0.8627355341893878,BULL,75,25150.0,25350.0,17.8,18.549999999999997,56.24999999999973,120.0,101.4650155475,-165.2150155475003,0.0,1335.0,2025-06-09/2025-06-15,2025
LOW_DISLOCATION,CONTINUE,15:10:00,2025-06-12,2025-06-13,2025-06-19,25150.0,0.000643943158103974,0.02715338503556299,-0.8627355341893878,BULL,75,25150.0,25350.0,17.8,16.75,-78.75000000000006,120.0,100.9185067025,-299.66850670250005,0.0,1335.0,2025-06-09/2025-06-15,2025
LOW_DISLOCATION,FADE,10:30:00,2025-06-12,2025-06-13,2025-06-19,25150.0,0.000643943158103974,0.02715338503556299,-0.8627355341893878,BEAR,75,25150.0,24950.0,160.55,160.85000000000002,22.500000000000853,120.0,222.26831420000002,-319.76831419999917,0.0,12041.25,2025-06-09/2025-06-15,2025
LOW_DISLOCATION,FADE,15:10:00,2025-06-12,2025-06-13,2025-06-19,25150.0,0.000643943158103974,0.02715338503556299,-0.8627355341893878,BEAR,75,25150.0,24950.0,160.55,157.2,-251.2500000000017,120.0,218.11647281750004,-589.3664728175017,0.0,12041.25,2025-06-09/2025-06-15,2025
HIGH_DISLOCATION,CONTINUE,10:30:00,2025-06-13,2025-06-16,2025-06-19,24600.0,0.005555306204887423,0.18470765290010704,1.522954389288704,BULL,75,24600.0,24800.0,128.0,141.5,1012.5,120.0,156.832884425,735.667115575,0.0,9600.0,2025-06-16/2025-06-22,2025
HIGH_DISLOCATION,CONTINUE,15:10:00,2025-06-13,2025-06-16,2025-06-19,24600.0,0.005555306204887423,0.18470765290010704,1.522954389288704,BULL,75,24600.0,24800.0,128.0,162.95,2621.249999999999,120.0,168.4921617275,2332.757838272499,0.0,9600.0,2025-06-16/2025-06-22,2025
HIGH_DISLOCATION,FADE,10:30:00,2025-06-13,2025-06-16,2025-06-19,24600.0,0.005555306204887423,0.18470765290010704,1.522954389288704,BEAR,75,24600.0,24400.0,37.949999999999996,29.6,-626.2499999999995,120.0,108.9560316575,-855.2060316574996,0.0,2846.2499999999995,2025-06-16/2025-06-22,2025
HIGH_DISLOCATION,FADE,15:10:00,2025-06-13,2025-06-16,2025-06-19,24600.0,0.005555306204887423,0.18470765290010704,1.522954389288704,BEAR,75,24600.0,24400.0,37.949999999999996,17.900000000000002,-1503.7499999999995,120.0,107.2337442275,-1730.9837442274995,0.0,2846.2499999999995,2025-06-16/2025-06-22,2025
HIGH_DISLOCATION,CONTINUE,10:30:00,2025-06-18,2025-06-19,2025-06-19,24900.0,0.004350658649783161,0.131657240076412,0.7695064443939398,BULL,75,24900.0,25100.0,14.999999999999998,8.45,-491.24999999999994,120.0,96.7098288275,-707.9598288275,0.0,1124.9999999999998,2025-06-16/2025-06-22,2025
HIGH_DISLOCATION,CONTINUE,15:10:00,2025-06-18,2025-06-19,2025-06-19,24900.0,0.004350658649783161,0.131657240076412,0.7695064443939398,BULL,75,24900.0,25100.0,14.999999999999998,0.1,-1117.5,120.0,95.43357262999999,-1332.93357263,0.0,1124.9999999999998,2025-06-16/2025-06-22,2025
HIGH_DISLOCATION,FADE,10:30:00,2025-06-18,2025-06-19,2025-06-19,24900.0,0.004350658649783161,0.131657240076412,0.7695064443939398,BEAR,75,24900.0,24700.0,88.85,55.449999999999996,-2505.0,120.0,106.54247858000001,-2731.54247858,0.0,6663.75,2025-06-16/2025-06-22,2025
HIGH_DISLOCATION,FADE,15:10:00,2025-06-18,2025-06-19,2025-06-19,24900.0,0.004350658649783161,0.131657240076412,0.7695064443939398,BEAR,75,24900.0,24700.0,88.85,97.2,626.2500000000007,120.0,109.76566780249999,396.4843321975007,0.0,6663.75,2025-06-16/2025-06-22,2025
LOW_DISLOCATION,CONTINUE,10:30:00,2025-06-19,2025-06-20,2025-06-26,24800.0,0.0005523670136096269,0.020919126434275365,-0.9985375299720892,BULL,75,24800.0,25000.0,96.9,138.9,3150.0,120.0,155.27617206500003,2874.723827935,0.0,7267.5,2025-06-16/2025-06-22,2025
LOW_DISLOCATION,CONTINUE,15:10:00,2025-06-19,2025-06-20,2025-06-26,24800.0,0.0005523670136096269,0.020919126434275365,-0.9985375299720892,BULL,75,24800.0,25000.0,96.9,155.0,4357.5,120.0,161.048609285,4076.451390715,0.0,7267.5,2025-06-16/2025-06-22,2025
LOW_DISLOCATION,FADE,10:30:00,2025-06-19,2025-06-20,2025-06-26,24800.0,0.0005523670136096269,0.020919126434275365,-0.9985375299720892,BEAR,75,24800.0,24600.0,63.75,34.85,-2167.5,120.0,117.28193916500001,-2404.781939165,0.0,4781.25,2025-06-16/2025-06-22,2025
LOW_DISLOCATION,FADE,15:10:00,2025-06-19,2025-06-20,2025-06-26,24800.0,0.0005523670136096269,0.020919126434275365,-0.9985375299720892,BEAR,75,24800.0,24600.0,63.75,24.150000000000006,-2969.9999999999995,120.0,115.29625202,-3205.2962520199994,0.0,4781.25,2025-06-16/2025-06-22,2025
LOW_DISLOCATION,CONTINUE,10:30:00,2025-06-23,2025-06-24,2025-06-26,24900.0,-0.0010747923104224484,0.03560473402194654,-0.7547230556237823,BEAR,75,24900.0,24700.0,15.400000000000002,14.25,-86.25000000000016,120.0,100.6011514775,-306.85115147750014,0.0,1155.0000000000002,2025-06-23/2025-06-29,2025
LOW_DISLOCATION,CONTINUE,15:10:00,2025-06-23,2025-06-24,2025-06-26,24900.0,-0.0010747923104224484,0.03560473402194654,-0.7547230556237823,BEAR,75,24900.0,24700.0,15.400000000000002,33.6,1365.0,120.0,103.33720143500001,1141.662798565,0.0,1155.0000000000002,2025-06-23/2025-06-29,2025
LOW_DISLOCATION,FADE,10:30:00,2025-06-23,2025-06-24,2025-06-26,24900.0,-0.0010747923104224484,0.03560473402194654,-0.7547230556237823,BULL,75,24900.0,25100.0,162.65,165.7,228.74999999999872,120.0,174.6170219525,-65.86702195250129,0.0,12198.75,2025-06-23/2025-06-29,2025
LOW_DISLOCATION,FADE,15:10:00,2025-06-23,2025-06-24,2025-06-26,24900.0,-0.0010747923104224484,0.03560473402194654,-0.7547230556237823,BULL,75,24900.0,25100.0,162.65,119.15,-3262.5,120.0,150.437176325,-3532.937176325,0.0,12198.75,2025-06-23/2025-06-29,2025
LOW_DISLOCATION,CONTINUE,10:30:00,2025-06-24,2025-06-25,2025-06-26,25200.0,0.0006710982980312381,0.023334732394068827,-0.9555277106586089,BULL,75,25200.0,25400.0,57.699999999999996,72.65,1121.2500000000007,120.0,110.24974547750001,891.0002545225007,0.0,4327.5,2025-06-23/2025-06-29,2025
LOW_DISLOCATION,CONTINUE,15:10:00,2025-06-24,2025-06-25,2025-06-26,25200.0,0.0006710982980312381,0.023334732394068827,-0.9555277106586089,BULL,75,25200.0,25400.0,57.699999999999996,75.65,1346.2500000000007,120.0,109.84995061250001,1116.4000493875008,0.0,4327.5,2025-06-23/2025-06-29,2025
LOW_DISLOCATION,FADE,10:30:00,2025-06-24,2025-06-25,2025-06-26,25200.0,0.0006710982980312381,0.023334732394068827,-0.9555277106586089,BEAR,75,25200.0,25000.0,65.5,53.35000000000001,-911.2499999999993,120.0,109.75895983249998,-1141.0089598324994,0.0,4912.5,2025-06-23/2025-06-29,2025
LOW_DISLOCATION,FADE,15:10:00,2025-06-24,2025-06-25,2025-06-26,25200.0,0.0006710982980312381,0.023334732394068827,-0.9555277106586089,BEAR,75,25200.0,25000.0,65.5,32.95,-2441.25,120.0,106.7511707075,-2668.0011707075,0.0,4912.5,2025-06-23/2025-06-29,2025
LOW_DISLOCATION,CONTINUE,10:30:00,2025-06-25,2025-06-26,2025-06-26,25150.0,0.0002425080902289985,0.008302290829461646,-1.1870502928482145,BULL,75,25150.0,25350.0,154.6,156.10000000000002,112.50000000000213,120.0,139.04430847999998,-146.54430847999785,0.0,11595.0,2025-06-23/2025-06-29,2025
LOW_DISLOCATION,CONTINUE,15:10:00,2025-06-25,2025-06-26,2025-06-26,25150.0,0.0002425080902289985,0.008302290829461646,-1.1870502928482145,BULL,75,25150.0,25350.0,154.6,199.75,3386.2500000000005,120.0,159.8420592575,3106.4079407425006,0.0,11595.0,2025-06-23/2025-06-29,2025
LOW_DISLOCATION,FADE,10:30:00,2025-06-25,2025-06-26,2025-06-26,25150.0,0.0002425080902289985,0.008302290829461646,-1.1870502928482145,BEAR,75,25150.0,24950.0,8.65,8.85,14.999999999999947,120.0,96.81941572999999,-201.81941573000006,0.0,648.75,2025-06-23/2025-06-29,2025
LOW_DISLOCATION,FADE,15:10:00,2025-06-25,2025-06-26,2025-06-26,25150.0,0.0002425080902289985,0.008302290829461646,-1.1870502928482145,BEAR,75,25150.0,24950.0,8.65,0.04999999999999999,-645.0,120.0,95.418732455,-860.418732455,0.0,648.75,2025-06-23/2025-06-29,2025
LOW_DISLOCATION,CONTINUE,10:30:00,2025-06-27,2025-06-30,2025-07-03,25550.0,-0.0005811348369790452,0.023242443095245858,-0.9560613730488948,BEAR,75,25550.0,25350.0,56.050000000000004,63.150000000000006,532.5000000000001,120.0,116.47210164500001,296.0278983550001,0.0,4203.75,2025-06-30/2025-07-06,2025
LOW_DISLOCATION,CONTINUE,15:10:00,2025-06-27,2025-06-30,2025-07-03,25550.0,-0.0005811348369790452,0.023242443095245858,-0.9560613730488948,BEAR,75,25550.0,25350.0,56.050000000000004,79.19999999999999,1736.2499999999989,120.0,119.5342904225,1496.715709577499,0.0,4203.75,2025-06-30/2025-07-06,2025
LOW_DISLOCATION,FADE,10:30:00,2025-06-27,2025-06-30,2025-07-03,25550.0,-0.0005811348369790452,0.023242443095245858,-0.9560613730488948,BULL,75,25550.0,25750.0,98.55000000000001,90.70000000000002,-588.7499999999995,120.0,128.2155729575,-836.9655729574995,0.0,7391.250000000001,2025-06-30/2025-07-06,2025
LOW_DISLOCATION,FADE,15:10:00,2025-06-27,2025-06-30,2025-07-03,25550.0,-0.0005811348369790452,0.023242443095245858,-0.9560613730488948,BULL,75,25550.0,25750.0,98.55000000000001,68.1,-2283.7500000000014,120.0,122.9944783025,-2526.744478302501,0.0,7391.250000000001,2025-06-30/2025-07-06,2025
LOW_DISLOCATION,CONTINUE,10:30:00,2025-07-01,2025-07-02,2025-07-03,25600.0,0.0006005900259016106,0.02146229223862845,-0.9430330076193256,BULL,75,25600.0,25800.0,51.55,36.95,-1094.9999999999995,120.0,103.41291534499999,-1318.4129153449994,0.0,3866.25,2025-06-30/2025-07-06,2025
LOW_DISLOCATION,CONTINUE,15:10:00,2025-07-01,2025-07-02,2025-07-03,25600.0,0.0006005900259016106,0.02146229223862845,-0.9430330076193256,BULL,75,25600.0,25800.0,51.55,20.65,-2317.5,120.0,101.18169916999999,-2538.68169917,0.0,3866.25,2025-06-30/2025-07-06,2025
LOW_DISLOCATION,FADE,10:30:00,2025-07-01,2025-07-02,2025-07-03,25600.0,0.0006005900259016106,0.02146229223862845,-0.9430330076193256,BEAR,75,25600.0,25400.0,68.45,85.55,1282.4999999999995,120.0,113.62198784,1048.8780121599996,0.0,5133.75,2025-06-30/2025-07-06,2025
LOW_DISLOCATION,FADE,15:10:00,2025-07-01,2025-07-02,2025-07-03,25600.0,0.0006005900259016106,0.02146229223862845,-0.9430330076193256,BEAR,75,25600.0,25400.0,68.45,122.89999999999999,4083.749999999999,120.0,118.9090371575,3844.8409628424993,0.0,5133.75,2025-06-30/2025-07-06,2025
LOW_DISLOCATION,CONTINUE,10:30:00,2025-07-04,2025-07-07,2025-07-10,25400.0,-0.0005405161044316424,0.02460059841141028,-0.863263864328808,BEAR,75,25400.0,25200.0,60.650000000000006,59.05,-120.00000000000064,120.0,113.15092049,-353.15092049000066,0.0,4548.75,2025-07-07/2025-07-13,2025
LOW_DISLOCATION,CONTINUE,15:10:00,2025-07-04,2025-07-07,2025-07-10,25400.0,-0.0005405161044316424,0.02460059841141028,-0.863263864328808,BEAR,75,25400.0,25200.0,60.650000000000006,51.6,-678.7500000000003,120.0,111.71219965249999,-910.4621996525003,0.0,4548.75,2025-07-07/2025-07-13,2025
LOW_DISLOCATION,FADE,10:30:00,2025-07-04,2025-07-07,2025-07-10,25400.0,-0.0005405161044316424,0.02460059841141028,-0.863263864328808,BULL,75,25400.0,25600.0,86.1,86.9,60.00000000000085,120.0,122.824039865,-182.82403986499915,0.0,6457.5,2025-07-07/2025-07-13,2025
LOW_DISLOCATION,FADE,15:10:00,2025-07-04,2025-07-07,2025-07-10,25400.0,-0.0005405161044316424,0.02460059841141028,-0.863263864328808,BULL,75,25400.0,25600.0,86.1,91.75,423.75000000000045,120.0,123.5825792825,180.16742071750045,0.0,6457.5,2025-07-07/2025-07-13,2025
LOW_DISLOCATION,CONTINUE,10:30:00,2025-07-07,2025-07-08,2025-07-10,25450.0,-0.0004734411312296021,0.019435349658711455,-0.9211325050632835,BEAR,75,25450.0,25250.0,52.7,61.74999999999999,678.7499999999992,120.0,110.5928533775,448.1571466224992,0.0,3952.5,2025-07-07/2025-07-13,2025
LOW_DISLOCATION,CONTINUE,15:10:00,2025-07-07,2025-07-08,2025-07-10,25450.0,-0.0004734411312296021,0.019435349658711455,-0.9211325050632835,BEAR,75,25450.0,25250.0,52.7,34.25,-1383.7500000000002,120.0,105.6187830275,-1609.3687830275003,0.0,3952.5,2025-07-07/2025-07-13,2025
LOW_DISLOCATION,FADE,10:30:00,2025-07-07,2025-07-08,2025-07-10,25450.0,-0.0004734411312296021,0.019435349658711455,-0.9211325050632835,BULL,75,25450.0,25650.0,85.74999999999999,70.15,-1169.9999999999984,120.0,115.08169724000001,-1405.0816972399984,0.0,6431.249999999999,2025-07-07/2025-07-13,2025
LOW_DISLOCATION,FADE,15:10:00,2025-07-07,2025-07-08,2025-07-10,25450.0,-0.0004734411312296021,0.019435349658711455,-0.9211325050632835,BULL,75,25450.0,25650.0,85.74999999999999,95.25,712.500000000001,120.0,119.81509448,472.68490552000105,0.0,6431.249999999999,2025-07-07/2025-07-13,2025
HIGH_DISLOCATION,CONTINUE,10:30:00,2025-07-14,2025-07-15,2025-07-17,25050.0,-0.003016018497716556,0.12668711062498375,0.861298177110957,BEAR,75,25050.0,24850.0,33.05,32.7,-26.249999999999574,120.0,102.84719006750001,-249.09719006749958,0.0,2478.75,2025-07-14/2025-07-20,2025
HIGH_DISLOCATION,CONTINUE,15:10:00,2025-07-14,2025-07-15,2025-07-17,25050.0,-0.003016018497716556,0.12668711062498375,0.861298177110957,BEAR,75,25050.0,24850.0,33.05,17.2,-1188.7499999999998,120.0,100.4359287425,-1409.1859287424998,0.0,2478.75,2025-07-14/2025-07-20,2025
HIGH_DISLOCATION,FADE,10:30:00,2025-07-14,2025-07-15,2025-07-17,25050.0,-0.003016018497716556,0.12668711062498375,0.861298177110957,BULL,75,25050.0,25250.0,105.05000000000001,101.05,-300.0000000000011,120.0,121.840745285,-541.840745285001,0.0,7878.750000000001,2025-07-14/2025-07-20,2025
HIGH_DISLOCATION,FADE,15:10:00,2025-07-14,2025-07-15,2025-07-17,25050.0,-0.003016018497716556,0.12668711062498375,0.861298177110957,BULL,75,25050.0,25250.0,105.05000000000001,131.35000000000002,1972.500000000001,120.0,127.16066830999999,1725.339331690001,0.0,7878.750000000001,2025-07-14/2025-07-20,2025
HIGH_DISLOCATION,CONTINUE,10:30:00,2025-07-18,2025-07-21,2025-07-24,25050.0,-0.002943024633911598,0.15292116511425607,1.2678156903841162,BEAR,75,25050.0,24850.0,107.65,57.65,-3750.0000000000005,120.0,119.303028665,-3989.3030286650005,0.0,8073.75,2025-07-21/2025-07-27,2025
HIGH_DISLOCATION,CONTINUE,15:10:00,2025-07-18,2025-07-21,2025-07-24,25050.0,-0.002943024633911598,0.15292116511425607,1.2678156903841162,BEAR,75,25050.0,24850.0,107.65,46.050000000000004,-4620.0,120.0,116.70596910500001,-4856.705969105,0.0,8073.75,2025-07-21/2025-07-27,2025
HIGH_DISLOCATION,FADE,10:30:00,2025-07-18,2025-07-21,2025-07-24,25050.0,-0.002943024633911598,0.15292116511425607,1.2678156903841162,BULL,75,25050.0,25250.0,37.4,78.95,3116.2500000000005,120.0,113.7967773275,2882.4532226725005,0.0,2805.0,2025-07-21/2025-07-27,2025
HIGH_DISLOCATION,FADE,15:10:00,2025-07-18,2025-07-21,2025-07-24,25050.0,-0.002943024633911598,0.15292116511425607,1.2678156903841162,BULL,75,25050.0,25250.0,37.4,81.95,3341.2500000000005,120.0,113.1738943025,3108.0761056975007,0.0,2805.0,2025-07-21/2025-07-27,2025
HIGH_DISLOCATION,CONTINUE,10:30:00,2025-07-21,2025-07-22,2025-07-24,24900.0,-0.005179535939148001,0.22892413296389433,2.4822148985811276,BEAR,75,24900.0,24700.0,12.9,13.200000000000001,22.500000000000053,120.0,98.3149553,-195.81495529999995,0.0,967.5,2025-07-21/2025-07-27,2025
HIGH_DISLOCATION,CONTINUE,15:10:00,2025-07-21,2025-07-22,2025-07-24,24900.0,-0.005179535939148001,0.22892413296389433,2.4822148985811276,BEAR,75,24900.0,24700.0,12.9,14.55,123.75000000000003,120.0,98.15840215249999,-94.40840215249996,0.0,967.5,2025-07-21/2025-07-27,2025
HIGH_DISLOCATION,FADE,10:30:00,2025-07-21,2025-07-22,2025-07-24,24900.0,-0.005179535939148001,0.22892413296389433,2.4822148985811276,BULL,75,24900.0,25100.0,150.8,147.3,-262.5,120.0,140.68896779,-523.18896779,0.0,11310.0,2025-07-21/2025-07-27,2025
HIGH_DISLOCATION,FADE,15:10:00,2025-07-21,2025-07-22,2025-07-24,24900.0,-0.005179535939148001,0.22892413296389433,2.4822148985811276,BULL,75,24900.0,25100.0,150.8,139.14999999999998,-873.7500000000025,120.0,136.4152679375,-1130.1652679375024,0.0,11310.0,2025-07-21/2025-07-27,2025
LOW_DISLOCATION,CONTINUE,10:30:00,2025-07-25,2025-07-28,2025-07-31,25000.0,-0.00016003296679115899,0.008391936697073582,-1.2105744230043103,BEAR,75,25000.0,24800.0,123.35000000000001,93.6,-2231.250000000001,120.0,130.70951081750002,-2481.959510817501,0.0,9251.25,2025-07-28/2025-08-03,2025
LOW_DISLOCATION,CONTINUE,15:10:00,2025-07-25,2025-07-28,2025-07-31,25000.0,-0.00016003296679115899,0.008391936697073582,-1.2105744230043103,BEAR,75,25000.0,24800.0,123.35000000000001,157.49999999999997,2561.2499999999973,120.0,150.6996669875,2290.5503330124975,0.0,9251.25,2025-07-28/2025-08-03,2025
LOW_DISLOCATION,FADE,10:30:00,2025-07-25,2025-07-28,2025-07-31,25000.0,-0.00016003296679115899,0.008391936697073582,-1.2105744230043103,BULL,75,25000.0,25200.0,30.5,50.550000000000004,1503.7500000000002,120.0,107.96734520749999,1275.7826547925001,0.0,2287.5,2025-07-28/2025-08-03,2025
LOW_DISLOCATION,FADE,15:10:00,2025-07-25,2025-07-28,2025-07-31,25000.0,-0.00016003296679115899,0.008391936697073582,-1.2105744230043103,BULL,75,25000.0,25200.0,30.5,16.549999999999997,-1046.2500000000002,120.0,101.63442505249999,-1267.8844250525003,0.0,2287.5,2025-07-28/2025-08-03,2025
LOW_DISLOCATION,CONTINUE,10:30:00,2025-07-28,2025-07-29,2025-07-31,24800.0,-0.0002097577701135809,0.00885905919732314,-1.189335519124004,BEAR,75,24800.0,24600.0,90.49999999999999,115.75,1893.7500000000011,120.0,127.20264686750001,1646.547353132501,0.0,6787.499999999999,2025-07-28/2025-08-03,2025
LOW_DISLOCATION,CONTINUE,15:10:00,2025-07-28,2025-07-29,2025-07-31,24800.0,-0.0002097577701135809,0.00885905919732314,-1.189335519124004,BEAR,75,24800.0,24600.0,90.49999999999999,45.2,-3397.4999999999986,120.0,111.93779425999999,-3629.4377942599986,0.0,6787.499999999999,2025-07-28/2025-08-03,2025
LOW_DISLOCATION,FADE,10:30:00,2025-07-28,2025-07-29,2025-07-31,24800.0,-0.0002097577701135809,0.00885905919732314,-1.189335519124004,BULL,75,24800.0,25000.0,42.85000000000001,27.3,-1166.2500000000007,120.0,105.24323668250001,-1391.4932366825008,0.0,3213.7500000000005,2025-07-28/2025-08-03,2025
LOW_DISLOCATION,FADE,15:10:00,2025-07-28,2025-07-29,2025-07-31,24800.0,-0.0002097577701135809,0.00885905919732314,-1.189335519124004,BULL,75,24800.0,25000.0,42.85000000000001,65.45,1694.9999999999995,120.0,110.55241449500002,1464.4475855049996,0.0,3213.7500000000005,2025-07-28/2025-08-03,2025
HIGH_DISLOCATION,CONTINUE,10:30:00,2025-07-29,2025-07-30,2025-07-31,24700.0,0.0036881184097224537,0.14266105547469088,1.0347071996237536,BULL,75,24700.0,24900.0,122.3,105.25,-1278.7499999999998,120.0,121.9760582225,-1520.7260582225,0.0,9172.5,2025-07-28/2025-08-03,2025
HIGH_DISLOCATION,CONTINUE,15:10:00,2025-07-29,2025-07-30,2025-07-31,24700.0,0.0036881184097224537,0.14266105547469088,1.0347071996237536,BULL,75,24700.0,24900.0,122.3,137.7,1154.9999999999993,120.0,126.34589051,908.6541094899993,0.0,9172.5,2025-07-28/2025-08-03,2025
HIGH_DISLOCATION,FADE,10:30:00,2025-07-29,2025-07-30,2025-07-31,24700.0,0.0036881184097224537,0.14266105547469088,1.0347071996237536,BEAR,75,24700.0,24500.0,16.0,22.55,491.25000000000006,120.0,99.2080777775,272.04192222250003,0.0,1200.0,2025-07-28/2025-08-03,2025
HIGH_DISLOCATION,FADE,15:10:00,2025-07-29,2025-07-30,2025-07-31,24700.0,0.0036881184097224537,0.14266105547469088,1.0347071996237536,BEAR,75,24700.0,24500.0,16.0,10.55,-408.74999999999994,120.0,97.50276386750001,-626.2527638675,0.0,1200.0,2025-07-28/2025-08-03,2025
HIGH_DISLOCATION,CONTINUE,10:30:00,2025-08-01,2025-08-04,2025-08-07,24700.0,-0.002920126659988985,0.12500892495778498,0.8509039528057473,BEAR,75,24700.0,24500.0,77.24999999999999,87.65,780.0000000000015,120.0,126.49864775,533.5013522500014,0.0,5793.749999999999,2025-08-04/2025-08-10,2025
HIGH_DISLOCATION,CONTINUE,15:10:00,2025-08-01,2025-08-04,2025-08-07,24700.0,-0.002920126659988985,0.12500892495778498,0.8509039528057473,BEAR,75,24700.0,24500.0,77.24999999999999,61.45,-1184.9999999999986,120.0,118.99937955499999,-1423.9993795549985,0.0,5793.749999999999,2025-08-04/2025-08-10,2025
HIGH_DISLOCATION,FADE,10:30:00,2025-08-01,2025-08-04,2025-08-07,24700.0,-0.002920126659988985,0.12500892495778498,0.8509039528057473,BULL,75,24700.0,24900.0,73.6,63.800000000000004,-734.9999999999992,120.0,116.86823237,-971.8682323699992,0.0,5520.0,2025-08-04/2025-08-10,2025
HIGH_DISLOCATION,FADE,15:10:00,2025-08-01,2025-08-04,2025-08-07,24700.0,-0.002920126659988985,0.12500892495778498,0.8509039528057473,BULL,75,24700.0,24900.0,73.6,83.1,712.5,120.0,120.1218407,472.3781593,0.0,5520.0,2025-08-04/2025-08-10,2025
LOW_DISLOCATION,CONTINUE,10:30:00,2025-08-06,2025-08-07,2025-08-07,24650.0,-2.8395262047733554e-05,0.0009320460740374656,-1.4476913194861047,BEAR,75,24650.0,24450.0,111.2,169.9,4402.5,120.0,125.710960925,4156.789039075,0.0,8340.0,2025-08-04/2025-08-10,2025
LOW_DISLOCATION,CONTINUE,15:10:00,2025-08-06,2025-08-07,2025-08-07,24650.0,-2.8395262047733554e-05,0.0009320460740374656,-1.4476913194861047,BEAR,75,24650.0,24450.0,111.2,69.85,-3101.2500000000005,120.0,108.2994340475,-3329.5494340475007,0.0,8340.0,2025-08-04/2025-08-10,2025
LOW_DISLOCATION,FADE,10:30:00,2025-08-06,2025-08-07,2025-08-07,24650.0,-2.8395262047733554e-05,0.0009320460740374656,-1.4476913194861047,BULL,75,24650.0,24850.0,13.05,2.9,-761.25,120.0,95.8259562875,-977.0759562875,0.0,978.75,2025-08-04/2025-08-10,2025
LOW_DISLOCATION,FADE,15:10:00,2025-08-06,2025-08-07,2025-08-07,24650.0,-2.8395262047733554e-05,0.0009320460740374656,-1.4476913194861047,BULL,75,24650.0,24850.0,13.05,0.24999999999999997,-960.0,120.0,95.25898595,-1175.25898595,0.0,978.75,2025-08-04/2025-08-10,2025
HIGH_DISLOCATION,CONTINUE,10:30:00,2025-08-07,2025-08-08,2025-08-14,24550.0,0.0024237172793057983,0.11675339908095253,0.8573351423640199,BULL,75,24550.0,24750.0,75.64999999999999,62.99999999999999,-948.7499999999999,120.0,117.06782408750001,-1185.8178240875,0.0,5673.749999999999,2025-08-04/2025-08-10,2025
HIGH_DISLOCATION,CONTINUE,15:10:00,2025-08-07,2025-08-08,2025-08-14,24550.0,0.0024237172793057983,0.11675339908095253,0.8573351423640199,BULL,75,24550.0,24750.0,75.64999999999999,45.45,-2264.999999999999,120.0,113.30969435,-2498.309694349999,0.0,5673.749999999999,2025-08-04/2025-08-10,2025
HIGH_DISLOCATION,FADE,10:30:00,2025-08-07,2025-08-08,2025-08-14,24550.0,0.0024237172793057983,0.11675339908095253,0.8573351423640199,BEAR,75,24550.0,24350.0,74.45,87.35,967.4999999999993,120.0,126.53381321,720.9661867899993,0.0,5583.75,2025-08-04/2025-08-10,2025
HIGH_DISLOCATION,FADE,15:10:00,2025-08-07,2025-08-08,2025-08-14,24550.0,0.0024237172793057983,0.11675339908095253,0.8573351423640199,BEAR,75,24550.0,24350.0,74.45,107.8,2501.2499999999995,120.0,131.8614464975,2249.3885535024997,0.0,5583.75,2025-08-04/2025-08-10,2025
HIGH_DISLOCATION,CONTINUE,10:30:00,2025-08-12,2025-08-13,2025-08-14,24600.0,0.0027819697404784446,0.11662444030038013,0.8422503533863804,BULL,75,24600.0,24800.0,53.150000000000006,67.35,1064.999999999999,120.0,107.514034535,837.4859654649991,0.0,3986.2500000000005,2025-08-11/2025-08-17,2025
HIGH_DISLOCATION,CONTINUE,15:10:00,2025-08-12,2025-08-13,2025-08-14,24600.0,0.0027819697404784446,0.11662444030038013,0.8422503533863804,BULL,75,24600.0,24800.0,53.150000000000006,72.05,1417.4999999999993,120.0,107.46190887499999,1190.0380911249993,0.0,3986.2500000000005,2025-08-11/2025-08-17,2025
HIGH_DISLOCATION,FADE,10:30:00,2025-08-12,2025-08-13,2025-08-14,24600.0,0.0027819697404784446,0.11662444030038013,0.8422503533863804,BEAR,75,24600.0,24400.0,64.4,47.35,-1278.7500000000002,120.0,106.7921203325,-1505.5421203325002,0.0,4830.0,2025-08-11/2025-08-17,2025
HIGH_DISLOCATION,FADE,15:10:00,2025-08-12,2025-08-13,2025-08-14,24600.0,0.0027819697404784446,0.11662444030038013,0.8422503533863804,BEAR,75,24600.0,24400.0,64.4,32.4,-2400.0000000000005,120.0,104.32069295,-2624.3206929500006,0.0,4830.0,2025-08-11/2025-08-17,2025
LOW_DISLOCATION,CONTINUE,10:30:00,2025-08-14,2025-08-18,2025-08-21,24650.0,0.0006560133883598372,0.03242921517311124,-0.8547430792279723,BULL,75,24650.0,24850.0,157.45,161.09999999999997,273.7499999999983,120.0,180.29970901250002,-26.549709012501722,0.0,11808.75,2025-08-18/2025-08-24,2025
LOW_DISLOCATION,CONTINUE,15:10:00,2025-08-14,2025-08-18,2025-08-21,24650.0,0.0006560133883598372,0.03242921517311124,-0.8547430792279723,BULL,75,24650.0,24850.0,157.45,153.85000000000002,-269.99999999999744,120.0,170.07719537,-560.0771953699974,0.0,11808.75,2025-08-18/2025-08-24,2025
LOW_DISLOCATION,FADE,10:30:00,2025-08-14,2025-08-18,2025-08-21,24650.0,0.0006560133883598372,0.03242921517311124,-0.8547430792279723,BEAR,75,24650.0,24450.0,16.2,14.649999999999999,-116.25000000000006,120.0,99.6384767975,-335.88847679750006,0.0,1215.0,2025-08-18/2025-08-24,2025
LOW_DISLOCATION,FADE,15:10:00,2025-08-14,2025-08-18,2025-08-21,24650.0,0.0006560133883598372,0.03242921517311124,-0.8547430792279723,BEAR,75,24650.0,24450.0,16.2,15.65,-41.24999999999992,120.0,99.6957663125,-260.9457663124999,0.0,1215.0,2025-08-18/2025-08-24,2025
LOW_DISLOCATION,CONTINUE,10:30:00,2025-08-19,2025-08-20,2025-08-21,24900.0,0.00048579452497520014,0.020907015516257062,-1.0552544932339307,BULL,75,24900.0,25100.0,74.25,97.35,1732.4999999999995,120.0,113.735665265,1498.7643347349995,0.0,5568.75,2025-08-18/2025-08-24,2025
LOW_DISLOCATION,CONTINUE,15:10:00,2025-08-19,2025-08-20,2025-08-21,24900.0,0.00048579452497520014,0.020907015516257062,-1.0552544932339307,BULL,75,24900.0,25100.0,74.25,136.6,4676.25,120.0,119.07091256749999,4437.1790874325,0.0,5568.75,2025-08-18/2025-08-24,2025
LOW_DISLOCATION,FADE,10:30:00,2025-08-19,2025-08-20,2025-08-21,24900.0,0.00048579452497520014,0.020907015516257062,-1.0552544932339307,BEAR,75,24900.0,24700.0,40.8,27.6,-989.9999999999997,120.0,100.981984565,-1210.9819845649995,0.0,3060.0,2025-08-18/2025-08-24,2025
LOW_DISLOCATION,FADE,15:10:00,2025-08-19,2025-08-20,2025-08-21,24900.0,0.00048579452497520014,0.020907015516257062,-1.0552544932339307,BEAR,75,24900.0,24700.0,40.8,10.75,-2253.75,120.0,98.9015640125,-2472.6515640125,0.0,3060.0,2025-08-18/2025-08-24,2025
HIGH_DISLOCATION,CONTINUE,10:30:00,2025-08-21,2025-08-22,2025-08-28,25050.0,-0.0029039354292056344,0.15210875200568283,1.7001352162640158,BEAR,75,25050.0,24850.0,84.6,96.94999999999999,926.2499999999995,120.0,126.8170674275,679.4329325724996,0.0,6345.0,2025-08-18/2025-08-24,2025
HIGH_DISLOCATION,CONTINUE,15:10:00,2025-08-21,2025-08-22,2025-08-28,25050.0,-0.0029039354292056344,0.15210875200568283,1.7001352162640158,BEAR,75,25050.0,24850.0,84.6,113.15,2141.250000000001,120.0,131.01061051250002,1890.2393894875008,0.0,6345.0,2025-08-18/2025-08-24,2025
HIGH_DISLOCATION,FADE,10:30:00,2025-08-21,2025-08-22,2025-08-28,25050.0,-0.0029039354292056344,0.15210875200568283,1.7001352162640158,BULL,75,25050.0,25250.0,60.0,47.400000000000006,-944.9999999999995,120.0,109.62756125,-1174.6275612499996,0.0,4500.0,2025-08-18/2025-08-24,2025
HIGH_DISLOCATION,FADE,15:10:00,2025-08-21,2025-08-22,2025-08-28,25050.0,-0.0029039354292056344,0.15210875200568283,1.7001352162640158,BULL,75,25050.0,25250.0,60.0,36.5,-1762.5,120.0,107.47425448999999,-1989.97425449,0.0,4500.0,2025-08-18/2025-08-24,2025
HIGH_DISLOCATION,CONTINUE,10:30:00,2025-08-22,2025-08-25,2025-08-28,25000.0,-0.003344548306485958,0.18755198676068893,2.34510701946241,BEAR,75,25000.0,24800.0,75.5,87.0,862.5,120.0,116.41603499,626.08396501,0.0,5662.5,2025-08-25/2025-08-31,2025
HIGH_DISLOCATION,CONTINUE,15:10:00,2025-08-22,2025-08-25,2025-08-28,25000.0,-0.003344548306485958,0.18755198676068893,2.34510701946241,BEAR,75,25000.0,24800.0,75.5,62.099999999999994,-1005.0000000000005,120.0,111.334365995,-1236.3343659950006,0.0,5662.5,2025-08-25/2025-08-31,2025
HIGH_DISLOCATION,FADE,10:30:00,2025-08-22,2025-08-25,2025-08-28,25000.0,-0.003344548306485958,0.18755198676068893,2.34510701946241,BULL,75,25000.0,25200.0,54.300000000000004,44.9,-705.0000000000005,120.0,106.36278132500001,-931.3627813250005,0.0,4072.5000000000005,2025-08-25/2025-08-31,2025
HIGH_DISLOCATION,FADE,15:10:00,2025-08-22,2025-08-25,2025-08-28,25000.0,-0.003344548306485958,0.18755198676068893,2.34510701946241,BULL,75,25000.0,25200.0,54.300000000000004,54.75,33.74999999999968,120.0,107.2613667125,-193.51136671250032,0.0,4072.5000000000005,2025-08-25/2025-08-31,2025
LOW_DISLOCATION,CONTINUE,10:30:00,2025-08-25,2025-08-26,2025-08-28,24950.0,-7.415082277360883e-05,0.0038611008010207234,-1.3527194729947898,BEAR,75,24950.0,24750.0,121.14999999999999,122.35000000000001,90.00000000000128,120.0,126.15005474,-156.15005473999872,0.0,9086.25,2025-08-25/2025-08-31,2025
LOW_DISLOCATION,CONTINUE,15:10:00,2025-08-25,2025-08-26,2025-08-28,24950.0,-7.415082277360883e-05,0.0038611008010207234,-1.3527194729947898,BEAR,75,24950.0,24750.0,121.14999999999999,159.55,2880.0000000000014,120.0,134.28647910499998,2625.7135208950012,0.0,9086.25,2025-08-25/2025-08-31,2025
LOW_DISLOCATION,FADE,10:30:00,2025-08-25,2025-08-26,2025-08-28,24950.0,-7.415082277360883e-05,0.0038611008010207234,-1.3527194729947898,BULL,75,24950.0,25150.0,20.65,16.05,-344.99999999999983,120.0,98.924497865,-563.9244978649998,0.0,1548.75,2025-08-25/2025-08-31,2025
LOW_DISLOCATION,FADE,15:10:00,2025-08-25,2025-08-26,2025-08-28,24950.0,-7.415082277360883e-05,0.0038611008010207234,-1.3527194729947898,BULL,75,24950.0,25150.0,20.65,11.200000000000001,-708.7499999999998,120.0,98.18687296249999,-926.9368729624998,0.0,1548.75,2025-08-25/2025-08-31,2025
HIGH_DISLOCATION,CONTINUE,10:30:00,2025-08-26,2025-08-28,2025-08-28,24800.0,-0.0038081082981009378,0.19033900038877577,2.2484150567596273,BEAR,75,24800.0,24600.0,179.05,171.64999999999998,-555.0000000000025,120.0,136.287515735,-811.2875157350024,0.0,13428.75,2025-08-25/2025-08-31,2025
HIGH_DISLOCATION,CONTINUE,15:10:00,2025-08-26,2025-08-28,2025-08-28,24800.0,-0.0038081082981009378,0.19033900038877577,2.2484150567596273,BEAR,75,24800.0,24600.0,179.05,200.05,1575.0,120.0,149.367326375,1305.632673625,0.0,13428.75,2025-08-25/2025-08-31,2025
HIGH_DISLOCATION,FADE,10:30:00,2025-08-26,2025-08-28,2025-08-28,24800.0,-0.0038081082981009378,0.19033900038877577,2.2484150567596273,BULL,75,24800.0,25000.0,2.3000000000000003,2.2500000000000004,-3.7499999999999867,120.0,95.51710780250002,-219.2671078025,0.0,172.50000000000003,2025-08-25/2025-08-31,2025
HIGH_DISLOCATION,FADE,15:10:00,2025-08-26,2025-08-28,2025-08-28,24800.0,-0.0038081082981009378,0.19033900038877577,2.2484150567596273,BULL,75,24800.0,25000.0,2.3000000000000003,0.15,-161.25000000000003,120.0,94.9736294675,-376.2236294675,0.0,172.50000000000003,2025-08-25/2025-08-31,2025
HIGH_DISLOCATION,CONTINUE,10:30:00,2025-08-28,2025-08-29,2025-09-02,24500.0,-0.006894918287323321,0.3119549045815283,4.4073739700193695,BEAR,75,24500.0,24300.0,54.949999999999996,51.99999999999999,-221.25000000000023,120.0,109.1663996675,-450.41639966750023,0.0,4121.25,2025-08-25/2025-08-31,2025
HIGH_DISLOCATION,CONTINUE,15:10:00,2025-08-28,2025-08-29,2025-09-02,24500.0,-0.006894918287323321,0.3119549045815283,4.4073739700193695,BEAR,75,24500.0,24300.0,54.949999999999996,78.94999999999999,1799.9999999999995,120.0,113.38496999,1566.6150300099996,0.0,4121.25,2025-08-25/2025-08-31,2025
HIGH_DISLOCATION,FADE,10:30:00,2025-08-28,2025-08-29,2025-09-02,24500.0,-0.006894918287323321,0.3119549045815283,4.4073739700193695,BULL,75,24500.0,24700.0,90.6,87.7,-217.49999999999937,120.0,119.09912729000001,-456.5991272899994,0.0,6795.0,2025-08-25/2025-08-31,2025
HIGH_DISLOCATION,FADE,15:10:00,2025-08-28,2025-08-29,2025-09-02,24500.0,-0.006894918287323321,0.3119549045815283,4.4073739700193695,BULL,75,24500.0,24700.0,90.6,47.8,-3210.0,120.0,111.868387145,-3441.868387145,0.0,6795.0,2025-08-25/2025-08-31,2025
HIGH_DISLOCATION,CONTINUE,10:30:00,2025-09-04,2025-09-05,2025-09-09,24900.0,-0.002927477843678232,0.17018865827718488,1.4721420191027395,BEAR,75,24900.0,24700.0,93.6,122.7,2182.5000000000005,120.0,127.98755483,1934.5124451700005,0.0,7020.0,2025-09-01/2025-09-07,2025
HIGH_DISLOCATION,CONTINUE,15:10:00,2025-09-04,2025-09-05,2025-09-09,24900.0,-0.002927477843678232,0.17018865827718488,1.4721420191027395,BEAR,75,24900.0,24700.0,93.6,106.10000000000001,937.500000000001,120.0,121.83441185000001,695.665588150001,0.0,7020.0,2025-09-01/2025-09-07,2025
HIGH_DISLOCATION,FADE,10:30:00,2025-09-04,2025-09-05,2025-09-09,24900.0,-0.002927477843678232,0.17018865827718488,1.4721420191027395,BULL,75,24900.0,25100.0,37.400000000000006,26.35,-828.7500000000003,120.0,101.37739429249999,-1050.1273942925004,0.0,2805.0000000000005,2025-09-01/2025-09-07,2025
HIGH_DISLOCATION,FADE,15:10:00,2025-09-04,2025-09-05,2025-09-09,24900.0,-0.002927477843678232,0.17018865827718488,1.4721420191027395,BULL,75,24900.0,25100.0,37.400000000000006,30.1,-547.5000000000003,120.0,101.782203485,-769.2822034850003,0.0,2805.0000000000005,2025-09-01/2025-09-07,2025
LOW_DISLOCATION,CONTINUE,10:30:00,2025-09-08,2025-09-09,2025-09-09,24800.0,-0.000582602560225813,0.02540079099040208,-0.9229902964215367,BEAR,75,24800.0,24600.0,16.3,26.900000000000002,795.0000000000001,120.0,98.85693391999999,576.1430660800002,0.0,1222.5,2025-09-08/2025-09-14,2025
LOW_DISLOCATION,CONTINUE,15:10:00,2025-09-08,2025-09-09,2025-09-09,24800.0,-0.000582602560225813,0.02540079099040208,-0.9229902964215367,BEAR,75,24800.0,24600.0,16.3,0.04999999999999999,-1218.75,120.0,95.47161019250001,-1434.2216101925,0.0,1222.5,2025-09-08/2025-09-14,2025
LOW_DISLOCATION,FADE,10:30:00,2025-09-08,2025-09-09,2025-09-09,24800.0,-0.000582602560225813,0.02540079099040208,-0.9229902964215367,BULL,75,24800.0,25000.0,81.64999999999999,53.05,-2144.9999999999995,120.0,104.85568674500001,-2369.8556867449997,0.0,6123.749999999999,2025-09-08/2025-09-14,2025
LOW_DISLOCATION,FADE,15:10:00,2025-09-08,2025-09-09,2025-09-09,24800.0,-0.000582602560225813,0.02540079099040208,-0.9229902964215367,BULL,75,24800.0,25000.0,81.64999999999999,66.15,-1162.4999999999989,120.0,105.429800315,-1387.9298003149988,0.0,6123.749999999999,2025-09-08/2025-09-14,2025
LOW_DISLOCATION,CONTINUE,10:30:00,2025-09-09,2025-09-10,2025-09-16,24850.0,-0.000468588482778929,0.024549317077381047,-0.9360131997802191,BEAR,75,24850.0,24650.0,34.400000000000006,28.449999999999996,-446.25000000000074,120.0,104.91620069750002,-671.1662006975007,0.0,2580.0000000000005,2025-09-08/2025-09-14,2025
LOW_DISLOCATION,CONTINUE,15:10:00,2025-09-09,2025-09-10,2025-09-16,24850.0,-0.000468588482778929,0.024549317077381047,-0.9360131997802191,BEAR,75,24850.0,24650.0,34.400000000000006,30.900000000000002,-262.5000000000003,120.0,105.08549175500002,-487.5854917550003,0.0,2580.0000000000005,2025-09-08/2025-09-14,2025
LOW_DISLOCATION,FADE,10:30:00,2025-09-09,2025-09-10,2025-09-16,24850.0,-0.000468588482778929,0.024549317077381047,-0.9360131997802191,BULL,75,24850.0,25050.0,121.05000000000001,132.45,854.9999999999983,120.0,143.385150335,591.6148496649982,0.0,9078.75,2025-09-08/2025-09-14,2025
LOW_DISLOCATION,FADE,15:10:00,2025-09-09,2025-09-10,2025-09-16,24850.0,-0.000468588482778929,0.024549317077381047,-0.9360131997802191,BULL,75,24850.0,25050.0,121.05000000000001,122.6,116.24999999999872,120.0,137.3067367325,-141.0567367325013,0.0,9078.75,2025-09-08/2025-09-14,2025
LOW_DISLOCATION,CONTINUE,10:30:00,2025-09-10,2025-09-11,2025-09-16,25000.0,6.803006929065557e-05,0.003875223036140397,-1.2521242819517293,BULL,75,25000.0,25200.0,76.75,76.3,-33.75000000000021,120.0,114.6463105325,-268.39631053250025,0.0,5756.25,2025-09-08/2025-09-14,2025
LOW_DISLOCATION,CONTINUE,15:10:00,2025-09-10,2025-09-11,2025-09-16,25000.0,6.803006929065557e-05,0.003875223036140397,-1.2521242819517293,BULL,75,25000.0,25200.0,76.75,85.2,633.7500000000002,120.0,115.65325552249999,398.09674447750024,0.0,5756.25,2025-09-08/2025-09-14,2025
LOW_DISLOCATION,FADE,10:30:00,2025-09-10,2025-09-11,2025-09-16,25000.0,6.803006929065557e-05,0.003875223036140397,-1.2521242819517293,BEAR,75,25000.0,24800.0,58.349999999999994,57.3,-78.74999999999979,120.0,111.4245647375,-310.1745647374998,0.0,4376.25,2025-09-08/2025-09-14,2025
LOW_DISLOCATION,FADE,15:10:00,2025-09-10,2025-09-11,2025-09-16,25000.0,6.803006929065557e-05,0.003875223036140397,-1.2521242819517293,BEAR,75,25000.0,24800.0,58.349999999999994,47.7,-798.7499999999993,120.0,109.43008955750001,-1028.1800895574993,0.0,4376.25,2025-09-08/2025-09-14,2025
LOW_DISLOCATION,CONTINUE,10:30:00,2025-09-15,2025-09-16,2025-09-16,25100.0,-0.0004696508066650324,0.02293979048265903,-0.8865620035236824,BEAR,75,25100.0,24900.0,24.7,13.35,-851.25,120.0,97.46941049750001,-1068.7194104975001,0.0,1852.5,2025-09-15/2025-09-21,2025
LOW_DISLOCATION,CONTINUE,15:10:00,2025-09-15,2025-09-16,2025-09-16,25100.0,-0.0004696508066650324,0.02293979048265903,-0.8865620035236824,BEAR,75,25100.0,24900.0,24.7,0.04999999999999999,-1848.75,120.0,95.6680085525,-2064.4180085525,0.0,1852.5,2025-09-15/2025-09-21,2025
LOW_DISLOCATION,FADE,10:30:00,2025-09-15,2025-09-16,2025-09-16,25100.0,-0.0004696508066650324,0.02293979048265903,-0.8865620035236824,BULL,75,25100.0,25300.0,42.75,87.5,3356.25,120.0,106.43972396749999,3129.8102760325,0.0,3206.25,2025-09-15/2025-09-21,2025
LOW_DISLOCATION,FADE,15:10:00,2025-09-15,2025-09-16,2025-09-16,25100.0,-0.0004696508066650324,0.02293979048265903,-0.8865620035236824,BULL,75,25100.0,25300.0,42.75,135.35,6945.0,120.0,110.58892269499998,6714.411077305,0.0,3206.25,2025-09-15/2025-09-21,2025
HIGH_DISLOCATION,CONTINUE,10:30:00,2025-09-19,2025-09-22,2025-09-23,25350.0,-0.002346148324559097,0.17321331193709189,1.59406865049803,BEAR,75,25350.0,25150.0,67.5,48.55,-1421.2500000000002,120.0,105.5796810125,-1646.8296810125003,0.0,5062.5,2025-09-22/2025-09-28,2025
HIGH_DISLOCATION,CONTINUE,15:10:00,2025-09-19,2025-09-22,2025-09-23,25350.0,-0.002346148324559097,0.17321331193709189,1.59406865049803,BEAR,75,25350.0,25150.0,67.5,115.60000000000001,3607.5000000000005,120.0,115.00755852500001,3372.4924414750003,0.0,5062.5,2025-09-22/2025-09-28,2025
HIGH_DISLOCATION,FADE,10:30:00,2025-09-19,2025-09-22,2025-09-23,25350.0,-0.002346148324559097,0.17321331193709189,1.59406865049803,BULL,75,25350.0,25550.0,32.1,46.35,1068.75,120.0,102.0885366425,846.6614633575,0.0,2407.5,2025-09-22/2025-09-28,2025
HIGH_DISLOCATION,FADE,15:10:00,2025-09-19,2025-09-22,2025-09-23,25350.0,-0.002346148324559097,0.17321331193709189,1.59406865049803,BULL,75,25350.0,25550.0,32.1,12.099999999999998,-1500.0000000000002,120.0,98.12729169500001,-1718.1272916950002,0.0,2407.5,2025-09-22/2025-09-28,2025
HIGH_DISLOCATION,CONTINUE,10:30:00,2025-09-24,2025-09-25,2025-09-30,25050.0,-0.0027821362590509206,0.1534842341688329,1.2162181640223204,BEAR,75,25050.0,24850.0,51.00000000000001,56.4,404.9999999999994,120.0,109.65487579999999,175.3451241999994,0.0,3825.0000000000005,2025-09-22/2025-09-28,2025
HIGH_DISLOCATION,CONTINUE,15:10:00,2025-09-24,2025-09-25,2025-09-30,25050.0,-0.0027821362590509206,0.1534842341688329,1.2162181640223204,BEAR,75,25050.0,24850.0,51.00000000000001,94.19999999999999,3239.9999999999986,120.0,117.08111714,3002.9188828599986,0.0,3825.0000000000005,2025-09-22/2025-09-28,2025
HIGH_DISLOCATION,FADE,10:30:00,2025-09-24,2025-09-25,2025-09-30,25050.0,-0.0027821362590509206,0.1534842341688329,1.2162181640223204,BULL,75,25050.0,25250.0,84.10000000000001,75.55,-641.2500000000009,120.0,115.75991704249999,-877.0099170425009,0.0,6307.500000000001,2025-09-22/2025-09-28,2025
HIGH_DISLOCATION,FADE,15:10:00,2025-09-24,2025-09-25,2025-09-30,25050.0,-0.0027821362590509206,0.1534842341688329,1.2162181640223204,BULL,75,25050.0,25250.0,84.10000000000001,39.349999999999994,-3356.250000000001,120.0,109.8140627225,-3586.0640627225007,0.0,6307.500000000001,2025-09-22/2025-09-28,2025
LOW_DISLOCATION,CONTINUE,10:30:00,2025-09-29,2025-09-30,2025-09-30,24700.0,-0.00035193035824086305,0.013584504361503238,-1.1602107460000755,BEAR,75,24700.0,24500.0,58.2,79.5,1597.4999999999998,120.0,107.63286693500001,1369.8671330649997,0.0,4365.0,2025-09-29/2025-10-05,2025
LOW_DISLOCATION,CONTINUE,15:10:00,2025-09-29,2025-09-30,2025-09-30,24700.0,-0.00035193035824086305,0.013584504361503238,-1.1602107460000755,BEAR,75,24700.0,24500.0,58.2,90.45,2418.75,120.0,107.39328047749999,2191.3567195225,0.0,4365.0,2025-09-29/2025-10-05,2025
LOW_DISLOCATION,FADE,10:30:00,2025-09-29,2025-09-30,2025-09-30,24700.0,-0.00035193035824086305,0.013584504361503238,-1.1602107460000755,BULL,75,24700.0,24900.0,36.050000000000004,19.3,-1256.2500000000002,120.0,98.9670612125,-1475.2170612125003,0.0,2703.7500000000005,2025-09-29/2025-10-05,2025
LOW_DISLOCATION,FADE,15:10:00,2025-09-29,2025-09-30,2025-09-30,24700.0,-0.00035193035824086305,0.013584504361503238,-1.1602107460000755,BULL,75,24700.0,24900.0,36.050000000000004,-0.04999999999999999,-2707.5,120.0,96.39135587000001,-2923.89135587,0.0,2703.7500000000005,2025-09-29/2025-10-05,2025
LOW_DISLOCATION,CONTINUE,10:30:00,2025-10-03,2025-10-06,2025-10-07,24750.0,-0.00014122584029374976,0.008642973295216077,-1.2406407152274703,BEAR,75,24750.0,24550.0,14.950000000000001,5.550000000000001,-705.0,120.0,96.672389375,-921.672389375,0.0,1121.25,2025-10-06/2025-10-12,2025
LOW_DISLOCATION,CONTINUE,15:10:00,2025-10-03,2025-10-06,2025-10-07,24750.0,-0.00014122584029374976,0.008642973295216077,-1.2406407152274703,BEAR,75,24750.0,24550.0,14.950000000000001,1.2000000000000002,-1031.25,120.0,96.1272395975,-1247.3772395975,0.0,1121.25,2025-10-06/2025-10-12,2025
LOW_DISLOCATION,FADE,10:30:00,2025-10-03,2025-10-06,2025-10-07,24750.0,-0.00014122584029374976,0.008642973295216077,-1.2406407152274703,BULL,75,24750.0,24950.0,124.75,165.5,3056.25,120.0,131.0291237075,2805.2208762925,0.0,9356.25,2025-10-06/2025-10-12,2025
LOW_DISLOCATION,FADE,15:10:00,2025-10-03,2025-10-06,2025-10-07,24750.0,-0.00014122584029374976,0.008642973295216077,-1.2406407152274703,BULL,75,24750.0,24950.0,124.75,192.45,5077.499999999999,120.0,146.99467995499998,4810.505320044999,0.0,9356.25,2025-10-06/2025-10-12,2025
HIGH_DISLOCATION,CONTINUE,10:30:00,2025-10-08,2025-10-09,2025-10-14,25150.0,0.003403583726565402,0.20615113349367983,2.067551697632252,BULL,75,25150.0,25350.0,65.85,56.75,-682.4999999999995,120.0,109.664244185,-912.1642441849996,0.0,4938.75,2025-10-06/2025-10-12,2025
HIGH_DISLOCATION,CONTINUE,15:10:00,2025-10-08,2025-10-09,2025-10-14,25150.0,0.003403583726565402,0.20615113349367983,2.067551697632252,BULL,75,25150.0,25350.0,65.85,89.65,1785.000000000001,120.0,114.597708365,1550.402291635001,0.0,4938.75,2025-10-06/2025-10-12,2025
HIGH_DISLOCATION,FADE,10:30:00,2025-10-08,2025-10-09,2025-10-14,25150.0,0.003403583726565402,0.20615113349367983,2.067551697632252,BEAR,75,25150.0,24950.0,67.15,74.75,569.9999999999995,120.0,115.31210479999999,334.68789519999956,0.0,5036.25,2025-10-06/2025-10-12,2025
HIGH_DISLOCATION,FADE,15:10:00,2025-10-08,2025-10-09,2025-10-14,25150.0,0.003403583726565402,0.20615113349367983,2.067551697632252,BEAR,75,25150.0,24950.0,67.15,41.150000000000006,-1950.0,120.0,108.65910240499998,-2178.659102405,0.0,5036.25,2025-10-06/2025-10-12,2025
LOW_DISLOCATION,CONTINUE,10:30:00,2025-10-13,2025-10-14,2025-10-14,25200.0,0.0005420366281748438,0.02050250446034599,-1.0070270344421146,BULL,75,25200.0,25400.0,104.14999999999999,53.75,-3779.9999999999995,120.0,106.42605194000001,-4006.4260519399995,0.0,7811.249999999999,2025-10-13/2025-10-19,2025
LOW_DISLOCATION,CONTINUE,15:10:00,2025-10-13,2025-10-14,2025-10-14,25200.0,0.0005420366281748438,0.02050250446034599,-1.0070270344421146,BULL,75,25200.0,25400.0,104.14999999999999,0.05,-7807.5,120.0,99.75997706000001,-8027.25997706,0.0,7811.249999999999,2025-10-13/2025-10-19,2025
LOW_DISLOCATION,FADE,10:30:00,2025-10-13,2025-10-14,2025-10-14,25200.0,0.0005420366281748438,0.02050250446034599,-1.0070270344421146,BEAR,75,25200.0,25000.0,12.8,41.15,2126.25,120.0,100.3844855525,1905.8655144475001,0.0,960.0,2025-10-13/2025-10-19,2025
LOW_DISLOCATION,FADE,15:10:00,2025-10-13,2025-10-14,2025-10-14,25200.0,0.0005420366281748438,0.02050250446034599,-1.0070270344421146,BEAR,75,25200.0,25000.0,12.8,53.050000000000004,3018.75,120.0,100.86614858749999,2797.8838514125,0.0,960.0,2025-10-13/2025-10-19,2025
LOW_DISLOCATION,CONTINUE,10:30:00,2025-10-23,2025-10-24,2025-10-28,26050.0,-0.00020722604908192933,0.009757177213986341,-1.1504941757901594,BEAR,75,26050.0,25850.0,96.39999999999999,120.9,1837.5000000000011,120.0,134.045783795,1583.454216205001,0.0,7229.999999999999,2025-10-20/2025-10-26,2025
LOW_DISLOCATION,CONTINUE,15:10:00,2025-10-23,2025-10-24,2025-10-28,26050.0,-0.00020722604908192933,0.009757177213986341,-1.1504941757901594,BEAR,75,26050.0,25850.0,96.39999999999999,145.9,3712.500000000001,120.0,138.97771718,3453.522282820001,0.0,7229.999999999999,2025-10-20/2025-10-26,2025
LOW_DISLOCATION,FADE,10:30:00,2025-10-23,2025-10-24,2025-10-28,26050.0,-0.00020722604908192933,0.009757177213986341,-1.1504941757901594,BULL,75,26050.0,26250.0,44.7,25.849999999999998,-1413.7500000000005,120.0,102.90626059249999,-1636.6562605925005,0.0,3352.5,2025-10-20/2025-10-26,2025
LOW_DISLOCATION,FADE,15:10:00,2025-10-23,2025-10-24,2025-10-28,26050.0,-0.00020722604908192933,0.009757177213986341,-1.1504941757901594,BULL,75,26050.0,26250.0,44.7,16.05,-2148.75,120.0,101.56680338749999,-2370.3168033875,0.0,3352.5,2025-10-20/2025-10-26,2025
LOW_DISLOCATION,CONTINUE,10:30:00,2025-11-03,2025-11-04,2025-11-04,25650.0,-0.0006032513300718843,0.01976282274730115,-0.978397552585465,BEAR,75,25650.0,25450.0,30.650000000000002,22.3,-626.2500000000001,120.0,98.5057456625,-844.7557456625001,0.0,2298.75,2025-11-03/2025-11-09,2025
LOW_DISLOCATION,CONTINUE,15:10:00,2025-11-03,2025-11-04,2025-11-04,25650.0,-0.0006032513300718843,0.01976282274730115,-0.978397552585465,BEAR,75,25650.0,25450.0,30.650000000000002,49.5,1413.7499999999998,120.0,101.1334493375,1192.6165506624998,0.0,2298.75,2025-11-03/2025-11-09,2025
LOW_DISLOCATION,FADE,10:30:00,2025-11-03,2025-11-04,2025-11-04,25650.0,-0.0006032513300718843,0.01976282274730115,-0.978397552585465,BULL,75,25650.0,25850.0,72.9,72.35,-41.25000000000085,120.0,107.7269400725,-268.97694007250084,0.0,5467.5,2025-11-03/2025-11-09,2025
LOW_DISLOCATION,FADE,15:10:00,2025-11-03,2025-11-04,2025-11-04,25650.0,-0.0006032513300718843,0.01976282274730115,-0.978397552585465,BULL,75,25650.0,25850.0,72.9,0.0,-5467.5,120.0,98.81736857000001,-5686.31736857,0.0,5467.5,2025-11-03/2025-11-09,2025
HIGH_DISLOCATION,CONTINUE,10:30:00,2025-11-07,2025-11-10,2025-11-11,25350.0,-0.003330246858971741,0.1798221411935261,1.7953272755364866,BEAR,75,25350.0,25150.0,12.25,5.75,-487.5,120.0,96.50598818,-704.00598818,0.0,918.75,2025-11-10/2025-11-16,2025
HIGH_DISLOCATION,CONTINUE,15:10:00,2025-11-07,2025-11-10,2025-11-11,25350.0,-0.003330246858971741,0.1798221411935261,1.7953272755364866,BEAR,75,25350.0,25150.0,12.25,4.25,-600.0,120.0,96.21439451,-816.21439451,0.0,918.75,2025-11-10/2025-11-16,2025
HIGH_DISLOCATION,FADE,10:30:00,2025-11-07,2025-11-10,2025-11-11,25350.0,-0.003330246858971741,0.1798221411935261,1.7953272755364866,BULL,75,25350.0,25550.0,146.29999999999998,167.35000000000002,1578.750000000003,120.0,145.8799068725,1312.870093127503,0.0,10972.499999999998,2025-11-10/2025-11-16,2025
HIGH_DISLOCATION,FADE,15:10:00,2025-11-07,2025-11-10,2025-11-11,25350.0,-0.003330246858971741,0.1798221411935261,1.7953272755364866,BULL,75,25350.0,25550.0,146.29999999999998,172.64999999999998,1976.2499999999995,120.0,144.8038804625,1711.4461195374995,0.0,10972.499999999998,2025-11-10/2025-11-16,2025
HIGH_DISLOCATION,CONTINUE,10:30:00,2025-11-11,2025-11-12,2025-11-18,25500.0,-0.0034958414906222403,0.14740728375667617,1.2092514845241038,BEAR,75,25500.0,25300.0,19.35,15.6,-281.2500000000001,120.0,101.48955868249999,-502.7395586825001,0.0,1451.25,2025-11-10/2025-11-16,2025
HIGH_DISLOCATION,CONTINUE,15:10:00,2025-11-11,2025-11-12,2025-11-18,25500.0,-0.0034958414906222403,0.14740728375667617,1.2092514845241038,BEAR,75,25500.0,25300.0,19.35,11.45,-592.5000000000001,120.0,100.75648176499999,-813.2564817650001,0.0,1451.25,2025-11-10/2025-11-16,2025
HIGH_DISLOCATION,FADE,10:30:00,2025-11-11,2025-11-12,2025-11-18,25500.0,-0.0034958414906222403,0.14740728375667617,1.2092514845241038,BULL,75,25500.0,25700.0,157.4,163.85000000000002,483.75000000000125,120.0,187.58220916250002,176.16779083750123,0.0,11805.0,2025-11-10/2025-11-16,2025
HIGH_DISLOCATION,FADE,15:10:00,2025-11-11,2025-11-12,2025-11-18,25500.0,-0.0034958414906222403,0.14740728375667617,1.2092514845241038,BULL,75,25500.0,25700.0,157.4,171.39999999999998,1049.999999999998,120.0,194.02313658500003,735.976863414998,0.0,11805.0,2025-11-10/2025-11-16,2025
LOW_DISLOCATION,CONTINUE,10:30:00,2025-11-24,2025-11-25,2025-11-25,26100.0,-0.0005587810917663432,0.0211983784323216,-0.9260839371122552,BEAR,75,26100.0,25900.0,130.65,84.55,-3457.5000000000005,120.0,113.644599005,-3691.1445990050006,0.0,9798.75,2025-11-24/2025-11-30,2025
LOW_DISLOCATION,CONTINUE,15:10:00,2025-11-24,2025-11-25,2025-11-25,26100.0,-0.0005587810917663432,0.0211983784323216,-0.9260839371122552,BEAR,75,26100.0,25900.0,130.65,198.15,5062.5,120.0,125.31996741500001,4817.180032585,0.0,9798.75,2025-11-24/2025-11-30,2025
LOW_DISLOCATION,FADE,10:30:00,2025-11-24,2025-11-25,2025-11-25,26100.0,-0.0005587810917663432,0.0211983784323216,-0.9260839371122552,BULL,75,26100.0,26300.0,9.85,20.900000000000002,828.7500000000002,120.0,97.6010030075,611.1489969925002,0.0,738.75,2025-11-24/2025-11-30,2025
LOW_DISLOCATION,FADE,15:10:00,2025-11-24,2025-11-25,2025-11-25,26100.0,-0.0005587810917663432,0.0211983784323216,-0.9260839371122552,BULL,75,26100.0,26300.0,9.85,0.05000000000000002,-734.9999999999999,120.0,95.13805128499999,-950.1380512849998,0.0,738.75,2025-11-24/2025-11-30,2025
HIGH_DISLOCATION,CONTINUE,10:30:00,2025-11-26,2025-11-27,2025-12-02,26000.0,0.0032941230990246196,0.1695313416831034,1.5779723864909638,BULL,75,26000.0,26200.0,155.0,158.79999999999998,284.99999999999875,120.0,167.606568905,-2.6065689050012395,0.0,11625.0,2025-11-24/2025-11-30,2025
HIGH_DISLOCATION,CONTINUE,15:10:00,2025-11-26,2025-11-27,2025-12-02,26000.0,0.0032941230990246196,0.1695313416831034,1.5779723864909638,BULL,75,26000.0,26200.0,155.0,140.59999999999997,-1080.0000000000025,120.0,158.16741911,-1358.1674191100026,0.0,11625.0,2025-11-24/2025-11-30,2025
HIGH_DISLOCATION,FADE,10:30:00,2025-11-26,2025-11-27,2025-12-02,26000.0,0.0032941230990246196,0.1695313416831034,1.5779723864909638,BEAR,75,26000.0,25800.0,19.25,18.250000000000004,-74.99999999999973,120.0,101.34907300999998,-296.3490730099997,0.0,1443.75,2025-11-24/2025-11-30,2025
HIGH_DISLOCATION,FADE,15:10:00,2025-11-26,2025-11-27,2025-12-02,26000.0,0.0032941230990246196,0.1695313416831034,1.5779723864909638,BEAR,75,26000.0,25800.0,19.25,23.1,288.7500000000001,120.0,101.4034904225,67.34650957750011,0.0,1443.75,2025-11-24/2025-11-30,2025
HIGH_DISLOCATION,CONTINUE,10:30:00,2025-12-03,2025-12-04,2025-12-09,25950.0,-0.0026773967406440243,0.13397021896906497,1.1084651139620227,BEAR,75,25950.0,25750.0,53.6,33.95,-1473.75,120.0,106.64874479749999,-1700.3987447975,0.0,4020.0,2025-12-01/2025-12-07,2025
HIGH_DISLOCATION,CONTINUE,15:10:00,2025-12-03,2025-12-04,2025-12-09,25950.0,-0.0026773967406440243,0.13397021896906497,1.1084651139620227,BEAR,75,25950.0,25750.0,53.6,36.8,-1260.0000000000002,120.0,106.595554685,-1486.5955546850003,0.0,4020.0,2025-12-01/2025-12-07,2025
HIGH_DISLOCATION,FADE,10:30:00,2025-12-03,2025-12-04,2025-12-09,25950.0,-0.0026773967406440243,0.13397021896906497,1.1084651139620227,BULL,75,25950.0,26150.0,93.70000000000002,119.94999999999999,1968.749999999998,120.0,132.0702748325,1716.679725167498,0.0,7027.500000000001,2025-12-01/2025-12-07,2025
HIGH_DISLOCATION,FADE,15:10:00,2025-12-03,2025-12-04,2025-12-09,25950.0,-0.0026773967406440243,0.13397021896906497,1.1084651139620227,BULL,75,25950.0,26150.0,93.70000000000002,108.95,1143.7499999999989,120.0,127.9961666975,895.7538333024988,0.0,7027.500000000001,2025-12-01/2025-12-07,2025
LOW_DISLOCATION,CONTINUE,10:30:00,2025-12-08,2025-12-09,2025-12-09,26150.0,-0.0006976606387513213,0.030229516818341354,-0.8397545388961776,BEAR,75,26150.0,25950.0,190.05,189.55,-37.5,120.0,164.591839355,-322.091839355,0.0,14253.75,2025-12-08/2025-12-14,2025
LOW_DISLOCATION,CONTINUE,15:10:00,2025-12-08,2025-12-09,2025-12-09,26150.0,-0.0006976606387513213,0.030229516818341354,-0.8397545388961776,BEAR,75,26150.0,25950.0,190.05,200.70000000000002,798.7500000000005,120.0,163.7042064275,515.0457935725004,0.0,14253.75,2025-12-08/2025-12-14,2025
LOW_DISLOCATION,FADE,10:30:00,2025-12-08,2025-12-09,2025-12-09,26150.0,-0.0006976606387513213,0.030229516818341354,-0.8397545388961776,BULL,75,26150.0,26350.0,1.1,0.8999999999999999,-15.000000000000014,120.0,95.04804646999999,-230.04804646999997,0.0,82.5,2025-12-08/2025-12-14,2025
LOW_DISLOCATION,FADE,15:10:00,2025-12-08,2025-12-09,2025-12-09,26150.0,-0.0006976606387513213,0.030229516818341354,-0.8397545388961776,BULL,75,26150.0,26350.0,1.1,0.0,-82.5,120.0,94.81313532499999,-297.31313532499996,0.0,82.5,2025-12-08/2025-12-14,2025
HIGH_DISLOCATION,CONTINUE,10:30:00,2025-12-09,2025-12-10,2025-12-16,25800.0,-0.002902393024981534,0.13882072771509946,1.510320772479369,BEAR,75,25800.0,25600.0,46.3,38.45,-588.7499999999995,120.0,107.8936358825,-816.6436358824996,0.0,3472.5,2025-12-08/2025-12-14,2025
HIGH_DISLOCATION,CONTINUE,15:10:00,2025-12-09,2025-12-10,2025-12-16,25800.0,-0.002902393024981534,0.13882072771509946,1.510320772479369,BEAR,75,25800.0,25600.0,46.3,78.15,2388.7500000000005,120.0,116.8739202875,2151.8760797125005,0.0,3472.5,2025-12-08/2025-12-14,2025
HIGH_DISLOCATION,FADE,10:30:00,2025-12-09,2025-12-10,2025-12-16,25800.0,-0.002902393024981534,0.13882072771509946,1.510320772479369,BULL,75,25800.0,26000.0,109.49999999999999,118.95,708.7500000000013,120.0,138.8907991625,449.85920083750125,0.0,8212.499999999998,2025-12-08/2025-12-14,2025
HIGH_DISLOCATION,FADE,15:10:00,2025-12-09,2025-12-10,2025-12-16,25800.0,-0.002902393024981534,0.13882072771509946,1.510320772479369,BULL,75,25800.0,26000.0,109.49999999999999,70.75,-2906.249999999999,120.0,125.8994581025,-3152.149458102499,0.0,8212.499999999998,2025-12-08/2025-12-14,2025
LOW_DISLOCATION,CONTINUE,10:30:00,2025-12-17,2025-12-18,2025-12-23,25900.0,0.0004808611469987014,0.026404769144190314,-0.9790006413246464,BULL,75,25900.0,26100.0,49.949999999999996,61.35,855.0000000000005,120.0,110.103185465,624.8968145350004,0.0,3746.2499999999995,2025-12-15/2025-12-21,2025
LOW_DISLOCATION,CONTINUE,15:10:00,2025-12-17,2025-12-18,2025-12-23,25900.0,0.0004808611469987014,0.026404769144190314,-0.9790006413246464,BULL,75,25900.0,26100.0,49.949999999999996,53.3,251.2500000000001,120.0,107.98731815749998,23.26268184250013,0.0,3746.2499999999995,2025-12-15/2025-12-21,2025
LOW_DISLOCATION,FADE,10:30:00,2025-12-17,2025-12-18,2025-12-23,25900.0,0.0004808611469987014,0.026404769144190314,-0.9790006413246464,BEAR,75,25900.0,25700.0,94.05000000000001,79.6,-1083.7500000000014,120.0,120.6972467375,-1324.4472467375012,0.0,7053.750000000001,2025-12-15/2025-12-21,2025
LOW_DISLOCATION,FADE,15:10:00,2025-12-17,2025-12-18,2025-12-23,25900.0,0.0004808611469987014,0.026404769144190314,-0.9790006413246464,BEAR,75,25900.0,25700.0,94.05000000000001,83.65,-780.0000000000005,120.0,120.241530305,-1020.2415303050004,0.0,7053.750000000001,2025-12-15/2025-12-21,2025
LOW_DISLOCATION,CONTINUE,10:30:00,2025-12-18,2025-12-19,2025-12-23,25800.0,0.000432692121122664,0.025193595362842977,-0.9754446846488851,BULL,75,25800.0,26000.0,130.65,128.8,-138.74999999999957,120.0,134.4014312375,-393.15143123749954,0.0,9798.75,2025-12-15/2025-12-21,2025
LOW_DISLOCATION,CONTINUE,15:10:00,2025-12-18,2025-12-19,2025-12-23,25800.0,0.000432692121122664,0.025193595362842977,-0.9754446846488851,BULL,75,25800.0,26000.0,130.65,136.25,419.99999999999955,120.0,134.250648935,165.74935106499956,0.0,9798.75,2025-12-15/2025-12-21,2025
LOW_DISLOCATION,FADE,10:30:00,2025-12-18,2025-12-19,2025-12-23,25800.0,0.000432692121122664,0.025193595362842977,-0.9754446846488851,BEAR,75,25800.0,25600.0,21.900000000000002,22.5,44.999999999999844,120.0,100.145430605,-175.14543060500017,0.0,1642.5000000000002,2025-12-15/2025-12-21,2025
LOW_DISLOCATION,FADE,15:10:00,2025-12-18,2025-12-19,2025-12-23,25800.0,0.000432692121122664,0.025193595362842977,-0.9754446846488851,BEAR,75,25800.0,25600.0,21.900000000000002,15.399999999999999,-487.5000000000003,120.0,99.02967299,-706.5296729900002,0.0,1642.5000000000002,2025-12-15/2025-12-21,2025
HIGH_DISLOCATION,CONTINUE,10:30:00,2025-12-22,2025-12-23,2025-12-23,26150.0,0.0026750230754322246,0.12640137720483213,1.2774906376177357,BULL,75,26150.0,26350.0,33.949999999999996,44.349999999999994,779.9999999999999,120.0,100.71105075499999,559.2889492449999,0.0,2546.2499999999995,2025-12-22/2025-12-28,2025
HIGH_DISLOCATION,CONTINUE,15:10:00,2025-12-22,2025-12-23,2025-12-23,26150.0,0.0026750230754322246,0.12640137720483213,1.2774906376177357,BULL,75,26150.0,26350.0,33.949999999999996,26.4,-566.2499999999998,120.0,98.6115322175,-784.8615322174998,0.0,2546.2499999999995,2025-12-22/2025-12-28,2025
HIGH_DISLOCATION,FADE,10:30:00,2025-12-22,2025-12-23,2025-12-23,26150.0,0.0026750230754322246,0.12640137720483213,1.2774906376177357,BEAR,75,26150.0,25950.0,44.25,22.45,-1635.0,120.0,99.13542846500002,-1854.1354284650001,0.0,3318.75,2025-12-22/2025-12-28,2025
HIGH_DISLOCATION,FADE,15:10:00,2025-12-22,2025-12-23,2025-12-23,26150.0,0.0026750230754322246,0.12640137720483213,1.2774906376177357,BEAR,75,26150.0,25950.0,44.25,0.1,-3311.25,120.0,96.50637016249999,-3527.7563701625,0.0,3318.75,2025-12-22/2025-12-28,2025
HIGH_DISLOCATION,CONTINUE,10:30:00,2025-12-23,2025-12-24,2025-12-30,26150.0,-0.0018379405904311744,0.10719024520656709,0.8154348480518195,BEAR,75,26150.0,25950.0,41.75,36.0,-431.25,120.0,105.18142138249999,-656.4314213825,0.0,3131.25,2025-12-22/2025-12-28,2025
HIGH_DISLOCATION,CONTINUE,15:10:00,2025-12-23,2025-12-24,2025-12-30,26150.0,-0.0018379405904311744,0.10719024520656709,0.8154348480518195,BEAR,75,26150.0,25950.0,41.75,54.7,971.2500000000002,120.0,107.54873809249999,743.7012619075002,0.0,3131.25,2025-12-22/2025-12-28,2025
HIGH_DISLOCATION,FADE,10:30:00,2025-12-23,2025-12-24,2025-12-30,26150.0,-0.0018379405904311744,0.10719024520656709,0.8154348480518195,BULL,75,26150.0,26350.0,103.44999999999999,108.25,360.00000000000085,120.0,124.32201183499998,115.67798816500087,0.0,7758.749999999999,2025-12-22/2025-12-28,2025
HIGH_DISLOCATION,FADE,15:10:00,2025-12-23,2025-12-24,2025-12-30,26150.0,-0.0018379405904311744,0.10719024520656709,0.8154348480518195,BULL,75,26150.0,26350.0,103.44999999999999,76.4,-2028.7499999999986,120.0,116.78105525749999,-2265.531055257499,0.0,7758.749999999999,2025-12-22/2025-12-28,2025
LOW_DISLOCATION,CONTINUE,10:30:00,2025-12-26,2025-12-29,2025-12-30,26150.0,0.00046323325325645494,0.03590295863678243,-0.7987252640406486,BULL,75,26150.0,26350.0,22.45,11.65,-809.9999999999999,120.0,97.109469725,-1027.1094697249998,0.0,1683.75,2025-12-29/2026-01-04,2025
LOW_DISLOCATION,CONTINUE,15:10:00,2025-12-26,2025-12-29,2025-12-30,26150.0,0.00046323325325645494,0.03590295863678243,-0.7987252640406486,BULL,75,26150.0,26350.0,22.45,5.05,-1305.0,120.0,96.45807593,-1521.45807593,0.0,1683.75,2025-12-29/2026-01-04,2025
LOW_DISLOCATION,FADE,10:30:00,2025-12-26,2025-12-29,2025-12-30,26150.0,0.00046323325325645494,0.03590295863678243,-0.7987252640406486,BEAR,75,26150.0,25950.0,87.35000000000001,109.80000000000001,1683.7500000000002,120.0,113.75036479250001,1449.9996352075002,0.0,6551.250000000001,2025-12-29/2026-01-04,2025
LOW_DISLOCATION,FADE,15:10:00,2025-12-26,2025-12-29,2025-12-30,26150.0,0.00046323325325645494,0.03590295863678243,-0.7987252640406486,BEAR,75,26150.0,25950.0,87.35000000000001,153.1,4931.249999999999,120.0,122.0598761225,4689.190123877499,0.0,6551.250000000001,2025-12-29/2026-01-04,2025
LOW_DISLOCATION,CONTINUE,10:30:00,2025-12-29,2025-12-30,2025-12-30,26050.0,-0.0004910658622905258,0.027878331204612423,-0.9632088326218642,BEAR,75,26050.0,25850.0,147.25,84.15,-4732.5,120.0,111.938669225,-4964.438669225,0.0,11043.75,2025-12-29/2026-01-04,2025
LOW_DISLOCATION,CONTINUE,15:10:00,2025-12-29,2025-12-30,2025-12-30,26050.0,-0.0004910658622905258,0.027878331204612423,-0.9632088326218642,BEAR,75,26050.0,25850.0,147.25,114.5,-2456.25,120.0,114.48923776250001,-2690.7392377625,0.0,11043.75,2025-12-29/2026-01-04,2025
LOW_DISLOCATION,FADE,10:30:00,2025-12-29,2025-12-30,2025-12-30,26050.0,-0.0004910658622905258,0.027878331204612423,-0.9632088326218642,BULL,75,26050.0,26250.0,2.7,9.9,540.0,120.0,95.93071391000001,324.06928609,0.0,202.5,2025-12-29/2026-01-04,2025
LOW_DISLOCATION,FADE,15:10:00,2025-12-29,2025-12-30,2025-12-30,26050.0,-0.0004910658622905258,0.027878331204612423,-0.9632088326218642,BULL,75,26050.0,26250.0,2.7,0.0,-202.5,120.0,94.74796382,-417.24796382,0.0,202.5,2025-12-29/2026-01-04,2025
HIGH_DISLOCATION,CONTINUE,10:30:00,2025-12-30,2025-12-31,2026-01-06,25900.0,-0.0025605949674386624,0.15567686406115683,1.9774015487211292,BEAR,65,25900.0,25700.0,31.250000000000004,28.4,-185.2500000000003,104.0,101.3641548925,-390.6141548925003,0.0,2031.2500000000002,2025-12-29/2026-01-04,2025
HIGH_DISLOCATION,CONTINUE,15:10:00,2025-12-30,2025-12-31,2026-01-06,25900.0,-0.0025605949674386624,0.15567686406115683,1.9774015487211292,BEAR,65,25900.0,25700.0,31.250000000000004,14.749999999999998,-1072.5000000000005,104.0,99.63179389199999,-1276.1317938920004,0.0,2031.2500000000002,2025-12-29/2026-01-04,2025
HIGH_DISLOCATION,FADE,10:30:00,2025-12-30,2025-12-31,2026-01-06,25900.0,-0.0025605949674386624,0.15567686406115683,1.9774015487211292,BULL,65,25900.0,26100.0,123.69999999999999,124.64999999999999,61.750000000000185,104.0,130.0624727225,-172.31247272249982,0.0,8040.499999999999,2025-12-29/2026-01-04,2025
HIGH_DISLOCATION,FADE,15:10:00,2025-12-30,2025-12-31,2026-01-06,25900.0,-0.0025605949674386624,0.15567686406115683,1.9774015487211292,BULL,65,25900.0,26100.0,123.69999999999999,154.15000000000003,1979.250000000003,104.0,140.4481448375,1734.801855162503,0.0,8040.499999999999,2025-12-29/2026-01-04,2025
LOW_DISLOCATION,CONTINUE,10:30:00,2026-01-01,2026-01-02,2026-01-06,26200.0,0.0004641824943983471,0.03360611494647022,-0.8114357882945803,BULL,65,26200.0,26400.0,72.65,92.80000000000001,1309.7500000000005,104.0,109.69607138149999,1096.0539286185005,0.0,4722.25,2025-12-29/2026-01-04,2026
LOW_DISLOCATION,CONTINUE,15:10:00,2026-01-01,2026-01-02,2026-01-06,26200.0,0.0004641824943983471,0.03360611494647022,-0.8114357882945803,BULL,65,26200.0,26400.0,72.65,118.45,2977.0,104.0,113.48640032,2759.51359968,0.0,4722.25,2025-12-29/2026-01-04,2026
LOW_DISLOCATION,FADE,10:30:00,2026-01-01,2026-01-02,2026-01-06,26200.0,0.0004641824943983471,0.03360611494647022,-0.8114357882945803,BEAR,65,26200.0,26000.0,46.150000000000006,33.15,-845.0000000000005,104.0,101.959534749,-1050.9595347490003,0.0,2999.7500000000005,2025-12-29/2026-01-04,2026
LOW_DISLOCATION,FADE,15:10:00,2026-01-01,2026-01-02,2026-01-06,26200.0,0.0004641824943983471,0.03360611494647022,-0.8114357882945803,BEAR,65,26200.0,26000.0,46.150000000000006,17.75,-1846.0000000000005,104.0,99.987724883,-2049.9877248830003,0.0,2999.7500000000005,2025-12-29/2026-01-04,2026
HIGH_DISLOCATION,CONTINUE,10:30:00,2026-01-02,2026-01-05,2026-01-06,26200.0,0.0022122159443981816,0.17376122508849884,2.375344528191277,BULL,65,26200.0,26400.0,103.75,135.95,2092.999999999999,104.0,117.377669585,1871.6223304149992,0.0,6743.75,2026-01-05/2026-01-11,2026
HIGH_DISLOCATION,CONTINUE,15:10:00,2026-01-02,2026-01-05,2026-01-06,26200.0,0.0022122159443981816,0.17376122508849884,2.375344528191277,BULL,65,26200.0,26400.0,103.75,55.85,-3113.5,104.0,106.025197454,-3323.525197454,0.0,6743.75,2026-01-05/2026-01-11,2026
HIGH_DISLOCATION,FADE,10:30:00,2026-01-02,2026-01-05,2026-01-06,26200.0,0.0022122159443981816,0.17376122508849884,2.375344528191277,BEAR,65,26200.0,26000.0,21.75,11.650000000000002,-656.4999999999999,104.0,97.477185202,-857.9771852019999,0.0,1413.75,2026-01-05/2026-01-11,2026
HIGH_DISLOCATION,FADE,15:10:00,2026-01-02,2026-01-05,2026-01-06,26200.0,0.0022122159443981816,0.17376122508849884,2.375344528191277,BEAR,65,26200.0,26000.0,21.75,33.1,737.7500000000001,104.0,99.61253244849999,534.1374675515001,0.0,1413.75,2026-01-05/2026-01-11,2026
LOW_DISLOCATION,CONTINUE,10:30:00,2026-01-06,2026-01-07,2026-01-13,26200.0,-0.000383823647355929,0.022214729882469513,-1.0947989295317804,BEAR,65,26200.0,26000.0,80.95000000000002,78.0,-191.7500000000011,104.0,114.9554371425,-410.7054371425011,0.0,5261.750000000001,2026-01-05/2026-01-11,2026
LOW_DISLOCATION,CONTINUE,15:10:00,2026-01-06,2026-01-07,2026-01-13,26200.0,-0.000383823647355929,0.022214729882469513,-1.0947989295317804,BEAR,65,26200.0,26000.0,80.95000000000002,78.0,-191.7500000000011,104.0,114.10956120249999,-409.85956120250114,0.0,5261.750000000001,2026-01-05/2026-01-11,2026
LOW_DISLOCATION,FADE,10:30:00,2026-01-06,2026-01-07,2026-01-13,26200.0,-0.000383823647355929,0.022214729882469513,-1.0947989295317804,BULL,65,26200.0,26400.0,58.900000000000006,60.5,103.99999999999963,104.0,107.911951388,-107.91195138800038,0.0,3828.5000000000005,2026-01-05/2026-01-11,2026
LOW_DISLOCATION,FADE,15:10:00,2026-01-06,2026-01-07,2026-01-13,26200.0,-0.000383823647355929,0.022214729882469513,-1.0947989295317804,BULL,65,26200.0,26400.0,58.900000000000006,55.95,-191.75000000000017,104.0,106.8712799445,-402.6212799445002,0.0,3828.5000000000005,2026-01-05/2026-01-11,2026
HIGH_DISLOCATION,CONTINUE,10:30:00,2026-01-12,2026-01-13,2026-01-13,25550.0,-0.005433946388957597,0.19020352272361316,2.586166056255202,BEAR,65,25550.0,25350.0,8.0,2.05,-386.75,104.0,95.3150859575,-586.0650859575001,0.0,520.0,2026-01-12/2026-01-18,2026
HIGH_DISLOCATION,CONTINUE,15:10:00,2026-01-12,2026-01-13,2026-01-13,25550.0,-0.005433946388957597,0.19020352272361316,2.586166056255202,BEAR,65,25550.0,25350.0,8.0,0.0,-520.0,104.0,94.975550027,-718.975550027,0.0,520.0,2026-01-12/2026-01-18,2026
HIGH_DISLOCATION,FADE,10:30:00,2026-01-12,2026-01-13,2026-01-13,25550.0,-0.005433946388957597,0.19020352272361316,2.586166056255202,BULL,65,25550.0,25750.0,149.60000000000002,177.20000000000002,1793.9999999999995,104.0,134.69395077500002,1555.3060492249995,0.0,9724.000000000002,2026-01-12/2026-01-18,2026
HIGH_DISLOCATION,FADE,15:10:00,2026-01-12,2026-01-13,2026-01-13,25550.0,-0.005433946388957597,0.19020352272361316,2.586166056255202,BULL,65,25550.0,25750.0,149.60000000000002,186.15,2375.749999999999,104.0,124.84673514350001,2146.903264856499,0.0,9724.000000000002,2026-01-12/2026-01-18,2026
HIGH_DISLOCATION,CONTINUE,10:30:00,2026-01-13,2026-01-14,2026-01-20,25750.0,-0.004759320174379665,0.21393297412686257,2.910175847521237,BEAR,65,25750.0,25550.0,68.55,84.3,1023.75,104.0,120.4752029785,799.2747970215,0.0,4455.75,2026-01-12/2026-01-18,2026
HIGH_DISLOCATION,CONTINUE,15:10:00,2026-01-13,2026-01-14,2026-01-20,25750.0,-0.004759320174379665,0.21393297412686257,2.910175847521237,BEAR,65,25750.0,25550.0,68.55,90.9,1452.7500000000005,104.0,120.70743586249999,1228.0425641375004,0.0,4455.75,2026-01-12/2026-01-18,2026
HIGH_DISLOCATION,FADE,10:30:00,2026-01-13,2026-01-14,2026-01-20,25750.0,-0.004759320174379665,0.21393297412686257,2.910175847521237,BULL,65,25750.0,25950.0,80.45,62.3,-1179.7500000000005,104.0,114.6273064175,-1398.3773064175004,0.0,5229.25,2026-01-12/2026-01-18,2026
HIGH_DISLOCATION,FADE,15:10:00,2026-01-13,2026-01-14,2026-01-20,25750.0,-0.004759320174379665,0.21393297412686257,2.910175847521237,BULL,65,25750.0,25950.0,80.45,56.25,-1573.0000000000002,104.0,113.47288579299999,-1790.4728857930002,0.0,5229.25,2026-01-12/2026-01-18,2026
HIGH_DISLOCATION,CONTINUE,10:30:00,2026-01-14,2026-01-16,2026-01-20,25750.0,0.0035267213968078483,0.17979645197257602,2.1729517180328166,BULL,65,25750.0,25950.0,70.5,118.19999999999999,3100.499999999999,104.0,122.01109919100001,2874.488900808999,0.0,4582.5,2026-01-12/2026-01-18,2026
HIGH_DISLOCATION,CONTINUE,15:10:00,2026-01-14,2026-01-16,2026-01-20,25750.0,0.0035267213968078483,0.17979645197257602,2.1729517180328166,BULL,65,25750.0,25950.0,70.5,58.599999999999994,-773.5000000000003,104.0,109.25666139100001,-986.7566613910003,0.0,4582.5,2026-01-12/2026-01-18,2026
HIGH_DISLOCATION,FADE,10:30:00,2026-01-14,2026-01-16,2026-01-20,25750.0,0.0035267213968078483,0.17979645197257602,2.1729517180328166,BEAR,65,25750.0,25550.0,71.8,34.949999999999996,-2395.25,104.0,107.4399565855,-2606.6899565855,0.0,4667.0,2026-01-12/2026-01-18,2026
HIGH_DISLOCATION,FADE,15:10:00,2026-01-14,2026-01-16,2026-01-20,25750.0,0.0035267213968078483,0.17979645197257602,2.1729517180328166,BEAR,65,25750.0,25550.0,71.8,80.7,578.5000000000003,104.0,114.504279351,359.99572064900036,0.0,4667.0,2026-01-12/2026-01-18,2026
LOW_DISLOCATION,CONTINUE,10:30:00,2026-01-16,2026-01-19,2026-01-20,25700.0,0.0007507901774859916,0.037832563367507746,-0.791395735119218,BULL,65,25700.0,25900.0,22.7,17.4,-344.50000000000006,104.0,98.51063296799998,-547.010632968,0.0,1475.5,2026-01-19/2026-01-25,2026
LOW_DISLOCATION,CONTINUE,15:10:00,2026-01-16,2026-01-19,2026-01-20,25700.0,0.0007507901774859916,0.037832563367507746,-0.791395735119218,BULL,65,25700.0,25900.0,22.7,19.75,-191.74999999999994,104.0,98.4487723705,-394.1987723704999,0.0,1475.5,2026-01-19/2026-01-25,2026
LOW_DISLOCATION,FADE,10:30:00,2026-01-16,2026-01-19,2026-01-20,25700.0,0.0007507901774859916,0.037832563367507746,-0.791395735119218,BEAR,65,25700.0,25500.0,121.44999999999999,132.5,718.2500000000007,104.0,126.58047546350002,487.66952453650066,0.0,7894.249999999999,2026-01-19/2026-01-25,2026
LOW_DISLOCATION,FADE,15:10:00,2026-01-16,2026-01-19,2026-01-20,25700.0,0.0007507901774859916,0.037832563367507746,-0.791395735119218,BEAR,65,25700.0,25500.0,121.44999999999999,104.20000000000002,-1121.2499999999982,104.0,119.03006592150003,-1344.2800659214981,0.0,7894.249999999999,2026-01-19/2026-01-25,2026
HIGH_DISLOCATION,CONTINUE,10:30:00,2026-01-20,2026-01-21,2026-01-27,25500.0,-0.0035848248928364384,0.17106083443553516,1.8998611346276202,BEAR,65,25500.0,25300.0,116.5,151.34999999999997,2265.2499999999977,104.0,159.20216748849998,2002.0478325114977,0.0,7572.5,2026-01-19/2026-01-25,2026
HIGH_DISLOCATION,CONTINUE,15:10:00,2026-01-20,2026-01-21,2026-01-27,25500.0,-0.0035848248928364384,0.17106083443553516,1.8998611346276202,BEAR,65,25500.0,25300.0,116.5,143.85,1777.7499999999995,104.0,156.1380875605,1517.6119124394995,0.0,7572.5,2026-01-19/2026-01-25,2026
HIGH_DISLOCATION,FADE,10:30:00,2026-01-20,2026-01-21,2026-01-27,25500.0,-0.0035848248928364384,0.17106083443553516,1.8998611346276202,BULL,65,25500.0,25700.0,39.35,19.7,-1277.2500000000002,104.0,102.8344272935,-1484.0844272935003,0.0,2557.75,2026-01-19/2026-01-25,2026
HIGH_DISLOCATION,FADE,15:10:00,2026-01-20,2026-01-21,2026-01-27,25500.0,-0.0035848248928364384,0.17106083443553516,1.8998611346276202,BULL,65,25500.0,25700.0,39.35,25.2,-919.7500000000001,104.0,103.5395082415,-1127.2895082415,0.0,2557.75,2026-01-19/2026-01-25,2026
LOW_DISLOCATION,CONTINUE,10:30:00,2026-01-23,2026-01-27,2026-01-27,25350.0,0.00025060925675603267,0.011847258033132678,-1.3725437849385924,BULL,65,25350.0,25550.0,4.7,8.95,276.24999999999994,104.0,96.0052011885,76.24479881149995,0.0,305.5,2026-01-26/2026-02-01,2026
LOW_DISLOCATION,CONTINUE,15:10:00,2026-01-23,2026-01-27,2026-01-27,25350.0,0.00025060925675603267,0.011847258033132678,-1.3725437849385924,BULL,65,25350.0,25550.0,4.7,0.04999999999999999,-302.25,104.0,94.9693823135,-501.2193823135,0.0,305.5,2026-01-26/2026-02-01,2026
LOW_DISLOCATION,FADE,10:30:00,2026-01-23,2026-01-27,2026-01-27,25350.0,0.00025060925675603267,0.011847258033132678,-1.3725437849385924,BEAR,65,25350.0,25150.0,177.0,143.35000000000002,-2187.2499999999986,104.0,148.7652047185,-2440.015204718499,0.0,11505.0,2026-01-26/2026-02-01,2026
LOW_DISLOCATION,FADE,15:10:00,2026-01-23,2026-01-27,2026-01-27,25350.0,0.00025060925675603267,0.011847258033132678,-1.3725437849385924,BEAR,65,25350.0,25150.0,177.0,189.2,792.9999999999993,104.0,143.803115723,545.1968842769993,0.0,11505.0,2026-01-26/2026-02-01,2026
LOW_DISLOCATION,CONTINUE,10:30:00,2026-01-30,2026-02-01,2026-02-03,25250.0,-0.0007620367163145134,0.021091844176743448,-1.1878884613243796,BEAR,65,25250.0,25050.0,70.7,62.2,-552.5,104.0,124.63794907900001,-781.137949079,0.0,4595.5,2026-01-26/2026-02-01,2026
LOW_DISLOCATION,CONTINUE,15:10:00,2026-01-30,2026-02-01,2026-02-03,25250.0,-0.0007620367163145134,0.021091844176743448,-1.1878884613243796,BEAR,65,25250.0,25050.0,70.7,154.95,5476.249999999999,104.0,156.59658446950002,5215.653415530499,0.0,4595.5,2026-01-26/2026-02-01,2026
LOW_DISLOCATION,FADE,10:30:00,2026-01-30,2026-02-01,2026-02-03,25250.0,-0.0007620367163145134,0.021091844176743448,-1.1878884613243796,BULL,65,25250.0,25450.0,94.19999999999999,103.54999999999998,607.7499999999997,104.0,143.8733817045,359.87661829549967,0.0,6122.999999999999,2026-01-26/2026-02-01,2026
LOW_DISLOCATION,FADE,15:10:00,2026-01-30,2026-02-01,2026-02-03,25250.0,-0.0007620367163145134,0.021091844176743448,-1.1878884613243796,BULL,65,25250.0,25450.0,94.19999999999999,18.5,-4920.499999999999,104.0,118.14508207499999,-5142.645082074999,0.0,6122.999999999999,2026-01-26/2026-02-01,2026
LOW_DISLOCATION,CONTINUE,10:30:00,2026-02-01,2026-02-02,2026-02-03,25300.0,-0.0003711043908754833,0.007390991529433431,-1.4592665359979158,BEAR,65,25300.0,25100.0,161.05,176.25,987.9999999999993,104.0,186.84402059099997,697.1559794089993,0.0,10468.25,2026-02-02/2026-02-08,2026
LOW_DISLOCATION,CONTINUE,15:10:00,2026-02-01,2026-02-02,2026-02-03,25300.0,-0.0003711043908754833,0.007390991529433431,-1.4592665359979158,BEAR,65,25300.0,25100.0,161.05,141.10000000000002,-1296.7499999999993,104.0,161.6737673335,-1562.4237673334992,0.0,10468.25,2026-02-02/2026-02-08,2026
LOW_DISLOCATION,FADE,10:30:00,2026-02-01,2026-02-02,2026-02-03,25300.0,-0.0003711043908754833,0.007390991529433431,-1.4592665359979158,BULL,65,25300.0,25500.0,17.799999999999997,7.25,-685.7499999999998,104.0,97.89499987849999,-887.6449998784998,0.0,1156.9999999999998,2026-02-02/2026-02-08,2026
LOW_DISLOCATION,FADE,15:10:00,2026-02-01,2026-02-02,2026-02-03,25300.0,-0.0003711043908754833,0.007390991529433431,-1.4592665359979158,BULL,65,25300.0,25500.0,17.799999999999997,14.05,-243.74999999999977,104.0,98.4900140515,-446.24001405149977,0.0,1156.9999999999998,2026-02-02/2026-02-08,2026
HIGH_DISLOCATION,CONTINUE,10:30:00,2026-02-03,2026-02-04,2026-02-10,25750.0,-0.018223941457991517,0.5126832646712741,8.410738251841682,BEAR,65,25750.0,25550.0,73.70000000000002,75.14999999999999,94.24999999999834,104.0,125.99386282649998,-135.74386282650164,0.0,4790.500000000001,2026-02-02/2026-02-08,2026
HIGH_DISLOCATION,CONTINUE,15:10:00,2026-02-03,2026-02-04,2026-02-10,25750.0,-0.018223941457991517,0.5126832646712741,8.410738251841682,BEAR,65,25750.0,25550.0,73.70000000000002,66.94999999999999,-438.7500000000018,104.0,122.7264562685,-665.4764562685018,0.0,4790.500000000001,2026-02-02/2026-02-08,2026
HIGH_DISLOCATION,FADE,10:30:00,2026-02-03,2026-02-04,2026-02-10,25750.0,-0.018223941457991517,0.5126832646712741,8.410738251841682,BULL,65,25750.0,25950.0,85.4,83.9,-97.5,104.0,128.12733039,-329.62733039,0.0,5551.0,2026-02-02/2026-02-08,2026
HIGH_DISLOCATION,FADE,15:10:00,2026-02-03,2026-02-04,2026-02-10,25750.0,-0.018223941457991517,0.5126832646712741,8.410738251841682,BULL,65,25750.0,25950.0,85.4,90.94999999999999,360.74999999999886,104.0,129.30723404350002,127.44276595649885,0.0,5551.0,2026-02-02/2026-02-08,2026
LOW_DISLOCATION,CONTINUE,10:30:00,2026-02-10,2026-02-11,2026-02-17,25900.0,0.0001833067377768173,0.009050823035104938,-1.070834058984908,BULL,65,25900.0,26100.0,109.15,105.69999999999999,-224.2500000000011,104.0,126.37108377450001,-454.62108377450113,0.0,7094.75,2026-02-09/2026-02-15,2026
LOW_DISLOCATION,CONTINUE,15:10:00,2026-02-10,2026-02-11,2026-02-17,25900.0,0.0001833067377768173,0.009050823035104938,-1.070834058984908,BULL,65,25900.0,26100.0,109.15,94.9,-926.25,104.0,123.98238560549999,-1154.2323856055,0.0,7094.75,2026-02-09/2026-02-15,2026
LOW_DISLOCATION,FADE,10:30:00,2026-02-10,2026-02-11,2026-02-17,25900.0,0.0001833067377768173,0.009050823035104938,-1.070834058984908,BEAR,65,25900.0,25700.0,43.15,46.5,217.75000000000009,104.0,108.58642216550001,5.1635778345000745,0.0,2804.75,2026-02-09/2026-02-15,2026
LOW_DISLOCATION,FADE,15:10:00,2026-02-10,2026-02-11,2026-02-17,25900.0,0.0001833067377768173,0.009050823035104938,-1.070834058984908,BEAR,65,25900.0,25700.0,43.15,52.25,591.5000000000001,104.0,109.568252073,377.9317479270001,0.0,2804.75,2026-02-09/2026-02-15,2026
LOW_DISLOCATION,CONTINUE,10:30:00,2026-02-13,2026-02-16,2026-02-17,25550.0,0.00027757578600870193,0.014502116048966677,-0.9783805900660747,BULL,65,25550.0,25750.0,44.7,57.8,851.4999999999997,104.0,105.35017492399999,642.1498250759996,0.0,2905.5,2026-02-16/2026-02-22,2026
LOW_DISLOCATION,CONTINUE,15:10:00,2026-02-13,2026-02-16,2026-02-17,25550.0,0.00027757578600870193,0.014502116048966677,-0.9783805900660747,BULL,65,25550.0,25750.0,44.7,126.55000000000001,5320.250000000001,104.0,116.04576074049999,5100.204239259501,0.0,2905.5,2026-02-16/2026-02-22,2026
LOW_DISLOCATION,FADE,10:30:00,2026-02-13,2026-02-16,2026-02-17,25550.0,0.00027757578600870193,0.014502116048966677,-0.9783805900660747,BEAR,65,25550.0,25350.0,78.85,62.8,-1043.2499999999998,104.0,110.2043244645,-1257.4543244644997,0.0,5125.25,2026-02-16/2026-02-22,2026
LOW_DISLOCATION,FADE,15:10:00,2026-02-13,2026-02-16,2026-02-17,25550.0,0.00027757578600870193,0.014502116048966677,-0.9783805900660747,BEAR,65,25550.0,25350.0,78.85,16.9,-4026.7499999999995,104.0,104.41919178650001,-4235.1691917865,0.0,5125.25,2026-02-16/2026-02-22,2026
HIGH_DISLOCATION,CONTINUE,10:30:00,2026-02-27,2026-03-02,2026-03-02,25350.0,-0.004146029764253535,0.1786701653677082,1.1929106472994289,BEAR,65,25350.0,25150.0,185.1,197.75,822.2500000000003,104.0,184.231079864305,534.0189201356953,0.0,12031.5,2026-03-02/2026-03-08,2026
HIGH_DISLOCATION,CONTINUE,15:10:00,2026-02-27,2026-03-02,2026-03-02,25350.0,-0.004146029764253535,0.1786701653677082,1.1929106472994289,BEAR,65,25350.0,25150.0,185.1,198.75,887.2500000000003,104.0,182.85197217174502,600.3980278282553,0.0,12031.5,2026-03-02/2026-03-08,2026
HIGH_DISLOCATION,FADE,10:30:00,2026-02-27,2026-03-02,2026-03-02,25350.0,-0.004146029764253535,0.1786701653677082,1.1929106472994289,BULL,65,25350.0,25550.0,2.5,0.5,-130.0,104.0,94.93890101967,-328.93890101966997,0.0,162.5,2026-03-02/2026-03-08,2026
HIGH_DISLOCATION,FADE,15:10:00,2026-02-27,2026-03-02,2026-03-02,25350.0,-0.004146029764253535,0.1786701653677082,1.1929106472994289,BULL,65,25350.0,25550.0,2.5,0.04999999999999999,-159.25,104.0,94.75750615309501,-358.007506153095,0.0,162.5,2026-03-02/2026-03-08,2026
HIGH_DISLOCATION,CONTINUE,10:30:00,2026-03-02,2026-03-04,2026-03-10,24950.0,0.006714286869928893,0.18948671079825088,1.3169436168251316,BULL,65,24950.0,25150.0,36.5,41.6,331.5000000000001,104.0,112.52202307682,114.97797692318011,0.0,2372.5,2026-03-02/2026-03-08,2026
HIGH_DISLOCATION,CONTINUE,15:10:00,2026-03-02,2026-03-04,2026-03-10,24950.0,0.006714286869928893,0.18948671079825088,1.3169436168251316,BULL,65,24950.0,25150.0,36.5,45.35,575.2500000000001,104.0,113.75597932287499,357.49402067712515,0.0,2372.5,2026-03-02/2026-03-08,2026
HIGH_DISLOCATION,FADE,10:30:00,2026-03-02,2026-03-04,2026-03-10,24950.0,0.006714286869928893,0.18948671079825088,1.3169436168251316,BEAR,65,24950.0,24750.0,142.75,133.3,-614.2499999999993,104.0,230.827054445045,-949.0770544450443,0.0,9278.75,2026-03-02/2026-03-08,2026
HIGH_DISLOCATION,FADE,15:10:00,2026-03-02,2026-03-04,2026-03-10,24950.0,0.006714286869928893,0.18948671079825088,1.3169436168251316,BEAR,65,24950.0,24750.0,142.75,128.85000000000002,-903.4999999999985,104.0,228.08135393313998,-1235.5813539331384,0.0,9278.75,2026-03-02/2026-03-08,2026
LOW_DISLOCATION,CONTINUE,10:30:00,2026-03-06,2026-03-09,2026-03-10,24650.0,0.0010058240456838497,0.025350280033500865,-0.9048861634799,BULL,65,24650.0,24850.0,7.5,5.0,-162.5,104.0,97.55591419155999,-364.05591419155996,0.0,487.5,2026-03-09/2026-03-15,2026
LOW_DISLOCATION,CONTINUE,15:10:00,2026-03-06,2026-03-09,2026-03-10,24650.0,0.0010058240456838497,0.025350280033500865,-0.9048861634799,BULL,65,24650.0,24850.0,7.5,11.749999999999998,276.2499999999999,104.0,98.46490381784501,73.78509618215487,0.0,487.5,2026-03-09/2026-03-15,2026
LOW_DISLOCATION,FADE,10:30:00,2026-03-06,2026-03-09,2026-03-10,24650.0,0.0010058240456838497,0.025350280033500865,-0.9048861634799,BEAR,65,24650.0,24450.0,188.60000000000002,190.70000000000005,136.50000000000148,104.0,284.84689317563,-252.3468931756285,0.0,12259.000000000002,2026-03-09/2026-03-15,2026
LOW_DISLOCATION,FADE,15:10:00,2026-03-06,2026-03-09,2026-03-10,24650.0,0.0010058240456838497,0.025350280033500865,-0.9048861634799,BEAR,65,24650.0,24450.0,188.60000000000002,171.90000000000003,-1085.4999999999993,104.0,253.97426279222998,-1443.4742627922292,0.0,12259.000000000002,2026-03-09/2026-03-15,2026
LOW_DISLOCATION,CONTINUE,10:30:00,2026-03-11,2026-03-12,2026-03-17,24250.0,-0.0010448136439885991,0.027106723331214527,-0.8742266391133926,BEAR,65,24250.0,24050.0,154.5,151.55,-191.74999999999926,104.0,237.319010928265,-533.0690109282642,0.0,10042.5,2026-03-09/2026-03-15,2026
LOW_DISLOCATION,CONTINUE,15:10:00,2026-03-11,2026-03-12,2026-03-17,24250.0,-0.0010448136439885991,0.027106723331214527,-0.8742266391133926,BEAR,65,24250.0,24050.0,154.5,151.59999999999997,-188.50000000000222,104.0,231.85134533793,-524.3513453379322,0.0,10042.5,2026-03-09/2026-03-15,2026
LOW_DISLOCATION,FADE,10:30:00,2026-03-11,2026-03-12,2026-03-17,24250.0,-0.0010448136439885991,0.027106723331214527,-0.8742266391133926,BULL,65,24250.0,24450.0,25.25,29.000000000000007,243.75000000000045,104.0,107.07102561978499,32.678974380215465,0.0,1641.25,2026-03-09/2026-03-15,2026
LOW_DISLOCATION,FADE,15:10:00,2026-03-11,2026-03-12,2026-03-17,24250.0,-0.0010448136439885991,0.027106723331214527,-0.8742266391133926,BULL,65,24250.0,24450.0,25.25,25.9,42.24999999999991,104.0,105.623468560525,-167.37346856052508,0.0,1641.25,2026-03-09/2026-03-15,2026
LOW_DISLOCATION,CONTINUE,10:30:00,2026-03-13,2026-03-16,2026-03-17,23450.0,-0.00013419788009942646,0.0029865747385746503,-1.1860134268970508,BEAR,65,23450.0,23250.0,123.30000000000001,147.3,1560.0,104.0,170.30927275880003,1285.6907272412,0.0,8014.500000000001,2026-03-16/2026-03-22,2026
LOW_DISLOCATION,CONTINUE,15:10:00,2026-03-13,2026-03-16,2026-03-17,23450.0,-0.00013419788009942646,0.0029865747385746503,-1.1860134268970508,BEAR,65,23450.0,23250.0,123.30000000000001,78.75,-2895.750000000001,104.0,140.74730198715503,-3140.497301987156,0.0,8014.500000000001,2026-03-16/2026-03-22,2026
LOW_DISLOCATION,FADE,10:30:00,2026-03-13,2026-03-16,2026-03-17,23450.0,-0.00013419788009942646,0.0029865747385746503,-1.1860134268970508,BULL,65,23450.0,23650.0,40.800000000000004,26.400000000000002,-936.0000000000001,104.0,104.67779302745001,-1144.67779302745,0.0,2652.0000000000005,2026-03-16/2026-03-22,2026
LOW_DISLOCATION,FADE,15:10:00,2026-03-13,2026-03-16,2026-03-17,23450.0,-0.00013419788009942646,0.0029865747385746503,-1.1860134268970508,BULL,65,23450.0,23650.0,40.800000000000004,79.55000000000001,2518.7500000000005,104.0,114.564809929615,2300.1851900703855,0.0,2652.0000000000005,2026-03-16/2026-03-22,2026
LOW_DISLOCATION,CONTINUE,10:30:00,2026-03-16,2026-03-17,2026-03-17,23200.0,0.0013880690921119424,0.02194772560799874,-0.9061430755227029,BULL,65,23200.0,23400.0,122.35,168.49999999999997,2999.7499999999986,104.0,135.53804369824502,2760.2119563017536,0.0,7952.75,2026-03-16/2026-03-22,2026
LOW_DISLOCATION,CONTINUE,15:10:00,2026-03-16,2026-03-17,2026-03-17,23200.0,0.0013880690921119424,0.02194772560799874,-0.9061430755227029,BULL,65,23200.0,23400.0,122.35,199.85,5037.5,104.0,146.24573330625,4787.25426669375,0.0,7952.75,2026-03-16/2026-03-22,2026
LOW_DISLOCATION,FADE,10:30:00,2026-03-16,2026-03-17,2026-03-17,23200.0,0.0013880690921119424,0.02194772560799874,-0.9061430755227029,BEAR,65,23200.0,23000.0,22.5,5.300000000000001,-1118.0,104.0,96.70943695176999,-1318.70943695177,0.0,1462.5,2026-03-16/2026-03-22,2026
LOW_DISLOCATION,FADE,15:10:00,2026-03-16,2026-03-17,2026-03-17,23200.0,0.0013880690921119424,0.02194772560799874,-0.9061430755227029,BEAR,65,23200.0,23000.0,22.5,0.04999999999999999,-1459.25,104.0,95.890297018795,-1659.140297018795,0.0,1462.5,2026-03-16/2026-03-22,2026
LOW_DISLOCATION,CONTINUE,10:30:00,2026-03-24,2026-03-25,2026-03-30,22850.0,-0.0006191462782306776,0.010927301070687682,-1.0672445654540403,BEAR,65,22850.0,22650.0,46.69999999999999,39.19999999999999,-487.5,104.0,126.29193813571999,-717.79193813572,0.0,3035.499999999999,2026-03-23/2026-03-29,2026
LOW_DISLOCATION,CONTINUE,15:10:00,2026-03-24,2026-03-25,2026-03-30,22850.0,-0.0006191462782306776,0.010927301070687682,-1.0672445654540403,BEAR,65,22850.0,22650.0,46.69999999999999,37.900000000000006,-571.9999999999989,104.0,124.63967260327001,-800.6396726032689,0.0,3035.499999999999,2026-03-23/2026-03-29,2026
LOW_DISLOCATION,FADE,10:30:00,2026-03-24,2026-03-25,2026-03-30,22850.0,-0.0006191462782306776,0.010927301070687682,-1.0672445654540403,BULL,65,22850.0,23050.0,138.14999999999998,144.49999999999994,412.7499999999978,104.0,215.929796093485,92.82020390651277,0.0,8979.749999999998,2026-03-23/2026-03-29,2026
LOW_DISLOCATION,FADE,15:10:00,2026-03-24,2026-03-25,2026-03-30,22850.0,-0.0006191462782306776,0.010927301070687682,-1.0672445654540403,BULL,65,22850.0,23050.0,138.14999999999998,148.15000000000003,650.0000000000036,104.0,214.26029038112998,331.7397096188737,0.0,8979.749999999998,2026-03-23/2026-03-29,2026
LOW_DISLOCATION,CONTINUE,10:30:00,2026-03-30,2026-04-01,2026-04-07,22600.0,0.0002679991317713756,0.004045381087444168,-1.1634245287344558,BULL,65,22600.0,22800.0,129.40000000000003,120.0,-611.0000000000023,104.0,222.7067007443,-937.7067007443022,0.0,8411.000000000002,2026-03-30/2026-04-05,2026
LOW_DISLOCATION,CONTINUE,15:10:00,2026-03-30,2026-04-01,2026-04-07,22600.0,0.0002679991317713756,0.004045381087444168,-1.1634245287344558,BULL,65,22600.0,22800.0,129.40000000000003,108.60000000000002,-1352.0000000000007,104.0,212.6074772151,-1668.6074772151007,0.0,8411.000000000002,2026-03-30/2026-04-05,2026
LOW_DISLOCATION,FADE,10:30:00,2026-03-30,2026-04-01,2026-04-07,22600.0,0.0002679991317713756,0.004045381087444168,-1.1634245287344558,BEAR,65,22600.0,22400.0,51.60000000000002,60.60000000000002,585.0,104.0,148.76716831000002,332.23283169,0.0,3354.0000000000014,2026-03-30/2026-04-05,2026
LOW_DISLOCATION,FADE,15:10:00,2026-03-30,2026-04-01,2026-04-07,22600.0,0.0002679991317713756,0.004045381087444168,-1.1634245287344558,BEAR,65,22600.0,22400.0,51.60000000000002,71.75,1309.7499999999986,104.0,152.979146675075,1052.7708533249236,0.0,3354.0000000000014,2026-03-30/2026-04-05,2026
LOW_DISLOCATION,CONTINUE,10:30:00,2026-04-13,2026-04-15,2026-04-21,23600.0,-0.0006075604226248958,0.013816467392765869,-1.0030825263139742,BEAR,65,23600.0,23400.0,22.85,18.25,-299.0000000000001,104.0,108.61999218042,-511.6199921804201,0.0,1485.25,2026-04-13/2026-04-19,2026
LOW_DISLOCATION,CONTINUE,15:10:00,2026-04-13,2026-04-15,2026-04-21,23600.0,-0.0006075604226248958,0.013816467392765869,-1.0030825263139742,BEAR,65,23600.0,23400.0,22.85,20.450000000000003,-155.99999999999991,104.0,109.17971066689,-369.1797106668899,0.0,1485.25,2026-04-13/2026-04-19,2026
LOW_DISLOCATION,FADE,10:30:00,2026-04-13,2026-04-15,2026-04-21,23600.0,-0.0006075604226248958,0.013816467392765869,-1.0030825263139742,BULL,65,23600.0,23800.0,165.59999999999997,171.89999999999998,409.50000000000074,104.0,284.80647297776,20.693527022240744,0.0,10763.999999999998,2026-04-13/2026-04-19,2026
LOW_DISLOCATION,FADE,15:10:00,2026-04-13,2026-04-15,2026-04-21,23600.0,-0.0006075604226248958,0.013816467392765869,-1.0030825263139742,BULL,65,23600.0,23800.0,165.59999999999997,165.0,-38.99999999999778,104.0,276.40936242124997,-419.40936242124775,0.0,10763.999999999998,2026-04-13/2026-04-19,2026
LOW_DISLOCATION,CONTINUE,10:30:00,2026-04-16,2026-04-17,2026-04-21,24400.0,0.00022969411716444846,0.007277095805648643,-1.0388343636906496,BULL,65,24400.0,24600.0,50.550000000000004,65.44999999999999,968.499999999999,104.0,117.61906773692999,746.880932263069,0.0,3285.7500000000005,2026-04-13/2026-04-19,2026
LOW_DISLOCATION,CONTINUE,15:10:00,2026-04-16,2026-04-17,2026-04-21,24400.0,0.00022969411716444846,0.007277095805648643,-1.0388343636906496,BULL,65,24400.0,24600.0,50.550000000000004,76.55,1689.9999999999995,104.0,120.47637486258999,1465.5236251374095,0.0,3285.7500000000005,2026-04-13/2026-04-19,2026
LOW_DISLOCATION,FADE,10:30:00,2026-04-16,2026-04-17,2026-04-21,24400.0,0.00022969411716444846,0.007277095805648643,-1.0388343636906496,BEAR,65,24400.0,24200.0,113.90000000000003,95.55000000000001,-1192.7500000000014,104.0,157.51980861231502,-1454.2698086123164,0.0,7403.500000000002,2026-04-13/2026-04-19,2026
LOW_DISLOCATION,FADE,15:10:00,2026-04-16,2026-04-17,2026-04-21,24400.0,0.00022969411716444846,0.007277095805648643,-1.0388343636906496,BEAR,65,24400.0,24200.0,113.90000000000003,82.2,-2060.500000000002,104.0,150.01272552862,-2314.512725528622,0.0,7403.500000000002,2026-04-13/2026-04-19,2026
LOW_DISLOCATION,CONTINUE,10:30:00,2026-04-20,2026-04-21,2026-04-21,24400.0,-0.00034848205317426155,0.007408865456000808,-1.0154018786311099,BEAR,65,24400.0,24200.0,38.35,15.950000000000001,-1456.0,104.0,99.40162690404,-1659.40162690404,0.0,2492.75,2026-04-20/2026-04-26,2026
LOW_DISLOCATION,CONTINUE,15:10:00,2026-04-20,2026-04-21,2026-04-21,24400.0,-0.00034848205317426155,0.007408865456000808,-1.0154018786311099,BEAR,65,24400.0,24200.0,38.35,0.0,-2492.75,104.0,96.863540931475,-2693.613540931475,0.0,2492.75,2026-04-20/2026-04-26,2026
LOW_DISLOCATION,FADE,10:30:00,2026-04-20,2026-04-21,2026-04-21,24400.0,-0.00034848205317426155,0.007408865456000808,-1.0154018786311099,BULL,65,24400.0,24600.0,75.65,104.85,1897.9999999999993,104.0,114.25696073868,1679.7430392613194,0.0,4917.25,2026-04-20/2026-04-26,2026
LOW_DISLOCATION,FADE,15:10:00,2026-04-20,2026-04-21,2026-04-21,24400.0,-0.00034848205317426155,0.007408865456000808,-1.0154018786311099,BULL,65,24400.0,24600.0,75.65,172.85,6317.999999999999,104.0,120.23334165749999,6093.766658342499,0.0,4917.25,2026-04-20/2026-04-26,2026
LOW_DISLOCATION,CONTINUE,10:30:00,2026-04-29,2026-04-30,2026-05-05,24100.0,0.0003547276272662852,0.01197120275124489,-0.889776209319375,BULL,65,24100.0,24300.0,46.1,41.900000000000006,-272.9999999999997,104.0,114.80335284442,-491.8033528444197,0.0,2996.5,2026-04-27/2026-05-03,2026
LOW_DISLOCATION,CONTINUE,15:10:00,2026-04-29,2026-04-30,2026-05-05,24100.0,0.0003547276272662852,0.01197120275124489,-0.889776209319375,BULL,65,24100.0,24300.0,46.1,68.85,1478.7499999999995,104.0,123.22215658133501,1251.5278434186646,0.0,2996.5,2026-04-27/2026-05-03,2026
LOW_DISLOCATION,FADE,10:30:00,2026-04-29,2026-04-30,2026-05-05,24100.0,0.0003547276272662852,0.01197120275124489,-0.889776209319375,BEAR,65,24100.0,23900.0,120.40000000000003,127.79999999999998,480.9999999999967,104.0,179.99741636979002,197.0025836302067,0.0,7826.000000000002,2026-04-27/2026-05-03,2026
LOW_DISLOCATION,FADE,15:10:00,2026-04-29,2026-04-30,2026-05-05,24100.0,0.0003547276272662852,0.01197120275124489,-0.889776209319375,BEAR,65,24100.0,23900.0,120.40000000000003,93.75,-1732.2500000000023,104.0,160.57525648415498,-1996.8252564841573,0.0,7826.000000000002,2026-04-27/2026-05-03,2026
HIGH_DISLOCATION,CONTINUE,10:30:00,2026-04-30,2026-05-04,2026-05-05,23850.0,-0.0053633095473158456,0.16932916284543215,1.2960433623781171,BEAR,65,23850.0,23650.0,11.299999999999999,10.549999999999999,-48.75,104.0,98.667586244805,-251.417586244805,0.0,734.4999999999999,2026-05-04/2026-05-10,2026
HIGH_DISLOCATION,CONTINUE,15:10:00,2026-04-30,2026-05-04,2026-05-05,23850.0,-0.0053633095473158456,0.16932916284543215,1.2960433623781171,BEAR,65,23850.0,23650.0,11.299999999999999,12.700000000000001,91.00000000000014,104.0,98.59693294488,-111.59693294487985,0.0,734.4999999999999,2026-05-04/2026-05-10,2026
HIGH_DISLOCATION,FADE,10:30:00,2026-04-30,2026-05-04,2026-05-05,23850.0,-0.0053633095473158456,0.16932916284543215,1.2960433623781171,BULL,65,23850.0,24050.0,171.64999999999998,172.39999999999998,48.75,104.0,200.64201753405501,-255.89201753405501,0.0,11157.249999999998,2026-05-04/2026-05-10,2026
HIGH_DISLOCATION,FADE,15:10:00,2026-04-30,2026-05-04,2026-05-05,23850.0,-0.0053633095473158456,0.16932916284543215,1.2960433623781171,BULL,65,23850.0,24050.0,171.64999999999998,151.34999999999997,-1319.5000000000007,104.0,185.33914490024,-1608.8391449002406,0.0,11157.249999999998,2026-05-04/2026-05-10,2026
LOW_DISLOCATION,CONTINUE,10:30:00,2026-05-06,2026-05-07,2026-05-12,24200.0,-0.0003308574169961455,0.010885153481190998,-0.9425446465994519,BEAR,65,24200.0,24000.0,57.199999999999996,50.65,-425.74999999999983,104.0,120.512445815235,-650.2624458152347,0.0,3717.9999999999995,2026-05-04/2026-05-10,2026
LOW_DISLOCATION,CONTINUE,15:10:00,2026-05-06,2026-05-07,2026-05-12,24200.0,-0.0003308574169961455,0.010885153481190998,-0.9425446465994519,BEAR,65,24200.0,24000.0,57.199999999999996,59.0,117.00000000000028,104.0,121.56246604162001,-108.56246604161973,0.0,3717.9999999999995,2026-05-04/2026-05-10,2026
LOW_DISLOCATION,FADE,10:30:00,2026-05-06,2026-05-07,2026-05-12,24200.0,-0.0003308574169961455,0.010885153481190998,-0.9425446465994519,BULL,65,24200.0,24400.0,108.20000000000002,116.80000000000001,558.9999999999997,104.0,162.91812952387,292.08187047612967,0.0,7033.000000000001,2026-05-04/2026-05-10,2026
LOW_DISLOCATION,FADE,15:10:00,2026-05-06,2026-05-07,2026-05-12,24200.0,-0.0003308574169961455,0.010885153481190998,-0.9425446465994519,BULL,65,24200.0,24400.0,108.20000000000002,102.6,-364.0000000000015,104.0,156.69189892626997,-624.6918989262715,0.0,7033.000000000001,2026-05-04/2026-05-10,2026
LOW_DISLOCATION,CONTINUE,10:30:00,2026-05-08,2026-05-11,2026-05-12,24250.0,0.00028674929447298895,0.009049008179682166,-1.3471444391861809,BULL,65,24250.0,24450.0,19.35,12.25,-461.5000000000001,104.0,99.32352650439,-664.8235265043901,0.0,1257.75,2026-05-11/2026-05-17,2026
LOW_DISLOCATION,CONTINUE,15:10:00,2026-05-08,2026-05-11,2026-05-12,24250.0,0.00028674929447298895,0.009049008179682166,-1.3471444391861809,BULL,65,24250.0,24450.0,19.35,5.25,-916.5000000000001,104.0,98.01052671148,-1118.51052671148,0.0,1257.75,2026-05-11/2026-05-17,2026
LOW_DISLOCATION,FADE,10:30:00,2026-05-08,2026-05-11,2026-05-12,24250.0,0.00028674929447298895,0.009049008179682166,-1.3471444391861809,BEAR,65,24250.0,24050.0,148.04999999999998,163.55,1007.5000000000018,104.0,180.76965953629,722.7303404637119,0.0,9623.249999999998,2026-05-11/2026-05-17,2026
LOW_DISLOCATION,FADE,15:10:00,2026-05-08,2026-05-11,2026-05-12,24250.0,0.00028674929447298895,0.009049008179682166,-1.3471444391861809,BEAR,65,24250.0,24050.0,148.04999999999998,178.10000000000002,1953.2500000000025,104.0,183.857285575255,1665.3927144247475,0.0,9623.249999999998,2026-05-11/2026-05-17,2026
LOW_DISLOCATION,CONTINUE,10:30:00,2026-05-11,2026-05-12,2026-05-12,23950.0,-0.0009405317028002933,0.021620359650856243,-1.0258507417562073,BEAR,65,23950.0,23750.0,176.5,187.45,711.7499999999993,104.0,165.846692795985,441.9033072040143,0.0,11472.5,2026-05-11/2026-05-17,2026
LOW_DISLOCATION,CONTINUE,15:10:00,2026-05-11,2026-05-12,2026-05-12,23950.0,-0.0009405317028002933,0.021620359650856243,-1.0258507417562073,BEAR,65,23950.0,23750.0,176.5,200.75,1576.25,104.0,203.344319266705,1268.905680733295,0.0,11472.5,2026-05-11/2026-05-17,2026
LOW_DISLOCATION,FADE,10:30:00,2026-05-11,2026-05-12,2026-05-12,23950.0,-0.0009405317028002933,0.021620359650856243,-1.0258507417562073,BULL,65,23950.0,24150.0,3.45,1.4000000000000004,-133.25,104.0,95.330720579555,-332.580720579555,0.0,224.25,2026-05-11/2026-05-17,2026
LOW_DISLOCATION,FADE,15:10:00,2026-05-11,2026-05-12,2026-05-12,23950.0,-0.0009405317028002933,0.021620359650856243,-1.0258507417562073,BULL,65,23950.0,24150.0,3.45,0.0,-224.25,104.0,94.85545397306501,-423.105453973065,0.0,224.25,2026-05-11/2026-05-17,2026
LOW_DISLOCATION,CONTINUE,10:30:00,2026-05-13,2026-05-14,2026-05-19,23400.0,5.3496991329207644e-05,0.0014272114040607493,-1.4376443627282636,BULL,65,23400.0,23600.0,119.30000000000001,107.19999999999999,-786.5000000000015,104.0,164.78015295596998,-1055.2801529559715,0.0,7754.500000000001,2026-05-11/2026-05-17,2026
LOW_DISLOCATION,CONTINUE,15:10:00,2026-05-13,2026-05-14,2026-05-19,23400.0,5.3496991329207644e-05,0.0014272114040607493,-1.4376443627282636,BULL,65,23400.0,23600.0,119.30000000000001,139.20000000000002,1293.5000000000005,104.0,179.30781654368,1010.1921834563204,0.0,7754.500000000001,2026-05-11/2026-05-17,2026
LOW_DISLOCATION,FADE,10:30:00,2026-05-13,2026-05-14,2026-05-19,23400.0,5.3496991329207644e-05,0.0014272114040607493,-1.4376443627282636,BEAR,65,23400.0,23200.0,51.55000000000001,60.150000000000006,558.9999999999997,104.0,125.87098303323,329.12901696676965,0.0,3350.750000000001,2026-05-11/2026-05-17,2026
LOW_DISLOCATION,FADE,15:10:00,2026-05-13,2026-05-14,2026-05-19,23400.0,5.3496991329207644e-05,0.0014272114040607493,-1.4376443627282636,BEAR,65,23400.0,23200.0,51.55000000000001,35.699999999999996,-1030.250000000001,104.0,117.348162709745,-1251.5981627097458,0.0,3350.750000000001,2026-05-11/2026-05-17,2026
LOW_DISLOCATION,CONTINUE,10:30:00,2026-05-20,2026-05-21,2026-05-26,23500.0,0.0007417022065641266,0.020437630773936406,-1.0584035555270859,BULL,65,23500.0,23700.0,133.85,135.15000000000003,84.50000000000259,104.0,182.00987755546004,-201.50987755545745,0.0,8700.25,2026-05-18/2026-05-24,2026
LOW_DISLOCATION,CONTINUE,15:10:00,2026-05-20,2026-05-21,2026-05-26,23500.0,0.0007417022065641266,0.020437630773936406,-1.0584035555270859,BULL,65,23500.0,23700.0,133.85,106.4,-1784.2499999999993,104.0,167.333122841215,-2055.5831228412144,0.0,8700.25,2026-05-18/2026-05-24,2026
LOW_DISLOCATION,FADE,10:30:00,2026-05-20,2026-05-21,2026-05-26,23500.0,0.0007417022065641266,0.020437630773936406,-1.0584035555270859,BEAR,65,23500.0,23300.0,39.95,36.9,-198.25000000000028,104.0,113.868161331515,-416.1181613315153,0.0,2596.75,2026-05-18/2026-05-24,2026
LOW_DISLOCATION,FADE,15:10:00,2026-05-20,2026-05-21,2026-05-26,23500.0,0.0007417022065641266,0.020437630773936406,-1.0584035555270859,BEAR,65,23500.0,23300.0,39.95,57.85000000000001,1163.5000000000005,104.0,118.94130567642,940.5586943235804,0.0,2596.75,2026-05-18/2026-05-24,2026
LOW_DISLOCATION,CONTINUE,10:30:00,2026-06-23,2026-06-24,2026-07-07,24100.0,0.0006147672918877415,0.028022239309444648,-0.7565643314162614,BULL,65,24100.0,24300.0,64.55,74.1,620.7499999999998,104.0,134.534762242835,382.2152377571648,0.0,4195.75,2026-06-22/2026-06-28,2026
LOW_DISLOCATION,CONTINUE,15:10:00,2026-06-23,2026-06-24,2026-07-07,24100.0,0.0006147672918877415,0.028022239309444648,-0.7565643314162614,BULL,65,24100.0,24300.0,64.55,85.5,1361.7500000000002,104.0,138.061353501545,1119.6886464984552,0.0,4195.75,2026-06-22/2026-06-28,2026
LOW_DISLOCATION,FADE,10:30:00,2026-06-23,2026-06-24,2026-07-07,24100.0,0.0006147672918877415,0.028022239309444648,-0.7565643314162614,BEAR,65,24100.0,23900.0,108.30000000000001,96.75000000000003,-750.7499999999989,104.0,174.310933198525,-1029.0609331985238,0.0,7039.500000000001,2026-06-22/2026-06-28,2026
LOW_DISLOCATION,FADE,15:10:00,2026-06-23,2026-06-24,2026-07-07,24100.0,0.0006147672918877415,0.028022239309444648,-0.7565643314162614,BEAR,65,24100.0,23900.0,108.30000000000001,85.65,-1472.2500000000005,104.0,167.053892161435,-1743.3038921614354,0.0,7039.500000000001,2026-06-22/2026-06-28,2026
HIGH_DISLOCATION,CONTINUE,10:30:00,2026-06-24,2026-06-25,2026-07-07,23900.0,0.003407806439955887,0.13520092478843174,1.8445561194423306,BULL,65,23900.0,24100.0,128.79999999999998,135.3,422.5000000000018,104.0,189.69393491891,128.80606508109182,0.0,8371.999999999998,2026-06-22/2026-06-28,2026
HIGH_DISLOCATION,CONTINUE,15:10:00,2026-06-24,2026-06-25,2026-07-07,23900.0,0.003407806439955887,0.13520092478843174,1.8445561194423306,BULL,65,23900.0,24100.0,128.79999999999998,122.25,-425.74999999999886,104.0,180.637005729225,-710.3870057292238,0.0,8371.999999999998,2026-06-22/2026-06-28,2026
HIGH_DISLOCATION,FADE,10:30:00,2026-06-24,2026-06-25,2026-07-07,23900.0,0.003407806439955887,0.13520092478843174,1.8445561194423306,BEAR,65,23900.0,23700.0,44.1,38.349999999999994,-373.75000000000045,104.0,117.33755015662499,-595.0875501566254,0.0,2866.5,2026-06-22/2026-06-28,2026
HIGH_DISLOCATION,FADE,15:10:00,2026-06-24,2026-06-25,2026-07-07,23900.0,0.003407806439955887,0.13520092478843174,1.8445561194423306,BEAR,65,23900.0,23700.0,44.1,48.199999999999996,266.49999999999966,104.0,119.66896707581999,42.83103292417967,0.0,2866.5,2026-06-22/2026-06-28,2026
LOW_DISLOCATION,CONTINUE,10:30:00,2026-06-29,2026-06-30,2026-07-07,24050.0,0.00015377518068586756,0.005980269253346764,-1.2676291071687908,BULL,65,24050.0,24250.0,63.25,61.45,-116.99999999999982,104.0,124.68064483352998,-345.6806448335298,0.0,4111.25,2026-06-29/2026-07-05,2026
LOW_DISLOCATION,CONTINUE,15:10:00,2026-06-29,2026-06-30,2026-07-07,24050.0,0.00015377518068586756,0.005980269253346764,-1.2676291071687908,BULL,65,24050.0,24250.0,63.25,62.95,-19.499999999999815,104.0,123.11107559423999,-246.61107559423982,0.0,4111.25,2026-06-29/2026-07-05,2026
LOW_DISLOCATION,FADE,10:30:00,2026-06-29,2026-06-30,2026-07-07,24050.0,0.00015377518068586756,0.005980269253346764,-1.2676291071687908,BEAR,65,24050.0,23850.0,105.39999999999998,102.85,-165.7499999999989,104.0,156.294388086505,-426.0443880865039,0.0,6850.999999999998,2026-06-29/2026-07-05,2026
LOW_DISLOCATION,FADE,15:10:00,2026-06-29,2026-06-30,2026-07-07,24050.0,0.00015377518068586756,0.005980269253346764,-1.2676291071687908,BEAR,65,24050.0,23850.0,105.39999999999998,100.79999999999998,-298.99999999999966,104.0,151.47694492188,-554.4769449218796,0.0,6850.999999999998,2026-06-29/2026-07-05,2026
HIGH_DISLOCATION,CONTINUE,10:30:00,2026-06-30,2026-07-01,2026-07-07,23900.0,-0.005605119925431394,0.20492069424916157,3.454987283915255,BEAR,65,23900.0,23700.0,67.05000000000001,53.7,-867.7500000000006,104.0,120.96581246156501,-1092.7158124615655,0.0,4358.250000000001,2026-06-29/2026-07-05,2026
HIGH_DISLOCATION,CONTINUE,15:10:00,2026-06-30,2026-07-01,2026-07-07,23900.0,-0.005605119925431394,0.20492069424916157,3.454987283915255,BEAR,65,23900.0,23700.0,67.05000000000001,52.349999999999994,-955.5000000000011,104.0,119.59526560212998,-1179.0952656021311,0.0,4358.250000000001,2026-06-29/2026-07-05,2026
HIGH_DISLOCATION,FADE,10:30:00,2026-06-30,2026-07-01,2026-07-07,23900.0,-0.005605119925431394,0.20492069424916157,3.454987283915255,BULL,65,23900.0,24100.0,96.55000000000001,112.6,1043.2499999999989,104.0,148.136965237085,791.1130347629139,0.0,6275.750000000001,2026-06-29/2026-07-05,2026
HIGH_DISLOCATION,FADE,15:10:00,2026-06-30,2026-07-01,2026-07-07,23900.0,-0.005605119925431394,0.20492069424916157,3.454987283915255,BULL,65,23900.0,24100.0,96.55000000000001,108.64999999999999,786.4999999999987,104.0,144.33831469198,538.1616853080187,0.0,6275.750000000001,2026-06-29/2026-07-05,2026
LOW_DISLOCATION,CONTINUE,10:30:00,2026-07-01,2026-07-02,2026-07-07,23950.0,0.0006022949948868273,0.02328331523377917,-0.8312686206462809,BULL,65,23950.0,24150.0,125.75,118.30000000000001,-484.24999999999926,104.0,148.13922848326501,-736.3892284832643,0.0,8173.75,2026-06-29/2026-07-05,2026
LOW_DISLOCATION,CONTINUE,15:10:00,2026-07-01,2026-07-02,2026-07-07,23950.0,0.0006022949948868273,0.02328331523377917,-0.8312686206462809,BULL,65,23950.0,24150.0,125.75,142.85,1111.4999999999995,104.0,155.82694715378,851.6730528462195,0.0,8173.75,2026-06-29/2026-07-05,2026
LOW_DISLOCATION,FADE,10:30:00,2026-07-01,2026-07-02,2026-07-07,23950.0,0.0006022949948868273,0.02328331523377917,-0.8312686206462809,BEAR,65,23950.0,23750.0,34.55,38.2,237.25000000000037,104.0,107.92383409422499,25.326165905775383,0.0,2245.75,2026-06-29/2026-07-05,2026
LOW_DISLOCATION,FADE,15:10:00,2026-07-01,2026-07-02,2026-07-07,23950.0,0.0006022949948868273,0.02328331523377917,-0.8312686206462809,BEAR,65,23950.0,23750.0,34.55,22.3,-796.2499999999998,104.0,104.136023455535,-1004.3860234555348,0.0,2245.75,2026-06-29/2026-07-05,2026
