day,cell_id,state,mapping,horizon,side,expiry,lot,raw_gross,slippage_cost,transaction_costs,net_pnl
2021-09-29,HIGH_RANGE|CONTINUE|H10_30,HIGH_RANGE,CONTINUE,H10_30,PUT,2021-09-30,50,-455.00000000000006,40.00000000000017,105.2213796,-600.2213796000002
2021-09-29,HIGH_RANGE|CONTINUE|H15_10,HIGH_RANGE,CONTINUE,H15_10,PUT,2021-09-30,50,-1772.4999999999995,40.000000000000455,101.84723830499999,-1914.347238305
2021-09-29,HIGH_RANGE|FADE|H10_30,HIGH_RANGE,FADE,H10_30,CALL,2021-09-30,50,325.00000000000057,40.00000000000023,104.34016102999999,180.65983897000035
2021-09-29,HIGH_RANGE|FADE|H15_10,HIGH_RANGE,FADE,H15_10,CALL,2021-09-30,50,1120.0,40.00000000000017,104.95347186,975.04652814
2021-09-30,HIGH_RANGE|CONTINUE|H10_30,HIGH_RANGE,CONTINUE,H10_30,CALL,2021-09-30,50,262.50000000000034,40.000000000000306,100.617274715,121.882725285
2021-09-30,HIGH_RANGE|CONTINUE|H15_10,HIGH_RANGE,CONTINUE,H15_10,CALL,2021-09-30,50,-2530.0,40.0,96.10017278000001,-2666.10017278
2021-09-30,HIGH_RANGE|FADE|H10_30,HIGH_RANGE,FADE,H10_30,PUT,2021-09-30,50,-440.0000000000001,40.00000000000024,98.57319116,-578.5731911600003
2021-09-30,HIGH_RANGE|FADE|H15_10,HIGH_RANGE,FADE,H15_10,PUT,2021-09-30,50,-892.5,40.00000000000003,97.668197335,-1030.168197335
2021-10-01,HIGH_RANGE|CONTINUE|H10_30,HIGH_RANGE,CONTINUE,H10_30,PUT,2021-10-07,50,-229.99999999999977,39.99999999999898,115.80170511,-385.80170510999875
2021-10-01,HIGH_RANGE|CONTINUE|H15_10,HIGH_RANGE,CONTINUE,H15_10,PUT,2021-10-07,50,-469.99999999999955,40.0,113.16626797,-623.1662679699996
2021-10-01,HIGH_RANGE|FADE|H10_30,HIGH_RANGE,FADE,H10_30,CALL,2021-10-07,50,125.00000000000142,39.99999999999915,114.74689523,-29.746895229997733
2021-10-01,HIGH_RANGE|FADE|H15_10,HIGH_RANGE,FADE,H15_10,CALL,2021-10-07,50,200.00000000000108,39.999999999998806,114.65313547000001,45.346864530002264
2021-10-04,HIGH_RANGE|CONTINUE|H10_30,HIGH_RANGE,CONTINUE,H10_30,CALL,2021-10-07,50,1742.4999999999989,39.99999999999977,114.09757653499999,1588.4024234649992
2021-10-04,HIGH_RANGE|CONTINUE|H15_10,HIGH_RANGE,CONTINUE,H15_10,CALL,2021-10-07,50,1669.9999999999995,39.99999999999977,112.23820356,1517.76179644
2021-10-04,HIGH_RANGE|FADE|H10_30,HIGH_RANGE,FADE,H10_30,PUT,2021-10-07,50,-1307.5000000000005,40.000000000000114,104.98685239499999,-1452.4868523950004
2021-10-04,HIGH_RANGE|FADE|H15_10,HIGH_RANGE,FADE,H15_10,PUT,2021-10-07,50,-1507.5,40.000000000000455,104.07186247499999,-1651.5718624750004
2021-10-05,MID_RANGE|CONTINUE|H10_30,MID_RANGE,CONTINUE,H10_30,PUT,2021-10-07,50,-454.99999999999994,40.000000000000114,104.14312016000001,-599.1431201600001
2021-10-05,MID_RANGE|CONTINUE|H15_10,MID_RANGE,CONTINUE,H15_10,PUT,2021-10-07,50,-2147.5000000000005,40.0,100.447673765,-2287.9476737650007
2021-10-05,MID_RANGE|FADE|H10_30,MID_RANGE,FADE,H10_30,CALL,2021-10-07,50,474.9999999999997,40.000000000000284,107.18757002,327.8124299799994
2021-10-05,MID_RANGE|FADE|H15_10,MID_RANGE,FADE,H15_10,CALL,2021-10-07,50,3302.5,40.000000000000455,114.55207798500001,3147.947922015
2021-10-06,HIGH_RANGE|CONTINUE|H10_30,HIGH_RANGE,CONTINUE,H10_30,CALL,2021-10-07,50,-1070.0000000000005,40.0000000000002,100.03375575999999,-1210.0337557600008
2021-10-06,HIGH_RANGE|CONTINUE|H15_10,HIGH_RANGE,CONTINUE,H15_10,CALL,2021-10-07,50,-2725.0000000000005,39.99999999999994,97.45567082,-2862.4556708200003
2021-10-06,HIGH_RANGE|FADE|H10_30,HIGH_RANGE,FADE,H10_30,PUT,2021-10-07,50,1152.5,40.000000000000114,104.158215945,1008.3417840550001
2021-10-06,HIGH_RANGE|FADE|H15_10,HIGH_RANGE,FADE,H15_10,PUT,2021-10-07,50,4909.999999999999,39.999999999999545,113.10780538999998,4756.89219461
2021-10-07,HIGH_RANGE|CONTINUE|H10_30,HIGH_RANGE,CONTINUE,H10_30,CALL,2021-10-07,50,-310.0000000000002,40.000000000000284,98.12964513,-448.12964513000054
2021-10-07,HIGH_RANGE|CONTINUE|H15_10,HIGH_RANGE,CONTINUE,H15_10,CALL,2021-10-07,50,-1987.5,40.00000000000044,95.64057259500001,-2123.1405725950003
2021-10-07,HIGH_RANGE|FADE|H10_30,HIGH_RANGE,FADE,H10_30,PUT,2021-10-07,50,32.499999999999794,40.0000000000003,97.99598291499998,-105.4959829150005
2021-10-07,HIGH_RANGE|FADE|H15_10,HIGH_RANGE,FADE,H15_10,PUT,2021-10-07,50,-1047.5,40.0000000000002,96.105767935,-1183.6057679350001
2021-10-08,HIGH_RANGE|CONTINUE|H10_30,HIGH_RANGE,CONTINUE,H10_30,CALL,2021-10-14,50,955.0000000000011,39.99999999999909,114.42905638,800.570943620002
2021-10-08,HIGH_RANGE|CONTINUE|H15_10,HIGH_RANGE,CONTINUE,H15_10,CALL,2021-10-14,50,452.50000000000057,39.99999999999915,111.55708649500001,300.9429135050014
2021-10-08,HIGH_RANGE|FADE|H10_30,HIGH_RANGE,FADE,H10_30,PUT,2021-10-14,50,-840.0000000000002,40.000000000000455,107.81860893000001,-987.8186089300007
2021-10-08,HIGH_RANGE|FADE|H15_10,HIGH_RANGE,FADE,H15_10,PUT,2021-10-14,50,-605.0000000000005,40.000000000000455,108.00694665,-753.0069466500009
2021-10-11,MID_RANGE|CONTINUE|H10_30,MID_RANGE,CONTINUE,H10_30,PUT,2021-10-14,50,-1077.5,40.00000000000034,104.87066656500001,-1222.3706665650004
2021-10-11,MID_RANGE|CONTINUE|H15_10,MID_RANGE,CONTINUE,H15_10,PUT,2021-10-14,50,-1204.9999999999998,40.00000000000057,104.55088338,-1349.5508833800004
2021-10-11,MID_RANGE|FADE|H10_30,MID_RANGE,FADE,H10_30,CALL,2021-10-14,50,1264.9999999999993,39.99999999999966,109.59710414,1115.4028958599995
2021-10-11,MID_RANGE|FADE|H15_10,MID_RANGE,FADE,H15_10,CALL,2021-10-14,50,1409.9999999999995,39.99999999999966,109.56053272999999,1260.4394672699998
2021-10-12,MID_RANGE|CONTINUE|H10_30,MID_RANGE,CONTINUE,H10_30,PUT,2021-10-14,50,512.4999999999998,40.000000000000625,108.290988465,364.2090115349991
2021-10-12,MID_RANGE|CONTINUE|H15_10,MID_RANGE,CONTINUE,H15_10,PUT,2021-10-14,50,-860.0000000000006,40.00000000000034,104.30456575,-1004.3045657500008
2021-10-12,MID_RANGE|FADE|H10_30,MID_RANGE,FADE,H10_30,CALL,2021-10-14,50,-542.4999999999999,40.00000000000017,103.261778225,-685.7617782250002
2021-10-12,MID_RANGE|FADE|H15_10,MID_RANGE,FADE,H15_10,CALL,2021-10-14,50,565.0000000000002,40.00000000000021,105.06540580000001,419.9345942
2021-10-13,MID_RANGE|CONTINUE|H10_30,MID_RANGE,CONTINUE,H10_30,CALL,2021-10-14,50,777.5000000000002,40.00000000000024,101.68968730499999,635.810312695
2021-10-13,MID_RANGE|CONTINUE|H15_10,MID_RANGE,CONTINUE,H15_10,CALL,2021-10-14,50,1522.5,40.0000000000002,102.808582515,1379.6914174849999
2021-10-13,MID_RANGE|FADE|H10_30,MID_RANGE,FADE,H10_30,PUT,2021-10-14,50,-682.5,40.00000000000017,102.454898695,-824.9548986950001
2021-10-13,MID_RANGE|FADE|H15_10,MID_RANGE,FADE,H15_10,PUT,2021-10-14,50,-1507.5,40.000000000000455,100.367669485,-1647.8676694850005
2021-10-14,MID_RANGE|CONTINUE|H10_30,MID_RANGE,CONTINUE,H10_30,CALL,2021-10-14,50,-242.49999999999986,39.99999999999991,96.36141050500001,-378.86141050499975
2021-10-14,MID_RANGE|CONTINUE|H15_10,MID_RANGE,CONTINUE,H15_10,CALL,2021-10-14,50,642.5,40.00000000000012,97.50637668499999,504.9936233149999
2021-10-14,MID_RANGE|FADE|H10_30,MID_RANGE,FADE,H10_30,PUT,2021-10-14,50,-102.49999999999994,40.0000000000003,99.89647232499999,-242.39647232500025
2021-10-14,MID_RANGE|FADE|H15_10,MID_RANGE,FADE,H15_10,PUT,2021-10-14,50,-2457.5,40.000000000000455,96.03076270499999,-2593.5307627050006
2021-10-18,LOW_RANGE|CONTINUE|H10_30,LOW_RANGE,CONTINUE,H10_30,CALL,2021-10-21,50,-82.49999999999994,40.00000000000051,107.570180155,-230.07018015500046
2021-10-18,LOW_RANGE|CONTINUE|H15_10,LOW_RANGE,CONTINUE,H15_10,CALL,2021-10-21,50,-64.99999999999972,40.00000000000034,107.18593953999999,-212.18593954000005
2021-10-18,LOW_RANGE|FADE|H10_30,LOW_RANGE,FADE,H10_30,PUT,2021-10-21,50,-2.500000000000213,40.00000000000057,109.152006595,-151.65200659500078
2021-10-18,LOW_RANGE|FADE|H15_10,LOW_RANGE,FADE,H15_10,PUT,2021-10-21,50,-225.0,40.00000000000051,108.15406528999999,-373.1540652900005
2021-10-19,LOW_RANGE|CONTINUE|H10_30,LOW_RANGE,CONTINUE,H10_30,CALL,2021-10-21,50,-667.5,40.00000000000017,101.830090575,-809.3300905750002
2021-10-19,LOW_RANGE|CONTINUE|H15_10,LOW_RANGE,CONTINUE,H15_10,CALL,2021-10-21,50,-1805.0,40.0,99.75164348,-1944.75164348
2021-10-19,LOW_RANGE|FADE|H10_30,LOW_RANGE,FADE,H10_30,PUT,2021-10-21,50,832.4999999999992,39.99999999999977,110.026396265,682.4736037349994
2021-10-19,LOW_RANGE|FADE|H15_10,LOW_RANGE,FADE,H15_10,PUT,2021-10-21,50,2470.0,39.999999999999545,115.35903352,2314.6409664800003
2021-10-20,HIGH_RANGE|CONTINUE|H10_30,HIGH_RANGE,CONTINUE,H10_30,CALL,2021-10-21,50,717.5000000000005,39.99999999999966,109.52444494500001,567.9755550550008
2021-10-20,HIGH_RANGE|CONTINUE|H15_10,HIGH_RANGE,CONTINUE,H15_10,CALL,2021-10-21,50,-2435.0,40.00000000000023,102.25328616,-2577.2532861600002
2021-10-20,HIGH_RANGE|FADE|H10_30,HIGH_RANGE,FADE,H10_30,PUT,2021-10-21,50,-777.5,40.000000000000114,101.679139505,-919.1791395050001
2021-10-20,HIGH_RANGE|FADE|H15_10,HIGH_RANGE,FADE,H15_10,PUT,2021-10-21,50,1439.9999999999998,40.00000000000017,105.60132487999999,1294.3986751199996
2021-10-21,HIGH_RANGE|CONTINUE|H10_30,HIGH_RANGE,CONTINUE,H10_30,CALL,2021-10-21,50,-1487.5000000000002,40.000000000000014,97.742140595,-1625.2421405950001
2021-10-21,HIGH_RANGE|CONTINUE|H15_10,HIGH_RANGE,CONTINUE,H15_10,CALL,2021-10-21,50,-2582.5000000000005,39.999999999999574,95.93295634500001,-2718.432956345
2021-10-21,HIGH_RANGE|FADE|H10_30,HIGH_RANGE,FADE,H10_30,PUT,2021-10-21,50,1492.5,40.0000000000002,102.315322505,1350.1846774949997
2021-10-21,HIGH_RANGE|FADE|H15_10,HIGH_RANGE,FADE,H15_10,PUT,2021-10-21,50,4867.5,39.99999999999909,106.09942104500001,4721.400578955001
2021-10-22,HIGH_RANGE|CONTINUE|H10_30,HIGH_RANGE,CONTINUE,H10_30,CALL,2021-10-28,50,-279.9999999999998,39.99999999999977,111.45047434,-431.4504743399996
2021-10-22,HIGH_RANGE|CONTINUE|H15_10,HIGH_RANGE,CONTINUE,H15_10,CALL,2021-10-28,50,-1785.0000000000002,39.99999999999977,107.27662586999999,-1932.27662587
2021-10-22,HIGH_RANGE|FADE|H10_30,HIGH_RANGE,FADE,H10_30,PUT,2021-10-28,50,217.50000000000114,39.99999999999915,114.22706582500001,63.27293417500198
2021-10-22,HIGH_RANGE|FADE|H15_10,HIGH_RANGE,FADE,H15_10,PUT,2021-10-28,50,1932.5000000000005,39.999999999999545,121.05898279499999,1771.441017205001
2021-10-25,HIGH_RANGE|CONTINUE|H10_30,HIGH_RANGE,CONTINUE,H10_30,CALL,2021-10-28,50,-702.4999999999999,39.99999999999909,114.106202725,-856.606202724999
2021-10-25,HIGH_RANGE|CONTINUE|H15_10,HIGH_RANGE,CONTINUE,H15_10,CALL,2021-10-28,50,609.9999999999993,39.99999999999915,117.52439572,452.4756042800002
2021-10-25,HIGH_RANGE|FADE|H10_30,HIGH_RANGE,FADE,H10_30,PUT,2021-10-28,50,555.0000000000008,39.99999999999977,113.37523743000001,401.624762570001
2021-10-25,HIGH_RANGE|FADE|H15_10,HIGH_RANGE,FADE,H15_10,PUT,2021-10-28,50,-814.9999999999995,40.000000000000455,107.73778053000001,-962.73778053
2021-10-26,HIGH_RANGE|CONTINUE|H10_30,HIGH_RANGE,CONTINUE,H10_30,CALL,2021-10-28,50,-467.5000000000001,40.00000000000034,107.146423985,-614.6464239850004
2021-10-26,HIGH_RANGE|CONTINUE|H15_10,HIGH_RANGE,CONTINUE,H15_10,CALL,2021-10-28,50,452.5000000000002,40.0000000000004,108.44779526499998,304.0522047349998
2021-10-26,HIGH_RANGE|FADE|H10_30,HIGH_RANGE,FADE,H10_30,PUT,2021-10-28,50,412.49999999999966,40.000000000000625,109.139488775,263.360511224999
2021-10-26,HIGH_RANGE|FADE|H15_10,HIGH_RANGE,FADE,H15_10,PUT,2021-10-28,50,-920.0000000000007,40.00000000000034,105.25612412,-1065.256124120001
2021-10-27,MID_RANGE|CONTINUE|H10_30,MID_RANGE,CONTINUE,H10_30,CALL,2021-10-28,50,-274.9999999999996,40.000000000000284,104.17929579,-419.17929578999986
2021-10-27,MID_RANGE|CONTINUE|H15_10,MID_RANGE,CONTINUE,H15_10,CALL,2021-10-28,50,-1924.9999999999995,40.000000000000455,100.7902936,-2065.7902936
2021-10-27,MID_RANGE|FADE|H10_30,MID_RANGE,FADE,H10_30,PUT,2021-10-28,50,39.9999999999995,40.00000000000021,104.13222098,-104.13222098000071
2021-10-27,MID_RANGE|FADE|H15_10,MID_RANGE,FADE,H15_10,PUT,2021-10-28,50,1140.0,40.00000000000015,105.67426537,994.3257346299997
2021-10-28,MID_RANGE|CONTINUE|H10_30,MID_RANGE,CONTINUE,H10_30,PUT,2021-10-28,50,1122.4999999999998,40.00000000000017,102.97245310500001,979.5275468949995
2021-10-28,MID_RANGE|CONTINUE|H15_10,MID_RANGE,CONTINUE,H15_10,PUT,2021-10-28,50,7240.000000000002,39.999999999999545,117.29602225000002,7082.703977750002
2021-10-28,MID_RANGE|FADE|H10_30,MID_RANGE,FADE,H10_30,CALL,2021-10-28,50,-992.5,40.00000000000024,97.628992675,-1130.1289926750003
2021-10-28,MID_RANGE|FADE|H15_10,MID_RANGE,FADE,H15_10,CALL,2021-10-28,50,-2010.0,40.000000000000455,95.79930005,-2145.7993000500005
2021-11-01,HIGH_RANGE|CONTINUE|H10_30,HIGH_RANGE,CONTINUE,H10_30,CALL,2021-11-11,50,445.0000000000003,39.999999999997726,127.99458162,277.00541838000254
2021-11-01,HIGH_RANGE|CONTINUE|H15_10,HIGH_RANGE,CONTINUE,H15_10,CALL,2021-11-11,50,2045.0000000000005,39.99999999999818,136.74133567,1868.2586643300024
2021-11-01,HIGH_RANGE|FADE|H10_30,HIGH_RANGE,FADE,H10_30,PUT,2021-11-11,50,-354.9999999999998,39.99999999999909,120.10059457,-515.1005945699989
2021-11-01,HIGH_RANGE|FADE|H15_10,HIGH_RANGE,FADE,H15_10,PUT,2021-11-11,50,-1615.0,40.000000000000455,113.74497445,-1768.7449744500004
2021-11-02,HIGH_RANGE|CONTINUE|H10_30,HIGH_RANGE,CONTINUE,H10_30,CALL,2021-11-11,50,-284.99999999999955,39.99999999999886,120.80380905,-445.8038090499984
2021-11-02,HIGH_RANGE|CONTINUE|H15_10,HIGH_RANGE,CONTINUE,H15_10,CALL,2021-11-11,50,-649.9999999999993,39.99999999999909,118.15422361,-808.1542236099984
2021-11-02,HIGH_RANGE|FADE|H10_30,HIGH_RANGE,FADE,H10_30,PUT,2021-11-11,50,92.50000000000034,39.99999999999909,118.349343825,-65.84934382499875
2021-11-02,HIGH_RANGE|FADE|H15_10,HIGH_RANGE,FADE,H15_10,PUT,2021-11-11,50,510.0000000000001,39.99999999999909,118.87019672,351.12980328000106
2021-11-03,MID_RANGE|CONTINUE|H10_30,MID_RANGE,CONTINUE,H10_30,CALL,2021-11-11,50,187.5,39.99999999999915,117.24279666499999,30.257203335000867
2021-11-03,MID_RANGE|CONTINUE|H15_10,MID_RANGE,CONTINUE,H15_10,CALL,2021-11-11,50,-1517.5000000000005,40.0,110.913030385,-1668.4130303850004
2021-11-03,MID_RANGE|FADE|H10_30,MID_RANGE,FADE,H10_30,PUT,2021-11-11,50,-120.00000000000063,39.99999999999983,112.14621445,-272.14621445000046
2021-11-03,MID_RANGE|FADE|H15_10,MID_RANGE,FADE,H15_10,PUT,2021-11-11,50,1325.0,39.99999999999932,116.78361594000002,1168.2163840600006
2021-11-08,MID_RANGE|CONTINUE|H10_30,MID_RANGE,CONTINUE,H10_30,CALL,2021-11-11,50,160.0000000000005,39.99999999999915,111.8404858,8.159514200001368
2021-11-08,MID_RANGE|CONTINUE|H15_10,MID_RANGE,CONTINUE,H15_10,CALL,2021-11-11,50,3252.5000000000023,39.99999999999909,123.39558234500001,3089.104417655003
2021-11-08,MID_RANGE|FADE|H10_30,MID_RANGE,FADE,H10_30,PUT,2021-11-11,50,-267.50000000000045,40.00000000000057,108.000994195,-415.500994195001
2021-11-08,MID_RANGE|FADE|H15_10,MID_RANGE,FADE,H15_10,PUT,2021-11-11,50,-2385.0,40.00000000000023,102.2868315,-2527.2868315000005
2021-11-09,HIGH_RANGE|CONTINUE|H10_30,HIGH_RANGE,CONTINUE,H10_30,CALL,2021-11-11,50,-600.0,40.000000000000256,103.48254107,-743.4825410700003
2021-11-09,HIGH_RANGE|CONTINUE|H15_10,HIGH_RANGE,CONTINUE,H15_10,CALL,2021-11-11,50,-777.5000000000001,40.000000000000114,102.678388555,-920.1783885550002
2021-11-09,HIGH_RANGE|FADE|H10_30,HIGH_RANGE,FADE,H10_30,PUT,2021-11-11,50,632.5,40.00000000000051,109.264779455,483.23522054499944
2021-11-09,HIGH_RANGE|FADE|H15_10,HIGH_RANGE,FADE,H15_10,PUT,2021-11-11,50,272.49999999999943,40.00000000000057,107.56109602499998,124.93890397499888
2021-11-10,HIGH_RANGE|CONTINUE|H10_30,HIGH_RANGE,CONTINUE,H10_30,PUT,2021-11-11,50,-122.50000000000014,40.00000000000021,103.60026065499999,-266.10026065500034
2021-11-10,HIGH_RANGE|CONTINUE|H15_10,HIGH_RANGE,CONTINUE,H15_10,PUT,2021-11-11,50,-1367.5000000000005,40.000000000000114,100.449512495,-1507.9495124950004
2021-11-10,HIGH_RANGE|FADE|H10_30,HIGH_RANGE,FADE,H10_30,CALL,2021-11-11,50,79.99999999999955,40.00000000000023,103.78445504999999,-63.78445505000067
2021-11-10,HIGH_RANGE|FADE|H15_10,HIGH_RANGE,FADE,H15_10,CALL,2021-11-11,50,1134.9999999999995,40.00000000000014,105.19777803000001,989.8022219699993
2021-11-11,HIGH_RANGE|CONTINUE|H10_30,HIGH_RANGE,CONTINUE,H10_30,PUT,2021-11-11,50,1950.0000000000005,40.0000000000004,101.833088,1808.166912
2021-11-11,HIGH_RANGE|CONTINUE|H15_10,HIGH_RANGE,CONTINUE,H15_10,PUT,2021-11-11,50,275.0000000000002,40.000000000000284,98.39942712,136.60057287999996
2021-11-11,HIGH_RANGE|FADE|H10_30,HIGH_RANGE,FADE,H10_30,CALL,2021-11-11,50,-1522.5,40.000000000000014,98.631461245,-1661.131461245
2021-11-11,HIGH_RANGE|FADE|H15_10,HIGH_RANGE,FADE,H15_10,CALL,2021-11-11,50,-2892.5,39.99999999999994,96.29385004500001,-3028.793850045
2021-11-12,HIGH_RANGE|CONTINUE|H10_30,HIGH_RANGE,CONTINUE,H10_30,CALL,2021-11-18,50,-792.4999999999997,40.00000000000068,107.527928705,-940.0279287050004
2021-11-12,HIGH_RANGE|CONTINUE|H15_10,HIGH_RANGE,CONTINUE,H15_10,CALL,2021-11-18,50,1857.500000000001,40.0,114.89697873499999,1702.603021265001
2021-11-12,HIGH_RANGE|FADE|H10_30,HIGH_RANGE,FADE,H10_30,PUT,2021-11-18,50,795.0000000000002,39.99999999999977,113.16165286,641.8383471400005
2021-11-12,HIGH_RANGE|FADE|H15_10,HIGH_RANGE,FADE,H15_10,PUT,2021-11-18,50,-1624.9999999999998,40.00000000000068,106.04358293,-1771.0435829300004
2021-11-15,HIGH_RANGE|CONTINUE|H10_30,HIGH_RANGE,CONTINUE,H10_30,CALL,2021-11-18,50,-335.0000000000003,40.000000000000455,108.01705723000002,-483.0170572300008
2021-11-15,HIGH_RANGE|CONTINUE|H15_10,HIGH_RANGE,CONTINUE,H15_10,CALL,2021-11-18,50,-865.0000000000003,40.00000000000034,106.53767002,-1011.5376700200006
2021-11-15,HIGH_RANGE|FADE|H10_30,HIGH_RANGE,FADE,H10_30,PUT,2021-11-18,50,389.9999999999999,40.00000000000057,106.8395988,243.1604011999993
2021-11-15,HIGH_RANGE|FADE|H15_10,HIGH_RANGE,FADE,H15_10,PUT,2021-11-18,50,669.9999999999995,40.00000000000051,106.89174073999999,523.1082592599992
2021-11-16,HIGH_RANGE|CONTINUE|H10_30,HIGH_RANGE,CONTINUE,H10_30,CALL,2021-11-18,50,-475.0000000000003,40.000000000000284,104.73761726,-619.7376172600005
2021-11-16,HIGH_RANGE|CONTINUE|H15_10,HIGH_RANGE,CONTINUE,H15_10,CALL,2021-11-18,50,-1617.5000000000005,39.999999999999886,102.20127350500002,-1759.7012735050005
2021-11-16,HIGH_RANGE|FADE|H10_30,HIGH_RANGE,FADE,H10_30,PUT,2021-11-18,50,387.49999999999966,40.000000000000625,107.575041995,239.92495800499904
2021-11-16,HIGH_RANGE|FADE|H15_10,HIGH_RANGE,FADE,H15_10,PUT,2021-11-18,50,1047.5000000000002,40.00000000000051,108.146116175,899.3538838249997
2021-11-17,MID_RANGE|CONTINUE|H10_30,MID_RANGE,CONTINUE,H10_30,PUT,2021-11-18,50,-997.4999999999995,40.0000000000004,101.25175027499999,-1138.751750275
2021-11-17,MID_RANGE|CONTINUE|H15_10,MID_RANGE,CONTINUE,H15_10,PUT,2021-11-18,50,337.50000000000045,40.00000000000017,103.22381122499999,194.27618877500024
2021-11-17,MID_RANGE|FADE|H10_30,MID_RANGE,FADE,H10_30,CALL,2021-11-18,50,1217.5000000000002,40.0000000000004,105.830368455,1071.6696315449997
2021-11-17,MID_RANGE|FADE|H15_10,MID_RANGE,FADE,H15_10,CALL,2021-11-18,50,-1359.9999999999998,40.00000000000017,100.53448422,-1500.53448422
2021-11-18,LOW_RANGE|CONTINUE|H10_30,LOW_RANGE,CONTINUE,H10_30,PUT,2021-11-18,50,2242.4999999999995,40.0,102.860331635,2099.6396683649996
2021-11-18,LOW_RANGE|CONTINUE|H15_10,LOW_RANGE,CONTINUE,H15_10,PUT,2021-11-18,50,1517.5,40.000000000000455,100.756535045,1376.7434649549996
2021-11-18,LOW_RANGE|FADE|H10_30,LOW_RANGE,FADE,H10_30,CALL,2021-11-18,50,-1840.0000000000002,40.00000000000024,97.34111843000001,-1977.3411184300005
2021-11-18,LOW_RANGE|FADE|H15_10,LOW_RANGE,FADE,H15_10,CALL,2021-11-18,50,-2575.0,40.0,96.01792807,-2711.01792807
2021-11-22,MID_RANGE|CONTINUE|H10_30,MID_RANGE,CONTINUE,H10_30,CALL,2021-11-25,50,-882.5,39.99999999999977,110.300766725,-1032.8007667249997
2021-11-22,MID_RANGE|CONTINUE|H15_10,MID_RANGE,CONTINUE,H15_10,CALL,2021-11-25,50,-3175.0,40.000000000000455,104.75270320999999,-3319.7527032100006
2021-11-22,MID_RANGE|FADE|H10_30,MID_RANGE,FADE,H10_30,PUT,2021-11-25,50,709.9999999999997,39.99999999999977,111.69359316999999,558.3064068299999
2021-11-22,MID_RANGE|FADE|H15_10,MID_RANGE,FADE,H15_10,PUT,2021-11-25,50,3007.499999999999,39.999999999999545,120.74377719499999,2846.7562228049997
2021-11-23,HIGH_RANGE|CONTINUE|H10_30,HIGH_RANGE,CONTINUE,H10_30,PUT,2021-11-25,50,-587.4999999999999,40.000000000000796,107.302016805,-734.8020168050007
2021-11-23,HIGH_RANGE|CONTINUE|H15_10,HIGH_RANGE,CONTINUE,H15_10,PUT,2021-11-25,50,-1899.9999999999993,40.000000000000455,103.43299981999999,-2043.4329998199998
2021-11-23,HIGH_RANGE|FADE|H10_30,HIGH_RANGE,FADE,H10_30,CALL,2021-11-25,50,379.9999999999997,39.999999999999886,110.58541849000002,229.4145815099998
2021-11-23,HIGH_RANGE|FADE|H15_10,HIGH_RANGE,FADE,H15_10,CALL,2021-11-25,50,2384.9999999999995,39.99999999999977,115.69891746,2229.30108254
2021-11-24,MID_RANGE|CONTINUE|H10_30,MID_RANGE,CONTINUE,H10_30,CALL,2021-11-25,50,322.4999999999999,40.00000000000027,103.448919725,179.05108027499966
2021-11-24,MID_RANGE|CONTINUE|H15_10,MID_RANGE,CONTINUE,H15_10,CALL,2021-11-25,50,-2572.4999999999995,40.000000000000455,98.377833095,-2710.877833095
2021-11-24,MID_RANGE|FADE|H10_30,MID_RANGE,FADE,H10_30,PUT,2021-11-25,50,-370.0000000000006,40.000000000000284,102.6134327,-512.6134327000009
2021-11-24,MID_RANGE|FADE|H15_10,MID_RANGE,FADE,H15_10,PUT,2021-11-25,50,2427.4999999999995,39.9999999999996,107.937006545,2279.562993455
2021-11-25,MID_RANGE|CONTINUE|H10_30,MID_RANGE,CONTINUE,H10_30,PUT,2021-11-25,50,112.50000000000017,40.000000000000206,100.177358785,-27.677358785000024
2021-11-25,MID_RANGE|CONTINUE|H15_10,MID_RANGE,CONTINUE,H15_10,PUT,2021-11-25,50,-2057.5,39.99999999999994,96.294477755,-2193.794477755
2021-11-25,MID_RANGE|FADE|H10_30,MID_RANGE,FADE,H10_30,CALL,2021-11-25,50,-405.00000000000006,40.0000000000003,99.46857579,-544.4685757900004
2021-11-25,MID_RANGE|FADE|H15_10,MID_RANGE,FADE,H15_10,CALL,2021-11-25,50,2825.0,40.0,103.83767079999998,2681.1623292
2021-11-26,LOW_RANGE|CONTINUE|H10_30,LOW_RANGE,CONTINUE,H10_30,PUT,2021-12-02,50,1595.0000000000014,39.999999999999545,121.76208574999998,1433.2379142500017
2021-11-26,LOW_RANGE|CONTINUE|H15_10,LOW_RANGE,CONTINUE,H15_10,PUT,2021-12-02,50,2957.500000000001,39.99999999999818,132.566438025,2784.9335619750027
2021-11-26,LOW_RANGE|FADE|H10_30,LOW_RANGE,FADE,H10_30,CALL,2021-12-02,50,-1559.9999999999995,40.0,109.57480344,-1709.5748034399996
2021-11-26,LOW_RANGE|FADE|H15_10,LOW_RANGE,FADE,H15_10,CALL,2021-12-02,50,-2807.5,39.99999999999909,106.583187395,-2954.083187394999
2021-11-29,HIGH_RANGE|CONTINUE|H10_30,HIGH_RANGE,CONTINUE,H10_30,CALL,2021-12-02,50,844.9999999999997,39.99999999999932,122.93206685,682.0679331500004
2021-11-29,HIGH_RANGE|CONTINUE|H15_10,HIGH_RANGE,CONTINUE,H15_10,CALL,2021-12-02,50,1010.0000000000001,39.99999999999915,121.98030911000001,848.019690890001
2021-11-29,HIGH_RANGE|FADE|H10_30,HIGH_RANGE,FADE,H10_30,PUT,2021-12-02,50,-657.4999999999995,39.99999999999977,115.289945225,-812.7899452249993
2021-11-29,HIGH_RANGE|FADE|H15_10,HIGH_RANGE,FADE,H15_10,PUT,2021-12-02,50,-940.0,40.0,113.11028175999999,-1093.11028176
2021-11-30,HIGH_RANGE|CONTINUE|H10_30,HIGH_RANGE,CONTINUE,H10_30,CALL,2021-12-02,50,1392.5,39.99999999999977,113.676852355,1238.8231476450003
2021-11-30,HIGH_RANGE|CONTINUE|H15_10,HIGH_RANGE,CONTINUE,H15_10,CALL,2021-12-02,50,-3177.499999999999,40.00000000000114,102.04887060499999,-3319.548870605
2021-11-30,HIGH_RANGE|FADE|H10_30,HIGH_RANGE,FADE,H10_30,PUT,2021-12-02,50,-937.4999999999999,40.000000000000796,106.244561835,-1083.7445618350007
2021-11-30,HIGH_RANGE|FADE|H15_10,HIGH_RANGE,FADE,H15_10,PUT,2021-12-02,50,3132.4999999999995,40.0,119.363624495,2973.1363755049997
2021-12-01,HIGH_RANGE|CONTINUE|H10_30,HIGH_RANGE,CONTINUE,H10_30,CALL,2021-12-02,50,-712.5,40.00000000000017,102.705265885,-855.2052658850002
2021-12-01,HIGH_RANGE|CONTINUE|H15_10,HIGH_RANGE,CONTINUE,H15_10,CALL,2021-12-02,50,-1099.9999999999995,40.00000000000034,101.62265191,-1241.62265191
2021-12-01,HIGH_RANGE|FADE|H10_30,HIGH_RANGE,FADE,H10_30,PUT,2021-12-02,50,792.5000000000002,40.00000000000074,109.872213835,642.6277861649994
2021-12-01,HIGH_RANGE|FADE|H15_10,HIGH_RANGE,FADE,H15_10,PUT,2021-12-02,50,-12.500000000000227,40.000000000000455,105.66605176499999,-158.16605176500067
2021-12-02,MID_RANGE|CONTINUE|H10_30,MID_RANGE,CONTINUE,H10_30,CALL,2021-12-02,50,974.9999999999999,40.000000000000355,100.43532667,834.5646733299996
2021-12-02,MID_RANGE|CONTINUE|H15_10,MID_RANGE,CONTINUE,H15_10,CALL,2021-12-02,50,4610.0,40.00000000000003,105.37266028,4464.62733972
2021-12-02,MID_RANGE|FADE|H10_30,MID_RANGE,FADE,H10_30,PUT,2021-12-02,50,-1137.4999999999998,40.0000000000004,99.85461665499999,-1277.354616655
2021-12-02,MID_RANGE|FADE|H15_10,MID_RANGE,FADE,H15_10,PUT,2021-12-02,50,-2627.4999999999995,37.500000000000455,97.00687013000001,-2762.00687013
2021-12-03,MID_RANGE|CONTINUE|H10_30,MID_RANGE,CONTINUE,H10_30,CALL,2021-12-09,50,-927.4999999999998,39.99999999999977,110.869195815,-1078.3691958149996
2021-12-03,MID_RANGE|CONTINUE|H15_10,MID_RANGE,CONTINUE,H15_10,CALL,2021-12-09,50,-2910.0000000000005,39.99999999999818,105.84794357,-3055.8479435699987
2021-12-03,MID_RANGE|FADE|H10_30,MID_RANGE,FADE,H10_30,PUT,2021-12-09,50,690.0,39.99999999999943,117.80487455999999,532.1951254400005
2021-12-03,MID_RANGE|FADE|H15_10,MID_RANGE,FADE,H15_10,PUT,2021-12-09,50,2972.5,39.99999999999818,128.446582065,2804.053417935002
2021-12-06,HIGH_RANGE|CONTINUE|H10_30,HIGH_RANGE,CONTINUE,H10_30,CALL,2021-12-09,50,-349.99999999999966,39.99999999999915,113.01532282000001,-503.0153228199988
2021-12-06,HIGH_RANGE|CONTINUE|H15_10,HIGH_RANGE,CONTINUE,H15_10,CALL,2021-12-09,50,-2959.9999999999995,39.999999999999545,105.93988532,-3105.939885319999
2021-12-06,HIGH_RANGE|FADE|H10_30,HIGH_RANGE,FADE,H10_30,PUT,2021-12-09,50,184.99999999999943,39.99999999999915,113.85575657,31.144243430000287
2021-12-06,HIGH_RANGE|FADE|H15_10,HIGH_RANGE,FADE,H15_10,PUT,2021-12-09,50,3080.0,39.999999999998636,124.47151351000002,2915.5284864900013
2021-12-07,MID_RANGE|CONTINUE|H10_30,MID_RANGE,CONTINUE,H10_30,CALL,2021-12-09,50,1062.5,39.99999999999977,110.64454229500001,911.8554577050002
2021-12-07,MID_RANGE|CONTINUE|H15_10,MID_RANGE,CONTINUE,H15_10,CALL,2021-12-09,50,2162.5,39.99999999999977,113.46934360499999,2009.030656395
2021-12-07,MID_RANGE|FADE|H10_30,MID_RANGE,FADE,H10_30,PUT,2021-12-09,50,-950.0000000000005,40.0,107.63977184000001,-1097.6397718400005
2021-12-07,MID_RANGE|FADE|H15_10,MID_RANGE,FADE,H15_10,PUT,2021-12-09,50,-2080.0,40.00000000000091,104.7121148,-2224.712114800001
2021-12-08,HIGH_RANGE|CONTINUE|H10_30,HIGH_RANGE,CONTINUE,H10_30,CALL,2021-12-09,50,309.99999999999983,40.00000000000027,105.28101071,164.71898928999954
2021-12-08,HIGH_RANGE|CONTINUE|H15_10,HIGH_RANGE,CONTINUE,H15_10,CALL,2021-12-09,50,2325.0,39.99999999999949,108.79591353,2176.20408647
2021-12-08,HIGH_RANGE|FADE|H10_30,HIGH_RANGE,FADE,H10_30,PUT,2021-12-09,50,-312.5,40.0000000000002,102.10916198500001,-454.60916198500024
2021-12-08,HIGH_RANGE|FADE|H15_10,HIGH_RANGE,FADE,H15_10,PUT,2021-12-09,50,-1905.0,40.000000000000455,98.96881162000001,-2043.9688116200005
2021-12-09,MID_RANGE|CONTINUE|H10_30,MID_RANGE,CONTINUE,H10_30,CALL,2021-12-09,50,-1495.0,40.000000000000234,97.22958323,-1632.2295832300001
2021-12-09,MID_RANGE|CONTINUE|H15_10,MID_RANGE,CONTINUE,H15_10,CALL,2021-12-09,50,787.5,40.00000000000024,100.31417931499999,647.1858206849997
2021-12-09,MID_RANGE|FADE|H10_30,MID_RANGE,FADE,H10_30,PUT,2021-12-09,50,1082.4999999999998,40.000000000000156,102.172244545,940.3277554549995
2021-12-09,MID_RANGE|FADE|H15_10,MID_RANGE,FADE,H15_10,PUT,2021-12-09,50,-2392.5,40.000000000000455,96.29002353499999,-2528.7900235350003
2021-12-10,LOW_RANGE|CONTINUE|H10_30,LOW_RANGE,CONTINUE,H10_30,PUT,2021-12-16,50,464.9999999999999,39.99999999999915,114.63293503,310.3670649700007
2021-12-10,LOW_RANGE|CONTINUE|H15_10,LOW_RANGE,CONTINUE,H15_10,PUT,2021-12-16,50,-307.5000000000002,39.999999999999886,111.388336305,-458.8883363050001
2021-12-10,LOW_RANGE|FADE|H10_30,LOW_RANGE,FADE,H10_30,CALL,2021-12-16,50,-757.5000000000007,39.99999999999977,110.914464455,-908.4144644550005
2021-12-10,LOW_RANGE|FADE|H15_10,LOW_RANGE,FADE,H15_10,CALL,2021-12-16,50,-87.5,39.99999999999909,112.647658465,-240.1476584649991
2021-12-13,MID_RANGE|CONTINUE|H10_30,MID_RANGE,CONTINUE,H10_30,CALL,2021-12-16,50,-439.9999999999999,40.00000000000017,105.5075148,-585.5075148000001
2021-12-13,MID_RANGE|CONTINUE|H15_10,MID_RANGE,CONTINUE,H15_10,CALL,2021-12-16,50,-2547.5,40.000000000000455,101.178560095,-2688.6785600950006
2021-12-13,MID_RANGE|FADE|H10_30,MID_RANGE,FADE,H10_30,PUT,2021-12-16,50,282.5000000000002,40.00000000000051,110.56369317500001,131.93630682499975
2021-12-13,MID_RANGE|FADE|H15_10,MID_RANGE,FADE,H15_10,PUT,2021-12-16,50,3399.999999999999,39.99999999999909,123.20917416,3236.79082584
2021-12-14,LOW_RANGE|CONTINUE|H10_30,LOW_RANGE,CONTINUE,H10_30,PUT,2021-12-16,50,1034.9999999999995,40.0,112.13472604,882.8652739599995
2021-12-14,LOW_RANGE|CONTINUE|H15_10,LOW_RANGE,CONTINUE,H15_10,PUT,2021-12-16,50,162.5,40.00000000000057,108.669663525,13.830336474999427
2021-12-14,LOW_RANGE|FADE|H10_30,LOW_RANGE,FADE,H10_30,CALL,2021-12-16,50,-1072.5000000000005,40.0000000000004,104.23171310499998,-1216.7317131050008
2021-12-14,LOW_RANGE|FADE|H15_10,LOW_RANGE,FADE,H15_10,CALL,2021-12-16,50,-515.0000000000005,40.00000000000017,105.07144018,-660.0714401800005
2021-12-15,MID_RANGE|CONTINUE|H10_30,MID_RANGE,CONTINUE,H10_30,CALL,2021-12-16,50,-550.0000000000002,40.000000000000284,104.37125769,-694.3712576900006
2021-12-15,MID_RANGE|CONTINUE|H15_10,MID_RANGE,CONTINUE,H15_10,CALL,2021-12-16,50,-754.9999999999998,40.000000000000114,103.42130907999999,-898.4213090799999
2021-12-15,MID_RANGE|FADE|H10_30,MID_RANGE,FADE,H10_30,PUT,2021-12-16,50,420.00000000000006,40.000000000000156,105.08803420000001,274.91196579999996
2021-12-15,MID_RANGE|FADE|H15_10,MID_RANGE,FADE,H15_10,PUT,2021-12-16,50,-42.49999999999994,40.000000000000114,103.806376775,-186.30637677500005
2021-12-16,LOW_RANGE|CONTINUE|H10_30,LOW_RANGE,CONTINUE,H10_30,CALL,2021-12-16,50,-1230.0000000000002,40.00000000000024,98.55255942,-1368.5525594200005
2021-12-16,LOW_RANGE|CONTINUE|H15_10,LOW_RANGE,CONTINUE,H15_10,CALL,2021-12-16,50,-2810.0,40.00000000000048,96.10380288,-2946.1038028800003
2021-12-16,LOW_RANGE|FADE|H10_30,LOW_RANGE,FADE,H10_30,PUT,2021-12-16,50,1055.0000000000005,40.00000000000048,100.63679512,914.36320488
2021-12-16,LOW_RANGE|FADE|H15_10,LOW_RANGE,FADE,H15_10,PUT,2021-12-16,50,1747.5,40.000000000000426,100.923857085,1606.5761429149995
2021-12-17,MID_RANGE|CONTINUE|H10_30,MID_RANGE,CONTINUE,H10_30,CALL,2021-12-23,50,-719.9999999999997,39.99999999999977,109.89389771,-869.8938977099995
2021-12-17,MID_RANGE|CONTINUE|H15_10,MID_RANGE,CONTINUE,H15_10,CALL,2021-12-23,50,-1682.4999999999995,39.999999999999545,107.38443424500001,-1829.884434244999
2021-12-17,MID_RANGE|FADE|H10_30,MID_RANGE,FADE,H10_30,PUT,2021-12-23,50,690.0000000000005,39.99999999999886,117.81881757,532.1811824300016
2021-12-17,MID_RANGE|FADE|H15_10,MID_RANGE,FADE,H15_10,PUT,2021-12-23,50,1752.500000000001,39.99999999999909,121.696719315,1590.803280685002
2021-12-20,HIGH_RANGE|CONTINUE|H10_30,HIGH_RANGE,CONTINUE,H10_30,PUT,2021-12-23,50,740.0000000000007,39.999999999999204,115.71443471,584.2855652900015
2021-12-20,HIGH_RANGE|CONTINUE|H15_10,HIGH_RANGE,CONTINUE,H15_10,PUT,2021-12-23,50,500.0,39.999999999999204,115.37494655,344.6250534500008
2021-12-20,HIGH_RANGE|FADE|H10_30,HIGH_RANGE,FADE,H10_30,CALL,2021-12-23,50,-975.0,39.99999999999932,115.47756147,-1130.4775614699993
2021-12-20,HIGH_RANGE|FADE|H15_10,HIGH_RANGE,FADE,H15_10,CALL,2021-12-23,50,-1062.500000000001,40.0,113.425006695,-1215.925006695001
2021-12-21,HIGH_RANGE|CONTINUE|H10_30,HIGH_RANGE,CONTINUE,H10_30,CALL,2021-12-23,50,1350.0000000000002,39.99999999999932,115.69889082,1194.3011091800008
2021-12-21,HIGH_RANGE|CONTINUE|H15_10,HIGH_RANGE,CONTINUE,H15_10,CALL,2021-12-23,50,187.4999999999996,39.99999999999983,110.70352497500001,36.796475024999765
2021-12-21,HIGH_RANGE|FADE|H10_30,HIGH_RANGE,FADE,H10_30,PUT,2021-12-23,50,-934.9999999999998,40.00000000000068,106.42935729999999,-1081.4293573000004
2021-12-21,HIGH_RANGE|FADE|H15_10,HIGH_RANGE,FADE,H15_10,PUT,2021-12-23,50,-392.5000000000002,40.000000000000455,107.424477825,-539.9244778250006
2021-12-22,HIGH_RANGE|CONTINUE|H10_30,HIGH_RANGE,CONTINUE,H10_30,CALL,2021-12-23,50,-597.4999999999998,40.00000000000017,104.234352275,-741.734352275
2021-12-22,HIGH_RANGE|CONTINUE|H15_10,HIGH_RANGE,CONTINUE,H15_10,CALL,2021-12-23,50,1640.0000000000005,39.999999999999474,108.04075056,1491.9592494400008
2021-12-22,HIGH_RANGE|FADE|H10_30,HIGH_RANGE,FADE,H10_30,PUT,2021-12-23,50,265.00000000000057,40.00000000000021,104.66428395,120.33571605000034
2021-12-22,HIGH_RANGE|FADE|H15_10,HIGH_RANGE,FADE,H15_10,PUT,2021-12-23,50,-1672.4999999999995,40.000000000000455,100.115680695,-1812.615680695
2021-12-23,MID_RANGE|CONTINUE|H10_30,MID_RANGE,CONTINUE,H10_30,CALL,2021-12-23,50,-967.5,40.000000000000234,98.566004005,-1106.0660040050002
2021-12-23,MID_RANGE|CONTINUE|H15_10,MID_RANGE,CONTINUE,H15_10,CALL,2021-12-23,50,-930.0,40.00000000000024,98.45638058,-1068.4563805800003
2021-12-23,MID_RANGE|FADE|H10_30,MID_RANGE,FADE,H10_30,PUT,2021-12-23,50,297.4999999999998,40.0000000000003,98.42195879500001,159.07804120499947
2021-12-23,MID_RANGE|FADE|H15_10,MID_RANGE,FADE,H15_10,PUT,2021-12-23,50,-1477.5000000000002,40.000000000000256,95.50216598499998,-1613.0021659850004
2021-12-24,LOW_RANGE|CONTINUE|H10_30,LOW_RANGE,CONTINUE,H10_30,CALL,2021-12-30,50,-1417.4999999999998,39.99999999999977,110.21325551500001,-1567.7132555149997
2021-12-24,LOW_RANGE|CONTINUE|H15_10,LOW_RANGE,CONTINUE,H15_10,CALL,2021-12-30,50,-1154.9999999999995,39.99999999999977,110.38007321,-1305.3800732099994
2021-12-24,LOW_RANGE|FADE|H10_30,LOW_RANGE,FADE,H10_30,PUT,2021-12-30,50,1310.0000000000011,40.000000000000455,116.8135223,1153.1864777000008
2021-12-24,LOW_RANGE|FADE|H15_10,LOW_RANGE,FADE,H15_10,PUT,2021-12-30,50,840.0,40.000000000000114,114.92635411,685.0736458899999
2021-12-27,LOW_RANGE|CONTINUE|H10_30,LOW_RANGE,CONTINUE,H10_30,PUT,2021-12-30,50,-590.0000000000002,40.0,110.67733656,-740.6773365600002
2021-12-27,LOW_RANGE|CONTINUE|H15_10,LOW_RANGE,CONTINUE,H15_10,PUT,2021-12-30,50,-1770.0000000000007,39.999999999999545,107.30713922000001,-1917.3071392200002
2021-12-27,LOW_RANGE|FADE|H10_30,LOW_RANGE,FADE,H10_30,CALL,2021-12-30,50,749.9999999999994,40.000000000000114,111.76411754,598.2358824599993
2021-12-27,LOW_RANGE|FADE|H15_10,LOW_RANGE,FADE,H15_10,CALL,2021-12-30,50,2274.999999999999,39.99999999999909,116.67270253000001,2118.32729747
2021-12-28,LOW_RANGE|CONTINUE|H10_30,LOW_RANGE,CONTINUE,H10_30,CALL,2021-12-30,50,-69.99999999999955,40.000000000000284,107.23463891,-217.23463890999983
2021-12-28,LOW_RANGE|CONTINUE|H15_10,LOW_RANGE,CONTINUE,H15_10,CALL,2021-12-30,50,1225.0,39.99999999999966,109.87980268999999,1075.1201973100005
2021-12-28,LOW_RANGE|FADE|H10_30,LOW_RANGE,FADE,H10_30,PUT,2021-12-30,50,-62.49999999999946,40.0000000000004,105.497723995,-207.99772399499986
2021-12-28,LOW_RANGE|FADE|H15_10,LOW_RANGE,FADE,H15_10,PUT,2021-12-30,50,-1237.4999999999995,40.00000000000057,102.515708265,-1380.0157082650003
2021-12-29,LOW_RANGE|CONTINUE|H10_30,LOW_RANGE,CONTINUE,H10_30,PUT,2021-12-30,50,-312.49999999999966,40.00000000000017,102.383374515,-454.88337451499984
2021-12-29,LOW_RANGE|CONTINUE|H15_10,LOW_RANGE,CONTINUE,H15_10,PUT,2021-12-30,50,-114.99999999999977,40.000000000000114,102.14685361000001,-257.1468536099999
2021-12-29,LOW_RANGE|FADE|H10_30,LOW_RANGE,FADE,H10_30,CALL,2021-12-30,50,12.499999999999915,40.00000000000021,102.108766205,-129.6087662050003
2021-12-29,LOW_RANGE|FADE|H15_10,LOW_RANGE,FADE,H15_10,CALL,2021-12-30,50,-772.5,40.0000000000004,100.491760985,-912.9917609850005
2021-12-30,LOW_RANGE|CONTINUE|H10_30,LOW_RANGE,CONTINUE,H10_30,PUT,2021-12-30,50,-857.5000000000001,40.000000000000135,96.750990665,-994.2509906650002
2021-12-30,LOW_RANGE|CONTINUE|H15_10,LOW_RANGE,CONTINUE,H15_10,PUT,2021-12-30,50,-1542.5,40.00000000000023,95.57753739499998,-1678.0775373950003
2021-12-30,LOW_RANGE|FADE|H10_30,LOW_RANGE,FADE,H10_30,CALL,2021-12-30,50,862.5000000000001,40.00000000000022,100.541108785,721.9588912149999
2021-12-30,LOW_RANGE|FADE|H15_10,LOW_RANGE,FADE,H15_10,CALL,2021-12-30,50,-1932.5,40.0,96.466646835,-2068.966646835
2021-12-31,HIGH_RANGE|CONTINUE|H10_30,HIGH_RANGE,CONTINUE,H10_30,CALL,2022-01-06,50,199.99999999999966,39.99999999999913,113.65388642,46.346113580000505
2021-12-31,HIGH_RANGE|CONTINUE|H15_10,HIGH_RANGE,CONTINUE,H15_10,CALL,2022-01-06,50,500.0000000000007,39.99999999999915,114.2827441,345.7172559000016
2021-12-31,HIGH_RANGE|FADE|H10_30,HIGH_RANGE,FADE,H10_30,PUT,2022-01-06,50,-240.00000000000023,40.00000000000057,110.24753713,-390.2475371300008
2021-12-31,HIGH_RANGE|FADE|H15_10,HIGH_RANGE,FADE,H15_10,PUT,2022-01-06,50,-527.4999999999998,40.00000000000068,109.171594125,-676.6715941250004
2022-01-03,LOW_RANGE|CONTINUE|H10_30,LOW_RANGE,CONTINUE,H10_30,CALL,2022-01-06,50,680.0000000000007,39.99999999999966,109.51322895,530.4867710500012
2022-01-03,LOW_RANGE|CONTINUE|H15_10,LOW_RANGE,CONTINUE,H15_10,CALL,2022-01-06,50,2372.5,40.000000000000455,117.047650765,2215.4523492349995
2022-01-03,LOW_RANGE|FADE|H10_30,LOW_RANGE,FADE,H10_30,PUT,2022-01-06,50,-592.5,40.00000000000034,105.46840982500001,-737.9684098250002
2022-01-03,LOW_RANGE|FADE|H15_10,LOW_RANGE,FADE,H15_10,PUT,2022-01-06,50,-1565.0000000000002,40.000000000000455,102.79607558000001,-1707.7960755800007
2022-01-04,LOW_RANGE|CONTINUE|H10_30,LOW_RANGE,CONTINUE,H10_30,CALL,2022-01-06,50,430.00000000000006,40.000000000000156,105.38568741,284.6143125899999
2022-01-04,LOW_RANGE|CONTINUE|H15_10,LOW_RANGE,CONTINUE,H15_10,CALL,2022-01-06,50,1892.5000000000005,39.99999999999943,107.868086015,1744.631913985001
2022-01-04,LOW_RANGE|FADE|H10_30,LOW_RANGE,FADE,H10_30,PUT,2022-01-06,50,-645.0000000000001,40.00000000000034,105.62653029,-790.6265302900005
2022-01-04,LOW_RANGE|FADE|H15_10,LOW_RANGE,FADE,H15_10,PUT,2022-01-06,50,-1975.0,40.00000000000023,102.69482665,-2117.6948266500003
2022-01-05,MID_RANGE|CONTINUE|H10_30,MID_RANGE,CONTINUE,H10_30,CALL,2022-01-06,50,662.5000000000002,40.00000000000014,102.688933395,519.811066605
2022-01-05,MID_RANGE|CONTINUE|H15_10,MID_RANGE,CONTINUE,H15_10,CALL,2022-01-06,50,3310.0,39.999999999999545,107.66089704000001,3162.3391029600007
2022-01-05,MID_RANGE|FADE|H10_30,MID_RANGE,FADE,H10_30,PUT,2022-01-06,50,-502.4999999999999,40.00000000000017,102.295872185,-644.795872185
2022-01-05,MID_RANGE|FADE|H15_10,MID_RANGE,FADE,H15_10,PUT,2022-01-06,50,-2225.0,40.0,98.94839405,-2363.94839405
2022-01-06,MID_RANGE|CONTINUE|H10_30,MID_RANGE,CONTINUE,H10_30,PUT,2022-01-06,50,307.49999999999994,40.0000000000003,98.993824535,168.50617546499967
2022-01-06,MID_RANGE|CONTINUE|H15_10,MID_RANGE,CONTINUE,H15_10,PUT,2022-01-06,50,-1850.0,40.0,95.64451654999999,-1985.64451655
2022-01-06,MID_RANGE|FADE|H10_30,MID_RANGE,FADE,H10_30,CALL,2022-01-06,50,-865.0000000000001,40.00000000000024,98.79929947000001,-1003.7992994700004
2022-01-06,MID_RANGE|FADE|H15_10,MID_RANGE,FADE,H15_10,CALL,2022-01-06,50,-195.00000000000009,40.00000000000034,99.56113045000001,-334.5611304500004
2022-01-07,LOW_RANGE|CONTINUE|H10_30,LOW_RANGE,CONTINUE,H10_30,CALL,2022-01-13,50,352.4999999999999,39.99999999999915,115.91922532499999,196.5807746750007
2022-01-07,LOW_RANGE|CONTINUE|H15_10,LOW_RANGE,CONTINUE,H15_10,CALL,2022-01-13,50,-775.0,39.99999999999977,112.16781936,-927.1678193599997
2022-01-07,LOW_RANGE|FADE|H10_30,LOW_RANGE,FADE,H10_30,PUT,2022-01-13,50,-372.4999999999998,39.999999999999886,111.235971885,-523.7359718849997
2022-01-07,LOW_RANGE|FADE|H15_10,LOW_RANGE,FADE,H15_10,PUT,2022-01-13,50,650.0,39.99999999999909,114.81561343,495.1843865700009
2022-01-10,MID_RANGE|CONTINUE|H10_30,MID_RANGE,CONTINUE,H10_30,CALL,2022-01-13,50,1127.5,39.99999999999977,112.55837364499999,974.941626355
2022-01-10,MID_RANGE|CONTINUE|H15_10,MID_RANGE,CONTINUE,H15_10,CALL,2022-01-13,50,1617.4999999999995,39.99999999999977,114.22285833500001,1463.2771416649998
2022-01-10,MID_RANGE|FADE|H10_30,MID_RANGE,FADE,H10_30,PUT,2022-01-13,50,-1005.0000000000002,39.99999999999977,108.12898820999999,-1153.12898821
2022-01-10,MID_RANGE|FADE|H15_10,MID_RANGE,FADE,H15_10,PUT,2022-01-13,50,-1497.4999999999995,39.99999999999977,106.50744388500001,-1644.0074438849992
2022-01-11,MID_RANGE|CONTINUE|H10_30,MID_RANGE,CONTINUE,H10_30,CALL,2022-01-13,50,-345.0000000000002,40.000000000000284,104.91221134,-489.9122113400005
2022-01-11,MID_RANGE|CONTINUE|H15_10,MID_RANGE,CONTINUE,H15_10,CALL,2022-01-13,50,434.9999999999998,40.0000000000002,106.28511272000001,288.7148872799995
2022-01-11,MID_RANGE|FADE|H10_30,MID_RANGE,FADE,H10_30,PUT,2022-01-13,50,265.00000000000057,40.000000000000625,110.17177290000001,114.82822709999996
2022-01-11,MID_RANGE|FADE|H15_10,MID_RANGE,FADE,H15_10,PUT,2022-01-13,50,-775.0,40.00000000000034,106.60455836999999,-921.6045583700003
2022-01-12,LOW_RANGE|CONTINUE|H10_30,LOW_RANGE,CONTINUE,H10_30,CALL,2022-01-13,50,445.0000000000003,40.00000000000021,102.84139158,302.15860842000006
2022-01-12,LOW_RANGE|CONTINUE|H15_10,LOW_RANGE,CONTINUE,H15_10,CALL,2022-01-13,50,1172.5,40.00000000000017,104.014542835,1028.4854571649998
2022-01-12,LOW_RANGE|FADE|H10_30,LOW_RANGE,FADE,H10_30,PUT,2022-01-13,50,-592.5000000000001,40.000000000000284,101.201848765,-733.7018487650005
2022-01-12,LOW_RANGE|FADE|H15_10,LOW_RANGE,FADE,H15_10,PUT,2022-01-13,50,-1382.5,40.0,99.61030456499999,-1522.110304565
2022-01-13,MID_RANGE|CONTINUE|H10_30,MID_RANGE,CONTINUE,H10_30,CALL,2022-01-13,50,-950.0,40.000000000000114,96.58761257999998,-1086.58761258
2022-01-13,MID_RANGE|CONTINUE|H15_10,MID_RANGE,CONTINUE,H15_10,CALL,2022-01-13,50,-1500.0,40.0,95.73990383,-1635.73990383
2022-01-13,MID_RANGE|FADE|H10_30,MID_RANGE,FADE,H10_30,PUT,2022-01-13,50,1220.0000000000002,40.00000000000025,100.58203768999999,1079.41796231
2022-01-13,MID_RANGE|FADE|H15_10,MID_RANGE,FADE,H15_10,PUT,2022-01-13,50,-1825.0000000000002,40.00000000000003,95.81466232999998,-1960.8146623300001
2022-01-14,LOW_RANGE|CONTINUE|H10_30,LOW_RANGE,CONTINUE,H10_30,PUT,2022-01-20,50,-242.49999999999972,40.00000000000051,110.37413555500001,-392.87413555500024
2022-01-14,LOW_RANGE|CONTINUE|H15_10,LOW_RANGE,CONTINUE,H15_10,PUT,2022-01-20,50,-1132.5000000000002,40.00000000000023,107.316552005,-1279.8165520050004
2022-01-14,LOW_RANGE|FADE|H10_30,LOW_RANGE,FADE,H10_30,CALL,2022-01-20,50,247.5000000000009,39.99999999999909,115.25945555499999,92.24054444500183
2022-01-14,LOW_RANGE|FADE|H15_10,LOW_RANGE,FADE,H15_10,CALL,2022-01-20,50,1260.0000000000002,39.999999999999545,118.9736772,1101.0263228000008
2022-01-17,LOW_RANGE|CONTINUE|H10_30,LOW_RANGE,CONTINUE,H10_30,PUT,2022-01-20,50,-235.0000000000005,40.00000000000057,107.11743255,-382.11743255000107
2022-01-17,LOW_RANGE|CONTINUE|H15_10,LOW_RANGE,CONTINUE,H15_10,PUT,2022-01-20,50,-864.9999999999999,40.00000000000034,105.14801669,-1010.1480166900002
2022-01-17,LOW_RANGE|FADE|H10_30,LOW_RANGE,FADE,H10_30,CALL,2022-01-20,50,247.49999999999977,40.00000000000057,110.11913253499999,97.38086746499921
2022-01-17,LOW_RANGE|FADE|H15_10,LOW_RANGE,FADE,H15_10,CALL,2022-01-20,50,822.5000000000009,39.99999999999983,111.39260891499998,671.1073910850012
2022-01-18,LOW_RANGE|CONTINUE|H10_30,LOW_RANGE,CONTINUE,H10_30,CALL,2022-01-20,50,-1527.5,40.00000000000017,100.543876285,-1668.043876285
2022-01-18,LOW_RANGE|CONTINUE|H15_10,LOW_RANGE,CONTINUE,H15_10,CALL,2022-01-20,50,-2447.5,40.00000000000034,98.97758781499999,-2586.4775878150003
2022-01-18,LOW_RANGE|FADE|H10_30,LOW_RANGE,FADE,H10_30,PUT,2022-01-20,50,1935.0,39.999999999999545,111.77647447,1783.2235255300004
2022-01-18,LOW_RANGE|FADE|H15_10,LOW_RANGE,FADE,H15_10,PUT,2022-01-20,50,3797.500000000001,40.00000000000091,119.151667445,3638.348332555
2022-01-19,HIGH_RANGE|CONTINUE|H10_30,HIGH_RANGE,CONTINUE,H10_30,CALL,2022-01-20,50,-1455.0000000000005,40.00000000000017,101.88271022,-1596.8827102200007
2022-01-19,HIGH_RANGE|CONTINUE|H15_10,HIGH_RANGE,CONTINUE,H15_10,CALL,2022-01-20,50,-2830.0000000000005,39.99999999999943,99.24057547000001,-2969.24057547
2022-01-19,HIGH_RANGE|FADE|H10_30,HIGH_RANGE,FADE,H10_30,PUT,2022-01-20,50,1024.9999999999998,40.000000000000156,104.7772621,880.2227378999995
2022-01-19,HIGH_RANGE|FADE|H15_10,HIGH_RANGE,FADE,H15_10,PUT,2022-01-20,50,2135.0,40.0000000000004,106.71920843999999,1988.2807915599997
2022-01-20,HIGH_RANGE|CONTINUE|H10_30,HIGH_RANGE,CONTINUE,H10_30,CALL,2022-01-20,50,-1025.0,40.000000000000014,97.02065224999998,-1162.02065225
2022-01-20,HIGH_RANGE|CONTINUE|H15_10,HIGH_RANGE,CONTINUE,H15_10,CALL,2022-01-20,50,-1945.0,37.499999999999986,95.522967495,-2078.022967495
2022-01-20,HIGH_RANGE|FADE|H10_30,HIGH_RANGE,FADE,H10_30,PUT,2022-01-20,50,695.0000000000002,40.000000000000355,99.86729336,555.1327066399999
2022-01-20,HIGH_RANGE|FADE|H15_10,HIGH_RANGE,FADE,H15_10,PUT,2022-01-20,50,5552.5,39.99999999999912,106.51995177499998,5405.980048225001
2022-01-21,HIGH_RANGE|CONTINUE|H10_30,HIGH_RANGE,CONTINUE,H10_30,PUT,2022-01-27,50,-470.000000000001,39.999999999999204,117.25621757,-627.2562175700002
2022-01-21,HIGH_RANGE|CONTINUE|H15_10,HIGH_RANGE,CONTINUE,H15_10,PUT,2022-01-27,50,-542.5000000000009,39.99999999999932,115.76401052499999,-698.2640105250002
2022-01-21,HIGH_RANGE|FADE|H10_30,HIGH_RANGE,FADE,H10_30,CALL,2022-01-27,50,432.49999999999886,39.99999999999915,117.663720215,274.8362797849997
2022-01-21,HIGH_RANGE|FADE|H15_10,HIGH_RANGE,FADE,H15_10,CALL,2022-01-27,50,239.99999999999986,39.99999999999915,116.38287803,83.61712197000071
2022-01-24,HIGH_RANGE|CONTINUE|H10_30,HIGH_RANGE,CONTINUE,H10_30,PUT,2022-01-27,50,642.5000000000001,39.999999999999204,114.423895485,488.0761045150009
2022-01-24,HIGH_RANGE|CONTINUE|H15_10,HIGH_RANGE,CONTINUE,H15_10,PUT,2022-01-27,50,3349.999999999999,39.99999999999727,130.64443451,3179.355565490002
2022-01-24,HIGH_RANGE|FADE|H10_30,HIGH_RANGE,FADE,H10_30,CALL,2022-01-27,50,-625.0000000000001,39.99999999999977,113.20263704999999,-778.2026370499999
2022-01-24,HIGH_RANGE|FADE|H15_10,HIGH_RANGE,FADE,H15_10,CALL,2022-01-27,50,-2727.5,39.99999999999909,107.240127505,-2874.7401275049992
2022-01-25,MID_RANGE|CONTINUE|H10_30,MID_RANGE,CONTINUE,H10_30,PUT,2022-01-27,50,-940.0,40.0,115.01582646,-1095.01582646
2022-01-25,MID_RANGE|CONTINUE|H15_10,MID_RANGE,CONTINUE,H15_10,PUT,2022-01-27,50,-2780.000000000001,39.99999999999727,107.74682321999998,-2927.746823219998
2022-01-25,MID_RANGE|FADE|H10_30,MID_RANGE,FADE,H10_30,CALL,2022-01-27,50,752.4999999999993,39.99999999999943,118.37664061500001,594.1233593849998
2022-01-25,MID_RANGE|FADE|H15_10,MID_RANGE,FADE,H15_10,CALL,2022-01-27,50,3515.000000000001,39.999999999998636,127.73600770000002,3347.2639923000024
2022-01-27,MID_RANGE|CONTINUE|H10_30,MID_RANGE,CONTINUE,H10_30,PUT,2022-01-27,50,-307.5000000000002,40.000000000000114,103.44546827500001,-450.94546827500034
2022-01-27,MID_RANGE|CONTINUE|H15_10,MID_RANGE,CONTINUE,H15_10,PUT,2022-01-27,50,-3037.5,40.0,98.533417035,-3176.033417035
2022-01-27,MID_RANGE|FADE|H10_30,MID_RANGE,FADE,H10_30,CALL,2022-01-27,50,-992.4999999999998,40.00000000000017,99.976066025,-1132.476066025
2022-01-27,MID_RANGE|FADE|H15_10,MID_RANGE,FADE,H15_10,CALL,2022-01-27,50,2517.5,40.00000000000034,104.51814239500001,2372.981857605
2022-01-28,HIGH_RANGE|CONTINUE|H10_30,HIGH_RANGE,CONTINUE,H10_30,CALL,2022-02-03,50,405.0000000000011,39.999999999997726,133.50590892000002,231.49409108000333
2022-01-28,HIGH_RANGE|CONTINUE|H15_10,HIGH_RANGE,CONTINUE,H15_10,CALL,2022-02-03,50,-1124.999999999999,39.999999999998636,125.18815682000002,-1290.1881568199979
2022-01-28,HIGH_RANGE|FADE|H10_30,HIGH_RANGE,FADE,H10_30,PUT,2022-02-03,50,-370.0000000000002,39.999999999997726,131.69390389,-541.693903889998
2022-01-28,HIGH_RANGE|FADE|H15_10,HIGH_RANGE,FADE,H15_10,PUT,2022-02-03,50,1457.4999999999986,39.999999999997726,143.950766045,1273.549233955001
2022-01-31,HIGH_RANGE|CONTINUE|H10_30,HIGH_RANGE,CONTINUE,H10_30,CALL,2022-02-03,50,427.50000000000057,39.999999999997726,131.218548605,256.2814513950028
2022-01-31,HIGH_RANGE|CONTINUE|H15_10,HIGH_RANGE,CONTINUE,H15_10,CALL,2022-02-03,50,307.5000000000002,39.999999999997726,131.797079395,135.7029206050025
2022-01-31,HIGH_RANGE|FADE|H10_30,HIGH_RANGE,FADE,H10_30,PUT,2022-02-03,50,-402.50000000000045,39.99999999999778,128.673422735,-571.1734227349982
2022-01-31,HIGH_RANGE|FADE|H15_10,HIGH_RANGE,FADE,H15_10,PUT,2022-02-03,50,-197.5000000000008,39.999999999997726,128.754257055,-366.25425705499856
2022-02-01,MID_RANGE|CONTINUE|H10_30,MID_RANGE,CONTINUE,H10_30,CALL,2022-02-03,50,432.5000000000016,39.9999999999975,131.76475099499999,260.7352490050041
2022-02-01,MID_RANGE|CONTINUE|H15_10,MID_RANGE,CONTINUE,H15_10,CALL,2022-02-03,50,-149.9999999999991,39.999999999998636,122.53314990999999,-312.53314990999775
2022-02-01,MID_RANGE|FADE|H10_30,MID_RANGE,FADE,H10_30,PUT,2022-02-03,50,-414.9999999999991,39.99999999999852,125.56968818,-580.5696881799976
2022-02-01,MID_RANGE|FADE|H15_10,MID_RANGE,FADE,H15_10,PUT,2022-02-03,50,-829.9999999999991,39.99999999999909,117.75552971999998,-987.7555297199982
2022-02-02,HIGH_RANGE|CONTINUE|H10_30,HIGH_RANGE,CONTINUE,H10_30,CALL,2022-02-03,50,-207.5,40.00000000000017,103.233698755,-350.7336987550002
2022-02-02,HIGH_RANGE|CONTINUE|H15_10,HIGH_RANGE,CONTINUE,H15_10,CALL,2022-02-03,50,312.5,40.00000000000017,103.83912167499999,168.66087832499983
2022-02-02,HIGH_RANGE|FADE|H10_30,HIGH_RANGE,FADE,H10_30,PUT,2022-02-03,50,-372.49999999999943,40.000000000000455,106.481405475,-518.9814054749999
2022-02-02,HIGH_RANGE|FADE|H15_10,HIGH_RANGE,FADE,H15_10,PUT,2022-02-03,50,-1652.4999999999995,40.00000000000068,103.058060465,-1795.5580604650002
2022-02-03,LOW_RANGE|CONTINUE|H10_30,LOW_RANGE,CONTINUE,H10_30,CALL,2022-02-03,50,-765.0,40.00000000000011,96.66804224,-901.6680422400001
2022-02-03,LOW_RANGE|CONTINUE|H15_10,LOW_RANGE,CONTINUE,H15_10,CALL,2022-02-03,50,-1637.5,35.00000000000023,95.306151565,-1767.8061515650002
2022-02-03,LOW_RANGE|FADE|H10_30,LOW_RANGE,FADE,H10_30,PUT,2022-02-03,50,1132.5,40.00000000000024,101.299494235,991.2005057649998
2022-02-03,LOW_RANGE|FADE|H15_10,LOW_RANGE,FADE,H15_10,PUT,2022-02-03,50,6107.5,40.00000000000003,107.87668155499999,5959.623318445
2022-02-04,HIGH_RANGE|CONTINUE|H10_30,HIGH_RANGE,CONTINUE,H10_30,CALL,2022-02-10,50,-372.4999999999998,39.999999999999204,113.31348037500001,-525.813480374999
2022-02-04,HIGH_RANGE|CONTINUE|H15_10,HIGH_RANGE,CONTINUE,H15_10,CALL,2022-02-10,50,-455.00000000000045,39.99999999999977,112.07669285,-607.0766928500002
2022-02-04,HIGH_RANGE|FADE|H10_30,HIGH_RANGE,FADE,H10_30,PUT,2022-02-10,50,290.00000000000057,39.99999999999915,119.36304615,130.63695385000142
2022-02-04,HIGH_RANGE|FADE|H15_10,HIGH_RANGE,FADE,H15_10,PUT,2022-02-10,50,255.00000000000045,39.999999999999204,118.93707619,96.06292381000125
2022-02-07,LOW_RANGE|CONTINUE|H10_30,LOW_RANGE,CONTINUE,H10_30,PUT,2022-02-10,50,252.50000000000057,39.99999999999915,114.33234655500002,98.1676534450014
2022-02-07,LOW_RANGE|CONTINUE|H15_10,LOW_RANGE,CONTINUE,H15_10,PUT,2022-02-10,50,2725.000000000001,39.99999999999909,125.26140619999998,2559.738593800002
2022-02-07,LOW_RANGE|FADE|H10_30,LOW_RANGE,FADE,H10_30,CALL,2022-02-10,50,-312.5,40.00000000000057,109.36882252500001,-461.8688225250006
2022-02-07,LOW_RANGE|FADE|H15_10,LOW_RANGE,FADE,H15_10,CALL,2022-02-10,50,-2462.5,40.0,104.236122925,-2606.736122925
2022-02-08,MID_RANGE|CONTINUE|H10_30,MID_RANGE,CONTINUE,H10_30,CALL,2022-02-10,50,-1500.0,40.000000000000114,105.51395384000001,-1645.51395384
2022-02-08,MID_RANGE|CONTINUE|H15_10,MID_RANGE,CONTINUE,H15_10,CALL,2022-02-10,50,22.500000000000114,40.00000000000034,108.57852517499998,-126.07852517500021
2022-02-08,MID_RANGE|FADE|H10_30,MID_RANGE,FADE,H10_30,PUT,2022-02-10,50,1530.0000000000002,39.99999999999977,116.25560549000001,1373.7443945100003
2022-02-08,MID_RANGE|FADE|H15_10,MID_RANGE,FADE,H15_10,PUT,2022-02-10,50,-664.9999999999995,40.000000000000455,107.29463916,-812.29463916
2022-02-09,HIGH_RANGE|CONTINUE|H10_30,HIGH_RANGE,CONTINUE,H10_30,CALL,2022-02-10,50,-355.0000000000001,40.000000000000256,102.8530912,-497.8530912000004
2022-02-09,HIGH_RANGE|CONTINUE|H15_10,HIGH_RANGE,CONTINUE,H15_10,CALL,2022-02-10,50,1109.9999999999995,40.00000000000014,105.09269963000001,964.9073003699996
2022-02-09,HIGH_RANGE|FADE|H10_30,HIGH_RANGE,FADE,H10_30,PUT,2022-02-10,50,300.00000000000017,40.000000000000156,103.92368874,156.07631126
2022-02-09,HIGH_RANGE|FADE|H15_10,HIGH_RANGE,FADE,H15_10,PUT,2022-02-10,50,-1632.5,40.0,99.767914765,-1772.2679147650001
2022-02-10,MID_RANGE|CONTINUE|H10_30,MID_RANGE,CONTINUE,H10_30,CALL,2022-02-10,50,2117.4999999999995,40.00000000000047,104.203302975,1973.296697024999
2022-02-10,MID_RANGE|CONTINUE|H15_10,MID_RANGE,CONTINUE,H15_10,CALL,2022-02-10,50,5479.999999999999,39.99999999999909,108.54138325,5331.45861675
2022-02-10,MID_RANGE|FADE|H10_30,MID_RANGE,FADE,H10_30,PUT,2022-02-10,50,-1432.5,40.00000000000024,96.56506906499999,-1569.0650690650002
2022-02-10,MID_RANGE|FADE|H15_10,MID_RANGE,FADE,H15_10,PUT,2022-02-10,50,-1872.5,35.0,95.722010945,-2003.222010945
2022-02-11,HIGH_RANGE|CONTINUE|H10_30,HIGH_RANGE,CONTINUE,H10_30,PUT,2022-02-17,50,737.4999999999998,39.99999999999886,119.591702825,577.9082971750009
2022-02-11,HIGH_RANGE|CONTINUE|H15_10,HIGH_RANGE,CONTINUE,H15_10,PUT,2022-02-17,50,270.0000000000003,39.99999999999915,116.30447463000002,113.69552537000112
2022-02-11,HIGH_RANGE|FADE|H10_30,HIGH_RANGE,FADE,H10_30,CALL,2022-02-17,50,-689.9999999999992,39.99999999999977,111.82793542,-841.827935419999
2022-02-11,HIGH_RANGE|FADE|H15_10,HIGH_RANGE,FADE,H15_10,CALL,2022-02-17,50,-287.5,39.99999999999909,112.83416633499999,-440.33416633499905
2022-02-14,MID_RANGE|CONTINUE|H10_30,MID_RANGE,CONTINUE,H10_30,PUT,2022-02-17,50,-597.4999999999995,39.99999999999818,120.96596427499999,-758.4659642749978
2022-02-14,MID_RANGE|CONTINUE|H15_10,MID_RANGE,CONTINUE,H15_10,PUT,2022-02-17,50,1147.500000000001,39.999999999997726,129.081245155,978.4187548450031
2022-02-14,MID_RANGE|FADE|H10_30,MID_RANGE,FADE,H10_30,CALL,2022-02-17,50,555.0000000000005,39.999999999999204,121.38782051,393.61217949000127
2022-02-14,MID_RANGE|FADE|H15_10,MID_RANGE,FADE,H15_10,CALL,2022-02-17,50,-1442.4999999999995,39.999999999999545,113.49168087499999,-1595.991680874999
2022-02-15,HIGH_RANGE|CONTINUE|H10_30,HIGH_RANGE,CONTINUE,H10_30,CALL,2022-02-17,50,-655.0000000000001,39.999999999999886,110.88749039999999,-805.8874903999999
2022-02-15,HIGH_RANGE|CONTINUE|H15_10,HIGH_RANGE,CONTINUE,H15_10,CALL,2022-02-17,50,4130.0,39.99999999999818,137.26920299,3952.730797010002
2022-02-15,HIGH_RANGE|FADE|H10_30,HIGH_RANGE,FADE,H10_30,PUT,2022-02-17,50,487.5000000000007,39.99999999999909,117.71828123499998,329.78171876500164
2022-02-15,HIGH_RANGE|FADE|H15_10,HIGH_RANGE,FADE,H15_10,PUT,2022-02-17,50,-2864.999999999999,39.999999999999545,105.7256908,-3010.7256907999986
2022-02-16,MID_RANGE|CONTINUE|H10_30,MID_RANGE,CONTINUE,H10_30,CALL,2022-02-17,50,-922.5000000000002,40.000000000000114,103.96983086499999,-1066.4698308650004
2022-02-16,MID_RANGE|CONTINUE|H15_10,MID_RANGE,CONTINUE,H15_10,CALL,2022-02-17,50,-1357.5,40.000000000000455,102.555109335,-1500.0551093350005
2022-02-16,MID_RANGE|FADE|H10_30,MID_RANGE,FADE,H10_30,PUT,2022-02-17,50,935.0000000000002,40.00000000000034,108.11246818999999,786.8875318099999
2022-02-16,MID_RANGE|FADE|H15_10,MID_RANGE,FADE,H15_10,PUT,2022-02-17,50,767.5000000000002,40.00000000000034,106.95994275500001,620.5400572449998
2022-02-17,HIGH_RANGE|CONTINUE|H10_30,HIGH_RANGE,CONTINUE,H10_30,CALL,2022-02-17,50,-1454.9999999999998,40.000000000000256,97.83458965,-1592.83458965
2022-02-17,HIGH_RANGE|CONTINUE|H15_10,HIGH_RANGE,CONTINUE,H15_10,CALL,2022-02-17,50,-2480.0,40.0,96.13836579,-2616.13836579
2022-02-17,HIGH_RANGE|FADE|H10_30,HIGH_RANGE,FADE,H10_30,PUT,2022-02-17,50,2242.5000000000005,39.99999999999966,107.573069015,2094.926930985001
2022-02-17,HIGH_RANGE|FADE|H15_10,HIGH_RANGE,FADE,H15_10,PUT,2022-02-17,50,-1602.5,39.99999999999943,98.82504474499999,-1741.3250447449996
2022-02-18,LOW_RANGE|CONTINUE|H10_30,LOW_RANGE,CONTINUE,H10_30,PUT,2022-02-24,50,107.50000000000028,39.999999999997726,126.86185492499999,-59.36185492499743
2022-02-18,LOW_RANGE|CONTINUE|H15_10,LOW_RANGE,CONTINUE,H15_10,PUT,2022-02-24,50,247.49999999999937,39.999999999997726,126.93905026500002,80.56094973500163
2022-02-18,LOW_RANGE|FADE|H10_30,LOW_RANGE,FADE,H10_30,CALL,2022-02-24,50,-224.9999999999992,39.999999999999204,123.49137629000002,-388.4913762899984
2022-02-18,LOW_RANGE|FADE|H15_10,LOW_RANGE,FADE,H15_10,CALL,2022-02-24,50,-432.5000000000002,39.99999999999909,121.845388515,-594.3453885149993
2022-02-21,HIGH_RANGE|CONTINUE|H10_30,HIGH_RANGE,CONTINUE,H10_30,PUT,2022-02-24,50,-157.50000000000023,39.999999999999204,120.626291545,-318.12629154499945
2022-02-21,HIGH_RANGE|CONTINUE|H15_10,HIGH_RANGE,CONTINUE,H15_10,PUT,2022-02-24,50,-745.0000000000002,39.99999999999932,117.16931927,-902.1693192699995
2022-02-21,HIGH_RANGE|FADE|H10_30,HIGH_RANGE,FADE,H10_30,CALL,2022-02-24,50,2.4999999999998863,39.999999999999176,117.083356615,-154.58335661499927
2022-02-21,HIGH_RANGE|FADE|H15_10,HIGH_RANGE,FADE,H15_10,CALL,2022-02-24,50,522.5000000000001,39.99999999999915,118.609018195,363.89098180500093
2022-02-22,HIGH_RANGE|CONTINUE|H10_30,HIGH_RANGE,CONTINUE,H10_30,PUT,2022-02-24,50,-37.5,39.99999999999909,118.54656334500001,-196.0465633449991
2022-02-22,HIGH_RANGE|CONTINUE|H15_10,HIGH_RANGE,CONTINUE,H15_10,PUT,2022-02-24,50,-1632.5000000000005,39.999999999999545,112.94405921500001,-1785.444059215
2022-02-22,HIGH_RANGE|FADE|H10_30,HIGH_RANGE,FADE,H10_30,CALL,2022-02-24,50,25.0,39.99999999999915,115.33512602,-130.33512601999917
2022-02-22,HIGH_RANGE|FADE|H15_10,HIGH_RANGE,FADE,H15_10,CALL,2022-02-24,50,1777.4999999999998,39.99999999999909,121.14182857499999,1616.3581714250006
2022-02-23,HIGH_RANGE|CONTINUE|H10_30,HIGH_RANGE,CONTINUE,H10_30,CALL,2022-02-24,50,-724.9999999999999,40.00000000000017,104.89057979,-869.89057979
2022-02-23,HIGH_RANGE|CONTINUE|H15_10,HIGH_RANGE,CONTINUE,H15_10,CALL,2022-02-24,50,-2252.5,40.0,101.344873445,-2393.844873445
2022-02-23,HIGH_RANGE|FADE|H10_30,HIGH_RANGE,FADE,H10_30,PUT,2022-02-24,50,724.9999999999999,40.000000000000455,109.60012133,575.3998786699995
2022-02-23,HIGH_RANGE|FADE|H15_10,HIGH_RANGE,FADE,H15_10,PUT,2022-02-24,50,2240.0,39.999999999999886,112.07777258,2087.92222742
2022-02-24,HIGH_RANGE|CONTINUE|H10_30,HIGH_RANGE,CONTINUE,H10_30,PUT,2022-02-24,50,922.5,40.00000000000051,108.18309224500001,774.3169077549995
2022-02-24,HIGH_RANGE|CONTINUE|H15_10,HIGH_RANGE,CONTINUE,H15_10,PUT,2022-02-24,50,7087.499999999999,39.99999999999818,129.457051025,6918.042948975001
2022-02-24,HIGH_RANGE|FADE|H10_30,HIGH_RANGE,FADE,H10_30,CALL,2022-02-24,50,-1322.5000000000005,40.00000000000034,102.479130935,-1464.979130935001
2022-02-24,HIGH_RANGE|FADE|H15_10,HIGH_RANGE,FADE,H15_10,CALL,2022-02-24,50,-3787.5,40.00000000000091,98.225439075,-3925.725439075001
2022-02-25,HIGH_RANGE|CONTINUE|H10_30,HIGH_RANGE,CONTINUE,H10_30,CALL,2022-03-03,50,662.5,39.999999999997726,131.676451185,490.82354881500225
2022-02-25,HIGH_RANGE|CONTINUE|H15_10,HIGH_RANGE,CONTINUE,H15_10,CALL,2022-03-03,50,542.4999999999984,39.999999999997726,131.209256225,371.2907437750007
2022-02-25,HIGH_RANGE|FADE|H10_30,HIGH_RANGE,FADE,H10_30,PUT,2022-03-03,50,-487.50000000000114,39.999999999997954,131.839090035,-659.3390900349991
2022-02-25,HIGH_RANGE|FADE|H15_10,HIGH_RANGE,FADE,H15_10,PUT,2022-03-03,50,-317.50000000000114,39.999999999997726,132.739529955,-490.23952995499883
2022-02-28,MID_RANGE|CONTINUE|H10_30,MID_RANGE,CONTINUE,H10_30,PUT,2022-03-03,50,-619.9999999999989,39.999999999997954,129.50908840999998,-789.5090884099968
2022-02-28,MID_RANGE|CONTINUE|H15_10,MID_RANGE,CONTINUE,H15_10,PUT,2022-03-03,50,-1767.499999999999,39.99999999999909,122.392364705,-1929.8923647049983
2022-02-28,MID_RANGE|FADE|H10_30,MID_RANGE,FADE,H10_30,CALL,2022-03-03,50,775.0,39.999999999997726,131.12449275,603.8755072500023
2022-02-28,MID_RANGE|FADE|H15_10,MID_RANGE,FADE,H15_10,CALL,2022-03-03,50,2784.999999999998,39.99999999999636,150.70396576,2594.296034240002
2022-03-02,HIGH_RANGE|CONTINUE|H10_30,HIGH_RANGE,CONTINUE,H10_30,PUT,2022-03-03,50,810.0000000000009,39.999999999997726,126.40084435,643.5991556500032
2022-03-02,HIGH_RANGE|CONTINUE|H15_10,HIGH_RANGE,CONTINUE,H15_10,PUT,2022-03-03,50,510.0000000000002,39.999999999998636,122.91831729,347.0816827100016
2022-03-02,HIGH_RANGE|FADE|H10_30,HIGH_RANGE,FADE,H10_30,CALL,2022-03-03,50,-1030.0,39.999999999999545,115.74368968,-1185.7436896799995
2022-03-02,HIGH_RANGE|FADE|H15_10,HIGH_RANGE,FADE,H15_10,CALL,2022-03-03,50,-1240.0000000000005,40.0,113.62475090000001,-1393.6247509000004
2022-03-03,LOW_RANGE|CONTINUE|H10_30,LOW_RANGE,CONTINUE,H10_30,CALL,2022-03-03,50,-1074.9999999999998,40.00000000000023,99.13897811999999,-1214.13897812
2022-03-03,LOW_RANGE|CONTINUE|H15_10,LOW_RANGE,CONTINUE,H15_10,CALL,2022-03-03,50,-2837.5,37.5,96.33800439000001,-2971.33800439
2022-03-03,LOW_RANGE|FADE|H10_30,LOW_RANGE,FADE,H10_30,PUT,2022-03-03,50,1070.0,40.00000000000034,106.47224829999999,923.5277516999995
2022-03-03,LOW_RANGE|FADE|H15_10,LOW_RANGE,FADE,H15_10,PUT,2022-03-03,50,7022.5,40.000000000000114,115.77996690500001,6866.720033095
2022-03-04,HIGH_RANGE|CONTINUE|H10_30,HIGH_RANGE,CONTINUE,H10_30,PUT,2022-03-10,50,465.00000000000057,39.999999999997726,139.86048779,285.13951221000286
2022-03-04,HIGH_RANGE|CONTINUE|H15_10,HIGH_RANGE,CONTINUE,H15_10,PUT,2022-03-10,50,-7.499999999998863,39.999999999997726,135.934103805,-183.4341038049966
2022-03-04,HIGH_RANGE|FADE|H10_30,HIGH_RANGE,FADE,H10_30,CALL,2022-03-10,50,-409.99999999999955,39.9999999999975,130.91228601,-580.912286009997
2022-03-04,HIGH_RANGE|FADE|H15_10,HIGH_RANGE,FADE,H15_10,CALL,2022-03-10,50,-37.5,39.999999999997726,132.13635042500002,-209.63635042499774
2022-03-07,MID_RANGE|CONTINUE|H10_30,MID_RANGE,CONTINUE,H10_30,PUT,2022-03-10,50,537.5,39.999999999997726,129.533670025,367.9663299750023
2022-03-07,MID_RANGE|CONTINUE|H15_10,MID_RANGE,CONTINUE,H15_10,PUT,2022-03-10,50,14.999999999999147,39.999999999997726,128.06489182,-153.0648918199986
2022-03-07,MID_RANGE|FADE|H10_30,MID_RANGE,FADE,H10_30,CALL,2022-03-10,50,-647.5000000000007,39.999999999997954,128.861343955,-816.3613439549986
2022-03-07,MID_RANGE|FADE|H15_10,MID_RANGE,FADE,H15_10,CALL,2022-03-10,50,-1.4210854715202004e-12,39.999999999997726,132.36600691,-172.36600690999916
2022-03-08,HIGH_RANGE|CONTINUE|H10_30,HIGH_RANGE,CONTINUE,H10_30,PUT,2022-03-10,50,-577.5000000000005,39.99999999999932,122.44432799500001,-739.9443279949998
2022-03-08,HIGH_RANGE|CONTINUE|H15_10,HIGH_RANGE,CONTINUE,H15_10,PUT,2022-03-10,50,-1627.5,40.000000000000455,117.02249080500002,-1784.5224908050004
2022-03-08,HIGH_RANGE|FADE|H10_30,HIGH_RANGE,FADE,H10_30,CALL,2022-03-10,50,700.0,39.99999999999841,129.10821033000002,530.8917896700016
2022-03-08,HIGH_RANGE|FADE|H15_10,HIGH_RANGE,FADE,H15_10,CALL,2022-03-10,50,1872.5000000000014,39.999999999998636,134.526716475,1697.9732835250027
2022-03-09,MID_RANGE|CONTINUE|H10_30,MID_RANGE,CONTINUE,H10_30,CALL,2022-03-10,50,227.50000000000023,39.99999999999916,111.698935675,75.80106432500108
2022-03-09,MID_RANGE|CONTINUE|H15_10,MID_RANGE,CONTINUE,H15_10,CALL,2022-03-10,50,2740.000000000001,39.999999999999545,121.86658676,2578.1334132400016
2022-03-09,MID_RANGE|FADE|H10_30,MID_RANGE,FADE,H10_30,PUT,2022-03-10,50,-345.000000000001,39.999999999999204,115.21144805999998,-500.2114480600002
2022-03-09,MID_RANGE|FADE|H15_10,MID_RANGE,FADE,H15_10,PUT,2022-03-10,50,-2510.0,40.000000000000455,107.20386106999999,-2657.2038610700006
2022-03-10,HIGH_RANGE|CONTINUE|H10_30,HIGH_RANGE,CONTINUE,H10_30,CALL,2022-03-10,50,2055.0000000000005,40.00000000000034,105.67186405,1909.32813595
2022-03-10,HIGH_RANGE|CONTINUE|H15_10,HIGH_RANGE,CONTINUE,H15_10,CALL,2022-03-10,50,-2807.4999999999995,40.000000000000455,96.98110117499999,-2944.481101175
2022-03-10,HIGH_RANGE|FADE|H10_30,HIGH_RANGE,FADE,H10_30,PUT,2022-03-10,50,-2027.5,40.0,99.176640145,-2166.676640145
2022-03-10,HIGH_RANGE|FADE|H15_10,HIGH_RANGE,FADE,H15_10,PUT,2022-03-10,50,-440.0000000000001,40.000000000000114,100.97138887999999,-580.9713888800002
2022-03-11,HIGH_RANGE|CONTINUE|H10_30,HIGH_RANGE,CONTINUE,H10_30,PUT,2022-03-17,50,442.49999999999966,39.999999999997726,136.06404807500002,266.4359519250019
2022-03-11,HIGH_RANGE|CONTINUE|H15_10,HIGH_RANGE,CONTINUE,H15_10,PUT,2022-03-17,50,-115.00000000000068,39.999999999997726,132.11967743999998,-287.1196774399984
2022-03-11,HIGH_RANGE|FADE|H10_30,HIGH_RANGE,FADE,H10_30,CALL,2022-03-17,50,-399.9999999999993,39.99999999999841,125.94877678,-565.9487767799977
2022-03-11,HIGH_RANGE|FADE|H15_10,HIGH_RANGE,FADE,H15_10,CALL,2022-03-17,50,130.0000000000004,39.99999999999841,127.2097235,-37.209723499998006
2022-03-14,LOW_RANGE|CONTINUE|H10_30,LOW_RANGE,CONTINUE,H10_30,CALL,2022-03-17,50,210.00000000000014,39.99999999999915,125.57071462999998,44.42928537000101
2022-03-14,LOW_RANGE|CONTINUE|H15_10,LOW_RANGE,CONTINUE,H15_10,CALL,2022-03-17,50,1932.499999999999,39.99999999999909,137.158511675,1755.341488325
2022-03-14,LOW_RANGE|FADE|H10_30,LOW_RANGE,FADE,H10_30,PUT,2022-03-17,50,-245.00000000000028,39.999999999997726,125.60566147999998,-410.605661479998
2022-03-14,LOW_RANGE|FADE|H15_10,LOW_RANGE,FADE,H15_10,PUT,2022-03-17,50,-1500.0,39.999999999998636,119.07120723000001,-1659.0712072299987
2022-03-15,LOW_RANGE|CONTINUE|H10_30,LOW_RANGE,CONTINUE,H10_30,CALL,2022-03-17,50,-387.5000000000008,39.99999999999909,119.729285315,-547.2292853149999
2022-03-15,LOW_RANGE|CONTINUE|H15_10,LOW_RANGE,CONTINUE,H15_10,CALL,2022-03-17,50,-2327.4999999999995,40.0,111.747165265,-2479.2471652649997
2022-03-15,LOW_RANGE|FADE|H10_30,LOW_RANGE,FADE,H10_30,PUT,2022-03-17,50,345.0000000000003,39.99999999999915,122.72210054,182.27789946000115
2022-03-15,LOW_RANGE|FADE|H15_10,LOW_RANGE,FADE,H15_10,PUT,2022-03-17,50,2297.500000000001,39.99999999999909,133.068975615,2124.431024385002
2022-03-16,HIGH_RANGE|CONTINUE|H10_30,HIGH_RANGE,CONTINUE,H10_30,CALL,2022-03-17,50,-794.9999999999999,40.00000000000034,107.20835081,-942.2083508100002
2022-03-16,HIGH_RANGE|CONTINUE|H15_10,HIGH_RANGE,CONTINUE,H15_10,CALL,2022-03-17,50,747.4999999999994,39.99999999999977,111.797762565,595.7022374349997
2022-03-16,HIGH_RANGE|FADE|H10_30,HIGH_RANGE,FADE,H10_30,PUT,2022-03-17,50,780.0000000000003,39.99999999999909,114.67881362,625.3211863800012
2022-03-16,HIGH_RANGE|FADE|H15_10,HIGH_RANGE,FADE,H15_10,PUT,2022-03-17,50,-545.0000000000002,39.99999999999983,110.18791786,-695.1879178600001
2022-03-17,MID_RANGE|CONTINUE|H10_30,MID_RANGE,CONTINUE,H10_30,CALL,2022-03-17,50,1247.5000000000002,40.000000000000426,102.991249075,1104.5087509249997
2022-03-17,MID_RANGE|CONTINUE|H15_10,MID_RANGE,CONTINUE,H15_10,CALL,2022-03-17,50,1037.4999999999995,40.00000000000023,101.941274395,895.5587256049994
2022-03-17,MID_RANGE|FADE|H10_30,MID_RANGE,FADE,H10_30,PUT,2022-03-17,50,-1207.5000000000005,40.00000000000017,99.885734035,-1347.3857340350005
2022-03-17,MID_RANGE|FADE|H15_10,MID_RANGE,FADE,H15_10,PUT,2022-03-17,50,-2652.5000000000005,40.000000000000455,97.06557151499999,-2789.565571515001
2022-03-21,HIGH_RANGE|CONTINUE|H10_30,HIGH_RANGE,CONTINUE,H10_30,CALL,2022-03-24,50,-602.5000000000005,39.99999999999932,118.839554085,-761.3395540849998
2022-03-21,HIGH_RANGE|CONTINUE|H15_10,HIGH_RANGE,CONTINUE,H15_10,CALL,2022-03-24,50,-1645.0000000000005,40.0,115.22232652000001,-1800.2223265200005
2022-03-21,HIGH_RANGE|FADE|H10_30,HIGH_RANGE,FADE,H10_30,PUT,2022-03-24,50,644.9999999999995,39.99999999999909,122.69563674999998,482.3043632500005
2022-03-21,HIGH_RANGE|FADE|H15_10,HIGH_RANGE,FADE,H15_10,PUT,2022-03-24,50,1789.9999999999982,39.999999999998636,129.25110372,1620.7488962799996
2022-03-22,LOW_RANGE|CONTINUE|H10_30,LOW_RANGE,CONTINUE,H10_30,CALL,2022-03-24,50,-125.00000000000074,39.99999999999909,119.06417008,-284.0641700799998
2022-03-22,LOW_RANGE|CONTINUE|H15_10,LOW_RANGE,CONTINUE,H15_10,CALL,2022-03-24,50,2685.000000000001,39.99999999999818,132.70616422,2512.2938357800026
2022-03-22,LOW_RANGE|FADE|H10_30,LOW_RANGE,FADE,H10_30,PUT,2022-03-24,50,35.00000000000014,39.99999999999915,117.20833936000001,-122.20833935999902
2022-03-22,LOW_RANGE|FADE|H15_10,LOW_RANGE,FADE,H15_10,PUT,2022-03-24,50,-2179.9999999999995,39.999999999999545,107.94486982000001,-2327.944869819999
2022-03-23,MID_RANGE|CONTINUE|H10_30,MID_RANGE,CONTINUE,H10_30,CALL,2022-03-24,50,-687.5,40.00000000000017,104.706593645,-832.2065936450002
2022-03-23,MID_RANGE|CONTINUE|H15_10,MID_RANGE,CONTINUE,H15_10,CALL,2022-03-24,50,-1910.0,40.000000000000455,101.77822696999999,-2051.7782269700006
2022-03-23,MID_RANGE|FADE|H10_30,MID_RANGE,FADE,H10_30,PUT,2022-03-24,50,747.4999999999997,39.99999999999977,111.793114895,595.7068851049999
2022-03-23,MID_RANGE|FADE|H15_10,MID_RANGE,FADE,H15_10,PUT,2022-03-24,50,1814.9999999999995,39.99999999999977,114.03746179999999,1660.9625381999997
2022-03-24,LOW_RANGE|CONTINUE|H10_30,LOW_RANGE,CONTINUE,H10_30,PUT,2022-03-24,50,-669.9999999999995,40.00000000000023,100.34394750999999,-810.3439475099998
2022-03-24,LOW_RANGE|CONTINUE|H15_10,LOW_RANGE,CONTINUE,H15_10,PUT,2022-03-24,50,-2572.5,40.0,96.96958908499998,-2709.469589085
2022-03-24,LOW_RANGE|FADE|H10_30,LOW_RANGE,FADE,H10_30,CALL,2022-03-24,50,124.9999999999998,40.000000000000256,101.25470922000001,-16.254709220000464
2022-03-24,LOW_RANGE|FADE|H15_10,LOW_RANGE,FADE,H15_10,CALL,2022-03-24,50,-1247.5,40.0,98.537100415,-1386.037100415
2022-03-25,LOW_RANGE|CONTINUE|H10_30,LOW_RANGE,CONTINUE,H10_30,CALL,2022-03-31,50,-72.49999999999943,39.99999999999915,123.27485941500001,-235.7748594149986
2022-03-25,LOW_RANGE|CONTINUE|H15_10,LOW_RANGE,CONTINUE,H15_10,CALL,2022-03-31,50,-655.0000000000005,39.99999999999932,119.84355048999998,-814.8435504899998
2022-03-25,LOW_RANGE|FADE|H10_30,LOW_RANGE,FADE,H10_30,PUT,2022-03-31,50,20.000000000001023,39.999999999999204,121.84408669000001,-141.8440866899982
2022-03-25,LOW_RANGE|FADE|H15_10,LOW_RANGE,FADE,H15_10,PUT,2022-03-31,50,505.00000000000045,39.999999999999204,123.55262307999999,341.44737692000126
2022-03-28,LOW_RANGE|CONTINUE|H10_30,LOW_RANGE,CONTINUE,H10_30,CALL,2022-03-31,50,-492.4999999999998,39.99999999999909,114.551980305,-647.0519803049989
2022-03-28,LOW_RANGE|CONTINUE|H15_10,LOW_RANGE,CONTINUE,H15_10,CALL,2022-03-31,50,2057.5,39.99999999999932,123.164582595,1894.335417405001
2022-03-28,LOW_RANGE|FADE|H10_30,LOW_RANGE,FADE,H10_30,PUT,2022-03-31,50,490.00000000000045,39.99999999999909,119.21371963999998,330.7862803600014
2022-03-28,LOW_RANGE|FADE|H15_10,LOW_RANGE,FADE,H15_10,PUT,2022-03-31,50,-1894.9999999999986,40.000000000000455,109.70977932,-2044.7097793199991
2022-03-29,HIGH_RANGE|CONTINUE|H10_30,HIGH_RANGE,CONTINUE,H10_30,CALL,2022-03-31,50,157.50000000000028,40.00000000000057,109.118062515,8.38193748499971
2022-03-29,HIGH_RANGE|CONTINUE|H15_10,HIGH_RANGE,CONTINUE,H15_10,CALL,2022-03-31,50,625.0000000000005,40.00000000000064,109.37500987,475.6249901299998
2022-03-29,HIGH_RANGE|FADE|H10_30,HIGH_RANGE,FADE,H10_30,PUT,2022-03-31,50,-157.49999999999994,40.000000000000526,107.26424029500001,-304.7642402950005
2022-03-29,HIGH_RANGE|FADE|H15_10,HIGH_RANGE,FADE,H15_10,PUT,2022-03-31,50,-909.9999999999999,40.00000000000034,105.03788596,-1055.0378859600003
2022-03-30,MID_RANGE|CONTINUE|H10_30,MID_RANGE,CONTINUE,H10_30,CALL,2022-03-31,50,584.9999999999994,40.000000000000284,108.11003431,436.8899656899991
2022-03-30,MID_RANGE|CONTINUE|H15_10,MID_RANGE,CONTINUE,H15_10,CALL,2022-03-31,50,1287.4999999999995,39.999999999999716,109.42443367499999,1138.0755663249997
2022-03-30,MID_RANGE|FADE|H10_30,MID_RANGE,FADE,H10_30,PUT,2022-03-31,50,-237.5,40.00000000000021,100.277173645,-377.77717364500023
2022-03-30,MID_RANGE|FADE|H15_10,MID_RANGE,FADE,H15_10,PUT,2022-03-31,50,-712.4999999999998,40.00000000000017,99.047549595,-851.547549595
2022-03-31,MID_RANGE|CONTINUE|H10_30,MID_RANGE,CONTINUE,H10_30,CALL,2022-03-31,50,617.5000000000001,40.00000000000034,100.138775915,477.3612240849998
2022-03-31,MID_RANGE|CONTINUE|H15_10,MID_RANGE,CONTINUE,H15_10,CALL,2022-03-31,50,-2440.0,40.0,95.66511277000001,-2575.66511277
2022-03-31,MID_RANGE|FADE|H10_30,MID_RANGE,FADE,H10_30,PUT,2022-03-31,50,-657.5,40.00000000000013,97.661332915,-795.1613329150001
2022-03-31,MID_RANGE|FADE|H15_10,MID_RANGE,FADE,H15_10,PUT,2022-03-31,50,-355.0,40.000000000000085,97.82895993,-492.8289599300001
2022-04-01,MID_RANGE|CONTINUE|H10_30,MID_RANGE,CONTINUE,H10_30,PUT,2022-04-07,50,-767.5,39.999999999999886,113.05683799500001,-920.5568379949999
2022-04-01,MID_RANGE|CONTINUE|H15_10,MID_RANGE,CONTINUE,H15_10,PUT,2022-04-07,50,-1882.5,40.0,108.946652435,-2031.446652435
2022-04-01,MID_RANGE|FADE|H10_30,MID_RANGE,FADE,H10_30,CALL,2022-04-07,50,857.4999999999995,39.99999999999909,121.16504324499999,696.3349567550005
2022-04-01,MID_RANGE|FADE|H15_10,MID_RANGE,FADE,H15_10,CALL,2022-04-07,50,2179.9999999999995,39.999999999997726,126.98163628999998,2013.0183637100017
2022-04-04,LOW_RANGE|CONTINUE|H10_30,LOW_RANGE,CONTINUE,H10_30,CALL,2022-04-07,50,1747.499999999999,39.999999999999545,118.189951135,1589.3100488649995
2022-04-04,LOW_RANGE|CONTINUE|H15_10,LOW_RANGE,CONTINUE,H15_10,CALL,2022-04-07,50,2052.499999999999,39.99999999999818,118.602793325,1893.897206675001
2022-04-04,LOW_RANGE|FADE|H10_30,LOW_RANGE,FADE,H10_30,PUT,2022-04-07,50,-1362.4999999999998,40.00000000000023,106.81924539500001,-1509.319245395
2022-04-04,LOW_RANGE|FADE|H15_10,LOW_RANGE,FADE,H15_10,PUT,2022-04-07,50,-1809.9999999999995,40.00000000000068,105.00573324999999,-1955.0057332500003
2022-04-05,LOW_RANGE|CONTINUE|H10_30,LOW_RANGE,CONTINUE,H10_30,CALL,2022-04-07,50,-945.0,40.00000000000034,107.11236246000001,-1092.1123624600002
2022-04-05,LOW_RANGE|CONTINUE|H15_10,LOW_RANGE,CONTINUE,H15_10,CALL,2022-04-07,50,-1790.0,40.0,104.61108596000001,-1934.61108596
2022-04-05,LOW_RANGE|FADE|H10_30,LOW_RANGE,FADE,H10_30,PUT,2022-04-07,50,890.0000000000005,40.00000000000051,107.96980377,742.03019623
2022-04-05,LOW_RANGE|FADE|H15_10,LOW_RANGE,FADE,H15_10,PUT,2022-04-07,50,1495.0,39.99999999999983,109.04403733000001,1345.95596267
2022-04-06,MID_RANGE|CONTINUE|H10_30,MID_RANGE,CONTINUE,H10_30,PUT,2022-04-07,50,475.0,40.000000000000156,103.70646519,331.2935348099998
2022-04-06,MID_RANGE|CONTINUE|H15_10,MID_RANGE,CONTINUE,H15_10,PUT,2022-04-07,50,357.49999999999994,40.00000000000023,103.08478578500001,214.4152142149997
2022-04-06,MID_RANGE|FADE|H10_30,MID_RANGE,FADE,H10_30,CALL,2022-04-07,50,-554.9999999999995,40.000000000000256,103.18832451,-698.1883245099998
2022-04-06,MID_RANGE|FADE|H15_10,MID_RANGE,FADE,H15_10,CALL,2022-04-07,50,-1264.9999999999998,40.00000000000034,101.34742476999999,-1406.34742477
2022-04-07,LOW_RANGE|CONTINUE|H10_30,LOW_RANGE,CONTINUE,H10_30,PUT,2022-04-07,50,42.499999999999936,40.0000000000003,98.01942359499999,-95.51942359500036
2022-04-07,LOW_RANGE|CONTINUE|H15_10,LOW_RANGE,CONTINUE,H15_10,PUT,2022-04-07,50,1245.0,40.00000000000024,99.54843693999999,1105.45156306
2022-04-07,LOW_RANGE|FADE|H10_30,LOW_RANGE,FADE,H10_30,CALL,2022-04-07,50,-834.9999999999999,40.000000000000355,98.12599431000001,-973.1259943100002
2022-04-07,LOW_RANGE|FADE|H15_10,LOW_RANGE,FADE,H15_10,CALL,2022-04-07,50,-2312.5,40.0,95.780398475,-2448.280398475
2022-04-08,LOW_RANGE|CONTINUE|H10_30,LOW_RANGE,CONTINUE,H10_30,CALL,2022-04-13,50,-97.50000000000014,39.99999999999915,115.28733269499999,-252.7873326949993
2022-04-08,LOW_RANGE|CONTINUE|H15_10,LOW_RANGE,CONTINUE,H15_10,CALL,2022-04-13,50,1810.000000000001,39.99999999999932,122.15916396000001,1647.8408360400015
2022-04-08,LOW_RANGE|FADE|H10_30,LOW_RANGE,FADE,H10_30,PUT,2022-04-13,50,-102.50000000000045,40.0,112.863471625,-255.36347162500044
2022-04-08,LOW_RANGE|FADE|H15_10,LOW_RANGE,FADE,H15_10,PUT,2022-04-13,50,-1775.000000000001,39.999999999999545,107.58822209,-1922.5882220900005
2022-04-11,LOW_RANGE|CONTINUE|H10_30,LOW_RANGE,CONTINUE,H10_30,PUT,2022-04-13,50,-450.0000000000007,40.00000000000057,108.23084709,-598.2308470900012
2022-04-11,LOW_RANGE|CONTINUE|H15_10,LOW_RANGE,CONTINUE,H15_10,PUT,2022-04-13,50,-302.50000000000034,40.00000000000034,107.92824715500001,-450.4282471550007
2022-04-11,LOW_RANGE|FADE|H10_30,LOW_RANGE,FADE,H10_30,CALL,2022-04-13,50,437.4999999999996,40.00000000000051,108.649665415,288.8503345849991
2022-04-11,LOW_RANGE|FADE|H15_10,LOW_RANGE,FADE,H15_10,CALL,2022-04-13,50,-240.0000000000001,40.000000000000455,106.20406423,-386.20406423000054
2022-04-12,MID_RANGE|CONTINUE|H10_30,MID_RANGE,CONTINUE,H10_30,PUT,2022-04-13,50,1397.4999999999998,40.00000000000023,105.457549125,1252.0424508749995
2022-04-12,MID_RANGE|CONTINUE|H15_10,MID_RANGE,CONTINUE,H15_10,PUT,2022-04-13,50,-120.00000000000051,40.00000000000014,101.65177559,-261.6517755900006
2022-04-12,MID_RANGE|FADE|H10_30,MID_RANGE,FADE,H10_30,CALL,2022-04-13,50,-1465.0,40.0000000000004,101.80349749999999,-1606.8034975000005
2022-04-12,MID_RANGE|FADE|H15_10,MID_RANGE,FADE,H15_10,CALL,2022-04-13,50,-1015.0,40.00000000000034,101.95203245,-1156.9520324500004
2022-04-13,LOW_RANGE|CONTINUE|H10_30,LOW_RANGE,CONTINUE,H10_30,CALL,2022-04-13,50,-1330.0,40.0,96.22670111999999,-1466.22670112
2022-04-13,LOW_RANGE|CONTINUE|H15_10,LOW_RANGE,CONTINUE,H15_10,CALL,2022-04-13,50,-1837.5,37.50000000000022,95.37757902,-1970.3775790200002
2022-04-13,LOW_RANGE|FADE|H10_30,LOW_RANGE,FADE,H10_30,PUT,2022-04-13,50,3225.0000000000005,40.00000000000051,103.74351526000001,3081.25648474
2022-04-13,LOW_RANGE|FADE|H15_10,LOW_RANGE,FADE,H15_10,PUT,2022-04-13,50,6812.5,40.000000000000014,107.749191885,6664.750808115
2022-04-18,LOW_RANGE|CONTINUE|H10_30,LOW_RANGE,CONTINUE,H10_30,PUT,2022-04-21,50,819.9999999999999,39.999999999999886,113.87092836000001,666.12907164
2022-04-18,LOW_RANGE|CONTINUE|H15_10,LOW_RANGE,CONTINUE,H15_10,PUT,2022-04-21,50,540.0000000000006,39.99999999999983,112.3965994,387.6034006000008
2022-04-18,LOW_RANGE|FADE|H10_30,LOW_RANGE,FADE,H10_30,CALL,2022-04-21,50,-934.9999999999999,39.99999999999977,111.68122439999999,-1086.6812243999996
2022-04-18,LOW_RANGE|FADE|H15_10,LOW_RANGE,FADE,H15_10,CALL,2022-04-21,50,-839.9999999999991,39.99999999999977,111.27182773999999,-991.2718277399988
2022-04-19,HIGH_RANGE|CONTINUE|H10_30,HIGH_RANGE,CONTINUE,H10_30,CALL,2022-04-21,50,-352.4999999999999,40.00000000000034,107.778510065,-500.2785100650002
2022-04-19,HIGH_RANGE|CONTINUE|H15_10,HIGH_RANGE,CONTINUE,H15_10,CALL,2022-04-21,50,-2612.4999999999995,40.00000000000068,102.60175580500001,-2755.101755805
2022-04-19,HIGH_RANGE|FADE|H10_30,HIGH_RANGE,FADE,H10_30,PUT,2022-04-21,50,227.4999999999995,40.00000000000057,106.698042755,80.80195724499892
2022-04-19,HIGH_RANGE|FADE|H15_10,HIGH_RANGE,FADE,H15_10,PUT,2022-04-21,50,2977.499999999999,39.999999999999545,115.203147565,2822.2968524349994
2022-04-20,HIGH_RANGE|CONTINUE|H10_30,HIGH_RANGE,CONTINUE,H10_30,CALL,2022-04-21,50,570.0000000000001,40.00000000000017,104.77037991999998,425.2296200799999
2022-04-20,HIGH_RANGE|CONTINUE|H15_10,HIGH_RANGE,CONTINUE,H15_10,CALL,2022-04-21,50,690.0000000000005,40.00000000000023,104.49859534999999,545.5014046500003
2022-04-20,HIGH_RANGE|FADE|H10_30,HIGH_RANGE,FADE,H10_30,PUT,2022-04-21,50,-672.5000000000001,40.000000000000284,103.282386285,-815.7823862850005
2022-04-20,HIGH_RANGE|FADE|H15_10,HIGH_RANGE,FADE,H15_10,PUT,2022-04-21,50,-1062.5000000000002,40.000000000000114,102.038215195,-1204.5382151950005
2022-04-21,MID_RANGE|CONTINUE|H10_30,MID_RANGE,CONTINUE,H10_30,CALL,2022-04-21,50,757.5000000000003,40.000000000000234,100.70397660500001,616.7960233950001
2022-04-21,MID_RANGE|CONTINUE|H15_10,MID_RANGE,CONTINUE,H15_10,CALL,2022-04-21,50,6735.0,39.99999999999909,109.07104786,6585.928952140001
2022-04-21,MID_RANGE|FADE|H10_30,MID_RANGE,FADE,H10_30,PUT,2022-04-21,50,-539.9999999999998,40.00000000000013,96.87476831,-676.8747683099999
2022-04-21,MID_RANGE|FADE|H15_10,MID_RANGE,FADE,H15_10,PUT,2022-04-21,50,-1414.9999999999998,40.000000000000256,95.39072454999999,-1550.39072455
2022-04-22,HIGH_RANGE|CONTINUE|H10_30,HIGH_RANGE,CONTINUE,H10_30,PUT,2022-04-28,50,54.999999999999005,39.99999999999915,116.72538634,-101.72538634000014
2022-04-22,HIGH_RANGE|CONTINUE|H15_10,HIGH_RANGE,CONTINUE,H15_10,PUT,2022-04-28,50,685.0000000000001,39.999999999999204,118.92718570000001,526.0728143000009
2022-04-22,HIGH_RANGE|FADE|H10_30,HIGH_RANGE,FADE,H10_30,CALL,2022-04-28,50,-29.999999999999375,39.99999999999915,112.38971425999999,-182.38971425999853
2022-04-22,HIGH_RANGE|FADE|H15_10,HIGH_RANGE,FADE,H15_10,CALL,2022-04-28,50,-889.9999999999997,39.99999999999977,110.01594519,-1040.0159451899995
2022-04-25,MID_RANGE|CONTINUE|H10_30,MID_RANGE,CONTINUE,H10_30,PUT,2022-04-28,50,-167.50000000000043,39.99999999999915,115.97377154499999,-323.4737715449996
2022-04-25,MID_RANGE|CONTINUE|H15_10,MID_RANGE,CONTINUE,H15_10,PUT,2022-04-28,50,350.0000000000007,39.99999999999909,117.72363262000002,192.27636738000157
2022-04-25,MID_RANGE|FADE|H10_30,MID_RANGE,FADE,H10_30,CALL,2022-04-28,50,242.50000000000006,39.99999999999915,111.748039705,90.75196029500091
2022-04-25,MID_RANGE|FADE|H15_10,MID_RANGE,FADE,H15_10,CALL,2022-04-28,50,-334.99999999999943,39.99999999999977,109.59261735999999,-484.59261735999917
2022-04-26,MID_RANGE|CONTINUE|H10_30,MID_RANGE,CONTINUE,H10_30,CALL,2022-04-28,50,-329.9999999999998,40.00000000000051,108.49819224000001,-478.4981922400002
2022-04-26,MID_RANGE|CONTINUE|H15_10,MID_RANGE,CONTINUE,H15_10,CALL,2022-04-28,50,472.5000000000001,40.00000000000057,109.703070825,322.79692917499955
2022-04-26,MID_RANGE|FADE|H10_30,MID_RANGE,FADE,H10_30,PUT,2022-04-28,50,207.49999999999957,40.00000000000057,107.357607235,60.142392764999
2022-04-26,MID_RANGE|FADE|H15_10,MID_RANGE,FADE,H15_10,PUT,2022-04-28,50,-720.0000000000001,40.00000000000034,104.88370945000001,-864.8837094500004
2022-04-27,HIGH_RANGE|CONTINUE|H10_30,HIGH_RANGE,CONTINUE,H10_30,PUT,2022-04-28,50,612.5,40.00000000000051,107.48431718500001,465.01568281499954
2022-04-27,HIGH_RANGE|CONTINUE|H15_10,HIGH_RANGE,CONTINUE,H15_10,PUT,2022-04-28,50,444.99999999999994,40.0000000000004,106.62924263,298.3707573699995
2022-04-27,HIGH_RANGE|FADE|H10_30,HIGH_RANGE,FADE,H10_30,CALL,2022-04-28,50,-742.5000000000002,40.00000000000017,103.19731191500001,-885.6973119150003
2022-04-27,HIGH_RANGE|FADE|H15_10,HIGH_RANGE,FADE,H15_10,CALL,2022-04-28,50,-1252.5,40.000000000000114,101.86240713500001,-1394.362407135
2022-04-28,HIGH_RANGE|CONTINUE|H10_30,HIGH_RANGE,CONTINUE,H10_30,CALL,2022-04-28,50,-632.4999999999999,40.00000000000024,99.462810865,-771.9628108650002
2022-04-28,HIGH_RANGE|CONTINUE|H15_10,HIGH_RANGE,CONTINUE,H15_10,CALL,2022-04-28,50,4607.5,39.99999999999909,106.675119215,4460.824880785001
2022-04-28,HIGH_RANGE|FADE|H10_30,HIGH_RANGE,FADE,H10_30,PUT,2022-04-28,50,412.50000000000006,40.0000000000003,99.077283225,273.4227167749998
2022-04-28,HIGH_RANGE|FADE|H15_10,HIGH_RANGE,FADE,H15_10,PUT,2022-04-28,50,-1747.5000000000002,39.999999999999744,95.617542495,-1883.117542495
2022-04-29,MID_RANGE|CONTINUE|H10_30,MID_RANGE,CONTINUE,H10_30,CALL,2022-05-05,50,-242.49999999999972,39.99999999999915,112.15884083499999,-394.65884083499884
2022-04-29,MID_RANGE|CONTINUE|H15_10,MID_RANGE,CONTINUE,H15_10,CALL,2022-05-05,50,-2292.500000000001,39.99999999999886,106.428615105,-2438.9286151049996
2022-04-29,MID_RANGE|FADE|H10_30,MID_RANGE,FADE,H10_30,PUT,2022-05-05,50,257.49999999999966,39.999999999999204,116.886342385,100.61365761500045
2022-04-29,MID_RANGE|FADE|H15_10,MID_RANGE,FADE,H15_10,PUT,2022-05-05,50,2844.999999999998,39.99999999999727,129.06562822,2675.934371780001
2022-05-02,HIGH_RANGE|CONTINUE|H10_30,HIGH_RANGE,CONTINUE,H10_30,PUT,2022-05-05,50,-287.5,39.99999999999915,112.92247206500001,-440.42247206499917
2022-05-02,HIGH_RANGE|CONTINUE|H15_10,HIGH_RANGE,CONTINUE,H15_10,PUT,2022-05-05,50,-1372.5000000000005,40.0,108.724587765,-1521.2245877650005
2022-05-02,HIGH_RANGE|FADE|H10_30,HIGH_RANGE,FADE,H10_30,CALL,2022-05-05,50,304.9999999999997,39.99999999999915,114.98292067,150.01707933000057
2022-05-02,HIGH_RANGE|FADE|H15_10,HIGH_RANGE,FADE,H15_10,CALL,2022-05-05,50,1367.4999999999989,39.99999999999886,118.303102015,1209.196897985
2022-05-04,LOW_RANGE|CONTINUE|H10_30,LOW_RANGE,CONTINUE,H10_30,CALL,2022-05-05,50,-1332.4999999999995,40.00000000000034,105.843841685,-1478.343841685
2022-05-04,LOW_RANGE|CONTINUE|H15_10,LOW_RANGE,CONTINUE,H15_10,CALL,2022-05-05,50,-3679.999999999999,40.00000000000091,100.95231066,-3820.95231066
2022-05-04,LOW_RANGE|FADE|H10_30,LOW_RANGE,FADE,H10_30,PUT,2022-05-05,50,1597.4999999999993,39.99999999999909,110.894721955,1446.6052780450002
2022-05-04,LOW_RANGE|FADE|H15_10,LOW_RANGE,FADE,H15_10,PUT,2022-05-05,50,6027.499999999999,39.99999999999727,129.203220545,5858.296779455002
2022-05-05,MID_RANGE|CONTINUE|H10_30,MID_RANGE,CONTINUE,H10_30,CALL,2022-05-05,50,2897.5,39.99999999999943,107.40273866500002,2750.0972613350004
2022-05-05,MID_RANGE|CONTINUE|H15_10,MID_RANGE,CONTINUE,H15_10,CALL,2022-05-05,50,-3139.9999999999995,40.0000000000004,96.69667542,-3276.69667542
2022-05-05,MID_RANGE|FADE|H10_30,MID_RANGE,FADE,H10_30,PUT,2022-05-05,50,-1767.5,40.0,96.913837765,-1904.413837765
2022-05-05,MID_RANGE|FADE|H15_10,MID_RANGE,FADE,H15_10,PUT,2022-05-05,50,3994.9999999999995,40.00000000000006,104.86524013,3850.1347598699995
2022-05-06,MID_RANGE|CONTINUE|H10_30,MID_RANGE,CONTINUE,H10_30,PUT,2022-05-12,50,407.49999999999966,39.999999999998636,125.34348906500001,242.156510935001
2022-05-06,MID_RANGE|CONTINUE|H15_10,MID_RANGE,CONTINUE,H15_10,PUT,2022-05-12,50,257.5000000000003,39.99999999999915,124.22966098500001,93.27033901500113
2022-05-06,MID_RANGE|FADE|H10_30,MID_RANGE,FADE,H10_30,CALL,2022-05-12,50,-372.5000000000009,39.99999999999915,117.835663285,-530.335663285
2022-05-06,MID_RANGE|FADE|H15_10,MID_RANGE,FADE,H15_10,CALL,2022-05-12,50,-367.50000000000114,39.999999999999204,117.136290115,-524.6362901150003
2022-05-09,MID_RANGE|CONTINUE|H10_30,MID_RANGE,CONTINUE,H10_30,PUT,2022-05-12,50,-832.5000000000002,39.99999999999977,114.614816135,-987.114816135
2022-05-09,MID_RANGE|CONTINUE|H15_10,MID_RANGE,CONTINUE,H15_10,PUT,2022-05-12,50,-1279.9999999999995,40.0,112.12739184,-1432.1273918399995
2022-05-09,MID_RANGE|FADE|H10_30,MID_RANGE,FADE,H10_30,CALL,2022-05-12,50,899.9999999999993,39.99999999999932,121.47148745000001,738.52851255
2022-05-09,MID_RANGE|FADE|H15_10,MID_RANGE,FADE,H15_10,CALL,2022-05-12,50,1397.5000000000002,39.999999999999545,123.22094386500001,1234.2790561350007
2022-05-10,LOW_RANGE|CONTINUE|H10_30,LOW_RANGE,CONTINUE,H10_30,PUT,2022-05-12,50,-122.49999999999943,39.99999999999915,113.20699454499999,-275.70699454499857
2022-05-10,LOW_RANGE|CONTINUE|H15_10,LOW_RANGE,CONTINUE,H15_10,PUT,2022-05-12,50,317.50000000000006,39.99999999999915,113.25307842500001,164.2469215750009
2022-05-10,LOW_RANGE|FADE|H10_30,LOW_RANGE,FADE,H10_30,CALL,2022-05-12,50,175.00000000000034,39.99999999999915,112.81447616,22.185523840001196
2022-05-10,LOW_RANGE|FADE|H15_10,LOW_RANGE,FADE,H15_10,CALL,2022-05-12,50,-597.4999999999998,39.999999999999886,109.565229765,-747.0652297649997
2022-05-11,HIGH_RANGE|CONTINUE|H10_30,HIGH_RANGE,CONTINUE,H10_30,CALL,2022-05-12,50,-2070.0,39.999999999999886,102.09567892000001,-2212.09567892
2022-05-11,HIGH_RANGE|CONTINUE|H15_10,HIGH_RANGE,CONTINUE,H15_10,CALL,2022-05-12,50,-2332.5,40.000000000000455,100.952850525,-2473.4528505250005
2022-05-11,HIGH_RANGE|FADE|H10_30,HIGH_RANGE,FADE,H10_30,PUT,2022-05-12,50,2815.0000000000005,40.000000000000455,118.70536480000001,2656.2946352
2022-05-11,HIGH_RANGE|FADE|H15_10,HIGH_RANGE,FADE,H15_10,PUT,2022-05-12,50,2112.5,39.99999999999977,112.892020875,1959.607979125
2022-05-12,HIGH_RANGE|CONTINUE|H10_30,HIGH_RANGE,CONTINUE,H10_30,PUT,2022-05-12,50,-310.0000000000001,40.00000000000027,101.83848579000001,-451.8384857900004
2022-05-12,HIGH_RANGE|CONTINUE|H15_10,HIGH_RANGE,CONTINUE,H15_10,PUT,2022-05-12,50,2187.5,40.00000000000023,104.446398125,2043.0536018749995
2022-05-12,HIGH_RANGE|FADE|H10_30,HIGH_RANGE,FADE,H10_30,CALL,2022-05-12,50,-77.49999999999989,40.00000000000017,101.907095425,-219.40709542500005
2022-05-12,HIGH_RANGE|FADE|H15_10,HIGH_RANGE,FADE,H15_10,CALL,2022-05-12,50,-2867.4999999999995,37.50000000000034,97.01130955000001,-3002.01130955
2022-05-13,MID_RANGE|CONTINUE|H10_30,MID_RANGE,CONTINUE,H10_30,CALL,2022-05-19,50,-664.9999999999991,39.99999999999909,116.44125372000002,-821.4412537199983
2022-05-13,MID_RANGE|CONTINUE|H15_10,MID_RANGE,CONTINUE,H15_10,CALL,2022-05-19,50,-2312.4999999999995,39.999999999999545,109.96043964500001,-2462.460439644999
2022-05-13,MID_RANGE|FADE|H10_30,MID_RANGE,FADE,H10_30,PUT,2022-05-19,50,587.5,39.99999999999841,126.62059258499998,420.8794074150016
2022-05-13,MID_RANGE|FADE|H15_10,MID_RANGE,FADE,H15_10,PUT,2022-05-19,50,2199.999999999998,39.99999999999818,135.51516307000003,2024.48483693
2022-05-16,HIGH_RANGE|CONTINUE|H10_30,HIGH_RANGE,CONTINUE,H10_30,CALL,2022-05-19,50,234.99999999999943,39.99999999999915,117.89094578,77.10905422000029
2022-05-16,HIGH_RANGE|CONTINUE|H15_10,HIGH_RANGE,CONTINUE,H15_10,CALL,2022-05-19,50,-1112.5000000000002,39.99999999999977,112.122647445,-1264.622647445
2022-05-16,HIGH_RANGE|FADE|H10_30,HIGH_RANGE,FADE,H10_30,PUT,2022-05-19,50,-227.4999999999999,39.99999999999909,117.00898797499998,-384.50898797499894
2022-05-16,HIGH_RANGE|FADE|H15_10,HIGH_RANGE,FADE,H15_10,PUT,2022-05-19,50,889.9999999999999,39.999999999999204,120.73695325999999,729.2630467400007
2022-05-17,LOW_RANGE|CONTINUE|H10_30,LOW_RANGE,CONTINUE,H10_30,CALL,2022-05-19,50,804.9999999999994,39.99999999999932,114.58404221,650.4159577900001
2022-05-17,LOW_RANGE|CONTINUE|H15_10,LOW_RANGE,CONTINUE,H15_10,CALL,2022-05-19,50,3547.5,39.99999999999909,128.019011225,3379.4809887750007
2022-05-17,LOW_RANGE|FADE|H10_30,LOW_RANGE,FADE,H10_30,PUT,2022-05-19,50,-632.4999999999992,39.99999999999977,110.872840715,-783.372840714999
2022-05-17,LOW_RANGE|FADE|H15_10,LOW_RANGE,FADE,H15_10,PUT,2022-05-19,50,-2372.499999999999,40.0,105.162830225,-2517.662830224999
2022-05-18,HIGH_RANGE|CONTINUE|H10_30,HIGH_RANGE,CONTINUE,H10_30,CALL,2022-05-19,50,-704.9999999999998,40.00000000000017,104.06369919,-849.06369919
2022-05-18,HIGH_RANGE|CONTINUE|H15_10,HIGH_RANGE,CONTINUE,H15_10,CALL,2022-05-19,50,-2467.4999999999995,40.00000000000034,100.38542716499998,-2607.885427165
2022-05-18,HIGH_RANGE|FADE|H10_30,HIGH_RANGE,FADE,H10_30,PUT,2022-05-19,50,630.0000000000005,40.000000000000455,109.63770439,480.36229561
2022-05-18,HIGH_RANGE|FADE|H15_10,HIGH_RANGE,FADE,H15_10,PUT,2022-05-19,50,1487.5000000000007,39.99999999999983,110.339423595,1337.160576405001
2022-05-19,MID_RANGE|CONTINUE|H10_30,MID_RANGE,CONTINUE,H10_30,PUT,2022-05-19,50,-140.00000000000006,40.00000000000017,102.60414327999999,-282.60414328000024
2022-05-19,MID_RANGE|CONTINUE|H15_10,MID_RANGE,CONTINUE,H15_10,PUT,2022-05-19,50,4470.0,39.99999999999943,107.96787519,4322.03212481
2022-05-19,MID_RANGE|FADE|H10_30,MID_RANGE,FADE,H10_30,CALL,2022-05-19,50,-369.9999999999998,40.000000000000355,99.59709487,-509.5970948700001
2022-05-19,MID_RANGE|FADE|H15_10,MID_RANGE,FADE,H15_10,CALL,2022-05-19,50,-2587.5,37.5,96.12926981999999,-2721.12926982
2022-05-20,MID_RANGE|CONTINUE|H10_30,MID_RANGE,CONTINUE,H10_30,CALL,2022-05-26,50,362.5,39.999999999999204,124.057497825,198.4425021750008
2022-05-20,MID_RANGE|CONTINUE|H15_10,MID_RANGE,CONTINUE,H15_10,CALL,2022-05-26,50,1285.0000000000005,39.99999999999818,128.66225114,1116.3377488600022
2022-05-20,MID_RANGE|FADE|H10_30,MID_RANGE,FADE,H10_30,PUT,2022-05-26,50,-407.50000000000034,39.999999999999204,119.789300365,-567.2893003649996
2022-05-20,MID_RANGE|FADE|H15_10,MID_RANGE,FADE,H15_10,PUT,2022-05-26,50,-1230.000000000001,40.0,116.13934270000001,-1386.139342700001
2022-05-23,MID_RANGE|CONTINUE|H10_30,MID_RANGE,CONTINUE,H10_30,CALL,2022-05-26,50,547.5000000000009,39.99999999999915,119.93643380500001,387.5635661950017
2022-05-23,MID_RANGE|CONTINUE|H15_10,MID_RANGE,CONTINUE,H15_10,CALL,2022-05-26,50,-787.4999999999998,40.0,113.72105014500002,-941.2210501449998
2022-05-23,MID_RANGE|FADE|H10_30,MID_RANGE,FADE,H10_30,PUT,2022-05-26,50,-557.5000000000002,39.99999999999932,117.095264485,-714.5952644849996
2022-05-23,MID_RANGE|FADE|H15_10,MID_RANGE,FADE,H15_10,PUT,2022-05-26,50,434.99999999999943,39.99999999999915,120.38149583,274.6185041700003
2022-05-24,HIGH_RANGE|CONTINUE|H10_30,HIGH_RANGE,CONTINUE,H10_30,CALL,2022-05-26,50,-237.5,39.99999999999909,112.523784095,-390.0237840949991
2022-05-24,HIGH_RANGE|CONTINUE|H15_10,HIGH_RANGE,CONTINUE,H15_10,CALL,2022-05-26,50,-887.4999999999995,39.99999999999932,109.70343996500002,-1037.2034399649988
2022-05-24,HIGH_RANGE|FADE|H10_30,HIGH_RANGE,FADE,H10_30,PUT,2022-05-26,50,102.50000000000057,39.99999999999915,116.34175271500001,-53.84175271499859
2022-05-24,HIGH_RANGE|FADE|H15_10,HIGH_RANGE,FADE,H15_10,PUT,2022-05-26,50,414.99999999999915,39.99999999999915,116.7047842,258.2952158
2022-05-25,HIGH_RANGE|CONTINUE|H10_30,HIGH_RANGE,CONTINUE,H10_30,CALL,2022-05-26,50,-977.4999999999998,40.00000000000034,104.13371033499999,-1121.6337103350002
2022-05-25,HIGH_RANGE|CONTINUE|H15_10,HIGH_RANGE,CONTINUE,H15_10,CALL,2022-05-26,50,-2895.0,40.00000000000023,100.25012855,-3035.25012855
2022-05-25,HIGH_RANGE|FADE|H10_30,HIGH_RANGE,FADE,H10_30,PUT,2022-05-26,50,979.9999999999994,40.0,110.79276042999999,829.2072395699995
2022-05-25,HIGH_RANGE|FADE|H15_10,HIGH_RANGE,FADE,H15_10,PUT,2022-05-26,50,3139.9999999999986,39.99999999999909,116.85054869,2983.1494513099997
2022-05-26,LOW_RANGE|CONTINUE|H10_30,LOW_RANGE,CONTINUE,H10_30,CALL,2022-05-26,50,-1637.5,40.000000000000234,96.56789280499999,-1774.0678928050002
2022-05-26,LOW_RANGE|CONTINUE|H15_10,LOW_RANGE,CONTINUE,H15_10,CALL,2022-05-26,50,225.00000000000014,40.000000000000284,99.03514625999999,85.96485373999987
2022-05-26,LOW_RANGE|FADE|H10_30,LOW_RANGE,FADE,H10_30,PUT,2022-05-26,50,2802.500000000001,39.999999999999545,108.16535824500001,2654.3346417550015
2022-05-26,LOW_RANGE|FADE|H15_10,LOW_RANGE,FADE,H15_10,PUT,2022-05-26,50,-2969.9999999999995,40.0,96.96038455000001,-3106.9603845499996
2022-05-27,HIGH_RANGE|CONTINUE|H10_30,HIGH_RANGE,CONTINUE,H10_30,CALL,2022-06-02,50,-522.5000000000002,39.99999999999909,118.65991359499998,-681.1599135949994
2022-05-27,HIGH_RANGE|CONTINUE|H15_10,HIGH_RANGE,CONTINUE,H15_10,CALL,2022-06-02,50,107.50000000000023,39.99999999999909,120.308640225,-52.80864022499887
2022-05-27,HIGH_RANGE|FADE|H10_30,HIGH_RANGE,FADE,H10_30,PUT,2022-06-02,50,430.00000000000034,39.99999999999898,121.98251698000001,268.01748302000135
2022-05-27,HIGH_RANGE|FADE|H15_10,HIGH_RANGE,FADE,H15_10,PUT,2022-06-02,50,-224.99999999999864,39.99999999999909,117.95600132,-382.9560013199977
2022-05-30,MID_RANGE|CONTINUE|H10_30,MID_RANGE,CONTINUE,H10_30,CALL,2022-06-02,50,195.00000000000063,39.99999999999915,112.23856974,42.761430260001475
2022-05-30,MID_RANGE|CONTINUE|H15_10,MID_RANGE,CONTINUE,H15_10,CALL,2022-06-02,50,515.0000000000005,39.99999999999909,113.80201375,361.19798625000135
2022-05-30,MID_RANGE|FADE|H10_30,MID_RANGE,FADE,H10_30,PUT,2022-06-02,50,-244.99999999999955,39.999999999999204,113.53101482,-398.53101481999875
2022-05-30,MID_RANGE|FADE|H15_10,MID_RANGE,FADE,H15_10,PUT,2022-06-02,50,-675.0,39.99999999999977,111.52381653,-826.5238165299997
2022-05-31,LOW_RANGE|CONTINUE|H10_30,LOW_RANGE,CONTINUE,H10_30,PUT,2022-06-02,50,-927.5000000000001,39.999999999999886,108.64296188499999,-1076.142961885
2022-05-31,LOW_RANGE|CONTINUE|H15_10,LOW_RANGE,CONTINUE,H15_10,PUT,2022-06-02,50,-772.4999999999999,39.99999999999977,109.275857285,-921.7758572849997
2022-05-31,LOW_RANGE|FADE|H10_30,LOW_RANGE,FADE,H10_30,CALL,2022-06-02,50,1087.5000000000005,40.0,112.129978685,935.3700213150005
2022-05-31,LOW_RANGE|FADE|H15_10,LOW_RANGE,FADE,H15_10,CALL,2022-06-02,50,694.9999999999993,39.99999999999983,109.90161289,545.0983871099994
2022-06-01,HIGH_RANGE|CONTINUE|H10_30,HIGH_RANGE,CONTINUE,H10_30,CALL,2022-06-02,50,-102.49999999999949,40.000000000000256,106.389267315,-248.88926731499976
2022-06-01,HIGH_RANGE|CONTINUE|H15_10,HIGH_RANGE,CONTINUE,H15_10,CALL,2022-06-02,50,-1969.9999999999995,40.000000000000455,101.87926173,-2111.87926173
2022-06-01,HIGH_RANGE|FADE|H10_30,HIGH_RANGE,FADE,H10_30,PUT,2022-06-02,50,67.50000000000026,40.00000000000021,106.17426643499999,-78.67426643499996
2022-06-01,HIGH_RANGE|FADE|H15_10,HIGH_RANGE,FADE,H15_10,PUT,2022-06-02,50,1624.9999999999995,39.99999999999966,109.31158481,1475.68841519
2022-06-02,HIGH_RANGE|CONTINUE|H10_30,HIGH_RANGE,CONTINUE,H10_30,PUT,2022-06-02,50,-524.9999999999999,40.00000000000037,98.94560878999998,-663.9456087900002
2022-06-02,HIGH_RANGE|CONTINUE|H15_10,HIGH_RANGE,CONTINUE,H15_10,PUT,2022-06-02,50,-2235.0,40.0,96.08987466999999,-2371.08987467
2022-06-02,HIGH_RANGE|FADE|H10_30,HIGH_RANGE,FADE,H10_30,CALL,2022-06-02,50,377.4999999999997,40.0000000000003,101.92792061499999,235.57207938499943
2022-06-02,HIGH_RANGE|FADE|H15_10,HIGH_RANGE,FADE,H15_10,CALL,2022-06-02,50,2957.5,40.000000000000455,104.982516575,2812.5174834249997
2022-06-03,MID_RANGE|CONTINUE|H10_30,MID_RANGE,CONTINUE,H10_30,CALL,2022-06-09,50,-185.0000000000001,39.99999999999909,116.13027632999999,-341.1302763299992
2022-06-03,MID_RANGE|CONTINUE|H15_10,MID_RANGE,CONTINUE,H15_10,CALL,2022-06-09,50,-1540.0,39.999999999999545,111.12288221,-1691.1228822099995
2022-06-03,MID_RANGE|FADE|H10_30,MID_RANGE,FADE,H10_30,PUT,2022-06-09,50,180.00000000000114,39.99999999999915,117.64583029,22.354169710001983
2022-06-03,MID_RANGE|FADE|H15_10,MID_RANGE,FADE,H15_10,PUT,2022-06-09,50,1500.0000000000014,39.999999999998636,123.51001137,1336.4899886300027
2022-06-06,MID_RANGE|CONTINUE|H10_30,MID_RANGE,CONTINUE,H10_30,PUT,2022-06-09,50,-332.5000000000002,40.0,110.860319935,-483.36031993500023
2022-06-06,MID_RANGE|CONTINUE|H15_10,MID_RANGE,CONTINUE,H15_10,PUT,2022-06-09,50,-1050.0000000000002,39.99999999999977,108.52080584,-1198.52080584
2022-06-06,MID_RANGE|FADE|H10_30,MID_RANGE,FADE,H10_30,CALL,2022-06-09,50,332.49999999999966,39.999999999999204,116.132613485,176.36738651500048
2022-06-06,MID_RANGE|FADE|H15_10,MID_RANGE,FADE,H15_10,CALL,2022-06-09,50,1189.9999999999998,39.99999999999932,118.87930748999999,1031.1206925100005
2022-06-07,LOW_RANGE|CONTINUE|H10_30,LOW_RANGE,CONTINUE,H10_30,PUT,2022-06-09,50,-105.00000000000007,40.00000000000057,110.61975834999998,-255.6197583500006
2022-06-07,LOW_RANGE|CONTINUE|H15_10,LOW_RANGE,CONTINUE,H15_10,PUT,2022-06-09,50,50.00000000000037,40.00000000000057,110.62986597,-100.6298659700002
2022-06-07,LOW_RANGE|FADE|H10_30,LOW_RANGE,FADE,H10_30,CALL,2022-06-09,50,82.49999999999957,40.00000000000057,108.23581157500001,-65.73581157500101
2022-06-07,LOW_RANGE|FADE|H15_10,LOW_RANGE,FADE,H15_10,CALL,2022-06-09,50,-270.0000000000001,40.00000000000034,106.86807405,-416.8680740500005
2022-06-08,LOW_RANGE|CONTINUE|H10_30,LOW_RANGE,CONTINUE,H10_30,CALL,2022-06-09,50,-779.9999999999995,40.00000000000034,105.05910693000001,-925.0591069299999
2022-06-08,LOW_RANGE|CONTINUE|H15_10,LOW_RANGE,CONTINUE,H15_10,CALL,2022-06-09,50,-2055.0,40.000000000000455,102.07971556999999,-2197.0797155700006
2022-06-08,LOW_RANGE|FADE|H10_30,LOW_RANGE,FADE,H10_30,PUT,2022-06-09,50,357.5000000000002,40.00000000000051,107.978782295,209.52121770499977
2022-06-08,LOW_RANGE|FADE|H15_10,LOW_RANGE,FADE,H15_10,PUT,2022-06-09,50,442.5000000000003,40.0000000000004,106.867385135,295.6326148649999
2022-06-09,HIGH_RANGE|CONTINUE|H10_30,HIGH_RANGE,CONTINUE,H10_30,PUT,2022-06-09,50,-1132.5,40.000000000000014,97.477434615,-1269.977434615
2022-06-09,HIGH_RANGE|CONTINUE|H15_10,HIGH_RANGE,CONTINUE,H15_10,PUT,2022-06-09,50,-2167.5,40.0,95.78565609500001,-2303.285656095
2022-06-09,HIGH_RANGE|FADE|H10_30,HIGH_RANGE,FADE,H10_30,CALL,2022-06-09,50,1190.0000000000002,40.00000000000047,101.85489228,1048.1451077199997
2022-06-09,HIGH_RANGE|FADE|H15_10,HIGH_RANGE,FADE,H15_10,CALL,2022-06-09,50,5797.5,39.99999999999909,107.89364767500001,5649.606352325001
2022-06-10,MID_RANGE|CONTINUE|H10_30,MID_RANGE,CONTINUE,H10_30,PUT,2022-06-16,50,-317.4999999999997,39.99999999999915,114.00477218500001,-471.50477218499884
2022-06-10,MID_RANGE|CONTINUE|H15_10,MID_RANGE,CONTINUE,H15_10,PUT,2022-06-16,50,292.50000000000034,39.99999999999909,116.141099505,136.35890049500125
2022-06-10,MID_RANGE|FADE|H10_30,MID_RANGE,FADE,H10_30,CALL,2022-06-16,50,354.9999999999997,39.99999999999915,117.54944615999999,197.45055384000057
2022-06-10,MID_RANGE|FADE|H15_10,MID_RANGE,FADE,H15_10,CALL,2022-06-16,50,-375.0,39.999999999999204,114.84367514000002,-529.8436751399993
2022-06-13,LOW_RANGE|CONTINUE|H10_30,LOW_RANGE,CONTINUE,H10_30,PUT,2022-06-16,50,205.00000000000043,39.99999999999915,116.92362343,48.07637657000127
2022-06-13,LOW_RANGE|CONTINUE|H15_10,LOW_RANGE,CONTINUE,H15_10,PUT,2022-06-16,50,210.00000000000085,39.99999999999915,117.47912116,52.5208788400017
2022-06-13,LOW_RANGE|FADE|H10_30,LOW_RANGE,FADE,H10_30,CALL,2022-06-16,50,-272.5000000000001,39.999999999999204,113.87322407500001,-426.3732240749993
2022-06-13,LOW_RANGE|FADE|H15_10,LOW_RANGE,FADE,H15_10,CALL,2022-06-16,50,-417.5,39.999999999999886,112.67351526499999,-570.1735152649999
2022-06-14,LOW_RANGE|CONTINUE|H10_30,LOW_RANGE,CONTINUE,H10_30,PUT,2022-06-16,50,-1082.4999999999993,40.00000000000091,107.429107735,-1229.9291077350003
2022-06-14,LOW_RANGE|CONTINUE|H15_10,LOW_RANGE,CONTINUE,H15_10,PUT,2022-06-16,50,-639.9999999999999,40.000000000000455,108.42685263,-788.4268526300003
2022-06-14,LOW_RANGE|FADE|H10_30,LOW_RANGE,FADE,H10_30,CALL,2022-06-16,50,1237.5,39.999999999999545,121.57707907500001,1075.9229209250004
2022-06-14,LOW_RANGE|FADE|H15_10,LOW_RANGE,FADE,H15_10,CALL,2022-06-16,50,380.00000000000045,39.99999999999915,115.85122859999998,224.14877140000127
2022-06-15,MID_RANGE|CONTINUE|H10_30,MID_RANGE,CONTINUE,H10_30,CALL,2022-06-16,50,189.99999999999986,40.00000000000057,110.10286421,39.89713578999928
2022-06-15,MID_RANGE|CONTINUE|H15_10,MID_RANGE,CONTINUE,H15_10,CALL,2022-06-16,50,-202.4999999999995,40.000000000000625,108.98529154500001,-351.4852915450001
2022-06-15,MID_RANGE|FADE|H10_30,MID_RANGE,FADE,H10_30,PUT,2022-06-16,50,-185.00000000000014,40.00000000000057,106.42594137,-331.4259413700007
2022-06-15,MID_RANGE|FADE|H15_10,MID_RANGE,FADE,H15_10,PUT,2022-06-16,50,169.99999999999955,40.00000000000051,107.76003387,22.239966129999033
2022-06-16,MID_RANGE|CONTINUE|H10_30,MID_RANGE,CONTINUE,H10_30,CALL,2022-06-16,50,-1922.4999999999998,40.00000000000047,96.727118685,-2059.2271186850003
2022-06-16,MID_RANGE|CONTINUE|H15_10,MID_RANGE,CONTINUE,H15_10,CALL,2022-06-16,50,-2469.9999999999995,40.000000000000455,95.80393587999998,-2605.80393588
2022-06-16,MID_RANGE|FADE|H10_30,MID_RANGE,FADE,H10_30,PUT,2022-06-16,50,3202.5,39.99999999999943,106.272554415,3056.2274455850006
2022-06-16,MID_RANGE|FADE|H15_10,MID_RANGE,FADE,H15_10,PUT,2022-06-16,50,7604.999999999998,39.99999999999818,136.25892939,7428.74107061
2022-06-17,HIGH_RANGE|CONTINUE|H10_30,HIGH_RANGE,CONTINUE,H10_30,PUT,2022-06-23,50,-542.4999999999998,39.99999999999886,121.266851805,-703.7668518049986
2022-06-17,HIGH_RANGE|CONTINUE|H15_10,HIGH_RANGE,CONTINUE,H15_10,PUT,2022-06-23,50,-657.5000000000005,39.99999999999886,120.300133485,-817.8001334849994
2022-06-17,HIGH_RANGE|FADE|H10_30,HIGH_RANGE,FADE,H10_30,CALL,2022-06-23,50,665.0000000000011,39.99999999999818,129.73261379000002,495.26738621000294
2022-06-17,HIGH_RANGE|FADE|H15_10,HIGH_RANGE,FADE,H15_10,CALL,2022-06-23,50,769.9999999999997,39.999999999998636,128.72387003,601.276129970001
2022-06-20,LOW_RANGE|CONTINUE|H10_30,LOW_RANGE,CONTINUE,H10_30,CALL,2022-06-23,50,-57.500000000000284,39.99999999999915,117.858303525,-215.35830352499943
2022-06-20,LOW_RANGE|CONTINUE|H15_10,LOW_RANGE,CONTINUE,H15_10,CALL,2022-06-23,50,809.9999999999986,39.99999999999915,119.81509596000001,650.1849040399995
2022-06-20,LOW_RANGE|FADE|H10_30,LOW_RANGE,FADE,H10_30,PUT,2022-06-23,50,-30.000000000000455,39.99999999999912,117.62299068,-187.6229906799996
2022-06-20,LOW_RANGE|FADE|H15_10,LOW_RANGE,FADE,H15_10,PUT,2022-06-23,50,-835.0000000000002,39.99999999999977,113.83976658,-988.8397665800001
2022-06-21,HIGH_RANGE|CONTINUE|H10_30,HIGH_RANGE,CONTINUE,H10_30,CALL,2022-06-23,50,2090.000000000001,40.000000000000455,115.36993566,1934.6300643400004
2022-06-21,HIGH_RANGE|CONTINUE|H15_10,HIGH_RANGE,CONTINUE,H15_10,CALL,2022-06-23,50,3015.0000000000005,39.999999999999545,118.01226089999999,2856.987739100001
2022-06-21,HIGH_RANGE|FADE|H10_30,HIGH_RANGE,FADE,H10_30,PUT,2022-06-23,50,-1480.0000000000005,39.999999999999545,107.34089281000001,-1627.34089281
2022-06-21,HIGH_RANGE|FADE|H15_10,HIGH_RANGE,FADE,H15_10,PUT,2022-06-23,50,-2134.9999999999995,40.000000000000455,105.429067,-2280.429067
2022-06-22,HIGH_RANGE|CONTINUE|H10_30,HIGH_RANGE,CONTINUE,H10_30,PUT,2022-06-23,50,89.99999999999949,40.000000000000554,107.45631668,-57.456316680001066
2022-06-22,HIGH_RANGE|CONTINUE|H15_10,HIGH_RANGE,CONTINUE,H15_10,PUT,2022-06-23,50,1149.9999999999998,39.99999999999983,109.5320338,1000.4679662
2022-06-22,HIGH_RANGE|FADE|H10_30,HIGH_RANGE,FADE,H10_30,CALL,2022-06-23,50,-292.49999999999983,40.000000000000156,102.13745266500001,-434.637452665
2022-06-22,HIGH_RANGE|FADE|H15_10,HIGH_RANGE,FADE,H15_10,CALL,2022-06-23,50,-1525.0000000000002,40.00000000000017,99.57140192,-1664.5714019200004
2022-06-23,MID_RANGE|CONTINUE|H10_30,MID_RANGE,CONTINUE,H10_30,CALL,2022-06-23,50,1694.9999999999995,40.000000000000426,104.76293218999999,1550.2370678099992
2022-06-23,MID_RANGE|CONTINUE|H15_10,MID_RANGE,CONTINUE,H15_10,CALL,2022-06-23,50,-547.5000000000002,40.000000000000284,100.484694235,-687.9846942350005
2022-06-23,MID_RANGE|FADE|H10_30,MID_RANGE,FADE,H10_30,PUT,2022-06-23,50,-1392.5,40.0000000000002,97.881168995,-1530.3811689950003
2022-06-23,MID_RANGE|FADE|H15_10,MID_RANGE,FADE,H15_10,PUT,2022-06-23,50,-2197.5,40.0,96.29164513499998,-2333.791645135
2022-06-24,HIGH_RANGE|CONTINUE|H10_30,HIGH_RANGE,CONTINUE,H10_30,CALL,2022-06-30,50,-339.9999999999998,39.999999999999204,116.65929842999999,-496.65929842999896
2022-06-24,HIGH_RANGE|CONTINUE|H15_10,HIGH_RANGE,CONTINUE,H15_10,CALL,2022-06-30,50,39.999999999999886,39.999999999999204,117.01556221999999,-117.01556221999931
2022-06-24,HIGH_RANGE|FADE|H10_30,HIGH_RANGE,FADE,H10_30,PUT,2022-06-30,50,324.9999999999992,39.99999999999909,120.38391786999999,164.6160821300001
2022-06-24,HIGH_RANGE|FADE|H15_10,HIGH_RANGE,FADE,H15_10,PUT,2022-06-30,50,-257.500000000001,39.99999999999909,117.189640115,-414.6896401150001
2022-06-27,LOW_RANGE|CONTINUE|H10_30,LOW_RANGE,CONTINUE,H10_30,CALL,2022-06-30,50,-65.00000000000057,39.99999999999915,111.82896187,-216.82896186999972
2022-06-27,LOW_RANGE|CONTINUE|H15_10,LOW_RANGE,CONTINUE,H15_10,CALL,2022-06-30,50,-1047.5000000000011,39.99999999999977,108.598704895,-1196.098704895001
2022-06-27,LOW_RANGE|FADE|H10_30,LOW_RANGE,FADE,H10_30,PUT,2022-06-30,50,72.49999999999943,39.99999999999915,113.678030815,-81.17803081499972
2022-06-27,LOW_RANGE|FADE|H15_10,LOW_RANGE,FADE,H15_10,PUT,2022-06-30,50,792.4999999999998,39.99999999999915,115.300692395,637.1993076050007
2022-06-28,LOW_RANGE|CONTINUE|H10_30,LOW_RANGE,CONTINUE,H10_30,PUT,2022-06-30,50,-97.50000000000085,39.999999999999886,110.867398525,-248.36739852500074
2022-06-28,LOW_RANGE|CONTINUE|H15_10,LOW_RANGE,CONTINUE,H15_10,PUT,2022-06-30,50,-1450.0000000000005,39.99999999999977,106.68617832999999,-1596.6861783300003
2022-06-28,LOW_RANGE|FADE|H10_30,LOW_RANGE,FADE,H10_30,CALL,2022-06-30,50,12.5,40.00000000000057,107.983421085,-135.48342108500057
2022-06-28,LOW_RANGE|FADE|H15_10,LOW_RANGE,FADE,H15_10,CALL,2022-06-30,50,1392.499999999999,39.99999999999966,111.348369685,1241.1516303149995
2022-06-29,HIGH_RANGE|CONTINUE|H10_30,HIGH_RANGE,CONTINUE,H10_30,PUT,2022-06-30,50,-917.5000000000002,40.000000000000114,103.619032945,-1061.1190329450003
2022-06-29,HIGH_RANGE|CONTINUE|H15_10,HIGH_RANGE,CONTINUE,H15_10,PUT,2022-06-30,50,-1442.5,40.000000000000455,102.397692585,-1584.8976925850004
2022-06-29,HIGH_RANGE|FADE|H10_30,HIGH_RANGE,FADE,H10_30,CALL,2022-06-30,50,1277.500000000001,40.00000000000057,107.537277325,1129.9627226750004
2022-06-29,HIGH_RANGE|FADE|H15_10,HIGH_RANGE,FADE,H15_10,CALL,2022-06-30,50,1757.4999999999998,39.99999999999966,108.151186265,1609.348813735
2022-06-30,HIGH_RANGE|CONTINUE|H10_30,HIGH_RANGE,CONTINUE,H10_30,PUT,2022-06-30,50,792.5000000000005,40.000000000000284,104.494859645,648.0051403550002
2022-06-30,HIGH_RANGE|CONTINUE|H15_10,HIGH_RANGE,CONTINUE,H15_10,PUT,2022-06-30,50,425.00000000000017,40.00000000000017,102.12989341,282.87010659
2022-06-30,HIGH_RANGE|FADE|H10_30,HIGH_RANGE,FADE,H10_30,CALL,2022-06-30,50,-890.0,40.00000000000024,99.18687409,-1029.1868740900002
2022-06-30,HIGH_RANGE|FADE|H15_10,HIGH_RANGE,FADE,H15_10,CALL,2022-06-30,50,-2705.0,40.000000000000455,96.25232894999999,-2841.2523289500004
2022-07-01,HIGH_RANGE|CONTINUE|H10_30,HIGH_RANGE,CONTINUE,H10_30,PUT,2022-07-07,50,772.4999999999993,39.99999999999818,125.99922407499999,606.5007759250011
2022-07-01,HIGH_RANGE|CONTINUE|H15_10,HIGH_RANGE,CONTINUE,H15_10,PUT,2022-07-07,50,-770.0000000000002,39.99999999999932,117.53830321000001,-927.5383032099995
2022-07-01,HIGH_RANGE|FADE|H10_30,HIGH_RANGE,FADE,H10_30,CALL,2022-07-07,50,-795.0000000000002,39.99999999999977,112.28360645000001,-947.28360645
2022-07-01,HIGH_RANGE|FADE|H15_10,HIGH_RANGE,FADE,H15_10,CALL,2022-07-07,50,567.4999999999998,39.999999999999204,117.199360835,410.3006391650006
2022-07-04,HIGH_RANGE|CONTINUE|H10_30,HIGH_RANGE,CONTINUE,H10_30,PUT,2022-07-07,50,524.9999999999986,39.999999999999204,117.78062159999999,367.2193783999994
2022-07-04,HIGH_RANGE|CONTINUE|H15_10,HIGH_RANGE,CONTINUE,H15_10,PUT,2022-07-07,50,-1447.500000000001,39.99999999999977,109.678166475,-1597.1781664750006
2022-07-04,HIGH_RANGE|FADE|H10_30,HIGH_RANGE,FADE,H10_30,CALL,2022-07-07,50,-542.4999999999993,40.00000000000057,108.97376465500001,-691.4737646549999
2022-07-04,HIGH_RANGE|FADE|H15_10,HIGH_RANGE,FADE,H15_10,CALL,2022-07-07,50,1352.5,39.999999999999886,114.559100335,1197.940899665
2022-07-05,LOW_RANGE|CONTINUE|H10_30,LOW_RANGE,CONTINUE,H10_30,CALL,2022-07-07,50,1102.4999999999998,40.0,111.31461609499999,951.1853839049998
2022-07-05,LOW_RANGE|CONTINUE|H15_10,LOW_RANGE,CONTINUE,H15_10,CALL,2022-07-07,50,-1920.0000000000005,39.99999999999977,102.98177117,-2062.9817711700002
2022-07-05,LOW_RANGE|FADE|H10_30,LOW_RANGE,FADE,H10_30,PUT,2022-07-07,50,-810.0000000000005,40.00000000000034,105.72311675,-955.7231167500008
2022-07-05,LOW_RANGE|FADE|H15_10,LOW_RANGE,FADE,H15_10,PUT,2022-07-07,50,1727.5000000000005,39.99999999999977,112.49150305500001,1575.0084969450006
2022-07-06,HIGH_RANGE|CONTINUE|H10_30,HIGH_RANGE,CONTINUE,H10_30,CALL,2022-07-07,50,-375.0,40.00000000000017,101.84414215000001,-516.8441421500002
2022-07-06,HIGH_RANGE|CONTINUE|H15_10,HIGH_RANGE,CONTINUE,H15_10,CALL,2022-07-07,50,1699.9999999999998,40.00000000000017,105.50898439,1554.4910156099995
2022-07-06,HIGH_RANGE|FADE|H10_30,HIGH_RANGE,FADE,H10_30,PUT,2022-07-07,50,167.49999999999952,40.00000000000034,107.08723305500001,20.412766944999163
2022-07-06,HIGH_RANGE|FADE|H15_10,HIGH_RANGE,FADE,H15_10,PUT,2022-07-07,50,-1782.5,40.00000000000034,102.437290065,-1924.9372900650005
2022-07-07,MID_RANGE|CONTINUE|H10_30,MID_RANGE,CONTINUE,H10_30,CALL,2022-07-07,50,147.50000000000009,40.0000000000003,99.95265494499999,7.547345054999781
2022-07-07,MID_RANGE|CONTINUE|H15_10,MID_RANGE,CONTINUE,H15_10,CALL,2022-07-07,50,-767.5000000000001,40.00000000000034,98.356257785,-905.8562577850005
2022-07-07,MID_RANGE|FADE|H10_30,MID_RANGE,FADE,H10_30,PUT,2022-07-07,50,-472.49999999999983,40.00000000000027,100.49318321499999,-612.993183215
2022-07-07,MID_RANGE|FADE|H15_10,MID_RANGE,FADE,H15_10,PUT,2022-07-07,50,-2597.5,40.0,96.660013205,-2734.160013205
2022-07-08,LOW_RANGE|CONTINUE|H10_30,LOW_RANGE,CONTINUE,H10_30,CALL,2022-07-14,50,62.500000000000355,39.99999999999915,112.929553615,-90.4295536149988
2022-07-08,LOW_RANGE|CONTINUE|H15_10,LOW_RANGE,CONTINUE,H15_10,CALL,2022-07-14,50,227.50000000000057,39.99999999999915,112.93986356500001,74.56013643500141
2022-07-08,LOW_RANGE|FADE|H10_30,LOW_RANGE,FADE,H10_30,PUT,2022-07-14,50,-32.49999999999886,39.99999999999915,115.397868085,-187.897868084998
2022-07-08,LOW_RANGE|FADE|H15_10,LOW_RANGE,FADE,H15_10,PUT,2022-07-14,50,-397.4999999999993,40.000000000000114,113.44543314499998,-550.9454331449995
2022-07-11,LOW_RANGE|CONTINUE|H10_30,LOW_RANGE,CONTINUE,H10_30,PUT,2022-07-14,50,-87.5,39.99999999999983,111.39278756499999,-238.89278756499982
2022-07-11,LOW_RANGE|CONTINUE|H15_10,LOW_RANGE,CONTINUE,H15_10,PUT,2022-07-14,50,-1115.0000000000002,39.99999999999977,108.10352422999999,-1263.10352423
2022-07-11,LOW_RANGE|FADE|H10_30,LOW_RANGE,FADE,H10_30,CALL,2022-07-14,50,142.50000000000006,40.00000000000057,108.399694005,-5.899694005000512
2022-07-11,LOW_RANGE|FADE|H15_10,LOW_RANGE,FADE,H15_10,CALL,2022-07-14,50,1165.0,39.999999999999886,111.22176534,1013.77823466
2022-07-12,LOW_RANGE|CONTINUE|H10_30,LOW_RANGE,CONTINUE,H10_30,PUT,2022-07-14,50,-367.5000000000008,40.000000000000625,109.06793499499999,-516.5679349950015
2022-07-12,LOW_RANGE|CONTINUE|H15_10,LOW_RANGE,CONTINUE,H15_10,PUT,2022-07-14,50,622.4999999999991,39.99999999999983,111.588412125,470.9115878749992
2022-07-12,LOW_RANGE|FADE|H10_30,LOW_RANGE,FADE,H10_30,CALL,2022-07-14,50,357.49999999999943,40.00000000000023,105.157646605,212.3423533949992
2022-07-12,LOW_RANGE|FADE|H15_10,LOW_RANGE,FADE,H15_10,CALL,2022-07-14,50,-730.0000000000005,40.000000000000114,102.33658396000001,-872.3365839600006
2022-07-13,LOW_RANGE|CONTINUE|H10_30,LOW_RANGE,CONTINUE,H10_30,CALL,2022-07-14,50,-632.5,40.00000000000014,100.77810147499999,-773.2781014750002
2022-07-13,LOW_RANGE|CONTINUE|H15_10,LOW_RANGE,CONTINUE,H15_10,CALL,2022-07-14,50,-2027.5,39.999999999999545,98.242458475,-2165.7424584749997
2022-07-13,LOW_RANGE|FADE|H10_30,LOW_RANGE,FADE,H10_30,PUT,2022-07-14,50,657.5000000000002,40.00000000000034,107.18545295499999,510.3145470449999
2022-07-13,LOW_RANGE|FADE|H15_10,LOW_RANGE,FADE,H15_10,PUT,2022-07-14,50,3260.0,39.999999999999545,114.51055097,3105.4894490300003
2022-07-14,LOW_RANGE|CONTINUE|H10_30,LOW_RANGE,CONTINUE,H10_30,CALL,2022-07-14,50,394.9999999999998,40.0000000000003,100.73963309,254.2603669099995
2022-07-14,LOW_RANGE|CONTINUE|H15_10,LOW_RANGE,CONTINUE,H15_10,CALL,2022-07-14,50,-2687.5,40.00000000000003,96.01216610499999,-2823.512166105
2022-07-14,LOW_RANGE|FADE|H10_30,LOW_RANGE,FADE,H10_30,PUT,2022-07-14,50,-520.0,40.00000000000022,98.43679008999999,-658.4367900900002
2022-07-14,LOW_RANGE|FADE|H15_10,LOW_RANGE,FADE,H15_10,PUT,2022-07-14,50,1387.5000000000002,40.00000000000023,100.777143105,1246.722856895
2022-07-15,LOW_RANGE|CONTINUE|H10_30,LOW_RANGE,CONTINUE,H10_30,CALL,2022-07-21,50,-144.9999999999996,39.99999999999983,110.03799028,-295.03799027999946
2022-07-15,LOW_RANGE|CONTINUE|H15_10,LOW_RANGE,CONTINUE,H15_10,CALL,2022-07-21,50,670.0000000000002,39.99999999999909,112.72456659,517.2754334100011
2022-07-15,LOW_RANGE|FADE|H10_30,LOW_RANGE,FADE,H10_30,PUT,2022-07-21,50,185.00000000000014,39.99999999999915,112.69383907,32.306160930001
2022-07-15,LOW_RANGE|FADE|H15_10,LOW_RANGE,FADE,H15_10,PUT,2022-07-21,50,-724.9999999999997,39.999999999999886,109.31051395999998,-874.3105139599995
2022-07-18,LOW_RANGE|CONTINUE|H10_30,LOW_RANGE,CONTINUE,H10_30,CALL,2022-07-21,50,99.99999999999983,40.00000000000021,106.19235277,-46.19235277000039
2022-07-18,LOW_RANGE|CONTINUE|H15_10,LOW_RANGE,CONTINUE,H15_10,CALL,2022-07-21,50,1407.5000000000005,39.99999999999966,109.775436885,1257.7245631150008
2022-07-18,LOW_RANGE|FADE|H10_30,LOW_RANGE,FADE,H10_30,PUT,2022-07-21,50,-125.00000000000003,40.00000000000051,107.77962732,-272.77962732000054
2022-07-18,LOW_RANGE|FADE|H15_10,LOW_RANGE,FADE,H15_10,PUT,2022-07-21,50,-1300.0000000000002,40.000000000000455,104.56522809,-1444.5652280900008
2022-07-19,LOW_RANGE|CONTINUE|H10_30,LOW_RANGE,CONTINUE,H10_30,PUT,2022-07-21,50,-255.00000000000006,40.000000000000256,104.82107891,-399.8210789100003
2022-07-19,LOW_RANGE|CONTINUE|H15_10,LOW_RANGE,CONTINUE,H15_10,PUT,2022-07-21,50,-1427.4999999999995,40.00000000000034,101.982029615,-1569.482029615
2022-07-19,LOW_RANGE|FADE|H10_30,LOW_RANGE,FADE,H10_30,CALL,2022-07-21,50,237.50000000000014,40.00000000000014,106.214887405,91.285112595
2022-07-19,LOW_RANGE|FADE|H15_10,LOW_RANGE,FADE,H15_10,CALL,2022-07-21,50,1617.5,39.99999999999966,108.854799485,1468.6452005150004
2022-07-20,LOW_RANGE|CONTINUE|H10_30,LOW_RANGE,CONTINUE,H10_30,CALL,2022-07-21,50,117.49999999999999,40.000000000000306,100.068239705,-22.56823970500031
2022-07-20,LOW_RANGE|CONTINUE|H15_10,LOW_RANGE,CONTINUE,H15_10,CALL,2022-07-21,50,-462.4999999999999,40.00000000000037,99.05725551500001,-601.5572555150003
2022-07-20,LOW_RANGE|FADE|H10_30,LOW_RANGE,FADE,H10_30,PUT,2022-07-21,50,-74.99999999999946,40.00000000000021,102.73326934999999,-217.73326934999966
2022-07-20,LOW_RANGE|FADE|H15_10,LOW_RANGE,FADE,H15_10,PUT,2022-07-21,50,-40.00000000000003,40.00000000000023,102.48067949,-182.48067949000026
2022-07-21,MID_RANGE|CONTINUE|H10_30,MID_RANGE,CONTINUE,H10_30,PUT,2022-07-21,50,-729.9999999999999,40.000000000000135,96.94063909,-866.94063909
2022-07-21,MID_RANGE|CONTINUE|H15_10,MID_RANGE,CONTINUE,H15_10,PUT,2022-07-21,50,-1667.4999999999998,35.00000000000024,95.42173632500001,-1797.921736325
2022-07-21,MID_RANGE|FADE|H10_30,MID_RANGE,FADE,H10_30,CALL,2022-07-21,50,1277.4999999999995,40.00000000000024,100.816746505,1136.6832534949992
2022-07-21,MID_RANGE|FADE|H15_10,MID_RANGE,FADE,H15_10,CALL,2022-07-21,50,2442.5,40.000000000000014,102.25553346500001,2300.244466535
2022-07-22,LOW_RANGE|CONTINUE|H10_30,LOW_RANGE,CONTINUE,H10_30,CALL,2022-07-28,50,-597.5000000000002,40.00000000000051,107.789819825,-745.2898198250007
2022-07-22,LOW_RANGE|CONTINUE|H15_10,LOW_RANGE,CONTINUE,H15_10,CALL,2022-07-28,50,492.50000000000045,39.999999999999886,111.227911245,341.2720887550006
2022-07-22,LOW_RANGE|FADE|H10_30,LOW_RANGE,FADE,H10_30,PUT,2022-07-28,50,562.5000000000002,39.99999999999886,114.72437539500001,407.7756246050013
2022-07-22,LOW_RANGE|FADE|H15_10,LOW_RANGE,FADE,H15_10,PUT,2022-07-28,50,-547.4999999999998,39.99999999999977,110.574785805,-698.0747858049996
2022-07-25,LOW_RANGE|CONTINUE|H10_30,LOW_RANGE,CONTINUE,H10_30,PUT,2022-07-28,50,869.9999999999999,39.99999999999977,110.92066956000001,719.0793304400001
2022-07-25,LOW_RANGE|CONTINUE|H15_10,LOW_RANGE,CONTINUE,H15_10,PUT,2022-07-28,50,62.50000000000068,40.00000000000051,107.868240985,-85.36824098499983
2022-07-25,LOW_RANGE|FADE|H10_30,LOW_RANGE,FADE,H10_30,CALL,2022-07-28,50,-842.4999999999997,40.00000000000057,107.13186510499999,-989.6318651050002
2022-07-25,LOW_RANGE|FADE|H15_10,LOW_RANGE,FADE,H15_10,CALL,2022-07-28,50,-330.00000000000006,40.000000000000625,108.26116106999999,-478.26116107000064
2022-07-26,LOW_RANGE|CONTINUE|H10_30,LOW_RANGE,CONTINUE,H10_30,PUT,2022-07-28,50,632.5000000000005,40.000000000000455,106.666731925,485.833268075
2022-07-26,LOW_RANGE|CONTINUE|H15_10,LOW_RANGE,CONTINUE,H15_10,PUT,2022-07-28,50,797.5000000000002,40.00000000000034,106.876891685,650.623108315
2022-07-26,LOW_RANGE|FADE|H10_30,LOW_RANGE,FADE,H10_30,CALL,2022-07-28,50,-757.4999999999997,40.0000000000004,105.169944335,-902.669944335
2022-07-26,LOW_RANGE|FADE|H15_10,LOW_RANGE,FADE,H15_10,CALL,2022-07-28,50,-1145.0000000000005,39.999999999999886,103.79917482,-1288.7991748200004
2022-07-27,LOW_RANGE|CONTINUE|H10_30,LOW_RANGE,CONTINUE,H10_30,PUT,2022-07-28,50,-1290.0,40.00000000000034,101.54444492,-1431.5444449200002
2022-07-27,LOW_RANGE|CONTINUE|H15_10,LOW_RANGE,CONTINUE,H15_10,PUT,2022-07-28,50,-2315.0,40.0,99.51358882,-2454.51358882
2022-07-27,LOW_RANGE|FADE|H10_30,LOW_RANGE,FADE,H10_30,CALL,2022-07-28,50,1952.4999999999998,40.0,107.674097855,1804.8259021449999
2022-07-27,LOW_RANGE|FADE|H15_10,LOW_RANGE,FADE,H15_10,CALL,2022-07-28,50,4292.5,39.999999999999545,114.841673515,4137.658326485
2022-07-28,LOW_RANGE|CONTINUE|H10_30,LOW_RANGE,CONTINUE,H10_30,CALL,2022-07-28,50,1272.4999999999995,40.000000000000234,99.94985488499998,1132.5501451149994
2022-07-28,LOW_RANGE|CONTINUE|H15_10,LOW_RANGE,CONTINUE,H15_10,CALL,2022-07-28,50,4552.5,40.00000000000092,104.366438245,4408.133561754999
2022-07-28,LOW_RANGE|FADE|H10_30,LOW_RANGE,FADE,H10_30,PUT,2022-07-28,50,-1199.9999999999998,40.00000000000024,97.96755999,-1337.96755999
2022-07-28,LOW_RANGE|FADE|H15_10,LOW_RANGE,FADE,H15_10,PUT,2022-07-28,50,-2362.5,35.0,95.98630930499999,-2493.486309305
2022-07-29,HIGH_RANGE|CONTINUE|H10_30,HIGH_RANGE,CONTINUE,H10_30,CALL,2022-08-04,50,-402.4999999999999,39.99999999999977,111.10523013499999,-553.6052301349996
2022-07-29,HIGH_RANGE|CONTINUE|H15_10,HIGH_RANGE,CONTINUE,H15_10,CALL,2022-08-04,50,792.4999999999998,39.999999999999375,114.241023635,638.2589763650004
2022-07-29,HIGH_RANGE|FADE|H10_30,HIGH_RANGE,FADE,H10_30,PUT,2022-08-04,50,350.00000000000114,39.99999999999915,113.28510777,196.714892230002
2022-07-29,HIGH_RANGE|FADE|H15_10,HIGH_RANGE,FADE,H15_10,PUT,2022-08-04,50,-944.9999999999995,39.99999999999977,108.87847706,-1093.8784770599993
2022-08-01,LOW_RANGE|CONTINUE|H10_30,LOW_RANGE,CONTINUE,H10_30,CALL,2022-08-04,50,625.0000000000003,39.999999999999886,111.72673089,473.27326911000046
2022-08-01,LOW_RANGE|CONTINUE|H15_10,LOW_RANGE,CONTINUE,H15_10,CALL,2022-08-04,50,1935.0000000000002,40.0,116.31260039,1778.6873996100003
2022-08-01,LOW_RANGE|FADE|H10_30,LOW_RANGE,FADE,H10_30,PUT,2022-08-04,50,-547.5000000000002,40.00000000000051,106.884535825,-694.3845358250007
2022-08-01,LOW_RANGE|FADE|H15_10,LOW_RANGE,FADE,H15_10,PUT,2022-08-04,50,-1615.0000000000005,40.00000000000023,104.04063949,-1759.0406394900008
2022-08-02,HIGH_RANGE|CONTINUE|H10_30,HIGH_RANGE,CONTINUE,H10_30,PUT,2022-08-04,50,1037.4999999999995,40.000000000000114,110.195536315,887.3044636849993
2022-08-02,HIGH_RANGE|CONTINUE|H15_10,HIGH_RANGE,CONTINUE,H15_10,PUT,2022-08-04,50,-937.4999999999999,40.00000000000057,105.170950065,-1082.6709500650004
2022-08-02,HIGH_RANGE|FADE|H10_30,HIGH_RANGE,FADE,H10_30,CALL,2022-08-04,50,-1019.9999999999998,40.00000000000017,104.62666537,-1164.62666537
2022-08-02,HIGH_RANGE|FADE|H15_10,HIGH_RANGE,FADE,H15_10,CALL,2022-08-04,50,937.4999999999999,40.00000000000034,108.60865754499999,788.8913424549995
2022-08-03,HIGH_RANGE|CONTINUE|H10_30,HIGH_RANGE,CONTINUE,H10_30,PUT,2022-08-04,50,1162.5,39.99999999999977,110.36305772499999,1012.1369422750003
2022-08-03,HIGH_RANGE|CONTINUE|H15_10,HIGH_RANGE,CONTINUE,H15_10,PUT,2022-08-04,50,-1307.5,40.000000000000114,103.36946323500001,-1450.8694632350002
2022-08-03,HIGH_RANGE|FADE|H10_30,HIGH_RANGE,FADE,H10_30,CALL,2022-08-04,50,-930.0000000000005,40.00000000000017,100.96147471,-1070.9614747100006
2022-08-03,HIGH_RANGE|FADE|H15_10,HIGH_RANGE,FADE,H15_10,CALL,2022-08-04,50,830.0,40.00000000000014,103.44175920999999,686.5582407899999
2022-08-04,LOW_RANGE|CONTINUE|H10_30,LOW_RANGE,CONTINUE,H10_30,CALL,2022-08-04,50,-719.9999999999999,40.00000000000024,98.46062951,-858.4606295100001
2022-08-04,LOW_RANGE|CONTINUE|H15_10,LOW_RANGE,CONTINUE,H15_10,CALL,2022-08-04,50,-2460.0,40.0,95.81343354999998,-2595.81343355
2022-08-04,LOW_RANGE|FADE|H10_30,LOW_RANGE,FADE,H10_30,PUT,2022-08-04,50,499.9999999999999,40.000000000000355,99.48456282,360.51543717999954
2022-08-04,LOW_RANGE|FADE|H15_10,LOW_RANGE,FADE,H15_10,PUT,2022-08-04,50,579.9999999999998,40.000000000000256,99.16084456,440.83915543999956
2022-08-05,HIGH_RANGE|CONTINUE|H10_30,HIGH_RANGE,CONTINUE,H10_30,CALL,2022-08-11,50,-64.99999999999983,39.999999999999204,116.21636234999998,-221.21636234999903
2022-08-05,HIGH_RANGE|CONTINUE|H15_10,HIGH_RANGE,CONTINUE,H15_10,CALL,2022-08-11,50,-862.4999999999993,40.0,112.26248812499999,-1014.7624881249993
2022-08-05,HIGH_RANGE|FADE|H10_30,HIGH_RANGE,FADE,H10_30,PUT,2022-08-11,50,-85.00000000000011,39.999999999999204,115.17487960999999,-240.17487960999932
2022-08-05,HIGH_RANGE|FADE|H15_10,HIGH_RANGE,FADE,H15_10,PUT,2022-08-11,50,562.5000000000007,39.99999999999915,117.406080985,405.0939190150016
2022-08-08,MID_RANGE|CONTINUE|H10_30,MID_RANGE,CONTINUE,H10_30,CALL,2022-08-11,50,459.99999999999983,39.99999999999915,112.8690431,307.1309569000007
2022-08-08,MID_RANGE|CONTINUE|H15_10,MID_RANGE,CONTINUE,H15_10,CALL,2022-08-11,50,1635.0000000000005,39.99999999999932,116.00443194,1478.9955680600012
2022-08-08,MID_RANGE|FADE|H10_30,MID_RANGE,FADE,H10_30,PUT,2022-08-11,50,-479.9999999999998,40.00000000000051,107.73758708000001,-627.7375870800003
2022-08-08,MID_RANGE|FADE|H15_10,MID_RANGE,FADE,H15_10,PUT,2022-08-11,50,-1465.0,40.0,105.01968514,-1610.01968514
2022-08-10,HIGH_RANGE|CONTINUE|H10_30,HIGH_RANGE,CONTINUE,H10_30,CALL,2022-08-11,50,139.99999999999932,40.00000000000021,106.33723986000001,-6.337239860000892
2022-08-10,HIGH_RANGE|CONTINUE|H15_10,HIGH_RANGE,CONTINUE,H15_10,CALL,2022-08-11,50,282.4999999999998,40.00000000000023,106.10192997500002,136.39807002499953
2022-08-10,HIGH_RANGE|FADE|H10_30,HIGH_RANGE,FADE,H10_30,PUT,2022-08-11,50,-192.49999999999972,40.00000000000023,104.64457009499999,-337.14457009499995
2022-08-10,HIGH_RANGE|FADE|H15_10,HIGH_RANGE,FADE,H15_10,PUT,2022-08-11,50,-612.4999999999995,40.00000000000023,103.130227155,-755.6302271549998
2022-08-11,LOW_RANGE|CONTINUE|H10_30,LOW_RANGE,CONTINUE,H10_30,CALL,2022-08-11,50,202.5000000000001,40.000000000000306,101.28997288500001,61.21002711499982
2022-08-11,LOW_RANGE|CONTINUE|H15_10,LOW_RANGE,CONTINUE,H15_10,CALL,2022-08-11,50,-2220.0,40.00000000000003,97.64017611000001,-2357.64017611
2022-08-11,LOW_RANGE|FADE|H10_30,LOW_RANGE,FADE,H10_30,PUT,2022-08-11,50,-495.0000000000002,40.00000000000002,97.47755206,-632.4775520600002
2022-08-11,LOW_RANGE|FADE|H15_10,LOW_RANGE,FADE,H15_10,PUT,2022-08-11,50,-1457.5,40.00000000000023,95.674534435,-1593.1745344350002
2022-08-12,MID_RANGE|CONTINUE|H10_30,MID_RANGE,CONTINUE,H10_30,PUT,2022-08-18,50,-860.0000000000001,40.00000000000057,106.80965987999998,-1006.8096598800007
2022-08-12,MID_RANGE|CONTINUE|H15_10,MID_RANGE,CONTINUE,H15_10,PUT,2022-08-18,50,-1050.0,40.00000000000057,106.05289306999998,-1196.0528930700004
2022-08-12,MID_RANGE|FADE|H10_30,MID_RANGE,FADE,H10_30,CALL,2022-08-18,50,1070.0000000000005,39.999999999999886,113.45304863999999,916.5469513600007
2022-08-12,MID_RANGE|FADE|H15_10,MID_RANGE,FADE,H15_10,CALL,2022-08-18,50,1145.0000000000002,39.99999999999977,113.10366703,991.8963329700005
2022-08-16,LOW_RANGE|CONTINUE|H10_30,LOW_RANGE,CONTINUE,H10_30,CALL,2022-08-18,50,427.4999999999995,40.00000000000021,105.080052525,282.41994747499933
2022-08-16,LOW_RANGE|CONTINUE|H15_10,LOW_RANGE,CONTINUE,H15_10,CALL,2022-08-18,50,322.5,40.00000000000027,104.81068703500002,177.68931296499971
2022-08-16,LOW_RANGE|FADE|H10_30,LOW_RANGE,FADE,H10_30,PUT,2022-08-18,50,-357.49999999999955,40.000000000000284,103.667544785,-501.16754478499985
2022-08-16,LOW_RANGE|FADE|H15_10,LOW_RANGE,FADE,H15_10,PUT,2022-08-18,50,-519.9999999999998,40.000000000000284,102.92179164,-662.92179164
2022-08-17,MID_RANGE|CONTINUE|H10_30,MID_RANGE,CONTINUE,H10_30,CALL,2022-08-18,50,702.5,40.00000000000014,104.111929735,558.3880702649998
2022-08-17,MID_RANGE|CONTINUE|H15_10,MID_RANGE,CONTINUE,H15_10,CALL,2022-08-18,50,2287.5000000000005,39.99999999999943,107.278852455,2140.221147545001
2022-08-17,MID_RANGE|FADE|H10_30,MID_RANGE,FADE,H10_30,PUT,2022-08-18,50,-515.0000000000002,40.000000000000156,99.85675444,-654.8567544400004
2022-08-17,MID_RANGE|FADE|H15_10,MID_RANGE,FADE,H15_10,PUT,2022-08-18,50,-1247.5,39.99999999999994,98.43485167499999,-1385.934851675
2022-08-18,MID_RANGE|CONTINUE|H10_30,MID_RANGE,CONTINUE,H10_30,PUT,2022-08-18,50,-684.9999999999999,40.00000000000037,99.44431986999999,-824.4443198700002
2022-08-18,MID_RANGE|CONTINUE|H15_10,MID_RANGE,CONTINUE,H15_10,PUT,2022-08-18,50,-2652.5,40.0,96.20575256500001,-2788.705752565
2022-08-18,MID_RANGE|FADE|H10_30,MID_RANGE,FADE,H10_30,CALL,2022-08-18,50,154.99999999999977,40.00000000000029,98.02518556000001,16.974814439999463
2022-08-18,MID_RANGE|FADE|H15_10,MID_RANGE,FADE,H15_10,CALL,2022-08-18,50,1082.4999999999998,40.00000000000023,99.14661137499999,943.3533886249995
2022-08-19,MID_RANGE|CONTINUE|H10_30,MID_RANGE,CONTINUE,H10_30,CALL,2022-08-25,50,-217.50000000000006,39.999999999999886,110.40485123500001,-367.90485123499997
2022-08-19,MID_RANGE|CONTINUE|H15_10,MID_RANGE,CONTINUE,H15_10,CALL,2022-08-25,50,-2185.0,40.000000000000455,105.53495176,-2330.5349517600007
2022-08-19,MID_RANGE|FADE|H10_30,MID_RANGE,FADE,H10_30,PUT,2022-08-25,50,192.50000000000006,40.00000000000051,109.13968518499999,43.360314814999555
2022-08-19,MID_RANGE|FADE|H15_10,MID_RANGE,FADE,H15_10,PUT,2022-08-25,50,2527.5000000000005,39.999999999999545,118.36840132499998,2369.131598675001
2022-08-22,MID_RANGE|CONTINUE|H10_30,MID_RANGE,CONTINUE,H10_30,PUT,2022-08-25,50,837.5000000000003,39.999999999999886,111.939013635,685.5609863650004
2022-08-22,MID_RANGE|CONTINUE|H15_10,MID_RANGE,CONTINUE,H15_10,PUT,2022-08-25,50,2212.4999999999995,40.0,117.123423875,2055.3765761249997
2022-08-22,MID_RANGE|FADE|H10_30,MID_RANGE,FADE,H10_30,CALL,2022-08-25,50,-930.0000000000001,40.0000000000004,105.79040384,-1075.7904038400004
2022-08-22,MID_RANGE|FADE|H15_10,MID_RANGE,FADE,H15_10,CALL,2022-08-25,50,-2105.0,40.000000000000455,102.91528452,-2247.9152845200006
2022-08-23,MID_RANGE|CONTINUE|H10_30,MID_RANGE,CONTINUE,H10_30,PUT,2022-08-25,50,-12.5,40.00000000000057,106.27489653499998,-158.77489653500055
2022-08-23,MID_RANGE|CONTINUE|H15_10,MID_RANGE,CONTINUE,H15_10,PUT,2022-08-25,50,-1225.0,40.00000000000068,102.84478383,-1367.8447838300008
2022-08-23,MID_RANGE|FADE|H10_30,MID_RANGE,FADE,H10_30,CALL,2022-08-25,50,-89.99999999999986,40.00000000000021,106.44413035,-236.44413035000005
2022-08-23,MID_RANGE|FADE|H15_10,MID_RANGE,FADE,H15_10,CALL,2022-08-25,50,920.0000000000005,39.99999999999966,108.73262864000002,771.2673713600007
2022-08-24,MID_RANGE|CONTINUE|H10_30,MID_RANGE,CONTINUE,H10_30,PUT,2022-08-25,50,-157.49999999999957,40.00000000000021,102.77459107500002,-300.27459107499976
2022-08-24,MID_RANGE|CONTINUE|H15_10,MID_RANGE,CONTINUE,H15_10,PUT,2022-08-25,50,-1394.9999999999998,39.999999999999886,99.83430172999999,-1534.8343017299994
2022-08-24,MID_RANGE|FADE|H10_30,MID_RANGE,FADE,H10_30,CALL,2022-08-25,50,177.49999999999986,40.00000000000021,104.726419025,32.77358097499966
2022-08-24,MID_RANGE|FADE|H15_10,MID_RANGE,FADE,H15_10,CALL,2022-08-25,50,850.0,40.000000000000156,105.41742362000001,704.5825763799998
2022-08-25,HIGH_RANGE|CONTINUE|H10_30,HIGH_RANGE,CONTINUE,H10_30,CALL,2022-08-25,50,-317.50000000000006,40.000000000000284,98.272409235,-455.77240923500034
2022-08-25,HIGH_RANGE|CONTINUE|H15_10,HIGH_RANGE,CONTINUE,H15_10,CALL,2022-08-25,50,-2177.5,39.99999999999999,95.562365605,-2313.062365605
2022-08-25,HIGH_RANGE|FADE|H10_30,HIGH_RANGE,FADE,H10_30,PUT,2022-08-25,50,17.50000000000003,40.000000000000306,98.62543870500002,-121.1254387050003
2022-08-25,HIGH_RANGE|FADE|H15_10,HIGH_RANGE,FADE,H15_10,PUT,2022-08-25,50,5735.0,40.0,106.48530102000001,5588.51469898
2022-08-26,HIGH_RANGE|CONTINUE|H10_30,HIGH_RANGE,CONTINUE,H10_30,CALL,2022-09-01,50,-460.0000000000001,39.999999999999204,113.03168787,-613.0316878699994
2022-08-26,HIGH_RANGE|CONTINUE|H15_10,HIGH_RANGE,CONTINUE,H15_10,CALL,2022-09-01,50,-1272.5000000000007,39.99999999999977,110.381181585,-1422.8811815850004
2022-08-26,HIGH_RANGE|FADE|H10_30,HIGH_RANGE,FADE,H10_30,PUT,2022-09-01,50,434.99999999999943,39.999999999999886,112.18300595,282.81699404999955
2022-08-26,HIGH_RANGE|FADE|H15_10,HIGH_RANGE,FADE,H15_10,PUT,2022-09-01,50,1262.499999999999,39.99999999999977,115.286963555,1107.2130364449993
2022-08-29,MID_RANGE|CONTINUE|H10_30,MID_RANGE,CONTINUE,H10_30,PUT,2022-09-01,50,-715.000000000001,39.99999999999977,109.58028114999999,-864.5802811500008
2022-08-29,MID_RANGE|CONTINUE|H15_10,MID_RANGE,CONTINUE,H15_10,PUT,2022-09-01,50,-730.0000000000002,40.00000000000023,109.08964847,-879.0896484700005
2022-08-29,MID_RANGE|FADE|H10_30,MID_RANGE,FADE,H10_30,CALL,2022-09-01,50,677.5000000000005,39.99999999999909,114.115533585,523.3844664150014
2022-08-29,MID_RANGE|FADE|H15_10,MID_RANGE,FADE,H15_10,CALL,2022-09-01,50,625.0,39.99999999999915,113.40453976,471.5954602400009
2022-08-30,LOW_RANGE|CONTINUE|H10_30,LOW_RANGE,CONTINUE,H10_30,CALL,2022-09-01,50,702.5000000000006,40.000000000000284,105.417925005,557.0820749950002
2022-08-30,LOW_RANGE|CONTINUE|H15_10,LOW_RANGE,CONTINUE,H15_10,CALL,2022-09-01,50,5492.5,39.99999999999909,125.462640715,5327.037359285001
2022-08-30,LOW_RANGE|FADE|H10_30,LOW_RANGE,FADE,H10_30,PUT,2022-09-01,50,-504.9999999999999,40.00000000000017,103.58903578,-648.58903578
2022-08-30,LOW_RANGE|FADE|H15_10,LOW_RANGE,FADE,H15_10,PUT,2022-09-01,50,-2455.0,39.99999999999943,99.54793756000001,-2594.547937559999
2022-09-01,HIGH_RANGE|CONTINUE|H10_30,HIGH_RANGE,CONTINUE,H10_30,PUT,2022-09-01,50,-1655.0,39.99999999999994,98.06757422,-1793.06757422
2022-09-01,HIGH_RANGE|CONTINUE|H15_10,HIGH_RANGE,CONTINUE,H15_10,PUT,2022-09-01,50,-2125.0,40.0,97.04487265,-2262.04487265
2022-09-01,HIGH_RANGE|FADE|H10_30,HIGH_RANGE,FADE,H10_30,CALL,2022-09-01,50,2865.000000000001,39.99999999999977,107.92842972,2717.0715702800007
2022-09-01,HIGH_RANGE|FADE|H15_10,HIGH_RANGE,FADE,H15_10,CALL,2022-09-01,50,-2887.5,39.999999999999545,97.058492925,-3024.5584929249994
2022-09-02,HIGH_RANGE|CONTINUE|H10_30,HIGH_RANGE,CONTINUE,H10_30,CALL,2022-09-08,50,-367.50000000000045,39.99999999999909,116.56927437499999,-524.0692743749995
2022-09-02,HIGH_RANGE|CONTINUE|H15_10,HIGH_RANGE,CONTINUE,H15_10,CALL,2022-09-08,50,-245.00000000000102,39.99999999999909,116.30102613999999,-401.3010261400001
2022-09-02,HIGH_RANGE|FADE|H10_30,HIGH_RANGE,FADE,H10_30,PUT,2022-09-08,50,372.5000000000001,39.99999999999909,118.32247537500001,214.177524625001
2022-09-02,HIGH_RANGE|FADE|H15_10,HIGH_RANGE,FADE,H15_10,PUT,2022-09-08,50,124.99999999999858,39.99999999999915,116.42470409999999,-31.424704100000554
2022-09-05,MID_RANGE|CONTINUE|H10_30,MID_RANGE,CONTINUE,H10_30,CALL,2022-09-08,50,445.0000000000009,39.99999999999898,114.69759775,290.30240225000193
2022-09-05,MID_RANGE|CONTINUE|H15_10,MID_RANGE,CONTINUE,H15_10,CALL,2022-09-08,50,822.5000000000001,39.99999999999909,115.338480745,667.161519255001
2022-09-05,MID_RANGE|FADE|H10_30,MID_RANGE,FADE,H10_30,PUT,2022-09-08,50,-490.0000000000001,40.000000000000114,111.15806986999999,-641.1580698700002
2022-09-05,MID_RANGE|FADE|H15_10,MID_RANGE,FADE,H15_10,PUT,2022-09-08,50,-877.4999999999998,39.99999999999977,109.88025375499998,-1027.3802537549996
2022-09-06,LOW_RANGE|CONTINUE|H10_30,LOW_RANGE,CONTINUE,H10_30,CALL,2022-09-08,50,-1525.0,40.000000000000114,106.03631088999998,-1671.03631089
2022-09-06,LOW_RANGE|CONTINUE|H15_10,LOW_RANGE,CONTINUE,H15_10,CALL,2022-09-08,50,-890.0000000000003,40.00000000000034,107.15762814,-1037.1576281400007
2022-09-06,LOW_RANGE|FADE|H10_30,LOW_RANGE,FADE,H10_30,PUT,2022-09-08,50,1635.0000000000007,39.99999999999977,113.67594927,1481.3240507300009
2022-09-06,LOW_RANGE|FADE|H15_10,LOW_RANGE,FADE,H15_10,PUT,2022-09-08,50,709.9999999999998,40.00000000000051,109.19314671000001,560.8068532899993
2022-09-07,LOW_RANGE|CONTINUE|H10_30,LOW_RANGE,CONTINUE,H10_30,PUT,2022-09-08,50,-575.0000000000005,40.00000000000034,105.06093086,-720.0609308600007
2022-09-07,LOW_RANGE|CONTINUE|H15_10,LOW_RANGE,CONTINUE,H15_10,PUT,2022-09-08,50,-1407.5,40.000000000000455,102.77253817500001,-1550.2725381750004
2022-09-07,LOW_RANGE|FADE|H10_30,LOW_RANGE,FADE,H10_30,CALL,2022-09-08,50,542.5000000000002,40.00000000000017,106.26056366499999,396.239436335
2022-09-07,LOW_RANGE|FADE|H15_10,LOW_RANGE,FADE,H15_10,CALL,2022-09-08,50,1174.9999999999998,40.00000000000017,107.25285749,1027.7471425099995
2022-09-08,HIGH_RANGE|CONTINUE|H10_30,HIGH_RANGE,CONTINUE,H10_30,CALL,2022-09-08,50,-317.5000000000001,40.000000000000355,97.78440388499999,-455.2844038850004
2022-09-08,HIGH_RANGE|CONTINUE|H15_10,HIGH_RANGE,CONTINUE,H15_10,CALL,2022-09-08,50,-1595.0000000000002,40.000000000000014,95.85649728,-1730.8564972800002
2022-09-08,HIGH_RANGE|FADE|H10_30,HIGH_RANGE,FADE,H10_30,PUT,2022-09-08,50,132.50000000000028,40.00000000000021,101.400100655,-8.900100654999932
2022-09-08,HIGH_RANGE|FADE|H15_10,HIGH_RANGE,FADE,H15_10,PUT,2022-09-08,50,-2287.5,40.0,97.065985055,-2424.565985055
2022-09-09,LOW_RANGE|CONTINUE|H10_30,LOW_RANGE,CONTINUE,H10_30,CALL,2022-09-15,50,207.4999999999992,39.99999999999915,112.34920481500001,55.15079518500005
2022-09-09,LOW_RANGE|CONTINUE|H15_10,LOW_RANGE,CONTINUE,H15_10,CALL,2022-09-15,50,-415.000000000001,39.99999999999977,110.24167252000001,-565.2416725200007
2022-09-09,LOW_RANGE|FADE|H10_30,LOW_RANGE,FADE,H10_30,PUT,2022-09-15,50,-242.49999999999937,39.99999999999983,111.977581705,-394.47758170499924
2022-09-09,LOW_RANGE|FADE|H15_10,LOW_RANGE,FADE,H15_10,PUT,2022-09-15,50,352.5000000000009,39.99999999999915,114.018328295,198.48167170500176
2022-09-12,MID_RANGE|CONTINUE|H10_30,MID_RANGE,CONTINUE,H10_30,CALL,2022-09-15,50,687.4999999999997,39.999999999999886,112.28920160499999,535.2107983949998
2022-09-12,MID_RANGE|CONTINUE|H15_10,MID_RANGE,CONTINUE,H15_10,CALL,2022-09-15,50,589.9999999999995,39.999999999999886,111.78411861000001,438.21588138999965
2022-09-12,MID_RANGE|FADE|H10_30,MID_RANGE,FADE,H10_30,PUT,2022-09-15,50,-517.4999999999997,40.00000000000068,107.954106915,-665.4541069150004
2022-09-12,MID_RANGE|FADE|H15_10,MID_RANGE,FADE,H15_10,PUT,2022-09-15,50,-532.4999999999995,40.000000000000455,107.858526185,-680.358526185
2022-09-13,LOW_RANGE|CONTINUE|H10_30,LOW_RANGE,CONTINUE,H10_30,CALL,2022-09-15,50,-302.5,40.00000000000023,105.28372292499999,-447.78372292500023
2022-09-13,LOW_RANGE|CONTINUE|H15_10,LOW_RANGE,CONTINUE,H15_10,CALL,2022-09-15,50,514.9999999999999,40.000000000000284,106.92346215,368.07653784999957
2022-09-13,LOW_RANGE|FADE|H10_30,LOW_RANGE,FADE,H10_30,PUT,2022-09-15,50,264.9999999999999,40.000000000000625,107.61090673000001,117.38909326999925
2022-09-13,LOW_RANGE|FADE|H15_10,LOW_RANGE,FADE,H15_10,PUT,2022-09-15,50,-475.0000000000003,40.000000000000455,105.59743621,-620.5974362100006
2022-09-14,MID_RANGE|CONTINUE|H10_30,MID_RANGE,CONTINUE,H10_30,PUT,2022-09-15,50,-187.49999999999986,40.00000000000014,105.15359112499999,-332.653591125
2022-09-14,MID_RANGE|CONTINUE|H15_10,MID_RANGE,CONTINUE,H15_10,PUT,2022-09-15,50,-1660.0000000000005,39.999999999999886,101.96454435,-1801.9645443500003
2022-09-14,MID_RANGE|FADE|H10_30,MID_RANGE,FADE,H10_30,CALL,2022-09-15,50,140.00000000000023,40.00000000000021,105.27292342999999,-5.272923429999992
2022-09-14,MID_RANGE|FADE|H15_10,MID_RANGE,FADE,H15_10,CALL,2022-09-15,50,2237.500000000001,40.0,110.29882630499999,2087.2011736950008
2022-09-15,MID_RANGE|CONTINUE|H10_30,MID_RANGE,CONTINUE,H10_30,CALL,2022-09-15,50,-1682.5000000000002,39.999999999999794,97.666156275,-1820.166156275
2022-09-15,MID_RANGE|CONTINUE|H15_10,MID_RANGE,CONTINUE,H15_10,CALL,2022-09-15,50,-2735.0,40.0,95.94032807,-2870.94032807
2022-09-15,MID_RANGE|FADE|H10_30,MID_RANGE,FADE,H10_30,PUT,2022-09-15,50,2600.0000000000005,40.000000000000455,104.73244251999999,2455.26755748
2022-09-15,MID_RANGE|FADE|H15_10,MID_RANGE,FADE,H15_10,PUT,2022-09-15,50,6207.5,39.99999999999994,107.808989805,6059.691010195
2022-09-16,HIGH_RANGE|CONTINUE|H10_30,HIGH_RANGE,CONTINUE,H10_30,PUT,2022-09-22,50,522.4999999999995,39.99999999999909,117.944401385,364.55559861500046
2022-09-16,HIGH_RANGE|CONTINUE|H15_10,HIGH_RANGE,CONTINUE,H15_10,PUT,2022-09-22,50,2447.500000000001,39.99999999999909,127.29960442499998,2280.200395575002
2022-09-16,HIGH_RANGE|FADE|H10_30,HIGH_RANGE,FADE,H10_30,CALL,2022-09-22,50,-559.9999999999992,39.99999999999886,114.76789315,-714.767893149998
2022-09-16,HIGH_RANGE|FADE|H15_10,HIGH_RANGE,FADE,H15_10,CALL,2022-09-22,50,-2197.4999999999986,40.000000000000455,110.081282025,-2347.581282024999
2022-09-19,HIGH_RANGE|CONTINUE|H10_30,HIGH_RANGE,CONTINUE,H10_30,CALL,2022-09-22,50,1454.9999999999995,39.99999999999909,123.0652484,1291.9347516000005
2022-09-19,HIGH_RANGE|CONTINUE|H15_10,HIGH_RANGE,CONTINUE,H15_10,CALL,2022-09-22,50,1195.0000000000007,39.99999999999886,120.79657252999999,1034.2034274700018
2022-09-19,HIGH_RANGE|FADE|H10_30,HIGH_RANGE,FADE,H10_30,PUT,2022-09-22,50,-1222.5000000000002,39.99999999999977,110.69358712500001,-1373.193587125
2022-09-19,HIGH_RANGE|FADE|H15_10,HIGH_RANGE,FADE,H15_10,PUT,2022-09-22,50,-1062.5,39.99999999999977,111.05469499499999,-1213.5546949949999
2022-09-20,MID_RANGE|CONTINUE|H10_30,MID_RANGE,CONTINUE,H10_30,CALL,2022-09-22,50,547.5000000000001,39.99999999999909,111.984270435,395.51572956500104
2022-09-20,MID_RANGE|CONTINUE|H15_10,MID_RANGE,CONTINUE,H15_10,CALL,2022-09-22,50,-80.00000000000043,39.99999999999983,110.0044479,-230.00444790000026
2022-09-20,MID_RANGE|FADE|H10_30,MID_RANGE,FADE,H10_30,PUT,2022-09-22,50,-559.9999999999998,40.00000000000057,107.36880251000001,-707.3688025100004
2022-09-20,MID_RANGE|FADE|H15_10,MID_RANGE,FADE,H15_10,PUT,2022-09-22,50,-99.99999999999926,40.000000000000625,108.38200641,-248.3820064099999
2022-09-21,MID_RANGE|CONTINUE|H10_30,MID_RANGE,CONTINUE,H10_30,PUT,2022-09-22,50,162.50000000000034,39.99999999999983,111.360664455,11.139335545000506
2022-09-21,MID_RANGE|CONTINUE|H15_10,MID_RANGE,CONTINUE,H15_10,PUT,2022-09-22,50,1270.0000000000011,40.0,116.20386821,1113.7961317900013
2022-09-21,MID_RANGE|FADE|H10_30,MID_RANGE,FADE,H10_30,CALL,2022-09-22,50,-202.50000000000003,40.00000000000023,105.550663415,-348.05066341500026
2022-09-21,MID_RANGE|FADE|H15_10,MID_RANGE,FADE,H15_10,CALL,2022-09-22,50,-1160.0000000000002,40.000000000000114,103.14587369,-1303.1458736900004
2022-09-22,MID_RANGE|CONTINUE|H10_30,MID_RANGE,CONTINUE,H10_30,PUT,2022-09-22,50,829.9999999999998,40.00000000000027,103.41387319,686.5861268099995
2022-09-22,MID_RANGE|CONTINUE|H15_10,MID_RANGE,CONTINUE,H15_10,PUT,2022-09-22,50,-1747.5000000000005,40.0,98.401496825,-1885.9014968250005
2022-09-22,MID_RANGE|FADE|H10_30,MID_RANGE,FADE,H10_30,CALL,2022-09-22,50,-1422.5000000000002,40.00000000000023,99.181909605,-1561.6819096050006
2022-09-22,MID_RANGE|FADE|H15_10,MID_RANGE,FADE,H15_10,CALL,2022-09-22,50,-2970.0000000000005,40.0,96.69081969000001,-3106.6908196900004
2022-09-23,MID_RANGE|CONTINUE|H10_30,MID_RANGE,CONTINUE,H10_30,PUT,2022-09-29,50,647.5,39.99999999999886,121.430359175,486.0696408250011
2022-09-23,MID_RANGE|CONTINUE|H15_10,MID_RANGE,CONTINUE,H15_10,PUT,2022-09-29,50,1709.9999999999995,39.999999999998636,126.94888843,1543.051111570001
2022-09-23,MID_RANGE|FADE|H10_30,MID_RANGE,FADE,H10_30,CALL,2022-09-29,50,-580.0000000000005,39.99999999999909,116.85893999000001,-736.8589399899995
2022-09-23,MID_RANGE|FADE|H15_10,MID_RANGE,FADE,H15_10,CALL,2022-09-29,50,-1582.5000000000002,39.99999999999977,113.521381945,-1736.021381945
2022-09-26,HIGH_RANGE|CONTINUE|H10_30,HIGH_RANGE,CONTINUE,H10_30,PUT,2022-09-29,50,1457.5000000000005,39.999999999999545,122.562188705,1294.937811295001
2022-09-26,HIGH_RANGE|CONTINUE|H15_10,HIGH_RANGE,CONTINUE,H15_10,PUT,2022-09-29,50,1360.0,39.99999999999886,120.84871151,1199.1512884900012
2022-09-26,HIGH_RANGE|FADE|H10_30,HIGH_RANGE,FADE,H10_30,CALL,2022-09-29,50,-1487.5000000000002,39.99999999999977,112.36371041500001,-1639.863710415
2022-09-26,HIGH_RANGE|FADE|H15_10,HIGH_RANGE,FADE,H15_10,CALL,2022-09-29,50,-1534.9999999999995,40.0,111.60401722,-1686.6040172199996
2022-09-27,HIGH_RANGE|CONTINUE|H10_30,HIGH_RANGE,CONTINUE,H10_30,CALL,2022-09-29,50,-1655.0,39.999999999999545,107.09799703000002,-1802.0979970299995
2022-09-27,HIGH_RANGE|CONTINUE|H15_10,HIGH_RANGE,CONTINUE,H15_10,CALL,2022-09-29,50,-2127.5,40.00000000000023,105.783603585,-2273.283603585
2022-09-27,HIGH_RANGE|FADE|H10_30,HIGH_RANGE,FADE,H10_30,PUT,2022-09-29,50,1940.0,39.99999999999909,117.68608803999999,1782.313911960001
2022-09-27,HIGH_RANGE|FADE|H15_10,HIGH_RANGE,FADE,H15_10,PUT,2022-09-29,50,2127.4999999999995,40.0,116.529126145,1970.9708738549996
2022-09-28,MID_RANGE|CONTINUE|H10_30,MID_RANGE,CONTINUE,H10_30,PUT,2022-09-29,50,-872.5000000000003,40.000000000000455,103.85000309499999,-1016.3500030950008
2022-09-28,MID_RANGE|CONTINUE|H15_10,MID_RANGE,CONTINUE,H15_10,PUT,2022-09-29,50,-497.5000000000002,40.00000000000023,103.976106055,-641.4761060550004
2022-09-28,MID_RANGE|FADE|H10_30,MID_RANGE,FADE,H10_30,CALL,2022-09-29,50,955.0000000000001,40.0,110.51571824000001,804.4842817600002
2022-09-28,MID_RANGE|FADE|H15_10,MID_RANGE,FADE,H15_10,CALL,2022-09-29,50,-120.00000000000011,40.000000000000455,106.61083948,-266.61083948000055
2022-09-29,HIGH_RANGE|CONTINUE|H10_30,HIGH_RANGE,CONTINUE,H10_30,CALL,2022-09-29,50,-530.0000000000001,40.000000000000355,98.17167056999999,-668.1716705700004
2022-09-29,HIGH_RANGE|CONTINUE|H15_10,HIGH_RANGE,CONTINUE,H15_10,CALL,2022-09-29,50,-2077.5,32.50000000000003,95.77949539,-2205.77949539
2022-09-29,HIGH_RANGE|FADE|H10_30,HIGH_RANGE,FADE,H10_30,PUT,2022-09-29,50,735.0000000000002,40.00000000000014,103.102881,591.8971190000001
2022-09-29,HIGH_RANGE|FADE|H15_10,HIGH_RANGE,FADE,H15_10,PUT,2022-09-29,50,6667.499999999999,39.99999999999906,110.829987145,6516.670012855
2022-09-30,HIGH_RANGE|CONTINUE|H10_30,HIGH_RANGE,CONTINUE,H10_30,CALL,2022-10-06,50,942.4999999999989,39.99999999999818,126.33264825500001,776.1673517450007
2022-09-30,HIGH_RANGE|CONTINUE|H15_10,HIGH_RANGE,CONTINUE,H15_10,CALL,2022-10-06,50,2765.0,39.99999999999909,137.65755141,2587.342448590001
2022-09-30,HIGH_RANGE|FADE|H10_30,HIGH_RANGE,FADE,H10_30,PUT,2022-10-06,50,-877.5000000000009,40.0,115.28084629499998,-1032.7808462950009
2022-09-30,HIGH_RANGE|FADE|H15_10,HIGH_RANGE,FADE,H15_10,PUT,2022-10-06,50,-2215.0000000000005,40.00000000000091,110.55847603999999,-2365.5584760400016
2022-10-03,MID_RANGE|CONTINUE|H10_30,MID_RANGE,CONTINUE,H10_30,CALL,2022-10-06,50,-717.5000000000003,40.0,108.438065665,-865.9380656650003
2022-10-03,MID_RANGE|CONTINUE|H15_10,MID_RANGE,CONTINUE,H15_10,CALL,2022-10-06,50,-1765.0000000000002,39.99999999999932,105.72006108,-1910.7200610799996
2022-10-03,MID_RANGE|FADE|H10_30,MID_RANGE,FADE,H10_30,PUT,2022-10-06,50,564.9999999999999,39.99999999999909,119.82175805,405.1782419500008
2022-10-03,MID_RANGE|FADE|H15_10,MID_RANGE,FADE,H15_10,PUT,2022-10-06,50,1585.0,39.99999999999886,122.31960382,1422.680396180001
2022-10-04,HIGH_RANGE|CONTINUE|H10_30,HIGH_RANGE,CONTINUE,H10_30,CALL,2022-10-06,50,325.0,40.00000000000021,107.84450421,177.15549578999978
2022-10-04,HIGH_RANGE|CONTINUE|H15_10,HIGH_RANGE,CONTINUE,H15_10,CALL,2022-10-06,50,972.5000000000007,39.999999999999474,108.630280215,823.8697197850013
2022-10-04,HIGH_RANGE|FADE|H10_30,HIGH_RANGE,FADE,H10_30,PUT,2022-10-06,50,-440.00000000000017,40.000000000000455,105.21935926000002,-585.2193592600006
2022-10-04,HIGH_RANGE|FADE|H15_10,HIGH_RANGE,FADE,H15_10,PUT,2022-10-06,50,-1130.0000000000002,40.00000000000034,103.53688496000001,-1273.5368849600004
2022-10-06,LOW_RANGE|CONTINUE|H10_30,LOW_RANGE,CONTINUE,H10_30,CALL,2022-10-06,50,-87.49999999999994,40.00000000000029,99.132234105,-226.63223410500024
2022-10-06,LOW_RANGE|CONTINUE|H15_10,LOW_RANGE,CONTINUE,H15_10,CALL,2022-10-06,50,-2475.0,40.0,95.66208078,-2610.66208078
2022-10-06,LOW_RANGE|FADE|H10_30,LOW_RANGE,FADE,H10_30,PUT,2022-10-06,50,-525.0000000000001,40.00000000000037,98.82476937000001,-663.8247693700005
2022-10-06,LOW_RANGE|FADE|H15_10,LOW_RANGE,FADE,H15_10,PUT,2022-10-06,50,1259.9999999999998,40.00000000000023,100.88029789,1119.1197021099995
2022-10-07,MID_RANGE|CONTINUE|H10_30,MID_RANGE,CONTINUE,H10_30,PUT,2022-10-13,50,-302.49999999999915,39.99999999999915,113.793606695,-456.2936066949983
2022-10-07,MID_RANGE|CONTINUE|H15_10,MID_RANGE,CONTINUE,H15_10,PUT,2022-10-13,50,-617.4999999999991,39.99999999999977,111.981613505,-769.4816135049989
2022-10-07,MID_RANGE|FADE|H10_30,MID_RANGE,FADE,H10_30,CALL,2022-10-13,50,345.0000000000002,39.99999999999915,115.05809271000001,189.94190729000107
2022-10-07,MID_RANGE|FADE|H15_10,MID_RANGE,FADE,H15_10,CALL,2022-10-13,50,695.0000000000002,39.99999999999909,116.32004516,538.6799548400011
2022-10-10,LOW_RANGE|CONTINUE|H10_30,LOW_RANGE,CONTINUE,H10_30,PUT,2022-10-13,50,57.49999999999993,40.00000000000057,110.617236625,-93.11723662500064
2022-10-10,LOW_RANGE|CONTINUE|H15_10,LOW_RANGE,CONTINUE,H15_10,PUT,2022-10-13,50,-1285.0000000000002,40.000000000000455,106.79408935000001,-1431.7940893500006
2022-10-10,LOW_RANGE|FADE|H10_30,LOW_RANGE,FADE,H10_30,CALL,2022-10-13,50,-160.00000000000017,39.99999999999983,110.38393819999999,-310.3839382
2022-10-10,LOW_RANGE|FADE|H15_10,LOW_RANGE,FADE,H15_10,CALL,2022-10-13,50,1444.9999999999998,39.999999999999545,116.66985215,1288.3301478500002
2022-10-11,HIGH_RANGE|CONTINUE|H10_30,HIGH_RANGE,CONTINUE,H10_30,CALL,2022-10-13,50,-932.5000000000002,40.00000000000034,105.70785711500001,-1078.2078571150005
2022-10-11,HIGH_RANGE|CONTINUE|H15_10,HIGH_RANGE,CONTINUE,H15_10,CALL,2022-10-13,50,-2107.5000000000005,40.0,102.837385465,-2250.3373854650004
2022-10-11,HIGH_RANGE|FADE|H10_30,HIGH_RANGE,FADE,H10_30,PUT,2022-10-13,50,1029.9999999999998,39.999999999999886,113.24309417,876.7569058299998
2022-10-11,HIGH_RANGE|FADE|H15_10,HIGH_RANGE,FADE,H15_10,PUT,2022-10-13,50,2635.000000000001,40.000000000000455,118.82256227999999,2476.1774377200004
2022-10-12,MID_RANGE|CONTINUE|H10_30,MID_RANGE,CONTINUE,H10_30,CALL,2022-10-13,50,110.00000000000031,40.0000000000002,105.16542003,-35.16542002999989
2022-10-12,MID_RANGE|CONTINUE|H15_10,MID_RANGE,CONTINUE,H15_10,CALL,2022-10-13,50,1875.0,39.99999999999966,108.45682410999999,1726.5431758900002
2022-10-12,MID_RANGE|FADE|H10_30,MID_RANGE,FADE,H10_30,PUT,2022-10-13,50,-202.50000000000043,40.00000000000014,106.377948675,-348.87794867500054
2022-10-12,MID_RANGE|FADE|H15_10,MID_RANGE,FADE,H15_10,PUT,2022-10-13,50,-1642.5000000000005,39.999999999999886,102.821231625,-1785.3212316250006
2022-10-13,LOW_RANGE|CONTINUE|H10_30,LOW_RANGE,CONTINUE,H10_30,PUT,2022-10-13,50,1357.4999999999998,40.0000000000002,101.29242748499999,1216.2075725149996
2022-10-13,LOW_RANGE|CONTINUE|H15_10,LOW_RANGE,CONTINUE,H15_10,PUT,2022-10-13,50,-37.500000000000114,40.00000000000034,98.566230015,-176.06623001500046
2022-10-13,LOW_RANGE|FADE|H10_30,LOW_RANGE,FADE,H10_30,CALL,2022-10-13,50,-1514.9999999999998,39.99999999999979,98.41898208999999,-1653.4189820899996
2022-10-13,LOW_RANGE|FADE|H15_10,LOW_RANGE,FADE,H15_10,CALL,2022-10-13,50,-2957.5,40.00000000000003,96.146133295,-3093.646133295
2022-10-14,MID_RANGE|CONTINUE|H10_30,MID_RANGE,CONTINUE,H10_30,CALL,2022-10-20,50,-422.4999999999998,39.999999999999204,113.921313495,-576.421313494999
2022-10-14,MID_RANGE|CONTINUE|H15_10,MID_RANGE,CONTINUE,H15_10,CALL,2022-10-20,50,-1417.4999999999998,40.0,110.08312075500001,-1567.5831207549998
2022-10-14,MID_RANGE|FADE|H10_30,MID_RANGE,FADE,H10_30,PUT,2022-10-20,50,482.49999999999886,39.999999999999204,115.345544535,327.15445546499967
2022-10-14,MID_RANGE|FADE|H15_10,MID_RANGE,FADE,H15_10,PUT,2022-10-20,50,1244.9999999999993,39.99999999999886,118.70613268000001,1086.2938673200003
2022-10-17,HIGH_RANGE|CONTINUE|H10_30,HIGH_RANGE,CONTINUE,H10_30,PUT,2022-10-20,50,-1207.5000000000005,40.0,106.86188670499999,-1354.3618867050004
2022-10-17,HIGH_RANGE|CONTINUE|H15_10,HIGH_RANGE,CONTINUE,H15_10,PUT,2022-10-20,50,-1790.0,40.00000000000068,105.39654218999999,-1935.3965421900007
2022-10-17,HIGH_RANGE|FADE|H10_30,HIGH_RANGE,FADE,H10_30,CALL,2022-10-20,50,1530.0,39.99999999999909,117.92411902,1372.0758809800009
2022-10-17,HIGH_RANGE|FADE|H15_10,HIGH_RANGE,FADE,H15_10,CALL,2022-10-20,50,2444.999999999999,39.999999999998636,121.20762038999999,2283.7923796100004
2022-10-18,LOW_RANGE|CONTINUE|H10_30,LOW_RANGE,CONTINUE,H10_30,CALL,2022-10-20,50,765.0,40.00000000000017,105.906033,619.0939669999999
2022-10-18,LOW_RANGE|CONTINUE|H15_10,LOW_RANGE,CONTINUE,H15_10,CALL,2022-10-20,50,-24.999999999999375,40.00000000000031,103.84507413,-168.8450741299997
2022-10-18,LOW_RANGE|FADE|H10_30,LOW_RANGE,FADE,H10_30,PUT,2022-10-20,50,-605.0000000000003,40.00000000000068,106.87756284,-751.877562840001
2022-10-18,LOW_RANGE|FADE|H15_10,LOW_RANGE,FADE,H15_10,PUT,2022-10-20,50,-222.49999999999977,40.00000000000051,107.455803455,-369.95580345500025
2022-10-19,MID_RANGE|CONTINUE|H10_30,MID_RANGE,CONTINUE,H10_30,CALL,2022-10-20,50,755.0,40.00000000000014,103.89338956,611.1066104399999
2022-10-19,MID_RANGE|CONTINUE|H15_10,MID_RANGE,CONTINUE,H15_10,CALL,2022-10-20,50,-1572.5000000000005,40.000000000000114,99.620403305,-1712.1204033050005
2022-10-19,MID_RANGE|FADE|H10_30,MID_RANGE,FADE,H10_30,PUT,2022-10-20,50,-540.0000000000002,40.000000000000256,101.22963510000001,-681.2296351000005
2022-10-19,MID_RANGE|FADE|H15_10,MID_RANGE,FADE,H15_10,PUT,2022-10-20,50,1104.9999999999998,40.000000000000156,104.00736752,960.9926324799995
2022-10-20,MID_RANGE|CONTINUE|H10_30,MID_RANGE,CONTINUE,H10_30,PUT,2022-10-20,50,-665.0000000000001,40.00000000000036,98.15267227,-803.1526722700005
2022-10-20,MID_RANGE|CONTINUE|H15_10,MID_RANGE,CONTINUE,H15_10,PUT,2022-10-20,50,-2245.0,37.5,95.730690415,-2378.230690415
2022-10-20,MID_RANGE|FADE|H10_30,MID_RANGE,FADE,H10_30,CALL,2022-10-20,50,442.50000000000006,40.00000000000029,98.575941855,303.9240581449998
2022-10-20,MID_RANGE|FADE|H15_10,MID_RANGE,FADE,H15_10,CALL,2022-10-20,50,3354.9999999999995,40.000000000000455,102.51916066999999,3212.480839329999
2022-10-21,LOW_RANGE|CONTINUE|H10_30,LOW_RANGE,CONTINUE,H10_30,CALL,2022-10-27,50,-27.499999999999503,40.00000000000057,107.183212525,-174.68321252500007
2022-10-21,LOW_RANGE|CONTINUE|H15_10,LOW_RANGE,CONTINUE,H15_10,CALL,2022-10-27,50,-997.4999999999999,40.00000000000034,104.52835762499998,-1142.0283576250001
2022-10-21,LOW_RANGE|FADE|H10_30,LOW_RANGE,FADE,H10_30,PUT,2022-10-27,50,-12.499999999999645,39.99999999999915,111.550001985,-164.0500019849988
2022-10-21,LOW_RANGE|FADE|H15_10,LOW_RANGE,FADE,H15_10,PUT,2022-10-27,50,687.4999999999997,39.99999999999909,114.046020865,533.4539791350005
2022-10-25,LOW_RANGE|CONTINUE|H10_30,LOW_RANGE,CONTINUE,H10_30,CALL,2022-10-27,50,-402.50000000000045,40.0000000000002,100.68050632500001,-543.1805063250006
2022-10-25,LOW_RANGE|CONTINUE|H15_10,LOW_RANGE,CONTINUE,H15_10,CALL,2022-10-27,50,-1367.5000000000005,40.00000000000023,98.99479178499999,-1506.4947917850006
2022-10-25,LOW_RANGE|FADE|H10_30,LOW_RANGE,FADE,H10_30,PUT,2022-10-27,50,270.0000000000003,40.00000000000021,104.47150681,125.52849319000006
2022-10-25,LOW_RANGE|FADE|H15_10,LOW_RANGE,FADE,H15_10,PUT,2022-10-27,50,1765.000000000001,40.0000000000004,107.48788311999999,1617.5121168800006
2022-10-27,LOW_RANGE|CONTINUE|H10_30,LOW_RANGE,CONTINUE,H10_30,CALL,2022-10-27,50,-1180.0000000000002,40.0,97.87036357999999,-1317.8703635800002
2022-10-27,LOW_RANGE|CONTINUE|H15_10,LOW_RANGE,CONTINUE,H15_10,CALL,2022-10-27,50,-2540.0,40.00000000000044,95.85829161000001,-2675.8582916100004
2022-10-27,LOW_RANGE|FADE|H10_30,LOW_RANGE,FADE,H10_30,PUT,2022-10-27,50,664.9999999999999,40.00000000000013,98.40731799,526.5926820099997
2022-10-27,LOW_RANGE|FADE|H15_10,LOW_RANGE,FADE,H15_10,PUT,2022-10-27,50,-254.99999999999994,39.99999999999996,96.91074457,-391.9107445699999
2022-10-28,MID_RANGE|CONTINUE|H10_30,MID_RANGE,CONTINUE,H10_30,CALL,2022-11-03,50,270.0,39.99999999999915,112.09833327999999,117.90166672000086
2022-10-28,MID_RANGE|CONTINUE|H15_10,MID_RANGE,CONTINUE,H15_10,CALL,2022-11-03,50,-214.9999999999995,39.999999999999886,110.34332018999999,-365.34332018999936
2022-10-28,MID_RANGE|FADE|H10_30,MID_RANGE,FADE,H10_30,PUT,2022-11-03,50,-132.49999999999957,39.99999999999983,111.440677615,-283.9406776149994
2022-10-28,MID_RANGE|FADE|H15_10,MID_RANGE,FADE,H15_10,PUT,2022-11-03,50,177.49999999999986,39.99999999999915,112.09762364500001,25.402376355000698
2022-10-31,LOW_RANGE|CONTINUE|H10_30,LOW_RANGE,CONTINUE,H10_30,CALL,2022-11-03,50,-215.00000000000023,40.0000000000002,107.20614294,-362.2061429400004
2022-10-31,LOW_RANGE|CONTINUE|H15_10,LOW_RANGE,CONTINUE,H15_10,CALL,2022-11-03,50,625.0000000000003,39.99999999999966,109.90484425000001,475.0951557500007
2022-10-31,LOW_RANGE|FADE|H10_30,LOW_RANGE,FADE,H10_30,PUT,2022-11-03,50,167.49999999999972,40.00000000000057,107.203424805,20.29657519499915
2022-10-31,LOW_RANGE|FADE|H15_10,LOW_RANGE,FADE,H15_10,PUT,2022-11-03,50,-467.4999999999998,40.000000000000284,105.58945453499999,-613.0894545350001
2022-11-01,LOW_RANGE|CONTINUE|H10_30,LOW_RANGE,CONTINUE,H10_30,CALL,2022-11-03,50,642.4999999999994,39.999999999999886,107.87997612500001,494.62002387499956
2022-11-01,LOW_RANGE|CONTINUE|H15_10,LOW_RANGE,CONTINUE,H15_10,CALL,2022-11-03,50,617.4999999999998,40.000000000000114,107.347312085,470.15268791499966
2022-11-01,LOW_RANGE|FADE|H10_30,LOW_RANGE,FADE,H10_30,PUT,2022-11-03,50,-249.99999999999986,40.00000000000014,103.88467456999999,-393.88467457
2022-11-01,LOW_RANGE|FADE|H15_10,LOW_RANGE,FADE,H15_10,PUT,2022-11-03,50,-442.4999999999995,40.000000000000284,103.24056317499999,-585.7405631749998
2022-11-02,LOW_RANGE|CONTINUE|H10_30,LOW_RANGE,CONTINUE,H10_30,CALL,2022-11-03,50,-30.00000000000007,40.00000000000021,105.23695013,-175.23695013000028
2022-11-02,LOW_RANGE|CONTINUE|H15_10,LOW_RANGE,CONTINUE,H15_10,CALL,2022-11-03,50,-402.4999999999998,40.00000000000014,104.38934698499999,-546.8893469849999
2022-11-02,LOW_RANGE|FADE|H10_30,LOW_RANGE,FADE,H10_30,PUT,2022-11-03,50,65.00000000000003,40.00000000000021,103.08002955,-78.08002955000018
2022-11-02,LOW_RANGE|FADE|H15_10,LOW_RANGE,FADE,H15_10,PUT,2022-11-03,50,522.4999999999998,40.00000000000027,103.810836915,378.68916308499956
2022-11-03,LOW_RANGE|CONTINUE|H10_30,LOW_RANGE,CONTINUE,H10_30,PUT,2022-11-03,50,-1160.0000000000002,40.0,97.88471125,-1297.8847112500002
2022-11-03,LOW_RANGE|CONTINUE|H15_10,LOW_RANGE,CONTINUE,H15_10,PUT,2022-11-03,50,-2232.5,40.000000000000455,96.107354015,-2368.6073540150005
2022-11-03,LOW_RANGE|FADE|H10_30,LOW_RANGE,FADE,H10_30,CALL,2022-11-03,50,1127.5,40.00000000000023,100.28387717499999,987.2161228249997
2022-11-03,LOW_RANGE|FADE|H15_10,LOW_RANGE,FADE,H15_10,CALL,2022-11-03,50,-1407.5,40.00000000000023,96.474945325,-1543.9749453250001
2022-11-04,LOW_RANGE|CONTINUE|H10_30,LOW_RANGE,CONTINUE,H10_30,CALL,2022-11-10,50,-670.0000000000002,40.00000000000057,107.8592299,-817.8592299000009
2022-11-04,LOW_RANGE|CONTINUE|H15_10,LOW_RANGE,CONTINUE,H15_10,CALL,2022-11-10,50,547.4999999999995,39.99999999999994,111.463731395,396.0362686049996
2022-11-04,LOW_RANGE|FADE|H10_30,LOW_RANGE,FADE,H10_30,PUT,2022-11-10,50,677.5000000000008,39.99999999999977,113.45091677500001,524.049083225001
2022-11-04,LOW_RANGE|FADE|H15_10,LOW_RANGE,FADE,H15_10,PUT,2022-11-10,50,-602.4999999999995,40.00000000000057,108.916778635,-751.4167786350001
2022-11-07,LOW_RANGE|CONTINUE|H10_30,LOW_RANGE,CONTINUE,H10_30,CALL,2022-11-10,50,-792.4999999999997,40.00000000000017,103.71219163500001,-936.2121916349997
2022-11-07,LOW_RANGE|CONTINUE|H15_10,LOW_RANGE,CONTINUE,H15_10,CALL,2022-11-10,50,-32.500000000000114,40.0000000000002,105.084688355,-177.5846883550003
2022-11-07,LOW_RANGE|FADE|H10_30,LOW_RANGE,FADE,H10_30,PUT,2022-11-10,50,1012.5000000000001,40.00000000000034,107.427343005,865.0726569949998
2022-11-07,LOW_RANGE|FADE|H15_10,LOW_RANGE,FADE,H15_10,PUT,2022-11-10,50,-80.00000000000023,40.00000000000023,104.09725933,-224.09725933000044
2022-11-09,MID_RANGE|CONTINUE|H10_30,MID_RANGE,CONTINUE,H10_30,CALL,2022-11-10,50,-389.9999999999998,40.0000000000003,100.52157654,-530.5215765400001
2022-11-09,MID_RANGE|CONTINUE|H15_10,MID_RANGE,CONTINUE,H15_10,CALL,2022-11-10,50,-1504.9999999999998,40.0,98.64692025000002,-1643.6469202499998
2022-11-09,MID_RANGE|FADE|H10_30,MID_RANGE,FADE,H10_30,PUT,2022-11-10,50,487.4999999999999,40.000000000000284,102.84573723499999,344.65426276499954
2022-11-09,MID_RANGE|FADE|H15_10,MID_RANGE,FADE,H15_10,PUT,2022-11-10,50,1337.4999999999998,40.00000000000017,103.908661035,1193.5913389649995
2022-11-10,LOW_RANGE|CONTINUE|H10_30,LOW_RANGE,CONTINUE,H10_30,PUT,2022-11-10,50,394.9999999999999,40.000000000000114,97.82089633,257.1791036699998
2022-11-10,LOW_RANGE|CONTINUE|H15_10,LOW_RANGE,CONTINUE,H15_10,PUT,2022-11-10,50,-487.5,39.99999999999999,96.456378325,-623.9563783250001
2022-11-10,LOW_RANGE|FADE|H10_30,LOW_RANGE,FADE,H10_30,CALL,2022-11-10,50,-775.0000000000001,40.00000000000012,97.70891798999999,-912.7089179900003
2022-11-10,LOW_RANGE|FADE|H15_10,LOW_RANGE,FADE,H15_10,CALL,2022-11-10,50,-2115.0,40.00000000000048,95.66006931999999,-2250.6600693200003
2022-11-11,LOW_RANGE|CONTINUE|H10_30,LOW_RANGE,CONTINUE,H10_30,CALL,2022-11-17,50,-347.49999999999943,39.99999999999977,110.732205515,-498.23220551499924
2022-11-11,LOW_RANGE|CONTINUE|H15_10,LOW_RANGE,CONTINUE,H15_10,CALL,2022-11-17,50,355.0000000000008,39.99999999999915,112.71122169,202.28877831000165
2022-11-11,LOW_RANGE|FADE|H10_30,LOW_RANGE,FADE,H10_30,PUT,2022-11-17,50,240.00000000000023,40.00000000000057,107.10612871,92.89387128999967
2022-11-11,LOW_RANGE|FADE|H15_10,LOW_RANGE,FADE,H15_10,PUT,2022-11-17,50,-457.5000000000001,40.00000000000034,105.287558315,-602.7875583150004
2022-11-14,LOW_RANGE|CONTINUE|H10_30,LOW_RANGE,CONTINUE,H10_30,CALL,2022-11-17,50,-840.0000000000001,40.00000000000017,102.91531708000001,-982.9153170800002
2022-11-14,LOW_RANGE|CONTINUE|H15_10,LOW_RANGE,CONTINUE,H15_10,CALL,2022-11-17,50,-1105.0000000000002,40.00000000000017,102.43356916,-1247.4335691600004
2022-11-14,LOW_RANGE|FADE|H10_30,LOW_RANGE,FADE,H10_30,PUT,2022-11-17,50,832.4999999999995,40.00000000000051,108.404359435,684.095640564999
2022-11-14,LOW_RANGE|FADE|H15_10,LOW_RANGE,FADE,H15_10,PUT,2022-11-17,50,909.9999999999994,40.00000000000057,108.36990804999999,761.6300919499988
2022-11-15,LOW_RANGE|CONTINUE|H10_30,LOW_RANGE,CONTINUE,H10_30,CALL,2022-11-17,50,-642.5000000000001,40.000000000000256,101.633070425,-784.1330704250005
2022-11-15,LOW_RANGE|CONTINUE|H15_10,LOW_RANGE,CONTINUE,H15_10,CALL,2022-11-17,50,1077.4999999999998,40.00000000000017,104.870115815,932.6298841849996
2022-11-15,LOW_RANGE|FADE|H10_30,LOW_RANGE,FADE,H10_30,PUT,2022-11-17,50,817.5000000000005,40.00000000000017,105.15765844500001,672.3423415550002
2022-11-15,LOW_RANGE|FADE|H15_10,LOW_RANGE,FADE,H15_10,PUT,2022-11-17,50,-952.4999999999999,40.00000000000034,101.236393915,-1093.7363939150002
2022-11-16,LOW_RANGE|CONTINUE|H10_30,LOW_RANGE,CONTINUE,H10_30,CALL,2022-11-17,50,922.5,40.00000000000014,103.81893011499999,778.6810698849998
2022-11-16,LOW_RANGE|CONTINUE|H15_10,LOW_RANGE,CONTINUE,H15_10,CALL,2022-11-17,50,1205.0,40.000000000000156,103.85601771,1061.1439822899997
2022-11-16,LOW_RANGE|FADE|H10_30,LOW_RANGE,FADE,H10_30,PUT,2022-11-17,50,-447.5000000000001,40.000000000000156,99.798862375,-587.2988623750002
2022-11-16,LOW_RANGE|FADE|H15_10,LOW_RANGE,FADE,H15_10,PUT,2022-11-17,50,-1077.5000000000002,39.99999999999994,98.466177305,-1215.9661773050002
2022-11-17,LOW_RANGE|CONTINUE|H10_30,LOW_RANGE,CONTINUE,H10_30,PUT,2022-11-17,50,-184.99999999999994,40.00000000000029,98.50166401999999,-323.50166402000025
2022-11-17,LOW_RANGE|CONTINUE|H15_10,LOW_RANGE,CONTINUE,H15_10,PUT,2022-11-17,50,-282.5,40.000000000000284,98.233612195,-420.7336121950003
2022-11-17,LOW_RANGE|FADE|H10_30,LOW_RANGE,FADE,H10_30,CALL,2022-11-17,50,-212.50000000000003,39.999999999999936,96.496799925,-348.996799925
2022-11-17,LOW_RANGE|FADE|H15_10,LOW_RANGE,FADE,H15_10,CALL,2022-11-17,50,-1200.0,37.49999999999999,95.033768885,-1332.533768885
2022-11-18,HIGH_RANGE|CONTINUE|H10_30,HIGH_RANGE,CONTINUE,H10_30,CALL,2022-11-24,50,-277.4999999999995,40.000000000000625,107.91713380499999,-425.4171338050001
2022-11-18,HIGH_RANGE|CONTINUE|H15_10,HIGH_RANGE,CONTINUE,H15_10,CALL,2022-11-24,50,-17.500000000000057,40.00000000000058,108.42434274499999,-165.92434274500062
2022-11-18,HIGH_RANGE|FADE|H10_30,HIGH_RANGE,FADE,H10_30,PUT,2022-11-24,50,239.9999999999999,40.000000000000625,108.44930534,91.55069465999927
2022-11-18,HIGH_RANGE|FADE|H15_10,HIGH_RANGE,FADE,H15_10,PUT,2022-11-24,50,-209.99999999999977,40.000000000000625,106.95759376000001,-356.9575937600004
2022-11-21,HIGH_RANGE|CONTINUE|H10_30,HIGH_RANGE,CONTINUE,H10_30,PUT,2022-11-24,50,-42.49999999999936,40.00000000000021,102.639811605,-185.13981160499958
2022-11-21,HIGH_RANGE|CONTINUE|H15_10,HIGH_RANGE,CONTINUE,H15_10,PUT,2022-11-24,50,-172.49999999999991,40.00000000000023,102.24677703500001,-314.74677703500015
2022-11-21,HIGH_RANGE|FADE|H10_30,HIGH_RANGE,FADE,H10_30,CALL,2022-11-24,50,-2.499999999999858,40.00000000000039,107.804182295,-150.30418229500026
2022-11-21,HIGH_RANGE|FADE|H15_10,HIGH_RANGE,FADE,H15_10,CALL,2022-11-24,50,-19.999999999999915,40.0000000000004,107.60746415999999,-167.6074641600003
2022-11-22,LOW_RANGE|CONTINUE|H10_30,LOW_RANGE,CONTINUE,H10_30,CALL,2022-11-24,50,1355.0000000000002,39.999999999999545,107.80957215999999,1207.1904278400007
2022-11-22,LOW_RANGE|CONTINUE|H15_10,LOW_RANGE,CONTINUE,H15_10,CALL,2022-11-24,50,2120.0000000000005,39.99999999999943,108.73831756,1971.2616824400009
2022-11-22,LOW_RANGE|FADE|H10_30,LOW_RANGE,FADE,H10_30,PUT,2022-11-24,50,-777.5000000000002,40.00000000000017,99.378542855,-916.8785428550004
2022-11-22,LOW_RANGE|FADE|H15_10,LOW_RANGE,FADE,H15_10,PUT,2022-11-24,50,-1302.5,40.00000000000017,98.315223275,-1440.8152232750003
2022-11-23,LOW_RANGE|CONTINUE|H10_30,LOW_RANGE,CONTINUE,H10_30,CALL,2022-11-24,50,-662.5000000000003,40.000000000000355,99.871198835,-802.3711988350007
2022-11-23,LOW_RANGE|CONTINUE|H15_10,LOW_RANGE,CONTINUE,H15_10,CALL,2022-11-24,50,-1357.5000000000005,40.00000000000025,98.753315275,-1496.2533152750007
2022-11-23,LOW_RANGE|FADE|H10_30,LOW_RANGE,FADE,H10_30,PUT,2022-11-24,50,857.4999999999998,40.00000000000031,99.92519134499999,717.5748086549994
2022-11-23,LOW_RANGE|FADE|H15_10,LOW_RANGE,FADE,H15_10,PUT,2022-11-24,50,829.9999999999998,40.00000000000031,99.75150923,690.2484907699995
2022-11-24,LOW_RANGE|CONTINUE|H10_30,LOW_RANGE,CONTINUE,H10_30,CALL,2022-11-24,50,1907.4999999999998,40.00000000000022,100.220648525,1767.2793514749997
2022-11-24,LOW_RANGE|CONTINUE|H15_10,LOW_RANGE,CONTINUE,H15_10,CALL,2022-11-24,50,6357.5,40.0,106.459552785,6211.040447215
2022-11-24,LOW_RANGE|FADE|H10_30,LOW_RANGE,FADE,H10_30,PUT,2022-11-24,50,-685.0,39.99999999999988,95.5821061,-820.5821060999999
2022-11-24,LOW_RANGE|FADE|H15_10,LOW_RANGE,FADE,H15_10,PUT,2022-11-24,50,-1012.5,40.00000000000001,94.984063785,-1147.484063785
2022-11-25,MID_RANGE|CONTINUE|H10_30,MID_RANGE,CONTINUE,H10_30,CALL,2022-12-01,50,-87.5,40.00000000000021,106.51738173499999,-234.01738173500019
2022-11-25,MID_RANGE|CONTINUE|H15_10,MID_RANGE,CONTINUE,H15_10,CALL,2022-12-01,50,545.0000000000002,40.00000000000017,107.71417304,397.28582696000007
2022-11-25,MID_RANGE|FADE|H10_30,MID_RANGE,FADE,H10_30,PUT,2022-12-01,50,92.49999999999989,40.00000000000039,105.981893955,-53.4818939550005
2022-11-25,MID_RANGE|FADE|H15_10,MID_RANGE,FADE,H15_10,PUT,2022-12-01,50,-567.5,40.000000000000284,104.43945674499999,-711.9394567450004
2022-11-28,LOW_RANGE|CONTINUE|H10_30,LOW_RANGE,CONTINUE,H10_30,PUT,2022-12-01,50,-432.49999999999955,40.000000000000284,102.00448528499999,-574.5044852849999
2022-11-28,LOW_RANGE|CONTINUE|H15_10,LOW_RANGE,CONTINUE,H15_10,PUT,2022-12-01,50,-752.4999999999998,40.0000000000004,101.34268925500001,-893.8426892550002
2022-11-28,LOW_RANGE|FADE|H10_30,LOW_RANGE,FADE,H10_30,CALL,2022-12-01,50,567.4999999999998,40.000000000000284,107.643751315,419.8562486849995
2022-11-28,LOW_RANGE|FADE|H15_10,LOW_RANGE,FADE,H15_10,CALL,2022-12-01,50,809.9999999999999,40.00000000000017,108.11226289999999,661.8877370999998
2022-11-29,LOW_RANGE|CONTINUE|H10_30,LOW_RANGE,CONTINUE,H10_30,PUT,2022-12-01,50,-395.0,40.00000000000014,100.97927087,-535.9792708700002
2022-11-29,LOW_RANGE|CONTINUE|H15_10,LOW_RANGE,CONTINUE,H15_10,PUT,2022-12-01,50,-430.0000000000001,40.00000000000017,100.79962742000001,-570.7996274200003
2022-11-29,LOW_RANGE|FADE|H10_30,LOW_RANGE,FADE,H10_30,CALL,2022-12-01,50,292.49999999999943,40.00000000000021,104.32207469500001,148.17792530499923
2022-11-29,LOW_RANGE|FADE|H15_10,LOW_RANGE,FADE,H15_10,CALL,2022-12-01,50,-300.0000000000005,40.000000000000284,102.93553824,-442.9355382400008
2022-11-30,MID_RANGE|CONTINUE|H10_30,MID_RANGE,CONTINUE,H10_30,CALL,2022-12-01,50,-714.9999999999999,40.00000000000024,99.22992006000001,-854.2299200600002
2022-11-30,MID_RANGE|CONTINUE|H15_10,MID_RANGE,CONTINUE,H15_10,CALL,2022-12-01,50,2175.0,40.00000000000003,103.69903226,2031.30096774
2022-11-30,MID_RANGE|FADE|H10_30,MID_RANGE,FADE,H10_30,PUT,2022-12-01,50,675.0000000000002,40.00000000000027,100.72670765,534.27329235
2022-11-30,MID_RANGE|FADE|H15_10,MID_RANGE,FADE,H15_10,PUT,2022-12-01,50,-1197.5,39.99999999999997,97.57139670500001,-1335.071396705
2022-12-01,MID_RANGE|CONTINUE|H10_30,MID_RANGE,CONTINUE,H10_30,CALL,2022-12-01,50,-697.5000000000001,40.00000000000011,97.014497465,-834.5144974650002
2022-12-01,MID_RANGE|CONTINUE|H15_10,MID_RANGE,CONTINUE,H15_10,CALL,2022-12-01,50,-1760.0,40.000000000000234,95.36282965,-1895.3628296500003
2022-12-01,MID_RANGE|FADE|H10_30,MID_RANGE,FADE,H10_30,PUT,2022-12-01,50,455.00000000000006,40.00000000000013,98.09167517,316.90832482999997
2022-12-01,MID_RANGE|FADE|H15_10,MID_RANGE,FADE,H15_10,PUT,2022-12-01,50,535.0,40.000000000000114,98.03752177000001,396.9624782299998
2022-12-02,HIGH_RANGE|CONTINUE|H10_30,HIGH_RANGE,CONTINUE,H10_30,PUT,2022-12-08,50,412.5000000000004,40.000000000000625,108.395861575,264.10413842499975
2022-12-02,HIGH_RANGE|CONTINUE|H15_10,HIGH_RANGE,CONTINUE,H15_10,PUT,2022-12-08,50,552.4999999999999,40.00000000000051,108.347569825,404.1524301749993
2022-12-02,HIGH_RANGE|FADE|H10_30,HIGH_RANGE,FADE,H10_30,CALL,2022-12-08,50,-484.9999999999995,40.00000000000051,107.72121907,-632.72121907
2022-12-02,HIGH_RANGE|FADE|H15_10,HIGH_RANGE,FADE,H15_10,CALL,2022-12-08,50,-682.4999999999993,40.00000000000034,107.176931415,-829.6769314149998
2022-12-05,LOW_RANGE|CONTINUE|H10_30,LOW_RANGE,CONTINUE,H10_30,CALL,2022-12-08,50,-697.4999999999998,40.00000000000057,106.602640675,-844.1026406750002
2022-12-05,LOW_RANGE|CONTINUE|H15_10,LOW_RANGE,CONTINUE,H15_10,CALL,2022-12-08,50,687.4999999999998,40.00000000000006,110.100149035,537.3998509649998
2022-12-05,LOW_RANGE|FADE|H10_30,LOW_RANGE,FADE,H10_30,PUT,2022-12-08,50,622.4999999999998,40.000000000000284,104.812109265,477.68789073499954
2022-12-05,LOW_RANGE|FADE|H15_10,LOW_RANGE,FADE,H15_10,PUT,2022-12-08,50,-679.9999999999998,40.00000000000034,101.64044511,-821.6404451100002
2022-12-06,MID_RANGE|CONTINUE|H10_30,MID_RANGE,CONTINUE,H10_30,PUT,2022-12-08,50,-542.5000000000002,40.000000000000256,101.50960663499998,-684.0096066350004
2022-12-06,MID_RANGE|CONTINUE|H15_10,MID_RANGE,CONTINUE,H15_10,PUT,2022-12-08,50,-950.0000000000002,40.00000000000017,100.50095072,-1090.5009507200004
2022-12-06,MID_RANGE|FADE|H10_30,MID_RANGE,FADE,H10_30,CALL,2022-12-08,50,520.0,40.000000000000455,107.66486667999999,372.3351333199995
2022-12-06,MID_RANGE|FADE|H15_10,MID_RANGE,FADE,H15_10,CALL,2022-12-08,50,874.9999999999998,40.00000000000034,108.25533198,726.7446680199994
2022-12-07,MID_RANGE|CONTINUE|H10_30,MID_RANGE,CONTINUE,H10_30,CALL,2022-12-08,50,975.0000000000002,40.00000000000014,105.76620416,829.2337958400001
2022-12-07,MID_RANGE|CONTINUE|H15_10,MID_RANGE,CONTINUE,H15_10,CALL,2022-12-08,50,-772.5,40.000000000000114,102.030139755,-914.5301397550002
2022-12-07,MID_RANGE|FADE|H10_30,MID_RANGE,FADE,H10_30,PUT,2022-12-08,50,-874.9999999999998,40.0000000000002,99.17091074,-1014.17091074
2022-12-07,MID_RANGE|FADE|H15_10,MID_RANGE,FADE,H15_10,PUT,2022-12-08,50,122.5000000000001,40.000000000000256,100.637680445,-18.137680445000157
2022-12-08,HIGH_RANGE|CONTINUE|H10_30,HIGH_RANGE,CONTINUE,H10_30,CALL,2022-12-08,50,410.0000000000001,40.000000000000064,98.07914551,271.92085449000007
2022-12-08,HIGH_RANGE|CONTINUE|H15_10,HIGH_RANGE,CONTINUE,H15_10,CALL,2022-12-08,50,-1022.5,39.999999999999986,95.88550943499999,-1158.385509435
2022-12-08,HIGH_RANGE|FADE|H10_30,HIGH_RANGE,FADE,H10_30,PUT,2022-12-08,50,-799.9999999999998,40.00000000000011,97.56201056,-937.5620105599999
2022-12-08,HIGH_RANGE|FADE|H15_10,HIGH_RANGE,FADE,H15_10,PUT,2022-12-08,50,-1997.5,40.0,95.728675995,-2133.2286759950002
2022-12-09,MID_RANGE|CONTINUE|H10_30,MID_RANGE,CONTINUE,H10_30,CALL,2022-12-15,50,-917.4999999999998,40.00000000000051,105.868505225,-1063.3685052250003
2022-12-09,MID_RANGE|CONTINUE|H15_10,MID_RANGE,CONTINUE,H15_10,CALL,2022-12-15,50,-2352.5,40.00000000000023,102.904467265,-2495.4044672649998
2022-12-09,MID_RANGE|FADE|H10_30,MID_RANGE,FADE,H10_30,PUT,2022-12-15,50,949.9999999999998,40.00000000000034,107.06936977,802.9306302299995
2022-12-09,MID_RANGE|FADE|H15_10,MID_RANGE,FADE,H15_10,PUT,2022-12-15,50,2650.0,40.0,111.48187100999999,2498.51812899
2022-12-12,LOW_RANGE|CONTINUE|H10_30,LOW_RANGE,CONTINUE,H10_30,PUT,2022-12-15,50,-1517.4999999999998,40.00000000000017,99.335684415,-1656.835684415
2022-12-12,LOW_RANGE|CONTINUE|H15_10,LOW_RANGE,CONTINUE,H15_10,PUT,2022-12-15,50,-1575.0,39.999999999999545,99.04985123,-1714.0498512299996
2022-12-12,LOW_RANGE|FADE|H10_30,LOW_RANGE,FADE,H10_30,CALL,2022-12-15,50,2652.4999999999986,39.99999999999909,117.22527979499999,2495.2747202049995
2022-12-12,LOW_RANGE|FADE|H15_10,LOW_RANGE,FADE,H15_10,CALL,2022-12-15,50,2532.5,39.99999999999932,115.97262860500001,2376.527371395001
2022-12-13,LOW_RANGE|CONTINUE|H10_30,LOW_RANGE,CONTINUE,H10_30,CALL,2022-12-15,50,-52.4999999999995,40.00000000000021,103.52266657500002,-196.02266657499973
2022-12-13,LOW_RANGE|CONTINUE|H15_10,LOW_RANGE,CONTINUE,H15_10,CALL,2022-12-15,50,1707.5000000000005,39.999999999999886,106.992904785,1560.5070952150004
2022-12-13,LOW_RANGE|FADE|H10_30,LOW_RANGE,FADE,H10_30,PUT,2022-12-15,50,132.49999999999994,40.00000000000023,103.300997685,-10.800997685000283
2022-12-13,LOW_RANGE|FADE|H15_10,LOW_RANGE,FADE,H15_10,PUT,2022-12-15,50,-1179.9999999999998,40.00000000000014,100.77515732999998,-1320.77515733
2022-12-14,LOW_RANGE|CONTINUE|H10_30,LOW_RANGE,CONTINUE,H10_30,CALL,2022-12-15,50,-237.5,40.00000000000021,103.37716953500001,-380.87716953500023
2022-12-14,LOW_RANGE|CONTINUE|H15_10,LOW_RANGE,CONTINUE,H15_10,CALL,2022-12-15,50,-702.5000000000001,40.00000000000031,102.473084715,-844.9730847150005
2022-12-14,LOW_RANGE|FADE|H10_30,LOW_RANGE,FADE,H10_30,PUT,2022-12-15,50,74.99999999999991,40.00000000000021,99.40392491,-64.4039249100003
2022-12-14,LOW_RANGE|FADE|H15_10,LOW_RANGE,FADE,H15_10,PUT,2022-12-15,50,217.5,40.000000000000256,99.442827555,78.05717244499972
2022-12-15,LOW_RANGE|CONTINUE|H10_30,LOW_RANGE,CONTINUE,H10_30,PUT,2022-12-15,50,207.50000000000006,40.00000000000008,97.736930335,69.76306966499997
2022-12-15,LOW_RANGE|CONTINUE|H15_10,LOW_RANGE,CONTINUE,H15_10,PUT,2022-12-15,50,6922.499999999999,39.99999999999909,107.15651575500002,6775.343484245
2022-12-15,LOW_RANGE|FADE|H10_30,LOW_RANGE,FADE,H10_30,CALL,2022-12-15,50,-692.5000000000001,40.000000000000114,96.98903644499998,-829.4890364450002
2022-12-15,LOW_RANGE|FADE|H15_10,LOW_RANGE,FADE,H15_10,CALL,2022-12-15,50,-1775.0,40.00000000000023,95.33696397,-1910.3369639700002
2022-12-16,MID_RANGE|CONTINUE|H10_30,MID_RANGE,CONTINUE,H10_30,PUT,2022-12-22,50,1097.4999999999995,40.0,110.14562592499999,947.3543740749996
2022-12-16,MID_RANGE|CONTINUE|H15_10,MID_RANGE,CONTINUE,H15_10,PUT,2022-12-22,50,2079.9999999999995,40.0,112.82281017,1927.1771898299996
2022-12-16,MID_RANGE|FADE|H10_30,MID_RANGE,FADE,H10_30,CALL,2022-12-22,50,-1277.5000000000005,40.00000000000034,106.32134067499999,-1423.8213406750006
2022-12-16,MID_RANGE|FADE|H15_10,MID_RANGE,FADE,H15_10,CALL,2022-12-22,50,-2145.0,40.00000000000023,104.42032028,-2289.42032028
2022-12-19,MID_RANGE|CONTINUE|H10_30,MID_RANGE,CONTINUE,H10_30,CALL,2022-12-22,50,1172.500000000001,39.99999999999966,109.419783045,1023.0802169550013
2022-12-19,MID_RANGE|CONTINUE|H15_10,MID_RANGE,CONTINUE,H15_10,CALL,2022-12-22,50,2860.000000000001,40.00000000000023,113.37307396,2706.626926040001
2022-12-19,MID_RANGE|FADE|H10_30,MID_RANGE,FADE,H10_30,PUT,2022-12-22,50,-954.9999999999999,40.00000000000017,103.24529869,-1098.24529869
2022-12-19,MID_RANGE|FADE|H15_10,MID_RANGE,FADE,H15_10,PUT,2022-12-22,50,-2087.5,39.999999999999886,100.806758335,-2228.306758335
2022-12-20,MID_RANGE|CONTINUE|H10_30,MID_RANGE,CONTINUE,H10_30,PUT,2022-12-22,50,1134.9999999999993,40.000000000000455,107.19627613,987.8037238699989
2022-12-20,MID_RANGE|CONTINUE|H15_10,MID_RANGE,CONTINUE,H15_10,PUT,2022-12-22,50,-1940.0000000000005,40.0,100.21600286,-2080.2160028600006
2022-12-20,MID_RANGE|FADE|H10_30,MID_RANGE,FADE,H10_30,CALL,2022-12-22,50,-910.0,40.00000000000017,101.89606104,-1051.8960610400002
2022-12-20,MID_RANGE|FADE|H15_10,MID_RANGE,FADE,H15_10,CALL,2022-12-22,50,1872.5,40.0000000000004,107.13799716500002,1725.3620028349994
2022-12-21,MID_RANGE|CONTINUE|H10_30,MID_RANGE,CONTINUE,H10_30,CALL,2022-12-22,50,-1497.5000000000002,40.00000000000024,99.047933535,-1636.5479335350005
2022-12-21,MID_RANGE|CONTINUE|H15_10,MID_RANGE,CONTINUE,H15_10,CALL,2022-12-22,50,-2552.5,40.00000000000048,97.434760745,-2689.9347607450004
2022-12-21,MID_RANGE|FADE|H10_30,MID_RANGE,FADE,H10_30,PUT,2022-12-22,50,2452.5,40.000000000000455,104.765477595,2307.7345224049996
2022-12-21,MID_RANGE|FADE|H15_10,MID_RANGE,FADE,H15_10,PUT,2022-12-22,50,5892.5,39.999999999999545,114.218724845,5738.281275155
2022-12-22,HIGH_RANGE|CONTINUE|H10_30,HIGH_RANGE,CONTINUE,H10_30,CALL,2022-12-22,50,-1332.4999999999998,40.000000000000426,99.081481835,-1471.5814818350002
2022-12-22,HIGH_RANGE|CONTINUE|H15_10,HIGH_RANGE,CONTINUE,H15_10,CALL,2022-12-22,50,-2817.4999999999995,40.0000000000004,96.506836505,-2954.006836505
2022-12-22,HIGH_RANGE|FADE|H10_30,HIGH_RANGE,FADE,H10_30,PUT,2022-12-22,50,917.5,40.00000000000017,102.00391381499999,775.4960861849997
2022-12-22,HIGH_RANGE|FADE|H15_10,HIGH_RANGE,FADE,H15_10,PUT,2022-12-22,50,732.4999999999999,40.00000000000034,100.59425053500001,591.9057494649995
2022-12-23,HIGH_RANGE|CONTINUE|H10_30,HIGH_RANGE,CONTINUE,H10_30,PUT,2022-12-29,50,855.0000000000003,39.99999999999977,110.83438416999999,704.1656158300005
2022-12-23,HIGH_RANGE|CONTINUE|H15_10,HIGH_RANGE,CONTINUE,H15_10,PUT,2022-12-29,50,2680.0,40.000000000000455,118.1751228,2521.8248771999997
2022-12-23,HIGH_RANGE|FADE|H10_30,HIGH_RANGE,FADE,H10_30,CALL,2022-12-29,50,-1227.500000000001,39.99999999999932,114.30240171500002,-1381.8024017150003
2022-12-23,HIGH_RANGE|FADE|H15_10,HIGH_RANGE,FADE,H15_10,CALL,2022-12-29,50,-3242.5000000000005,40.0,108.97955526499999,-3391.4795552650003
2022-12-26,HIGH_RANGE|CONTINUE|H10_30,HIGH_RANGE,CONTINUE,H10_30,CALL,2022-12-29,50,325.0,39.99999999999915,112.26443838,172.73556162000085
2022-12-26,HIGH_RANGE|CONTINUE|H15_10,HIGH_RANGE,CONTINUE,H15_10,CALL,2022-12-29,50,1190.000000000001,39.999999999999204,114.59415575,1035.4058442500018
2022-12-26,HIGH_RANGE|FADE|H10_30,HIGH_RANGE,FADE,H10_30,PUT,2022-12-29,50,-355.00000000000006,40.00000000000051,106.25518564,-501.25518564000055
2022-12-26,HIGH_RANGE|FADE|H15_10,HIGH_RANGE,FADE,H15_10,PUT,2022-12-29,50,-1040.0000000000005,40.00000000000034,104.38922954,-1184.389229540001
2022-12-27,HIGH_RANGE|CONTINUE|H10_30,HIGH_RANGE,CONTINUE,H10_30,CALL,2022-12-29,50,-152.50000000000003,40.00000000000022,104.645379415,-297.14537941500026
2022-12-27,HIGH_RANGE|CONTINUE|H15_10,HIGH_RANGE,CONTINUE,H15_10,CALL,2022-12-29,50,1425.0,40.000000000000384,107.07665660999999,1277.92334339
2022-12-27,HIGH_RANGE|FADE|H10_30,HIGH_RANGE,FADE,H10_30,PUT,2022-12-29,50,237.49999999999966,40.000000000000554,106.628530035,90.8714699649991
2022-12-27,HIGH_RANGE|FADE|H15_10,HIGH_RANGE,FADE,H15_10,PUT,2022-12-29,50,-1447.5,40.00000000000057,102.576526715,-1590.0765267150005
2022-12-28,MID_RANGE|CONTINUE|H10_30,MID_RANGE,CONTINUE,H10_30,PUT,2022-12-29,50,-419.99999999999994,40.00000000000017,102.83550921,-562.83550921
2022-12-28,MID_RANGE|CONTINUE|H15_10,MID_RANGE,CONTINUE,H15_10,PUT,2022-12-29,50,-1424.9999999999995,40.000000000000455,100.48436853999999,-1565.48436854
2022-12-28,MID_RANGE|FADE|H10_30,MID_RANGE,FADE,H10_30,CALL,2022-12-29,50,257.5000000000003,40.00000000000021,101.804653235,115.69534676500005
2022-12-28,MID_RANGE|FADE|H15_10,MID_RANGE,FADE,H15_10,CALL,2022-12-29,50,817.5000000000005,40.00000000000031,102.317932075,675.1820679250001
2022-12-29,MID_RANGE|CONTINUE|H10_30,MID_RANGE,CONTINUE,H10_30,PUT,2022-12-29,50,882.4999999999999,40.00000000000024,100.36025431499999,742.1397456849996
2022-12-29,MID_RANGE|CONTINUE|H15_10,MID_RANGE,CONTINUE,H15_10,PUT,2022-12-29,50,-2062.5,40.000000000000455,95.790104395,-2198.2901043950005
2022-12-29,MID_RANGE|FADE|H10_30,MID_RANGE,FADE,H10_30,CALL,2022-12-29,50,-927.5000000000001,40.00000000000012,96.84717542499999,-1064.3471754250002
2022-12-29,MID_RANGE|FADE|H15_10,MID_RANGE,FADE,H15_10,CALL,2022-12-29,50,5177.5,40.0,105.371361415,5032.128638585
2022-12-30,HIGH_RANGE|CONTINUE|H10_30,HIGH_RANGE,CONTINUE,H10_30,CALL,2023-01-05,50,-245.00000000000068,40.00000000000051,108.95305987,-393.9530598700012
2022-12-30,HIGH_RANGE|CONTINUE|H15_10,HIGH_RANGE,CONTINUE,H15_10,CALL,2023-01-05,50,-2005.0000000000002,40.000000000000455,104.81355718,-2149.8135571800008
2022-12-30,HIGH_RANGE|FADE|H10_30,HIGH_RANGE,FADE,H10_30,PUT,2023-01-05,50,212.50000000000034,40.00000000000051,108.075773415,64.42422658499983
2022-12-30,HIGH_RANGE|FADE|H15_10,HIGH_RANGE,FADE,H15_10,PUT,2023-01-05,50,2287.5000000000005,39.999999999999545,114.58034202500001,2132.919657975001
2023-01-02,HIGH_RANGE|CONTINUE|H10_30,HIGH_RANGE,CONTINUE,H10_30,CALL,2023-01-05,50,1070.0000000000005,39.999999999999886,110.07884022,919.9211597800007
2023-01-02,HIGH_RANGE|CONTINUE|H15_10,HIGH_RANGE,CONTINUE,H15_10,CALL,2023-01-05,50,1677.5000000000002,39.99999999999977,111.47729934499999,1526.0227006550006
2023-01-02,HIGH_RANGE|FADE|H10_30,HIGH_RANGE,FADE,H10_30,PUT,2023-01-05,50,-924.9999999999999,40.00000000000034,104.49148124000001,-1069.4914812400002
2023-01-02,HIGH_RANGE|FADE|H15_10,HIGH_RANGE,FADE,H15_10,PUT,2023-01-05,50,-1532.5,40.00000000000023,102.89781997499999,-1675.3978199750002
2023-01-03,HIGH_RANGE|CONTINUE|H10_30,HIGH_RANGE,CONTINUE,H10_30,PUT,2023-01-05,50,-832.4999999999998,40.00000000000034,101.447967025,-973.9479670250001
2023-01-03,HIGH_RANGE|CONTINUE|H15_10,HIGH_RANGE,CONTINUE,H15_10,PUT,2023-01-05,50,-1397.4999999999998,40.000000000000114,100.104977925,-1537.604977925
2023-01-03,HIGH_RANGE|FADE|H10_30,HIGH_RANGE,FADE,H10_30,CALL,2023-01-05,50,1032.4999999999995,39.99999999999966,108.35263399499999,884.1473660049998
2023-01-03,HIGH_RANGE|FADE|H15_10,HIGH_RANGE,FADE,H15_10,CALL,2023-01-05,50,1527.5000000000005,39.9999999999996,108.815797155,1378.684202845001
2023-01-04,MID_RANGE|CONTINUE|H10_30,MID_RANGE,CONTINUE,H10_30,CALL,2023-01-05,50,-1192.4999999999998,40.00000000000024,98.233790845,-1330.733790845
2023-01-04,MID_RANGE|CONTINUE|H15_10,MID_RANGE,CONTINUE,H15_10,CALL,2023-01-05,50,-2077.4999999999995,40.000000000000455,96.870384175,-2214.370384175
2023-01-04,MID_RANGE|FADE|H10_30,MID_RANGE,FADE,H10_30,PUT,2023-01-05,50,1895.0000000000005,40.00000000000034,106.45873067,1748.54126933
2023-01-04,MID_RANGE|FADE|H15_10,MID_RANGE,FADE,H15_10,PUT,2023-01-05,50,4307.500000000001,40.000000000000455,111.66529456500001,4155.834705435001
2023-01-05,MID_RANGE|CONTINUE|H10_30,MID_RANGE,CONTINUE,H10_30,CALL,2023-01-05,50,-484.9999999999999,40.000000000000355,97.88674934999999,-622.8867493500002
2023-01-05,MID_RANGE|CONTINUE|H15_10,MID_RANGE,CONTINUE,H15_10,CALL,2023-01-05,50,-1962.5,40.000000000000455,95.573687205,-2098.0736872050006
2023-01-05,MID_RANGE|FADE|H10_30,MID_RANGE,FADE,H10_30,PUT,2023-01-05,50,675.0000000000001,40.00000000000024,100.31771269,534.6822873099999
2023-01-05,MID_RANGE|FADE|H15_10,MID_RANGE,FADE,H15_10,PUT,2023-01-05,50,3225.0,40.000000000000426,103.38564466999999,3081.6143553299994
2023-01-06,HIGH_RANGE|CONTINUE|H10_30,HIGH_RANGE,CONTINUE,H10_30,CALL,2023-01-12,50,-447.50000000000045,40.000000000000625,107.49075622500001,-594.9907562250011
2023-01-06,HIGH_RANGE|CONTINUE|H15_10,HIGH_RANGE,CONTINUE,H15_10,CALL,2023-01-12,50,-1565.0,40.00000000000057,104.6830296,-1709.6830296000007
2023-01-06,HIGH_RANGE|FADE|H10_30,HIGH_RANGE,FADE,H10_30,PUT,2023-01-12,50,392.50000000000006,39.99999999999983,110.71929191500001,241.7807080850002
2023-01-06,HIGH_RANGE|FADE|H15_10,HIGH_RANGE,FADE,H15_10,PUT,2023-01-12,50,1582.4999999999995,39.99999999999977,113.741116335,1428.7588836649998
2023-01-09,HIGH_RANGE|CONTINUE|H10_30,HIGH_RANGE,CONTINUE,H10_30,CALL,2023-01-12,50,1852.5000000000005,39.999999999999545,112.152428435,1700.3475715650009
2023-01-09,HIGH_RANGE|CONTINUE|H15_10,HIGH_RANGE,CONTINUE,H15_10,CALL,2023-01-12,50,1752.5000000000005,39.99999999999966,110.579492675,1601.9205073250007
2023-01-09,HIGH_RANGE|FADE|H10_30,HIGH_RANGE,FADE,H10_30,PUT,2023-01-12,50,-1142.5000000000002,40.00000000000017,101.701964315,-1284.2019643150004
2023-01-09,HIGH_RANGE|FADE|H15_10,HIGH_RANGE,FADE,H15_10,PUT,2023-01-12,50,-1347.5000000000002,40.00000000000023,100.97975153499999,-1488.4797515350006
2023-01-10,HIGH_RANGE|CONTINUE|H10_30,HIGH_RANGE,CONTINUE,H10_30,CALL,2023-01-12,50,-540.0000000000002,40.000000000000156,101.76411714999999,-681.7641171500003
2023-01-10,HIGH_RANGE|CONTINUE|H15_10,HIGH_RANGE,CONTINUE,H15_10,CALL,2023-01-12,50,-1562.4999999999998,40.0000000000004,99.922704185,-1702.4227041850002
2023-01-10,HIGH_RANGE|FADE|H10_30,HIGH_RANGE,FADE,H10_30,PUT,2023-01-12,50,772.4999999999998,40.00000000000034,106.878709695,625.6212903049993
2023-01-10,HIGH_RANGE|FADE|H15_10,HIGH_RANGE,FADE,H15_10,PUT,2023-01-12,50,2332.499999999999,39.99999999999977,110.131108485,2182.368891514999
2023-01-11,HIGH_RANGE|CONTINUE|H10_30,HIGH_RANGE,CONTINUE,H10_30,CALL,2023-01-12,50,2882.5,40.00000000000023,111.648081715,2730.851918285
2023-01-11,HIGH_RANGE|CONTINUE|H15_10,HIGH_RANGE,CONTINUE,H15_10,CALL,2023-01-12,50,804.9999999999998,40.00000000000023,105.18645347,659.8135465299995
2023-01-11,HIGH_RANGE|FADE|H10_30,HIGH_RANGE,FADE,H10_30,PUT,2023-01-12,50,-2014.9999999999995,40.00000000000034,99.88682465,-2154.88682465
2023-01-11,HIGH_RANGE|FADE|H15_10,HIGH_RANGE,FADE,H15_10,PUT,2023-01-12,50,-1524.9999999999995,40.000000000000455,100.41263019,-1665.41263019
2023-01-12,HIGH_RANGE|CONTINUE|H10_30,HIGH_RANGE,CONTINUE,H10_30,CALL,2023-01-12,50,-1952.5,40.00000000000003,97.77688511500001,-2090.276885115
2023-01-12,HIGH_RANGE|CONTINUE|H15_10,HIGH_RANGE,CONTINUE,H15_10,CALL,2023-01-12,50,-2780.0,40.0,96.31820269,-2916.31820269
2023-01-12,HIGH_RANGE|FADE|H10_30,HIGH_RANGE,FADE,H10_30,PUT,2023-01-12,50,2102.5000000000005,40.000000000000426,102.481037745,1960.018962255
2023-01-12,HIGH_RANGE|FADE|H15_10,HIGH_RANGE,FADE,H15_10,PUT,2023-01-12,50,-179.99999999999997,40.00000000000031,98.39254494,-318.3925449400003
2023-01-13,MID_RANGE|CONTINUE|H10_30,MID_RANGE,CONTINUE,H10_30,CALL,2023-01-19,50,-265.00000000000057,39.99999999999915,113.05190015000001,-418.0519001499997
2023-01-13,MID_RANGE|CONTINUE|H15_10,MID_RANGE,CONTINUE,H15_10,CALL,2023-01-19,50,2232.499999999999,39.99999999999886,120.851259875,2071.648740125
2023-01-13,MID_RANGE|FADE|H10_30,MID_RANGE,FADE,H10_30,PUT,2023-01-19,50,182.50000000000028,40.00000000000057,109.63213587499999,32.86786412499973
2023-01-13,MID_RANGE|FADE|H15_10,MID_RANGE,FADE,H15_10,PUT,2023-01-19,50,-1835.0,40.000000000000455,103.84098609,-1978.8409860900006
2023-01-16,LOW_RANGE|CONTINUE|H10_30,LOW_RANGE,CONTINUE,H10_30,CALL,2023-01-19,50,-452.50000000000057,40.000000000000284,104.85775000499999,-597.3577500050009
2023-01-16,LOW_RANGE|CONTINUE|H15_10,LOW_RANGE,CONTINUE,H15_10,CALL,2023-01-19,50,-1535.0000000000005,40.0,102.58753741999999,-1677.5875374200004
2023-01-16,LOW_RANGE|FADE|H10_30,LOW_RANGE,FADE,H10_30,PUT,2023-01-19,50,459.9999999999998,40.00000000000051,108.30503116,311.69496883999926
2023-01-16,LOW_RANGE|FADE|H15_10,LOW_RANGE,FADE,H15_10,PUT,2023-01-19,50,1627.4999999999995,39.99999999999977,110.774489525,1476.7255104749995
2023-01-17,HIGH_RANGE|CONTINUE|H10_30,HIGH_RANGE,CONTINUE,H10_30,CALL,2023-01-19,50,1084.9999999999995,40.00000000000057,108.06902644,936.9309735599991
2023-01-17,HIGH_RANGE|CONTINUE|H15_10,HIGH_RANGE,CONTINUE,H15_10,CALL,2023-01-19,50,1855.0000000000005,39.9999999999996,109.32553374000001,1705.6744662600008
2023-01-17,HIGH_RANGE|FADE|H10_30,HIGH_RANGE,FADE,H10_30,PUT,2023-01-19,50,-947.4999999999999,40.0000000000004,101.94991242500001,-1089.4499124250003
2023-01-17,HIGH_RANGE|FADE|H15_10,HIGH_RANGE,FADE,H15_10,PUT,2023-01-19,50,-1667.5,40.0,100.341193855,-1807.841193855
2023-01-18,MID_RANGE|CONTINUE|H10_30,MID_RANGE,CONTINUE,H10_30,CALL,2023-01-19,50,1007.4999999999998,40.00000000000017,104.52477192500001,862.9752280749996
2023-01-18,MID_RANGE|CONTINUE|H15_10,MID_RANGE,CONTINUE,H15_10,CALL,2023-01-19,50,2357.4999999999995,39.99999999999943,106.490164865,2211.009835135
2023-01-18,MID_RANGE|FADE|H10_30,MID_RANGE,FADE,H10_30,PUT,2023-01-19,50,-687.5,40.00000000000017,99.710348395,-827.2103483950002
2023-01-18,MID_RANGE|FADE|H15_10,MID_RANGE,FADE,H15_10,PUT,2023-01-19,50,-1632.5000000000005,39.999999999999545,97.885608415,-1770.385608415
2023-01-19,LOW_RANGE|CONTINUE|H10_30,LOW_RANGE,CONTINUE,H10_30,PUT,2023-01-19,50,-607.4999999999998,40.000000000000256,98.81031905500001,-746.310319055
2023-01-19,LOW_RANGE|CONTINUE|H15_10,LOW_RANGE,CONTINUE,H15_10,PUT,2023-01-19,50,-2377.5,40.0,96.03238134499999,-2513.532381345
2023-01-19,LOW_RANGE|FADE|H10_30,LOW_RANGE,FADE,H10_30,CALL,2023-01-19,50,50.000000000000064,40.00000000000028,97.83947813,-87.83947813000022
2023-01-19,LOW_RANGE|FADE|H15_10,LOW_RANGE,FADE,H15_10,CALL,2023-01-19,50,-815.0000000000001,40.000000000000114,96.49971446999999,-951.4997144700002
2023-01-20,MID_RANGE|CONTINUE|H10_30,MID_RANGE,CONTINUE,H10_30,CALL,2023-01-25,50,882.4999999999998,40.00000000000034,107.922013405,734.5779865949993
2023-01-20,MID_RANGE|CONTINUE|H15_10,MID_RANGE,CONTINUE,H15_10,CALL,2023-01-25,50,-827.5,40.00000000000017,103.64873993500001,-971.1487399350002
2023-01-20,MID_RANGE|FADE|H10_30,MID_RANGE,FADE,H10_30,PUT,2023-01-25,50,-954.9999999999998,40.00000000000034,105.10436669,-1100.10436669
2023-01-20,MID_RANGE|FADE|H15_10,MID_RANGE,FADE,H15_10,PUT,2023-01-25,50,457.49999999999994,40.000000000000625,108.25501812499999,309.2449818749993
2023-01-23,LOW_RANGE|CONTINUE|H10_30,LOW_RANGE,CONTINUE,H10_30,CALL,2023-01-25,50,1097.4999999999998,40.00000000000017,107.203650815,950.2963491849996
2023-01-23,LOW_RANGE|CONTINUE|H15_10,LOW_RANGE,CONTINUE,H15_10,CALL,2023-01-25,50,227.49999999999966,40.00000000000017,104.71348766499999,82.7865123349995
2023-01-23,LOW_RANGE|FADE|H10_30,LOW_RANGE,FADE,H10_30,PUT,2023-01-25,50,-900.0000000000002,40.00000000000017,100.00930935000001,-1040.0093093500004
2023-01-23,LOW_RANGE|FADE|H15_10,LOW_RANGE,FADE,H15_10,PUT,2023-01-25,50,-725.0000000000002,40.00000000000023,100.01517396,-865.0151739600004
2023-01-24,HIGH_RANGE|CONTINUE|H10_30,HIGH_RANGE,CONTINUE,H10_30,CALL,2023-01-25,50,-837.5000000000002,40.000000000000355,98.452442545,-975.9524425450006
2023-01-24,HIGH_RANGE|CONTINUE|H15_10,HIGH_RANGE,CONTINUE,H15_10,CALL,2023-01-25,50,-1580.0000000000002,40.00000000000003,97.28131163,-1717.2813116300003
2023-01-24,HIGH_RANGE|FADE|H10_30,HIGH_RANGE,FADE,H10_30,PUT,2023-01-25,50,932.5000000000002,40.00000000000014,101.420934725,791.079065275
2023-01-24,HIGH_RANGE|FADE|H15_10,HIGH_RANGE,FADE,H15_10,PUT,2023-01-25,50,1835.0,40.000000000000384,102.44657748,1692.5534225199995
2023-01-25,MID_RANGE|CONTINUE|H10_30,MID_RANGE,CONTINUE,H10_30,PUT,2023-01-25,50,3322.5,40.0000000000004,103.137805125,3179.3621948749997
2023-01-25,MID_RANGE|CONTINUE|H15_10,MID_RANGE,CONTINUE,H15_10,PUT,2023-01-25,50,6455.0,39.99999999999909,106.80661499999998,6308.1933850000005
2023-01-25,MID_RANGE|FADE|H10_30,MID_RANGE,FADE,H10_30,CALL,2023-01-25,50,-1312.5,40.00000000000024,96.22356944500001,-1448.7235694450003
2023-01-25,MID_RANGE|FADE|H15_10,MID_RANGE,FADE,H15_10,CALL,2023-01-25,50,-1732.5,40.00000000000023,95.373843315,-1867.8738433150002
2023-01-27,LOW_RANGE|CONTINUE|H10_30,LOW_RANGE,CONTINUE,H10_30,PUT,2023-02-02,50,544.9999999999995,39.99999999999915,123.04683637,381.95316363000035
2023-01-27,LOW_RANGE|CONTINUE|H15_10,LOW_RANGE,CONTINUE,H15_10,PUT,2023-02-02,50,1299.9999999999998,39.99999999999818,127.57267602,1132.4273239800016
2023-01-27,LOW_RANGE|FADE|H10_30,LOW_RANGE,FADE,H10_30,CALL,2023-02-02,50,-667.5000000000002,39.999999999999545,121.327066225,-828.8270662249997
2023-01-27,LOW_RANGE|FADE|H15_10,LOW_RANGE,FADE,H15_10,CALL,2023-02-02,50,-1460.0,40.0,117.27801593000001,-1617.27801593
2023-01-30,HIGH_RANGE|CONTINUE|H10_30,HIGH_RANGE,CONTINUE,H10_30,PUT,2023-02-02,50,1057.4999999999998,39.99999999999886,123.483629505,894.016370495001
2023-01-30,HIGH_RANGE|CONTINUE|H15_10,HIGH_RANGE,CONTINUE,H15_10,PUT,2023-02-02,50,892.5000000000003,39.99999999999915,119.41590364499999,733.0840963550013
2023-01-30,HIGH_RANGE|FADE|H10_30,HIGH_RANGE,FADE,H10_30,CALL,2023-02-02,50,-1147.5000000000002,39.99999999999909,117.39936857500001,-1304.8993685749992
2023-01-30,HIGH_RANGE|FADE|H15_10,HIGH_RANGE,FADE,H15_10,CALL,2023-02-02,50,-1307.5,39.999999999999545,116.73616215499999,-1464.2361621549994
2023-01-31,HIGH_RANGE|CONTINUE|H10_30,HIGH_RANGE,CONTINUE,H10_30,CALL,2023-02-02,50,-65.00000000000057,39.99999999999915,120.23659690000001,-225.2365968999997
2023-01-31,HIGH_RANGE|CONTINUE|H15_10,HIGH_RANGE,CONTINUE,H15_10,CALL,2023-02-02,50,580.0000000000003,39.99999999999909,122.43172824999999,417.56827175000126
2023-01-31,HIGH_RANGE|FADE|H10_30,HIGH_RANGE,FADE,H10_30,PUT,2023-02-02,50,-2.499999999999858,39.99999999999915,114.85934535499999,-157.359345354999
2023-01-31,HIGH_RANGE|FADE|H15_10,HIGH_RANGE,FADE,H15_10,PUT,2023-02-02,50,-829.9999999999989,40.0,110.93275016,-980.9327501599988
2023-02-01,HIGH_RANGE|CONTINUE|H10_30,HIGH_RANGE,CONTINUE,H10_30,CALL,2023-02-02,50,550.0,39.99999999999915,116.79814522,393.2018547800009
2023-02-01,HIGH_RANGE|CONTINUE|H15_10,HIGH_RANGE,CONTINUE,H15_10,CALL,2023-02-02,50,-2757.5,40.0,106.454064285,-2903.954064285
2023-02-01,HIGH_RANGE|FADE|H10_30,HIGH_RANGE,FADE,H10_30,PUT,2023-02-02,50,-617.4999999999994,40.00000000000057,108.44938430500001,-765.949384305
2023-02-01,HIGH_RANGE|FADE|H15_10,HIGH_RANGE,FADE,H15_10,PUT,2023-02-02,50,1835.000000000001,39.99999999999983,112.67145147999999,1682.328548520001
2023-02-02,HIGH_RANGE|CONTINUE|H10_30,HIGH_RANGE,CONTINUE,H10_30,PUT,2023-02-02,50,962.5000000000003,40.000000000000156,105.148973055,817.3510269450001
2023-02-02,HIGH_RANGE|CONTINUE|H15_10,HIGH_RANGE,CONTINUE,H15_10,PUT,2023-02-02,50,-2855.0,39.999999999999545,97.68077636,-2992.6807763599995
2023-02-02,HIGH_RANGE|FADE|H10_30,HIGH_RANGE,FADE,H10_30,CALL,2023-02-02,50,-1352.5,40.00000000000017,99.45289077500001,-1491.9528907750002
2023-02-02,HIGH_RANGE|FADE|H15_10,HIGH_RANGE,FADE,H15_10,CALL,2023-02-02,50,-1867.5,40.000000000000455,98.334001485,-2005.8340014850005
2023-02-03,MID_RANGE|CONTINUE|H10_30,MID_RANGE,CONTINUE,H10_30,CALL,2023-02-09,50,-394.9999999999999,39.999999999999886,111.98960109999999,-546.9896010999997
2023-02-03,MID_RANGE|CONTINUE|H15_10,MID_RANGE,CONTINUE,H15_10,CALL,2023-02-09,50,2640.0,39.99999999999909,123.26815979999999,2476.731840200001
2023-02-03,MID_RANGE|FADE|H10_30,MID_RANGE,FADE,H10_30,PUT,2023-02-09,50,420.00000000000057,39.99999999999915,113.25863806000001,266.7413619400014
2023-02-03,MID_RANGE|FADE|H15_10,MID_RANGE,FADE,H15_10,PUT,2023-02-09,50,-2052.4999999999995,39.99999999999932,105.522527705,-2198.022527704999
2023-02-06,LOW_RANGE|CONTINUE|H10_30,LOW_RANGE,CONTINUE,H10_30,PUT,2023-02-09,50,747.4999999999999,39.999999999999886,110.76597982499999,596.7340201750001
2023-02-06,LOW_RANGE|CONTINUE|H15_10,LOW_RANGE,CONTINUE,H15_10,PUT,2023-02-09,50,-245.00000000000034,40.000000000000455,107.02892448999998,-392.0289244900008
2023-02-06,LOW_RANGE|FADE|H10_30,LOW_RANGE,FADE,H10_30,CALL,2023-02-09,50,-570.0,40.00000000000034,106.92707153,-716.9270715300003
2023-02-06,LOW_RANGE|FADE|H15_10,LOW_RANGE,FADE,H15_10,CALL,2023-02-09,50,147.49999999999977,40.00000000000057,108.332403955,-0.8324039550007853
2023-02-07,MID_RANGE|CONTINUE|H10_30,MID_RANGE,CONTINUE,H10_30,CALL,2023-02-09,50,-587.5000000000005,40.00000000000017,104.573834515,-732.0738345150006
2023-02-07,MID_RANGE|CONTINUE|H15_10,MID_RANGE,CONTINUE,H15_10,CALL,2023-02-09,50,-1285.0000000000002,40.00000000000023,102.81103615999999,-1427.8110361600004
2023-02-07,MID_RANGE|FADE|H10_30,MID_RANGE,FADE,H10_30,PUT,2023-02-09,50,527.4999999999995,40.000000000000426,106.89931479500001,380.6006852049991
2023-02-07,MID_RANGE|FADE|H15_10,MID_RANGE,FADE,H15_10,PUT,2023-02-09,50,967.5000000000001,40.000000000000384,107.317212275,820.1827877249998
2023-02-08,MID_RANGE|CONTINUE|H10_30,MID_RANGE,CONTINUE,H10_30,CALL,2023-02-09,50,647.5000000000002,40.00000000000014,104.70804251500002,502.7919574850001
2023-02-08,MID_RANGE|CONTINUE|H15_10,MID_RANGE,CONTINUE,H15_10,CALL,2023-02-09,50,967.5000000000001,40.000000000000156,104.68663105499999,822.813368945
2023-02-08,MID_RANGE|FADE|H10_30,MID_RANGE,FADE,H10_30,PUT,2023-02-09,50,-522.5000000000001,40.000000000000284,100.87792817500001,-663.3779281750004
2023-02-08,MID_RANGE|FADE|H15_10,MID_RANGE,FADE,H15_10,PUT,2023-02-09,50,-1140.0000000000002,40.00000000000023,99.42349468,-1279.4234946800004
2023-02-09,LOW_RANGE|CONTINUE|H10_30,LOW_RANGE,CONTINUE,H10_30,CALL,2023-02-09,50,1577.4999999999998,40.00000000000024,101.450251855,1436.0497481449995
2023-02-09,LOW_RANGE|CONTINUE|H15_10,LOW_RANGE,CONTINUE,H15_10,CALL,2023-02-09,50,2442.4999999999995,40.00000000000003,102.34848686499998,2300.1515131349997
2023-02-09,LOW_RANGE|FADE|H10_30,LOW_RANGE,FADE,H10_30,PUT,2023-02-09,50,-1262.5,40.000000000000014,96.693995765,-1399.193995765
2023-02-09,LOW_RANGE|FADE|H15_10,LOW_RANGE,FADE,H15_10,PUT,2023-02-09,50,-1895.0,35.00000000000003,95.59258286000001,-2025.59258286
2023-02-10,LOW_RANGE|CONTINUE|H10_30,LOW_RANGE,CONTINUE,H10_30,PUT,2023-02-16,50,427.4999999999999,40.000000000000625,107.84541617499998,279.6545838249993
2023-02-10,LOW_RANGE|CONTINUE|H15_10,LOW_RANGE,CONTINUE,H15_10,PUT,2023-02-16,50,-232.5,40.00000000000034,105.63836215500001,-378.1383621550003
2023-02-10,LOW_RANGE|FADE|H10_30,LOW_RANGE,FADE,H10_30,CALL,2023-02-16,50,-482.49999999999994,40.00000000000017,105.963288475,-628.4632884750001
2023-02-10,LOW_RANGE|FADE|H15_10,LOW_RANGE,FADE,H15_10,CALL,2023-02-16,50,-50.00000000000034,40.00000000000023,106.69126618000001,-196.69126618000058
2023-02-13,LOW_RANGE|CONTINUE|H10_30,LOW_RANGE,CONTINUE,H10_30,CALL,2023-02-16,50,-939.9999999999995,40.00000000000017,101.71419492000001,-1081.7141949199997
2023-02-13,LOW_RANGE|CONTINUE|H15_10,LOW_RANGE,CONTINUE,H15_10,CALL,2023-02-16,50,-832.4999999999998,40.000000000000114,101.717531885,-974.217531885
2023-02-13,LOW_RANGE|FADE|H10_30,LOW_RANGE,FADE,H10_30,PUT,2023-02-16,50,1245.0,39.99999999999966,109.86626433999999,1095.1337356600004
2023-02-13,LOW_RANGE|FADE|H15_10,LOW_RANGE,FADE,H15_10,PUT,2023-02-16,50,794.9999999999997,40.00000000000034,107.93302410999999,647.0669758899993
2023-02-14,MID_RANGE|CONTINUE|H10_30,MID_RANGE,CONTINUE,H10_30,CALL,2023-02-16,50,205.00000000000026,40.00000000000021,105.25332406000001,59.74667594000002
2023-02-14,MID_RANGE|CONTINUE|H15_10,MID_RANGE,CONTINUE,H15_10,CALL,2023-02-16,50,2167.5000000000005,39.99999999999966,109.767575615,2017.732424385001
2023-02-14,MID_RANGE|FADE|H10_30,MID_RANGE,FADE,H10_30,PUT,2023-02-16,50,-279.99999999999955,40.000000000000256,101.37897345,-421.37897344999976
2023-02-14,MID_RANGE|FADE|H15_10,MID_RANGE,FADE,H15_10,PUT,2023-02-16,50,-1344.9999999999998,40.000000000000114,99.32406968,-1484.32406968
2023-02-15,MID_RANGE|CONTINUE|H10_30,MID_RANGE,CONTINUE,H10_30,PUT,2023-02-16,50,-1042.5000000000002,39.99999999999997,98.46456162499999,-1180.9645616250002
2023-02-15,MID_RANGE|CONTINUE|H15_10,MID_RANGE,CONTINUE,H15_10,PUT,2023-02-16,50,-1932.5,40.000000000000455,97.05690092500001,-2069.5569009250003
2023-02-15,MID_RANGE|FADE|H10_30,MID_RANGE,FADE,H10_30,CALL,2023-02-16,50,1402.5000000000002,40.0000000000004,104.028491765,1258.4715082349999
2023-02-15,MID_RANGE|FADE|H15_10,MID_RANGE,FADE,H15_10,CALL,2023-02-16,50,4012.499999999999,39.99999999999909,109.11937417499999,3863.380625825
2023-02-16,HIGH_RANGE|CONTINUE|H10_30,HIGH_RANGE,CONTINUE,H10_30,CALL,2023-02-16,50,-804.9999999999999,40.00000000000011,97.59676692,-942.5967669199999
2023-02-16,HIGH_RANGE|CONTINUE|H15_10,HIGH_RANGE,CONTINUE,H15_10,CALL,2023-02-16,50,-2209.9999999999995,40.000000000000455,95.52104091999999,-2345.52104092
2023-02-16,HIGH_RANGE|FADE|H10_30,HIGH_RANGE,FADE,H10_30,PUT,2023-02-16,50,305.00000000000006,40.0000000000001,97.75400797999998,167.24599201999996
2023-02-16,HIGH_RANGE|FADE|H15_10,HIGH_RANGE,FADE,H15_10,PUT,2023-02-16,50,1455.0,39.99999999999997,99.13904323999999,1315.86095676
2023-02-17,HIGH_RANGE|CONTINUE|H10_30,HIGH_RANGE,CONTINUE,H10_30,PUT,2023-02-23,50,-397.49999999999994,40.00000000000034,106.20901095500001,-543.7090109550003
2023-02-17,HIGH_RANGE|CONTINUE|H15_10,HIGH_RANGE,CONTINUE,H15_10,PUT,2023-02-23,50,632.5,40.000000000000625,108.64199167500001,483.85800832499933
2023-02-17,HIGH_RANGE|FADE|H10_30,HIGH_RANGE,FADE,H10_30,CALL,2023-02-23,50,422.5,40.00000000000017,106.276726385,276.22327361499975
2023-02-17,HIGH_RANGE|FADE|H15_10,HIGH_RANGE,FADE,H15_10,CALL,2023-02-23,50,-730.0000000000002,40.000000000000256,103.80060001,-873.8006000100005
2023-02-20,LOW_RANGE|CONTINUE|H10_30,LOW_RANGE,CONTINUE,H10_30,CALL,2023-02-23,50,775.0,40.00000000000034,108.22542265999999,626.7745773399997
2023-02-20,LOW_RANGE|CONTINUE|H15_10,LOW_RANGE,CONTINUE,H15_10,CALL,2023-02-23,50,-1300.0,40.000000000000455,103.84948691,-1443.8494869100005
2023-02-20,LOW_RANGE|FADE|H10_30,LOW_RANGE,FADE,H10_30,PUT,2023-02-23,50,-769.9999999999998,40.000000000000114,101.96396104,-911.96396104
2023-02-20,LOW_RANGE|FADE|H15_10,LOW_RANGE,FADE,H15_10,PUT,2023-02-23,50,1242.5,40.000000000000114,106.400213855,1096.0997861449998
2023-02-21,HIGH_RANGE|CONTINUE|H10_30,HIGH_RANGE,CONTINUE,H10_30,CALL,2023-02-23,50,464.9999999999999,40.000000000000284,104.29186927999999,320.70813071999964
2023-02-21,HIGH_RANGE|CONTINUE|H15_10,HIGH_RANGE,CONTINUE,H15_10,CALL,2023-02-23,50,-1360.0000000000005,40.00000000000034,100.40434945999999,-1500.404349460001
2023-02-21,HIGH_RANGE|FADE|H10_30,HIGH_RANGE,FADE,H10_30,PUT,2023-02-23,50,-494.9999999999998,40.00000000000017,102.79913421,-637.79913421
2023-02-21,HIGH_RANGE|FADE|H15_10,HIGH_RANGE,FADE,H15_10,PUT,2023-02-23,50,1217.5,40.000000000000156,105.858254475,1071.641745525
2023-02-22,HIGH_RANGE|CONTINUE|H10_30,HIGH_RANGE,CONTINUE,H10_30,PUT,2023-02-23,50,1524.9999999999998,40.00000000000017,103.93220732,1381.0677926799995
2023-02-22,HIGH_RANGE|CONTINUE|H15_10,HIGH_RANGE,CONTINUE,H15_10,PUT,2023-02-23,50,4892.500000000001,40.000000000000455,111.66086402500001,4740.839135975
2023-02-22,HIGH_RANGE|FADE|H10_30,HIGH_RANGE,FADE,H10_30,CALL,2023-02-23,50,-1100.0000000000002,40.0000000000002,99.06643340999999,-1239.0664334100004
2023-02-22,HIGH_RANGE|FADE|H15_10,HIGH_RANGE,FADE,H15_10,CALL,2023-02-23,50,-2242.5000000000005,39.9999999999996,97.162172775,-2379.662172775
2023-02-23,MID_RANGE|CONTINUE|H10_30,MID_RANGE,CONTINUE,H10_30,CALL,2023-02-23,50,3234.9999999999995,40.000000000000455,105.03112217999998,3089.9688778199993
2023-02-23,MID_RANGE|CONTINUE|H15_10,MID_RANGE,CONTINUE,H15_10,CALL,2023-02-23,50,-1807.5,40.00000000000003,96.94091446499999,-1944.4409144649999
2023-02-23,MID_RANGE|FADE|H10_30,MID_RANGE,FADE,H10_30,PUT,2023-02-23,50,-1727.5,39.99999999999997,96.514947465,-1864.014947465
2023-02-23,MID_RANGE|FADE|H15_10,MID_RANGE,FADE,H15_10,PUT,2023-02-23,50,-1995.0,40.0,95.99248185,-2130.99248185
2023-02-24,MID_RANGE|CONTINUE|H10_30,MID_RANGE,CONTINUE,H10_30,CALL,2023-03-02,50,-427.50000000000017,40.000000000000625,108.838985185,-576.3389851850008
2023-02-24,MID_RANGE|CONTINUE|H15_10,MID_RANGE,CONTINUE,H15_10,CALL,2023-03-02,50,-1560.0,40.0,105.95891617999999,-1705.95891618
2023-02-24,MID_RANGE|FADE|H10_30,MID_RANGE,FADE,H10_30,PUT,2023-03-02,50,262.4999999999997,40.000000000000625,107.045002325,115.45499767499909
2023-02-24,MID_RANGE|FADE|H15_10,MID_RANGE,FADE,H15_10,PUT,2023-03-02,50,1230.0,39.99999999999977,109.17578184999999,1080.8242181500002
2023-02-27,MID_RANGE|CONTINUE|H10_30,MID_RANGE,CONTINUE,H10_30,PUT,2023-03-02,50,1912.4999999999993,39.999999999999545,111.224108415,1761.2758915849997
2023-02-27,MID_RANGE|CONTINUE|H15_10,MID_RANGE,CONTINUE,H15_10,PUT,2023-03-02,50,447.5000000000001,40.00000000000021,106.10759225500001,301.3924077449999
2023-02-27,MID_RANGE|FADE|H10_30,MID_RANGE,FADE,H10_30,CALL,2023-03-02,50,-1610.0,40.000000000000455,102.82072727999999,-1752.8207272800005
2023-02-27,MID_RANGE|FADE|H15_10,MID_RANGE,FADE,H15_10,CALL,2023-03-02,50,-887.5000000000003,40.000000000000114,104.042577905,-1031.5425779050004
2023-02-28,MID_RANGE|CONTINUE|H10_30,MID_RANGE,CONTINUE,H10_30,CALL,2023-03-02,50,-444.99999999999955,40.000000000000284,104.64527085,-589.6452708499999
2023-02-28,MID_RANGE|CONTINUE|H15_10,MID_RANGE,CONTINUE,H15_10,CALL,2023-03-02,50,-2154.9999999999995,40.00000000000034,101.08309089000001,-2296.08309089
2023-02-28,MID_RANGE|FADE|H10_30,MID_RANGE,FADE,H10_30,PUT,2023-03-02,50,147.5000000000003,40.0000000000002,102.662246555,4.837753445000118
2023-02-28,MID_RANGE|FADE|H15_10,MID_RANGE,FADE,H15_10,PUT,2023-03-02,50,2070.0000000000005,40.0000000000004,106.40882324000002,1923.59117676
2023-03-01,LOW_RANGE|CONTINUE|H10_30,LOW_RANGE,CONTINUE,H10_30,CALL,2023-03-02,50,1227.4999999999998,40.00000000000017,104.561756875,1082.9382431249996
2023-03-01,LOW_RANGE|CONTINUE|H15_10,LOW_RANGE,CONTINUE,H15_10,CALL,2023-03-02,50,2035.0,40.0000000000004,105.63427802999999,1889.3657219699996
2023-03-01,LOW_RANGE|FADE|H10_30,LOW_RANGE,FADE,H10_30,PUT,2023-03-02,50,-855.0000000000002,40.0000000000002,98.62289034,-993.6228903400005
2023-03-01,LOW_RANGE|FADE|H15_10,LOW_RANGE,FADE,H15_10,PUT,2023-03-02,50,-1637.4999999999998,40.000000000000455,97.204623595,-1774.7046235950002
2023-03-02,MID_RANGE|CONTINUE|H10_30,MID_RANGE,CONTINUE,H10_30,PUT,2023-03-02,50,-447.4999999999999,39.999999999999936,96.79646755499999,-584.2964675549998
2023-03-02,MID_RANGE|CONTINUE|H15_10,MID_RANGE,CONTINUE,H15_10,PUT,2023-03-02,50,-139.99999999999997,39.999999999999915,97.13848335999998,-277.1384833599999
2023-03-02,MID_RANGE|FADE|H10_30,MID_RANGE,FADE,H10_30,CALL,2023-03-02,50,-230.00000000000023,40.0000000000003,99.29318126999999,-369.2931812700005
2023-03-02,MID_RANGE|FADE|H15_10,MID_RANGE,FADE,H15_10,CALL,2023-03-02,50,-2555.0,37.5,95.854552945,-2688.354552945
2023-03-03,LOW_RANGE|CONTINUE|H10_30,LOW_RANGE,CONTINUE,H10_30,CALL,2023-03-09,50,705.0000000000002,40.000000000000114,105.71426455,559.28573545
2023-03-03,LOW_RANGE|CONTINUE|H15_10,LOW_RANGE,CONTINUE,H15_10,CALL,2023-03-09,50,2060.0,39.999999999999545,108.72316057,1911.27683943
2023-03-03,LOW_RANGE|FADE|H10_30,LOW_RANGE,FADE,H10_30,PUT,2023-03-09,50,-514.9999999999999,40.00000000000017,103.55629976,-658.55629976
2023-03-03,LOW_RANGE|FADE|H15_10,LOW_RANGE,FADE,H15_10,PUT,2023-03-09,50,-1472.5,40.00000000000034,101.569800335,-1614.0698003350005
2023-03-06,HIGH_RANGE|CONTINUE|H10_30,HIGH_RANGE,CONTINUE,H10_30,CALL,2023-03-09,50,400.00000000000057,40.00000000000023,103.76769125999999,256.23230874000035
2023-03-06,HIGH_RANGE|CONTINUE|H15_10,HIGH_RANGE,CONTINUE,H15_10,CALL,2023-03-09,50,-1359.9999999999998,40.00000000000017,100.1812613,-1500.1812613
2023-03-06,HIGH_RANGE|FADE|H10_30,HIGH_RANGE,FADE,H10_30,PUT,2023-03-09,50,-389.9999999999998,40.000000000000284,100.76790305,-530.76790305
2023-03-06,HIGH_RANGE|FADE|H15_10,HIGH_RANGE,FADE,H15_10,PUT,2023-03-09,50,852.5000000000002,40.00000000000027,102.795026405,709.704973595
2023-03-08,LOW_RANGE|CONTINUE|H10_30,LOW_RANGE,CONTINUE,H10_30,PUT,2023-03-09,50,-1302.5,40.0000000000004,100.123166905,-1442.6231669050005
2023-03-08,LOW_RANGE|CONTINUE|H15_10,LOW_RANGE,CONTINUE,H15_10,PUT,2023-03-09,50,-2395.0,40.00000000000057,98.06189713999999,-2533.0618971400004
2023-03-08,LOW_RANGE|FADE|H10_30,LOW_RANGE,FADE,H10_30,CALL,2023-03-09,50,1762.4999999999998,40.00000000000023,101.74447433499999,1620.7555256649996
2023-03-08,LOW_RANGE|FADE|H15_10,LOW_RANGE,FADE,H15_10,CALL,2023-03-09,50,3195.0,40.000000000000455,103.80332798,3051.1966720199994
2023-03-09,MID_RANGE|CONTINUE|H10_30,MID_RANGE,CONTINUE,H10_30,CALL,2023-03-09,50,-627.5,40.0,95.630908115,-763.130908115
2023-03-09,MID_RANGE|CONTINUE|H15_10,MID_RANGE,CONTINUE,H15_10,CALL,2023-03-09,50,-1052.5,34.99999999999999,94.95314577500001,-1182.453145775
2023-03-09,MID_RANGE|FADE|H10_30,MID_RANGE,FADE,H10_30,PUT,2023-03-09,50,1042.5,40.000000000000355,100.633056455,901.8669435449996
2023-03-09,MID_RANGE|FADE|H15_10,MID_RANGE,FADE,H15_10,PUT,2023-03-09,50,4910.0,39.999999999999105,105.94109825,4764.058901750001
2023-03-10,LOW_RANGE|CONTINUE|H10_30,LOW_RANGE,CONTINUE,H10_30,PUT,2023-03-16,50,-392.49999999999994,40.00000000000034,105.807088665,-538.3070886650003
2023-03-10,LOW_RANGE|CONTINUE|H15_10,LOW_RANGE,CONTINUE,H15_10,PUT,2023-03-16,50,-687.5000000000002,40.00000000000023,104.64617393500001,-832.1461739350004
2023-03-10,LOW_RANGE|FADE|H10_30,LOW_RANGE,FADE,H10_30,CALL,2023-03-16,50,599.9999999999997,39.99999999999994,111.19871452,448.80128547999976
2023-03-10,LOW_RANGE|FADE|H15_10,LOW_RANGE,FADE,H15_10,CALL,2023-03-16,50,724.9999999999993,39.99999999999983,111.16173845,573.8382615499995
2023-03-13,LOW_RANGE|CONTINUE|H10_30,LOW_RANGE,CONTINUE,H10_30,CALL,2023-03-16,50,-1494.9999999999998,40.00000000000023,100.71068806,-1635.71068806
2023-03-13,LOW_RANGE|CONTINUE|H15_10,LOW_RANGE,CONTINUE,H15_10,CALL,2023-03-16,50,-2812.4999999999995,40.000000000000455,98.62395135499999,-2951.123951355
2023-03-13,LOW_RANGE|FADE|H10_30,LOW_RANGE,FADE,H10_30,PUT,2023-03-16,50,1760.0000000000005,39.999999999999545,111.1292314,1608.870768600001
2023-03-13,LOW_RANGE|FADE|H15_10,LOW_RANGE,FADE,H15_10,PUT,2023-03-16,50,5357.500000000002,40.0,133.58171258500002,5183.918287415002
2023-03-14,HIGH_RANGE|CONTINUE|H10_30,HIGH_RANGE,CONTINUE,H10_30,CALL,2023-03-16,50,-1662.5000000000005,40.00000000000023,104.559055545,-1807.0590555450008
2023-03-14,HIGH_RANGE|CONTINUE|H15_10,HIGH_RANGE,CONTINUE,H15_10,CALL,2023-03-16,50,-2545.0000000000005,40.0,102.79019025000001,-2687.7901902500003
2023-03-14,HIGH_RANGE|FADE|H10_30,HIGH_RANGE,FADE,H10_30,PUT,2023-03-16,50,1670.000000000001,39.99999999999977,112.08947812000001,1517.9105218800012
2023-03-14,HIGH_RANGE|FADE|H15_10,HIGH_RANGE,FADE,H15_10,PUT,2023-03-16,50,2647.5,39.99999999999932,113.31416432500001,2494.1858356750004
2023-03-15,HIGH_RANGE|CONTINUE|H10_30,HIGH_RANGE,CONTINUE,H10_30,CALL,2023-03-16,50,-330.00000000000006,40.00000000000017,103.44152728,-473.44152728000023
2023-03-15,HIGH_RANGE|CONTINUE|H15_10,HIGH_RANGE,CONTINUE,H15_10,CALL,2023-03-16,50,-2950.0,40.0,98.81520954,-3088.81520954
2023-03-15,HIGH_RANGE|FADE|H10_30,HIGH_RANGE,FADE,H10_30,PUT,2023-03-16,50,142.50000000000017,40.00000000000021,101.92084202500001,0.57915797499993
2023-03-15,HIGH_RANGE|FADE|H15_10,HIGH_RANGE,FADE,H15_10,PUT,2023-03-16,50,4264.999999999999,39.99999999999886,111.10787618,4113.89212382
2023-03-16,HIGH_RANGE|CONTINUE|H10_30,HIGH_RANGE,CONTINUE,H10_30,CALL,2023-03-16,50,787.5,40.00000000000024,101.57834555499998,645.9216544449998
2023-03-16,HIGH_RANGE|CONTINUE|H15_10,HIGH_RANGE,CONTINUE,H15_10,CALL,2023-03-16,50,1235.0,40.00000000000023,101.60715241999999,1093.39284758
2023-03-16,HIGH_RANGE|FADE|H10_30,HIGH_RANGE,FADE,H10_30,PUT,2023-03-16,50,-762.5000000000002,40.00000000000024,98.651485995,-901.1514859950005
2023-03-16,HIGH_RANGE|FADE|H15_10,HIGH_RANGE,FADE,H15_10,PUT,2023-03-16,50,-2295.0,40.000000000000455,96.02824098,-2431.0282409800006
2023-03-17,HIGH_RANGE|CONTINUE|H10_30,HIGH_RANGE,CONTINUE,H10_30,CALL,2023-03-23,50,-377.50000000000057,39.99999999999915,111.995764765,-529.4957647649998
2023-03-17,HIGH_RANGE|CONTINUE|H15_10,HIGH_RANGE,CONTINUE,H15_10,CALL,2023-03-23,50,2.4999999999990905,39.99999999999909,112.463572635,-149.963572635
2023-03-17,HIGH_RANGE|FADE|H10_30,HIGH_RANGE,FADE,H10_30,PUT,2023-03-23,50,312.4999999999992,39.99999999999977,111.71692232499998,160.78307767499945
2023-03-17,HIGH_RANGE|FADE|H15_10,HIGH_RANGE,FADE,H15_10,PUT,2023-03-23,50,-377.50000000000034,40.000000000000455,108.491421585,-525.9914215850008
2023-03-20,HIGH_RANGE|CONTINUE|H10_30,HIGH_RANGE,CONTINUE,H10_30,PUT,2023-03-23,50,607.5,39.99999999999994,111.99942742500001,455.500572575
2023-03-20,HIGH_RANGE|CONTINUE|H15_10,HIGH_RANGE,CONTINUE,H15_10,PUT,2023-03-23,50,-679.9999999999995,40.00000000000068,107.35707921,-827.3570792100002
2023-03-20,HIGH_RANGE|FADE|H10_30,HIGH_RANGE,FADE,H10_30,CALL,2023-03-23,50,-705.0000000000003,40.0,108.42321365,-853.4232136500003
2023-03-20,HIGH_RANGE|FADE|H15_10,HIGH_RANGE,FADE,H15_10,CALL,2023-03-23,50,519.9999999999989,39.99999999999915,111.66186288,368.3381371199997
2023-03-21,HIGH_RANGE|CONTINUE|H10_30,HIGH_RANGE,CONTINUE,H10_30,CALL,2023-03-23,50,-80.0000000000006,40.0000000000004,108.35917272,-228.359172720001
2023-03-21,HIGH_RANGE|CONTINUE|H15_10,HIGH_RANGE,CONTINUE,H15_10,CALL,2023-03-23,50,687.5000000000003,39.99999999999983,109.756221455,537.7437785450004
2023-03-21,HIGH_RANGE|FADE|H10_30,HIGH_RANGE,FADE,H10_30,PUT,2023-03-23,50,145.0000000000001,40.0000000000004,105.44731222,-0.4473122200002848
2023-03-21,HIGH_RANGE|FADE|H15_10,HIGH_RANGE,FADE,H15_10,PUT,2023-03-23,50,-777.5000000000002,40.000000000000114,102.497129425,-919.9971294250004
2023-03-22,LOW_RANGE|CONTINUE|H10_30,LOW_RANGE,CONTINUE,H10_30,CALL,2023-03-23,50,-299.9999999999996,40.00000000000027,102.81934648999999,-442.8193464899999
2023-03-22,LOW_RANGE|CONTINUE|H15_10,LOW_RANGE,CONTINUE,H15_10,CALL,2023-03-23,50,-287.5000000000001,40.000000000000284,102.599996995,-430.0999969950004
2023-03-22,LOW_RANGE|FADE|H10_30,LOW_RANGE,FADE,H10_30,PUT,2023-03-23,50,364.9999999999999,40.00000000000027,102.87695430000001,222.12304569999958
2023-03-22,LOW_RANGE|FADE|H15_10,LOW_RANGE,FADE,H15_10,PUT,2023-03-23,50,194.99999999999994,40.00000000000021,102.32044196000001,52.679558039999705
2023-03-23,LOW_RANGE|CONTINUE|H10_30,LOW_RANGE,CONTINUE,H10_30,PUT,2023-03-23,50,-1802.4999999999998,40.00000000000024,96.32984702499999,-1938.829847025
2023-03-23,LOW_RANGE|CONTINUE|H15_10,LOW_RANGE,CONTINUE,H15_10,PUT,2023-03-23,50,-2077.4999999999995,40.00000000000048,95.75494337500001,-2213.254943375
2023-03-23,LOW_RANGE|FADE|H10_30,LOW_RANGE,FADE,H10_30,CALL,2023-03-23,50,3787.499999999999,39.99999999999898,105.240988805,3642.259011195
2023-03-23,LOW_RANGE|FADE|H15_10,LOW_RANGE,FADE,H15_10,CALL,2023-03-23,50,-1160.0,40.0,97.22474211,-1297.22474211
2023-03-24,HIGH_RANGE|CONTINUE|H10_30,HIGH_RANGE,CONTINUE,H10_30,CALL,2023-03-29,50,372.5000000000001,39.99999999999983,111.113939205,221.38606079500028
2023-03-24,HIGH_RANGE|CONTINUE|H15_10,HIGH_RANGE,CONTINUE,H15_10,CALL,2023-03-29,50,-724.9999999999997,40.00000000000034,107.75819217999998,-872.7581921799999
2023-03-24,HIGH_RANGE|FADE|H10_30,HIGH_RANGE,FADE,H10_30,PUT,2023-03-29,50,-284.99999999999983,40.00000000000051,107.49288216999999,-432.4928821700003
2023-03-24,HIGH_RANGE|FADE|H15_10,HIGH_RANGE,FADE,H15_10,PUT,2023-03-29,50,412.49999999999966,40.000000000000625,109.52059771500001,262.979402284999
2023-03-27,MID_RANGE|CONTINUE|H10_30,MID_RANGE,CONTINUE,H10_30,CALL,2023-03-29,50,432.4999999999998,40.000000000000426,108.321903515,284.1780964849994
2023-03-27,MID_RANGE|CONTINUE|H15_10,MID_RANGE,CONTINUE,H15_10,CALL,2023-03-29,50,-205.00000000000045,40.000000000000114,105.98400806000001,-350.9840080600006
2023-03-27,MID_RANGE|FADE|H10_30,MID_RANGE,FADE,H10_30,PUT,2023-03-29,50,-299.99999999999943,40.000000000000284,104.32983923999998,-444.3298392399997
2023-03-27,MID_RANGE|FADE|H15_10,MID_RANGE,FADE,H15_10,PUT,2023-03-29,50,-214.9999999999999,40.00000000000017,104.16656676000001,-359.1665667600001
2023-03-28,HIGH_RANGE|CONTINUE|H10_30,HIGH_RANGE,CONTINUE,H10_30,CALL,2023-03-29,50,-1459.9999999999995,40.00000000000017,102.81911456,-1602.8191145599994
2023-03-28,HIGH_RANGE|CONTINUE|H15_10,HIGH_RANGE,CONTINUE,H15_10,CALL,2023-03-29,50,-2332.4999999999995,40.00000000000034,100.957498195,-2473.457498195
2023-03-28,HIGH_RANGE|FADE|H10_30,HIGH_RANGE,FADE,H10_30,PUT,2023-03-29,50,1237.4999999999998,40.00000000000017,102.489098385,1095.0109016149995
2023-03-28,HIGH_RANGE|FADE|H15_10,HIGH_RANGE,FADE,H15_10,PUT,2023-03-29,50,1304.9999999999998,40.000000000000156,101.83165689,1163.1683431099996
2023-03-29,LOW_RANGE|CONTINUE|H10_30,LOW_RANGE,CONTINUE,H10_30,CALL,2023-03-29,50,1060.0,40.000000000000234,100.34176923999999,919.6582307599998
2023-03-29,LOW_RANGE|CONTINUE|H15_10,LOW_RANGE,CONTINUE,H15_10,CALL,2023-03-29,50,1285.0,40.00000000000023,100.47413259000001,1144.5258674099998
2023-03-29,LOW_RANGE|FADE|H10_30,LOW_RANGE,FADE,H10_30,PUT,2023-03-29,50,-952.5000000000002,40.000000000000014,96.965185185,-1089.4651851850003
2023-03-29,LOW_RANGE|FADE|H15_10,LOW_RANGE,FADE,H15_10,PUT,2023-03-29,50,-1845.0000000000002,40.00000000000003,95.54469281,-1980.5446928100002
2023-03-31,HIGH_RANGE|CONTINUE|H10_30,HIGH_RANGE,CONTINUE,H10_30,CALL,2023-04-06,50,-520.0,40.00000000000014,104.42298905,-664.4229890500001
2023-03-31,HIGH_RANGE|CONTINUE|H15_10,HIGH_RANGE,CONTINUE,H15_10,CALL,2023-04-06,50,1222.5,39.99999999999966,109.01644740500001,1073.4835525950004
2023-03-31,HIGH_RANGE|FADE|H10_30,HIGH_RANGE,FADE,H10_30,PUT,2023-04-06,50,437.5,40.00000000000057,109.78834456499999,287.71165543499944
2023-03-31,HIGH_RANGE|FADE|H15_10,HIGH_RANGE,FADE,H15_10,PUT,2023-04-06,50,-1022.4999999999997,40.00000000000057,105.994191685,-1168.4941916850003
2023-04-03,MID_RANGE|CONTINUE|H10_30,MID_RANGE,CONTINUE,H10_30,CALL,2023-04-06,50,247.50000000000014,40.00000000000021,104.709244655,102.79075534499994
2023-04-03,MID_RANGE|CONTINUE|H15_10,MID_RANGE,CONTINUE,H15_10,CALL,2023-04-06,50,729.9999999999995,40.00000000000017,105.11289711,584.8871028899994
2023-04-03,MID_RANGE|FADE|H10_30,MID_RANGE,FADE,H10_30,PUT,2023-04-06,50,-382.5000000000005,40.000000000000114,104.724383885,-527.2243838850006
2023-04-03,MID_RANGE|FADE|H15_10,MID_RANGE,FADE,H15_10,PUT,2023-04-06,50,-1240.0000000000005,40.0,102.32626513,-1382.3262651300004
2023-04-05,MID_RANGE|CONTINUE|H10_30,MID_RANGE,CONTINUE,H10_30,CALL,2023-04-06,50,1027.5000000000002,40.0000000000002,102.703289945,884.796710055
2023-04-05,MID_RANGE|CONTINUE|H15_10,MID_RANGE,CONTINUE,H15_10,CALL,2023-04-06,50,2172.5,40.000000000000426,104.36476040500001,2028.1352395949996
2023-04-05,MID_RANGE|FADE|H10_30,MID_RANGE,FADE,H10_30,PUT,2023-04-06,50,-672.5,40.00000000000014,99.685089705,-812.1850897050001
2023-04-05,MID_RANGE|FADE|H15_10,MID_RANGE,FADE,H15_10,PUT,2023-04-06,50,-1805.0,39.999999999999886,97.69737334,-1942.69737334
2023-04-06,LOW_RANGE|CONTINUE|H10_30,LOW_RANGE,CONTINUE,H10_30,PUT,2023-04-06,50,-1572.4999999999998,40.000000000000455,97.31515898500001,-1709.8151589850002
2023-04-06,LOW_RANGE|CONTINUE|H15_10,LOW_RANGE,CONTINUE,H15_10,PUT,2023-04-06,50,-2495.0,40.00000000000003,95.86617360000001,-2630.8661736
2023-04-06,LOW_RANGE|FADE|H10_30,LOW_RANGE,FADE,H10_30,CALL,2023-04-06,50,1155.0000000000002,40.00000000000023,98.69144469,1016.30855531
2023-04-06,LOW_RANGE|FADE|H15_10,LOW_RANGE,FADE,H15_10,CALL,2023-04-06,50,1102.5,39.99999999999999,98.519580585,963.980419415
2023-04-10,LOW_RANGE|CONTINUE|H10_30,LOW_RANGE,CONTINUE,H10_30,CALL,2023-04-13,50,129.99999999999972,40.00000000000021,104.40825448000001,-14.408254480000508
2023-04-10,LOW_RANGE|CONTINUE|H15_10,LOW_RANGE,CONTINUE,H15_10,CALL,2023-04-13,50,99.99999999999966,40.00000000000023,104.0497769,-44.049776900000566
2023-04-10,LOW_RANGE|FADE|H10_30,LOW_RANGE,FADE,H10_30,PUT,2023-04-13,50,-80.0000000000006,40.00000000000022,102.47987017,-222.47987017000082
2023-04-10,LOW_RANGE|FADE|H15_10,LOW_RANGE,FADE,H15_10,PUT,2023-04-13,50,-477.50000000000034,40.000000000000114,101.308748135,-618.8087481350004
2023-04-11,LOW_RANGE|CONTINUE|H10_30,LOW_RANGE,CONTINUE,H10_30,CALL,2023-04-13,50,392.49999999999983,40.00000000000031,101.953786295,250.54621370499956
2023-04-11,LOW_RANGE|CONTINUE|H15_10,LOW_RANGE,CONTINUE,H15_10,CALL,2023-04-13,50,227.4999999999997,40.00000000000031,101.427584975,86.07241502499937
2023-04-11,LOW_RANGE|FADE|H10_30,LOW_RANGE,FADE,H10_30,PUT,2023-04-13,50,-284.9999999999999,40.000000000000156,100.03337182,-425.03337182000007
2023-04-11,LOW_RANGE|FADE|H15_10,LOW_RANGE,FADE,H15_10,PUT,2023-04-13,50,-627.4999999999999,40.0000000000002,99.186375665,-766.6863756650001
2023-04-12,MID_RANGE|CONTINUE|H10_30,MID_RANGE,CONTINUE,H10_30,CALL,2023-04-13,50,-665.0000000000002,40.00000000000025,99.45401987,-804.4540198700005
2023-04-12,MID_RANGE|CONTINUE|H15_10,MID_RANGE,CONTINUE,H15_10,CALL,2023-04-13,50,707.4999999999998,40.00000000000025,101.562783905,565.9372160949995
2023-04-12,MID_RANGE|FADE|H10_30,MID_RANGE,FADE,H10_30,PUT,2023-04-13,50,532.5,40.00000000000024,99.637431585,392.86256841499977
2023-04-12,MID_RANGE|FADE|H15_10,MID_RANGE,FADE,H15_10,PUT,2023-04-13,50,-697.5,40.00000000000013,97.609399225,-835.1093992250001
2023-04-13,LOW_RANGE|CONTINUE|H10_30,LOW_RANGE,CONTINUE,H10_30,CALL,2023-04-13,50,-817.5000000000001,40.000000000000114,97.634857285,-955.1348572850002
2023-04-13,LOW_RANGE|CONTINUE|H15_10,LOW_RANGE,CONTINUE,H15_10,CALL,2023-04-13,50,-1140.0000000000002,40.0,97.07177365999999,-1277.0717736600002
2023-04-13,LOW_RANGE|FADE|H10_30,LOW_RANGE,FADE,H10_30,PUT,2023-04-13,50,507.5000000000001,40.000000000000114,97.69187586500001,369.80812413499996
2023-04-13,LOW_RANGE|FADE|H15_10,LOW_RANGE,FADE,H15_10,PUT,2023-04-13,50,-1215.0,40.0,95.11591095,-1350.11591095
2023-04-17,LOW_RANGE|CONTINUE|H10_30,LOW_RANGE,CONTINUE,H10_30,PUT,2023-04-20,50,-162.5,40.00000000000023,104.26406814500001,-306.76406814500024
2023-04-17,LOW_RANGE|CONTINUE|H15_10,LOW_RANGE,CONTINUE,H15_10,PUT,2023-04-20,50,-1410.0000000000005,40.0,101.26315675999999,-1551.2631567600004
2023-04-17,LOW_RANGE|FADE|H10_30,LOW_RANGE,FADE,H10_30,CALL,2023-04-20,50,-4.999999999999538,40.00000000000021,105.41639125,-150.41639124999975
2023-04-17,LOW_RANGE|FADE|H15_10,LOW_RANGE,FADE,H15_10,CALL,2023-04-20,50,1004.9999999999999,40.00000000000027,106.82183224,858.1781677599996
2023-04-18,MID_RANGE|CONTINUE|H10_30,MID_RANGE,CONTINUE,H10_30,CALL,2023-04-20,50,-1185.0,40.00000000000047,98.77888189999999,-1323.7788819000004
2023-04-18,MID_RANGE|CONTINUE|H15_10,MID_RANGE,CONTINUE,H15_10,CALL,2023-04-20,50,-1380.0,40.000000000000256,98.31714097,-1518.3171409700003
2023-04-18,MID_RANGE|FADE|H10_30,MID_RANGE,FADE,H10_30,PUT,2023-04-20,50,1645.0,40.00000000000034,105.35217463000001,1499.6478253699995
2023-04-18,MID_RANGE|FADE|H15_10,MID_RANGE,FADE,H15_10,PUT,2023-04-20,50,1297.4999999999998,40.000000000000156,103.95432841499999,1153.5456715849996
2023-04-19,MID_RANGE|CONTINUE|H10_30,MID_RANGE,CONTINUE,H10_30,PUT,2023-04-20,50,-305.00000000000006,40.0000000000003,99.80058366,-444.80058366000037
2023-04-19,MID_RANGE|CONTINUE|H15_10,MID_RANGE,CONTINUE,H15_10,PUT,2023-04-20,50,-67.49999999999997,40.00000000000031,99.95992402499999,-207.45992402500028
2023-04-19,MID_RANGE|FADE|H10_30,MID_RANGE,FADE,H10_30,CALL,2023-04-20,50,162.49999999999983,40.00000000000028,99.21165507500001,23.28834492499955
2023-04-19,MID_RANGE|FADE|H15_10,MID_RANGE,FADE,H15_10,CALL,2023-04-20,50,-660.0,40.00000000000013,97.89482775,-797.8948277500001
2023-04-20,MID_RANGE|CONTINUE|H10_30,MID_RANGE,CONTINUE,H10_30,CALL,2023-04-20,50,-935.0,39.99999999999988,95.46550377,-1070.46550377
2023-04-20,MID_RANGE|CONTINUE|H15_10,MID_RANGE,CONTINUE,H15_10,CALL,2023-04-20,50,-1180.0,34.99999999999999,95.02841454,-1310.02841454
2023-04-20,MID_RANGE|FADE|H10_30,MID_RANGE,FADE,H10_30,PUT,2023-04-20,50,2707.4999999999995,40.000000000000455,102.56531759499998,2564.934682404999
2023-04-20,MID_RANGE|FADE|H15_10,MID_RANGE,FADE,H15_10,PUT,2023-04-20,50,1769.9999999999998,40.00000000000023,100.78836798,1629.2116320199996
2023-04-21,LOW_RANGE|CONTINUE|H10_30,LOW_RANGE,CONTINUE,H10_30,CALL,2023-04-27,50,-994.9999999999998,40.00000000000017,103.63489365,-1138.63489365
2023-04-21,LOW_RANGE|CONTINUE|H15_10,LOW_RANGE,CONTINUE,H15_10,CALL,2023-04-27,50,-414.9999999999997,40.00000000000017,104.53898143,-559.5389814299999
2023-04-21,LOW_RANGE|FADE|H10_30,LOW_RANGE,FADE,H10_30,PUT,2023-04-27,50,807.5000000000005,40.00000000000017,105.28759087499998,662.2124091250004
2023-04-21,LOW_RANGE|FADE|H15_10,LOW_RANGE,FADE,H15_10,PUT,2023-04-27,50,-32.499999999999744,40.0000000000002,102.95140782499999,-175.45140782499993
2023-04-24,MID_RANGE|CONTINUE|H10_30,MID_RANGE,CONTINUE,H10_30,CALL,2023-04-27,50,-632.4999999999999,40.00000000000017,102.311832575,-774.811832575
2023-04-24,MID_RANGE|CONTINUE|H15_10,MID_RANGE,CONTINUE,H15_10,CALL,2023-04-27,50,2087.4999999999995,39.99999999999943,107.483951005,1940.016048995
2023-04-24,MID_RANGE|FADE|H10_30,MID_RANGE,FADE,H10_30,PUT,2023-04-27,50,515.0000000000002,40.00000000000014,102.47099429,372.52900571
2023-04-24,MID_RANGE|FADE|H15_10,MID_RANGE,FADE,H15_10,PUT,2023-04-27,50,-1462.5,39.999999999999716,98.669856585,-1601.1698565849997
2023-04-25,MID_RANGE|CONTINUE|H10_30,MID_RANGE,CONTINUE,H10_30,CALL,2023-04-27,50,880.0,40.00000000000024,101.24907061999998,738.7509293799998
2023-04-25,MID_RANGE|CONTINUE|H15_10,MID_RANGE,CONTINUE,H15_10,CALL,2023-04-27,50,820.0000000000005,40.00000000000036,100.91322439999999,679.0867756000001
2023-04-25,MID_RANGE|FADE|H10_30,MID_RANGE,FADE,H10_30,PUT,2023-04-27,50,-787.5,40.00000000000014,99.96394694499999,-927.4639469450001
2023-04-25,MID_RANGE|FADE|H15_10,MID_RANGE,FADE,H15_10,PUT,2023-04-27,50,-1147.5,40.00000000000023,99.245569555,-1286.7455695550002
2023-04-26,MID_RANGE|CONTINUE|H10_30,MID_RANGE,CONTINUE,H10_30,CALL,2023-04-27,50,660.0,40.00000000000024,99.49709544000001,520.5029045599997
2023-04-26,MID_RANGE|CONTINUE|H15_10,MID_RANGE,CONTINUE,H15_10,CALL,2023-04-27,50,2427.5,40.0,102.066999335,2285.433000665
2023-04-26,MID_RANGE|FADE|H10_30,MID_RANGE,FADE,H10_30,PUT,2023-04-27,50,-742.4999999999998,40.00000000000024,98.75413939500001,-881.254139395
2023-04-26,MID_RANGE|FADE|H15_10,MID_RANGE,FADE,H15_10,PUT,2023-04-27,50,-1807.5,40.0,97.07569689500001,-1944.575696895
2023-04-27,MID_RANGE|CONTINUE|H10_30,MID_RANGE,CONTINUE,H10_30,CALL,2023-04-27,50,275.0,39.99999999999994,96.72626592,138.27373408000005
2023-04-27,MID_RANGE|CONTINUE|H15_10,MID_RANGE,CONTINUE,H15_10,CALL,2023-04-27,50,1989.9999999999998,40.00000000000001,99.09641969,1850.9035803099998
2023-04-27,MID_RANGE|FADE|H10_30,MID_RANGE,FADE,H10_30,PUT,2023-04-27,50,-660.0000000000001,40.000000000000234,98.00637183,-798.0063718300004
2023-04-27,MID_RANGE|FADE|H15_10,MID_RANGE,FADE,H15_10,PUT,2023-04-27,50,-2252.5,35.00000000000003,95.61672133500001,-2383.116721335
2023-04-28,MID_RANGE|CONTINUE|H10_30,MID_RANGE,CONTINUE,H10_30,CALL,2023-05-04,50,-165.0000000000004,40.0000000000002,106.60295749,-311.60295749000056
2023-04-28,MID_RANGE|CONTINUE|H15_10,MID_RANGE,CONTINUE,H15_10,CALL,2023-05-04,50,2842.5,39.99999999999977,113.362262625,2689.137737375
2023-04-28,MID_RANGE|FADE|H10_30,MID_RANGE,FADE,H10_30,PUT,2023-05-04,50,120.00000000000011,40.00000000000021,102.45138307999999,-22.4513830800001
2023-04-28,MID_RANGE|FADE|H15_10,MID_RANGE,FADE,H15_10,PUT,2023-05-04,50,-1702.5,40.000000000000455,98.83231678499999,-1841.3323167850003
2023-05-02,LOW_RANGE|CONTINUE|H10_30,LOW_RANGE,CONTINUE,H10_30,CALL,2023-05-04,50,-382.4999999999999,40.0000000000002,101.531434595,-524.0314345950001
2023-05-02,LOW_RANGE|CONTINUE|H15_10,LOW_RANGE,CONTINUE,H15_10,CALL,2023-05-04,50,-112.49999999999996,40.0000000000003,101.857586735,-254.35758673500027
2023-05-02,LOW_RANGE|FADE|H10_30,LOW_RANGE,FADE,H10_30,PUT,2023-05-04,50,299.99999999999994,40.00000000000021,100.76792080999999,159.23207918999972
2023-05-02,LOW_RANGE|FADE|H15_10,LOW_RANGE,FADE,H15_10,PUT,2023-05-04,50,-82.50000000000006,40.000000000000256,99.75279921500001,-222.25279921500032
2023-05-03,HIGH_RANGE|CONTINUE|H10_30,HIGH_RANGE,CONTINUE,H10_30,PUT,2023-05-04,50,-409.9999999999999,40.00000000000008,98.11367881999999,-548.11367882
2023-05-03,HIGH_RANGE|CONTINUE|H15_10,HIGH_RANGE,CONTINUE,H15_10,PUT,2023-05-04,50,-439.9999999999999,40.000000000000114,97.95505105000001,-577.9550510500001
2023-05-03,HIGH_RANGE|FADE|H10_30,HIGH_RANGE,FADE,H10_30,CALL,2023-05-04,50,622.5000000000002,40.00000000000025,102.320958145,480.179041855
2023-05-03,HIGH_RANGE|FADE|H15_10,HIGH_RANGE,FADE,H15_10,CALL,2023-05-04,50,370.00000000000045,40.000000000000355,101.75464316,228.2453568400001
2023-05-04,LOW_RANGE|CONTINUE|H10_30,LOW_RANGE,CONTINUE,H10_30,CALL,2023-05-04,50,420.0000000000001,40.00000000000023,98.92987145000001,281.0701285499999
2023-05-04,LOW_RANGE|CONTINUE|H15_10,LOW_RANGE,CONTINUE,H15_10,CALL,2023-05-04,50,6027.5,39.99999999999908,106.80609881500001,5880.693901185001
2023-05-04,LOW_RANGE|FADE|H10_30,LOW_RANGE,FADE,H10_30,PUT,2023-05-04,50,-607.5,39.999999999999886,96.15185181499999,-743.6518518149999
2023-05-04,LOW_RANGE|FADE|H15_10,LOW_RANGE,FADE,H15_10,PUT,2023-05-04,50,-1270.0,35.0,95.10095629,-1400.1009562899999
2023-05-05,LOW_RANGE|CONTINUE|H10_30,LOW_RANGE,CONTINUE,H10_30,PUT,2023-05-11,50,-497.5,40.00000000000014,101.066664635,-638.566664635
2023-05-05,LOW_RANGE|CONTINUE|H15_10,LOW_RANGE,CONTINUE,H15_10,PUT,2023-05-11,50,1392.5,40.000000000000114,105.61314490499998,1246.8868550949999
2023-05-05,LOW_RANGE|FADE|H10_30,LOW_RANGE,FADE,H10_30,CALL,2023-05-11,50,742.5000000000003,39.9999999999996,108.472253515,594.0277464850006
2023-05-05,LOW_RANGE|FADE|H15_10,LOW_RANGE,FADE,H15_10,CALL,2023-05-11,50,-1452.4999999999998,40.000000000000114,103.522226395,-1596.022226395
2023-05-08,MID_RANGE|CONTINUE|H10_30,MID_RANGE,CONTINUE,H10_30,CALL,2023-05-11,50,1022.4999999999998,40.000000000000114,104.401912165,878.0980878349997
2023-05-08,MID_RANGE|CONTINUE|H15_10,MID_RANGE,CONTINUE,H15_10,CALL,2023-05-11,50,1634.9999999999995,39.99999999999994,105.55182210999999,1489.4481778899994
2023-05-08,MID_RANGE|FADE|H10_30,MID_RANGE,FADE,H10_30,PUT,2023-05-11,50,-962.5000000000002,40.000000000000114,101.947285095,-1104.4472850950003
2023-05-08,MID_RANGE|FADE|H15_10,MID_RANGE,FADE,H15_10,PUT,2023-05-11,50,-1472.5000000000002,40.00000000000017,100.94236488500002,-1613.4423648850004
2023-05-09,HIGH_RANGE|CONTINUE|H10_30,HIGH_RANGE,CONTINUE,H10_30,CALL,2023-05-11,50,867.5,40.00000000000014,102.686109655,724.8138903449998
2023-05-09,HIGH_RANGE|CONTINUE|H15_10,HIGH_RANGE,CONTINUE,H15_10,CALL,2023-05-11,50,-540.0000000000001,40.00000000000031,100.08630828000001,-680.0863082800005
2023-05-09,HIGH_RANGE|FADE|H10_30,HIGH_RANGE,FADE,H10_30,PUT,2023-05-11,50,-855.0000000000002,40.00000000000014,100.47266299999998,-995.4726630000005
2023-05-09,HIGH_RANGE|FADE|H15_10,HIGH_RANGE,FADE,H15_10,PUT,2023-05-11,50,222.4999999999998,40.00000000000023,102.19667319499999,80.30332680499959
2023-05-10,LOW_RANGE|CONTINUE|H10_30,LOW_RANGE,CONTINUE,H10_30,CALL,2023-05-11,50,-522.4999999999999,40.00000000000025,98.73535230499999,-661.2353523050001
2023-05-10,LOW_RANGE|CONTINUE|H15_10,LOW_RANGE,CONTINUE,H15_10,CALL,2023-05-11,50,570.0000000000001,40.00000000000025,100.17848196,429.8215180399999
2023-05-10,LOW_RANGE|FADE|H10_30,LOW_RANGE,FADE,H10_30,PUT,2023-05-11,50,722.5000000000002,40.00000000000014,102.169608335,580.330391665
2023-05-10,LOW_RANGE|FADE|H15_10,LOW_RANGE,FADE,H15_10,PUT,2023-05-11,50,-964.9999999999998,40.000000000000426,99.11331773,-1104.1133177300003
2023-05-11,MID_RANGE|CONTINUE|H10_30,MID_RANGE,CONTINUE,H10_30,CALL,2023-05-11,50,112.49999999999991,40.00000000000028,99.303596825,-26.803596825000355
2023-05-11,MID_RANGE|CONTINUE|H15_10,MID_RANGE,CONTINUE,H15_10,CALL,2023-05-11,50,-2252.5,40.0,95.837384495,-2388.337384495
2023-05-11,MID_RANGE|FADE|H10_30,MID_RANGE,FADE,H10_30,PUT,2023-05-11,50,-347.49999999999994,39.99999999999994,96.724128135,-484.2241281349999
2023-05-11,MID_RANGE|FADE|H15_10,MID_RANGE,FADE,H15_10,PUT,2023-05-11,50,-812.5,39.999999999999886,95.899053705,-948.3990537049999
2023-05-12,MID_RANGE|CONTINUE|H10_30,MID_RANGE,CONTINUE,H10_30,PUT,2023-05-18,50,-640.0000000000005,40.000000000000114,103.25864359,-783.2586435900007
2023-05-12,MID_RANGE|CONTINUE|H15_10,MID_RANGE,CONTINUE,H15_10,PUT,2023-05-18,50,-1280.0,40.00000000000023,101.87463182,-1421.8746318200006
2023-05-12,MID_RANGE|FADE|H10_30,MID_RANGE,FADE,H10_30,CALL,2023-05-18,50,522.4999999999995,39.99999999999994,109.652958105,372.84704189499956
2023-05-12,MID_RANGE|FADE|H15_10,MID_RANGE,FADE,H15_10,CALL,2023-05-18,50,1417.4999999999995,39.99999999999977,111.93680576499999,1265.5631942349996
2023-05-15,MID_RANGE|CONTINUE|H10_30,MID_RANGE,CONTINUE,H10_30,CALL,2023-05-18,50,1045.0000000000005,40.00000000000017,104.16417432,900.8358256800002
2023-05-15,MID_RANGE|CONTINUE|H15_10,MID_RANGE,CONTINUE,H15_10,CALL,2023-05-18,50,1427.5000000000005,40.00000000000017,104.78889163500001,1282.7111083650004
2023-05-15,MID_RANGE|FADE|H10_30,MID_RANGE,FADE,H10_30,PUT,2023-05-18,50,-1037.5000000000002,40.00000000000017,103.230848375,-1180.7308483750005
2023-05-15,MID_RANGE|FADE|H15_10,MID_RANGE,FADE,H15_10,PUT,2023-05-18,50,-1470.0000000000005,40.0,102.29837318999999,-1612.2983731900003
2023-05-16,MID_RANGE|CONTINUE|H10_30,MID_RANGE,CONTINUE,H10_30,CALL,2023-05-18,50,97.49999999999997,40.0000000000003,101.085674775,-43.58567477500034
2023-05-16,MID_RANGE|CONTINUE|H15_10,MID_RANGE,CONTINUE,H15_10,CALL,2023-05-18,50,-1657.4999999999998,40.00000000000048,98.23600167500001,-1795.7360016750004
2023-05-16,MID_RANGE|FADE|H10_30,MID_RANGE,FADE,H10_30,PUT,2023-05-18,50,-250.00000000000054,40.0000000000002,102.83894881999998,-392.8389488200007
2023-05-16,MID_RANGE|FADE|H15_10,MID_RANGE,FADE,H15_10,PUT,2023-05-18,50,1774.9999999999995,40.00000000000017,106.51207474999998,1628.4879252499993
2023-05-17,LOW_RANGE|CONTINUE|H10_30,LOW_RANGE,CONTINUE,H10_30,CALL,2023-05-18,50,-692.5000000000002,40.0000000000002,100.66534341500001,-833.1653434150004
2023-05-17,LOW_RANGE|CONTINUE|H15_10,LOW_RANGE,CONTINUE,H15_10,CALL,2023-05-18,50,-2272.5,40.00000000000006,98.095747455,-2410.595747455
2023-05-17,LOW_RANGE|FADE|H10_30,LOW_RANGE,FADE,H10_30,PUT,2023-05-18,50,389.99999999999994,40.0000000000003,99.64965331,250.35034668999958
2023-05-17,LOW_RANGE|FADE|H15_10,LOW_RANGE,FADE,H15_10,PUT,2023-05-18,50,1747.5,40.000000000000476,101.602416905,1605.8975830949996
2023-05-18,LOW_RANGE|CONTINUE|H10_30,LOW_RANGE,CONTINUE,H10_30,CALL,2023-05-18,50,-695.0000000000001,39.999999999999886,95.71203853,-830.71203853
2023-05-18,LOW_RANGE|CONTINUE|H15_10,LOW_RANGE,CONTINUE,H15_10,CALL,2023-05-18,50,-1115.0,35.0,95.01346283999999,-1245.01346284
2023-05-18,LOW_RANGE|FADE|H10_30,LOW_RANGE,FADE,H10_30,PUT,2023-05-18,50,1509.9999999999995,40.000000000000234,100.48100885,1369.5189911499992
2023-05-18,LOW_RANGE|FADE|H15_10,LOW_RANGE,FADE,H15_10,PUT,2023-05-18,50,6767.5,40.0000000000009,107.727366885,6619.772633114999
2023-05-19,HIGH_RANGE|CONTINUE|H10_30,HIGH_RANGE,CONTINUE,H10_30,CALL,2023-05-25,50,-935.0,40.00000000000017,104.41226852,-1079.41226852
2023-05-19,HIGH_RANGE|CONTINUE|H15_10,HIGH_RANGE,CONTINUE,H15_10,CALL,2023-05-25,50,1119.9999999999993,39.99999999999966,108.6344265,971.3655734999995
2023-05-19,HIGH_RANGE|FADE|H10_30,HIGH_RANGE,FADE,H10_30,PUT,2023-05-25,50,847.4999999999998,40.00000000000034,107.31943198500001,700.1805680149994
2023-05-19,HIGH_RANGE|FADE|H15_10,HIGH_RANGE,FADE,H15_10,PUT,2023-05-25,50,-1219.9999999999998,40.00000000000023,102.07104794,-1362.07104794
2023-05-22,HIGH_RANGE|CONTINUE|H10_30,HIGH_RANGE,CONTINUE,H10_30,PUT,2023-05-25,50,-322.49999999999994,40.00000000000023,101.909109845,-464.40910984500016
2023-05-22,HIGH_RANGE|CONTINUE|H15_10,HIGH_RANGE,CONTINUE,H15_10,PUT,2023-05-25,50,-1115.0,40.00000000000017,100.2071329,-1255.2071329000003
2023-05-22,HIGH_RANGE|FADE|H10_30,HIGH_RANGE,FADE,H10_30,CALL,2023-05-25,50,247.49999999999983,40.00000000000027,104.820788735,102.67921126499955
2023-05-22,HIGH_RANGE|FADE|H15_10,HIGH_RANGE,FADE,H15_10,CALL,2023-05-25,50,1287.4999999999998,40.000000000000114,106.752023425,1140.7479765749995
2023-05-23,LOW_RANGE|CONTINUE|H10_30,LOW_RANGE,CONTINUE,H10_30,CALL,2023-05-25,50,-90.00000000000043,40.000000000000306,100.95058441,-230.95058441000074
2023-05-23,LOW_RANGE|CONTINUE|H15_10,LOW_RANGE,CONTINUE,H15_10,CALL,2023-05-25,50,-1062.5000000000002,40.00000000000023,99.305385235,-1201.8053852350004
2023-05-23,LOW_RANGE|FADE|H10_30,LOW_RANGE,FADE,H10_30,PUT,2023-05-25,50,-107.50000000000021,40.00000000000021,101.376654055,-248.87665405500042
2023-05-23,LOW_RANGE|FADE|H15_10,LOW_RANGE,FADE,H15_10,PUT,2023-05-25,50,512.5,40.000000000000156,102.19324542500001,370.3067545749999
2023-05-24,HIGH_RANGE|CONTINUE|H10_30,HIGH_RANGE,CONTINUE,H10_30,PUT,2023-05-25,50,-482.4999999999999,40.00000000000013,98.090135495,-620.590135495
2023-05-24,HIGH_RANGE|CONTINUE|H15_10,HIGH_RANGE,CONTINUE,H15_10,PUT,2023-05-25,50,407.49999999999994,40.0000000000003,99.20964065500002,268.2903593449996
2023-05-24,HIGH_RANGE|FADE|H10_30,HIGH_RANGE,FADE,H10_30,CALL,2023-05-25,50,984.9999999999998,40.0000000000002,102.78260234999999,842.2173976499996
2023-05-24,HIGH_RANGE|FADE|H15_10,HIGH_RANGE,FADE,H15_10,CALL,2023-05-25,50,-1430.0000000000002,40.000000000000256,98.81343001,-1568.8134300100005
2023-05-25,LOW_RANGE|CONTINUE|H10_30,LOW_RANGE,CONTINUE,H10_30,PUT,2023-05-25,50,-87.50000000000004,40.000000000000114,97.47301591500002,-224.97301591500016
2023-05-25,LOW_RANGE|CONTINUE|H15_10,LOW_RANGE,CONTINUE,H15_10,PUT,2023-05-25,50,-1572.4999999999998,40.000000000000455,95.25159350500002,-1707.7515935050003
2023-05-25,LOW_RANGE|FADE|H10_30,LOW_RANGE,FADE,H10_30,CALL,2023-05-25,50,-400.00000000000006,40.00000000000011,97.63981881,-537.6398188100002
2023-05-25,LOW_RANGE|FADE|H15_10,LOW_RANGE,FADE,H15_10,CALL,2023-05-25,50,1574.9999999999998,40.00000000000023,100.31268404,1434.6873159599995
2023-05-26,HIGH_RANGE|CONTINUE|H10_30,HIGH_RANGE,CONTINUE,H10_30,CALL,2023-06-01,50,329.9999999999999,40.0000000000002,107.99565464999999,182.00434534999965
2023-05-26,HIGH_RANGE|CONTINUE|H15_10,HIGH_RANGE,CONTINUE,H15_10,CALL,2023-06-01,50,2495.0,40.00000000000023,114.53922559,2340.46077441
2023-05-26,HIGH_RANGE|FADE|H10_30,HIGH_RANGE,FADE,H10_30,PUT,2023-06-01,50,-330.00000000000045,40.000000000000256,103.56236669999998,-473.56236670000067
2023-05-26,HIGH_RANGE|FADE|H15_10,HIGH_RANGE,FADE,H15_10,PUT,2023-06-01,50,-1525.0000000000005,40.0,100.96105524999999,-1665.9610552500005
2023-05-29,MID_RANGE|CONTINUE|H10_30,MID_RANGE,CONTINUE,H10_30,CALL,2023-06-01,50,-202.4999999999997,40.000000000000206,101.74886935500001,-344.2488693549999
2023-05-29,MID_RANGE|CONTINUE|H15_10,MID_RANGE,CONTINUE,H15_10,CALL,2023-06-01,50,-620.0,40.00000000000017,100.78184014,-760.7818401400002
2023-05-29,MID_RANGE|FADE|H10_30,MID_RANGE,FADE,H10_30,PUT,2023-06-01,50,230.00000000000026,40.00000000000022,105.42346984,84.57653016000003
2023-05-29,MID_RANGE|FADE|H15_10,MID_RANGE,FADE,H15_10,PUT,2023-06-01,50,362.5,40.00000000000021,105.583009575,216.91699042499977
2023-05-30,HIGH_RANGE|CONTINUE|H10_30,HIGH_RANGE,CONTINUE,H10_30,CALL,2023-06-01,50,-242.50000000000003,40.000000000000256,100.939365455,-383.43936545500026
2023-05-30,HIGH_RANGE|CONTINUE|H15_10,HIGH_RANGE,CONTINUE,H15_10,CALL,2023-06-01,50,-352.50000000000017,40.0000000000002,100.58391690500001,-493.08391690500036
2023-05-30,HIGH_RANGE|FADE|H10_30,HIGH_RANGE,FADE,H10_30,PUT,2023-06-01,50,-22.499999999999787,40.00000000000021,102.774998695,-165.274998695
2023-05-30,HIGH_RANGE|FADE|H15_10,HIGH_RANGE,FADE,H15_10,PUT,2023-06-01,50,-365.00000000000006,40.000000000000114,101.72350506000001,-506.7235050600002
2023-05-31,MID_RANGE|CONTINUE|H10_30,MID_RANGE,CONTINUE,H10_30,PUT,2023-06-01,50,5.000000000000114,40.0000000000003,99.43504229,-134.43504229000018
2023-05-31,MID_RANGE|CONTINUE|H15_10,MID_RANGE,CONTINUE,H15_10,PUT,2023-06-01,50,19.99999999999993,40.0000000000003,99.35401155999999,-119.35401156000036
2023-05-31,MID_RANGE|FADE|H10_30,MID_RANGE,FADE,H10_30,CALL,2023-06-01,50,-194.99999999999994,40.0000000000003,100.35123435000001,-335.35123435000025
2023-05-31,MID_RANGE|FADE|H15_10,MID_RANGE,FADE,H15_10,CALL,2023-06-01,50,-677.4999999999999,40.000000000000256,99.482814895,-816.9828148950002
2023-06-01,MID_RANGE|CONTINUE|H10_30,MID_RANGE,CONTINUE,H10_30,CALL,2023-06-01,50,1105.0000000000002,40.00000000000046,100.70752182000001,964.2924781799998
2023-06-01,MID_RANGE|CONTINUE|H15_10,MID_RANGE,CONTINUE,H15_10,CALL,2023-06-01,50,-2157.5,40.0,95.920640855,-2293.420640855
2023-06-01,MID_RANGE|FADE|H10_30,MID_RANGE,FADE,H10_30,PUT,2023-06-01,50,-642.5,39.999999999999886,95.916436325,-778.416436325
2023-06-01,MID_RANGE|FADE|H15_10,MID_RANGE,FADE,H15_10,PUT,2023-06-01,50,-822.4999999999999,40.0,95.54562845499999,-958.0456284549998
2023-06-02,MID_RANGE|CONTINUE|H10_30,MID_RANGE,CONTINUE,H10_30,CALL,2023-06-08,50,-1087.4999999999995,40.000000000000114,105.446775315,-1232.9467753149997
2023-06-02,MID_RANGE|CONTINUE|H15_10,MID_RANGE,CONTINUE,H15_10,CALL,2023-06-08,50,-72.4999999999996,40.00000000000023,107.15673985500001,-219.65673985499984
2023-06-02,MID_RANGE|FADE|H10_30,MID_RANGE,FADE,H10_30,PUT,2023-06-08,50,1124.9999999999998,40.00000000000034,106.01556562,978.9844343799996
2023-06-02,MID_RANGE|FADE|H15_10,MID_RANGE,FADE,H15_10,PUT,2023-06-08,50,-242.50000000000006,40.000000000000256,102.231417715,-384.73141771500036
2023-06-05,LOW_RANGE|CONTINUE|H10_30,LOW_RANGE,CONTINUE,H10_30,CALL,2023-06-08,50,132.4999999999994,40.00000000000021,104.811490435,-12.31149043500082
2023-06-05,LOW_RANGE|CONTINUE|H15_10,LOW_RANGE,CONTINUE,H15_10,CALL,2023-06-08,50,-365.00000000000057,40.000000000000284,103.52215335,-508.52215335000085
2023-06-05,LOW_RANGE|FADE|H10_30,LOW_RANGE,FADE,H10_30,PUT,2023-06-08,50,-145.0000000000001,40.0000000000002,100.98897679,-285.9889767900003
2023-06-05,LOW_RANGE|FADE|H15_10,LOW_RANGE,FADE,H15_10,PUT,2023-06-08,50,-27.50000000000003,40.0000000000002,101.131946185,-168.63194618500023
2023-06-06,LOW_RANGE|CONTINUE|H10_30,LOW_RANGE,CONTINUE,H10_30,CALL,2023-06-08,50,-762.5000000000001,40.0000000000002,100.32464719500001,-902.8246471950004
2023-06-06,LOW_RANGE|CONTINUE|H15_10,LOW_RANGE,CONTINUE,H15_10,CALL,2023-06-08,50,-477.5000000000003,40.0000000000002,100.551177925,-618.0511779250005
2023-06-06,LOW_RANGE|FADE|H10_30,LOW_RANGE,FADE,H10_30,PUT,2023-06-08,50,612.5,40.000000000000284,101.837398135,470.66260186499966
2023-06-06,LOW_RANGE|FADE|H15_10,LOW_RANGE,FADE,H15_10,PUT,2023-06-08,50,-154.99999999999991,40.000000000000256,100.02205909999999,-295.02205910000015
2023-06-07,MID_RANGE|CONTINUE|H10_30,MID_RANGE,CONTINUE,H10_30,CALL,2023-06-08,50,115.00000000000009,40.00000000000029,99.52092598,-24.520925980000214
2023-06-07,MID_RANGE|CONTINUE|H15_10,MID_RANGE,CONTINUE,H15_10,CALL,2023-06-08,50,1985.0000000000005,40.00000000000044,102.37524970999999,1842.62475029
2023-06-07,MID_RANGE|FADE|H10_30,MID_RANGE,FADE,H10_30,PUT,2023-06-08,50,-107.49999999999993,40.0000000000003,98.485803315,-245.98580331500023
2023-06-07,MID_RANGE|FADE|H15_10,MID_RANGE,FADE,H15_10,PUT,2023-06-08,50,-1125.0000000000002,40.000000000000014,96.95820924,-1261.9582092400003
2023-06-08,LOW_RANGE|CONTINUE|H10_30,LOW_RANGE,CONTINUE,H10_30,CALL,2023-06-08,50,287.5,40.00000000000012,97.812911695,149.6870883049999
2023-06-08,LOW_RANGE|CONTINUE|H15_10,LOW_RANGE,CONTINUE,H15_10,CALL,2023-06-08,50,-1535.0,37.5,95.16409709500002,-1667.664097095
2023-06-08,LOW_RANGE|FADE|H10_30,LOW_RANGE,FADE,H10_30,PUT,2023-06-08,50,-747.4999999999999,40.00000000000012,96.864760375,-884.3647603750001
2023-06-08,LOW_RANGE|FADE|H15_10,LOW_RANGE,FADE,H15_10,PUT,2023-06-08,50,4037.4999999999995,40.00000000000003,103.48922779499999,3894.0107722049997
2023-06-09,HIGH_RANGE|CONTINUE|H10_30,HIGH_RANGE,CONTINUE,H10_30,CALL,2023-06-15,50,-559.9999999999995,40.000000000000284,104.17120555,-704.1712055499999
2023-06-09,HIGH_RANGE|CONTINUE|H15_10,HIGH_RANGE,CONTINUE,H15_10,CALL,2023-06-15,50,-1372.4999999999998,40.000000000000114,102.436290255,-1514.936290255
2023-06-09,HIGH_RANGE|FADE|H10_30,HIGH_RANGE,FADE,H10_30,PUT,2023-06-15,50,560.0000000000007,40.000000000000284,104.86313099,415.13686901000045
2023-06-09,HIGH_RANGE|FADE|H15_10,HIGH_RANGE,FADE,H15_10,PUT,2023-06-15,50,1287.5000000000002,40.000000000000625,106.296551765,1141.2034482349995
2023-06-12,HIGH_RANGE|CONTINUE|H10_30,HIGH_RANGE,CONTINUE,H10_30,CALL,2023-06-15,50,375.00000000000034,40.00000000000021,104.43412608,230.56587392000012
2023-06-12,HIGH_RANGE|CONTINUE|H15_10,HIGH_RANGE,CONTINUE,H15_10,CALL,2023-06-15,50,230.00000000000017,40.00000000000023,103.82931903,86.17068096999995
2023-06-12,HIGH_RANGE|FADE|H10_30,HIGH_RANGE,FADE,H10_30,PUT,2023-06-15,50,-337.5000000000003,40.00000000000021,101.87859649500001,-479.3785964950005
2023-06-12,HIGH_RANGE|FADE|H15_10,HIGH_RANGE,FADE,H15_10,PUT,2023-06-15,50,-457.50000000000034,40.000000000000256,101.434639885,-598.9346398850006
2023-06-13,MID_RANGE|CONTINUE|H10_30,MID_RANGE,CONTINUE,H10_30,CALL,2023-06-15,50,327.4999999999999,40.000000000000355,100.857944865,186.64205513499957
2023-06-13,MID_RANGE|CONTINUE|H15_10,MID_RANGE,CONTINUE,H15_10,CALL,2023-06-15,50,542.5000000000002,40.00000000000024,101.09700229500001,401.40299770499996
2023-06-13,MID_RANGE|FADE|H10_30,MID_RANGE,FADE,H10_30,PUT,2023-06-15,50,-320.0,40.00000000000021,100.65777528000001,-460.65777528000024
2023-06-13,MID_RANGE|FADE|H15_10,MID_RANGE,FADE,H15_10,PUT,2023-06-15,50,-679.9999999999999,40.00000000000031,99.85109216000001,-819.8510921600002
2023-06-14,MID_RANGE|CONTINUE|H10_30,MID_RANGE,CONTINUE,H10_30,CALL,2023-06-15,50,-407.5,40.0000000000003,100.45034549500001,-547.9503454950003
2023-06-14,MID_RANGE|CONTINUE|H15_10,MID_RANGE,CONTINUE,H15_10,CALL,2023-06-15,50,784.9999999999998,40.000000000000355,102.13717729,642.8628227099995
2023-06-14,MID_RANGE|FADE|H10_30,MID_RANGE,FADE,H10_30,PUT,2023-06-15,50,330.00000000000006,40.0000000000003,98.55158921,191.44841078999977
2023-06-14,MID_RANGE|FADE|H15_10,MID_RANGE,FADE,H15_10,PUT,2023-06-15,50,-622.4999999999999,40.00000000000013,97.092701495,-759.592701495
2023-06-15,LOW_RANGE|CONTINUE|H10_30,LOW_RANGE,CONTINUE,H10_30,CALL,2023-06-15,50,1537.5,40.00000000000023,99.083778505,1398.4162214949997
2023-06-15,LOW_RANGE|CONTINUE|H15_10,LOW_RANGE,CONTINUE,H15_10,CALL,2023-06-15,50,-1252.5,40.0,95.06286592500001,-1387.562865925
2023-06-15,LOW_RANGE|FADE|H10_30,LOW_RANGE,FADE,H10_30,PUT,2023-06-15,50,-1085.0,40.000000000000234,96.34087844999999,-1221.3408784500002
2023-06-15,LOW_RANGE|FADE|H15_10,LOW_RANGE,FADE,H15_10,PUT,2023-06-15,50,1370.0,40.00000000000024,99.63230029,1230.3676997099997
2023-06-16,HIGH_RANGE|CONTINUE|H10_30,HIGH_RANGE,CONTINUE,H10_30,CALL,2023-06-22,50,470.0000000000001,40.00000000000017,107.06430560000001,322.93569439999993
2023-06-16,HIGH_RANGE|CONTINUE|H15_10,HIGH_RANGE,CONTINUE,H15_10,CALL,2023-06-22,50,1414.9999999999993,39.99999999999966,109.48394734,1265.5160526599996
2023-06-16,HIGH_RANGE|FADE|H10_30,HIGH_RANGE,FADE,H10_30,PUT,2023-06-22,50,-339.9999999999999,39.99999999999983,101.25227238000001,-481.25227237999974
2023-06-16,HIGH_RANGE|FADE|H15_10,HIGH_RANGE,FADE,H15_10,PUT,2023-06-22,50,-864.9999999999998,39.99999999999994,100.19360047,-1005.1936004699998
2023-06-19,LOW_RANGE|CONTINUE|H10_30,LOW_RANGE,CONTINUE,H10_30,CALL,2023-06-22,50,-567.4999999999999,40.000000000000256,101.525367655,-709.0253676550001
2023-06-19,LOW_RANGE|CONTINUE|H15_10,LOW_RANGE,CONTINUE,H15_10,CALL,2023-06-22,50,-1394.9999999999998,40.0000000000004,100.06668522999999,-1535.0666852300003
2023-06-19,LOW_RANGE|FADE|H10_30,LOW_RANGE,FADE,H10_30,PUT,2023-06-22,50,507.5000000000002,40.00000000000017,103.32949957499999,364.17050042500006
2023-06-19,LOW_RANGE|FADE|H15_10,LOW_RANGE,FADE,H15_10,PUT,2023-06-22,50,1057.4999999999998,40.000000000000156,104.02848288499999,913.4715171149996
2023-06-20,HIGH_RANGE|CONTINUE|H10_30,HIGH_RANGE,CONTINUE,H10_30,PUT,2023-06-22,50,512.4999999999998,40.00000000000027,102.090996685,370.40900331499955
2023-06-20,HIGH_RANGE|CONTINUE|H15_10,HIGH_RANGE,CONTINUE,H15_10,PUT,2023-06-22,50,-1945.0,40.000000000000455,97.81073246999999,-2082.8107324700004
2023-06-20,HIGH_RANGE|FADE|H10_30,HIGH_RANGE,FADE,H10_30,CALL,2023-06-22,50,-577.4999999999999,40.00000000000027,100.335361805,-717.8353618050003
2023-06-20,HIGH_RANGE|FADE|H15_10,HIGH_RANGE,FADE,H15_10,CALL,2023-06-22,50,3199.9999999999995,39.999999999999545,107.00334993999999,3052.99665006
2023-06-21,LOW_RANGE|CONTINUE|H10_30,LOW_RANGE,CONTINUE,H10_30,CALL,2023-06-22,50,-522.5,40.00000000000025,99.307015715,-661.8070157150003
2023-06-21,LOW_RANGE|CONTINUE|H15_10,LOW_RANGE,CONTINUE,H15_10,CALL,2023-06-22,50,-347.50000000000006,40.0000000000003,99.429072075,-486.92907207500036
2023-06-21,LOW_RANGE|FADE|H10_30,LOW_RANGE,FADE,H10_30,PUT,2023-06-22,50,369.9999999999999,40.000000000000355,99.9048705,230.09512949999953
2023-06-21,LOW_RANGE|FADE|H15_10,LOW_RANGE,FADE,H15_10,PUT,2023-06-22,50,-450.0000000000001,40.000000000000256,98.34990067000001,-588.3499006700004
2023-06-22,MID_RANGE|CONTINUE|H10_30,MID_RANGE,CONTINUE,H10_30,PUT,2023-06-22,50,-189.99999999999986,39.99999999999992,96.90508821,-326.9050882099998
2023-06-22,MID_RANGE|CONTINUE|H15_10,MID_RANGE,CONTINUE,H15_10,PUT,2023-06-22,50,2622.5,39.999999999999986,100.69291061499999,2481.807089385
2023-06-22,MID_RANGE|FADE|H10_30,MID_RANGE,FADE,H10_30,CALL,2023-06-22,50,-39.99999999999999,40.00000000000028,98.59987504,-178.59987504000026
2023-06-22,MID_RANGE|FADE|H15_10,MID_RANGE,FADE,H15_10,CALL,2023-06-22,50,-2160.0,37.49999999999999,95.483759875,-2292.983759875
2023-06-23,LOW_RANGE|CONTINUE|H10_30,LOW_RANGE,CONTINUE,H10_30,PUT,2023-06-28,50,-429.9999999999997,40.000000000000256,100.89722849000002,-570.89722849
2023-06-23,LOW_RANGE|CONTINUE|H15_10,LOW_RANGE,CONTINUE,H15_10,PUT,2023-06-28,50,-194.99999999999977,40.00000000000017,101.06232786000001,-336.06232786
2023-06-23,LOW_RANGE|FADE|H10_30,LOW_RANGE,FADE,H10_30,CALL,2023-06-28,50,655.0,39.99999999999983,110.52359135,504.4764086500002
2023-06-23,LOW_RANGE|FADE|H15_10,LOW_RANGE,FADE,H15_10,CALL,2023-06-28,50,-72.49999999999926,40.0000000000004,108.272180655,-220.77218065499966
2023-06-26,HIGH_RANGE|CONTINUE|H10_30,HIGH_RANGE,CONTINUE,H10_30,CALL,2023-06-28,50,-535.0000000000005,40.00000000000017,102.63565644,-677.6356564400006
2023-06-26,HIGH_RANGE|CONTINUE|H15_10,HIGH_RANGE,CONTINUE,H15_10,CALL,2023-06-28,50,-227.50000000000023,40.000000000000284,102.79641311500001,-370.2964131150005
2023-06-26,HIGH_RANGE|FADE|H10_30,HIGH_RANGE,FADE,H10_30,PUT,2023-06-28,50,455.0000000000002,40.00000000000017,102.73004983000001,312.26995017
2023-06-26,HIGH_RANGE|FADE|H15_10,HIGH_RANGE,FADE,H15_10,PUT,2023-06-28,50,-277.4999999999999,40.00000000000017,101.01069618500001,-418.5106961850001
2023-06-27,MID_RANGE|CONTINUE|H10_30,MID_RANGE,CONTINUE,H10_30,CALL,2023-06-28,50,67.5,40.000000000000306,99.59316571500001,-72.09316571500031
2023-06-27,MID_RANGE|CONTINUE|H15_10,MID_RANGE,CONTINUE,H15_10,CALL,2023-06-28,50,1490.0000000000002,40.00000000000047,101.55886363,1348.4411363699999
2023-06-27,MID_RANGE|FADE|H10_30,MID_RANGE,FADE,H10_30,PUT,2023-06-28,50,-189.99999999999977,40.00000000000021,100.60463353,-330.60463353
2023-06-27,MID_RANGE|FADE|H15_10,MID_RANGE,FADE,H15_10,PUT,2023-06-28,50,-1817.5,39.999999999999545,97.786588075,-1955.2865880749996
2023-06-28,HIGH_RANGE|CONTINUE|H10_30,HIGH_RANGE,CONTINUE,H10_30,CALL,2023-06-28,50,980.0000000000001,40.00000000000023,99.94045098,840.0595490199998
2023-06-28,HIGH_RANGE|CONTINUE|H15_10,HIGH_RANGE,CONTINUE,H15_10,CALL,2023-06-28,50,3550.0,40.000000000000455,103.42707792,3406.5729220799994
2023-06-28,HIGH_RANGE|FADE|H10_30,HIGH_RANGE,FADE,H10_30,PUT,2023-06-28,50,-495.0000000000001,39.99999999999995,96.32957756999998,-631.3295775700001
2023-06-28,HIGH_RANGE|FADE|H15_10,HIGH_RANGE,FADE,H15_10,PUT,2023-06-28,50,-1240.0000000000002,37.49999999999977,95.107322285,-1372.607322285
2023-06-30,HIGH_RANGE|CONTINUE|H10_30,HIGH_RANGE,CONTINUE,H10_30,CALL,2023-07-06,50,-17.50000000000007,40.00000000000021,104.50635693500001,-162.0063569350003
2023-06-30,HIGH_RANGE|CONTINUE|H15_10,HIGH_RANGE,CONTINUE,H15_10,CALL,2023-07-06,50,1507.500000000001,39.999999999999545,107.72783771500002,1359.7721622850013
2023-06-30,HIGH_RANGE|FADE|H10_30,HIGH_RANGE,FADE,H10_30,PUT,2023-07-06,50,-42.499999999999716,40.00000000000021,105.228563795,-187.72856379499993
2023-06-30,HIGH_RANGE|FADE|H15_10,HIGH_RANGE,FADE,H15_10,PUT,2023-07-06,50,-1287.5,40.000000000000114,102.58441166499999,-1430.084411665
2023-07-03,LOW_RANGE|CONTINUE|H10_30,LOW_RANGE,CONTINUE,H10_30,CALL,2023-07-06,50,1022.4999999999998,40.000000000000114,104.722601395,877.7773986049997
2023-07-03,LOW_RANGE|CONTINUE|H15_10,LOW_RANGE,CONTINUE,H15_10,CALL,2023-07-06,50,444.9999999999997,40.00000000000027,102.86927759999999,302.13072239999946
2023-07-03,LOW_RANGE|FADE|H10_30,LOW_RANGE,FADE,H10_30,PUT,2023-07-06,50,-697.4999999999995,40.00000000000027,103.55376915500001,-841.0537691549999
2023-07-03,LOW_RANGE|FADE|H15_10,LOW_RANGE,FADE,H15_10,PUT,2023-07-06,50,-677.4999999999995,40.000000000000284,103.284608955,-820.7846089549997
2023-07-04,MID_RANGE|CONTINUE|H10_30,MID_RANGE,CONTINUE,H10_30,CALL,2023-07-06,50,-1045.0,40.0000000000002,99.05592705,-1184.0559270500003
2023-07-04,MID_RANGE|CONTINUE|H15_10,MID_RANGE,CONTINUE,H15_10,CALL,2023-07-06,50,-65.00000000000003,40.000000000000256,100.43287502999999,-205.43287503000028
2023-07-04,MID_RANGE|FADE|H10_30,MID_RANGE,FADE,H10_30,PUT,2023-07-06,50,1327.5,40.0000000000004,106.32524710499999,1181.1747528949998
2023-07-04,MID_RANGE|FADE|H15_10,MID_RANGE,FADE,H15_10,PUT,2023-07-06,50,-425.00000000000017,40.00000000000023,102.44267993,-567.4426799300004
2023-07-05,LOW_RANGE|CONTINUE|H10_30,LOW_RANGE,CONTINUE,H10_30,PUT,2023-07-06,50,877.4999999999998,40.000000000000284,102.505052855,734.9949471449995
2023-07-05,LOW_RANGE|CONTINUE|H15_10,LOW_RANGE,CONTINUE,H15_10,PUT,2023-07-06,50,72.49999999999986,40.00000000000023,100.580896755,-68.08089675500037
2023-07-05,LOW_RANGE|FADE|H10_30,LOW_RANGE,FADE,H10_30,CALL,2023-07-06,50,-900.0000000000001,40.00000000000033,99.97677566,-1039.9767756600004
2023-07-05,LOW_RANGE|FADE|H15_10,LOW_RANGE,FADE,H15_10,CALL,2023-07-06,50,-862.5,40.00000000000017,99.746312815,-1002.2463128150002
2023-07-06,MID_RANGE|CONTINUE|H10_30,MID_RANGE,CONTINUE,H10_30,PUT,2023-07-06,50,-895.0000000000001,40.00000000000013,97.27425672,-1032.2742567200003
2023-07-06,MID_RANGE|CONTINUE|H15_10,MID_RANGE,CONTINUE,H15_10,PUT,2023-07-06,50,-1880.0,40.0,95.62067120999998,-2015.62067121
2023-07-06,MID_RANGE|FADE|H10_30,MID_RANGE,FADE,H10_30,CALL,2023-07-06,50,1199.9999999999995,40.00000000000024,101.10681973999999,1058.8931802599993
2023-07-06,MID_RANGE|FADE|H15_10,MID_RANGE,FADE,H15_10,CALL,2023-07-06,50,2442.4999999999995,40.00000000000047,102.483269295,2300.016730704999
2023-07-07,LOW_RANGE|CONTINUE|H10_30,LOW_RANGE,CONTINUE,H10_30,PUT,2023-07-13,50,244.9999999999999,40.00000000000051,108.98621239,96.01378760999937
2023-07-07,LOW_RANGE|CONTINUE|H15_10,LOW_RANGE,CONTINUE,H15_10,PUT,2023-07-13,50,2340.0,39.99999999999977,114.33856349999999,2185.6614365
2023-07-07,LOW_RANGE|FADE|H10_30,LOW_RANGE,FADE,H10_30,CALL,2023-07-13,50,-287.4999999999996,40.00000000000027,104.50554169499999,-432.00554169499986
2023-07-07,LOW_RANGE|FADE|H15_10,LOW_RANGE,FADE,H15_10,CALL,2023-07-13,50,-2015.0,39.999999999999886,100.85354001,-2155.85354001
2023-07-10,HIGH_RANGE|CONTINUE|H10_30,HIGH_RANGE,CONTINUE,H10_30,CALL,2023-07-13,50,432.49999999999943,40.000000000000284,104.761788295,287.7382117049991
2023-07-10,HIGH_RANGE|CONTINUE|H15_10,HIGH_RANGE,CONTINUE,H15_10,CALL,2023-07-13,50,-807.5000000000003,40.000000000000114,101.678532515,-949.1785325150005
2023-07-10,HIGH_RANGE|FADE|H10_30,HIGH_RANGE,FADE,H10_30,PUT,2023-07-13,50,-472.5000000000002,40.000000000000284,103.207422495,-615.7074224950006
2023-07-10,HIGH_RANGE|FADE|H15_10,HIGH_RANGE,FADE,H15_10,PUT,2023-07-13,50,444.99999999999955,40.000000000000156,104.77946997,300.2205300299994
2023-07-11,HIGH_RANGE|CONTINUE|H10_30,HIGH_RANGE,CONTINUE,H10_30,CALL,2023-07-13,50,260.0000000000001,40.00000000000021,102.21253686,117.78746313999994
2023-07-11,HIGH_RANGE|CONTINUE|H15_10,HIGH_RANGE,CONTINUE,H15_10,CALL,2023-07-13,50,-802.4999999999998,40.00000000000023,100.254122825,-942.754122825
2023-07-11,HIGH_RANGE|FADE|H10_30,HIGH_RANGE,FADE,H10_30,PUT,2023-07-13,50,-320.0000000000001,40.000000000000256,100.44398246,-460.44398246000037
2023-07-11,HIGH_RANGE|FADE|H15_10,HIGH_RANGE,FADE,H15_10,PUT,2023-07-13,50,102.50000000000003,40.0000000000002,100.90219297500002,-38.40219297500019
2023-07-12,MID_RANGE|CONTINUE|H10_30,MID_RANGE,CONTINUE,H10_30,CALL,2023-07-13,50,-555.0,40.00000000000024,100.20916804000001,-695.2091680400002
2023-07-12,MID_RANGE|CONTINUE|H15_10,MID_RANGE,CONTINUE,H15_10,CALL,2023-07-13,50,-1617.5,40.000000000000256,98.427365465,-1755.9273654650003
2023-07-12,MID_RANGE|FADE|H10_30,MID_RANGE,FADE,H10_30,PUT,2023-07-13,50,360.0000000000001,40.000000000000306,99.82565778000001,220.17434221999974
2023-07-12,MID_RANGE|FADE|H15_10,MID_RANGE,FADE,H15_10,PUT,2023-07-13,50,1310.0,40.00000000000024,101.27636149,1168.7236385099998
2023-07-13,MID_RANGE|CONTINUE|H10_30,MID_RANGE,CONTINUE,H10_30,CALL,2023-07-13,50,1740.0,40.00000000000024,100.16962088,1599.8303791199999
2023-07-13,MID_RANGE|CONTINUE|H15_10,MID_RANGE,CONTINUE,H15_10,CALL,2023-07-13,50,-1592.5,37.50000000000022,95.23148683,-1725.2314868300002
2023-07-13,MID_RANGE|FADE|H10_30,MID_RANGE,FADE,H10_30,PUT,2023-07-13,50,-1150.0,40.000000000000014,96.69046239,-1286.69046239
2023-07-13,MID_RANGE|FADE|H15_10,MID_RANGE,FADE,H15_10,PUT,2023-07-13,50,3017.4999999999995,40.000000000000014,102.376387685,2875.1236123149997
2023-07-14,LOW_RANGE|CONTINUE|H10_30,LOW_RANGE,CONTINUE,H10_30,CALL,2023-07-20,50,-314.9999999999993,40.000000000000284,104.04370404,-459.0437040399996
2023-07-14,LOW_RANGE|CONTINUE|H15_10,LOW_RANGE,CONTINUE,H15_10,CALL,2023-07-20,50,1015.0000000000002,40.00000000000037,106.53387903,868.4661209699999
2023-07-14,LOW_RANGE|FADE|H10_30,LOW_RANGE,FADE,H10_30,PUT,2023-07-20,50,299.99999999999943,40.0000000000002,105.52713489000001,154.47286510999925
2023-07-14,LOW_RANGE|FADE|H15_10,LOW_RANGE,FADE,H15_10,PUT,2023-07-20,50,-932.5000000000002,40.00000000000017,102.85883540500001,-1075.3588354050005
2023-07-17,LOW_RANGE|CONTINUE|H10_30,LOW_RANGE,CONTINUE,H10_30,CALL,2023-07-20,50,602.4999999999999,40.000000000000284,103.79851254500001,458.70148745499955
2023-07-17,LOW_RANGE|CONTINUE|H15_10,LOW_RANGE,CONTINUE,H15_10,CALL,2023-07-20,50,2525.0,39.99999999999977,108.31195478000001,2376.68804522
2023-07-17,LOW_RANGE|FADE|H10_30,LOW_RANGE,FADE,H10_30,PUT,2023-07-20,50,-604.9999999999998,40.00000000000017,103.94953074,-748.94953074
2023-07-17,LOW_RANGE|FADE|H15_10,LOW_RANGE,FADE,H15_10,PUT,2023-07-20,50,-1822.5,40.0,101.77651160500001,-1964.276511605
2023-07-18,HIGH_RANGE|CONTINUE|H10_30,HIGH_RANGE,CONTINUE,H10_30,CALL,2023-07-20,50,-155.00000000000006,40.00000000000021,100.91441174,-295.9144117400003
2023-07-18,HIGH_RANGE|CONTINUE|H15_10,HIGH_RANGE,CONTINUE,H15_10,CALL,2023-07-20,50,-455.0,40.00000000000023,100.14147629,-595.1414762900002
2023-07-18,HIGH_RANGE|FADE|H10_30,HIGH_RANGE,FADE,H10_30,PUT,2023-07-20,50,52.4999999999995,40.00000000000057,106.752597855,-94.25259785500107
2023-07-18,HIGH_RANGE|FADE|H15_10,HIGH_RANGE,FADE,H15_10,PUT,2023-07-20,50,94.99999999999977,40.000000000000455,105.81811417,-50.81811417000068
2023-07-19,LOW_RANGE|CONTINUE|H10_30,LOW_RANGE,CONTINUE,H10_30,CALL,2023-07-20,50,-77.50000000000021,40.00000000000031,99.16961779499998,-216.6696177950005
2023-07-19,LOW_RANGE|CONTINUE|H15_10,LOW_RANGE,CONTINUE,H15_10,CALL,2023-07-20,50,-302.5,40.00000000000031,98.646850165,-441.14685016500033
2023-07-19,LOW_RANGE|FADE|H10_30,LOW_RANGE,FADE,H10_30,PUT,2023-07-20,50,32.49999999999993,40.00000000000021,103.456995165,-110.95699516500028
2023-07-19,LOW_RANGE|FADE|H15_10,LOW_RANGE,FADE,H15_10,PUT,2023-07-20,50,-624.9999999999998,40.0000000000004,101.67641545,-766.6764154500001
2023-07-20,LOW_RANGE|CONTINUE|H10_30,LOW_RANGE,CONTINUE,H10_30,CALL,2023-07-20,50,597.4999999999999,40.00000000000025,99.775852995,457.7241470049997
2023-07-20,LOW_RANGE|CONTINUE|H15_10,LOW_RANGE,CONTINUE,H15_10,CALL,2023-07-20,50,7082.5,40.000000000000014,108.823618895,6933.676381105
2023-07-20,LOW_RANGE|FADE|H10_30,LOW_RANGE,FADE,H10_30,PUT,2023-07-20,50,-602.5,40.00000000000013,97.78096131499998,-740.2809613150001
2023-07-20,LOW_RANGE|FADE|H15_10,LOW_RANGE,FADE,H15_10,PUT,2023-07-20,50,-1892.5,39.99999999999997,95.635523225,-2028.135523225
2023-07-21,MID_RANGE|CONTINUE|H10_30,MID_RANGE,CONTINUE,H10_30,PUT,2023-07-27,50,442.4999999999998,40.000000000000625,108.879826245,293.62017375499914
2023-07-21,MID_RANGE|CONTINUE|H15_10,MID_RANGE,CONTINUE,H15_10,PUT,2023-07-27,50,1710.0,39.99999999999977,111.95550501,1558.0444949900004
2023-07-21,MID_RANGE|FADE|H10_30,MID_RANGE,FADE,H10_30,CALL,2023-07-27,50,-504.9999999999994,39.99999999999983,109.32426056,-654.3242605599992
2023-07-21,MID_RANGE|FADE|H15_10,MID_RANGE,FADE,H15_10,CALL,2023-07-27,50,-1844.999999999999,40.0,105.96476894999999,-1990.964768949999
2023-07-24,HIGH_RANGE|CONTINUE|H10_30,HIGH_RANGE,CONTINUE,H10_30,CALL,2023-07-27,50,807.5,40.00000000000034,108.04830685499999,659.4516931449996
2023-07-24,HIGH_RANGE|CONTINUE|H15_10,HIGH_RANGE,CONTINUE,H15_10,CALL,2023-07-27,50,-812.4999999999999,40.000000000000455,103.90698911499999,-956.4069891150003
2023-07-24,HIGH_RANGE|FADE|H10_30,HIGH_RANGE,FADE,H10_30,PUT,2023-07-27,50,-752.5000000000002,40.00000000000034,105.372219145,-897.8722191450007
2023-07-24,HIGH_RANGE|FADE|H15_10,HIGH_RANGE,FADE,H15_10,PUT,2023-07-27,50,547.4999999999998,40.00000000000057,107.86643481499999,399.6335651849992
2023-07-25,MID_RANGE|CONTINUE|H10_30,MID_RANGE,CONTINUE,H10_30,CALL,2023-07-27,50,-357.5000000000001,40.00000000000014,103.305026525,-500.80502652500024
2023-07-25,MID_RANGE|CONTINUE|H15_10,MID_RANGE,CONTINUE,H15_10,CALL,2023-07-27,50,-757.4999999999998,40.00000000000023,102.03276708499999,-899.5327670849999
2023-07-25,MID_RANGE|FADE|H10_30,MID_RANGE,FADE,H10_30,PUT,2023-07-27,50,362.5,40.00000000000021,104.69065693499999,217.80934306499978
2023-07-25,MID_RANGE|FADE|H15_10,MID_RANGE,FADE,H15_10,PUT,2023-07-27,50,290.0000000000002,40.00000000000023,103.87700971,146.12299029000002
2023-07-26,HIGH_RANGE|CONTINUE|H10_30,HIGH_RANGE,CONTINUE,H10_30,CALL,2023-07-27,50,1319.9999999999998,40.00000000000017,104.10699485,1175.8930051499995
2023-07-26,HIGH_RANGE|CONTINUE|H15_10,HIGH_RANGE,CONTINUE,H15_10,CALL,2023-07-27,50,-85.00000000000006,40.00000000000021,101.28299398,-226.28299398000027
2023-07-26,HIGH_RANGE|FADE|H10_30,HIGH_RANGE,FADE,H10_30,PUT,2023-07-27,50,-860.0000000000001,40.00000000000031,99.3083205,-999.3083205000005
2023-07-26,HIGH_RANGE|FADE|H15_10,HIGH_RANGE,FADE,H15_10,PUT,2023-07-27,50,-465.0000000000001,40.000000000000284,99.59749657,-604.5974965700004
2023-07-27,LOW_RANGE|CONTINUE|H10_30,LOW_RANGE,CONTINUE,H10_30,CALL,2023-07-27,50,-922.4999999999998,40.00000000000012,97.370139465,-1059.870139465
2023-07-27,LOW_RANGE|CONTINUE|H15_10,LOW_RANGE,CONTINUE,H15_10,CALL,2023-07-27,50,-2112.5,37.5,95.51841655,-2245.51841655
2023-07-27,LOW_RANGE|FADE|H10_30,LOW_RANGE,FADE,H10_30,PUT,2023-07-27,50,1202.5,40.00000000000024,100.07392566499999,1062.4260743349998
2023-07-27,LOW_RANGE|FADE|H15_10,LOW_RANGE,FADE,H15_10,PUT,2023-07-27,50,8127.5,39.999999999999886,110.93389004500001,7976.566109955
2023-07-28,MID_RANGE|CONTINUE|H10_30,MID_RANGE,CONTINUE,H10_30,CALL,2023-08-03,50,-272.49999999999983,39.99999999999983,110.266632155,-422.7666321549997
2023-07-28,MID_RANGE|CONTINUE|H15_10,MID_RANGE,CONTINUE,H15_10,CALL,2023-08-03,50,325.0,39.99999999999915,111.68347963,173.31652037000086
2023-07-28,MID_RANGE|FADE|H10_30,MID_RANGE,FADE,H10_30,PUT,2023-08-03,50,117.50000000000007,40.00000000000021,105.640796035,-28.140796035000136
2023-07-28,MID_RANGE|FADE|H15_10,MID_RANGE,FADE,H15_10,PUT,2023-08-03,50,-697.5,40.00000000000034,103.04717312500001,-840.5471731250003
2023-07-31,LOW_RANGE|CONTINUE|H10_30,LOW_RANGE,CONTINUE,H10_30,CALL,2023-08-03,50,1032.5000000000007,39.999999999999886,110.434790155,882.0652098450008
2023-07-31,LOW_RANGE|CONTINUE|H15_10,LOW_RANGE,CONTINUE,H15_10,CALL,2023-08-03,50,2422.5,40.0,113.80923642500001,2268.690763575
2023-07-31,LOW_RANGE|FADE|H10_30,LOW_RANGE,FADE,H10_30,PUT,2023-08-03,50,-845.0000000000002,40.000000000000114,100.95157534,-985.9515753400003
2023-07-31,LOW_RANGE|FADE|H15_10,LOW_RANGE,FADE,H15_10,PUT,2023-08-03,50,-1677.5,40.000000000000455,99.33244713500001,-1816.8324471350004
2023-08-01,HIGH_RANGE|CONTINUE|H10_30,HIGH_RANGE,CONTINUE,H10_30,CALL,2023-08-03,50,-527.4999999999998,40.000000000000355,99.75541470499999,-667.2554147050001
2023-08-01,HIGH_RANGE|CONTINUE|H15_10,HIGH_RANGE,CONTINUE,H15_10,CALL,2023-08-03,50,-992.5,40.000000000000256,98.82809153499998,-1131.328091535
2023-08-01,HIGH_RANGE|FADE|H10_30,HIGH_RANGE,FADE,H10_30,PUT,2023-08-03,50,632.5000000000002,40.00000000000017,104.747244215,487.752755785
2023-08-01,HIGH_RANGE|FADE|H15_10,HIGH_RANGE,FADE,H15_10,PUT,2023-08-03,50,922.4999999999999,40.00000000000017,105.027324315,777.4726756849998
2023-08-02,HIGH_RANGE|CONTINUE|H10_30,HIGH_RANGE,CONTINUE,H10_30,PUT,2023-08-03,50,724.9999999999995,40.00000000000014,103.07944032,581.9205596799993
2023-08-02,HIGH_RANGE|CONTINUE|H15_10,HIGH_RANGE,CONTINUE,H15_10,PUT,2023-08-03,50,2975.0000000000005,39.999999999999545,107.97713205000001,2827.022867950001
2023-08-02,HIGH_RANGE|FADE|H10_30,HIGH_RANGE,FADE,H10_30,CALL,2023-08-03,50,-557.5,40.00000000000025,98.467403125,-695.9674031250003
2023-08-02,HIGH_RANGE|FADE|H15_10,HIGH_RANGE,FADE,H15_10,CALL,2023-08-03,50,-1480.0,40.000000000000256,96.94870268999999,-1616.9487026900001
2023-08-03,MID_RANGE|CONTINUE|H10_30,MID_RANGE,CONTINUE,H10_30,PUT,2023-08-03,50,1380.0000000000002,40.0000000000002,103.07177841999999,1236.92822158
2023-08-03,MID_RANGE|CONTINUE|H15_10,MID_RANGE,CONTINUE,H15_10,PUT,2023-08-03,50,6180.0,40.0,108.97383665,6031.02616335
2023-08-03,MID_RANGE|FADE|H10_30,MID_RANGE,FADE,H10_30,CALL,2023-08-03,50,-880.0,40.00000000000012,96.6959253,-1016.6959253000001
2023-08-03,MID_RANGE|FADE|H15_10,MID_RANGE,FADE,H15_10,CALL,2023-08-03,50,-1645.0000000000002,37.50000000000003,95.44537933500001,-1777.9453793350003
2023-08-04,MID_RANGE|CONTINUE|H10_30,MID_RANGE,CONTINUE,H10_30,CALL,2023-08-10,50,-130.00000000000026,40.0000000000002,104.59819604,-274.59819604000046
2023-08-04,MID_RANGE|CONTINUE|H15_10,MID_RANGE,CONTINUE,H15_10,CALL,2023-08-10,50,614.9999999999999,40.000000000000284,106.19115359,468.80884640999955
2023-08-04,MID_RANGE|FADE|H10_30,MID_RANGE,FADE,H10_30,PUT,2023-08-10,50,67.50000000000043,40.00000000000057,108.22853657499999,-80.72853657500013
2023-08-04,MID_RANGE|FADE|H15_10,MID_RANGE,FADE,H15_10,PUT,2023-08-10,50,-922.4999999999999,40.00000000000057,105.243292445,-1067.7432924450004
2023-08-07,HIGH_RANGE|CONTINUE|H10_30,HIGH_RANGE,CONTINUE,H10_30,CALL,2023-08-10,50,1039.9999999999995,40.0000000000004,105.10522633000001,894.8947736699992
2023-08-07,HIGH_RANGE|CONTINUE|H15_10,HIGH_RANGE,CONTINUE,H15_10,CALL,2023-08-10,50,1227.4999999999998,40.00000000000017,105.310031745,1082.1899682549995
2023-08-07,HIGH_RANGE|FADE|H10_30,HIGH_RANGE,FADE,H10_30,PUT,2023-08-10,50,-959.9999999999997,40.0000000000004,102.96401348999999,-1102.96401349
2023-08-07,HIGH_RANGE|FADE|H15_10,HIGH_RANGE,FADE,H15_10,PUT,2023-08-10,50,-1259.9999999999995,40.00000000000023,102.10741997999999,-1402.1074199799998
2023-08-08,LOW_RANGE|CONTINUE|H10_30,LOW_RANGE,CONTINUE,H10_30,CALL,2023-08-10,50,67.49999999999999,40.00000000000021,102.219099265,-74.71909926500022
2023-08-08,LOW_RANGE|CONTINUE|H15_10,LOW_RANGE,CONTINUE,H15_10,CALL,2023-08-10,50,-877.4999999999998,40.00000000000023,100.35253025499999,-1017.852530255
2023-08-08,LOW_RANGE|FADE|H10_30,LOW_RANGE,FADE,H10_30,PUT,2023-08-10,50,-140.0000000000003,40.00000000000021,102.19979599,-282.1997959900005
2023-08-08,LOW_RANGE|FADE|H15_10,LOW_RANGE,FADE,H15_10,PUT,2023-08-10,50,480.0,40.00000000000021,102.96061532,337.0393846799998
2023-08-09,LOW_RANGE|CONTINUE|H10_30,LOW_RANGE,CONTINUE,H10_30,CALL,2023-08-10,50,-1067.5,40.0000000000002,100.023349085,-1207.5233490850003
2023-08-09,LOW_RANGE|CONTINUE|H15_10,LOW_RANGE,CONTINUE,H15_10,CALL,2023-08-10,50,3480.0,40.0,108.04544559000001,3331.95455441
2023-08-09,LOW_RANGE|FADE|H10_30,LOW_RANGE,FADE,H10_30,PUT,2023-08-10,50,1022.5,40.00000000000017,102.06878182499999,880.4312181749999
2023-08-09,LOW_RANGE|FADE|H15_10,LOW_RANGE,FADE,H15_10,PUT,2023-08-10,50,-1842.5,39.99999999999994,97.119141605,-1979.619141605
2023-08-10,LOW_RANGE|CONTINUE|H10_30,LOW_RANGE,CONTINUE,H10_30,PUT,2023-08-10,50,1772.5000000000002,40.00000000000014,104.11963603499998,1628.380363965
2023-08-10,LOW_RANGE|CONTINUE|H15_10,LOW_RANGE,CONTINUE,H15_10,PUT,2023-08-10,50,-77.49999999999977,40.00000000000034,100.54068044499999,-218.0406804450001
2023-08-10,LOW_RANGE|FADE|H10_30,LOW_RANGE,FADE,H10_30,CALL,2023-08-10,50,-1057.5000000000002,39.99999999999999,96.27288172499999,-1193.7728817250002
2023-08-10,LOW_RANGE|FADE|H15_10,LOW_RANGE,FADE,H15_10,CALL,2023-08-10,50,-1635.0000000000002,40.00000000000023,95.32585358,-1770.3258535800005
2023-08-11,HIGH_RANGE|CONTINUE|H10_30,HIGH_RANGE,CONTINUE,H10_30,CALL,2023-08-17,50,-402.50000000000057,40.000000000000284,105.290994965,-547.7909949650009
2023-08-11,HIGH_RANGE|CONTINUE|H15_10,HIGH_RANGE,CONTINUE,H15_10,CALL,2023-08-17,50,-900.0,40.00000000000017,104.21545069999999,-1044.2154507000002
2023-08-11,HIGH_RANGE|FADE|H10_30,HIGH_RANGE,FADE,H10_30,PUT,2023-08-17,50,312.5,40.00000000000021,105.484396855,167.01560314499977
2023-08-11,HIGH_RANGE|FADE|H15_10,HIGH_RANGE,FADE,H15_10,PUT,2023-08-17,50,677.5,40.000000000000156,105.949577395,531.5504226049999
2023-08-14,MID_RANGE|CONTINUE|H10_30,MID_RANGE,CONTINUE,H10_30,PUT,2023-08-17,50,-672.5000000000005,40.00000000000017,102.139059465,-814.6390594650006
2023-08-14,MID_RANGE|CONTINUE|H15_10,MID_RANGE,CONTINUE,H15_10,PUT,2023-08-17,50,-2175.0000000000005,40.0,99.30727629,-2314.3072762900006
2023-08-14,MID_RANGE|FADE|H10_30,MID_RANGE,FADE,H10_30,CALL,2023-08-17,50,477.50000000000017,40.000000000000156,105.09965485500001,332.40034514499996
2023-08-14,MID_RANGE|FADE|H15_10,MID_RANGE,FADE,H15_10,CALL,2023-08-17,50,2947.500000000001,40.0,110.633880965,2796.866119035001
2023-08-16,MID_RANGE|CONTINUE|H10_30,MID_RANGE,CONTINUE,H10_30,PUT,2023-08-17,50,-750.0000000000002,40.00000000000037,99.12463933,-889.1246393300006
2023-08-16,MID_RANGE|CONTINUE|H15_10,MID_RANGE,CONTINUE,H15_10,PUT,2023-08-17,50,-1875.0,40.000000000000455,97.30555275,-2012.3055527500005
2023-08-16,MID_RANGE|FADE|H10_30,MID_RANGE,FADE,H10_30,CALL,2023-08-17,50,632.4999999999998,40.00000000000027,102.353694165,490.14630583499957
2023-08-16,MID_RANGE|FADE|H15_10,MID_RANGE,FADE,H15_10,CALL,2023-08-17,50,2652.4999999999995,40.0000000000004,105.550332755,2506.949667244999
2023-08-17,HIGH_RANGE|CONTINUE|H10_30,HIGH_RANGE,CONTINUE,H10_30,PUT,2023-08-17,50,-157.50000000000023,40.000000000000284,98.27564651499999,-295.7756465150005
2023-08-17,HIGH_RANGE|CONTINUE|H15_10,HIGH_RANGE,CONTINUE,H15_10,PUT,2023-08-17,50,-732.5000000000001,40.00000000000014,97.318211695,-869.8182116950002
2023-08-17,HIGH_RANGE|FADE|H10_30,HIGH_RANGE,FADE,H10_30,CALL,2023-08-17,50,-452.4999999999998,40.000000000000355,98.160457535,-590.6604575350001
2023-08-17,HIGH_RANGE|FADE|H15_10,HIGH_RANGE,FADE,H15_10,CALL,2023-08-17,50,-2105.0,35.0,95.62551529000001,-2235.62551529
2023-08-18,HIGH_RANGE|CONTINUE|H10_30,HIGH_RANGE,CONTINUE,H10_30,PUT,2023-08-24,50,454.99999999999994,40.000000000000284,106.0345432,308.96545679999963
2023-08-18,HIGH_RANGE|CONTINUE|H15_10,HIGH_RANGE,CONTINUE,H15_10,PUT,2023-08-24,50,-254.9999999999999,40.00000000000023,104.16110977,-399.1611097700001
2023-08-18,HIGH_RANGE|FADE|H10_30,HIGH_RANGE,FADE,H10_30,CALL,2023-08-24,50,-485.0000000000001,40.000000000000284,104.77924396,-629.7792439600005
2023-08-18,HIGH_RANGE|FADE|H15_10,HIGH_RANGE,FADE,H15_10,CALL,2023-08-24,50,42.499999999999886,40.0000000000002,105.68343142500001,-103.18343142500032
2023-08-21,MID_RANGE|CONTINUE|H10_30,MID_RANGE,CONTINUE,H10_30,PUT,2023-08-24,50,130.00000000000026,40.00000000000022,104.03644088,-14.036440879999972
2023-08-21,MID_RANGE|CONTINUE|H15_10,MID_RANGE,CONTINUE,H15_10,PUT,2023-08-24,50,-859.9999999999998,40.000000000000114,101.78088094,-1001.7808809399999
2023-08-21,MID_RANGE|FADE|H10_30,MID_RANGE,FADE,H10_30,CALL,2023-08-24,50,-239.9999999999997,40.0000000000002,102.18847735,-382.18847734999986
2023-08-21,MID_RANGE|FADE|H15_10,MID_RANGE,FADE,H15_10,CALL,2023-08-24,50,610.0000000000001,40.000000000000156,103.62786242,466.37213758
2023-08-22,LOW_RANGE|CONTINUE|H10_30,LOW_RANGE,CONTINUE,H10_30,CALL,2023-08-24,50,-337.4999999999997,40.00000000000026,100.93047181499999,-478.430471815
2023-08-22,LOW_RANGE|CONTINUE|H15_10,LOW_RANGE,CONTINUE,H15_10,CALL,2023-08-24,50,-947.4999999999998,40.0000000000002,99.774802865,-1087.274802865
2023-08-22,LOW_RANGE|FADE|H10_30,LOW_RANGE,FADE,H10_30,PUT,2023-08-24,50,197.49999999999997,40.00000000000021,101.315433905,56.18456609499977
2023-08-22,LOW_RANGE|FADE|H15_10,LOW_RANGE,FADE,H15_10,PUT,2023-08-24,50,685.0000000000002,40.00000000000027,101.97713321,543.0228667899999
2023-08-23,HIGH_RANGE|CONTINUE|H10_30,HIGH_RANGE,CONTINUE,H10_30,CALL,2023-08-24,50,-384.9999999999998,40.0000000000003,97.97243071,-522.97243071
2023-08-23,HIGH_RANGE|CONTINUE|H15_10,HIGH_RANGE,CONTINUE,H15_10,CALL,2023-08-24,50,995.0000000000001,40.00000000000024,100.0220887,854.9779112999998
2023-08-23,HIGH_RANGE|FADE|H10_30,HIGH_RANGE,FADE,H10_30,PUT,2023-08-24,50,410.00000000000057,40.000000000000256,101.76474782,268.2352521800003
2023-08-23,HIGH_RANGE|FADE|H15_10,HIGH_RANGE,FADE,H15_10,PUT,2023-08-24,50,-1599.9999999999998,40.00000000000003,98.48930116999999,-1738.4893011699999
2023-08-24,LOW_RANGE|CONTINUE|H10_30,LOW_RANGE,CONTINUE,H10_30,CALL,2023-08-24,50,-407.49999999999994,39.99999999999994,96.750800175,-544.2508001749999
2023-08-24,LOW_RANGE|CONTINUE|H15_10,LOW_RANGE,CONTINUE,H15_10,CALL,2023-08-24,50,-1462.5,35.00000000000001,95.16329073499999,-1592.663290735
2023-08-24,LOW_RANGE|FADE|H10_30,LOW_RANGE,FADE,H10_30,PUT,2023-08-24,50,-67.49999999999979,40.00000000000028,97.715099415,-205.21509941500005
2023-08-24,LOW_RANGE|FADE|H15_10,LOW_RANGE,FADE,H15_10,PUT,2023-08-24,50,6074.999999999999,39.99999999999909,106.25514907,5928.74485093
2023-08-25,LOW_RANGE|CONTINUE|H10_30,LOW_RANGE,CONTINUE,H10_30,PUT,2023-08-31,50,979.9999999999997,39.99999999999966,108.63159388000001,831.36840612
2023-08-25,LOW_RANGE|CONTINUE|H15_10,LOW_RANGE,CONTINUE,H15_10,PUT,2023-08-31,50,522.5000000000001,40.00000000000034,106.90153746499999,375.5984625349998
2023-08-25,LOW_RANGE|FADE|H10_30,LOW_RANGE,FADE,H10_30,CALL,2023-08-31,50,-927.5000000000002,40.00000000000017,104.018530235,-1071.5185302350005
2023-08-25,LOW_RANGE|FADE|H15_10,LOW_RANGE,FADE,H15_10,CALL,2023-08-31,50,-750.0,40.00000000000017,104.19059963000001,-894.1905996300002
2023-08-28,MID_RANGE|CONTINUE|H10_30,MID_RANGE,CONTINUE,H10_30,CALL,2023-08-31,50,627.5000000000003,40.00000000000017,106.56670585500001,480.9332941450002
2023-08-28,MID_RANGE|CONTINUE|H15_10,MID_RANGE,CONTINUE,H15_10,CALL,2023-08-31,50,940.0000000000002,40.000000000000156,106.6880585,793.3119415
2023-08-28,MID_RANGE|FADE|H10_30,MID_RANGE,FADE,H10_30,PUT,2023-08-31,50,-655.0,40.00000000000017,102.06156507,-797.0615650700001
2023-08-28,MID_RANGE|FADE|H15_10,MID_RANGE,FADE,H15_10,PUT,2023-08-31,50,-1185.0,40.000000000000114,100.89357175,-1325.89357175
2023-08-29,HIGH_RANGE|CONTINUE|H10_30,HIGH_RANGE,CONTINUE,H10_30,CALL,2023-08-31,50,-170.00000000000009,40.000000000000256,103.07759863,-313.07759863000035
2023-08-29,HIGH_RANGE|CONTINUE|H15_10,HIGH_RANGE,CONTINUE,H15_10,CALL,2023-08-31,50,-175.0000000000005,40.00000000000023,102.79166576,-317.79166576000074
2023-08-29,HIGH_RANGE|FADE|H10_30,HIGH_RANGE,FADE,H10_30,PUT,2023-08-31,50,34.99999999999979,40.00000000000021,99.81675822,-104.81675822000042
2023-08-29,HIGH_RANGE|FADE|H15_10,HIGH_RANGE,FADE,H15_10,PUT,2023-08-31,50,-379.9999999999999,40.00000000000031,98.96945708999999,-518.9694570900002
2023-08-30,MID_RANGE|CONTINUE|H10_30,MID_RANGE,CONTINUE,H10_30,CALL,2023-08-31,50,-120.00000000000007,40.0000000000003,97.83603852,-257.8360385200004
2023-08-30,MID_RANGE|CONTINUE|H15_10,MID_RANGE,CONTINUE,H15_10,CALL,2023-08-31,50,-1370.0,40.00000000000001,96.02139432,-1506.02139432
2023-08-30,MID_RANGE|FADE|H10_30,MID_RANGE,FADE,H10_30,PUT,2023-08-31,50,-50.0,40.0000000000003,100.31001527000001,-190.3100152700003
2023-08-30,MID_RANGE|FADE|H15_10,MID_RANGE,FADE,H15_10,PUT,2023-08-31,50,3060.0,40.0000000000004,105.45749088,2914.5425091199995
2023-08-31,HIGH_RANGE|CONTINUE|H10_30,HIGH_RANGE,CONTINUE,H10_30,CALL,2023-08-31,50,-299.99999999999994,39.99999999999994,96.23359810000002,-436.2335980999999
2023-08-31,HIGH_RANGE|CONTINUE|H15_10,HIGH_RANGE,CONTINUE,H15_10,CALL,2023-08-31,50,-1080.0,37.5,95.022253835,-1212.522253835
2023-08-31,HIGH_RANGE|FADE|H10_30,HIGH_RANGE,FADE,H10_30,PUT,2023-08-31,50,2.499999999999922,40.00000000000028,99.264189835,-136.76418983500037
2023-08-31,HIGH_RANGE|FADE|H15_10,HIGH_RANGE,FADE,H15_10,PUT,2023-08-31,50,2305.0,40.000000000000455,102.42355330000001,2162.5764466999995
2023-09-01,HIGH_RANGE|CONTINUE|H10_30,HIGH_RANGE,CONTINUE,H10_30,CALL,2023-09-07,50,387.4999999999999,40.000000000000284,107.928264915,239.5717350849996
2023-09-01,HIGH_RANGE|CONTINUE|H15_10,HIGH_RANGE,CONTINUE,H15_10,CALL,2023-09-07,50,2012.5,39.999999999999545,112.58789902499998,1859.9121009750004
2023-09-01,HIGH_RANGE|FADE|H10_30,HIGH_RANGE,FADE,H10_30,PUT,2023-09-07,50,-382.5000000000001,40.00000000000014,103.139528415,-525.6395284150002
2023-09-01,HIGH_RANGE|FADE|H15_10,HIGH_RANGE,FADE,H15_10,PUT,2023-09-07,50,-1377.5000000000002,40.00000000000023,100.98843988500002,-1518.4884398850004
2023-09-04,LOW_RANGE|CONTINUE|H10_30,LOW_RANGE,CONTINUE,H10_30,CALL,2023-09-07,50,-1109.9999999999998,40.0000000000002,100.57207616,-1250.57207616
2023-09-04,LOW_RANGE|CONTINUE|H15_10,LOW_RANGE,CONTINUE,H15_10,CALL,2023-09-07,50,587.4999999999999,40.00000000000027,103.36365190499998,444.13634809499956
2023-09-04,LOW_RANGE|FADE|H10_30,LOW_RANGE,FADE,H10_30,PUT,2023-09-07,50,1087.5,40.00000000000017,104.38696046499999,943.113039535
2023-09-04,LOW_RANGE|FADE|H15_10,LOW_RANGE,FADE,H15_10,PUT,2023-09-07,50,-712.5,40.000000000000284,100.706767785,-853.2067677850002
2023-09-05,LOW_RANGE|CONTINUE|H10_30,LOW_RANGE,CONTINUE,H10_30,CALL,2023-09-07,50,272.4999999999998,40.0000000000003,100.436217915,132.0637820849995
2023-09-05,LOW_RANGE|CONTINUE|H15_10,LOW_RANGE,CONTINUE,H15_10,CALL,2023-09-07,50,394.9999999999999,40.000000000000355,100.53048793999999,254.4695120599995
2023-09-05,LOW_RANGE|FADE|H10_30,LOW_RANGE,FADE,H10_30,PUT,2023-09-07,50,-297.5,40.0000000000002,100.74072666500001,-438.2407266650002
2023-09-05,LOW_RANGE|FADE|H15_10,LOW_RANGE,FADE,H15_10,PUT,2023-09-07,50,-882.4999999999998,40.0000000000004,99.462400285,-1021.9624002850003
2023-09-06,MID_RANGE|CONTINUE|H10_30,MID_RANGE,CONTINUE,H10_30,CALL,2023-09-07,50,100.00000000000007,40.0000000000003,99.57407069000001,-39.57407069000025
2023-09-06,MID_RANGE|CONTINUE|H15_10,MID_RANGE,CONTINUE,H15_10,CALL,2023-09-07,50,1050.0,40.00000000000024,100.80633391,909.1936660899996
2023-09-06,MID_RANGE|FADE|H10_30,MID_RANGE,FADE,H10_30,PUT,2023-09-07,50,-169.99999999999977,40.0000000000003,98.76920854,-308.7692085400001
2023-09-06,MID_RANGE|FADE|H15_10,MID_RANGE,FADE,H15_10,PUT,2023-09-07,50,-1265.0,40.00000000000003,96.96467196,-1401.96467196
2023-09-07,LOW_RANGE|CONTINUE|H10_30,LOW_RANGE,CONTINUE,H10_30,PUT,2023-09-07,50,-770.0,39.999999999999886,95.82903664,-905.8290366399999
2023-09-07,LOW_RANGE|CONTINUE|H15_10,LOW_RANGE,CONTINUE,H15_10,PUT,2023-09-07,50,-1282.5,37.5,95.03326158,-1415.03326158
2023-09-07,LOW_RANGE|FADE|H10_30,LOW_RANGE,FADE,H10_30,CALL,2023-09-07,50,1082.5,40.000000000000455,99.049010305,943.4509896949995
2023-09-07,LOW_RANGE|FADE|H15_10,LOW_RANGE,FADE,H15_10,CALL,2023-09-07,50,7367.500000000001,40.00000000000091,107.91147047499999,7219.588529525
2023-09-08,MID_RANGE|CONTINUE|H10_30,MID_RANGE,CONTINUE,H10_30,CALL,2023-09-14,50,-999.9999999999998,40.00000000000017,102.88884145,-1142.88884145
2023-09-08,MID_RANGE|CONTINUE|H15_10,MID_RANGE,CONTINUE,H15_10,CALL,2023-09-14,50,405.00000000000006,40.00000000000017,105.98705484999999,259.0129451499999
2023-09-08,MID_RANGE|FADE|H10_30,MID_RANGE,FADE,H10_30,PUT,2023-09-14,50,982.4999999999995,40.00000000000034,107.357020965,835.1429790349991
2023-09-08,MID_RANGE|FADE|H15_10,MID_RANGE,FADE,H15_10,PUT,2023-09-14,50,-492.5000000000002,40.000000000000256,103.755442895,-636.2554428950004
2023-09-11,MID_RANGE|CONTINUE|H10_30,MID_RANGE,CONTINUE,H10_30,CALL,2023-09-14,50,579.9999999999999,40.00000000000017,105.12845284,434.87154715999975
2023-09-11,MID_RANGE|CONTINUE|H15_10,MID_RANGE,CONTINUE,H15_10,CALL,2023-09-14,50,1725.0000000000005,39.99999999999966,107.67762827,1577.322371730001
2023-09-11,MID_RANGE|FADE|H10_30,MID_RANGE,FADE,H10_30,PUT,2023-09-14,50,-602.4999999999999,40.00000000000017,103.042123755,-745.542123755
2023-09-11,MID_RANGE|FADE|H15_10,MID_RANGE,FADE,H15_10,PUT,2023-09-14,50,-1577.5,40.00000000000034,101.114528045,-1718.6145280450005
2023-09-12,LOW_RANGE|CONTINUE|H10_30,LOW_RANGE,CONTINUE,H10_30,CALL,2023-09-14,50,-1272.5,40.00000000000034,100.676846625,-1413.1768466250005
2023-09-12,LOW_RANGE|CONTINUE|H15_10,LOW_RANGE,CONTINUE,H15_10,CALL,2023-09-14,50,-1065.0000000000002,40.00000000000017,100.76586495000001,-1205.7658649500004
2023-09-12,LOW_RANGE|FADE|H10_30,LOW_RANGE,FADE,H10_30,PUT,2023-09-14,50,1862.5,39.99999999999977,108.397313405,1714.1026865950003
2023-09-12,LOW_RANGE|FADE|H15_10,LOW_RANGE,FADE,H15_10,PUT,2023-09-14,50,874.9999999999998,40.00000000000017,105.18786978000001,729.8121302199995
2023-09-13,HIGH_RANGE|CONTINUE|H10_30,HIGH_RANGE,CONTINUE,H10_30,CALL,2023-09-14,50,-332.5000000000003,40.00000000000023,100.92824914499998,-473.4282491450005
2023-09-13,HIGH_RANGE|CONTINUE|H15_10,HIGH_RANGE,CONTINUE,H15_10,CALL,2023-09-14,50,1689.9999999999998,40.000000000000156,104.06800436,1545.9319956399995
2023-09-13,HIGH_RANGE|FADE|H10_30,HIGH_RANGE,FADE,H10_30,PUT,2023-09-14,50,-59.9999999999998,40.0000000000002,101.72735229,-201.72735229
2023-09-13,HIGH_RANGE|FADE|H15_10,HIGH_RANGE,FADE,H15_10,PUT,2023-09-14,50,-1657.5,39.999999999999886,98.74259770500001,-1796.242597705
2023-09-14,MID_RANGE|CONTINUE|H10_30,MID_RANGE,CONTINUE,H10_30,CALL,2023-09-14,50,-970.0000000000001,39.99999999999988,96.25722335,-1106.25722335
2023-09-14,MID_RANGE|CONTINUE|H15_10,MID_RANGE,CONTINUE,H15_10,CALL,2023-09-14,50,-1600.0,37.50000000000023,95.239468505,-1732.7394685050003
2023-09-14,MID_RANGE|FADE|H10_30,MID_RANGE,FADE,H10_30,PUT,2023-09-14,50,2390.0000000000005,40.00000000000047,102.90165928,2247.09834072
2023-09-14,MID_RANGE|FADE|H15_10,MID_RANGE,FADE,H15_10,PUT,2023-09-14,50,90.00000000000014,40.000000000000284,99.23458844999999,-49.23458845000013
2023-09-15,HIGH_RANGE|CONTINUE|H10_30,HIGH_RANGE,CONTINUE,H10_30,CALL,2023-09-21,50,-35.00000000000051,40.00000000000037,107.95341208,-182.95341208000087
2023-09-15,HIGH_RANGE|CONTINUE|H15_10,HIGH_RANGE,CONTINUE,H15_10,CALL,2023-09-21,50,724.9999999999997,39.99999999999994,109.4188622,575.5811377999997
2023-09-15,HIGH_RANGE|FADE|H10_30,HIGH_RANGE,FADE,H10_30,PUT,2023-09-21,50,-55.000000000000256,40.0000000000002,104.36965384999999,-199.36965385000045
2023-09-15,HIGH_RANGE|FADE|H15_10,HIGH_RANGE,FADE,H15_10,PUT,2023-09-21,50,-817.5000000000003,40.00000000000017,102.61251185499998,-960.1125118550004
2023-09-18,HIGH_RANGE|CONTINUE|H10_30,HIGH_RANGE,CONTINUE,H10_30,PUT,2023-09-21,50,-425.00000000000045,40.00000000000014,101.98720827000001,-566.9872082700007
2023-09-18,HIGH_RANGE|CONTINUE|H15_10,HIGH_RANGE,CONTINUE,H15_10,PUT,2023-09-21,50,-127.5000000000004,40.00000000000017,102.296488055,-269.79648805500057
2023-09-18,HIGH_RANGE|FADE|H10_30,HIGH_RANGE,FADE,H10_30,CALL,2023-09-21,50,487.4999999999999,40.000000000000284,104.951131745,342.54886825499955
2023-09-18,HIGH_RANGE|FADE|H15_10,HIGH_RANGE,FADE,H15_10,CALL,2023-09-21,50,-272.4999999999996,40.00000000000023,102.946551905,-415.44655190499986
2023-09-20,MID_RANGE|CONTINUE|H10_30,MID_RANGE,CONTINUE,H10_30,PUT,2023-09-21,50,1750.0,40.0000000000004,104.88720826000001,1605.1127917399995
2023-09-20,MID_RANGE|CONTINUE|H15_10,MID_RANGE,CONTINUE,H15_10,PUT,2023-09-21,50,3082.5,39.99999999999943,107.320499875,2935.1795001250002
2023-09-20,MID_RANGE|FADE|H10_30,MID_RANGE,FADE,H10_30,CALL,2023-09-21,50,-1292.4999999999998,40.00000000000023,98.81272629499999,-1431.312726295
2023-09-20,MID_RANGE|FADE|H15_10,MID_RANGE,FADE,H15_10,CALL,2023-09-21,50,-2174.9999999999995,40.0000000000004,97.13681439999999,-2312.1368144
2023-09-21,MID_RANGE|CONTINUE|H10_30,MID_RANGE,CONTINUE,H10_30,PUT,2023-09-21,50,2242.5,39.99999999999999,101.349838885,2101.150161115
2023-09-21,MID_RANGE|CONTINUE|H15_10,MID_RANGE,CONTINUE,H15_10,PUT,2023-09-21,50,1187.5,40.00000000000022,99.68089405500001,1047.8191059449998
2023-09-21,MID_RANGE|FADE|H10_30,MID_RANGE,FADE,H10_30,CALL,2023-09-21,50,-1142.5,40.00000000000046,96.003920895,-1278.5039208950004
2023-09-21,MID_RANGE|FADE|H15_10,MID_RANGE,FADE,H15_10,CALL,2023-09-21,50,-1537.5,35.00000000000024,95.326765545,-1667.8267655450002
2023-09-22,LOW_RANGE|CONTINUE|H10_30,LOW_RANGE,CONTINUE,H10_30,CALL,2023-09-28,50,-627.4999999999993,40.000000000000455,106.334492125,-773.8344921249998
2023-09-22,LOW_RANGE|CONTINUE|H15_10,LOW_RANGE,CONTINUE,H15_10,CALL,2023-09-28,50,-1314.9999999999995,40.000000000000114,104.50218104999999,-1459.5021810499995
2023-09-22,LOW_RANGE|FADE|H10_30,LOW_RANGE,FADE,H10_30,PUT,2023-09-28,50,444.9999999999998,40.000000000000455,106.69431001000001,298.30568998999934
2023-09-22,LOW_RANGE|FADE|H15_10,LOW_RANGE,FADE,H15_10,PUT,2023-09-28,50,850.0000000000002,40.00000000000057,107.4345124,702.5654875999998
2023-09-25,MID_RANGE|CONTINUE|H10_30,MID_RANGE,CONTINUE,H10_30,CALL,2023-09-28,50,-772.4999999999997,40.00000000000017,104.70255000499999,-917.2025500049998
2023-09-25,MID_RANGE|CONTINUE|H15_10,MID_RANGE,CONTINUE,H15_10,CALL,2023-09-28,50,182.5000000000001,40.00000000000023,106.471720275,36.02827972499989
2023-09-25,MID_RANGE|FADE|H10_30,MID_RANGE,FADE,H10_30,PUT,2023-09-28,50,545.0000000000002,40.00000000000017,103.82407325,401.17592675000003
2023-09-25,MID_RANGE|FADE|H15_10,MID_RANGE,FADE,H15_10,PUT,2023-09-28,50,-472.49999999999983,40.00000000000017,101.325116145,-613.825116145
2023-09-26,LOW_RANGE|CONTINUE|H10_30,LOW_RANGE,CONTINUE,H10_30,CALL,2023-09-28,50,400.0,40.00000000000027,104.53920448000001,255.46079551999975
2023-09-26,LOW_RANGE|CONTINUE|H15_10,LOW_RANGE,CONTINUE,H15_10,CALL,2023-09-28,50,-162.4999999999999,40.00000000000023,103.08820763500002,-305.5882076350001
2023-09-26,LOW_RANGE|FADE|H10_30,LOW_RANGE,FADE,H10_30,PUT,2023-09-28,50,-447.5000000000001,40.000000000000284,100.54713724499999,-588.0471372450004
2023-09-26,LOW_RANGE|FADE|H15_10,LOW_RANGE,FADE,H15_10,PUT,2023-09-28,50,-325.0000000000003,40.00000000000017,100.43690979,-465.43690979000047
2023-09-27,LOW_RANGE|CONTINUE|H10_30,LOW_RANGE,CONTINUE,H10_30,PUT,2023-09-28,50,1050.0,40.00000000000023,102.21922559000001,907.7807744099998
2023-09-27,LOW_RANGE|CONTINUE|H15_10,LOW_RANGE,CONTINUE,H15_10,PUT,2023-09-28,50,-1965.0,40.00000000000048,97.01092856999999,-2102.0109285700005
2023-09-27,LOW_RANGE|FADE|H10_30,LOW_RANGE,FADE,H10_30,CALL,2023-09-28,50,-944.9999999999998,40.000000000000426,99.33681055,-1084.3368105500003
2023-09-27,LOW_RANGE|FADE|H15_10,LOW_RANGE,FADE,H15_10,CALL,2023-09-28,50,3145.0000000000005,39.99999999999949,105.91700618,2999.082993820001
2023-09-28,LOW_RANGE|CONTINUE|H10_30,LOW_RANGE,CONTINUE,H10_30,CALL,2023-09-28,50,-365.0,39.999999999999886,96.00222328999999,-501.00222328999985
2023-09-28,LOW_RANGE|CONTINUE|H15_10,LOW_RANGE,CONTINUE,H15_10,CALL,2023-09-28,50,-1000.0,35.0,95.00881813,-1130.00881813
2023-09-28,LOW_RANGE|FADE|H10_30,LOW_RANGE,FADE,H10_30,PUT,2023-09-28,50,159.9999999999997,40.000000000000284,101.98277772999998,18.017222269999422
2023-09-28,LOW_RANGE|FADE|H15_10,LOW_RANGE,FADE,H15_10,PUT,2023-09-28,50,6499.999999999999,39.99999999999818,113.81388801,6346.186111990001
2023-09-29,MID_RANGE|CONTINUE|H10_30,MID_RANGE,CONTINUE,H10_30,CALL,2023-10-05,50,377.50000000000017,39.99999999999983,110.326260305,227.17373969500034
2023-09-29,MID_RANGE|CONTINUE|H15_10,MID_RANGE,CONTINUE,H15_10,CALL,2023-10-05,50,622.5000000000001,39.99999999999983,110.44973297499999,472.05026702500027
2023-09-29,MID_RANGE|FADE|H10_30,MID_RANGE,FADE,H10_30,PUT,2023-10-05,50,-434.99999999999983,40.00000000000017,103.70664384,-578.70664384
2023-09-29,MID_RANGE|FADE|H15_10,MID_RANGE,FADE,H15_10,PUT,2023-10-05,50,-792.4999999999998,40.000000000000455,102.54562646500001,-935.0456264650003
2023-10-03,HIGH_RANGE|CONTINUE|H10_30,HIGH_RANGE,CONTINUE,H10_30,PUT,2023-10-05,50,-40.0000000000004,40.000000000000206,103.86103748,-183.8610374800006
2023-10-03,HIGH_RANGE|CONTINUE|H15_10,HIGH_RANGE,CONTINUE,H15_10,PUT,2023-10-05,50,-105.00000000000006,40.00000000000023,103.39263150000001,-248.39263150000028
2023-10-03,HIGH_RANGE|FADE|H10_30,HIGH_RANGE,FADE,H10_30,CALL,2023-10-05,50,-92.49999999999999,40.00000000000021,102.23910033499999,-234.7391003350002
2023-10-03,HIGH_RANGE|FADE|H15_10,HIGH_RANGE,FADE,H15_10,CALL,2023-10-05,50,-397.4999999999998,40.000000000000114,101.34290046499999,-538.8429004649998
2023-10-04,LOW_RANGE|CONTINUE|H10_30,LOW_RANGE,CONTINUE,H10_30,PUT,2023-10-05,50,-802.5000000000001,40.00000000000031,100.003148645,-942.5031486450005
2023-10-04,LOW_RANGE|CONTINUE|H15_10,LOW_RANGE,CONTINUE,H15_10,PUT,2023-10-05,50,-1580.0,39.99999999999977,98.56406855,-1718.5640685499998
2023-10-04,LOW_RANGE|FADE|H10_30,LOW_RANGE,FADE,H10_30,CALL,2023-10-05,50,550.0,40.000000000000156,101.20986004000001,408.79013995999986
2023-10-04,LOW_RANGE|FADE|H15_10,LOW_RANGE,FADE,H15_10,CALL,2023-10-05,50,1127.5,40.00000000000031,101.706064195,985.7939358049996
2023-10-05,MID_RANGE|CONTINUE|H10_30,MID_RANGE,CONTINUE,H10_30,CALL,2023-10-05,50,-604.9999999999999,40.00000000000022,97.84714002999999,-742.8471400300001
2023-10-05,MID_RANGE|CONTINUE|H15_10,MID_RANGE,CONTINUE,H15_10,CALL,2023-10-05,50,10.000000000000064,40.00000000000028,98.65665872999999,-128.6566587300002
2023-10-05,MID_RANGE|FADE|H10_30,MID_RANGE,FADE,H10_30,PUT,2023-10-05,50,65.00000000000011,39.99999999999993,96.66624495,-71.66624494999982
2023-10-05,MID_RANGE|FADE|H15_10,MID_RANGE,FADE,H15_10,PUT,2023-10-05,50,-1057.5,32.49999999999999,94.98679080000001,-1184.9867908
2023-10-06,HIGH_RANGE|CONTINUE|H10_30,HIGH_RANGE,CONTINUE,H10_30,CALL,2023-10-12,50,107.49999999999974,40.0000000000002,105.942692255,-38.44269225500045
2023-10-06,HIGH_RANGE|CONTINUE|H15_10,HIGH_RANGE,CONTINUE,H15_10,CALL,2023-10-12,50,864.9999999999994,40.00000000000037,107.61839886,717.3816011399991
2023-10-06,HIGH_RANGE|FADE|H10_30,HIGH_RANGE,FADE,H10_30,PUT,2023-10-12,50,-154.99999999999972,40.00000000000023,104.73014881,-299.73014880999995
2023-10-06,HIGH_RANGE|FADE|H15_10,HIGH_RANGE,FADE,H15_10,PUT,2023-10-12,50,-872.4999999999997,40.00000000000017,103.05060385499999,-1015.5506038549997
2023-10-09,LOW_RANGE|CONTINUE|H10_30,LOW_RANGE,CONTINUE,H10_30,PUT,2023-10-12,50,-825.0000000000002,40.000000000000114,102.5321878,-967.5321878000004
2023-10-09,LOW_RANGE|CONTINUE|H15_10,LOW_RANGE,CONTINUE,H15_10,PUT,2023-10-12,50,-100.00000000000034,40.00000000000023,104.07361632,-244.07361632000055
2023-10-09,LOW_RANGE|FADE|H10_30,LOW_RANGE,FADE,H10_30,CALL,2023-10-12,50,1022.4999999999999,39.99999999999966,109.07746818500001,873.4225318150002
2023-10-09,LOW_RANGE|FADE|H15_10,LOW_RANGE,FADE,H15_10,CALL,2023-10-12,50,-72.5000000000005,40.00000000000021,106.29227323500001,-218.79227323500072
2023-10-10,MID_RANGE|CONTINUE|H10_30,MID_RANGE,CONTINUE,H10_30,CALL,2023-10-12,50,342.50000000000006,40.000000000000156,103.704946235,198.7950537649999
2023-10-10,MID_RANGE|CONTINUE|H15_10,MID_RANGE,CONTINUE,H15_10,CALL,2023-10-12,50,2130.0,39.99999999999943,107.95306366,1982.0469363400005
2023-10-10,MID_RANGE|FADE|H10_30,MID_RANGE,FADE,H10_30,PUT,2023-10-12,50,-360.0000000000002,40.00000000000014,101.66551034999999,-501.6655103500004
2023-10-10,MID_RANGE|FADE|H15_10,MID_RANGE,FADE,H15_10,PUT,2023-10-12,50,-1227.5000000000002,40.00000000000017,100.27573365500001,-1367.7757336550005
2023-10-11,MID_RANGE|CONTINUE|H10_30,MID_RANGE,CONTINUE,H10_30,CALL,2023-10-12,50,372.50000000000006,40.0000000000003,101.451433275,231.04856672499977
2023-10-11,MID_RANGE|CONTINUE|H15_10,MID_RANGE,CONTINUE,H15_10,CALL,2023-10-12,50,-17.499999999999943,40.00000000000031,100.509360735,-158.00936073500026
2023-10-11,MID_RANGE|FADE|H10_30,MID_RANGE,FADE,H10_30,PUT,2023-10-12,50,-372.5000000000001,40.000000000000284,100.327890395,-512.8278903950004
2023-10-11,MID_RANGE|FADE|H15_10,MID_RANGE,FADE,H15_10,PUT,2023-10-12,50,-365.0000000000001,40.00000000000034,99.92950443999999,-504.9295044400004
2023-10-12,LOW_RANGE|CONTINUE|H10_30,LOW_RANGE,CONTINUE,H10_30,CALL,2023-10-12,50,-1052.4999999999998,40.00000000000023,96.58205294500002,-1189.082052945
2023-10-12,LOW_RANGE|CONTINUE|H15_10,LOW_RANGE,CONTINUE,H15_10,CALL,2023-10-12,50,-1810.0,39.99999999999999,95.43153305000001,-1945.43153305
2023-10-12,LOW_RANGE|FADE|H10_30,LOW_RANGE,FADE,H10_30,PUT,2023-10-12,50,767.4999999999999,40.000000000000114,98.250209175,629.2497908249998
2023-10-12,LOW_RANGE|FADE|H15_10,LOW_RANGE,FADE,H15_10,PUT,2023-10-12,50,-1215.0,40.0,95.32040843,-1350.32040843
2023-10-13,LOW_RANGE|CONTINUE|H10_30,LOW_RANGE,CONTINUE,H10_30,PUT,2023-10-19,50,395.0000000000007,40.00000000000061,109.68639784,245.31360216000007
2023-10-13,LOW_RANGE|CONTINUE|H15_10,LOW_RANGE,CONTINUE,H15_10,PUT,2023-10-19,50,-504.9999999999993,40.000000000000625,107.29787644,-652.29787644
2023-10-13,LOW_RANGE|FADE|H10_30,LOW_RANGE,FADE,H10_30,CALL,2023-10-19,50,-562.5000000000001,40.000000000000284,103.103352785,-705.6033527850004
2023-10-13,LOW_RANGE|FADE|H15_10,LOW_RANGE,FADE,H15_10,CALL,2023-10-19,50,434.99999999999983,40.00000000000027,105.37881707,289.6211829299996
2023-10-16,LOW_RANGE|CONTINUE|H10_30,LOW_RANGE,CONTINUE,H10_30,PUT,2023-10-19,50,-704.9999999999995,40.00000000000017,102.13491614,-847.1349161399996
2023-10-16,LOW_RANGE|CONTINUE|H15_10,LOW_RANGE,CONTINUE,H15_10,PUT,2023-10-19,50,-557.4999999999998,40.00000000000017,102.496933015,-699.996933015
2023-10-16,LOW_RANGE|FADE|H10_30,LOW_RANGE,FADE,H10_30,CALL,2023-10-19,50,900.0,40.00000000000017,107.13342550000002,752.8665744999997
2023-10-16,LOW_RANGE|FADE|H15_10,LOW_RANGE,FADE,H15_10,CALL,2023-10-19,50,752.5,40.00000000000017,106.566911145,605.9330888549998
2023-10-17,LOW_RANGE|CONTINUE|H10_30,LOW_RANGE,CONTINUE,H10_30,CALL,2023-10-19,50,-90.0000000000003,40.00000000000021,103.66947135999999,-233.6694713600005
2023-10-17,LOW_RANGE|CONTINUE|H15_10,LOW_RANGE,CONTINUE,H15_10,CALL,2023-10-19,50,-259.9999999999999,40.00000000000014,103.05718698,-403.05718698000004
2023-10-17,LOW_RANGE|FADE|H10_30,LOW_RANGE,FADE,H10_30,PUT,2023-10-19,50,84.99999999999979,40.00000000000021,100.46844367,-55.468443670000426
2023-10-17,LOW_RANGE|FADE|H15_10,LOW_RANGE,FADE,H15_10,PUT,2023-10-19,50,77.50000000000003,40.00000000000021,100.43924398499999,-62.93924398500017
2023-10-18,MID_RANGE|CONTINUE|H10_30,MID_RANGE,CONTINUE,H10_30,CALL,2023-10-19,50,742.5,40.00000000000024,101.375261425,601.1247385749998
2023-10-18,MID_RANGE|CONTINUE|H15_10,MID_RANGE,CONTINUE,H15_10,CALL,2023-10-19,50,-2109.9999999999995,40.000000000000455,96.87088852,-2246.87088852
2023-10-18,MID_RANGE|FADE|H10_30,MID_RANGE,FADE,H10_30,PUT,2023-10-19,50,-605.0,40.00000000000024,99.19031666000001,-744.1903166600002
2023-10-18,MID_RANGE|FADE|H15_10,MID_RANGE,FADE,H15_10,PUT,2023-10-19,50,3407.5,39.99999999999909,106.437046795,3261.062953205001
2023-10-19,HIGH_RANGE|CONTINUE|H10_30,HIGH_RANGE,CONTINUE,H10_30,PUT,2023-10-19,50,-877.5,39.999999999999886,96.06273084499999,-1013.5627308449999
2023-10-19,HIGH_RANGE|CONTINUE|H15_10,HIGH_RANGE,CONTINUE,H15_10,PUT,2023-10-19,50,-1457.5,32.5,95.15995673,-1585.15995673
2023-10-19,HIGH_RANGE|FADE|H10_30,HIGH_RANGE,FADE,H10_30,CALL,2023-10-19,50,1260.0000000000002,40.00000000000023,99.49064455999999,1120.50935544
2023-10-19,HIGH_RANGE|FADE|H15_10,HIGH_RANGE,FADE,H15_10,CALL,2023-10-19,50,2382.5,40.000000000000455,100.952971885,2241.5470281149996
2023-10-20,HIGH_RANGE|CONTINUE|H10_30,HIGH_RANGE,CONTINUE,H10_30,PUT,2023-10-26,50,55.000000000000426,40.00000000000057,106.62599943,-91.62599943000014
2023-10-20,HIGH_RANGE|CONTINUE|H15_10,HIGH_RANGE,CONTINUE,H15_10,PUT,2023-10-26,50,312.50000000000034,40.00000000000051,107.097138345,165.4028616549998
2023-10-20,HIGH_RANGE|FADE|H10_30,HIGH_RANGE,FADE,H10_30,CALL,2023-10-26,50,-90.00000000000021,40.00000000000021,105.93288665,-235.93288665000043
2023-10-20,HIGH_RANGE|FADE|H15_10,HIGH_RANGE,FADE,H15_10,CALL,2023-10-26,50,-347.5000000000005,40.000000000000256,105.22006889500001,-492.7200688950008
2023-10-23,HIGH_RANGE|CONTINUE|H10_30,HIGH_RANGE,CONTINUE,H10_30,PUT,2023-10-26,50,1347.5,39.99999999999966,108.979471335,1198.5205286650003
2023-10-23,HIGH_RANGE|CONTINUE|H15_10,HIGH_RANGE,CONTINUE,H15_10,PUT,2023-10-26,50,4365.000000000001,40.0,122.04121932000001,4202.958780680001
2023-10-23,HIGH_RANGE|FADE|H10_30,HIGH_RANGE,FADE,H10_30,CALL,2023-10-26,50,-1032.5000000000005,40.00000000000017,100.379603995,-1172.8796039950005
2023-10-23,HIGH_RANGE|FADE|H15_10,HIGH_RANGE,FADE,H15_10,CALL,2023-10-26,50,-2317.5000000000005,39.999999999999886,98.04603643499999,-2455.5460364350006
2023-10-25,HIGH_RANGE|CONTINUE|H10_30,HIGH_RANGE,CONTINUE,H10_30,CALL,2023-10-26,50,-135.00000000000014,40.00000000000021,101.50971816,-276.5097181600004
2023-10-25,HIGH_RANGE|CONTINUE|H15_10,HIGH_RANGE,CONTINUE,H15_10,CALL,2023-10-26,50,-2447.5,40.00000000000006,97.601877495,-2585.101877495
2023-10-25,HIGH_RANGE|FADE|H10_30,HIGH_RANGE,FADE,H10_30,PUT,2023-10-26,50,-94.99999999999974,40.00000000000023,102.60737759999999,-237.60737759999995
2023-10-25,HIGH_RANGE|FADE|H15_10,HIGH_RANGE,FADE,H15_10,PUT,2023-10-26,50,3602.5,39.99999999999909,111.072395385,3451.4276046150007
2023-10-26,HIGH_RANGE|CONTINUE|H10_30,HIGH_RANGE,CONTINUE,H10_30,PUT,2023-10-26,50,2192.4999999999995,40.000000000000014,102.032034725,2050.4679652749996
2023-10-26,HIGH_RANGE|CONTINUE|H15_10,HIGH_RANGE,CONTINUE,H15_10,PUT,2023-10-26,50,2732.4999999999995,40.00000000000003,102.37294511500001,2590.1270548849993
2023-10-26,HIGH_RANGE|FADE|H10_30,HIGH_RANGE,FADE,H10_30,CALL,2023-10-26,50,-1932.5,40.000000000000014,97.530963265,-2070.030963265
2023-10-26,HIGH_RANGE|FADE|H15_10,HIGH_RANGE,FADE,H15_10,CALL,2023-10-26,50,-2657.5,40.0,96.142907855,-2793.642907855
2023-10-27,HIGH_RANGE|CONTINUE|H10_30,HIGH_RANGE,CONTINUE,H10_30,CALL,2023-11-02,50,374.9999999999997,39.99999999999915,113.40877685,221.5912231500006
2023-10-27,HIGH_RANGE|CONTINUE|H15_10,HIGH_RANGE,CONTINUE,H15_10,CALL,2023-11-02,50,1074.9999999999995,39.99999999999909,115.1658162,919.8341838000005
2023-10-27,HIGH_RANGE|FADE|H10_30,HIGH_RANGE,FADE,H10_30,PUT,2023-11-02,50,-364.9999999999995,40.000000000000625,107.30535673,-512.3053567300001
2023-10-27,HIGH_RANGE|FADE|H15_10,HIGH_RANGE,FADE,H15_10,PUT,2023-11-02,50,-1049.9999999999995,40.00000000000057,105.28602751999999,-1195.2860275200003
2023-10-30,MID_RANGE|CONTINUE|H10_30,MID_RANGE,CONTINUE,H10_30,CALL,2023-11-02,50,1365.0000000000002,39.99999999999966,109.12971277,1215.8702872300005
2023-10-30,MID_RANGE|CONTINUE|H15_10,MID_RANGE,CONTINUE,H15_10,CALL,2023-11-02,50,3007.5,40.0,113.902406955,2853.597593045
2023-10-30,MID_RANGE|FADE|H10_30,MID_RANGE,FADE,H10_30,PUT,2023-11-02,50,-1167.5,40.00000000000057,104.72476782499999,-1312.2247678250008
2023-10-30,MID_RANGE|FADE|H15_10,MID_RANGE,FADE,H15_10,PUT,2023-11-02,50,-2269.9999999999995,40.00000000000068,102.20782407000002,-2412.2078240700002
2023-10-31,LOW_RANGE|CONTINUE|H10_30,LOW_RANGE,CONTINUE,H10_30,CALL,2023-11-02,50,-982.5000000000002,40.000000000000114,102.50460083499999,-1125.0046008350002
2023-10-31,LOW_RANGE|CONTINUE|H15_10,LOW_RANGE,CONTINUE,H15_10,CALL,2023-11-02,50,-1070.0,40.00000000000023,102.12985493000001,-1212.12985493
2023-10-31,LOW_RANGE|FADE|H10_30,LOW_RANGE,FADE,H10_30,PUT,2023-11-02,50,834.9999999999998,40.00000000000017,106.11194678999999,688.8880532099995
2023-10-31,LOW_RANGE|FADE|H15_10,LOW_RANGE,FADE,H15_10,PUT,2023-11-02,50,667.4999999999993,40.000000000000284,105.387006995,522.1129930049991
2023-11-01,HIGH_RANGE|CONTINUE|H10_30,HIGH_RANGE,CONTINUE,H10_30,CALL,2023-11-02,50,-700.0000000000002,40.000000000000256,102.48591639,-842.4859163900005
2023-11-01,HIGH_RANGE|CONTINUE|H15_10,HIGH_RANGE,CONTINUE,H15_10,CALL,2023-11-02,50,-2132.5000000000005,39.99999999999943,99.77638894500001,-2272.276388945
2023-11-01,HIGH_RANGE|FADE|H10_30,HIGH_RANGE,FADE,H10_30,PUT,2023-11-02,50,197.5000000000001,40.00000000000021,101.371205945,56.128794054999915
2023-11-01,HIGH_RANGE|FADE|H15_10,HIGH_RANGE,FADE,H15_10,PUT,2023-11-02,50,1557.4999999999998,40.00000000000014,103.64354743499999,1413.8564525649997
2023-11-02,MID_RANGE|CONTINUE|H10_30,MID_RANGE,CONTINUE,H10_30,CALL,2023-11-02,50,-1012.5000000000001,39.999999999999886,95.876416425,-1148.3764164250001
2023-11-02,MID_RANGE|CONTINUE|H15_10,MID_RANGE,CONTINUE,H15_10,CALL,2023-11-02,50,-1492.5,37.5,95.14520440000001,-1625.1452044
2023-11-02,MID_RANGE|FADE|H10_30,MID_RANGE,FADE,H10_30,PUT,2023-11-02,50,610.0,40.00000000000022,98.91512503999999,471.08487495999975
2023-11-02,MID_RANGE|FADE|H15_10,MID_RANGE,FADE,H15_10,PUT,2023-11-02,50,-914.9999999999999,40.000000000000114,96.62782593,-1051.62782593
2023-11-03,LOW_RANGE|CONTINUE|H10_30,LOW_RANGE,CONTINUE,H10_30,CALL,2023-11-09,50,-550.0000000000006,40.00000000000034,107.61533134999999,-697.6153313500009
2023-11-03,LOW_RANGE|CONTINUE|H15_10,LOW_RANGE,CONTINUE,H15_10,CALL,2023-11-09,50,-1057.5,40.00000000000034,106.339734945,-1203.8397349450004
2023-11-03,LOW_RANGE|FADE|H10_30,LOW_RANGE,FADE,H10_30,PUT,2023-11-09,50,364.9999999999995,40.00000000000017,104.14576821,220.85423178999932
2023-11-03,LOW_RANGE|FADE|H15_10,LOW_RANGE,FADE,H15_10,PUT,2023-11-09,50,769.9999999999995,40.00000000000034,105.08582041,624.9141795899991
2023-11-06,MID_RANGE|CONTINUE|H10_30,MID_RANGE,CONTINUE,H10_30,CALL,2023-11-09,50,122.49999999999997,40.00000000000022,104.188500325,-21.688500325000263
2023-11-06,MID_RANGE|CONTINUE|H15_10,MID_RANGE,CONTINUE,H15_10,CALL,2023-11-09,50,1117.5000000000005,40.0000000000004,106.269873805,971.230126195
2023-11-06,MID_RANGE|FADE|H10_30,MID_RANGE,FADE,H10_30,PUT,2023-11-09,50,-137.4999999999998,40.00000000000022,101.81292804499999,-279.31292804500004
2023-11-06,MID_RANGE|FADE|H15_10,MID_RANGE,FADE,H15_10,PUT,2023-11-09,50,-957.4999999999998,40.0000000000004,100.169652485,-1097.6696524850001
2023-11-07,LOW_RANGE|CONTINUE|H10_30,LOW_RANGE,CONTINUE,H10_30,PUT,2023-11-09,50,-359.9999999999999,40.000000000000156,99.47181011,-499.4718101100001
2023-11-07,LOW_RANGE|CONTINUE|H15_10,LOW_RANGE,CONTINUE,H15_10,PUT,2023-11-09,50,-472.4999999999999,40.00000000000031,99.094234545,-611.5942345450003
2023-11-07,LOW_RANGE|FADE|H10_30,LOW_RANGE,FADE,H10_30,CALL,2023-11-09,50,402.5000000000001,40.000000000000156,104.356834015,258.14316598499994
2023-11-07,LOW_RANGE|FADE|H15_10,LOW_RANGE,FADE,H15_10,CALL,2023-11-09,50,252.49999999999957,40.000000000000185,104.140006245,108.35999375499938
2023-11-08,LOW_RANGE|CONTINUE|H10_30,LOW_RANGE,CONTINUE,H10_30,CALL,2023-11-09,50,-404.9999999999999,40.000000000000256,98.70635791000001,-543.7063579100002
2023-11-08,LOW_RANGE|CONTINUE|H15_10,LOW_RANGE,CONTINUE,H15_10,CALL,2023-11-09,50,-465.0,40.00000000000023,98.43557906999999,-603.4355790700002
2023-11-08,LOW_RANGE|FADE|H10_30,LOW_RANGE,FADE,H10_30,PUT,2023-11-09,50,229.99999999999994,40.0000000000003,100.87340091,89.12659908999966
2023-11-08,LOW_RANGE|FADE|H15_10,LOW_RANGE,FADE,H15_10,PUT,2023-11-09,50,-100.00000000000009,40.000000000000284,100.06732477999999,-240.06732478000038
2023-11-09,LOW_RANGE|CONTINUE|H10_30,LOW_RANGE,CONTINUE,H10_30,CALL,2023-11-09,50,-637.5000000000001,39.999999999999886,95.72830685499999,-773.228306855
2023-11-09,LOW_RANGE|CONTINUE|H15_10,LOW_RANGE,CONTINUE,H15_10,CALL,2023-11-09,50,-1140.0,35.0,94.97345182000001,-1269.97345182
2023-11-09,LOW_RANGE|FADE|H10_30,LOW_RANGE,FADE,H10_30,PUT,2023-11-09,50,250.00000000000028,40.00000000000028,98.74517270999999,111.25482729000001
2023-11-09,LOW_RANGE|FADE|H15_10,LOW_RANGE,FADE,H15_10,PUT,2023-11-09,50,785.0000000000002,40.000000000000334,99.40434733000001,645.5956526699999
2023-11-10,LOW_RANGE|CONTINUE|H10_30,LOW_RANGE,CONTINUE,H10_30,PUT,2023-11-16,50,-127.5000000000004,40.0000000000002,103.96500158500001,-271.4650015850006
2023-11-10,LOW_RANGE|CONTINUE|H15_10,LOW_RANGE,CONTINUE,H15_10,PUT,2023-11-16,50,-1167.5000000000002,40.00000000000023,101.61082892499999,-1309.1108289250005
2023-11-10,LOW_RANGE|FADE|H10_30,LOW_RANGE,FADE,H10_30,CALL,2023-11-16,50,30.00000000000007,40.00000000000021,105.00578061000002,-115.00578061000016
2023-11-10,LOW_RANGE|FADE|H15_10,LOW_RANGE,FADE,H15_10,CALL,2023-11-16,50,1285.0,39.99999999999966,108.02194867,1136.9780513300004
2023-11-13,HIGH_RANGE|CONTINUE|H10_30,HIGH_RANGE,CONTINUE,H10_30,CALL,2023-11-16,50,-622.5000000000001,40.00000000000017,100.810837495,-763.3108374950002
2023-11-13,HIGH_RANGE|CONTINUE|H15_10,HIGH_RANGE,CONTINUE,H15_10,CALL,2023-11-16,50,22.499999999999773,40.0000000000002,101.75109794500001,-119.25109794500044
2023-11-13,HIGH_RANGE|FADE|H10_30,HIGH_RANGE,FADE,H10_30,PUT,2023-11-16,50,634.9999999999999,40.00000000000027,102.58496633000001,492.4150336699995
2023-11-13,HIGH_RANGE|FADE|H15_10,HIGH_RANGE,FADE,H15_10,PUT,2023-11-16,50,-302.5000000000003,40.00000000000023,100.76154001500001,-443.2615400150005
2023-11-15,LOW_RANGE|CONTINUE|H10_30,LOW_RANGE,CONTINUE,H10_30,CALL,2023-11-16,50,-200.0,40.0000000000003,98.21552881999999,-338.2155288200003
2023-11-15,LOW_RANGE|CONTINUE|H15_10,LOW_RANGE,CONTINUE,H15_10,CALL,2023-11-16,50,769.9999999999999,40.00000000000024,99.61086515,630.3891348499997
2023-11-15,LOW_RANGE|FADE|H10_30,LOW_RANGE,FADE,H10_30,PUT,2023-11-16,50,57.499999999999844,40.000000000000306,100.54573573499998,-83.04573573500045
2023-11-15,LOW_RANGE|FADE|H15_10,LOW_RANGE,FADE,H15_10,PUT,2023-11-16,50,-1117.5000000000002,40.00000000000023,98.581559735,-1256.0815597350004
2023-11-16,LOW_RANGE|CONTINUE|H10_30,LOW_RANGE,CONTINUE,H10_30,CALL,2023-11-16,50,2527.5,40.00000000000045,100.651483285,2386.8485167149997
2023-11-16,LOW_RANGE|CONTINUE|H15_10,LOW_RANGE,CONTINUE,H15_10,CALL,2023-11-16,50,4170.0,40.0,102.90978799999999,4027.090212
2023-11-16,LOW_RANGE|FADE|H10_30,LOW_RANGE,FADE,H10_30,PUT,2023-11-16,50,-930.0,40.0,95.44933809,-1065.44933809
2023-11-16,LOW_RANGE|FADE|H15_10,LOW_RANGE,FADE,H15_10,PUT,2023-11-16,50,-1167.5,40.00000000000001,95.03902354499999,-1302.539023545
2023-11-17,HIGH_RANGE|CONTINUE|H10_30,HIGH_RANGE,CONTINUE,H10_30,PUT,2023-11-23,50,-482.5000000000002,40.000000000000284,103.490728035,-625.9907280350004
2023-11-17,HIGH_RANGE|CONTINUE|H15_10,HIGH_RANGE,CONTINUE,H15_10,PUT,2023-11-23,50,9.999999999999787,40.00000000000021,104.47554157000002,-134.47554157000044
2023-11-17,HIGH_RANGE|FADE|H10_30,HIGH_RANGE,FADE,H10_30,CALL,2023-11-23,50,677.4999999999993,40.00000000000006,109.82573417500001,527.6742658249992
2023-11-17,HIGH_RANGE|FADE|H15_10,HIGH_RANGE,FADE,H15_10,CALL,2023-11-23,50,-5.000000000000782,40.00000000000057,107.92148538000001,-152.92148538000134
2023-11-20,MID_RANGE|CONTINUE|H10_30,MID_RANGE,CONTINUE,H10_30,CALL,2023-11-23,50,267.4999999999997,40.00000000000021,105.37891379499999,122.1210862049995
2023-11-20,MID_RANGE|CONTINUE|H15_10,MID_RANGE,CONTINUE,H15_10,CALL,2023-11-23,50,-750.0000000000002,40.00000000000017,103.06121581999999,-893.0612158200004
2023-11-20,MID_RANGE|FADE|H10_30,MID_RANGE,FADE,H10_30,PUT,2023-11-23,50,-302.4999999999999,40.0000000000002,103.39212123499999,-445.89212123500005
2023-11-20,MID_RANGE|FADE|H15_10,MID_RANGE,FADE,H15_10,PUT,2023-11-23,50,684.9999999999995,40.00000000000014,105.33739862,539.6626013799994
2023-11-21,MID_RANGE|CONTINUE|H10_30,MID_RANGE,CONTINUE,H10_30,CALL,2023-11-23,50,-19.999999999999844,40.00000000000021,101.90012540000001,-161.90012540000006
2023-11-21,MID_RANGE|CONTINUE|H15_10,MID_RANGE,CONTINUE,H15_10,CALL,2023-11-23,50,-112.5,40.00000000000021,101.667032265,-254.16703226500022
2023-11-21,MID_RANGE|FADE|H10_30,MID_RANGE,FADE,H10_30,PUT,2023-11-23,50,-217.5000000000001,40.00000000000027,101.620754935,-359.1207549350004
2023-11-21,MID_RANGE|FADE|H15_10,MID_RANGE,FADE,H15_10,PUT,2023-11-23,50,-347.5000000000001,40.000000000000284,101.283492405,-488.7834924050004
2023-11-22,LOW_RANGE|CONTINUE|H10_30,LOW_RANGE,CONTINUE,H10_30,CALL,2023-11-23,50,192.49999999999986,40.000000000000306,100.73205015500001,51.767949844999535
2023-11-22,LOW_RANGE|CONTINUE|H15_10,LOW_RANGE,CONTINUE,H15_10,CALL,2023-11-23,50,527.4999999999998,40.000000000000284,100.875934475,386.6240655249994
2023-11-22,LOW_RANGE|FADE|H10_30,LOW_RANGE,FADE,H10_30,PUT,2023-11-23,50,-284.9999999999998,40.0000000000003,99.38269801999999,-424.38269802
2023-11-22,LOW_RANGE|FADE|H15_10,LOW_RANGE,FADE,H15_10,PUT,2023-11-23,50,-1165.0,40.0,97.81721886999998,-1302.81721887
2023-11-23,HIGH_RANGE|CONTINUE|H10_30,HIGH_RANGE,CONTINUE,H10_30,CALL,2023-11-23,50,-1472.5,40.0,96.457363335,-1608.957363335
2023-11-23,HIGH_RANGE|CONTINUE|H15_10,HIGH_RANGE,CONTINUE,H15_10,CALL,2023-11-23,50,-2137.5,37.5,95.45051950999999,-2270.45051951
2023-11-23,HIGH_RANGE|FADE|H10_30,HIGH_RANGE,FADE,H10_30,PUT,2023-11-23,50,997.5,40.00000000000011,98.017831595,859.4821684049999
2023-11-23,HIGH_RANGE|FADE|H15_10,HIGH_RANGE,FADE,H15_10,PUT,2023-11-23,50,1447.4999999999998,39.99999999999999,98.510294125,1308.9897058749998
2023-11-24,LOW_RANGE|CONTINUE|H10_30,LOW_RANGE,CONTINUE,H10_30,CALL,2023-11-30,50,-682.5000000000002,40.000000000000284,102.93825637500001,-825.4382563750005
2023-11-24,LOW_RANGE|CONTINUE|H15_10,LOW_RANGE,CONTINUE,H15_10,CALL,2023-11-30,50,-825.0,40.00000000000017,102.48106343000002,-967.4810634300003
2023-11-24,LOW_RANGE|FADE|H10_30,LOW_RANGE,FADE,H10_30,PUT,2023-11-30,50,607.5000000000005,40.000000000000284,105.079046795,462.4209532050002
2023-11-24,LOW_RANGE|FADE|H15_10,LOW_RANGE,FADE,H15_10,PUT,2023-11-30,50,620.0000000000002,40.00000000000014,104.87364031,475.12635969000013
2023-11-28,MID_RANGE|CONTINUE|H10_30,MID_RANGE,CONTINUE,H10_30,CALL,2023-11-30,50,-179.99999999999955,40.00000000000031,101.27410034,-321.2741003399999
2023-11-28,MID_RANGE|CONTINUE|H15_10,MID_RANGE,CONTINUE,H15_10,CALL,2023-11-30,50,1890.0,39.99999999999994,104.94116525000001,1745.05883475
2023-11-28,MID_RANGE|FADE|H10_30,MID_RANGE,FADE,H10_30,PUT,2023-11-30,50,32.500000000000114,40.00000000000022,101.616517845,-109.11651784500012
2023-11-28,MID_RANGE|FADE|H15_10,MID_RANGE,FADE,H15_10,PUT,2023-11-30,50,-1342.5,39.99999999999977,99.150994555,-1481.6509945549997
2023-11-29,LOW_RANGE|CONTINUE|H10_30,LOW_RANGE,CONTINUE,H10_30,CALL,2023-11-30,50,565.0000000000002,40.00000000000024,101.3472698,423.6527302
2023-11-29,LOW_RANGE|CONTINUE|H15_10,LOW_RANGE,CONTINUE,H15_10,CALL,2023-11-30,50,3567.5,39.99999999999898,106.523942135,3420.9760578650007
2023-11-29,LOW_RANGE|FADE|H10_30,LOW_RANGE,FADE,H10_30,PUT,2023-11-30,50,-385.0000000000001,40.000000000000355,98.75788694,-523.7578869400005
2023-11-29,LOW_RANGE|FADE|H15_10,LOW_RANGE,FADE,H15_10,PUT,2023-11-30,50,-1525.0,40.000000000000256,96.99194506999999,-1661.9919450700002
2023-11-30,LOW_RANGE|CONTINUE|H10_30,LOW_RANGE,CONTINUE,H10_30,CALL,2023-11-30,50,-1800.0,39.99999999999977,96.45887045,-1936.4588704499997
2023-11-30,LOW_RANGE|CONTINUE|H15_10,LOW_RANGE,CONTINUE,H15_10,CALL,2023-11-30,50,-630.0,40.00000000000024,97.99768348,-767.9976834800002
2023-11-30,LOW_RANGE|FADE|H10_30,LOW_RANGE,FADE,H10_30,PUT,2023-11-30,50,2007.5,39.999999999999545,100.534065715,1866.9659342850005
2023-11-30,LOW_RANGE|FADE|H15_10,LOW_RANGE,FADE,H15_10,PUT,2023-11-30,50,-1327.5,40.00000000000003,95.333237145,-1462.833237145
2023-12-01,MID_RANGE|CONTINUE|H10_30,MID_RANGE,CONTINUE,H10_30,CALL,2023-12-07,50,97.50000000000051,39.99999999999915,112.881461235,-55.38146123499864
2023-12-01,MID_RANGE|CONTINUE|H15_10,MID_RANGE,CONTINUE,H15_10,CALL,2023-12-07,50,212.49999999999966,39.99999999999915,113.020894295,59.47910570500051
2023-12-01,MID_RANGE|FADE|H10_30,MID_RANGE,FADE,H10_30,PUT,2023-12-07,50,-55.000000000000426,40.00000000000057,108.47819412999999,-203.478194130001
2023-12-01,MID_RANGE|FADE|H15_10,MID_RANGE,FADE,H15_10,PUT,2023-12-07,50,-195.00000000000028,40.00000000000057,108.23368267,-343.23368267000086
2023-12-04,LOW_RANGE|CONTINUE|H10_30,LOW_RANGE,CONTINUE,H10_30,CALL,2023-12-07,50,-349.9999999999997,40.00000000000034,108.16315534,-498.16315534000006
2023-12-04,LOW_RANGE|CONTINUE|H15_10,LOW_RANGE,CONTINUE,H15_10,CALL,2023-12-07,50,1557.5000000000005,39.99999999999977,114.74218339500001,1402.7578166050007
2023-12-04,LOW_RANGE|FADE|H10_30,LOW_RANGE,FADE,H10_30,PUT,2023-12-07,50,169.9999999999994,40.00000000000021,103.73979932,26.260200679999173
2023-12-04,LOW_RANGE|FADE|H15_10,LOW_RANGE,FADE,H15_10,PUT,2023-12-07,50,-982.5000000000002,40.00000000000017,101.765621305,-1124.2656213050004
2023-12-05,MID_RANGE|CONTINUE|H10_30,MID_RANGE,CONTINUE,H10_30,CALL,2023-12-07,50,1167.5000000000007,39.99999999999977,111.09516691500001,1016.4048330850009
2023-12-05,MID_RANGE|CONTINUE|H15_10,MID_RANGE,CONTINUE,H15_10,CALL,2023-12-07,50,1832.4999999999998,39.99999999999966,110.887857535,1681.612142465
2023-12-05,MID_RANGE|FADE|H10_30,MID_RANGE,FADE,H10_30,PUT,2023-12-07,50,-1047.5,40.00000000000017,103.913853535,-1191.4138535350003
2023-12-05,MID_RANGE|FADE|H15_10,MID_RANGE,FADE,H15_10,PUT,2023-12-07,50,-1995.0,40.00000000000034,101.63475322999999,-2136.6347532300006
2023-12-06,LOW_RANGE|CONTINUE|H10_30,LOW_RANGE,CONTINUE,H10_30,CALL,2023-12-07,50,-687.5,40.00000000000017,101.12788774500001,-828.6278877450002
2023-12-06,LOW_RANGE|CONTINUE|H15_10,LOW_RANGE,CONTINUE,H15_10,CALL,2023-12-07,50,87.5,40.00000000000017,101.875576345,-54.37557634500017
2023-12-06,LOW_RANGE|FADE|H10_30,LOW_RANGE,FADE,H10_30,PUT,2023-12-07,50,564.9999999999995,40.00000000000017,104.96315705999999,420.03684293999936
2023-12-06,LOW_RANGE|FADE|H15_10,LOW_RANGE,FADE,H15_10,PUT,2023-12-07,50,-862.5000000000005,40.00000000000017,101.484541395,-1003.9845413950006
2023-12-07,MID_RANGE|CONTINUE|H10_30,MID_RANGE,CONTINUE,H10_30,PUT,2023-12-07,50,-769.9999999999999,40.00000000000001,96.19620257000001,-906.1962025699999
2023-12-07,MID_RANGE|CONTINUE|H15_10,MID_RANGE,CONTINUE,H15_10,PUT,2023-12-07,50,-1397.5,35.00000000000003,95.227349425,-1527.727349425
2023-12-07,MID_RANGE|FADE|H10_30,MID_RANGE,FADE,H10_30,CALL,2023-12-07,50,-942.5000000000001,40.000000000000114,97.867035495,-1080.3670354950002
2023-12-07,MID_RANGE|FADE|H15_10,MID_RANGE,FADE,H15_10,CALL,2023-12-07,50,205.00000000000006,40.0000000000003,99.37866918,65.62133081999977
2023-12-08,HIGH_RANGE|CONTINUE|H10_30,HIGH_RANGE,CONTINUE,H10_30,CALL,2023-12-14,50,662.4999999999997,39.99999999999915,114.712455685,507.78754431500045
2023-12-08,HIGH_RANGE|CONTINUE|H15_10,HIGH_RANGE,CONTINUE,H15_10,CALL,2023-12-14,50,190.00000000000057,39.99999999999915,112.97512427000001,37.02487573000141
2023-12-08,HIGH_RANGE|FADE|H10_30,HIGH_RANGE,FADE,H10_30,PUT,2023-12-14,50,-672.5000000000005,40.00000000000034,104.30022601499999,-816.8002260150007
2023-12-08,HIGH_RANGE|FADE|H15_10,HIGH_RANGE,FADE,H15_10,PUT,2023-12-14,50,-477.5000000000002,40.00000000000034,104.67366121500001,-622.1736612150006
2023-12-11,LOW_RANGE|CONTINUE|H10_30,LOW_RANGE,CONTINUE,H10_30,CALL,2023-12-14,50,942.4999999999995,40.00000000000006,111.367150855,791.1328491449995
2023-12-11,LOW_RANGE|CONTINUE|H15_10,LOW_RANGE,CONTINUE,H15_10,CALL,2023-12-14,50,517.5,39.99999999999983,110.087414085,367.41258591500014
2023-12-11,LOW_RANGE|FADE|H10_30,LOW_RANGE,FADE,H10_30,PUT,2023-12-14,50,-892.4999999999998,40.00000000000017,102.459945105,-1034.959945105
2023-12-11,LOW_RANGE|FADE|H15_10,LOW_RANGE,FADE,H15_10,PUT,2023-12-14,50,-724.9999999999995,40.0000000000004,102.65040285,-867.65040285
2023-12-12,LOW_RANGE|CONTINUE|H10_30,LOW_RANGE,CONTINUE,H10_30,CALL,2023-12-14,50,-517.5,40.000000000000114,105.858007745,-663.358007745
2023-12-12,LOW_RANGE|CONTINUE|H15_10,LOW_RANGE,CONTINUE,H15_10,CALL,2023-12-14,50,-1520.0,39.999999999999886,103.57082312,-1663.5708231200001
2023-12-12,LOW_RANGE|FADE|H10_30,LOW_RANGE,FADE,H10_30,PUT,2023-12-14,50,367.4999999999997,40.00000000000023,102.629516455,224.8704835449995
2023-12-12,LOW_RANGE|FADE|H15_10,LOW_RANGE,FADE,H15_10,PUT,2023-12-14,50,1412.5,40.000000000000114,105.083715185,1267.416284815
2023-12-13,MID_RANGE|CONTINUE|H10_30,MID_RANGE,CONTINUE,H10_30,CALL,2023-12-14,50,-2645.0,40.0,101.17542546,-2786.17542546
2023-12-13,MID_RANGE|CONTINUE|H15_10,MID_RANGE,CONTINUE,H15_10,CALL,2023-12-14,50,-1185.0000000000002,40.000000000000114,103.20811140999999,-1328.2081114100004
2023-12-13,MID_RANGE|FADE|H10_30,MID_RANGE,FADE,H10_30,PUT,2023-12-14,50,2204.9999999999995,40.0,103.41613138,2061.5838686199995
2023-12-13,MID_RANGE|FADE|H15_10,MID_RANGE,FADE,H15_10,PUT,2023-12-14,50,-234.99999999999997,40.000000000000256,98.55177674000001,-373.55177674000026
2023-12-14,HIGH_RANGE|CONTINUE|H10_30,HIGH_RANGE,CONTINUE,H10_30,CALL,2023-12-14,50,87.5,39.99999999999993,96.777082355,-49.27708235499993
2023-12-14,HIGH_RANGE|CONTINUE|H15_10,HIGH_RANGE,CONTINUE,H15_10,CALL,2023-12-14,50,-130.00000000000006,39.99999999999994,96.37646781000001,-266.37646781
2023-12-14,HIGH_RANGE|FADE|H10_30,HIGH_RANGE,FADE,H10_30,PUT,2023-12-14,50,-1097.5000000000002,40.0,97.517647965,-1235.0176479650002
2023-12-14,HIGH_RANGE|FADE|H15_10,HIGH_RANGE,FADE,H15_10,PUT,2023-12-14,50,-2315.0,37.50000000000047,95.692092745,-2448.1920927450005
2023-12-15,LOW_RANGE|CONTINUE|H10_30,LOW_RANGE,CONTINUE,H10_30,CALL,2023-12-21,50,574.9999999999998,39.99999999999943,117.36334295,417.63665705000034
2023-12-15,LOW_RANGE|CONTINUE|H15_10,LOW_RANGE,CONTINUE,H15_10,CALL,2023-12-21,50,2409.999999999999,39.999999999998636,125.91732578000001,2244.0826742200006
2023-12-15,LOW_RANGE|FADE|H10_30,LOW_RANGE,FADE,H10_30,PUT,2023-12-21,50,-374.99999999999966,40.00000000000021,103.3546349,-518.3546348999998
2023-12-15,LOW_RANGE|FADE|H15_10,LOW_RANGE,FADE,H15_10,PUT,2023-12-21,50,-1232.4999999999995,40.0000000000004,101.700143345,-1374.200143345
2023-12-18,HIGH_RANGE|CONTINUE|H10_30,HIGH_RANGE,CONTINUE,H10_30,PUT,2023-12-21,50,-14.999999999999858,40.00000000000057,107.74931926000001,-162.74931926000045
2023-12-18,HIGH_RANGE|CONTINUE|H15_10,HIGH_RANGE,CONTINUE,H15_10,PUT,2023-12-21,50,410.0000000000005,40.00000000000057,108.38767757000001,261.61232242999995
2023-12-18,HIGH_RANGE|FADE|H10_30,HIGH_RANGE,FADE,H10_30,CALL,2023-12-21,50,-17.500000000000426,40.00000000000057,110.381011815,-167.881011815001
2023-12-18,HIGH_RANGE|FADE|H15_10,HIGH_RANGE,FADE,H15_10,CALL,2023-12-21,50,-687.4999999999995,40.00000000000057,108.05756371499999,-835.5575637150001
2023-12-19,LOW_RANGE|CONTINUE|H10_30,LOW_RANGE,CONTINUE,H10_30,CALL,2023-12-21,50,-1042.5000000000002,40.00000000000017,102.020029175,-1184.5200291750004
2023-12-19,LOW_RANGE|CONTINUE|H15_10,LOW_RANGE,CONTINUE,H15_10,CALL,2023-12-21,50,215.00000000000003,40.0000000000002,104.36117375,70.63882624999982
2023-12-19,LOW_RANGE|FADE|H10_30,LOW_RANGE,FADE,H10_30,PUT,2023-12-21,50,965.0000000000002,40.00000000000034,108.16419954999999,816.8358004499997
2023-12-19,LOW_RANGE|FADE|H15_10,LOW_RANGE,FADE,H15_10,PUT,2023-12-21,50,-947.5,40.000000000000114,103.469700515,-1090.969700515
2023-12-20,HIGH_RANGE|CONTINUE|H10_30,HIGH_RANGE,CONTINUE,H10_30,CALL,2023-12-21,50,-102.49999999999994,40.00000000000021,102.15988761499999,-244.65988761500017
2023-12-20,HIGH_RANGE|CONTINUE|H15_10,HIGH_RANGE,CONTINUE,H15_10,CALL,2023-12-21,50,-2960.0,40.000000000000455,97.27198077,-3097.2719807700005
2023-12-20,HIGH_RANGE|FADE|H10_30,HIGH_RANGE,FADE,H10_30,PUT,2023-12-21,50,-177.50000000000009,40.000000000000284,100.199377235,-317.6993772350004
2023-12-20,HIGH_RANGE|FADE|H15_10,HIGH_RANGE,FADE,H15_10,PUT,2023-12-21,50,7452.5,39.99999999999818,128.430329495,7284.069670505002
2023-12-21,HIGH_RANGE|CONTINUE|H10_30,HIGH_RANGE,CONTINUE,H10_30,PUT,2023-12-21,50,-1935.0000000000005,39.99999999999994,98.13162403000001,-2073.1316240300002
2023-12-21,HIGH_RANGE|CONTINUE|H15_10,HIGH_RANGE,CONTINUE,H15_10,PUT,2023-12-21,50,-2660.0000000000005,35.0,96.75993663,-2791.7599366300005
2023-12-21,HIGH_RANGE|FADE|H10_30,HIGH_RANGE,FADE,H10_30,CALL,2023-12-21,50,1382.5000000000002,40.000000000000156,103.13108679499999,1239.368913205
2023-12-21,HIGH_RANGE|FADE|H15_10,HIGH_RANGE,FADE,H15_10,CALL,2023-12-21,50,7202.5,39.99999999999841,114.287059105,7048.212940895002
2023-12-22,HIGH_RANGE|CONTINUE|H10_30,HIGH_RANGE,CONTINUE,H10_30,CALL,2023-12-28,50,1575.0,39.999999999999545,123.99721036,1411.0027896400004
2023-12-22,HIGH_RANGE|CONTINUE|H15_10,HIGH_RANGE,CONTINUE,H15_10,CALL,2023-12-28,50,1525.0,39.99999999999932,121.55152429,1363.4484757100006
2023-12-22,HIGH_RANGE|FADE|H10_30,HIGH_RANGE,FADE,H10_30,PUT,2023-12-28,50,-1085.0,40.000000000000796,106.06845176,-1231.068451760001
2023-12-22,HIGH_RANGE|FADE|H15_10,HIGH_RANGE,FADE,H15_10,PUT,2023-12-28,50,-1172.5,40.000000000000796,105.87496498499999,-1318.3749649850008
2023-12-26,HIGH_RANGE|CONTINUE|H10_30,HIGH_RANGE,CONTINUE,H10_30,CALL,2023-12-28,50,1684.999999999999,39.99999999999977,115.06661425,1529.9333857499994
2023-12-26,HIGH_RANGE|CONTINUE|H15_10,HIGH_RANGE,CONTINUE,H15_10,CALL,2023-12-28,50,1145.0,39.99999999999983,112.15089468000001,992.84910532
2023-12-26,HIGH_RANGE|FADE|H10_30,HIGH_RANGE,FADE,H10_30,PUT,2023-12-28,50,-1184.9999999999995,40.00000000000057,103.39401820999998,-1328.3940182100002
2023-12-26,HIGH_RANGE|FADE|H15_10,HIGH_RANGE,FADE,H15_10,PUT,2023-12-28,50,-1077.5,40.00000000000057,103.271868085,-1220.7718680850005
2023-12-27,LOW_RANGE|CONTINUE|H10_30,LOW_RANGE,CONTINUE,H10_30,CALL,2023-12-28,50,1242.5000000000002,40.00000000000017,105.10351392499999,1097.396486075
2023-12-27,LOW_RANGE|CONTINUE|H15_10,LOW_RANGE,CONTINUE,H15_10,CALL,2023-12-28,50,3447.5,39.99999999999886,109.95614230500001,3297.543857695001
2023-12-27,LOW_RANGE|FADE|H10_30,LOW_RANGE,FADE,H10_30,PUT,2023-12-28,50,-1034.9999999999998,40.00000000000017,101.90050342,-1176.90050342
2023-12-27,LOW_RANGE|FADE|H15_10,LOW_RANGE,FADE,H15_10,PUT,2023-12-28,50,-2059.9999999999995,40.0,99.62332081,-2199.6233208099993
2023-12-28,MID_RANGE|CONTINUE|H10_30,MID_RANGE,CONTINUE,H10_30,CALL,2023-12-28,50,-962.5,40.000000000000256,98.814755515,-1101.3147555150003
2023-12-28,MID_RANGE|CONTINUE|H15_10,MID_RANGE,CONTINUE,H15_10,CALL,2023-12-28,50,-1530.0,40.00000000000023,97.76568096,-1667.7656809600003
2023-12-28,MID_RANGE|FADE|H10_30,MID_RANGE,FADE,H10_30,PUT,2023-12-28,50,67.4999999999999,40.000000000000256,100.27637320500001,-72.77637320500037
2023-12-28,MID_RANGE|FADE|H15_10,MID_RANGE,FADE,H15_10,PUT,2023-12-28,50,-2310.0,40.0,96.35095055,-2446.35095055
2023-12-29,HIGH_RANGE|CONTINUE|H10_30,HIGH_RANGE,CONTINUE,H10_30,PUT,2024-01-04,50,327.50000000000057,39.99999999999915,114.294358835,173.20564116500142
2023-12-29,HIGH_RANGE|CONTINUE|H15_10,HIGH_RANGE,CONTINUE,H15_10,PUT,2024-01-04,50,-67.49999999999966,39.999999999999886,111.453611935,-218.95361193499954
2023-12-29,HIGH_RANGE|FADE|H10_30,HIGH_RANGE,FADE,H10_30,CALL,2024-01-04,50,-372.5000000000002,39.99999999999909,117.09668375500002,-529.5966837549993
2023-12-29,HIGH_RANGE|FADE|H15_10,HIGH_RANGE,FADE,H15_10,CALL,2024-01-04,50,-182.50000000000102,39.999999999999204,117.04940365500002,-339.5494036550002
2024-01-01,HIGH_RANGE|CONTINUE|H10_30,HIGH_RANGE,CONTINUE,H10_30,PUT,2024-01-04,50,-292.5,40.000000000000625,107.19411762499999,-439.6941176250006
2024-01-01,HIGH_RANGE|CONTINUE|H15_10,HIGH_RANGE,CONTINUE,H15_10,PUT,2024-01-04,50,-1350.0000000000005,40.00000000000057,104.69435120000001,-1494.694351200001
2024-01-01,HIGH_RANGE|FADE|H10_30,HIGH_RANGE,FADE,H10_30,CALL,2024-01-04,50,237.4999999999993,39.99999999999915,111.541117225,85.95888277500015
2024-01-01,HIGH_RANGE|FADE|H15_10,HIGH_RANGE,FADE,H15_10,CALL,2024-01-04,50,1237.4999999999995,39.99999999999909,113.96884328499999,1083.5311567150004
2024-01-02,HIGH_RANGE|CONTINUE|H10_30,HIGH_RANGE,CONTINUE,H10_30,CALL,2024-01-04,50,-1522.5,40.0,102.786478225,-1665.2864782249999
2024-01-02,HIGH_RANGE|CONTINUE|H15_10,HIGH_RANGE,CONTINUE,H15_10,CALL,2024-01-04,50,-1840.0,40.0,101.75640493,-1981.75640493
2024-01-02,HIGH_RANGE|FADE|H10_30,HIGH_RANGE,FADE,H10_30,PUT,2024-01-04,50,1745.0,39.999999999999545,111.46588398000002,1593.5341160200005
2024-01-02,HIGH_RANGE|FADE|H15_10,HIGH_RANGE,FADE,H15_10,PUT,2024-01-04,50,1662.5000000000002,39.99999999999977,110.619500735,1511.8804992650005
2024-01-03,HIGH_RANGE|CONTINUE|H10_30,HIGH_RANGE,CONTINUE,H10_30,CALL,2024-01-04,50,-854.9999999999995,40.00000000000017,102.58735285,-997.5873528499997
2024-01-03,HIGH_RANGE|CONTINUE|H15_10,HIGH_RANGE,CONTINUE,H15_10,CALL,2024-01-04,50,-2570.0,40.000000000000114,99.3155511,-2709.3155511
2024-01-03,HIGH_RANGE|FADE|H10_30,HIGH_RANGE,FADE,H10_30,PUT,2024-01-04,50,394.99999999999994,40.00000000000021,103.61654082000001,251.3834591799997
2024-01-03,HIGH_RANGE|FADE|H15_10,HIGH_RANGE,FADE,H15_10,PUT,2024-01-04,50,2367.5,40.00000000000037,106.69021700500001,2220.8097829949998
2024-01-04,HIGH_RANGE|CONTINUE|H10_30,HIGH_RANGE,CONTINUE,H10_30,CALL,2024-01-04,50,779.9999999999999,40.00000000000022,99.24390155,640.7560984499996
2024-01-04,HIGH_RANGE|CONTINUE|H15_10,HIGH_RANGE,CONTINUE,H15_10,CALL,2024-01-04,50,562.5,40.00000000000028,98.83863933500001,423.66136066499973
2024-01-04,HIGH_RANGE|FADE|H10_30,HIGH_RANGE,FADE,H10_30,PUT,2024-01-04,50,-1017.5,40.000000000000234,96.20862366499999,-1153.7086236650002
2024-01-04,HIGH_RANGE|FADE|H15_10,HIGH_RANGE,FADE,H15_10,PUT,2024-01-04,50,-1570.0000000000002,37.500000000000014,95.314438215,-1702.8144382150003
2024-01-05,HIGH_RANGE|CONTINUE|H10_30,HIGH_RANGE,CONTINUE,H10_30,CALL,2024-01-11,50,167.50000000000043,40.00000000000057,108.90447202499999,18.595527974999868
2024-01-05,HIGH_RANGE|CONTINUE|H15_10,HIGH_RANGE,CONTINUE,H15_10,CALL,2024-01-11,50,37.5000000000004,40.000000000000625,108.172157545,-110.67215754500023
2024-01-05,HIGH_RANGE|FADE|H10_30,HIGH_RANGE,FADE,H10_30,PUT,2024-01-11,50,-167.49999999999974,40.00000000000051,109.587872965,-317.08787296500026
2024-01-05,HIGH_RANGE|FADE|H15_10,HIGH_RANGE,FADE,H15_10,PUT,2024-01-11,50,-247.50000000000014,40.00000000000057,109.32598480499999,-396.82598480500064
2024-01-08,MID_RANGE|CONTINUE|H10_30,MID_RANGE,CONTINUE,H10_30,CALL,2024-01-11,50,-77.5000000000004,40.000000000000384,107.721330595,-225.22133059500078
2024-01-08,MID_RANGE|CONTINUE|H15_10,MID_RANGE,CONTINUE,H15_10,CALL,2024-01-11,50,-2470.0,40.000000000000455,102.5244667,-2612.5244667000006
2024-01-08,MID_RANGE|FADE|H10_30,MID_RANGE,FADE,H10_30,PUT,2024-01-11,50,17.500000000000604,40.00000000000021,105.806088855,-128.30608885499962
2024-01-08,MID_RANGE|FADE|H15_10,MID_RANGE,FADE,H15_10,PUT,2024-01-11,50,3090.0000000000014,40.0,115.12989913999999,2934.8701008600015
2024-01-09,HIGH_RANGE|CONTINUE|H10_30,HIGH_RANGE,CONTINUE,H10_30,CALL,2024-01-11,50,485.0000000000005,40.00000000000027,107.07622826999999,337.9237717300002
2024-01-09,HIGH_RANGE|CONTINUE|H15_10,HIGH_RANGE,CONTINUE,H15_10,CALL,2024-01-11,50,-1977.5,40.000000000000455,101.81752835500001,-2119.3175283550004
2024-01-09,HIGH_RANGE|FADE|H10_30,HIGH_RANGE,FADE,H10_30,PUT,2024-01-11,50,-310.0,40.000000000000156,102.29395745,-452.29395745000016
2024-01-09,HIGH_RANGE|FADE|H15_10,HIGH_RANGE,FADE,H15_10,PUT,2024-01-11,50,2017.5,39.99999999999977,108.049550435,1869.4504495650003
2024-01-10,MID_RANGE|CONTINUE|H10_30,MID_RANGE,CONTINUE,H10_30,PUT,2024-01-11,50,-760.0000000000001,40.00000000000017,103.1214332,-903.1214332000002
2024-01-10,MID_RANGE|CONTINUE|H15_10,MID_RANGE,CONTINUE,H15_10,PUT,2024-01-11,50,-2422.5000000000005,39.99999999999977,99.59390991499998,-2562.093909915
2024-01-10,MID_RANGE|FADE|H10_30,MID_RANGE,FADE,H10_30,CALL,2024-01-11,50,812.4999999999999,40.000000000000114,104.58357003500001,667.9164299649998
2024-01-10,MID_RANGE|FADE|H15_10,MID_RANGE,FADE,H15_10,CALL,2024-01-11,50,3567.500000000001,40.000000000000114,109.37761151500001,3418.122388485001
2024-01-11,HIGH_RANGE|CONTINUE|H10_30,HIGH_RANGE,CONTINUE,H10_30,CALL,2024-01-11,50,-1222.5000000000002,39.99999999999999,96.29975313499999,-1358.7997531350002
2024-01-11,HIGH_RANGE|CONTINUE|H15_10,HIGH_RANGE,CONTINUE,H15_10,CALL,2024-01-11,50,-1825.0,35.00000000000023,95.36161566999999,-1955.3616156700002
2024-01-11,HIGH_RANGE|FADE|H10_30,HIGH_RANGE,FADE,H10_30,PUT,2024-01-11,50,1000.0000000000001,40.000000000000355,99.38313523999999,860.6168647599998
2024-01-11,HIGH_RANGE|FADE|H15_10,HIGH_RANGE,FADE,H15_10,PUT,2024-01-11,50,1215.0,40.00000000000023,99.39445683999999,1075.6055431599998
2024-01-12,MID_RANGE|CONTINUE|H10_30,MID_RANGE,CONTINUE,H10_30,CALL,2024-01-18,50,994.9999999999991,39.99999999999932,116.17274195,838.8272580499997
2024-01-12,MID_RANGE|CONTINUE|H15_10,MID_RANGE,CONTINUE,H15_10,CALL,2024-01-18,50,1769.999999999999,39.99999999999818,119.03976807000001,1610.9602319300009
2024-01-12,MID_RANGE|FADE|H10_30,MID_RANGE,FADE,H10_30,PUT,2024-01-18,50,-789.9999999999995,40.00000000000051,108.82351729999999,-938.8235173
2024-01-12,MID_RANGE|FADE|H15_10,MID_RANGE,FADE,H15_10,PUT,2024-01-18,50,-1400.0,40.00000000000068,107.0404129,-1547.0404129000005
2024-01-15,HIGH_RANGE|CONTINUE|H10_30,HIGH_RANGE,CONTINUE,H10_30,CALL,2024-01-18,50,-682.4999999999992,39.999999999999886,109.575129135,-832.0751291349991
2024-01-15,HIGH_RANGE|CONTINUE|H15_10,HIGH_RANGE,CONTINUE,H15_10,CALL,2024-01-18,50,290.0000000000002,39.99999999999915,111.52707453,138.4729254700011
2024-01-15,HIGH_RANGE|FADE|H10_30,HIGH_RANGE,FADE,H10_30,PUT,2024-01-18,50,512.5,39.999999999999886,110.92156968500001,361.5784303150001
2024-01-15,HIGH_RANGE|FADE|H15_10,HIGH_RANGE,FADE,H15_10,PUT,2024-01-18,50,-512.5,40.00000000000057,107.78456812499999,-660.2845681250005
2024-01-16,HIGH_RANGE|CONTINUE|H10_30,HIGH_RANGE,CONTINUE,H10_30,CALL,2024-01-18,50,400.00000000000017,40.00000000000034,108.63844942,251.36155057999983
2024-01-16,HIGH_RANGE|CONTINUE|H15_10,HIGH_RANGE,CONTINUE,H15_10,CALL,2024-01-18,50,-877.5,40.000000000000114,105.34877550499999,-1022.8487755050003
2024-01-16,HIGH_RANGE|FADE|H10_30,HIGH_RANGE,FADE,H10_30,PUT,2024-01-18,50,-350.0,40.00000000000057,106.22972462000001,-496.2297246200006
2024-01-16,HIGH_RANGE|FADE|H15_10,HIGH_RANGE,FADE,H15_10,PUT,2024-01-18,50,275.0000000000002,40.0000000000004,106.83494816999999,128.1650518299998
2024-01-17,LOW_RANGE|CONTINUE|H10_30,LOW_RANGE,CONTINUE,H10_30,PUT,2024-01-18,50,-92.49999999999994,40.000000000000284,105.08347437500001,-237.58347437500024
2024-01-17,LOW_RANGE|CONTINUE|H15_10,LOW_RANGE,CONTINUE,H15_10,PUT,2024-01-18,50,4532.5,40.000000000001364,118.07666008500001,4374.423339914998
2024-01-17,LOW_RANGE|FADE|H10_30,LOW_RANGE,FADE,H10_30,CALL,2024-01-18,50,-360.0000000000003,40.00000000000023,103.83132456999999,-503.8313245700005
2024-01-17,LOW_RANGE|FADE|H15_10,LOW_RANGE,FADE,H15_10,CALL,2024-01-18,50,-2952.5000000000005,40.000000000000114,99.150953115,-3091.6509531150004
2024-01-18,HIGH_RANGE|CONTINUE|H10_30,HIGH_RANGE,CONTINUE,H10_30,PUT,2024-01-18,50,-712.4999999999997,40.00000000000017,101.10646740499999,-853.6064674049998
2024-01-18,HIGH_RANGE|CONTINUE|H15_10,HIGH_RANGE,CONTINUE,H15_10,PUT,2024-01-18,50,-3075.0,40.0,96.94664091000001,-3211.94664091
2024-01-18,HIGH_RANGE|FADE|H10_30,HIGH_RANGE,FADE,H10_30,CALL,2024-01-18,50,-64.99999999999993,40.0000000000003,97.87665653,-202.87665653000022
2024-01-18,HIGH_RANGE|FADE|H15_10,HIGH_RANGE,FADE,H15_10,CALL,2024-01-18,50,-975.0,40.00000000000023,96.26874136,-1111.2687413600001
2024-01-19,HIGH_RANGE|CONTINUE|H10_30,HIGH_RANGE,CONTINUE,H10_30,CALL,2024-01-25,50,319.99999999999955,39.99999999999915,118.47594817000001,161.52405183000045
2024-01-19,HIGH_RANGE|CONTINUE|H15_10,HIGH_RANGE,CONTINUE,H15_10,CALL,2024-01-25,50,-40.00000000000057,39.99999999999909,116.73043571000001,-196.73043570999965
2024-01-19,HIGH_RANGE|FADE|H10_30,HIGH_RANGE,FADE,H10_30,PUT,2024-01-25,50,-317.4999999999994,39.99999999999983,113.135657895,-470.6356578949992
2024-01-19,HIGH_RANGE|FADE|H15_10,HIGH_RANGE,FADE,H15_10,PUT,2024-01-25,50,-84.99999999999943,39.99999999999915,113.79916929,-238.7991692899986
2024-01-20,MID_RANGE|CONTINUE|H10_30,MID_RANGE,CONTINUE,H10_30,CALL,2024-01-25,50,182.49999999999957,39.99999999999915,116.910387095,25.589612905000422
2024-01-20,MID_RANGE|CONTINUE|H15_10,MID_RANGE,CONTINUE,H15_10,CALL,2024-01-25,50,-1397.5000000000002,40.0,111.73344826499999,-1549.2334482650003
2024-01-20,MID_RANGE|FADE|H10_30,MID_RANGE,FADE,H10_30,PUT,2024-01-25,50,-119.99999999999993,40.00000000000057,109.67365401,-269.6736540100005
2024-01-20,MID_RANGE|FADE|H15_10,MID_RANGE,FADE,H15_10,PUT,2024-01-25,50,1209.9999999999993,40.0,114.00895399000001,1055.9910460099993
2024-01-23,MID_RANGE|CONTINUE|H10_30,MID_RANGE,CONTINUE,H10_30,CALL,2024-01-25,50,-1734.9999999999995,39.99999999999966,106.98483431,-1881.984834309999
2024-01-23,MID_RANGE|CONTINUE|H15_10,MID_RANGE,CONTINUE,H15_10,CALL,2024-01-25,50,-4320.0,39.99999999999909,101.77594213999998,-4461.775942139999
2024-01-23,MID_RANGE|FADE|H10_30,MID_RANGE,FADE,H10_30,PUT,2024-01-25,50,1697.5000000000005,39.999999999999545,110.222833105,1547.2771668950008
2024-01-23,MID_RANGE|FADE|H15_10,MID_RANGE,FADE,H15_10,PUT,2024-01-25,50,6580.0,40.00000000000364,142.01292053999998,6397.9870794599965
2024-01-24,HIGH_RANGE|CONTINUE|H10_30,HIGH_RANGE,CONTINUE,H10_30,PUT,2024-01-25,50,-1899.9999999999993,40.00000000000023,104.05113993,-2044.0511399299996
2024-01-24,HIGH_RANGE|CONTINUE|H15_10,HIGH_RANGE,CONTINUE,H15_10,PUT,2024-01-25,50,-2694.999999999999,40.00000000000114,101.94127936,-2836.94127936
2024-01-24,HIGH_RANGE|FADE|H10_30,HIGH_RANGE,FADE,H10_30,CALL,2024-01-25,50,2470.0,39.999999999999545,118.07792047000001,2311.9220795300002
2024-01-24,HIGH_RANGE|FADE|H15_10,HIGH_RANGE,FADE,H15_10,CALL,2024-01-25,50,3482.499999999999,39.99999999999932,118.88734836500001,3323.612651635
2024-01-25,MID_RANGE|CONTINUE|H10_30,MID_RANGE,CONTINUE,H10_30,CALL,2024-01-25,50,-2012.5000000000005,39.999999999999545,97.46427724499999,-2149.964277245
2024-01-25,MID_RANGE|CONTINUE|H15_10,MID_RANGE,CONTINUE,H15_10,CALL,2024-01-25,50,-2572.5,40.0,96.43045936499999,-2708.930459365
2024-01-25,MID_RANGE|FADE|H10_30,MID_RANGE,FADE,H10_30,PUT,2024-01-25,50,3467.499999999999,39.99999999999909,109.40347423499999,3318.096525765
2024-01-25,MID_RANGE|FADE|H15_10,MID_RANGE,FADE,H15_10,PUT,2024-01-25,50,3764.9999999999995,40.000000000000455,105.91560763,3619.084392369999
2024-01-29,HIGH_RANGE|CONTINUE|H10_30,HIGH_RANGE,CONTINUE,H10_30,CALL,2024-02-01,50,544.9999999999989,39.999999999997726,130.47381303,374.52618697000116
2024-01-29,HIGH_RANGE|CONTINUE|H15_10,HIGH_RANGE,CONTINUE,H15_10,CALL,2024-02-01,50,1102.5000000000005,39.999999999997726,134.69704386499998,927.8029561350028
2024-01-29,HIGH_RANGE|FADE|H10_30,HIGH_RANGE,FADE,H10_30,PUT,2024-02-01,50,-439.9999999999991,39.99999999999915,115.34198452,-595.3419845199983
2024-01-29,HIGH_RANGE|FADE|H15_10,HIGH_RANGE,FADE,H15_10,PUT,2024-02-01,50,-974.9999999999998,39.99999999999977,111.57816634,-1126.5781663399996
2024-01-30,MID_RANGE|CONTINUE|H10_30,MID_RANGE,CONTINUE,H10_30,CALL,2024-02-01,50,-250.0,39.999999999999204,120.96021415,-410.9602141499992
2024-01-30,MID_RANGE|CONTINUE|H15_10,MID_RANGE,CONTINUE,H15_10,CALL,2024-02-01,50,-2934.9999999999995,40.0,111.02726596,-3086.0272659599996
2024-01-30,MID_RANGE|FADE|H10_30,MID_RANGE,FADE,H10_30,PUT,2024-02-01,50,75.0,39.99999999999915,118.30135113,-83.30135112999915
2024-01-30,MID_RANGE|FADE|H15_10,MID_RANGE,FADE,H15_10,PUT,2024-02-01,50,2597.5000000000005,39.999999999998636,128.608634645,2428.8913653550017
2024-01-31,MID_RANGE|CONTINUE|H10_30,MID_RANGE,CONTINUE,H10_30,CALL,2024-02-01,50,707.5000000000002,39.99999999999898,121.96140753499999,545.5385924650012
2024-01-31,MID_RANGE|CONTINUE|H15_10,MID_RANGE,CONTINUE,H15_10,CALL,2024-02-01,50,2019.9999999999995,39.999999999998636,127.81033194,1852.189668060001
2024-01-31,MID_RANGE|FADE|H10_30,MID_RANGE,FADE,H10_30,PUT,2024-02-01,50,-985.0000000000007,39.99999999999977,107.98066743,-1132.9806674300005
2024-01-31,MID_RANGE|FADE|H15_10,MID_RANGE,FADE,H15_10,PUT,2024-02-01,50,-2030.0,40.000000000001364,105.25225617000001,-2175.2522561700016
2024-02-01,HIGH_RANGE|CONTINUE|H10_30,HIGH_RANGE,CONTINUE,H10_30,CALL,2024-02-01,50,507.5000000000003,40.00000000000051,109.87341893499999,357.62658106499975
2024-02-01,HIGH_RANGE|CONTINUE|H15_10,HIGH_RANGE,CONTINUE,H15_10,CALL,2024-02-01,50,-3090.0,40.00000000000091,100.11837219,-3230.118372190001
2024-02-01,HIGH_RANGE|FADE|H10_30,HIGH_RANGE,FADE,H10_30,PUT,2024-02-01,50,-1650.0000000000002,40.0,103.4334104,-1793.4334104000002
2024-02-01,HIGH_RANGE|FADE|H15_10,HIGH_RANGE,FADE,H15_10,PUT,2024-02-01,50,-3125.0,40.0,99.77606029,-3264.77606029
2024-02-02,HIGH_RANGE|CONTINUE|H10_30,HIGH_RANGE,CONTINUE,H10_30,CALL,2024-02-08,50,520.0000000000002,39.99999999999915,119.40023343000001,360.5997665700011
2024-02-02,HIGH_RANGE|CONTINUE|H15_10,HIGH_RANGE,CONTINUE,H15_10,CALL,2024-02-08,50,-752.4999999999998,39.99999999999932,114.63037778500001,-907.1303777849992
2024-02-02,HIGH_RANGE|FADE|H10_30,HIGH_RANGE,FADE,H10_30,PUT,2024-02-08,50,-557.4999999999997,39.99999999999909,113.753589755,-711.2535897549988
2024-02-02,HIGH_RANGE|FADE|H15_10,HIGH_RANGE,FADE,H15_10,PUT,2024-02-08,50,575.0000000000007,39.999999999999204,117.96754005,417.03245995000145
2024-02-05,LOW_RANGE|CONTINUE|H10_30,LOW_RANGE,CONTINUE,H10_30,CALL,2024-02-08,50,-290.00000000000057,39.99999999999915,113.83917439000001,-443.8391743899997
2024-02-05,LOW_RANGE|CONTINUE|H15_10,LOW_RANGE,CONTINUE,H15_10,CALL,2024-02-08,50,-1380.000000000001,39.99999999999977,110.01067868999999,-1530.0106786900008
2024-02-05,LOW_RANGE|FADE|H10_30,LOW_RANGE,FADE,H10_30,PUT,2024-02-08,50,185.00000000000085,39.99999999999915,118.08513626999999,26.914863730001713
2024-02-05,LOW_RANGE|FADE|H15_10,LOW_RANGE,FADE,H15_10,PUT,2024-02-08,50,1285.0000000000002,39.999999999999545,121.8208809,1123.1791191000007
2024-02-06,HIGH_RANGE|CONTINUE|H10_30,HIGH_RANGE,CONTINUE,H10_30,CALL,2024-02-08,50,10.000000000000142,39.99999999999986,111.01016559,-141.0101655899997
2024-02-06,HIGH_RANGE|CONTINUE|H15_10,HIGH_RANGE,CONTINUE,H15_10,CALL,2024-02-08,50,1942.5000000000007,39.99999999999886,116.80191940499999,1785.6980805950018
2024-02-06,HIGH_RANGE|FADE|H10_30,HIGH_RANGE,FADE,H10_30,PUT,2024-02-08,50,-84.99999999999875,39.99999999999909,113.96648540999999,-238.96648540999783
2024-02-06,HIGH_RANGE|FADE|H15_10,HIGH_RANGE,FADE,H15_10,PUT,2024-02-08,50,-1812.499999999999,39.999999999999545,108.074306785,-1960.5743067849987
2024-02-07,MID_RANGE|CONTINUE|H10_30,MID_RANGE,CONTINUE,H10_30,CALL,2024-02-08,50,-344.9999999999999,40.00000000000034,107.18027429999998,-492.1802743000002
2024-02-07,MID_RANGE|CONTINUE|H15_10,MID_RANGE,CONTINUE,H15_10,CALL,2024-02-08,50,-1890.0,40.0,103.35419176,-2033.35419176
2024-02-07,MID_RANGE|FADE|H10_30,MID_RANGE,FADE,H10_30,PUT,2024-02-08,50,0.0,40.00000000000057,107.29182725999999,-147.29182726000056
2024-02-07,MID_RANGE|FADE|H15_10,MID_RANGE,FADE,H15_10,PUT,2024-02-08,50,1224.9999999999995,40.000000000000455,108.48085402000001,1076.5191459799992
2024-02-08,LOW_RANGE|CONTINUE|H10_30,LOW_RANGE,CONTINUE,H10_30,CALL,2024-02-08,50,-1695.0,40.000000000000256,97.81114305,-1832.8111430500003
2024-02-08,LOW_RANGE|CONTINUE|H15_10,LOW_RANGE,CONTINUE,H15_10,CALL,2024-02-08,50,-2640.0,37.500000000000455,96.27809494499999,-2773.7780949450002
2024-02-08,LOW_RANGE|FADE|H10_30,LOW_RANGE,FADE,H10_30,PUT,2024-02-08,50,1167.4999999999998,40.0000000000002,102.032210415,1025.4677895849995
2024-02-08,LOW_RANGE|FADE|H15_10,LOW_RANGE,FADE,H15_10,PUT,2024-02-08,50,7655.0,39.999999999999545,118.70569145,7496.29430855
2024-02-09,HIGH_RANGE|CONTINUE|H10_30,HIGH_RANGE,CONTINUE,H10_30,CALL,2024-02-15,50,-182.49999999999966,39.99999999999909,119.893777695,-342.39377769499873
2024-02-09,HIGH_RANGE|CONTINUE|H15_10,HIGH_RANGE,CONTINUE,H15_10,CALL,2024-02-15,50,337.5000000000007,39.99999999999909,121.372962575,176.1270374250016
2024-02-09,HIGH_RANGE|FADE|H10_30,HIGH_RANGE,FADE,H10_30,PUT,2024-02-15,50,212.5,39.99999999999909,118.52373557499999,53.97626442500092
2024-02-09,HIGH_RANGE|FADE|H15_10,HIGH_RANGE,FADE,H15_10,PUT,2024-02-15,50,-460.0,40.0,114.15177634,-614.15177634
2024-02-12,HIGH_RANGE|CONTINUE|H10_30,HIGH_RANGE,CONTINUE,H10_30,CALL,2024-02-15,50,-1614.9999999999998,39.99999999999977,109.49700407,-1764.4970040699995
2024-02-12,HIGH_RANGE|CONTINUE|H15_10,HIGH_RANGE,CONTINUE,H15_10,CALL,2024-02-15,50,-2140.0,39.99999999999977,108.33608342,-2288.3360834199993
2024-02-12,HIGH_RANGE|FADE|H10_30,HIGH_RANGE,FADE,H10_30,PUT,2024-02-15,50,1402.5000000000005,39.99999999999886,118.17599924499999,1244.3240007550016
2024-02-12,HIGH_RANGE|FADE|H15_10,HIGH_RANGE,FADE,H15_10,PUT,2024-02-15,50,2195.0000000000014,39.999999999999545,121.17002845,2033.8299715500018
2024-02-13,HIGH_RANGE|CONTINUE|H10_30,HIGH_RANGE,CONTINUE,H10_30,CALL,2024-02-15,50,1317.5000000000011,39.99999999999932,120.537619635,1156.9623803650018
2024-02-13,HIGH_RANGE|CONTINUE|H15_10,HIGH_RANGE,CONTINUE,H15_10,CALL,2024-02-15,50,2405.0,39.99999999999818,123.72120054000001,2241.2787994600017
2024-02-13,HIGH_RANGE|FADE|H10_30,HIGH_RANGE,FADE,H10_30,PUT,2024-02-15,50,-1332.5,40.000000000000455,106.55028752500002,-1479.0502875250004
2024-02-13,HIGH_RANGE|FADE|H15_10,HIGH_RANGE,FADE,H15_10,PUT,2024-02-15,50,-2057.5,40.0,104.539444335,-2202.039444335
2024-02-14,LOW_RANGE|CONTINUE|H10_30,LOW_RANGE,CONTINUE,H10_30,PUT,2024-02-15,50,-967.4999999999998,40.00000000000057,105.28653482499999,-1112.7865348250002
2024-02-14,LOW_RANGE|CONTINUE|H15_10,LOW_RANGE,CONTINUE,H15_10,PUT,2024-02-15,50,-3267.5,40.00000000000023,100.46219416499999,-3407.962194165
2024-02-14,LOW_RANGE|FADE|H10_30,LOW_RANGE,FADE,H10_30,CALL,2024-02-15,50,734.9999999999998,40.000000000000256,106.63975787,588.3602421299995
2024-02-14,LOW_RANGE|FADE|H15_10,LOW_RANGE,FADE,H15_10,CALL,2024-02-15,50,5467.5,39.99999999999909,124.95321502499999,5302.546784975001
2024-02-15,HIGH_RANGE|CONTINUE|H10_30,HIGH_RANGE,CONTINUE,H10_30,CALL,2024-02-15,50,267.5,40.00000000000021,101.82344624500001,125.67655375499976
2024-02-15,HIGH_RANGE|CONTINUE|H15_10,HIGH_RANGE,CONTINUE,H15_10,CALL,2024-02-15,50,-87.50000000000028,40.000000000000284,100.54977345500001,-228.04977345500058
2024-02-15,HIGH_RANGE|FADE|H10_30,HIGH_RANGE,FADE,H10_30,PUT,2024-02-15,50,-720.0,40.0000000000002,98.90215816,-858.9021581600002
2024-02-15,HIGH_RANGE|FADE|H15_10,HIGH_RANGE,FADE,H15_10,PUT,2024-02-15,50,-2087.5000000000005,39.999999999999545,96.358938145,-2223.858938145
2024-02-16,MID_RANGE|CONTINUE|H10_30,MID_RANGE,CONTINUE,H10_30,CALL,2024-02-22,50,395.0000000000002,39.99999999999909,121.38458323,233.61541677000113
2024-02-16,MID_RANGE|CONTINUE|H15_10,MID_RANGE,CONTINUE,H15_10,CALL,2024-02-22,50,245.00000000000028,39.99999999999915,119.52248028000002,85.47751972000111
2024-02-16,MID_RANGE|FADE|H10_30,MID_RANGE,FADE,H10_30,PUT,2024-02-22,50,-357.49999999999886,39.99999999999915,113.557786545,-511.057786544998
2024-02-16,MID_RANGE|FADE|H15_10,MID_RANGE,FADE,H15_10,PUT,2024-02-22,50,-349.9999999999998,39.99999999999977,113.01532282,-503.01532281999954
2024-02-19,MID_RANGE|CONTINUE|H10_30,MID_RANGE,CONTINUE,H10_30,CALL,2024-02-22,50,419.99999999999915,39.99999999999915,114.99686664,265.00313336
2024-02-19,MID_RANGE|CONTINUE|H15_10,MID_RANGE,CONTINUE,H15_10,CALL,2024-02-22,50,587.4999999999997,39.99999999999915,115.052541955,432.4474580450005
2024-02-19,MID_RANGE|FADE|H10_30,MID_RANGE,FADE,H10_30,PUT,2024-02-22,50,-469.99999999999955,39.999999999999886,112.52024184,-622.5202418399995
2024-02-19,MID_RANGE|FADE|H15_10,MID_RANGE,FADE,H15_10,PUT,2024-02-22,50,-794.9999999999995,39.999999999999886,111.50279789000001,-946.5027978899994
2024-02-20,MID_RANGE|CONTINUE|H10_30,MID_RANGE,CONTINUE,H10_30,CALL,2024-02-22,50,635.0000000000001,39.999999999999886,110.49994833999999,484.5000516600002
2024-02-20,MID_RANGE|CONTINUE|H15_10,MID_RANGE,CONTINUE,H15_10,CALL,2024-02-22,50,1809.9999999999998,39.99999999999977,112.86847162999999,1657.13152837
2024-02-20,MID_RANGE|FADE|H10_30,MID_RANGE,FADE,H10_30,PUT,2024-02-22,50,-570.0000000000003,39.999999999999886,111.53756017,-721.5375601700002
2024-02-20,MID_RANGE|FADE|H15_10,MID_RANGE,FADE,H15_10,PUT,2024-02-22,50,-1727.4999999999998,40.0,107.88779595499999,-1875.3877959549998
2024-02-21,MID_RANGE|CONTINUE|H10_30,MID_RANGE,CONTINUE,H10_30,CALL,2024-02-22,50,-425.0000000000004,40.00000000000017,104.72003823,-569.7200382300006
2024-02-21,MID_RANGE|CONTINUE|H15_10,MID_RANGE,CONTINUE,H15_10,CALL,2024-02-22,50,-2677.5,40.000000000000455,100.111613375,-2817.6116133750006
2024-02-21,MID_RANGE|FADE|H10_30,MID_RANGE,FADE,H10_30,PUT,2024-02-22,50,179.99999999999972,40.00000000000057,107.41166095,32.58833904999915
2024-02-21,MID_RANGE|FADE|H15_10,MID_RANGE,FADE,H15_10,PUT,2024-02-22,50,3125.0,39.99999999999977,113.74792547000001,2971.25207453
2024-02-22,HIGH_RANGE|CONTINUE|H10_30,HIGH_RANGE,CONTINUE,H10_30,CALL,2024-02-22,50,-1307.5000000000002,40.0,98.24308322499999,-1445.7430832250002
2024-02-22,HIGH_RANGE|CONTINUE|H15_10,HIGH_RANGE,CONTINUE,H15_10,CALL,2024-02-22,50,7525.000000000001,39.999999999999915,111.54564936,7373.4543506400005
2024-02-22,HIGH_RANGE|FADE|H10_30,HIGH_RANGE,FADE,H10_30,PUT,2024-02-22,50,2002.5,39.999999999999545,107.447373675,1855.0526263250003
2024-02-22,HIGH_RANGE|FADE|H15_10,HIGH_RANGE,FADE,H15_10,PUT,2024-02-22,50,-3475.0,40.0,97.31036130999999,-3612.31036131
2024-02-23,HIGH_RANGE|CONTINUE|H10_30,HIGH_RANGE,CONTINUE,H10_30,CALL,2024-02-29,50,67.50000000000114,39.99999999999915,117.616829975,-90.11682997499801
2024-02-23,HIGH_RANGE|CONTINUE|H15_10,HIGH_RANGE,CONTINUE,H15_10,CALL,2024-02-29,50,-319.9999999999998,39.99999999999932,115.16780102,-475.1678010199991
2024-02-23,HIGH_RANGE|FADE|H10_30,HIGH_RANGE,FADE,H10_30,PUT,2024-02-29,50,-127.49999999999915,39.99999999999915,116.392871165,-283.89287116499827
2024-02-23,HIGH_RANGE|FADE|H15_10,HIGH_RANGE,FADE,H15_10,PUT,2024-02-29,50,85.00000000000014,39.99999999999915,116.64233526999999,-71.642335269999
2024-02-26,HIGH_RANGE|CONTINUE|H10_30,HIGH_RANGE,CONTINUE,H10_30,PUT,2024-02-29,50,527.4999999999999,39.999999999999886,113.601254935,373.898745065
2024-02-26,HIGH_RANGE|CONTINUE|H15_10,HIGH_RANGE,CONTINUE,H15_10,PUT,2024-02-29,50,495.0,39.99999999999994,112.32365003,342.67634997000005
2024-02-26,HIGH_RANGE|FADE|H10_30,HIGH_RANGE,FADE,H10_30,CALL,2024-02-29,50,-622.4999999999995,39.99999999999886,114.284432825,-776.7844328249984
2024-02-26,HIGH_RANGE|FADE|H15_10,HIGH_RANGE,FADE,H15_10,CALL,2024-02-29,50,-784.9999999999995,39.99999999999977,113.26446715,-938.2644671499993
2024-02-27,MID_RANGE|CONTINUE|H10_30,MID_RANGE,CONTINUE,H10_30,PUT,2024-02-29,50,237.49999999999966,40.00000000000057,110.444267105,87.0557328949991
2024-02-27,MID_RANGE|CONTINUE|H15_10,MID_RANGE,CONTINUE,H15_10,PUT,2024-02-29,50,-1255.0000000000007,40.0,105.64207418000001,-1400.6420741800007
2024-02-27,MID_RANGE|FADE|H10_30,MID_RANGE,FADE,H10_30,CALL,2024-02-29,50,-342.4999999999993,39.999999999999886,111.631630825,-494.1316308249992
2024-02-27,MID_RANGE|FADE|H15_10,MID_RANGE,FADE,H15_10,CALL,2024-02-29,50,1077.5000000000014,39.99999999999909,115.45286040500001,922.0471395950022
2024-02-28,LOW_RANGE|CONTINUE|H10_30,LOW_RANGE,CONTINUE,H10_30,CALL,2024-02-29,50,235.00000000000014,40.00000000000021,105.24928338,89.75071661999995
2024-02-28,LOW_RANGE|CONTINUE|H15_10,LOW_RANGE,CONTINUE,H15_10,CALL,2024-02-29,50,-2885.0000000000005,39.99999999999966,99.31150154,-3024.31150154
2024-02-28,LOW_RANGE|FADE|H10_30,LOW_RANGE,FADE,H10_30,PUT,2024-02-29,50,-450.0000000000003,40.000000000000455,105.64674257000001,-595.6467425700007
2024-02-28,LOW_RANGE|FADE|H15_10,LOW_RANGE,FADE,H15_10,PUT,2024-02-29,50,4702.5,39.99999999999909,124.038412635,4538.461587365001
2024-02-29,HIGH_RANGE|CONTINUE|H10_30,HIGH_RANGE,CONTINUE,H10_30,PUT,2024-02-29,50,1325.0000000000005,40.00000000000023,105.9917262,1179.0082738
2024-02-29,HIGH_RANGE|CONTINUE|H15_10,HIGH_RANGE,CONTINUE,H15_10,PUT,2024-02-29,50,-2777.4999999999995,40.00000000000057,97.49295186500001,-2914.992951865
2024-02-29,HIGH_RANGE|FADE|H10_30,HIGH_RANGE,FADE,H10_30,CALL,2024-02-29,50,-1032.4999999999998,40.000000000000114,100.41213768499999,-1172.912137685
2024-02-29,HIGH_RANGE|FADE|H15_10,HIGH_RANGE,FADE,H15_10,CALL,2024-02-29,50,-2252.5,40.0,97.914892985,-2390.414892985
2024-03-01,HIGH_RANGE|CONTINUE|H10_30,HIGH_RANGE,CONTINUE,H10_30,CALL,2024-03-07,50,700.0000000000014,39.99999999999818,125.85019365999999,534.1498063400032
2024-03-01,HIGH_RANGE|CONTINUE|H15_10,HIGH_RANGE,CONTINUE,H15_10,CALL,2024-03-07,50,2072.5000000000027,39.99999999999909,134.103177435,1898.3968225650037
2024-03-01,HIGH_RANGE|FADE|H10_30,HIGH_RANGE,FADE,H10_30,PUT,2024-03-07,50,-560.0000000000002,39.99999999999983,112.15125494,-712.15125494
2024-03-01,HIGH_RANGE|FADE|H15_10,HIGH_RANGE,FADE,H15_10,PUT,2024-03-07,50,-1640.0,40.0,108.33225690999998,-1788.33225691
2024-03-05,LOW_RANGE|CONTINUE|H10_30,LOW_RANGE,CONTINUE,H10_30,PUT,2024-03-07,50,877.4999999999999,39.999999999999886,111.042822645,726.457177355
2024-03-05,LOW_RANGE|CONTINUE|H15_10,LOW_RANGE,CONTINUE,H15_10,PUT,2024-03-07,50,-12.500000000000341,40.000000000000455,107.473995395,-159.9739953950008
2024-03-05,LOW_RANGE|FADE|H10_30,LOW_RANGE,FADE,H10_30,CALL,2024-03-07,50,-1077.5,40.00000000000034,106.348625625,-1223.8486256250005
2024-03-05,LOW_RANGE|FADE|H15_10,LOW_RANGE,FADE,H15_10,CALL,2024-03-07,50,-594.9999999999997,40.00000000000057,107.12409168,-742.1240916800002
2024-03-06,MID_RANGE|CONTINUE|H10_30,MID_RANGE,CONTINUE,H10_30,PUT,2024-03-07,50,612.4999999999995,40.000000000000455,109.106354015,463.3936459849991
2024-03-06,MID_RANGE|CONTINUE|H15_10,MID_RANGE,CONTINUE,H15_10,PUT,2024-03-07,50,-2847.5,40.0,100.865743975,-2988.365743975
2024-03-06,MID_RANGE|FADE|H10_30,MID_RANGE,FADE,H10_30,CALL,2024-03-07,50,-612.5000000000002,40.000000000000284,101.322283525,-753.8222835250004
2024-03-06,MID_RANGE|FADE|H15_10,MID_RANGE,FADE,H15_10,CALL,2024-03-07,50,4097.5,39.99999999999909,110.945304455,3946.554695545001
2024-03-07,LOW_RANGE|CONTINUE|H10_30,LOW_RANGE,CONTINUE,H10_30,CALL,2024-03-07,50,-750.0000000000001,40.00000000000013,97.98596017999999,-887.9859601800002
2024-03-07,LOW_RANGE|CONTINUE|H15_10,LOW_RANGE,CONTINUE,H15_10,CALL,2024-03-07,50,-2037.5,40.00000000000003,95.950954835,-2173.450954835
2024-03-07,LOW_RANGE|FADE|H10_30,LOW_RANGE,FADE,H10_30,PUT,2024-03-07,50,-792.5,40.00000000000023,98.469619875,-930.9696198750003
2024-03-07,LOW_RANGE|FADE|H15_10,LOW_RANGE,FADE,H15_10,PUT,2024-03-07,50,-2010.0,39.99999999999994,96.42208783000001,-2146.4220878300002
2024-03-11,LOW_RANGE|CONTINUE|H10_30,LOW_RANGE,CONTINUE,H10_30,CALL,2024-03-14,50,-560.0000000000001,40.000000000000625,108.09383902999998,-708.0938390300007
2024-03-11,LOW_RANGE|CONTINUE|H15_10,LOW_RANGE,CONTINUE,H15_10,CALL,2024-03-14,50,-2042.5,40.00000000000091,104.239973115,-2186.739973115001
2024-03-11,LOW_RANGE|FADE|H10_30,LOW_RANGE,FADE,H10_30,PUT,2024-03-14,50,477.4999999999999,39.999999999999204,112.865911425,324.6340885750007
2024-03-11,LOW_RANGE|FADE|H15_10,LOW_RANGE,FADE,H15_10,PUT,2024-03-14,50,2124.9999999999995,39.999999999999545,118.8354818,1966.1645182
2024-03-12,HIGH_RANGE|CONTINUE|H10_30,HIGH_RANGE,CONTINUE,H10_30,CALL,2024-03-14,50,1439.9999999999998,40.0,113.7161567,1286.2838432999997
2024-03-12,HIGH_RANGE|CONTINUE|H15_10,HIGH_RANGE,CONTINUE,H15_10,CALL,2024-03-14,50,100.00000000000034,40.00000000000057,108.87870603,-48.87870603000023
2024-03-12,HIGH_RANGE|FADE|H10_30,HIGH_RANGE,FADE,H10_30,PUT,2024-03-14,50,-1254.9999999999995,40.00000000000068,103.84807355999999,-1398.84807356
2024-03-12,HIGH_RANGE|FADE|H15_10,HIGH_RANGE,FADE,H15_10,PUT,2024-03-14,50,-347.49999999999943,40.000000000000455,106.284385325,-493.7843853249999
2024-03-13,MID_RANGE|CONTINUE|H10_30,MID_RANGE,CONTINUE,H10_30,CALL,2024-03-14,50,-775.0000000000002,40.00000000000017,105.16842833999999,-920.1684283400004
2024-03-13,MID_RANGE|CONTINUE|H15_10,MID_RANGE,CONTINUE,H15_10,CALL,2024-03-14,50,-3602.5,40.0,99.55609196500001,-3742.056091965
2024-03-13,MID_RANGE|FADE|H10_30,MID_RANGE,FADE,H10_30,PUT,2024-03-14,50,437.4999999999999,40.000000000000284,105.679804285,291.82019571499956
2024-03-13,MID_RANGE|FADE|H15_10,MID_RANGE,FADE,H15_10,PUT,2024-03-14,50,5635.000000000002,40.0,128.14606759000003,5466.853932410002
2024-03-14,HIGH_RANGE|CONTINUE|H10_30,HIGH_RANGE,CONTINUE,H10_30,PUT,2024-03-14,50,-1625.0,40.000000000000455,99.78781911000002,-1764.7878191100006
2024-03-14,HIGH_RANGE|CONTINUE|H15_10,HIGH_RANGE,CONTINUE,H15_10,PUT,2024-03-14,50,-3045.0,32.5,97.39009021500001,-3174.890090215
2024-03-14,HIGH_RANGE|FADE|H10_30,HIGH_RANGE,FADE,H10_30,CALL,2024-03-14,50,-455.0000000000001,40.0000000000004,100.83397912,-595.8339791200005
2024-03-14,HIGH_RANGE|FADE|H15_10,HIGH_RANGE,FADE,H15_10,CALL,2024-03-14,50,4570.0,39.999999999999545,107.38429207,4422.61570793
2024-03-15,MID_RANGE|CONTINUE|H10_30,MID_RANGE,CONTINUE,H10_30,PUT,2024-03-21,50,1367.5000000000014,39.999999999999545,120.408496525,1207.091503475002
2024-03-15,MID_RANGE|CONTINUE|H15_10,MID_RANGE,CONTINUE,H15_10,PUT,2024-03-21,50,635.0000000000001,39.999999999999204,114.73397571000001,480.2660242900009
2024-03-15,MID_RANGE|FADE|H10_30,MID_RANGE,FADE,H10_30,CALL,2024-03-21,50,-1455.0,40.0,113.46470385999999,-1608.46470386
2024-03-15,MID_RANGE|FADE|H15_10,MID_RANGE,FADE,H15_10,CALL,2024-03-21,50,-900.0000000000005,39.99999999999932,114.84467199,-1054.8446719899998
2024-03-18,LOW_RANGE|CONTINUE|H10_30,LOW_RANGE,CONTINUE,H10_30,PUT,2024-03-21,50,-110.00000000000085,39.99999999999915,114.23786828,-264.23786828
2024-03-18,LOW_RANGE|CONTINUE|H15_10,LOW_RANGE,CONTINUE,H15_10,PUT,2024-03-21,50,-642.5000000000009,39.99999999999977,111.69062830499999,-794.1906283050007
2024-03-18,LOW_RANGE|FADE|H10_30,LOW_RANGE,FADE,H10_30,CALL,2024-03-21,50,15.000000000000227,39.99999999999916,111.4913006,-136.49130059999894
2024-03-18,LOW_RANGE|FADE|H15_10,LOW_RANGE,FADE,H15_10,CALL,2024-03-21,50,370.0000000000003,39.99999999999915,111.55657919,218.44342081000116
2024-03-19,LOW_RANGE|CONTINUE|H10_30,LOW_RANGE,CONTINUE,H10_30,PUT,2024-03-21,50,939.9999999999995,39.99999999999932,115.35131537999999,784.6486846200003
2024-03-19,LOW_RANGE|CONTINUE|H15_10,LOW_RANGE,CONTINUE,H15_10,PUT,2024-03-21,50,1704.9999999999995,39.99999999999932,115.63868231999999,1549.36131768
2024-03-19,LOW_RANGE|FADE|H10_30,LOW_RANGE,FADE,H10_30,CALL,2024-03-21,50,-1082.5,40.00000000000034,107.201371905,-1229.7013719050005
2024-03-19,LOW_RANGE|FADE|H15_10,LOW_RANGE,FADE,H15_10,CALL,2024-03-21,50,-1965.0,40.000000000000455,104.57268766000001,-2109.5726876600006
2024-03-20,LOW_RANGE|CONTINUE|H10_30,LOW_RANGE,CONTINUE,H10_30,CALL,2024-03-21,50,-1557.5,40.000000000000796,103.480596735,-1700.9805967350007
2024-03-20,LOW_RANGE|CONTINUE|H15_10,LOW_RANGE,CONTINUE,H15_10,CALL,2024-03-21,50,-615.0000000000005,40.00000000000034,104.58605920000001,-759.5860592000008
2024-03-20,LOW_RANGE|FADE|H10_30,LOW_RANGE,FADE,H10_30,PUT,2024-03-21,50,1437.5,39.99999999999966,109.185789785,1288.3142102150005
2024-03-20,LOW_RANGE|FADE|H15_10,LOW_RANGE,FADE,H15_10,PUT,2024-03-21,50,-154.9999999999999,40.00000000000017,104.19566676000001,-299.19566676000005
2024-03-21,MID_RANGE|CONTINUE|H10_30,MID_RANGE,CONTINUE,H10_30,CALL,2024-03-21,50,967.5,40.00000000000025,100.011075035,827.4889249649998
2024-03-21,MID_RANGE|CONTINUE|H15_10,MID_RANGE,CONTINUE,H15_10,CALL,2024-03-21,50,-1407.5000000000002,39.9999999999998,96.307629205,-1543.807629205
2024-03-21,MID_RANGE|FADE|H10_30,MID_RANGE,FADE,H10_30,PUT,2024-03-21,50,-1415.0,40.0000000000002,97.65878751,-1552.6587875100001
2024-03-21,MID_RANGE|FADE|H15_10,MID_RANGE,FADE,H15_10,PUT,2024-03-21,50,-2260.0,39.99999999999994,96.2125321,-2396.2125321
2024-03-22,HIGH_RANGE|CONTINUE|H10_30,HIGH_RANGE,CONTINUE,H10_30,PUT,2024-03-28,50,-1449.9999999999995,40.000000000000455,105.75199666,-1595.75199666
2024-03-22,HIGH_RANGE|CONTINUE|H15_10,HIGH_RANGE,CONTINUE,H15_10,PUT,2024-03-28,50,-1942.4999999999998,40.000000000000455,104.046794275,-2086.546794275
2024-03-22,HIGH_RANGE|FADE|H10_30,HIGH_RANGE,FADE,H10_30,CALL,2024-03-28,50,1900.0,39.999999999998636,127.50580543000001,1732.4941945700014
2024-03-22,HIGH_RANGE|FADE|H15_10,HIGH_RANGE,FADE,H15_10,CALL,2024-03-28,50,2734.999999999999,39.99999999999818,129.94181222,2565.058187780001
2024-03-26,HIGH_RANGE|CONTINUE|H10_30,HIGH_RANGE,CONTINUE,H10_30,PUT,2024-03-28,50,-287.49999999999983,40.00000000000034,104.76116354500002,-432.26116354500016
2024-03-26,HIGH_RANGE|CONTINUE|H15_10,HIGH_RANGE,CONTINUE,H15_10,PUT,2024-03-28,50,-47.49999999999983,40.00000000000034,105.14248073499999,-192.64248073500016
2024-03-26,HIGH_RANGE|FADE|H10_30,HIGH_RANGE,FADE,H10_30,CALL,2024-03-28,50,180.00000000000006,39.99999999999915,113.13759039,26.86240961000091
2024-03-26,HIGH_RANGE|FADE|H15_10,HIGH_RANGE,FADE,H15_10,CALL,2024-03-28,50,-484.9999999999998,39.999999999999545,110.26349456,-635.2634945599993
2024-03-27,LOW_RANGE|CONTINUE|H10_30,LOW_RANGE,CONTINUE,H10_30,CALL,2024-03-28,50,1020.0000000000001,39.99999999999949,108.64634621,871.3536537900006
2024-03-27,LOW_RANGE|CONTINUE|H15_10,LOW_RANGE,CONTINUE,H15_10,CALL,2024-03-28,50,-490.0,40.000000000000114,104.62344585,-634.62344585
2024-03-27,LOW_RANGE|FADE|H10_30,LOW_RANGE,FADE,H10_30,PUT,2024-03-28,50,-782.4999999999998,40.00000000000034,100.868019925,-923.3680199250001
2024-03-27,LOW_RANGE|FADE|H15_10,LOW_RANGE,FADE,H15_10,PUT,2024-03-28,50,-682.4999999999995,40.000000000000455,100.595830695,-823.095830695
2024-03-28,LOW_RANGE|CONTINUE|H10_30,LOW_RANGE,CONTINUE,H10_30,CALL,2024-03-28,50,2987.4999999999995,39.99999999999994,105.58732066500002,2841.9126793349997
2024-03-28,LOW_RANGE|CONTINUE|H15_10,LOW_RANGE,CONTINUE,H15_10,CALL,2024-03-28,50,1580.0,40.000000000000256,102.75048812000001,1437.2495118799998
2024-03-28,LOW_RANGE|FADE|H10_30,LOW_RANGE,FADE,H10_30,PUT,2024-03-28,50,-1027.5,40.00000000000024,96.60347328499998,-1164.1034732850003
2024-03-28,LOW_RANGE|FADE|H15_10,LOW_RANGE,FADE,H15_10,PUT,2024-03-28,50,-1320.0,40.000000000000455,96.06423499999998,-1456.0642350000005
2024-04-01,HIGH_RANGE|CONTINUE|H10_30,HIGH_RANGE,CONTINUE,H10_30,CALL,2024-04-04,50,-180.0000000000004,39.99999999999994,111.30841987000001,-331.30841987000036
2024-04-01,HIGH_RANGE|CONTINUE|H15_10,HIGH_RANGE,CONTINUE,H15_10,CALL,2024-04-04,50,-795.0000000000005,39.99999999999977,108.87686434,-943.8768643400002
2024-04-01,HIGH_RANGE|FADE|H10_30,HIGH_RANGE,FADE,H10_30,PUT,2024-04-04,50,-47.500000000000114,40.000000000000625,109.692549665,-197.19254966500074
2024-04-01,HIGH_RANGE|FADE|H15_10,HIGH_RANGE,FADE,H15_10,PUT,2024-04-04,50,269.99999999999994,40.00000000000057,109.96970042,120.03029957999938
2024-04-02,LOW_RANGE|CONTINUE|H10_30,LOW_RANGE,CONTINUE,H10_30,CALL,2024-04-04,50,-485.0000000000003,40.00000000000023,105.32766901999999,-630.3276690200005
2024-04-02,LOW_RANGE|CONTINUE|H15_10,LOW_RANGE,CONTINUE,H15_10,CALL,2024-04-04,50,-380.00000000000045,40.000000000000114,105.28564062,-525.2856406200005
2024-04-02,LOW_RANGE|FADE|H10_30,LOW_RANGE,FADE,H10_30,PUT,2024-04-04,50,345.0000000000002,40.00000000000051,107.57534401000001,197.42465598999976
2024-04-02,LOW_RANGE|FADE|H15_10,LOW_RANGE,FADE,H15_10,PUT,2024-04-04,50,-127.49999999999989,40.00000000000034,105.763649875,-273.2636498750002
2024-04-03,LOW_RANGE|CONTINUE|H10_30,LOW_RANGE,CONTINUE,H10_30,PUT,2024-04-04,50,-1607.5,39.999999999999886,100.825765515,-1748.325765515
2024-04-03,LOW_RANGE|CONTINUE|H15_10,LOW_RANGE,CONTINUE,H15_10,PUT,2024-04-04,50,-2014.9999999999995,40.000000000000455,99.84964328999999,-2154.84964329
2024-04-03,LOW_RANGE|FADE|H10_30,LOW_RANGE,FADE,H10_30,CALL,2024-04-04,50,1719.9999999999995,39.999999999999886,106.09499547000001,1573.9050045299996
2024-04-03,LOW_RANGE|FADE|H15_10,LOW_RANGE,FADE,H15_10,CALL,2024-04-04,50,1632.5000000000002,40.0000000000004,104.981270035,1487.5187299649997
2024-04-04,LOW_RANGE|CONTINUE|H10_30,LOW_RANGE,CONTINUE,H10_30,CALL,2024-04-04,50,-1614.9999999999998,40.00000000000003,97.37123304,-1752.3712330399999
2024-04-04,LOW_RANGE|CONTINUE|H15_10,LOW_RANGE,CONTINUE,H15_10,CALL,2024-04-04,50,-1952.5,40.0,96.675387325,-2089.175387325
2024-04-04,LOW_RANGE|FADE|H10_30,LOW_RANGE,FADE,H10_30,PUT,2024-04-04,50,2112.5,40.0000000000004,106.152899375,1966.3471006249995
2024-04-04,LOW_RANGE|FADE|H15_10,LOW_RANGE,FADE,H15_10,PUT,2024-04-04,50,-2840.0,40.000000000000455,97.34412377999999,-2977.3441237800002
2024-04-05,LOW_RANGE|CONTINUE|H10_30,LOW_RANGE,CONTINUE,H10_30,PUT,2024-04-10,50,-137.50000000000068,40.000000000000625,109.22131402500001,-286.72131402500133
2024-04-05,LOW_RANGE|CONTINUE|H15_10,LOW_RANGE,CONTINUE,H15_10,PUT,2024-04-10,50,-645.0000000000006,40.00000000000068,107.21603343,-792.2160334300013
2024-04-05,LOW_RANGE|FADE|H10_30,LOW_RANGE,FADE,H10_30,CALL,2024-04-10,50,182.50000000000028,39.99999999999915,115.097795795,27.40220420500114
2024-04-05,LOW_RANGE|FADE|H15_10,LOW_RANGE,FADE,H15_10,CALL,2024-04-10,50,592.5000000000003,39.99999999999915,115.41283754499999,437.08716245500125
2024-04-08,LOW_RANGE|CONTINUE|H10_30,LOW_RANGE,CONTINUE,H10_30,CALL,2024-04-10,50,412.49999999999983,40.0000000000004,107.73124476500001,264.7687552349994
2024-04-08,LOW_RANGE|CONTINUE|H15_10,LOW_RANGE,CONTINUE,H15_10,CALL,2024-04-10,50,1409.9999999999995,39.99999999999966,109.36068291999999,1260.63931708
2024-04-08,LOW_RANGE|FADE|H10_30,LOW_RANGE,FADE,H10_30,PUT,2024-04-10,50,-355.0000000000001,40.00000000000034,105.94379175,-500.94379175000046
2024-04-08,LOW_RANGE|FADE|H15_10,LOW_RANGE,FADE,H15_10,PUT,2024-04-10,50,-1232.5000000000002,40.00000000000057,103.74976581499999,-1376.249765815001
2024-04-09,MID_RANGE|CONTINUE|H10_30,MID_RANGE,CONTINUE,H10_30,CALL,2024-04-10,50,1187.5000000000002,40.00000000000037,106.04820195500001,1041.451798045
2024-04-09,MID_RANGE|CONTINUE|H15_10,MID_RANGE,CONTINUE,H15_10,CALL,2024-04-10,50,-1800.0,40.0,100.40474228,-1940.40474228
2024-04-09,MID_RANGE|FADE|H10_30,MID_RANGE,FADE,H10_30,PUT,2024-04-10,50,-955.0000000000002,40.00000000000017,100.87963466,-1095.8796346600004
2024-04-09,MID_RANGE|FADE|H15_10,MID_RANGE,FADE,H15_10,PUT,2024-04-10,50,704.9999999999999,40.000000000000256,103.7854815,561.2145184999997
2024-04-10,LOW_RANGE|CONTINUE|H10_30,LOW_RANGE,CONTINUE,H10_30,CALL,2024-04-10,50,-817.5000000000001,40.000000000000256,98.708469055,-956.2084690550004
2024-04-10,LOW_RANGE|CONTINUE|H15_10,LOW_RANGE,CONTINUE,H15_10,CALL,2024-04-10,50,177.49999999999983,40.00000000000031,99.92072824499999,37.579271754999496
2024-04-10,LOW_RANGE|FADE|H10_30,LOW_RANGE,FADE,H10_30,PUT,2024-04-10,50,-637.4999999999999,40.00000000000013,98.29846836499999,-775.798468365
2024-04-10,LOW_RANGE|FADE|H15_10,LOW_RANGE,FADE,H15_10,PUT,2024-04-10,50,-1947.4999999999995,40.000000000000455,95.99925250499999,-2083.499252505
2024-04-12,MID_RANGE|CONTINUE|H10_30,MID_RANGE,CONTINUE,H10_30,PUT,2024-04-18,50,739.9999999999992,39.999999999999886,111.93123133,588.0687686699994
2024-04-12,MID_RANGE|CONTINUE|H15_10,MID_RANGE,CONTINUE,H15_10,PUT,2024-04-18,50,1994.999999999999,39.999999999999545,116.68562797000001,1838.3143720299995
2024-04-12,MID_RANGE|FADE|H10_30,MID_RANGE,FADE,H10_30,CALL,2024-04-18,50,-877.5000000000005,40.0,108.69974557500001,-1026.1997455750004
2024-04-12,MID_RANGE|FADE|H15_10,MID_RANGE,FADE,H15_10,CALL,2024-04-18,50,-2017.5000000000005,39.99999999999977,105.64639911500001,-2163.146399115
2024-04-15,HIGH_RANGE|CONTINUE|H10_30,HIGH_RANGE,CONTINUE,H10_30,PUT,2024-04-18,50,-630.0000000000001,40.000000000000455,106.89332386,-776.8933238600006
2024-04-15,HIGH_RANGE|CONTINUE|H15_10,HIGH_RANGE,CONTINUE,H15_10,PUT,2024-04-18,50,654.9999999999998,40.000000000000625,110.00305231,504.9969476899991
2024-04-15,HIGH_RANGE|FADE|H10_30,HIGH_RANGE,FADE,H10_30,CALL,2024-04-18,50,639.9999999999999,39.99999999999912,114.75499139,485.2450086100008
2024-04-15,HIGH_RANGE|FADE|H15_10,HIGH_RANGE,FADE,H15_10,CALL,2024-04-18,50,-1435.0000000000005,39.99999999999932,108.29689948000001,-1583.2968994799999
2024-04-16,HIGH_RANGE|CONTINUE|H10_30,HIGH_RANGE,CONTINUE,H10_30,PUT,2024-04-18,50,-287.5,40.00000000000034,106.276303965,-433.77630396500035
2024-04-16,HIGH_RANGE|CONTINUE|H15_10,HIGH_RANGE,CONTINUE,H15_10,PUT,2024-04-18,50,250.0000000000005,40.00000000000034,107.22717046,102.77282954000017
2024-04-16,HIGH_RANGE|FADE|H10_30,HIGH_RANGE,FADE,H10_30,CALL,2024-04-18,50,-82.50000000000028,40.00000000000023,103.898520855,-226.39852085500053
2024-04-16,HIGH_RANGE|FADE|H15_10,HIGH_RANGE,FADE,H15_10,CALL,2024-04-18,50,-1022.5000000000002,40.00000000000023,101.713687615,-1164.2136876150005
2024-04-18,MID_RANGE|CONTINUE|H10_30,MID_RANGE,CONTINUE,H10_30,CALL,2024-04-18,50,-1290.0000000000002,40.0,96.543552,-1426.5435520000003
2024-04-18,MID_RANGE|CONTINUE|H15_10,MID_RANGE,CONTINUE,H15_10,CALL,2024-04-18,50,-1885.0,37.500000000000455,95.579953515,-2018.0799535150004
2024-04-18,MID_RANGE|FADE|H10_30,MID_RANGE,FADE,H10_30,PUT,2024-04-18,50,2567.5,40.000000000000455,104.193817145,2423.3061828549994
2024-04-18,MID_RANGE|FADE|H15_10,MID_RANGE,FADE,H15_10,PUT,2024-04-18,50,7947.500000000002,40.0,116.02874209500001,7791.471257905002
2024-04-19,HIGH_RANGE|CONTINUE|H10_30,HIGH_RANGE,CONTINUE,H10_30,PUT,2024-04-25,50,-127.50000000000057,39.99999999999915,119.246540545,-286.74654054499973
2024-04-19,HIGH_RANGE|CONTINUE|H15_10,HIGH_RANGE,CONTINUE,H15_10,PUT,2024-04-25,50,-2095.0000000000005,39.99999999999909,111.09073837999999,-2246.0907383799995
2024-04-19,HIGH_RANGE|FADE|H10_30,HIGH_RANGE,FADE,H10_30,CALL,2024-04-25,50,64.99999999999915,39.99999999999915,120.54132574,-95.54132574
2024-04-19,HIGH_RANGE|FADE|H15_10,HIGH_RANGE,FADE,H15_10,CALL,2024-04-25,50,2775.0,39.99999999999727,136.77004877000002,2598.229951230003
2024-04-22,LOW_RANGE|CONTINUE|H10_30,LOW_RANGE,CONTINUE,H10_30,CALL,2024-04-25,50,5.000000000000071,40.00000000000057,109.20909230000001,-144.20909230000052
2024-04-22,LOW_RANGE|CONTINUE|H15_10,LOW_RANGE,CONTINUE,H15_10,CALL,2024-04-25,50,1542.500000000001,39.999999999999886,113.38243642500001,1389.117563575001
2024-04-22,LOW_RANGE|FADE|H10_30,LOW_RANGE,FADE,H10_30,PUT,2024-04-25,50,-67.50000000000043,39.99999999999915,114.144612865,-221.64461286499957
2024-04-22,LOW_RANGE|FADE|H15_10,LOW_RANGE,FADE,H15_10,PUT,2024-04-25,50,-1512.5000000000005,40.0,109.177226805,-1661.6772268050004
2024-04-23,LOW_RANGE|CONTINUE|H10_30,LOW_RANGE,CONTINUE,H10_30,CALL,2024-04-25,50,-30.000000000000426,40.00000000000021,105.26483615,-175.26483615000063
2024-04-23,LOW_RANGE|CONTINUE|H15_10,LOW_RANGE,CONTINUE,H15_10,CALL,2024-04-25,50,-699.9999999999999,40.00000000000017,103.6617769,-843.6617769
2024-04-23,LOW_RANGE|FADE|H10_30,LOW_RANGE,FADE,H10_30,PUT,2024-04-25,50,-112.5,40.00000000000057,107.811252005,-260.3112520050006
2024-04-23,LOW_RANGE|FADE|H15_10,LOW_RANGE,FADE,H15_10,PUT,2024-04-25,50,292.5000000000008,40.00000000000057,108.147107105,144.35289289500022
2024-04-24,MID_RANGE|CONTINUE|H10_30,MID_RANGE,CONTINUE,H10_30,CALL,2024-04-25,50,1152.4999999999995,40.000000000000114,105.668708695,1006.8312913049996
2024-04-24,MID_RANGE|CONTINUE|H15_10,MID_RANGE,CONTINUE,H15_10,CALL,2024-04-25,50,-572.5000000000005,40.00000000000017,101.997004995,-714.4970049950007
2024-04-24,MID_RANGE|FADE|H10_30,MID_RANGE,FADE,H10_30,PUT,2024-04-25,50,-929.9999999999999,40.0000000000004,100.5757181,-1070.5757181000001
2024-04-24,MID_RANGE|FADE|H15_10,MID_RANGE,FADE,H15_10,PUT,2024-04-25,50,-317.4999999999999,40.00000000000017,101.31198541500001,-458.8119854150001
2024-04-25,MID_RANGE|CONTINUE|H10_30,MID_RANGE,CONTINUE,H10_30,PUT,2024-04-25,50,-1439.9999999999998,40.00000000000003,97.21907687000001,-1577.2190768699998
2024-04-25,MID_RANGE|CONTINUE|H15_10,MID_RANGE,CONTINUE,H15_10,PUT,2024-04-25,50,-2095.0,40.0,95.99975389,-2230.99975389
2024-04-25,MID_RANGE|FADE|H10_30,MID_RANGE,FADE,H10_30,CALL,2024-04-25,50,3687.5,39.99999999999898,106.81452563500001,3540.685474365001
2024-04-25,MID_RANGE|FADE|H15_10,MID_RANGE,FADE,H15_10,CALL,2024-04-25,50,7607.5,40.0,113.45634903500002,7454.043650965
2024-04-26,LOW_RANGE|CONTINUE|H10_30,LOW_RANGE,CONTINUE,H10_30,CALL,2024-05-02,25,-458.75000000000006,19.999999999999886,102.3860487275,-581.1360487274999
2024-04-26,LOW_RANGE|CONTINUE|H15_10,LOW_RANGE,CONTINUE,H15_10,CALL,2024-05-02,25,-916.2500000000002,19.999999999999773,100.9557670275,-1037.2057670275
2024-04-26,LOW_RANGE|FADE|H10_30,LOW_RANGE,FADE,H10_30,PUT,2024-05-02,25,453.74999999999966,19.999999999999886,104.74112743249998,329.0088725674998
2024-04-26,LOW_RANGE|FADE|H15_10,LOW_RANGE,FADE,H15_10,PUT,2024-05-02,25,849.9999999999997,19.999999999999886,105.69668847999999,724.3033115199997
2024-04-29,MID_RANGE|CONTINUE|H10_30,MID_RANGE,CONTINUE,H10_30,CALL,2024-05-02,25,419.99999999999994,19.999999999999574,104.82352166999999,295.1764783300004
2024-04-29,MID_RANGE|CONTINUE|H15_10,MID_RANGE,CONTINUE,H15_10,CALL,2024-05-02,25,989.9999999999999,19.99999999999966,106.82890490999998,863.1710950900002
2024-04-29,MID_RANGE|FADE|H10_30,MID_RANGE,FADE,H10_30,PUT,2024-05-02,25,-332.5000000000001,20.00000000000017,98.98360391,-451.4836039100003
2024-04-29,MID_RANGE|FADE|H15_10,MID_RANGE,FADE,H15_10,PUT,2024-05-02,25,-621.2500000000001,20.00000000000017,98.3102400275,-739.5602400275002
2024-04-30,LOW_RANGE|CONTINUE|H10_30,LOW_RANGE,CONTINUE,H10_30,CALL,2024-05-02,25,441.2499999999999,20.000000000000085,100.1594338175,321.09056618249986
2024-04-30,LOW_RANGE|CONTINUE|H15_10,LOW_RANGE,CONTINUE,H15_10,CALL,2024-05-02,25,-345.0000000000001,20.000000000000085,98.36172513500001,-463.3617251350002
2024-04-30,LOW_RANGE|FADE|H10_30,LOW_RANGE,FADE,H10_30,PUT,2024-05-02,25,-290.00000000000034,20.0000000000002,99.17153253,-409.1715325300005
2024-04-30,LOW_RANGE|FADE|H15_10,LOW_RANGE,FADE,H15_10,PUT,2024-05-02,25,187.49999999999983,20.0000000000002,100.01196479999999,67.48803519999964
2024-05-02,HIGH_RANGE|CONTINUE|H10_30,HIGH_RANGE,CONTINUE,H10_30,PUT,2024-05-02,25,-497.5,19.999999999999986,96.293912205,-613.793912205
2024-05-02,HIGH_RANGE|CONTINUE|H15_10,HIGH_RANGE,CONTINUE,H15_10,PUT,2024-05-02,25,-925.0,20.0,95.41963405999999,-1040.41963406
2024-05-02,HIGH_RANGE|FADE|H10_30,HIGH_RANGE,FADE,H10_30,CALL,2024-05-02,25,410.0,20.00000000000012,98.35608653499999,291.6439134649999
2024-05-02,HIGH_RANGE|FADE|H15_10,HIGH_RANGE,FADE,H15_10,CALL,2024-05-02,25,-1308.75,20.0,95.6111384975,-1424.3611384975
2024-05-03,MID_RANGE|CONTINUE|H10_30,MID_RANGE,CONTINUE,H10_30,CALL,2024-05-09,25,-608.7500000000001,19.999999999999943,101.9252182825,-730.6752182825
2024-05-03,MID_RANGE|CONTINUE|H15_10,MID_RANGE,CONTINUE,H15_10,CALL,2024-05-09,25,-1488.75,20.0,99.6463217875,-1608.3963217875
2024-05-03,MID_RANGE|FADE|H10_30,MID_RANGE,FADE,H10_30,PUT,2024-05-09,25,613.7499999999995,19.999999999999773,106.1828185775,487.56718142249974
2024-05-03,MID_RANGE|FADE|H15_10,MID_RANGE,FADE,H15_10,PUT,2024-05-09,25,1839.9999999999995,19.99999999999909,111.853967385,1708.1460326150004
2024-05-06,LOW_RANGE|CONTINUE|H10_30,LOW_RANGE,CONTINUE,H10_30,CALL,2024-05-09,25,-521.25,19.999999999999943,101.9769511225,-643.2269511224999
2024-05-06,LOW_RANGE|CONTINUE|H15_10,LOW_RANGE,CONTINUE,H15_10,CALL,2024-05-09,25,-885.0000000000001,19.99999999999966,100.81638824999999,-1005.8163882499998
2024-05-06,LOW_RANGE|FADE|H10_30,LOW_RANGE,FADE,H10_30,PUT,2024-05-09,25,552.4999999999995,19.999999999999886,105.024890435,427.4751095649997
2024-05-06,LOW_RANGE|FADE|H15_10,LOW_RANGE,FADE,H15_10,PUT,2024-05-09,25,907.5000000000002,20.0,105.75246200000001,781.7475380000002
2024-05-07,MID_RANGE|CONTINUE|H10_30,MID_RANGE,CONTINUE,H10_30,CALL,2024-05-09,25,-718.7500000000002,20.000000000000284,99.8826655225,-838.6326655225005
2024-05-07,MID_RANGE|CONTINUE|H15_10,MID_RANGE,CONTINUE,H15_10,CALL,2024-05-09,25,-1147.5000000000002,20.0,98.76958804,-1266.2695880400001
2024-05-07,MID_RANGE|FADE|H10_30,MID_RANGE,FADE,H10_30,PUT,2024-05-09,25,768.7500000000002,19.999999999999886,105.11001908749999,643.6399809125004
2024-05-07,MID_RANGE|FADE|H15_10,MID_RANGE,FADE,H15_10,PUT,2024-05-09,25,1427.4999999999995,19.999999999999773,107.03876857499999,1300.4612314249998
2024-05-08,HIGH_RANGE|CONTINUE|H10_30,HIGH_RANGE,CONTINUE,H10_30,PUT,2024-05-09,25,-61.24999999999997,20.000000000000114,99.35800091750001,-180.60800091750008
2024-05-08,HIGH_RANGE|CONTINUE|H15_10,HIGH_RANGE,CONTINUE,H15_10,PUT,2024-05-09,25,-810.0000000000002,19.999999999999943,97.66213779499999,-927.6621377950003
2024-05-08,HIGH_RANGE|FADE|H10_30,HIGH_RANGE,FADE,H10_30,CALL,2024-05-09,25,-69.99999999999994,20.000000000000256,101.31855966,-191.3185596600002
2024-05-08,HIGH_RANGE|FADE|H15_10,HIGH_RANGE,FADE,H15_10,CALL,2024-05-09,25,604.9999999999998,19.999999999999943,102.247807925,482.75219207499975
2024-05-09,HIGH_RANGE|CONTINUE|H10_30,HIGH_RANGE,CONTINUE,H10_30,PUT,2024-05-09,25,1197.5,19.999999999999716,101.140869425,1076.359130575
2024-05-09,HIGH_RANGE|CONTINUE|H15_10,HIGH_RANGE,CONTINUE,H15_10,PUT,2024-05-09,25,3466.25,19.999999999999318,106.65069008750001,3339.5993099125008
2024-05-09,HIGH_RANGE|FADE|H10_30,HIGH_RANGE,FADE,H10_30,CALL,2024-05-09,25,-961.25,20.00000000000003,96.27697668749998,-1077.5269766874999
2024-05-09,HIGH_RANGE|FADE|H15_10,HIGH_RANGE,FADE,H15_10,CALL,2024-05-09,25,-1350.0,17.5,95.58421132499998,-1463.084211325
2024-05-10,LOW_RANGE|CONTINUE|H10_30,LOW_RANGE,CONTINUE,H10_30,CALL,2024-05-16,25,281.2499999999996,19.999999999999545,108.2013133075,153.04868669250004
2024-05-10,LOW_RANGE|CONTINUE|H15_10,LOW_RANGE,CONTINUE,H15_10,CALL,2024-05-16,25,-86.25000000000045,19.999999999999545,106.28949489749999,-212.5394948975
2024-05-10,LOW_RANGE|FADE|H10_30,LOW_RANGE,FADE,H10_30,PUT,2024-05-16,25,-256.25000000000006,19.999999999999886,104.0993265525,-380.3493265525
2024-05-10,LOW_RANGE|FADE|H15_10,LOW_RANGE,FADE,H15_10,PUT,2024-05-16,25,-44.99999999999977,19.999999999999602,104.40511836499999,-169.40511836499937
2024-05-13,MID_RANGE|CONTINUE|H10_30,MID_RANGE,CONTINUE,H10_30,PUT,2024-05-16,25,415.00000000000057,19.999999999999545,106.29905572999999,288.70094427000106
2024-05-13,MID_RANGE|CONTINUE|H15_10,MID_RANGE,CONTINUE,H15_10,PUT,2024-05-16,25,-941.2499999999995,19.999999999999773,101.2178545575,-1062.4678545574993
2024-05-13,MID_RANGE|FADE|H10_30,MID_RANGE,FADE,H10_30,CALL,2024-05-16,25,-512.4999999999997,19.999999999999886,102.71204098,-635.2120409799995
2024-05-13,MID_RANGE|FADE|H15_10,MID_RANGE,FADE,H15_10,CALL,2024-05-16,25,895.0000000000002,19.99999999999943,107.36611249500001,767.6338875050008
2024-05-14,LOW_RANGE|CONTINUE|H10_30,LOW_RANGE,CONTINUE,H10_30,CALL,2024-05-16,25,12.50000000000017,20.000000000000284,100.93098652,-108.43098652000012
2024-05-14,LOW_RANGE|CONTINUE|H15_10,LOW_RANGE,CONTINUE,H15_10,CALL,2024-05-16,25,822.5000000000002,19.999999999999943,102.72743286,699.7725671400003
2024-05-14,LOW_RANGE|FADE|H10_30,LOW_RANGE,FADE,H10_30,PUT,2024-05-16,25,-51.24999999999994,19.999999999999915,102.7928313775,-174.04283137749985
2024-05-14,LOW_RANGE|FADE|H15_10,LOW_RANGE,FADE,H15_10,PUT,2024-05-16,25,-892.5,19.99999999999966,100.262001855,-1012.7620018549997
2024-05-15,LOW_RANGE|CONTINUE|H10_30,LOW_RANGE,CONTINUE,H10_30,CALL,2024-05-16,25,-896.25,20.00000000000017,98.02581575250001,-1014.2758157525002
2024-05-15,LOW_RANGE|CONTINUE|H15_10,LOW_RANGE,CONTINUE,H15_10,CALL,2024-05-16,25,-688.75,20.00000000000017,98.2147589825,-806.9647589825003
2024-05-15,LOW_RANGE|FADE|H10_30,LOW_RANGE,FADE,H10_30,PUT,2024-05-16,25,1103.7500000000005,20.0,102.5536071375,981.1963928625005
2024-05-15,LOW_RANGE|FADE|H15_10,LOW_RANGE,FADE,H15_10,PUT,2024-05-16,25,377.4999999999999,20.000000000000142,99.67188149,257.82811850999974
2024-05-16,MID_RANGE|CONTINUE|H10_30,MID_RANGE,CONTINUE,H10_30,CALL,2024-05-16,25,-924.9999999999998,20.000000000000213,95.965735285,-1040.965735285
2024-05-16,MID_RANGE|CONTINUE|H15_10,MID_RANGE,CONTINUE,H15_10,CALL,2024-05-16,25,1091.25,20.000000000000114,98.7248360625,972.5251639375
2024-05-16,MID_RANGE|FADE|H10_30,MID_RANGE,FADE,H10_30,PUT,2024-05-16,25,1502.5,19.999999999999773,101.20978403500001,1381.2902159650002
2024-05-16,MID_RANGE|FADE|H15_10,MID_RANGE,FADE,H15_10,PUT,2024-05-16,25,-1223.75,20.0,95.6035629625,-1339.3535629625
2024-05-17,HIGH_RANGE|CONTINUE|H10_30,HIGH_RANGE,CONTINUE,H10_30,CALL,2024-05-23,25,124.99999999999997,19.999999999999574,105.34041581,-0.3404158099995982
2024-05-17,HIGH_RANGE|CONTINUE|H15_10,HIGH_RANGE,CONTINUE,H15_10,CALL,2024-05-23,25,236.24999999999974,19.999999999999602,105.0911115925,111.15888840750014
2024-05-17,HIGH_RANGE|FADE|H10_30,HIGH_RANGE,FADE,H10_30,PUT,2024-05-23,25,-136.2500000000004,19.999999999999602,104.11569752249999,-260.3656975225
2024-05-17,HIGH_RANGE|FADE|H15_10,HIGH_RANGE,FADE,H15_10,PUT,2024-05-23,25,-375.00000000000045,19.999999999999886,103.171456595,-498.17145659500034
2024-05-22,LOW_RANGE|CONTINUE|H10_30,LOW_RANGE,CONTINUE,H10_30,CALL,2024-05-23,25,-221.25000000000003,20.000000000000085,99.58947097250001,-340.8394709725001
2024-05-22,LOW_RANGE|CONTINUE|H15_10,LOW_RANGE,CONTINUE,H15_10,CALL,2024-05-23,25,368.7499999999999,20.000000000000114,100.43334137250001,248.31665862749975
2024-05-22,LOW_RANGE|FADE|H10_30,LOW_RANGE,FADE,H10_30,PUT,2024-05-23,25,116.25000000000006,20.0000000000002,100.0622285275,-3.812228527500139
2024-05-22,LOW_RANGE|FADE|H15_10,LOW_RANGE,FADE,H15_10,PUT,2024-05-23,25,-513.7499999999999,20.000000000000057,98.28801480750002,-632.0380148075001
2024-05-23,HIGH_RANGE|CONTINUE|H10_30,HIGH_RANGE,CONTINUE,H10_30,PUT,2024-05-23,25,-812.5,19.999999999999943,96.70118144,-929.20118144
2024-05-23,HIGH_RANGE|CONTINUE|H15_10,HIGH_RANGE,CONTINUE,H15_10,PUT,2024-05-23,25,-1328.7499999999998,18.750000000000227,95.728693755,-1443.228693755
2024-05-23,HIGH_RANGE|FADE|H10_30,HIGH_RANGE,FADE,H10_30,CALL,2024-05-23,25,1238.75,19.999999999999886,100.7507187975,1117.9992812025002
2024-05-23,HIGH_RANGE|FADE|H15_10,HIGH_RANGE,FADE,H15_10,CALL,2024-05-23,25,3578.749999999999,19.999999999999545,110.4721891225,3448.2778108774996
2024-05-24,HIGH_RANGE|CONTINUE|H10_30,HIGH_RANGE,CONTINUE,H10_30,PUT,2024-05-30,25,278.7499999999998,19.999999999999545,107.0683931625,151.68160683750023
2024-05-24,HIGH_RANGE|CONTINUE|H15_10,HIGH_RANGE,CONTINUE,H15_10,PUT,2024-05-30,25,-180.0000000000001,19.999999999999545,104.80905803499999,-304.8090580349997
2024-05-24,HIGH_RANGE|FADE|H10_30,HIGH_RANGE,FADE,H10_30,CALL,2024-05-30,25,-375.0,19.99999999999966,106.145965395,-501.1459653949997
2024-05-24,HIGH_RANGE|FADE|H15_10,HIGH_RANGE,FADE,H15_10,CALL,2024-05-30,25,39.999999999999886,19.999999999999545,107.267479055,-87.26747905499965
2024-05-27,HIGH_RANGE|CONTINUE|H10_30,HIGH_RANGE,CONTINUE,H10_30,CALL,2024-05-30,25,29.999999999999716,19.999999999999574,105.120053185,-95.12005318499986
2024-05-27,HIGH_RANGE|CONTINUE|H15_10,HIGH_RANGE,CONTINUE,H15_10,CALL,2024-05-30,25,-297.50000000000034,19.999999999999886,103.799298185,-421.2992981850002
2024-05-27,HIGH_RANGE|FADE|H10_30,HIGH_RANGE,FADE,H10_30,PUT,2024-05-30,25,-68.75000000000037,19.999999999999915,103.2444632075,-191.9944632075003
2024-05-27,HIGH_RANGE|FADE|H15_10,HIGH_RANGE,FADE,H15_10,PUT,2024-05-30,25,179.99999999999974,19.999999999999574,104.06574321000002,55.93425679000015
2024-05-28,HIGH_RANGE|CONTINUE|H10_30,HIGH_RANGE,CONTINUE,H10_30,CALL,2024-05-30,25,138.74999999999994,19.999999999999574,105.23902623250001,13.510973767500346
2024-05-28,HIGH_RANGE|CONTINUE|H15_10,HIGH_RANGE,CONTINUE,H15_10,CALL,2024-05-30,25,-613.7500000000001,19.999999999999886,102.6199437825,-736.3699437825001
2024-05-28,HIGH_RANGE|FADE|H10_30,HIGH_RANGE,FADE,H10_30,PUT,2024-05-30,25,-111.24999999999989,20.000000000000284,100.86283434750001,-232.11283434750018
2024-05-28,HIGH_RANGE|FADE|H15_10,HIGH_RANGE,FADE,H15_10,PUT,2024-05-30,25,363.74999999999994,20.000000000000256,101.7136732925,242.03632670749965
2024-05-29,MID_RANGE|CONTINUE|H10_30,MID_RANGE,CONTINUE,H10_30,PUT,2024-05-30,25,547.4999999999998,20.00000000000017,101.29271026,426.2072897399996
2024-05-29,MID_RANGE|CONTINUE|H15_10,MID_RANGE,CONTINUE,H15_10,PUT,2024-05-30,25,559.9999999999998,20.00000000000017,100.77823372,439.22176627999954
2024-05-29,MID_RANGE|FADE|H10_30,MID_RANGE,FADE,H10_30,CALL,2024-05-30,25,-680.0,20.000000000000057,100.41851256,-800.4185125600001
2024-05-29,MID_RANGE|FADE|H15_10,MID_RANGE,FADE,H15_10,CALL,2024-05-30,25,-962.5000000000003,20.000000000000227,99.49836766499999,-1081.9983676650006
2024-05-30,MID_RANGE|CONTINUE|H10_30,MID_RANGE,CONTINUE,H10_30,PUT,2024-05-30,25,513.75,20.000000000000142,100.8336509425,392.91634905749976
2024-05-30,MID_RANGE|CONTINUE|H15_10,MID_RANGE,CONTINUE,H15_10,PUT,2024-05-30,25,2311.25,19.999999999999773,102.29336869750003,2188.9566313025
2024-05-30,MID_RANGE|FADE|H10_30,MID_RANGE,FADE,H10_30,CALL,2024-05-30,25,-782.5,20.000000000000227,96.83889469500001,-899.3388946950002
2024-05-30,MID_RANGE|FADE|H15_10,MID_RANGE,FADE,H15_10,CALL,2024-05-30,25,-1322.5000000000002,19.999999999999716,95.7938623,-1438.2938623
2024-05-31,HIGH_RANGE|CONTINUE|H10_30,HIGH_RANGE,CONTINUE,H10_30,CALL,2024-06-06,25,-327.4999999999991,19.99999999999909,124.56448075499999,-472.06448075499816
2024-05-31,HIGH_RANGE|CONTINUE|H15_10,HIGH_RANGE,CONTINUE,H15_10,CALL,2024-06-06,25,-311.2499999999997,19.999999999998863,126.12816953749999,-457.3781695374986
2024-05-31,HIGH_RANGE|FADE|H10_30,HIGH_RANGE,FADE,H10_30,PUT,2024-06-06,25,227.50000000000057,19.999999999998863,128.76790841000002,78.73209159000169
2024-05-31,HIGH_RANGE|FADE|H15_10,HIGH_RANGE,FADE,H15_10,PUT,2024-06-06,25,227.4999999999991,19.999999999998863,130.79429253,76.70570747000022
2024-06-03,HIGH_RANGE|CONTINUE|H10_30,HIGH_RANGE,CONTINUE,H10_30,CALL,2024-06-06,25,208.7499999999999,19.999999999998863,119.6970200775,69.05297992250102
2024-06-03,HIGH_RANGE|CONTINUE|H15_10,HIGH_RANGE,CONTINUE,H15_10,CALL,2024-06-06,25,147.50000000000023,19.999999999998863,123.00782663999999,4.492173360001374
2024-06-03,HIGH_RANGE|FADE|H10_30,HIGH_RANGE,FADE,H10_30,PUT,2024-06-06,25,-182.49999999999886,19.999999999998863,118.08856256000001,-320.58856255999774
2024-06-03,HIGH_RANGE|FADE|H15_10,HIGH_RANGE,FADE,H15_10,PUT,2024-06-06,25,-213.75000000000034,19.99999999999875,117.97696715750001,-351.7269671574991
2024-06-04,LOW_RANGE|CONTINUE|H10_30,LOW_RANGE,CONTINUE,H10_30,PUT,2024-06-06,25,-558.7499999999991,20.0,125.8594065975,-704.6094065974991
2024-06-04,LOW_RANGE|CONTINUE|H15_10,LOW_RANGE,CONTINUE,H15_10,PUT,2024-06-06,25,2014.999999999999,20.000000000000455,141.50499509000002,1853.4950049099987
2024-06-04,LOW_RANGE|FADE|H10_30,LOW_RANGE,FADE,H10_30,CALL,2024-06-06,25,507.5000000000016,20.000000000000227,136.900024645,350.59997535500133
2024-06-04,LOW_RANGE|FADE|H15_10,LOW_RANGE,FADE,H15_10,CALL,2024-06-06,25,-1776.249999999999,19.99999999999818,118.50888308249999,-1914.7588830824973
2024-06-05,HIGH_RANGE|CONTINUE|H10_30,HIGH_RANGE,CONTINUE,H10_30,CALL,2024-06-06,25,-383.7500000000002,19.999999999999886,105.1203961625,-508.8703961625001
2024-06-05,HIGH_RANGE|CONTINUE|H15_10,HIGH_RANGE,CONTINUE,H15_10,CALL,2024-06-06,25,2557.499999999999,20.00000000000182,124.92959918,2412.5704008199973
2024-06-05,HIGH_RANGE|FADE|H10_30,HIGH_RANGE,FADE,H10_30,PUT,2024-06-06,25,238.75000000000023,19.99999999999875,114.55730404750001,104.19269595250147
2024-06-05,HIGH_RANGE|FADE|H15_10,HIGH_RANGE,FADE,H15_10,PUT,2024-06-06,25,-2061.249999999999,19.99999999999909,104.5763735225,-2185.826373522498
2024-06-06,HIGH_RANGE|CONTINUE|H10_30,HIGH_RANGE,CONTINUE,H10_30,CALL,2024-06-06,25,985.0000000000002,19.999999999999943,103.69162649500001,861.3083735050002
2024-06-06,HIGH_RANGE|CONTINUE|H15_10,HIGH_RANGE,CONTINUE,H15_10,CALL,2024-06-06,25,1138.7500000000002,20.00000000000037,101.0112888525,1017.7387111474998
2024-06-06,HIGH_RANGE|FADE|H10_30,HIGH_RANGE,FADE,H10_30,PUT,2024-06-06,25,-1226.2499999999995,20.000000000000455,99.17873252749999,-1345.4287325275
2024-06-06,HIGH_RANGE|FADE|H15_10,HIGH_RANGE,FADE,H15_10,PUT,2024-06-06,25,-1926.25,19.99999999999909,97.62386682249999,-2043.8738668224992
2024-06-07,LOW_RANGE|CONTINUE|H10_30,LOW_RANGE,CONTINUE,H10_30,CALL,2024-06-13,25,277.4999999999992,19.999999999998863,113.51991479,143.98008521000034
2024-06-07,LOW_RANGE|CONTINUE|H15_10,LOW_RANGE,CONTINUE,H15_10,CALL,2024-06-13,25,1476.249999999999,19.99999999999909,123.5395643925,1332.7104356075
2024-06-07,LOW_RANGE|FADE|H10_30,LOW_RANGE,FADE,H10_30,PUT,2024-06-13,25,-303.7499999999993,19.999999999999318,109.8115138325,-433.56151383249863
2024-06-07,LOW_RANGE|FADE|H15_10,LOW_RANGE,FADE,H15_10,PUT,2024-06-13,25,-1237.4999999999995,19.99999999999909,105.61146114499999,-1363.1114611449987
2024-06-10,HIGH_RANGE|CONTINUE|H10_30,HIGH_RANGE,CONTINUE,H10_30,CALL,2024-06-13,25,-203.7500000000001,19.99999999999966,106.4091188575,-330.1591188574998
2024-06-10,HIGH_RANGE|CONTINUE|H15_10,HIGH_RANGE,CONTINUE,H15_10,CALL,2024-06-13,25,-751.2500000000005,19.999999999999545,103.8313655325,-875.0813655325001
2024-06-10,HIGH_RANGE|FADE|H10_30,HIGH_RANGE,FADE,H10_30,PUT,2024-06-13,25,150.0,19.999999999999204,110.411529605,19.588470395000797
2024-06-10,HIGH_RANGE|FADE|H15_10,HIGH_RANGE,FADE,H15_10,PUT,2024-06-13,25,664.9999999999993,19.99999999999943,111.985890555,533.0141094449999
2024-06-11,MID_RANGE|CONTINUE|H10_30,MID_RANGE,CONTINUE,H10_30,CALL,2024-06-13,25,187.5,19.999999999999574,103.895093085,63.60490691500043
2024-06-11,MID_RANGE|CONTINUE|H15_10,MID_RANGE,CONTINUE,H15_10,CALL,2024-06-13,25,-8.75,20.0,102.4811354725,-131.2311354725
2024-06-11,MID_RANGE|FADE|H10_30,MID_RANGE,FADE,H10_30,PUT,2024-06-13,25,-263.7500000000007,19.999999999999545,104.39546376749999,-388.14546376750025
2024-06-11,MID_RANGE|FADE|H15_10,MID_RANGE,FADE,H15_10,PUT,2024-06-13,25,-257.50000000000034,19.999999999999886,104.032491005,-381.5324910050002
2024-06-12,MID_RANGE|CONTINUE|H10_30,MID_RANGE,CONTINUE,H10_30,CALL,2024-06-13,25,582.5000000000003,19.99999999999983,101.316656765,461.18334323500045
2024-06-12,MID_RANGE|CONTINUE|H15_10,MID_RANGE,CONTINUE,H15_10,CALL,2024-06-13,25,-341.2500000000001,20.000000000000085,98.9735505725,-460.2235505725002
2024-06-12,MID_RANGE|FADE|H10_30,MID_RANGE,FADE,H10_30,PUT,2024-06-13,25,-477.50000000000017,20.00000000000017,99.75683101499999,-597.2568310150003
2024-06-12,MID_RANGE|FADE|H15_10,MID_RANGE,FADE,H15_10,PUT,2024-06-13,25,163.75,20.0000000000002,100.78009269249999,42.96990730749984
2024-06-13,MID_RANGE|CONTINUE|H10_30,MID_RANGE,CONTINUE,H10_30,CALL,2024-06-13,25,-880.0000000000001,20.0,96.3802884,-996.3802884000002
2024-06-13,MID_RANGE|CONTINUE|H15_10,MID_RANGE,CONTINUE,H15_10,CALL,2024-06-13,25,-1442.5000000000002,20.0,95.463773605,-1557.9637736050001
2024-06-13,MID_RANGE|FADE|H10_30,MID_RANGE,FADE,H10_30,PUT,2024-06-13,25,216.2500000000001,20.000000000000128,97.41507992749999,98.83492007250001
2024-06-13,MID_RANGE|FADE|H15_10,MID_RANGE,FADE,H15_10,PUT,2024-06-13,25,-865.0,19.999999999999943,95.56957347999999,-980.56957348
2024-06-14,MID_RANGE|CONTINUE|H10_30,MID_RANGE,CONTINUE,H10_30,CALL,2024-06-20,25,492.49999999999966,19.999999999999545,105.18866874,367.3113312600001
2024-06-14,MID_RANGE|CONTINUE|H15_10,MID_RANGE,CONTINUE,H15_10,CALL,2024-06-20,25,728.7499999999998,19.99999999999949,105.45778501749999,603.2922149825002
2024-06-14,MID_RANGE|FADE|H10_30,MID_RANGE,FADE,H10_30,PUT,2024-06-20,25,-512.5,19.999999999999886,101.38745503,-633.8874550299998
2024-06-14,MID_RANGE|FADE|H15_10,MID_RANGE,FADE,H15_10,PUT,2024-06-20,25,-726.25,19.999999999999886,100.7620853225,-847.0120853224998
2024-06-18,LOW_RANGE|CONTINUE|H10_30,LOW_RANGE,CONTINUE,H10_30,CALL,2024-06-20,25,131.25000000000017,20.000000000000284,101.67527351249998,9.574726487499902
2024-06-18,LOW_RANGE|CONTINUE|H15_10,LOW_RANGE,CONTINUE,H15_10,CALL,2024-06-20,25,-4.999999999999886,20.0000000000002,101.203683055,-126.20368305500008
2024-06-18,LOW_RANGE|FADE|H10_30,LOW_RANGE,FADE,H10_30,PUT,2024-06-20,25,-210.00000000000003,20.000000000000142,98.78042305500003,-328.7804230550002
2024-06-18,LOW_RANGE|FADE|H15_10,LOW_RANGE,FADE,H15_10,PUT,2024-06-20,25,-191.25000000000026,20.000000000000057,98.7418781875,-309.99187818750033
2024-06-19,LOW_RANGE|CONTINUE|H10_30,LOW_RANGE,CONTINUE,H10_30,CALL,2024-06-20,25,-841.2500000000002,20.00000000000017,97.7620113775,-959.0120113775005
2024-06-19,LOW_RANGE|CONTINUE|H15_10,LOW_RANGE,CONTINUE,H15_10,CALL,2024-06-20,25,-680.0000000000001,20.000000000000085,97.94130445,-797.9413044500002
2024-06-19,LOW_RANGE|FADE|H10_30,LOW_RANGE,FADE,H10_30,PUT,2024-06-20,25,1236.25,20.000000000000227,103.2453050875,1113.0046949125
2024-06-19,LOW_RANGE|FADE|H15_10,LOW_RANGE,FADE,H15_10,PUT,2024-06-20,25,593.7499999999999,20.000000000000142,100.43092229249999,473.3190777074998
2024-06-20,HIGH_RANGE|CONTINUE|H10_30,HIGH_RANGE,CONTINUE,H10_30,CALL,2024-06-20,25,81.24999999999991,20.0000000000001,97.73071386749999,-36.48071386750018
2024-06-20,HIGH_RANGE|CONTINUE|H15_10,HIGH_RANGE,CONTINUE,H15_10,CALL,2024-06-20,25,387.5,20.000000000000142,97.685204895,269.8147951049998
2024-06-20,HIGH_RANGE|FADE|H10_30,HIGH_RANGE,FADE,H10_30,PUT,2024-06-20,25,-723.75,20.0,97.57964387249999,-841.3296438725
2024-06-20,HIGH_RANGE|FADE|H15_10,HIGH_RANGE,FADE,H15_10,PUT,2024-06-20,25,-1596.25,19.999999999999943,96.0201260575,-1712.2701260575
2024-06-21,HIGH_RANGE|CONTINUE|H10_30,HIGH_RANGE,CONTINUE,H10_30,CALL,2024-06-27,25,35.0000000000005,19.999999999999574,103.29826771,-88.29826770999908
2024-06-21,HIGH_RANGE|CONTINUE|H15_10,HIGH_RANGE,CONTINUE,H15_10,CALL,2024-06-27,25,-783.7499999999999,19.999999999999886,101.0595347225,-904.8095347224997
2024-06-21,HIGH_RANGE|FADE|H10_30,HIGH_RANGE,FADE,H10_30,PUT,2024-06-27,25,-95.00000000000028,19.999999999999943,103.12367363,-218.1236736300002
2024-06-21,HIGH_RANGE|FADE|H15_10,HIGH_RANGE,FADE,H15_10,PUT,2024-06-27,25,713.7499999999999,19.999999999999545,105.8060567725,587.9439432275003
2024-06-24,HIGH_RANGE|CONTINUE|H10_30,HIGH_RANGE,CONTINUE,H10_30,PUT,2024-06-27,25,-419.99999999999994,19.999999999999943,102.02489545499999,-542.0248954549999
2024-06-24,HIGH_RANGE|CONTINUE|H15_10,HIGH_RANGE,CONTINUE,H15_10,PUT,2024-06-27,25,-933.7499999999998,19.999999999999773,100.60335194749999,-1054.3533519474995
2024-06-24,HIGH_RANGE|FADE|H10_30,HIGH_RANGE,FADE,H10_30,CALL,2024-06-27,25,427.4999999999997,20.0,103.23300836,304.26699163999973
2024-06-24,HIGH_RANGE|FADE|H15_10,HIGH_RANGE,FADE,H15_10,CALL,2024-06-27,25,1086.2499999999995,19.999999999999773,105.57772431250001,960.6722756874998
2024-06-25,MID_RANGE|CONTINUE|H10_30,MID_RANGE,CONTINUE,H10_30,CALL,2024-06-27,25,68.75,20.000000000000107,100.1577066125,-51.4077066125001
2024-06-25,MID_RANGE|CONTINUE|H15_10,MID_RANGE,CONTINUE,H15_10,CALL,2024-06-27,25,1341.2500000000002,20.000000000000114,103.8005022825,1217.4494977175
2024-06-25,MID_RANGE|FADE|H10_30,MID_RANGE,FADE,H10_30,PUT,2024-06-27,25,-170.00000000000026,20.000000000000313,101.57215821000001,-291.57215821000057
2024-06-25,MID_RANGE|FADE|H15_10,MID_RANGE,FADE,H15_10,PUT,2024-06-27,25,-1060.0000000000005,20.0,99.60910094500001,-1179.6091009450004
2024-06-26,MID_RANGE|CONTINUE|H10_30,MID_RANGE,CONTINUE,H10_30,CALL,2024-06-27,25,356.2499999999997,20.000000000000085,100.0159600775,236.23403992249968
2024-06-26,MID_RANGE|CONTINUE|H15_10,MID_RANGE,CONTINUE,H15_10,CALL,2024-06-27,25,1694.9999999999995,19.999999999999545,103.640924545,1571.359075455
2024-06-26,MID_RANGE|FADE|H10_30,MID_RANGE,FADE,H10_30,PUT,2024-06-27,25,-370.00000000000006,20.00000000000017,99.78805400000002,-489.7880540000002
2024-06-26,MID_RANGE|FADE|H15_10,MID_RANGE,FADE,H15_10,PUT,2024-06-27,25,-1297.5,20.0,97.667379135,-1415.167379135
2024-06-27,LOW_RANGE|CONTINUE|H10_30,LOW_RANGE,CONTINUE,H10_30,CALL,2024-06-27,25,2073.7499999999995,19.999999999999773,103.2471452975,1950.5028547025
2024-06-27,LOW_RANGE|CONTINUE|H15_10,LOW_RANGE,CONTINUE,H15_10,CALL,2024-06-27,25,3557.5000000000005,20.000000000000057,104.35833024499999,3433.1416697550003
2024-06-27,LOW_RANGE|FADE|H10_30,LOW_RANGE,FADE,H10_30,PUT,2024-06-27,25,-1047.5,20.00000000000003,95.89470361,-1163.39470361
2024-06-27,LOW_RANGE|FADE|H15_10,LOW_RANGE,FADE,H15_10,PUT,2024-06-27,25,-1261.25,20.0,95.4854505575,-1376.7354505575
2024-06-28,HIGH_RANGE|CONTINUE|H10_30,HIGH_RANGE,CONTINUE,H10_30,CALL,2024-07-04,25,193.75,19.999999999999545,106.8528805375,66.89711946250046
2024-06-28,HIGH_RANGE|CONTINUE|H15_10,HIGH_RANGE,CONTINUE,H15_10,CALL,2024-07-04,25,-356.25,19.999999999999545,104.37848728750001,-480.6284872874995
2024-06-28,HIGH_RANGE|FADE|H10_30,HIGH_RANGE,FADE,H10_30,PUT,2024-07-04,25,-149.9999999999996,19.999999999999602,105.05366769999999,-275.0536676999992
2024-06-28,HIGH_RANGE|FADE|H15_10,HIGH_RANGE,FADE,H15_10,PUT,2024-07-04,25,228.74999999999977,19.999999999999545,105.93335003249999,102.81664996750024
2024-07-01,HIGH_RANGE|CONTINUE|H10_30,HIGH_RANGE,CONTINUE,H10_30,CALL,2024-07-04,25,256.24999999999966,19.999999999999574,104.6987881375,131.55121186250005
2024-07-01,HIGH_RANGE|CONTINUE|H15_10,HIGH_RANGE,CONTINUE,H15_10,CALL,2024-07-04,25,647.4999999999998,19.999999999999602,105.71699156499999,521.7830084350003
2024-07-01,HIGH_RANGE|FADE|H10_30,HIGH_RANGE,FADE,H10_30,PUT,2024-07-04,25,-243.75,19.999999999999886,102.4972952325,-366.2472952324999
2024-07-01,HIGH_RANGE|FADE|H15_10,HIGH_RANGE,FADE,H15_10,PUT,2024-07-04,25,-607.4999999999999,19.999999999999886,101.352999205,-728.8529992049998
2024-07-02,HIGH_RANGE|CONTINUE|H10_30,HIGH_RANGE,CONTINUE,H10_30,CALL,2024-07-04,25,-18.749999999999815,20.00000000000027,101.78610647750001,-140.53610647750008
2024-07-02,HIGH_RANGE|CONTINUE|H15_10,HIGH_RANGE,CONTINUE,H15_10,CALL,2024-07-04,25,-129.99999999999972,20.000000000000227,101.14538189000001,-251.14538188999995
2024-07-02,HIGH_RANGE|FADE|H10_30,HIGH_RANGE,FADE,H10_30,PUT,2024-07-04,25,-73.75000000000026,20.000000000000284,101.99646264750001,-195.74646264750055
2024-07-02,HIGH_RANGE|FADE|H15_10,HIGH_RANGE,FADE,H15_10,PUT,2024-07-04,25,-94.99999999999994,20.000000000000227,101.68289593,-216.68289593000017
2024-07-03,LOW_RANGE|CONTINUE|H10_30,LOW_RANGE,CONTINUE,H10_30,CALL,2024-07-04,25,588.7500000000002,20.000000000000057,100.4726501575,468.27734984250026
2024-07-03,LOW_RANGE|CONTINUE|H15_10,LOW_RANGE,CONTINUE,H15_10,CALL,2024-07-04,25,251.25000000000009,20.000000000000078,99.46541055249999,131.78458944750003
2024-07-03,LOW_RANGE|FADE|H10_30,LOW_RANGE,FADE,H10_30,PUT,2024-07-04,25,-543.75,20.000000000000057,99.1913796325,-662.9413796325
2024-07-03,LOW_RANGE|FADE|H15_10,LOW_RANGE,FADE,H15_10,PUT,2024-07-04,25,-544.9999999999999,20.00000000000017,98.87589374,-663.87589374
2024-07-04,LOW_RANGE|CONTINUE|H10_30,LOW_RANGE,CONTINUE,H10_30,CALL,2024-07-04,25,-454.9999999999999,20.000000000000128,96.61429942,-571.61429942
2024-07-04,LOW_RANGE|CONTINUE|H15_10,LOW_RANGE,CONTINUE,H15_10,CALL,2024-07-04,25,-1330.0,18.75,95.27145392749999,-1444.0214539275
2024-07-04,LOW_RANGE|FADE|H10_30,LOW_RANGE,FADE,H10_30,PUT,2024-07-04,25,-16.249999999999986,20.000000000000153,96.67488197750001,-132.92488197750015
2024-07-04,LOW_RANGE|FADE|H15_10,LOW_RANGE,FADE,H15_10,PUT,2024-07-04,25,474.9999999999999,20.000000000000142,97.06999708999999,357.93000290999976
2024-07-05,LOW_RANGE|CONTINUE|H10_30,LOW_RANGE,CONTINUE,H10_30,PUT,2024-07-11,25,-493.7500000000001,19.999999999999886,101.8113533275,-615.5613533275
2024-07-05,LOW_RANGE|CONTINUE|H15_10,LOW_RANGE,CONTINUE,H15_10,PUT,2024-07-11,25,-888.7500000000002,19.999999999999886,100.6228531125,-1009.3728531125001
2024-07-05,LOW_RANGE|FADE|H10_30,LOW_RANGE,FADE,H10_30,CALL,2024-07-11,25,488.74999999999994,19.999999999999602,105.03463879750001,363.71536120250033
2024-07-05,LOW_RANGE|FADE|H15_10,LOW_RANGE,FADE,H15_10,CALL,2024-07-11,25,967.5,19.999999999999545,106.820316245,840.6796837550005
2024-07-08,HIGH_RANGE|CONTINUE|H10_30,HIGH_RANGE,CONTINUE,H10_30,PUT,2024-07-11,25,-108.7500000000002,20.000000000000313,100.47364256750001,-229.22364256750052
2024-07-08,HIGH_RANGE|CONTINUE|H15_10,HIGH_RANGE,CONTINUE,H15_10,PUT,2024-07-11,25,-101.25000000000009,20.000000000000313,100.47030856250001,-221.7203085625004
2024-07-08,HIGH_RANGE|FADE|H10_30,HIGH_RANGE,FADE,H10_30,CALL,2024-07-11,25,64.99999999999986,20.000000000000284,102.274063465,-57.274063465000424
2024-07-08,HIGH_RANGE|FADE|H15_10,HIGH_RANGE,FADE,H15_10,CALL,2024-07-11,25,56.250000000000185,20.000000000000284,102.05951264749999,-65.80951264750009
2024-07-09,LOW_RANGE|CONTINUE|H10_30,LOW_RANGE,CONTINUE,H10_30,CALL,2024-07-11,25,75.00000000000009,20.000000000000107,100.68011498499999,-45.680114985
2024-07-09,LOW_RANGE|CONTINUE|H15_10,LOW_RANGE,CONTINUE,H15_10,CALL,2024-07-11,25,647.5000000000002,19.99999999999983,101.98956022499999,525.5104397750005
2024-07-09,LOW_RANGE|FADE|H10_30,LOW_RANGE,FADE,H10_30,PUT,2024-07-11,25,-94.99999999999984,20.0000000000001,99.34744175499999,-214.34744175499992
2024-07-09,LOW_RANGE|FADE|H15_10,LOW_RANGE,FADE,H15_10,PUT,2024-07-11,25,-564.9999999999999,20.00000000000017,98.16439557,-683.16439557
2024-07-10,LOW_RANGE|CONTINUE|H10_30,LOW_RANGE,CONTINUE,H10_30,CALL,2024-07-11,25,-1045.0,20.0000000000002,97.24374041,-1162.2437404100003
2024-07-10,LOW_RANGE|CONTINUE|H15_10,LOW_RANGE,CONTINUE,H15_10,CALL,2024-07-11,25,-971.2500000000002,19.999999999999943,97.2783472425,-1088.5283472425003
2024-07-10,LOW_RANGE|FADE|H10_30,LOW_RANGE,FADE,H10_30,PUT,2024-07-11,25,1513.7499999999998,20.0,102.7919623325,1390.9580376674999
2024-07-10,LOW_RANGE|FADE|H15_10,LOW_RANGE,FADE,H15_10,PUT,2024-07-11,25,977.5000000000002,20.00000000000017,100.18364581499999,857.316354185
2024-07-11,HIGH_RANGE|CONTINUE|H10_30,HIGH_RANGE,CONTINUE,H10_30,CALL,2024-07-11,25,-649.9999999999999,20.000000000000227,95.29506337499998,-765.2950633750002
2024-07-11,HIGH_RANGE|CONTINUE|H15_10,HIGH_RANGE,CONTINUE,H15_10,CALL,2024-07-11,25,-852.4999999999999,20.000000000000114,94.94820053,-967.44820053
2024-07-11,HIGH_RANGE|FADE|H10_30,HIGH_RANGE,FADE,H10_30,PUT,2024-07-11,25,1447.5,20.0000000000002,99.486709485,1328.0132905149999
2024-07-11,HIGH_RANGE|FADE|H15_10,HIGH_RANGE,FADE,H15_10,PUT,2024-07-11,25,-172.5,20.000000000000114,96.64906317999998,-289.1490631800001
2024-07-12,LOW_RANGE|CONTINUE|H10_30,LOW_RANGE,CONTINUE,H10_30,CALL,2024-07-18,25,-384.99999999999994,19.999999999999943,103.036471835,-508.0364718349999
2024-07-12,LOW_RANGE|CONTINUE|H15_10,LOW_RANGE,CONTINUE,H15_10,CALL,2024-07-18,25,361.24999999999966,19.999999999999545,105.8093818975,235.4406181025001
2024-07-12,LOW_RANGE|FADE|H10_30,LOW_RANGE,FADE,H10_30,PUT,2024-07-18,25,252.50000000000003,20.000000000000256,101.41920012,131.08079987999977
2024-07-12,LOW_RANGE|FADE|H15_10,LOW_RANGE,FADE,H15_10,PUT,2024-07-18,25,-312.5,20.00000000000017,99.822913005,-432.32291300500015
2024-07-15,HIGH_RANGE|CONTINUE|H10_30,HIGH_RANGE,CONTINUE,H10_30,CALL,2024-07-18,25,-30.00000000000007,20.000000000000284,101.41697005,-151.41697005000037
2024-07-15,HIGH_RANGE|CONTINUE|H15_10,HIGH_RANGE,CONTINUE,H15_10,CALL,2024-07-18,25,293.75,19.99999999999997,102.0422415525,171.70775844750005
2024-07-15,HIGH_RANGE|FADE|H10_30,HIGH_RANGE,FADE,H10_30,PUT,2024-07-18,25,-33.74999999999986,20.000000000000284,100.8818311675,-154.63183116750014
2024-07-15,HIGH_RANGE|FADE|H15_10,HIGH_RANGE,FADE,H15_10,PUT,2024-07-18,25,-363.7499999999999,20.000000000000284,99.9270295975,-483.67702959750017
2024-07-16,MID_RANGE|CONTINUE|H10_30,MID_RANGE,CONTINUE,H10_30,CALL,2024-07-18,25,190.00000000000026,20.000000000000107,98.90006033499999,71.09993966500015
2024-07-16,MID_RANGE|CONTINUE|H15_10,MID_RANGE,CONTINUE,H15_10,CALL,2024-07-18,25,-214.9999999999998,20.000000000000142,97.932122115,-332.93212211499997
2024-07-16,MID_RANGE|FADE|H10_30,MID_RANGE,FADE,H10_30,PUT,2024-07-18,25,-285.0,20.00000000000017,99.86646035999999,-404.86646036000013
2024-07-16,MID_RANGE|FADE|H15_10,MID_RANGE,FADE,H15_10,PUT,2024-07-18,25,-299.99999999999994,20.000000000000284,99.52455312000001,-419.52455312000023
2024-07-18,HIGH_RANGE|CONTINUE|H10_30,HIGH_RANGE,CONTINUE,H10_30,PUT,2024-07-18,25,-896.25,20.00000000000003,95.7763434725,-1012.0263434725
2024-07-18,HIGH_RANGE|CONTINUE|H15_10,HIGH_RANGE,CONTINUE,H15_10,PUT,2024-07-18,25,-1162.5,19.99999999999997,95.297475055,-1277.797475055
2024-07-18,HIGH_RANGE|FADE|H10_30,HIGH_RANGE,FADE,H10_30,CALL,2024-07-18,25,1783.75,20.000000000000227,99.02351720250002,1664.7264827974998
2024-07-18,HIGH_RANGE|FADE|H15_10,HIGH_RANGE,FADE,H15_10,CALL,2024-07-18,25,4180.0,20.000000000000227,104.56496551000002,4055.43503449
2024-07-19,MID_RANGE|CONTINUE|H10_30,MID_RANGE,CONTINUE,H10_30,CALL,2024-07-25,25,-221.24999999999955,19.99999999999909,110.8902805775,-352.14028057749863
2024-07-19,MID_RANGE|CONTINUE|H15_10,MID_RANGE,CONTINUE,H15_10,CALL,2024-07-25,25,-957.4999999999995,19.999999999999318,107.66907269000001,-1085.1690726899988
2024-07-19,MID_RANGE|FADE|H10_30,MID_RANGE,FADE,H10_30,PUT,2024-07-25,25,226.24999999999955,19.999999999998863,111.7463727025,94.50362729750069
2024-07-19,MID_RANGE|FADE|H15_10,MID_RANGE,FADE,H15_10,PUT,2024-07-25,25,1038.7500000000005,19.99999999999909,117.66883866750001,901.0811613325013
2024-07-22,HIGH_RANGE|CONTINUE|H10_30,HIGH_RANGE,CONTINUE,H10_30,PUT,2024-07-25,25,-394.9999999999999,19.999999999999318,109.129364875,-524.1293648749992
2024-07-22,HIGH_RANGE|CONTINUE|H15_10,HIGH_RANGE,CONTINUE,H15_10,PUT,2024-07-25,25,-312.50000000000034,19.999999999999204,109.79216515499999,-442.29216515499957
2024-07-22,HIGH_RANGE|FADE|H10_30,HIGH_RANGE,FADE,H10_30,CALL,2024-07-25,25,406.25000000000057,19.99999999999875,114.8035338325,271.44646616750185
2024-07-22,HIGH_RANGE|FADE|H15_10,HIGH_RANGE,FADE,H15_10,CALL,2024-07-25,25,158.75000000000057,19.999999999998863,112.86858119749999,25.881418802501713
2024-07-23,LOW_RANGE|CONTINUE|H10_30,LOW_RANGE,CONTINUE,H10_30,CALL,2024-07-25,25,-332.49999999999955,19.99999999999926,109.61514903499999,-462.1151490349988
2024-07-23,LOW_RANGE|CONTINUE|H15_10,LOW_RANGE,CONTINUE,H15_10,CALL,2024-07-25,25,-593.75,19.99999999999909,105.46239864750001,-719.2123986474991
2024-07-23,LOW_RANGE|FADE|H10_30,LOW_RANGE,FADE,H10_30,PUT,2024-07-25,25,387.5000000000007,19.99999999999875,112.562396565,254.93760343500193
2024-07-23,LOW_RANGE|FADE|H15_10,LOW_RANGE,FADE,H15_10,PUT,2024-07-25,25,-57.5,19.999999999999318,106.95992203499999,-184.4599220349993
2024-07-24,HIGH_RANGE|CONTINUE|H10_30,HIGH_RANGE,CONTINUE,H10_30,PUT,2024-07-25,25,109.99999999999977,19.999999999999915,102.23779259,-12.23779259000014
2024-07-24,HIGH_RANGE|CONTINUE|H15_10,HIGH_RANGE,CONTINUE,H15_10,PUT,2024-07-25,25,256.24999999999966,20.000000000000284,101.8474425925,134.4025574074994
2024-07-24,HIGH_RANGE|FADE|H10_30,HIGH_RANGE,FADE,H10_30,CALL,2024-07-25,25,71.24999999999994,20.000000000000107,99.6871806075,-48.43718060750015
2024-07-24,HIGH_RANGE|FADE|H15_10,HIGH_RANGE,FADE,H15_10,CALL,2024-07-25,25,-487.49999999999983,20.000000000000057,97.995161755,-605.4951617549999
2024-07-25,LOW_RANGE|CONTINUE|H10_30,LOW_RANGE,CONTINUE,H10_30,PUT,2024-07-25,25,-758.75,19.999999999999915,96.55180064749999,-875.3018006474999
2024-07-25,LOW_RANGE|CONTINUE|H15_10,LOW_RANGE,CONTINUE,H15_10,PUT,2024-07-25,25,-1304.9999999999998,18.750000000000227,95.57638213749999,-1419.3263821374999
2024-07-25,LOW_RANGE|FADE|H10_30,LOW_RANGE,FADE,H10_30,CALL,2024-07-25,25,233.74999999999994,20.000000000000128,97.4723679625,116.27763203749983
2024-07-25,LOW_RANGE|FADE|H15_10,LOW_RANGE,FADE,H15_10,CALL,2024-07-25,25,2818.75,19.99999999999997,100.86402116250001,2697.8859788375
2024-07-26,LOW_RANGE|CONTINUE|H10_30,LOW_RANGE,CONTINUE,H10_30,CALL,2024-08-01,25,803.7500000000002,19.999999999999545,108.5453553725,675.2046446275007
2024-07-26,LOW_RANGE|CONTINUE|H15_10,LOW_RANGE,CONTINUE,H15_10,CALL,2024-08-01,25,1951.25,20.0,117.23066770250001,1814.0193322975
2024-07-26,LOW_RANGE|FADE|H10_30,LOW_RANGE,FADE,H10_30,PUT,2024-08-01,25,-644.9999999999999,19.999999999999886,101.48121331,-766.4812133099998
2024-07-26,LOW_RANGE|FADE|H15_10,LOW_RANGE,FADE,H15_10,PUT,2024-08-01,25,-1318.75,20.0,99.5103312975,-1438.2603312975
2024-07-29,LOW_RANGE|CONTINUE|H10_30,LOW_RANGE,CONTINUE,H10_30,CALL,2024-08-01,25,-36.249999999999545,19.999999999999943,102.6908861325,-158.9408861324995
2024-07-29,LOW_RANGE|CONTINUE|H15_10,LOW_RANGE,CONTINUE,H15_10,CALL,2024-08-01,25,-574.9999999999995,19.99999999999983,101.22236010000002,-696.2223600999994
2024-07-29,LOW_RANGE|FADE|H10_30,LOW_RANGE,FADE,H10_30,PUT,2024-08-01,25,14.999999999999858,20.000000000000284,101.84314233999999,-106.84314234000041
2024-07-29,LOW_RANGE|FADE|H15_10,LOW_RANGE,FADE,H15_10,PUT,2024-08-01,25,512.5,19.999999999999886,103.3764821,389.1235179
2024-07-30,LOW_RANGE|CONTINUE|H10_30,LOW_RANGE,CONTINUE,H10_30,CALL,2024-08-01,25,297.5000000000001,19.999999999999915,101.91043979,175.58956021000023
2024-07-30,LOW_RANGE|CONTINUE|H15_10,LOW_RANGE,CONTINUE,H15_10,CALL,2024-08-01,25,142.49999999999997,20.000000000000185,101.15902880499999,21.340971194999796
2024-07-30,LOW_RANGE|FADE|H10_30,LOW_RANGE,FADE,H10_30,PUT,2024-08-01,25,-257.49999999999994,20.00000000000017,100.30273582999999,-377.8027358300001
2024-07-30,LOW_RANGE|FADE|H15_10,LOW_RANGE,FADE,H15_10,PUT,2024-08-01,25,-271.2499999999999,20.00000000000017,100.20195176249997,-391.4519517625
2024-07-31,HIGH_RANGE|CONTINUE|H10_30,HIGH_RANGE,CONTINUE,H10_30,CALL,2024-08-01,25,306.25,20.000000000000128,100.91892024250001,185.33107975749988
2024-07-31,HIGH_RANGE|CONTINUE|H15_10,HIGH_RANGE,CONTINUE,H15_10,CALL,2024-08-01,25,181.24999999999991,20.000000000000107,100.48880547750001,60.76119452249979
2024-07-31,HIGH_RANGE|FADE|H10_30,HIGH_RANGE,FADE,H10_30,PUT,2024-08-01,25,-265.0,20.000000000000085,98.909445,-383.9094450000001
2024-07-31,HIGH_RANGE|FADE|H15_10,HIGH_RANGE,FADE,H15_10,PUT,2024-08-01,25,-319.9999999999999,20.0000000000002,98.675948685,-438.6759486850001
2024-08-01,MID_RANGE|CONTINUE|H10_30,MID_RANGE,CONTINUE,H10_30,CALL,2024-08-01,25,-843.7500000000001,20.0,96.2247439425,-959.9747439425001
2024-08-01,MID_RANGE|CONTINUE|H15_10,MID_RANGE,CONTINUE,H15_10,CALL,2024-08-01,25,-1386.25,20.000000000000227,95.36905351749999,-1501.6190535175
2024-08-01,MID_RANGE|FADE|H10_30,MID_RANGE,FADE,H10_30,PUT,2024-08-01,25,-73.74999999999989,20.000000000000128,96.87473030750002,-190.62473030750004
2024-08-01,MID_RANGE|FADE|H15_10,MID_RANGE,FADE,H15_10,PUT,2024-08-01,25,11.250000000000057,20.000000000000085,96.73934384750001,-105.48934384750004
2024-08-02,LOW_RANGE|CONTINUE|H10_30,LOW_RANGE,CONTINUE,H10_30,PUT,2024-08-08,25,279.9999999999993,19.999999999999545,107.96251397,152.03748602999977
2024-08-02,LOW_RANGE|CONTINUE|H15_10,LOW_RANGE,CONTINUE,H15_10,PUT,2024-08-08,25,654.9999999999998,19.999999999999318,109.596785845,525.4032141550005
2024-08-02,LOW_RANGE|FADE|H10_30,LOW_RANGE,FADE,H10_30,CALL,2024-08-08,25,-255.00000000000006,19.999999999999886,102.495324735,-377.49532473499994
2024-08-02,LOW_RANGE|FADE|H15_10,LOW_RANGE,FADE,H15_10,CALL,2024-08-08,25,-634.9999999999997,20.0,101.283889665,-756.2838896649996
2024-08-05,MID_RANGE|CONTINUE|H10_30,MID_RANGE,CONTINUE,H10_30,PUT,2024-08-08,25,-268.7499999999997,19.99999999999943,105.11110378250001,-393.8611037824992
2024-08-05,MID_RANGE|CONTINUE|H15_10,MID_RANGE,CONTINUE,H15_10,PUT,2024-08-08,25,395.0,19.999999999999545,110.97420709,264.02579291000046
2024-08-05,MID_RANGE|FADE|H10_30,MID_RANGE,FADE,H10_30,CALL,2024-08-08,25,252.50000000000017,19.999999999999545,108.52083988000001,123.97916012000061
2024-08-05,MID_RANGE|FADE|H15_10,MID_RANGE,FADE,H15_10,CALL,2024-08-08,25,-543.7499999999997,19.99999999999966,105.1984931075,-668.9484931074993
2024-08-06,MID_RANGE|CONTINUE|H10_30,MID_RANGE,CONTINUE,H10_30,CALL,2024-08-08,25,-492.49999999999955,19.999999999999886,103.31664273999999,-615.8166427399995
2024-08-06,MID_RANGE|CONTINUE|H15_10,MID_RANGE,CONTINUE,H15_10,CALL,2024-08-08,25,-1668.7499999999995,20.0,100.35377335749999,-1789.1037733574994
2024-08-06,MID_RANGE|FADE|H10_30,MID_RANGE,FADE,H10_30,PUT,2024-08-08,25,376.2500000000002,19.99999999999943,105.9862968525,250.2637031475008
2024-08-06,MID_RANGE|FADE|H15_10,MID_RANGE,FADE,H15_10,PUT,2024-08-08,25,1887.500000000001,19.999999999999545,112.57880305500002,1754.9211969450014
2024-08-07,HIGH_RANGE|CONTINUE|H10_30,HIGH_RANGE,CONTINUE,H10_30,CALL,2024-08-08,25,392.5,19.999999999999915,102.149393095,270.3506069050001
2024-08-07,HIGH_RANGE|CONTINUE|H15_10,HIGH_RANGE,CONTINUE,H15_10,CALL,2024-08-08,25,141.2499999999999,20.0000000000002,101.2432425325,20.006757467499668
2024-08-07,HIGH_RANGE|FADE|H10_30,HIGH_RANGE,FADE,H10_30,PUT,2024-08-08,25,-282.5000000000001,20.000000000000227,100.79488302500002,-403.29488302500033
2024-08-07,HIGH_RANGE|FADE|H15_10,HIGH_RANGE,FADE,H15_10,PUT,2024-08-08,25,-535.0000000000001,20.0,99.78239172000002,-654.7823917200001
2024-08-08,HIGH_RANGE|CONTINUE|H10_30,HIGH_RANGE,CONTINUE,H10_30,PUT,2024-08-08,25,-46.250000000000114,20.000000000000128,99.6999081575,-165.94990815750026
2024-08-08,HIGH_RANGE|CONTINUE|H15_10,HIGH_RANGE,CONTINUE,H15_10,PUT,2024-08-08,25,323.75,20.000000000000114,99.05672056750001,204.69327943249988
2024-08-08,HIGH_RANGE|FADE|H10_30,HIGH_RANGE,FADE,H10_30,CALL,2024-08-08,25,-102.50000000000003,20.000000000000227,100.436006705,-222.93600670500024
2024-08-08,HIGH_RANGE|FADE|H15_10,HIGH_RANGE,FADE,H15_10,CALL,2024-08-08,25,-1928.75,20.000000000000114,96.7953690625,-2045.5453690625
2024-08-09,HIGH_RANGE|CONTINUE|H10_30,HIGH_RANGE,CONTINUE,H10_30,CALL,2024-08-14,25,-413.75000000000034,19.999999999999886,104.0206152175,-537.7706152175002
2024-08-09,HIGH_RANGE|CONTINUE|H15_10,HIGH_RANGE,CONTINUE,H15_10,CALL,2024-08-14,25,-147.50000000000057,19.999999999999545,104.60870388000001,-272.1087038800001
2024-08-09,HIGH_RANGE|FADE|H10_30,HIGH_RANGE,FADE,H10_30,PUT,2024-08-14,25,338.7499999999999,19.999999999999545,107.6947187575,211.05528124250034
2024-08-09,HIGH_RANGE|FADE|H15_10,HIGH_RANGE,FADE,H15_10,PUT,2024-08-14,25,-13.749999999999886,19.999999999999602,105.4741337875,-139.22413378749948
2024-08-12,HIGH_RANGE|CONTINUE|H10_30,HIGH_RANGE,CONTINUE,H10_30,PUT,2024-08-14,25,-103.75000000000017,19.999999999999886,103.01369538750001,-226.76369538750006
2024-08-12,HIGH_RANGE|CONTINUE|H15_10,HIGH_RANGE,CONTINUE,H15_10,PUT,2024-08-14,25,-113.75000000000023,20.0,102.6021742625,-236.35217426250023
2024-08-12,HIGH_RANGE|FADE|H10_30,HIGH_RANGE,FADE,H10_30,CALL,2024-08-14,25,-7.500000000000114,19.999999999999574,103.52398172000001,-131.0239817199997
2024-08-12,HIGH_RANGE|FADE|H15_10,HIGH_RANGE,FADE,H15_10,CALL,2024-08-14,25,-80.00000000000045,19.999999999999545,103.25643571999998,-203.25643571999998
2024-08-13,MID_RANGE|CONTINUE|H10_30,MID_RANGE,CONTINUE,H10_30,CALL,2024-08-14,25,-178.75000000000006,20.00000000000017,100.9974129675,-299.7474129675002
2024-08-13,MID_RANGE|CONTINUE|H15_10,MID_RANGE,CONTINUE,H15_10,CALL,2024-08-14,25,-1356.25,19.999999999999886,98.39296984250001,-1474.6429698425
2024-08-13,MID_RANGE|FADE|H10_30,MID_RANGE,FADE,H10_30,PUT,2024-08-14,25,125.0,20.000000000000284,100.46965764999999,4.530342349999728
2024-08-13,MID_RANGE|FADE|H15_10,MID_RANGE,FADE,H15_10,PUT,2024-08-14,25,1357.5,19.999999999999886,103.41914116999999,1234.0808588300001
2024-08-14,MID_RANGE|CONTINUE|H10_30,MID_RANGE,CONTINUE,H10_30,CALL,2024-08-14,25,-146.24999999999994,20.000000000000085,97.7458634575,-263.99586345750004
2024-08-14,MID_RANGE|CONTINUE|H15_10,MID_RANGE,CONTINUE,H15_10,CALL,2024-08-14,25,-325.0000000000001,20.000000000000057,97.121201905,-442.12120190500025
2024-08-14,MID_RANGE|FADE|H10_30,MID_RANGE,FADE,H10_30,PUT,2024-08-14,25,-436.2499999999999,20.000000000000114,96.1737310975,-552.4237310975
2024-08-14,MID_RANGE|FADE|H15_10,MID_RANGE,FADE,H15_10,PUT,2024-08-14,25,-989.9999999999998,20.000000000000227,95.20684992999999,-1105.20684993
2024-08-16,LOW_RANGE|CONTINUE|H10_30,LOW_RANGE,CONTINUE,H10_30,CALL,2024-08-22,25,-896.2500000000001,19.999999999999886,101.6231123325,-1017.8731123325
2024-08-16,LOW_RANGE|CONTINUE|H15_10,LOW_RANGE,CONTINUE,H15_10,CALL,2024-08-22,25,962.5,19.999999999999773,108.044876125,834.4551238750003
2024-08-16,LOW_RANGE|FADE|H10_30,LOW_RANGE,FADE,H10_30,PUT,2024-08-22,25,961.25,19.999999999999318,109.3305125475,831.9194874525007
2024-08-16,LOW_RANGE|FADE|H15_10,LOW_RANGE,FADE,H15_10,PUT,2024-08-22,25,-808.7499999999994,20.000000000000114,101.5423865775,-930.2923865774995
2024-08-19,HIGH_RANGE|CONTINUE|H10_30,HIGH_RANGE,CONTINUE,H10_30,CALL,2024-08-22,25,-351.25000000000006,20.00000000000017,100.80685405749999,-472.05685405750023
2024-08-19,HIGH_RANGE|CONTINUE|H15_10,HIGH_RANGE,CONTINUE,H15_10,CALL,2024-08-22,25,-413.7499999999999,20.000000000000284,100.4349378125,-534.1849378125002
2024-08-19,HIGH_RANGE|FADE|H10_30,HIGH_RANGE,FADE,H10_30,PUT,2024-08-22,25,341.2500000000001,19.999999999999915,103.4851422375,217.76485776250018
2024-08-19,HIGH_RANGE|FADE|H15_10,HIGH_RANGE,FADE,H15_10,PUT,2024-08-22,25,248.75000000000026,19.999999999999915,102.8407303075,125.90926969250035
2024-08-20,MID_RANGE|CONTINUE|H10_30,MID_RANGE,CONTINUE,H10_30,CALL,2024-08-22,25,985.0000000000001,19.999999999999886,103.75437004,861.2456299600002
2024-08-20,MID_RANGE|CONTINUE|H15_10,MID_RANGE,CONTINUE,H15_10,CALL,2024-08-22,25,495.00000000000017,19.99999999999983,101.87609253,373.12390747000035
2024-08-20,MID_RANGE|FADE|H10_30,MID_RANGE,FADE,H10_30,PUT,2024-08-22,25,-643.75,20.000000000000057,98.35509956749999,-762.1050995675001
2024-08-20,MID_RANGE|FADE|H15_10,MID_RANGE,FADE,H15_10,PUT,2024-08-22,25,-496.2500000000001,20.000000000000057,98.4103702225,-614.6603702225002
2024-08-21,LOW_RANGE|CONTINUE|H10_30,LOW_RANGE,CONTINUE,H10_30,PUT,2024-08-22,25,-628.7499999999998,20.000000000000085,97.16327570749999,-745.9132757074999
2024-08-21,LOW_RANGE|CONTINUE|H15_10,LOW_RANGE,CONTINUE,H15_10,PUT,2024-08-22,25,-886.2499999999998,20.00000000000017,96.5712973725,-1002.8212973725
2024-08-21,LOW_RANGE|FADE|H10_30,LOW_RANGE,FADE,H10_30,CALL,2024-08-22,25,971.2500000000002,19.99999999999983,101.80846098250001,849.4415390175003
2024-08-21,LOW_RANGE|FADE|H15_10,LOW_RANGE,FADE,H15_10,CALL,2024-08-22,25,1027.5000000000002,19.99999999999973,101.300098265,906.1999017350005
2024-08-22,LOW_RANGE|CONTINUE|H10_30,LOW_RANGE,CONTINUE,H10_30,CALL,2024-08-22,25,-518.75,19.999999999999886,95.4342442625,-634.1842442624999
2024-08-22,LOW_RANGE|CONTINUE|H15_10,LOW_RANGE,CONTINUE,H15_10,CALL,2024-08-22,25,-847.4999999999999,17.500000000000114,94.91930434000001,-959.91930434
2024-08-22,LOW_RANGE|FADE|H10_30,LOW_RANGE,FADE,H10_30,PUT,2024-08-22,25,311.24999999999994,20.000000000000178,97.61220420250001,193.63779579749976
2024-08-22,LOW_RANGE|FADE|H15_10,LOW_RANGE,FADE,H15_10,PUT,2024-08-22,25,-152.4999999999999,20.000000000000185,96.78425027,-269.28425027000003
2024-08-23,LOW_RANGE|CONTINUE|H10_30,LOW_RANGE,CONTINUE,H10_30,CALL,2024-08-29,25,79.99999999999989,19.999999999999574,104.58890662000002,-44.588906619999705
2024-08-23,LOW_RANGE|CONTINUE|H15_10,LOW_RANGE,CONTINUE,H15_10,CALL,2024-08-29,25,76.25000000000028,19.999999999999574,104.82528095749998,-48.575280957499274
2024-08-23,LOW_RANGE|FADE|H10_30,LOW_RANGE,FADE,H10_30,PUT,2024-08-29,25,-116.2499999999996,20.000000000000313,101.6737515975,-237.92375159749992
2024-08-23,LOW_RANGE|FADE|H15_10,LOW_RANGE,FADE,H15_10,PUT,2024-08-29,25,-100.0,20.000000000000256,101.65258491,-221.65258491000026
2024-08-26,MID_RANGE|CONTINUE|H10_30,MID_RANGE,CONTINUE,H10_30,CALL,2024-08-29,25,952.5000000000002,20.0,105.23050960999998,827.2694903900002
2024-08-26,MID_RANGE|CONTINUE|H15_10,MID_RANGE,CONTINUE,H15_10,CALL,2024-08-29,25,896.2500000000001,19.999999999999886,104.73265177249999,771.5173482275002
2024-08-26,MID_RANGE|FADE|H10_30,MID_RANGE,FADE,H10_30,PUT,2024-08-29,25,-682.5,20.000000000000284,99.043913575,-801.5439135750003
2024-08-26,MID_RANGE|FADE|H15_10,MID_RANGE,FADE,H15_10,PUT,2024-08-29,25,-735.0,20.000000000000284,98.80001058500001,-853.8000105850002
2024-08-27,LOW_RANGE|CONTINUE|H10_30,LOW_RANGE,CONTINUE,H10_30,CALL,2024-08-29,25,-115.00000000000011,20.000000000000114,99.90243366000001,-234.90243366000024
2024-08-27,LOW_RANGE|CONTINUE|H15_10,LOW_RANGE,CONTINUE,H15_10,CALL,2024-08-29,25,-79.99999999999997,20.000000000000085,99.8357506,-199.83575060000004
2024-08-27,LOW_RANGE|FADE|H10_30,LOW_RANGE,FADE,H10_30,PUT,2024-08-29,25,-76.24999999999966,20.000000000000142,99.5714902425,-195.8214902424998
2024-08-27,LOW_RANGE|FADE|H15_10,LOW_RANGE,FADE,H15_10,PUT,2024-08-29,25,-219.99999999999966,20.000000000000114,99.193863355,-339.1938633549998
2024-08-28,LOW_RANGE|CONTINUE|H10_30,LOW_RANGE,CONTINUE,H10_30,PUT,2024-08-29,25,-142.50000000000006,20.000000000000107,97.87200738,-260.3720073800002
2024-08-28,LOW_RANGE|CONTINUE|H15_10,LOW_RANGE,CONTINUE,H15_10,PUT,2024-08-29,25,-427.5000000000001,20.000000000000114,97.159795135,-544.6597951350002
2024-08-28,LOW_RANGE|FADE|H10_30,LOW_RANGE,FADE,H10_30,CALL,2024-08-29,25,-19.99999999999997,20.000000000000107,98.593712855,-138.5937128550001
2024-08-28,LOW_RANGE|FADE|H15_10,LOW_RANGE,FADE,H15_10,CALL,2024-08-29,25,253.75000000000014,20.000000000000107,99.0250944025,134.72490559750003
2024-08-29,MID_RANGE|CONTINUE|H10_30,MID_RANGE,CONTINUE,H10_30,PUT,2024-08-29,25,-557.5000000000001,20.0,95.86976025499999,-673.3697602550001
2024-08-29,MID_RANGE|CONTINUE|H15_10,MID_RANGE,CONTINUE,H15_10,PUT,2024-08-29,25,-970.0,20.000000000000227,95.20493075499999,-1085.2049307550003
2024-08-29,MID_RANGE|FADE|H10_30,MID_RANGE,FADE,H10_30,CALL,2024-08-29,25,742.5,20.00000000000012,98.40348112,624.0965188799998
2024-08-29,MID_RANGE|FADE|H15_10,MID_RANGE,FADE,H15_10,CALL,2024-08-29,25,1566.2499999999998,20.0,99.3781490325,1446.8718509674998
2024-08-30,MID_RANGE|CONTINUE|H10_30,MID_RANGE,CONTINUE,H10_30,CALL,2024-09-05,25,-307.5000000000002,19.99999999999966,103.371510215,-430.8715102149999
2024-08-30,MID_RANGE|CONTINUE|H15_10,MID_RANGE,CONTINUE,H15_10,CALL,2024-09-05,25,208.74999999999986,19.999999999999574,104.4921676725,84.25783232750028
2024-08-30,MID_RANGE|FADE|H10_30,MID_RANGE,FADE,H10_30,PUT,2024-09-05,25,211.25000000000026,19.999999999999915,103.16879422250001,88.08120577750033
2024-08-30,MID_RANGE|FADE|H15_10,MID_RANGE,FADE,H15_10,PUT,2024-09-05,25,-338.7499999999999,20.00000000000034,101.35204627750001,-460.1020462775002
2024-09-02,HIGH_RANGE|CONTINUE|H10_30,HIGH_RANGE,CONTINUE,H10_30,CALL,2024-09-05,25,-316.25000000000017,19.99999999999983,101.5163318875,-437.7663318875
2024-09-02,HIGH_RANGE|CONTINUE|H15_10,HIGH_RANGE,CONTINUE,H15_10,CALL,2024-09-05,25,-683.7500000000002,19.999999999999773,100.4805992725,-804.2305992725001
2024-09-02,HIGH_RANGE|FADE|H10_30,HIGH_RANGE,FADE,H10_30,PUT,2024-09-05,25,265.0000000000002,20.00000000000034,101.49033,143.5096699999999
2024-09-02,HIGH_RANGE|FADE|H15_10,HIGH_RANGE,FADE,H15_10,PUT,2024-09-05,25,497.5,20.000000000000256,101.95399158500001,375.54600841499973
2024-09-03,HIGH_RANGE|CONTINUE|H10_30,HIGH_RANGE,CONTINUE,H10_30,CALL,2024-09-05,25,-6.250000000000085,20.000000000000114,100.77200541250001,-127.0220054125002
2024-09-03,HIGH_RANGE|CONTINUE|H15_10,HIGH_RANGE,CONTINUE,H15_10,CALL,2024-09-05,25,-66.24999999999989,20.000000000000085,100.5012265725,-186.75122657249997
2024-09-03,HIGH_RANGE|FADE|H10_30,HIGH_RANGE,FADE,H10_30,PUT,2024-09-05,25,-41.25000000000023,20.0000000000001,99.2584806725,-160.50848067250033
2024-09-03,HIGH_RANGE|FADE|H15_10,HIGH_RANGE,FADE,H15_10,PUT,2024-09-05,25,-110.00000000000003,20.000000000000142,98.98229616500001,-228.98229616500018
2024-09-04,LOW_RANGE|CONTINUE|H10_30,LOW_RANGE,CONTINUE,H10_30,PUT,2024-09-05,25,-132.49999999999994,20.000000000000085,99.19214799,-251.69214799000002
2024-09-04,LOW_RANGE|CONTINUE|H15_10,LOW_RANGE,CONTINUE,H15_10,PUT,2024-09-05,25,-768.75,20.0,97.8529459175,-886.6029459174999
2024-09-04,LOW_RANGE|FADE|H10_30,LOW_RANGE,FADE,H10_30,CALL,2024-09-05,25,-13.749999999999929,20.000000000000107,98.9766911275,-132.72669112750003
2024-09-04,LOW_RANGE|FADE|H15_10,LOW_RANGE,FADE,H15_10,CALL,2024-09-05,25,496.2499999999999,20.000000000000078,99.8607719175,376.3892280824998
2024-09-05,LOW_RANGE|CONTINUE|H10_30,LOW_RANGE,CONTINUE,H10_30,CALL,2024-09-05,25,-635.0,20.000000000000213,96.66178185,-751.6617818500002
2024-09-05,LOW_RANGE|CONTINUE|H15_10,LOW_RANGE,CONTINUE,H15_10,CALL,2024-09-05,25,-1378.75,20.000000000000256,95.41684388249999,-1494.1668438825002
2024-09-05,LOW_RANGE|FADE|H10_30,LOW_RANGE,FADE,H10_30,PUT,2024-09-05,25,397.5000000000001,20.00000000000018,97.764417615,279.73558238499993
2024-09-05,LOW_RANGE|FADE|H15_10,LOW_RANGE,FADE,H15_10,PUT,2024-09-05,25,139.99999999999997,20.000000000000142,97.128286415,22.871713584999824
2024-09-06,HIGH_RANGE|CONTINUE|H10_30,HIGH_RANGE,CONTINUE,H10_30,PUT,2024-09-12,25,1180.0,19.99999999999909,109.488892585,1050.5111074150009
2024-09-06,HIGH_RANGE|CONTINUE|H15_10,HIGH_RANGE,CONTINUE,H15_10,PUT,2024-09-12,25,1554.9999999999995,19.999999999999545,111.934182875,1423.065817125
2024-09-06,HIGH_RANGE|FADE|H10_30,HIGH_RANGE,FADE,H10_30,CALL,2024-09-12,25,-1005.0000000000001,19.999999999999773,100.89761835,-1125.89761835
2024-09-06,HIGH_RANGE|FADE|H15_10,HIGH_RANGE,FADE,H15_10,CALL,2024-09-12,25,-1323.75,19.999999999999545,100.0470360175,-1443.7970360174995
2024-09-09,HIGH_RANGE|CONTINUE|H10_30,HIGH_RANGE,CONTINUE,H10_30,PUT,2024-09-12,25,-482.5000000000002,20.000000000000114,100.79548409499999,-603.2954840950003
2024-09-09,HIGH_RANGE|CONTINUE|H15_10,HIGH_RANGE,CONTINUE,H15_10,PUT,2024-09-12,25,-937.5000000000003,20.000000000000114,99.491901985,-1056.9919019850004
2024-09-09,HIGH_RANGE|FADE|H10_30,HIGH_RANGE,FADE,H10_30,CALL,2024-09-12,25,389.9999999999999,19.999999999999602,105.90349795499999,264.0965020450003
2024-09-09,HIGH_RANGE|FADE|H15_10,HIGH_RANGE,FADE,H15_10,CALL,2024-09-12,25,928.7500000000001,19.99999999999943,107.88559152250001,800.8644084775007
2024-09-10,HIGH_RANGE|CONTINUE|H10_30,HIGH_RANGE,CONTINUE,H10_30,CALL,2024-09-12,25,-479.9999999999998,20.000000000000085,98.30786930999997,-598.3078693099999
2024-09-10,HIGH_RANGE|CONTINUE|H15_10,HIGH_RANGE,CONTINUE,H15_10,CALL,2024-09-12,25,427.5,20.00000000000007,100.03773523499999,307.462264765
2024-09-10,HIGH_RANGE|FADE|H10_30,HIGH_RANGE,FADE,H10_30,PUT,2024-09-12,25,630.0000000000003,19.999999999999886,102.66892788499999,507.33107211500044
2024-09-10,HIGH_RANGE|FADE|H15_10,HIGH_RANGE,FADE,H15_10,PUT,2024-09-12,25,-680.0,20.00000000000017,99.063716755,-799.0637167550002
2024-09-11,HIGH_RANGE|CONTINUE|H10_30,HIGH_RANGE,CONTINUE,H10_30,PUT,2024-09-12,25,-426.25,20.0000000000002,98.5581881375,-544.8081881375001
2024-09-11,HIGH_RANGE|CONTINUE|H15_10,HIGH_RANGE,CONTINUE,H15_10,PUT,2024-09-12,25,982.4999999999995,19.99999999999983,101.45720856,861.0427914399996
2024-09-11,HIGH_RANGE|FADE|H10_30,HIGH_RANGE,FADE,H10_30,CALL,2024-09-12,25,296.25000000000006,20.000000000000085,98.82726641250001,177.42273358749998
2024-09-11,HIGH_RANGE|FADE|H15_10,HIGH_RANGE,FADE,H15_10,CALL,2024-09-12,25,-755.0,20.0,96.736040445,-871.736040445
2024-09-12,MID_RANGE|CONTINUE|H10_30,MID_RANGE,CONTINUE,H10_30,CALL,2024-09-12,25,-401.2499999999999,20.000000000000178,96.5950533875,-517.8450533875
2024-09-12,MID_RANGE|CONTINUE|H15_10,MID_RANGE,CONTINUE,H15_10,CALL,2024-09-12,25,3777.5,19.99999999999909,109.47754234,3648.022457660001
2024-09-12,MID_RANGE|FADE|H10_30,MID_RANGE,FADE,H10_30,PUT,2024-09-12,25,967.5000000000002,20.00000000000017,99.309681525,848.190318475
2024-09-12,MID_RANGE|FADE|H15_10,MID_RANGE,FADE,H15_10,PUT,2024-09-12,25,-1236.25,20.0,95.29075424250001,-1351.5407542425
2024-09-13,HIGH_RANGE|CONTINUE|H10_30,HIGH_RANGE,CONTINUE,H10_30,CALL,2024-09-19,25,237.50000000000034,19.999999999999545,104.70247548,112.79752452000079
2024-09-13,HIGH_RANGE|CONTINUE|H15_10,HIGH_RANGE,CONTINUE,H15_10,CALL,2024-09-19,25,168.75000000000034,19.999999999999574,104.1590499475,44.5909500525008
2024-09-13,HIGH_RANGE|FADE|H10_30,HIGH_RANGE,FADE,H10_30,PUT,2024-09-19,25,-228.75,19.999999999999886,103.4782570975,-352.22825709749986
2024-09-13,HIGH_RANGE|FADE|H15_10,HIGH_RANGE,FADE,H15_10,PUT,2024-09-19,25,-268.75000000000017,19.999999999999943,103.15211087750001,-391.90211087750015
2024-09-16,LOW_RANGE|CONTINUE|H10_30,LOW_RANGE,CONTINUE,H10_30,CALL,2024-09-19,25,238.74999999999994,20.000000000000313,102.0597194175,116.69028058249962
2024-09-16,LOW_RANGE|CONTINUE|H15_10,LOW_RANGE,CONTINUE,H15_10,CALL,2024-09-19,25,155.00000000000026,20.000000000000284,101.54387641,33.456123589999976
2024-09-16,LOW_RANGE|FADE|H10_30,LOW_RANGE,FADE,H10_30,PUT,2024-09-19,25,-196.25000000000003,20.000000000000313,101.42348261250001,-317.6734826125004
2024-09-16,LOW_RANGE|FADE|H15_10,LOW_RANGE,FADE,H15_10,PUT,2024-09-19,25,-218.74999999999983,20.000000000000256,101.3475027325,-340.09750273250006
2024-09-17,LOW_RANGE|CONTINUE|H10_30,LOW_RANGE,CONTINUE,H10_30,CALL,2024-09-19,25,-65.00000000000003,20.000000000000114,99.956893515,-184.95689351500016
2024-09-17,LOW_RANGE|CONTINUE|H15_10,LOW_RANGE,CONTINUE,H15_10,CALL,2024-09-19,25,297.4999999999999,20.000000000000135,100.5765585,176.92344149999977
2024-09-17,LOW_RANGE|FADE|H10_30,LOW_RANGE,FADE,H10_30,PUT,2024-09-19,25,27.499999999999858,20.000000000000284,101.781813625,-94.28181362500042
2024-09-17,LOW_RANGE|FADE|H15_10,LOW_RANGE,FADE,H15_10,PUT,2024-09-19,25,-377.49999999999983,20.00000000000034,100.75577952999998,-498.25577953000015
2024-09-18,LOW_RANGE|CONTINUE|H10_30,LOW_RANGE,CONTINUE,H10_30,PUT,2024-09-19,25,-153.74999999999997,20.000000000000256,100.2705584375,-274.0205584375002
2024-09-18,LOW_RANGE|CONTINUE|H15_10,LOW_RANGE,CONTINUE,H15_10,PUT,2024-09-19,25,76.24999999999994,20.000000000000313,100.9514480125,-44.701448012500364
2024-09-18,LOW_RANGE|FADE|H10_30,LOW_RANGE,FADE,H10_30,CALL,2024-09-19,25,176.25000000000009,20.00000000000017,100.6141914025,55.63580859749992
2024-09-18,LOW_RANGE|FADE|H15_10,LOW_RANGE,FADE,H15_10,CALL,2024-09-19,25,-83.75000000000006,20.0000000000002,100.37422348749999,-204.12422348750025
2024-09-19,MID_RANGE|CONTINUE|H10_30,MID_RANGE,CONTINUE,H10_30,CALL,2024-09-19,25,-782.5,19.99999999999997,96.49729095000001,-898.99729095
2024-09-19,MID_RANGE|CONTINUE|H15_10,MID_RANGE,CONTINUE,H15_10,CALL,2024-09-19,25,-1399.9999999999998,18.750000000000256,95.4722112625,-1514.2222112625
2024-09-19,MID_RANGE|FADE|H10_30,MID_RANGE,FADE,H10_30,PUT,2024-09-19,25,53.7499999999999,20.00000000000015,96.70418430750001,-62.95418430750027
2024-09-19,MID_RANGE|FADE|H15_10,MID_RANGE,FADE,H15_10,PUT,2024-09-19,25,2635.0,20.000000000000455,100.06032315,2514.9396768499996
2024-09-20,HIGH_RANGE|CONTINUE|H10_30,HIGH_RANGE,CONTINUE,H10_30,CALL,2024-09-26,25,491.2499999999999,19.999999999999773,105.89334641250001,365.3566535875001
2024-09-20,HIGH_RANGE|CONTINUE|H15_10,HIGH_RANGE,CONTINUE,H15_10,CALL,2024-09-26,25,1637.5000000000005,19.99999999999909,111.99743372500001,1505.5025662750013
2024-09-20,HIGH_RANGE|FADE|H10_30,HIGH_RANGE,FADE,H10_30,PUT,2024-09-26,25,-425.00000000000034,20.0,104.21384686,-549.2138468600003
2024-09-20,HIGH_RANGE|FADE|H15_10,HIGH_RANGE,FADE,H15_10,PUT,2024-09-26,25,-1137.5000000000005,19.999999999999545,102.12540811000001,-1259.62540811
2024-09-23,HIGH_RANGE|CONTINUE|H10_30,HIGH_RANGE,CONTINUE,H10_30,CALL,2024-09-26,25,-105.00000000000026,19.999999999999574,103.07931843499999,-228.07931843499983
2024-09-23,HIGH_RANGE|CONTINUE|H15_10,HIGH_RANGE,CONTINUE,H15_10,CALL,2024-09-26,25,28.749999999999773,19.999999999999545,103.1128154125,-94.36281541249977
2024-09-23,HIGH_RANGE|FADE|H10_30,HIGH_RANGE,FADE,H10_30,PUT,2024-09-26,25,101.24999999999993,19.999999999999574,104.34707677249999,-23.097076772499634
2024-09-23,HIGH_RANGE|FADE|H15_10,HIGH_RANGE,FADE,H15_10,PUT,2024-09-26,25,-118.75,19.999999999999886,103.15514582750001,-241.9051458274999
2024-09-24,MID_RANGE|CONTINUE|H10_30,MID_RANGE,CONTINUE,H10_30,PUT,2024-09-26,25,-397.49999999999994,20.000000000000284,101.38745799,-518.8874579900003
2024-09-24,MID_RANGE|CONTINUE|H15_10,MID_RANGE,CONTINUE,H15_10,PUT,2024-09-26,25,-206.24999999999983,20.000000000000284,101.53017669249999,-327.7801766925001
2024-09-24,MID_RANGE|FADE|H10_30,MID_RANGE,FADE,H10_30,CALL,2024-09-26,25,398.74999999999983,19.999999999999886,102.00486082249999,276.74513917749994
2024-09-24,MID_RANGE|FADE|H15_10,MID_RANGE,FADE,H15_10,CALL,2024-09-26,25,-48.75000000000006,20.000000000000227,100.3563409625,-169.10634096250027
2024-09-25,MID_RANGE|CONTINUE|H10_30,MID_RANGE,CONTINUE,H10_30,PUT,2024-09-26,25,1.2500000000000178,20.000000000000107,100.57346926749999,-119.32346926750007
2024-09-25,MID_RANGE|CONTINUE|H15_10,MID_RANGE,CONTINUE,H15_10,PUT,2024-09-26,25,-808.75,20.000000000000227,98.5190772425,-927.2690772425002
2024-09-25,MID_RANGE|FADE|H10_30,MID_RANGE,FADE,H10_30,CALL,2024-09-26,25,-63.74999999999979,20.000000000000128,98.4202829125,-182.1702829124999
2024-09-25,MID_RANGE|FADE|H15_10,MID_RANGE,FADE,H15_10,CALL,2024-09-26,25,403.75000000000006,20.000000000000078,99.2163599875,284.5336400125
2024-09-26,MID_RANGE|CONTINUE|H10_30,MID_RANGE,CONTINUE,H10_30,CALL,2024-09-26,25,240.0,20.000000000000107,98.217864495,121.78213550499989
2024-09-26,MID_RANGE|CONTINUE|H15_10,MID_RANGE,CONTINUE,H15_10,CALL,2024-09-26,25,2606.25,19.999999999999517,101.15833444750001,2485.0916655525007
2024-09-26,MID_RANGE|FADE|H10_30,MID_RANGE,FADE,H10_30,PUT,2024-09-26,25,-311.24999999999994,20.000000000000135,97.2824056825,-428.5324056825001
2024-09-26,MID_RANGE|FADE|H15_10,MID_RANGE,FADE,H15_10,PUT,2024-09-26,25,-1173.75,20.0,95.52788805750001,-1289.2778880575
2024-09-27,HIGH_RANGE|CONTINUE|H10_30,HIGH_RANGE,CONTINUE,H10_30,CALL,2024-10-03,25,375.0000000000003,19.99999999999943,106.8420238,248.15797620000086
2024-09-27,HIGH_RANGE|CONTINUE|H15_10,HIGH_RANGE,CONTINUE,H15_10,CALL,2024-10-03,25,1.2500000000001137,19.999999999999602,104.65877119750002,-123.4087711974995
2024-09-27,HIGH_RANGE|FADE|H10_30,HIGH_RANGE,FADE,H10_30,PUT,2024-10-03,25,-328.7499999999998,20.000000000000227,101.9750363875,-450.7250363875
2024-09-27,HIGH_RANGE|FADE|H15_10,HIGH_RANGE,FADE,H15_10,PUT,2024-10-03,25,-94.99999999999974,20.000000000000313,102.71932634,-217.71932634000007
2024-09-30,HIGH_RANGE|CONTINUE|H10_30,HIGH_RANGE,CONTINUE,H10_30,PUT,2024-10-03,25,421.24999999999983,19.999999999999943,102.5804652275,298.6695347724999
2024-09-30,HIGH_RANGE|CONTINUE|H15_10,HIGH_RANGE,CONTINUE,H15_10,PUT,2024-10-03,25,1837.4999999999993,19.999999999999773,107.507183435,1709.9928165649994
2024-09-30,HIGH_RANGE|FADE|H10_30,HIGH_RANGE,FADE,H10_30,CALL,2024-10-03,25,-533.7500000000002,19.999999999999886,101.89884973750002,-655.6488497375001
2024-09-30,HIGH_RANGE|FADE|H15_10,HIGH_RANGE,FADE,H15_10,CALL,2024-10-03,25,-1533.75,20.0,99.6779449925,-1653.4279449925
2024-10-01,HIGH_RANGE|CONTINUE|H10_30,HIGH_RANGE,CONTINUE,H10_30,CALL,2024-10-03,25,-590.0,20.000000000000284,99.441998995,-709.4419989950002
2024-10-01,HIGH_RANGE|CONTINUE|H15_10,HIGH_RANGE,CONTINUE,H15_10,CALL,2024-10-03,25,-795.0,20.000000000000227,98.86618782,-913.8661878200003
2024-10-01,HIGH_RANGE|FADE|H10_30,HIGH_RANGE,FADE,H10_30,PUT,2024-10-03,25,426.2499999999998,20.00000000000037,101.6533562275,304.5966437724994
2024-10-01,HIGH_RANGE|FADE|H15_10,HIGH_RANGE,FADE,H15_10,PUT,2024-10-03,25,381.24999999999983,20.0000000000002,100.6136914975,260.6363085024997
2024-10-03,MID_RANGE|CONTINUE|H10_30,MID_RANGE,CONTINUE,H10_30,PUT,2024-10-03,25,657.5000000000001,20.000000000000185,100.37702106499998,537.122978935
2024-10-03,MID_RANGE|CONTINUE|H15_10,MID_RANGE,CONTINUE,H15_10,PUT,2024-10-03,25,3378.7499999999986,19.999999999998636,110.0730905725,3248.6769094275
2024-10-03,MID_RANGE|FADE|H10_30,MID_RANGE,FADE,H10_30,CALL,2024-10-03,25,-550.0,20.000000000000078,96.86102763,-666.8610276300001
2024-10-03,MID_RANGE|FADE|H15_10,MID_RANGE,FADE,H15_10,CALL,2024-10-03,25,-1290.0,19.99999999999997,95.4378112,-1405.4378112
2024-10-04,HIGH_RANGE|CONTINUE|H10_30,HIGH_RANGE,CONTINUE,H10_30,PUT,2024-10-10,25,-57.49999999999994,19.999999999999545,104.97304310999999,-182.47304310999948
2024-10-04,HIGH_RANGE|CONTINUE|H15_10,HIGH_RANGE,CONTINUE,H15_10,PUT,2024-10-10,25,856.2500000000003,19.999999999999204,108.62426607749998,727.6257339225011
2024-10-04,HIGH_RANGE|FADE|H10_30,HIGH_RANGE,FADE,H10_30,CALL,2024-10-10,25,-2.499999999999858,19.999999999998863,114.37406849999999,-136.8740684999987
2024-10-04,HIGH_RANGE|FADE|H15_10,HIGH_RANGE,FADE,H15_10,CALL,2024-10-10,25,-1113.7500000000005,19.999999999998863,109.0817077575,-1242.8317077574993
2024-10-07,MID_RANGE|CONTINUE|H10_30,MID_RANGE,CONTINUE,H10_30,CALL,2024-10-10,25,-223.75000000000006,19.999999999999602,107.8587872375,-351.60878723749966
2024-10-07,MID_RANGE|CONTINUE|H15_10,MID_RANGE,CONTINUE,H15_10,CALL,2024-10-10,25,-1423.7499999999995,20.000000000000227,103.83983527250001,-1547.5898352724998
2024-10-07,MID_RANGE|FADE|H10_30,MID_RANGE,FADE,H10_30,PUT,2024-10-10,25,153.74999999999983,19.999999999999602,105.75289726250001,27.997102737500214
2024-10-07,MID_RANGE|FADE|H15_10,MID_RANGE,FADE,H15_10,PUT,2024-10-10,25,1390.0,19.99999999999909,112.007530985,1257.992469015001
2024-10-08,HIGH_RANGE|CONTINUE|H10_30,HIGH_RANGE,CONTINUE,H10_30,CALL,2024-10-10,25,242.49999999999937,19.999999999999602,109.92423389000001,112.57576610999976
2024-10-08,HIGH_RANGE|CONTINUE|H15_10,HIGH_RANGE,CONTINUE,H15_10,CALL,2024-10-10,25,561.2499999999993,19.999999999999574,109.8406345525,431.4093654474998
2024-10-08,HIGH_RANGE|FADE|H10_30,HIGH_RANGE,FADE,H10_30,PUT,2024-10-10,25,-263.75000000000034,19.999999999999886,104.8114302325,-388.56143023250024
2024-10-08,HIGH_RANGE|FADE|H15_10,HIGH_RANGE,FADE,H15_10,PUT,2024-10-10,25,-687.5000000000005,19.999999999999773,102.83166346000002,-810.3316634600003
2024-10-09,LOW_RANGE|CONTINUE|H10_30,LOW_RANGE,CONTINUE,H10_30,CALL,2024-10-10,25,765.0000000000003,20.0,103.24099891499999,641.7590010850004
2024-10-09,LOW_RANGE|CONTINUE|H15_10,LOW_RANGE,CONTINUE,H15_10,CALL,2024-10-10,25,-836.2499999999998,20.00000000000034,98.67537969749999,-954.9253796975001
2024-10-09,LOW_RANGE|FADE|H10_30,LOW_RANGE,FADE,H10_30,PUT,2024-10-10,25,-872.5,19.99999999999966,101.25003639,-993.7500363899997
2024-10-09,LOW_RANGE|FADE|H15_10,LOW_RANGE,FADE,H15_10,PUT,2024-10-10,25,438.74999999999994,19.999999999999602,103.8856526575,314.8643473425003
2024-10-10,HIGH_RANGE|CONTINUE|H10_30,HIGH_RANGE,CONTINUE,H10_30,CALL,2024-10-10,25,170.0,20.0000000000001,98.32566843000001,51.67433156999991
2024-10-10,HIGH_RANGE|CONTINUE|H15_10,HIGH_RANGE,CONTINUE,H15_10,CALL,2024-10-10,25,-1220.0,20.000000000000227,95.71344004,-1335.7134400400003
2024-10-10,HIGH_RANGE|FADE|H10_30,HIGH_RANGE,FADE,H10_30,PUT,2024-10-10,25,-649.9999999999999,20.000000000000227,96.954281565,-766.9542815650001
2024-10-10,HIGH_RANGE|FADE|H15_10,HIGH_RANGE,FADE,H15_10,PUT,2024-10-10,25,-208.74999999999977,20.000000000000114,97.33444201749998,-326.0844420174999
2024-10-11,HIGH_RANGE|CONTINUE|H10_30,HIGH_RANGE,CONTINUE,H10_30,PUT,2024-10-17,25,-53.74999999999977,19.999999999999602,104.90630872749999,-178.65630872749938
2024-10-11,HIGH_RANGE|CONTINUE|H15_10,HIGH_RANGE,CONTINUE,H15_10,PUT,2024-10-17,25,197.50000000000048,19.999999999999545,105.408112,72.09188800000094
2024-10-11,HIGH_RANGE|FADE|H10_30,HIGH_RANGE,FADE,H10_30,CALL,2024-10-17,25,-11.250000000000071,19.999999999999574,105.55668051250001,-136.80668051249967
2024-10-11,HIGH_RANGE|FADE|H15_10,HIGH_RANGE,FADE,H15_10,CALL,2024-10-17,25,-359.9999999999999,19.999999999999886,103.959540155,-483.9595401549998
2024-10-14,MID_RANGE|CONTINUE|H10_30,MID_RANGE,CONTINUE,H10_30,CALL,2024-10-17,25,428.74999999999994,19.999999999999886,103.8505928025,304.89940719750007
2024-10-14,MID_RANGE|CONTINUE|H15_10,MID_RANGE,CONTINUE,H15_10,CALL,2024-10-17,25,464.9999999999998,20.00000000000003,103.62300945999999,341.3769905399997
2024-10-14,MID_RANGE|FADE|H10_30,MID_RANGE,FADE,H10_30,PUT,2024-10-17,25,-441.24999999999994,19.999999999999943,101.5742224725,-562.8242224724999
2024-10-14,MID_RANGE|FADE|H15_10,MID_RANGE,FADE,H15_10,PUT,2024-10-17,25,-548.7499999999998,19.999999999999886,101.0689371475,-669.8189371474997
2024-10-15,MID_RANGE|CONTINUE|H10_30,MID_RANGE,CONTINUE,H10_30,CALL,2024-10-17,25,-997.5000000000002,20.000000000000057,99.03289251,-1116.5328925100002
2024-10-15,MID_RANGE|CONTINUE|H15_10,MID_RANGE,CONTINUE,H15_10,CALL,2024-10-17,25,-1096.25,20.00000000000034,98.6073755725,-1214.8573755725004
2024-10-15,MID_RANGE|FADE|H10_30,MID_RANGE,FADE,H10_30,PUT,2024-10-17,25,1303.75,19.999999999999773,104.5747425175,1179.1752574825002
2024-10-15,MID_RANGE|FADE|H15_10,MID_RANGE,FADE,H15_10,PUT,2024-10-17,25,1133.7499999999998,19.999999999999773,102.7006157325,1011.0493842675
2024-10-16,LOW_RANGE|CONTINUE|H10_30,LOW_RANGE,CONTINUE,H10_30,PUT,2024-10-17,25,-277.4999999999999,20.000000000000085,99.286815275,-396.786815275
2024-10-16,LOW_RANGE|CONTINUE|H15_10,LOW_RANGE,CONTINUE,H15_10,PUT,2024-10-17,25,148.75000000000006,20.000000000000114,99.8549028675,28.89509713249994
2024-10-16,LOW_RANGE|FADE|H10_30,LOW_RANGE,FADE,H10_30,CALL,2024-10-17,25,187.49999999999972,20.00000000000007,98.9894774,68.51052259999966
2024-10-16,LOW_RANGE|FADE|H15_10,LOW_RANGE,FADE,H15_10,CALL,2024-10-17,25,-502.50000000000017,20.000000000000085,97.45572854000001,-619.9557285400002
2024-10-17,MID_RANGE|CONTINUE|H10_30,MID_RANGE,CONTINUE,H10_30,CALL,2024-10-17,25,-677.4999999999999,20.000000000000227,95.53967156,-793.0396715600001
2024-10-17,MID_RANGE|CONTINUE|H15_10,MID_RANGE,CONTINUE,H15_10,CALL,2024-10-17,25,-878.75,17.5,95.1469888475,-991.3969888475
2024-10-17,MID_RANGE|FADE|H10_30,MID_RANGE,FADE,H10_30,PUT,2024-10-17,25,1345.0,20.000000000000227,99.89246864500001,1225.1075313549998
2024-10-17,MID_RANGE|FADE|H15_10,MID_RANGE,FADE,H15_10,PUT,2024-10-17,25,3433.7499999999995,19.999999999999545,102.3056229825,3311.4443770175
2024-10-18,MID_RANGE|CONTINUE|H10_30,MID_RANGE,CONTINUE,H10_30,PUT,2024-10-24,25,-491.24999999999966,20.0,102.7281568175,-613.9781568174997
2024-10-18,MID_RANGE|CONTINUE|H15_10,MID_RANGE,CONTINUE,H15_10,PUT,2024-10-24,25,-936.2499999999998,19.999999999999773,101.00881057250001,-1057.2588105724994
2024-10-18,MID_RANGE|FADE|H10_30,MID_RANGE,FADE,H10_30,CALL,2024-10-24,25,575.0000000000002,19.99999999999909,110.7965899,444.2034101000011
2024-10-18,MID_RANGE|FADE|H15_10,MID_RANGE,FADE,H15_10,CALL,2024-10-24,25,1231.2499999999995,19.999999999998863,113.6815469075,1097.5684530925007
2024-10-21,HIGH_RANGE|CONTINUE|H10_30,HIGH_RANGE,CONTINUE,H10_30,CALL,2024-10-24,25,-521.2499999999999,20.00000000000017,100.4269531775,-641.6769531775
2024-10-21,HIGH_RANGE|CONTINUE|H15_10,HIGH_RANGE,CONTINUE,H15_10,CALL,2024-10-24,25,-875.0,20.000000000000114,99.48735695999999,-994.48735696
2024-10-21,HIGH_RANGE|FADE|H10_30,HIGH_RANGE,FADE,H10_30,PUT,2024-10-24,25,593.7499999999997,19.999999999999545,105.7710951225,467.9789048775001
2024-10-21,HIGH_RANGE|FADE|H15_10,HIGH_RANGE,FADE,H15_10,PUT,2024-10-24,25,870.0,19.99999999999966,106.16650781,743.8334921900004
2024-10-22,MID_RANGE|CONTINUE|H10_30,MID_RANGE,CONTINUE,H10_30,CALL,2024-10-24,25,-872.4999999999999,20.000000000000284,99.46997878,-991.9699787800002
2024-10-22,MID_RANGE|CONTINUE|H15_10,MID_RANGE,CONTINUE,H15_10,CALL,2024-10-24,25,-1556.25,19.999999999999886,97.9776044475,-1674.2276044475
2024-10-22,MID_RANGE|FADE|H10_30,MID_RANGE,FADE,H10_30,PUT,2024-10-24,25,1057.5000000000005,20.0,105.09320397500001,932.4067960250004
2024-10-22,MID_RANGE|FADE|H15_10,MID_RANGE,FADE,H15_10,PUT,2024-10-24,25,2259.9999999999995,19.99999999999909,111.07700901499999,2128.9229909850005
2024-10-23,HIGH_RANGE|CONTINUE|H10_30,HIGH_RANGE,CONTINUE,H10_30,PUT,2024-10-24,25,-209.99999999999997,20.000000000000256,101.30178403000001,-331.30178403000025
2024-10-23,HIGH_RANGE|CONTINUE|H15_10,HIGH_RANGE,CONTINUE,H15_10,PUT,2024-10-24,25,370.0000000000003,20.000000000000256,101.813143695,248.186856305
2024-10-23,HIGH_RANGE|FADE|H10_30,HIGH_RANGE,FADE,H10_30,CALL,2024-10-24,25,196.24999999999966,20.000000000000256,101.8020757475,74.4479242524994
2024-10-23,HIGH_RANGE|FADE|H15_10,HIGH_RANGE,FADE,H15_10,CALL,2024-10-24,25,-861.2500000000001,20.000000000000227,98.8514853325,-980.1014853325004
2024-10-24,LOW_RANGE|CONTINUE|H10_30,LOW_RANGE,CONTINUE,H10_30,CALL,2024-10-24,25,-348.75,20.000000000000114,97.0573968675,-465.80739686750013
2024-10-24,LOW_RANGE|CONTINUE|H15_10,LOW_RANGE,CONTINUE,H15_10,CALL,2024-10-24,25,-1252.5,19.999999999999943,95.537332925,-1368.037332925
2024-10-24,LOW_RANGE|FADE|H10_30,LOW_RANGE,FADE,H10_30,PUT,2024-10-24,25,-702.5000000000001,20.000000000000114,96.04343793,-818.5434379300002
2024-10-24,LOW_RANGE|FADE|H15_10,LOW_RANGE,FADE,H15_10,PUT,2024-10-24,25,-1123.75,20.0000000000002,95.3104592175,-1239.0604592175002
2024-10-25,LOW_RANGE|CONTINUE|H10_30,LOW_RANGE,CONTINUE,H10_30,CALL,2024-10-31,25,-1071.25,20.000000000000227,102.18426346249998,-1193.4342634625002
2024-10-25,LOW_RANGE|CONTINUE|H15_10,LOW_RANGE,CONTINUE,H15_10,CALL,2024-10-31,25,-1351.2500000000005,19.999999999999545,101.34898912749999,-1472.5989891275
2024-10-25,LOW_RANGE|FADE|H10_30,LOW_RANGE,FADE,H10_30,PUT,2024-10-31,25,1059.9999999999995,19.999999999998863,109.43301642,930.5669835800006
2024-10-25,LOW_RANGE|FADE|H15_10,LOW_RANGE,FADE,H15_10,PUT,2024-10-31,25,1413.75,19.99999999999909,111.1115921675,1282.638407832501
2024-10-28,LOW_RANGE|CONTINUE|H10_30,LOW_RANGE,CONTINUE,H10_30,CALL,2024-10-31,25,1068.7499999999995,19.999999999999318,108.43452536750002,940.3154746325002
2024-10-28,LOW_RANGE|CONTINUE|H15_10,LOW_RANGE,CONTINUE,H15_10,CALL,2024-10-31,25,782.4999999999998,19.99999999999943,106.36110148,656.1388985200005
2024-10-28,LOW_RANGE|FADE|H10_30,LOW_RANGE,FADE,H10_30,PUT,2024-10-31,25,-941.25,19.999999999999773,101.3108079575,-1062.5608079574997
2024-10-28,LOW_RANGE|FADE|H15_10,LOW_RANGE,FADE,H15_10,PUT,2024-10-31,25,-825.0,19.999999999999773,101.47292370000001,-946.4729236999998
2024-10-29,MID_RANGE|CONTINUE|H10_30,MID_RANGE,CONTINUE,H10_30,CALL,2024-10-31,25,-187.5,19.999999999999943,101.909922125,-309.4099221249999
2024-10-29,MID_RANGE|CONTINUE|H15_10,MID_RANGE,CONTINUE,H15_10,CALL,2024-10-31,25,1712.4999999999993,19.999999999999545,107.976392815,1584.5236071849997
2024-10-29,MID_RANGE|FADE|H10_30,MID_RANGE,FADE,H10_30,PUT,2024-10-31,25,105.00000000000007,20.000000000000284,102.23071992,-17.23071992000021
2024-10-29,MID_RANGE|FADE|H15_10,MID_RANGE,FADE,H15_10,PUT,2024-10-31,25,-1266.25,20.000000000000114,98.45985819250001,-1384.7098581925
2024-10-30,LOW_RANGE|CONTINUE|H10_30,LOW_RANGE,CONTINUE,H10_30,PUT,2024-10-31,25,-336.2500000000003,20.000000000000114,98.86443149249999,-455.1144314925004
2024-10-30,LOW_RANGE|CONTINUE|H15_10,LOW_RANGE,CONTINUE,H15_10,PUT,2024-10-31,25,-132.50000000000034,20.00000000000017,98.96905982999999,-251.4690598300005
2024-10-30,LOW_RANGE|FADE|H10_30,LOW_RANGE,FADE,H10_30,CALL,2024-10-31,25,368.7499999999999,19.999999999999943,101.8857382475,246.86426175249994
2024-10-30,LOW_RANGE|FADE|H15_10,LOW_RANGE,FADE,H15_10,CALL,2024-10-31,25,-338.7499999999999,20.000000000000057,99.67656124250001,-458.42656124249993
2024-10-31,MID_RANGE|CONTINUE|H10_30,MID_RANGE,CONTINUE,H10_30,CALL,2024-10-31,25,-602.5000000000001,20.000000000000085,97.00288124999999,-719.5028812500002
2024-10-31,MID_RANGE|CONTINUE|H15_10,MID_RANGE,CONTINUE,H15_10,CALL,2024-10-31,25,-1468.75,18.750000000000227,95.55622118,-1583.0562211800002
2024-10-31,MID_RANGE|FADE|H10_30,MID_RANGE,FADE,H10_30,PUT,2024-10-31,25,-316.25,20.000000000000057,96.02975745250001,-432.27975745250006
2024-10-31,MID_RANGE|FADE|H15_10,MID_RANGE,FADE,H15_10,PUT,2024-10-31,25,241.25,20.000000000000114,96.66266321250001,124.58733678749988
2024-11-04,MID_RANGE|CONTINUE|H10_30,MID_RANGE,CONTINUE,H10_30,CALL,2024-11-07,25,-773.7499999999993,19.999999999999773,106.56490216750001,-900.3149021674991
2024-11-04,MID_RANGE|CONTINUE|H15_10,MID_RANGE,CONTINUE,H15_10,CALL,2024-11-07,25,-514.9999999999998,19.999999999999773,107.26089741,-642.2608974099995
2024-11-04,MID_RANGE|FADE|H10_30,MID_RANGE,FADE,H10_30,PUT,2024-11-07,25,681.2499999999993,19.999999999999318,113.9283644425,547.3216355575
2024-11-04,MID_RANGE|FADE|H15_10,MID_RANGE,FADE,H15_10,PUT,2024-11-07,25,377.50000000000045,19.99999999999909,110.879737695,246.62026230500135
2024-11-05,LOW_RANGE|CONTINUE|H10_30,LOW_RANGE,CONTINUE,H10_30,PUT,2024-11-07,25,-102.49999999999977,19.99999999999966,107.59574233999999,-230.09574233999942
2024-11-05,LOW_RANGE|CONTINUE|H15_10,LOW_RANGE,CONTINUE,H15_10,PUT,2024-11-07,25,-840.0000000000002,20.000000000000227,104.289108225,-964.2891082250005
2024-11-05,LOW_RANGE|FADE|H10_30,LOW_RANGE,FADE,H10_30,CALL,2024-11-07,25,55.000000000000426,19.999999999999574,107.846417465,-72.84641746499915
2024-11-05,LOW_RANGE|FADE|H15_10,LOW_RANGE,FADE,H15_10,CALL,2024-11-07,25,760.0000000000002,19.999999999999318,111.24186165500001,628.7581383450009
2024-11-06,LOW_RANGE|CONTINUE|H10_30,LOW_RANGE,CONTINUE,H10_30,CALL,2024-11-07,25,-391.2499999999998,20.00000000000017,99.9857309825,-511.23573098249994
2024-11-06,LOW_RANGE|CONTINUE|H15_10,LOW_RANGE,CONTINUE,H15_10,CALL,2024-11-07,25,680.0000000000001,20.00000000000003,102.52353793,557.4764620700001
2024-11-06,LOW_RANGE|FADE|H10_30,LOW_RANGE,FADE,H10_30,PUT,2024-11-07,25,319.99999999999955,19.999999999999545,103.685143055,196.314856945
2024-11-06,LOW_RANGE|FADE|H15_10,LOW_RANGE,FADE,H15_10,PUT,2024-11-07,25,-1115.0,20.000000000000455,99.14322113,-1234.1432211300005
2024-11-07,MID_RANGE|CONTINUE|H10_30,MID_RANGE,CONTINUE,H10_30,CALL,2024-11-07,25,-908.75,20.0,95.91203490750001,-1024.6620349075001
2024-11-07,MID_RANGE|CONTINUE|H15_10,MID_RANGE,CONTINUE,H15_10,CALL,2024-11-07,25,-1071.25,17.5,95.56951771749999,-1184.3195177175
2024-11-07,MID_RANGE|FADE|H10_30,MID_RANGE,FADE,H10_30,PUT,2024-11-07,25,2111.2500000000005,20.0,102.10109146250001,1989.1489085375003
2024-11-07,MID_RANGE|FADE|H15_10,MID_RANGE,FADE,H15_10,PUT,2024-11-07,25,2171.25,19.999999999999773,100.7753956575,2050.4746043425002
2024-11-08,LOW_RANGE|CONTINUE|H10_30,LOW_RANGE,CONTINUE,H10_30,CALL,2024-11-14,25,28.750000000000142,19.999999999999574,108.18807105249999,-99.43807105249942
2024-11-08,LOW_RANGE|CONTINUE|H15_10,LOW_RANGE,CONTINUE,H15_10,CALL,2024-11-14,25,-242.49999999999943,19.999999999999545,106.47746892,-368.97746891999896
2024-11-08,LOW_RANGE|FADE|H10_30,LOW_RANGE,FADE,H10_30,PUT,2024-11-14,25,-157.50000000000034,19.999999999999545,105.05235403500001,-282.5523540349999
2024-11-08,LOW_RANGE|FADE|H15_10,LOW_RANGE,FADE,H15_10,PUT,2024-11-14,25,6.249999999999659,19.99999999999966,105.2468026175,-118.9968026175
2024-11-11,HIGH_RANGE|CONTINUE|H10_30,HIGH_RANGE,CONTINUE,H10_30,PUT,2024-11-14,25,-674.9999999999995,20.000000000000114,101.06696369,-796.0669636899996
2024-11-11,HIGH_RANGE|CONTINUE|H15_10,HIGH_RANGE,CONTINUE,H15_10,PUT,2024-11-14,25,-553.7499999999999,19.99999999999966,101.0153877775,-674.7653877774995
2024-11-11,HIGH_RANGE|FADE|H10_30,HIGH_RANGE,FADE,H10_30,CALL,2024-11-14,25,771.2500000000002,19.999999999999545,107.14691104750001,644.1030889525007
2024-11-11,HIGH_RANGE|FADE|H15_10,HIGH_RANGE,FADE,H15_10,CALL,2024-11-14,25,364.9999999999999,19.999999999999574,104.692274095,240.30772590500032
2024-11-12,HIGH_RANGE|CONTINUE|H10_30,HIGH_RANGE,CONTINUE,H10_30,CALL,2024-11-14,25,26.250000000000107,20.000000000000284,100.8156539325,-94.56565393250017
2024-11-12,HIGH_RANGE|CONTINUE|H15_10,HIGH_RANGE,CONTINUE,H15_10,CALL,2024-11-14,25,-1362.5,20.000000000000227,97.69162617500001,-1480.1916261750002
2024-11-12,HIGH_RANGE|FADE|H10_30,HIGH_RANGE,FADE,H10_30,PUT,2024-11-14,25,-101.24999999999994,20.000000000000256,101.75538931749999,-223.0053893175002
2024-11-12,HIGH_RANGE|FADE|H15_10,HIGH_RANGE,FADE,H15_10,PUT,2024-11-14,25,2185.0000000000005,19.99999999999909,111.34040873000001,2053.6595912700013
2024-11-13,HIGH_RANGE|CONTINUE|H10_30,HIGH_RANGE,CONTINUE,H10_30,PUT,2024-11-14,25,395.00000000000017,20.000000000000057,102.19940613,272.8005938700001
2024-11-13,HIGH_RANGE|CONTINUE|H15_10,HIGH_RANGE,CONTINUE,H15_10,PUT,2024-11-14,25,2098.750000000001,20.000000000001364,107.92088330750002,1970.8291166924996
2024-11-13,HIGH_RANGE|FADE|H10_30,HIGH_RANGE,FADE,H10_30,CALL,2024-11-14,25,-592.5,20.000000000000057,100.53531278,-713.03531278
2024-11-13,HIGH_RANGE|FADE|H15_10,HIGH_RANGE,FADE,H15_10,CALL,2024-11-14,25,-1669.9999999999995,20.000000000000455,98.03281786,-1788.03281786
2024-11-14,MID_RANGE|CONTINUE|H10_30,MID_RANGE,CONTINUE,H10_30,CALL,2024-11-14,25,-512.5,20.0000000000002,97.160399165,-629.6603991650002
2024-11-14,MID_RANGE|CONTINUE|H15_10,MID_RANGE,CONTINUE,H15_10,CALL,2024-11-14,25,-1276.25,20.000000000000284,95.75006425250001,-1392.0000642525001
2024-11-14,MID_RANGE|FADE|H10_30,MID_RANGE,FADE,H10_30,PUT,2024-11-14,25,-531.2500000000001,20.000000000000114,97.9565142425,-649.2065142425002
2024-11-14,MID_RANGE|FADE|H15_10,MID_RANGE,FADE,H15_10,PUT,2024-11-14,25,351.2499999999997,20.000000000000142,98.88415126749999,232.36584873249956
2024-11-18,HIGH_RANGE|CONTINUE|H10_30,HIGH_RANGE,CONTINUE,H10_30,CALL,2024-11-21,75,-1383.7500000000002,60.0,116.10968407249999,-1559.8596840725002
2024-11-18,HIGH_RANGE|CONTINUE|H15_10,HIGH_RANGE,CONTINUE,H15_10,CALL,2024-11-21,75,-1342.500000000001,59.999999999999545,115.38025353500001,-1517.8802535350005
2024-11-18,HIGH_RANGE|FADE|H10_30,HIGH_RANGE,FADE,H10_30,PUT,2024-11-21,75,1151.2500000000007,59.999999999998636,128.6887692125,962.561230787502
2024-11-18,HIGH_RANGE|FADE|H15_10,HIGH_RANGE,FADE,H15_10,PUT,2024-11-21,75,719.9999999999995,59.99999999999875,124.537226885,535.4627731150008
2024-11-19,LOW_RANGE|CONTINUE|H10_30,LOW_RANGE,CONTINUE,H10_30,CALL,2024-11-21,75,2437.5,59.99999999999909,120.31587326000002,2257.184126740001
2024-11-19,LOW_RANGE|CONTINUE|H15_10,LOW_RANGE,CONTINUE,H15_10,CALL,2024-11-21,75,-3382.5,60.00000000000068,106.289964725,-3548.789964725001
2024-11-19,LOW_RANGE|FADE|H10_30,LOW_RANGE,FADE,H10_30,PUT,2024-11-21,75,-2013.75,60.00000000000023,109.4809790375,-2183.2309790375
2024-11-19,LOW_RANGE|FADE|H15_10,LOW_RANGE,FADE,H15_10,PUT,2024-11-21,75,3750.0,59.999999999999545,127.30347681500001,3562.6965231850004
2024-11-21,HIGH_RANGE|CONTINUE|H10_30,HIGH_RANGE,CONTINUE,H10_30,PUT,2024-11-21,75,1140.0,60.00000000000031,111.00009053000001,968.9999094699998
2024-11-21,HIGH_RANGE|CONTINUE|H15_10,HIGH_RANGE,CONTINUE,H15_10,PUT,2024-11-21,75,-2246.25,60.00000000000068,105.12954149750001,-2411.3795414975007
2024-11-21,HIGH_RANGE|FADE|H10_30,HIGH_RANGE,FADE,H10_30,CALL,2024-11-21,75,-2103.75,59.999999999999886,98.60361026749999,-2262.3536102675
2024-11-21,HIGH_RANGE|FADE|H15_10,HIGH_RANGE,FADE,H15_10,CALL,2024-11-21,75,-2685.0,59.999999999999886,97.32826455499999,-2842.328264555
2024-11-22,HIGH_RANGE|CONTINUE|H10_30,HIGH_RANGE,CONTINUE,H10_30,CALL,2024-11-28,75,502.4999999999991,59.999999999998636,136.422727985,306.07727201500046
2024-11-22,HIGH_RANGE|CONTINUE|H15_10,HIGH_RANGE,CONTINUE,H15_10,CALL,2024-11-28,75,4275.0,59.99999999999636,169.080385595,4045.919614405004
2024-11-22,HIGH_RANGE|FADE|H10_30,HIGH_RANGE,FADE,H10_30,PUT,2024-11-28,75,-397.5000000000009,59.99999999999872,132.249501305,-589.7495013049996
2024-11-22,HIGH_RANGE|FADE|H15_10,HIGH_RANGE,FADE,H15_10,PUT,2024-11-28,75,-2985.0,60.000000000000455,122.16863847499998,-3167.1686384750005
2024-11-25,LOW_RANGE|CONTINUE|H10_30,LOW_RANGE,CONTINUE,H10_30,CALL,2024-11-28,75,-33.749999999999204,59.99999999999875,132.08780206249997,-225.83780206249793
2024-11-25,LOW_RANGE|CONTINUE|H15_10,LOW_RANGE,CONTINUE,H15_10,CALL,2024-11-28,75,-1440.0000000000005,59.999999999999545,124.17283437499998,-1624.172834375
2024-11-25,LOW_RANGE|FADE|H10_30,LOW_RANGE,FADE,H10_30,PUT,2024-11-28,75,-363.74999999999955,59.99999999999886,125.5697395025,-549.3197395024984
2024-11-25,LOW_RANGE|FADE|H15_10,LOW_RANGE,FADE,H15_10,PUT,2024-11-28,75,446.24999999999915,59.99999999999872,128.2562146475,257.9937853525005
2024-11-26,HIGH_RANGE|CONTINUE|H10_30,HIGH_RANGE,CONTINUE,H10_30,CALL,2024-11-28,75,-2024.999999999999,59.99999999999977,113.348193815,-2198.348193814999
2024-11-26,HIGH_RANGE|CONTINUE|H15_10,HIGH_RANGE,CONTINUE,H15_10,CALL,2024-11-28,75,-2298.749999999999,59.999999999999545,112.0337549675,-2470.7837549674987
2024-11-26,HIGH_RANGE|FADE|H10_30,HIGH_RANGE,FADE,H10_30,PUT,2024-11-28,75,1942.5000000000005,59.999999999998636,126.99850272500001,1755.5014972750018
2024-11-26,HIGH_RANGE|FADE|H15_10,HIGH_RANGE,FADE,H15_10,PUT,2024-11-28,75,1601.2500000000007,59.999999999998636,123.57381788749998,1417.6761821125021
2024-11-27,MID_RANGE|CONTINUE|H10_30,MID_RANGE,CONTINUE,H10_30,CALL,2024-11-28,75,-176.24999999999955,60.000000000000625,114.4156394375,-350.6656394375002
2024-11-27,MID_RANGE|CONTINUE|H15_10,MID_RANGE,CONTINUE,H15_10,CALL,2024-11-28,75,3292.5,60.00000000000023,122.16667829000001,3110.33332171
2024-11-27,MID_RANGE|FADE|H10_30,MID_RANGE,FADE,H10_30,PUT,2024-11-28,75,-232.5000000000001,60.00000000000034,107.831657735,-400.3316577350005
2024-11-27,MID_RANGE|FADE|H15_10,MID_RANGE,FADE,H15_10,PUT,2024-11-28,75,-2448.75,59.999999999999545,102.8841054575,-2611.6341054574996
2024-11-28,HIGH_RANGE|CONTINUE|H10_30,HIGH_RANGE,CONTINUE,H10_30,CALL,2024-11-28,75,108.74999999999942,60.00000000000033,108.02853575750001,-59.27853575750092
2024-11-28,HIGH_RANGE|CONTINUE|H15_10,HIGH_RANGE,CONTINUE,H15_10,CALL,2024-11-28,75,-4848.750000000001,60.0,99.0081900125,-5007.758190012501
2024-11-28,HIGH_RANGE|FADE|H10_30,HIGH_RANGE,FADE,H10_30,PUT,2024-11-28,75,-1267.5000000000002,60.0000000000004,101.32721693000002,-1428.8272169300005
2024-11-28,HIGH_RANGE|FADE|H15_10,HIGH_RANGE,FADE,H15_10,PUT,2024-11-28,75,11482.5,60.0,139.56594692000002,11282.93405308
2024-11-29,MID_RANGE|CONTINUE|H10_30,MID_RANGE,CONTINUE,H10_30,CALL,2024-12-05,75,213.74999999999955,59.999999999996476,145.8231888275,7.926811172503079
2024-11-29,MID_RANGE|CONTINUE|H15_10,MID_RANGE,CONTINUE,H15_10,CALL,2024-12-05,75,1886.2500000000005,59.99999999999636,149.7854715875,1676.464528412504
2024-11-29,MID_RANGE|FADE|H10_30,MID_RANGE,FADE,H10_30,PUT,2024-12-05,75,-198.74999999999937,59.99999999999869,130.1045561975,-388.854556197498
2024-11-29,MID_RANGE|FADE|H15_10,MID_RANGE,FADE,H15_10,PUT,2024-12-05,75,-1904.999999999999,60.000000000000455,120.72647406499999,-2085.7264740649994
2024-12-02,HIGH_RANGE|CONTINUE|H10_30,HIGH_RANGE,CONTINUE,H10_30,CALL,2024-12-05,75,1687.500000000001,59.999999999998636,138.28718141,1489.2128185900024
2024-12-02,HIGH_RANGE|CONTINUE|H15_10,HIGH_RANGE,CONTINUE,H15_10,CALL,2024-12-05,75,3524.999999999998,59.99999999999818,150.13757477000001,3314.86242523
2024-12-02,HIGH_RANGE|FADE|H10_30,HIGH_RANGE,FADE,H10_30,PUT,2024-12-05,75,-1297.5,59.999999999999545,118.441654715,-1475.9416547149995
2024-12-02,HIGH_RANGE|FADE|H15_10,HIGH_RANGE,FADE,H15_10,PUT,2024-12-05,75,-2606.249999999999,59.99999999999909,114.36647324750001,-2780.616473247498
2024-12-03,LOW_RANGE|CONTINUE|H10_30,LOW_RANGE,CONTINUE,H10_30,CALL,2024-12-05,75,1769.9999999999995,59.999999999998636,133.80965867,1576.1903413300008
2024-12-03,LOW_RANGE|CONTINUE|H15_10,LOW_RANGE,CONTINUE,H15_10,CALL,2024-12-05,75,2212.4999999999977,59.999999999998636,135.24428454500003,2017.255715454999
2024-12-03,LOW_RANGE|FADE|H10_30,LOW_RANGE,FADE,H10_30,PUT,2024-12-05,75,-1627.5000000000005,59.999999999999545,120.01750945999999,-1807.51750946
2024-12-03,LOW_RANGE|FADE|H15_10,LOW_RANGE,FADE,H15_10,PUT,2024-12-05,75,-2148.7500000000005,59.999999999999545,117.7325095025,-2326.4825095025
2024-12-04,MID_RANGE|CONTINUE|H10_30,MID_RANGE,CONTINUE,H10_30,CALL,2024-12-05,75,356.25000000000057,59.9999999999998,118.7592038675,177.49079613250075
2024-12-04,MID_RANGE|CONTINUE|H15_10,MID_RANGE,CONTINUE,H15_10,CALL,2024-12-05,75,-1406.249999999999,60.00000000000068,113.5472007425,-1579.7972007424999
2024-12-04,MID_RANGE|FADE|H10_30,MID_RANGE,FADE,H10_30,PUT,2024-12-05,75,-416.2499999999998,60.00000000000091,117.8686499975,-594.1186499975007
2024-12-04,MID_RANGE|FADE|H15_10,MID_RANGE,FADE,H15_10,PUT,2024-12-05,75,903.7500000000003,59.999999999999716,121.67391326750001,722.0760867325007
2024-12-05,LOW_RANGE|CONTINUE|H10_30,LOW_RANGE,CONTINUE,H10_30,CALL,2024-12-05,75,-1342.5,60.00000000000091,113.888351465,-1516.3883514650008
2024-12-05,LOW_RANGE|CONTINUE|H15_10,LOW_RANGE,CONTINUE,H15_10,CALL,2024-12-05,75,8516.25,59.999999999999204,127.58988586249998,8328.6601141375
2024-12-05,LOW_RANGE|FADE|H10_30,LOW_RANGE,FADE,H10_30,PUT,2024-12-05,75,2587.5000000000014,60.000000000000455,127.24858418000001,2400.251415820001
2024-12-05,LOW_RANGE|FADE|H15_10,LOW_RANGE,FADE,H15_10,PUT,2024-12-05,75,-4665.0,60.000000000000455,103.47192815000001,-4828.47192815
2024-12-06,HIGH_RANGE|CONTINUE|H10_30,HIGH_RANGE,CONTINUE,H10_30,CALL,2024-12-12,75,-363.75000000000045,59.999999999997726,144.5461761125,-568.2961761124982
2024-12-06,HIGH_RANGE|CONTINUE|H15_10,HIGH_RANGE,CONTINUE,H15_10,CALL,2024-12-12,75,-517.5000000000009,59.99999999999727,141.07997018,-718.5799701799982
2024-12-06,HIGH_RANGE|FADE|H10_30,HIGH_RANGE,FADE,H10_30,PUT,2024-12-12,75,-7.499999999998636,59.99999999999727,143.774318435,-211.2743184349959
2024-12-06,HIGH_RANGE|FADE|H15_10,HIGH_RANGE,FADE,H15_10,PUT,2024-12-12,75,-209.99999999999864,59.999999999997726,140.84567490499998,-410.8456749049964
2024-12-09,LOW_RANGE|CONTINUE|H10_30,LOW_RANGE,CONTINUE,H10_30,PUT,2024-12-12,75,806.25,59.999999999998636,132.2302848725,614.0197151275014
2024-12-09,LOW_RANGE|CONTINUE|H15_10,LOW_RANGE,CONTINUE,H15_10,PUT,2024-12-12,75,817.5000000000005,59.99999999999875,129.94560173000002,627.5543982700017
2024-12-09,LOW_RANGE|FADE|H10_30,LOW_RANGE,FADE,H10_30,CALL,2024-12-12,75,-862.5,59.999999999998636,128.06416146499998,-1050.5641614649985
2024-12-09,LOW_RANGE|FADE|H15_10,LOW_RANGE,FADE,H15_10,CALL,2024-12-12,75,-1421.2500000000005,59.999999999999545,125.07776651749998,-1606.3277665175
2024-12-10,MID_RANGE|CONTINUE|H10_30,MID_RANGE,CONTINUE,H10_30,CALL,2024-12-12,75,528.7500000000003,59.99999999999872,123.2418860225,345.5081139775016
2024-12-10,MID_RANGE|CONTINUE|H15_10,MID_RANGE,CONTINUE,H15_10,CALL,2024-12-12,75,-611.2499999999993,59.99999999999977,119.03591740249999,-790.2859174024991
2024-12-10,MID_RANGE|FADE|H10_30,MID_RANGE,FADE,H10_30,PUT,2024-12-12,75,-708.7500000000007,59.99999999999977,116.84140636250001,-885.5914063625005
2024-12-10,MID_RANGE|FADE|H15_10,MID_RANGE,FADE,H15_10,PUT,2024-12-12,75,3.749999999999204,59.99999999999977,118.4069822375,-174.65698223750059
2024-12-11,MID_RANGE|CONTINUE|H10_30,MID_RANGE,CONTINUE,H10_30,CALL,2024-12-12,75,956.25,60.00000000000091,114.81152882750001,781.438471172499
2024-12-11,MID_RANGE|CONTINUE|H15_10,MID_RANGE,CONTINUE,H15_10,CALL,2024-12-12,75,-41.250000000000455,60.000000000000455,111.15570655249999,-212.4057065525009
2024-12-11,MID_RANGE|FADE|H10_30,MID_RANGE,FADE,H10_30,PUT,2024-12-12,75,-1398.75,59.999999999999886,107.0673385925,-1565.8173385925
2024-12-11,MID_RANGE|FADE|H15_10,MID_RANGE,FADE,H15_10,PUT,2024-12-12,75,-2418.7499999999995,60.00000000000034,105.4014257525,-2584.1514257525
2024-12-12,LOW_RANGE|CONTINUE|H10_30,LOW_RANGE,CONTINUE,H10_30,PUT,2024-12-12,75,2047.5000000000005,60.00000000000034,104.433865505,1883.0661344950001
2024-12-12,LOW_RANGE|CONTINUE|H15_10,LOW_RANGE,CONTINUE,H15_10,PUT,2024-12-12,75,5238.75,60.000000000000114,107.10054830749999,5071.6494516925
2024-12-12,LOW_RANGE|FADE|H10_30,LOW_RANGE,FADE,H10_30,CALL,2024-12-12,75,-1113.75,60.000000000000114,100.88938006250001,-1274.6393800625
2024-12-12,LOW_RANGE|FADE|H15_10,LOW_RANGE,FADE,H15_10,CALL,2024-12-12,75,-2467.5,56.250000000000455,97.64820170750001,-2621.3982017075004
2024-12-13,LOW_RANGE|CONTINUE|H10_30,LOW_RANGE,CONTINUE,H10_30,PUT,2024-12-19,75,2373.7500000000027,59.99999999999727,144.7793373275,2168.9706626725056
2024-12-13,LOW_RANGE|CONTINUE|H15_10,LOW_RANGE,CONTINUE,H15_10,PUT,2024-12-19,75,-4335.0,59.99999999999818,114.77244314000001,-4509.772443139998
2024-12-13,LOW_RANGE|FADE|H10_30,LOW_RANGE,FADE,H10_30,CALL,2024-12-19,75,-2332.4999999999986,60.000000000000455,126.221827655,-2518.7218276549993
2024-12-13,LOW_RANGE|FADE|H15_10,LOW_RANGE,FADE,H15_10,CALL,2024-12-19,75,5122.5,59.99999999999636,163.091581505,4899.408418495003
2024-12-16,MID_RANGE|CONTINUE|H10_30,MID_RANGE,CONTINUE,H10_30,PUT,2024-12-19,75,1053.750000000001,59.999999999998636,132.3084933425,861.4415066575023
2024-12-16,MID_RANGE|CONTINUE|H15_10,MID_RANGE,CONTINUE,H15_10,PUT,2024-12-19,75,570.0000000000007,59.99999999999869,129.3654449,380.63455510000193
2024-12-16,MID_RANGE|FADE|H10_30,MID_RANGE,FADE,H10_30,CALL,2024-12-19,75,-697.5000000000019,59.99999999999869,124.76300653999999,-882.2630065400007
2024-12-16,MID_RANGE|FADE|H15_10,MID_RANGE,FADE,H15_10,CALL,2024-12-19,75,-378.7499999999998,59.99999999999872,125.33240483750001,-564.0824048374985
2024-12-17,LOW_RANGE|CONTINUE|H10_30,LOW_RANGE,CONTINUE,H10_30,PUT,2024-12-19,75,2613.749999999999,59.99999999999727,141.0195805475,2412.730419452502
2024-12-17,LOW_RANGE|CONTINUE|H15_10,LOW_RANGE,CONTINUE,H15_10,PUT,2024-12-19,75,4796.249999999998,59.999999999997726,141.74346080749999,4594.506539192501
2024-12-17,LOW_RANGE|FADE|H10_30,LOW_RANGE,FADE,H10_30,CALL,2024-12-19,75,-2096.249999999999,59.999999999999545,119.47993373749998,-2275.7299337374984
2024-12-17,LOW_RANGE|FADE|H15_10,LOW_RANGE,FADE,H15_10,CALL,2024-12-19,75,-4113.75,59.99999999999818,113.4680196275,-4287.2180196274985
2024-12-18,MID_RANGE|CONTINUE|H10_30,MID_RANGE,CONTINUE,H10_30,PUT,2024-12-19,75,303.7499999999998,60.00000000000085,115.3804474625,128.36955253749892
2024-12-18,MID_RANGE|CONTINUE|H15_10,MID_RANGE,CONTINUE,H15_10,PUT,2024-12-19,75,2857.5,59.99999999999994,119.40413246000003,2678.0958675399997
2024-12-18,MID_RANGE|FADE|H10_30,MID_RANGE,FADE,H10_30,CALL,2024-12-19,75,-1383.75,60.00000000000023,114.59686748749999,-1558.3468674875003
2024-12-18,MID_RANGE|FADE|H15_10,MID_RANGE,FADE,H15_10,CALL,2024-12-19,75,-3813.749999999999,60.00000000000091,109.35393007249999,-3983.1039300725
2024-12-19,LOW_RANGE|CONTINUE|H10_30,LOW_RANGE,CONTINUE,H10_30,PUT,2024-12-19,75,-2542.4999999999995,60.00000000000068,102.179829485,-2704.679829485
2024-12-19,LOW_RANGE|CONTINUE|H15_10,LOW_RANGE,CONTINUE,H15_10,PUT,2024-12-19,75,-3753.75,60.00000000000023,99.58806554750001,-3913.3380655475
2024-12-19,LOW_RANGE|FADE|H10_30,LOW_RANGE,FADE,H10_30,CALL,2024-12-19,75,1316.249999999999,60.00000000000023,106.55060777749999,1149.699392222499
2024-12-19,LOW_RANGE|FADE|H15_10,LOW_RANGE,FADE,H15_10,CALL,2024-12-19,75,930.0,60.000000000000455,104.22651024499999,765.7734897549996
2024-12-20,MID_RANGE|CONTINUE|H10_30,MID_RANGE,CONTINUE,H10_30,CALL,2024-12-26,75,89.99999999999682,59.9999999999975,145.508710145,-115.50871014500069
2024-12-20,MID_RANGE|CONTINUE|H15_10,MID_RANGE,CONTINUE,H15_10,CALL,2024-12-26,75,-4053.75,60.00000000000091,124.5120975275,-4238.262097527501
2024-12-20,MID_RANGE|FADE|H10_30,MID_RANGE,FADE,H10_30,PUT,2024-12-26,75,-258.74999999999915,59.99999999999872,133.5542371925,-452.30423719249785
2024-12-20,MID_RANGE|FADE|H15_10,MID_RANGE,FADE,H15_10,PUT,2024-12-26,75,4230.000000000002,59.99999999999818,157.11637253,4012.883627470004
2024-12-23,HIGH_RANGE|CONTINUE|H10_30,HIGH_RANGE,CONTINUE,H10_30,CALL,2024-12-26,75,-487.4999999999993,60.0,118.36741388,-665.8674138799993
2024-12-23,HIGH_RANGE|CONTINUE|H15_10,HIGH_RANGE,CONTINUE,H15_10,CALL,2024-12-26,75,-1661.25,59.99999999999909,115.45223369749999,-1836.7022336974992
2024-12-23,HIGH_RANGE|FADE|H10_30,HIGH_RANGE,FADE,H10_30,PUT,2024-12-26,75,-498.74999999999864,60.0,117.36154666250002,-676.1115466624987
2024-12-23,HIGH_RANGE|FADE|H15_10,HIGH_RANGE,FADE,H15_10,PUT,2024-12-26,75,135.00000000000045,59.99999999999977,118.28589360500001,-43.28589360499933
2024-12-24,MID_RANGE|CONTINUE|H10_30,MID_RANGE,CONTINUE,H10_30,CALL,2024-12-26,75,3348.75,60.00000000000023,118.8162653675,3169.9337346324996
2024-12-24,MID_RANGE|CONTINUE|H15_10,MID_RANGE,CONTINUE,H15_10,CALL,2024-12-26,75,-528.7500000000006,60.00000000000034,108.6186724025,-697.3686724025009
2024-12-24,MID_RANGE|FADE|H10_30,MID_RANGE,FADE,H10_30,PUT,2024-12-26,75,-1803.7500000000005,60.000000000000455,104.3820863075,-1968.132086307501
2024-12-24,MID_RANGE|FADE|H15_10,MID_RANGE,FADE,H15_10,PUT,2024-12-26,75,-735.0000000000003,60.00000000000034,106.31913132499999,-901.3191313250006
2024-12-26,MID_RANGE|CONTINUE|H10_30,MID_RANGE,CONTINUE,H10_30,CALL,2024-12-26,75,-1920.0,60.000000000000455,97.84569116,-2077.8456911600006
2024-12-26,MID_RANGE|CONTINUE|H15_10,MID_RANGE,CONTINUE,H15_10,CALL,2024-12-26,75,-2553.75,56.250000000000455,96.61990250000001,-2706.6199025000005
2024-12-26,MID_RANGE|FADE|H10_30,MID_RANGE,FADE,H10_30,PUT,2024-12-26,75,5771.250000000001,59.99999999999909,112.97087233250001,5598.279127667502
2024-12-26,MID_RANGE|FADE|H15_10,MID_RANGE,FADE,H15_10,PUT,2024-12-26,75,4436.25,60.00000000000034,108.02895025250001,4268.2210497475
2024-12-27,MID_RANGE|CONTINUE|H10_30,MID_RANGE,CONTINUE,H10_30,CALL,2025-01-02,75,1278.7499999999998,59.999999999998636,136.4192622125,1082.3307377875012
2024-12-27,MID_RANGE|CONTINUE|H15_10,MID_RANGE,CONTINUE,H15_10,CALL,2025-01-02,75,-524.9999999999995,59.999999999998636,127.20303773,-712.2030377299982
2024-12-27,MID_RANGE|FADE|H10_30,MID_RANGE,FADE,H10_30,PUT,2025-01-02,75,-1233.7499999999998,59.99999999999977,122.83324984250001,-1416.5832498424995
2024-12-27,MID_RANGE|FADE|H15_10,MID_RANGE,FADE,H15_10,PUT,2025-01-02,75,-48.74999999999932,59.999999999998636,125.23450915249998,-233.98450915249794
2024-12-30,HIGH_RANGE|CONTINUE|H10_30,HIGH_RANGE,CONTINUE,H10_30,CALL,2025-01-02,75,1154.9999999999993,59.999999999998636,123.033211655,971.9667883450006
2024-12-30,HIGH_RANGE|CONTINUE|H15_10,HIGH_RANGE,CONTINUE,H15_10,CALL,2025-01-02,75,-1203.7499999999998,59.99999999999977,116.4549297575,-1380.2049297574995
2024-12-30,HIGH_RANGE|FADE|H10_30,HIGH_RANGE,FADE,H10_30,PUT,2025-01-02,75,-1196.2499999999998,60.00000000000068,114.6599189675,-1370.9099189675005
2024-12-30,HIGH_RANGE|FADE|H15_10,HIGH_RANGE,FADE,H15_10,PUT,2025-01-02,75,1286.250000000001,59.99999999999977,124.36916756750001,1101.8808324325012
2024-12-31,MID_RANGE|CONTINUE|H10_30,MID_RANGE,CONTINUE,H10_30,PUT,2025-01-02,75,221.25000000000023,59.99999999999977,119.4884804375,41.76151956250045
2024-12-31,MID_RANGE|CONTINUE|H15_10,MID_RANGE,CONTINUE,H15_10,PUT,2025-01-02,75,-2066.249999999999,60.00000000000068,112.68332335250001,-2238.9333233525
2024-12-31,MID_RANGE|FADE|H10_30,MID_RANGE,FADE,H10_30,CALL,2025-01-02,75,146.24999999999915,59.99999999999872,121.3204687775,-35.07046877749957
2024-12-31,MID_RANGE|FADE|H15_10,MID_RANGE,FADE,H15_10,CALL,2025-01-02,75,2984.999999999999,59.999999999998636,131.94496391,2793.0550360900006
2025-01-01,LOW_RANGE|CONTINUE|H10_30,LOW_RANGE,CONTINUE,H10_30,CALL,2025-01-02,75,993.7500000000009,59.999999999999545,120.1280601275,813.6219398725013
2025-01-01,LOW_RANGE|CONTINUE|H15_10,LOW_RANGE,CONTINUE,H15_10,CALL,2025-01-02,75,2917.4999999999995,59.999999999999545,126.272278865,2731.227721135
2025-01-01,LOW_RANGE|FADE|H10_30,LOW_RANGE,FADE,H10_30,PUT,2025-01-02,75,-285.0000000000009,60.000000000000796,115.33542063499999,-460.3354206350017
2025-01-01,LOW_RANGE|FADE|H15_10,LOW_RANGE,FADE,H15_10,PUT,2025-01-02,75,-1631.250000000001,60.000000000000455,111.47211133249999,-1802.7221113325013
2025-01-02,MID_RANGE|CONTINUE|H10_30,MID_RANGE,CONTINUE,H10_30,CALL,2025-01-02,75,2880.000000000001,59.999999999999545,124.48332909500002,2695.5166709050013
2025-01-02,MID_RANGE|CONTINUE|H15_10,MID_RANGE,CONTINUE,H15_10,CALL,2025-01-02,75,8924.999999999996,59.99999999999454,157.81788740000002,8707.182112600001
2025-01-02,MID_RANGE|FADE|H10_30,MID_RANGE,FADE,H10_30,PUT,2025-01-02,75,-2137.500000000001,60.00000000000068,107.66762678,-2305.1676267800012
2025-01-02,MID_RANGE|FADE|H15_10,MID_RANGE,FADE,H15_10,PUT,2025-01-02,75,-4691.25,59.999999999999545,101.80346446249999,-4853.0534644625
2025-01-03,LOW_RANGE|CONTINUE|H10_30,LOW_RANGE,CONTINUE,H10_30,PUT,2025-01-09,75,1529.9999999999993,59.9999999999975,142.96536032,1327.0346396800019
2025-01-03,LOW_RANGE|CONTINUE|H15_10,LOW_RANGE,CONTINUE,H15_10,PUT,2025-01-09,75,1709.9999999999998,59.9999999999975,142.306709285,1507.6932907150021
2025-01-03,LOW_RANGE|FADE|H10_30,LOW_RANGE,FADE,H10_30,CALL,2025-01-09,75,-1788.75,60.000000000000455,123.6725441375,-1972.4225441375004
2025-01-03,LOW_RANGE|FADE|H15_10,LOW_RANGE,FADE,H15_10,CALL,2025-01-09,75,-2088.750000000001,59.99999999999909,121.1776469525,-2269.9276469525
2025-01-06,HIGH_RANGE|CONTINUE|H10_30,HIGH_RANGE,CONTINUE,H10_30,CALL,2025-01-09,75,-915.0000000000014,59.999999999999545,119.08728654500001,-1094.087286545001
2025-01-06,HIGH_RANGE|CONTINUE|H15_10,HIGH_RANGE,CONTINUE,H15_10,CALL,2025-01-09,75,-3450.000000000001,59.999999999999545,111.94597530500002,-3621.9459753050005
2025-01-06,HIGH_RANGE|FADE|H10_30,HIGH_RANGE,FADE,H10_30,PUT,2025-01-09,75,1027.5000000000014,59.999999999998636,134.63470202000002,832.8652979800027
2025-01-06,HIGH_RANGE|FADE|H15_10,HIGH_RANGE,FADE,H15_10,PUT,2025-01-09,75,4638.750000000004,60.0,169.05811645250003,4409.6918835475035
2025-01-07,LOW_RANGE|CONTINUE|H10_30,LOW_RANGE,CONTINUE,H10_30,CALL,2025-01-09,75,-318.74999999999886,59.99999999999886,125.42424838250002,-504.17424838249775
2025-01-07,LOW_RANGE|CONTINUE|H15_10,LOW_RANGE,CONTINUE,H15_10,CALL,2025-01-09,75,-1668.7499999999995,59.999999999999545,120.2171056175,-1848.967105617499
2025-01-07,LOW_RANGE|FADE|H10_30,LOW_RANGE,FADE,H10_30,PUT,2025-01-09,75,75.00000000000102,59.99999999999875,124.43354703499999,-109.43354703499772
2025-01-07,LOW_RANGE|FADE|H15_10,LOW_RANGE,FADE,H15_10,PUT,2025-01-09,75,997.4999999999993,59.99999999999875,124.253524085,813.2464759150006
2025-01-08,HIGH_RANGE|CONTINUE|H10_30,HIGH_RANGE,CONTINUE,H10_30,CALL,2025-01-09,75,-1177.500000000001,60.00000000000034,107.233902635,-1344.7339026350012
2025-01-08,HIGH_RANGE|CONTINUE|H15_10,HIGH_RANGE,CONTINUE,H15_10,CALL,2025-01-09,75,1132.4999999999993,60.00000000000068,112.648699715,959.8513002849986
2025-01-08,HIGH_RANGE|FADE|H10_30,HIGH_RANGE,FADE,H10_30,PUT,2025-01-09,75,821.2499999999991,60.00000000000077,114.9273129575,646.3226870424983
2025-01-08,HIGH_RANGE|FADE|H15_10,HIGH_RANGE,FADE,H15_10,PUT,2025-01-09,75,-2512.5,60.00000000000114,107.10231900500001,-2679.602319005001
2025-01-09,HIGH_RANGE|CONTINUE|H10_30,HIGH_RANGE,CONTINUE,H10_30,PUT,2025-01-09,75,-630.0,60.00000000000014,99.67044002,-789.6704400200001
2025-01-09,HIGH_RANGE|CONTINUE|H15_10,HIGH_RANGE,CONTINUE,H15_10,PUT,2025-01-09,75,3738.75,60.000000000000455,105.21577847750001,3573.5342215224996
2025-01-09,HIGH_RANGE|FADE|H10_30,HIGH_RANGE,FADE,H10_30,CALL,2025-01-09,75,-367.50000000000017,60.0000000000004,101.35936964,-528.8593696400005
2025-01-09,HIGH_RANGE|FADE|H15_10,HIGH_RANGE,FADE,H15_10,CALL,2025-01-09,75,-2666.25,52.50000000000057,97.2259659725,-2815.9759659725005
2025-01-10,LOW_RANGE|CONTINUE|H10_30,LOW_RANGE,CONTINUE,H10_30,CALL,2025-01-16,75,-1481.250000000001,59.999999999998636,132.7173220175,-1673.9673220174996
2025-01-10,LOW_RANGE|CONTINUE|H15_10,LOW_RANGE,CONTINUE,H15_10,CALL,2025-01-16,75,-1995.0000000000014,59.999999999998636,129.11137361,-2184.11137361
2025-01-10,LOW_RANGE|FADE|H10_30,LOW_RANGE,FADE,H10_30,PUT,2025-01-16,75,1395.000000000001,59.99999999999818,136.897419515,1198.1025804850028
2025-01-10,LOW_RANGE|FADE|H15_10,LOW_RANGE,FADE,H15_10,PUT,2025-01-16,75,1125.0,59.999999999998636,132.33259233500002,932.6674076650013
2025-01-13,MID_RANGE|CONTINUE|H10_30,MID_RANGE,CONTINUE,H10_30,PUT,2025-01-16,75,-1455.0,59.99999999999909,124.81390934000001,-1639.813909339999
2025-01-13,MID_RANGE|CONTINUE|H15_10,MID_RANGE,CONTINUE,H15_10,PUT,2025-01-16,75,1758.7500000000002,59.99999999999852,135.0834735875,1563.6665264125018
2025-01-13,MID_RANGE|FADE|H10_30,MID_RANGE,FADE,H10_30,CALL,2025-01-16,75,1590.0,59.99999999999818,132.781205495,1397.2187945050018
2025-01-13,MID_RANGE|FADE|H15_10,MID_RANGE,FADE,H15_10,CALL,2025-01-16,75,-2801.250000000001,60.0,116.0566035275,-2977.306603527501
2025-01-14,HIGH_RANGE|CONTINUE|H10_30,HIGH_RANGE,CONTINUE,H10_30,CALL,2025-01-16,75,-472.50000000000034,60.00000000000057,115.202654105,-647.7026541050009
2025-01-14,HIGH_RANGE|CONTINUE|H15_10,HIGH_RANGE,CONTINUE,H15_10,CALL,2025-01-16,75,44.99999999999977,60.000000000000455,115.38392655499999,-130.38392655500067
2025-01-14,HIGH_RANGE|FADE|H10_30,HIGH_RANGE,FADE,H10_30,PUT,2025-01-16,75,56.25000000000003,60.00000000000088,115.46955511249999,-119.21955511250084
2025-01-14,HIGH_RANGE|FADE|H15_10,HIGH_RANGE,FADE,H15_10,PUT,2025-01-16,75,-1226.2500000000002,60.00000000000068,110.9574428225,-1397.207442822501
2025-01-15,LOW_RANGE|CONTINUE|H10_30,LOW_RANGE,CONTINUE,H10_30,CALL,2025-01-16,75,464.99999999999994,60.00000000000034,109.59910375999999,295.4008962399996
2025-01-15,LOW_RANGE|CONTINUE|H15_10,LOW_RANGE,CONTINUE,H15_10,CALL,2025-01-16,75,-1196.2500000000002,60.00000000000034,106.02222427249998,-1362.2722242725004
2025-01-15,LOW_RANGE|FADE|H10_30,LOW_RANGE,FADE,H10_30,PUT,2025-01-16,75,-1305.0000000000005,60.00000000000034,105.94508025500001,-1470.945080255001
2025-01-15,LOW_RANGE|FADE|H15_10,LOW_RANGE,FADE,H15_10,PUT,2025-01-16,75,-1170.0000000000005,60.000000000000455,105.35523378500001,-1335.355233785001
2025-01-16,HIGH_RANGE|CONTINUE|H10_30,HIGH_RANGE,CONTINUE,H10_30,CALL,2025-01-16,75,-881.25,60.00000000000003,97.5094185575,-1038.7594185574999
2025-01-16,HIGH_RANGE|CONTINUE|H15_10,HIGH_RANGE,CONTINUE,H15_10,CALL,2025-01-16,75,-1691.25,52.49999999999994,95.8862496725,-1839.6362496725
2025-01-16,HIGH_RANGE|FADE|H10_30,HIGH_RANGE,FADE,H10_30,PUT,2025-01-16,75,2231.2499999999995,60.000000000000256,104.44281194749999,2066.807188052499
2025-01-16,HIGH_RANGE|FADE|H15_10,HIGH_RANGE,FADE,H15_10,PUT,2025-01-16,75,536.25,60.000000000000426,101.64780103249998,374.6021989674996
2025-01-17,MID_RANGE|CONTINUE|H10_30,MID_RANGE,CONTINUE,H10_30,PUT,2025-01-23,75,-393.75,59.99999999999869,129.5568333725,-583.3068333724987
2025-01-17,MID_RANGE|CONTINUE|H15_10,MID_RANGE,CONTINUE,H15_10,PUT,2025-01-23,75,277.49999999999915,59.99999999999872,131.53115055499998,85.96884944500044
2025-01-17,MID_RANGE|FADE|H10_30,MID_RANGE,FADE,H10_30,CALL,2025-01-23,75,562.5,59.999999999998636,133.16824913,369.3317508700014
2025-01-17,MID_RANGE|FADE|H15_10,MID_RANGE,FADE,H15_10,CALL,2025-01-23,75,-528.7500000000009,59.999999999998636,127.42082138750001,-716.1708213874996
2025-01-20,LOW_RANGE|CONTINUE|H10_30,LOW_RANGE,CONTINUE,H10_30,CALL,2025-01-23,75,416.2499999999987,59.99999999999869,134.2441304525,222.0058695475
2025-01-20,LOW_RANGE|CONTINUE|H15_10,LOW_RANGE,CONTINUE,H15_10,CALL,2025-01-23,75,2426.2499999999973,59.99999999999727,143.38261280749998,2222.8673871925002
2025-01-20,LOW_RANGE|FADE|H10_30,LOW_RANGE,FADE,H10_30,PUT,2025-01-23,75,-697.5000000000009,59.999999999999545,123.94734045499999,-881.4473404550005
2025-01-20,LOW_RANGE|FADE|H15_10,LOW_RANGE,FADE,H15_10,PUT,2025-01-23,75,-2467.5,60.000000000000455,117.15613970000001,-2644.6561397000005
2025-01-21,MID_RANGE|CONTINUE|H10_30,MID_RANGE,CONTINUE,H10_30,CALL,2025-01-23,75,-2898.750000000001,59.999999999999545,114.53832847250001,-3073.2883284725003
2025-01-21,MID_RANGE|CONTINUE|H15_10,MID_RANGE,CONTINUE,H15_10,CALL,2025-01-23,75,-5100.000000000002,59.99999999999818,108.14100665000001,-5268.14100665
2025-01-21,MID_RANGE|FADE|H10_30,MID_RANGE,FADE,H10_30,PUT,2025-01-23,75,3888.75,59.99999999999818,143.2971737375,3685.4528262625017
2025-01-21,MID_RANGE|FADE|H15_10,MID_RANGE,FADE,H15_10,PUT,2025-01-23,75,6540.0,59.99999999999818,148.23958435999998,6331.760415640002
2025-01-22,HIGH_RANGE|CONTINUE|H10_30,HIGH_RANGE,CONTINUE,H10_30,CALL,2025-01-23,75,382.49999999999955,60.00000000000088,116.32145111000001,206.1785488899987
2025-01-22,HIGH_RANGE|CONTINUE|H15_10,HIGH_RANGE,CONTINUE,H15_10,CALL,2025-01-23,75,-71.25000000000023,60.00000000000068,113.90187253250001,-245.15187253250093
2025-01-22,HIGH_RANGE|FADE|H10_30,HIGH_RANGE,FADE,H10_30,PUT,2025-01-23,75,-1087.5000000000005,60.00000000000057,109.159858985,-1256.6598589850012
2025-01-22,HIGH_RANGE|FADE|H15_10,HIGH_RANGE,FADE,H15_10,PUT,2025-01-23,75,-2388.75,60.00000000000114,105.2486596325,-2553.9986596325007
2025-01-23,MID_RANGE|CONTINUE|H10_30,MID_RANGE,CONTINUE,H10_30,PUT,2025-01-23,75,-1511.25,59.99999999999977,96.9528943775,-1668.2028943775
2025-01-23,MID_RANGE|CONTINUE|H15_10,MID_RANGE,CONTINUE,H15_10,PUT,2025-01-23,75,-1833.75,52.5,96.10994038249999,-1982.3599403825
2025-01-23,MID_RANGE|FADE|H10_30,MID_RANGE,FADE,H10_30,CALL,2025-01-23,75,6052.5,59.99999999999807,113.17350788000002,5879.326492120002
2025-01-23,MID_RANGE|FADE|H15_10,MID_RANGE,FADE,H15_10,CALL,2025-01-23,75,4143.75,60.000000000000455,108.8073264125,3974.9426735874995
2025-01-24,HIGH_RANGE|CONTINUE|H10_30,HIGH_RANGE,CONTINUE,H10_30,CALL,2025-01-30,75,-806.2499999999989,59.999999999998636,132.45211909249997,-998.7021190924975
2025-01-24,HIGH_RANGE|CONTINUE|H15_10,HIGH_RANGE,CONTINUE,H15_10,CALL,2025-01-30,75,-2654.999999999999,60.0,124.5944276,-2839.594427599999
2025-01-24,HIGH_RANGE|FADE|H10_30,HIGH_RANGE,FADE,H10_30,PUT,2025-01-30,75,704.9999999999982,59.999999999998636,138.29170275500002,506.7082972449995
2025-01-24,HIGH_RANGE|FADE|H15_10,HIGH_RANGE,FADE,H15_10,PUT,2025-01-30,75,2216.249999999998,59.999999999998636,143.2180192625,2013.0319807374995
2025-01-27,HIGH_RANGE|CONTINUE|H10_30,HIGH_RANGE,CONTINUE,H10_30,PUT,2025-01-30,75,1650.000000000001,59.99999999999727,137.99013371,1452.0098662900036
2025-01-27,HIGH_RANGE|CONTINUE|H15_10,HIGH_RANGE,CONTINUE,H15_10,PUT,2025-01-30,75,1507.5000000000007,59.999999999998636,134.456183225,1313.0438167750021
2025-01-27,HIGH_RANGE|FADE|H10_30,HIGH_RANGE,FADE,H10_30,CALL,2025-01-30,75,-1676.2499999999995,59.999999999998636,126.3205064975,-1862.5705064974982
2025-01-27,HIGH_RANGE|FADE|H15_10,HIGH_RANGE,FADE,H15_10,CALL,2025-01-30,75,-2073.75,60.000000000000455,123.3530600075,-2257.1030600075005
2025-01-28,MID_RANGE|CONTINUE|H10_30,MID_RANGE,CONTINUE,H10_30,CALL,2025-01-30,75,-221.24999999999915,59.99999999999872,127.8557905925,-409.10579059249784
2025-01-28,MID_RANGE|CONTINUE|H15_10,MID_RANGE,CONTINUE,H15_10,CALL,2025-01-30,75,1053.7499999999998,59.999999999998636,130.4680160225,863.2819839775011
2025-01-28,MID_RANGE|FADE|H10_30,MID_RANGE,FADE,H10_30,PUT,2025-01-30,75,206.25000000000114,59.99999999999886,125.8671040175,20.382895982502276
2025-01-28,MID_RANGE|FADE|H15_10,MID_RANGE,FADE,H15_10,PUT,2025-01-30,75,-1229.9999999999995,59.999999999999545,119.03908412,-1409.0390841199992
2025-01-29,HIGH_RANGE|CONTINUE|H10_30,HIGH_RANGE,CONTINUE,H10_30,CALL,2025-01-30,75,907.4999999999995,59.999999999998636,132.408363965,715.0916360350009
2025-01-29,HIGH_RANGE|CONTINUE|H15_10,HIGH_RANGE,CONTINUE,H15_10,CALL,2025-01-30,75,1736.2500000000005,59.999999999998636,135.86034115249998,1540.3896588475018
2025-01-29,HIGH_RANGE|FADE|H10_30,HIGH_RANGE,FADE,H10_30,PUT,2025-01-30,75,-607.5,59.99999999999977,120.13574818999999,-787.6357481899997
2025-01-29,HIGH_RANGE|FADE|H15_10,HIGH_RANGE,FADE,H15_10,PUT,2025-01-30,75,-1334.9999999999998,60.0,117.41259898999999,-1512.4125989899999
2025-01-30,MID_RANGE|CONTINUE|H10_30,MID_RANGE,CONTINUE,H10_30,CALL,2025-01-30,75,2336.2499999999986,59.99999999999952,119.7683044025,2156.4816955974993
2025-01-30,MID_RANGE|CONTINUE|H15_10,MID_RANGE,CONTINUE,H15_10,CALL,2025-01-30,75,-2216.2500000000005,59.999999999999545,107.1937139675,-2383.4437139675
2025-01-30,MID_RANGE|FADE|H10_30,MID_RANGE,FADE,H10_30,PUT,2025-01-30,75,-3622.5000000000005,60.00000000000091,109.98697796000002,-3792.4869779600012
2025-01-30,MID_RANGE|FADE|H15_10,MID_RANGE,FADE,H15_10,PUT,2025-01-30,75,-5587.500000000002,59.99999999999818,104.871964475,-5752.371964475
2025-01-31,LOW_RANGE|CONTINUE|H10_30,LOW_RANGE,CONTINUE,H10_30,CALL,2025-02-06,75,746.2499999999991,59.99999999999659,183.00951331250002,503.2404866875025
2025-01-31,LOW_RANGE|CONTINUE|H15_10,LOW_RANGE,CONTINUE,H15_10,CALL,2025-02-06,75,1920.0000000000016,59.99999999999659,187.01921978000001,1672.980780220005
2025-01-31,LOW_RANGE|FADE|H10_30,LOW_RANGE,FADE,H10_30,PUT,2025-02-06,75,-813.7500000000018,59.99999999999636,156.4792593275,-1030.229259327498
2025-01-31,LOW_RANGE|FADE|H15_10,LOW_RANGE,FADE,H15_10,PUT,2025-02-06,75,-1991.2500000000018,59.99999999999818,144.5725046975,-2195.8225046975
2025-02-01,LOW_RANGE|CONTINUE|H10_30,LOW_RANGE,CONTINUE,H10_30,CALL,2025-02-06,75,191.25000000000085,59.99999999999659,151.77988460749998,-20.529884607495717
2025-02-01,LOW_RANGE|CONTINUE|H15_10,LOW_RANGE,CONTINUE,H15_10,CALL,2025-02-06,75,-1927.5,59.99999999999727,134.909545745,-2122.409545744997
2025-02-01,LOW_RANGE|FADE|H10_30,LOW_RANGE,FADE,H10_30,PUT,2025-02-06,75,-401.24999999999955,59.99999999999659,143.7053510225,-604.9553510224962
2025-02-01,LOW_RANGE|FADE|H15_10,LOW_RANGE,FADE,H15_10,PUT,2025-02-06,75,705.0,59.99999999999909,139.56748817,505.4325118300009
2025-02-03,LOW_RANGE|CONTINUE|H10_30,LOW_RANGE,CONTINUE,H10_30,PUT,2025-02-06,75,262.5,59.99999999999872,123.715789955,78.78421004500127
2025-02-03,LOW_RANGE|CONTINUE|H15_10,LOW_RANGE,CONTINUE,H15_10,PUT,2025-02-06,75,-1470.000000000001,60.0,117.72358526000001,-1647.7235852600008
2025-02-03,LOW_RANGE|FADE|H10_30,LOW_RANGE,FADE,H10_30,CALL,2025-02-06,75,-686.2500000000005,59.99999999999977,116.73380327749999,-862.9838032775002
2025-02-03,LOW_RANGE|FADE|H15_10,LOW_RANGE,FADE,H15_10,CALL,2025-02-06,75,978.7500000000003,59.99999999999875,120.6157619825,798.1342380175016
2025-02-04,MID_RANGE|CONTINUE|H10_30,MID_RANGE,CONTINUE,H10_30,CALL,2025-02-06,75,776.2499999999991,60.0,121.5841897475,594.6658102524991
2025-02-04,MID_RANGE|CONTINUE|H15_10,MID_RANGE,CONTINUE,H15_10,CALL,2025-02-06,75,4702.5,60.000000000000455,130.944445595,4511.555554404999
2025-02-04,MID_RANGE|FADE|H10_30,MID_RANGE,FADE,H10_30,PUT,2025-02-06,75,659.9999999999995,60.0,119.93481960499999,480.0651803949996
2025-02-04,MID_RANGE|FADE|H15_10,MID_RANGE,FADE,H15_10,PUT,2025-02-06,75,-3513.75,60.00000000000091,106.36922432749999,-3680.119224327501
2025-02-05,HIGH_RANGE|CONTINUE|H10_30,HIGH_RANGE,CONTINUE,H10_30,CALL,2025-02-06,75,296.25000000000045,60.00000000000033,107.9521571375,128.29784286250018
2025-02-05,HIGH_RANGE|CONTINUE|H15_10,HIGH_RANGE,CONTINUE,H15_10,CALL,2025-02-06,75,-1301.2499999999998,60.00000000000034,104.8698014825,-1466.1198014825
2025-02-05,HIGH_RANGE|FADE|H10_30,HIGH_RANGE,FADE,H10_30,PUT,2025-02-06,75,-1143.7500000000005,60.00000000000034,109.9447580675,-1313.6947580675007
2025-02-05,HIGH_RANGE|FADE|H15_10,HIGH_RANGE,FADE,H15_10,PUT,2025-02-06,75,1469.9999999999995,60.00000000000034,114.35308981999998,1295.6469101799992
2025-02-06,LOW_RANGE|CONTINUE|H10_30,LOW_RANGE,CONTINUE,H10_30,CALL,2025-02-06,75,-2081.2500000000005,60.0,100.5177436325,-2241.7677436325002
2025-02-06,LOW_RANGE|CONTINUE|H15_10,LOW_RANGE,CONTINUE,H15_10,CALL,2025-02-06,75,-3273.75,52.5,98.11648432250001,-3424.3664843225
2025-02-06,LOW_RANGE|FADE|H10_30,LOW_RANGE,FADE,H10_30,PUT,2025-02-06,75,1706.250000000001,60.000000000000455,109.4516732225,1536.7983267775005
2025-02-06,LOW_RANGE|FADE|H15_10,LOW_RANGE,FADE,H15_10,PUT,2025-02-06,75,2235.0000000000005,60.000000000000455,109.265426405,2065.734573595
2025-02-07,LOW_RANGE|CONTINUE|H10_30,LOW_RANGE,CONTINUE,H10_30,CALL,2025-02-13,75,-862.5,59.999999999998636,132.22614995,-1054.7261499499987
2025-02-07,LOW_RANGE|CONTINUE|H15_10,LOW_RANGE,CONTINUE,H15_10,CALL,2025-02-13,75,-1113.7499999999995,59.999999999998636,130.2673021325,-1304.0173021324981
2025-02-07,LOW_RANGE|FADE|H10_30,LOW_RANGE,FADE,H10_30,PUT,2025-02-13,75,401.24999999999955,59.99999999999875,134.1183398675,207.1316601325008
2025-02-07,LOW_RANGE|FADE|H15_10,LOW_RANGE,FADE,H15_10,PUT,2025-02-13,75,502.5,59.999999999998636,132.504742175,309.9952578250014
2025-02-10,HIGH_RANGE|CONTINUE|H10_30,HIGH_RANGE,CONTINUE,H10_30,PUT,2025-02-13,75,952.5000000000009,59.999999999998636,127.536192455,764.9638075450023
2025-02-10,HIGH_RANGE|CONTINUE|H15_10,HIGH_RANGE,CONTINUE,H15_10,PUT,2025-02-13,75,704.9999999999999,59.999999999998636,124.53692339,520.4630766100013
2025-02-10,HIGH_RANGE|FADE|H10_30,HIGH_RANGE,FADE,H10_30,CALL,2025-02-13,75,-735.0000000000009,59.999999999998636,123.21108793999998,-918.2110879399995
2025-02-10,HIGH_RANGE|FADE|H15_10,HIGH_RANGE,FADE,H15_10,CALL,2025-02-13,75,-896.2499999999991,60.0,121.74206644249999,-1077.992066442499
2025-02-11,MID_RANGE|CONTINUE|H10_30,MID_RANGE,CONTINUE,H10_30,PUT,2025-02-13,75,303.75000000000034,60.00000000000091,118.16207795749999,125.58792204249944
2025-02-11,MID_RANGE|CONTINUE|H15_10,MID_RANGE,CONTINUE,H15_10,PUT,2025-02-13,75,4541.250000000001,60.00000000000091,133.4770679675,4347.7729320325
2025-02-11,MID_RANGE|FADE|H10_30,MID_RANGE,FADE,H10_30,CALL,2025-02-13,75,-869.9999999999995,60.0,121.37485067,-1051.3748506699994
2025-02-11,MID_RANGE|FADE|H15_10,MID_RANGE,FADE,H15_10,CALL,2025-02-13,75,-4117.499999999998,60.000000000002274,112.36818884,-4289.86818884
2025-02-12,HIGH_RANGE|CONTINUE|H10_30,HIGH_RANGE,CONTINUE,H10_30,CALL,2025-02-13,75,-2295.000000000001,59.99999999999932,112.924440605,-2467.924440605
2025-02-12,HIGH_RANGE|CONTINUE|H15_10,HIGH_RANGE,CONTINUE,H15_10,CALL,2025-02-13,75,798.7499999999993,59.999999999998636,120.3681173675,618.3818826325007
2025-02-12,HIGH_RANGE|FADE|H10_30,HIGH_RANGE,FADE,H10_30,PUT,2025-02-13,75,2235.0,59.99999999999977,115.442179835,2059.557820165
2025-02-12,HIGH_RANGE|FADE|H15_10,HIGH_RANGE,FADE,H15_10,PUT,2025-02-13,75,-1395.0,60.0,105.190336745,-1560.190336745
2025-02-13,MID_RANGE|CONTINUE|H10_30,MID_RANGE,CONTINUE,H10_30,CALL,2025-02-13,75,4293.75,59.99999999999898,115.2799180025,4118.4700819975005
2025-02-13,MID_RANGE|CONTINUE|H15_10,MID_RANGE,CONTINUE,H15_10,CALL,2025-02-13,75,-4402.500000000001,60.0,99.68125483999998,-4562.181254840001
2025-02-13,MID_RANGE|FADE|H10_30,MID_RANGE,FADE,H10_30,PUT,2025-02-13,75,-3067.5,60.0,102.57355444999999,-3230.07355445
2025-02-13,MID_RANGE|FADE|H15_10,MID_RANGE,FADE,H15_10,PUT,2025-02-13,75,-3198.75,60.0,101.3700571325,-3360.1200571325
2025-02-14,HIGH_RANGE|CONTINUE|H10_30,HIGH_RANGE,CONTINUE,H10_30,CALL,2025-02-20,75,-78.75000000000091,59.999999999998636,134.4502317725,-273.20023177249954
2025-02-14,HIGH_RANGE|CONTINUE|H15_10,HIGH_RANGE,CONTINUE,H15_10,CALL,2025-02-20,75,-1754.999999999999,59.999999999998636,127.43609682499999,-1942.4360968249978
2025-02-14,HIGH_RANGE|FADE|H10_30,HIGH_RANGE,FADE,H10_30,PUT,2025-02-20,75,-179.99999999999932,59.99999999999875,129.482728745,-369.4827287449981
2025-02-14,HIGH_RANGE|FADE|H15_10,HIGH_RANGE,FADE,H15_10,PUT,2025-02-20,75,1376.2499999999995,59.999999999998636,135.5463110525,1180.703688947501
2025-02-17,HIGH_RANGE|CONTINUE|H10_30,HIGH_RANGE,CONTINUE,H10_30,PUT,2025-02-20,75,-86.2499999999983,59.99999999999875,125.9204436575,-272.17044365749706
2025-02-17,HIGH_RANGE|CONTINUE|H15_10,HIGH_RANGE,CONTINUE,H15_10,PUT,2025-02-20,75,-1676.2499999999986,60.000000000000455,119.5372321325,-1855.7872321324992
2025-02-17,HIGH_RANGE|FADE|H10_30,HIGH_RANGE,FADE,H10_30,CALL,2025-02-20,75,37.500000000001066,59.99999999999872,133.799005265,-156.29900526499767
2025-02-17,HIGH_RANGE|FADE|H15_10,HIGH_RANGE,FADE,H15_10,CALL,2025-02-20,75,1751.2500000000005,59.99999999999818,140.6152110575,1550.6347889425024
2025-02-18,MID_RANGE|CONTINUE|H10_30,MID_RANGE,CONTINUE,H10_30,CALL,2025-02-20,75,-1031.2499999999989,60.0,121.0282414775,-1212.2782414774988
2025-02-18,MID_RANGE|CONTINUE|H15_10,MID_RANGE,CONTINUE,H15_10,CALL,2025-02-20,75,873.7499999999999,59.99999999999875,124.9847711525,688.7652288475011
2025-02-18,MID_RANGE|FADE|H10_30,MID_RANGE,FADE,H10_30,PUT,2025-02-20,75,858.7500000000002,59.99999999999886,130.11549533750002,668.6345046625013
2025-02-18,MID_RANGE|FADE|H15_10,MID_RANGE,FADE,H15_10,PUT,2025-02-20,75,-1537.5,60.0,118.96663317500001,-1716.466633175
2025-02-19,LOW_RANGE|CONTINUE|H10_30,LOW_RANGE,CONTINUE,H10_30,PUT,2025-02-20,75,-3202.5,60.0,104.8086761,-3367.3086761
2025-02-19,LOW_RANGE|CONTINUE|H15_10,LOW_RANGE,CONTINUE,H15_10,PUT,2025-02-20,75,-2407.5,60.0,105.90534461,-2573.40534461
2025-02-19,LOW_RANGE|FADE|H10_30,LOW_RANGE,FADE,H10_30,CALL,2025-02-20,75,4560.000000000001,60.00000000000091,132.576380315,4367.423619685
2025-02-19,LOW_RANGE|FADE|H15_10,LOW_RANGE,FADE,H15_10,CALL,2025-02-20,75,1766.2499999999998,59.99999999999977,118.43218564249999,1587.8178143575
2025-02-20,LOW_RANGE|CONTINUE|H10_30,LOW_RANGE,CONTINUE,H10_30,PUT,2025-02-20,75,-1916.25,60.000000000000455,100.27707940250001,-2076.5270794025005
2025-02-20,LOW_RANGE|CONTINUE|H15_10,LOW_RANGE,CONTINUE,H15_10,PUT,2025-02-20,75,-3626.25,56.25,97.24306682,-3779.74306682
2025-02-20,LOW_RANGE|FADE|H10_30,LOW_RANGE,FADE,H10_30,CALL,2025-02-20,75,783.7499999999998,60.00000000000031,105.7694824025,617.9805175974996
2025-02-20,LOW_RANGE|FADE|H15_10,LOW_RANGE,FADE,H15_10,CALL,2025-02-20,75,937.4999999999999,60.000000000000426,104.58569449999999,772.9143054999995
2025-02-21,LOW_RANGE|CONTINUE|H10_30,LOW_RANGE,CONTINUE,H10_30,PUT,2025-02-27,75,1402.4999999999995,59.999999999999545,133.75690826,1208.74309174
2025-02-21,LOW_RANGE|CONTINUE|H15_10,LOW_RANGE,CONTINUE,H15_10,PUT,2025-02-27,75,1147.4999999999986,59.999999999998636,129.262099625,958.237900375
2025-02-21,LOW_RANGE|FADE|H10_30,LOW_RANGE,FADE,H10_30,CALL,2025-02-27,75,-1162.4999999999984,59.99999999999841,123.44992676000001,-1345.9499267599967
2025-02-21,LOW_RANGE|FADE|H15_10,LOW_RANGE,FADE,H15_10,CALL,2025-02-27,75,-1338.7499999999995,60.0,121.08127762250001,-1519.8312776224996
2025-02-24,LOW_RANGE|CONTINUE|H10_30,LOW_RANGE,CONTINUE,H10_30,PUT,2025-02-27,75,453.7500000000009,59.999999999999886,120.7097122325,273.040287767501
2025-02-24,LOW_RANGE|CONTINUE|H15_10,LOW_RANGE,CONTINUE,H15_10,PUT,2025-02-27,75,-446.2499999999991,60.00000000000091,117.2754650825,-623.5254650825
2025-02-24,LOW_RANGE|FADE|H10_30,LOW_RANGE,FADE,H10_30,CALL,2025-02-27,75,-828.7500000000009,59.999999999999545,116.5182891725,-1005.2682891725004
2025-02-24,LOW_RANGE|FADE|H15_10,LOW_RANGE,FADE,H15_10,CALL,2025-02-27,75,-1226.2500000000005,59.999999999999545,114.24102167750002,-1400.4910216775
2025-02-25,LOW_RANGE|CONTINUE|H10_30,LOW_RANGE,CONTINUE,H10_30,PUT,2025-02-27,75,-840.0000000000008,60.00000000000034,104.358013955,-1004.3580139550012
2025-02-25,LOW_RANGE|CONTINUE|H15_10,LOW_RANGE,CONTINUE,H15_10,PUT,2025-02-27,75,-1331.2500000000005,60.00000000000034,103.23089081750001,-1494.480890817501
2025-02-25,LOW_RANGE|FADE|H10_30,LOW_RANGE,FADE,H10_30,CALL,2025-02-27,75,157.49999999999966,60.000000000000284,110.81638124,-13.316381240000624
2025-02-25,LOW_RANGE|FADE|H15_10,LOW_RANGE,FADE,H15_10,CALL,2025-02-27,75,-412.5000000000002,60.000000000000455,109.152601745,-581.6526017450007
2025-02-27,MID_RANGE|CONTINUE|H10_30,MID_RANGE,CONTINUE,H10_30,CALL,2025-02-27,75,-1863.75,60.00000000000003,98.1762328775,-2021.9262328775
2025-02-27,MID_RANGE|CONTINUE|H15_10,MID_RANGE,CONTINUE,H15_10,CALL,2025-02-27,75,-2891.25,60.00000000000003,96.38816695250001,-3047.6381669525
2025-02-27,MID_RANGE|FADE|H10_30,MID_RANGE,FADE,H10_30,PUT,2025-02-27,75,-37.499999999999886,59.99999999999992,97.87332252499999,-195.3733225249998
2025-02-27,MID_RANGE|FADE|H15_10,MID_RANGE,FADE,H15_10,PUT,2025-02-27,75,-1402.4999999999998,60.000000000000256,95.60087987,-1558.10087987
2025-02-28,LOW_RANGE|CONTINUE|H10_30,LOW_RANGE,CONTINUE,H10_30,PUT,2025-03-06,75,697.4999999999998,60.00000000000091,116.92737393499999,520.5726260649989
2025-02-28,LOW_RANGE|CONTINUE|H15_10,LOW_RANGE,CONTINUE,H15_10,PUT,2025-03-06,75,3108.749999999998,60.0,128.3693428025,2920.3806571974983
2025-02-28,LOW_RANGE|FADE|H10_30,LOW_RANGE,FADE,H10_30,CALL,2025-03-06,75,-944.9999999999995,59.999999999998636,129.195361805,-1134.1953618049981
2025-02-28,LOW_RANGE|FADE|H15_10,LOW_RANGE,FADE,H15_10,CALL,2025-03-06,75,-3277.4999999999995,59.999999999999545,121.65728621,-3459.1572862099993
2025-03-03,HIGH_RANGE|CONTINUE|H10_30,HIGH_RANGE,CONTINUE,H10_30,CALL,2025-03-06,75,-1886.2500000000005,60.0,121.26191644250002,-2067.5119164425005
2025-03-03,HIGH_RANGE|CONTINUE|H15_10,HIGH_RANGE,CONTINUE,H15_10,CALL,2025-03-06,75,-1466.2499999999998,60.0,121.72356212749999,-1647.9735621274997
2025-03-03,HIGH_RANGE|FADE|H10_30,HIGH_RANGE,FADE,H10_30,PUT,2025-03-06,75,1544.9999999999998,60.0,119.40894842,1365.5910515799997
2025-03-03,HIGH_RANGE|FADE|H15_10,HIGH_RANGE,FADE,H15_10,PUT,2025-03-06,75,813.7500000000001,60.00000000000091,116.3110049525,637.4389950474992
2025-03-04,MID_RANGE|CONTINUE|H10_30,MID_RANGE,CONTINUE,H10_30,PUT,2025-03-06,75,-982.5000000000005,60.00000000000057,108.54849100999999,-1151.0484910100008
2025-03-04,MID_RANGE|CONTINUE|H15_10,MID_RANGE,CONTINUE,H15_10,PUT,2025-03-06,75,-1151.25,60.000000000000455,107.9193841175,-1319.1693841175004
2025-03-04,MID_RANGE|FADE|H10_30,MID_RANGE,FADE,H10_30,CALL,2025-03-06,75,1012.5,59.99999999999977,120.231269195,832.2687308050002
2025-03-04,MID_RANGE|FADE|H15_10,MID_RANGE,FADE,H15_10,CALL,2025-03-06,75,1237.5000000000005,59.999999999999744,119.977875935,1057.522124065001
2025-03-05,HIGH_RANGE|CONTINUE|H10_30,HIGH_RANGE,CONTINUE,H10_30,PUT,2025-03-06,75,-1109.9999999999998,60.00000000000034,107.28755464999999,-1277.28755465
2025-03-05,HIGH_RANGE|CONTINUE|H15_10,HIGH_RANGE,CONTINUE,H15_10,PUT,2025-03-06,75,-2531.25,60.000000000000455,104.0710778375,-2695.3210778375
2025-03-05,HIGH_RANGE|FADE|H10_30,HIGH_RANGE,FADE,H10_30,CALL,2025-03-06,75,1657.499999999999,60.00000000000034,111.62056779500001,1485.8794322049987
2025-03-05,HIGH_RANGE|FADE|H15_10,HIGH_RANGE,FADE,H15_10,CALL,2025-03-06,75,4110.0,60.0,118.080488075,3931.9195119249994
2025-03-06,MID_RANGE|CONTINUE|H10_30,MID_RANGE,CONTINUE,H10_30,CALL,2025-03-06,75,247.49999999999972,60.000000000000455,102.25719407,85.24280592999926
2025-03-06,MID_RANGE|CONTINUE|H15_10,MID_RANGE,CONTINUE,H15_10,CALL,2025-03-06,75,11220.0,60.0,117.039188855,11042.960811145
2025-03-06,MID_RANGE|FADE|H10_30,MID_RANGE,FADE,H10_30,PUT,2025-03-06,75,-2096.25,60.000000000000455,102.84592280749999,-2259.0959228075003
2025-03-06,MID_RANGE|FADE|H15_10,MID_RANGE,FADE,H15_10,PUT,2025-03-06,75,-4657.500000000001,52.49999999999909,98.43183353,-4808.43183353
2025-03-07,MID_RANGE|CONTINUE|H10_30,MID_RANGE,CONTINUE,H10_30,PUT,2025-03-13,75,-1110.0000000000005,59.99999999999977,122.10200277500002,-1292.1020027750003
2025-03-07,MID_RANGE|CONTINUE|H15_10,MID_RANGE,CONTINUE,H15_10,PUT,2025-03-13,75,-948.7500000000005,60.0,121.89089156749999,-1130.6408915675004
2025-03-07,MID_RANGE|FADE|H10_30,MID_RANGE,FADE,H10_30,CALL,2025-03-13,75,1173.7500000000005,59.999999999998636,128.7763682675,984.9736317325019
2025-03-07,MID_RANGE|FADE|H15_10,MID_RANGE,FADE,H15_10,CALL,2025-03-13,75,802.4999999999991,59.99999999999872,125.832110285,616.6678897150005
2025-03-10,LOW_RANGE|CONTINUE|H10_30,LOW_RANGE,CONTINUE,H10_30,PUT,2025-03-13,75,-813.7499999999995,59.99999999999977,120.58298008249999,-994.3329800824993
2025-03-10,LOW_RANGE|CONTINUE|H15_10,LOW_RANGE,CONTINUE,H15_10,PUT,2025-03-13,75,1852.499999999999,59.999999999998636,129.65282516,1662.8471748400004
2025-03-10,LOW_RANGE|FADE|H10_30,LOW_RANGE,FADE,H10_30,CALL,2025-03-13,75,705.0000000000005,59.999999999999716,117.753649025,527.2463509750007
2025-03-10,LOW_RANGE|FADE|H15_10,LOW_RANGE,FADE,H15_10,CALL,2025-03-13,75,-2051.250000000001,60.00000000000068,109.9159393625,-2221.1659393625014
2025-03-11,MID_RANGE|CONTINUE|H10_30,MID_RANGE,CONTINUE,H10_30,PUT,2025-03-13,75,-1338.75,60.00000000000057,112.8409587125,-1511.5909587125004
2025-03-11,MID_RANGE|CONTINUE|H15_10,MID_RANGE,CONTINUE,H15_10,PUT,2025-03-13,75,-2662.5,60.00000000000023,109.00250492,-2831.50250492
2025-03-11,MID_RANGE|FADE|H10_30,MID_RANGE,FADE,H10_30,CALL,2025-03-13,75,1747.500000000001,60.0,120.80386085,1566.6961391500008
2025-03-11,MID_RANGE|FADE|H15_10,MID_RANGE,FADE,H15_10,CALL,2025-03-13,75,3386.25,59.999999999999545,125.49224014250001,3200.7577598575003
2025-03-12,HIGH_RANGE|CONTINUE|H10_30,HIGH_RANGE,CONTINUE,H10_30,CALL,2025-03-13,75,-1822.5,60.00000000000034,107.22085234999999,-1989.7208523500005
2025-03-12,HIGH_RANGE|CONTINUE|H15_10,HIGH_RANGE,CONTINUE,H15_10,CALL,2025-03-13,75,101.25000000000011,60.00000000000034,110.53464005750001,-69.28464005750024
2025-03-12,HIGH_RANGE|FADE|H10_30,HIGH_RANGE,FADE,H10_30,PUT,2025-03-13,75,705.0000000000005,60.00000000000035,111.49323753499999,533.5067624650001
2025-03-12,HIGH_RANGE|FADE|H15_10,HIGH_RANGE,FADE,H15_10,PUT,2025-03-13,75,-2130.0,60.000000000000455,105.31489558999999,-2295.3148955900006
2025-03-13,LOW_RANGE|CONTINUE|H10_30,LOW_RANGE,CONTINUE,H10_30,CALL,2025-03-13,75,4560.0,60.00000000000094,107.674164455,4392.325835544999
2025-03-13,LOW_RANGE|CONTINUE|H15_10,LOW_RANGE,CONTINUE,H15_10,CALL,2025-03-13,75,-2797.5,56.25000000000006,96.28905284749999,-2950.0390528475
2025-03-13,LOW_RANGE|FADE|H10_30,LOW_RANGE,FADE,H10_30,PUT,2025-03-13,75,-1713.75,60.0,97.0498840175,-1870.7998840175
2025-03-13,LOW_RANGE|FADE|H15_10,LOW_RANGE,FADE,H15_10,PUT,2025-03-13,75,1882.5000000000002,60.000000000000455,101.87895623,1720.6210437699997
2025-03-17,MID_RANGE|CONTINUE|H10_30,MID_RANGE,CONTINUE,H10_30,PUT,2025-03-20,75,1376.249999999999,59.999999999999545,118.7728700225,1197.4771299774995
2025-03-17,MID_RANGE|CONTINUE|H15_10,MID_RANGE,CONTINUE,H15_10,PUT,2025-03-20,75,836.2499999999999,60.00000000000091,116.44043303749997,659.809566962499
2025-03-17,MID_RANGE|FADE|H10_30,MID_RANGE,FADE,H10_30,CALL,2025-03-20,75,-1530.000000000001,59.999999999999545,114.74553864500001,-1704.7455386450006
2025-03-17,MID_RANGE|FADE|H15_10,MID_RANGE,FADE,H15_10,CALL,2025-03-20,75,-1053.750000000001,59.99999999999977,115.82355775250001,-1229.5735577525006
2025-03-18,LOW_RANGE|CONTINUE|H10_30,LOW_RANGE,CONTINUE,H10_30,CALL,2025-03-20,75,2013.7500000000007,59.999999999998636,125.39824105250001,1828.351758947502
2025-03-18,LOW_RANGE|CONTINUE|H15_10,LOW_RANGE,CONTINUE,H15_10,CALL,2025-03-20,75,4110.0,59.99999999999909,131.410005635,3918.589994365001
2025-03-18,LOW_RANGE|FADE|H10_30,LOW_RANGE,FADE,H10_30,PUT,2025-03-20,75,-1417.500000000001,60.00000000000057,110.54748309500002,-1588.0474830950016
2025-03-18,LOW_RANGE|FADE|H15_10,LOW_RANGE,FADE,H15_10,PUT,2025-03-20,75,-2955.000000000001,60.000000000000455,106.24632804500001,-3121.2463280450015
2025-03-19,LOW_RANGE|CONTINUE|H10_30,LOW_RANGE,CONTINUE,H10_30,CALL,2025-03-20,75,1743.75,59.999999999999886,113.37390352249999,1570.3760964775
2025-03-19,LOW_RANGE|CONTINUE|H15_10,LOW_RANGE,CONTINUE,H15_10,CALL,2025-03-20,75,2306.2500000000014,59.99999999999966,114.7970143475,2131.452985652502
2025-03-19,LOW_RANGE|FADE|H10_30,LOW_RANGE,FADE,H10_30,PUT,2025-03-20,75,-1616.25,60.00000000000034,106.86425002249999,-1783.1142500225005
2025-03-19,LOW_RANGE|FADE|H15_10,LOW_RANGE,FADE,H15_10,PUT,2025-03-20,75,-2193.75,60.00000000000034,105.70575289249999,-2359.4557528925006
2025-03-20,LOW_RANGE|CONTINUE|H10_30,LOW_RANGE,CONTINUE,H10_30,CALL,2025-03-20,75,-776.25,60.0000000000004,102.5798271575,-938.8298271575004
2025-03-20,LOW_RANGE|CONTINUE|H15_10,LOW_RANGE,CONTINUE,H15_10,CALL,2025-03-20,75,7065.0,59.999999999999886,113.134736,6891.865264
2025-03-20,LOW_RANGE|FADE|H10_30,LOW_RANGE,FADE,H10_30,PUT,2025-03-20,75,-371.2500000000003,60.000000000000455,101.3401221275,-532.5901221275008
2025-03-20,LOW_RANGE|FADE|H15_10,LOW_RANGE,FADE,H15_10,PUT,2025-03-20,75,-2685.0000000000005,56.249999999999886,97.14533842250002,-2838.3953384225006
2025-03-21,MID_RANGE|CONTINUE|H10_30,MID_RANGE,CONTINUE,H10_30,PUT,2025-03-27,75,-1875.0000000000005,60.00000000000068,114.215695385,-2049.2156953850013
2025-03-21,MID_RANGE|CONTINUE|H15_10,MID_RANGE,CONTINUE,H15_10,PUT,2025-03-27,75,-2703.75,60.00000000000023,112.18590521750001,-2875.9359052175
2025-03-21,MID_RANGE|FADE|H10_30,MID_RANGE,FADE,H10_30,CALL,2025-03-27,75,2238.7499999999995,59.999999999999545,128.9931185525,2049.7568814475
2025-03-21,MID_RANGE|FADE|H15_10,MID_RANGE,FADE,H15_10,CALL,2025-03-27,75,3273.749999999999,59.99999999999909,133.8313696625,3079.9186303375
2025-03-24,MID_RANGE|CONTINUE|H10_30,MID_RANGE,CONTINUE,H10_30,CALL,2025-03-27,75,2010.000000000001,59.999999999998636,131.339630315,1818.6603696850023
2025-03-24,MID_RANGE|CONTINUE|H15_10,MID_RANGE,CONTINUE,H15_10,CALL,2025-03-27,75,3877.499999999999,59.99999999999727,141.071293145,3676.428706855002
2025-03-24,MID_RANGE|FADE|H10_30,MID_RANGE,FADE,H10_30,PUT,2025-03-27,75,-1485.0,60.000000000000455,113.81226746,-1658.8122674600004
2025-03-24,MID_RANGE|FADE|H15_10,MID_RANGE,FADE,H15_10,PUT,2025-03-27,75,-2820.0,60.00000000000023,110.327389925,-2990.327389925
2025-03-25,MID_RANGE|CONTINUE|H10_30,MID_RANGE,CONTINUE,H10_30,CALL,2025-03-27,75,1237.5,59.999999999998636,127.45830079999999,1050.0416992000014
2025-03-25,MID_RANGE|CONTINUE|H15_10,MID_RANGE,CONTINUE,H15_10,CALL,2025-03-27,75,-1140.0,60.0,117.67449011,-1317.67449011
2025-03-25,MID_RANGE|FADE|H10_30,MID_RANGE,FADE,H10_30,PUT,2025-03-27,75,-1597.5000000000005,59.99999999999977,118.198553645,-1775.6985536450002
2025-03-25,MID_RANGE|FADE|H15_10,MID_RANGE,FADE,H15_10,PUT,2025-03-27,75,-243.75,59.99999999999977,120.3086811875,-424.05868118749976
2025-03-26,HIGH_RANGE|CONTINUE|H10_30,HIGH_RANGE,CONTINUE,H10_30,CALL,2025-03-27,75,-307.5000000000001,60.00000000000034,110.61874226,-478.11874226000043
2025-03-26,HIGH_RANGE|CONTINUE|H15_10,HIGH_RANGE,CONTINUE,H15_10,CALL,2025-03-27,75,-3416.25,60.0,104.0392286225,-3580.2892286225
2025-03-26,HIGH_RANGE|FADE|H10_30,HIGH_RANGE,FADE,H10_30,PUT,2025-03-27,75,-521.2499999999991,60.00000000000068,112.1429199275,-693.3929199274997
2025-03-26,HIGH_RANGE|FADE|H15_10,HIGH_RANGE,FADE,H15_10,PUT,2025-03-27,75,3896.25,59.99999999999932,123.50173703749999,3712.748262962501
2025-03-27,HIGH_RANGE|CONTINUE|H10_30,HIGH_RANGE,CONTINUE,H10_30,PUT,2025-03-27,75,-2422.5000000000005,59.999999999999886,100.230236045,-2582.730236045
2025-03-27,HIGH_RANGE|CONTINUE|H15_10,HIGH_RANGE,CONTINUE,H15_10,PUT,2025-03-27,75,-3060.0,60.0,98.31063089,-3218.31063089
2025-03-27,HIGH_RANGE|FADE|H10_30,HIGH_RANGE,FADE,H10_30,CALL,2025-03-27,75,2598.75,60.0000000000004,108.6505793375,2430.0994206624996
2025-03-27,HIGH_RANGE|FADE|H15_10,HIGH_RANGE,FADE,H15_10,CALL,2025-03-27,75,-667.4999999999995,60.000000000000455,102.90097385,-830.40097385
2025-03-28,HIGH_RANGE|CONTINUE|H10_30,HIGH_RANGE,CONTINUE,H10_30,CALL,2025-04-03,75,641.2499999999998,59.999999999998636,132.2060319125,449.0439680875011
2025-03-28,HIGH_RANGE|CONTINUE|H15_10,HIGH_RANGE,CONTINUE,H15_10,CALL,2025-04-03,75,-1170.0,59.999999999999545,122.89554036499997,-1352.8955403649995
2025-03-28,HIGH_RANGE|FADE|H10_30,HIGH_RANGE,FADE,H10_30,PUT,2025-04-03,75,-794.9999999999995,59.99999999999977,120.45612948499999,-975.4561294849993
2025-03-28,HIGH_RANGE|FADE|H15_10,HIGH_RANGE,FADE,H15_10,PUT,2025-04-03,75,-153.74999999999977,59.99999999999977,120.4847897825,-334.23478978249955
2025-04-01,MID_RANGE|CONTINUE|H10_30,MID_RANGE,CONTINUE,H10_30,PUT,2025-04-03,75,3157.5000000000005,59.999999999999545,127.8317804,2969.668219600001
2025-04-01,MID_RANGE|CONTINUE|H15_10,MID_RANGE,CONTINUE,H15_10,PUT,2025-04-03,75,6427.499999999999,59.99999999999727,139.854073385,6227.645926615001
2025-04-01,MID_RANGE|FADE|H10_30,MID_RANGE,FADE,H10_30,CALL,2025-04-03,75,-2805.0,59.99999999999977,106.012331825,-2971.012331825
2025-04-01,MID_RANGE|FADE|H15_10,MID_RANGE,FADE,H15_10,CALL,2025-04-03,75,-4222.500000000001,59.99999999999909,103.11487724,-4385.61487724
2025-04-02,MID_RANGE|CONTINUE|H10_30,MID_RANGE,CONTINUE,H10_30,CALL,2025-04-03,75,-569.9999999999993,60.00000000000034,112.12973343499999,-742.1297334349995
2025-04-02,MID_RANGE|CONTINUE|H15_10,MID_RANGE,CONTINUE,H15_10,CALL,2025-04-03,75,408.75000000000045,60.00000000000031,114.0370714625,234.71292853750018
2025-04-02,MID_RANGE|FADE|H10_30,MID_RANGE,FADE,H10_30,PUT,2025-04-03,75,-318.75,60.00000000000057,109.6965331025,-488.44653310250055
2025-04-02,MID_RANGE|FADE|H15_10,MID_RANGE,FADE,H15_10,PUT,2025-04-03,75,-1635.0000000000002,60.000000000000455,106.08480497,-1801.0848049700007
2025-04-03,LOW_RANGE|CONTINUE|H10_30,LOW_RANGE,CONTINUE,H10_30,PUT,2025-04-03,75,-2182.5,60.0,99.26605276999999,-2341.76605277
2025-04-03,LOW_RANGE|CONTINUE|H15_10,LOW_RANGE,CONTINUE,H15_10,PUT,2025-04-03,75,-2973.75,60.00000000000034,97.55422481750001,-3131.3042248175007
2025-04-03,LOW_RANGE|FADE|H10_30,LOW_RANGE,FADE,H10_30,CALL,2025-04-03,75,716.2499999999998,60.00000000000048,101.79087307249998,554.4591269274994
2025-04-03,LOW_RANGE|FADE|H15_10,LOW_RANGE,FADE,H15_10,CALL,2025-04-03,75,-2542.5,60.00000000000051,96.644454515,-2699.1444545150007
2025-04-04,HIGH_RANGE|CONTINUE|H10_30,HIGH_RANGE,CONTINUE,H10_30,PUT,2025-04-09,75,2006.25,59.999999999998636,132.8192563775,1813.4307436225013
2025-04-04,HIGH_RANGE|CONTINUE|H15_10,HIGH_RANGE,CONTINUE,H15_10,PUT,2025-04-09,75,3101.2499999999995,59.999999999998636,134.2217695025,2907.0282304975008
2025-04-04,HIGH_RANGE|FADE|H10_30,HIGH_RANGE,FADE,H10_30,CALL,2025-04-09,75,-2193.7499999999995,59.999999999999545,118.58909413250001,-2372.339094132499
2025-04-04,HIGH_RANGE|FADE|H15_10,HIGH_RANGE,FADE,H15_10,CALL,2025-04-09,75,-3787.4999999999995,60.000000000000455,113.650651145,-3961.150651145
2025-04-07,HIGH_RANGE|CONTINUE|H10_30,HIGH_RANGE,CONTINUE,H10_30,PUT,2025-04-09,75,2114.999999999999,59.99999999999636,165.23721208999999,1889.7627879100028
2025-04-07,HIGH_RANGE|CONTINUE|H15_10,HIGH_RANGE,CONTINUE,H15_10,PUT,2025-04-09,75,708.7499999999991,59.99999999999636,159.4764394475,489.2735605525027
2025-04-07,HIGH_RANGE|FADE|H10_30,HIGH_RANGE,FADE,H10_30,CALL,2025-04-09,75,-2295.0,59.99999999999636,156.16868612,-2511.1686861199964
2025-04-07,HIGH_RANGE|FADE|H15_10,HIGH_RANGE,FADE,H15_10,CALL,2025-04-09,75,-243.75,59.99999999999636,174.9652803875,-478.71528038749636
2025-04-08,HIGH_RANGE|CONTINUE|H10_30,HIGH_RANGE,CONTINUE,H10_30,CALL,2025-04-09,75,-2051.2500000000005,59.999999999999545,118.3235743925,-2229.5735743925
2025-04-08,HIGH_RANGE|CONTINUE|H15_10,HIGH_RANGE,CONTINUE,H15_10,CALL,2025-04-09,75,584.9999999999998,59.99999999999875,127.539214085,397.460785915001
2025-04-08,HIGH_RANGE|FADE|H10_30,HIGH_RANGE,FADE,H10_30,PUT,2025-04-09,75,1653.7499999999977,59.999999999997726,136.9985129975,1456.7514870025
2025-04-08,HIGH_RANGE|FADE|H15_10,HIGH_RANGE,FADE,H15_10,PUT,2025-04-09,75,33.75000000000021,59.99999999999872,129.3667950875,-155.61679508749853
2025-04-09,HIGH_RANGE|CONTINUE|H10_30,HIGH_RANGE,CONTINUE,H10_30,PUT,2025-04-09,75,-3337.5,60.0,102.88878077,-3500.38878077
2025-04-09,HIGH_RANGE|CONTINUE|H15_10,HIGH_RANGE,CONTINUE,H15_10,PUT,2025-04-09,75,-4402.5,60.0,100.71303758,-4563.21303758
2025-04-09,HIGH_RANGE|FADE|H10_30,HIGH_RANGE,FADE,H10_30,CALL,2025-04-09,75,-1578.75,60.000000000000455,105.99008488249999,-1744.7400848825005
2025-04-09,HIGH_RANGE|FADE|H15_10,HIGH_RANGE,FADE,H15_10,CALL,2025-04-09,75,-915.0,60.000000000000455,105.95994263,-1080.9599426300006
2025-04-11,LOW_RANGE|CONTINUE|H10_30,LOW_RANGE,CONTINUE,H10_30,CALL,2025-04-17,75,480.00000000000045,59.99999999999659,151.81884153500002,268.1811584650038
2025-04-11,LOW_RANGE|CONTINUE|H15_10,LOW_RANGE,CONTINUE,H15_10,CALL,2025-04-17,75,633.7499999999991,59.99999999999636,153.5212567025,420.2287432975027
2025-04-11,LOW_RANGE|FADE|H10_30,LOW_RANGE,FADE,H10_30,PUT,2025-04-17,75,-404.9999999999982,59.9999999999967,144.25776692,-609.2577669199949
2025-04-11,LOW_RANGE|FADE|H15_10,LOW_RANGE,FADE,H15_10,PUT,2025-04-17,75,-198.75000000000043,59.99999999999659,146.0553596375,-404.8053596374971
2025-04-15,MID_RANGE|CONTINUE|H10_30,MID_RANGE,CONTINUE,H10_30,CALL,2025-04-17,75,180.00000000000045,59.99999999999977,119.799620675,0.20037932500068223
2025-04-15,MID_RANGE|CONTINUE|H15_10,MID_RANGE,CONTINUE,H15_10,CALL,2025-04-17,75,-1214.9999999999995,59.999999999999545,114.98197170499999,-1389.981971704999
2025-04-15,MID_RANGE|FADE|H10_30,MID_RANGE,FADE,H10_30,PUT,2025-04-17,75,-757.4999999999995,60.0,119.92356809,-937.4235680899995
2025-04-15,MID_RANGE|FADE|H15_10,MID_RANGE,FADE,H15_10,PUT,2025-04-17,75,-663.75,60.0,118.41090547249999,-842.1609054725
2025-04-16,LOW_RANGE|CONTINUE|H10_30,LOW_RANGE,CONTINUE,H10_30,CALL,2025-04-17,75,-348.7499999999997,60.00000000000035,101.85298298750001,-510.6029829875001
2025-04-16,LOW_RANGE|CONTINUE|H15_10,LOW_RANGE,CONTINUE,H15_10,CALL,2025-04-17,75,2291.25,60.000000000000455,108.2922966875,2122.9577033124997
2025-04-16,LOW_RANGE|FADE|H10_30,LOW_RANGE,FADE,H10_30,PUT,2025-04-17,75,1034.9999999999998,60.00000000000034,112.601412215,862.3985877849994
2025-04-16,LOW_RANGE|FADE|H15_10,LOW_RANGE,FADE,H15_10,PUT,2025-04-17,75,-1698.7500000000002,60.00000000000034,107.47258748750001,-1866.2225874875005
2025-04-17,LOW_RANGE|CONTINUE|H10_30,LOW_RANGE,CONTINUE,H10_30,PUT,2025-04-17,75,-1706.2500000000002,60.00000000000003,99.39594719749999,-1865.6459471975002
2025-04-17,LOW_RANGE|CONTINUE|H15_10,LOW_RANGE,CONTINUE,H15_10,PUT,2025-04-17,75,-3232.5000000000005,56.25,96.78219985250001,-3385.5321998525005
2025-04-17,LOW_RANGE|FADE|H10_30,LOW_RANGE,FADE,H10_30,CALL,2025-04-17,75,4166.25,60.00000000000091,109.6408765025,3996.6091234974992
2025-04-17,LOW_RANGE|FADE|H15_10,LOW_RANGE,FADE,H15_10,CALL,2025-04-17,75,12127.5,60.00000000000364,167.14432797499995,11900.355672024996
2025-04-21,LOW_RANGE|CONTINUE|H10_30,LOW_RANGE,CONTINUE,H10_30,CALL,2025-04-24,75,1972.5,59.999999999998636,132.92488896499998,1779.5751110350013
2025-04-21,LOW_RANGE|CONTINUE|H15_10,LOW_RANGE,CONTINUE,H15_10,CALL,2025-04-24,75,3660.0000000000005,59.999999999998636,135.91146452,3464.0885354800016
2025-04-21,LOW_RANGE|FADE|H10_30,LOW_RANGE,FADE,H10_30,PUT,2025-04-24,75,-2280.0000000000014,59.999999999999545,125.759284805,-2465.759284805001
2025-04-21,LOW_RANGE|FADE|H15_10,LOW_RANGE,FADE,H15_10,PUT,2025-04-24,75,-3885.0,60.00000000000091,120.365723495,-4065.365723495001
2025-04-22,MID_RANGE|CONTINUE|H10_30,MID_RANGE,CONTINUE,H10_30,CALL,2025-04-24,75,1121.250000000001,60.00000000000091,115.7490489425,945.5009510575001
2025-04-22,MID_RANGE|CONTINUE|H15_10,MID_RANGE,CONTINUE,H15_10,CALL,2025-04-24,75,900.0000000000006,60.00000000000088,114.03481079,725.9651892099996
2025-04-22,MID_RANGE|FADE|H10_30,MID_RANGE,FADE,H10_30,PUT,2025-04-24,75,-1271.2500000000002,60.00000000000091,113.65450477249999,-1444.9045047725012
2025-04-22,MID_RANGE|FADE|H15_10,MID_RANGE,FADE,H15_10,PUT,2025-04-24,75,-1301.25,60.000000000000455,112.97766179750002,-1474.2276617975006
2025-04-23,LOW_RANGE|CONTINUE|H10_30,LOW_RANGE,CONTINUE,H10_30,CALL,2025-04-24,75,-960.0,60.00000000000034,106.66315414999998,-1126.6631541500005
2025-04-23,LOW_RANGE|CONTINUE|H15_10,LOW_RANGE,CONTINUE,H15_10,CALL,2025-04-24,75,-273.7499999999996,60.00000000000034,107.80119422749999,-441.55119422749993
2025-04-23,LOW_RANGE|FADE|H10_30,LOW_RANGE,FADE,H10_30,PUT,2025-04-24,75,915.0000000000005,60.000000000000625,114.10482933499999,740.8951706649999
2025-04-23,LOW_RANGE|FADE|H15_10,LOW_RANGE,FADE,H15_10,PUT,2025-04-24,75,-2321.2499999999995,60.000000000000455,106.9127293025,-2488.1627293025
2025-04-24,LOW_RANGE|CONTINUE|H10_30,LOW_RANGE,CONTINUE,H10_30,PUT,2025-04-24,75,-671.25,60.0,98.35721959249999,-829.6072195925
2025-04-24,LOW_RANGE|CONTINUE|H15_10,LOW_RANGE,CONTINUE,H15_10,PUT,2025-04-24,75,-1132.5,60.000000000000114,97.00064378,-1289.50064378
2025-04-24,LOW_RANGE|FADE|H10_30,LOW_RANGE,FADE,H10_30,CALL,2025-04-24,75,435.00000000000006,60.000000000000355,102.313274045,272.6867259549997
2025-04-24,LOW_RANGE|FADE|H15_10,LOW_RANGE,FADE,H15_10,CALL,2025-04-24,75,-2422.4999999999995,60.00000000000034,97.00242923,-2579.50242923
2025-04-25,HIGH_RANGE|CONTINUE|H10_30,HIGH_RANGE,CONTINUE,H10_30,CALL,2025-04-30,75,-4421.25,60.0,119.6559801725,-4600.9059801725
2025-04-25,HIGH_RANGE|CONTINUE|H15_10,HIGH_RANGE,CONTINUE,H15_10,CALL,2025-04-30,75,-3671.25,59.99999999999909,121.0027123775,-3852.252712377499
2025-04-25,HIGH_RANGE|FADE|H10_30,HIGH_RANGE,FADE,H10_30,PUT,2025-04-30,75,5246.25,59.99999999999818,163.9707520925,5022.2792479075015
2025-04-25,HIGH_RANGE|FADE|H15_10,HIGH_RANGE,FADE,H15_10,PUT,2025-04-30,75,3735.000000000001,59.99999999999727,147.31139266999998,3527.688607330004
2025-04-28,HIGH_RANGE|CONTINUE|H10_30,HIGH_RANGE,CONTINUE,H10_30,PUT,2025-04-30,75,-2092.5,60.00000000000091,114.124150895,-2266.624150895001
2025-04-28,HIGH_RANGE|CONTINUE|H15_10,HIGH_RANGE,CONTINUE,H15_10,PUT,2025-04-30,75,-3026.25,60.0,111.7994330525,-3198.0494330525
2025-04-28,HIGH_RANGE|FADE|H10_30,HIGH_RANGE,FADE,H10_30,CALL,2025-04-30,75,2726.25,59.99999999999841,127.42393625749999,2538.826063742502
2025-04-28,HIGH_RANGE|FADE|H15_10,HIGH_RANGE,FADE,H15_10,CALL,2025-04-30,75,4260.0,59.999999999998636,131.99167549999999,4068.008324500002
2025-04-29,LOW_RANGE|CONTINUE|H10_30,LOW_RANGE,CONTINUE,H10_30,CALL,2025-04-30,75,-2411.25,60.00000000000034,104.4220810475,-2575.6720810475003
2025-04-29,LOW_RANGE|CONTINUE|H15_10,LOW_RANGE,CONTINUE,H15_10,CALL,2025-04-30,75,-3296.25,59.99999999999977,102.33363785750001,-3458.5836378575
2025-04-29,LOW_RANGE|FADE|H10_30,LOW_RANGE,FADE,H10_30,PUT,2025-04-30,75,2553.7499999999995,59.99999999999977,116.30438134250001,2377.4456186575
2025-04-29,LOW_RANGE|FADE|H15_10,LOW_RANGE,FADE,H15_10,PUT,2025-04-30,75,2062.5,60.00000000000034,112.88363306,1889.6163669399996
2025-04-30,MID_RANGE|CONTINUE|H10_30,MID_RANGE,CONTINUE,H10_30,PUT,2025-04-30,75,187.49999999999986,60.000000000000455,101.063852735,26.436147264999406
2025-04-30,MID_RANGE|CONTINUE|H15_10,MID_RANGE,CONTINUE,H15_10,PUT,2025-04-30,75,-2553.75,60.00000000000051,96.5309399375,-2710.2809399375005
2025-04-30,MID_RANGE|FADE|H10_30,MID_RANGE,FADE,H10_30,CALL,2025-04-30,75,-911.25,59.9999999999998,97.21600835749999,-1068.4660083574997
2025-04-30,MID_RANGE|FADE|H15_10,MID_RANGE,FADE,H15_10,CALL,2025-04-30,75,127.50000000000006,59.999999999999886,98.38558083500001,-30.885580834999843
2025-05-02,MID_RANGE|CONTINUE|H10_30,MID_RANGE,CONTINUE,H10_30,PUT,2025-05-08,75,337.5,59.999999999998636,131.74848119,145.75151881000136
2025-05-02,MID_RANGE|CONTINUE|H15_10,MID_RANGE,CONTINUE,H15_10,PUT,2025-05-08,75,3224.999999999998,59.99999999999727,142.720795055,3022.279204945001
2025-05-02,MID_RANGE|FADE|H10_30,MID_RANGE,FADE,H10_30,CALL,2025-05-08,75,-446.2500000000002,59.999999999998636,140.7345794075,-646.9845794074988
2025-05-02,MID_RANGE|FADE|H15_10,MID_RANGE,FADE,H15_10,CALL,2025-05-08,75,-4046.25,60.0,125.8612354925,-4232.1112354925
2025-05-05,LOW_RANGE|CONTINUE|H10_30,LOW_RANGE,CONTINUE,H10_30,CALL,2025-05-08,75,1394.9999999999995,59.99999999999861,123.08686811000001,1211.9131318900008
2025-05-05,LOW_RANGE|CONTINUE|H15_10,LOW_RANGE,CONTINUE,H15_10,CALL,2025-05-08,75,-168.74999999999955,59.999999999999545,117.13816388750001,-345.8881638874991
2025-05-05,LOW_RANGE|FADE|H10_30,LOW_RANGE,FADE,H10_30,PUT,2025-05-08,75,-1597.4999999999998,60.0,119.411595515,-1776.9115955149998
2025-05-05,LOW_RANGE|FADE|H15_10,LOW_RANGE,FADE,H15_10,PUT,2025-05-08,75,-1196.249999999999,60.0,119.6027160125,-1375.852716012499
2025-05-06,MID_RANGE|CONTINUE|H10_30,MID_RANGE,CONTINUE,H10_30,CALL,2025-05-08,75,-1788.7500000000005,60.00000000000034,104.7588510725,-1953.5088510725009
2025-05-06,MID_RANGE|CONTINUE|H15_10,MID_RANGE,CONTINUE,H15_10,CALL,2025-05-08,75,-2141.2500000000005,60.00000000000034,103.96742462750001,-2305.217424627501
2025-05-06,MID_RANGE|FADE|H10_30,MID_RANGE,FADE,H10_30,PUT,2025-05-08,75,1106.25,60.00000000000091,113.33660471750001,932.9133952824991
2025-05-06,MID_RANGE|FADE|H15_10,MID_RANGE,FADE,H15_10,PUT,2025-05-08,75,1616.2499999999998,60.00000000000091,115.7939218025,1440.4560781974988
2025-05-07,MID_RANGE|CONTINUE|H10_30,MID_RANGE,CONTINUE,H10_30,PUT,2025-05-08,75,2426.2499999999995,59.99999999999997,119.85378343250002,2246.3962165674993
2025-05-07,MID_RANGE|CONTINUE|H15_10,MID_RANGE,CONTINUE,H15_10,PUT,2025-05-08,75,1586.2499999999993,60.000000000000796,117.4873905275,1408.7626094724988
2025-05-07,MID_RANGE|FADE|H10_30,MID_RANGE,FADE,H10_30,CALL,2025-05-08,75,-2565.0000000000005,59.999999999999886,102.39897665,-2727.3989766500003
2025-05-07,MID_RANGE|FADE|H15_10,MID_RANGE,FADE,H15_10,CALL,2025-05-08,75,-2722.5000000000005,60.0,102.01584292999999,-2884.5158429300004
2025-05-08,MID_RANGE|CONTINUE|H10_30,MID_RANGE,CONTINUE,H10_30,CALL,2025-05-08,75,-315.0,59.999999999999915,96.96489797,-471.96489796999987
2025-05-08,MID_RANGE|CONTINUE|H15_10,MID_RANGE,CONTINUE,H15_10,CALL,2025-05-08,75,-1113.75,60.0,95.4655491725,-1269.2155491725
2025-05-08,MID_RANGE|FADE|H10_30,MID_RANGE,FADE,H10_30,PUT,2025-05-08,75,-1380.0,60.000000000000256,99.52977818,-1539.5297781800002
2025-05-08,MID_RANGE|FADE|H15_10,MID_RANGE,FADE,H15_10,PUT,2025-05-08,75,3255.0000000000005,60.000000000000455,105.73059651499999,3089.269403485
2025-05-09,MID_RANGE|CONTINUE|H10_30,MID_RANGE,CONTINUE,H10_30,PUT,2025-05-15,75,521.2500000000013,59.99999999999659,161.2747798025,299.97522019750465
2025-05-09,MID_RANGE|CONTINUE|H15_10,MID_RANGE,CONTINUE,H15_10,PUT,2025-05-15,75,1425.0000000000023,59.9999999999967,163.84289333,1201.1571066700055
2025-05-09,MID_RANGE|FADE|H10_30,MID_RANGE,FADE,H10_30,CALL,2025-05-15,75,-652.4999999999991,59.9999999999967,145.65751751,-858.1575175099958
2025-05-09,MID_RANGE|FADE|H15_10,MID_RANGE,FADE,H15_10,CALL,2025-05-15,75,-1867.5000000000005,59.999999999997726,138.396512225,-2065.8965122249983
2025-05-12,LOW_RANGE|CONTINUE|H10_30,LOW_RANGE,CONTINUE,H10_30,CALL,2025-05-15,75,2546.25,59.99999999999727,134.6776310225,2351.5723689775027
2025-05-12,LOW_RANGE|CONTINUE|H15_10,LOW_RANGE,CONTINUE,H15_10,CALL,2025-05-15,75,5291.25,59.99999999999636,160.0188192425,5071.231180757503
2025-05-12,LOW_RANGE|FADE|H10_30,LOW_RANGE,FADE,H10_30,PUT,2025-05-15,75,-1571.249999999999,59.99999999999977,122.92053652249999,-1754.1705365224989
2025-05-12,LOW_RANGE|FADE|H15_10,LOW_RANGE,FADE,H15_10,PUT,2025-05-15,75,-3236.2499999999986,59.999999999999545,118.68303106249999,-3414.9330310624982
2025-05-13,MID_RANGE|CONTINUE|H10_30,MID_RANGE,CONTINUE,H10_30,PUT,2025-05-15,75,1413.750000000001,59.999999999997726,144.9620872925,1208.7879127075032
2025-05-13,MID_RANGE|CONTINUE|H15_10,MID_RANGE,CONTINUE,H15_10,PUT,2025-05-15,75,3285.0,59.99999999999818,147.06525665,3077.934743350002
2025-05-13,MID_RANGE|FADE|H10_30,MID_RANGE,FADE,H10_30,CALL,2025-05-15,75,-948.7500000000005,59.99999999999858,130.9747625825,-1139.7247625824991
2025-05-13,MID_RANGE|FADE|H15_10,MID_RANGE,FADE,H15_10,CALL,2025-05-15,75,-3277.5,60.00000000000091,119.14057290499998,-3456.6405729050007
2025-05-14,HIGH_RANGE|CONTINUE|H10_30,HIGH_RANGE,CONTINUE,H10_30,CALL,2025-05-15,75,446.2500000000002,60.00000000000088,115.9027077875,270.3472922124993
2025-05-14,HIGH_RANGE|CONTINUE|H15_10,HIGH_RANGE,CONTINUE,H15_10,CALL,2025-05-15,75,-1650.0,60.00000000000068,110.45563511,-1820.4556351100007
2025-05-14,HIGH_RANGE|FADE|H10_30,HIGH_RANGE,FADE,H10_30,PUT,2025-05-15,75,-952.4999999999998,59.99999999999977,115.94586480500001,-1128.4458648049995
2025-05-14,HIGH_RANGE|FADE|H15_10,HIGH_RANGE,FADE,H15_10,PUT,2025-05-15,75,1136.25,59.99999999999875,120.1902011225,956.0597988775012
2025-05-15,LOW_RANGE|CONTINUE|H10_30,LOW_RANGE,CONTINUE,H10_30,CALL,2025-05-15,75,457.5,60.00000000000034,106.562861585,290.93713841499965
2025-05-15,LOW_RANGE|CONTINUE|H15_10,LOW_RANGE,CONTINUE,H15_10,CALL,2025-05-15,75,11516.25,60.0,156.3313564325,11299.9186435675
2025-05-15,LOW_RANGE|FADE|H10_30,LOW_RANGE,FADE,H10_30,PUT,2025-05-15,75,2471.2499999999995,60.00000000000034,111.11939815250001,2300.1306018474993
2025-05-15,LOW_RANGE|FADE|H15_10,LOW_RANGE,FADE,H15_10,PUT,2025-05-15,75,-4203.75,60.000000000000114,98.10797314250001,-4361.8579731425
2025-05-16,HIGH_RANGE|CONTINUE|H10_30,HIGH_RANGE,CONTINUE,H10_30,PUT,2025-05-22,75,903.7499999999998,59.999999999998636,137.78506132249998,705.9649386775011
2025-05-16,HIGH_RANGE|CONTINUE|H15_10,HIGH_RANGE,CONTINUE,H15_10,PUT,2025-05-22,75,521.2499999999991,59.99999999999869,134.7482032775,326.50179672250044
2025-05-16,HIGH_RANGE|FADE|H10_30,HIGH_RANGE,FADE,H10_30,CALL,2025-05-22,75,-1091.250000000002,59.999999999998636,133.5896795075,-1284.8396795075007
2025-05-16,HIGH_RANGE|FADE|H15_10,HIGH_RANGE,FADE,H15_10,CALL,2025-05-22,75,-765.0000000000014,59.999999999998636,134.093000255,-959.093000255
2025-05-19,LOW_RANGE|CONTINUE|H10_30,LOW_RANGE,CONTINUE,H10_30,PUT,2025-05-22,75,127.50000000000023,59.99999999999869,132.58081286,-65.08081285999847
2025-05-19,LOW_RANGE|CONTINUE|H15_10,LOW_RANGE,CONTINUE,H15_10,PUT,2025-05-22,75,1856.2500000000011,59.999999999998636,138.7350291725,1657.5149708275026
2025-05-19,LOW_RANGE|FADE|H10_30,LOW_RANGE,FADE,H10_30,CALL,2025-05-22,75,-315.00000000000233,59.99999999999875,127.73712104,-502.73712104000106
2025-05-19,LOW_RANGE|FADE|H15_10,LOW_RANGE,FADE,H15_10,CALL,2025-05-22,75,-1860.0000000000005,60.000000000000455,121.48030709,-2041.480307090001
2025-05-20,LOW_RANGE|CONTINUE|H10_30,LOW_RANGE,CONTINUE,H10_30,CALL,2025-05-22,75,-483.74999999999966,60.00000000000085,118.27511731250002,-662.0251173125005
2025-05-20,LOW_RANGE|CONTINUE|H15_10,LOW_RANGE,CONTINUE,H15_10,CALL,2025-05-22,75,-3277.5,60.00000000000091,110.44710617,-3447.947106170001
2025-05-20,LOW_RANGE|FADE|H10_30,LOW_RANGE,FADE,H10_30,PUT,2025-05-22,75,487.50000000000114,59.99999999999886,125.121614885,302.3783851150023
2025-05-20,LOW_RANGE|FADE|H15_10,LOW_RANGE,FADE,H15_10,PUT,2025-05-22,75,4597.500000000002,59.99999999999909,138.353030945,4399.146969055003
2025-05-21,MID_RANGE|CONTINUE|H10_30,MID_RANGE,CONTINUE,H10_30,CALL,2025-05-22,75,3603.75,59.99999999999636,139.9171989125,3403.832801087504
2025-05-21,MID_RANGE|CONTINUE|H15_10,MID_RANGE,CONTINUE,H15_10,CALL,2025-05-22,75,1140.0000000000007,59.99999999999841,125.410191365,954.5898086350023
2025-05-21,MID_RANGE|FADE|H10_30,MID_RANGE,FADE,H10_30,PUT,2025-05-22,75,-2298.75,60.00000000000068,108.09485464250001,-2466.844854642501
2025-05-21,MID_RANGE|FADE|H15_10,MID_RANGE,FADE,H15_10,PUT,2025-05-22,75,-1207.5,60.00000000000068,109.617550355,-1377.1175503550007
2025-05-22,LOW_RANGE|CONTINUE|H10_30,LOW_RANGE,CONTINUE,H10_30,PUT,2025-05-22,75,-3059.9999999999995,60.00000000000034,102.430790345,-3222.430790345
2025-05-22,LOW_RANGE|CONTINUE|H15_10,LOW_RANGE,CONTINUE,H15_10,PUT,2025-05-22,75,-5024.999999999999,60.00000000000091,99.00288107,-5184.00288107
2025-05-22,LOW_RANGE|FADE|H10_30,LOW_RANGE,FADE,H10_30,CALL,2025-05-22,75,-1252.4999999999995,60.00000000000068,106.862895395,-1419.3628953950001
2025-05-22,LOW_RANGE|FADE|H15_10,LOW_RANGE,FADE,H15_10,CALL,2025-05-22,75,198.75,60.00000000000091,107.27743418749999,31.4725658124991
2025-05-23,HIGH_RANGE|CONTINUE|H10_30,HIGH_RANGE,CONTINUE,H10_30,CALL,2025-05-29,75,1331.2499999999982,59.99999999999818,148.05925204250002,1123.1907479575
2025-05-23,HIGH_RANGE|CONTINUE|H15_10,HIGH_RANGE,CONTINUE,H15_10,CALL,2025-05-29,75,2100.0,59.99999999999818,152.77882916,1887.2211708400018
2025-05-23,HIGH_RANGE|FADE|H10_30,HIGH_RANGE,FADE,H10_30,PUT,2025-05-29,75,-1027.5000000000002,59.999999999998636,130.84942501999998,-1218.3494250199988
2025-05-23,HIGH_RANGE|FADE|H15_10,HIGH_RANGE,FADE,H15_10,PUT,2025-05-29,75,-1687.5,59.999999999998636,127.761637535,-1875.2616375349987
2025-05-26,LOW_RANGE|CONTINUE|H10_30,LOW_RANGE,CONTINUE,H10_30,CALL,2025-05-29,75,-1241.250000000001,59.999999999998636,138.1460088275,-1439.3960088274996
2025-05-26,LOW_RANGE|CONTINUE|H15_10,LOW_RANGE,CONTINUE,H15_10,CALL,2025-05-29,75,-573.7500000000027,59.999999999998636,140.0174204375,-773.7674204375014
2025-05-26,LOW_RANGE|FADE|H10_30,LOW_RANGE,FADE,H10_30,PUT,2025-05-29,75,1350.0,59.99999999999727,144.139902725,1145.8600972750028
2025-05-26,LOW_RANGE|FADE|H15_10,LOW_RANGE,FADE,H15_10,PUT,2025-05-29,75,648.7500000000005,59.99999999999886,138.3864228425,450.3635771575016
2025-05-27,LOW_RANGE|CONTINUE|H10_30,LOW_RANGE,CONTINUE,H10_30,PUT,2025-05-29,75,547.5000000000008,59.99999999999761,142.94896715,344.5510328500032
2025-05-27,LOW_RANGE|CONTINUE|H15_10,LOW_RANGE,CONTINUE,H15_10,PUT,2025-05-29,75,-971.25,59.99999999999909,133.1319881375,-1164.381988137499
2025-05-27,LOW_RANGE|FADE|H10_30,LOW_RANGE,FADE,H10_30,CALL,2025-05-29,75,-588.7500000000018,59.9999999999975,141.0000991475,-789.7500991474993
2025-05-27,LOW_RANGE|FADE|H15_10,LOW_RANGE,FADE,H15_10,CALL,2025-05-29,75,374.9999999999979,59.99999999999659,143.95285943,171.04714057000132
2025-05-28,MID_RANGE|CONTINUE|H10_30,MID_RANGE,CONTINUE,H10_30,CALL,2025-05-29,75,-281.25000000000114,59.999999999998636,132.5812570025,-473.8312570024998
2025-05-28,MID_RANGE|CONTINUE|H15_10,MID_RANGE,CONTINUE,H15_10,CALL,2025-05-29,75,-480.0000000000009,59.99999999999909,127.287606275,-667.287606275
2025-05-28,MID_RANGE|FADE|H10_30,MID_RANGE,FADE,H10_30,PUT,2025-05-29,75,-461.2499999999982,59.999999999998636,126.62394979250001,-647.8739497924969
2025-05-28,MID_RANGE|FADE|H15_10,MID_RANGE,FADE,H15_10,PUT,2025-05-29,75,-1582.499999999999,59.999999999999545,121.60095158000001,-1764.1009515799988
2025-05-29,HIGH_RANGE|CONTINUE|H10_30,HIGH_RANGE,CONTINUE,H10_30,CALL,2025-05-29,75,-888.75,60.000000000000085,100.0434088775,-1048.7934088775
2025-05-29,HIGH_RANGE|CONTINUE|H15_10,HIGH_RANGE,CONTINUE,H15_10,CALL,2025-05-29,75,-2092.5,60.000000000000114,97.22522277499999,-2249.725222775
2025-05-29,HIGH_RANGE|FADE|H10_30,HIGH_RANGE,FADE,H10_30,PUT,2025-05-29,75,2962.5,60.00000000000034,110.36421494,2792.13578506
2025-05-29,HIGH_RANGE|FADE|H15_10,HIGH_RANGE,FADE,H15_10,PUT,2025-05-29,75,-1365.0,60.000000000000455,100.938325685,-1525.9383256850006
2025-05-30,HIGH_RANGE|CONTINUE|H10_30,HIGH_RANGE,CONTINUE,H10_30,CALL,2025-06-05,75,-892.4999999999993,59.9999999999975,139.678081805,-1092.1780818049967
2025-05-30,HIGH_RANGE|CONTINUE|H15_10,HIGH_RANGE,CONTINUE,H15_10,CALL,2025-06-05,75,-813.7500000000009,59.99999999999727,138.5136909425,-1012.2636909424982
2025-05-30,HIGH_RANGE|FADE|H10_30,HIGH_RANGE,FADE,H10_30,PUT,2025-06-05,75,933.7499999999991,59.999999999997726,145.4473523075,728.3026476925013
2025-05-30,HIGH_RANGE|FADE|H15_10,HIGH_RANGE,FADE,H15_10,PUT,2025-06-05,75,817.4999999999982,59.9999999999975,142.780142435,614.7198575650007
2025-06-02,LOW_RANGE|CONTINUE|H10_30,LOW_RANGE,CONTINUE,H10_30,PUT,2025-06-05,75,-716.2499999999986,59.99999999999886,133.5275518325,-909.7775518324975
2025-06-02,LOW_RANGE|CONTINUE|H15_10,LOW_RANGE,CONTINUE,H15_10,PUT,2025-06-05,75,-2099.999999999999,59.99999999999818,128.25175403000003,-2288.2517540299973
2025-06-02,LOW_RANGE|FADE|H10_30,LOW_RANGE,FADE,H10_30,CALL,2025-06-05,75,738.7500000000018,59.9999999999975,143.6377870775,535.1122129225043
2025-06-02,LOW_RANGE|FADE|H15_10,LOW_RANGE,FADE,H15_10,CALL,2025-06-05,75,2448.75,59.99999999999818,156.5069262125,2232.243073787502
2025-06-03,LOW_RANGE|CONTINUE|H10_30,LOW_RANGE,CONTINUE,H10_30,CALL,2025-06-05,75,1597.500000000001,59.99999999999636,156.906250295,1380.5937497050045
2025-06-03,LOW_RANGE|CONTINUE|H15_10,LOW_RANGE,CONTINUE,H15_10,CALL,2025-06-05,75,-1518.75,60.0,134.5396118375,-1713.2896118375
2025-06-03,LOW_RANGE|FADE|H10_30,LOW_RANGE,FADE,H10_30,PUT,2025-06-05,75,-1623.7499999999986,59.999999999998636,130.9262477825,-1814.6762477824973
2025-06-03,LOW_RANGE|FADE|H15_10,LOW_RANGE,FADE,H15_10,PUT,2025-06-05,75,-273.74999999999955,59.999999999998636,131.2742515625,-465.0242515624982
2025-06-04,LOW_RANGE|CONTINUE|H10_30,LOW_RANGE,CONTINUE,H10_30,CALL,2025-06-05,75,-11.249999999999318,60.00000000000091,115.8829939325,-187.13299393250023
2025-06-04,LOW_RANGE|CONTINUE|H15_10,LOW_RANGE,CONTINUE,H15_10,CALL,2025-06-05,75,641.2500000000009,60.00000000000088,116.8966069325,464.3533930675
2025-06-04,LOW_RANGE|FADE|H10_30,LOW_RANGE,FADE,H10_30,PUT,2025-06-05,75,-585.0000000000007,60.00000000000034,108.14172908,-753.141729080001
2025-06-04,LOW_RANGE|FADE|H15_10,LOW_RANGE,FADE,H15_10,PUT,2025-06-05,75,-1522.5000000000005,60.00000000000023,106.07662392499999,-1688.5766239250006
2025-06-05,LOW_RANGE|CONTINUE|H10_30,LOW_RANGE,CONTINUE,H10_30,CALL,2025-06-05,75,-903.7499999999997,60.00000000000023,103.30576972249999,-1067.0557697225
2025-06-05,LOW_RANGE|CONTINUE|H15_10,LOW_RANGE,CONTINUE,H15_10,CALL,2025-06-05,75,-768.75,60.000000000000455,102.8204958275,-931.5704958275005
2025-06-05,LOW_RANGE|FADE|H10_30,LOW_RANGE,FADE,H10_30,PUT,2025-06-05,75,-1991.25,60.000000000000455,101.2167151025,-2152.4667151025005
2025-06-05,LOW_RANGE|FADE|H15_10,LOW_RANGE,FADE,H15_10,PUT,2025-06-05,75,-4151.25,60.0,97.6105727675,-4308.8605727675
2025-06-06,HIGH_RANGE|CONTINUE|H10_30,HIGH_RANGE,CONTINUE,H10_30,CALL,2025-06-12,75,1773.750000000001,59.99999999999727,138.7229026925,1575.0270973075037
2025-06-06,HIGH_RANGE|CONTINUE|H15_10,HIGH_RANGE,CONTINUE,H15_10,CALL,2025-06-12,75,4417.499999999998,59.99999999999636,153.630927965,4203.869072035001
2025-06-06,HIGH_RANGE|FADE|H10_30,HIGH_RANGE,FADE,H10_30,PUT,2025-06-12,75,-1409.9999999999995,60.0,125.96511815,-1595.9651181499996
2025-06-06,HIGH_RANGE|FADE|H15_10,HIGH_RANGE,FADE,H15_10,PUT,2025-06-12,75,-3450.000000000001,59.99999999999909,118.72924967,-3628.72924967
2025-06-09,LOW_RANGE|CONTINUE|H10_30,LOW_RANGE,CONTINUE,H10_30,CALL,2025-06-12,75,577.4999999999991,59.999999999998636,127.173058325,390.32694167500046
2025-06-09,LOW_RANGE|CONTINUE|H15_10,LOW_RANGE,CONTINUE,H15_10,CALL,2025-06-12,75,11.25000000000091,59.99999999999886,123.30461624750001,-172.05461624749796
2025-06-09,LOW_RANGE|FADE|H10_30,LOW_RANGE,FADE,H10_30,PUT,2025-06-12,75,-761.2499999999993,59.999999999998636,125.65581220250002,-946.9058122024979
2025-06-09,LOW_RANGE|FADE|H15_10,LOW_RANGE,FADE,H15_10,PUT,2025-06-12,75,-704.9999999999993,59.999999999998636,125.17765933999999,-890.177659339998
2025-06-10,LOW_RANGE|CONTINUE|H10_30,LOW_RANGE,CONTINUE,H10_30,CALL,2025-06-12,75,1526.25,59.999999999998636,122.51960315750001,1343.7303968425012
2025-06-10,LOW_RANGE|CONTINUE|H15_10,LOW_RANGE,CONTINUE,H15_10,CALL,2025-06-12,75,-26.250000000000682,59.99999999999977,116.75412856250001,-203.00412856250045
2025-06-10,LOW_RANGE|FADE|H10_30,LOW_RANGE,FADE,H10_30,PUT,2025-06-12,75,-1608.7499999999995,60.00000000000068,110.8137593525,-1779.5637593525003
2025-06-10,LOW_RANGE|FADE|H15_10,LOW_RANGE,FADE,H15_10,PUT,2025-06-12,75,-1196.2499999999993,60.00000000000068,111.3833116175,-1367.6333116175
2025-06-11,MID_RANGE|CONTINUE|H10_30,MID_RANGE,CONTINUE,H10_30,CALL,2025-06-12,75,-363.7500000000005,60.00000000000037,104.55065192750001,-528.3006519275009
2025-06-11,MID_RANGE|CONTINUE|H15_10,MID_RANGE,CONTINUE,H15_10,CALL,2025-06-12,75,209.99999999999991,60.00000000000032,105.74567358499999,44.25432641499961
2025-06-11,MID_RANGE|FADE|H10_30,MID_RANGE,FADE,H10_30,PUT,2025-06-12,75,-435.0000000000006,60.00000000000034,109.65060911,-604.6506091100009
2025-06-11,MID_RANGE|FADE|H15_10,MID_RANGE,FADE,H15_10,PUT,2025-06-12,75,-682.4999999999998,60.00000000000034,109.356283985,-851.8562839850002
2025-06-12,MID_RANGE|CONTINUE|H10_30,MID_RANGE,CONTINUE,H10_30,CALL,2025-06-12,75,-1653.75,60.00000000000023,100.59262253749999,-1814.3426225375001
2025-06-12,MID_RANGE|CONTINUE|H15_10,MID_RANGE,CONTINUE,H15_10,CALL,2025-06-12,75,-3498.75,56.25,97.27701830000001,-3652.2770183000002
2025-06-12,MID_RANGE|FADE|H10_30,MID_RANGE,FADE,H10_30,PUT,2025-06-12,75,2583.75,60.00000000000042,105.0808652825,2418.6691347174997
2025-06-12,MID_RANGE|FADE|H15_10,MID_RANGE,FADE,H15_10,PUT,2025-06-12,75,12427.500000000002,60.0,125.88605978000001,12241.613940220002
2025-06-13,HIGH_RANGE|CONTINUE|H10_30,HIGH_RANGE,CONTINUE,H10_30,PUT,2025-06-19,75,-600.0,59.99999999999886,133.20398606,-793.2039860599989
2025-06-13,HIGH_RANGE|CONTINUE|H15_10,HIGH_RANGE,CONTINUE,H15_10,PUT,2025-06-19,75,-1076.2499999999984,59.999999999998636,130.6549793975,-1266.904979397497
2025-06-13,HIGH_RANGE|FADE|H10_30,HIGH_RANGE,FADE,H10_30,CALL,2025-06-19,75,614.9999999999991,59.999999999998636,142.14512405,412.85487595000046
2025-06-13,HIGH_RANGE|FADE|H15_10,HIGH_RANGE,FADE,H15_10,CALL,2025-06-19,75,1057.5000000000007,59.99999999999886,142.32487902500003,855.1751209750018
2025-06-16,HIGH_RANGE|CONTINUE|H10_30,HIGH_RANGE,CONTINUE,H10_30,CALL,2025-06-19,75,1372.4999999999986,59.999999999998636,132.50143037,1179.99856963
2025-06-16,HIGH_RANGE|CONTINUE|H15_10,HIGH_RANGE,CONTINUE,H15_10,CALL,2025-06-19,75,3401.25,59.99999999999909,141.7988938325,3199.4511061675007
2025-06-16,HIGH_RANGE|FADE|H10_30,HIGH_RANGE,FADE,H10_30,PUT,2025-06-19,75,-937.4999999999998,60.0,118.23282194000001,-1115.7328219399997
2025-06-16,HIGH_RANGE|FADE|H15_10,HIGH_RANGE,FADE,H15_10,PUT,2025-06-19,75,-2332.4999999999995,59.999999999999545,114.69792989,-2507.197929889999
2025-06-17,LOW_RANGE|CONTINUE|H10_30,LOW_RANGE,CONTINUE,H10_30,CALL,2025-06-19,75,-390.0000000000008,59.99999999999977,118.17767021,-568.1776702100005
2025-06-17,LOW_RANGE|CONTINUE|H15_10,LOW_RANGE,CONTINUE,H15_10,CALL,2025-06-19,75,-1098.7500000000002,59.999999999999545,115.82961877250001,-1274.5796187724998
2025-06-17,LOW_RANGE|FADE|H10_30,LOW_RANGE,FADE,H10_30,PUT,2025-06-19,75,-299.99999999999943,60.00000000000091,115.9764956,-475.97649560000036
2025-06-17,LOW_RANGE|FADE|H15_10,LOW_RANGE,FADE,H15_10,PUT,2025-06-19,75,176.25000000000009,60.000000000000824,117.6540641375,-1.4040641375007397
2025-06-18,HIGH_RANGE|CONTINUE|H10_30,HIGH_RANGE,CONTINUE,H10_30,PUT,2025-06-19,75,461.2499999999999,60.00000000000085,113.0656087475,288.18439125249904
2025-06-18,HIGH_RANGE|CONTINUE|H15_10,HIGH_RANGE,CONTINUE,H15_10,PUT,2025-06-19,75,2910.0,60.0,118.53027081500001,2731.469729185
2025-06-18,HIGH_RANGE|FADE|H10_30,HIGH_RANGE,FADE,H10_30,CALL,2025-06-19,75,-1023.7499999999991,60.00000000000034,109.30580756750001,-1193.0558075674996
2025-06-18,HIGH_RANGE|FADE|H15_10,HIGH_RANGE,FADE,H15_10,CALL,2025-06-19,75,-3003.75,59.99999999999977,105.4244469725,-3169.1744469725
2025-06-19,LOW_RANGE|CONTINUE|H10_30,LOW_RANGE,CONTINUE,H10_30,PUT,2025-06-19,75,-1481.2500000000002,60.00000000000003,98.3617453775,-1639.6117453775003
2025-06-19,LOW_RANGE|CONTINUE|H15_10,LOW_RANGE,CONTINUE,H15_10,PUT,2025-06-19,75,-2272.5,60.000000000000455,96.46865829500001,-2428.9686582950003
2025-06-19,LOW_RANGE|FADE|H10_30,LOW_RANGE,FADE,H10_30,CALL,2025-06-19,75,1053.7499999999995,60.000000000000455,103.9832685275,889.766731472499
2025-06-19,LOW_RANGE|FADE|H15_10,LOW_RANGE,FADE,H15_10,CALL,2025-06-19,75,-3120.0,60.000000000000455,97.39614975500001,-3277.3961497550004
2025-06-20,MID_RANGE|CONTINUE|H10_30,MID_RANGE,CONTINUE,H10_30,PUT,2025-06-26,75,-2433.75,60.0,120.75934777249999,-2614.5093477725
2025-06-20,MID_RANGE|CONTINUE|H15_10,MID_RANGE,CONTINUE,H15_10,PUT,2025-06-26,75,-3303.7499999999995,60.000000000000455,118.3853763725,-3482.1353763725
2025-06-20,MID_RANGE|FADE|H10_30,MID_RANGE,FADE,H10_30,CALL,2025-06-26,75,3221.25,59.99999999999818,147.3654843875,3013.8845156125017
2025-06-20,MID_RANGE|FADE|H15_10,MID_RANGE,FADE,H15_10,CALL,2025-06-26,75,4421.249999999998,59.99999999999818,152.59747822249997,4208.6525217775
2025-06-23,HIGH_RANGE|CONTINUE|H10_30,HIGH_RANGE,CONTINUE,H10_30,PUT,2025-06-26,75,258.75000000000017,59.99999999999869,124.7910687275,73.95893127250147
2025-06-23,HIGH_RANGE|CONTINUE|H15_10,HIGH_RANGE,CONTINUE,H15_10,PUT,2025-06-26,75,-1548.75,60.0,118.5184863575,-1727.2684863575
2025-06-23,HIGH_RANGE|FADE|H10_30,HIGH_RANGE,FADE,H10_30,CALL,2025-06-26,75,-270.0000000000007,59.99999999999869,123.09500919500002,-453.0950091949994
2025-06-23,HIGH_RANGE|FADE|H15_10,HIGH_RANGE,FADE,H15_10,CALL,2025-06-26,75,1968.7499999999993,59.99999999999841,130.44470018750002,1778.3052998125008
2025-06-24,LOW_RANGE|CONTINUE|H10_30,LOW_RANGE,CONTINUE,H10_30,CALL,2025-06-26,75,1125.0,60.0,121.46401603999999,943.5359839600001
2025-06-24,LOW_RANGE|CONTINUE|H15_10,LOW_RANGE,CONTINUE,H15_10,CALL,2025-06-26,75,-3412.500000000001,60.000000000000455,108.86184308,-3581.3618430800016
2025-06-24,LOW_RANGE|FADE|H10_30,LOW_RANGE,FADE,H10_30,PUT,2025-06-26,75,-731.2499999999994,60.00000000000088,114.2370940025,-905.4870940025004
2025-06-24,LOW_RANGE|FADE|H15_10,LOW_RANGE,FADE,H15_10,PUT,2025-06-26,75,3828.7500000000014,59.999999999999545,126.68983484750001,3642.0601651525017
2025-06-25,HIGH_RANGE|CONTINUE|H10_30,HIGH_RANGE,CONTINUE,H10_30,CALL,2025-06-26,75,1192.5000000000002,60.000000000000625,115.591888805,1016.9081111949995
2025-06-25,HIGH_RANGE|CONTINUE|H15_10,HIGH_RANGE,CONTINUE,H15_10,CALL,2025-06-26,75,2047.500000000001,59.99999999999921,115.78347564500001,1871.7165243550016
2025-06-25,HIGH_RANGE|FADE|H10_30,HIGH_RANGE,FADE,H10_30,PUT,2025-06-26,75,-656.25,60.00000000000034,105.90069149749999,-822.1506914975004
2025-06-25,HIGH_RANGE|FADE|H15_10,HIGH_RANGE,FADE,H15_10,PUT,2025-06-26,75,-1968.75,60.0000000000004,103.53519575749999,-2132.2851957575003
2025-06-26,LOW_RANGE|CONTINUE|H10_30,LOW_RANGE,CONTINUE,H10_30,CALL,2025-06-26,75,-37.500000000000654,60.00000000000034,107.814688655,-205.314688655001
2025-06-26,LOW_RANGE|CONTINUE|H15_10,LOW_RANGE,CONTINUE,H15_10,CALL,2025-06-26,75,9363.75,59.999999999999886,119.80243348249999,9183.9475665175
2025-06-26,LOW_RANGE|FADE|H10_30,LOW_RANGE,FADE,H10_30,PUT,2025-06-26,75,-7.4999999999998295,60.00000000000033,104.22497057,-171.72497057000015
2025-06-26,LOW_RANGE|FADE|H15_10,LOW_RANGE,FADE,H15_10,PUT,2025-06-26,75,-3333.75,60.000000000000114,97.82580113749998,-3491.5758011375
2025-06-27,MID_RANGE|CONTINUE|H10_30,MID_RANGE,CONTINUE,H10_30,CALL,2025-07-03,75,112.50000000000105,59.99999999999869,129.736135325,-77.23613532499763
2025-06-27,MID_RANGE|CONTINUE|H15_10,MID_RANGE,CONTINUE,H15_10,CALL,2025-07-03,75,1327.5000000000025,59.99999999999886,132.95366771,1134.5463322900036
2025-06-27,MID_RANGE|FADE|H10_30,MID_RANGE,FADE,H10_30,PUT,2025-07-03,75,-483.7499999999991,59.99999999999886,127.51236143749999,-671.2623614374979
2025-06-27,MID_RANGE|FADE|H15_10,MID_RANGE,FADE,H15_10,PUT,2025-07-03,75,-1859.9999999999995,59.999999999999545,121.96831243999999,-2041.9683124399992
2025-06-30,LOW_RANGE|CONTINUE|H10_30,LOW_RANGE,CONTINUE,H10_30,CALL,2025-07-03,75,-596.2500000000014,59.999999999998636,121.98516751250001,-778.2351675125
2025-06-30,LOW_RANGE|CONTINUE|H15_10,LOW_RANGE,CONTINUE,H15_10,CALL,2025-07-03,75,-2197.5000000000005,59.999999999999545,117.53806388000001,-2375.03806388
2025-06-30,LOW_RANGE|FADE|H10_30,LOW_RANGE,FADE,H10_30,PUT,2025-07-03,75,547.4999999999986,59.99999999999977,120.925982855,366.57401714499883
2025-06-30,LOW_RANGE|FADE|H15_10,LOW_RANGE,FADE,H15_10,PUT,2025-07-03,75,1912.499999999999,60.0,124.641527045,1727.8584729549991
2025-07-01,LOW_RANGE|CONTINUE|H10_30,LOW_RANGE,CONTINUE,H10_30,CALL,2025-07-03,75,-472.5000000000009,60.00000000000057,112.07941986499999,-644.5794198650015
2025-07-01,LOW_RANGE|CONTINUE|H15_10,LOW_RANGE,CONTINUE,H15_10,CALL,2025-07-03,75,-990.0,60.00000000000068,110.37835932499999,-1160.3783593250007
2025-07-01,LOW_RANGE|FADE|H10_30,LOW_RANGE,FADE,H10_30,PUT,2025-07-03,75,33.75000000000023,60.00000000000091,118.13570053250001,-144.3857005325007
2025-07-01,LOW_RANGE|FADE|H15_10,LOW_RANGE,FADE,H15_10,PUT,2025-07-03,75,131.25,60.00000000000091,116.8026300425,-45.55263004250091
2025-07-02,MID_RANGE|CONTINUE|H10_30,MID_RANGE,CONTINUE,H10_30,CALL,2025-07-03,75,-1293.75,60.00000000000034,107.2925512175,-1461.0425512175004
2025-07-02,MID_RANGE|CONTINUE|H15_10,MID_RANGE,CONTINUE,H15_10,CALL,2025-07-03,75,-3078.75,59.999999999999886,104.02165699250001,-3242.7716569925
2025-07-02,MID_RANGE|FADE|H10_30,MID_RANGE,FADE,H10_30,PUT,2025-07-03,75,1177.5,60.00000000000034,108.6061373,1008.8938626999995
2025-07-02,MID_RANGE|FADE|H15_10,MID_RANGE,FADE,H15_10,PUT,2025-07-03,75,3570.0,59.999999999999886,112.76424695,3397.23575305
2025-07-03,MID_RANGE|CONTINUE|H10_30,MID_RANGE,CONTINUE,H10_30,CALL,2025-07-03,75,4642.5,60.00000000000091,108.285840365,4474.214159634999
2025-07-03,MID_RANGE|CONTINUE|H15_10,MID_RANGE,CONTINUE,H15_10,CALL,2025-07-03,75,-2426.25,60.0000000000004,96.35574626750001,-2582.6057462675003
2025-07-03,MID_RANGE|FADE|H10_30,MID_RANGE,FADE,H10_30,PUT,2025-07-03,75,-3225.0000000000005,59.9999999999996,98.43277953500001,-3383.432779535
2025-07-03,MID_RANGE|FADE|H15_10,MID_RANGE,FADE,H15_10,PUT,2025-07-03,75,-1222.5000000000005,60.000000000000455,101.04926721499999,-1383.5492672150008
2025-07-04,HIGH_RANGE|CONTINUE|H10_30,HIGH_RANGE,CONTINUE,H10_30,CALL,2025-07-10,75,-157.50000000000068,59.99999999999869,127.346417705,-344.84641770499934
2025-07-04,HIGH_RANGE|CONTINUE|H15_10,HIGH_RANGE,CONTINUE,H15_10,CALL,2025-07-10,75,543.75,59.99999999999875,129.4259144525,354.3240855475012
2025-07-04,HIGH_RANGE|FADE|H10_30,HIGH_RANGE,FADE,H10_30,PUT,2025-07-10,75,71.24999999999915,59.99999999999872,121.8836432075,-110.63364320749957
2025-07-04,HIGH_RANGE|FADE|H15_10,HIGH_RANGE,FADE,H15_10,PUT,2025-07-10,75,-877.5000000000014,59.999999999999545,118.06671979999999,-1055.566719800001
2025-07-07,MID_RANGE|CONTINUE|H10_30,MID_RANGE,CONTINUE,H10_30,PUT,2025-07-10,75,67.50000000000095,60.00000000000084,117.84880881500001,-110.3488088149999
2025-07-07,MID_RANGE|CONTINUE|H15_10,MID_RANGE,CONTINUE,H15_10,PUT,2025-07-10,75,-491.2499999999998,60.00000000000091,116.1660853025,-667.4160853025007
2025-07-07,MID_RANGE|FADE|H10_30,MID_RANGE,FADE,H10_30,CALL,2025-07-10,75,-67.50000000000043,60.00000000000085,117.128012345,-244.62801234500128
2025-07-07,MID_RANGE|FADE|H15_10,MID_RANGE,FADE,H15_10,CALL,2025-07-10,75,243.75,60.00000000000085,117.79137421250002,65.95862578749913
2025-07-08,MID_RANGE|CONTINUE|H10_30,MID_RANGE,CONTINUE,H10_30,PUT,2025-07-10,75,929.9999999999999,60.00000000000091,115.3181747,754.681825299999
2025-07-08,MID_RANGE|CONTINUE|H15_10,MID_RANGE,CONTINUE,H15_10,PUT,2025-07-10,75,-1349.9999999999998,60.0,109.34626421,-1519.3462642099998
2025-07-08,MID_RANGE|FADE|H10_30,MID_RANGE,FADE,H10_30,CALL,2025-07-10,75,-1229.9999999999993,60.00000000000057,110.0876717,-1400.0876717
2025-07-08,MID_RANGE|FADE|H15_10,MID_RANGE,FADE,H15_10,CALL,2025-07-10,75,375.0000000000005,60.000000000000554,113.87778686,201.12221313999993
2025-07-09,MID_RANGE|CONTINUE|H10_30,MID_RANGE,CONTINUE,H10_30,PUT,2025-07-10,75,-1488.750000000001,60.00000000000034,104.2281150875,-1652.9781150875012
2025-07-09,MID_RANGE|CONTINUE|H15_10,MID_RANGE,CONTINUE,H15_10,PUT,2025-07-10,75,-453.750000000001,60.00000000000037,106.2847357025,-620.0347357025014
2025-07-09,MID_RANGE|FADE|H10_30,MID_RANGE,FADE,H10_30,CALL,2025-07-10,75,1650.0,60.00000000000034,108.91895786,1481.0810421399995
2025-07-09,MID_RANGE|FADE|H15_10,MID_RANGE,FADE,H15_10,CALL,2025-07-10,75,-255.0000000000003,60.00000000000029,105.27614591,-420.27614591000054
2025-07-10,LOW_RANGE|CONTINUE|H10_30,LOW_RANGE,CONTINUE,H10_30,CALL,2025-07-10,75,-641.2500000000001,60.00000000000048,101.1394570775,-802.3894570775005
2025-07-10,LOW_RANGE|CONTINUE|H15_10,LOW_RANGE,CONTINUE,H15_10,CALL,2025-07-10,75,-3176.25,60.000000000000455,96.75189031250001,-3333.0018903125006
2025-07-10,LOW_RANGE|FADE|H10_30,LOW_RANGE,FADE,H10_30,PUT,2025-07-10,75,787.4999999999998,60.000000000000455,102.526065575,624.9739344249994
2025-07-10,LOW_RANGE|FADE|H15_10,LOW_RANGE,FADE,H15_10,PUT,2025-07-10,75,3187.4999999999995,60.000000000000455,104.99373701,3022.506262989999
2025-07-11,LOW_RANGE|CONTINUE|H10_30,LOW_RANGE,CONTINUE,H10_30,PUT,2025-07-17,75,1016.2499999999986,59.99999999999977,120.98949623749999,835.2605037624988
2025-07-11,LOW_RANGE|CONTINUE|H15_10,LOW_RANGE,CONTINUE,H15_10,PUT,2025-07-17,75,2280.0,59.999999999999545,125.16136829,2094.8386317100003
2025-07-11,LOW_RANGE|FADE|H10_30,LOW_RANGE,FADE,H10_30,CALL,2025-07-17,75,-1211.2499999999986,60.0,117.57370456250001,-1388.8237045624987
2025-07-11,LOW_RANGE|FADE|H15_10,LOW_RANGE,FADE,H15_10,CALL,2025-07-17,75,-2553.749999999999,60.0,114.49650832249999,-2728.2465083224993
2025-07-14,MID_RANGE|CONTINUE|H10_30,MID_RANGE,CONTINUE,H10_30,PUT,2025-07-17,75,-659.9999999999992,60.00000000000068,110.970642635,-830.9706426349999
2025-07-14,MID_RANGE|CONTINUE|H15_10,MID_RANGE,CONTINUE,H15_10,PUT,2025-07-17,75,-776.2499999999999,60.00000000000057,110.6179724225,-946.8679724225004
2025-07-14,MID_RANGE|FADE|H10_30,MID_RANGE,FADE,H10_30,CALL,2025-07-17,75,776.2500000000001,59.99999999999886,122.6438585075,593.6061414925013
2025-07-14,MID_RANGE|FADE|H15_10,MID_RANGE,FADE,H15_10,CALL,2025-07-17,75,386.2500000000015,59.99999999999872,120.7188037625,205.5311962375028
2025-07-15,MID_RANGE|CONTINUE|H10_30,MID_RANGE,CONTINUE,H10_30,CALL,2025-07-17,75,-581.2500000000002,60.00000000000034,109.9177958525,-751.1677958525007
2025-07-15,MID_RANGE|CONTINUE|H15_10,MID_RANGE,CONTINUE,H15_10,CALL,2025-07-17,75,1259.9999999999998,60.00000000000034,113.34494417000002,1086.6550558299996
2025-07-15,MID_RANGE|FADE|H10_30,MID_RANGE,FADE,H10_30,PUT,2025-07-17,75,168.7500000000008,60.00000000000033,109.77959749250002,-1.0295974924995335
2025-07-15,MID_RANGE|FADE|H15_10,MID_RANGE,FADE,H15_10,PUT,2025-07-17,75,-1807.4999999999995,60.00000000000034,105.47130809000001,-1972.9713080899999
2025-07-16,LOW_RANGE|CONTINUE|H10_30,LOW_RANGE,CONTINUE,H10_30,CALL,2025-07-17,75,-1.2789769243681803e-13,60.00000000000033,105.908740775,-165.90874077500047
2025-07-16,LOW_RANGE|CONTINUE|H15_10,LOW_RANGE,CONTINUE,H15_10,CALL,2025-07-17,75,1968.75,60.00000000000034,109.1816099375,1799.5683900624997
2025-07-16,LOW_RANGE|FADE|H10_30,LOW_RANGE,FADE,H10_30,PUT,2025-07-17,75,-502.4999999999998,60.00000000000034,104.54958747500001,-667.0495874750002
2025-07-16,LOW_RANGE|FADE|H15_10,LOW_RANGE,FADE,H15_10,PUT,2025-07-17,75,-2441.25,60.0,101.0612086475,-2602.3112086475
2025-07-17,LOW_RANGE|CONTINUE|H10_30,LOW_RANGE,CONTINUE,H10_30,CALL,2025-07-17,75,-1203.7500000000002,60.000000000000256,98.31507374750001,-1362.0650737475005
2025-07-17,LOW_RANGE|CONTINUE|H15_10,LOW_RANGE,CONTINUE,H15_10,CALL,2025-07-17,75,-2471.2500000000005,56.25000000000006,96.081280085,-2623.5812800850003
2025-07-17,LOW_RANGE|FADE|H10_30,LOW_RANGE,FADE,H10_30,PUT,2025-07-17,75,2429.9999999999995,60.00000000000051,103.434222155,2266.565777844999
2025-07-17,LOW_RANGE|FADE|H15_10,LOW_RANGE,FADE,H15_10,PUT,2025-07-17,75,4196.25,60.000000000000455,104.9566321325,4031.293367867499
2025-07-18,LOW_RANGE|CONTINUE|H10_30,LOW_RANGE,CONTINUE,H10_30,CALL,2025-07-24,75,-2422.5,60.00000000000023,118.54437967999999,-2601.04437968
2025-07-18,LOW_RANGE|CONTINUE|H15_10,LOW_RANGE,CONTINUE,H15_10,CALL,2025-07-24,75,-2081.2500000000005,60.0,119.33383562750001,-2260.5838356275003
2025-07-18,LOW_RANGE|FADE|H10_30,LOW_RANGE,FADE,H10_30,PUT,2025-07-24,75,2467.5,60.000000000000455,124.35995315000001,2283.1400468499996
2025-07-18,LOW_RANGE|FADE|H15_10,LOW_RANGE,FADE,H15_10,PUT,2025-07-24,75,1559.9999999999998,60.0,119.60445405499999,1380.3955459449999
2025-07-21,LOW_RANGE|CONTINUE|H10_30,LOW_RANGE,CONTINUE,H10_30,CALL,2025-07-24,75,3971.2500000000005,59.999999999999545,131.0115653975,3780.238434602501
2025-07-21,LOW_RANGE|CONTINUE|H15_10,LOW_RANGE,CONTINUE,H15_10,CALL,2025-07-24,75,4728.75,60.000000000000455,131.1210072125,4537.6289927875005
2025-07-21,LOW_RANGE|FADE|H10_30,LOW_RANGE,FADE,H10_30,PUT,2025-07-24,75,-2486.25,60.000000000000455,106.4074424975,-2652.657442497501
2025-07-21,LOW_RANGE|FADE|H15_10,LOW_RANGE,FADE,H15_10,PUT,2025-07-24,75,-3090.0,60.0,104.96083967,-3254.96083967
2025-07-22,MID_RANGE|CONTINUE|H10_30,MID_RANGE,CONTINUE,H10_30,CALL,2025-07-24,75,-712.4999999999994,60.00000000000034,110.26894415,-882.7689441499998
2025-07-22,MID_RANGE|CONTINUE|H15_10,MID_RANGE,CONTINUE,H15_10,CALL,2025-07-24,75,-1890.0,59.999999999999886,107.38331699000001,-2057.38331699
2025-07-22,MID_RANGE|FADE|H10_30,MID_RANGE,FADE,H10_30,PUT,2025-07-24,75,446.24999999999994,60.00000000000034,107.25107008250001,278.9989299174996
2025-07-22,MID_RANGE|FADE|H15_10,MID_RANGE,FADE,H15_10,PUT,2025-07-24,75,1020.0000000000007,60.00000000000035,107.95111488500001,852.0488851150003
2025-07-23,HIGH_RANGE|CONTINUE|H10_30,HIGH_RANGE,CONTINUE,H10_30,CALL,2025-07-24,75,-569.9999999999998,60.00000000000034,106.11332462000001,-736.1133246200002
2025-07-23,HIGH_RANGE|CONTINUE|H15_10,HIGH_RANGE,CONTINUE,H15_10,CALL,2025-07-24,75,3877.5,59.99999999999898,114.04276826000002,3703.4572317400007
2025-07-23,HIGH_RANGE|FADE|H10_30,HIGH_RANGE,FADE,H10_30,PUT,2025-07-24,75,375.0,60.00000000000035,102.68154983000001,212.31845016999966
2025-07-23,HIGH_RANGE|FADE|H15_10,HIGH_RANGE,FADE,H15_10,PUT,2025-07-24,75,-2017.4999999999995,60.000000000000455,98.48858265499999,-2175.988582655
2025-07-24,MID_RANGE|CONTINUE|H10_30,MID_RANGE,CONTINUE,H10_30,CALL,2025-07-24,75,-693.7499999999999,59.999999999999915,97.85133023750001,-851.6013302374997
2025-07-24,MID_RANGE|CONTINUE|H15_10,MID_RANGE,CONTINUE,H15_10,CALL,2025-07-24,75,-2006.25,56.25000000000003,95.65845511999999,-2158.15845512
2025-07-24,MID_RANGE|FADE|H10_30,MID_RANGE,FADE,H10_30,PUT,2025-07-24,75,626.2499999999998,60.00000000000048,100.49235217249999,465.75764782749934
2025-07-24,MID_RANGE|FADE|H15_10,MID_RANGE,FADE,H15_10,PUT,2025-07-24,75,7582.5,59.99999999999909,109.962714545,7412.5372854550005
2025-07-25,LOW_RANGE|CONTINUE|H10_30,LOW_RANGE,CONTINUE,H10_30,PUT,2025-07-31,75,2508.75,59.999999999999545,128.0992573175,2320.6507426825005
2025-07-25,LOW_RANGE|CONTINUE|H15_10,LOW_RANGE,CONTINUE,H15_10,PUT,2025-07-31,75,3348.7499999999995,60.000000000000455,129.37809544249998,3159.371904557499
2025-07-25,LOW_RANGE|FADE|H10_30,LOW_RANGE,FADE,H10_30,CALL,2025-07-31,75,-2238.7499999999995,60.0,114.3216225875,-2413.0716225874994
2025-07-25,LOW_RANGE|FADE|H15_10,LOW_RANGE,FADE,H15_10,CALL,2025-07-31,75,-3056.25,59.999999999999545,112.2659168975,-3228.5159168974997
2025-07-28,LOW_RANGE|CONTINUE|H10_30,LOW_RANGE,CONTINUE,H10_30,PUT,2025-07-31,75,-1743.75,60.00000000000057,108.74049091249998,-1912.4904909125005
2025-07-28,LOW_RANGE|CONTINUE|H15_10,LOW_RANGE,CONTINUE,H15_10,PUT,2025-07-31,75,2523.750000000001,60.00000000000023,120.0544440425,2343.695555957501
2025-07-28,LOW_RANGE|FADE|H10_30,LOW_RANGE,FADE,H10_30,CALL,2025-07-31,75,2182.4999999999986,59.999999999999545,126.654783395,1995.845216604999
2025-07-28,LOW_RANGE|FADE|H15_10,LOW_RANGE,FADE,H15_10,CALL,2025-07-31,75,-2621.25,60.00000000000114,112.39323383750002,-2793.6432338375007
2025-07-29,LOW_RANGE|CONTINUE|H10_30,LOW_RANGE,CONTINUE,H10_30,PUT,2025-07-31,75,1492.5000000000005,60.00000000000057,114.775321115,1317.724678885
2025-07-29,LOW_RANGE|CONTINUE|H15_10,LOW_RANGE,CONTINUE,H15_10,PUT,2025-07-31,75,-2703.749999999999,60.00000000000068,104.2941615575,-2868.0441615575
2025-07-29,LOW_RANGE|FADE|H10_30,LOW_RANGE,FADE,H10_30,CALL,2025-07-31,75,-1747.5,60.00000000000057,112.15122385999999,-1919.6512238600008
2025-07-29,LOW_RANGE|FADE|H15_10,LOW_RANGE,FADE,H15_10,CALL,2025-07-31,75,2936.2499999999986,59.999999999999545,121.81612366249999,2754.433876337499
2025-07-30,MID_RANGE|CONTINUE|H10_30,MID_RANGE,CONTINUE,H10_30,CALL,2025-07-31,75,-1199.9999999999998,60.00000000000034,104.6644478,-1364.6644478
2025-07-30,MID_RANGE|CONTINUE|H15_10,MID_RANGE,CONTINUE,H15_10,CALL,2025-07-31,75,-52.50000000000023,60.00000000000034,106.15516697,-218.65516697000055
2025-07-30,MID_RANGE|FADE|H10_30,MID_RANGE,FADE,H10_30,PUT,2025-07-31,75,1169.9999999999998,60.00000000000034,108.6024998,1001.3975001999995
2025-07-30,MID_RANGE|FADE|H15_10,MID_RANGE,FADE,H15_10,PUT,2025-07-31,75,-1128.75,60.00000000000034,103.9704817775,-1292.7204817775005
2025-07-31,MID_RANGE|CONTINUE|H10_30,MID_RANGE,CONTINUE,H10_30,PUT,2025-07-31,75,464.99999999999994,60.00000000000037,104.16830136499999,300.83169863499955
2025-07-31,MID_RANGE|CONTINUE|H15_10,MID_RANGE,CONTINUE,H15_10,PUT,2025-07-31,75,-3521.25,60.000000000000796,97.57451902250001,-3678.824519022501
2025-07-31,MID_RANGE|FADE|H10_30,MID_RANGE,FADE,H10_30,CALL,2025-07-31,75,-1417.5,60.0,100.410914825,-1577.910914825
2025-07-31,MID_RANGE|FADE|H15_10,MID_RANGE,FADE,H15_10,CALL,2025-07-31,75,2355.0,60.000000000000114,105.112837385,2189.887162615
2025-08-01,HIGH_RANGE|CONTINUE|H10_30,HIGH_RANGE,CONTINUE,H10_30,PUT,2025-08-07,75,-1155.000000000001,59.999999999999545,122.71458473,-1337.7145847300005
2025-08-01,HIGH_RANGE|CONTINUE|H15_10,HIGH_RANGE,CONTINUE,H15_10,PUT,2025-08-07,75,2013.75,59.999999999998636,137.5356312575,1816.2143687425014
2025-08-01,HIGH_RANGE|FADE|H10_30,HIGH_RANGE,FADE,H10_30,CALL,2025-08-07,75,1098.7499999999982,59.999999999998636,129.6393174125,909.1106825874996
2025-08-01,HIGH_RANGE|FADE|H15_10,HIGH_RANGE,FADE,H15_10,CALL,2025-08-07,75,-1946.2500000000014,59.999999999999545,117.5727763175,-2123.822776317501
2025-08-04,HIGH_RANGE|CONTINUE|H10_30,HIGH_RANGE,CONTINUE,H10_30,CALL,2025-08-07,75,-840.0000000000019,59.99999999999852,122.03077913,-1022.0307791300005
2025-08-04,HIGH_RANGE|CONTINUE|H15_10,HIGH_RANGE,CONTINUE,H15_10,CALL,2025-08-07,75,884.9999999999975,59.999999999998636,126.15795449,698.8420455099989
2025-08-04,HIGH_RANGE|FADE|H10_30,HIGH_RANGE,FADE,H10_30,PUT,2025-08-07,75,742.5000000000005,59.99999999999977,121.048443875,561.4515561250007
2025-08-04,HIGH_RANGE|FADE|H15_10,HIGH_RANGE,FADE,H15_10,PUT,2025-08-07,75,-1132.4999999999998,60.000000000000455,114.45032079500001,-1306.9503207950002
2025-08-05,LOW_RANGE|CONTINUE|H10_30,LOW_RANGE,CONTINUE,H10_30,PUT,2025-08-07,75,1530.0000000000005,60.0,121.10969214500001,1348.8903078550004
2025-08-05,LOW_RANGE|CONTINUE|H15_10,LOW_RANGE,CONTINUE,H15_10,PUT,2025-08-07,75,401.2500000000001,60.00000000000084,116.2155150275,225.03448497249926
2025-08-05,LOW_RANGE|FADE|H10_30,LOW_RANGE,FADE,H10_30,CALL,2025-08-07,75,-1267.4999999999995,60.00000000000034,109.19107457000001,-1436.69107457
2025-08-05,LOW_RANGE|FADE|H15_10,LOW_RANGE,FADE,H15_10,CALL,2025-08-07,75,-828.75,60.000000000000455,109.3515820325,-998.1015820325005
2025-08-06,MID_RANGE|CONTINUE|H10_30,MID_RANGE,CONTINUE,H10_30,PUT,2025-08-07,75,633.7499999999997,60.0000000000003,110.41644128749999,463.3335587124993
2025-08-06,MID_RANGE|CONTINUE|H15_10,MID_RANGE,CONTINUE,H15_10,PUT,2025-08-07,75,1728.7499999999998,60.00000000000034,112.6415920025,1556.1084079974996
2025-08-06,MID_RANGE|FADE|H10_30,MID_RANGE,FADE,H10_30,CALL,2025-08-07,75,-1394.9999999999995,60.00000000000034,107.27481674,-1562.27481674
2025-08-06,MID_RANGE|FADE|H15_10,MID_RANGE,FADE,H15_10,CALL,2025-08-07,75,-2602.4999999999995,60.000000000000455,104.827787405,-2767.327787405
2025-08-07,LOW_RANGE|CONTINUE|H10_30,LOW_RANGE,CONTINUE,H10_30,PUT,2025-08-07,75,4428.75,60.0,110.78602873249999,4257.9639712675
2025-08-07,LOW_RANGE|CONTINUE|H15_10,LOW_RANGE,CONTINUE,H15_10,PUT,2025-08-07,75,-3738.75,60.0,97.14137078750001,-3895.8913707875
2025-08-07,LOW_RANGE|FADE|H10_30,LOW_RANGE,FADE,H10_30,CALL,2025-08-07,75,-2025.0,60.00000000000003,97.63442154500001,-2182.634421545
2025-08-07,LOW_RANGE|FADE|H15_10,LOW_RANGE,FADE,H15_10,CALL,2025-08-07,75,-277.5,60.00000000000006,99.70197241999999,-437.20197242000006
2025-08-08,HIGH_RANGE|CONTINUE|H10_30,HIGH_RANGE,CONTINUE,H10_30,PUT,2025-08-14,75,911.2499999999993,59.99999999999977,121.20348842749999,730.0465115724995
2025-08-08,HIGH_RANGE|CONTINUE|H15_10,HIGH_RANGE,CONTINUE,H15_10,PUT,2025-08-14,75,2313.7499999999986,59.999999999999545,125.75288620250001,2127.997113797499
2025-08-08,HIGH_RANGE|FADE|H10_30,HIGH_RANGE,FADE,H10_30,CALL,2025-08-14,75,-1027.4999999999995,59.99999999999886,122.34418892,-1209.8441889199987
2025-08-08,HIGH_RANGE|FADE|H15_10,HIGH_RANGE,FADE,H15_10,CALL,2025-08-14,75,-2437.500000000001,59.999999999999545,117.92361223999998,-2615.4236122400002
2025-08-11,HIGH_RANGE|CONTINUE|H10_30,HIGH_RANGE,CONTINUE,H10_30,PUT,2025-08-14,75,-1185.0,60.000000000000455,114.05536853,-1359.0553685300004
2025-08-11,HIGH_RANGE|CONTINUE|H15_10,HIGH_RANGE,CONTINUE,H15_10,PUT,2025-08-14,75,-3236.2499999999995,60.000000000000455,108.44886172249998,-3404.6988617225
2025-08-11,HIGH_RANGE|FADE|H10_30,HIGH_RANGE,FADE,H10_30,CALL,2025-08-14,75,1196.2500000000002,59.999999999998636,123.38436439250002,1012.8656356075015
2025-08-11,HIGH_RANGE|FADE|H15_10,HIGH_RANGE,FADE,H15_10,CALL,2025-08-14,75,4222.5,59.99999999999909,132.26629121000002,4030.233708790001
2025-08-12,HIGH_RANGE|CONTINUE|H10_30,HIGH_RANGE,CONTINUE,H10_30,PUT,2025-08-14,75,22.50000000000034,60.00000000000034,110.018898215,-147.51889821499998
2025-08-12,HIGH_RANGE|CONTINUE|H15_10,HIGH_RANGE,CONTINUE,H15_10,PUT,2025-08-14,75,2846.25,59.99999999999977,115.4284041125,2670.8215958875003
2025-08-12,HIGH_RANGE|FADE|H10_30,HIGH_RANGE,FADE,H10_30,CALL,2025-08-14,75,116.24999999999926,60.00000000000089,113.9300664875,-57.68006648750162
2025-08-12,HIGH_RANGE|FADE|H15_10,HIGH_RANGE,FADE,H15_10,CALL,2025-08-14,75,-2962.500000000001,60.0,106.56337977499999,-3129.063379775001
2025-08-13,HIGH_RANGE|CONTINUE|H10_30,HIGH_RANGE,CONTINUE,H10_30,CALL,2025-08-14,75,1361.25,60.00000000000034,112.8398157725,1188.4101842274995
2025-08-13,HIGH_RANGE|CONTINUE|H15_10,HIGH_RANGE,CONTINUE,H15_10,CALL,2025-08-14,75,2036.2499999999995,60.000000000000355,113.17416227750002,1863.0758377224993
2025-08-13,HIGH_RANGE|FADE|H10_30,HIGH_RANGE,FADE,H10_30,PUT,2025-08-14,75,-1019.9999999999998,60.00000000000034,103.183159175,-1183.1831591750001
2025-08-13,HIGH_RANGE|FADE|H15_10,HIGH_RANGE,FADE,H15_10,PUT,2025-08-14,75,-2006.25,59.999999999999886,101.23732612250001,-2167.4873261225002
2025-08-14,LOW_RANGE|CONTINUE|H10_30,LOW_RANGE,CONTINUE,H10_30,PUT,2025-08-14,75,-791.2500000000003,60.00000000000048,101.16430814750001,-952.4143081475008
2025-08-14,LOW_RANGE|CONTINUE|H15_10,LOW_RANGE,CONTINUE,H15_10,PUT,2025-08-14,75,-2396.2500000000005,60.0,98.23865960750001,-2554.4886596075003
2025-08-14,LOW_RANGE|FADE|H10_30,LOW_RANGE,FADE,H10_30,CALL,2025-08-14,75,393.7499999999997,60.00000000000042,101.5159449875,232.2340550124993
2025-08-14,LOW_RANGE|FADE|H15_10,LOW_RANGE,FADE,H15_10,CALL,2025-08-14,75,-2857.5,60.000000000000455,96.35224941499999,-3013.8522494150006
2025-08-18,LOW_RANGE|CONTINUE|H10_30,LOW_RANGE,CONTINUE,H10_30,CALL,2025-08-21,75,-11.25000000000096,59.99999999999872,120.97916408750001,-192.2291640874997
2025-08-18,LOW_RANGE|CONTINUE|H15_10,LOW_RANGE,CONTINUE,H15_10,CALL,2025-08-21,75,-1860.0,59.999999999999545,114.27874242500002,-2034.2787424249996
2025-08-18,LOW_RANGE|FADE|H10_30,LOW_RANGE,FADE,H10_30,PUT,2025-08-21,75,-33.74999999999966,60.00000000000085,118.9674296525,-212.71742965250053
2025-08-18,LOW_RANGE|FADE|H15_10,LOW_RANGE,FADE,H15_10,PUT,2025-08-21,75,1226.2500000000007,59.999999999999744,121.43294998249999,1044.8170500175008
2025-08-19,HIGH_RANGE|CONTINUE|H10_30,HIGH_RANGE,CONTINUE,H10_30,CALL,2025-08-21,75,52.49999999999969,60.00000000000031,113.003309345,-120.50330934500063
2025-08-19,HIGH_RANGE|CONTINUE|H15_10,HIGH_RANGE,CONTINUE,H15_10,CALL,2025-08-21,75,1852.4999999999993,59.999999999999716,116.664911345,1675.8350886549995
2025-08-19,HIGH_RANGE|FADE|H10_30,HIGH_RANGE,FADE,H10_30,PUT,2025-08-21,75,-427.4999999999991,60.00000000000034,107.42336501,-594.9233650099994
2025-08-19,HIGH_RANGE|FADE|H15_10,HIGH_RANGE,FADE,H15_10,PUT,2025-08-21,75,-1886.2499999999995,60.00000000000034,104.2305297275,-2050.4805297275
2025-08-20,MID_RANGE|CONTINUE|H10_30,MID_RANGE,CONTINUE,H10_30,CALL,2025-08-21,75,1642.5,60.00000000000034,108.19028383999999,1474.3097161599999
2025-08-20,MID_RANGE|CONTINUE|H15_10,MID_RANGE,CONTINUE,H15_10,CALL,2025-08-21,75,4132.5,59.99999999999898,112.33990895,3960.160091050001
2025-08-20,MID_RANGE|FADE|H10_30,MID_RANGE,FADE,H10_30,PUT,2025-08-21,75,-1293.75,60.0000000000004,104.01594386749998,-1457.7659438675005
2025-08-20,MID_RANGE|FADE|H15_10,MID_RANGE,FADE,H15_10,PUT,2025-08-21,75,-3090.0,60.000000000000455,100.92433827499998,-3250.9243382750005
2025-08-21,MID_RANGE|CONTINUE|H10_30,MID_RANGE,CONTINUE,H10_30,CALL,2025-08-21,75,2917.5000000000005,60.000000000000455,106.66840680499999,2750.831593195
2025-08-21,MID_RANGE|CONTINUE|H15_10,MID_RANGE,CONTINUE,H15_10,CALL,2025-08-21,75,-1080.0,60.000000000000256,100.05173944999999,-1240.0517394500002
2025-08-21,MID_RANGE|FADE|H10_30,MID_RANGE,FADE,H10_30,PUT,2025-08-21,75,-1173.75,59.9999999999998,97.06778134250001,-1330.8177813424998
2025-08-21,MID_RANGE|FADE|H15_10,MID_RANGE,FADE,H15_10,PUT,2025-08-21,75,-1893.75,60.0,95.7425706425,-2049.4925706425
2025-08-22,MID_RANGE|CONTINUE|H10_30,MID_RANGE,CONTINUE,H10_30,PUT,2025-08-28,75,674.9999999999994,59.99999999999977,120.66015962,494.33984037999966
2025-08-22,MID_RANGE|CONTINUE|H15_10,MID_RANGE,CONTINUE,H15_10,PUT,2025-08-28,75,1811.2500000000002,59.999999999999545,124.27521731750001,1626.9747826825007
2025-08-22,MID_RANGE|FADE|H10_30,MID_RANGE,FADE,H10_30,CALL,2025-08-28,75,-1049.9999999999995,60.00000000000091,113.86986935,-1223.8698693500005
2025-08-22,MID_RANGE|FADE|H15_10,MID_RANGE,FADE,H15_10,CALL,2025-08-28,75,-2028.749999999999,60.00000000000068,111.23052329750001,-2199.9805232975
2025-08-25,LOW_RANGE|CONTINUE|H10_30,LOW_RANGE,CONTINUE,H10_30,CALL,2025-08-28,75,-787.5000000000002,60.00000000000034,110.45565731,-957.9556573100007
2025-08-25,LOW_RANGE|CONTINUE|H15_10,LOW_RANGE,CONTINUE,H15_10,CALL,2025-08-28,75,322.50000000000034,60.00000000000031,112.032761555,150.46723844500002
2025-08-25,LOW_RANGE|FADE|H10_30,LOW_RANGE,FADE,H10_30,PUT,2025-08-28,75,783.75,60.00000000000037,111.07479770750001,612.6752022924995
2025-08-25,LOW_RANGE|FADE|H15_10,LOW_RANGE,FADE,H15_10,PUT,2025-08-28,75,-971.2500000000001,60.00000000000034,106.78667074250001,-1138.0366707425005
2025-08-26,MID_RANGE|CONTINUE|H10_30,MID_RANGE,CONTINUE,H10_30,PUT,2025-08-28,75,-423.7499999999999,60.00000000000034,107.1219232925,-590.8719232925002
2025-08-26,MID_RANGE|CONTINUE|H15_10,MID_RANGE,CONTINUE,H15_10,PUT,2025-08-28,75,2032.4999999999995,60.00000000000034,111.969758915,1860.530241084999
2025-08-26,MID_RANGE|FADE|H10_30,MID_RANGE,FADE,H10_30,CALL,2025-08-28,75,-284.9999999999998,60.00000000000034,107.36001891499998,-452.36001891500007
2025-08-26,MID_RANGE|FADE|H15_10,MID_RANGE,FADE,H15_10,CALL,2025-08-28,75,-2362.5000000000005,60.00000000000034,103.87754714,-2526.3775471400004
2025-08-28,HIGH_RANGE|CONTINUE|H10_30,HIGH_RANGE,CONTINUE,H10_30,PUT,2025-08-28,75,-1398.75,60.000000000000014,97.31420309750001,-1556.0642030975
2025-08-28,HIGH_RANGE|CONTINUE|H15_10,HIGH_RANGE,CONTINUE,H15_10,PUT,2025-08-28,75,-1158.75,60.00000000000023,97.3608880475,-1316.1108880475003
2025-08-28,HIGH_RANGE|FADE|H10_30,HIGH_RANGE,FADE,H10_30,CALL,2025-08-28,75,2508.7499999999995,60.00000000000035,109.3249943525,2339.425005647499
2025-08-28,HIGH_RANGE|FADE|H15_10,HIGH_RANGE,FADE,H15_10,CALL,2025-08-28,75,-4545.0,60.000000000000796,97.98778167500001,-4702.987781675001
2025-08-29,HIGH_RANGE|CONTINUE|H10_30,HIGH_RANGE,CONTINUE,H10_30,CALL,2025-09-02,75,-217.49999999999932,59.999999999999886,119.07002729000001,-396.5700272899992
2025-08-29,HIGH_RANGE|CONTINUE|H15_10,HIGH_RANGE,CONTINUE,H15_10,CALL,2025-09-02,75,-3210.0,59.99999999999909,111.839287145,-3381.839287144999
2025-08-29,HIGH_RANGE|FADE|H10_30,HIGH_RANGE,FADE,H10_30,PUT,2025-09-02,75,-221.25000000000023,60.00000000000034,109.13729966749997,-390.38729966750054
2025-08-29,HIGH_RANGE|FADE|H15_10,HIGH_RANGE,FADE,H15_10,PUT,2025-09-02,75,1800.0,60.000000000000625,113.35586998999999,1626.6441300099993
2025-09-01,HIGH_RANGE|CONTINUE|H10_30,HIGH_RANGE,CONTINUE,H10_30,CALL,2025-09-02,75,-416.25000000000034,60.00000000000034,105.14565337249999,-581.3956533725006
2025-09-01,HIGH_RANGE|CONTINUE|H15_10,HIGH_RANGE,CONTINUE,H15_10,CALL,2025-09-02,75,2850.0,59.999999999999886,110.86040133499999,2679.139598665
2025-09-01,HIGH_RANGE|FADE|H10_30,HIGH_RANGE,FADE,H10_30,PUT,2025-09-02,75,108.7500000000002,60.00000000000031,104.3336381075,-55.5836381075001
2025-09-01,HIGH_RANGE|FADE|H15_10,HIGH_RANGE,FADE,H15_10,PUT,2025-09-02,75,-2040.0,60.0,100.64580820999998,-2200.64580821
2025-09-02,HIGH_RANGE|CONTINUE|H10_30,HIGH_RANGE,CONTINUE,H10_30,CALL,2025-09-02,75,4128.75,60.0,107.8031261975,3960.9468738025
2025-09-02,HIGH_RANGE|CONTINUE|H15_10,HIGH_RANGE,CONTINUE,H15_10,CALL,2025-09-02,75,-3296.25,60.000000000000426,96.28934302249999,-3452.5393430225004
2025-09-02,HIGH_RANGE|FADE|H10_30,HIGH_RANGE,FADE,H10_30,PUT,2025-09-02,75,-1417.5000000000002,59.9999999999998,97.036706405,-1574.536706405
2025-09-02,HIGH_RANGE|FADE|H15_10,HIGH_RANGE,FADE,H15_10,PUT,2025-09-02,75,2767.5,60.00000000000003,102.56612691499998,2604.933873085
2025-09-03,HIGH_RANGE|CONTINUE|H10_30,HIGH_RANGE,CONTINUE,H10_30,CALL,2025-09-09,75,-30.000000000000966,59.99999999999977,118.66598793499998,-208.66598793500071
2025-09-03,HIGH_RANGE|CONTINUE|H15_10,HIGH_RANGE,CONTINUE,H15_10,CALL,2025-09-09,75,2910.0,59.99999999999909,128.95267079,2721.047329210001
2025-09-03,HIGH_RANGE|FADE|H10_30,HIGH_RANGE,FADE,H10_30,PUT,2025-09-09,75,-63.750000000000114,60.00000000000085,117.14725985749999,-240.89725985750096
2025-09-03,HIGH_RANGE|FADE|H15_10,HIGH_RANGE,FADE,H15_10,PUT,2025-09-09,75,-2422.5,60.00000000000091,110.84783816,-2593.3478381600007
2025-09-04,HIGH_RANGE|CONTINUE|H10_30,HIGH_RANGE,CONTINUE,H10_30,CALL,2025-09-09,75,-1349.9999999999998,60.00000000000057,112.992361325,-1522.9923613250005
2025-09-04,HIGH_RANGE|CONTINUE|H15_10,HIGH_RANGE,CONTINUE,H15_10,CALL,2025-09-09,75,-3806.249999999999,60.00000000000114,107.43343219249999,-3973.6834321925
2025-09-04,HIGH_RANGE|FADE|H10_30,HIGH_RANGE,FADE,H10_30,PUT,2025-09-09,75,1301.2500000000005,60.00000000000091,115.03462586750001,1126.2153741324996
2025-09-04,HIGH_RANGE|FADE|H15_10,HIGH_RANGE,FADE,H15_10,PUT,2025-09-09,75,4544.999999999999,59.99999999999909,124.300900385,4360.699099615
2025-09-05,HIGH_RANGE|CONTINUE|H10_30,HIGH_RANGE,CONTINUE,H10_30,CALL,2025-09-09,75,-1548.7499999999995,60.000000000000114,107.7265966175,-1716.4765966174998
2025-09-05,HIGH_RANGE|CONTINUE|H15_10,HIGH_RANGE,CONTINUE,H15_10,CALL,2025-09-09,75,-926.2499999999998,60.00000000000034,108.8093176775,-1095.0593176775003
2025-09-05,HIGH_RANGE|FADE|H10_30,HIGH_RANGE,FADE,H10_30,PUT,2025-09-09,75,2167.499999999999,59.99999999999909,115.28395524500002,1992.216044755
2025-09-05,HIGH_RANGE|FADE|H15_10,HIGH_RANGE,FADE,H15_10,PUT,2025-09-09,75,723.7499999999999,60.00000000000034,110.2509461375,553.4990538624995
2025-09-08,LOW_RANGE|CONTINUE|H10_30,LOW_RANGE,CONTINUE,H10_30,CALL,2025-09-09,75,-847.5000000000003,60.00000000000034,105.92296508000001,-1013.4229650800007
2025-09-08,LOW_RANGE|CONTINUE|H15_10,LOW_RANGE,CONTINUE,H15_10,CALL,2025-09-09,75,-1548.75,60.0000000000004,104.4430177625,-1713.1930177625004
2025-09-08,LOW_RANGE|FADE|H10_30,LOW_RANGE,FADE,H10_30,PUT,2025-09-09,75,641.2500000000003,60.00000000000034,104.9195613425,476.3304386575
2025-09-08,LOW_RANGE|FADE|H15_10,LOW_RANGE,FADE,H15_10,PUT,2025-09-09,75,311.2499999999999,60.000000000000284,104.5224801725,146.7275198274996
2025-09-09,HIGH_RANGE|CONTINUE|H10_30,HIGH_RANGE,CONTINUE,H10_30,CALL,2025-09-09,75,-1665.0000000000005,60.00000000000026,100.25601979999999,-1825.2560198000006
2025-09-09,HIGH_RANGE|CONTINUE|H15_10,HIGH_RANGE,CONTINUE,H15_10,CALL,2025-09-09,75,-2565.0,60.00000000000051,98.48099084,-2723.4809908400002
2025-09-09,HIGH_RANGE|FADE|H10_30,HIGH_RANGE,FADE,H10_30,PUT,2025-09-09,75,1372.5000000000002,60.000000000000256,101.95229546000002,1210.54770454
2025-09-09,HIGH_RANGE|FADE|H15_10,HIGH_RANGE,FADE,H15_10,PUT,2025-09-09,75,-2190.0,60.000000000000455,96.08340899000001,-2346.0834089900004
2025-09-10,HIGH_RANGE|CONTINUE|H10_30,HIGH_RANGE,CONTINUE,H10_30,CALL,2025-09-16,75,1151.2500000000005,59.999999999999545,121.4174894975,969.8325105025009
2025-09-10,HIGH_RANGE|CONTINUE|H15_10,HIGH_RANGE,CONTINUE,H15_10,CALL,2025-09-16,75,-131.25,60.00000000000085,116.4731438975,-307.72314389750085
2025-09-10,HIGH_RANGE|FADE|H10_30,HIGH_RANGE,FADE,H10_30,PUT,2025-09-16,75,-873.750000000001,60.00000000000085,114.5793002975,-1048.3293002975017
2025-09-10,HIGH_RANGE|FADE|H15_10,HIGH_RANGE,FADE,H15_10,PUT,2025-09-16,75,-322.50000000000034,60.00000000000085,115.39391969,-497.8939196900012
2025-09-11,LOW_RANGE|CONTINUE|H10_30,LOW_RANGE,CONTINUE,H10_30,PUT,2025-09-16,75,-78.75000000000006,60.00000000000058,111.39546473749999,-250.14546473750062
2025-09-11,LOW_RANGE|CONTINUE|H15_10,LOW_RANGE,CONTINUE,H15_10,PUT,2025-09-16,75,-798.7499999999995,60.00000000000068,109.4009895575,-968.1509895575002
2025-09-11,LOW_RANGE|FADE|H10_30,LOW_RANGE,FADE,H10_30,CALL,2025-09-16,75,-33.7500000000002,60.00000000000088,114.6172105325,-208.36721053250108
2025-09-11,LOW_RANGE|FADE|H15_10,LOW_RANGE,FADE,H15_10,CALL,2025-09-16,75,633.7500000000002,60.00000000000088,115.62415552249999,458.1258444774993
2025-09-12,HIGH_RANGE|CONTINUE|H10_30,HIGH_RANGE,CONTINUE,H10_30,CALL,2025-09-16,75,716.2499999999992,60.00000000000023,112.51304776250001,543.7369522374989
2025-09-12,HIGH_RANGE|CONTINUE|H15_10,HIGH_RANGE,CONTINUE,H15_10,CALL,2025-09-16,75,1563.7499999999995,60.000000000000625,114.3602152925,1389.3897847074988
2025-09-12,HIGH_RANGE|FADE|H10_30,HIGH_RANGE,FADE,H10_30,PUT,2025-09-16,75,-611.2500000000002,60.00000000000034,105.1905084725,-776.4405084725005
2025-09-12,HIGH_RANGE|FADE|H15_10,HIGH_RANGE,FADE,H15_10,PUT,2025-09-16,75,-1548.75,60.00000000000034,103.43912104249999,-1712.1891210425001
2025-09-15,LOW_RANGE|CONTINUE|H10_30,LOW_RANGE,CONTINUE,H10_30,CALL,2025-09-16,75,-607.5000000000003,60.0000000000004,104.331346355,-771.8313463550007
2025-09-15,LOW_RANGE|CONTINUE|H15_10,LOW_RANGE,CONTINUE,H15_10,CALL,2025-09-16,75,-1515.0000000000005,60.0000000000004,102.80365407500001,-1677.8036540750008
2025-09-15,LOW_RANGE|FADE|H10_30,LOW_RANGE,FADE,H10_30,PUT,2025-09-16,75,262.50000000000017,60.00000000000035,103.35899535499999,99.14100464499981
2025-09-15,LOW_RANGE|FADE|H15_10,LOW_RANGE,FADE,H15_10,PUT,2025-09-16,75,-262.4999999999997,60.00000000000034,102.38630533999999,-424.88630534000004
2025-09-16,LOW_RANGE|CONTINUE|H10_30,LOW_RANGE,CONTINUE,H10_30,CALL,2025-09-16,75,3356.2500000000005,60.000000000000455,106.41062396749999,3189.8393760325
2025-09-16,LOW_RANGE|CONTINUE|H15_10,LOW_RANGE,CONTINUE,H15_10,CALL,2025-09-16,75,6944.999999999999,59.99999999999821,110.559822695,6774.440177305001
2025-09-16,LOW_RANGE|FADE|H10_30,LOW_RANGE,FADE,H10_30,PUT,2025-09-16,75,-851.25,59.999999999999915,97.44031049750001,-1008.6903104974999
2025-09-16,LOW_RANGE|FADE|H15_10,LOW_RANGE,FADE,H15_10,PUT,2025-09-16,75,-1848.75,56.24999999999997,95.644213055,-2000.644213055
2025-09-17,MID_RANGE|CONTINUE|H10_30,MID_RANGE,CONTINUE,H10_30,CALL,2025-09-23,75,667.5000000000005,59.99999999999875,121.68133335499999,485.8186666450017
2025-09-17,MID_RANGE|CONTINUE|H15_10,MID_RANGE,CONTINUE,H15_10,CALL,2025-09-23,75,892.4999999999993,59.999999999998636,122.68978249999999,709.8102175000007
2025-09-17,MID_RANGE|FADE|H10_30,MID_RANGE,FADE,H10_30,PUT,2025-09-23,75,-611.2500000000005,60.000000000000625,109.61044264249999,-780.8604426425011
2025-09-17,MID_RANGE|FADE|H15_10,MID_RANGE,FADE,H15_10,PUT,2025-09-23,75,-873.7500000000002,60.000000000000625,109.1624409125,-1042.9124409125009
2025-09-18,LOW_RANGE|CONTINUE|H10_30,LOW_RANGE,CONTINUE,H10_30,CALL,2025-09-23,75,-210.00000000000034,60.000000000000284,110.70088728500001,-380.70088728500065
2025-09-18,LOW_RANGE|CONTINUE|H15_10,LOW_RANGE,CONTINUE,H15_10,CALL,2025-09-23,75,29.999999999999375,60.00000000000034,110.95671738499999,-140.95671738500096
2025-09-18,LOW_RANGE|FADE|H10_30,LOW_RANGE,FADE,H10_30,PUT,2025-09-23,75,176.24999999999957,60.00000000000031,109.08608449249999,7.163915507499269
2025-09-18,LOW_RANGE|FADE|H15_10,LOW_RANGE,FADE,H15_10,PUT,2025-09-23,75,-408.7500000000005,60.00000000000034,107.4289730075,-576.1789730075009
2025-09-19,HIGH_RANGE|CONTINUE|H10_30,HIGH_RANGE,CONTINUE,H10_30,PUT,2025-09-23,75,532.5,60.00000000000034,106.599236585,365.9007634149996
2025-09-19,HIGH_RANGE|CONTINUE|H15_10,HIGH_RANGE,CONTINUE,H15_10,PUT,2025-09-23,75,423.75,60.000000000000284,106.1247167825,257.6252832174997
2025-09-19,HIGH_RANGE|FADE|H10_30,HIGH_RANGE,FADE,H10_30,CALL,2025-09-23,75,-446.2500000000002,60.00000000000035,108.5053117925,-614.7553117925006
2025-09-19,HIGH_RANGE|FADE|H15_10,HIGH_RANGE,FADE,H15_10,CALL,2025-09-23,75,-926.2499999999998,60.00000000000034,107.27558657750001,-1093.5255865775002
2025-09-22,MID_RANGE|CONTINUE|H10_30,MID_RANGE,CONTINUE,H10_30,PUT,2025-09-23,75,-1065.0000000000002,60.00000000000034,101.75309016499999,-1226.7530901650005
2025-09-22,MID_RANGE|CONTINUE|H15_10,MID_RANGE,CONTINUE,H15_10,PUT,2025-09-23,75,2958.7499999999995,60.00000000000034,108.89489438749999,2789.8551056124993
2025-09-22,MID_RANGE|FADE|H10_30,MID_RANGE,FADE,H10_30,CALL,2025-09-23,75,1428.7499999999995,60.00000000000034,106.42391114750001,1262.3260888524992
2025-09-22,MID_RANGE|FADE|H15_10,MID_RANGE,FADE,H15_10,CALL,2025-09-23,75,-2407.5,59.99999999999994,100.19568201499999,-2567.695682015
2025-09-23,LOW_RANGE|CONTINUE|H10_30,LOW_RANGE,CONTINUE,H10_30,CALL,2025-09-23,75,-1646.25,60.00000000000048,100.9866643175,-1807.2366643175005
2025-09-23,LOW_RANGE|CONTINUE|H15_10,LOW_RANGE,CONTINUE,H15_10,CALL,2025-09-23,75,-3015.0000000000005,59.999999999999545,98.41611395,-3173.41611395
2025-09-23,LOW_RANGE|FADE|H10_30,LOW_RANGE,FADE,H10_30,PUT,2025-09-23,75,1481.25,60.00000000000002,100.5793664375,1320.6706335625
2025-09-23,LOW_RANGE|FADE|H15_10,LOW_RANGE,FADE,H15_10,PUT,2025-09-23,75,-1721.2500000000002,59.999999999999744,95.62405949749999,-1876.8740594975
2025-09-24,MID_RANGE|CONTINUE|H10_30,MID_RANGE,CONTINUE,H10_30,PUT,2025-09-30,75,-881.2499999999992,60.00000000000057,109.4585781275,-1050.7085781274998
2025-09-24,MID_RANGE|CONTINUE|H15_10,MID_RANGE,CONTINUE,H15_10,PUT,2025-09-30,75,-228.74999999999898,60.00000000000057,110.97413948750001,-399.72413948749954
2025-09-24,MID_RANGE|FADE|H10_30,MID_RANGE,FADE,H10_30,CALL,2025-09-30,75,1042.5,59.999999999998636,126.032168345,856.4678316550012
2025-09-24,MID_RANGE|FADE|H15_10,MID_RANGE,FADE,H15_10,CALL,2025-09-30,75,-71.2500000000008,59.99999999999875,121.85635973750001,-253.10635973749956
2025-09-25,HIGH_RANGE|CONTINUE|H10_30,HIGH_RANGE,CONTINUE,H10_30,PUT,2025-09-30,75,404.9999999999994,60.00000000000034,109.6257758,235.37422419999905
2025-09-25,HIGH_RANGE|CONTINUE|H15_10,HIGH_RANGE,CONTINUE,H15_10,PUT,2025-09-30,75,3239.999999999999,59.99999999999932,117.05201714,3062.94798286
2025-09-25,HIGH_RANGE|FADE|H10_30,HIGH_RANGE,FADE,H10_30,CALL,2025-09-30,75,-641.2500000000009,60.00000000000091,115.7308170425,-816.9808170425018
2025-09-25,HIGH_RANGE|FADE|H15_10,HIGH_RANGE,FADE,H15_10,CALL,2025-09-30,75,-3356.250000000001,60.0,109.7849627225,-3526.034962722501
2025-09-30,HIGH_RANGE|CONTINUE|H10_30,HIGH_RANGE,CONTINUE,H10_30,CALL,2025-09-30,75,-1792.5000000000005,60.000000000000426,101.88825801499998,-1954.388258015001
2025-09-30,HIGH_RANGE|CONTINUE|H15_10,HIGH_RANGE,CONTINUE,H15_10,CALL,2025-09-30,75,-4353.75,56.249999999999886,97.53857928500001,-4507.538579285
2025-09-30,HIGH_RANGE|FADE|H10_30,HIGH_RANGE,FADE,H10_30,PUT,2025-09-30,75,937.4999999999999,60.00000000000048,102.73127417,774.7687258299994
2025-09-30,HIGH_RANGE|FADE|H15_10,HIGH_RANGE,FADE,H15_10,PUT,2025-09-30,75,172.49999999999977,60.0000000000004,100.861375595,11.638624404999376
2025-10-01,HIGH_RANGE|CONTINUE|H10_30,HIGH_RANGE,CONTINUE,H10_30,CALL,2025-10-07,75,180.00000000000043,59.99999999999872,121.082377595,-1.0823775949982917
2025-10-01,HIGH_RANGE|CONTINUE|H15_10,HIGH_RANGE,CONTINUE,H15_10,CALL,2025-10-07,75,4267.5,59.999999999998636,134.219223095,4073.280776905002
2025-10-01,HIGH_RANGE|FADE|H10_30,HIGH_RANGE,FADE,H10_30,PUT,2025-10-07,75,-303.75000000000034,60.00000000000085,112.7573272925,-476.5073272925012
2025-10-01,HIGH_RANGE|FADE|H15_10,HIGH_RANGE,FADE,H15_10,PUT,2025-10-07,75,-2898.75,60.000000000000455,106.01914936249999,-3064.7691493625002
2025-10-03,MID_RANGE|CONTINUE|H10_30,MID_RANGE,CONTINUE,H10_30,PUT,2025-10-07,75,-1076.25,60.00000000000034,104.2748044775,-1240.5248044775005
2025-10-03,MID_RANGE|CONTINUE|H15_10,MID_RANGE,CONTINUE,H15_10,PUT,2025-10-07,75,-2242.5,60.00000000000034,101.907039185,-2404.4070391850005
2025-10-03,MID_RANGE|FADE|H10_30,MID_RANGE,FADE,H10_30,CALL,2025-10-07,75,1432.5,59.99999999999966,116.82372960499998,1255.6762703950005
2025-10-03,MID_RANGE|FADE|H15_10,MID_RANGE,FADE,H15_10,CALL,2025-10-07,75,4012.5,59.99999999999909,122.494963775,3830.005036225001
2025-10-06,HIGH_RANGE|CONTINUE|H10_30,HIGH_RANGE,CONTINUE,H10_30,CALL,2025-10-07,75,3026.25,60.000000000000455,108.7742587775,2857.4757412224994
2025-10-06,HIGH_RANGE|CONTINUE|H15_10,HIGH_RANGE,CONTINUE,H15_10,CALL,2025-10-07,75,8377.5,60.000000000000455,121.11229326499998,8196.387706735
2025-10-06,HIGH_RANGE|FADE|H10_30,HIGH_RANGE,FADE,H10_30,PUT,2025-10-07,75,-2321.25,59.99999999999994,101.18215219250001,-2482.4321521925
2025-10-06,HIGH_RANGE|FADE|H15_10,HIGH_RANGE,FADE,H15_10,PUT,2025-10-07,75,-3585.0,60.0,98.955330035,-3743.955330035
2025-10-07,LOW_RANGE|CONTINUE|H10_30,LOW_RANGE,CONTINUE,H10_30,CALL,2025-10-07,75,4391.25,60.0,108.7739908025,4222.4760091975
2025-10-07,LOW_RANGE|CONTINUE|H15_10,LOW_RANGE,CONTINUE,H15_10,CALL,2025-10-07,75,-2591.25,60.0,97.6281932375,-2748.8781932375
2025-10-07,LOW_RANGE|FADE|H10_30,LOW_RANGE,FADE,H10_30,PUT,2025-10-07,75,-1777.5,60.00000000000003,97.238567675,-1934.738567675
2025-10-07,LOW_RANGE|FADE|H15_10,LOW_RANGE,FADE,H15_10,PUT,2025-10-07,75,-2302.5,60.0,96.217077125,-2458.717077125
2025-10-08,LOW_RANGE|CONTINUE|H10_30,LOW_RANGE,CONTINUE,H10_30,PUT,2025-10-14,75,1068.7500000000002,60.00000000000057,112.59338069750001,896.1566193024996
2025-10-08,LOW_RANGE|CONTINUE|H15_10,LOW_RANGE,CONTINUE,H15_10,PUT,2025-10-14,75,3450.000000000001,59.99999999999909,118.29719396000002,3271.7028060400016
2025-10-08,LOW_RANGE|FADE|H10_30,LOW_RANGE,FADE,H10_30,CALL,2025-10-14,75,-1391.249999999999,60.0,116.87988362749999,-1568.129883627499
2025-10-08,LOW_RANGE|FADE|H15_10,LOW_RANGE,FADE,H15_10,CALL,2025-10-14,75,-3660.0,59.99999999999909,111.732581225,-3831.732581224999
2025-10-09,HIGH_RANGE|CONTINUE|H10_30,HIGH_RANGE,CONTINUE,H10_30,CALL,2025-10-14,75,-731.2500000000002,60.00000000000068,114.5996122625,-905.849612262501
2025-10-09,HIGH_RANGE|CONTINUE|H15_10,HIGH_RANGE,CONTINUE,H15_10,CALL,2025-10-14,75,2043.7499999999998,59.999999999999545,120.8185692575,1862.9314307425002
2025-10-09,HIGH_RANGE|FADE|H10_30,HIGH_RANGE,FADE,H10_30,PUT,2025-10-14,75,468.7500000000003,60.00000000000034,110.6292194975,298.12078050249994
2025-10-09,HIGH_RANGE|FADE|H15_10,HIGH_RANGE,FADE,H15_10,PUT,2025-10-14,75,-1747.5,60.00000000000034,105.19366187,-1912.6936618700004
2025-10-13,HIGH_RANGE|CONTINUE|H10_30,HIGH_RANGE,CONTINUE,H10_30,PUT,2025-10-14,75,-1004.9999999999993,60.00000000000034,106.78075925,-1171.7807592499996
2025-10-13,HIGH_RANGE|CONTINUE|H15_10,HIGH_RANGE,CONTINUE,H15_10,PUT,2025-10-14,75,-1953.7499999999995,60.00000000000034,104.5463674775,-2118.2963674774996
2025-10-13,HIGH_RANGE|FADE|H10_30,HIGH_RANGE,FADE,H10_30,CALL,2025-10-14,75,540.0000000000007,60.00000000000035,107.91351702499999,372.0864829750003
2025-10-13,HIGH_RANGE|FADE|H15_10,HIGH_RANGE,FADE,H15_10,CALL,2025-10-14,75,363.7500000000002,60.00000000000031,107.13437102750001,196.61562897249988
2025-10-14,LOW_RANGE|CONTINUE|H10_30,LOW_RANGE,CONTINUE,H10_30,CALL,2025-10-14,75,-1871.25,60.00000000000026,98.77214480750001,-2030.0221448075004
2025-10-14,LOW_RANGE|CONTINUE|H15_10,LOW_RANGE,CONTINUE,H15_10,CALL,2025-10-14,75,-3281.25,52.50000000000048,96.39088508750001,-3430.1408850875005
2025-10-14,LOW_RANGE|FADE|H10_30,LOW_RANGE,FADE,H10_30,PUT,2025-10-14,75,3810.0,60.0,108.52345632500001,3641.476543675
2025-10-14,LOW_RANGE|FADE|H15_10,LOW_RANGE,FADE,H15_10,PUT,2025-10-14,75,8467.5,60.0,112.734365225,8294.765634775
2025-10-20,HIGH_RANGE|CONTINUE|H10_30,HIGH_RANGE,CONTINUE,H10_30,CALL,2025-10-28,75,-948.7500000000005,59.999999999998636,131.2396797725,-1139.9896797724991
2025-10-20,HIGH_RANGE|CONTINUE|H15_10,HIGH_RANGE,CONTINUE,H15_10,CALL,2025-10-28,75,-221.25000000000136,59.999999999998636,132.6521860325,-413.9021860325
2025-10-20,HIGH_RANGE|FADE|H10_30,HIGH_RANGE,FADE,H10_30,PUT,2025-10-28,75,963.7500000000007,60.0,125.20968028249999,778.5403197175007
2025-10-20,HIGH_RANGE|FADE|H15_10,HIGH_RANGE,FADE,H15_10,PUT,2025-10-28,75,41.24999999999977,60.00000000000091,118.95500411749998,-137.70500411750112
2025-10-23,MID_RANGE|CONTINUE|H10_30,MID_RANGE,CONTINUE,H10_30,CALL,2025-10-28,75,-386.2499999999993,59.99999999999875,129.6511004375,-575.901100437498
2025-10-23,MID_RANGE|CONTINUE|H15_10,MID_RANGE,CONTINUE,H15_10,CALL,2025-10-28,75,-4188.75,60.0,117.55877558750001,-4366.3087755875
2025-10-23,MID_RANGE|FADE|H10_30,MID_RANGE,FADE,H10_30,PUT,2025-10-28,75,191.24999999999977,60.000000000000824,111.82618945249999,19.42381054749896
2025-10-23,MID_RANGE|FADE|H15_10,MID_RANGE,FADE,H15_10,PUT,2025-10-28,75,3371.2500000000005,60.000000000000455,120.73737023749999,3190.5126297625
2025-10-24,HIGH_RANGE|CONTINUE|H10_30,HIGH_RANGE,CONTINUE,H10_30,CALL,2025-10-28,75,-1920.0000000000002,59.999999999999545,114.361186505,-2094.3611865049998
2025-10-24,HIGH_RANGE|CONTINUE|H15_10,HIGH_RANGE,CONTINUE,H15_10,CALL,2025-10-28,75,-3543.75,60.000000000000455,110.94192461749999,-3714.6919246175003
2025-10-24,HIGH_RANGE|FADE|H10_30,HIGH_RANGE,FADE,H10_30,PUT,2025-10-28,75,1421.2500000000002,60.00000000000091,115.44140111750002,1245.8085988824994
2025-10-24,HIGH_RANGE|FADE|H15_10,HIGH_RANGE,FADE,H15_10,PUT,2025-10-28,75,3022.500000000001,59.99999999999932,118.013169905,2844.486830095002
2025-10-27,MID_RANGE|CONTINUE|H10_30,MID_RANGE,CONTINUE,H10_30,CALL,2025-10-28,75,2700.0000000000005,59.999999999999545,121.21005131000001,2518.789948690001
2025-10-27,MID_RANGE|CONTINUE|H15_10,MID_RANGE,CONTINUE,H15_10,CALL,2025-10-28,75,2257.5000000000005,59.999999999999716,117.377227715,2080.1227722850003
2025-10-27,MID_RANGE|FADE|H10_30,MID_RANGE,FADE,H10_30,PUT,2025-10-28,75,-885.0,60.00000000000034,102.68394227000002,-1047.6839422700002
2025-10-27,MID_RANGE|FADE|H15_10,MID_RANGE,FADE,H15_10,PUT,2025-10-28,75,-1342.5,60.000000000000114,101.49301557500002,-1503.993015575
2025-10-28,LOW_RANGE|CONTINUE|H10_30,LOW_RANGE,CONTINUE,H10_30,PUT,2025-10-28,75,3513.75,59.999999999999886,110.93483165750001,3342.8151683425
2025-10-28,LOW_RANGE|CONTINUE|H15_10,LOW_RANGE,CONTINUE,H15_10,PUT,2025-10-28,75,1665.0000000000005,60.000000000000455,105.098876615,1499.9011233850001
2025-10-28,LOW_RANGE|FADE|H10_30,LOW_RANGE,FADE,H10_30,CALL,2025-10-28,75,-2437.5000000000005,60.0000000000004,101.49874645999999,-2598.998746460001
2025-10-28,LOW_RANGE|FADE|H15_10,LOW_RANGE,FADE,H15_10,CALL,2025-10-28,75,-4398.75,59.999999999999886,97.96459760750001,-4556.7145976075
2025-10-29,HIGH_RANGE|CONTINUE|H10_30,HIGH_RANGE,CONTINUE,H10_30,CALL,2025-11-04,75,648.7500000000016,59.99999999999886,140.22690016250002,448.52309983750274
2025-10-29,HIGH_RANGE|CONTINUE|H15_10,HIGH_RANGE,CONTINUE,H15_10,CALL,2025-11-04,75,690.0000000000002,59.99999999999872,138.507515915,491.4924840850015
2025-10-29,HIGH_RANGE|FADE|H10_30,HIGH_RANGE,FADE,H10_30,PUT,2025-11-04,75,-652.5000000000008,60.00000000000091,116.12622233,-828.6262223300017
2025-10-29,HIGH_RANGE|FADE|H15_10,HIGH_RANGE,FADE,H15_10,PUT,2025-11-04,75,-742.4999999999999,60.00000000000091,115.476051395,-917.9760513950008
2025-10-30,LOW_RANGE|CONTINUE|H10_30,LOW_RANGE,CONTINUE,H10_30,PUT,2025-11-04,75,738.7500000000001,60.00000000000091,117.78744653750002,560.9625534624992
2025-10-30,LOW_RANGE|CONTINUE|H15_10,LOW_RANGE,CONTINUE,H15_10,PUT,2025-11-04,75,1616.2500000000002,59.99999999999977,119.25178828250002,1436.9982117175005
2025-10-30,LOW_RANGE|FADE|H10_30,LOW_RANGE,FADE,H10_30,CALL,2025-11-04,75,-843.75,59.99999999999886,124.57704545749999,-1028.3270454574988
2025-10-30,LOW_RANGE|FADE|H15_10,LOW_RANGE,FADE,H15_10,CALL,2025-11-04,75,-1916.25,60.0,120.4386718625,-2096.6886718625
2025-10-31,MID_RANGE|CONTINUE|H10_30,MID_RANGE,CONTINUE,H10_30,CALL,2025-11-04,75,-2156.25,59.999999999999545,117.2687526725,-2333.5187526724994
2025-10-31,MID_RANGE|CONTINUE|H15_10,MID_RANGE,CONTINUE,H15_10,CALL,2025-11-04,75,-3930.0,60.0,113.260849415,-4103.260849415
2025-10-31,MID_RANGE|FADE|H10_30,MID_RANGE,FADE,H10_30,PUT,2025-11-04,75,1807.5,60.000000000000114,114.663178925,1632.8368210749998
2025-10-31,MID_RANGE|FADE|H15_10,MID_RANGE,FADE,H15_10,PUT,2025-11-04,75,3600.0,59.99999999999932,118.85097780500001,3421.1490221950003
2025-11-03,LOW_RANGE|CONTINUE|H10_30,LOW_RANGE,CONTINUE,H10_30,PUT,2025-11-04,75,-1485.0,60.00000000000034,103.069178255,-1648.0691782550002
2025-11-03,LOW_RANGE|CONTINUE|H15_10,LOW_RANGE,CONTINUE,H15_10,PUT,2025-11-04,75,-2340.0,59.999999999999886,101.23928774,-2501.23928774
2025-11-03,LOW_RANGE|FADE|H10_30,LOW_RANGE,FADE,H10_30,CALL,2025-11-04,75,1897.4999999999998,60.0,120.479235065,1717.0207649349998
2025-11-03,LOW_RANGE|FADE|H15_10,LOW_RANGE,FADE,H15_10,CALL,2025-11-04,75,2579.9999999999986,59.999999999999545,120.49652984,2399.503470159999
2025-11-04,LOW_RANGE|CONTINUE|H10_30,LOW_RANGE,CONTINUE,H10_30,PUT,2025-11-04,75,-693.7499999999999,60.00000000000048,101.55319939249999,-855.3031993925003
2025-11-04,LOW_RANGE|CONTINUE|H15_10,LOW_RANGE,CONTINUE,H15_10,PUT,2025-11-04,75,3746.2499999999995,60.00000000000051,107.38755403249999,3578.8624459674993
2025-11-04,LOW_RANGE|FADE|H10_30,LOW_RANGE,FADE,H10_30,CALL,2025-11-04,75,-292.49999999999994,60.000000000000426,102.80398865000001,-455.30398865000035
2025-11-04,LOW_RANGE|FADE|H15_10,LOW_RANGE,FADE,H15_10,CALL,2025-11-04,75,-3678.75,56.249999999999886,97.280347865,-3832.280347865
2025-11-06,LOW_RANGE|CONTINUE|H10_30,LOW_RANGE,CONTINUE,H10_30,CALL,2025-11-11,75,-2163.75,59.999999999999545,119.79577148749999,-2343.5457714874997
2025-11-06,LOW_RANGE|CONTINUE|H15_10,LOW_RANGE,CONTINUE,H15_10,CALL,2025-11-11,75,-3082.4999999999995,59.999999999999545,116.209514735,-3258.709514734999
2025-11-06,LOW_RANGE|FADE|H10_30,LOW_RANGE,FADE,H10_30,PUT,2025-11-11,75,1916.2499999999993,60.0,118.5816221975,1737.6683778024994
2025-11-06,LOW_RANGE|FADE|H15_10,LOW_RANGE,FADE,H15_10,PUT,2025-11-11,75,2561.2499999999986,59.999999999999545,118.72713107749999,2382.522868922499
2025-11-07,HIGH_RANGE|CONTINUE|H10_30,HIGH_RANGE,CONTINUE,H10_30,PUT,2025-11-11,75,-558.7500000000005,60.000000000000455,109.92870835250001,-728.678708352501
2025-11-07,HIGH_RANGE|CONTINUE|H15_10,HIGH_RANGE,CONTINUE,H15_10,PUT,2025-11-11,75,-2625.0,60.00000000000068,105.24910821499999,-2790.249108215001
2025-11-07,HIGH_RANGE|FADE|H10_30,HIGH_RANGE,FADE,H10_30,CALL,2025-11-11,75,228.74999999999977,60.000000000000824,115.2952719275,53.45472807249895
2025-11-07,HIGH_RANGE|FADE|H15_10,HIGH_RANGE,FADE,H15_10,CALL,2025-11-11,75,3363.75,60.000000000000455,124.0173115925,3179.7326884074996
2025-11-10,LOW_RANGE|CONTINUE|H10_30,LOW_RANGE,CONTINUE,H10_30,CALL,2025-11-11,75,1421.2499999999995,60.00000000000034,112.39485343249999,1248.8551465674993
2025-11-10,LOW_RANGE|CONTINUE|H15_10,LOW_RANGE,CONTINUE,H15_10,CALL,2025-11-11,75,1061.2499999999995,60.00000000000034,110.9165819975,890.3334180024993
2025-11-10,LOW_RANGE|FADE|H10_30,LOW_RANGE,FADE,H10_30,PUT,2025-11-11,75,-1346.2499999999998,60.0000000000004,102.97961314249999,-1509.2296131425003
2025-11-10,LOW_RANGE|FADE|H15_10,LOW_RANGE,FADE,H15_10,PUT,2025-11-11,75,-1665.0,60.000000000000455,102.187126685,-1827.1871266850005
2025-11-11,LOW_RANGE|CONTINUE|H10_30,LOW_RANGE,CONTINUE,H10_30,CALL,2025-11-11,75,-1364.9999999999998,60.000000000000455,102.262911635,-1527.2629116350001
2025-11-11,LOW_RANGE|CONTINUE|H15_10,LOW_RANGE,CONTINUE,H15_10,CALL,2025-11-11,75,9131.25,59.99999999999818,116.58735125749999,8954.662648742502
2025-11-11,LOW_RANGE|FADE|H10_30,LOW_RANGE,FADE,H10_30,PUT,2025-11-11,75,288.75000000000034,60.00000000000044,101.1094732325,127.64052676749989
2025-11-11,LOW_RANGE|FADE|H15_10,LOW_RANGE,FADE,H15_10,PUT,2025-11-11,75,-2804.9999999999995,52.50000000000051,96.29071985000002,-2953.79071985
2025-11-12,HIGH_RANGE|CONTINUE|H10_30,HIGH_RANGE,CONTINUE,H10_30,CALL,2025-11-18,75,378.7499999999998,59.99999999999872,132.45518068249999,186.29481931750104
2025-11-12,HIGH_RANGE|CONTINUE|H15_10,HIGH_RANGE,CONTINUE,H15_10,CALL,2025-11-18,75,1391.2499999999998,59.999999999998636,136.6620553475,1194.5879446525012
2025-11-12,HIGH_RANGE|FADE|H10_30,HIGH_RANGE,FADE,H10_30,PUT,2025-11-18,75,-513.7500000000001,60.00000000000091,116.04362872249999,-689.793628722501
2025-11-12,HIGH_RANGE|FADE|H15_10,HIGH_RANGE,FADE,H15_10,PUT,2025-11-18,75,-1406.2499999999995,60.00000000000068,113.3241125825,-1579.5741125825002
2025-11-13,MID_RANGE|CONTINUE|H10_30,MID_RANGE,CONTINUE,H10_30,CALL,2025-11-18,75,678.7499999999998,59.999999999998636,129.17767172749998,489.5723282725012
2025-11-13,MID_RANGE|CONTINUE|H15_10,MID_RANGE,CONTINUE,H15_10,CALL,2025-11-18,75,-461.25000000000045,59.99999999999872,126.33811808749999,-647.5881180874992
2025-11-13,MID_RANGE|FADE|H10_30,MID_RANGE,FADE,H10_30,PUT,2025-11-18,75,-765.0000000000008,60.00000000000085,112.355847665,-937.3558476650016
2025-11-13,MID_RANGE|FADE|H15_10,MID_RANGE,FADE,H15_10,PUT,2025-11-18,75,281.24999999999943,60.00000000000091,116.55469081250001,104.69530918749851
2025-11-14,HIGH_RANGE|CONTINUE|H10_30,HIGH_RANGE,CONTINUE,H10_30,PUT,2025-11-18,75,1417.5000000000002,59.999999999999545,121.08998717,1236.4100128300006
2025-11-14,HIGH_RANGE|CONTINUE|H15_10,HIGH_RANGE,CONTINUE,H15_10,PUT,2025-11-18,75,-1376.25,60.00000000000023,111.2820686075,-1547.5320686075002
2025-11-14,HIGH_RANGE|FADE|H10_30,HIGH_RANGE,FADE,H10_30,CALL,2025-11-18,75,-1335.0,60.0,118.74415644500002,-1513.744156445
2025-11-14,HIGH_RANGE|FADE|H15_10,HIGH_RANGE,FADE,H15_10,CALL,2025-11-18,75,855.000000000001,59.999999999998835,123.66154871,671.3384512900021
2025-11-17,MID_RANGE|CONTINUE|H10_30,MID_RANGE,CONTINUE,H10_30,CALL,2025-11-18,75,-1121.249999999999,60.0000000000004,106.2398584025,-1287.4898584024995
2025-11-17,MID_RANGE|CONTINUE|H15_10,MID_RANGE,CONTINUE,H15_10,CALL,2025-11-18,75,-288.74999999999983,60.00000000000034,107.52900203749999,-456.27900203750016
2025-11-17,MID_RANGE|FADE|H10_30,MID_RANGE,FADE,H10_30,PUT,2025-11-18,75,1020.0000000000001,60.00000000000034,110.43297066499998,849.5670293349998
2025-11-17,MID_RANGE|FADE|H15_10,MID_RANGE,FADE,H15_10,PUT,2025-11-18,75,-911.25,60.00000000000034,106.0698197075,-1077.3198197075003
2025-11-18,LOW_RANGE|CONTINUE|H10_30,LOW_RANGE,CONTINUE,H10_30,CALL,2025-11-18,75,-1485.0,60.00000000000003,100.057488095,-1645.057488095
2025-11-18,LOW_RANGE|CONTINUE|H15_10,LOW_RANGE,CONTINUE,H15_10,CALL,2025-11-18,75,-3506.25,56.25,96.736574915,-3659.236574915
2025-11-18,LOW_RANGE|FADE|H10_30,LOW_RANGE,FADE,H10_30,PUT,2025-11-18,75,1665.0,60.0000000000004,105.656597015,1499.3434029849996
2025-11-18,LOW_RANGE|FADE|H15_10,LOW_RANGE,FADE,H15_10,PUT,2025-11-18,75,-1383.75,60.00000000000017,100.2007096625,-1543.9507096625002
2025-11-19,HIGH_RANGE|CONTINUE|H10_30,HIGH_RANGE,CONTINUE,H10_30,CALL,2025-11-25,75,948.7499999999993,59.999999999998636,132.06933770749998,756.6806622925008
2025-11-19,HIGH_RANGE|CONTINUE|H15_10,HIGH_RANGE,CONTINUE,H15_10,CALL,2025-11-25,75,2253.7500000000005,59.999999999998636,138.5792414225,2055.170758577502
2025-11-19,HIGH_RANGE|FADE|H10_30,HIGH_RANGE,FADE,H10_30,PUT,2025-11-25,75,-967.4999999999989,59.99999999999977,117.751181105,-1145.2511811049985
2025-11-19,HIGH_RANGE|FADE|H15_10,HIGH_RANGE,FADE,H15_10,PUT,2025-11-25,75,-1796.249999999999,60.0,115.1566990325,-1971.406699032499
2025-11-20,LOW_RANGE|CONTINUE|H10_30,LOW_RANGE,CONTINUE,H10_30,CALL,2025-11-25,75,78.74999999999926,59.99999999999875,123.03757903249999,-104.28757903249948
2025-11-20,LOW_RANGE|CONTINUE|H15_10,LOW_RANGE,CONTINUE,H15_10,CALL,2025-11-25,75,1676.249999999999,59.999999999998636,128.3229302675,1487.9270697325005
2025-11-20,LOW_RANGE|FADE|H10_30,LOW_RANGE,FADE,H10_30,PUT,2025-11-25,75,-228.74999999999977,60.00000000000091,117.1299784025,-405.8799784025007
2025-11-20,LOW_RANGE|FADE|H15_10,LOW_RANGE,FADE,H15_10,PUT,2025-11-25,75,-1537.4999999999998,60.00000000000068,112.65742115,-1710.1574211500006
2025-11-21,HIGH_RANGE|CONTINUE|H10_30,HIGH_RANGE,CONTINUE,H10_30,PUT,2025-11-25,75,1455.000000000001,59.99999999999977,120.17399300000001,1274.826007000001
2025-11-21,HIGH_RANGE|CONTINUE|H15_10,HIGH_RANGE,CONTINUE,H15_10,PUT,2025-11-25,75,1398.75,60.0,119.2160158325,1219.5339841675
2025-11-21,HIGH_RANGE|FADE|H10_30,HIGH_RANGE,FADE,H10_30,CALL,2025-11-25,75,-1571.25,60.00000000000068,112.2262478525,-1743.4762478525006
2025-11-21,HIGH_RANGE|FADE|H15_10,HIGH_RANGE,FADE,H15_10,CALL,2025-11-25,75,-1800.0000000000002,60.00000000000068,111.21946570999998,-1971.2194657100008
2025-11-24,LOW_RANGE|CONTINUE|H10_30,LOW_RANGE,CONTINUE,H10_30,CALL,2025-11-25,75,-3.750000000000057,60.00000000000031,111.5921843525,-175.34218435250037
2025-11-24,LOW_RANGE|CONTINUE|H15_10,LOW_RANGE,CONTINUE,H15_10,CALL,2025-11-25,75,-4065.0,60.0,103.84658621,-4228.84658621
2025-11-24,LOW_RANGE|FADE|H10_30,LOW_RANGE,FADE,H10_30,PUT,2025-11-25,75,-225.00000000000014,60.000000000000284,104.307713705,-389.3077137050004
2025-11-24,LOW_RANGE|FADE|H15_10,LOW_RANGE,FADE,H15_10,PUT,2025-11-25,75,3918.750000000001,60.00000000000023,113.6131124375,3745.1368875625008
2025-11-25,LOW_RANGE|CONTINUE|H10_30,LOW_RANGE,CONTINUE,H10_30,CALL,2025-11-25,75,3138.75,59.99999999999994,107.85978208249999,2970.8902179175
2025-11-25,LOW_RANGE|CONTINUE|H15_10,LOW_RANGE,CONTINUE,H15_10,CALL,2025-11-25,75,-3356.2499999999995,60.000000000000455,96.97133653250002,-3513.2213365325
2025-11-25,LOW_RANGE|FADE|H10_30,LOW_RANGE,FADE,H10_30,PUT,2025-11-25,75,-2047.5,60.00000000000048,98.98295252,-2206.4829525200003
2025-11-25,LOW_RANGE|FADE|H15_10,LOW_RANGE,FADE,H15_10,PUT,2025-11-25,75,794.9999999999998,60.0000000000004,102.69004769000001,632.3099523099993
2025-11-26,HIGH_RANGE|CONTINUE|H10_30,HIGH_RANGE,CONTINUE,H10_30,PUT,2025-12-02,75,-1158.7499999999995,60.00000000000091,113.89032640250001,-1332.6403264025005
2025-11-26,HIGH_RANGE|CONTINUE|H15_10,HIGH_RANGE,CONTINUE,H15_10,PUT,2025-12-02,75,-2441.25,60.00000000000023,110.4378828725,-2611.6878828725
2025-11-26,HIGH_RANGE|FADE|H10_30,HIGH_RANGE,FADE,H10_30,CALL,2025-12-02,75,1702.499999999999,59.999999999998636,132.81485348,1509.6851465200004
2025-11-26,HIGH_RANGE|FADE|H15_10,HIGH_RANGE,FADE,H15_10,CALL,2025-12-02,75,3603.75,60.0,141.9319638575,3401.8180361425
2025-11-27,LOW_RANGE|CONTINUE|H10_30,LOW_RANGE,CONTINUE,H10_30,CALL,2025-12-02,75,11.250000000001478,59.99999999999875,123.4370748425,-172.18707484249728
2025-11-27,LOW_RANGE|CONTINUE|H15_10,LOW_RANGE,CONTINUE,H15_10,CALL,2025-12-02,75,-1683.749999999999,59.99999999999909,117.47002915249999,-1861.2200291524982
2025-11-27,LOW_RANGE|FADE|H10_30,LOW_RANGE,FADE,H10_30,PUT,2025-12-02,75,-142.49999999999937,60.000000000000824,113.368853675,-315.8688536750002
2025-11-27,LOW_RANGE|FADE|H15_10,LOW_RANGE,FADE,H15_10,PUT,2025-12-02,75,1256.2500000000005,60.00000000000088,116.0236690925,1080.2263309074997
2025-11-28,MID_RANGE|CONTINUE|H10_30,MID_RANGE,CONTINUE,H10_30,CALL,2025-12-02,75,367.4999999999993,59.99999999999872,119.13763563500001,188.36236436500062
2025-11-28,MID_RANGE|CONTINUE|H15_10,MID_RANGE,CONTINUE,H15_10,CALL,2025-12-02,75,-652.5000000000007,59.999999999999545,115.589416445,-828.0894164450002
2025-11-28,MID_RANGE|FADE|H10_30,MID_RANGE,FADE,H10_30,PUT,2025-12-02,75,-446.24999999999966,60.00000000000034,108.01033493749999,-614.2603349375
2025-11-28,MID_RANGE|FADE|H15_10,MID_RANGE,FADE,H15_10,PUT,2025-12-02,75,-52.49999999999966,60.00000000000034,108.365134055,-220.865134055
2025-12-01,LOW_RANGE|CONTINUE|H10_30,LOW_RANGE,CONTINUE,H10_30,CALL,2025-12-02,75,-547.4999999999998,60.00000000000034,106.76561558,-714.2656155800001
2025-12-01,LOW_RANGE|CONTINUE|H15_10,LOW_RANGE,CONTINUE,H15_10,CALL,2025-12-02,75,-3626.25,60.0,101.51129488249998,-3787.7612948825
2025-12-01,LOW_RANGE|FADE|H10_30,LOW_RANGE,FADE,H10_30,PUT,2025-12-02,75,123.75000000000016,60.00000000000031,106.6693957775,-42.919395777500156
2025-12-01,LOW_RANGE|FADE|H15_10,LOW_RANGE,FADE,H15_10,PUT,2025-12-02,75,3768.749999999999,59.99999999999898,113.54733394249999,3595.2026660575
2025-12-02,HIGH_RANGE|CONTINUE|H10_30,HIGH_RANGE,CONTINUE,H10_30,PUT,2025-12-02,75,937.4999999999999,60.00000000000048,101.79709249999999,775.7029074999995
2025-12-02,HIGH_RANGE|CONTINUE|H15_10,HIGH_RANGE,CONTINUE,H15_10,PUT,2025-12-02,75,2842.4999999999995,60.000000000000455,103.99680291499999,2678.503197084999
2025-12-02,HIGH_RANGE|FADE|H10_30,HIGH_RANGE,FADE,H10_30,CALL,2025-12-02,75,-1608.7499999999995,60.000000000000455,101.6044012475,-1770.3544012475
2025-12-02,HIGH_RANGE|FADE|H15_10,HIGH_RANGE,FADE,H15_10,CALL,2025-12-02,75,-4338.75,52.5,97.23046955749999,-4488.4804695575
2025-12-03,MID_RANGE|CONTINUE|H10_30,MID_RANGE,CONTINUE,H10_30,CALL,2025-12-09,75,-959.9999999999986,59.999999999998636,124.55203598,-1144.5520359799973
2025-12-03,MID_RANGE|CONTINUE|H15_10,MID_RANGE,CONTINUE,H15_10,CALL,2025-12-09,75,416.25000000000085,59.99999999999872,128.3671517375,227.88284826250216
2025-12-03,MID_RANGE|FADE|H10_30,MID_RANGE,FADE,H10_30,PUT,2025-12-09,75,772.5000000000015,59.99999999999977,118.427764985,594.0722350150018
2025-12-03,MID_RANGE|FADE|H15_10,MID_RANGE,FADE,H15_10,PUT,2025-12-09,75,-675.0,60.00000000000091,113.07573365,-848.0757336500009
2025-12-04,HIGH_RANGE|CONTINUE|H10_30,HIGH_RANGE,CONTINUE,H10_30,PUT,2025-12-09,75,-1668.7500000000002,60.00000000000023,110.0735658425,-1838.8235658425006
2025-12-04,HIGH_RANGE|CONTINUE|H15_10,HIGH_RANGE,CONTINUE,H15_10,PUT,2025-12-09,75,-1316.25,60.00000000000068,110.2096708175,-1486.4596708175006
2025-12-04,HIGH_RANGE|FADE|H10_30,HIGH_RANGE,FADE,H10_30,CALL,2025-12-09,75,1897.5000000000005,59.999999999998636,125.052542345,1712.447457655002
2025-12-04,HIGH_RANGE|FADE|H15_10,HIGH_RANGE,FADE,H15_10,CALL,2025-12-09,75,1031.2499999999995,59.99999999999861,121.31746046749998,849.9325395325009
2025-12-05,MID_RANGE|CONTINUE|H10_30,MID_RANGE,CONTINUE,H10_30,PUT,2025-12-09,75,-382.4999999999993,60.00000000000034,110.73574037000002,-553.2357403699997
2025-12-05,MID_RANGE|CONTINUE|H15_10,MID_RANGE,CONTINUE,H15_10,PUT,2025-12-09,75,-3438.75,60.0,104.14683170750001,-3602.8968317075
2025-12-05,MID_RANGE|FADE|H10_30,MID_RANGE,FADE,H10_30,CALL,2025-12-09,75,-165.00000000000057,60.000000000000455,112.66776218,-337.66776218000103
2025-12-05,MID_RANGE|FADE|H15_10,MID_RANGE,FADE,H15_10,CALL,2025-12-09,75,3986.25,60.00000000000023,123.0434386775,3803.2065613225
2025-12-08,LOW_RANGE|CONTINUE|H10_30,LOW_RANGE,CONTINUE,H10_30,PUT,2025-12-09,75,1091.25,60.0000000000004,107.6126956175,923.6373043824996
2025-12-08,LOW_RANGE|CONTINUE|H15_10,LOW_RANGE,CONTINUE,H15_10,PUT,2025-12-09,75,6487.500000000002,60.000000000002274,120.57907603999999,6306.92092396
2025-12-08,LOW_RANGE|FADE|H10_30,LOW_RANGE,FADE,H10_30,CALL,2025-12-09,75,-1320.0,60.0000000000004,104.31344458999999,-1484.3134445900005
2025-12-08,LOW_RANGE|FADE|H15_10,LOW_RANGE,FADE,H15_10,CALL,2025-12-09,75,-4132.5,60.0,99.79826182999999,-4292.29826183
2025-12-09,MID_RANGE|CONTINUE|H10_30,MID_RANGE,CONTINUE,H10_30,PUT,2025-12-09,75,-1642.5,60.000000000000455,101.61940427,-1804.1194042700004
2025-12-09,MID_RANGE|CONTINUE|H15_10,MID_RANGE,CONTINUE,H15_10,PUT,2025-12-09,75,-4308.75,60.00000000000006,97.27623958250001,-4466.0262395825
2025-12-09,MID_RANGE|FADE|H10_30,MID_RANGE,FADE,H10_30,CALL,2025-12-09,75,1440.0,60.000000000000256,104.11831349,1275.8816865099998
2025-12-09,MID_RANGE|FADE|H15_10,MID_RANGE,FADE,H15_10,CALL,2025-12-09,75,-870.0,60.00000000000023,99.93050129,-1029.9305012900002
2025-12-10,HIGH_RANGE|CONTINUE|H10_30,HIGH_RANGE,CONTINUE,H10_30,CALL,2025-12-16,75,779.9999999999999,59.999999999998636,124.78244354,595.2175564600012
2025-12-10,HIGH_RANGE|CONTINUE|H15_10,HIGH_RANGE,CONTINUE,H15_10,CALL,2025-12-16,75,-2504.999999999999,59.999999999999545,115.05347220499999,-2680.053472204999
2025-12-10,HIGH_RANGE|FADE|H10_30,HIGH_RANGE,FADE,H10_30,PUT,2025-12-16,75,-753.7500000000003,60.00000000000091,115.21613521249999,-928.9661352125013
2025-12-10,HIGH_RANGE|FADE|H15_10,HIGH_RANGE,FADE,H15_10,PUT,2025-12-16,75,2748.75,59.99999999999909,127.45576327249998,2561.294236727501
2025-12-11,MID_RANGE|CONTINUE|H10_30,MID_RANGE,CONTINUE,H10_30,CALL,2025-12-16,75,903.7500000000003,59.99999999999886,122.3362062425,721.4137937575015
2025-12-11,MID_RANGE|CONTINUE|H15_10,MID_RANGE,CONTINUE,H15_10,CALL,2025-12-16,75,2606.250000000001,59.999999999998636,126.06206482250002,2420.187935177502
2025-12-11,MID_RANGE|FADE|H10_30,MID_RANGE,FADE,H10_30,PUT,2025-12-16,75,-802.5000000000008,60.00000000000091,113.411271935,-975.9112719350017
2025-12-11,MID_RANGE|FADE|H15_10,MID_RANGE,FADE,H15_10,PUT,2025-12-16,75,-2298.750000000001,60.000000000000455,108.68046106249999,-2467.4304610625013
2025-12-12,MID_RANGE|CONTINUE|H10_30,MID_RANGE,CONTINUE,H10_30,CALL,2025-12-16,75,-1803.7500000000005,60.00000000000068,112.30868749249998,-1976.0586874925013
2025-12-12,MID_RANGE|CONTINUE|H15_10,MID_RANGE,CONTINUE,H15_10,CALL,2025-12-16,75,-60.00000000000034,60.00000000000057,115.5351752,-235.5351752000009
2025-12-12,MID_RANGE|FADE|H10_30,MID_RANGE,FADE,H10_30,PUT,2025-12-16,75,1218.7500000000005,60.00000000000034,110.45616361250002,1048.2938363875003
2025-12-12,MID_RANGE|FADE|H15_10,MID_RANGE,FADE,H15_10,PUT,2025-12-16,75,-914.9999999999999,60.000000000000114,104.98393193,-1079.98393193
2025-12-15,MID_RANGE|CONTINUE|H10_30,MID_RANGE,CONTINUE,H10_30,PUT,2025-12-16,75,-1481.25,60.0000000000004,102.5307053675,-1643.7807053675006
2025-12-15,MID_RANGE|CONTINUE|H15_10,MID_RANGE,CONTINUE,H15_10,PUT,2025-12-16,75,-2928.7500000000005,60.0,99.9812190425,-3088.7312190425005
2025-12-15,MID_RANGE|FADE|H10_30,MID_RANGE,FADE,H10_30,CALL,2025-12-16,75,1297.4999999999998,60.00000000000034,112.547465585,1124.9525344149995
2025-12-15,MID_RANGE|FADE|H15_10,MID_RANGE,FADE,H15_10,CALL,2025-12-16,75,3356.249999999999,59.99999999999898,116.35896160249999,3179.8910383975
2025-12-16,LOW_RANGE|CONTINUE|H10_30,LOW_RANGE,CONTINUE,H10_30,PUT,2025-12-16,75,-371.24999999999966,60.00000000000047,99.6530179175,-530.9030179175002
2025-12-16,LOW_RANGE|CONTINUE|H15_10,LOW_RANGE,CONTINUE,H15_10,PUT,2025-12-16,75,-247.5,60.000000000000455,99.59103533000001,-407.09103533000047
2025-12-16,LOW_RANGE|FADE|H10_30,LOW_RANGE,FADE,H10_30,CALL,2025-12-16,75,-525.0,60.00000000000048,102.23110681999998,-687.2311068200004
2025-12-16,LOW_RANGE|FADE|H15_10,LOW_RANGE,FADE,H15_10,CALL,2025-12-16,75,-3975.0,52.5,96.87356817499997,-4124.373568175
2025-12-17,MID_RANGE|CONTINUE|H10_30,MID_RANGE,CONTINUE,H10_30,CALL,2025-12-23,75,-1792.5000000000005,60.0,117.114024935,-1969.6140249350005
2025-12-17,MID_RANGE|CONTINUE|H15_10,MID_RANGE,CONTINUE,H15_10,CALL,2025-12-23,75,-1965.0000000000005,60.0,116.221667855,-2141.2216678550003
2025-12-17,MID_RANGE|FADE|H10_30,MID_RANGE,FADE,H10_30,PUT,2025-12-23,75,1672.5,60.0,120.78142886,1491.71857114
2025-12-17,MID_RANGE|FADE|H15_10,MID_RANGE,FADE,H15_10,PUT,2025-12-23,75,1620.0000000000005,59.999999999999545,119.34772235,1440.652277650001
2025-12-18,LOW_RANGE|CONTINUE|H10_30,LOW_RANGE,CONTINUE,H10_30,PUT,2025-12-23,75,-787.4999999999994,60.000000000000625,110.504457845,-958.004457845
2025-12-18,LOW_RANGE|CONTINUE|H15_10,LOW_RANGE,CONTINUE,H15_10,PUT,2025-12-23,75,-802.4999999999997,60.00000000000057,109.786089335,-972.2860893350003
2025-12-18,LOW_RANGE|FADE|H10_30,LOW_RANGE,FADE,H10_30,CALL,2025-12-23,75,1012.4999999999989,59.99999999999977,120.091839095,832.4081609049991
2025-12-18,LOW_RANGE|FADE|H15_10,LOW_RANGE,FADE,H15_10,CALL,2025-12-23,75,465.0000000000002,60.00000000000088,117.46993290500001,287.5300670949993
2025-12-19,MID_RANGE|CONTINUE|H10_30,MID_RANGE,CONTINUE,H10_30,CALL,2025-12-23,75,-258.7500000000005,60.00000000000034,112.7164087475,-431.46640874750085
2025-12-19,MID_RANGE|CONTINUE|H15_10,MID_RANGE,CONTINUE,H15_10,CALL,2025-12-23,75,-397.50000000000034,60.00000000000034,111.864820685,-569.3648206850007
2025-12-19,MID_RANGE|FADE|H10_30,MID_RANGE,FADE,H10_30,PUT,2025-12-23,75,90.00000000000021,60.00000000000032,108.587619665,-78.58761966500012
2025-12-19,MID_RANGE|FADE|H15_10,MID_RANGE,FADE,H15_10,PUT,2025-12-23,75,-607.5000000000006,60.00000000000034,106.548284945,-774.0482849450009
2025-12-22,LOW_RANGE|CONTINUE|H10_30,LOW_RANGE,CONTINUE,H10_30,CALL,2025-12-23,75,-303.7500000000002,60.000000000000426,102.55801547749999,-466.3080154775006
2025-12-22,LOW_RANGE|CONTINUE|H15_10,LOW_RANGE,CONTINUE,H15_10,CALL,2025-12-23,75,-101.2499999999999,60.000000000000455,102.8584016225,-264.1084016225003
2025-12-22,LOW_RANGE|FADE|H10_30,LOW_RANGE,FADE,H10_30,PUT,2025-12-23,75,29.999999999999886,60.000000000000284,107.07358909999999,-137.0735891000004
2025-12-22,LOW_RANGE|FADE|H15_10,LOW_RANGE,FADE,H15_10,PUT,2025-12-23,75,-1215.0,60.00000000000034,104.48288517499999,-1379.4828851750005
2025-12-23,MID_RANGE|CONTINUE|H10_30,MID_RANGE,CONTINUE,H10_30,CALL,2025-12-23,75,779.9999999999999,60.00000000000045,100.68195075499999,619.3180492449994
2025-12-23,MID_RANGE|CONTINUE|H15_10,MID_RANGE,CONTINUE,H15_10,CALL,2025-12-23,75,-566.25,60.000000000000114,98.58243221750001,-724.8324322175001
2025-12-23,MID_RANGE|FADE|H10_30,MID_RANGE,FADE,H10_30,PUT,2025-12-23,75,-1635.0000000000002,60.00000000000023,99.10632846500002,-1794.1063284650004
2025-12-23,MID_RANGE|FADE|H15_10,MID_RANGE,FADE,H15_10,PUT,2025-12-23,75,-3311.25,60.000000000000455,96.47727016249999,-3467.7272701625006
2025-12-24,MID_RANGE|CONTINUE|H10_30,MID_RANGE,CONTINUE,H10_30,CALL,2025-12-30,75,303.74999999999926,60.00000000000085,117.5834430425,126.16655695749841
2025-12-24,MID_RANGE|CONTINUE|H15_10,MID_RANGE,CONTINUE,H15_10,CALL,2025-12-30,75,-2047.5000000000007,60.000000000000455,111.09942820999999,-2218.599428210001
2025-12-24,MID_RANGE|FADE|H10_30,MID_RANGE,FADE,H10_30,PUT,2025-12-30,75,-446.2499999999991,60.00000000000034,108.4495397525,-614.6995397524994
2025-12-24,MID_RANGE|FADE|H15_10,MID_RANGE,FADE,H15_10,PUT,2025-12-30,75,1297.4999999999998,60.00000000000035,111.67602746,1125.8239725399994
2025-12-26,HIGH_RANGE|CONTINUE|H10_30,HIGH_RANGE,CONTINUE,H10_30,PUT,2025-12-30,75,663.7499999999995,60.00000000000034,110.2148746325,493.5351253674992
2025-12-26,HIGH_RANGE|CONTINUE|H15_10,HIGH_RANGE,CONTINUE,H15_10,PUT,2025-12-30,75,2081.2499999999995,60.00000000000034,112.8334690175,1908.4165309824994
2025-12-26,HIGH_RANGE|FADE|H10_30,HIGH_RANGE,FADE,H10_30,CALL,2025-12-30,75,-858.7499999999998,60.0000000000002,103.1533070975,-1021.9033070975
2025-12-26,HIGH_RANGE|FADE|H15_10,HIGH_RANGE,FADE,H15_10,CALL,2025-12-30,75,-1920.0,59.99999999999994,101.34538667000001,-2081.34538667
2025-12-29,MID_RANGE|CONTINUE|H10_30,MID_RANGE,CONTINUE,H10_30,CALL,2025-12-30,75,-1571.2499999999998,60.00000000000017,102.1036225925,-1733.3536225925
2025-12-29,MID_RANGE|CONTINUE|H15_10,MID_RANGE,CONTINUE,H15_10,CALL,2025-12-30,75,-3221.2499999999995,60.0000000000004,99.6720404225,-3380.9220404225
2025-12-29,MID_RANGE|FADE|H10_30,MID_RANGE,FADE,H10_30,PUT,2025-12-30,75,1023.7500000000002,60.000000000000256,102.64413257749999,861.1058674225001
2025-12-29,MID_RANGE|FADE|H15_10,MID_RANGE,FADE,H15_10,PUT,2025-12-30,75,4458.75,59.999999999999886,108.6672982025,4290.0827017975
2025-12-30,MID_RANGE|CONTINUE|H10_30,MID_RANGE,CONTINUE,H10_30,CALL,2025-12-30,75,3858.7499999999995,59.999999999999574,104.7441440975,3694.0058559025
2025-12-30,MID_RANGE|CONTINUE|H15_10,MID_RANGE,CONTINUE,H15_10,CALL,2025-12-30,75,618.7499999999997,60.00000000000014,99.49178945749998,459.25821054249957
2025-12-30,MID_RANGE|FADE|H10_30,MID_RANGE,FADE,H10_30,PUT,2025-12-30,75,-2422.5000000000005,59.99999999999954,97.371918995,-2579.871918995
2025-12-30,MID_RANGE|FADE|H15_10,MID_RANGE,FADE,H15_10,PUT,2025-12-30,75,-3221.2500000000005,56.25,96.09399135500001,-3373.5939913550005
2025-12-31,MID_RANGE|CONTINUE|H10_30,MID_RANGE,CONTINUE,H10_30,CALL,2026-01-06,65,65.0,51.99999999999889,116.997234569,-103.99723456899889
2025-12-31,MID_RANGE|CONTINUE|H15_10,MID_RANGE,CONTINUE,H15_10,CALL,2026-01-06,65,2359.5,51.999999999998636,125.644404906,2181.8555950940013
2025-12-31,MID_RANGE|FADE|H10_30,MID_RANGE,FADE,H10_30,PUT,2026-01-06,65,-191.74999999999955,52.00000000000023,106.36874423549999,-350.1187442354998
2025-12-31,MID_RANGE|FADE|H15_10,MID_RANGE,FADE,H15_10,PUT,2026-01-06,65,-1615.2499999999995,52.00000000000034,103.27364227749999,-1770.5236422774997
2026-01-01,LOW_RANGE|CONTINUE|H10_30,LOW_RANGE,CONTINUE,H10_30,CALL,2026-01-06,65,-789.7500000000005,52.000000000000114,105.75848977250001,-947.5084897725005
2026-01-01,LOW_RANGE|CONTINUE|H15_10,LOW_RANGE,CONTINUE,H15_10,CALL,2026-01-06,65,-1033.5,52.00000000000034,104.827625923,-1190.3276259230004
2026-01-01,LOW_RANGE|FADE|H10_30,LOW_RANGE,FADE,H10_30,PUT,2026-01-06,65,581.7499999999998,52.000000000000256,109.54736627950001,420.20263372049953
2026-01-01,LOW_RANGE|FADE|H15_10,LOW_RANGE,FADE,H15_10,PUT,2026-01-06,65,591.4999999999997,52.00000000000025,109.15030395800001,430.34969604199944
2026-01-02,HIGH_RANGE|CONTINUE|H10_30,HIGH_RANGE,CONTINUE,H10_30,CALL,2026-01-06,65,1309.75,52.00000000000034,109.6708513815,1148.0791486184996
2026-01-02,HIGH_RANGE|CONTINUE|H15_10,HIGH_RANGE,CONTINUE,H15_10,CALL,2026-01-06,65,2977.0,51.99999999999909,113.46118032000001,2811.538819680001
2026-01-02,HIGH_RANGE|FADE|H10_30,HIGH_RANGE,FADE,H10_30,PUT,2026-01-06,65,-845.0000000000002,52.00000000000037,101.934314749,-998.9343147490006
2026-01-02,HIGH_RANGE|FADE|H15_10,HIGH_RANGE,FADE,H15_10,PUT,2026-01-06,65,-1846.0000000000005,51.99999999999949,99.962504883,-1997.962504883
2026-01-05,MID_RANGE|CONTINUE|H10_30,MID_RANGE,CONTINUE,H10_30,CALL,2026-01-06,65,1933.7500000000005,52.000000000000455,105.98579052150001,1775.7642094785
2026-01-05,MID_RANGE|CONTINUE|H15_10,MID_RANGE,CONTINUE,H15_10,CALL,2026-01-06,65,-2255.5,52.0,98.809265965,-2406.309265965
2026-01-05,MID_RANGE|FADE|H10_30,MID_RANGE,FADE,H10_30,PUT,2026-01-06,65,-1417.0,52.00000000000014,100.925816258,-1569.9258162580002
2026-01-05,MID_RANGE|FADE|H15_10,MID_RANGE,FADE,H15_10,PUT,2026-01-06,65,2197.0,51.999999999999915,106.793188509,2038.206811491
2026-01-06,MID_RANGE|CONTINUE|H10_30,MID_RANGE,CONTINUE,H10_30,PUT,2026-01-06,65,-1884.9999999999998,52.00000000000023,98.276005887,-2035.2760058869999
2026-01-06,MID_RANGE|CONTINUE|H15_10,MID_RANGE,CONTINUE,H15_10,PUT,2026-01-06,65,-1693.2499999999998,52.000000000000256,98.3659836515,-1843.6159836515
2026-01-06,MID_RANGE|FADE|H10_30,MID_RANGE,FADE,H10_30,CALL,2026-01-06,65,1017.2499999999999,52.00000000000035,100.1155980635,865.1344019364996
2026-01-06,MID_RANGE|FADE|H15_10,MID_RANGE,FADE,H15_10,CALL,2026-01-06,65,-2034.5,48.75000000000048,95.6040061215,-2178.8540061215003
2026-01-07,MID_RANGE|CONTINUE|H10_30,MID_RANGE,CONTINUE,H10_30,PUT,2026-01-13,65,-208.00000000000017,52.00000000000077,110.430130454,-370.4301304540009
2026-01-07,MID_RANGE|CONTINUE|H15_10,MID_RANGE,CONTINUE,H15_10,PUT,2026-01-13,65,-305.5000000000002,52.000000000000455,109.56717686900001,-467.0671768690007
2026-01-07,MID_RANGE|FADE|H10_30,MID_RANGE,FADE,H10_30,CALL,2026-01-13,65,133.25000000000028,52.00000000000073,112.01247890349998,-30.762478903500437
2026-01-07,MID_RANGE|FADE|H15_10,MID_RANGE,FADE,H15_10,CALL,2026-01-13,65,-84.49999999999932,52.00000000000051,110.91900789500001,-247.41900789499982
2026-01-08,LOW_RANGE|CONTINUE|H10_30,LOW_RANGE,CONTINUE,H10_30,PUT,2026-01-13,65,435.49999999999994,52.00000000000023,106.941828195,276.5581718049997
2026-01-08,LOW_RANGE|CONTINUE|H15_10,LOW_RANGE,CONTINUE,H15_10,PUT,2026-01-13,65,3692.0,52.0,116.82894081999999,3523.17105918
2026-01-08,LOW_RANGE|FADE|H10_30,LOW_RANGE,FADE,H10_30,CALL,2026-01-13,65,-451.74999999999966,52.000000000000625,110.2424290375,-613.9924290375003
2026-01-08,LOW_RANGE|FADE|H15_10,LOW_RANGE,FADE,H15_10,CALL,2026-01-13,65,-2856.75,52.00000000000114,105.1003871195,-3013.8503871195007
2026-01-09,HIGH_RANGE|CONTINUE|H10_30,HIGH_RANGE,CONTINUE,H10_30,PUT,2026-01-13,65,-224.24999999999997,52.00000000000024,104.5041386095,-380.7541386095002
2026-01-09,HIGH_RANGE|CONTINUE|H15_10,HIGH_RANGE,CONTINUE,H15_10,PUT,2026-01-13,65,4296.5,51.99999999999909,116.324583148,4128.175416852001
2026-01-09,HIGH_RANGE|FADE|H10_30,HIGH_RANGE,FADE,H10_30,CALL,2026-01-13,65,217.74999999999915,51.9999999999998,114.4037881225,51.34621187749934
2026-01-09,HIGH_RANGE|FADE|H15_10,HIGH_RANGE,FADE,H15_10,CALL,2026-01-13,65,-3997.500000000001,52.0,105.53498562799999,-4155.034985628001
2026-01-12,MID_RANGE|CONTINUE|H10_30,MID_RANGE,CONTINUE,H10_30,PUT,2026-01-13,65,-143.00000000000017,52.00000000000031,103.82757129599999,-298.8275712960005
2026-01-12,MID_RANGE|CONTINUE|H15_10,MID_RANGE,CONTINUE,H15_10,PUT,2026-01-13,65,-2466.75,52.0,99.13881064149999,-2617.8888106415
2026-01-12,MID_RANGE|FADE|H10_30,MID_RANGE,FADE,H10_30,CALL,2026-01-13,65,9.749999999999915,52.0000000000003,110.8348167685,-153.0848167685004
2026-01-12,MID_RANGE|FADE|H15_10,MID_RANGE,FADE,H15_10,CALL,2026-01-13,65,5274.75,52.0,127.53863785050001,5095.2113621495
2026-01-13,LOW_RANGE|CONTINUE|H10_30,LOW_RANGE,CONTINUE,H10_30,CALL,2026-01-13,65,1108.2500000000002,52.000000000000355,106.2802496865,949.9697503134997
2026-01-13,LOW_RANGE|CONTINUE|H15_10,LOW_RANGE,CONTINUE,H15_10,CALL,2026-01-13,65,-3867.500000000001,51.99999999999909,97.822018951,-4017.322018951
2026-01-13,LOW_RANGE|FADE|H10_30,LOW_RANGE,FADE,H10_30,PUT,2026-01-13,65,-1810.25,51.99999999999994,99.65659818450001,-1961.9065981845001
2026-01-13,LOW_RANGE|FADE|H15_10,LOW_RANGE,FADE,H15_10,PUT,2026-01-13,65,-2418.0,52.0,98.39814506,-2568.39814506
2026-01-14,MID_RANGE|CONTINUE|H10_30,MID_RANGE,CONTINUE,H10_30,PUT,2026-01-20,65,1023.7500000000001,51.99999999999898,120.4499829785,851.3000170215012
2026-01-14,MID_RANGE|CONTINUE|H15_10,MID_RANGE,CONTINUE,H15_10,PUT,2026-01-20,65,1452.7500000000007,51.99999999999909,120.6822158625,1280.0677841375016
2026-01-14,MID_RANGE|FADE|H10_30,MID_RANGE,FADE,H10_30,CALL,2026-01-20,65,-1179.7500000000005,51.99999999999977,114.6020864175,-1346.3520864175002
2026-01-14,MID_RANGE|FADE|H15_10,MID_RANGE,FADE,H15_10,CALL,2026-01-20,65,-1573.0000000000002,51.99999999999977,113.447665793,-1738.447665793
2026-01-16,LOW_RANGE|CONTINUE|H10_30,LOW_RANGE,CONTINUE,H10_30,CALL,2026-01-20,65,3016.000000000001,51.99999999999909,128.011035575,2835.988964425002
2026-01-16,LOW_RANGE|CONTINUE|H15_10,LOW_RANGE,CONTINUE,H15_10,CALL,2026-01-20,65,-825.5000000000002,51.999999999999886,113.61081825,-991.1108182500001
2026-01-16,LOW_RANGE|FADE|H10_30,LOW_RANGE,FADE,H10_30,PUT,2026-01-20,65,-2047.4999999999993,52.00000000000068,104.59564067599999,-2204.095640676
2026-01-16,LOW_RANGE|FADE|H15_10,LOW_RANGE,FADE,H15_10,PUT,2026-01-20,65,507.0000000000003,52.00000000000071,110.18479229599998,344.8152077039996
2026-01-19,MID_RANGE|CONTINUE|H10_30,MID_RANGE,CONTINUE,H10_30,PUT,2026-01-20,65,572.0000000000005,52.000000000000256,108.67561469099999,411.32438530900026
2026-01-19,MID_RANGE|CONTINUE|H15_10,MID_RANGE,CONTINUE,H15_10,PUT,2026-01-20,65,-1595.75,52.000000000000455,103.5549884725,-1751.3049884725006
2026-01-19,MID_RANGE|FADE|H10_30,MID_RANGE,FADE,H10_30,CALL,2026-01-20,65,-702.0,52.00000000000023,105.495928987,-859.4959289870002
2026-01-19,MID_RANGE|FADE|H15_10,MID_RANGE,FADE,H15_10,CALL,2026-01-20,65,669.4999999999998,52.000000000000284,107.21845141200001,510.2815485879994
2026-01-20,MID_RANGE|CONTINUE|H10_30,MID_RANGE,CONTINUE,H10_30,PUT,2026-01-20,65,201.50000000000028,52.00000000000039,102.68354608899999,46.8164539109999
2026-01-20,MID_RANGE|CONTINUE|H15_10,MID_RANGE,CONTINUE,H15_10,PUT,2026-01-20,65,9379.5,52.0,120.55409368,9206.94590632
2026-01-20,MID_RANGE|FADE|H10_30,MID_RANGE,FADE,H10_30,CALL,2026-01-20,65,-698.7499999999999,52.00000000000037,100.6488235095,-851.3988235095003
2026-01-20,MID_RANGE|FADE|H15_10,MID_RANGE,FADE,H15_10,CALL,2026-01-20,65,-3074.4999999999995,52.0000000000004,96.756550911,-3223.256550911
2026-01-21,HIGH_RANGE|CONTINUE|H10_30,HIGH_RANGE,CONTINUE,H10_30,PUT,2026-01-27,65,2235.9999999999995,51.999999999999545,127.282301257,2056.717698743
2026-01-21,HIGH_RANGE|CONTINUE|H15_10,HIGH_RANGE,CONTINUE,H15_10,PUT,2026-01-27,65,1638.0,51.99999999999909,125.46969456499998,1460.5303054350009
2026-01-21,HIGH_RANGE|FADE|H10_30,HIGH_RANGE,FADE,H10_30,CALL,2026-01-27,65,-2297.7499999999995,51.99999999999909,117.9931795385,-2467.7431795384987
2026-01-21,HIGH_RANGE|FADE|H15_10,HIGH_RANGE,FADE,H15_10,CALL,2026-01-27,65,-1602.2499999999995,51.99999999999977,120.0766266575,-1774.3266266574992
2026-01-22,HIGH_RANGE|CONTINUE|H10_30,HIGH_RANGE,CONTINUE,H10_30,CALL,2026-01-27,65,-1810.2500000000007,51.999999999999545,113.8914818605,-1976.1414818605003
2026-01-22,HIGH_RANGE|CONTINUE|H15_10,HIGH_RANGE,CONTINUE,H15_10,CALL,2026-01-27,65,-1404.000000000001,52.0,114.20028957400001,-1570.2002895740009
2026-01-22,HIGH_RANGE|FADE|H10_30,HIGH_RANGE,FADE,H10_30,PUT,2026-01-27,65,1774.5,51.999999999999545,123.131192607,1599.3688073930005
2026-01-22,HIGH_RANGE|FADE|H15_10,HIGH_RANGE,FADE,H15_10,PUT,2026-01-27,65,1033.5,51.999999999999886,118.63909944299999,862.860900557
2026-01-23,HIGH_RANGE|CONTINUE|H10_30,HIGH_RANGE,CONTINUE,H10_30,CALL,2026-01-27,65,-494.0000000000002,52.00000000000057,111.940878537,-657.9408785370008
2026-01-23,HIGH_RANGE|CONTINUE|H15_10,HIGH_RANGE,CONTINUE,H15_10,CALL,2026-01-27,65,-3870.7499999999995,52.000000000000455,104.5602613515,-4027.3102613515002
2026-01-23,HIGH_RANGE|FADE|H10_30,HIGH_RANGE,FADE,H10_30,PUT,2026-01-27,65,172.25000000000037,52.00000000000074,114.36963668050001,5.880363319499622
2026-01-23,HIGH_RANGE|FADE|H15_10,HIGH_RANGE,FADE,H15_10,PUT,2026-01-27,65,5229.249999999998,51.99999999999818,133.93314355249998,5043.3168564475
2026-01-27,HIGH_RANGE|CONTINUE|H10_30,HIGH_RANGE,CONTINUE,H10_30,CALL,2026-01-27,65,4829.5,51.999999999999545,121.507294513,4655.992705487
2026-01-27,HIGH_RANGE|CONTINUE|H15_10,HIGH_RANGE,CONTINUE,H15_10,CALL,2026-01-27,65,8349.25,52.0,119.54387588050001,8177.7061241195
2026-01-27,HIGH_RANGE|FADE|H10_30,HIGH_RANGE,FADE,H10_30,PUT,2026-01-27,65,-3331.250000000001,51.99999999999886,101.15444245449999,-3484.4044424545
2026-01-27,HIGH_RANGE|FADE|H15_10,HIGH_RANGE,FADE,H15_10,PUT,2026-01-27,65,-4387.5,48.75,99.12116076250001,-4535.3711607625
2026-01-28,HIGH_RANGE|CONTINUE|H10_30,HIGH_RANGE,CONTINUE,H10_30,CALL,2026-02-03,65,-1257.7499999999977,51.999999999997726,137.4270746815,-1447.1770746814955
2026-01-28,HIGH_RANGE|CONTINUE|H15_10,HIGH_RANGE,CONTINUE,H15_10,CALL,2026-02-03,65,-503.7499999999982,51.99999999999818,139.6295238655,-695.3795238654964
2026-01-28,HIGH_RANGE|FADE|H10_30,HIGH_RANGE,FADE,H10_30,PUT,2026-02-03,65,1040.0,51.99999999999727,144.88253199599998,843.1174680040027
2026-01-28,HIGH_RANGE|FADE|H15_10,HIGH_RANGE,FADE,H15_10,PUT,2026-02-03,65,272.9999999999993,51.99999999999716,137.320591506,83.67940849400216
2026-01-29,HIGH_RANGE|CONTINUE|H10_30,HIGH_RANGE,CONTINUE,H10_30,CALL,2026-02-03,65,-945.7500000000009,51.999999999998636,132.27354414349998,-1130.0235441434995
2026-01-29,HIGH_RANGE|CONTINUE|H15_10,HIGH_RANGE,CONTINUE,H15_10,CALL,2026-02-03,65,1992.2500000000018,51.999999999998636,146.1509763745,1794.0990236255032
2026-01-29,HIGH_RANGE|FADE|H10_30,HIGH_RANGE,FADE,H10_30,PUT,2026-02-03,65,916.5000000000009,51.99999999999818,135.34882396799998,729.1511760320027
2026-01-29,HIGH_RANGE|FADE|H15_10,HIGH_RANGE,FADE,H15_10,PUT,2026-02-03,65,-1709.5,51.999999999999545,121.967104084,-1883.4671040839996
2026-01-30,MID_RANGE|CONTINUE|H10_30,MID_RANGE,CONTINUE,H10_30,PUT,2026-02-03,65,-318.50000000000034,51.99999999999898,131.052162716,-501.5521627159993
2026-01-30,MID_RANGE|CONTINUE|H15_10,MID_RANGE,CONTINUE,H15_10,PUT,2026-02-03,65,-994.5000000000009,51.99999999999886,128.011457737,-1174.5114577369998
2026-01-30,MID_RANGE|FADE|H10_30,MID_RANGE,FADE,H10_30,CALL,2026-02-03,65,380.25000000000057,51.99999999999807,134.63861587850002,193.61138412150248
2026-01-30,MID_RANGE|FADE|H15_10,MID_RANGE,FADE,H15_10,CALL,2026-02-03,65,1049.749999999999,51.99999999999727,138.0809804145,859.6690195855018
2026-02-01,MID_RANGE|CONTINUE|H10_30,MID_RANGE,CONTINUE,H10_30,CALL,2026-02-03,65,578.5000000000014,51.99999999999818,138.163585671,388.3364143290032
2026-02-01,MID_RANGE|CONTINUE|H15_10,MID_RANGE,CONTINUE,H15_10,CALL,2026-02-03,65,-4563.000000000002,51.99999999999818,115.030585235,-4730.030585235
2026-02-01,MID_RANGE|FADE|H10_30,MID_RANGE,FADE,H10_30,PUT,2026-02-03,65,-627.2499999999995,51.999999999998636,128.85116981149997,-808.1011698114982
2026-02-01,MID_RANGE|FADE|H15_10,MID_RANGE,FADE,H15_10,PUT,2026-02-03,65,5479.500000000002,51.99999999999818,163.584648065,5263.915351935004
2026-02-02,HIGH_RANGE|CONTINUE|H10_30,HIGH_RANGE,CONTINUE,H10_30,PUT,2026-02-03,65,237.24999999999955,51.99999999999909,125.4217167845,59.82828321550045
2026-02-02,HIGH_RANGE|CONTINUE|H15_10,HIGH_RANGE,CONTINUE,H15_10,PUT,2026-02-03,65,-3532.750000000001,51.99999999999727,112.6270894195,-3697.377089419498
2026-02-02,HIGH_RANGE|FADE|H10_30,HIGH_RANGE,FADE,H10_30,CALL,2026-02-03,65,-1039.9999999999995,52.0,115.65772742599998,-1207.6577274259996
2026-02-02,HIGH_RANGE|FADE|H15_10,HIGH_RANGE,FADE,H15_10,CALL,2026-02-03,65,3051.75,51.99999999999898,126.41818905350002,2873.3318109465013
2026-02-03,HIGH_RANGE|CONTINUE|H10_30,HIGH_RANGE,CONTINUE,H10_30,CALL,2026-02-03,65,-633.7499999999998,52.0,116.4015570515,-802.1515570514998
2026-02-03,HIGH_RANGE|CONTINUE|H15_10,HIGH_RANGE,CONTINUE,H15_10,CALL,2026-02-03,65,-5209.75,52.0,105.10111463850001,-5366.8511146385
2026-02-03,HIGH_RANGE|FADE|H10_30,HIGH_RANGE,FADE,H10_30,PUT,2026-02-03,65,-74.75000000000068,52.00000000000091,113.4523015085,-240.2023015085016
2026-02-03,HIGH_RANGE|FADE|H15_10,HIGH_RANGE,FADE,H15_10,PUT,2026-02-03,65,-2704.0,52.000000000001364,105.552094057,-2861.5520940570013
2026-02-04,HIGH_RANGE|CONTINUE|H10_30,HIGH_RANGE,CONTINUE,H10_30,PUT,2026-02-10,65,94.24999999999834,51.99999999999889,125.9686428265,-83.71864282650056
2026-02-04,HIGH_RANGE|CONTINUE|H15_10,HIGH_RANGE,CONTINUE,H15_10,PUT,2026-02-10,65,-438.7500000000018,51.99999999999886,122.70123626850001,-613.4512362685007
2026-02-04,HIGH_RANGE|FADE|H10_30,HIGH_RANGE,FADE,H10_30,CALL,2026-02-10,65,-97.49999999999989,51.99999999999898,128.10211039,-277.60211038999887
2026-02-04,HIGH_RANGE|FADE|H15_10,HIGH_RANGE,FADE,H15_10,CALL,2026-02-10,65,360.749999999999,51.99999999999898,129.2820140435,179.4679859565
2026-02-05,LOW_RANGE|CONTINUE|H10_30,LOW_RANGE,CONTINUE,H10_30,PUT,2026-02-10,65,351.00000000000125,51.999999999998806,120.150888098,178.84911190200245
2026-02-05,LOW_RANGE|CONTINUE|H15_10,LOW_RANGE,CONTINUE,H15_10,PUT,2026-02-10,65,643.5000000000003,51.99999999999889,120.576723235,470.92327676500145
2026-02-05,LOW_RANGE|FADE|H10_30,LOW_RANGE,FADE,H10_30,CALL,2026-02-10,65,-467.9999999999984,51.99999999999886,119.711379301,-639.7113793009972
2026-02-05,LOW_RANGE|FADE|H15_10,LOW_RANGE,FADE,H15_10,CALL,2026-02-10,65,-822.2499999999989,51.99999999999977,117.65749408449999,-991.9074940844986
2026-02-06,LOW_RANGE|CONTINUE|H10_30,LOW_RANGE,CONTINUE,H10_30,PUT,2026-02-10,65,1231.749999999999,51.99999999999966,114.29742299349999,1065.4525770064995
2026-02-06,LOW_RANGE|CONTINUE|H15_10,LOW_RANGE,CONTINUE,H15_10,PUT,2026-02-10,65,-1907.75,52.000000000000455,106.59987113150001,-2066.3498711315005
2026-02-06,LOW_RANGE|FADE|H10_30,LOW_RANGE,FADE,H10_30,CALL,2026-02-10,65,-1537.25,51.999999999999545,113.61303283250001,-1702.8630328324996
2026-02-06,LOW_RANGE|FADE|H15_10,LOW_RANGE,FADE,H15_10,CALL,2026-02-10,65,1797.250000000001,51.99999999999898,122.2329097215,1623.017090278502
2026-02-09,MID_RANGE|CONTINUE|H10_30,MID_RANGE,CONTINUE,H10_30,CALL,2026-02-10,65,-360.7500000000002,52.000000000000256,105.4227773825,-518.1727773825005
2026-02-09,MID_RANGE|CONTINUE|H15_10,MID_RANGE,CONTINUE,H15_10,CALL,2026-02-10,65,16.24999999999977,52.000000000000284,106.34274284450001,-142.09274284450052
2026-02-09,MID_RANGE|FADE|H10_30,MID_RANGE,FADE,H10_30,PUT,2026-02-10,65,48.75000000000023,52.00000000000027,108.02004736949999,-111.27004736950003
2026-02-09,MID_RANGE|FADE|H15_10,MID_RANGE,FADE,H15_10,PUT,2026-02-10,65,-1231.7499999999995,52.00000000000034,105.6830851055,-1389.4330851054997
2026-02-10,MID_RANGE|CONTINUE|H10_30,MID_RANGE,CONTINUE,H10_30,CALL,2026-02-10,65,1326.0000000000005,52.00000000000024,103.73041218200001,1170.2695878180002
2026-02-10,MID_RANGE|CONTINUE|H15_10,MID_RANGE,CONTINUE,H15_10,CALL,2026-02-10,65,-48.74999999999977,52.0000000000004,101.0607450455,-201.81074504550017
2026-02-10,MID_RANGE|FADE|H10_30,MID_RANGE,FADE,H10_30,PUT,2026-02-10,65,-1218.7499999999998,52.00000000000025,97.8952475155,-1368.6452475155
2026-02-10,MID_RANGE|FADE|H15_10,MID_RANGE,FADE,H15_10,PUT,2026-02-10,65,-2164.5,48.75000000000006,96.01222985950001,-2309.2622298595
2026-02-11,HIGH_RANGE|CONTINUE|H10_30,HIGH_RANGE,CONTINUE,H10_30,CALL,2026-02-17,65,-188.4999999999999,51.99999999999983,115.14024139200001,-355.6402413919997
2026-02-11,HIGH_RANGE|CONTINUE|H15_10,HIGH_RANGE,CONTINUE,H15_10,CALL,2026-02-17,65,-877.5000000000009,51.999999999999886,113.386213207,-1042.8862132070008
2026-02-11,HIGH_RANGE|FADE|H10_30,HIGH_RANGE,FADE,H10_30,PUT,2026-02-17,65,230.74999999999943,52.00000000000085,115.45535410549999,63.294645894498586
2026-02-11,HIGH_RANGE|FADE|H15_10,HIGH_RANGE,FADE,H15_10,PUT,2026-02-17,65,757.2499999999995,52.0,116.9432686895,588.3067313104996
2026-02-12,LOW_RANGE|CONTINUE|H10_30,LOW_RANGE,CONTINUE,H10_30,PUT,2026-02-17,65,-763.75,52.000000000000796,110.9732368035,-926.7232368035008
2026-02-12,LOW_RANGE|CONTINUE|H15_10,LOW_RANGE,CONTINUE,H15_10,PUT,2026-02-17,65,237.25000000000037,52.00000000000074,113.7184189575,71.53158104249962
2026-02-12,LOW_RANGE|FADE|H10_30,LOW_RANGE,FADE,H10_30,CALL,2026-02-17,65,558.9999999999995,51.9999999999998,116.15531176,390.84468823999975
2026-02-12,LOW_RANGE|FADE|H15_10,LOW_RANGE,FADE,H15_10,CALL,2026-02-17,65,-624.0,52.00000000000091,112.92308952000002,-788.923089520001
2026-02-13,MID_RANGE|CONTINUE|H10_30,MID_RANGE,CONTINUE,H10_30,PUT,2026-02-17,65,266.49999999999943,52.00000000000054,109.12560232000001,105.37439767999888
2026-02-13,MID_RANGE|CONTINUE|H15_10,MID_RANGE,CONTINUE,H15_10,PUT,2026-02-17,65,1761.500000000001,51.999999999999545,114.28548403399999,1595.2145159660013
2026-02-13,MID_RANGE|FADE|H10_30,MID_RANGE,FADE,H10_30,CALL,2026-02-17,65,-315.2499999999996,51.999999999999886,114.8219838745,-482.0719838744995
2026-02-13,MID_RANGE|FADE|H15_10,MID_RANGE,FADE,H15_10,CALL,2026-02-17,65,-1751.7499999999995,51.999999999999886,111.95017181450001,-1915.7001718144995
2026-02-16,MID_RANGE|CONTINUE|H10_30,MID_RANGE,CONTINUE,H10_30,PUT,2026-02-17,65,-877.5,52.00000000000037,106.31710713700001,-1035.8171071370004
2026-02-16,MID_RANGE|CONTINUE|H15_10,MID_RANGE,CONTINUE,H15_10,PUT,2026-02-17,65,-3191.5000000000005,51.999999999999545,102.083202072,-3345.583202072
2026-02-16,MID_RANGE|FADE|H10_30,MID_RANGE,FADE,H10_30,CALL,2026-02-17,65,1017.2500000000005,52.00000000000034,109.2812680705,855.9687319295001
2026-02-16,MID_RANGE|FADE|H15_10,MID_RANGE,FADE,H15_10,CALL,2026-02-17,65,5482.75,52.0,121.72442824150001,5309.0255717585
2026-02-17,MID_RANGE|CONTINUE|H10_30,MID_RANGE,CONTINUE,H10_30,PUT,2026-02-17,65,-2811.25,52.000000000000426,98.1741879695,-2961.4241879695005
2026-02-17,MID_RANGE|CONTINUE|H15_10,MID_RANGE,CONTINUE,H15_10,PUT,2026-02-17,65,-3503.5,45.5000000000004,96.841653019,-3645.8416530190007
2026-02-17,MID_RANGE|FADE|H10_30,MID_RANGE,FADE,H10_30,CALL,2026-02-17,65,5187.0,52.00000000000023,109.88071264999999,5025.11928735
2026-02-17,MID_RANGE|FADE|H15_10,MID_RANGE,FADE,H15_10,CALL,2026-02-17,65,5632.25,51.99999999999994,107.4955903845,5472.7544096155
2026-02-18,HIGH_RANGE|CONTINUE|H10_30,HIGH_RANGE,CONTINUE,H10_30,CALL,2026-02-24,65,-861.2500000000014,51.99999999999886,118.72009189350001,-1031.9700918935002
2026-02-18,HIGH_RANGE|CONTINUE|H15_10,HIGH_RANGE,CONTINUE,H15_10,CALL,2026-02-24,65,1823.249999999999,51.99999999999909,127.4959925205,1643.7540074795
2026-02-18,HIGH_RANGE|FADE|H10_30,HIGH_RANGE,FADE,H10_30,PUT,2026-02-24,65,971.7500000000011,52.0,118.72696912750001,801.0230308725011
2026-02-18,HIGH_RANGE|FADE|H15_10,HIGH_RANGE,FADE,H15_10,PUT,2026-02-24,65,-1400.75,52.00000000000068,111.3651604395,-1564.1151604395006
2026-02-19,LOW_RANGE|CONTINUE|H10_30,LOW_RANGE,CONTINUE,H10_30,CALL,2026-02-24,65,-1117.9999999999995,52.000000000000796,112.701625433,-1282.7016254330006
2026-02-19,LOW_RANGE|CONTINUE|H15_10,LOW_RANGE,CONTINUE,H15_10,CALL,2026-02-24,65,-3981.250000000001,52.0,106.18029481849999,-4139.430294818501
2026-02-19,LOW_RANGE|FADE|H10_30,LOW_RANGE,FADE,H10_30,PUT,2026-02-24,65,1234.9999999999998,52.0,117.884909032,1065.1150909679998
2026-02-19,LOW_RANGE|FADE|H15_10,LOW_RANGE,FADE,H15_10,PUT,2026-02-24,65,5703.75,52.0,139.61313389449998,5512.1368661055
2026-02-20,HIGH_RANGE|CONTINUE|H10_30,HIGH_RANGE,CONTINUE,H10_30,PUT,2026-02-24,65,-1524.249999999999,52.00000000000091,110.3929253185,-1686.6429253185
2026-02-20,HIGH_RANGE|CONTINUE|H15_10,HIGH_RANGE,CONTINUE,H15_10,PUT,2026-02-24,65,-1758.2499999999995,52.000000000000796,110.4909043035,-1920.7409043035002
2026-02-20,HIGH_RANGE|FADE|H10_30,HIGH_RANGE,FADE,H10_30,CALL,2026-02-24,65,2473.249999999999,51.99999999999909,131.3578794975,2289.8921205025
2026-02-20,HIGH_RANGE|FADE|H15_10,HIGH_RANGE,FADE,H15_10,CALL,2026-02-24,65,2811.249999999999,51.99999999999909,130.36175106550002,2628.8882489345
2026-02-23,MID_RANGE|CONTINUE|H10_30,MID_RANGE,CONTINUE,H10_30,CALL,2026-02-24,65,-1426.7500000000005,52.00000000000068,108.63366348950001,-1587.383663489501
2026-02-23,MID_RANGE|CONTINUE|H15_10,MID_RANGE,CONTINUE,H15_10,CALL,2026-02-24,65,-2216.5000000000005,52.00000000000068,106.84587648200001,-2375.345876482001
2026-02-23,MID_RANGE|FADE|H10_30,MID_RANGE,FADE,H10_30,PUT,2026-02-24,65,1186.2499999999995,52.00000000000068,112.3781765995,1021.8718234004989
2026-02-23,MID_RANGE|FADE|H15_10,MID_RANGE,FADE,H15_10,PUT,2026-02-24,65,1426.7499999999998,52.000000000000824,111.87249608649999,1262.877503913499
2026-02-24,LOW_RANGE|CONTINUE|H10_30,LOW_RANGE,CONTINUE,H10_30,PUT,2026-02-24,65,1111.5000000000002,52.00000000000037,105.54772646,953.95227354
2026-02-24,LOW_RANGE|CONTINUE|H15_10,LOW_RANGE,CONTINUE,H15_10,PUT,2026-02-24,65,5167.5,51.99999999999898,109.81083544,5005.689164560001
2026-02-24,LOW_RANGE|FADE|H10_30,LOW_RANGE,FADE,H10_30,CALL,2026-02-24,65,-1114.7500000000002,52.00000000000023,100.1510069305,-1266.9010069305004
2026-02-24,LOW_RANGE|FADE|H15_10,LOW_RANGE,FADE,H15_10,CALL,2026-02-24,65,-3068.0000000000005,48.75,96.87305612450001,-3213.6230561245006
2026-02-25,MID_RANGE|CONTINUE|H10_30,MID_RANGE,CONTINUE,H10_30,CALL,2026-03-02,65,939.2500000000011,51.99999999999898,124.94652069950001,762.3034793005022
2026-02-25,MID_RANGE|CONTINUE|H15_10,MID_RANGE,CONTINUE,H15_10,CALL,2026-03-02,65,-1875.2499999999995,51.99999999999977,115.8175554645,-2043.0675554644993
2026-02-25,MID_RANGE|FADE|H10_30,MID_RANGE,FADE,H10_30,PUT,2026-03-02,65,-715.0000000000008,51.999999999999886,115.49512796299999,-882.4951279630006
2026-02-25,MID_RANGE|FADE|H15_10,MID_RANGE,FADE,H15_10,PUT,2026-03-02,65,1914.2499999999986,51.999999999999545,125.6127387715,1736.637261228499
2026-02-26,MID_RANGE|CONTINUE|H10_30,MID_RANGE,CONTINUE,H10_30,CALL,2026-03-02,65,84.50000000000074,51.99999999999889,120.444573568,-87.94457356799815
2026-02-26,MID_RANGE|CONTINUE|H15_10,MID_RANGE,CONTINUE,H15_10,CALL,2026-03-02,65,-864.4999999999993,52.0,117.416470893,-1033.9164708929993
2026-02-26,MID_RANGE|FADE|H10_30,MID_RANGE,FADE,H10_30,PUT,2026-03-02,65,-272.9999999999997,52.00000000000074,113.951284402,-438.95128440200045
2026-02-26,MID_RANGE|FADE|H15_10,MID_RANGE,FADE,H15_10,PUT,2026-03-02,65,344.50000000000074,52.00000000000071,114.625374104,177.874625896
2026-02-27,MID_RANGE|CONTINUE|H10_30,MID_RANGE,CONTINUE,H10_30,PUT,2026-03-02,65,909.9999999999997,52.000000000000796,113.75770908499999,744.2422909149989
2026-02-27,MID_RANGE|CONTINUE|H15_10,MID_RANGE,CONTINUE,H15_10,PUT,2026-03-02,65,3344.2500000000005,52.000000000000455,120.91685063950001,3171.3331493605
2026-02-27,MID_RANGE|FADE|H10_30,MID_RANGE,FADE,H10_30,CALL,2026-03-02,65,-1030.2500000000005,52.00000000000091,112.3786449375,-1194.6286449375013
2026-02-27,MID_RANGE|FADE|H15_10,MID_RANGE,FADE,H15_10,CALL,2026-03-02,65,-3201.250000000001,52.0,107.4528065265,-3360.702806526501
2026-03-02,HIGH_RANGE|CONTINUE|H10_30,HIGH_RANGE,CONTINUE,H10_30,PUT,2026-03-02,65,1871.9999999999998,51.99999999999969,114.08910912969,1705.91089087031
2026-03-02,HIGH_RANGE|CONTINUE|H15_10,HIGH_RANGE,CONTINUE,H15_10,PUT,2026-03-02,65,1745.2500000000007,52.00000000000091,109.48260116551499,1583.7673988344848
2026-03-02,HIGH_RANGE|FADE|H10_30,HIGH_RANGE,FADE,H10_30,CALL,2026-03-02,65,-2479.75,52.0,101.268038448895,-2633.018038448895
2026-03-02,HIGH_RANGE|FADE|H15_10,HIGH_RANGE,FADE,H15_10,CALL,2026-03-02,65,-4147.0,52.0,98.41947707668,-4297.41947707668
2026-03-04,HIGH_RANGE|CONTINUE|H10_30,HIGH_RANGE,CONTINUE,H10_30,PUT,2026-03-10,65,-451.7499999999975,51.99999999999693,156.250881132625,-660.0008811326195
2026-03-04,HIGH_RANGE|CONTINUE|H15_10,HIGH_RANGE,CONTINUE,H15_10,PUT,2026-03-10,65,-604.4999999999973,51.99999999999682,154.81176704004,-811.311767040034
2026-03-04,HIGH_RANGE|FADE|H10_30,HIGH_RANGE,FADE,H10_30,CALL,2026-03-10,65,575.2499999999995,51.999999999997044,166.070096467515,357.1799035324875
2026-03-04,HIGH_RANGE|FADE|H15_10,HIGH_RANGE,FADE,H15_10,CALL,2026-03-10,65,857.9999999999991,51.99999999999682,168.73968071945998,637.2603192805423
2026-03-05,MID_RANGE|CONTINUE|H10_30,MID_RANGE,CONTINUE,H10_30,CALL,2026-03-10,65,-84.50000000000074,51.999999999997044,142.0034540072,-278.5034540071978
2026-03-05,MID_RANGE|CONTINUE|H15_10,MID_RANGE,CONTINUE,H15_10,CALL,2026-03-10,65,1878.500000000001,51.99999999999818,155.75456856685,1670.7454314331528
2026-03-05,MID_RANGE|FADE|H10_30,MID_RANGE,FADE,H10_30,PUT,2026-03-10,65,-32.5,51.999999999997044,141.90706774059998,-226.40706774059703
2026-03-05,MID_RANGE|FADE|H15_10,MID_RANGE,FADE,H15_10,PUT,2026-03-10,65,-1618.5,51.99999999999727,130.95941322618,-1801.4594132261773
2026-03-06,HIGH_RANGE|CONTINUE|H10_30,HIGH_RANGE,CONTINUE,H10_30,PUT,2026-03-10,65,94.24999999999926,51.999999999997044,137.72752294292502,-95.4775229429228
2026-03-06,HIGH_RANGE|CONTINUE|H15_10,HIGH_RANGE,CONTINUE,H15_10,PUT,2026-03-10,65,1738.75,51.99999999999727,150.168905469875,1536.5810945301278
2026-03-06,HIGH_RANGE|FADE|H10_30,HIGH_RANGE,FADE,H10_30,CALL,2026-03-10,65,-214.49999999999977,51.99999999999886,134.06031793152,-400.5603179315186
2026-03-06,HIGH_RANGE|FADE|H15_10,HIGH_RANGE,FADE,H15_10,CALL,2026-03-10,65,-1774.4999999999995,51.999999999999545,127.34501086811999,-1953.845010868119
2026-03-09,LOW_RANGE|CONTINUE|H10_30,LOW_RANGE,CONTINUE,H10_30,PUT,2026-03-10,65,-260.0,51.999999999997044,139.15787425538,-451.157874255377
2026-03-09,LOW_RANGE|CONTINUE|H15_10,LOW_RANGE,CONTINUE,H15_10,PUT,2026-03-10,65,-2525.25,51.99999999999818,126.807608188215,-2704.057608188213
2026-03-09,LOW_RANGE|FADE|H10_30,LOW_RANGE,FADE,H10_30,CALL,2026-03-10,65,-55.24999999999977,51.999999999997726,135.253291677575,-242.5032916775725
2026-03-09,LOW_RANGE|FADE|H15_10,LOW_RANGE,FADE,H15_10,CALL,2026-03-10,65,2980.250000000002,51.99999999999636,153.075471721945,2775.1745282780603
2026-03-10,HIGH_RANGE|CONTINUE|H10_30,HIGH_RANGE,CONTINUE,H10_30,CALL,2026-03-10,65,568.7499999999993,52.000000000000355,107.410161273005,409.339838726994
2026-03-10,HIGH_RANGE|CONTINUE|H15_10,HIGH_RANGE,CONTINUE,H15_10,CALL,2026-03-10,65,3721.25,52.000000000000455,109.583636985985,3559.6663630140147
2026-03-10,HIGH_RANGE|FADE|H10_30,HIGH_RANGE,FADE,H10_30,PUT,2026-03-10,65,-1147.25,51.999999999999886,106.371170619785,-1305.6211706197848
2026-03-10,HIGH_RANGE|FADE|H15_10,HIGH_RANGE,FADE,H15_10,PUT,2026-03-10,65,-4367.999999999999,52.00000000000114,99.96613730244,-4519.96613730244
2026-03-11,HIGH_RANGE|CONTINUE|H10_30,HIGH_RANGE,CONTINUE,H10_30,PUT,2026-03-17,65,646.7500000000009,51.99999999999682,153.311794721195,441.43820527880905
2026-03-11,HIGH_RANGE|CONTINUE|H15_10,HIGH_RANGE,CONTINUE,H15_10,PUT,2026-03-17,65,2872.999999999998,51.99999999999636,174.27719071695998,2646.722809283042
2026-03-11,HIGH_RANGE|FADE|H10_30,HIGH_RANGE,FADE,H10_30,CALL,2026-03-17,65,-558.9999999999998,51.99999999999693,140.65454385447998,-751.6545438544767
2026-03-11,HIGH_RANGE|FADE|H15_10,HIGH_RANGE,FADE,H15_10,CALL,2026-03-17,65,-2635.750000000001,51.99999999999818,130.833905932645,-2818.583905932644
2026-03-12,MID_RANGE|CONTINUE|H10_30,MID_RANGE,CONTINUE,H10_30,PUT,2026-03-17,65,-123.49999999999864,51.99999999999682,147.94932638392999,-323.44932638392544
2026-03-12,MID_RANGE|CONTINUE|H15_10,MID_RANGE,CONTINUE,H15_10,PUT,2026-03-17,65,-480.99999999999864,51.99999999999682,143.41027391299,-676.4102739129854
2026-03-12,MID_RANGE|FADE|H10_30,MID_RANGE,FADE,H10_30,CALL,2026-03-17,65,130.0,51.999999999997044,155.84899463300002,-77.84899463299706
2026-03-12,MID_RANGE|FADE|H15_10,MID_RANGE,FADE,H15_10,CALL,2026-03-17,65,507.0000000000026,51.999999999997044,154.815776967,300.18422303300554
2026-03-13,HIGH_RANGE|CONTINUE|H10_30,HIGH_RANGE,CONTINUE,H10_30,PUT,2026-03-17,65,1043.2499999999986,51.99999999999682,145.10718451246498,846.1428154875368
2026-03-13,HIGH_RANGE|CONTINUE|H15_10,HIGH_RANGE,CONTINUE,H15_10,PUT,2026-03-17,65,3162.25,51.99999999999636,161.54849380401498,2948.7015061959887
2026-03-13,HIGH_RANGE|FADE|H10_30,HIGH_RANGE,FADE,H10_30,CALL,2026-03-17,65,-1091.9999999999995,51.99999999999818,137.82406631588998,-1281.8240663158876
2026-03-13,HIGH_RANGE|FADE|H15_10,HIGH_RANGE,FADE,H15_10,CALL,2026-03-17,65,-3142.750000000001,51.99999999999818,127.791066800845,-3322.541066800844
2026-03-16,HIGH_RANGE|CONTINUE|H10_30,HIGH_RANGE,CONTINUE,H10_30,PUT,2026-03-17,65,1689.999999999999,51.999999999997726,136.60744409063,1501.3925559093714
2026-03-16,HIGH_RANGE|CONTINUE|H15_10,HIGH_RANGE,CONTINUE,H15_10,PUT,2026-03-17,65,-2372.500000000001,51.999999999999545,117.27175672015,-2541.7717567201503
2026-03-16,HIGH_RANGE|FADE|H10_30,HIGH_RANGE,FADE,H10_30,CALL,2026-03-17,65,-1511.2500000000014,51.999999999999545,120.580651958565,-1683.8306519585658
2026-03-16,HIGH_RANGE|FADE|H15_10,HIGH_RANGE,FADE,H15_10,CALL,2026-03-17,65,2827.4999999999973,51.99999999999818,140.00471822907,2635.495281770929
2026-03-17,HIGH_RANGE|CONTINUE|H10_30,HIGH_RANGE,CONTINUE,H10_30,CALL,2026-03-17,65,2931.5,51.99999999999932,114.03141717667,2765.468582823331
2026-03-17,HIGH_RANGE|CONTINUE|H15_10,HIGH_RANGE,CONTINUE,H15_10,CALL,2026-03-17,65,8482.500000000002,51.999999999999886,120.94338962769001,8309.556610372312
2026-03-17,HIGH_RANGE|FADE|H10_30,HIGH_RANGE,FADE,H10_30,PUT,2026-03-17,65,-2541.4999999999995,52.000000000000455,101.19856766225,-2694.69856766225
2026-03-17,HIGH_RANGE|FADE|H15_10,HIGH_RANGE,FADE,H15_10,PUT,2026-03-17,65,-3874.0,45.5,98.60367708332001,-4018.10367708332
2026-03-18,HIGH_RANGE|CONTINUE|H10_30,HIGH_RANGE,CONTINUE,H10_30,CALL,2026-03-24,65,-113.74999999999908,51.99999999999889,133.352182671935,-299.10218267193295
2026-03-18,HIGH_RANGE|CONTINUE|H15_10,HIGH_RANGE,CONTINUE,H15_10,CALL,2026-03-24,65,724.7499999999993,51.999999999997726,137.206392830045,535.5436071699567
2026-03-18,HIGH_RANGE|FADE|H10_30,HIGH_RANGE,FADE,H10_30,PUT,2026-03-24,65,178.75000000000003,51.99999999999707,142.13417041386498,-15.384170413862023
2026-03-18,HIGH_RANGE|FADE|H15_10,HIGH_RANGE,FADE,H15_10,PUT,2026-03-24,65,-549.2499999999993,51.999999999997044,137.768083616065,-739.0180836160614
2026-03-19,MID_RANGE|CONTINUE|H10_30,MID_RANGE,CONTINUE,H10_30,PUT,2026-03-24,65,402.9999999999993,51.99999999999727,144.68417746586002,206.31582253414203
2026-03-19,MID_RANGE|CONTINUE|H15_10,MID_RANGE,CONTINUE,H15_10,PUT,2026-03-24,65,2632.500000000002,51.99999999999636,162.79036228986,2417.709637710145
2026-03-19,MID_RANGE|FADE|H10_30,MID_RANGE,FADE,H10_30,CALL,2026-03-24,65,-253.49999999999943,51.999999999997954,136.66201797675,-442.1620179767474
2026-03-19,MID_RANGE|FADE|H15_10,MID_RANGE,FADE,H15_10,CALL,2026-03-24,65,-2427.750000000001,51.99999999999818,126.721128794955,-2606.471128794954
2026-03-20,HIGH_RANGE|CONTINUE|H10_30,HIGH_RANGE,CONTINUE,H10_30,CALL,2026-03-24,65,-172.24999999999855,51.999999999997044,138.72312840897501,-362.97312840897064
2026-03-20,HIGH_RANGE|CONTINUE|H15_10,HIGH_RANGE,CONTINUE,H15_10,CALL,2026-03-24,65,-1936.999999999999,51.999999999997726,129.91113466667,-2118.911134666667
2026-03-20,HIGH_RANGE|FADE|H10_30,HIGH_RANGE,FADE,H10_30,PUT,2026-03-24,65,175.4999999999992,51.999999999997044,146.41009459152,-22.910094591517833
2026-03-20,HIGH_RANGE|FADE|H15_10,HIGH_RANGE,FADE,H15_10,PUT,2026-03-24,65,1946.750000000001,51.99999999999727,155.808950913505,1738.9410490864987
2026-03-23,HIGH_RANGE|CONTINUE|H10_30,HIGH_RANGE,CONTINUE,H10_30,PUT,2026-03-24,65,1592.5,51.99999999999636,148.64781949067,1391.8521805093337
2026-03-23,HIGH_RANGE|CONTINUE|H15_10,HIGH_RANGE,CONTINUE,H15_10,PUT,2026-03-24,65,1862.2500000000005,51.999999999997726,146.404285885305,1663.8457141146978
2026-03-23,HIGH_RANGE|FADE|H10_30,HIGH_RANGE,FADE,H10_30,CALL,2026-03-24,65,-1631.4999999999986,51.99999999999909,130.11402498664003,-1813.6140249866378
2026-03-23,HIGH_RANGE|FADE|H15_10,HIGH_RANGE,FADE,H15_10,CALL,2026-03-24,65,-2300.999999999999,52.00000000000091,125.7276681822,-2478.7276681822
2026-03-24,HIGH_RANGE|CONTINUE|H10_30,HIGH_RANGE,CONTINUE,H10_30,CALL,2026-03-24,65,-2606.5,52.00000000000068,104.01262930069001,-2762.512629300691
2026-03-24,HIGH_RANGE|CONTINUE|H15_10,HIGH_RANGE,CONTINUE,H15_10,CALL,2026-03-24,65,-48.74999999999977,52.00000000000068,106.685051839905,-207.43505183990544
2026-03-24,HIGH_RANGE|FADE|H10_30,HIGH_RANGE,FADE,H10_30,PUT,2026-03-24,65,2580.5,52.0,118.68287064736002,2409.8171293526398
2026-03-24,HIGH_RANGE|FADE|H15_10,HIGH_RANGE,FADE,H15_10,PUT,2026-03-24,65,-4673.5,52.0,101.0461930951,-4826.5461930951
2026-03-25,MID_RANGE|CONTINUE|H10_30,MID_RANGE,CONTINUE,H10_30,CALL,2026-03-30,65,776.7500000000032,51.99999999999727,162.97565946926503,561.7743405307409
2026-03-25,MID_RANGE|CONTINUE|H15_10,MID_RANGE,CONTINUE,H15_10,CALL,2026-03-30,65,705.2499999999995,51.999999999997044,160.983121077005,492.26687892299753
2026-03-25,MID_RANGE|FADE|H10_30,MID_RANGE,FADE,H10_30,PUT,2026-03-30,65,-688.9999999999998,51.999999999997044,150.33215580914,-891.3321558091368
2026-03-25,MID_RANGE|FADE|H15_10,MID_RANGE,FADE,H15_10,PUT,2026-03-30,65,-740.9999999999986,51.99999999999727,148.42811899017002,-941.4281189901659
2026-03-27,HIGH_RANGE|CONTINUE|H10_30,HIGH_RANGE,CONTINUE,H10_30,PUT,2026-03-30,65,328.2500000000008,51.999999999997044,146.785153851355,129.46484614864875
2026-03-27,HIGH_RANGE|CONTINUE|H15_10,HIGH_RANGE,CONTINUE,H15_10,PUT,2026-03-30,65,2437.500000000002,51.99999999999727,156.31753860669,2229.1824613933145
2026-03-27,HIGH_RANGE|FADE|H10_30,HIGH_RANGE,FADE,H10_30,CALL,2026-03-30,65,-487.5,51.999999999997044,141.46142114738998,-680.961421147387
2026-03-27,HIGH_RANGE|FADE|H15_10,HIGH_RANGE,FADE,H15_10,CALL,2026-03-30,65,-2801.499999999998,52.0,128.8290980137,-2982.329098013698
2026-03-30,HIGH_RANGE|CONTINUE|H10_30,HIGH_RANGE,CONTINUE,H10_30,PUT,2026-03-30,65,780.0,51.99999999999886,116.73949300128,611.2605069987211
2026-03-30,HIGH_RANGE|CONTINUE|H15_10,HIGH_RANGE,CONTINUE,H15_10,PUT,2026-03-30,65,7744.75,51.999999999998636,133.053263360855,7559.696736639147
2026-03-30,HIGH_RANGE|FADE|H10_30,HIGH_RANGE,FADE,H10_30,CALL,2026-03-30,65,-1446.2500000000005,52.00000000000034,106.554492539605,-1604.804492539606
2026-03-30,HIGH_RANGE|FADE|H15_10,HIGH_RANGE,FADE,H15_10,CALL,2026-03-30,65,-4595.5,48.74999999999977,100.048905922335,-4744.298905922335
2026-04-01,MID_RANGE|CONTINUE|H10_30,MID_RANGE,CONTINUE,H10_30,CALL,2026-04-07,65,-714.9999999999964,51.99999999999727,172.40733502601,-939.4073350260037
2026-04-01,MID_RANGE|CONTINUE|H15_10,MID_RANGE,CONTINUE,H15_10,CALL,2026-04-07,65,-1433.249999999999,51.99999999999727,165.010134442315,-1650.2601344423115
2026-04-01,MID_RANGE|FADE|H10_30,MID_RANGE,FADE,H10_30,PUT,2026-04-07,65,643.4999999999986,51.99999999999727,181.25754680927997,410.2424531907214
2026-04-01,MID_RANGE|FADE|H15_10,MID_RANGE,FADE,H15_10,PUT,2026-04-07,65,1423.4999999999982,51.99999999999636,188.01050809993998,1183.489491900062
2026-04-02,MID_RANGE|CONTINUE|H10_30,MID_RANGE,CONTINUE,H10_30,PUT,2026-04-07,65,409.5000000000007,51.999999999997044,174.99065396525,182.50934603475363
2026-04-02,MID_RANGE|CONTINUE|H15_10,MID_RANGE,CONTINUE,H15_10,PUT,2026-04-07,65,-2668.250000000002,51.99999999999636,146.619053496545,-2866.869053496543
2026-04-02,MID_RANGE|FADE|H10_30,MID_RANGE,FADE,H10_30,CALL,2026-04-07,65,-357.5,51.999999999997044,173.54850324563003,-583.0485032456271
2026-04-02,MID_RANGE|FADE|H15_10,MID_RANGE,FADE,H15_10,CALL,2026-04-07,65,3084.249999999998,51.99999999999818,217.713850074285,2814.536149925715
2026-04-06,HIGH_RANGE|CONTINUE|H10_30,HIGH_RANGE,CONTINUE,H10_30,CALL,2026-04-07,65,-243.75,51.999999999997954,146.389974217415,-442.13997421741294
2026-04-06,HIGH_RANGE|CONTINUE|H15_10,HIGH_RANGE,CONTINUE,H15_10,CALL,2026-04-07,65,4059.249999999998,51.99999999999818,180.85166196387502,3826.398338036125
2026-04-06,HIGH_RANGE|FADE|H10_30,HIGH_RANGE,FADE,H10_30,PUT,2026-04-07,65,45.50000000000023,51.99999999999818,145.50456581789,-152.00456581788796
2026-04-06,HIGH_RANGE|FADE|H15_10,HIGH_RANGE,FADE,H15_10,PUT,2026-04-07,65,-3431.999999999999,51.99999999999818,126.36676903173,-3610.3667690317275
2026-04-07,MID_RANGE|CONTINUE|H10_30,MID_RANGE,CONTINUE,H10_30,PUT,2026-04-07,65,-1469.0000000000005,52.000000000000455,112.60699083164,-1633.6069908316408
2026-04-07,MID_RANGE|CONTINUE|H15_10,MID_RANGE,CONTINUE,H15_10,PUT,2026-04-07,65,-5060.250000000001,45.5,102.84863740805501,-5208.598637408056
2026-04-07,MID_RANGE|FADE|H10_30,MID_RANGE,FADE,H10_30,CALL,2026-04-07,65,467.99999999999994,52.00000000000048,115.65650694427,300.3434930557295
2026-04-07,MID_RANGE|FADE|H15_10,MID_RANGE,FADE,H15_10,CALL,2026-04-07,65,8349.25,51.99999999999932,129.68235298737503,8167.567647012626
2026-04-08,HIGH_RANGE|CONTINUE|H10_30,HIGH_RANGE,CONTINUE,H10_30,CALL,2026-04-13,65,260.0,51.999999999997044,153.38294727455,54.617052725452965
2026-04-08,HIGH_RANGE|CONTINUE|H15_10,HIGH_RANGE,CONTINUE,H15_10,CALL,2026-04-13,65,1283.7499999999998,51.99999999999659,159.40198518560499,1072.348014814398
2026-04-08,HIGH_RANGE|FADE|H10_30,HIGH_RANGE,FADE,H10_30,PUT,2026-04-13,65,-383.50000000000045,51.99999999999682,152.12403281489,-587.6240328148873
2026-04-08,HIGH_RANGE|FADE|H15_10,HIGH_RANGE,FADE,H15_10,PUT,2026-04-13,65,-1348.7499999999986,51.999999999998636,144.89973164437498,-1545.6497316443722
2026-04-09,MID_RANGE|CONTINUE|H10_30,MID_RANGE,CONTINUE,H10_30,PUT,2026-04-13,65,903.4999999999986,51.99999999999818,150.82773163586,700.6722683641405
2026-04-09,MID_RANGE|CONTINUE|H15_10,MID_RANGE,CONTINUE,H15_10,PUT,2026-04-13,65,1394.2499999999977,51.999999999998636,152.987623548415,1189.262376451584
2026-04-09,MID_RANGE|FADE|H10_30,MID_RANGE,FADE,H10_30,CALL,2026-04-13,65,-880.7500000000009,51.999999999998636,138.563204987265,-1071.3132049872645
2026-04-09,MID_RANGE|FADE|H15_10,MID_RANGE,FADE,H15_10,CALL,2026-04-13,65,-1569.75,51.999999999999545,133.156210709385,-1754.9062107093846
2026-04-10,MID_RANGE|CONTINUE|H10_30,MID_RANGE,CONTINUE,H10_30,CALL,2026-04-13,65,906.75,51.99999999999886,135.161365729305,719.5886342706962
2026-04-10,MID_RANGE|CONTINUE|H15_10,MID_RANGE,CONTINUE,H15_10,CALL,2026-04-13,65,1602.2500000000002,51.99999999999886,137.622002501795,1412.6279974982062
2026-04-10,MID_RANGE|FADE|H10_30,MID_RANGE,FADE,H10_30,PUT,2026-04-13,65,-906.7499999999998,51.99999999999977,126.48527962581498,-1085.2352796258144
2026-04-10,MID_RANGE|FADE|H15_10,MID_RANGE,FADE,H15_10,PUT,2026-04-13,65,-1790.75,51.999999999999545,122.67636116051499,-1965.4263611605145
2026-04-13,MID_RANGE|CONTINUE|H10_30,MID_RANGE,CONTINUE,H10_30,PUT,2026-04-13,65,-3009.5,52.0,103.41496558845999,-3164.91496558846
2026-04-13,MID_RANGE|CONTINUE|H15_10,MID_RANGE,CONTINUE,H15_10,PUT,2026-04-13,65,-4614.999999999999,48.75000000000114,99.67529515623502,-4763.425295156235
2026-04-13,MID_RANGE|FADE|H10_30,MID_RANGE,FADE,H10_30,CALL,2026-04-13,65,3337.749999999999,51.99999999999977,117.64634083765502,3168.1036591623442
2026-04-13,MID_RANGE|FADE|H15_10,MID_RANGE,FADE,H15_10,CALL,2026-04-13,65,9278.75,51.99999999999977,128.47002840819502,9098.279971591804
2026-04-15,MID_RANGE|CONTINUE|H10_30,MID_RANGE,CONTINUE,H10_30,CALL,2026-04-21,65,919.7500000000023,51.99999999999727,157.32369655305502,710.42630344695
2026-04-15,MID_RANGE|CONTINUE|H15_10,MID_RANGE,CONTINUE,H15_10,CALL,2026-04-21,65,364.0000000000015,51.999999999997044,152.04931493516003,159.9506850648444
2026-04-15,MID_RANGE|FADE|H10_30,MID_RANGE,FADE,H10_30,PUT,2026-04-21,65,-789.7499999999993,51.99999999999818,147.136755903585,-988.8867559035825
2026-04-15,MID_RANGE|FADE|H15_10,MID_RANGE,FADE,H15_10,PUT,2026-04-21,65,-260.0,51.999999999997044,150.31159292238,-462.31159292237703
2026-04-16,LOW_RANGE|CONTINUE|H10_30,LOW_RANGE,CONTINUE,H10_30,CALL,2026-04-21,65,-971.7500000000002,51.99999999999886,130.274750664155,-1154.024750664154
2026-04-16,LOW_RANGE|CONTINUE|H15_10,LOW_RANGE,CONTINUE,H15_10,CALL,2026-04-21,65,-2343.250000000001,51.999999999999545,123.25655376675502,-2518.5065537667556
2026-04-16,LOW_RANGE|FADE|H10_30,LOW_RANGE,FADE,H10_30,PUT,2026-04-21,65,981.4999999999995,51.999999999997726,150.22240468948,779.2775953105219
2026-04-16,LOW_RANGE|FADE|H15_10,LOW_RANGE,FADE,H15_10,PUT,2026-04-21,65,2317.25,51.99999999999727,160.053733298985,2105.1962667010175
2026-04-17,HIGH_RANGE|CONTINUE|H10_30,HIGH_RANGE,CONTINUE,H10_30,PUT,2026-04-21,65,-965.2499999999995,51.99999999999909,130.996122303845,-1148.2461223038435
2026-04-17,HIGH_RANGE|CONTINUE|H15_10,HIGH_RANGE,CONTINUE,H15_10,PUT,2026-04-21,65,-1849.249999999999,51.999999999999545,125.55367741258502,-2026.8036774125837
2026-04-17,HIGH_RANGE|FADE|H10_30,HIGH_RANGE,FADE,H10_30,CALL,2026-04-21,65,1091.9999999999995,51.99999999999841,141.43480654664998,898.5651934533512
2026-04-17,HIGH_RANGE|FADE|H15_10,HIGH_RANGE,FADE,H15_10,CALL,2026-04-21,65,1839.5,51.99999999999818,146.05262448488998,1641.4473755151118
2026-04-20,LOW_RANGE|CONTINUE|H10_30,LOW_RANGE,CONTINUE,H10_30,CALL,2026-04-21,65,1117.999999999999,51.99999999999977,124.10155092749,941.8984490725093
2026-04-20,LOW_RANGE|CONTINUE|H15_10,LOW_RANGE,CONTINUE,H15_10,CALL,2026-04-21,65,237.24999999999991,52.00000000000074,119.512931909195,65.73706809080417
2026-04-20,LOW_RANGE|FADE|H10_30,LOW_RANGE,FADE,H10_30,PUT,2026-04-21,65,-1040.000000000001,52.0,126.15232881925,-1218.152328819251
2026-04-20,LOW_RANGE|FADE|H15_10,LOW_RANGE,FADE,H15_10,PUT,2026-04-21,65,-526.5000000000015,51.99999999999892,128.91839845155002,-707.4183984515505
2026-04-21,LOW_RANGE|CONTINUE|H10_30,LOW_RANGE,CONTINUE,H10_30,PUT,2026-04-21,65,-1855.75,52.00000000000006,102.124747389385,-2009.874747389385
2026-04-21,LOW_RANGE|CONTINUE|H15_10,LOW_RANGE,CONTINUE,H15_10,PUT,2026-04-21,65,-3607.499999999999,48.750000000000796,98.02716052393501,-3754.277160523935
2026-04-21,LOW_RANGE|FADE|H10_30,LOW_RANGE,FADE,H10_30,CALL,2026-04-21,65,1508.0000000000005,52.00000000000041,107.77554538801,1348.22445461199
2026-04-21,LOW_RANGE|FADE|H15_10,LOW_RANGE,FADE,H15_10,CALL,2026-04-21,65,4605.25,52.0,112.483050493625,4440.766949506375
2026-04-22,LOW_RANGE|CONTINUE|H10_30,LOW_RANGE,CONTINUE,H10_30,PUT,2026-04-28,65,714.9999999999998,51.99999999999659,163.56476271028998,499.4352372897132
2026-04-22,LOW_RANGE|CONTINUE|H15_10,LOW_RANGE,CONTINUE,H15_10,PUT,2026-04-28,65,601.2500000000018,51.99999999999693,160.31812533832502,388.9318746616799
2026-04-22,LOW_RANGE|FADE|H10_30,LOW_RANGE,FADE,H10_30,CALL,2026-04-28,65,-662.9999999999993,51.999999999997954,144.1131179116,-859.1131179115973
2026-04-22,LOW_RANGE|FADE|H15_10,LOW_RANGE,FADE,H15_10,CALL,2026-04-28,65,-637.0,51.999999999997954,142.75297682553,-831.752976825528
2026-04-23,LOW_RANGE|CONTINUE|H10_30,LOW_RANGE,CONTINUE,H10_30,PUT,2026-04-28,65,-331.50000000000045,51.99999999999818,148.39435459652,-531.8943545965186
2026-04-23,LOW_RANGE|CONTINUE|H15_10,LOW_RANGE,CONTINUE,H15_10,PUT,2026-04-28,65,474.4999999999989,51.999999999997044,152.30775464175,270.19224535825185
2026-04-23,LOW_RANGE|FADE|H10_30,LOW_RANGE,FADE,H10_30,CALL,2026-04-28,65,243.7499999999991,51.99999999999892,140.383697906835,51.36630209316516
2026-04-23,LOW_RANGE|FADE|H15_10,LOW_RANGE,FADE,H15_10,CALL,2026-04-28,65,-708.4999999999993,51.99999999999909,133.3692898829,-893.8692898828984
2026-04-24,MID_RANGE|CONTINUE|H10_30,MID_RANGE,CONTINUE,H10_30,PUT,2026-04-28,65,1130.9999999999993,51.999999999998636,140.02257795394002,938.9774220460606
2026-04-24,MID_RANGE|CONTINUE|H15_10,MID_RANGE,CONTINUE,H15_10,PUT,2026-04-28,65,1976.0000000000005,51.999999999998636,146.09130947825,1777.9086905217519
2026-04-24,MID_RANGE|FADE|H10_30,MID_RANGE,FADE,H10_30,CALL,2026-04-28,65,-1059.500000000001,51.999999999998636,130.66101524396,-1242.1610152439596
2026-04-24,MID_RANGE|FADE|H15_10,MID_RANGE,FADE,H15_10,CALL,2026-04-28,65,-2008.5000000000005,52.000000000000455,126.59627831875001,-2187.096278318751
2026-04-27,HIGH_RANGE|CONTINUE|H10_30,HIGH_RANGE,CONTINUE,H10_30,CALL,2026-04-28,65,-286.0000000000008,52.000000000000796,118.49265480947,-456.49265480947156
2026-04-27,HIGH_RANGE|CONTINUE|H15_10,HIGH_RANGE,CONTINUE,H15_10,CALL,2026-04-28,65,597.9999999999998,52.000000000000796,120.89150093538001,425.10849906461897
2026-04-27,HIGH_RANGE|FADE|H10_30,HIGH_RANGE,FADE,H10_30,PUT,2026-04-28,65,-22.750000000001023,52.00000000000077,116.79448913695501,-191.5444891369568
2026-04-27,HIGH_RANGE|FADE|H15_10,HIGH_RANGE,FADE,H15_10,PUT,2026-04-28,65,-1267.5,52.00000000000068,111.63011758546,-1431.1301175854608
2026-04-28,LOW_RANGE|CONTINUE|H10_30,LOW_RANGE,CONTINUE,H10_30,PUT,2026-04-28,65,-1911.0,52.0,99.43736351053,-2062.43736351053
2026-04-28,LOW_RANGE|CONTINUE|H15_10,LOW_RANGE,CONTINUE,H15_10,PUT,2026-04-28,65,4933.5,52.0,112.1656790272,4769.3343209728
2026-04-28,LOW_RANGE|FADE|H10_30,LOW_RANGE,FADE,H10_30,CALL,2026-04-28,65,1449.4999999999995,52.00000000000048,107.40121941482,1290.0987805851792
2026-04-28,LOW_RANGE|FADE|H15_10,LOW_RANGE,FADE,H15_10,CALL,2026-04-28,65,-3438.5000000000005,48.75,97.134274164375,-3584.3842741643753
2026-04-29,MID_RANGE|CONTINUE|H10_30,MID_RANGE,CONTINUE,H10_30,CALL,2026-05-05,65,1975.999999999999,51.99999999999727,162.06442401134,1761.9355759886619
2026-04-29,MID_RANGE|CONTINUE|H15_10,MID_RANGE,CONTINUE,H15_10,CALL,2026-05-05,65,754.0000000000007,51.99999999999818,150.44045785598001,551.5595421440225
2026-04-29,MID_RANGE|FADE|H10_30,MID_RANGE,FADE,H10_30,PUT,2026-05-05,65,-1472.2500000000002,52.0,127.67234229845499,-1651.9223422984553
2026-04-29,MID_RANGE|FADE|H15_10,MID_RANGE,FADE,H15_10,PUT,2026-05-05,65,-598.0000000000002,51.99999999999898,131.99420316353002,-781.9942031635292
2026-04-30,MID_RANGE|CONTINUE|H10_30,MID_RANGE,CONTINUE,H10_30,PUT,2026-05-05,65,493.99999999999864,51.999999999998636,140.48672586687,301.51327413313004
2026-04-30,MID_RANGE|CONTINUE|H15_10,MID_RANGE,CONTINUE,H15_10,PUT,2026-05-05,65,-1534.0000000000005,51.99999999999909,127.49211306517998,-1713.4921130651796
2026-04-30,MID_RANGE|FADE|H10_30,MID_RANGE,FADE,H10_30,CALL,2026-05-05,65,-448.4999999999985,51.99999999999886,139.23150049378,-639.7315004937774
2026-04-30,MID_RANGE|FADE|H15_10,MID_RANGE,FADE,H15_10,CALL,2026-05-05,65,1781.0000000000014,51.999999999998636,154.01544753475997,1574.9845524652428
2026-05-04,LOW_RANGE|CONTINUE|H10_30,LOW_RANGE,CONTINUE,H10_30,CALL,2026-05-05,65,-519.9999999999991,51.99999999999977,120.98670322164999,-692.9867032216489
2026-05-04,LOW_RANGE|CONTINUE|H15_10,LOW_RANGE,CONTINUE,H15_10,CALL,2026-05-05,65,-2297.749999999999,51.99999999999977,114.382654057275,-2464.132654057274
2026-05-04,LOW_RANGE|FADE|H10_30,LOW_RANGE,FADE,H10_30,PUT,2026-05-05,65,351.00000000000034,52.00000000000074,119.73908645579999,179.26091354419967
2026-05-04,LOW_RANGE|FADE|H15_10,LOW_RANGE,FADE,H15_10,PUT,2026-05-05,65,2577.2500000000005,51.999999999999886,126.634256553525,2398.6157434464753
2026-05-05,MID_RANGE|CONTINUE|H10_30,MID_RANGE,CONTINUE,H10_30,PUT,2026-05-05,65,1442.9999999999998,52.000000000000426,106.980354995,1284.0196450049993
2026-05-05,MID_RANGE|CONTINUE|H15_10,MID_RANGE,CONTINUE,H15_10,PUT,2026-05-05,65,-3188.25,48.75,96.86744708457,-3333.86744708457
2026-05-05,MID_RANGE|FADE|H10_30,MID_RANGE,FADE,H10_30,CALL,2026-05-05,65,-1963.0,52.000000000000455,102.68931230244,-2117.6893123024406
2026-05-05,MID_RANGE|FADE|H15_10,MID_RANGE,FADE,H15_10,CALL,2026-05-05,65,-2079.9999999999995,52.00000000000034,101.70950095616,-2233.70950095616
2026-05-06,MID_RANGE|CONTINUE|H10_30,MID_RANGE,CONTINUE,H10_30,CALL,2026-05-12,65,-494.00000000000136,51.99999999999898,140.55419313986,-686.5541931398603
2026-05-06,MID_RANGE|CONTINUE|H15_10,MID_RANGE,CONTINUE,H15_10,CALL,2026-05-12,65,2093.000000000001,51.99999999999818,161.29512923171004,1879.7048707682927
2026-05-06,MID_RANGE|FADE|H10_30,MID_RANGE,FADE,H10_30,PUT,2026-05-12,65,484.25000000000114,51.99999999999898,142.87205940583502,289.37794059416717
2026-05-06,MID_RANGE|FADE|H15_10,MID_RANGE,FADE,H15_10,PUT,2026-05-12,65,-1849.2499999999995,51.999999999999545,128.40464334468498,-2029.654643344684
2026-05-07,HIGH_RANGE|CONTINUE|H10_30,HIGH_RANGE,CONTINUE,H10_30,CALL,2026-05-12,65,441.99999999999983,51.99999999999892,139.57010014725,250.4298998527509
2026-05-07,HIGH_RANGE|CONTINUE|H15_10,HIGH_RANGE,CONTINUE,H15_10,CALL,2026-05-12,65,-520.0000000000009,51.99999999999898,134.91020440896003,-706.9102044089599
2026-05-07,HIGH_RANGE|FADE|H10_30,HIGH_RANGE,FADE,H10_30,PUT,2026-05-12,65,-529.7500000000014,51.99999999999875,135.654306208635,-717.4043062086351
2026-05-07,HIGH_RANGE|FADE|H15_10,HIGH_RANGE,FADE,H15_10,PUT,2026-05-12,65,328.24999999999983,51.99999999999886,138.218969854465,138.03103014553596
2026-05-08,MID_RANGE|CONTINUE|H10_30,MID_RANGE,CONTINUE,H10_30,PUT,2026-05-12,65,-250.24999999999966,51.99999999999886,132.769908063305,-435.01990806330355
2026-05-08,MID_RANGE|CONTINUE|H15_10,MID_RANGE,CONTINUE,H15_10,PUT,2026-05-12,65,103.99999999999966,51.99999999999886,132.49476253687,-80.49476253686922
2026-05-08,MID_RANGE|FADE|H10_30,MID_RANGE,FADE,H10_30,CALL,2026-05-12,65,149.49999999999983,51.99999999999889,133.42972669648,-35.92972669647908
2026-05-08,MID_RANGE|FADE|H15_10,MID_RANGE,FADE,H15_10,CALL,2026-05-12,65,-552.5000000000005,51.99999999999909,128.66042373832,-733.1604237383195
2026-05-11,LOW_RANGE|CONTINUE|H10_30,LOW_RANGE,CONTINUE,H10_30,PUT,2026-05-12,65,1257.7500000000005,51.99999999999943,125.24833713370501,1080.5016628662959
2026-05-11,LOW_RANGE|CONTINUE|H15_10,LOW_RANGE,CONTINUE,H15_10,PUT,2026-05-12,65,1556.7500000000005,51.999999999999886,125.32170118043501,1379.4282988195655
2026-05-11,LOW_RANGE|FADE|H10_30,LOW_RANGE,FADE,H10_30,CALL,2026-05-12,65,-1244.7500000000002,52.00000000000091,116.55127077000499,-1413.301270770006
2026-05-11,LOW_RANGE|FADE|H15_10,LOW_RANGE,FADE,H15_10,CALL,2026-05-12,65,-2210.0,52.00000000000091,112.23957803823001,-2374.239578038231
2026-05-12,MID_RANGE|CONTINUE|H10_30,MID_RANGE,CONTINUE,H10_30,PUT,2026-05-12,65,396.4999999999994,52.000000000000284,106.70431754812,237.7956824518791
2026-05-12,MID_RANGE|CONTINUE|H15_10,MID_RANGE,CONTINUE,H15_10,PUT,2026-05-12,65,9168.249999999998,52.00000000000091,134.51453500554499,8981.735464994452
2026-05-12,MID_RANGE|FADE|H10_30,MID_RANGE,FADE,H10_30,CALL,2026-05-12,65,-1130.9999999999998,52.0000000000004,102.93868257593,-1285.9386825759302
2026-05-12,MID_RANGE|FADE|H15_10,MID_RANGE,FADE,H15_10,CALL,2026-05-12,65,-3383.25,42.25,97.7382956308,-3523.2382956308
2026-05-13,HIGH_RANGE|CONTINUE|H10_30,HIGH_RANGE,CONTINUE,H10_30,CALL,2026-05-19,65,685.7499999999989,51.99999999999727,161.890474251005,471.8595257489966
2026-05-13,HIGH_RANGE|CONTINUE|H15_10,HIGH_RANGE,CONTINUE,H15_10,CALL,2026-05-19,65,493.99999999999966,51.999999999997044,157.89302867934,284.10697132066264
2026-05-13,HIGH_RANGE|FADE|H10_30,HIGH_RANGE,FADE,H10_30,PUT,2026-05-19,65,-614.2500000000011,51.999999999997954,146.556859577225,-812.806859577224
2026-05-13,HIGH_RANGE|FADE|H15_10,HIGH_RANGE,FADE,H15_10,PUT,2026-05-19,65,-516.7500000000002,51.999999999997954,145.349440064445,-714.0994400644431
2026-05-14,HIGH_RANGE|CONTINUE|H10_30,HIGH_RANGE,CONTINUE,H10_30,CALL,2026-05-19,65,-926.25,51.99999999999909,141.55795062595502,-1119.8079506259542
2026-05-14,HIGH_RANGE|CONTINUE|H15_10,HIGH_RANGE,CONTINUE,H15_10,CALL,2026-05-19,65,1072.499999999999,51.99999999999818,152.36972428858,868.130275711421
2026-05-14,HIGH_RANGE|FADE|H10_30,HIGH_RANGE,FADE,H10_30,PUT,2026-05-19,65,786.4999999999986,51.999999999998636,141.56470845983,592.93529154017
2026-05-14,HIGH_RANGE|FADE|H15_10,HIGH_RANGE,FADE,H15_10,PUT,2026-05-19,65,-1264.2500000000005,51.999999999999545,129.397106217775,-1445.647106217775
2026-05-15,HIGH_RANGE|CONTINUE|H10_30,HIGH_RANGE,CONTINUE,H10_30,CALL,2026-05-19,65,757.2499999999995,51.99999999999909,140.20633784707502,565.0436621529254
2026-05-15,HIGH_RANGE|CONTINUE|H15_10,HIGH_RANGE,CONTINUE,H15_10,CALL,2026-05-19,65,-1969.500000000001,51.99999999999909,125.41520912594001,-2146.9152091259402
2026-05-15,HIGH_RANGE|FADE|H10_30,HIGH_RANGE,FADE,H10_30,PUT,2026-05-19,65,-750.7500000000009,51.999999999998636,130.945736343935,-933.6957363439345
2026-05-15,HIGH_RANGE|FADE|H15_10,HIGH_RANGE,FADE,H15_10,PUT,2026-05-19,65,1654.2500000000002,51.99999999999909,142.660970852965,1459.5890291470362
2026-05-18,LOW_RANGE|CONTINUE|H10_30,LOW_RANGE,CONTINUE,H10_30,PUT,2026-05-19,65,155.99999999999946,51.99999999999892,126.85416661266002,-22.854166612659483
2026-05-18,LOW_RANGE|CONTINUE|H15_10,LOW_RANGE,CONTINUE,H15_10,PUT,2026-05-19,65,-3588.0,52.000000000000455,112.30549190443,-3752.3054919044303
2026-05-18,LOW_RANGE|FADE|H10_30,LOW_RANGE,FADE,H10_30,CALL,2026-05-19,65,-373.75000000000045,52.00000000000068,119.202542549135,-544.9525425491362
2026-05-18,LOW_RANGE|FADE|H15_10,LOW_RANGE,FADE,H15_10,CALL,2026-05-19,65,4455.75,51.99999999999909,141.869107420865,4261.880892579136
2026-05-19,MID_RANGE|CONTINUE|H10_30,MID_RANGE,CONTINUE,H10_30,CALL,2026-05-19,65,-246.99999999999966,52.00000000000037,104.10467856904,-403.10467856904
2026-05-19,MID_RANGE|CONTINUE|H15_10,MID_RANGE,CONTINUE,H15_10,CALL,2026-05-19,65,-3477.4999999999995,45.500000000000455,97.15808245102,-3620.15808245102
2026-05-19,MID_RANGE|FADE|H10_30,MID_RANGE,FADE,H10_30,PUT,2026-05-19,65,-549.2500000000002,52.000000000000284,104.83413101529499,-706.0841310152955
2026-05-19,MID_RANGE|FADE|H15_10,MID_RANGE,FADE,H15_10,PUT,2026-05-19,65,4715.75,52.00000000000034,113.766296873105,4549.983703126895
2026-05-20,MID_RANGE|CONTINUE|H10_30,MID_RANGE,CONTINUE,H10_30,PUT,2026-05-26,65,-568.7500000000018,51.999999999997044,149.934408062445,-770.6844080624438
2026-05-20,MID_RANGE|CONTINUE|H15_10,MID_RANGE,CONTINUE,H15_10,PUT,2026-05-26,65,-1937.0,51.99999999999909,139.67851565978,-2128.678515659779
2026-05-20,MID_RANGE|FADE|H10_30,MID_RANGE,FADE,H10_30,CALL,2026-05-26,65,614.2499999999993,51.99999999999716,150.711449302485,411.53855069751717
2026-05-20,MID_RANGE|FADE|H15_10,MID_RANGE,FADE,H15_10,CALL,2026-05-26,65,1950.0000000000023,51.999999999997726,160.34243976541,1737.6575602345945
2026-05-21,LOW_RANGE|CONTINUE|H10_30,LOW_RANGE,CONTINUE,H10_30,CALL,2026-05-26,65,-87.74999999999966,51.99999999999886,138.460287100895,-278.21028710089354
2026-05-21,LOW_RANGE|CONTINUE|H15_10,LOW_RANGE,CONTINUE,H15_10,CALL,2026-05-26,65,-1920.7499999999995,52.000000000000455,129.299844384275,-2102.049844384275
2026-05-21,LOW_RANGE|FADE|H10_30,LOW_RANGE,FADE,H10_30,PUT,2026-05-26,65,-61.750000000000114,51.99999999999898,135.320218635595,-249.0702186355941
2026-05-21,LOW_RANGE|FADE|H15_10,LOW_RANGE,FADE,H15_10,PUT,2026-05-26,65,1777.7500000000014,51.999999999997726,145.633530538385,1580.1164694616186
2026-06-17,LOW_RANGE|CONTINUE|H15_10,LOW_RANGE,CONTINUE,H15_10,CALL,2026-07-07,65,425.74999999999704,51.999999999997044,178.11169164390498,195.63830835609502
2026-06-17,LOW_RANGE|FADE|H10_30,LOW_RANGE,FADE,H10_30,PUT,2026-07-07,65,-341.25,51.999999999997044,157.683648879165,-550.9336488791621
2026-06-18,LOW_RANGE|CONTINUE|H10_30,LOW_RANGE,CONTINUE,H10_30,PUT,2026-07-07,65,35.75000000000068,51.999999999997044,156.79724156633498,-173.04724156633134
2026-06-18,LOW_RANGE|CONTINUE|H15_10,LOW_RANGE,CONTINUE,H15_10,PUT,2026-07-07,65,-828.75,51.99999999999818,149.712486809125,-1030.4624868091232
2026-06-18,LOW_RANGE|FADE|H10_30,LOW_RANGE,FADE,H10_30,CALL,2026-07-07,65,-39.00000000000148,51.999999999997044,165.11412324938001,-256.1141232493785
2026-06-18,LOW_RANGE|FADE|H15_10,LOW_RANGE,FADE,H15_10,CALL,2026-07-07,65,757.2500000000005,51.99999999999727,171.04300179373502,534.2069982062682
2026-06-19,LOW_RANGE|FADE|H10_30,LOW_RANGE,FADE,H10_30,CALL,2026-07-07,65,87.75000000000148,51.999999999997044,173.902730592285,-138.15273059228056
2026-06-19,LOW_RANGE|FADE|H15_10,LOW_RANGE,FADE,H15_10,CALL,2026-07-07,65,523.2500000000007,51.999999999997044,177.543813137515,293.7061868624886
2026-06-23,LOW_RANGE|CONTINUE|H15_10,LOW_RANGE,CONTINUE,H15_10,PUT,2026-07-07,65,2109.25,51.99999999999818,163.506939937425,1893.743060062577
2026-06-23,LOW_RANGE|FADE|H10_30,LOW_RANGE,FADE,H10_30,CALL,2026-07-07,65,182.00000000000074,51.999999999997044,152.84018253476,-22.84018253475631
2026-06-23,LOW_RANGE|FADE|H15_10,LOW_RANGE,FADE,H15_10,CALL,2026-07-07,65,-2102.7499999999995,51.999999999997726,139.49889955980498,-2294.2488995598023
2026-06-24,MID_RANGE|CONTINUE|H10_30,MID_RANGE,CONTINUE,H10_30,PUT,2026-07-07,65,-656.5000000000016,51.999999999997954,146.94574540371002,-855.4457454037096
2026-06-24,MID_RANGE|CONTINUE|H15_10,MID_RANGE,CONTINUE,H15_10,PUT,2026-07-07,65,-1365.000000000001,51.999999999997726,141.39342829922,-1558.3934282992186
2026-06-24,MID_RANGE|FADE|H10_30,MID_RANGE,FADE,H10_30,CALL,2026-07-07,65,711.7500000000014,51.99999999999727,160.260647198385,499.48935280161913
2026-06-24,MID_RANGE|FADE|H15_10,MID_RANGE,FADE,H15_10,CALL,2026-07-07,65,1397.4999999999977,51.99999999999682,165.43794598302998,1180.062054016971
2026-06-25,LOW_RANGE|CONTINUE|H10_30,LOW_RANGE,CONTINUE,H10_30,CALL,2026-07-07,65,468.00000000000017,51.99999999999886,145.98462021115,270.0153797888513
2026-06-25,LOW_RANGE|CONTINUE|H15_10,LOW_RANGE,CONTINUE,H15_10,CALL,2026-07-07,65,-656.4999999999989,51.999999999998636,139.71816150016997,-848.2181615001675
2026-06-25,LOW_RANGE|FADE|H10_30,LOW_RANGE,FADE,H10_30,PUT,2026-07-07,65,-481.00000000000136,51.99999999999875,139.46959364699998,-672.4695936470001
2026-06-25,LOW_RANGE|FADE|H15_10,LOW_RANGE,FADE,H15_10,PUT,2026-07-07,65,471.24999999999915,51.999999999999034,144.34192456519497,274.90807543480514
2026-06-29,MID_RANGE|CONTINUE|H10_30,MID_RANGE,CONTINUE,H10_30,PUT,2026-07-07,65,-455.0,51.99999999999909,132.81590230321999,-639.8159023032191
2026-06-29,MID_RANGE|CONTINUE|H15_10,MID_RANGE,CONTINUE,H15_10,PUT,2026-07-07,65,1394.250000000001,51.999999999997726,144.072576025605,1198.1774239743982
2026-06-29,MID_RANGE|FADE|H10_30,MID_RANGE,FADE,H10_30,CALL,2026-07-07,65,490.7499999999998,51.999999999997954,146.637029810875,292.1129701891268
2026-06-29,MID_RANGE|FADE|H15_10,MID_RANGE,FADE,H15_10,CALL,2026-07-07,65,-1452.7499999999995,51.99999999999909,135.230176548525,-1639.9801765485236
2026-06-30,HIGH_RANGE|CONTINUE|H10_30,HIGH_RANGE,CONTINUE,H10_30,CALL,2026-07-07,65,-100.74999999999889,51.99999999999889,141.81024871277504,-294.5602487127728
2026-06-30,HIGH_RANGE|CONTINUE|H15_10,HIGH_RANGE,CONTINUE,H15_10,CALL,2026-07-07,65,87.75000000000057,51.99999999999898,140.623482320015,-104.87348232001341
2026-06-30,HIGH_RANGE|FADE|H10_30,HIGH_RANGE,FADE,H10_30,PUT,2026-07-07,65,-16.25000000000003,51.99999999999889,134.97610078242502,-203.22610078242394
2026-06-30,HIGH_RANGE|FADE|H15_10,HIGH_RANGE,FADE,H15_10,PUT,2026-07-07,65,-526.4999999999995,51.99999999999886,130.33617610427,-708.8361761042684
2026-07-01,HIGH_RANGE|CONTINUE|H10_30,HIGH_RANGE,CONTINUE,H10_30,CALL,2026-07-07,65,1049.7500000000005,51.99999999999909,140.452146600395,857.2978533996063
2026-07-01,HIGH_RANGE|CONTINUE|H15_10,HIGH_RANGE,CONTINUE,H15_10,CALL,2026-07-07,65,776.7499999999993,51.99999999999898,136.79180591522498,587.9581940847754
2026-07-01,HIGH_RANGE|FADE|H10_30,HIGH_RANGE,FADE,H10_30,PUT,2026-07-07,65,-988.0,52.0,125.83610440607,-1165.83610440607
2026-07-01,HIGH_RANGE|FADE|H15_10,HIGH_RANGE,FADE,H15_10,PUT,2026-07-07,65,-1053.0,52.0,124.40137300667,-1229.40137300667
2026-07-02,LOW_RANGE|CONTINUE|H10_30,LOW_RANGE,CONTINUE,H10_30,CALL,2026-07-07,65,-662.9999999999998,51.99999999999898,123.87125979369,-838.8712597936888
2026-07-02,LOW_RANGE|CONTINUE|H15_10,LOW_RANGE,CONTINUE,H15_10,CALL,2026-07-07,65,728.0000000000016,51.99999999999889,128.76941739868,547.2305826013228
2026-07-02,LOW_RANGE|FADE|H10_30,LOW_RANGE,FADE,H10_30,PUT,2026-07-07,65,474.49999999999983,52.00000000000071,120.12266086234,302.37733913765913
2026-07-02,LOW_RANGE|FADE|H15_10,LOW_RANGE,FADE,H15_10,PUT,2026-07-07,65,-1027.0000000000005,52.000000000000455,113.71009747797,-1192.710097477971
