cell_id,week,net_pnl
HIGH_SKEW|CONTINUE|H10_30,2021-09-27/2021-10-03,81.90212528500044
HIGH_SKEW|CONTINUE|H10_30,2021-10-04/2021-10-10,1548.4218234649982
HIGH_SKEW|CONTINUE|H10_30,2021-10-11/2021-10-17,176.9877021900004
HIGH_SKEW|CONTINUE|H10_30,2021-11-22/2021-11-28,-67.6579587849997
HIGH_SKEW|CONTINUE|H10_30,2021-11-29/2021-12-05,1098.2407550899989
HIGH_SKEW|CONTINUE|H10_30,2021-12-06/2021-12-12,-1672.21018323
HIGH_SKEW|CONTINUE|H10_30,2021-12-20/2021-12-26,-1927.7615562800001
HIGH_SKEW|CONTINUE|H10_30,2021-12-27/2022-01-02,-1529.0955651799995
HIGH_SKEW|CONTINUE|H10_30,2022-01-03/2022-01-09,970.3366376550001
HIGH_SKEW|CONTINUE|H10_30,2022-01-10/2022-01-16,-191.60718622500042
HIGH_SKEW|CONTINUE|H10_30,2022-01-17/2022-01-23,-2838.8645624700002
HIGH_SKEW|CONTINUE|H10_30,2022-01-24/2022-01-30,-1625.9224947350015
HIGH_SKEW|CONTINUE|H10_30,2022-01-31/2022-02-06,-504.59314183999834
HIGH_SKEW|CONTINUE|H10_30,2022-02-07/2022-02-13,-1089.3798032200018
HIGH_SKEW|CONTINUE|H10_30,2022-02-14/2022-02-20,-3277.1298443250007
HIGH_SKEW|CONTINUE|H10_30,2022-02-21/2022-02-27,39.28091343499864
HIGH_SKEW|CONTINUE|H10_30,2022-02-28/2022-03-06,-1479.9907108799998
HIGH_SKEW|CONTINUE|H10_30,2022-03-07/2022-03-13,1905.168000275
HIGH_SKEW|CONTINUE|H10_30,2022-03-14/2022-03-20,481.76695097999675
HIGH_SKEW|CONTINUE|H10_30,2022-03-21/2022-03-27,-850.3245475099998
HIGH_SKEW|CONTINUE|H10_30,2022-03-28/2022-04-03,437.38062408500025
HIGH_SKEW|CONTINUE|H10_30,2022-04-11/2022-04-17,-1506.2073011199998
HIGH_SKEW|CONTINUE|H10_30,2022-04-25/2022-05-01,-386.90832805000025
HIGH_SKEW|CONTINUE|H10_30,2022-05-02/2022-05-08,2710.1166613349997
HIGH_SKEW|CONTINUE|H10_30,2022-05-09/2022-05-15,-2252.07627892
HIGH_SKEW|CONTINUE|H10_30,2022-05-16/2022-05-22,-442.73178250500325
HIGH_SKEW|CONTINUE|H10_30,2022-05-23/2022-05-29,-1896.4699107050005
HIGH_SKEW|CONTINUE|H10_30,2022-05-30/2022-06-05,-990.0152458449994
HIGH_SKEW|CONTINUE|H10_30,2022-06-06/2022-06-12,-1309.9580346149999
HIGH_SKEW|CONTINUE|H10_30,2022-06-20/2022-06-26,-97.43691668000092
HIGH_SKEW|CONTINUE|H10_30,2022-06-27/2022-07-03,73.44508333499755
HIGH_SKEW|CONTINUE|H10_30,2022-07-04/2022-07-10,681.6188201549963
HIGH_SKEW|CONTINUE|H10_30,2022-07-11/2022-07-17,-621.1421556500021
HIGH_SKEW|CONTINUE|H10_30,2022-07-18/2022-07-24,-906.9212390899997
HIGH_SKEW|CONTINUE|H10_30,2022-08-01/2022-08-07,972.1563422749996
HIGH_SKEW|CONTINUE|H10_30,2022-08-29/2022-09-04,-1315.9466992249995
HIGH_SKEW|CONTINUE|H10_30,2022-09-05/2022-09-11,-1255.3065347450006
HIGH_SKEW|CONTINUE|H10_30,2022-09-12/2022-09-18,-2232.7809474
HIGH_SKEW|CONTINUE|H10_30,2022-09-19/2022-09-25,617.764262354999
HIGH_SKEW|CONTINUE|H10_30,2022-10-03/2022-10-09,-1172.5314997700007
HIGH_SKEW|CONTINUE|H10_30,2022-10-10/2022-10-16,-150.20534125500194
HIGH_SKEW|CONTINUE|H10_30,2022-10-17/2022-10-23,-486.67107435500054
HIGH_SKEW|CONTINUE|H10_30,2022-10-31/2022-11-06,-1337.86531125
HIGH_SKEW|CONTINUE|H10_30,2022-11-14/2022-11-20,-363.4822640199998
HIGH_SKEW|CONTINUE|H10_30,2022-12-26/2023-01-01,99.34303647499974
HIGH_SKEW|CONTINUE|H10_30,2023-01-02/2023-01-08,-1013.928567025
HIGH_SKEW|CONTINUE|H10_30,2023-01-16/2023-01-22,36.70370901999945
HIGH_SKEW|CONTINUE|H10_30,2023-01-30/2023-02-05,190.4002258449998
HIGH_SKEW|CONTINUE|H10_30,2023-02-06/2023-02-12,2655.3079096299984
HIGH_SKEW|CONTINUE|H10_30,2023-02-13/2023-02-19,-3889.14085848
HIGH_SKEW|CONTINUE|H10_30,2023-02-20/2023-02-26,1927.881170019999
HIGH_SKEW|CONTINUE|H10_30,2023-03-06/2023-03-12,-2647.7512549450003
HIGH_SKEW|CONTINUE|H10_30,2023-03-20/2023-03-26,-2046.0904209400007
HIGH_SKEW|CONTINUE|H10_30,2023-04-03/2023-04-09,-842.1694935850003
HIGH_SKEW|CONTINUE|H10_30,2023-04-10/2023-04-16,-898.8234743500009
HIGH_SKEW|CONTINUE|H10_30,2023-04-17/2023-04-23,-2474.20558567
HIGH_SKEW|CONTINUE|H10_30,2023-04-24/2023-04-30,98.29313408000013
HIGH_SKEW|CONTINUE|H10_30,2023-05-01/2023-05-07,241.0895285500003
HIGH_SKEW|CONTINUE|H10_30,2023-05-08/2023-05-14,-701.2159523049997
HIGH_SKEW|CONTINUE|H10_30,2023-05-15/2023-05-21,860.85522568
HIGH_SKEW|CONTINUE|H10_30,2023-05-22/2023-05-28,-270.9311844100007
HIGH_SKEW|CONTINUE|H10_30,2023-05-29/2023-06-04,-807.6494348100006
HIGH_SKEW|CONTINUE|H10_30,2023-06-05/2023-06-11,45.204962325000366
HIGH_SKEW|CONTINUE|H10_30,2023-06-12/2023-06-18,1358.435621495
HIGH_SKEW|CONTINUE|H10_30,2023-06-19/2023-06-25,-1068.6733039249996
HIGH_SKEW|CONTINUE|H10_30,2023-06-26/2023-07-02,688.0051833050004
HIGH_SKEW|CONTINUE|H10_30,2023-07-03/2023-07-09,-707.4470504100012
HIGH_SKEW|CONTINUE|H10_30,2023-07-10/2023-07-16,1637.6566422599992
HIGH_SKEW|CONTINUE|H10_30,2023-07-17/2023-07-23,-174.80168253
HIGH_SKEW|CONTINUE|H10_30,2023-07-31/2023-08-06,1031.6515665549991
HIGH_SKEW|CONTINUE|H10_30,2023-08-07/2023-08-13,1081.1102892849979
HIGH_SKEW|CONTINUE|H10_30,2023-08-14/2023-08-20,-66.77138971500057
HIGH_SKEW|CONTINUE|H10_30,2023-08-21/2023-08-27,-928.2247374600003
HIGH_SKEW|CONTINUE|H10_30,2023-08-28/2023-09-03,-297.81663851999997
HIGH_SKEW|CONTINUE|H10_30,2023-09-04/2023-09-10,-2223.8338014049996
HIGH_SKEW|CONTINUE|H10_30,2023-09-11/2023-09-17,-1146.23782335
HIGH_SKEW|CONTINUE|H10_30,2023-09-18/2023-09-24,2061.169561115
HIGH_SKEW|CONTINUE|H10_30,2023-09-25/2023-10-01,-540.9828232899999
HIGH_SKEW|CONTINUE|H10_30,2023-10-09/2023-10-15,-1229.0626529449999
HIGH_SKEW|CONTINUE|H10_30,2023-10-16/2023-10-22,-131.60659943000002
HIGH_SKEW|CONTINUE|H10_30,2023-10-23/2023-10-29,1158.539928664999
HIGH_SKEW|CONTINUE|H10_30,2023-10-30/2023-11-05,-12.467329195000048
HIGH_SKEW|CONTINUE|H10_30,2023-12-11/2023-12-17,-89.25768235499986
HIGH_SKEW|CONTINUE|H10_30,2023-12-18/2023-12-24,-2113.1122240300006
HIGH_SKEW|CONTINUE|H10_30,2024-01-01/2024-01-07,-458.1775264249999
HIGH_SKEW|CONTINUE|H10_30,2024-01-08/2024-01-14,-2607.084316930001
HIGH_SKEW|CONTINUE|H10_30,2024-01-15/2024-01-21,-1554.2618459599996
HIGH_SKEW|CONTINUE|H10_30,2024-01-29/2024-02-04,317.6459810649999
HIGH_SKEW|CONTINUE|H10_30,2024-02-05/2024-02-11,-664.810539980002
HIGH_SKEW|CONTINUE|H10_30,2024-02-12/2024-02-18,-2871.5487851400017
HIGH_SKEW|CONTINUE|H10_30,2024-02-19/2024-02-25,-1425.8823364350028
HIGH_SKEW|CONTINUE|H10_30,2024-02-26/2024-03-03,49.770116619999726
HIGH_SKEW|CONTINUE|H10_30,2024-03-04/2024-03-10,181.92306315999895
HIGH_SKEW|CONTINUE|H10_30,2024-03-18/2024-03-24,787.5083249650002
HIGH_SKEW|CONTINUE|H10_30,2024-04-01/2024-04-07,-4250.966467575
HIGH_SKEW|CONTINUE|H10_30,2024-04-08/2024-04-14,5.282128989999592
HIGH_SKEW|CONTINUE|H10_30,2024-04-15/2024-04-21,-1940.2810559650004
HIGH_SKEW|CONTINUE|H10_30,2024-04-22/2024-04-28,-399.4351284500012
HIGH_SKEW|CONTINUE|H10_30,2024-05-06/2024-05-12,1056.3688305749997
HIGH_SKEW|CONTINUE|H10_30,2024-05-13/2024-05-19,-2223.6434375575
HIGH_SKEW|CONTINUE|H10_30,2024-05-20/2024-05-26,-360.8297709725002
HIGH_SKEW|CONTINUE|H10_30,2024-05-27/2024-06-02,372.9260490574997
HIGH_SKEW|CONTINUE|H10_30,2024-06-03/2024-06-09,-412.1423292549988
HIGH_SKEW|CONTINUE|H10_30,2024-06-10/2024-06-16,-881.7123571075009
HIGH_SKEW|CONTINUE|H10_30,2024-06-17/2024-06-23,-56.47101386750004
HIGH_SKEW|CONTINUE|H10_30,2024-06-24/2024-06-30,1930.5125547024995
HIGH_SKEW|CONTINUE|H10_30,2024-07-01/2024-07-07,448.2870498425
HIGH_SKEW|CONTINUE|H10_30,2024-07-08/2024-07-14,-785.285363375
HIGH_SKEW|CONTINUE|H10_30,2024-07-15/2024-07-21,51.109639664999946
HIGH_SKEW|CONTINUE|H10_30,2024-07-22/2024-07-28,-1409.6256422725007
HIGH_SKEW|CONTINUE|H10_30,2024-09-02/2024-09-08,-1043.3345298400002
HIGH_SKEW|CONTINUE|H10_30,2024-09-09/2024-09-15,-1628.1247863149997
HIGH_SKEW|CONTINUE|H10_30,2024-09-16/2024-09-22,-294.0108584375002
HIGH_SKEW|CONTINUE|H10_30,2024-09-23/2024-09-29,-387.3833877025006
HIGH_SKEW|CONTINUE|H10_30,2024-09-30/2024-10-06,517.1326789349998
HIGH_SKEW|CONTINUE|H10_30,2024-10-07/2024-10-13,653.4527326549996
HIGH_SKEW|CONTINUE|H10_30,2024-10-14/2024-10-20,-813.02997156
HIGH_SKEW|CONTINUE|H10_30,2024-10-21/2024-10-27,-2159.425228825
HIGH_SKEW|CONTINUE|H10_30,2024-11-04/2024-11-10,-1825.9644082300006
HIGH_SKEW|CONTINUE|H10_30,2024-11-11/2024-11-17,-816.0572636899999
HIGH_SKEW|CONTINUE|H10_30,2024-11-18/2024-11-24,1486.4116521374985
HIGH_SKEW|CONTINUE|H10_30,2024-12-02/2024-12-08,-1458.8393553325004
HIGH_SKEW|CONTINUE|H10_30,2024-12-09/2024-12-15,1561.0536002774966
HIGH_SKEW|CONTINUE|H10_30,2024-12-16/2024-12-22,-2764.650729485
HIGH_SKEW|CONTINUE|H10_30,2024-12-30/2025-01-05,1267.0637396799975
HIGH_SKEW|CONTINUE|H10_30,2025-01-06/2025-01-12,-3408.4043292000033
HIGH_SKEW|CONTINUE|H10_30,2025-01-13/2025-01-19,-1098.7303185575
HIGH_SKEW|CONTINUE|H10_30,2025-01-20/2025-01-26,-3133.259228472502
HIGH_SKEW|CONTINUE|H10_30,2025-01-27/2025-02-02,2096.510795597498
HIGH_SKEW|CONTINUE|H10_30,2025-02-03/2025-02-09,-2233.41170077
HIGH_SKEW|CONTINUE|H10_30,2025-02-24/2025-03-02,-2081.8971328774996
HIGH_SKEW|CONTINUE|H10_30,2025-03-03/2025-03-09,-1311.98654872
HIGH_SKEW|CONTINUE|H10_30,2025-03-10/2025-03-16,-343.2025556000017
HIGH_SKEW|CONTINUE|H10_30,2025-03-17/2025-03-23,-998.8007271575
HIGH_SKEW|CONTINUE|H10_30,2025-03-24/2025-03-30,1758.6894696849995
HIGH_SKEW|CONTINUE|H10_30,2025-03-31/2025-04-06,2261.4202104524975
HIGH_SKEW|CONTINUE|H10_30,2025-04-07/2025-04-13,-5849.904155162501
HIGH_SKEW|CONTINUE|H10_30,2025-04-14/2025-04-20,-2555.96125086
HIGH_SKEW|CONTINUE|H10_30,2025-04-21/2025-04-27,1418.5002079424985
HIGH_SKEW|CONTINUE|H10_30,2025-04-28/2025-05-04,-2635.6429810475006
HIGH_SKEW|CONTINUE|H10_30,2025-05-05/2025-05-11,1032.9563196125005
HIGH_SKEW|CONTINUE|H10_30,2025-05-12/2025-05-18,3881.761112312499
HIGH_SKEW|CONTINUE|H10_30,2025-05-19/2025-05-25,-3282.401690345
HIGH_SKEW|CONTINUE|H10_30,2025-06-02/2025-06-08,-969.7484518325005
HIGH_SKEW|CONTINUE|H10_30,2025-06-09/2025-06-15,-2462.5850744650006
HIGH_SKEW|CONTINUE|H10_30,2025-06-16/2025-06-22,-399.93507895750224
HIGH_SKEW|CONTINUE|H10_30,2025-06-30/2025-07-06,4414.243259634999
HIGH_SKEW|CONTINUE|H10_30,2025-07-28/2025-08-03,240.86079863500012
HIGH_SKEW|CONTINUE|H10_30,2025-08-04/2025-08-10,1288.9194078549997
HIGH_SKEW|CONTINUE|H10_30,2025-08-11/2025-08-17,-207.4897982150003
HIGH_SKEW|CONTINUE|H10_30,2025-08-18/2025-08-24,4105.1995093549995
HIGH_SKEW|CONTINUE|H10_30,2025-09-01/2025-09-07,3900.9759738025
HIGH_SKEW|CONTINUE|H10_30,2025-09-15/2025-09-21,3435.7983394474995
HIGH_SKEW|CONTINUE|H10_30,2025-10-06/2025-10-12,6960.009950420001
HIGH_SKEW|CONTINUE|H10_30,2025-11-03/2025-11-09,-915.2740993924997
HIGH_SKEW|CONTINUE|H10_30,2025-11-17/2025-11-23,-654.4317601275009
HIGH_SKEW|CONTINUE|H10_30,2025-11-24/2025-11-30,2910.9193179175
HIGH_SKEW|CONTINUE|H10_30,2025-12-01/2025-12-07,715.7320075000001
HIGH_SKEW|CONTINUE|H10_30,2025-12-08/2025-12-14,535.2466564599986
HIGH_SKEW|CONTINUE|H10_30,2025-12-15/2025-12-21,-2786.062832032501
HIGH_SKEW|CONTINUE|H10_30,2025-12-22/2025-12-28,532.8281160924976
HIGH_SKEW|CONTINUE|H10_30,2025-12-29/2026-01-04,1937.3315321559976
HIGH_SKEW|CONTINUE|H10_30,2026-01-05/2026-01-11,-138.87796460349992
HIGH_SKEW|CONTINUE|H10_30,2026-01-12/2026-01-18,1697.3202073349983
HIGH_SKEW|CONTINUE|H10_30,2026-01-19/2026-01-25,-2378.682315088502
HIGH_SKEW|CONTINUE|H10_30,2026-01-26/2026-02-01,336.3616343289998
HIGH_SKEW|CONTINUE|H10_30,2026-02-02/2026-02-08,-855.0919247605063
HIGH_SKEW|CONTINUE|H10_30,2026-02-09/2026-02-15,1118.2948078180002
HIGH_SKEW|CONTINUE|H10_30,2026-02-16/2026-02-22,-8258.429837751502
HIGH_SKEW|CONTINUE|H10_30,2026-02-23/2026-03-01,-947.0909325745022
HIGH_SKEW|CONTINUE|H10_30,2026-03-02/2026-03-08,1176.0055739201798
HIGH_SKEW|CONTINUE|H10_30,2026-03-09/2026-03-15,357.36505872699377
HIGH_SKEW|CONTINUE|H10_30,2026-03-16/2026-03-22,2101.809974276559
HIGH_SKEW|CONTINUE|H10_30,2026-03-23/2026-03-29,-964.810448260621
HIGH_SKEW|CONTINUE|H10_30,2026-03-30/2026-04-05,559.2857269987194
HIGH_SKEW|CONTINUE|H10_30,2026-04-06/2026-04-12,-1509.3883980529145
HIGH_SKEW|CONTINUE|H10_30,2026-04-13/2026-04-19,-5623.071178556463
HIGH_SKEW|CONTINUE|H10_30,2026-04-20/2026-04-26,-1308.282535623688
HIGH_SKEW|CONTINUE|H10_30,2026-04-27/2026-05-03,-2114.39914351053
HIGH_SKEW|CONTINUE|H10_30,2026-05-18/2026-05-24,-1277.7126466314878
HIGH_SKEW|CONTINUE|H15_10,2021-09-27/2021-10-03,-2706.0807727799997
HIGH_SKEW|CONTINUE|H15_10,2021-10-04/2021-10-10,1477.7811964399993
HIGH_SKEW|CONTINUE|H15_10,2021-10-11/2021-10-17,1804.7238407999998
HIGH_SKEW|CONTINUE|H15_10,2021-11-22/2021-11-28,-2233.775077755
HIGH_SKEW|CONTINUE|H15_10,2021-11-29/2021-12-05,-216.48598279499856
HIGH_SKEW|CONTINUE|H15_10,2021-12-06/2021-12-12,607.2052206849997
HIGH_SKEW|CONTINUE|H15_10,2021-12-20/2021-12-26,343.5416688600005
HIGH_SKEW|CONTINUE|H15_10,2021-12-27/2022-01-02,-2015.1855910049997
HIGH_SKEW|CONTINUE|H15_10,2022-01-03/2022-01-09,5297.830252194997
HIGH_SKEW|CONTINUE|H15_10,2022-01-10/2022-01-16,-252.42396216500106
HIGH_SKEW|CONTINUE|H15_10,2022-01-17/2022-01-23,-5117.238888305001
HIGH_SKEW|CONTINUE|H15_10,2022-01-24/2022-01-30,-6183.741440255
HIGH_SKEW|CONTINUE|H15_10,2022-01-31/2022-02-06,-2054.5923262099996
HIGH_SKEW|CONTINUE|H15_10,2022-02-07/2022-02-13,2427.4137939949997
HIGH_SKEW|CONTINUE|H15_10,2022-02-14/2022-02-20,2195.069386065
HIGH_SKEW|CONTINUE|H15_10,2022-02-21/2022-02-27,2950.12236009
HIGH_SKEW|CONTINUE|H15_10,2022-02-28/2022-03-06,-4664.104631725001
HIGH_SKEW|CONTINUE|H15_10,2022-03-07/2022-03-13,-446.3088879350007
HIGH_SKEW|CONTINUE|H15_10,2022-03-14/2022-03-20,51.711248664997015
HIGH_SKEW|CONTINUE|H15_10,2022-03-21/2022-03-27,-2749.4501890849997
HIGH_SKEW|CONTINUE|H15_10,2022-03-28/2022-04-03,-2615.64571277
HIGH_SKEW|CONTINUE|H15_10,2022-04-11/2022-04-17,-2000.37232436
HIGH_SKEW|CONTINUE|H15_10,2022-04-25/2022-05-01,4679.234438155
HIGH_SKEW|CONTINUE|H15_10,2022-05-02/2022-05-08,-3306.69142076
HIGH_SKEW|CONTINUE|H15_10,2022-05-09/2022-05-15,-2513.4334505250004
HIGH_SKEW|CONTINUE|H15_10,2022-05-16/2022-05-22,6050.04303528
HIGH_SKEW|CONTINUE|H15_10,2022-05-23/2022-05-29,-2012.401436370001
HIGH_SKEW|CONTINUE|H15_10,2022-05-30/2022-06-05,-4231.72709549
HIGH_SKEW|CONTINUE|H15_10,2022-06-06/2022-06-12,-2333.280401435
HIGH_SKEW|CONTINUE|H15_10,2022-06-20/2022-06-26,960.4873661999991
HIGH_SKEW|CONTINUE|H15_10,2022-06-27/2022-07-03,-2349.507689205002
HIGH_SKEW|CONTINUE|H15_10,2022-07-04/2022-07-10,-2225.6107220350023
HIGH_SKEW|CONTINUE|H15_10,2022-07-11/2022-07-17,-3728.156511465002
HIGH_SKEW|CONTINUE|H15_10,2022-07-18/2022-07-24,-1827.9164816649998
HIGH_SKEW|CONTINUE|H15_10,2022-08-01/2022-08-07,-1490.850063235
HIGH_SKEW|CONTINUE|H15_10,2022-08-29/2022-09-04,2985.0312866350014
HIGH_SKEW|CONTINUE|H15_10,2022-09-05/2022-09-11,-3361.0902354550008
HIGH_SKEW|CONTINUE|H15_10,2022-09-12/2022-09-18,-4742.88021776
HIGH_SKEW|CONTINUE|H15_10,2022-09-19/2022-09-25,-852.0665650349999
HIGH_SKEW|CONTINUE|H15_10,2022-10-03/2022-10-09,-4591.3574872
HIGH_SKEW|CONTINUE|H15_10,2022-10-10/2022-10-16,-2291.5769289400023
HIGH_SKEW|CONTINUE|H15_10,2022-10-17/2022-10-23,-5342.335396685001
HIGH_SKEW|CONTINUE|H15_10,2022-10-31/2022-11-06,-2408.587954015
HIGH_SKEW|CONTINUE|H15_10,2022-11-14/2022-11-20,-460.7142121949999
HIGH_SKEW|CONTINUE|H15_10,2022-12-26/2023-01-01,-3836.24628194
HIGH_SKEW|CONTINUE|H15_10,2023-01-02/2023-01-08,-1577.585577925
HIGH_SKEW|CONTINUE|H15_10,2023-01-16/2023-01-22,-379.9872825450011
HIGH_SKEW|CONTINUE|H15_10,2023-01-30/2023-02-05,-595.9101361599987
HIGH_SKEW|CONTINUE|H15_10,2023-02-06/2023-02-12,2192.875195434998
HIGH_SKEW|CONTINUE|H15_10,2023-02-13/2023-02-19,-3077.6221863600003
HIGH_SKEW|CONTINUE|H15_10,2023-02-20/2023-02-26,3217.028449065001
HIGH_SKEW|CONTINUE|H15_10,2023-03-06/2023-03-12,-6197.77902349
HIGH_SKEW|CONTINUE|H15_10,2023-03-20/2023-03-26,-3590.653819580001
HIGH_SKEW|CONTINUE|H15_10,2023-04-03/2023-04-09,-130.29624012000158
HIGH_SKEW|CONTINUE|H15_10,2023-04-10/2023-04-16,441.92623919499863
HIGH_SKEW|CONTINUE|H15_10,2023-04-17/2023-04-23,-2898.32090085
HIGH_SKEW|CONTINUE|H15_10,2023-04-24/2023-04-30,1810.92298031
HIGH_SKEW|CONTINUE|H15_10,2023-05-01/2023-05-07,5840.713301185
HIGH_SKEW|CONTINUE|H15_10,2023-05-08/2023-05-14,389.84091804000025
HIGH_SKEW|CONTINUE|H15_10,2023-05-15/2023-05-21,1242.7305083649999
HIGH_SKEW|CONTINUE|H15_10,2023-05-22/2023-05-28,-1241.7859852350005
HIGH_SKEW|CONTINUE|H15_10,2023-05-29/2023-06-04,-1333.8269570450007
HIGH_SKEW|CONTINUE|H15_10,2023-06-05/2023-06-11,104.9853078550002
HIGH_SKEW|CONTINUE|H15_10,2023-06-12/2023-06-18,-1427.543465925
HIGH_SKEW|CONTINUE|H15_10,2023-06-19/2023-06-25,1914.9168173099997
HIGH_SKEW|CONTINUE|H15_10,2023-06-26/2023-07-02,4675.05285845
HIGH_SKEW|CONTINUE|H15_10,2023-07-03/2023-07-09,8.740570564998052
HIGH_SKEW|CONTINUE|H15_10,2023-07-10/2023-07-16,-2737.960954995
HIGH_SKEW|CONTINUE|H15_10,2023-07-17/2023-07-23,5777.446254649999
HIGH_SKEW|CONTINUE|H15_10,2023-07-31/2023-08-06,7606.779139764999
HIGH_SKEW|CONTINUE|H15_10,2023-08-07/2023-08-13,3018.328911964998
HIGH_SKEW|CONTINUE|H15_10,2023-08-14/2023-08-20,-1348.9405214650003
HIGH_SKEW|CONTINUE|H15_10,2023-08-21/2023-08-27,-2641.059746045
HIGH_SKEW|CONTINUE|H15_10,2023-08-28/2023-09-03,-1546.00199432
HIGH_SKEW|CONTINUE|H15_10,2023-09-04/2023-09-10,42.829719324998905
HIGH_SKEW|CONTINUE|H15_10,2023-09-11/2023-09-17,-1762.7342138449999
HIGH_SKEW|CONTINUE|H15_10,2023-09-18/2023-09-24,1007.8385059450002
HIGH_SKEW|CONTINUE|H15_10,2023-09-25/2023-10-01,-1160.00356347
HIGH_SKEW|CONTINUE|H15_10,2023-10-09/2023-10-15,-1985.4121330499997
HIGH_SKEW|CONTINUE|H15_10,2023-10-16/2023-10-22,125.42226165499989
HIGH_SKEW|CONTINUE|H15_10,2023-10-23/2023-10-29,4162.97818068
HIGH_SKEW|CONTINUE|H15_10,2023-10-30/2023-11-05,1158.4770433049991
HIGH_SKEW|CONTINUE|H15_10,2023-12-11/2023-12-17,-306.35706781
HIGH_SKEW|CONTINUE|H15_10,2023-12-18/2023-12-24,-2821.7546819700005
HIGH_SKEW|CONTINUE|H15_10,2024-01-01/2024-01-07,-2516.2681479799994
HIGH_SKEW|CONTINUE|H15_10,2024-01-08/2024-01-14,-7239.9359376249995
HIGH_SKEW|CONTINUE|H15_10,2024-01-15/2024-01-21,-4211.271363615
HIGH_SKEW|CONTINUE|H15_10,2024-01-29/2024-02-04,-3270.098972190001
HIGH_SKEW|CONTINUE|H15_10,2024-02-05/2024-02-11,175.72620190499856
HIGH_SKEW|CONTINUE|H15_10,2024-02-12/2024-02-18,-6044.289851040001
HIGH_SKEW|CONTINUE|H15_10,2024-02-19/2024-02-25,6485.499323679998
HIGH_SKEW|CONTINUE|H15_10,2024-02-26/2024-03-03,-3064.29210154
HIGH_SKEW|CONTINUE|H15_10,2024-03-04/2024-03-10,-5441.732494205001
HIGH_SKEW|CONTINUE|H15_10,2024-03-18/2024-03-24,-1583.7882292049999
HIGH_SKEW|CONTINUE|H15_10,2024-04-01/2024-04-07,-4889.2524712350005
HIGH_SKEW|CONTINUE|H15_10,2024-04-08/2024-04-14,-1982.786670525
HIGH_SKEW|CONTINUE|H15_10,2024-04-15/2024-04-21,-1985.2824693149998
HIGH_SKEW|CONTINUE|H15_10,2024-04-22/2024-04-28,465.49458667500016
HIGH_SKEW|CONTINUE|H15_10,2024-05-06/2024-05-12,3319.6090099125
HIGH_SKEW|CONTINUE|H15_10,2024-05-13/2024-05-19,805.3620720949999
HIGH_SKEW|CONTINUE|H15_10,2024-05-20/2024-05-26,228.3263586274997
HIGH_SKEW|CONTINUE|H15_10,2024-05-27/2024-06-02,2168.9663313025
HIGH_SKEW|CONTINUE|H15_10,2024-06-03/2024-06-09,5223.833216877501
HIGH_SKEW|CONTINUE|H15_10,2024-06-10/2024-06-16,-3104.4610251825015
HIGH_SKEW|CONTINUE|H15_10,2024-06-17/2024-06-23,249.82449510499998
HIGH_SKEW|CONTINUE|H15_10,2024-06-24/2024-06-30,3413.1513697550004
HIGH_SKEW|CONTINUE|H15_10,2024-07-01/2024-07-07,111.79428944749988
HIGH_SKEW|CONTINUE|H15_10,2024-07-08/2024-07-14,-982.4455731999999
HIGH_SKEW|CONTINUE|H15_10,2024-07-15/2024-07-21,-352.9224221149999
HIGH_SKEW|CONTINUE|H15_10,2024-07-22/2024-07-28,-2059.1141960475
HIGH_SKEW|CONTINUE|H15_10,2024-09-02/2024-09-08,-2415.75746247
HIGH_SKEW|CONTINUE|H15_10,2024-09-09/2024-09-15,4781.1572639175
HIGH_SKEW|CONTINUE|H15_10,2024-09-16/2024-09-22,-64.69174801250028
HIGH_SKEW|CONTINUE|H15_10,2024-09-23/2024-09-29,-1061.6124926550006
HIGH_SKEW|CONTINUE|H15_10,2024-09-30/2024-10-06,3228.6866094274997
HIGH_SKEW|CONTINUE|H15_10,2024-10-07/2024-10-13,-2326.87472424
HIGH_SKEW|CONTINUE|H15_10,2024-10-14/2024-10-20,-1006.3943615175
HIGH_SKEW|CONTINUE|H15_10,2024-10-21/2024-10-27,-4096.7231943325
HIGH_SKEW|CONTINUE|H15_10,2024-11-04/2024-11-10,-1646.110136542501
HIGH_SKEW|CONTINUE|H15_10,2024-11-11/2024-11-17,-694.7556877774998
HIGH_SKEW|CONTINUE|H15_10,2024-11-18/2024-11-24,-7657.962459757502
HIGH_SKEW|CONTINUE|H15_10,2024-12-02/2024-12-08,6628.921113394999
HIGH_SKEW|CONTINUE|H15_10,2024-12-09/2024-12-15,-555.0499256850023
HIGH_SKEW|CONTINUE|H15_10,2024-12-16/2024-12-22,-3965.8195745525
HIGH_SKEW|CONTINUE|H15_10,2024-12-30/2025-01-05,1447.722390714998
HIGH_SKEW|CONTINUE|H15_10,2025-01-06/2025-01-12,731.5268465024965
HIGH_SKEW|CONTINUE|H15_10,2025-01-13/2025-01-19,-1884.6283676825
HIGH_SKEW|CONTINUE|H15_10,2025-01-20/2025-01-26,-5328.111906650001
HIGH_SKEW|CONTINUE|H15_10,2025-01-27/2025-02-02,-2443.414613967501
HIGH_SKEW|CONTINUE|H15_10,2025-02-03/2025-02-09,-4995.449303814999
HIGH_SKEW|CONTINUE|H15_10,2025-02-24/2025-03-02,-3107.6090669524997
HIGH_SKEW|CONTINUE|H15_10,2025-03-03/2025-03-09,8227.6979333075
HIGH_SKEW|CONTINUE|H15_10,2025-03-10/2025-03-16,-4412.883840995003
HIGH_SKEW|CONTINUE|H15_10,2025-03-17/2025-03-23,6831.894363999999
HIGH_SKEW|CONTINUE|H15_10,2025-03-24/2025-03-30,3616.4578068550018
HIGH_SKEW|CONTINUE|H15_10,2025-03-31/2025-04-06,5827.201927792499
HIGH_SKEW|CONTINUE|H15_10,2025-04-07/2025-04-13,-4274.459965172502
HIGH_SKEW|CONTINUE|H15_10,2025-04-14/2025-04-20,-2817.490386255001
HIGH_SKEW|CONTINUE|H15_10,2025-04-21/2025-04-27,3568.5898304624984
HIGH_SKEW|CONTINUE|H15_10,2025-04-28/2025-05-04,-3518.5545378575007
HIGH_SKEW|CONTINUE|H15_10,2025-05-05/2025-05-11,-1595.2771395549973
HIGH_SKEW|CONTINUE|H15_10,2025-05-12/2025-05-18,17388.745332565006
HIGH_SKEW|CONTINUE|H15_10,2025-05-19/2025-05-25,-5243.97378107
HIGH_SKEW|CONTINUE|H15_10,2025-06-02/2025-06-08,-2348.2226540300003
HIGH_SKEW|CONTINUE|H15_10,2025-06-09/2025-06-15,-3712.9857098950006
HIGH_SKEW|CONTINUE|H15_10,2025-06-16/2025-06-22,1336.9483104124981
HIGH_SKEW|CONTINUE|H15_10,2025-06-30/2025-07-06,-2642.5766462675006
HIGH_SKEW|CONTINUE|H15_10,2025-07-28/2025-08-03,-3735.050723525
HIGH_SKEW|CONTINUE|H15_10,2025-08-04/2025-08-10,165.06358497249948
HIGH_SKEW|CONTINUE|H15_10,2025-08-11/2025-08-17,2610.8506958874996
HIGH_SKEW|CONTINUE|H15_10,2025-08-18/2025-08-24,2600.1665515999994
HIGH_SKEW|CONTINUE|H15_10,2025-09-01/2025-09-07,-3497.5314610325
HIGH_SKEW|CONTINUE|H15_10,2025-09-15/2025-09-21,6912.1236605224985
HIGH_SKEW|CONTINUE|H15_10,2025-10-06/2025-10-12,5327.5677134975
HIGH_SKEW|CONTINUE|H15_10,2025-11-03/2025-11-09,3518.891545967499
HIGH_SKEW|CONTINUE|H15_10,2025-11-17/2025-11-23,-1116.7094390250031
HIGH_SKEW|CONTINUE|H15_10,2025-11-24/2025-11-30,-3558.2134545424997
HIGH_SKEW|CONTINUE|H15_10,2025-12-01/2025-12-07,2618.5322970849993
HIGH_SKEW|CONTINUE|H15_10,2025-12-08/2025-12-14,-2740.024372205
HIGH_SKEW|CONTINUE|H15_10,2025-12-15/2025-12-21,-4245.099775057502
HIGH_SKEW|CONTINUE|H15_10,2025-12-22/2025-12-28,-1539.007331067502
HIGH_SKEW|CONTINUE|H15_10,2025-12-29/2026-01-04,-1524.3439961230015
HIGH_SKEW|CONTINUE|H15_10,2026-01-05/2026-01-11,-882.6785304365003
HIGH_SKEW|CONTINUE|H15_10,2026-01-12/2026-01-18,-2841.2037948135003
HIGH_SKEW|CONTINUE|H15_10,2026-01-19/2026-01-25,-7504.739879398002
HIGH_SKEW|CONTINUE|H15_10,2026-01-26/2026-02-01,-4782.005365235
HIGH_SKEW|CONTINUE|H15_10,2026-02-02/2026-02-08,-9414.655283561504
HIGH_SKEW|CONTINUE|H15_10,2026-02-09/2026-02-15,-253.78552504549964
HIGH_SKEW|CONTINUE|H15_10,2026-02-16/2026-02-22,-11654.734335675503
HIGH_SKEW|CONTINUE|H15_10,2026-02-23/2026-03-01,692.0377128784985
HIGH_SKEW|CONTINUE|H15_10,2026-03-02/2026-03-08,4635.169584797762
HIGH_SKEW|CONTINUE|H15_10,2026-03-09/2026-03-15,3507.691583014014
HIGH_SKEW|CONTINUE|H15_10,2026-03-16/2026-03-22,8935.999600585737
HIGH_SKEW|CONTINUE|H15_10,2026-03-23/2026-03-29,1792.753201197787
HIGH_SKEW|CONTINUE|H15_10,2026-03-30/2026-04-05,7507.721956639147
HIGH_SKEW|CONTINUE|H15_10,2026-04-06/2026-04-12,907.9036273140096
HIGH_SKEW|CONTINUE|H15_10,2026-04-13/2026-04-19,-9451.645831962238
HIGH_SKEW|CONTINUE|H15_10,2026-04-20/2026-04-26,-3224.2880580398664
HIGH_SKEW|CONTINUE|H15_10,2026-04-27/2026-05-03,4717.3725409727995
HIGH_SKEW|CONTINUE|H15_10,2026-05-18/2026-05-24,-5839.785123737462
HIGH_SKEW|FADE|H10_30,2021-09-27/2021-10-03,-618.55379116
HIGH_SKEW|FADE|H10_30,2021-10-04/2021-10-10,-1492.467452395001
HIGH_SKEW|FADE|H10_30,2021-10-11/2021-10-17,-1147.3125710199997
HIGH_SKEW|FADE|H10_30,2021-11-22/2021-11-28,-584.4491757899999
HIGH_SKEW|FADE|H10_30,2021-11-29/2021-12-05,-1838.413192325001
HIGH_SKEW|FADE|H10_30,2021-12-06/2021-12-12,900.3471554549996
HIGH_SKEW|FADE|H10_30,2021-12-20/2021-12-26,199.45255725500004
HIGH_SKEW|FADE|H10_30,2021-12-27/2022-01-02,512.3889250099992
HIGH_SKEW|FADE|H10_30,2022-01-03/2022-01-09,-1462.7254820100002
HIGH_SKEW|FADE|H10_30,2022-01-10/2022-01-16,-153.6722259000005
HIGH_SKEW|FADE|H10_30,2022-01-17/2022-01-23,1355.3942445399994
HIGH_SKEW|FADE|H10_30,2022-01-24/2022-01-30,-618.3139066400021
HIGH_SKEW|FADE|H10_30,2022-01-31/2022-02-06,-280.48440515000243
HIGH_SKEW|FADE|H10_30,2022-02-07/2022-02-13,-49.89416343500079
HIGH_SKEW|FADE|H10_30,2022-02-14/2022-02-20,2698.3790292399985
HIGH_SKEW|FADE|H10_30,2022-02-21/2022-02-27,-1839.1758683200032
HIGH_SKEW|FADE|H10_30,2022-02-28/2022-03-06,221.71776926999894
HIGH_SKEW|FADE|H10_30,2022-03-07/2022-03-13,-2746.8492882050023
HIGH_SKEW|FADE|H10_30,2022-03-14/2022-03-20,-1695.655296055003
HIGH_SKEW|FADE|H10_30,2022-03-21/2022-03-27,-56.23530922000042
HIGH_SKEW|FADE|H10_30,2022-03-28/2022-04-03,-835.1419329149999
HIGH_SKEW|FADE|H10_30,2022-04-11/2022-04-17,3041.2758847399996
HIGH_SKEW|FADE|H10_30,2022-04-25/2022-05-01,-692.2357951400003
HIGH_SKEW|FADE|H10_30,2022-05-02/2022-05-08,-1944.394437765
HIGH_SKEW|FADE|H10_30,2022-05-09/2022-05-15,2616.3140351999996
HIGH_SKEW|FADE|H10_30,2022-05-16/2022-05-22,-1539.8193403400012
HIGH_SKEW|FADE|H10_30,2022-05-23/2022-05-29,1765.9558245549988
HIGH_SKEW|FADE|H10_30,2022-05-30/2022-06-05,-361.57500187000176
HIGH_SKEW|FADE|H10_30,2022-06-06/2022-06-12,1008.16450772
HIGH_SKEW|FADE|H10_30,2022-06-20/2022-06-26,-474.61805266500045
HIGH_SKEW|FADE|H10_30,2022-06-27/2022-07-03,-966.4495578650002
HIGH_SKEW|FADE|H10_30,2022-07-04/2022-07-10,-1746.7259144600018
HIGH_SKEW|FADE|H10_30,2022-07-11/2022-07-17,-571.9359307000013
HIGH_SKEW|FADE|H10_30,2022-07-18/2022-07-24,1096.7026534949994
HIGH_SKEW|FADE|H10_30,2022-08-01/2022-08-07,-1110.9420747100007
HIGH_SKEW|FADE|H10_30,2022-08-29/2022-09-04,1988.5213344999997
HIGH_SKEW|FADE|H10_30,2022-09-05/2022-09-11,307.3781356799999
HIGH_SKEW|FADE|H10_30,2022-09-12/2022-09-18,2370.0334340499994
HIGH_SKEW|FADE|H10_30,2022-09-19/2022-09-25,-1989.693773020001
HIGH_SKEW|FADE|H10_30,2022-10-03/2022-10-09,-338.60772742000137
HIGH_SKEW|FADE|H10_30,2022-10-10/2022-10-16,-1595.846363135002
HIGH_SKEW|FADE|H10_30,2022-10-17/2022-10-23,-661.2973789400002
HIGH_SKEW|FADE|H10_30,2022-10-31/2022-11-06,947.2355228249997
HIGH_SKEW|FADE|H10_30,2022-11-14/2022-11-20,-388.9773999249999
HIGH_SKEW|FADE|H10_30,2022-12-26/2023-01-01,-1028.6130286600003
HIGH_SKEW|FADE|H10_30,2023-01-02/2023-01-08,844.1667660049989
HIGH_SKEW|FADE|H10_30,2023-01-16/2023-01-22,-995.0110265249996
HIGH_SKEW|FADE|H10_30,2023-01-30/2023-02-05,-1305.1727288350005
HIGH_SKEW|FADE|H10_30,2023-02-06/2023-02-12,-3567.8846839450016
HIGH_SKEW|FADE|H10_30,2023-02-13/2023-02-19,2175.7925360799995
HIGH_SKEW|FADE|H10_30,2023-02-20/2023-02-26,-2230.99159445
HIGH_SKEW|FADE|H10_30,2023-03-06/2023-03-12,2280.7334516399987
HIGH_SKEW|FADE|H10_30,2023-03-20/2023-03-26,2891.0170432449977
HIGH_SKEW|FADE|H10_30,2023-04-03/2023-04-09,-443.0427182800006
HIGH_SKEW|FADE|H10_30,2023-04-10/2023-04-16,90.42149824499904
HIGH_SKEW|FADE|H10_30,2023-04-17/2023-04-23,3984.621307774999
HIGH_SKEW|FADE|H10_30,2023-04-24/2023-04-30,-837.9869718299999
HIGH_SKEW|FADE|H10_30,2023-05-01/2023-05-07,-783.6324518149999
HIGH_SKEW|FADE|H10_30,2023-05-08/2023-05-14,540.349791665
HIGH_SKEW|FADE|H10_30,2023-05-15/2023-05-21,-1220.7114483750001
HIGH_SKEW|FADE|H10_30,2023-05-22/2023-05-28,-288.85725405500006
HIGH_SKEW|FADE|H10_30,2023-05-29/2023-06-04,-160.65966853500038
HIGH_SKEW|FADE|H10_30,2023-06-05/2023-06-11,-1210.3117636899997
HIGH_SKEW|FADE|H10_30,2023-06-12/2023-06-18,-1261.32147845
HIGH_SKEW|FADE|H10_30,2023-06-19/2023-06-25,-28.465945539999836
HIGH_SKEW|FADE|H10_30,2023-06-26/2023-07-02,-1041.8954110999996
HIGH_SKEW|FADE|H10_30,2023-07-03/2023-07-09,-272.8711533550016
HIGH_SKEW|FADE|H10_30,2023-07-10/2023-07-16,-1827.0956448499999
HIGH_SKEW|FADE|H10_30,2023-07-17/2023-07-23,-1065.4323543350013
HIGH_SKEW|FADE|H10_30,2023-07-31/2023-08-06,-1344.8523726399999
HIGH_SKEW|FADE|H10_30,2023-08-07/2023-08-13,-1858.4278730300011
HIGH_SKEW|FADE|H10_30,2023-08-14/2023-08-20,-1300.4009014950002
HIGH_SKEW|FADE|H10_30,2023-08-21/2023-08-27,-1534.4052887250004
HIGH_SKEW|FADE|H10_30,2023-08-28/2023-09-03,-230.29061526999988
HIGH_SKEW|FADE|H10_30,2023-09-04/2023-09-10,979.6316940250001
HIGH_SKEW|FADE|H10_30,2023-09-11/2023-09-17,2207.11774072
HIGH_SKEW|FADE|H10_30,2023-09-18/2023-09-24,-1318.484520895
HIGH_SKEW|FADE|H10_30,2023-09-25/2023-10-01,-21.96337773000087
HIGH_SKEW|FADE|H10_30,2023-10-09/2023-10-15,589.269190825
HIGH_SKEW|FADE|H10_30,2023-10-16/2023-10-22,-275.9134866500006
HIGH_SKEW|FADE|H10_30,2023-10-23/2023-10-29,-1212.8602039950006
HIGH_SKEW|FADE|H10_30,2023-10-30/2023-11-05,-921.1010928650003
HIGH_SKEW|FADE|H10_30,2023-12-11/2023-12-17,-1274.998247965
HIGH_SKEW|FADE|H10_30,2023-12-18/2023-12-24,1199.3883132049998
HIGH_SKEW|FADE|H10_30,2024-01-01/2024-01-07,-1339.354837450001
HIGH_SKEW|FADE|H10_30,2024-01-08/2024-01-14,1280.28540587
HIGH_SKEW|FADE|H10_30,2024-01-15/2024-01-21,-457.4697508350006
HIGH_SKEW|FADE|H10_30,2024-01-29/2024-02-04,-1833.4140104
HIGH_SKEW|FADE|H10_30,2024-02-05/2024-02-11,-292.0128216799998
HIGH_SKEW|FADE|H10_30,2024-02-12/2024-02-18,853.8402847249988
HIGH_SKEW|FADE|H10_30,2024-02-19/2024-02-25,383.6607633649978
HIGH_SKEW|FADE|H10_30,2024-02-26/2024-03-03,-635.6273425700009
HIGH_SKEW|FADE|H10_30,2024-03-04/2024-03-10,-3028.582329025001
HIGH_SKEW|FADE|H10_30,2024-03-18/2024-03-24,-1592.6393875099998
HIGH_SKEW|FADE|H10_30,2024-04-01/2024-04-07,3617.7349611449986
HIGH_SKEW|FADE|H10_30,2024-04-08/2024-04-14,-1951.6393030250003
HIGH_SKEW|FADE|H10_30,2024-04-15/2024-04-21,2116.946461999999
HIGH_SKEW|FADE|H10_30,2024-04-22/2024-04-28,-561.9170648700019
HIGH_SKEW|FADE|H10_30,2024-05-06/2024-05-12,-1097.5172766874998
HIGH_SKEW|FADE|H10_30,2024-05-13/2024-05-19,2128.47287745
HIGH_SKEW|FADE|H10_30,2024-05-20/2024-05-26,-23.802528527500158
HIGH_SKEW|FADE|H10_30,2024-05-27/2024-06-02,-919.329194695
HIGH_SKEW|FADE|H10_30,2024-06-03/2024-06-09,-950.6069612199947
HIGH_SKEW|FADE|H10_30,2024-06-10/2024-06-16,-946.9401043150019
HIGH_SKEW|FADE|H10_30,2024-06-17/2024-06-23,-861.3199438725001
HIGH_SKEW|FADE|H10_30,2024-06-24/2024-06-30,-1183.38500361
HIGH_SKEW|FADE|H10_30,2024-07-01/2024-07-07,-682.9316796325003
HIGH_SKEW|FADE|H10_30,2024-07-08/2024-07-14,1308.0229905149997
HIGH_SKEW|FADE|H10_30,2024-07-15/2024-07-21,-424.85676036000024
HIGH_SKEW|FADE|H10_30,2024-07-22/2024-07-28,262.80715486500054
HIGH_SKEW|FADE|H10_30,2024-09-02/2024-09-08,107.02829125749986
HIGH_SKEW|FADE|H10_30,2024-09-09/2024-09-15,1100.7546670799993
HIGH_SKEW|FADE|H10_30,2024-09-16/2024-09-22,35.64550859749991
HIGH_SKEW|FADE|H10_30,2024-09-23/2024-09-29,-245.2479596850007
HIGH_SKEW|FADE|H10_30,2024-09-30/2024-10-06,-686.8513276299999
HIGH_SKEW|FADE|H10_30,2024-10-07/2024-10-13,-1800.684917955
HIGH_SKEW|FADE|H10_30,2024-10-14/2024-10-20,1205.1172313549998
HIGH_SKEW|FADE|H10_30,2024-10-21/2024-10-27,521.871362972499
HIGH_SKEW|FADE|H10_30,2024-11-04/2024-11-10,2052.646448017499
HIGH_SKEW|FADE|H10_30,2024-11-11/2024-11-17,624.1127889524997
HIGH_SKEW|FADE|H10_30,2024-11-18/2024-11-24,-3662.936058517501
HIGH_SKEW|FADE|H10_30,2024-12-02/2024-12-08,1686.1909658224995
HIGH_SKEW|FADE|H10_30,2024-12-09/2024-12-15,-3681.885606420003
HIGH_SKEW|FADE|H10_30,2024-12-16/2024-12-22,1089.728492222499
HIGH_SKEW|FADE|H10_30,2024-12-30/2025-01-05,-2032.3934441375009
HIGH_SKEW|FADE|H10_30,2025-01-06/2025-01-12,770.415915382498
HIGH_SKEW|FADE|H10_30,2025-01-13/2025-01-19,2006.8362880524992
HIGH_SKEW|FADE|H10_30,2025-01-20/2025-01-26,3625.481926262502
HIGH_SKEW|FADE|H10_30,2025-01-27/2025-02-02,-3852.457877960001
HIGH_SKEW|FADE|H10_30,2025-02-03/2025-02-09,103.16176870999902
HIGH_SKEW|FADE|H10_30,2025-02-24/2025-03-02,-255.34422252499968
HIGH_SKEW|FADE|H10_30,2025-03-03/2025-03-09,-893.1582906025023
HIGH_SKEW|FADE|H10_30,2025-03-10/2025-03-16,516.7657685725001
HIGH_SKEW|FADE|H10_30,2025-03-17/2025-03-23,-592.5610221275001
HIGH_SKEW|FADE|H10_30,2025-03-24/2025-03-30,-1718.7831674600002
HIGH_SKEW|FADE|H10_30,2025-03-31/2025-04-06,-4968.8049990300005
HIGH_SKEW|FADE|H10_30,2025-04-07/2025-04-13,-407.9303978800042
HIGH_SKEW|FADE|H10_30,2025-04-14/2025-04-20,3741.6714431924975
HIGH_SKEW|FADE|H10_30,2025-04-21/2025-04-27,-3349.6813189125032
HIGH_SKEW|FADE|H10_30,2025-04-28/2025-05-04,2317.474718657499
HIGH_SKEW|FADE|H10_30,2025-05-05/2025-05-11,-6268.938972572503
HIGH_SKEW|FADE|H10_30,2025-05-12/2025-05-18,-1962.0941620625053
HIGH_SKEW|FADE|H10_30,2025-05-19/2025-05-25,-1479.333795395
HIGH_SKEW|FADE|H10_30,2025-06-02/2025-06-08,475.1413129225
HIGH_SKEW|FADE|H10_30,2025-06-09/2025-06-15,1694.0767256074982
HIGH_SKEW|FADE|H10_30,2025-06-16/2025-06-22,-1788.9741031674998
HIGH_SKEW|FADE|H10_30,2025-06-30/2025-07-06,-3443.403679535
HIGH_SKEW|FADE|H10_30,2025-07-28/2025-08-03,-1637.8818148249998
HIGH_SKEW|FADE|H10_30,2025-08-04/2025-08-10,-1496.6619745700004
HIGH_SKEW|FADE|H10_30,2025-08-11/2025-08-17,-117.65096648750138
HIGH_SKEW|FADE|H10_30,2025-08-18/2025-08-24,-2908.5255252100005
HIGH_SKEW|FADE|H10_30,2025-09-01/2025-09-07,-1634.5076064050002
HIGH_SKEW|FADE|H10_30,2025-09-15/2025-09-21,-1743.3874222900008
HIGH_SKEW|FADE|H10_30,2025-10-06/2025-10-12,-4537.1125198675
HIGH_SKEW|FADE|H10_30,2025-11-03/2025-11-09,-515.2748886499998
HIGH_SKEW|FADE|H10_30,2025-11-17/2025-11-23,-829.9255232700012
HIGH_SKEW|FADE|H10_30,2025-11-24/2025-11-30,-2266.45385252
HIGH_SKEW|FADE|H10_30,2025-12-01/2025-12-07,-1830.3253012475
HIGH_SKEW|FADE|H10_30,2025-12-08/2025-12-14,-988.937035212501
HIGH_SKEW|FADE|H10_30,2025-12-15/2025-12-21,179.22110792999885
HIGH_SKEW|FADE|H10_30,2025-12-22/2025-12-28,-3807.6663644150003
HIGH_SKEW|FADE|H10_30,2025-12-29/2026-01-04,-2521.3890926010004
HIGH_SKEW|FADE|H10_30,2026-01-05/2026-01-11,-1474.7081833589998
HIGH_SKEW|FADE|H10_30,2026-01-12/2026-01-18,-3412.2082446020013
HIGH_SKEW|FADE|H10_30,2026-01-19/2026-01-25,589.8289017254988
HIGH_SKEW|FADE|H10_30,2026-01-26/2026-02-01,-860.0759498115009
HIGH_SKEW|FADE|H10_30,2026-02-02/2026-02-08,-2573.072638625503
HIGH_SKEW|FADE|H10_30,2026-02-09/2026-02-15,-1420.6200275154995
HIGH_SKEW|FADE|H10_30,2026-02-16/2026-02-22,9777.244361622495
HIGH_SKEW|FADE|H10_30,2026-02-23/2026-03-01,-276.7063815370018
HIGH_SKEW|FADE|H10_30,2026-03-02/2026-03-08,-3415.909764121018
HIGH_SKEW|FADE|H10_30,2026-03-09/2026-03-15,-1357.5959506197853
HIGH_SKEW|FADE|H10_30,2026-03-16/2026-03-22,-3383.0539706443874
HIGH_SKEW|FADE|H10_30,2026-03-23/2026-03-29,-451.0533914431403
HIGH_SKEW|FADE|H10_30,2026-03-30/2026-04-05,-1656.7792725396064
HIGH_SKEW|FADE|H10_30,2026-04-06/2026-04-12,-1732.3675052028693
HIGH_SKEW|FADE|H10_30,2026-04-13/2026-04-19,4690.06110792621
HIGH_SKEW|FADE|H10_30,2026-04-20/2026-04-26,-885.5218100257
HIGH_SKEW|FADE|H10_30,2026-04-27/2026-05-03,1238.137000585179
HIGH_SKEW|FADE|H10_30,2026-05-18/2026-05-24,-398.4691403177825
HIGH_SKEW|FADE|H15_10,2021-09-27/2021-10-03,-1070.1487973349997
HIGH_SKEW|FADE|H15_10,2021-10-04/2021-10-10,-1691.5524624750003
HIGH_SKEW|FADE|H15_10,2021-10-11/2021-10-17,-4313.870241195
HIGH_SKEW|FADE|H15_10,2021-11-22/2021-11-28,2641.1817292
HIGH_SKEW|FADE|H15_10,2021-11-29/2021-12-05,-56.99249173000317
HIGH_SKEW|FADE|H15_10,2021-12-06/2021-12-12,-2568.770623535
HIGH_SKEW|FADE|H15_10,2021-12-20/2021-12-26,-3498.0896556850003
HIGH_SKEW|FADE|H15_10,2021-12-27/2022-01-02,-3061.91960782
HIGH_SKEW|FADE|H15_10,2022-01-03/2022-01-09,-4151.70566963
HIGH_SKEW|FADE|H15_10,2022-01-10/2022-01-16,-3684.7833062150003
HIGH_SKEW|FADE|H15_10,2022-01-17/2022-01-23,7314.299639785
HIGH_SKEW|FADE|H15_10,2022-01-24/2022-01-30,5640.284649905001
HIGH_SKEW|FADE|H15_10,2022-01-31/2022-02-06,4485.671731669998
HIGH_SKEW|FADE|H15_10,2022-02-07/2022-02-13,-3979.30672842
HIGH_SKEW|FADE|H15_10,2022-02-14/2022-02-20,-6467.98421642
HIGH_SKEW|FADE|H15_10,2022-02-21/2022-02-27,-864.1175791900032
HIGH_SKEW|FADE|H15_10,2022-02-28/2022-03-06,7947.449516434999
HIGH_SKEW|FADE|H15_10,2022-03-07/2022-03-13,-3318.1364499500005
HIGH_SKEW|FADE|H15_10,2022-03-14/2022-03-20,-2444.1475543600004
HIGH_SKEW|FADE|H15_10,2022-03-21/2022-03-27,-1426.017700415
HIGH_SKEW|FADE|H15_10,2022-03-28/2022-04-03,-532.8095599299999
HIGH_SKEW|FADE|H15_10,2022-04-11/2022-04-17,6624.770208115
HIGH_SKEW|FADE|H15_10,2022-04-25/2022-05-01,-3352.4482223
HIGH_SKEW|FADE|H15_10,2022-05-02/2022-05-08,3810.15415987
HIGH_SKEW|FADE|H15_10,2022-05-09/2022-05-15,1919.6273791249998
HIGH_SKEW|FADE|H15_10,2022-05-16/2022-05-22,-5437.707411680001
HIGH_SKEW|FADE|H15_10,2022-05-23/2022-05-29,-2693.9884645800034
HIGH_SKEW|FADE|H15_10,2022-05-30/2022-06-05,3341.7402820849975
HIGH_SKEW|FADE|H15_10,2022-06-06/2022-06-12,5609.625752325
HIGH_SKEW|FADE|H15_10,2022-06-20/2022-06-26,-1704.5520019200005
HIGH_SKEW|FADE|H15_10,2022-06-27/2022-07-03,-934.0552850550021
HIGH_SKEW|FADE|H15_10,2022-07-04/2022-07-10,728.0703065449986
HIGH_SKEW|FADE|H15_10,2022-07-11/2022-07-17,1268.222707594999
HIGH_SKEW|FADE|H15_10,2022-07-18/2022-07-24,2260.263866535
HIGH_SKEW|FADE|H15_10,2022-08-01/2022-08-07,646.5776407899995
HIGH_SKEW|FADE|H15_10,2022-08-29/2022-09-04,-5699.067630485
HIGH_SKEW|FADE|H15_10,2022-09-05/2022-09-11,-1476.7800425450005
HIGH_SKEW|FADE|H15_10,2022-09-12/2022-09-18,8066.930983889999
HIGH_SKEW|FADE|H15_10,2022-09-19/2022-09-25,-4489.7978933800005
HIGH_SKEW|FADE|H15_10,2022-10-03/2022-10-09,2461.8388982899987
HIGH_SKEW|FADE|H15_10,2022-10-10/2022-10-16,-1266.8927883550014
HIGH_SKEW|FADE|H15_10,2022-10-17/2022-10-23,4586.985650944997
HIGH_SKEW|FADE|H15_10,2022-10-31/2022-11-06,-1583.955545325
HIGH_SKEW|FADE|H15_10,2022-11-14/2022-11-20,-1362.528514225
HIGH_SKEW|FADE|H15_10,2022-12-26/2023-01-01,5627.349506509999
HIGH_SKEW|FADE|H15_10,2023-01-02/2023-01-08,1338.703602845
HIGH_SKEW|FADE|H15_10,2023-01-16/2023-01-22,-2801.846522885
HIGH_SKEW|FADE|H15_10,2023-01-30/2023-02-05,-4283.817729189999
HIGH_SKEW|FADE|H15_10,2023-02-06/2023-02-12,-3652.4762930150023
HIGH_SKEW|FADE|H15_10,2023-02-13/2023-02-19,3268.280888784998
HIGH_SKEW|FADE|H15_10,2023-02-20/2023-02-26,-1363.5235866300006
HIGH_SKEW|FADE|H15_10,2023-03-06/2023-03-12,8938.876408914999
HIGH_SKEW|FADE|H15_10,2023-03-20/2023-03-26,-996.1488469500018
HIGH_SKEW|FADE|H15_10,2023-04-03/2023-04-09,-2480.985019055
HIGH_SKEW|FADE|H15_10,2023-04-10/2023-04-16,-1533.8793473600003
HIGH_SKEW|FADE|H15_10,2023-04-17/2023-04-23,2702.7961036049987
HIGH_SKEW|FADE|H15_10,2023-04-24/2023-04-30,-2413.111466675
HIGH_SKEW|FADE|H15_10,2023-05-01/2023-05-07,-1430.09570163
HIGH_SKEW|FADE|H15_10,2023-05-08/2023-05-14,-1144.0939177299997
HIGH_SKEW|FADE|H15_10,2023-05-15/2023-05-21,-1652.2789731900004
HIGH_SKEW|FADE|H15_10,2023-05-22/2023-05-28,330.32615457499986
HIGH_SKEW|FADE|H15_10,2023-05-29/2023-06-04,-369.76771463500074
HIGH_SKEW|FADE|H15_10,2023-06-05/2023-06-11,2552.091362965
HIGH_SKEW|FADE|H15_10,2023-06-12/2023-06-18,1190.3870997100003
HIGH_SKEW|FADE|H15_10,2023-06-19/2023-06-25,-2951.309005885
HIGH_SKEW|FADE|H15_10,2023-06-26/2023-07-02,-3397.8692556999995
HIGH_SKEW|FADE|H15_10,2023-07-03/2023-07-09,-2446.2134110050006
HIGH_SKEW|FADE|H15_10,2023-07-10/2023-07-16,2756.7602193399994
HIGH_SKEW|FADE|H15_10,2023-07-17/2023-07-23,-2955.5859981850003
HIGH_SKEW|FADE|H15_10,2023-07-31/2023-08-06,-2727.37735168
HIGH_SKEW|FADE|H15_10,2023-08-07/2023-08-13,-4967.446039490001
HIGH_SKEW|FADE|H15_10,2023-08-14/2023-08-20,-2408.784292055
HIGH_SKEW|FADE|H15_10,2023-08-21/2023-08-27,4105.556954499999
HIGH_SKEW|FADE|H15_10,2023-08-28/2023-09-03,2874.5619091199997
HIGH_SKEW|FADE|H15_10,2023-09-04/2023-09-10,3782.5322894950004
HIGH_SKEW|FADE|H15_10,2023-09-11/2023-09-17,-89.21518844999972
HIGH_SKEW|FADE|H15_10,2023-09-18/2023-09-24,-1697.821510885
HIGH_SKEW|FADE|H15_10,2023-09-25/2023-10-01,6306.205511989999
HIGH_SKEW|FADE|H15_10,2023-10-09/2023-10-15,-1390.30100843
HIGH_SKEW|FADE|H15_10,2023-10-16/2023-10-22,-532.700668895001
HIGH_SKEW|FADE|H15_10,2023-10-23/2023-10-29,-2495.5266364350005
HIGH_SKEW|FADE|H15_10,2023-10-30/2023-11-05,-3543.7968500000006
HIGH_SKEW|FADE|H15_10,2023-12-11/2023-12-17,-2478.186838085
HIGH_SKEW|FADE|H15_10,2023-12-18/2023-12-24,7008.232340895
HIGH_SKEW|FADE|H15_10,2024-01-01/2024-01-07,11.213414634999424
HIGH_SKEW|FADE|H15_10,2024-01-08/2024-01-14,7308.656232505001
HIGH_SKEW|FADE|H15_10,2024-01-15/2024-01-21,-1763.3300576550007
HIGH_SKEW|FADE|H15_10,2024-01-29/2024-02-04,-3304.75666029
HIGH_SKEW|FADE|H15_10,2024-02-05/2024-02-11,-917.3563876850005
HIGH_SKEW|FADE|H15_10,2024-02-12/2024-02-18,4997.568945710002
HIGH_SKEW|FADE|H15_10,2024-02-19/2024-02-25,-3615.3818896300004
HIGH_SKEW|FADE|H15_10,2024-02-26/2024-03-03,4498.480987365
HIGH_SKEW|FADE|H15_10,2024-03-04/2024-03-10,938.0667160349999
HIGH_SKEW|FADE|H15_10,2024-03-18/2024-03-24,-2436.1931321
HIGH_SKEW|FADE|H15_10,2024-04-01/2024-04-07,-1883.030843690001
HIGH_SKEW|FADE|H15_10,2024-04-08/2024-04-14,-1602.2459340050004
HIGH_SKEW|FADE|H15_10,2024-04-15/2024-04-21,6547.2963702900015
HIGH_SKEW|FADE|H15_10,2024-04-22/2024-04-28,-1597.2855339100008
HIGH_SKEW|FADE|H15_10,2024-05-06/2024-05-12,-1478.081583995
HIGH_SKEW|FADE|H15_10,2024-05-13/2024-05-19,-2154.2583463075
HIGH_SKEW|FADE|H15_10,2024-05-20/2024-05-26,-652.0283148075
HIGH_SKEW|FADE|H15_10,2024-05-27/2024-06-02,-1457.0359304675003
HIGH_SKEW|FADE|H15_10,2024-06-03/2024-06-09,-6200.685327929998
HIGH_SKEW|FADE|H15_10,2024-06-10/2024-06-16,-866.0792477325017
HIGH_SKEW|FADE|H15_10,2024-06-17/2024-06-23,-1727.2674987275
HIGH_SKEW|FADE|H15_10,2024-06-24/2024-06-30,-1392.98105506
HIGH_SKEW|FADE|H15_10,2024-07-01/2024-07-07,-683.86619374
HIGH_SKEW|FADE|H15_10,2024-07-08/2024-07-14,-309.1393631799999
HIGH_SKEW|FADE|H15_10,2024-07-15/2024-07-21,-439.5148531200002
HIGH_SKEW|FADE|H15_10,2024-07-22/2024-07-28,1847.9599950474992
HIGH_SKEW|FADE|H15_10,2024-09-02/2024-09-08,359.2803416674996
HIGH_SKEW|FADE|H15_10,2024-09-09/2024-09-15,-3492.955590487501
HIGH_SKEW|FADE|H15_10,2024-09-16/2024-09-22,-224.1145234875002
HIGH_SKEW|FADE|H15_10,2024-09-23/2024-09-29,2.6478941849994726
HIGH_SKEW|FADE|H15_10,2024-09-30/2024-10-06,-1420.43518387
HIGH_SKEW|FADE|H15_10,2024-10-07/2024-10-13,-51.20069467500019
HIGH_SKEW|FADE|H15_10,2024-10-14/2024-10-20,3291.454077017499
HIGH_SKEW|FADE|H15_10,2024-10-21/2024-10-27,1573.7251239574998
HIGH_SKEW|FADE|H15_10,2024-11-04/2024-11-10,1385.1186215575
HIGH_SKEW|FADE|H15_10,2024-11-11/2024-11-17,220.31742590499942
HIGH_SKEW|FADE|H15_10,2024-11-18/2024-11-24,1075.9183317449988
HIGH_SKEW|FADE|H15_10,2024-12-02/2024-12-08,-4226.337641417501
HIGH_SKEW|FADE|H15_10,2024-12-09/2024-12-15,-4545.048874507503
HIGH_SKEW|FADE|H15_10,2024-12-16/2024-12-22,705.8025897550002
HIGH_SKEW|FADE|H15_10,2024-12-30/2025-01-05,-2329.898546952502
HIGH_SKEW|FADE|H15_10,2025-01-06/2025-01-12,-1250.8203194399975
HIGH_SKEW|FADE|H15_10,2025-01-13/2025-01-19,314.63129896750024
HIGH_SKEW|FADE|H15_10,2025-01-20/2025-01-26,6271.789515640002
HIGH_SKEW|FADE|H15_10,2025-01-27/2025-02-02,-5812.342864475
HIGH_SKEW|FADE|H15_10,2025-02-03/2025-02-09,3241.4396837749987
HIGH_SKEW|FADE|H15_10,2025-02-24/2025-03-02,-1618.0717798699998
HIGH_SKEW|FADE|H15_10,2025-03-03/2025-03-09,-981.4753396150022
HIGH_SKEW|FADE|H15_10,2025-03-10/2025-03-16,165.01436867499933
HIGH_SKEW|FADE|H15_10,2025-03-17/2025-03-23,-2883.3874564325
HIGH_SKEW|FADE|H15_10,2025-03-24/2025-03-30,-3050.2982899249996
HIGH_SKEW|FADE|H15_10,2025-03-31/2025-04-06,-11225.822682900001
HIGH_SKEW|FADE|H15_10,2025-04-07/2025-04-13,-1356.5185377175019
HIGH_SKEW|FADE|H15_10,2025-04-14/2025-04-20,9012.059479065001
HIGH_SKEW|FADE|H15_10,2025-04-21/2025-04-27,-8207.668814595003
HIGH_SKEW|FADE|H15_10,2025-04-28/2025-05-04,1829.6454669399993
HIGH_SKEW|FADE|H15_10,2025-05-05/2025-05-11,-2096.3940894850048
HIGH_SKEW|FADE|H15_10,2025-05-12/2025-05-18,-10506.02129174
HIGH_SKEW|FADE|H15_10,2025-05-19/2025-05-25,-28.49833418750046
HIGH_SKEW|FADE|H15_10,2025-06-02/2025-06-08,2172.272173787501
HIGH_SKEW|FADE|H15_10,2025-06-09/2025-06-15,11269.815856235004
HIGH_SKEW|FADE|H15_10,2025-06-16/2025-06-22,-3290.520311110001
HIGH_SKEW|FADE|H15_10,2025-06-30/2025-07-06,-1443.5201672150001
HIGH_SKEW|FADE|H15_10,2025-07-28/2025-08-03,2129.916262615
HIGH_SKEW|FADE|H15_10,2025-08-04/2025-08-10,-1058.0724820325008
HIGH_SKEW|FADE|H15_10,2025-08-11/2025-08-17,-3189.034279775001
HIGH_SKEW|FADE|H15_10,2025-08-18/2025-08-24,-5409.124622425001
HIGH_SKEW|FADE|H15_10,2025-09-01/2025-09-07,2544.9629730850006
HIGH_SKEW|FADE|H15_10,2025-09-15/2025-09-21,-3199.1328176425004
HIGH_SKEW|FADE|H15_10,2025-10-06/2025-10-12,-6322.614207160001
HIGH_SKEW|FADE|H15_10,2025-11-03/2025-11-09,-3877.272465875
HIGH_SKEW|FADE|H15_10,2025-11-17/2025-11-23,-5405.240296522501
HIGH_SKEW|FADE|H15_10,2025-11-24/2025-11-30,572.3390523099999
HIGH_SKEW|FADE|H15_10,2025-12-01/2025-12-07,-4533.4725875675
HIGH_SKEW|FADE|H15_10,2025-12-08/2025-12-14,2501.3233367274993
HIGH_SKEW|FADE|H15_10,2025-12-15/2025-12-21,-1883.4647327325029
HIGH_SKEW|FADE|H15_10,2025-12-22/2025-12-28,-6027.636387477502
HIGH_SKEW|FADE|H15_10,2025-12-29/2026-01-04,-860.0366764085004
HIGH_SKEW|FADE|H15_10,2026-01-05/2026-01-11,-3297.440310692
HIGH_SKEW|FADE|H15_10,2026-01-12/2026-01-18,-4410.795370853
HIGH_SKEW|FADE|H15_10,2026-01-19/2026-01-25,6260.534965592498
HIGH_SKEW|FADE|H15_10,2026-01-26/2026-02-01,5211.940571935002
HIGH_SKEW|FADE|H15_10,2026-02-02/2026-02-08,-1008.5589112385051
HIGH_SKEW|FADE|H15_10,2026-02-09/2026-02-15,-2348.2553988014997
HIGH_SKEW|FADE|H15_10,2026-02-16/2026-02-22,17098.816035974494
HIGH_SKEW|FADE|H15_10,2026-02-23/2026-03-01,-2201.7748626130015
HIGH_SKEW|FADE|H15_10,2026-03-02/2026-03-08,-8195.666706797641
HIGH_SKEW|FADE|H15_10,2026-03-09/2026-03-15,-4558.9593829291
HIGH_SKEW|FADE|H15_10,2026-03-16/2026-03-22,-5819.569426034506
HIGH_SKEW|FADE|H15_10,2026-03-23/2026-03-29,-8389.64478589413
HIGH_SKEW|FADE|H15_10,2026-03-30/2026-04-05,-4783.292151548996
HIGH_SKEW|FADE|H15_10,2026-04-06/2026-04-12,838.2776651760046
HIGH_SKEW|FADE|H15_10,2026-04-13/2026-04-19,12689.03827380793
HIGH_SKEW|FADE|H15_10,2026-04-20/2026-04-26,1799.8791643463899
HIGH_SKEW|FADE|H15_10,2026-04-27/2026-05-03,-3623.371019791035
HIGH_SKEW|FADE|H15_10,2026-05-18/2026-05-24,6183.717703361487
LOW_SKEW|CONTINUE|H10_30,2021-09-27/2021-10-03,-576.3773024450006
LOW_SKEW|CONTINUE|H10_30,2021-10-04/2021-10-10,760.5903436200003
LOW_SKEW|CONTINUE|H10_30,2021-10-11/2021-10-17,-938.1228550300013
LOW_SKEW|CONTINUE|H10_30,2021-10-18/2021-10-24,-1878.7096400350006
LOW_SKEW|CONTINUE|H10_30,2021-10-25/2021-10-31,-1070.8267756050018
LOW_SKEW|CONTINUE|H10_30,2021-11-01/2021-11-07,-258.4829873350025
LOW_SKEW|CONTINUE|H10_30,2021-11-08/2021-11-14,-27.106443575000753
LOW_SKEW|CONTINUE|H10_30,2021-11-15/2021-11-21,876.9431938749981
LOW_SKEW|CONTINUE|H10_30,2021-11-22/2021-11-28,-454.30666928000073
LOW_SKEW|CONTINUE|H10_30,2021-11-29/2021-12-05,642.0873331499984
LOW_SKEW|CONTINUE|H10_30,2021-12-06/2021-12-12,-542.99592282
LOW_SKEW|CONTINUE|H10_30,2021-12-13/2021-12-19,-2034.0212742200001
LOW_SKEW|CONTINUE|H10_30,2021-12-20/2021-12-26,544.3049652899994
LOW_SKEW|CONTINUE|H10_30,2022-01-03/2022-01-09,128.52557546500003
LOW_SKEW|CONTINUE|H10_30,2022-01-10/2022-01-16,262.1780084199996
LOW_SKEW|CONTINUE|H10_30,2022-01-17/2022-01-23,-1089.334850120003
LOW_SKEW|CONTINUE|H10_30,2022-01-24/2022-01-30,448.09550451499945
LOW_SKEW|CONTINUE|H10_30,2022-02-07/2022-02-13,1933.316097024999
LOW_SKEW|CONTINUE|H10_30,2022-03-07/2022-03-13,327.985729974999
LOW_SKEW|CONTINUE|H10_30,2022-03-14/2022-03-20,-982.1889508100003
LOW_SKEW|CONTINUE|H10_30,2022-03-21/2022-03-27,-2273.3075772250045
LOW_SKEW|CONTINUE|H10_30,2022-03-28/2022-04-03,-1282.2593151250026
LOW_SKEW|CONTINUE|H10_30,2022-04-04/2022-04-10,-1269.0479839400018
LOW_SKEW|CONTINUE|H10_30,2022-04-11/2022-04-17,-638.211447090001
LOW_SKEW|CONTINUE|H10_30,2022-04-18/2022-04-24,85.88936157499904
LOW_SKEW|CONTINUE|H10_30,2022-04-25/2022-05-01,-953.1182330750003
LOW_SKEW|CONTINUE|H10_30,2022-05-02/2022-05-08,-1518.3244416850002
LOW_SKEW|CONTINUE|H10_30,2022-05-09/2022-05-15,-1518.9145019250022
LOW_SKEW|CONTINUE|H10_30,2022-06-06/2022-06-12,-1783.980985215001
LOW_SKEW|CONTINUE|H10_30,2022-06-13/2022-06-19,-2005.6448471800022
LOW_SKEW|CONTINUE|H10_30,2022-07-18/2022-07-24,-86.17295277000059
LOW_SKEW|CONTINUE|H10_30,2022-07-25/2022-07-31,531.3655683799993
LOW_SKEW|CONTINUE|H10_30,2022-08-01/2022-08-07,-1159.6381918600007
LOW_SKEW|CONTINUE|H10_30,2022-08-08/2022-08-14,-804.7283157250025
LOW_SKEW|CONTINUE|H10_30,2022-08-22/2022-08-28,-701.940407275001
LOW_SKEW|CONTINUE|H10_30,2022-08-29/2022-09-04,-904.5608811500013
LOW_SKEW|CONTINUE|H10_30,2022-09-05/2022-09-11,265.491997434999
LOW_SKEW|CONTINUE|H10_30,2022-09-12/2022-09-18,-487.76432292500044
LOW_SKEW|CONTINUE|H10_30,2022-09-19/2022-09-25,1251.9541515999986
LOW_SKEW|CONTINUE|H10_30,2022-09-26/2022-10-02,1282.991692469997
LOW_SKEW|CONTINUE|H10_30,2022-10-10/2022-10-16,-616.4019134950005
LOW_SKEW|CONTINUE|H10_30,2022-10-17/2022-10-23,-1394.3424867050007
LOW_SKEW|CONTINUE|H10_30,2022-10-24/2022-10-30,-1279.9298968600006
LOW_SKEW|CONTINUE|H10_30,2022-10-31/2022-11-06,-1475.2441229700016
LOW_SKEW|CONTINUE|H10_30,2022-11-07/2022-11-13,-1867.70927002
LOW_SKEW|CONTINUE|H10_30,2022-11-14/2022-11-20,-1573.7068514250013
LOW_SKEW|CONTINUE|H10_30,2022-11-21/2022-11-27,-174.26036433500093
LOW_SKEW|CONTINUE|H10_30,2022-11-28/2022-12-04,-390.3615468599997
LOW_SKEW|CONTINUE|H10_30,2022-12-05/2022-12-11,-1690.2291022050008
LOW_SKEW|CONTINUE|H10_30,2022-12-12/2022-12-18,-2353.6773205250006
LOW_SKEW|CONTINUE|H10_30,2022-12-19/2022-12-25,-592.982858715001
LOW_SKEW|CONTINUE|H10_30,2022-12-26/2023-01-01,132.75496161999956
LOW_SKEW|CONTINUE|H10_30,2023-01-09/2023-01-15,-469.8905135499999
LOW_SKEW|CONTINUE|H10_30,2023-01-23/2023-01-29,-105.61729336000087
LOW_SKEW|CONTINUE|H10_30,2023-01-30/2023-02-05,942.0398283749957
LOW_SKEW|CONTINUE|H10_30,2023-02-20/2023-02-26,3049.9882778199994
LOW_SKEW|CONTINUE|H10_30,2023-02-27/2023-03-05,-624.2770675549999
LOW_SKEW|CONTINUE|H10_30,2023-03-27/2023-04-02,-1398.6022180750008
LOW_SKEW|CONTINUE|H10_30,2023-04-17/2023-04-23,-1525.3601617950003
LOW_SKEW|CONTINUE|H10_30,2023-04-24/2023-04-30,-1166.3759900650014
LOW_SKEW|CONTINUE|H10_30,2023-05-01/2023-05-07,-1266.641543455
LOW_SKEW|CONTINUE|H10_30,2023-05-08/2023-05-14,771.3332910099994
LOW_SKEW|CONTINUE|H10_30,2023-05-15/2023-05-21,-1990.0855070500004
LOW_SKEW|CONTINUE|H10_30,2023-05-22/2023-05-28,-362.3659644950005
LOW_SKEW|CONTINUE|H10_30,2023-05-29/2023-06-04,-523.0311394250002
LOW_SKEW|CONTINUE|H10_30,2023-06-05/2023-06-11,-796.4438959850011
LOW_SKEW|CONTINUE|H10_30,2023-06-12/2023-06-18,32.270877959998984
LOW_SKEW|CONTINUE|H10_30,2023-06-19/2023-06-25,-280.449425175
LOW_SKEW|CONTINUE|H10_30,2023-06-26/2023-07-02,-717.616256440001
LOW_SKEW|CONTINUE|H10_30,2023-07-10/2023-07-16,-499.0243040399998
LOW_SKEW|CONTINUE|H10_30,2023-07-24/2023-07-30,-1483.9125050000007
LOW_SKEW|CONTINUE|H10_30,2023-07-31/2023-08-06,842.0846098450002
LOW_SKEW|CONTINUE|H10_30,2023-08-14/2023-08-20,-854.6196594650007
LOW_SKEW|CONTINUE|H10_30,2023-08-28/2023-09-03,-153.46706354500137
LOW_SKEW|CONTINUE|H10_30,2023-09-04/2023-09-10,-1182.8694414500003
LOW_SKEW|CONTINUE|H10_30,2023-09-11/2023-09-17,171.95693507999857
LOW_SKEW|CONTINUE|H10_30,2023-09-18/2023-09-24,144.3492913449992
LOW_SKEW|CONTINUE|H10_30,2023-09-25/2023-10-01,-554.5098147900006
LOW_SKEW|CONTINUE|H10_30,2023-10-02/2023-10-08,-1006.6693775100006
LOW_SKEW|CONTINUE|H10_30,2023-10-09/2023-10-15,158.81445376499943
LOW_SKEW|CONTINUE|H10_30,2023-10-16/2023-10-22,287.49406721499884
LOW_SKEW|CONTINUE|H10_30,2023-10-23/2023-10-29,-134.87969501000123
LOW_SKEW|CONTINUE|H10_30,2023-10-30/2023-11-05,-1902.5811321850013
LOW_SKEW|CONTINUE|H10_30,2023-11-06/2023-11-12,-601.1215104350002
LOW_SKEW|CONTINUE|H10_30,2023-11-13/2023-11-19,1680.8965886799986
LOW_SKEW|CONTINUE|H10_30,2023-11-20/2023-11-26,-2622.309709060002
LOW_SKEW|CONTINUE|H10_30,2023-11-27/2023-12-03,-2049.3841018249996
LOW_SKEW|CONTINUE|H10_30,2023-12-04/2023-12-10,-938.9452987700013
LOW_SKEW|CONTINUE|H10_30,2023-12-11/2023-12-17,-3151.838576155001
LOW_SKEW|CONTINUE|H10_30,2023-12-18/2023-12-24,1371.0221896399987
LOW_SKEW|CONTINUE|H10_30,2023-12-25/2023-12-31,481.8824713999983
LOW_SKEW|CONTINUE|H10_30,2024-01-01/2024-01-07,-2184.9417958500007
LOW_SKEW|CONTINUE|H10_30,2024-01-15/2024-01-21,-291.95506147000197
LOW_SKEW|CONTINUE|H10_30,2024-01-22/2024-01-28,-4005.99717424
LOW_SKEW|CONTINUE|H10_30,2024-01-29/2024-02-04,389.16276528499714
LOW_SKEW|CONTINUE|H10_30,2024-02-05/2024-02-11,-532.1608743000004
LOW_SKEW|CONTINUE|H10_30,2024-02-26/2024-03-03,494.1692063400002
LOW_SKEW|CONTINUE|H10_30,2024-03-11/2024-03-17,-1518.6142041500016
LOW_SKEW|CONTINUE|H10_30,2024-03-18/2024-03-24,-3376.6937933949994
LOW_SKEW|CONTINUE|H10_30,2024-03-25/2024-03-31,3161.0633695799984
LOW_SKEW|CONTINUE|H10_30,2024-04-15/2024-04-21,-816.8739238600003
LOW_SKEW|CONTINUE|H10_30,2024-04-22/2024-04-28,-1617.1996768699996
LOW_SKEW|CONTINUE|H10_30,2024-04-29/2024-05-05,-1109.2635521575005
LOW_SKEW|CONTINUE|H10_30,2024-05-06/2024-05-12,-530.1588644300011
LOW_SKEW|CONTINUE|H10_30,2024-05-20/2024-05-26,-817.5001746025005
LOW_SKEW|CONTINUE|H10_30,2024-05-27/2024-06-02,284.62731032249803
LOW_SKEW|CONTINUE|H10_30,2024-06-17/2024-06-23,-989.4178848900003
LOW_SKEW|CONTINUE|H10_30,2024-07-01/2024-07-07,-684.5171479425011
LOW_SKEW|CONTINUE|H10_30,2024-07-08/2024-07-14,-528.0267718350001
LOW_SKEW|CONTINUE|H10_30,2024-07-29/2024-08-04,-837.9561901075002
LOW_SKEW|CONTINUE|H10_30,2024-08-05/2024-08-11,-721.2520120950011
LOW_SKEW|CONTINUE|H10_30,2024-08-12/2024-08-18,-1284.6174077200012
LOW_SKEW|CONTINUE|H10_30,2024-08-19/2024-08-25,-64.5792066200005
LOW_SKEW|CONTINUE|H10_30,2024-08-26/2024-09-01,-178.83766086500134
LOW_SKEW|CONTINUE|H10_30,2024-09-02/2024-09-08,-457.75663188750036
LOW_SKEW|CONTINUE|H10_30,2024-09-09/2024-09-15,-623.2857840950005
LOW_SKEW|CONTINUE|H10_30,2024-09-16/2024-09-22,-918.9875909500001
LOW_SKEW|CONTINUE|H10_30,2024-09-23/2024-09-29,329.9595117049995
LOW_SKEW|CONTINUE|H10_30,2024-09-30/2024-10-06,-653.2164073325009
LOW_SKEW|CONTINUE|H10_30,2024-10-07/2024-10-13,-477.66022985500217
LOW_SKEW|CONTINUE|H10_30,2024-10-14/2024-10-20,-633.9684568175003
LOW_SKEW|CONTINUE|H10_30,2024-10-21/2024-10-27,-1564.7166474925007
LOW_SKEW|CONTINUE|H10_30,2024-11-04/2024-11-10,-920.3052021674998
LOW_SKEW|CONTINUE|H10_30,2024-11-18/2024-11-24,246.10637201499728
LOW_SKEW|CONTINUE|H10_30,2024-11-25/2024-12-01,-748.4893303275032
LOW_SKEW|CONTINUE|H10_30,2024-12-02/2024-12-08,1429.2419185899992
LOW_SKEW|CONTINUE|H10_30,2024-12-16/2024-12-22,2177.2799093074955
LOW_SKEW|CONTINUE|H10_30,2024-12-23/2024-12-29,1268.667767379997
LOW_SKEW|CONTINUE|H10_30,2024-12-30/2025-01-05,-18.20938043750047
LOW_SKEW|CONTINUE|H10_30,2025-01-06/2025-01-12,-2298.083370400003
LOW_SKEW|CONTINUE|H10_30,2025-01-13/2025-01-19,-1350.9512874775028
LOW_SKEW|CONTINUE|H10_30,2025-01-20/2025-01-26,-2640.6391645800013
LOW_SKEW|CONTINUE|H10_30,2025-01-27/2025-02-02,548.8128475225021
LOW_SKEW|CONTINUE|H10_30,2025-02-03/2025-02-09,-1114.6970499500019
LOW_SKEW|CONTINUE|H10_30,2025-02-10/2025-02-16,-2795.4494503350047
LOW_SKEW|CONTINUE|H10_30,2025-02-17/2025-02-23,-5895.9188991599995
LOW_SKEW|CONTINUE|H10_30,2025-02-24/2025-03-02,-390.6578001225014
LOW_SKEW|CONTINUE|H10_30,2025-03-03/2025-03-09,-3338.5022074525027
LOW_SKEW|CONTINUE|H10_30,2025-03-17/2025-03-23,2905.8870889249974
LOW_SKEW|CONTINUE|H10_30,2025-03-24/2025-03-30,-1263.557268757504
LOW_SKEW|CONTINUE|H10_30,2025-04-07/2025-04-13,2038.0021463749997
LOW_SKEW|CONTINUE|H10_30,2025-04-21/2025-04-27,-889.5781195924998
LOW_SKEW|CONTINUE|H10_30,2025-04-28/2025-05-04,85.78061880999817
LOW_SKEW|CONTINUE|H10_30,2025-05-19/2025-05-25,4407.081749045
LOW_SKEW|CONTINUE|H10_30,2025-05-26/2025-06-01,-3475.7000666600043
LOW_SKEW|CONTINUE|H10_30,2025-06-02/2025-06-08,1320.6228497050008
LOW_SKEW|CONTINUE|H10_30,2025-06-23/2025-06-29,1575.2167064999974
LOW_SKEW|CONTINUE|H10_30,2025-06-30/2025-07-06,-838.2060675125024
LOW_SKEW|CONTINUE|H10_30,2025-07-07/2025-07-13,-1800.019768402503
LOW_SKEW|CONTINUE|H10_30,2025-07-14/2025-07-20,-4894.189949280002
LOW_SKEW|CONTINUE|H10_30,2025-07-21/2025-07-27,1349.1076124449987
LOW_SKEW|CONTINUE|H10_30,2025-07-28/2025-08-03,-714.7076120274999
LOW_SKEW|CONTINUE|H10_30,2025-08-04/2025-08-10,3115.9913921374964
LOW_SKEW|CONTINUE|H10_30,2025-08-11/2025-08-17,-290.58698430250115
LOW_SKEW|CONTINUE|H10_30,2025-08-18/2025-08-24,-432.67427343250256
LOW_SKEW|CONTINUE|H10_30,2025-08-25/2025-08-31,-3090.502587697501
LOW_SKEW|CONTINUE|H10_30,2025-09-01/2025-09-07,-2686.450937925002
LOW_SKEW|CONTINUE|H10_30,2025-09-08/2025-09-14,-2784.971097380004
LOW_SKEW|CONTINUE|H10_30,2025-09-15/2025-09-21,-14.824020640001208
LOW_SKEW|CONTINUE|H10_30,2025-09-22/2025-09-28,-2222.000144092501
LOW_SKEW|CONTINUE|H10_30,2025-09-29/2025-10-05,-2014.359158015001
LOW_SKEW|CONTINUE|H10_30,2025-10-06/2025-10-12,836.1857193024996
LOW_SKEW|CONTINUE|H10_30,2025-10-13/2025-10-19,-2089.9930448075
LOW_SKEW|CONTINUE|H10_30,2025-10-20/2025-10-26,-3990.1646667150044
LOW_SKEW|CONTINUE|H10_30,2025-10-27/2025-11-02,4237.717517659998
LOW_SKEW|CONTINUE|H10_30,2025-11-03/2025-11-09,-4111.5567497425
LOW_SKEW|CONTINUE|H10_30,2025-11-10/2025-11-16,2921.2487069874946
LOW_SKEW|CONTINUE|H10_30,2025-11-17/2025-11-23,-1347.4607584024996
LOW_SKEW|CONTINUE|H10_30,2025-11-24/2025-11-30,-1627.9243107550008
LOW_SKEW|CONTINUE|H10_30,2025-12-08/2025-12-14,-1864.0903042700004
LOW_SKEW|CONTINUE|H10_30,2025-12-29/2026-01-04,-155.97201456900055
LOW_SKEW|CONTINUE|H10_30,2026-01-05/2026-01-11,-432.72891860950006
LOW_SKEW|CONTINUE|H10_30,2026-01-12/2026-01-18,-350.80235129599987
LOW_SKEW|CONTINUE|H10_30,2026-01-19/2026-01-25,2004.7429187429982
LOW_SKEW|CONTINUE|H10_30,2026-01-26/2026-02-01,4604.017925487
LOW_SKEW|CONTINUE|H10_30,2026-02-09/2026-02-15,-1332.9134205155021
LOW_SKEW|CONTINUE|H10_30,2026-02-23/2026-03-01,710.3286993004997
LOW_SKEW|CONTINUE|H10_30,2026-03-09/2026-03-15,-878.5567606393097
LOW_SKEW|CONTINUE|H10_30,2026-03-16/2026-03-22,1449.4177759093673
LOW_SKEW|CONTINUE|H10_30,2026-04-27/2026-05-03,1201.5193611791885
LOW_SKEW|CONTINUE|H10_30,2026-05-04/2026-05-10,-52.9384715037647
LOW_SKEW|CONTINUE|H10_30,2026-05-11/2026-05-17,-566.0380824250831
LOW_SKEW|CONTINUE|H10_30,2026-06-22/2026-06-28,-907.4075254037127
LOW_SKEW|CONTINUE|H10_30,2026-06-29/2026-07-05,-1123.7966774100832
LOW_SKEW|CONTINUE|H15_10,2021-09-27/2021-10-03,-3781.68394007
LOW_SKEW|CONTINUE|H15_10,2021-10-04/2021-10-10,260.9623135050001
LOW_SKEW|CONTINUE|H15_10,2021-10-11/2021-10-17,-2433.816649130001
LOW_SKEW|CONTINUE|H15_10,2021-10-18/2021-10-24,-7595.078280585001
LOW_SKEW|CONTINUE|H15_10,2021-10-25/2021-10-31,5613.5190931649995
LOW_SKEW|CONTINUE|H15_10,2021-11-01/2021-11-07,-728.250389665001
LOW_SKEW|CONTINUE|H15_10,2021-11-08/2021-11-14,3848.207223245002
LOW_SKEW|CONTINUE|H15_10,2021-11-15/2021-11-21,-1514.4372785700018
LOW_SKEW|CONTINUE|H15_10,2021-11-22/2021-11-28,-2698.193941054998
LOW_SKEW|CONTINUE|H15_10,2021-11-29/2021-12-05,808.039090889999
LOW_SKEW|CONTINUE|H15_10,2021-12-06/2021-12-12,-3145.92048532
LOW_SKEW|CONTINUE|H15_10,2021-12-13/2021-12-19,-5707.25417198
LOW_SKEW|CONTINUE|H15_10,2021-12-20/2021-12-26,304.6444534499989
LOW_SKEW|CONTINUE|H15_10,2022-01-03/2022-01-09,-2015.63926189
LOW_SKEW|CONTINUE|H15_10,2022-01-10/2022-01-16,988.5048571649995
LOW_SKEW|CONTINUE|H15_10,2022-01-17/2022-01-23,-1788.3732272150023
LOW_SKEW|CONTINUE|H15_10,2022-01-24/2022-01-30,3139.3749654900016
LOW_SKEW|CONTINUE|H15_10,2022-02-07/2022-02-13,5291.478016749999
LOW_SKEW|CONTINUE|H15_10,2022-03-07/2022-03-13,-193.04549182000198
LOW_SKEW|CONTINUE|H15_10,2022-03-14/2022-03-20,555.7216374349989
LOW_SKEW|CONTINUE|H15_10,2022-03-21/2022-03-27,-2314.472668200001
LOW_SKEW|CONTINUE|H15_10,2022-03-28/2022-04-03,1316.6669214249973
LOW_SKEW|CONTINUE|H15_10,2022-04-04/2022-04-10,873.1741273550001
LOW_SKEW|CONTINUE|H15_10,2022-04-11/2022-04-17,-490.4088471550009
LOW_SKEW|CONTINUE|H15_10,2022-04-18/2022-04-24,-2447.459555205001
LOW_SKEW|CONTINUE|H15_10,2022-04-25/2022-05-01,-2196.09288593
LOW_SKEW|CONTINUE|H15_10,2022-05-02/2022-05-08,-3860.93291066
LOW_SKEW|CONTINUE|H15_10,2022-05-09/2022-05-15,530.9650100349986
LOW_SKEW|CONTINUE|H15_10,2022-06-06/2022-06-12,-3616.1721873800007
LOW_SKEW|CONTINUE|H15_10,2022-06-13/2022-06-19,-2065.1137988200016
LOW_SKEW|CONTINUE|H15_10,2022-07-18/2022-07-24,1217.7439631150003
LOW_SKEW|CONTINUE|H15_10,2022-07-25/2022-07-31,1083.5720436949991
LOW_SKEW|CONTINUE|H15_10,2022-08-01/2022-08-07,-3690.537121675
LOW_SKEW|CONTINUE|H15_10,2022-08-08/2022-08-14,-2098.221831095001
LOW_SKEW|CONTINUE|H15_10,2022-08-22/2022-08-28,-3208.334154895002
LOW_SKEW|CONTINUE|H15_10,2022-08-29/2022-09-04,-919.0702484700009
LOW_SKEW|CONTINUE|H15_10,2022-09-05/2022-09-11,21.958646734998183
LOW_SKEW|CONTINUE|H15_10,2022-09-12/2022-09-18,328.0959378499994
LOW_SKEW|CONTINUE|H15_10,2022-09-19/2022-09-25,994.2228274699997
LOW_SKEW|CONTINUE|H15_10,2022-09-26/2022-10-02,1470.7582963499988
LOW_SKEW|CONTINUE|H15_10,2022-10-10/2022-10-16,-1607.5637207550005
LOW_SKEW|CONTINUE|H15_10,2022-10-17/2022-10-23,-1975.37714219
LOW_SKEW|CONTINUE|H15_10,2022-10-24/2022-10-30,-3121.1628118000003
LOW_SKEW|CONTINUE|H15_10,2022-10-31/2022-11-06,204.30027736999892
LOW_SKEW|CONTINUE|H15_10,2022-11-07/2022-11-13,-2402.82160862
LOW_SKEW|CONTINUE|H15_10,2022-11-14/2022-11-20,420.4935545699978
LOW_SKEW|CONTINUE|H15_10,2022-11-21/2022-11-27,397.6250170899988
LOW_SKEW|CONTINUE|H15_10,2022-11-28/2022-12-04,-569.6514590800004
LOW_SKEW|CONTINUE|H15_10,2022-12-05/2022-12-11,-5321.324216210001
LOW_SKEW|CONTINUE|H15_10,2022-12-12/2022-12-18,-1118.4576407300005
LOW_SKEW|CONTINUE|H15_10,2022-12-19/2022-12-25,-2695.6087968700026
LOW_SKEW|CONTINUE|H15_10,2022-12-26/2023-01-01,995.4252442500004
LOW_SKEW|CONTINUE|H15_10,2023-01-09/2023-01-15,-1394.3588953650008
LOW_SKEW|CONTINUE|H15_10,2023-01-23/2023-01-29,-1714.4559992950008
LOW_SKEW|CONTINUE|H15_10,2023-01-30/2023-02-05,-1873.2434961800018
LOW_SKEW|CONTINUE|H15_10,2023-02-20/2023-02-26,-1984.421514465
LOW_SKEW|CONTINUE|H15_10,2023-02-27/2023-03-05,-317.11908336
LOW_SKEW|CONTINUE|H15_10,2023-03-27/2023-04-02,-2904.402706255001
LOW_SKEW|CONTINUE|H15_10,2023-04-17/2023-04-23,-2190.7633381900005
LOW_SKEW|CONTINUE|H15_10,2023-04-24/2023-04-30,4549.192586369998
LOW_SKEW|CONTINUE|H15_10,2023-05-01/2023-05-07,588.9706040449997
LOW_SKEW|CONTINUE|H15_10,2023-05-08/2023-05-14,-978.8504066050009
LOW_SKEW|CONTINUE|H15_10,2023-05-15/2023-05-21,-343.6232346800015
LOW_SKEW|CONTINUE|H15_10,2023-05-22/2023-05-28,1005.292441509999
LOW_SKEW|CONTINUE|H15_10,2023-05-29/2023-06-04,-2752.37319227
LOW_SKEW|CONTINUE|H15_10,2023-06-05/2023-06-11,-2103.419643605001
LOW_SKEW|CONTINUE|H15_10,2023-06-12/2023-06-18,2236.0301540449977
LOW_SKEW|CONTINUE|H15_10,2023-06-19/2023-06-25,-2498.8342603299993
LOW_SKEW|CONTINUE|H15_10,2023-06-26/2023-07-02,-410.27701311500095
LOW_SKEW|CONTINUE|H15_10,2023-07-10/2023-07-16,828.4855209699998
LOW_SKEW|CONTINUE|H15_10,2023-07-24/2023-07-30,-4078.078197720001
LOW_SKEW|CONTINUE|H15_10,2023-07-31/2023-08-06,2228.710163574999
LOW_SKEW|CONTINUE|H15_10,2023-08-14/2023-08-20,-2354.2878762900004
LOW_SKEW|CONTINUE|H15_10,2023-08-28/2023-09-03,1462.1592352149987
LOW_SKEW|CONTINUE|H15_10,2023-09-04/2023-09-10,219.0323451499996
LOW_SKEW|CONTINUE|H15_10,2023-09-11/2023-09-17,2072.942309529999
LOW_SKEW|CONTINUE|H15_10,2023-09-18/2023-09-24,1085.939031019998
LOW_SKEW|CONTINUE|H15_10,2023-09-25/2023-10-01,82.5485391149989
LOW_SKEW|CONTINUE|H15_10,2023-10-02/2023-10-08,-457.0104902300004
LOW_SKEW|CONTINUE|H15_10,2023-10-09/2023-10-15,1942.066336339999
LOW_SKEW|CONTINUE|H15_10,2023-10-16/2023-10-22,-2729.8892755000006
LOW_SKEW|CONTINUE|H15_10,2023-10-23/2023-10-29,-1745.2288936950013
LOW_SKEW|CONTINUE|H15_10,2023-10-30/2023-11-05,-2495.9307898750003
LOW_SKEW|CONTINUE|H15_10,2023-11-06/2023-11-12,279.6746916500001
LOW_SKEW|CONTINUE|H15_10,2023-11-13/2023-11-19,3812.6534704299997
LOW_SKEW|CONTINUE|H15_10,2023-11-20/2023-11-26,-4188.452910840002
LOW_SKEW|CONTINUE|H15_10,2023-11-27/2023-12-03,4297.593914839999
LOW_SKEW|CONTINUE|H15_10,2023-12-04/2023-12-10,1265.4653159899997
LOW_SKEW|CONTINUE|H15_10,2023-12-11/2023-12-17,-867.6380603100015
LOW_SKEW|CONTINUE|H15_10,2023-12-18/2023-12-24,1323.4678757099991
LOW_SKEW|CONTINUE|H15_10,2023-12-25/2023-12-31,-1013.8119875750007
LOW_SKEW|CONTINUE|H15_10,2024-01-01/2024-01-07,-3556.4119561300004
LOW_SKEW|CONTINUE|H15_10,2024-01-15/2024-01-21,2745.228691649997
LOW_SKEW|CONTINUE|H15_10,2024-01-22/2024-01-28,-7378.678421500001
LOW_SKEW|CONTINUE|H15_10,2024-01-29/2024-02-04,-425.9764417649999
LOW_SKEW|CONTINUE|H15_10,2024-02-05/2024-02-11,-2073.3347917599995
LOW_SKEW|CONTINUE|H15_10,2024-02-26/2024-03-03,1858.4162225650027
LOW_SKEW|CONTINUE|H15_10,2024-03-11/2024-03-17,-7075.78083355
LOW_SKEW|CONTINUE|H15_10,2024-03-18/2024-03-24,-2926.094053475
LOW_SKEW|CONTINUE|H15_10,2024-03-25/2024-03-31,490.0417852949993
LOW_SKEW|CONTINUE|H15_10,2024-04-15/2024-04-21,465.0163476899992
LOW_SKEW|CONTINUE|H15_10,2024-04-22/2024-04-28,-2268.483890225
LOW_SKEW|CONTINUE|H15_10,2024-04-29/2024-05-05,-1845.6157607575005
LOW_SKEW|CONTINUE|H15_10,2024-05-06/2024-05-12,-1258.3364831475014
LOW_SKEW|CONTINUE|H15_10,2024-05-20/2024-05-26,-1783.0254244600005
LOW_SKEW|CONTINUE|H15_10,2024-05-27/2024-06-02,-778.4183756875013
LOW_SKEW|CONTINUE|H15_10,2024-06-17/2024-06-23,-964.1255875050003
LOW_SKEW|CONTINUE|H15_10,2024-07-01/2024-07-07,-798.7061265675011
LOW_SKEW|CONTINUE|H15_10,2024-07-08/2024-07-14,215.45031810249938
LOW_SKEW|CONTINUE|H15_10,2024-07-29/2024-08-04,-2190.7075205700003
LOW_SKEW|CONTINUE|H15_10,2024-08-05/2024-08-11,-48.04705350250123
LOW_SKEW|CONTINUE|H15_10,2024-08-12/2024-08-18,558.1223496124986
LOW_SKEW|CONTINUE|H15_10,2024-08-19/2024-08-25,-68.56558095750027
LOW_SKEW|CONTINUE|H15_10,2024-08-26/2024-09-01,31.31843481999894
LOW_SKEW|CONTINUE|H15_10,2024-09-02/2024-09-08,-824.2208992725003
LOW_SKEW|CONTINUE|H15_10,2024-09-09/2024-09-15,-1076.9822019850003
LOW_SKEW|CONTINUE|H15_10,2024-09-16/2024-09-22,-1529.2195839325002
LOW_SKEW|CONTINUE|H15_10,2024-09-23/2024-09-29,2321.7022943549996
LOW_SKEW|CONTINUE|H15_10,2024-09-30/2024-10-06,1463.7814626674983
LOW_SKEW|CONTINUE|H15_10,2024-10-07/2024-10-13,-1104.0594818250015
LOW_SKEW|CONTINUE|H15_10,2024-10-14/2024-10-20,-1077.2491105725003
LOW_SKEW|CONTINUE|H15_10,2024-10-21/2024-10-27,-1264.3927328225006
LOW_SKEW|CONTINUE|H15_10,2024-11-04/2024-11-10,-662.2511974100005
LOW_SKEW|CONTINUE|H15_10,2024-11-18/2024-11-24,3985.9487144050054
LOW_SKEW|CONTINUE|H15_10,2024-11-25/2024-12-01,2982.712315747498
LOW_SKEW|CONTINUE|H15_10,2024-12-02/2024-12-08,3254.89152523
LOW_SKEW|CONTINUE|H15_10,2024-12-16/2024-12-22,236.30264166499728
LOW_SKEW|CONTINUE|H15_10,2024-12-23/2024-12-29,-6177.798664340002
LOW_SKEW|CONTINUE|H15_10,2024-12-30/2025-01-05,-2298.9042233525
LOW_SKEW|CONTINUE|H15_10,2025-01-06/2025-01-12,-4153.020279227501
LOW_SKEW|CONTINUE|H15_10,2025-01-13/2025-01-19,-164.3568771100035
LOW_SKEW|CONTINUE|H15_10,2025-01-20/2025-01-26,-5232.040158525002
LOW_SKEW|CONTINUE|H15_10,2025-01-27/2025-02-02,1714.359277300005
LOW_SKEW|CONTINUE|H15_10,2025-02-03/2025-02-09,-1363.9882021325013
LOW_SKEW|CONTINUE|H15_10,2025-02-10/2025-02-16,2843.806017839997
LOW_SKEW|CONTINUE|H15_10,2025-02-17/2025-02-23,-8373.8695615725
LOW_SKEW|CONTINUE|H15_10,2025-02-24/2025-03-02,622.4616012974966
LOW_SKEW|CONTINUE|H15_10,2025-03-03/2025-03-09,-3087.084746245001
LOW_SKEW|CONTINUE|H15_10,2025-03-17/2025-03-23,4458.457761327498
LOW_SKEW|CONTINUE|H15_10,2025-03-24/2025-03-30,-6068.793361365002
LOW_SKEW|CONTINUE|H15_10,2025-04-07/2025-04-13,789.5605038499991
LOW_SKEW|CONTINUE|H15_10,2025-04-21/2025-04-27,-1349.47154378
LOW_SKEW|CONTINUE|H15_10,2025-04-28/2025-05-04,2962.3083049449983
LOW_SKEW|CONTINUE|H15_10,2025-05-19/2025-05-25,2721.8691794750002
LOW_SKEW|CONTINUE|H15_10,2025-05-26/2025-06-01,-5440.021922292508
LOW_SKEW|CONTINUE|H15_10,2025-06-02/2025-06-08,-1773.2605118375027
LOW_SKEW|CONTINUE|H15_10,2025-06-23/2025-06-29,7294.389547792498
LOW_SKEW|CONTINUE|H15_10,2025-06-30/2025-07-06,-2435.008963880002
LOW_SKEW|CONTINUE|H15_10,2025-07-07/2025-07-13,-2026.8766078125022
LOW_SKEW|CONTINUE|H15_10,2025-07-14/2025-07-20,-3962.4439778925025
LOW_SKEW|CONTINUE|H15_10,2025-07-21/2025-07-27,896.2504314274984
LOW_SKEW|CONTINUE|H15_10,2025-07-28/2025-08-03,-644.2904055999993
LOW_SKEW|CONTINUE|H15_10,2025-08-04/2025-08-10,-3316.991125277504
LOW_SKEW|CONTINUE|H15_10,2025-08-11/2025-08-17,-1661.5648240000007
LOW_SKEW|CONTINUE|H15_10,2025-08-18/2025-08-24,-478.38545377000173
LOW_SKEW|CONTINUE|H15_10,2025-08-25/2025-08-31,-4727.3956367475
LOW_SKEW|CONTINUE|H15_10,2025-09-01/2025-09-07,4125.214910197498
LOW_SKEW|CONTINUE|H15_10,2025-09-08/2025-09-14,-4255.318813452502
LOW_SKEW|CONTINUE|H15_10,2025-09-15/2025-09-21,448.91170011499736
LOW_SKEW|CONTINUE|H15_10,2025-09-22/2025-09-28,5273.166248984998
LOW_SKEW|CONTINUE|H15_10,2025-09-29/2025-10-05,-4552.530697295001
LOW_SKEW|CONTINUE|H15_10,2025-10-06/2025-10-12,3211.7319060400005
LOW_SKEW|CONTINUE|H15_10,2025-10-13/2025-10-19,-3475.1330030975
LOW_SKEW|CONTINUE|H15_10,2025-10-20/2025-10-26,-8674.815586237506
LOW_SKEW|CONTINUE|H15_10,2025-10-27/2025-11-02,1105.399242057496
LOW_SKEW|CONTINUE|H15_10,2025-11-03/2025-11-09,-5879.890602475001
LOW_SKEW|CONTINUE|H15_10,2025-11-10/2025-11-16,-350.0824240400052
LOW_SKEW|CONTINUE|H15_10,2025-11-17/2025-11-23,-516.2499020375006
LOW_SKEW|CONTINUE|H15_10,2025-11-24/2025-11-30,-6960.476269082501
LOW_SKEW|CONTINUE|H15_10,2025-12-08/2025-12-14,-4511.018357592501
LOW_SKEW|CONTINUE|H15_10,2025-12-29/2026-01-04,2129.8808150939985
LOW_SKEW|CONTINUE|H15_10,2026-01-05/2026-01-11,4076.200636852
LOW_SKEW|CONTINUE|H15_10,2026-01-12/2026-01-18,-2669.8635906415
LOW_SKEW|CONTINUE|H15_10,2026-01-19/2026-01-25,1408.555525434999
LOW_SKEW|CONTINUE|H15_10,2026-01-26/2026-02-01,8125.731344119498
LOW_SKEW|CONTINUE|H15_10,2026-02-09/2026-02-15,467.9355438014986
LOW_SKEW|CONTINUE|H15_10,2026-02-23/2026-03-01,-2095.042335464501
LOW_SKEW|CONTINUE|H15_10,2026-03-09/2026-03-15,-3484.417442101205
LOW_SKEW|CONTINUE|H15_10,2026-03-16/2026-03-22,-2593.7465367201507
LOW_SKEW|CONTINUE|H15_10,2026-04-27/2026-05-03,872.7444812086383
LOW_SKEW|CONTINUE|H15_10,2026-05-04/2026-05-10,-4820.077520409176
LOW_SKEW|CONTINUE|H15_10,2026-05-11/2026-05-17,9978.087372026534
LOW_SKEW|CONTINUE|H15_10,2026-06-15/2026-06-21,143.67652835609434
LOW_SKEW|CONTINUE|H15_10,2026-06-22/2026-06-28,231.42607176335127
LOW_SKEW|CONTINUE|H15_10,2026-06-29/2026-07-05,2020.6455983404721
LOW_SKEW|FADE|H10_30,2021-09-27/2021-10-03,-276.314987045
LOW_SKEW|FADE|H10_30,2021-10-04/2021-10-10,-1027.7992089300005
LOW_SKEW|FADE|H10_30,2021-10-11/2021-10-17,349.6799176349988
LOW_SKEW|FADE|H10_30,2021-10-18/2021-10-24,182.70406556999916
LOW_SKEW|FADE|H10_30,2021-10-25/2021-10-31,-729.1983398600017
LOW_SKEW|FADE|H10_30,2021-11-01/2021-11-07,-973.0379528450028
LOW_SKEW|FADE|H10_30,2021-11-08/2021-11-14,-1111.481287755002
LOW_SKEW|FADE|H10_30,2021-11-15/2021-11-21,-1614.1975592250012
LOW_SKEW|FADE|H10_30,2021-11-22/2021-11-28,-1041.795615100002
LOW_SKEW|FADE|H10_30,2021-11-29/2021-12-05,-852.7705452250009
LOW_SKEW|FADE|H10_30,2021-12-06/2021-12-12,-8.836356570001698
LOW_SKEW|FADE|H10_30,2021-12-13/2021-12-19,966.338311705
LOW_SKEW|FADE|H10_30,2021-12-20/2021-12-26,-1170.4581614700007
LOW_SKEW|FADE|H10_30,2022-01-03/2022-01-09,-1043.77989947
LOW_SKEW|FADE|H10_30,2022-01-10/2022-01-16,-773.6824487650003
LOW_SKEW|FADE|H10_30,2022-01-17/2022-01-23,292.2559472499971
LOW_SKEW|FADE|H10_30,2022-01-24/2022-01-30,-818.1832370500008
LOW_SKEW|FADE|H10_30,2022-02-07/2022-02-13,-1609.0456690650003
LOW_SKEW|FADE|H10_30,2022-03-07/2022-03-13,-856.3419439550021
LOW_SKEW|FADE|H10_30,2022-03-14/2022-03-20,585.3405863799996
LOW_SKEW|FADE|H10_30,2022-03-21/2022-03-27,654.0364223049968
LOW_SKEW|FADE|H10_30,2022-03-28/2022-04-03,184.65742317499803
LOW_SKEW|FADE|H10_30,2022-04-04/2022-04-10,-1344.5699942150009
LOW_SKEW|FADE|H10_30,2022-04-11/2022-04-17,248.8697345849992
LOW_SKEW|FADE|H10_30,2022-04-18/2022-04-24,-1085.840467155001
LOW_SKEW|FADE|H10_30,2022-04-25/2022-05-01,80.79485037999757
LOW_SKEW|FADE|H10_30,2022-05-02/2022-05-08,1406.6246780449987
LOW_SKEW|FADE|H10_30,2022-05-09/2022-05-15,439.16021712499764
LOW_SKEW|FADE|H10_30,2022-06-06/2022-06-12,200.2109926449974
LOW_SKEW|FADE|H10_30,2022-06-13/2022-06-19,653.4687416899994
LOW_SKEW|FADE|H10_30,2022-07-18/2022-07-24,-312.76022732000047
LOW_SKEW|FADE|H10_30,2022-07-25/2022-07-31,-1815.5287172100002
LOW_SKEW|FADE|H10_30,2022-08-01/2022-08-07,40.379357569998774
LOW_SKEW|FADE|H10_30,2022-08-08/2022-08-14,-840.7351578749999
LOW_SKEW|FADE|H10_30,2022-08-22/2022-08-28,-1310.465378845002
LOW_SKEW|FADE|H10_30,2022-08-29/2022-09-04,483.40386641499987
LOW_SKEW|FADE|H10_30,2022-09-05/2022-09-11,-1115.5968515750008
LOW_SKEW|FADE|H10_30,2022-09-12/2022-09-18,77.40849326999947
LOW_SKEW|FADE|H10_30,2022-09-19/2022-09-25,-1413.174187125001
LOW_SKEW|FADE|H10_30,2022-09-26/2022-10-02,-2200.6892377100035
LOW_SKEW|FADE|H10_30,2022-10-10/2022-10-16,287.1738554649977
LOW_SKEW|FADE|H10_30,2022-10-17/2022-10-23,1332.0952809799996
LOW_SKEW|FADE|H10_30,2022-10-24/2022-10-30,162.690804395
LOW_SKEW|FADE|H10_30,2022-10-31/2022-11-06,346.32382886999903
LOW_SKEW|FADE|H10_30,2022-11-07/2022-11-13,229.9894730599989
LOW_SKEW|FADE|H10_30,2022-11-14/2022-11-20,700.7674144049986
LOW_SKEW|FADE|H10_30,2022-11-21/2022-11-27,-563.0122104500011
LOW_SKEW|FADE|H10_30,2022-11-28/2022-12-04,-292.82617038500064
LOW_SKEW|FADE|H10_30,2022-12-05/2022-12-11,-498.682267015001
LOW_SKEW|FADE|H10_30,2022-12-12/2022-12-18,2300.127997609998
LOW_SKEW|FADE|H10_30,2022-12-19/2022-12-25,-648.6161528550022
LOW_SKEW|FADE|H10_30,2022-12-26/2023-01-01,-541.2357856400005
LOW_SKEW|FADE|H10_30,2023-01-09/2023-01-15,595.8557979399998
LOW_SKEW|FADE|H10_30,2023-01-23/2023-01-29,-328.89144407500055
LOW_SKEW|FADE|H10_30,2023-01-30/2023-02-05,-2348.149898235002
LOW_SKEW|FADE|H10_30,2023-02-20/2023-02-26,-1903.9955474649998
LOW_SKEW|FADE|H10_30,2023-02-27/2023-03-05,-409.2737812700001
LOW_SKEW|FADE|H10_30,2023-03-27/2023-04-02,570.7198623749998
LOW_SKEW|FADE|H10_30,2023-04-17/2023-04-23,431.83481787500006
LOW_SKEW|FADE|H10_30,2023-04-24/2023-04-30,270.11642262999965
LOW_SKEW|FADE|H10_30,2023-05-01/2023-05-07,994.2455883399998
LOW_SKEW|FADE|H10_30,2023-05-08/2023-05-14,-1668.63261323
LOW_SKEW|FADE|H10_30,2023-05-15/2023-05-21,1989.738359164999
LOW_SKEW|FADE|H10_30,2023-05-22/2023-05-28,-450.8443554350015
LOW_SKEW|FADE|H10_30,2023-05-29/2023-06-04,-254.72503629500022
LOW_SKEW|FADE|H10_30,2023-06-05/2023-06-11,49.186692220000225
LOW_SKEW|FADE|H10_30,2023-06-12/2023-06-18,-1389.7626333649998
LOW_SKEW|FADE|H10_30,2023-06-19/2023-06-25,-293.32015315500064
LOW_SKEW|FADE|H10_30,2023-06-26/2023-07-02,272.2893501699997
LOW_SKEW|FADE|H10_30,2023-07-10/2023-07-16,114.49226510999904
LOW_SKEW|FADE|H10_30,2023-07-24/2023-07-30,194.30000221999873
LOW_SKEW|FADE|H10_30,2023-07-31/2023-08-06,-1025.9321753400004
LOW_SKEW|FADE|H10_30,2023-08-14/2023-08-20,292.41974514499975
LOW_SKEW|FADE|H10_30,2023-08-28/2023-09-03,-710.4174866350006
LOW_SKEW|FADE|H10_30,2023-09-04/2023-09-10,795.1623790349992
LOW_SKEW|FADE|H10_30,2023-09-11/2023-09-17,-1024.872977605001
LOW_SKEW|FADE|H10_30,2023-09-18/2023-09-24,-910.3999680500007
LOW_SKEW|FADE|H10_30,2023-09-25/2023-10-01,-885.5196543350003
LOW_SKEW|FADE|H10_30,2023-10-02/2023-10-08,-386.36654528500037
LOW_SKEW|FADE|H10_30,2023-10-09/2023-10-15,-541.6461103500004
LOW_SKEW|FADE|H10_30,2023-10-16/2023-10-22,-879.6199603300001
LOW_SKEW|FADE|H10_30,2023-10-23/2023-10-29,-829.8739343300001
LOW_SKEW|FADE|H10_30,2023-10-30/2023-11-05,829.7810849999983
LOW_SKEW|FADE|H10_30,2023-11-06/2023-11-12,-101.13096206000051
LOW_SKEW|FADE|H10_30,2023-11-13/2023-11-19,-617.7362722650012
LOW_SKEW|FADE|H10_30,2023-11-20/2023-11-26,-107.39545258000027
LOW_SKEW|FADE|H10_30,2023-11-27/2023-12-03,870.6909353699984
LOW_SKEW|FADE|H10_30,2023-12-04/2023-12-10,-490.4449823950027
LOW_SKEW|FADE|H10_30,2023-12-11/2023-12-17,1648.157917264999
LOW_SKEW|FADE|H10_30,2023-12-18/2023-12-24,-1271.0490517600006
LOW_SKEW|FADE|H10_30,2023-12-25/2023-12-31,-2050.708875170001
LOW_SKEW|FADE|H10_30,2024-01-01/2024-01-07,1599.5317987949986
LOW_SKEW|FADE|H10_30,2024-01-15/2024-01-21,-853.4661785800013
LOW_SKEW|FADE|H10_30,2024-01-22/2024-01-28,3779.238046425
LOW_SKEW|FADE|H10_30,2024-01-29/2024-02-04,-1931.565803080003
LOW_SKEW|FADE|H10_30,2024-02-05/2024-02-11,-187.27242726000046
LOW_SKEW|FADE|H10_30,2024-02-26/2024-03-03,-752.131854940001
LOW_SKEW|FADE|H10_30,2024-03-11/2024-03-17,-1822.803656965001
LOW_SKEW|FADE|H10_30,2024-03-18/2024-03-24,2940.847204784999
LOW_SKEW|FADE|H10_30,2024-03-25/2024-03-31,-2180.5508836000004
LOW_SKEW|FADE|H10_30,2024-04-15/2024-04-21,445.26440860999935
LOW_SKEW|FADE|H10_30,2024-04-22/2024-04-28,3500.7048743650007
LOW_SKEW|FADE|H10_30,2024-04-29/2024-05-05,267.75659097749843
LOW_SKEW|FADE|H10_30,2024-05-06/2024-05-12,7.145183012498933
LOW_SKEW|FADE|H10_30,2024-05-20/2024-05-26,576.8727158074996
LOW_SKEW|FADE|H10_30,2024-05-27/2024-06-02,-1284.496710115001
LOW_SKEW|FADE|H10_30,2024-06-17/2024-06-23,744.2436718574992
LOW_SKEW|FADE|H10_30,2024-07-01/2024-07-07,-258.249296677501
LOW_SKEW|FADE|H10_30,2024-07-08/2024-07-14,111.09049987999983
LOW_SKEW|FADE|H10_30,2024-07-29/2024-08-04,-1139.1412534775006
LOW_SKEW|FADE|H10_30,2024-08-05/2024-08-11,-128.23134166250117
LOW_SKEW|FADE|H10_30,2024-08-12/2024-08-18,660.9149057324998
LOW_SKEW|FADE|H10_30,2024-08-19/2024-08-25,-257.9140515974998
LOW_SKEW|FADE|H10_30,2024-08-26/2024-09-01,-1127.8391108950002
LOW_SKEW|FADE|H10_30,2024-09-02/2024-09-08,123.51937
LOW_SKEW|FADE|H10_30,2024-09-09/2024-09-15,244.10620204499932
LOW_SKEW|FADE|H10_30,2024-09-16/2024-09-22,-82.94448430750006
LOW_SKEW|FADE|H10_30,2024-09-23/2024-09-29,-919.2380420699997
LOW_SKEW|FADE|H10_30,2024-09-30/2024-10-06,-547.8971744649999
LOW_SKEW|FADE|H10_30,2024-10-07/2024-10-13,-557.3419080075022
LOW_SKEW|FADE|H10_30,2024-10-14/2024-10-20,424.21311010000045
LOW_SKEW|FADE|H10_30,2024-10-21/2024-10-27,965.0343078324993
LOW_SKEW|FADE|H10_30,2024-11-04/2024-11-10,527.3313355574995
LOW_SKEW|FADE|H10_30,2024-11-18/2024-11-24,-649.7204013050025
LOW_SKEW|FADE|H10_30,2024-11-25/2024-12-01,-1518.4186534350033
LOW_SKEW|FADE|H10_30,2024-12-02/2024-12-08,-1535.9125547150006
LOW_SKEW|FADE|H10_30,2024-12-16/2024-12-22,-2847.9759709300015
LOW_SKEW|FADE|H10_30,2024-12-23/2024-12-29,1297.568644855
LOW_SKEW|FADE|H10_30,2024-12-30/2025-01-05,-95.04136877750149
LOW_SKEW|FADE|H10_30,2025-01-06/2025-01-12,968.7272334499986
LOW_SKEW|FADE|H10_30,2025-01-13/2025-01-19,130.1703957574976
LOW_SKEW|FADE|H10_30,2025-01-20/2025-01-26,4949.462230379996
LOW_SKEW|FADE|H10_30,2025-01-27/2025-02-02,-2642.321062557505
LOW_SKEW|FADE|H10_30,2025-02-03/2025-02-09,147.16076013249784
LOW_SKEW|FADE|H10_30,2025-02-10/2025-02-16,458.7875407499974
LOW_SKEW|FADE|H10_30,2025-02-17/2025-02-23,4649.1924320174985
LOW_SKEW|FADE|H10_30,2025-02-24/2025-03-02,-2332.692732217504
LOW_SKEW|FADE|H10_30,2025-03-03/2025-03-09,2077.9179823849986
LOW_SKEW|FADE|H10_30,2025-03-17/2025-03-23,-3412.734821740003
LOW_SKEW|FADE|H10_30,2025-03-24/2025-03-30,-500.9679624675034
LOW_SKEW|FADE|H10_30,2025-04-07/2025-04-13,-3240.368253039999
LOW_SKEW|FADE|H10_30,2025-04-21/2025-04-27,212.71582595500024
LOW_SKEW|FADE|H10_30,2025-04-28/2025-05-04,-706.9554794075019
LOW_SKEW|FADE|H10_30,2025-05-19/2025-05-25,-3805.136079662502
LOW_SKEW|FADE|H10_30,2025-05-26/2025-06-01,3636.6648308799918
LOW_SKEW|FADE|H10_30,2025-06-02/2025-06-08,-1874.6471477825005
LOW_SKEW|FADE|H10_30,2025-06-23/2025-06-29,-2079.2754560699996
LOW_SKEW|FADE|H10_30,2025-06-30/2025-07-06,306.6031171449982
LOW_SKEW|FADE|H10_30,2025-07-07/2025-07-13,537.3185720024994
LOW_SKEW|FADE|H10_30,2025-07-14/2025-07-20,4368.763527202498
LOW_SKEW|FADE|H10_30,2025-07-21/2025-07-27,-2067.25577476
LOW_SKEW|FADE|H10_30,2025-07-28/2025-08-03,-43.74780725500341
LOW_SKEW|FADE|H10_30,2025-08-04/2025-08-10,-1741.1246654200008
LOW_SKEW|FADE|H10_30,2025-08-11/2025-08-17,-290.25932356750036
LOW_SKEW|FADE|H10_30,2025-08-18/2025-08-24,-927.5825946625001
LOW_SKEW|FADE|H10_30,2025-08-25/2025-08-31,2381.800208272497
LOW_SKEW|FADE|H10_30,2025-09-01/2025-09-07,1515.8224467899977
LOW_SKEW|FADE|H10_30,2025-09-08/2025-09-14,462.1868241924992
LOW_SKEW|FADE|H10_30,2025-09-15/2025-09-21,-893.6383271350022
LOW_SKEW|FADE|H10_30,2025-09-22/2025-09-28,1121.9004034649965
LOW_SKEW|FADE|H10_30,2025-09-29/2025-10-05,714.7978258300001
LOW_SKEW|FADE|H10_30,2025-10-06/2025-10-12,-1628.1007836275
LOW_SKEW|FADE|H10_30,2025-10-13/2025-10-19,3581.505643675
LOW_SKEW|FADE|H10_30,2025-10-20/2025-10-26,1863.8600291474977
LOW_SKEW|FADE|H10_30,2025-10-27/2025-11-02,-4170.653635442504
LOW_SKEW|FADE|H10_30,2025-11-03/2025-11-09,3334.747342737498
LOW_SKEW|FADE|H10_30,2025-11-10/2025-11-16,-4890.006845975004
LOW_SKEW|FADE|H10_30,2025-11-17/2025-11-23,789.5961293349994
LOW_SKEW|FADE|H10_30,2025-11-24/2025-11-30,1000.4356328149972
LOW_SKEW|FADE|H10_30,2025-12-08/2025-12-14,1215.9107865099998
LOW_SKEW|FADE|H10_30,2025-12-29/2026-01-04,-402.0935242355
LOW_SKEW|FADE|H10_30,2026-01-05/2026-01-11,-0.6285681225013633
LOW_SKEW|FADE|H10_30,2026-01-12/2026-01-18,-205.05959676850063
LOW_SKEW|FADE|H10_30,2026-01-19/2026-01-25,-2519.7179595385005
LOW_SKEW|FADE|H10_30,2026-01-26/2026-02-01,-3536.379222454501
LOW_SKEW|FADE|H10_30,2026-02-09/2026-02-15,-183.8569897400024
LOW_SKEW|FADE|H10_30,2026-02-23/2026-03-01,-934.469907963002
LOW_SKEW|FADE|H10_30,2026-03-09/2026-03-15,-424.30184631057386
LOW_SKEW|FADE|H10_30,2026-03-16/2026-03-22,-1735.8054319585672
LOW_SKEW|FADE|H10_30,2026-04-27/2026-05-03,-1947.3903914354132
LOW_SKEW|FADE|H10_30,2026-05-04/2026-05-10,-2574.301884372713
LOW_SKEW|FADE|H10_30,2026-05-11/2026-05-17,-1661.6955906129904
LOW_SKEW|FADE|H10_30,2026-06-15/2026-06-21,-793.009939471448
LOW_SKEW|FADE|H10_30,2026-06-22/2026-06-28,372.7256102668556
LOW_SKEW|FADE|H10_30,2026-06-29/2026-07-05,-982.4190158617151
LOW_SKEW|FADE|H15_10,2021-09-27/2021-10-03,1843.4894107599994
LOW_SKEW|FADE|H15_10,2021-10-04/2021-10-10,-792.9875466500008
LOW_SKEW|FADE|H15_10,2021-10-11/2021-10-17,1600.412861469999
LOW_SKEW|FADE|H15_10,2021-10-18/2021-10-24,7254.163805989999
LOW_SKEW|FADE|H15_10,2021-10-25/2021-10-31,-3331.9004790750014
LOW_SKEW|FADE|H15_10,2021-11-01/2021-11-07,-369.3405871100033
LOW_SKEW|FADE|H15_10,2021-11-08/2021-11-14,-7362.107760500002
LOW_SKEW|FADE|H15_10,2021-11-15/2021-11-21,-1408.497584985001
LOW_SKEW|FADE|H15_10,2021-11-22/2021-11-28,2002.0323179499965
LOW_SKEW|FADE|H15_10,2021-11-29/2021-12-05,-1133.090881760001
LOW_SKEW|FADE|H15_10,2021-12-06/2021-12-12,2875.5478864900006
LOW_SKEW|FADE|H15_10,2021-12-13/2021-12-19,4763.4057687549985
LOW_SKEW|FADE|H15_10,2021-12-20/2021-12-26,-1255.9056066950013
LOW_SKEW|FADE|H15_10,2022-01-03/2022-01-09,-374.54173045
LOW_SKEW|FADE|H15_10,2022-01-10/2022-01-16,-1562.090904565
LOW_SKEW|FADE|H15_10,2022-01-17/2022-01-23,674.7633130549991
LOW_SKEW|FADE|H15_10,2022-01-24/2022-01-30,-2914.720727505
LOW_SKEW|FADE|H15_10,2022-02-07/2022-02-13,-2033.216756285
LOW_SKEW|FADE|H15_10,2022-03-07/2022-03-13,-212.34660691000113
LOW_SKEW|FADE|H15_10,2022-03-14/2022-03-20,-735.1685178600005
LOW_SKEW|FADE|H15_10,2022-03-21/2022-03-27,1135.2915415799964
LOW_SKEW|FADE|H15_10,2022-03-28/2022-04-03,-2098.1992511649996
LOW_SKEW|FADE|H15_10,2022-04-04/2022-04-10,-4581.196628005001
LOW_SKEW|FADE|H15_10,2022-04-11/2022-04-17,-426.1846642300007
LOW_SKEW|FADE|H15_10,2022-04-18/2022-04-24,1751.0638246949993
LOW_SKEW|FADE|H15_10,2022-04-25/2022-05-01,1731.0894623299985
LOW_SKEW|FADE|H15_10,2022-05-02/2022-05-08,5818.3161794550015
LOW_SKEW|FADE|H15_10,2022-05-09/2022-05-15,-1837.7075987550015
LOW_SKEW|FADE|H15_10,2022-06-06/2022-06-12,789.9434333249981
LOW_SKEW|FADE|H15_10,2022-06-13/2022-06-19,117.56895223499589
LOW_SKEW|FADE|H15_10,2022-07-18/2022-07-24,-1484.54582809
LOW_SKEW|FADE|H15_10,2022-07-25/2022-07-31,-2980.8806129500013
LOW_SKEW|FADE|H15_10,2022-08-01/2022-08-07,765.9718744549995
LOW_SKEW|FADE|H15_10,2022-08-08/2022-08-14,-3126.8505137599996
LOW_SKEW|FADE|H15_10,2022-08-22/2022-08-28,5059.157422264998
LOW_SKEW|FADE|H15_10,2022-08-29/2022-09-04,431.61486023999953
LOW_SKEW|FADE|H15_10,2022-09-05/2022-09-11,-908.8597820500004
LOW_SKEW|FADE|H15_10,2022-09-12/2022-09-18,-660.5780362100008
LOW_SKEW|FADE|H15_10,2022-09-19/2022-09-25,-1253.5352949950006
LOW_SKEW|FADE|H15_10,2022-09-26/2022-10-02,2344.5657195949966
LOW_SKEW|FADE|H15_10,2022-10-10/2022-10-16,1046.3132673199984
LOW_SKEW|FADE|H15_10,2022-10-17/2022-10-23,2243.8117796099987
LOW_SKEW|FADE|H15_10,2022-10-24/2022-10-30,-446.4695682150003
LOW_SKEW|FADE|H15_10,2022-10-31/2022-11-06,-1105.7588700850008
LOW_SKEW|FADE|H15_10,2022-11-07/2022-11-13,-2043.8759480000022
LOW_SKEW|FADE|H15_10,2022-11-14/2022-11-20,-2064.952473030001
LOW_SKEW|FADE|H15_10,2022-11-21/2022-11-27,-1790.0360534100007
LOW_SKEW|FADE|H15_10,2022-11-28/2022-12-04,-247.75039431500034
LOW_SKEW|FADE|H15_10,2022-12-05/2022-12-11,52.352995459998056
LOW_SKEW|FADE|H15_10,2022-12-12/2022-12-18,1013.8675865100003
LOW_SKEW|FADE|H15_10,2022-12-19/2022-12-25,2235.8597138549985
LOW_SKEW|FADE|H15_10,2022-12-26/2023-01-01,-1224.3698295400006
LOW_SKEW|FADE|H15_10,2023-01-09/2023-01-15,-1886.8334964750002
LOW_SKEW|FADE|H15_10,2023-01-23/2023-01-29,747.5770485599994
LOW_SKEW|FADE|H15_10,2023-01-30/2023-02-05,-882.7821637949999
LOW_SKEW|FADE|H15_10,2023-02-20/2023-02-26,-2170.97308185
LOW_SKEW|FADE|H15_10,2023-02-27/2023-03-05,-2718.349298285
LOW_SKEW|FADE|H15_10,2023-03-27/2023-04-02,724.0405763499991
LOW_SKEW|FADE|H15_10,2023-04-17/2023-04-23,602.7655599349994
LOW_SKEW|FADE|H15_10,2023-04-24/2023-04-30,-3522.46337337
LOW_SKEW|FADE|H15_10,2023-05-01/2023-05-07,-1447.7380695550003
LOW_SKEW|FADE|H15_10,2023-05-08/2023-05-14,-2641.8026185900003
LOW_SKEW|FADE|H15_10,2023-05-15/2023-05-21,5177.740385174999
LOW_SKEW|FADE|H15_10,2023-05-22/2023-05-28,-605.1742786750008
LOW_SKEW|FADE|H15_10,2023-05-29/2023-06-04,-2279.701661065
LOW_SKEW|FADE|H15_10,2023-06-05/2023-06-11,892.6103020499997
LOW_SKEW|FADE|H15_10,2023-06-12/2023-06-18,-3343.4944340099996
LOW_SKEW|FADE|H15_10,2023-06-19/2023-06-25,2752.2632694049994
LOW_SKEW|FADE|H15_10,2023-06-26/2023-07-02,-458.4912961850001
LOW_SKEW|FADE|H15_10,2023-07-10/2023-07-16,-1115.3394354050004
LOW_SKEW|FADE|H15_10,2023-07-24/2023-07-30,7521.853092304999
LOW_SKEW|FADE|H15_10,2023-07-31/2023-08-06,-1856.8130471350005
LOW_SKEW|FADE|H15_10,2023-08-14/2023-08-20,2756.885519035
LOW_SKEW|FADE|H15_10,2023-08-28/2023-09-03,-2117.4190969750002
LOW_SKEW|FADE|H15_10,2023-09-04/2023-09-10,-676.2360428950007
LOW_SKEW|FADE|H15_10,2023-09-11/2023-09-17,-2758.6882399000006
LOW_SKEW|FADE|H15_10,2023-09-18/2023-09-24,-2144.9596787050004
LOW_SKEW|FADE|H15_10,2023-09-25/2023-10-01,-2134.2494524000003
LOW_SKEW|FADE|H15_10,2023-10-02/2023-10-08,-1793.805036605
LOW_SKEW|FADE|H15_10,2023-10-09/2023-10-15,-1407.7563336550004
LOW_SKEW|FADE|H15_10,2023-10-16/2023-10-22,3118.16250922
LOW_SKEW|FADE|H15_10,2023-10-23/2023-10-29,2176.180377095
LOW_SKEW|FADE|H15_10,2023-10-30/2023-11-05,1067.065972594998
LOW_SKEW|FADE|H15_10,2023-11-06/2023-11-12,-1069.270858730001
LOW_SKEW|FADE|H15_10,2023-11-13/2023-11-19,-1535.4217089250012
LOW_SKEW|FADE|H15_10,2023-11-20/2023-11-26,332.27495566999846
LOW_SKEW|FADE|H15_10,2023-11-27/2023-12-03,-5109.632259440001
LOW_SKEW|FADE|H15_10,2023-12-04/2023-12-10,-2870.365623915002
LOW_SKEW|FADE|H15_10,2023-12-11/2023-12-17,-600.2774352699997
LOW_SKEW|FADE|H15_10,2023-12-18/2023-12-24,-1358.3555649850005
LOW_SKEW|FADE|H15_10,2023-12-25/2023-12-31,-4126.614022290002
LOW_SKEW|FADE|H15_10,2024-01-01/2024-01-07,2515.450455979999
LOW_SKEW|FADE|H15_10,2024-01-15/2024-01-21,-2115.621107105002
LOW_SKEW|FADE|H15_10,2024-01-22/2024-01-28,9641.638531095
LOW_SKEW|FADE|H15_10,2024-01-29/2024-02-04,-992.8808571550019
LOW_SKEW|FADE|H15_10,2024-02-05/2024-02-11,1036.538545979999
LOW_SKEW|FADE|H15_10,2024-02-26/2024-03-03,-1828.312856910001
LOW_SKEW|FADE|H15_10,2024-03-11/2024-03-17,9275.743455015
LOW_SKEW|FADE|H15_10,2024-03-18/2024-03-24,2185.901321019999
LOW_SKEW|FADE|H15_10,2024-03-25/2024-03-31,-3034.365360255
LOW_SKEW|FADE|H15_10,2024-04-15/2024-04-21,-1623.2774994800006
LOW_SKEW|FADE|H15_10,2024-04-22/2024-04-28,7414.063050965
LOW_SKEW|FADE|H15_10,2024-04-29/2024-05-05,-515.7462459100002
LOW_SKEW|FADE|H15_10,2024-05-06/2024-05-12,572.3618196349996
LOW_SKEW|FADE|H15_10,2024-05-20/2024-05-26,3321.029731822499
LOW_SKEW|FADE|H15_10,2024-05-27/2024-06-02,-843.9986841675014
LOW_SKEW|FADE|H15_10,2024-06-17/2024-06-23,123.34659951999947
LOW_SKEW|FADE|H15_10,2024-07-01/2024-07-07,-164.8271113800006
LOW_SKEW|FADE|H15_10,2024-07-08/2024-07-14,-452.3132130050002
LOW_SKEW|FADE|H15_10,2024-07-29/2024-08-04,-626.4549263950001
LOW_SKEW|FADE|H15_10,2024-08-05/2024-08-11,-1522.9259186150007
LOW_SKEW|FADE|H15_10,2024-08-12/2024-08-18,-1173.5294222975008
LOW_SKEW|FADE|H15_10,2024-08-19/2024-08-25,-241.6428849100002
LOW_SKEW|FADE|H15_10,2024-08-26/2024-09-01,-1598.3322146200005
LOW_SKEW|FADE|H15_10,2024-09-02/2024-09-08,355.5557084149998
LOW_SKEW|FADE|H15_10,2024-09-09/2024-09-15,780.8741084774996
LOW_SKEW|FADE|H15_10,2024-09-16/2024-09-22,2494.9493768499997
LOW_SKEW|FADE|H15_10,2024-09-23/2024-09-29,-1546.9778143974997
LOW_SKEW|FADE|H15_10,2024-09-30/2024-10-06,-2695.5942442475007
LOW_SKEW|FADE|H15_10,2024-10-07/2024-10-13,-96.2696346000003
LOW_SKEW|FADE|H15_10,2024-10-14/2024-10-20,1077.5781530924996
LOW_SKEW|FADE|H15_10,2024-10-21/2024-10-27,262.5563225000001
LOW_SKEW|FADE|H15_10,2024-11-04/2024-11-10,226.62996230500002
LOW_SKEW|FADE|H15_10,2024-11-18/2024-11-24,-3227.1395384750012
LOW_SKEW|FADE|H15_10,2024-11-25/2024-12-01,-4619.279494170003
LOW_SKEW|FADE|H15_10,2024-12-02/2024-12-08,-2840.5873732475
LOW_SKEW|FADE|H15_10,2024-12-16/2024-12-22,-394.2761921574979
LOW_SKEW|FADE|H15_10,2024-12-23/2024-12-29,2849.747915664997
LOW_SKEW|FADE|H15_10,2024-12-30/2025-01-05,2733.084136089998
LOW_SKEW|FADE|H15_10,2025-01-06/2025-01-12,1625.9720835799963
LOW_SKEW|FADE|H15_10,2025-01-13/2025-01-19,-2233.3200642100037
LOW_SKEW|FADE|H15_10,2025-01-20/2025-01-26,3254.0632946924957
LOW_SKEW|FADE|H15_10,2025-01-27/2025-02-02,-4851.725275977506
LOW_SKEW|FADE|H15_10,2025-02-03/2025-02-09,250.02435782499865
LOW_SKEW|FADE|H15_10,2025-02-10/2025-02-16,-4849.267536637502
LOW_SKEW|FADE|H15_10,2025-02-17/2025-02-23,3731.4542087999985
LOW_SKEW|FADE|H15_10,2025-02-24/2025-03-02,-5621.213609632502
LOW_SKEW|FADE|H15_10,2025-03-03/2025-03-09,1575.0193191124995
LOW_SKEW|FADE|H15_10,2025-03-17/2025-03-23,-4470.761685797503
LOW_SKEW|FADE|H15_10,2025-03-24/2025-03-30,-1768.607144820002
LOW_SKEW|FADE|H15_10,2025-04-07/2025-04-13,-1003.4624400249975
LOW_SKEW|FADE|H15_10,2025-04-21/2025-04-27,-2639.4733292299998
LOW_SKEW|FADE|H15_10,2025-04-28/2025-05-04,-4292.082135492502
LOW_SKEW|FADE|H15_10,2025-05-19/2025-05-25,-3372.3209878900025
LOW_SKEW|FADE|H15_10,2025-05-26/2025-06-01,-529.6913503925084
LOW_SKEW|FADE|H15_10,2025-06-02/2025-06-08,-524.995151562501
LOW_SKEW|FADE|H15_10,2025-06-23/2025-06-29,-2161.7135317425004
LOW_SKEW|FADE|H15_10,2025-06-30/2025-07-06,1667.887572954998
LOW_SKEW|FADE|H15_10,2025-07-07/2025-07-13,-305.9290912425013
LOW_SKEW|FADE|H15_10,2025-07-14/2025-07-20,3258.804905722498
LOW_SKEW|FADE|H15_10,2025-07-21/2025-07-27,4064.0795685575004
LOW_SKEW|FADE|H15_10,2025-07-28/2025-08-03,-159.15115750000268
LOW_SKEW|FADE|H15_10,2025-08-04/2025-08-10,-1864.0940932149997
LOW_SKEW|FADE|H15_10,2025-08-11/2025-08-17,1742.8045826674997
LOW_SKEW|FADE|H15_10,2025-08-18/2025-08-24,-1125.60527971
LOW_SKEW|FADE|H15_10,2025-08-25/2025-08-31,-4394.293022407502
LOW_SKEW|FADE|H15_10,2025-09-01/2025-09-07,-4420.407292507501
LOW_SKEW|FADE|H15_10,2025-09-08/2025-09-14,-3682.068679235
LOW_SKEW|FADE|H15_10,2025-09-15/2025-09-21,-1739.033213920002
LOW_SKEW|FADE|H15_10,2025-09-22/2025-09-28,-6526.749704475001
LOW_SKEW|FADE|H15_10,2025-09-29/2025-10-05,-48.332275595000056
LOW_SKEW|FADE|H15_10,2025-10-06/2025-10-12,-3891.7034812249995
LOW_SKEW|FADE|H15_10,2025-10-13/2025-10-19,8234.794734775
LOW_SKEW|FADE|H15_10,2025-10-20/2025-10-26,5717.381755739998
LOW_SKEW|FADE|H15_10,2025-10-27/2025-11-02,-5954.0778142450035
LOW_SKEW|FADE|H15_10,2025-11-03/2025-11-09,4662.084539082496
LOW_SKEW|FADE|H15_10,2025-11-10/2025-11-16,-2870.6110787900016
LOW_SKEW|FADE|H15_10,2025-11-17/2025-11-23,-1137.2907197075003
LOW_SKEW|FADE|H15_10,2025-11-24/2025-11-30,7027.013123705
LOW_SKEW|FADE|H15_10,2025-12-08/2025-12-14,-1089.9014012899997
LOW_SKEW|FADE|H15_10,2025-12-29/2026-01-04,-1822.4984222775
LOW_SKEW|FADE|H15_10,2026-01-05/2026-01-11,-4207.009765628
LOW_SKEW|FADE|H15_10,2026-01-12/2026-01-18,5043.236582149502
LOW_SKEW|FADE|H15_10,2026-01-19/2026-01-25,-1826.3014066575006
LOW_SKEW|FADE|H15_10,2026-01-26/2026-02-01,-4574.364329704501
LOW_SKEW|FADE|H15_10,2026-02-09/2026-02-15,-2272.240870024002
LOW_SKEW|FADE|H15_10,2026-02-23/2026-03-01,1684.6624812284967
LOW_SKEW|FADE|H15_10,2026-03-09/2026-03-15,2971.4091913110606
LOW_SKEW|FADE|H15_10,2026-03-16/2026-03-22,2583.520501770928
LOW_SKEW|FADE|H15_10,2026-04-27/2026-05-03,-2317.047880748992
LOW_SKEW|FADE|H15_10,2026-05-04/2026-05-10,-1934.564490708839
LOW_SKEW|FADE|H15_10,2026-05-11/2026-05-17,-5825.8951475396825
LOW_SKEW|FADE|H15_10,2026-06-15/2026-06-21,241.74440686248795
LOW_SKEW|FADE|H15_10,2026-06-22/2026-06-28,-1218.1104055428375
LOW_SKEW|FADE|H15_10,2026-06-29/2026-07-05,-4978.77494313744
MID_SKEW|CONTINUE|H10_30,2021-09-27/2021-10-03,-425.7823051100009
MID_SKEW|CONTINUE|H10_30,2021-10-04/2021-10-10,-2377.248321050001
MID_SKEW|CONTINUE|H10_30,2021-10-18/2021-10-24,-849.3106905750002
MID_SKEW|CONTINUE|H10_30,2021-11-08/2021-11-14,-306.08086065500055
MID_SKEW|CONTINUE|H10_30,2021-11-15/2021-11-21,-1178.7323502749996
MID_SKEW|CONTINUE|H10_30,2021-11-22/2021-11-28,139.07048027499926
MID_SKEW|CONTINUE|H10_30,2021-11-29/2021-12-05,-1118.3497958150006
MID_SKEW|CONTINUE|H10_30,2021-12-06/2021-12-12,1266.9997119649977
MID_SKEW|CONTINUE|H10_30,2021-12-13/2021-12-19,-801.3416814400019
MID_SKEW|CONTINUE|H10_30,2021-12-20/2021-12-26,-453.3733463350013
MID_SKEW|CONTINUE|H10_30,2021-12-27/2022-01-02,-1031.5076618900016
MID_SKEW|CONTINUE|H10_30,2022-01-03/2022-01-09,401.2338872649984
MID_SKEW|CONTINUE|H10_30,2022-01-10/2022-01-16,-962.7475468950008
MID_SKEW|CONTINUE|H10_30,2022-01-17/2022-01-23,-1708.024476285
MID_SKEW|CONTINUE|H10_30,2022-01-24/2022-01-30,191.51349108000144
MID_SKEW|CONTINUE|H10_30,2022-01-31/2022-02-06,-956.5083791300011
MID_SKEW|CONTINUE|H10_30,2022-02-07/2022-02-13,-537.8336912000007
MID_SKEW|CONTINUE|H10_30,2022-02-14/2022-02-20,-1205.7928857900013
MID_SKEW|CONTINUE|H10_30,2022-02-21/2022-02-27,-358.1068915450015
MID_SKEW|CONTINUE|H10_30,2022-02-28/2022-03-06,245.15891221000226
MID_SKEW|CONTINUE|H10_30,2022-03-07/2022-03-13,-553.4695760700015
MID_SKEW|CONTINUE|H10_30,2022-04-04/2022-04-10,1549.3294488649976
MID_SKEW|CONTINUE|H10_30,2022-04-11/2022-04-17,1212.061850874999
MID_SKEW|CONTINUE|H10_30,2022-04-18/2022-04-24,820.3584571349977
MID_SKEW|CONTINUE|H10_30,2022-04-25/2022-05-01,-363.45437154500155
MID_SKEW|CONTINUE|H10_30,2022-05-02/2022-05-08,-278.2271611300024
MID_SKEW|CONTINUE|H10_30,2022-05-09/2022-05-15,-1177.109448265001
MID_SKEW|CONTINUE|H10_30,2022-05-16/2022-05-22,37.128454219998304
MID_SKEW|CONTINUE|H10_30,2022-05-23/2022-05-29,-1882.7548239300017
MID_SKEW|CONTINUE|H10_30,2022-05-30/2022-06-05,-1497.2344382150022
MID_SKEW|CONTINUE|H10_30,2022-06-06/2022-06-12,-511.48537218500087
MID_SKEW|CONTINUE|H10_30,2022-06-13/2022-06-19,-2099.2077186849997
MID_SKEW|CONTINUE|H10_30,2022-06-20/2022-06-26,2612.9271301949966
MID_SKEW|CONTINUE|H10_30,2022-06-27/2022-07-03,-545.1575603950023
MID_SKEW|CONTINUE|H10_30,2022-07-04/2022-07-10,-162.84340855999983
MID_SKEW|CONTINUE|H10_30,2022-07-11/2022-07-17,-1148.277291755
MID_SKEW|CONTINUE|H10_30,2022-07-18/2022-07-24,-1287.6209384400008
MID_SKEW|CONTINUE|H10_30,2022-07-25/2022-07-31,-378.9554998050003
MID_SKEW|CONTINUE|H10_30,2022-08-01/2022-08-07,1280.6165327949989
MID_SKEW|CONTINUE|H10_30,2022-08-15/2022-08-21,-511.46355336500176
MID_SKEW|CONTINUE|H10_30,2022-08-22/2022-08-28,-340.25519107499997
MID_SKEW|CONTINUE|H10_30,2022-08-29/2022-09-04,-564.0498743750015
MID_SKEW|CONTINUE|H10_30,2022-09-05/2022-09-11,-1711.0169108900004
MID_SKEW|CONTINUE|H10_30,2022-09-12/2022-09-18,819.8051970099975
MID_SKEW|CONTINUE|H10_30,2022-09-19/2022-09-25,801.6241703899988
MID_SKEW|CONTINUE|H10_30,2022-09-26/2022-10-02,-2898.409200125002
MID_SKEW|CONTINUE|H10_30,2022-10-03/2022-10-09,-359.0993109050007
MID_SKEW|CONTINUE|H10_30,2022-10-17/2022-10-23,579.1133669999998
MID_SKEW|CONTINUE|H10_30,2022-10-24/2022-10-30,-583.1611063250007
MID_SKEW|CONTINUE|H10_30,2022-10-31/2022-11-06,454.639423874999
MID_SKEW|CONTINUE|H10_30,2022-11-21/2022-11-27,1727.2987514749996
MID_SKEW|CONTINUE|H10_30,2022-11-28/2022-12-04,-2344.6654883949996
MID_SKEW|CONTINUE|H10_30,2022-12-12/2022-12-18,937.1562437399992
MID_SKEW|CONTINUE|H10_30,2022-12-26/2023-01-01,-771.0596392850015
MID_SKEW|CONTINUE|H10_30,2023-01-02/2023-01-08,-1788.6125366400001
MID_SKEW|CONTINUE|H10_30,2023-01-09/2023-01-15,1511.094100984998
MID_SKEW|CONTINUE|H10_30,2023-01-16/2023-01-22,954.2094101499973
MID_SKEW|CONTINUE|H10_30,2023-01-23/2023-01-29,3481.354158504998
MID_SKEW|CONTINUE|H10_30,2023-02-06/2023-02-12,-772.0544345150008
MID_SKEW|CONTINUE|H10_30,2023-02-20/2023-02-26,-335.5920544650004
MID_SKEW|CONTINUE|H10_30,2023-02-27/2023-03-05,2653.9321993099984
MID_SKEW|CONTINUE|H10_30,2023-03-13/2023-03-19,-3999.6883812050023
MID_SKEW|CONTINUE|H10_30,2023-03-20/2023-03-26,-86.93431192500134
MID_SKEW|CONTINUE|H10_30,2023-03-27/2023-04-02,175.27404170999944
MID_SKEW|CONTINUE|H10_30,2023-04-10/2023-04-16,-784.5498435800007
MID_SKEW|CONTINUE|H10_30,2023-04-17/2023-04-23,-484.78118366
MID_SKEW|CONTINUE|H10_30,2023-04-24/2023-04-30,1179.2926339399999
MID_SKEW|CONTINUE|H10_30,2023-05-01/2023-05-07,-564.0120345950005
MID_SKEW|CONTINUE|H10_30,2023-05-08/2023-05-14,-138.405953245001
MID_SKEW|CONTINUE|H10_30,2023-05-15/2023-05-21,-956.7122181900006
MID_SKEW|CONTINUE|H10_30,2023-05-22/2023-05-28,-925.5243514099997
MID_SKEW|CONTINUE|H10_30,2023-06-05/2023-06-11,-942.8052471950002
MID_SKEW|CONTINUE|H10_30,2023-06-19/2023-06-25,-749.0059676550002
MID_SKEW|CONTINUE|H10_30,2023-06-26/2023-07-02,-201.9869569350005
MID_SKEW|CONTINUE|H10_30,2023-07-10/2023-07-16,-487.4321563350013
MID_SKEW|CONTINUE|H10_30,2023-07-17/2023-07-23,672.3604612099986
MID_SKEW|CONTINUE|H10_30,2023-07-24/2023-07-30,1135.9124051499991
MID_SKEW|CONTINUE|H10_30,2023-07-31/2023-08-06,-314.57879604000067
MID_SKEW|CONTINUE|H10_30,2023-08-07/2023-08-13,-587.771594965001
MID_SKEW|CONTINUE|H10_30,2023-08-14/2023-08-20,-929.1052393300001
MID_SKEW|CONTINUE|H10_30,2023-08-28/2023-09-03,-35.26150395499985
MID_SKEW|CONTINUE|H10_30,2023-09-11/2023-09-17,-1966.5662957700006
MID_SKEW|CONTINUE|H10_30,2023-09-25/2023-10-01,867.8001744099997
MID_SKEW|CONTINUE|H10_30,2023-10-02/2023-10-08,-1060.9070409000012
MID_SKEW|CONTINUE|H10_30,2023-10-09/2023-10-15,-611.1118189150002
MID_SKEW|CONTINUE|H10_30,2023-10-16/2023-10-22,-1940.6588469849994
MID_SKEW|CONTINUE|H10_30,2023-10-23/2023-10-29,2010.4873652749995
MID_SKEW|CONTINUE|H10_30,2023-10-30/2023-11-05,-882.466516390001
MID_SKEW|CONTINUE|H10_30,2023-11-06/2023-11-12,-1708.3414663500007
MID_SKEW|CONTINUE|H10_30,2023-11-13/2023-11-19,-1181.487566315
MID_SKEW|CONTINUE|H10_30,2023-12-04/2023-12-10,30.247430514999678
MID_SKEW|CONTINUE|H10_30,2023-12-11/2023-12-17,751.1522491449989
MID_SKEW|CONTINUE|H10_30,2023-12-18/2023-12-24,-1711.8710360500013
MID_SKEW|CONTINUE|H10_30,2023-12-25/2023-12-31,1057.415886075
MID_SKEW|CONTINUE|H10_30,2024-01-08/2024-01-14,1096.789829779998
MID_SKEW|CONTINUE|H10_30,2024-01-15/2024-01-21,121.54345182999845
MID_SKEW|CONTINUE|H10_30,2024-01-22/2024-01-28,-2189.944877245
MID_SKEW|CONTINUE|H10_30,2024-01-29/2024-02-04,320.61916656999915
MID_SKEW|CONTINUE|H10_30,2024-02-05/2024-02-11,-2255.1661207450006
MID_SKEW|CONTINUE|H10_30,2024-02-12/2024-02-18,1310.6165971349997
MID_SKEW|CONTINUE|H10_30,2024-02-19/2024-02-25,-130.097429975
MID_SKEW|CONTINUE|H10_30,2024-02-26/2024-03-03,1520.0209517599983
MID_SKEW|CONTINUE|H10_30,2024-03-11/2024-03-17,419.03646444499896
MID_SKEW|CONTINUE|H10_30,2024-03-18/2024-03-24,440.4496163399966
MID_SKEW|CONTINUE|H10_30,2024-04-01/2024-04-07,-697.990933895002
MID_SKEW|CONTINUE|H10_30,2024-04-08/2024-04-14,772.876323904998
MID_SKEW|CONTINUE|H10_30,2024-04-15/2024-04-21,-326.7271405450017
MID_SKEW|CONTINUE|H10_30,2024-04-22/2024-04-28,365.724342577499
MID_SKEW|CONTINUE|H10_30,2024-04-29/2024-05-05,301.1002661824997
MID_SKEW|CONTINUE|H10_30,2024-05-06/2024-05-12,-1059.2212664400006
MID_SKEW|CONTINUE|H10_30,2024-05-13/2024-05-19,248.37992845999935
MID_SKEW|CONTINUE|H10_30,2024-05-27/2024-06-02,-492.05478075499684
MID_SKEW|CONTINUE|H10_30,2024-06-03/2024-06-09,173.0524651325
MID_SKEW|CONTINUE|H10_30,2024-06-10/2024-06-16,347.32103125999936
MID_SKEW|CONTINUE|H10_30,2024-06-17/2024-06-23,-108.28856770999971
MID_SKEW|CONTINUE|H10_30,2024-06-24/2024-06-30,-370.2626426825014
MID_SKEW|CONTINUE|H10_30,2024-07-01/2024-07-07,-591.6045994199998
MID_SKEW|CONTINUE|H10_30,2024-07-08/2024-07-14,-1497.1183979625007
MID_SKEW|CONTINUE|H10_30,2024-07-15/2024-07-21,-1575.5544941000003
MID_SKEW|CONTINUE|H10_30,2024-07-22/2024-07-28,111.09467975249902
MID_SKEW|CONTINUE|H10_30,2024-07-29/2024-08-04,132.04718602999876
MID_SKEW|CONTINUE|H10_30,2024-08-05/2024-08-11,-821.7471508975002
MID_SKEW|CONTINUE|H10_30,2024-08-12/2024-08-18,-603.7238764250003
MID_SKEW|CONTINUE|H10_30,2024-08-19/2024-08-25,-1070.8699440675
MID_SKEW|CONTINUE|H10_30,2024-08-26/2024-09-01,-693.360060255
MID_SKEW|CONTINUE|H10_30,2024-09-02/2024-09-08,883.5085020025007
MID_SKEW|CONTINUE|H10_30,2024-09-16/2024-09-22,237.11914065499897
MID_SKEW|CONTINUE|H10_30,2024-09-23/2024-09-29,-538.8777579900001
MID_SKEW|CONTINUE|H10_30,2024-10-14/2024-10-20,-1268.3912005875004
MID_SKEW|CONTINUE|H10_30,2024-10-28/2024-11-03,-623.6729602350015
MID_SKEW|CONTINUE|H10_30,2024-11-04/2024-11-10,-119.42837105250042
MID_SKEW|CONTINUE|H10_30,2024-11-11/2024-11-17,-511.39635922750017
MID_SKEW|CONTINUE|H10_30,2024-11-25/2024-12-01,-2377.5685295725016
MID_SKEW|CONTINUE|H10_30,2024-12-02/2024-12-08,887.9523652174953
MID_SKEW|CONTINUE|H10_30,2024-12-09/2024-12-15,3932.094997167503
MID_SKEW|CONTINUE|H10_30,2024-12-16/2024-12-22,869.8692591949982
MID_SKEW|CONTINUE|H10_30,2024-12-30/2025-01-05,4301.192699122499
MID_SKEW|CONTINUE|H10_30,2025-01-13/2025-01-19,-1464.3548131000016
MID_SKEW|CONTINUE|H10_30,2025-01-20/2025-01-26,162.03496954749704
MID_SKEW|CONTINUE|H10_30,2025-01-27/2025-02-02,1392.0389662899995
MID_SKEW|CONTINUE|H10_30,2025-02-03/2025-02-09,553.508220297496
MID_SKEW|CONTINUE|H10_30,2025-02-10/2025-02-16,4763.492089542498
MID_SKEW|CONTINUE|H10_30,2025-02-17/2025-02-23,-123.47694973750231
MID_SKEW|CONTINUE|H10_30,2025-03-03/2025-03-09,-1352.0729027750017
MID_SKEW|CONTINUE|H10_30,2025-03-17/2025-03-23,-598.7813989075012
MID_SKEW|CONTINUE|H10_30,2025-03-24/2025-03-30,-538.0896422600008
MID_SKEW|CONTINUE|H10_30,2025-03-31/2025-04-06,-802.100633435
MID_SKEW|CONTINUE|H10_30,2025-04-21/2025-04-27,-4660.8768801725
MID_SKEW|CONTINUE|H10_30,2025-04-28/2025-05-04,-2360.129803630001
MID_SKEW|CONTINUE|H10_30,2025-05-12/2025-05-18,645.9940386774979
MID_SKEW|CONTINUE|H10_30,2025-05-19/2025-05-25,-847.0477301725019
MID_SKEW|CONTINUE|H10_30,2025-05-26/2025-06-01,-533.802157002503
MID_SKEW|CONTINUE|H10_30,2025-06-02/2025-06-08,140.92563365249953
MID_SKEW|CONTINUE|H10_30,2025-06-09/2025-06-15,760.9406524574954
MID_SKEW|CONTINUE|H10_30,2025-06-16/2025-06-22,-3254.0352235200044
MID_SKEW|CONTINUE|H10_30,2025-06-23/2025-06-29,-123.21900405250211
MID_SKEW|CONTINUE|H10_30,2025-06-30/2025-07-06,-2630.381088787505
MID_SKEW|CONTINUE|H10_30,2025-07-07/2025-07-13,524.3912164849995
MID_SKEW|CONTINUE|H10_30,2025-07-14/2025-07-20,-1116.8211834100011
MID_SKEW|CONTINUE|H10_30,2025-07-21/2025-07-27,1981.4434658324985
MID_SKEW|CONTINUE|H10_30,2025-07-28/2025-08-03,-2822.3208325300025
MID_SKEW|CONTINUE|H10_30,2025-08-04/2025-08-10,1073.4382702849973
MID_SKEW|CONTINUE|H10_30,2025-08-11/2025-08-17,-1012.3852081475
MID_SKEW|CONTINUE|H10_30,2025-08-18/2025-08-24,434.3689403799988
MID_SKEW|CONTINUE|H10_30,2025-08-25/2025-08-31,-650.8428232925006
MID_SKEW|CONTINUE|H10_30,2025-09-01/2025-09-07,-1582.9632613250005
MID_SKEW|CONTINUE|H10_30,2025-09-08/2025-09-14,909.8616105025002
MID_SKEW|CONTINUE|H10_30,2025-09-15/2025-09-21,-831.8022463550006
MID_SKEW|CONTINUE|H10_30,2025-09-22/2025-09-28,-1867.2075643174999
MID_SKEW|CONTINUE|H10_30,2025-09-29/2025-10-05,-1361.5489820725004
MID_SKEW|CONTINUE|H10_30,2025-10-06/2025-10-12,-965.8205122625009
MID_SKEW|CONTINUE|H10_30,2025-10-13/2025-10-19,-1231.7516592499996
MID_SKEW|CONTINUE|H10_30,2025-11-03/2025-11-09,-788.6496083525012
MID_SKEW|CONTINUE|H10_30,2025-11-10/2025-11-16,-1587.233811635
MID_SKEW|CONTINUE|H10_30,2025-11-17/2025-11-23,696.7097622924978
MID_SKEW|CONTINUE|H10_30,2025-11-24/2025-11-30,-103.76651047750039
MID_SKEW|CONTINUE|H10_30,2025-12-01/2025-12-07,-4490.760557772501
MID_SKEW|CONTINUE|H10_30,2025-12-08/2025-12-14,-510.92028935250255
MID_SKEW|CONTINUE|H10_30,2025-12-15/2025-12-21,-3047.560282780001
MID_SKEW|CONTINUE|H10_30,2026-01-05/2026-01-11,-422.40491045400074
MID_SKEW|CONTINUE|H10_30,2026-01-12/2026-01-18,2784.014184425
MID_SKEW|CONTINUE|H10_30,2026-01-19/2026-01-25,-5.158326088999601
MID_SKEW|CONTINUE|H10_30,2026-01-26/2026-02-01,-3234.6771215410017
MID_SKEW|CONTINUE|H10_30,2026-02-02/2026-02-08,1013.4777970064986
MID_SKEW|CONTINUE|H10_30,2026-02-09/2026-02-15,-570.1475573825008
MID_SKEW|CONTINUE|H10_30,2026-02-23/2026-03-01,762.0581399719997
MID_SKEW|CONTINUE|H10_30,2026-03-02/2026-03-08,-711.9756611326201
MID_SKEW|CONTINUE|H10_30,2026-03-09/2026-03-15,1183.631460766341
MID_SKEW|CONTINUE|H10_30,2026-03-23/2026-03-29,77.49006614864422
MID_SKEW|CONTINUE|H10_30,2026-03-30/2026-04-05,-860.8215489912511
MID_SKEW|CONTINUE|H10_30,2026-04-06/2026-04-12,648.7104883641368
MID_SKEW|CONTINUE|H10_30,2026-04-13/2026-04-19,658.4645234469473
MID_SKEW|CONTINUE|H10_30,2026-04-20/2026-04-26,887.0156420460582
MID_SKEW|CONTINUE|H10_30,2026-04-27/2026-05-03,249.55149413312728
MID_SKEW|CONTINUE|H10_30,2026-05-04/2026-05-10,-486.981688063306
MID_SKEW|CONTINUE|H10_30,2026-05-11/2026-05-17,1541.6217650192184
MID_SKEW|CONTINUE|H10_30,2026-05-18/2026-05-24,-404.98801371355813
MID_SKEW|CONTINUE|H10_30,2026-06-22/2026-06-28,218.05359978884877
MID_SKEW|CONTINUE|H15_10,2021-09-27/2021-10-03,-663.1468679700005
MID_SKEW|CONTINUE|H15_10,2021-10-04/2021-10-10,-7393.485717180001
MID_SKEW|CONTINUE|H15_10,2021-10-18/2021-10-24,-1984.7322434800005
MID_SKEW|CONTINUE|H15_10,2021-11-08/2021-11-14,-1547.9301124950005
MID_SKEW|CONTINUE|H15_10,2021-11-15/2021-11-21,154.29558877499989
MID_SKEW|CONTINUE|H15_10,2021-11-22/2021-11-28,-2750.8584330950002
MID_SKEW|CONTINUE|H15_10,2021-11-29/2021-12-05,-3095.8285435700004
MID_SKEW|CONTINUE|H15_10,2021-12-06/2021-12-12,3606.4046065599973
MID_SKEW|CONTINUE|H15_10,2021-12-13/2021-12-19,-2834.4172068500006
MID_SKEW|CONTINUE|H15_10,2021-12-20/2021-12-26,-1348.5447981850014
MID_SKEW|CONTINUE|H15_10,2021-12-27/2022-01-02,-616.4114860100011
MID_SKEW|CONTINUE|H15_10,2022-01-03/2022-01-09,737.5028946249988
MID_SKEW|CONTINUE|H15_10,2022-01-10/2022-01-16,-1071.0628647250014
MID_SKEW|CONTINUE|H15_10,2022-01-17/2022-01-23,-2626.4581878150007
MID_SKEW|CONTINUE|H15_10,2022-01-24/2022-01-30,-1330.1687568200005
MID_SKEW|CONTINUE|H15_10,2022-01-31/2022-02-06,-518.3770145250019
MID_SKEW|CONTINUE|H15_10,2022-02-07/2022-02-13,924.9267003699991
MID_SKEW|CONTINUE|H15_10,2022-02-14/2022-02-20,-1499.4553596000017
MID_SKEW|CONTINUE|H15_10,2022-02-21/2022-02-27,-942.1499192700014
MID_SKEW|CONTINUE|H15_10,2022-02-28/2022-03-06,-223.4147038049984
MID_SKEW|CONTINUE|H15_10,2022-03-07/2022-03-13,-2151.6033682450025
MID_SKEW|CONTINUE|H15_10,2022-04-04/2022-04-10,1853.916606674999
MID_SKEW|CONTINUE|H15_10,2022-04-11/2022-04-17,-301.6323755900007
MID_SKEW|CONTINUE|H15_10,2022-04-18/2022-04-24,7537.56137109
MID_SKEW|CONTINUE|H15_10,2022-04-25/2022-05-01,152.29576737999955
MID_SKEW|CONTINUE|H15_10,2022-05-02/2022-05-08,-1507.9154487500018
MID_SKEW|CONTINUE|H15_10,2022-05-09/2022-05-15,-2378.174718070001
MID_SKEW|CONTINUE|H15_10,2022-05-16/2022-05-22,-1304.603247445001
MID_SKEW|CONTINUE|H15_10,2022-05-23/2022-05-29,-3168.019968775002
MID_SKEW|CONTINUE|H15_10,2022-05-30/2022-06-05,-2692.8599394950006
MID_SKEW|CONTINUE|H15_10,2022-06-06/2022-06-12,96.37830049499931
MID_SKEW|CONTINUE|H15_10,2022-06-13/2022-06-19,-2635.79868122
MID_SKEW|CONTINUE|H15_10,2022-06-20/2022-06-26,2542.249986684996
MID_SKEW|CONTINUE|H15_10,2022-06-27/2022-07-03,-2872.746083225002
MID_SKEW|CONTINUE|H15_10,2022-07-04/2022-07-10,-911.2573213499999
MID_SKEW|CONTINUE|H15_10,2022-07-11/2022-07-17,-1728.4282250649999
MID_SKEW|CONTINUE|H15_10,2022-07-18/2022-07-24,-1949.7089963749997
MID_SKEW|CONTINUE|H15_10,2022-07-25/2022-07-31,1873.6587729349994
MID_SKEW|CONTINUE|H15_10,2022-08-01/2022-08-07,616.055249544999
MID_SKEW|CONTINUE|H15_10,2022-08-15/2022-08-21,-2953.7632528200015
MID_SKEW|CONTINUE|H15_10,2022-08-22/2022-08-28,-1574.81490173
MID_SKEW|CONTINUE|H15_10,2022-08-29/2022-09-04,-441.2816261400022
MID_SKEW|CONTINUE|H15_10,2022-09-05/2022-09-11,-1077.1382281400006
MID_SKEW|CONTINUE|H15_10,2022-09-12/2022-09-18,2638.4550769649995
MID_SKEW|CONTINUE|H15_10,2022-09-19/2022-09-25,1233.0854636699992
MID_SKEW|CONTINUE|H15_10,2022-09-26/2022-10-02,-2994.7209096400006
MID_SKEW|CONTINUE|H15_10,2022-10-03/2022-10-09,-25.57309371999952
MID_SKEW|CONTINUE|H15_10,2022-10-17/2022-10-23,-208.82567412999987
MID_SKEW|CONTINUE|H15_10,2022-10-24/2022-10-30,-1546.4753917850007
MID_SKEW|CONTINUE|H15_10,2022-10-31/2022-11-06,430.1720879149992
MID_SKEW|CONTINUE|H15_10,2022-11-21/2022-11-27,6171.0598472149995
MID_SKEW|CONTINUE|H15_10,2022-11-28/2022-12-04,-554.8032893300001
MID_SKEW|CONTINUE|H15_10,2022-12-12/2022-12-18,8622.559474074998
MID_SKEW|CONTINUE|H15_10,2022-12-26/2023-01-01,-951.8514137900011
MID_SKEW|CONTINUE|H15_10,2023-01-02/2023-01-08,-4648.537409330001
MID_SKEW|CONTINUE|H15_10,2023-01-09/2023-01-15,909.0977824699976
MID_SKEW|CONTINUE|H15_10,2023-01-16/2023-01-22,-1063.003611095001
MID_SKEW|CONTINUE|H15_10,2023-01-23/2023-01-29,7360.6595089799985
MID_SKEW|CONTINUE|H15_10,2023-02-06/2023-02-12,-1467.7916361600005
MID_SKEW|CONTINUE|H15_10,2023-02-20/2023-02-26,-3286.3244656399997
MID_SKEW|CONTINUE|H15_10,2023-02-27/2023-03-05,1646.0294782549988
MID_SKEW|CONTINUE|H15_10,2023-03-13/2023-03-19,-7984.203076200003
MID_SKEW|CONTINUE|H15_10,2023-03-20/2023-03-26,-414.9756136350001
MID_SKEW|CONTINUE|H15_10,2023-03-27/2023-04-02,2138.048220004999
MID_SKEW|CONTINUE|H15_10,2023-04-10/2023-04-16,-1270.960558635001
MID_SKEW|CONTINUE|H15_10,2023-04-17/2023-04-23,-247.4405240249999
MID_SKEW|CONTINUE|H15_10,2023-04-24/2023-04-30,2884.5585762650003
MID_SKEW|CONTINUE|H15_10,2023-05-01/2023-05-07,-294.3381867350006
MID_SKEW|CONTINUE|H15_10,2023-05-08/2023-05-14,-2181.922140100001
MID_SKEW|CONTINUE|H15_10,2023-05-15/2023-05-21,-4286.29294913
MID_SKEW|CONTINUE|H15_10,2023-05-22/2023-05-28,-1509.4365795
MID_SKEW|CONTINUE|H15_10,2023-06-05/2023-06-11,-658.0317779250006
MID_SKEW|CONTINUE|H15_10,2023-06-19/2023-06-25,-1575.04728523
MID_SKEW|CONTINUE|H15_10,2023-06-26/2023-07-02,1319.7915622850005
MID_SKEW|CONTINUE|H15_10,2023-07-10/2023-07-16,-2785.0670979800007
MID_SKEW|CONTINUE|H15_10,2023-07-17/2023-07-23,3854.771340209999
MID_SKEW|CONTINUE|H15_10,2023-07-24/2023-07-30,-266.2635939800007
MID_SKEW|CONTINUE|H15_10,2023-07-31/2023-08-06,428.82824640999945
MID_SKEW|CONTINUE|H15_10,2023-08-07/2023-08-13,-1084.1960507000003
MID_SKEW|CONTINUE|H15_10,2023-08-14/2023-08-20,-2052.2861527500004
MID_SKEW|CONTINUE|H15_10,2023-08-28/2023-09-03,-489.1856576749999
MID_SKEW|CONTINUE|H15_10,2023-09-11/2023-09-17,260.20493068999895
MID_SKEW|CONTINUE|H15_10,2023-09-25/2023-10-01,-2141.99152857
MID_SKEW|CONTINUE|H15_10,2023-10-02/2023-10-08,-1081.1436674100014
MID_SKEW|CONTINUE|H15_10,2023-10-09/2023-10-15,-1174.3226534950004
MID_SKEW|CONTINUE|H15_10,2023-10-16/2023-10-22,-2355.1322350849996
MID_SKEW|CONTINUE|H15_10,2023-10-23/2023-10-29,2550.1464548849995
MID_SKEW|CONTINUE|H15_10,2023-10-30/2023-11-05,-2312.256988945
MID_SKEW|CONTINUE|H15_10,2023-11-06/2023-11-12,-3292.4758051550007
MID_SKEW|CONTINUE|H15_10,2023-11-13/2023-11-19,431.17683690499933
MID_SKEW|CONTINUE|H15_10,2023-12-04/2023-12-10,83.90944769999942
MID_SKEW|CONTINUE|H15_10,2023-12-11/2023-12-17,327.4319859149997
MID_SKEW|CONTINUE|H15_10,2023-12-18/2023-12-24,-2884.96263209
MID_SKEW|CONTINUE|H15_10,2023-12-25/2023-12-31,3257.563257695
MID_SKEW|CONTINUE|H15_10,2024-01-08/2024-01-14,-588.3184964250006
MID_SKEW|CONTINUE|H15_10,2024-01-15/2024-01-21,-236.71103571000168
MID_SKEW|CONTINUE|H15_10,2024-01-22/2024-01-28,-2748.911059365
MID_SKEW|CONTINUE|H15_10,2024-01-29/2024-02-04,-947.110977785001
MID_SKEW|CONTINUE|H15_10,2024-02-05/2024-02-11,-2667.6264028600003
MID_SKEW|CONTINUE|H15_10,2024-02-12/2024-02-18,2246.795119179999
MID_SKEW|CONTINUE|H15_10,2024-02-19/2024-02-25,-515.1484010200007
MID_SKEW|CONTINUE|H15_10,2024-02-26/2024-03-03,-4092.9004760750013
MID_SKEW|CONTINUE|H15_10,2024-03-11/2024-03-17,-1786.4351488250015
MID_SKEW|CONTINUE|H15_10,2024-03-18/2024-03-24,675.2094893749975
MID_SKEW|CONTINUE|H15_10,2024-04-01/2024-04-07,-1816.054097770002
MID_SKEW|CONTINUE|H15_10,2024-04-08/2024-04-14,3018.992489109998
MID_SKEW|CONTINUE|H15_10,2024-04-15/2024-04-21,-2286.0713383800016
MID_SKEW|CONTINUE|H15_10,2024-04-22/2024-04-28,-1811.6736720225013
MID_SKEW|CONTINUE|H15_10,2024-04-29/2024-05-05,-483.3520251350004
MID_SKEW|CONTINUE|H15_10,2024-05-06/2024-05-12,-2233.912325835001
MID_SKEW|CONTINUE|H15_10,2024-05-13/2024-05-19,-991.2895661500008
MID_SKEW|CONTINUE|H15_10,2024-05-27/2024-06-02,-477.36846953749745
MID_SKEW|CONTINUE|H15_10,2024-06-03/2024-06-09,1297.2220089675016
MID_SKEW|CONTINUE|H15_10,2024-06-10/2024-06-16,583.3019149824993
MID_SKEW|CONTINUE|H15_10,2024-06-17/2024-06-23,-924.7998347225001
MID_SKEW|CONTINUE|H15_10,2024-06-24/2024-06-30,1173.8655339374986
MID_SKEW|CONTINUE|H15_10,2024-07-01/2024-07-07,-1459.0188265975
MID_SKEW|CONTINUE|H15_10,2024-07-08/2024-07-14,-844.7091160300005
MID_SKEW|CONTINUE|H15_10,2024-07-15/2024-07-21,-2246.2367619675006
MID_SKEW|CONTINUE|H15_10,2024-07-22/2024-07-28,1331.7465671424982
MID_SKEW|CONTINUE|H15_10,2024-07-29/2024-08-04,505.4129141549991
MID_SKEW|CONTINUE|H15_10,2024-08-05/2024-08-11,-1624.3910939250004
MID_SKEW|CONTINUE|H15_10,2024-08-12/2024-08-18,-1956.7447717475002
MID_SKEW|CONTINUE|H15_10,2024-08-19/2024-08-25,-2198.769904725
MID_SKEW|CONTINUE|H15_10,2024-08-26/2024-09-01,-1105.195230755
MID_SKEW|CONTINUE|H15_10,2024-09-02/2024-09-08,1196.3339905525
MID_SKEW|CONTINUE|H15_10,2024-09-16/2024-09-22,1655.9112313650003
MID_SKEW|CONTINUE|H15_10,2024-09-23/2024-09-29,-347.7704766925
MID_SKEW|CONTINUE|H15_10,2024-10-14/2024-10-20,-904.5561879000007
MID_SKEW|CONTINUE|H15_10,2024-10-28/2024-11-03,331.16895202499836
MID_SKEW|CONTINUE|H15_10,2024-11-04/2024-11-10,-388.96776892
MID_SKEW|CONTINUE|H15_10,2024-11-11/2024-11-17,-956.3405464050002
MID_SKEW|CONTINUE|H15_10,2024-11-25/2024-12-01,-7590.994353985001
MID_SKEW|CONTINUE|H15_10,2024-12-02/2024-12-08,1178.733945274994
MID_SKEW|CONTINUE|H15_10,2024-12-09/2024-12-15,441.9352085524988
MID_SKEW|CONTINUE|H15_10,2024-12-16/2024-12-22,2938.788622639998
MID_SKEW|CONTINUE|H15_10,2024-12-30/2025-01-05,9878.292203977499
MID_SKEW|CONTINUE|H15_10,2025-01-13/2025-01-19,81.45250213999839
MID_SKEW|CONTINUE|H15_10,2025-01-20/2025-01-26,2162.896487192498
MID_SKEW|CONTINUE|H15_10,2025-01-27/2025-02-02,1253.072916774999
MID_SKEW|CONTINUE|H15_10,2025-02-03/2025-02-09,2743.890169144998
MID_SKEW|CONTINUE|H15_10,2025-02-10/2025-02-16,-4161.659978230001
MID_SKEW|CONTINUE|H15_10,2025-02-17/2025-02-23,1527.0613292224957
MID_SKEW|CONTINUE|H15_10,2025-03-03/2025-03-09,-1190.6117915675015
MID_SKEW|CONTINUE|H15_10,2025-03-17/2025-03-23,-864.4247195649991
MID_SKEW|CONTINUE|H15_10,2025-03-24/2025-03-30,-3640.260128622501
MID_SKEW|CONTINUE|H15_10,2025-03-31/2025-04-06,174.74202853749983
MID_SKEW|CONTINUE|H15_10,2025-04-21/2025-04-27,-3912.2236123775
MID_SKEW|CONTINUE|H15_10,2025-04-28/2025-05-04,-6024.5274774925
MID_SKEW|CONTINUE|H15_10,2025-05-12/2025-05-18,266.53089672249746
MID_SKEW|CONTINUE|H15_10,2025-05-19/2025-05-25,-1910.3739353425
MID_SKEW|CONTINUE|H15_10,2025-05-26/2025-06-01,-727.2585062750018
MID_SKEW|CONTINUE|H15_10,2025-06-02/2025-06-08,3556.7392692750004
MID_SKEW|CONTINUE|H15_10,2025-06-09/2025-06-15,-1821.876424207502
MID_SKEW|CONTINUE|H15_10,2025-06-16/2025-06-22,-2891.565628500001
MID_SKEW|CONTINUE|H15_10,2025-06-23/2025-06-29,-712.6639540675005
MID_SKEW|CONTINUE|H15_10,2025-06-30/2025-07-06,-4228.738630770003
MID_SKEW|CONTINUE|H15_10,2025-07-07/2025-07-13,-2306.7041495125004
MID_SKEW|CONTINUE|H15_10,2025-07-14/2025-07-20,732.7586176399986
MID_SKEW|CONTINUE|H15_10,2025-07-21/2025-07-27,6003.790207537499
MID_SKEW|CONTINUE|H15_10,2025-07-28/2025-08-03,1477.6174017724973
MID_SKEW|CONTINUE|H15_10,2025-08-04/2025-08-10,3564.1637217949965
MID_SKEW|CONTINUE|H15_10,2025-08-11/2025-08-17,-2614.4595596075
MID_SKEW|CONTINUE|H15_10,2025-08-18/2025-08-24,1567.0038826824996
MID_SKEW|CONTINUE|H15_10,2025-08-25/2025-08-31,1800.5593410849988
MID_SKEW|CONTINUE|H15_10,2025-09-01/2025-09-07,-4033.6543321924996
MID_SKEW|CONTINUE|H15_10,2025-09-08/2025-09-14,-367.69404389750065
MID_SKEW|CONTINUE|H15_10,2025-09-15/2025-09-21,-1737.7745540750007
MID_SKEW|CONTINUE|H15_10,2025-09-22/2025-09-28,-3233.38701395
MID_SKEW|CONTINUE|H15_10,2025-09-29/2025-10-05,1548.931937719999
MID_SKEW|CONTINUE|H15_10,2025-10-06/2025-10-12,1802.9605307424995
MID_SKEW|CONTINUE|H15_10,2025-10-13/2025-10-19,-2178.2672674775
MID_SKEW|CONTINUE|H15_10,2025-11-03/2025-11-09,-2850.2200082150007
MID_SKEW|CONTINUE|H15_10,2025-11-10/2025-11-16,8894.6917487425
MID_SKEW|CONTINUE|H15_10,2025-11-17/2025-11-23,1995.1998585774995
MID_SKEW|CONTINUE|H15_10,2025-11-24/2025-11-30,-2809.251245597501
MID_SKEW|CONTINUE|H15_10,2025-12-01/2025-12-07,-8889.118549145001
MID_SKEW|CONTINUE|H15_10,2025-12-08/2025-12-14,8311.660983937498
MID_SKEW|CONTINUE|H15_10,2025-12-15/2025-12-21,-3233.4495571900015
MID_SKEW|CONTINUE|H15_10,2026-01-05/2026-01-11,-519.0419568690007
MID_SKEW|CONTINUE|H15_10,2026-01-12/2026-01-18,-1043.0855982500007
MID_SKEW|CONTINUE|H15_10,2026-01-19/2026-01-25,9154.971126319999
MID_SKEW|CONTINUE|H15_10,2026-01-26/2026-02-01,-231.71629797699848
MID_SKEW|CONTINUE|H15_10,2026-02-02/2026-02-08,-2118.3246511315
MID_SKEW|CONTINUE|H15_10,2026-02-09/2026-02-15,-194.0675228445008
MID_SKEW|CONTINUE|H15_10,2026-02-23/2026-03-01,3867.8231336670005
MID_SKEW|CONTINUE|H15_10,2026-03-02/2026-03-08,-863.2865470400347
MID_SKEW|CONTINUE|H15_10,2026-03-09/2026-03-15,5491.47475547903
MID_SKEW|CONTINUE|H15_10,2026-03-23/2026-03-29,2177.207681393312
MID_SKEW|CONTINUE|H15_10,2026-03-30/2026-04-05,-4621.052747938858
MID_SKEW|CONTINUE|H15_10,2026-04-06/2026-04-12,1137.3005964515833
MID_SKEW|CONTINUE|H15_10,2026-04-13/2026-04-19,107.98890506484
MID_SKEW|CONTINUE|H15_10,2026-04-20/2026-04-26,1725.946910521749
MID_SKEW|CONTINUE|H15_10,2026-04-27/2026-05-03,-1765.4538930651809
MID_SKEW|CONTINUE|H15_10,2026-05-04/2026-05-10,-132.4565425368718
MID_SKEW|CONTINUE|H15_10,2026-05-11/2026-05-17,-871.4104703063772
MID_SKEW|CONTINUE|H15_10,2026-05-18/2026-05-24,-5958.278896288706
MID_SKEW|CONTINUE|H15_10,2026-06-22/2026-06-28,-900.1799415001702
MID_SKEW|FADE|H10_30,2021-09-27/2021-10-03,-69.72749522999972
MID_SKEW|FADE|H10_30,2021-10-04/2021-10-10,1110.716431119999
MID_SKEW|FADE|H10_30,2021-10-18/2021-10-24,642.4930037349988
MID_SKEW|FADE|H10_30,2021-11-08/2021-11-14,-103.76505505000098
MID_SKEW|FADE|H10_30,2021-11-15/2021-11-21,1031.6890315449996
MID_SKEW|FADE|H10_30,2021-11-22/2021-11-28,-552.5940327000008
MID_SKEW|FADE|H10_30,2021-11-29/2021-12-05,492.21452543999874
MID_SKEW|FADE|H10_30,2021-12-06/2021-12-12,-2580.605198280002
MID_SKEW|FADE|H10_30,2021-12-13/2021-12-19,-529.5803648750018
MID_SKEW|FADE|H10_30,2021-12-20/2021-12-26,-8.204079600000114
MID_SKEW|FADE|H10_30,2021-12-27/2022-01-02,-119.95117866500169
MID_SKEW|FADE|H10_30,2022-01-03/2022-01-09,-1394.323702175001
MID_SKEW|FADE|H10_30,2022-01-10/2022-01-16,127.10757154500014
MID_SKEW|FADE|H10_30,2022-01-17/2022-01-23,1743.2429255299992
MID_SKEW|FADE|H10_30,2022-01-24/2022-01-30,-581.67450389
MID_SKEW|FADE|H10_30,2022-01-31/2022-02-06,-468.3056516250004
MID_SKEW|FADE|H10_30,2022-02-07/2022-02-13,116.09571125999972
MID_SKEW|FADE|H10_30,2022-02-14/2022-02-20,318.4349555199995
MID_SKEW|FADE|H10_30,2022-02-21/2022-02-27,-194.56395661500127
MID_SKEW|FADE|H10_30,2022-02-28/2022-03-06,-620.8928860099991
MID_SKEW|FADE|H10_30,2022-03-07/2022-03-13,-115.01818711000146
MID_SKEW|FADE|H10_30,2022-04-04/2022-04-10,-1549.299845395
MID_SKEW|FADE|H10_30,2022-04-11/2022-04-17,-1646.7840975
MID_SKEW|FADE|H10_30,2022-04-18/2022-04-24,-1794.988668855
MID_SKEW|FADE|H10_30,2022-04-25/2022-05-01,50.77136029499967
MID_SKEW|FADE|H10_30,2022-05-02/2022-05-08,-460.279783955003
MID_SKEW|FADE|H10_30,2022-05-09/2022-05-15,363.1037312549988
MID_SKEW|FADE|H10_30,2022-05-16/2022-05-22,-424.48958797500103
MID_SKEW|FADE|H10_30,2022-05-23/2022-05-29,1017.2635225899983
MID_SKEW|FADE|H10_30,2022-05-30/2022-06-05,877.762991025
MID_SKEW|FADE|H10_30,2022-06-06/2022-06-12,157.46995383999857
MID_SKEW|FADE|H10_30,2022-06-13/2022-06-19,3016.246845585
MID_SKEW|FADE|H10_30,2022-06-20/2022-06-26,-3340.6513703550036
MID_SKEW|FADE|H10_30,2022-06-27/2022-07-03,-296.6226519000021
MID_SKEW|FADE|H10_30,2022-07-04/2022-07-10,-880.8522513000001
MID_SKEW|FADE|H10_30,2022-07-11/2022-07-17,462.6595079749996
MID_SKEW|FADE|H10_30,2022-07-18/2022-07-24,161.38566784999915
MID_SKEW|FADE|H10_30,2022-07-25/2022-07-31,386.8971421549993
MID_SKEW|FADE|H10_30,2022-08-01/2022-08-07,-1938.9724011950007
MID_SKEW|FADE|H10_30,2022-08-15/2022-08-21,-1255.6115699700006
MID_SKEW|FADE|H10_30,2022-08-22/2022-08-28,-7.207019025000562
MID_SKEW|FADE|H10_30,2022-08-29/2022-09-04,174.19692462499899
MID_SKEW|FADE|H10_30,2022-09-05/2022-09-11,1441.3434507299996
MID_SKEW|FADE|H10_30,2022-09-12/2022-09-18,-1460.1832000650002
MID_SKEW|FADE|H10_30,2022-09-19/2022-09-25,-1524.1889425000015
MID_SKEW|FADE|H10_30,2022-09-26/2022-10-02,2506.8369937199996
MID_SKEW|FADE|H10_30,2022-10-03/2022-10-09,-475.2386519700012
MID_SKEW|FADE|H10_30,2022-10-17/2022-10-23,-791.8581628400009
MID_SKEW|FADE|H10_30,2022-10-24/2022-10-30,85.54789318999985
MID_SKEW|FADE|H10_30,2022-10-31/2022-11-06,-433.8652745700003
MID_SKEW|FADE|H10_30,2022-11-21/2022-11-27,-860.5627060999999
MID_SKEW|FADE|H10_30,2022-11-28/2022-12-04,879.4177424849994
MID_SKEW|FADE|H10_30,2022-12-12/2022-12-18,-2333.271577120001
MID_SKEW|FADE|H10_30,2022-12-26/2023-01-01,75.3344965499991
MID_SKEW|FADE|H10_30,2023-01-02/2023-01-08,1295.5903834849992
MID_SKEW|FADE|H10_30,2023-01-09/2023-01-15,-1616.3394702200007
MID_SKEW|FADE|H10_30,2023-01-16/2023-01-22,-1997.8011102750004
MID_SKEW|FADE|H10_30,2023-01-23/2023-01-29,-2357.5118356700013
MID_SKEW|FADE|H10_30,2023-02-06/2023-02-12,340.62008520499904
MID_SKEW|FADE|H10_30,2023-02-20/2023-02-26,-602.3053365350011
MID_SKEW|FADE|H10_30,2023-02-27/2023-03-05,-3560.0845639350005
MID_SKEW|FADE|H10_30,2023-03-13/2023-03-19,2187.0890401349984
MID_SKEW|FADE|H10_30,2023-03-20/2023-03-26,-512.9013943900005
MID_SKEW|FADE|H10_30,2023-03-27/2023-04-02,-881.7147297500004
MID_SKEW|FADE|H10_30,2023-04-10/2023-04-16,-135.18644768499956
MID_SKEW|FADE|H10_30,2023-04-17/2023-04-23,-16.69225507499999
MID_SKEW|FADE|H10_30,2023-04-24/2023-04-30,-1888.6792863399996
MID_SKEW|FADE|H10_30,2023-05-01/2023-05-07,119.25147919
MID_SKEW|FADE|H10_30,2023-05-08/2023-05-14,-702.5868211050016
MID_SKEW|FADE|H10_30,2023-05-15/2023-05-21,-222.44980213000093
MID_SKEW|FADE|H10_30,2023-05-22/2023-05-28,224.61637883999936
MID_SKEW|FADE|H10_30,2023-06-05/2023-06-11,430.6820018649997
MID_SKEW|FADE|H10_30,2023-06-19/2023-06-25,324.1899004249999
MID_SKEW|FADE|H10_30,2023-06-26/2023-07-02,-227.70916379500014
MID_SKEW|FADE|H10_30,2023-07-10/2023-07-16,-475.4942802750006
MID_SKEW|FADE|H10_30,2023-07-17/2023-07-23,-1483.2349912999998
MID_SKEW|FADE|H10_30,2023-07-24/2023-07-30,-1039.2889205
MID_SKEW|FADE|H10_30,2023-07-31/2023-08-06,-120.70913657499999
MID_SKEW|FADE|H10_30,2023-08-07/2023-08-13,127.03500314499958
MID_SKEW|FADE|H10_30,2023-08-14/2023-08-20,450.16570583499913
MID_SKEW|FADE|H10_30,2023-08-28/2023-09-03,-1013.7869549050001
MID_SKEW|FADE|H10_30,2023-09-11/2023-09-17,1432.414134304999
MID_SKEW|FADE|H10_30,2023-09-25/2023-10-01,-1124.3174105499997
MID_SKEW|FADE|H10_30,2023-10-02/2023-10-08,29.09879114999967
MID_SKEW|FADE|H10_30,2023-10-09/2023-10-15,-464.9505113650015
MID_SKEW|FADE|H10_30,2023-10-16/2023-10-22,1793.4147299400001
MID_SKEW|FADE|H10_30,2023-10-23/2023-10-29,-2110.011563265
MID_SKEW|FADE|H10_30,2023-10-30/2023-11-05,16.14819405500026
MID_SKEW|FADE|H10_30,2023-11-06/2023-11-12,-34.566154229999896
MID_SKEW|FADE|H10_30,2023-11-13/2023-11-19,329.408097934999
MID_SKEW|FADE|H10_30,2023-12-04/2023-12-10,-2351.7420890300004
MID_SKEW|FADE|H10_30,2023-12-11/2023-12-17,-1074.940545105
MID_SKEW|FADE|H10_30,2023-12-18/2023-12-24,211.31361139999888
MID_SKEW|FADE|H10_30,2023-12-25/2023-12-31,-1216.88110342
MID_SKEW|FADE|H10_30,2024-01-08/2024-01-14,-1471.0786747500003
MID_SKEW|FADE|H10_30,2024-01-15/2024-01-21,-510.6162578950001
MID_SKEW|FADE|H10_30,2024-01-22/2024-01-28,3278.1159257649983
MID_SKEW|FADE|H10_30,2024-01-29/2024-02-04,-751.2341897550007
MID_SKEW|FADE|H10_30,2024-02-05/2024-02-11,999.4828540099984
MID_SKEW|FADE|H10_30,2024-02-12/2024-02-18,-2070.06927407
MID_SKEW|FADE|H10_30,2024-02-19/2024-02-25,-323.8734711650003
MID_SKEW|FADE|H10_30,2024-02-26/2024-03-03,-2563.770001335
MID_SKEW|FADE|H10_30,2024-03-11/2024-03-17,-1363.7918152850011
MID_SKEW|FADE|H10_30,2024-03-18/2024-03-24,-1446.1538725050007
MID_SKEW|FADE|H10_30,2024-04-01/2024-04-07,-249.75154546000107
MID_SKEW|FADE|H10_30,2024-04-08/2024-04-14,-1607.1047373250015
MID_SKEW|FADE|H10_30,2024-04-15/2024-04-21,-135.521925740002
MID_SKEW|FADE|H10_30,2024-04-22/2024-04-28,-801.5377455325009
MID_SKEW|FADE|H10_30,2024-04-29/2024-05-05,-429.16183253000054
MID_SKEW|FADE|H10_30,2024-05-06/2024-05-12,412.3408212524995
MID_SKEW|FADE|H10_30,2024-05-13/2024-05-19,-935.5583385025011
MID_SKEW|FADE|H10_30,2024-05-27/2024-06-02,58.74179159000283
MID_SKEW|FADE|H10_30,2024-06-03/2024-06-09,-794.1306763924981
MID_SKEW|FADE|H10_30,2024-06-10/2024-06-16,-653.8777550300002
MID_SKEW|FADE|H10_30,2024-06-17/2024-06-23,-238.1139736300005
MID_SKEW|FADE|H10_30,2024-06-24/2024-06-30,-832.1080882700014
MID_SKEW|FADE|H10_30,2024-07-01/2024-07-07,-152.91518197749994
MID_SKEW|FADE|H10_30,2024-07-08/2024-07-14,1059.3656324474987
MID_SKEW|FADE|H10_30,2024-07-15/2024-07-21,1544.627378927499
MID_SKEW|FADE|H10_30,2024-07-22/2024-07-28,-535.0153471424996
MID_SKEW|FADE|H10_30,2024-07-29/2024-08-04,-397.48562473500033
MID_SKEW|FADE|H10_30,2024-08-05/2024-08-11,-12.652903557500451
MID_SKEW|FADE|H10_30,2024-08-12/2024-08-18,-587.8739887475001
MID_SKEW|FADE|H10_30,2024-08-19/2024-08-25,418.7778930099997
MID_SKEW|FADE|H10_30,2024-08-26/2024-09-01,604.1062188799999
MID_SKEW|FADE|H10_30,2024-09-02/2024-09-08,-1326.3866990225008
MID_SKEW|FADE|H10_30,2024-09-16/2024-09-22,-1021.1400430975016
MID_SKEW|FADE|H10_30,2024-09-23/2024-09-29,256.7548391774997
MID_SKEW|FADE|H10_30,2024-10-14/2024-10-20,624.8906576099992
MID_SKEW|FADE|H10_30,2024-10-28/2024-11-03,-1345.1682235775008
MID_SKEW|FADE|H10_30,2024-11-04/2024-11-10,-302.5426540350008
MID_SKEW|FADE|H10_30,2024-11-11/2024-11-17,-1645.2181163400005
MID_SKEW|FADE|H10_30,2024-11-25/2024-12-01,206.73248034499898
MID_SKEW|FADE|H10_30,2024-12-02/2024-12-08,-2138.7336278950015
MID_SKEW|FADE|H10_30,2024-12-09/2024-12-15,-3913.3030077175
MID_SKEW|FADE|H10_30,2024-12-16/2024-12-22,-2560.551674027504
MID_SKEW|FADE|H10_30,2024-12-30/2025-01-05,-4316.325666382503
MID_SKEW|FADE|H10_30,2025-01-13/2025-01-19,-193.66808575000232
MID_SKEW|FADE|H10_30,2025-01-20/2025-01-26,-941.4182404550021
MID_SKEW|FADE|H10_30,2025-01-27/2025-02-02,-1922.5414064975014
MID_SKEW|FADE|H10_30,2025-02-03/2025-02-09,-502.860422882503
MID_SKEW|FADE|H10_30,2025-02-10/2025-02-16,-4268.226442390002
MID_SKEW|FADE|H10_30,2025-02-17/2025-02-23,-797.257222097501
MID_SKEW|FADE|H10_30,2025-03-03/2025-03-09,925.0027317324987
MID_SKEW|FADE|H10_30,2025-03-17/2025-03-23,146.7008314249979
MID_SKEW|FADE|H10_30,2025-03-24/2025-03-30,-753.3638199274998
MID_SKEW|FADE|H10_30,2025-03-31/2025-04-06,-548.4174331025007
MID_SKEW|FADE|H10_30,2025-04-21/2025-04-27,4962.308347907502
MID_SKEW|FADE|H10_30,2025-04-28/2025-05-04,1350.4182553849992
MID_SKEW|FADE|H10_30,2025-05-12/2025-05-18,-1344.810579507504
MID_SKEW|FADE|H10_30,2025-05-19/2025-05-25,-320.30053592500417
MID_SKEW|FADE|H10_30,2025-05-26/2025-06-01,-707.8448497924993
MID_SKEW|FADE|H10_30,2025-06-02/2025-06-08,-4681.4862623325025
MID_SKEW|FADE|H10_30,2025-06-09/2025-06-15,-2493.527395605004
MID_SKEW|FADE|H10_30,2025-06-16/2025-06-22,2608.005725144999
MID_SKEW|FADE|H10_30,2025-06-23/2025-06-29,-1244.2991706325022
MID_SKEW|FADE|H10_30,2025-06-30/2025-07-06,573.9618189599972
MID_SKEW|FADE|H10_30,2025-07-07/2025-07-13,-1764.657484045001
MID_SKEW|FADE|H10_30,2025-07-14/2025-07-20,-193.3852459825008
MID_SKEW|FADE|H10_30,2025-07-21/2025-07-27,-2341.2527624100007
MID_SKEW|FADE|H10_30,2025-07-28/2025-08-03,1790.5663827874955
MID_SKEW|FADE|H10_30,2025-08-04/2025-08-10,-2892.0608056600013
MID_SKEW|FADE|H10_30,2025-08-11/2025-08-17,172.26315501249988
MID_SKEW|FADE|H10_30,2025-08-18/2025-08-24,-1283.84076935
MID_SKEW|FADE|H10_30,2025-08-25/2025-08-31,-512.3309189150004
MID_SKEW|FADE|H10_30,2025-09-01/2025-09-07,1066.2444741325003
MID_SKEW|FADE|H10_30,2025-09-08/2025-09-14,-1108.3002002975018
MID_SKEW|FADE|H10_30,2025-09-15/2025-09-21,39.17010464500029
MID_SKEW|FADE|H10_30,2025-09-22/2025-09-28,1260.6997335625001
MID_SKEW|FADE|H10_30,2025-09-29/2025-10-05,659.2271431024986
MID_SKEW|FADE|H10_30,2025-10-06/2025-10-12,238.1498805024996
MID_SKEW|FADE|H10_30,2025-10-13/2025-10-19,312.1155829749997
MID_SKEW|FADE|H10_30,2025-11-03/2025-11-09,-6.516171927500864
MID_SKEW|FADE|H10_30,2025-11-10/2025-11-16,67.66962676750055
MID_SKEW|FADE|H10_30,2025-11-17/2025-11-23,-1205.2220811049995
MID_SKEW|FADE|H10_30,2025-11-24/2025-11-30,-1050.0709886125003
MID_SKEW|FADE|H10_30,2025-12-01/2025-12-07,1686.0489347124983
MID_SKEW|FADE|H10_30,2025-12-08/2025-12-14,-1591.843580137502
MID_SKEW|FADE|H10_30,2025-12-15/2025-12-21,2204.1849320449974
MID_SKEW|FADE|H10_30,2026-01-05/2026-01-11,-82.73725890350028
MID_SKEW|FADE|H10_30,2026-01-12/2026-01-18,-2256.0704206759992
MID_SKEW|FADE|H10_30,2026-01-19/2026-01-25,-903.3736035094998
MID_SKEW|FADE|H10_30,2026-01-26/2026-02-01,1609.9556881574986
MID_SKEW|FADE|H10_30,2026-02-02/2026-02-08,-1754.8378128325005
MID_SKEW|FADE|H10_30,2026-02-09/2026-02-15,-163.24482736950034
MID_SKEW|FADE|H10_30,2026-02-23/2026-03-01,-1809.8018513325003
MID_SKEW|FADE|H10_30,2026-03-02/2026-03-08,305.2051235324866
MID_SKEW|FADE|H10_30,2026-03-09/2026-03-15,-2137.428170170372
MID_SKEW|FADE|H10_30,2026-03-23/2026-03-29,-732.9362011473916
MID_SKEW|FADE|H10_30,2026-03-30/2026-04-05,-276.72961005490527
MID_SKEW|FADE|H10_30,2026-04-06/2026-04-12,-1123.274984987267
MID_SKEW|FADE|H10_30,2026-04-13/2026-04-19,-1040.8485359035858
MID_SKEW|FADE|H10_30,2026-04-20/2026-04-26,-1294.1227952439622
MID_SKEW|FADE|H10_30,2026-04-27/2026-05-03,-691.69328049378
MID_SKEW|FADE|H10_30,2026-05-04/2026-05-10,-87.89150669648167
MID_SKEW|FADE|H10_30,2026-05-11/2026-05-17,-2450.920567113943
MID_SKEW|FADE|H10_30,2026-05-18/2026-05-24,-897.9463211847328
MID_SKEW|FADE|H10_30,2026-06-22/2026-06-28,-724.4313736470027
MID_SKEW|FADE|H15_10,2021-09-27/2021-10-03,5.366264530000279
MID_SKEW|FADE|H15_10,2021-10-04/2021-10-10,6601.2925486899985
MID_SKEW|FADE|H15_10,2021-10-18/2021-10-24,2274.6603664799995
MID_SKEW|FADE|H15_10,2021-11-08/2021-11-14,949.8216219699991
MID_SKEW|FADE|H15_10,2021-11-15/2021-11-21,-1540.51508422
MID_SKEW|FADE|H15_10,2021-11-22/2021-11-28,2239.582393454999
MID_SKEW|FADE|H15_10,2021-11-29/2021-12-05,2764.072817935001
MID_SKEW|FADE|H15_10,2021-12-06/2021-12-12,-4628.770384885001
MID_SKEW|FADE|H15_10,2021-12-13/2021-12-19,624.4836637299995
MID_SKEW|FADE|H15_10,2021-12-20/2021-12-26,65.18796806499859
MID_SKEW|FADE|H15_10,2021-12-27/2022-01-02,-58.301804920002155
MID_SKEW|FADE|H15_10,2022-01-03/2022-01-09,-1702.4716400800012
MID_SKEW|FADE|H15_10,2022-01-10/2022-01-16,99.46056442999918
MID_SKEW|FADE|H15_10,2022-01-17/2022-01-23,3598.367732555
MID_SKEW|FADE|H15_10,2022-01-24/2022-01-30,1233.568633955001
MID_SKEW|FADE|H15_10,2022-01-31/2022-02-06,-1779.4563366550008
MID_SKEW|FADE|H15_10,2022-02-07/2022-02-13,-1812.248514765
MID_SKEW|FADE|H15_10,2022-02-14/2022-02-20,-53.76653127000168
MID_SKEW|FADE|H15_10,2022-02-21/2022-02-27,323.9103818049991
MID_SKEW|FADE|H15_10,2022-02-28/2022-03-06,-249.61695042499954
MID_SKEW|FADE|H15_10,2022-03-07/2022-03-13,1580.8023600250003
MID_SKEW|FADE|H15_10,2022-04-04/2022-04-10,-1994.9863332500004
MID_SKEW|FADE|H15_10,2022-04-11/2022-04-17,-1196.93263245
MID_SKEW|FADE|H15_10,2022-04-18/2022-04-24,-3904.900830275
MID_SKEW|FADE|H15_10,2022-04-25/2022-05-01,-524.57321736
MID_SKEW|FADE|H15_10,2022-05-02/2022-05-08,604.5994078699958
MID_SKEW|FADE|H15_10,2022-05-09/2022-05-15,1197.4584071649988
MID_SKEW|FADE|H15_10,2022-05-16/2022-05-22,689.2824467399989
MID_SKEW|FADE|H15_10,2022-05-23/2022-05-29,2520.2322499899988
MID_SKEW|FADE|H15_10,2022-05-30/2022-06-05,1801.6271757399995
MID_SKEW|FADE|H15_10,2022-06-06/2022-06-12,-569.8242751400011
MID_SKEW|FADE|H15_10,2022-06-13/2022-06-19,7388.760470610002
MID_SKEW|FADE|H15_10,2022-06-20/2022-06-26,-6177.672518830002
MID_SKEW|FADE|H15_10,2022-06-27/2022-07-03,1798.3897379199975
MID_SKEW|FADE|H15_10,2022-07-04/2022-07-10,-3355.0807916900003
MID_SKEW|FADE|H15_10,2022-07-11/2022-07-17,2151.2177350699994
MID_SKEW|FADE|H15_10,2022-07-18/2022-07-24,468.1479352199989
MID_SKEW|FADE|H15_10,2022-07-25/2022-07-31,1574.19667184
MID_SKEW|FADE|H15_10,2022-08-01/2022-08-07,-1050.1104970350011
MID_SKEW|FADE|H15_10,2022-08-15/2022-08-21,1103.705943985
MID_SKEW|FADE|H15_10,2022-08-22/2022-08-28,664.6019763799995
MID_SKEW|FADE|H15_10,2022-08-29/2022-09-04,-71.40530410000255
MID_SKEW|FADE|H15_10,2022-09-05/2022-09-11,520.8262532899994
MID_SKEW|FADE|H15_10,2022-09-12/2022-09-18,-3107.9010082100003
MID_SKEW|FADE|H15_10,2022-09-19/2022-09-25,-2064.3645883550007
MID_SKEW|FADE|H15_10,2022-09-26/2022-10-02,1624.3988343749984
MID_SKEW|FADE|H15_10,2022-10-03/2022-10-09,-814.8181301200009
MID_SKEW|FADE|H15_10,2022-10-17/2022-10-23,-409.93640345500023
MID_SKEW|FADE|H15_10,2022-10-24/2022-10-30,1577.53151688
MID_SKEW|FADE|H15_10,2022-10-31/2022-11-06,-625.721163175
MID_SKEW|FADE|H15_10,2022-11-21/2022-11-27,-1184.96820012
MID_SKEW|FADE|H15_10,2022-11-28/2022-12-04,-1500.9862567150008
MID_SKEW|FADE|H15_10,2022-12-12/2022-12-18,-4269.732629589999
MID_SKEW|FADE|H15_10,2022-12-26/2023-01-01,462.8819312599999
MID_SKEW|FADE|H15_10,2023-01-02/2023-01-08,6830.8877244549985
MID_SKEW|FADE|H15_10,2023-01-09/2023-01-15,-1581.826524765001
MID_SKEW|FADE|H15_10,2023-01-16/2023-01-22,-141.8125015050012
MID_SKEW|FADE|H15_10,2023-01-23/2023-01-29,-3555.127204585001
MID_SKEW|FADE|H15_10,2023-02-06/2023-02-12,780.2021877249997
MID_SKEW|FADE|H15_10,2023-02-20/2023-02-26,2072.5047636749996
MID_SKEW|FADE|H15_10,2023-02-27/2023-03-05,-2656.6482250750014
MID_SKEW|FADE|H15_10,2023-03-13/2023-03-19,8642.562975339999
MID_SKEW|FADE|H15_10,2023-03-20/2023-03-26,-736.9789271400011
MID_SKEW|FADE|H15_10,2023-03-27/2023-04-02,-3229.000084495
MID_SKEW|FADE|H15_10,2023-04-10/2023-04-16,-2189.2740956199996
MID_SKEW|FADE|H15_10,2023-04-17/2023-04-23,-837.8754277499999
MID_SKEW|FADE|H15_10,2023-04-24/2023-04-30,-3311.2824664500004
MID_SKEW|FADE|H15_10,2023-05-01/2023-05-07,-262.23339921499996
MID_SKEW|FADE|H15_10,2023-05-08/2023-05-14,1265.9053210399982
MID_SKEW|FADE|H15_10,2023-05-15/2023-05-21,3154.424308344999
MID_SKEW|FADE|H15_10,2023-05-22/2023-05-28,-214.0873140500007
MID_SKEW|FADE|H15_10,2023-06-05/2023-06-11,-335.00265909999973
MID_SKEW|FADE|H15_10,2023-06-19/2023-06-25,873.4909171149995
MID_SKEW|FADE|H15_10,2023-06-26/2023-07-02,-1470.065011665
MID_SKEW|FADE|H15_10,2023-07-10/2023-07-16,1388.9829685399986
MID_SKEW|FADE|H15_10,2023-07-17/2023-07-23,-4035.202480555
MID_SKEW|FADE|H15_10,2023-07-24/2023-07-30,-644.57809657
MID_SKEW|FADE|H15_10,2023-07-31/2023-08-06,-1107.7238924450005
MID_SKEW|FADE|H15_10,2023-08-07/2023-08-13,491.5698226049997
MID_SKEW|FADE|H15_10,2023-08-14/2023-08-20,2466.969067244999
MID_SKEW|FADE|H15_10,2023-08-28/2023-09-03,756.7216749499996
MID_SKEW|FADE|H15_10,2023-09-11/2023-09-17,-1146.391667485001
MID_SKEW|FADE|H15_10,2023-09-25/2023-10-01,2959.10239382
MID_SKEW|FADE|H15_10,2023-10-02/2023-10-08,-109.71786805000033
MID_SKEW|FADE|H15_10,2023-10-09/2023-10-15,-554.0423947450016
MID_SKEW|FADE|H15_10,2023-10-16/2023-10-22,2767.518916969999
MID_SKEW|FADE|H15_10,2023-10-23/2023-10-29,-2826.13411686
MID_SKEW|FADE|H15_10,2023-10-30/2023-11-05,1373.8758525649996
MID_SKEW|FADE|H15_10,2023-11-06/2023-11-12,1422.5645792200003
MID_SKEW|FADE|H15_10,2023-11-13/2023-11-19,-1779.3042997500006
MID_SKEW|FADE|H15_10,2023-12-04/2023-12-10,-2150.9746224100004
MID_SKEW|FADE|H15_10,2023-12-11/2023-12-17,-907.6310028499996
MID_SKEW|FADE|H15_10,2023-12-18/2023-12-24,5237.600606274999
MID_SKEW|FADE|H15_10,2023-12-25/2023-12-31,-2239.60392081
MID_SKEW|FADE|H15_10,2024-01-08/2024-01-14,242.4488366649989
MID_SKEW|FADE|H15_10,2024-01-15/2024-01-21,-278.77976929000056
MID_SKEW|FADE|H15_10,2024-01-22/2024-01-28,3579.103792369999
MID_SKEW|FADE|H15_10,2024-01-29/2024-02-04,377.05185994999965
MID_SKEW|FADE|H15_10,2024-02-05/2024-02-11,6802.181332210001
MID_SKEW|FADE|H15_10,2024-02-12/2024-02-18,-2785.015967155
MID_SKEW|FADE|H15_10,2024-02-19/2024-02-25,-111.62293527000101
MID_SKEW|FADE|H15_10,2024-02-26/2024-03-03,-2526.5740205399998
MID_SKEW|FADE|H15_10,2024-03-11/2024-03-17,831.358646209997
MID_SKEW|FADE|H15_10,2024-03-18/2024-03-24,-1971.0904668499998
MID_SKEW|FADE|H15_10,2024-04-01/2024-04-07,477.1562620349995
MID_SKEW|FADE|H15_10,2024-04-08/2024-04-14,-3619.3573649300006
MID_SKEW|FADE|H15_10,2024-04-15/2024-04-21,2558.249351229999
MID_SKEW|FADE|H15_10,2024-04-22/2024-04-28,205.52042610499927
MID_SKEW|FADE|H15_10,2024-04-29/2024-05-05,47.497735199999596
MID_SKEW|FADE|H15_10,2024-05-06/2024-05-12,1743.232823499999
MID_SKEW|FADE|H15_10,2024-05-13/2024-05-19,229.48183090999896
MID_SKEW|FADE|H15_10,2024-05-27/2024-06-02,56.71540747000137
MID_SKEW|FADE|H15_10,2024-06-03/2024-06-09,-1754.819028302499
MID_SKEW|FADE|H15_10,2024-06-10/2024-06-16,-867.0023853225002
MID_SKEW|FADE|H15_10,2024-06-17/2024-06-23,567.9536432274996
MID_SKEW|FADE|H15_10,2024-06-24/2024-06-30,-1611.2487544250014
MID_SKEW|FADE|H15_10,2024-07-01/2024-07-07,337.93970290999994
MID_SKEW|FADE|H15_10,2024-07-08/2024-07-14,48.37154596749963
MID_SKEW|FADE|H15_10,2024-07-15/2024-07-21,4412.868266224999
MID_SKEW|FADE|H15_10,2024-07-22/2024-07-28,-1452.3595124950002
MID_SKEW|FADE|H15_10,2024-07-29/2024-08-04,-776.2741896650001
MID_SKEW|FADE|H15_10,2024-08-05/2024-08-11,-328.10830845249916
MID_SKEW|FADE|H15_10,2024-08-12/2024-08-18,93.88633622999987
MID_SKEW|FADE|H15_10,2024-08-19/2024-08-25,68.20335093499966
MID_SKEW|FADE|H15_10,2024-08-26/2024-09-01,1426.8815509674998
MID_SKEW|FADE|H15_10,2024-09-02/2024-09-08,-1712.7599321825
MID_SKEW|FADE|H15_10,2024-09-16/2024-09-22,-2157.949590372501
MID_SKEW|FADE|H15_10,2024-09-23/2024-09-29,-189.0966409625003
MID_SKEW|FADE|H15_10,2024-10-14/2024-10-20,-338.6961814200007
MID_SKEW|FADE|H15_10,2024-10-28/2024-11-03,-2744.9832063475005
MID_SKEW|FADE|H15_10,2024-11-04/2024-11-10,-138.9871026175009
MID_SKEW|FADE|H15_10,2024-11-11/2024-11-17,438.02172214250083
MID_SKEW|FADE|H15_10,2024-11-25/2024-12-01,12580.668435192503
MID_SKEW|FADE|H15_10,2024-12-02/2024-12-08,-2857.269984407501
MID_SKEW|FADE|H15_10,2024-12-09/2024-12-15,2173.047198777502
MID_SKEW|FADE|H15_10,2024-12-16/2024-12-22,-4667.128134910001
MID_SKEW|FADE|H15_10,2024-12-30/2025-01-05,-5718.828661372503
MID_SKEW|FADE|H15_10,2025-01-13/2025-01-19,-4432.6036373125025
MID_SKEW|FADE|H15_10,2025-01-20/2025-01-26,-2704.6270397000017
MID_SKEW|FADE|H15_10,2025-01-27/2025-02-02,-2317.0739600075012
MID_SKEW|FADE|H15_10,2025-02-03/2025-02-09,-3001.92678631
MID_SKEW|FADE|H15_10,2025-02-10/2025-02-16,-4558.053923575
MID_SKEW|FADE|H15_10,2025-02-17/2025-02-23,-3356.239710797502
MID_SKEW|FADE|H15_10,2025-03-03/2025-03-09,556.6969897149974
MID_SKEW|FADE|H15_10,2025-03-17/2025-03-23,600.5210774449979
MID_SKEW|FADE|H15_10,2025-03-24/2025-03-30,3652.7773629625003
MID_SKEW|FADE|H15_10,2025-03-31/2025-04-06,-1861.0557049700003
MID_SKEW|FADE|H15_10,2025-04-21/2025-04-27,3467.7177073300018
MID_SKEW|FADE|H15_10,2025-04-28/2025-05-04,3917.180943665
MID_SKEW|FADE|H15_10,2025-05-12/2025-05-18,-1019.0639002550032
MID_SKEW|FADE|H15_10,2025-05-19/2025-05-25,2237.724861964999
MID_SKEW|FADE|H15_10,2025-05-26/2025-06-01,-1824.0718515800004
MID_SKEW|FADE|H15_10,2025-06-02/2025-06-08,-9802.334450865003
MID_SKEW|FADE|H15_10,2025-06-09/2025-06-15,-1582.5485499825015
MID_SKEW|FADE|H15_10,2025-06-16/2025-06-22,-1755.8542578675024
MID_SKEW|FADE|H15_10,2025-06-23/2025-06-29,-383.6048126275027
MID_SKEW|FADE|H15_10,2025-06-30/2025-07-06,2116.203703207497
MID_SKEW|FADE|H15_10,2025-07-07/2025-07-13,147.13903892749929
MID_SKEW|FADE|H15_10,2025-07-14/2025-07-20,-2516.721812409999
MID_SKEW|FADE|H15_10,2025-07-21/2025-07-27,-4758.81323721
MID_SKEW|FADE|H15_10,2025-07-28/2025-08-03,-3536.4850580950033
MID_SKEW|FADE|H15_10,2025-08-04/2025-08-10,-5502.693199645002
MID_SKEW|FADE|H15_10,2025-08-11/2025-08-17,-3073.823149415
MID_SKEW|FADE|H15_10,2025-08-18/2025-08-24,-2259.9514232975
MID_SKEW|FADE|H15_10,2025-08-25/2025-08-31,-2586.348447140001
MID_SKEW|FADE|H15_10,2025-09-01/2025-09-07,4300.728199614999
MID_SKEW|FADE|H15_10,2025-09-08/2025-09-14,-557.864819690001
MID_SKEW|FADE|H15_10,2025-09-15/2025-09-21,-484.8572053399996
MID_SKEW|FADE|H15_10,2025-09-22/2025-09-28,-1936.8449594975
MID_SKEW|FADE|H15_10,2025-09-29/2025-10-05,645.2940868625001
MID_SKEW|FADE|H15_10,2025-10-06/2025-10-12,-1972.66456187
MID_SKEW|FADE|H15_10,2025-10-13/2025-10-19,136.6447289724993
MID_SKEW|FADE|H15_10,2025-11-03/2025-11-09,3119.7617884074984
MID_SKEW|FADE|H15_10,2025-11-10/2025-11-16,-2998.7828378599997
MID_SKEW|FADE|H15_10,2025-11-17/2025-11-23,-2031.3775990324998
MID_SKEW|FADE|H15_10,2025-11-24/2025-11-30,739.4193968524997
MID_SKEW|FADE|H15_10,2025-12-01/2025-12-07,7160.382433262495
MID_SKEW|FADE|H15_10,2025-12-08/2025-12-14,-8019.6253548225
MID_SKEW|FADE|H15_10,2025-12-15/2025-12-21,1608.2405447449999
MID_SKEW|FADE|H15_10,2026-01-05/2026-01-11,-299.39378789499995
MID_SKEW|FADE|H15_10,2026-01-12/2026-01-18,292.8404277039997
MID_SKEW|FADE|H15_10,2026-01-19/2026-01-25,-3262.2497198529995
MID_SKEW|FADE|H15_10,2026-01-26/2026-02-01,-1096.0430160045044
MID_SKEW|FADE|H15_10,2026-02-02/2026-02-08,1571.0423102784998
MID_SKEW|FADE|H15_10,2026-02-09/2026-02-15,-1441.4078651054995
MID_SKEW|FADE|H15_10,2026-02-23/2026-03-01,-3126.7163791705
MID_SKEW|FADE|H15_10,2026-03-02/2026-03-08,585.2855392805432
MID_SKEW|FADE|H15_10,2026-03-09/2026-03-15,-6245.074532733494
MID_SKEW|FADE|H15_10,2026-03-23/2026-03-29,-3034.303878013701
MID_SKEW|FADE|H15_10,2026-03-30/2026-04-05,3894.102081825781
MID_SKEW|FADE|H15_10,2026-04-06/2026-04-12,-1806.8679907093867
MID_SKEW|FADE|H15_10,2026-04-13/2026-04-19,-514.2733729223814
MID_SKEW|FADE|H15_10,2026-04-20/2026-04-26,-2239.0580583187516
MID_SKEW|FADE|H15_10,2026-04-27/2026-05-03,1523.0227724652418
MID_SKEW|FADE|H15_10,2026-05-04/2026-05-10,-785.1222037383213
MID_SKEW|FADE|H15_10,2026-05-11/2026-05-17,-1018.5741088911973
MID_SKEW|FADE|H15_10,2026-05-18/2026-05-24,5738.073802040752
MID_SKEW|FADE|H15_10,2026-06-22/2026-06-28,222.9462954348026
