trade_date,open_0915,close_1510,prior_date,prior_close_1510,overnight_gap,rv20,prior_expiry,prior_atm_strike,ce_iv_1510,pe_iv_1510,atm_iv_1510,implied_session_move,gap_ratio,gap_ratio_z_mean,gap_ratio_z_std,gap_ratio_z,iv_rv_ratio,feature_eligible,prior_information_violation
2021-07-01,15755.55,15671.65,,,,,,,,,,,,,,,,False,False
2021-07-02,15711.2,15714.65,2021-07-01,15671.65,0.002523665344746684,,2021-07-08,15650.0,0.11987022216497276,0.10085570603875105,0.1103629641018619,0.00695221326108275,0.3630017161403423,,,,,False,False
2021-07-05,15796.4,15831.05,2021-07-02,15714.65,0.005202152131927873,,2021-07-08,15700.0,0.09280415412089826,0.09542280935000755,0.0941134817354529,0.005928592087867332,0.8774683862251048,,,,,False,False
2021-07-06,15821.85,15813.25,2021-07-05,15831.05,-0.0005811364375704064,,2021-07-08,15850.0,0.10536198811284289,0.1039577712239603,0.1046598796684016,0.006592952710679424,0.08814509417443077,,,,,False,False
2021-07-07,15823.1,15880.9,2021-07-06,15813.25,0.0006228953567419815,,2021-07-08,15800.0,0.11210263338388751,0.10909813230780224,0.11060038284584488,0.006967169236158089,0.08940436720114252,,,,,False,False
2021-07-08,15867.65,15716.9,2021-07-07,15880.9,-0.0008343355855147117,,2021-07-08,15900.0,0.1039081147791098,0.12436881371885158,0.11413846424898069,0.007190047414991419,0.11604034540510849,,,,,False,False
2021-07-09,15694.55,15690.25,2021-07-08,15716.9,-0.0014220361521674052,,2021-07-15,15700.0,0.12788679799218383,0.12269657393723338,0.1252916859647086,0.00789263434301478,0.18017256220997366,,,,,False,False
2021-07-12,15769.6,15690.6,2021-07-09,15690.25,0.005057280795398356,,2021-07-15,15700.0,0.12467062623860847,0.09291038272641836,0.10879050448251341,0.00685315761585686,0.7379489979475741,,,,,False,False
2021-07-13,15796.25,15812.15,2021-07-12,15690.6,0.006733330784036262,,2021-07-15,15700.0,0.13015488541315223,0.11501793316154213,0.12258640928734718,0.007722217930730937,0.871942600485367,,,,,False,False
2021-07-14,15811.65,15866.5,2021-07-13,15812.15,-3.162125327671461e-05,,2021-07-15,15800.0,0.12441347822273294,0.10715753098217093,0.11578550460245193,0.0072938012048622,0.0043353599019994166,,,,,False,False
2021-07-15,15878.15,15926.85,2021-07-14,15866.5,0.0007342514102037789,,2021-07-15,15850.0,0.10750862197294003,0.12333470603023114,0.11542166400158559,0.007270881401367899,0.10098519968509477,,,,,False,False
2021-07-16,15948.8,15927.85,2021-07-15,15926.85,0.001378175847703611,,2021-07-22,15950.0,0.10336380562548228,0.09868706586989492,0.1010254357476886,0.006364004263817112,0.21655797051226125,,,,,False,False
2021-07-19,15755.65,15748.0,2021-07-16,15927.85,-0.010811251989439885,,2021-07-22,15950.0,0.09386888987863762,0.08843981666124764,0.09115435326994263,0.0057421845160284665,1.8827768350637044,,,,,False,False
2021-07-20,15717.25,15640.0,2021-07-19,15748.0,-0.001952628905257825,,2021-07-22,15750.0,0.11384195245297851,0.11524330678401765,0.11454262961849808,0.007215507440141122,0.2706156041631959,,,,,False,False
2021-07-22,15746.75,15821.3,2021-07-20,15640.0,0.0068254475703324324,,2021-07-22,15650.0,0.12005076755462982,0.10101127652493025,0.11053102203978003,0.00696279991607279,0.9802734033153393,,,,,False,False
2021-07-23,15857.1,15866.1,2021-07-22,15821.3,0.002262772338556429,,2021-07-29,15800.0,0.09833548879056064,0.10097857249175543,0.09965703064115804,0.006277802844658285,0.3604401722302888,,,,,False,False
2021-07-26,15849.6,15829.45,2021-07-23,15866.1,-0.0010399531075689916,,2021-07-29,15850.0,0.09628142115320273,0.09659032121114428,0.0964358711821735,0.006074888871759322,0.17118882822753848,,,,,False,False
2021-07-27,15860.95,15748.35,2021-07-26,15829.45,0.0019899617485130694,,2021-07-29,15850.0,0.11707460700710881,0.12154743635027779,0.1193110216786933,0.007515887905496633,0.2647673533100115,,,,,False,False
2021-07-28,15767.5,15717.55,2021-07-27,15748.35,0.001216000406391693,,2021-07-29,15750.0,0.11832242815237412,0.14585800685962774,0.13209021750600092,0.008320901574888307,0.14613805913309527,,,,,False,False
2021-07-29,15770.9,15770.8,2021-07-28,15717.55,0.0033942949123750843,,2021-07-29,15700.0,0.1361855088315096,0.14215828672588204,0.13917189777869582,0.008767005500269801,0.387166965079539,,,,,False,False
2021-07-30,15801.0,15757.2,2021-07-29,15770.8,0.00191493139219312,,2021-08-05,15750.0,0.11508678277623116,0.09809507241412704,0.1065909275951791,0.006714597296012761,0.28518931333830516,,,,,False,False
2021-08-02,15876.9,15884.25,2021-07-30,15757.2,0.007596527301804823,0.09218094896664725,2021-08-05,15750.0,0.10468578841286708,0.10530595512351393,0.1049958717681905,0.006614118223501421,1.1485321315867452,,,,1.139019211075598,False,False
2021-08-03,15951.6,16128.0,2021-08-02,15884.25,0.004240049105245891,0.09591818742394156,2021-08-05,15900.0,0.10396526373279227,0.12105655404930729,0.11251090889104978,0.007087521064465802,0.5982414819906388,,,,1.1729882717004576,False,False
2021-08-04,16196.35,16263.05,2021-08-03,16128.0,0.004237971230158788,0.10694549881613179,2021-08-05,16150.0,0.11934410789241581,0.1525827960547047,0.13596345197356025,0.008564892412283679,0.4948072930934584,,,,1.2713340297502203,False,False
2021-08-05,16293.25,16305.8,2021-08-04,16263.05,0.0018569702485080608,0.10977747186359418,2021-08-05,16250.0,0.11418090310262793,0.14702758368006003,0.13060424339134397,0.008227294004363029,0.22570850725928698,,,,1.1897180830838265,False,False
2021-08-06,16307.15,16231.0,2021-08-05,16305.8,8.279262593680059e-05,0.10936447780829749,2021-08-12,16300.0,0.10839049449090118,0.12131579168569312,0.11485314308829715,0.007235067950136934,0.011443240962959253,,,,1.0501869106861244,False,False
2021-08-09,16275.05,16267.25,2021-08-06,16231.0,0.0027139424557944825,0.10295071605131464,2021-08-12,16250.0,0.10041096759269222,0.10572251118563966,0.10306673938916594,0.006492594306334245,0.41800585832796155,,,,1.0011269794159903,False,False
2021-08-10,16282.05,16292.05,2021-08-09,16267.25,0.0009098034394257049,0.10220908199837968,2021-08-12,16250.0,0.11337139763283219,0.12641274348798714,0.11989207056040967,0.007552490544558388,0.12046402892635508,,,,1.1730079971005933,False,False
2021-08-11,16327.75,16287.5,2021-08-10,16292.05,0.002191252788936948,0.10199615836562406,2021-08-12,16300.0,0.10784404982839924,0.13252396248990372,0.12018400615915148,0.007570880758680235,0.28943168685157444,,,,1.1783189493111075,False,False
2021-08-12,16318.95,16360.0,2021-08-11,16287.5,0.0019309286262472192,0.09985266578799742,2021-08-12,16300.0,0.11628443509138431,0.13450474284010466,0.12539458896574449,0.00789911662277438,0.24444867932194494,,,,1.2557961069559875,False,False
2021-08-13,16391.6,16530.3,2021-08-12,16360.0,0.0019315403422981436,0.10017783220124117,2021-08-18,16350.0,0.09235383413169929,0.1115392317365197,0.10194653293410949,0.006422027932593087,0.3007679758749081,,,,1.017655609968833,False,False
2021-08-16,16520.35,16570.4,2021-08-13,16530.3,-0.0006019249499404911,0.10478586091980387,2021-08-18,16550.0,0.09533780754001708,0.1163181533122225,0.1058279804261198,0.006666536141898198,0.09029051026326572,,,,1.0099452301786545,False,False
2021-08-17,16547.55,16615.95,2021-08-16,16570.4,-0.0013789649012698746,0.10457730815793277,2021-08-18,16550.0,0.12133822331261945,0.14064836852975549,0.13099329592118747,0.008251802010098896,0.1671107595143752,,,,1.2525977023941106,False,False
2021-08-18,16664.35,16579.95,2021-08-17,16615.95,0.0029128638446791477,0.09203258864170705,2021-08-18,16600.0,0.10415155448405072,0.1394901046096873,0.12182082954686901,0.007673990940204874,0.3795761380715654,,,,1.323670575225596,False,False
2021-08-20,16402.65,16473.2,2021-08-18,16579.95,-0.010693639003736433,0.08693452476699395,2021-08-26,16600.0,0.0997248271450892,0.09865049526844746,0.09918766120676833,0.006248235349505661,1.7114654627378076,,,,1.1409467236706685,False,False
2021-08-23,16592.5,16504.4,2021-08-20,16473.2,0.007242065900978423,0.08668385194569052,2021-08-26,16450.0,0.11222005683854283,0.12216941032070824,0.11719473357962554,0.00738257428614666,0.980967562299793,,,,1.3519788397618833,False,False
2021-08-24,16566.4,16629.1,2021-08-23,16504.4,0.0037565740045077956,0.08663344968515588,2021-08-26,16500.0,0.1269243818544747,0.13219134660728094,0.1295578642308778,0.008161378313037457,0.460286713888367,,,,1.4954716071184775,False,False
2021-08-25,16657.25,16634.4,2021-08-24,16629.1,0.0016928156063769073,0.08721753062999589,2021-08-26,16650.0,0.10840119439446622,0.1174254496574178,0.11291332202594201,0.00711287070920939,0.23799330475459565,,,,1.2946172771728166,False,False
2021-08-26,16632.35,16641.1,2021-08-25,16634.4,-0.00012323858991025727,0.08295931801723173,2021-08-26,16650.0,0.1095852219345538,0.1308230932542298,0.1202041575943918,0.0075721501797804,0.01627524375300112,,,,1.4489530587682005,False,False
2021-08-27,16646.8,16715.5,2021-08-26,16641.1,0.00034252543401591673,0.08159479026560253,2021-09-02,16650.0,0.09829159613991362,0.10986920450328702,0.10408040032160032,0.006556448943023845,0.052242522895014486,,,,1.2755765408894852,False,False
2021-08-30,16776.45,16926.45,2021-08-27,16715.5,0.003646316293260732,0.08177605158553435,2021-09-02,16700.0,0.10383109400044338,0.11402237309106847,0.10892673354575592,0.006861739240206359,0.5313982600643206,,,,1.3320126300280357,False,False
2021-08-31,16947.8,17135.75,2021-08-30,16926.45,0.0012613395011948914,0.0873096015451157,2021-09-02,16950.0,0.10634615913541912,0.1380295633128637,0.12218786122414141,0.007697111762617867,0.16387179244567665,,,,1.3994779389870766,False,False
2021-09-01,17165.15,17076.8,2021-08-31,17135.75,0.0017157113053121176,0.09146339147947408,2021-09-02,17150.0,0.12405273238300277,0.1669977968895729,0.14552526463628784,0.00916722999296381,0.187157004529066,,,,1.5910766294834602,False,False
2021-09-02,17102.25,17233.2,2021-09-01,17076.8,0.0014903260564040899,0.0840609683635207,2021-09-02,17100.0,0.11870145848049635,0.11827399747196948,0.11848772797623291,0.007464025277099591,0.19966787371106123,,,,1.4095451228188818,False,False
2021-09-03,17267.3,17324.45,2021-09-02,17233.2,0.0019787387136456225,0.08478500109709322,2021-09-09,17250.0,0.11551898551759973,0.11993181919476445,0.11772540235618209,0.007416003276892268,0.26682009699365017,,,,1.3885168465276838,False,False
2021-09-06,17399.45,17381.1,2021-09-03,17324.45,0.004329141762076105,0.0851929388821323,2021-09-09,17300.0,0.1131964404058152,0.11801230849612701,0.1156043744509711,0.007282391077820445,0.5944670803606141,,,,1.3569713167298314,False,False
2021-09-07,17403.65,17365.85,2021-09-06,17381.1,0.0012973862413772075,0.08027643482275179,2021-09-09,17400.0,0.14973743172880477,0.1365255045391307,0.14313146813396774,0.00901643498738202,0.1438912655825528,,,,1.7829823714767374,False,False
2021-09-08,17377.05,17349.3,2021-09-07,17365.85,0.000644943956097821,0.08164485855866367,2021-09-09,17350.0,0.13099175421385845,0.13655599069552465,0.13377387245469155,0.008426961867456846,0.0765333896416998,,,,1.6384849556518248,False,False
2021-09-09,17319.85,17370.95,2021-09-08,17349.3,-0.0016974748260737416,0.08281879594060884,2021-09-09,17350.0,0.12938552882796828,0.12609593730940205,0.12774073306868516,0.008046909809352992,0.21094741537934872,,,,1.5424123427282235,False,False
2021-09-13,17348.05,17358.35,2021-09-09,17370.95,-0.0013182928970494334,0.0821519945624645,2021-09-16,17350.0,0.10000504108507546,0.10794914008718928,0.10397709058613237,0.006549941041403368,0.20126790282786736,,,,1.2656672688217339,False,False
2021-09-14,17425.7,17376.3,2021-09-13,17358.35,0.003879977071553631,0.0831864472226414,2021-09-16,17350.0,0.12446748161093019,0.12812667643966008,0.12629707902529513,0.007955968152733401,0.48768132263332425,,,,1.5182410505796915,False,False
2021-09-15,17404.05,17515.05,2021-09-14,17376.3,0.0015970028141778503,0.07861037611756619,2021-09-16,17400.0,0.12303548154840943,0.10790101036993796,0.1154682459591737,0.007273815788876487,0.21955502593564075,,,,1.4688677457347934,False,False
2021-09-16,17552.5,17639.7,2021-09-15,17515.05,0.0021381611813839907,0.08097239562976355,2021-09-16,17500.0,0.12587543106763416,0.10433340816297826,0.11510441961530621,0.007250896883488695,0.2948823043191915,,,,1.4215266662185368,False,False
2021-09-17,17710.65,17577.5,2021-09-16,17639.7,0.0040221772479123175,0.0824157069781367,2021-09-23,17650.0,0.10583022430853345,0.12280276712321,0.11431649571587173,0.00720126234325184,0.558537802984142,,,,1.3870717112964606,False,False
2021-09-20,17451.75,17403.6,2021-09-17,17577.5,-0.007154032143365074,0.08367918022349409,2021-09-23,17600.0,0.12372694720241081,0.10985325400238705,0.11679010060239893,0.007357084804480058,0.9724003913898973,,,,1.395688871359288,False,False
2021-09-21,17427.0,17544.25,2021-09-20,17403.6,0.0013445494035717598,0.08950955154285356,2021-09-23,17400.0,0.1840274566629846,0.18307624243943532,0.18355184955120996,0.011562679680915339,0.11628354677947118,,,,2.0506398075666006,False,False
2021-09-22,17586.55,17544.4,2021-09-21,17544.25,0.0024110463542186267,0.09138522007869271,2021-09-23,17550.0,0.155472852007986,0.14883509558911645,0.15215397379855122,0.009584799420504863,0.2515489629402833,,,,1.664973544600866,False,False
2021-09-23,17675.95,17835.0,2021-09-22,17544.4,0.0074981190579330725,0.09039914791559903,2021-09-23,17550.0,0.19641153234518005,0.14827114015308912,0.17234133624913459,0.01085648372218503,0.6906581587379715,,,,1.906448680357482,False,False
2021-09-24,17902.5,17857.95,2021-09-23,17835.0,0.003784693019343921,0.10233211400683521,2021-09-30,17850.0,0.14104511626230914,0.13754524337098867,0.1392951798166489,0.008774771538687541,0.43131527728755026,,,,1.3612069013579136,False,False
2021-09-27,17933.2,17868.65,2021-09-24,17857.95,0.004213809535809077,0.10202371969301198,2021-09-30,17850.0,0.13353254459293107,0.1288822558327436,0.13120740021283733,0.008265289312725972,0.509819968348975,,,,1.2860479955802304,False,False
2021-09-28,17900.45,17764.15,2021-09-27,17868.65,0.0017796531914833214,0.10248704728295886,2021-09-30,17850.0,0.15058325121985677,0.15801797592098982,0.1543006135704233,0.009720025015524244,0.1830914209213418,,,,1.5055620945387485,False,False
2021-09-29,17658.1,17708.65,2021-09-28,17764.15,-0.005969888792877964,0.10131702181694527,2021-09-30,17750.0,0.1601789287864543,0.16227404993811467,0.16122648936228448,0.010156314181157273,0.587800720457598,0.39390690833227804,0.3773201017148952,0.5138708784506452,1.5913070328259427,True,False
2021-09-30,17727.4,17628.8,2021-09-29,17708.65,0.0010588045954942338,0.09596382517838582,2021-09-30,17700.0,0.16905335960048934,0.17846906642865168,0.1737612130145705,0.010945927551082703,0.09673045893579876,0.3976535584042322,0.3781232541990921,-0.7958333589025691,1.810694943553659,True,False
2021-10-01,17536.5,17542.25,2021-09-30,17628.8,-0.005235750589943633,0.09678920052764527,2021-10-07,17650.0,0.17026009951555854,0.15290951423341104,0.1615848068744848,0.010178886062768734,0.5143736316191233,0.3846412596160772,0.37475026202119593,0.34618353914775496,1.6694507857654262,True,False
2021-10-04,17616.25,17692.85,2021-10-01,17542.25,0.004218387037010718,0.09510369397344474,2021-10-07,17550.0,0.1434484297962948,0.14344842979629507,0.14344842979629494,0.00903640169532629,0.4668215490234909,0.3917450685734887,0.37307063993102385,0.20123931613563295,1.508337098203033,True,False
2021-10-05,17665.1,17828.4,2021-10-04,17692.85,-0.0015684301850747984,0.0977963090063888,2021-10-07,17700.0,0.16107984307157092,0.1388567699550169,0.1499683065132939,0.009447115323230566,0.166022127539611,0.3980353549371945,0.37106290198157454,-0.6252665684404751,1.533476140735504,True,False
2021-10-06,17867.4,17658.7,2021-10-05,17828.4,0.002187521033855999,0.10031593807755272,2021-10-07,17850.0,0.14245696334063668,0.13178829338427472,0.1371226283624557,0.00863791366110928,0.2532464573829831,0.39886838463943625,0.37047473603494613,-0.3930684418996844,1.3669077017098548,True,False
2021-10-07,17814.45,17791.0,2021-10-06,17658.7,0.00882001506339658,0.10724253741074324,2021-10-07,17650.0,0.15583439137429939,0.18173651222712145,0.16878545180071042,0.010632484056913307,0.8295347555834567,0.4000862828923197,0.36986321701522284,1.1611007878987376,1.5738666379578032,True,False
2021-10-08,17891.95,17892.55,2021-10-07,17791.0,0.005674217300882578,0.10951648479238693,2021-10-14,17800.0,0.13682532461156782,0.11756105457929839,0.1271931895954331,0.008012417812633434,0.7081779100355775,0.4016127121862511,0.3714667249289968,0.8252830664924944,1.1614067949364548,True,False
2021-10-11,17867.95,17958.55,2021-10-08,17892.55,-0.0013748739000308818,0.11063750594115605,2021-10-14,17900.0,0.12241587356929473,0.11777653279932332,0.12009620318430902,0.0075653496911610735,0.18173302704529398,0.3988833006787546,0.3685424606200578,-0.5892137184630343,1.0854926831790994,True,False
2021-10-12,17930.3,17983.3,2021-10-11,17958.55,-0.0015730668678707316,0.11056760639698106,2021-10-14,17950.0,0.16319848905851603,0.13552543718521598,0.149361963121866,0.009408919279829953,0.1671889003493674,0.40183992846447614,0.3660265535521223,-0.6410765170939827,1.3508654839248124,True,False
2021-10-13,18098.85,18158.05,2021-10-12,17983.3,0.006425405793152539,0.11054587083505692,2021-10-14,18000.0,0.1464235943891895,0.15169393818094307,0.14905876628506629,0.009389819674390109,0.6842949083119516,0.40294332347554734,0.36520310867908,0.770397562753608,1.348388367282154,True,False
2021-10-14,18286.75,18341.15,2021-10-13,18158.05,0.007087765481425645,0.11200498613413148,2021-10-14,18150.0,0.14771407930784686,0.1474516711886651,0.14758287524825597,0.009296847278065599,0.7623837704797063,0.4107389391055422,0.3661480260502838,0.9603898050944895,1.3176455829521574,True,False
2021-10-18,18502.5,18482.05,2021-10-14,18341.15,0.008797158302505492,0.11433404882060305,2021-10-21,18350.0,0.11800701825859822,0.10523615815499657,0.11162158820679739,0.007031499127172525,1.2511070745226653,0.3920657213624755,0.3147674799199193,2.7291299386415027,0.9762760031522921,True,False
2021-10-19,18604.45,18417.5,2021-10-18,18482.05,0.006622641968829335,0.11410181697654095,2021-10-21,18500.0,0.1613968844444888,0.14135617422007812,0.15137652933228346,0.009535825022507058,0.6945012050030444,0.4084072458684667,0.3332636409550367,0.8584613620457231,1.3266793934000727,True,False
2021-10-20,18447.35,18254.05,2021-10-19,18417.5,0.0016207411429345342,0.10688767217286232,2021-10-21,18400.0,0.19095213143338047,0.17119605797098747,0.18107409470218397,0.011406595796622312,0.14208806657411877,0.40364437589659513,0.3269342017502926,-0.8000273691837513,1.6940596705047977,True,False
2021-10-21,18384.2,18154.25,2021-10-20,18254.05,0.007129924592076842,0.11268350060251932,2021-10-21,18250.0,0.23311152565454968,0.13953902147522573,0.1863252735648877,0.01173738897187548,0.6074540606229542,0.40000517413565895,0.32863412339551834,0.6312457280573568,1.6535275578820805,True,False
2021-10-22,18235.35,18116.85,2021-10-21,18154.25,0.004467273503449443,0.11561113070238843,2021-10-28,18150.0,0.16921826873759305,0.14192025025105975,0.1555692594943264,0.009799942196868134,0.45584692375809055,0.4072762613422492,0.32831177912281845,0.1479406634316081,1.3456252745663395,True,False
2021-10-25,18241.4,18125.65,2021-10-22,18116.85,0.006874815434250614,0.10203212673241517,2021-10-28,18100.0,0.16168059960635217,0.13290490893958073,0.14729275427296645,0.009278571374476562,0.7409346931534971,0.4104609208497172,0.32783239391092983,1.0080571000362086,1.443591925308484,True,False
2021-10-26,18160.15,18260.1,2021-10-25,18125.65,0.0019033800167167492,0.10202146369457867,2021-10-28,18150.0,0.1992574893382873,0.16683193639002414,0.18304471286415572,0.011530733072470989,0.165070165509335,0.4203741980833906,0.328695948997865,-0.7767179162153711,1.7941784624080293,True,False
2021-10-27,18304.6,18229.05,2021-10-26,18260.1,0.002437007464362262,0.10471099447068843,2021-10-28,18250.0,0.20394793533727473,0.13677676783851384,0.17036235158789428,0.010731819406421858,0.2270824146466694,0.4166725847572206,0.33032279791754987,-0.5739542390225024,1.6269767319952588,True,False
2021-10-28,18188.85,17867.15,2021-10-27,18229.05,-0.0022052712565931998,0.10205957077705745,2021-10-28,18250.0,0.18430399692431376,0.1639360449444156,0.17412002093436468,0.010968530325468795,0.2010543975497416,0.4157041364456934,0.330799652794077,-0.6488813911469591,1.7060626417361546,True,False
2021-10-29,17833.4,17675.9,2021-10-28,17867.15,-0.0018889414372186275,0.12613843040223033,2021-11-11,17850.0,,,,,,,,,,False,False
2021-11-01,17788.1,17926.15,2021-10-29,17675.9,0.006347625863463602,0.13120060120930435,2021-11-11,17700.0,,,,,,,,,,False,False
2021-11-02,17969.95,17887.65,2021-11-01,17926.15,0.0024433578877784967,0.13866263504767792,2021-11-11,17950.0,0.18524522660132964,0.12424373303144154,0.1547444798163856,0.009747985960814531,0.2506525858367499,0.39991284087840995,0.31757427920751746,-0.47000108262585916,1.1159782140529644,True,False
2021-11-03,17950.55,17847.4,2021-11-02,17887.65,0.0035163925948906716,0.1362103844167537,2021-11-11,17900.0,0.1561839144167499,0.13237064994491915,0.14427728218083452,0.009088614487780448,0.38690084166496735,0.39411969260917845,0.317065001245502,-0.022767731903091924,1.0592238088059356,True,False
2021-11-04,,,2021-11-03,17847.4,,0.1339029258650016,2021-11-11,17850.0,0.13429922270843708,0.1221667172853193,0.1282329699968782,0.00807791782121302,,,,,0.957656221240156,False,False
2021-11-08,17997.5,18061.7,2021-11-04,,,0.12902029613725394,2021-11-11,,,,,,,,,,,False,False
2021-11-09,18088.5,18048.6,2021-11-08,18061.7,0.0014838027428203393,0.13316545408966388,2021-11-11,18050.0,0.18464692280967282,0.12882265543719879,0.1567347891234358,0.00987336366220863,0.15028340832818254,0.3923212517520369,0.3167901176933139,-0.7640321774752217,1.1769928634636884,True,False
2021-11-10,17964.9,18019.1,2021-11-09,18048.6,-0.004637478807220319,0.13196613642140115,2021-11-11,18050.0,0.16891995529633697,0.14610943878791066,0.1575146970421238,0.009922493243122402,0.46737031647108496,0.39106416676985184,0.3176110625630459,0.24025028941202678,1.1935993680919752,True,False
2021-11-11,17971.35,17860.45,2021-11-10,18019.1,-0.0026499658695495754,0.13159484905552354,2021-11-11,18000.0,0.16368422465517024,0.1667438050086285,0.16521401483189938,0.01040750467494625,0.2546206753986648,0.39866295136165397,0.31380595662046384,-0.45901702285786355,1.2554747850517383,True,False
2021-11-12,17979.65,18099.5,2021-11-11,17860.45,0.006673963981870701,0.1352985812114003,2021-11-18,17850.0,0.14595108024773767,0.13374159441335665,0.13984633733054716,0.00880949119856848,0.7575879050716576,0.395939864979499,0.314343697342186,1.150486054436391,1.0336127406394686,True,False
2021-11-15,18156.1,18114.1,2021-11-12,18099.5,0.0031271582087901706,0.139464422613507,2021-11-18,18100.0,0.13168262154871851,0.10719055312411316,0.11943658733641584,0.00752379779843816,0.41563559954247137,0.4065585962485874,0.3156387810186658,0.028757566686164464,0.8563946639452729,True,False
2021-11-16,18132.65,18023.1,2021-11-15,18114.1,0.0010240641268406403,0.1342481619312035,2021-11-18,18100.0,0.16880974558945494,0.13630788935273863,0.15255881747109679,0.009610302174728998,0.10655899348654123,0.40866199479343573,0.3152653116444914,-0.9582500520944106,1.136394087460778,True,False
2021-11-17,17944.35,17917.6,2021-11-16,18023.1,-0.00436939261281355,0.1314119890104007,2021-11-18,18000.0,0.1648138341925861,0.1459614734910632,0.15538765384182465,0.00978850211607758,0.44638010606718237,0.4063638333628456,0.31698056681369713,0.12624203782137858,1.1824465561473725,True,False
2021-11-18,17895.9,17777.7,2021-11-17,17917.6,-0.001211099700852647,0.13221736805302206,2021-11-18,17900.0,0.15409777556878163,0.15958057754527077,0.1568391765570262,0.009879939452429593,0.12258169259881682,0.40879070219938346,0.31671570794630927,-0.9036779749777544,1.1862221950608656,True,False
2021-11-22,17805.25,17413.25,2021-11-18,17777.7,0.0015496942799124724,0.1314633709740934,2021-11-25,17800.0,0.1363712603196719,0.1080328861042914,0.12220207321198165,0.007698007033700275,0.20131110209801484,0.4093288885716426,0.316192319350935,-0.6578837427191055,0.9295522570774728,True,False
2021-11-23,17314.5,17517.15,2021-11-22,17413.25,-0.005670968946061228,0.14763631826157106,2021-11-25,17400.0,0.20953654274185318,0.1712261723712699,0.19038135755656155,0.011992898246607842,0.4728605904469544,0.40989889428137,0.31577882383111916,0.19938542870517742,1.2895292960317393,True,False
2021-11-24,17560.95,17431.25,2021-11-23,17517.15,0.002500406744247785,0.15034653803291112,2021-11-25,17500.0,0.16402145855925626,0.1700151173024348,0.16701828793084553,0.010521163196780902,0.23765497193435986,0.4114536351542932,0.3158566329389071,-0.5502454123024525,1.110888818033741,True,False
2021-11-25,17421.5,17510.15,2021-11-24,17431.25,-0.0005593402653281121,0.15055336939825312,2021-11-25,17450.0,0.1614450638655009,0.16213225084724991,0.1617886573563754,0.010191727436095479,0.054881792005850506,0.38689012697423575,0.26649427154310135,-1.245836666754347,1.0746266124964763,True,False
2021-11-26,17343.9,16989.85,2021-11-25,17510.15,-0.009494493193947462,0.14851389315098418,2021-12-02,17500.0,0.1372475332957847,0.11605894059639374,0.1266532369460892,0.007978403992873567,1.1900241204165758,0.37145536413600333,0.2581925516605167,3.170380985106278,0.8528039650629137,True,False
2021-11-29,17068.8,17051.75,2021-11-26,16989.85,0.004646892114998025,0.17799578656036544,2021-12-02,17000.0,0.20698411493081742,0.19434009967201898,0.2006621073014182,0.012640524606516924,0.36761861233214027,0.38361765424480687,0.27881190890426594,-0.05738292161028208,1.1273418948788752,True,False
2021-11-30,17075.95,16987.7,2021-11-29,17051.75,0.00141920917207905,0.16857489092736247,2021-12-02,17050.0,0.23163070165287897,0.2138337096443888,0.22273220564863389,0.014030810121694789,0.10114948173125324,0.38577807603776587,0.27816585179245396,-1.023233414426731,1.3212656073709539,True,False
2021-12-01,17105.05,17165.1,2021-11-30,16987.7,0.006907939273709696,0.1657497284486339,2021-12-02,17000.0,0.23948623421299775,0.21126097435456948,0.2253736042837836,0.014197202595551732,0.4865704512714421,0.3871926466707368,0.2764655634339969,0.35945816674716047,1.3597223138355081,True,False
2021-12-02,17188.55,17393.25,2021-12-01,17165.1,0.001366144094703925,0.1614354597539823,2021-12-02,17150.0,0.20680796756424064,0.17090799888208275,0.1888579832231617,0.011896934683754632,0.1148316041920787,0.3944314454770106,0.2732137552766005,-1.0233739549528393,1.1698667907965798,True,False
2021-12-03,17433.65,17183.55,2021-12-02,17393.25,0.0023227401434464667,0.17044757224009305,2021-12-09,17400.0,0.15794452073952225,0.1487955647570991,0.15337004274831068,0.00966140456379465,0.24041433397280057,0.3874886678791398,0.27496143463236283,-0.5348907715112302,0.8998077281633152,True,False
2021-12-06,17216.75,16916.3,2021-12-03,17183.55,0.0019320803908389195,0.17464079208128808,2021-12-09,17200.0,0.17337962463382672,0.16058731813914995,0.16698347138648834,0.010518969960640907,0.18367581598466703,0.3887643769045919,0.27408251721322885,-0.7482730493181055,0.9561538824718822,True,False
2021-12-07,17047.7,17169.65,2021-12-06,16916.3,0.007767656047717342,0.18107978234277788,2021-12-09,16900.0,0.22628368955924966,0.20267901115069836,0.214481350354974,0.013511055092870865,0.5749111371632228,0.3887063570955186,0.27412628326797717,0.6792664236638569,1.1844577433220462,True,False
2021-12-08,17319.3,17474.1,2021-12-07,17169.65,0.008715961012600637,0.18453339462435864,2021-12-09,17150.0,0.20369460527189853,0.17834095367181652,0.19101777947185752,0.012032989058912235,0.724338813068658,0.394960411486388,0.2740208396028045,1.202019532746877,1.0351393570833003,True,False
2021-12-09,17534.65,17515.45,2021-12-08,17474.1,0.0034651283900173357,0.19798133821228056,2021-12-09,17450.0,0.16833005331653356,0.1582599868914642,0.16329502010399888,0.010286619369773185,0.33685784079845277,0.4025857234209714,0.2767468181485528,-0.2375018548080905,0.8248000623619882,True,False
2021-12-10,17496.85,17517.15,2021-12-09,17515.45,-0.0010619196195360558,0.1984652808685895,2021-12-16,17500.0,0.14753356861187078,0.13590196375340824,0.1417177661826395,0.008927380135211039,0.1189508683905676,0.3982922360949353,0.27571586139841264,-1.013149429588732,0.7140683023368485,True,False
2021-12-13,17621.65,17365.9,2021-12-10,17517.15,0.00596558230077382,0.19653175019711552,2021-12-16,17500.0,0.14124904666769694,0.1318092967608876,0.13652917171429227,0.008600529406229795,0.6936296615011454,0.3978765628084023,0.27612439828079355,1.0710864397864217,0.6946926976295563,True,False
2021-12-14,17300.55,17316.75,2021-12-13,17365.9,-0.0037631219804330485,0.19076761037343215,2021-12-16,17350.0,0.2176473499070935,0.1592365524909799,0.1884419511990367,0.01187072712962907,0.3170085487889263,0.40816150067272633,0.27544410918698903,-0.3309308452914474,0.9878089410993673,True,False
2021-12-15,17338.1,17233.55,2021-12-14,17316.75,0.0012329103324815183,0.1904951355746505,2021-12-16,17300.0,0.19243243123475734,0.1802168089593964,0.18632462009707687,0.011737347807272688,0.10504164592597172,0.4099291862295526,0.27449571520623545,-1.1107187595788566,0.9781069712620598,True,False
2021-12-16,17375.9,17226.9,2021-12-15,17233.55,0.008260050889108861,0.19045332887098385,2021-12-16,17250.0,0.21197117572512003,0.18718087875688233,0.19957602724100118,0.012572107993570033,0.6570139942588339,0.40832541528118765,0.27601242045544166,0.9010050292928521,1.047899915554625,True,False
2021-12-17,17298.15,16979.9,2021-12-16,17226.9,0.004135973390453351,0.1900386567257753,2021-12-23,17250.0,0.16319761930047955,0.135813081599523,0.14950535045000127,0.009417951832482428,0.4391584777688518,0.41114762647494624,0.2776981434975,0.10086798183495145,0.7867102042598451,True,False
2021-12-20,16840.1,16599.15,2021-12-17,16979.9,-0.008233264035713006,0.19410353263617083,2021-12-23,17000.0,0.174870082301528,0.15380186654210598,0.164335974421817,0.010352193328133318,0.795315907918579,0.4148076840054997,0.2765750701768582,1.375786413684213,0.8466408219877668,True,False
2021-12-21,16782.2,16780.1,2021-12-20,16599.15,0.011027673103743307,0.19660941964483095,2021-12-23,16600.0,0.23311107481325755,0.2242199988316415,0.22866553682244953,0.01440457485341153,0.7655674128508937,0.42314824406548956,0.2804162436481455,1.2211103191834254,1.1630446660975196,True,False
2021-12-22,16869.75,16953.0,2021-12-21,16780.1,0.005342638005733091,0.20011608443872073,2021-12-23,16800.0,0.21809214372804292,0.19107678607978357,0.20458446490391324,0.012887609910547052,0.4145561545403967,0.42659873756326866,0.28336863194245093,-0.042497939663687596,1.0223289421124009,True,False
2021-12-23,17069.7,17093.35,2021-12-22,16953.0,0.006883737391612188,0.2044939822066958,2021-12-23,16950.0,0.17546172501975532,0.17896945189515517,0.17721558845745525,0.011163532750057029,0.616627150717771,0.41730133361577704,0.274159058986686,0.7270444312098174,0.8666053961349902,True,False
2021-12-24,17155.6,16985.85,2021-12-23,17093.35,0.0036417671199617807,0.20634005425791743,2021-12-30,17100.0,0.1505606498897586,0.13395136875365504,0.14225600932170682,0.008961286265945773,0.40638888345761703,0.4256403936814153,0.27245198195646336,-0.07066019518578724,0.6894250843992319,True,False
2021-12-27,16949.05,17080.25,2021-12-24,16985.85,-0.0021665091826431615,0.17811319223442726,2021-12-30,17000.0,0.15308032729331028,0.1493993716947165,0.1512398494940134,0.009527215001999937,0.22740215080570467,0.42822105902337093,0.27150672090255673,-0.7396461772662335,0.8491221093547974,True,False
2021-12-28,17185.8,17234.0,2021-12-27,17080.25,0.006179651937178843,0.17875411500794894,2021-12-30,17100.0,0.1954991476114566,0.1674244659673445,0.18146180678940055,0.011431019362409665,0.5406037503094709,0.42050012555783317,0.27050224172750215,0.44400232687397634,1.0151475773373453,True,False
2021-12-29,17222.95,17229.8,2021-12-28,17234.0,-0.0006411744226528793,0.18078714684378866,2021-12-30,17250.0,0.168835276767274,0.14350576646955143,0.15617052161841272,0.00983781815051325,0.06517445360782853,0.4223216001081986,0.2709438978452771,-1.3181590334406403,0.8638364194848086,True,False
2021-12-30,17204.85,17217.15,2021-12-29,17229.8,-0.0014480725255081595,0.17715602418729662,2021-12-30,17250.0,0.1702812578271819,0.13933871041652934,0.15480998412185562,0.009752112344197332,0.14848808898000304,0.41491084152917945,0.2745667808070328,-0.9703386249643213,0.8738623754515068,True,False
2021-12-31,17247.2,17354.35,2021-12-30,17217.15,0.0017453527442115035,0.1703228419790882,2022-01-06,17200.0,0.16353084272423085,0.13801882262803866,0.15077483267613476,0.009497921695914948,0.1837615427975342,0.4143341193301571,0.27509779441527327,-0.8381476740760873,0.8852296669324394,True,False
2022-01-03,17393.2,17621.8,2021-12-31,17354.35,0.002238631812773395,0.16703108761687488,2022-01-06,17350.0,0.14468648329130462,0.13056080607964088,0.13762364468547275,0.008669474722858974,0.25822000574853177,0.4076001330358227,0.2757240468323288,-0.5417740273416589,0.823940301467383,True,False
2022-01-04,17681.5,17794.25,2022-01-03,17621.8,0.003387849141404331,0.16357218919903743,2022-01-06,17600.0,0.17223268027653033,0.16115255455536603,0.16669261741594818,0.010500647882691266,0.3226323917582923,0.4102916254827015,0.2734165838259463,-0.32060686479870587,1.0190767650184944,True,False
2022-01-05,17823.15,17929.05,2022-01-04,17794.25,0.0016241201511724146,0.15912820512857564,2022-01-06,17800.0,0.13706939551076985,0.1514867789555484,0.14427808723315913,0.009088665201310051,0.17869732410632883,0.40709593815168776,0.273299965660032,-0.8357067059769502,0.9066782794199331,True,False
2022-01-06,17775.8,17748.75,2022-01-05,17929.05,-0.008547580602430105,0.14946231100889473,2022-01-06,17950.0,0.14860405292693468,0.1404223768961685,0.14451321491155159,0.009103476852818966,0.9389358308505258,0.4022938677364017,0.27476012922350573,1.953128951535718,0.9668873305655723,True,False
2022-01-07,17802.7,17805.45,2022-01-06,17748.75,0.0030396506796253053,0.15472992885869902,2022-01-13,17750.0,0.16567946112305043,0.1527402960528208,0.15920987858793562,0.01002927964305869,0.30307766737056346,0.4151757627915836,0.2815302692035246,-0.39817422026468446,1.0289533496349483,True,False
2022-01-10,17923.1,18001.5,2022-01-07,17805.45,0.006607527470521513,0.15495844833857597,2022-01-13,17800.0,0.15489573021291014,0.148861677790529,0.15187870400171957,0.009567459053222392,0.6906251109897406,0.41600628295804326,0.2811176770730173,0.9768821046439139,0.9801253537972494,True,False
2022-01-11,18006.05,18066.1,2022-01-10,18001.5,0.00025275671471813865,0.15468084571763646,2022-01-13,18000.0,0.17668930819130185,0.16105777672611515,0.1688735424587085,0.010638033246767854,0.023759722201933665,0.4136911222148146,0.2782112920460617,-1.4015656846463385,1.0917547138769865,True,False
2022-01-12,18170.5,18211.85,2022-01-11,18066.1,0.005778779039194992,0.1537835791209951,2022-01-13,18050.0,0.176656328218387,0.1656033847500477,0.17112985648421736,0.010780167670366984,0.5360565082006993,0.4022841524175872,0.27995782821679865,0.4778303812227001,1.112796681299597,True,False
2022-01-13,18258.85,18258.5,2022-01-12,18211.85,0.0025807372672188578,0.15283091984764177,2022-01-13,18200.0,0.1595935557463402,0.14609586045141937,0.1528447080988798,0.00962831159147371,0.26803632627596025,0.4081895437701773,0.2789619552050997,-0.5024097905794106,1.0000902189900562,True,False
2022-01-14,18197.65,18258.7,2022-01-13,18258.5,-0.003332694361530164,0.1523711902250628,2022-01-20,18250.0,0.14369739352076077,0.13284675318745137,0.13827207335410607,0.008710321889529653,0.3826143745085092,0.4098703342022872,0.2777866113573757,-0.09811833464757186,0.9074686175901668,True,False
2022-01-17,18246.15,18308.95,2022-01-14,18258.7,-0.0006873435677238193,0.13866732331218448,2022-01-20,18250.0,0.15250710294878211,0.12420014437332527,0.1383536236610537,0.00871545907599452,0.0788648723756857,0.4048423253055632,0.2754557355799944,-1.1834113827526789,0.9977377536131958,True,False
2022-01-18,18348.95,18108.7,2022-01-17,18308.95,0.002184723864558036,0.09892694784058027,2022-01-20,18300.0,0.16511960436723716,0.14476216951239046,0.1549408869398138,0.009760358446631498,0.22383643761690222,0.39345034367049614,0.2745509323758371,-0.6177866692559862,1.5662151751563123,True,False
2022-01-19,18120.45,17938.65,2022-01-18,18108.7,0.0006488593880289439,0.11107663278785528,2022-01-20,18100.0,0.18432637837519322,0.17369464663858336,0.1790105125068883,0.01127660233712962,0.057540327186363,0.3763291663887335,0.25119782129904944,-1.269074857233154,1.6115946983086857,True,False
2022-01-20,17943.7,17747.8,2022-01-19,17938.65,0.00028151505269335964,0.11767985112398124,2022-01-20,17950.0,0.16488366937937604,0.14614215248977502,0.15551291093457553,0.009796392571252956,0.028736603871863206,0.3657131517584554,0.2509828568642316,-1.3426277479536326,1.3214913976287699,True,False
2022-01-21,17637.1,17624.5,2022-01-20,17747.8,-0.006237392803615127,0.12504595293749657,2022-01-27,17750.0,0.1802777002785923,0.1306078446339416,0.15544277245626695,0.009791974262421028,0.6369903184440107,0.3638239607134179,0.2531122262138767,1.0792301968841702,1.2430851923209705,True,False
2022-01-24,17578.95,17147.5,2022-01-21,17624.5,-0.0025844704814320663,0.12563889278018792,2022-01-27,17600.0,0.16568805756457167,0.1572974625499754,0.16149276005727353,0.010173087658308828,0.25404976033222426,0.3643162316771021,0.2536222948431722,-0.4347664759246078,1.28537235949551,True,False
2022-01-25,17021.6,17273.1,2022-01-24,17147.5,-0.007342178160081758,0.16127334278984234,2022-01-27,17150.0,0.2690354432959261,0.25085697418234043,0.25994620873913327,0.016375071966138847,0.44837532166357885,0.3609529456200044,0.253725928592699,0.34455436434291975,1.6118361797576986,True,False
2022-01-27,17070.9,17126.0,2022-01-25,17273.1,-0.011706063184952153,0.16017190285418972,2022-01-27,17250.0,0.2037931502379704,0.19113064018887466,0.19746189521342253,0.012438930193957417,0.9410827942935739,0.3560769560951724,0.24906822938729256,2.348777439971027,1.2328123203554573,True,False
2022-01-28,17237.45,17089.6,2022-01-27,17126.0,0.006507649188368658,0.16311442054521094,2022-02-03,17150.0,0.28160323637099116,0.2641788922858167,0.27289106432840393,0.017190521219635387,0.3785603185164322,0.3690104999082431,0.2589344408179176,0.036881222049964836,1.6730039160011965,True,False
2022-01-31,17308.7,17336.4,2022-01-28,17089.6,0.012820662859283072,0.1632437118216248,2022-02-03,17100.0,0.2908175381153605,0.27847651594881995,0.2846470270320902,0.017931077260971207,0.7149967998402714,0.37153513163940577,0.2582647710375735,1.3298819921161347,1.7436936703762402,True,False
2022-02-01,17534.95,17563.5,2022-01-31,17336.4,0.011452781430977499,0.16911469348879044,2022-02-03,17350.0,0.3812524348028453,0.37090971723095245,0.3760810760168989,0.023690880950911722,0.48342573054619775,0.38010083834424796,0.26102278563220915,0.3958462551523698,2.2238225919844568,True,False
2022-02-02,17707.55,17776.5,2022-02-01,17563.5,0.00820166823241375,0.16650015797318246,2022-02-03,17550.0,0.2589914451616657,0.26851359845616063,0.2637525218089132,0.016614847151726765,0.4936348891756948,0.38398039075607204,0.26079594303115405,0.4204609057378002,1.5840977271108343,True,False
2022-02-03,17776.75,17577.8,2022-02-02,17776.5,1.406351081478796e-05,0.1685412826749982,2022-02-03,17800.0,0.17439727759916612,0.17020895157422977,0.17230311458669795,0.010854075983768297,0.0012956893646054446,0.3857592915479175,0.2611799373539812,-1.4720257845159164,1.0223199435295254,True,False
2022-02-04,17593.9,17550.35,2022-02-03,17577.8,0.0009159280456030316,0.17050175357839592,2022-02-10,17600.0,0.1741766132042234,0.17947854380595657,0.17682757850508998,0.011139090420529015,0.08222646652683627,0.38327616289852456,0.26414800791524123,-1.1397008016365127,1.0371012308901884,True,False
2022-02-07,17482.15,17224.3,2022-02-04,17550.35,-0.003885962388214259,0.1671061051618169,2022-02-10,17550.0,0.16242892365759992,0.16075978647550077,0.16159435506655034,0.010179487542332442,0.381744402363487,0.37685709873278717,0.26673680498822955,0.018322569436623116,0.9670164648387367,True,False
2022-02-08,17282.4,17286.7,2022-02-07,17224.3,0.0033731414339046584,0.1782088931120796,2022-02-10,17200.0,0.2064003214991424,0.21925633360853058,0.2128283275538365,0.013406924444220168,0.2515969600588632,0.37897582751553416,0.26625385067104435,-0.47841136244841437,1.1942632257975137,True,False
2022-02-09,17371.3,17462.5,2022-02-08,17286.7,0.00489393580035502,0.17313357089106027,2022-02-10,17300.0,0.1753188428046462,0.18587382229008026,0.18059633254736324,0.011376499609777217,0.4301794021202324,0.3705426450986542,0.2620385152016154,0.22758775356246017,1.0431040705617902,True,False
2022-02-10,17532.75,17621.55,2022-02-09,17462.5,0.004022906227630685,0.17745648163240071,2022-02-10,17450.0,0.17424924968072447,0.1466317519574203,0.16044050081907238,0.010106801556902864,0.39803949894346863,0.37078504180828353,0.2620876572981092,0.10398985368542085,0.9041118100798552,True,False
2022-02-11,17454.75,17388.45,2022-02-10,17621.55,-0.009465682644262285,0.17824792348885468,2022-02-17,17600.0,0.15158129999575193,0.13918506870824032,0.14538318435199613,0.009158279776334259,1.033565568582255,0.37564305023256567,0.2597984176973136,2.5324346629247865,0.8156234390078968,True,False
2022-02-14,17099.5,16861.95,2022-02-11,17388.45,-0.01661735232295003,0.18214425034430326,2022-02-17,17400.0,0.15481705001134338,0.16829678132958648,0.16155691567046493,0.010177129082063908,1.6328133591462763,0.3854294746078169,0.27322089267346866,4.565477670220597,0.8869723604510021,True,False
2022-02-15,16936.3,17339.65,2022-02-14,16861.95,0.004409335812287418,0.2069279376267741,2022-02-17,16850.0,0.2859227857920009,0.28182962264747236,0.28387620421973664,0.01788251998796209,0.24657239668993153,0.41060000238360783,0.3149709156923463,-0.520770641102283,1.3718602112187983,True,False
2022-02-16,17414.85,17346.35,2022-02-15,17339.65,0.00433688107891439,0.23573084910016223,2022-02-17,17350.0,0.24282450173133546,0.2254006483385766,0.23411257503495603,0.014747706007986722,0.2940715713051048,0.41135435729347314,0.3145150438254639,-0.37290040108050576,0.9931350772655191,True,False
2022-02-17,17399.8,17329.95,2022-02-16,17346.35,0.003081339878418188,0.23384541279627805,2022-02-17,17350.0,0.21249798190789349,0.22346598145823543,0.21798198168306446,0.013731574138724414,0.22439815328444399,0.4083745403077756,0.3147692868143658,-0.5844801088609103,0.9321627440815633,True,False
2022-02-18,17241.8,17268.5,2022-02-17,17329.95,-0.005086569782371098,0.2322428635595033,2022-02-24,17350.0,0.20843002351041606,0.21443154070609477,0.21143078210825542,0.013318887356245918,0.3819065096294054,0.40815359333027706,0.3148957788920652,-0.08335165302380311,0.9103865620141409,True,False
2022-02-21,17209.0,17202.35,2022-02-18,17268.5,-0.0034455801024987354,0.22994390118734595,2022-02-24,17250.0,0.2240496659486253,0.22093565824095768,0.2224926620947915,0.014015720296179656,0.2458368196344441,0.41360400529066965,0.3114892404115555,-0.5385970489207363,0.967595404557029,True,False
2022-02-22,16893.85,17102.05,2022-02-21,17202.35,-0.017933596281903386,0.2291878093416527,2022-02-24,17200.0,0.24363769344265396,0.24516130140066272,0.24439949742165834,0.015395721207782848,1.1648428832835445,0.3978675502776341,0.29501412603542093,2.5997918923849204,1.0663721518334748,True,False
2022-02-23,17202.4,17063.85,2022-02-22,17102.05,0.005867717612801027,0.20878260843236934,2022-02-24,17100.0,0.26131539073038557,0.2837140600935577,0.27251472541197164,0.017166814096265023,0.3418058575048974,0.4111546214601576,0.3111408784038783,-0.2228854154780704,1.3052558709661248,True,False
2022-02-24,16606.5,16280.9,2022-02-23,17063.85,-0.026802274984836227,0.20705410429590482,2022-02-24,17050.0,0.2505455553474514,0.22120501184045094,0.23587528359395116,0.014858746209914963,1.8038046148840992,0.415165561056385,0.3086177750309829,4.499543338643749,1.13919636800272,True,False
2022-02-25,16525.7,16661.15,2022-02-24,16280.9,0.015036023807037724,0.261500979834273,2022-03-03,16300.0,0.37840414406758893,0.36624243104696774,0.37232328755727834,0.023454162528441614,0.6410812489597246,0.4371194637832626,0.35686374614893934,0.5715396629035477,1.423793087862383,True,False
2022-02-28,16506.1,16785.25,2022-02-25,16661.15,-0.00930608031258362,0.277032612962852,2022-03-03,16650.0,0.26766491044375984,0.29024239019476195,0.2789536503192609,0.017572428239486616,0.529584197798693,0.4458902911960567,0.35527185976647885,0.23557707795277832,1.0069343364879084,True,False
2022-03-02,16613.9,16588.15,2022-02-28,16785.25,-0.010208367465483037,0.27290307452540774,2022-03-03,16800.0,0.346116137645909,0.36928951985757485,0.3577028287517419,0.022533160193843667,0.45303754012595565,0.4507097889264883,0.3543975124658559,0.006568192827514954,1.3107321321821135,True,False
2022-03-03,16736.0,16447.0,2022-03-02,16588.15,0.008912989091610424,0.2695356760667759,2022-03-03,16600.0,0.3983768558562588,0.4112821735285459,0.40482951469240236,0.025501862363215846,0.3495034584010073,0.4551991509955097,0.3526593215403945,-0.29971047449654825,1.5019515063828068,True,False
2022-03-04,16362.1,16238.2,2022-03-03,16447.0,-0.00516203562959805,0.2643687161038658,2022-03-10,16450.0,0.2988730915892869,0.3061853555800591,0.302529223584673,0.01905754976034527,0.2708656513829052,0.4514423563494728,0.3525630376747074,-0.5121827465452485,1.1443457760176685,True,False
2022-03-07,15862.6,15831.15,2022-03-04,16238.2,-0.02313064255890429,0.26498870038203376,2022-03-10,16250.0,0.2940118298441655,0.29310988062816,0.29356085523616277,0.01849259565757905,1.250805619027547,0.4438844703213769,0.3514726695343005,2.2958290036472437,1.1078240499045302,True,False
2022-03-08,15755.1,16018.0,2022-03-07,15831.15,-0.004803820316275131,0.2752659498563389,2022-03-10,15850.0,0.4199808153892661,0.41004804974212705,0.4150144325656966,0.02614345188265283,0.18374850948671578,0.45911693329186165,0.3662497659733829,-0.7518596580486504,1.507685323165805,True,False
2022-03-09,16082.1,16348.5,2022-03-08,16018.0,0.004001748033462427,0.27650774115386983,2022-03-10,16000.0,0.3787143164631479,0.3959087890972899,0.3873115527802189,0.02439833448949349,0.1640172625383784,0.46019689397679747,0.36532408207451295,-0.810731199970576,1.4007258934739533,True,False
2022-03-10,16757.3,16599.9,2022-03-09,16348.5,0.025005352172982276,0.2886286506632354,2022-03-10,16350.0,0.3550440589571351,0.3173705544413352,0.33620730669923515,0.021179069583071343,1.180663393871151,0.45137002066075144,0.3659859242279036,1.9926814801660524,1.1648438432105388,True,False
2022-03-11,16536.8,16636.35,2022-03-10,16599.9,-0.0038012277182394305,0.29226043831949783,2022-03-17,16600.0,0.27887985833942963,0.26885643138502036,0.273868144862225,0.01725207150781093,0.2203345677368896,0.4657642680787885,0.37741718734284696,-0.6502875559796639,0.9370688227150112,True,False
2022-03-14,16651.75,16880.6,2022-03-11,16636.35,0.0009256838188667071,0.28967923756930636,2022-03-17,16650.0,0.26607822371941037,0.26525653126544557,0.26566737749242797,0.016735471721611498,0.05531268160617888,0.4676858167756371,0.37583970734737804,-1.0972048112742738,0.9171087984131638,True,False
2022-03-15,16906.25,16665.6,2022-03-14,16880.6,0.0015194957525206387,0.2931623632463603,2022-03-17,16900.0,0.327548491277589,0.3318800998972723,0.32971429558743065,0.020770048329218634,0.07315802681032095,0.45765746156475956,0.3787187593167134,-1.0152637684179013,1.1246815312044465,True,False
2022-03-16,16856.65,16972.05,2022-03-15,16665.6,0.01146373367895559,0.27630610793814114,2022-03-17,16650.0,0.3593727031592482,0.36758296308311056,0.3634778331211794,0.022896951274363735,0.5006663787502053,0.451557454048784,0.38195551738230676,0.1285723663268023,1.3154896785797947,True,False
2022-03-17,17203.25,17275.1,2022-03-16,16972.05,0.013622396823012028,0.26458090949535235,2022-03-17,16950.0,0.38245783919030285,0.3353759933438739,0.3589169162670884,0.022609640518497835,0.6025039103061816,0.4466466285626444,0.37934613364848974,0.41085770466282867,1.3565488037351885,True,False
2022-03-21,17330.6,17111.9,2022-03-17,17275.1,0.003212716568934404,0.27287700466562304,2022-03-24,17300.0,0.22198415903388813,0.19993711525557123,0.21096063714472968,0.013289271007349761,0.24175265649692745,0.4439289035202326,0.3776026905244407,-0.5354205679586362,0.7730978922289029,True,False
2022-03-22,17132.15,17306.05,2022-03-21,17111.9,0.001183386999690228,0.27490240285361656,2022-03-24,17100.0,0.3255856231299674,0.2934819422927809,0.30953378271137416,0.0194987955101762,0.06069026156372745,0.4410488452195082,0.37848848613155806,-1.004940962784196,1.1259769994669655,True,False
2022-03-23,17414.55,17260.55,2022-03-22,17306.05,0.006269483793239994,0.2777734684169066,2022-03-24,17300.0,0.30416469905218,0.2519844224870039,0.27807456076959197,0.017517050803091863,0.35790749617129575,0.4317832304002741,0.3809144289250749,-0.1939431237547307,1.0010839492857304,True,False
2022-03-24,17114.0,17233.75,2022-03-23,17260.55,-0.00849045945812843,0.27757171509163164,2022-03-24,17250.0,0.27641809549464436,0.26124418270499894,0.26883113909982165,0.01693476996972239,0.5013625501443768,0.4309752072788354,0.3810206165694081,0.18473368580232552,0.9685105667595686,True,False
2022-03-25,17294.9,17133.2,2022-03-24,17233.75,0.0035482701095235214,0.2767294732534659,2022-03-31,17250.0,0.2320252495308573,0.2047937905806122,0.21840952005573475,0.013758506524677338,0.25789645868607347,0.43554121393448003,0.38018031824590903,-0.4672644708911575,0.7892528305276904,True,False
2022-03-28,17196.6,17227.35,2022-03-25,17133.2,0.0037004179020847516,0.2775004315869689,2022-03-31,17150.0,0.2200859797633533,0.19420576789438654,0.20714587382886993,0.013048963506294116,0.28357945060539635,0.43082942574075667,0.3806077845546169,-0.38688114408293206,0.7464704564394532,True,False
2022-03-29,17298.65,17322.5,2022-03-28,17227.35,0.004138767715290204,0.21738758054394008,2022-03-31,17250.0,0.24660921934192026,0.17899851903001845,0.21280386918596936,0.013405383711866574,0.3087392203198575,0.4344695090240495,0.37808748961287353,-0.3325428430147957,0.9789145665704475,True,False
2022-03-30,17450.9,17494.65,2022-03-29,17322.5,0.007412325010824228,0.20395263400943434,2022-03-31,17300.0,0.22280901057546104,0.15545261037939084,0.18913081047742594,0.011914121185318056,0.6221461822932054,0.43714036121304706,0.37659611877948224,0.4912579069581156,0.9273271286541817,True,False
2022-03-31,17522.05,17468.6,2022-03-30,17494.65,0.0015661930933170698,0.20501903040875527,2022-03-31,17500.0,0.2106438884822559,0.1567969368481315,0.1837204126651937,0.011573298159006283,0.13532815553518476,0.44444677187130827,0.3758487992534623,-0.8224547130391714,0.8961139475633184,True,False
2022-04-01,17437.85,17656.8,2022-03-31,17468.6,-0.0017603013406912726,0.1989437570524189,2022-04-07,17450.0,0.2077800057640904,0.16351386682551344,0.18564693629480192,0.011694657740407064,0.15052183482113607,0.44239857436775243,0.37721322203671975,-0.7737712320121262,0.9331629152147084,True,False
2022-04-04,17816.25,18064.25,2022-04-01,17656.8,0.009030515155634022,0.19633812054315594,2022-04-07,17650.0,0.15622334283332245,0.15085702842995846,0.15354018563164046,0.009672122558000318,0.9336642605055093,0.4395300650854665,0.3787905254873831,1.304505160957363,0.7820192289041072,True,False
2022-04-05,18089.6,17968.0,2022-04-04,18064.25,0.0014033242454016825,0.19794610110993463,2022-04-07,18050.0,0.17665226282112695,0.1653326971277767,0.17099247997445183,0.010771513763680756,0.13028106134287198,0.45211284735878615,0.38250044354630136,-0.8413893145641718,0.8638335335510681,True,False
2022-04-06,17852.45,17808.6,2022-04-05,17968.0,-0.006430877114870892,0.16772124409073844,2022-04-07,17950.0,0.1877969888130872,0.16386194248421998,0.1758294656486536,0.011076215220564564,0.5806023977333934,0.4386352678669919,0.3792894592897614,0.3742975882647572,1.0483434379578567,True,False
2022-04-07,17755.45,17638.1,2022-04-06,17808.6,-0.002984513100412034,0.17479956611336575,2022-04-07,17800.0,0.18301977912037526,0.15038031508421912,0.1667000471022972,0.010501115908938853,0.28420913798994735,0.4432606800397057,0.3793005221125194,-0.4193285608042895,0.9536639638692487,True,False
2022-04-08,17706.25,17773.55,2022-04-07,17638.1,0.003863794853187219,0.17268986993079535,2022-04-13,17650.0,0.19600041390304124,0.14423017391618348,0.17011529390961236,0.010716256235559407,0.3605545414606748,0.43648708048970924,0.37843611311111586,-0.20064823730693815,0.9850913315169283,True,False
2022-04-11,17754.9,17683.45,2022-04-08,17773.55,-0.0010493120395193012,0.16797750270938827,2022-04-13,17750.0,0.18723083979797422,0.12800927110129168,0.15762005544963295,0.009929130198950949,0.10568015712294367,0.44210032747735484,0.3746897242124077,-0.8978633482985461,0.9383402712107564,True,False
2022-04-12,17591.8,17536.5,2022-04-11,17683.45,-0.005182812177488061,0.17066905578429545,2022-04-13,17700.0,0.18569199187572022,0.16972448210219043,0.17770823698895533,0.011194566690488227,0.46297568461419597,0.4349273882927257,0.3769731069876684,0.07440397153420228,1.0412446249984328,True,False
2022-04-13,17600.35,17475.0,2022-04-12,17536.5,0.00364097739001501,0.1695048198358452,2022-04-13,17550.0,0.1718007745241984,0.1492054269321363,0.16050310072816734,0.010110744980511448,0.36010970477774157,0.4381763775983629,0.376349895901952,-0.2074310998107983,0.9468940227399111,True,False
2022-04-18,17187.65,17157.45,2022-04-13,17475.0,-0.016443490701001373,0.16188487632792167,2022-04-21,17500.0,0.14570614907900065,0.12043832788570666,0.13307223848235367,0.00838276308169017,1.961583613989716,0.4378012997695168,0.37641741689549774,4.048118513717012,0.8220177295178349,True,False
2022-04-19,17259.35,17026.2,2022-04-18,17157.45,0.005939110998429031,0.16602802700636915,2022-04-21,17150.0,0.22086537249493798,0.19070391172284606,0.20578464210889202,0.012963213968013301,0.4581511200142012,0.46917994546308395,0.42173399622375696,-0.026151141590755773,1.2394572520035894,True,False
2022-04-20,17053.55,17134.65,2022-04-19,17026.2,0.001606347863880364,0.15519021808637776,2022-04-21,17050.0,0.20492439872551127,0.1923901665157805,0.1986572826206459,0.012514232522526257,0.12836167627450235,0.4730851901697056,0.42050670388368466,-0.8197812560690029,1.2800889454905893,True,False
2022-04-21,17242.25,17392.85,2022-04-20,17134.65,0.0062796730601442086,0.15348566932527155,2022-04-21,17150.0,0.19158431465330383,0.17960404009089054,0.18559417737209719,0.01169133424067096,0.537122019683514,0.4742655459878412,0.4194184950648448,0.1498657651850923,1.2091954785614565,True,False
2022-04-22,17253.35,17168.55,2022-04-21,17392.85,-0.00802053717475859,0.1576135947122635,2022-04-28,17400.0,0.1698995310067849,0.14962581825139631,0.1597626746290906,0.010064102520454811,0.7969450985278845,0.4827386362513687,0.415381137389705,0.7564292982849906,1.013635117711454,True,False
2022-04-25,17010.8,16941.0,2022-04-22,17168.55,-0.009188312350198458,0.1642166252474747,2022-04-28,17150.0,0.16796688299359724,0.16187004862615617,0.1649184658098767,0.010388886836553386,0.8844366576281593,0.48540454925276666,0.4168984260838428,0.9571446746002896,1.0042738703303902,True,False
2022-04-26,17128.85,17205.75,2022-04-25,16941.0,0.011088483560592666,0.17060777034849797,2022-04-28,16950.0,0.22595742551165587,0.23051718752883932,0.2282373065202476,0.014377598879995141,0.7712333368836072,0.4959109975410323,0.4189076193702373,0.6572387958864997,1.337789633227318,True,False
2022-04-27,17077.2,17035.1,2022-04-26,17205.75,-0.0074713395231245094,0.1790128548570101,2022-04-28,17200.0,0.1867437120383047,0.18409466573955346,0.18541918888892908,0.011680311002367074,0.6396524477482153,0.5012919644613661,0.4203577467957344,0.32914935990006394,1.0357870055591045,True,False
2022-04-28,17153.05,17241.05,2022-04-27,17035.1,0.006923939395718337,0.18139262664137146,2022-04-28,17050.0,0.23494768107615244,0.18847787581865189,0.21171277844740216,0.013336651455865274,0.519166255385139,0.49626812535227677,0.4167987522742972,0.05493809640244057,1.1671520632752963,True,False
2022-04-29,17331.7,17083.2,2022-04-28,17241.05,0.005257800423988268,0.18572989387589878,2022-05-05,17250.0,0.1790804598735568,0.15957168874529887,0.16932607430942784,0.010666540073847357,0.4929246398163871,0.49861155763342185,0.4165209110266298,-0.013653378897635092,0.9116791636276298,True,False
2022-05-02,16949.25,17063.0,2022-04-29,17083.2,-0.007841036808092228,0.18430732299076377,2022-05-05,17100.0,0.18362408885908693,0.1652100587844091,0.174417073821748,0.010987242898474745,0.7136491730041505,0.4949103549663571,0.4155510599874141,0.5263825293681562,0.9463382734417374,True,False
2022-05-04,17111.15,16680.5,2022-05-02,17063.0,0.0028218953290746196,0.1843025143399084,2022-05-05,17050.0,0.2130754678477867,0.19664566626186264,0.20486056705482467,0.012905002711208044,0.21866677537570703,0.4987474123406563,0.4165050250435267,-0.6724544006058019,1.1115451560091096,True,False
2022-05-05,16862.75,16674.65,2022-05-04,16680.5,0.010925931476874151,0.19335206307819217,2022-05-05,16700.0,0.27651938751680805,0.2404811340295781,0.2585002607731931,0.016283985805981293,0.6709617416186234,0.4941646104439899,0.41807201995366566,0.42288678202915303,1.3369407942063427,True,False
2022-05-06,16440.75,16390.5,2022-05-05,16674.65,-0.014027280932433439,0.16804421094906252,2022-05-12,16650.0,0.19861496595049694,0.1954628876681586,0.19703892680932777,0.012412285688965212,1.1301126387143983,0.5053257113148901,0.4136061309106698,1.510584299183053,1.172542188133182,True,False
2022-05-09,16254.7,16286.5,2022-05-06,16390.5,-0.008285287209053971,0.1743513625122363,2022-05-12,16400.0,0.22066817773992858,0.2127450154579238,0.2167065965989262,0.013651232430189389,0.6069259498308187,0.5227904808513494,0.41754278179867044,0.20150143325920916,1.2429303303191412,True,False
2022-05-10,16257.3,16257.75,2022-05-09,16286.5,-0.00179289595677401,0.17374597818328663,2022-05-12,16300.0,0.25193290630667975,0.2529494549955943,0.252441180651137,0.01590229963510569,0.11274444564080773,0.5265435066424716,0.41726543541691546,-0.9916926394543366,1.452932512687194,True,False
2022-05-11,16277.4,16150.5,2022-05-10,16257.75,0.0012086543340867895,0.17287075950454997,2022-05-12,16250.0,0.2617816410211661,0.2414277085583308,0.25160467478974846,0.015849604718927546,0.07625769572937162,0.5242292980688374,0.41919674798507905,-1.068642837743128,1.4554495827452312,True,False
2022-05-12,16037.65,15794.75,2022-05-11,16150.5,-0.006987399770904901,0.1674086028195619,2022-05-12,16150.0,0.2771114320950804,0.2450118168472643,0.2610616244711723,0.01644533655269657,0.4248863955149136,0.518330602962323,0.42301529393139,-0.220900304995983,1.5594277717767735,True,False
2022-05-13,15994.4,15768.7,2022-05-12,15794.75,0.012640276041089527,0.17833813393545975,2022-05-19,15800.0,0.2406901084948757,0.23004291141865607,0.2353665099567659,0.01482669648330501,0.8525348890309172,0.5187780512385138,0.4229000814131075,0.7892096796887939,1.3197766779478841,True,False
2022-05-16,15853.15,15815.45,2022-05-13,15768.7,0.005355546113503307,0.17854873683231326,2022-05-19,15750.0,0.22447353959290806,0.2177756568788788,0.22112459823589342,0.013929540373601093,0.3844740005673841,0.5157608732459916,0.4197994979380138,-0.31273708835638697,1.2384551252444083,True,False
2022-05-17,15917.4,16242.85,2022-05-16,15815.45,0.0064462282135506754,0.1808442291522567,2022-05-19,15800.0,0.2604481766793466,0.2689191876196938,0.2646836821495202,0.01667350473963087,0.3866150706892945,0.49495521726967673,0.39361692977914664,-0.27524259853652755,1.4636003780174662,True,False
2022-05-18,16327.0,16244.25,2022-05-17,16242.85,0.005180741064529926,0.2062741467875496,2022-05-19,16250.0,0.23812270733757224,0.2397849767177636,0.23895384202766792,0.015052677162586275,0.34417406342884704,0.49728926183633276,0.39253283686622414,-0.3900697827725114,1.1584284591601124,True,False
2022-05-19,15942.35,15800.3,2022-05-18,16244.25,-0.01858503778260001,0.20561650916149268,2022-05-19,16250.0,0.21102452428048107,0.2255216797132093,0.2182731019968452,0.01374991299472115,1.3516476642241413,0.49812430337172847,0.3921463028966048,2.1765431792874943,1.0615543610139395,True,False
2022-05-20,16044.95,16277.7,2022-05-19,15800.3,0.015483883217407346,0.2210556533997174,2022-05-26,15800.0,0.21258869346143638,0.2651832835657032,0.2388859885135698,0.015048402792969954,1.0289386475381181,0.5169117952207235,0.4055827065842823,1.2624474466122058,1.0806599371680001,True,False
2022-05-23,16294.75,16217.9,2022-05-20,16277.7,0.0010474452778954646,0.24371772288341012,2022-05-26,16300.0,0.19770934382896221,0.22346036515673584,0.21058485449284903,0.013265598925352414,0.07895951655025919,0.5276956641858687,0.41050424018740983,-1.0931340135018957,0.8640522814731401,True,False
2022-05-24,16230.6,16119.65,2022-05-23,16217.9,0.000783085356303781,0.2410332012101877,2022-05-26,16200.0,0.22747033195391098,0.2794401518923453,0.2534552419231281,0.015966179490816888,0.04904650838694257,0.5249143758011323,0.4130039957441408,-1.152211291701385,1.0515366374863355,True,False
2022-05-25,16197.1,16023.45,2022-05-24,16119.65,0.004804694891018091,0.23820493149690317,2022-05-26,16100.0,0.23639914837918097,0.2968463411289719,0.26662274475407644,0.016795654202208035,0.2860677430704928,0.5063177695528556,0.4088005903228102,-0.5387713024299742,1.1192998527721192,True,False
2022-05-26,16111.6,16152.3,2022-05-25,16023.45,0.005501312139395642,0.22870256552149432,2022-05-26,16000.0,0.2362172710270803,0.2955065764747242,0.26586192375090223,0.016747726983954853,0.32848112132865376,0.5053888009789488,0.409243857563453,-0.43227937666203237,1.1624789741412653,True,False
2022-05-27,16300.2,16348.1,2022-05-26,16152.3,0.009156590702253053,0.23084587593034833,2022-06-02,16150.0,0.21110103648315204,0.20572644691808478,0.2084137417006184,0.013128831674959242,0.6974413968394092,0.4808000760863581,0.3725880157661579,0.5814500509566003,0.9028263591917136,True,False
2022-05-30,16529.3,16665.4,2022-05-27,16348.1,0.011083856839632755,0.23087314164361106,2022-06-02,16350.0,0.18328957130338047,0.21028647111615767,0.19678802120976907,0.0123964801218465,0.8941132265520687,0.48173941188435276,0.3730696850986485,1.105353319068727,0.8523642889286025,True,False
2022-05-31,16599.45,16596.1,2022-05-30,16665.4,-0.003957300754857451,0.24203739033384641,2022-06-02,16650.0,0.20409857982375557,0.2296302464383792,0.21686441313106739,0.013661173937256538,0.2896750142434804,0.48781489569690906,0.3768114835889921,-0.5258329166781714,0.8959955023145081,True,False
2022-06-01,16602.2,16518.0,2022-05-31,16596.1,0.0003675562330911486,0.24227680645162689,2022-06-02,16600.0,0.2170141228900459,0.24426141128191042,0.23063776708597816,0.014528813682112772,0.02529843393502027,0.4850921869322011,0.37765628519945604,-1.21749265407921,0.9519597458125957,True,False
2022-06-02,16496.45,16622.9,2022-06-01,16518.0,-0.0013046373652984,0.22960442591557995,2022-06-02,16500.0,0.2146364923623723,0.250935753537711,0.23278612295004167,0.014664147380778947,0.08896782959290599,0.47968876985776804,0.3819243445428408,-1.0230322990605656,1.0138572983590115,True,False
2022-06-03,16763.75,16583.25,2022-06-02,16622.9,0.008473250756486417,0.2308486078388765,2022-06-09,16600.0,0.18408282346094762,0.19672839085815125,0.19040560715954943,0.011994425828010176,0.7064323776715615,0.4766571394946013,0.3843244216541186,0.5978679085445983,0.8248072576311366,True,False
2022-06-06,16547.7,16566.85,2022-06-03,16583.25,-0.002143729365474134,0.22224783264374603,2022-06-09,16600.0,0.19731668118097645,0.17263476930863292,0.18497572524480468,0.011652375418608703,0.1839735923759051,0.46758425213866833,0.37196596705823,-0.7624640017627338,0.8322948442035564,True,False
2022-06-07,16487.25,16415.7,2022-06-06,16566.85,-0.0048047758022797815,0.2208116839399491,2022-06-09,16550.0,0.21849341326186095,0.2204118110970434,0.21945261217945217,0.013824215152150827,0.34756228468653677,0.4675880035201547,0.37196305710047184,-0.3226818269783107,0.9938451093880225,True,False
2022-06-08,16481.55,16349.2,2022-06-07,16415.7,0.004011403717173012,0.22353772903025243,2022-06-09,16400.0,0.22865141817004037,0.22082290350485856,0.22473716083744946,0.014157110426919422,0.2833490448407762,0.47064708722262405,0.37017457937746223,-0.5059721893838162,1.0053656794868606,True,False
2022-06-09,16279.4,16473.8,2022-06-08,16349.2,-0.004269322046338675,0.22263487806721083,2022-06-09,16350.0,0.1812249762023181,0.2100241445156854,0.19562456035900175,0.012323188977291977,0.34644620432306794,0.4556918480721178,0.3589594610062962,-0.30433978099586484,0.8786788577661448,True,False
2022-06-10,16306.0,16214.0,2022-06-09,16473.8,-0.010185870898032023,0.2067952003217809,2022-06-16,16450.0,0.161797361810553,0.17863634960117059,0.17021685570586179,0.010722654027358955,0.9499393407679363,0.4577937086818874,0.35792571609535256,1.3749937765157385,0.8231180193785839,True,False
2022-06-13,15882.5,15762.65,2022-06-10,16214.0,-0.02044529419020602,0.21613388212698953,2022-06-16,16200.0,0.19472338646382725,0.1738629654157931,0.18429317593981018,0.011609378853881192,1.7611014721404192,0.47270415300125,0.35950567147025125,3.5838024859804825,0.8526806353828812,True,False
2022-06-14,15694.1,15719.5,2022-06-13,15762.65,-0.004348888035958343,0.239699502747593,2022-06-16,15750.0,0.2510351920220991,0.26128372178882586,0.2561594569054625,0.016136529022600498,0.2695057920986216,0.5008365437567517,0.39226115483098417,-0.5897365793403757,1.0686691210002304,True,False
2022-06-15,15749.65,15690.95,2022-06-14,15719.5,0.001917999936384751,0.21733625759917433,2022-06-16,15700.0,0.27305080782426117,0.2629347012617127,0.26799275454298693,0.01688195670685521,0.11361241884987859,0.49698386731255867,0.3933964081447547,-0.9745169008294915,1.2330789050266828,True,False
2022-06-16,15843.35,15370.7,2022-06-15,15690.95,0.00971260503666116,0.2172515288999359,2022-06-16,15700.0,0.35413858092654094,0.31730098144135077,0.33571978118394585,0.0211483583623272,0.4592604716762691,0.4888356757882869,0.39622667089634644,-0.07464213361789249,1.5453045733849604,True,False
2022-06-17,15305.95,15283.65,2022-06-16,15370.7,-0.004212560260755893,0.2075727593775769,2022-06-23,15350.0,0.23236557624235576,0.25092435479148,0.2416449655169179,0.01522220200782246,0.27673790287312716,0.49246080604127596,0.39492061182825866,-0.5462437176157354,1.1641458457338485,True,False
2022-06-20,15351.9,15336.65,2022-06-17,15283.65,0.0044655563298034995,0.1712200714992151,2022-06-23,15300.0,0.2544179562714388,0.23461012045039092,0.24451403836091487,0.015402936608740194,0.2899159065076966,0.4960616000630992,0.3918904143342937,-0.5260289254729115,1.4280687785020332,True,False
2022-06-21,15460.1,15640.05,2022-06-20,15336.65,0.008049345848017753,0.17276681407699973,2022-06-23,15350.0,0.2529165704465357,0.2609231051691424,0.25691983780783906,0.01618442851710934,0.49735125583880835,0.49492840690203926,0.3923946508067653,0.006174520809057145,1.4870902098902716,True,False
2022-06-22,15563.3,15410.35,2022-06-21,15640.05,-0.0049072733143435965,0.1896913136966929,2022-06-23,15650.0,0.2156902982219291,0.21838868649424115,0.21703949235808512,0.013672202891885641,0.358923382950675,0.4948615519969465,0.39239387771332396,-0.3464329510910094,1.1441720136174534,True,False
2022-06-23,15461.2,15557.95,2022-06-22,15410.35,0.00329973037601361,0.19490398676527804,2022-06-23,15400.0,0.2304996013403442,0.2502863713873976,0.2403929863638709,0.015143334734355803,0.2178998505875648,0.49654533406802315,0.39157571694111815,-0.7116005191975648,1.2333918374557165,True,False
2022-06-24,15665.7,15699.45,2022-06-23,15557.95,0.006925719648154249,0.19601428547622296,2022-06-30,15550.0,0.20304346722003674,0.19403121565476394,0.19853734143740034,0.012506676938173339,0.5537617772004099,0.4954506740677259,0.3922723441020812,0.14864953904960893,1.0128717963338618,True,False
2022-06-27,15914.95,15829.15,2022-06-24,15699.45,0.013726595517677298,0.19344026465249434,2022-06-30,15700.0,0.1968747783471157,0.18804278885856207,0.19245878360283888,0.012123763786740651,1.132205786843984,0.49953438334906847,0.3915704223043193,1.6157282763385492,0.9949261801754736,True,False
2022-06-28,15768.35,15842.45,2022-06-27,15829.15,-0.003841014836551526,0.18074441601710106,2022-06-30,15850.0,0.21961105797310282,0.21734198364265417,0.2184765208078785,0.013762727175339879,0.27908820596501216,0.5080353767582481,0.39972914092163025,-0.5727557672311977,1.2087594495157594,True,False
2022-06-29,15717.65,15801.95,2022-06-28,15842.45,-0.007877569441595234,0.18101009902695575,2022-06-30,15850.0,0.20386102645446524,0.22420826026907625,0.21403464336177075,0.01348291519732493,0.5842630711760449,0.5104313775987452,0.39788384015377726,0.18556092539160332,1.1824458663485788,True,False
2022-06-30,15790.2,15781.45,2022-06-29,15801.95,-0.0007435791152358151,0.18078536980673612,2022-06-30,15800.0,0.2240035690325301,0.26659701449085293,0.24530029176169152,0.015452465917452904,0.04812041775131658,0.5176603982046604,0.39516489115163955,-1.1882127966504081,1.3568591973118367,True,False
2022-07-01,15708.3,15746.25,2022-06-30,15781.45,-0.004635188781766053,0.17803228937539106,2022-07-07,15800.0,0.1826570040371559,0.22621417862186,0.20443559132950795,0.012878231756864537,0.35992431797131924,0.5029013341587573,0.39590062445608953,-0.36114369959347215,1.148306254144966,True,False
2022-07-04,15735.65,15842.55,2022-07-01,15746.25,-0.0006731761530522906,0.17803485107794206,2022-07-07,15750.0,0.18888205180066636,0.19272659374653728,0.19080432277360182,0.012019542550834485,0.05600680310462845,0.5067287217692314,0.39333900046513565,-1.1458866731537178,1.0717245618952966,True,False
2022-07-05,15913.5,15824.3,2022-07-04,15842.55,0.004478445704763523,0.18061592773289922,2022-07-07,15850.0,0.20678730303741655,0.21227270209931137,0.20953000256836396,0.013199149500062287,0.3392980513435649,0.497985461858752,0.39747774354620363,-0.3992359650113112,1.1600859636156997,True,False
2022-07-06,15830.05,15971.7,2022-07-05,15824.3,0.0003633652041481472,0.17875287932521525,2022-07-07,15800.0,0.17205283820307787,0.2474490335521224,0.20975093587760013,0.013213066990361559,0.027500443645158888,0.4989036104146456,0.39703894779840976,-1.187297038195946,1.1734129076376352,True,False
2022-07-07,16104.2,16142.55,2022-07-06,15971.7,0.008295923414539441,0.18274466588455623,2022-07-07,15950.0,0.2053289070927412,0.22528785429530812,0.21530838069402466,0.013563153107247853,0.6116515347825928,0.49335270878438703,0.40131114283162295,0.2947808156122894,1.1781924230283123,True,False
2022-07-08,16275.5,16225.25,2022-07-07,16142.55,0.00823599741057035,0.18500466219194883,2022-07-14,16150.0,0.1787958267999068,0.1688260411207526,0.1738109339603297,0.010949059676259603,0.7522104778027766,0.5017855650787144,0.3983318008235496,0.6286842080052599,0.9394948857018249,True,False
2022-07-11,16152.0,16231.6,2022-07-08,16225.25,-0.004514568342552483,0.17751991986458657,2022-07-14,16250.0,0.1529084704739973,0.1650294679111723,0.1589689691925848,0.010014103777615899,0.450821006333458,0.5066061449651909,0.3996022882977959,-0.13960164960356794,0.8954993293927095,True,False
2022-07-12,16134.75,16079.4,2022-07-11,16231.6,-0.005966756203947932,0.14366124961290871,2022-07-14,16250.0,0.17790765960359228,0.20037761785062785,0.18914263872711007,0.011914866295011135,0.5007824726028414,0.5081179999911194,0.39921004565000057,-0.01837510721037643,1.3165877314637713,True,False
2022-07-13,16129.2,15959.9,2022-07-12,16079.4,0.0030971304899436447,0.14812591347584958,2022-07-14,16100.0,0.18649881936264134,0.2149189534595296,0.20070888641108547,0.012643471413439128,0.2449588715526031,0.48377131430133813,0.350657417078211,-0.6810420402300232,1.3549883453971678,True,False
2022-07-14,16021.95,15938.9,2022-07-13,15959.9,0.0038878689716101977,0.15094386606994561,2022-07-14,15950.0,0.22922755066117023,0.22669036802550435,0.2279589593433373,0.01436006465598939,0.2707417455804156,0.4802181101603116,0.35199899599823165,-0.5951050058703814,1.5102234047569962,True,False
2022-07-15,15994.45,16049.15,2022-07-14,15938.9,0.0034851840465779382,0.12879419805649947,2022-07-21,15950.0,0.1559161965197104,0.17951748984800192,0.16771684318385616,0.010565168041459566,0.32987492796153045,0.48259111131541016,0.35006134636766667,-0.43625548761240013,1.3022080630548443,True,False
2022-07-18,16152.3,16278.95,2022-07-15,16049.15,0.006427131654947349,0.12678931223124035,2022-07-21,16050.0,0.15181964681193155,0.14476225095042677,0.14829094888117916,0.009341451724318857,0.6880227875304885,0.4791369931200437,0.35053631025838344,0.59590344365887,1.1695855610504755,True,False
2022-07-19,16205.55,16354.0,2022-07-18,16278.95,-0.0045088903154073545,0.1335823897442909,2022-07-21,16300.0,0.1645385372893038,0.15714308001922167,0.16084080865426273,0.010132018580231062,0.44501401963521947,0.4773216212700871,0.34914180821829455,-0.09253432523517173,1.2040569790834783,True,False
2022-07-20,16565.45,16528.55,2022-07-19,16354.0,0.01292955851779376,0.11831359988281069,2022-07-21,16350.0,0.15371162377242353,0.17425003325596483,0.16398082851419418,0.010329821238830646,1.2516730172629211,0.4699979106368714,0.34504195413190614,2.2654494540893513,1.3859846093485175,True,False
2022-07-21,16523.7,16603.35,2022-07-20,16528.55,-0.00029343166823458944,0.10344499273490376,2022-07-21,16550.0,0.14813824197217468,0.17185475380234244,0.15999649788725856,0.01007883200121327,0.029113658030937187,0.47800523864319333,0.3575009590776147,-1.2556374163874626,1.546681899792657,True,False
2022-07-22,16666.8,16732.1,2022-07-21,16603.35,0.003821517946679398,0.10105332741722095,2022-07-28,16600.0,0.14139930982955384,0.15572365279598127,0.14856148131276756,0.009358493665641725,0.40834754857071875,0.4678295921479053,0.36148869248275806,-0.16454745283636688,1.4701295356599067,True,False
2022-07-25,16671.15,16647.2,2022-07-22,16732.1,-0.003642698764649843,0.10013738927698435,2022-07-28,16750.0,0.14387915752094266,0.14370388472405038,0.14379152112249652,0.009058014417376595,0.4021520166342207,0.4659826137009984,0.3615050552553099,-0.17656903033264063,1.4359423803706621,True,False
2022-07-26,16636.1,16495.0,2022-07-25,16647.2,-0.0006667787976357697,0.10237679343623113,2022-07-28,16650.0,0.17636866615120922,0.16899483198310306,0.17268174906715614,0.010877927714079881,0.06129649094585566,0.4644697366479623,0.3615803246218658,-1.1150309301916193,1.686727463042851,True,False
2022-07-27,16479.9,16642.95,2022-07-26,16495.0,-0.0009154289178537889,0.11039672463856963,2022-07-28,16500.0,0.18558616925702748,0.16839898113615076,0.17699257519658912,0.011149484235120806,0.08210504616618888,0.4535971919469907,0.3637620072901148,-1.0212505383623582,1.6032411810771485,True,False
2022-07-28,16776.2,16934.35,2022-07-27,16642.95,0.008006393097377495,0.1116019854777123,2022-07-28,16650.0,0.23821602862779812,0.20905464086230863,0.22363533474505337,0.014087701907192704,0.5683249936804599,0.45132116312683207,0.3656790380720187,0.3199631873090425,2.0038651981663436,True,False
2022-07-29,17064.75,17151.6,2022-07-28,16934.35,0.007700325078907833,0.12230032877362909,2022-08-04,16950.0,0.1471128061180615,0.14989073700126854,0.148501771559665,0.009354732304747574,0.8231475608339833,0.449610550661196,0.36487334034496105,1.023744321302388,1.214238531071599,True,False
2022-08-01,17243.7,17344.5,2022-07-29,17151.6,0.005369761421675001,0.12450637839381833,2022-08-04,17150.0,0.14881657169538914,0.12997159438425382,0.13939408303982148,0.008781001856125098,0.6115203606214226,0.4444944660298557,0.35724219249884787,0.4675424630647611,1.1195738309800707,True,False
2022-08-02,17294.2,17367.15,2022-08-01,17344.5,-0.00290005477240618,0.12680284876283818,2022-08-04,17350.0,0.17472610172569092,0.16263790569744868,0.1686820037115698,0.010625967439830665,0.2729214811571449,0.44457103954303245,0.3572780897783849,-0.4804368454062203,1.3302698271949633,True,False
2022-08-03,17350.25,17385.1,2022-08-02,17367.15,-0.0009731015163686463,0.12562669195593223,2022-08-04,17350.0,0.17080179772829202,0.19399821417678326,0.18240000595253764,0.011490120354455133,0.08469028054970197,0.44724065680163805,0.3553498501429565,-1.0202632028860652,1.4519207909774503,True,False
2022-08-04,17467.55,17405.2,2022-08-03,17385.1,0.004742566910745483,0.1250228452200483,2022-08-04,17400.0,0.1764480821673613,0.19250743319324604,0.18447775768030367,0.011621006410593316,0.4081029424802932,0.4473811998819769,0.35520227411314187,-0.11057997165066698,1.4755523868906588,True,False
2022-08-05,17416.95,17392.95,2022-08-04,17405.2,0.0006750856066002342,0.12309811031305369,2022-08-11,17400.0,0.17819117041192878,0.18577748213570827,0.18198432627381853,0.011463934996003847,0.05888777342470615,0.44710147566473324,0.355226896864822,-1.0928612266310394,1.4783681553763086,True,False
2022-08-08,17404.1,17522.45,2022-08-05,17392.95,0.0006410643392866788,0.12400247360161705,2022-08-11,17400.0,0.1559740648539507,0.1576582843582902,0.15681617460612046,0.00987849046572088,0.06489496968299167,0.4338740237379631,0.3546499454339303,-1.0404035269299388,1.26462134223164,True,False
2022-08-10,17557.2,17540.35,2022-08-08,17522.45,0.001983170161706793,0.1241776608479603,2022-08-11,17500.0,0.17622260088494524,0.16365549923105888,0.16993905005800206,0.010705153916476907,0.1852537737597947,0.4285477065565565,0.35779033356451306,-0.6799902344284366,1.3685154712816723,True,False
2022-08-11,17717.5,17666.4,2022-08-10,17540.35,0.010099570419062509,0.1145892770093776,2022-08-11,17550.0,0.21518204395540208,0.20893975175511015,0.21206089785525611,0.013358580917287574,0.7560361749197834,0.42519168494106485,0.35913217583927454,0.9212332178411776,1.8506172950013617,True,False
2022-08-12,17649.05,17687.7,2022-08-11,17666.4,-0.000982090295702731,0.1060284998555597,2022-08-18,17650.0,0.13982591017506152,0.13198223814045945,0.13590407415776048,0.008561151961474146,0.1147147370029424,0.43205605346591375,0.3614857831065018,-0.8778804901698596,1.281769282248637,True,False
2022-08-16,17799.65,17829.3,2022-08-12,17687.7,0.0063292570543371784,0.10436541357174776,2022-08-18,17700.0,0.1197364864546342,0.11907358792758777,0.11940503719111098,0.007521810326097574,0.8414539558884211,0.41144050467889376,0.3429484084674058,1.253872129429626,1.144105437852014,True,False
2022-08-17,17869.1,17954.15,2022-08-16,17829.3,0.0022322805718675287,0.10466857890164598,2022-08-18,17850.0,0.1480473348738814,0.14547911133113434,0.14676322310250786,0.009245214046179171,0.24145255704383367,0.40831575981806545,0.33804585014735655,-0.49361115571007586,1.4021707817435545,True,False
2022-08-18,17916.05,17959.15,2022-08-17,17954.15,-0.0021220720557644235,0.0993907112697095,2022-08-18,17950.0,0.17459877529948786,0.14836100401239022,0.16147988965593904,0.010172276899232528,0.20861328066330245,0.411023977159625,0.3360072774206731,-0.602399739821436,1.6246979983646819,True,False
2022-08-19,17975.35,17780.85,2022-08-18,17959.15,0.0009020471458835999,0.10075441051001105,2022-08-25,17950.0,0.13775241814548894,0.12384806511685084,0.13080024163116988,0.008239640732934119,0.10947651422204457,0.4136834233642311,0.3337173923945299,-0.9115704367680805,1.2982085942349237,True,False
2022-08-22,17690.05,17490.05,2022-08-19,17780.85,-0.00510661751266106,0.11063934373905052,2022-08-25,17800.0,0.142589966239008,0.13544181458778803,0.139015890413398,0.008757177960001411,0.5831350620012109,0.410740236216757,0.33563516618160794,0.5136375539718423,1.2564779012181713,True,False
2022-08-23,17369.6,17568.05,2022-08-22,17490.05,-0.006886772765086424,0.13140345564366798,2022-08-25,17500.0,0.16808312480622029,0.17455224378314327,0.17131768429468178,0.01079199971026676,0.638136856002213,0.4149844685612996,0.33618698200658326,0.663774623600814,1.3037532647486136,True,False
2022-08-24,17556.7,17614.0,2022-08-23,17568.05,-0.0006460591812977867,0.13021681403049737,2022-08-25,17550.0,0.17168902989808527,0.15201380332776532,0.1618514166129253,0.0101956808976502,0.06336596719564694,0.41399605954734636,0.33542879160244043,-1.0453190099652387,1.2429379248598338,True,False
2022-08-25,17668.25,17554.05,2022-08-24,17614.0,0.003079936414216,0.12713029826205477,2022-08-25,17600.0,0.17452138400664508,0.15363352281114956,0.16407745340889732,0.010335908035064985,0.2979841155481639,0.40015027189140595,0.3324068009404825,-0.30735278596641863,1.2906243094835117,True,False
2022-08-26,17628.1,17549.0,2022-08-25,17554.05,0.004218399742509593,0.12145085218671563,2022-09-01,17550.0,0.17211993004268633,0.16727733116101934,0.16969863060185283,0.010690008914302804,0.39461143356630346,0.4002887569131507,0.33236172319442153,-0.017081760475547204,1.3972617527702664,True,False
2022-08-29,17204.45,17310.35,2022-08-26,17549.0,-0.019633597355974697,0.11999829991797709,2022-09-01,17550.0,0.17192133199204596,0.13848167444368764,0.1552015032178668,0.00977677572899682,2.008187351351801,0.40644397357367207,0.32869892142434187,4.872980327520818,1.2933641836922047,True,False
2022-08-30,17415.35,17766.95,2022-08-29,17310.35,0.006065735239322079,0.11982123592011341,2022-09-01,17300.0,0.1903354362425292,0.19129245997279332,0.19081394810766125,0.012020148889887037,0.5046306243698353,0.438430965602987,0.38571827258387453,0.171626970958326,1.5924885655066998,True,False
2022-09-01,17523.15,17546.9,2022-08-30,17766.95,-0.013722107621172985,0.14448503772389742,2022-09-01,17750.0,0.15972374340158552,0.14790069361496155,0.15381221850827353,0.00968925901847662,1.4162184739830006,0.43506760304795816,0.3842186759943826,2.5536261827870836,1.064554648227312,True,False
2022-09-02,17605.1,17543.7,2022-09-01,17546.9,0.00331682519419374,0.14829973127740548,2022-09-08,17550.0,0.18923946070110031,0.18388065571839868,0.1865600582097495,0.011752179014303121,0.28223065613253173,0.4556050177414097,0.40304176452624824,-0.43016475429703743,1.2579932316989522,True,False
2022-09-05,17551.5,17671.1,2022-09-02,17543.7,0.00044460404589674596,0.14830274058151852,2022-09-08,17550.0,0.1731495528522201,0.16808483424888387,0.170617193550552,0.010747872941107952,0.041366700958684166,0.4545161572655097,0.40342666721228376,-1.0241005116536475,1.150465546904494,True,False
2022-09-06,17713.55,17669.1,2022-09-05,17671.1,0.0024022273655857074,0.15020931744577742,2022-09-08,17650.0,0.204430693334883,0.1969951553475004,0.2007129243411917,0.01264372577912657,0.18999363063943747,0.4504831182008082,0.4063656582040198,-0.6410223952305277,1.336221532420218,True,False
2022-09-07,17542.7,17622.5,2022-09-06,17669.1,-0.007153731655828444,0.1502435375934449,2022-09-08,17650.0,0.206727062326594,0.2005005400200266,0.2036138011733103,0.0128264638429793,0.5577321811688662,0.447875575306081,0.4075447979695721,0.26955712944957594,1.3552250195564748,True,False
2022-09-08,17751.95,17801.0,2022-09-07,17622.5,0.0073457227975599615,0.1506555932649441,2022-09-08,17600.0,0.2085611101258646,0.21739507181225098,0.2129780909690578,0.013416358652605199,0.5475198589845065,0.4413387893127632,0.4024692777782645,0.2638240370989073,1.4136752997581234,True,False
2022-09-09,17902.35,17849.5,2022-09-08,17801.0,0.00569350036514793,0.1525389696102301,2022-09-15,17800.0,0.15933701271111084,0.1531908077874034,0.15626391024925712,0.009843701081286942,0.5783902130034586,0.42111242909349794,0.36364128803531803,0.43250804868638937,1.0244196001096968,True,False
2022-09-12,17897.7,17943.35,2022-09-09,17849.5,0.002700355752262018,0.152686659037393,2022-09-15,17850.0,0.15453315521771344,0.1366997773285777,0.14561646627314556,0.009172975156065896,0.29438167075775074,0.4262605027752453,0.3636450533480974,-0.36265812171313716,0.953694757558904,True,False
2022-09-13,18045.45,18074.0,2022-09-12,17943.35,0.005690130326834408,0.15178738864461333,2022-09-15,17950.0,0.18874676237226357,0.1693742193597001,0.17906049086598183,0.011279750677822395,0.5044553279020625,0.4292733236403764,0.36175477088501395,0.2078258818197678,1.179679632576223,True,False
2022-09-14,17791.75,18013.75,2022-09-13,18074.0,-0.01561635498506142,0.15351368180558914,2022-09-15,18050.0,0.18822680074691467,0.17423937792717992,0.1812330893370473,0.011416611517185213,1.3678625187127031,0.4300265712441397,0.36186530416216955,2.591671366891459,1.180566365195789,True,False
2022-09-15,18054.75,17879.5,2022-09-14,18013.75,0.002276039136770436,0.15204264050455185,2022-09-15,18000.0,0.22066104274751025,0.20888067752857853,0.2147708601380444,0.013529292494969068,0.16823046272499406,0.4482119815081325,0.3809452939672418,-0.7349651596095439,1.4125699173950783,True,False
2022-09-16,17818.6,17527.0,2022-09-15,17879.5,-0.0034061355183311326,0.15257364881964244,2022-09-22,17900.0,0.16682883408928623,0.16116095331871777,0.163994893704002,0.010330707262506227,0.32970980899760827,0.44618389077842086,0.3821244121906425,-0.30480670186207176,1.074857257283403,True,False
2022-09-19,17548.75,17619.15,2022-09-16,17527.0,0.0012409425457864387,0.16757267914850074,2022-09-22,17550.0,0.19341784670127038,0.17507224565064927,0.18424504617595983,0.0116063469637429,0.10691930455491488,0.44338986666440083,0.38235675583805406,-0.8799911521688842,1.099493348869145,True,False
2022-09-20,17770.7,17817.35,2022-09-19,17619.15,0.008601436505166316,0.16569848864554113,2022-09-22,17600.0,0.21957173591885554,0.2278079460988804,0.22368984100886796,0.014091135479072436,0.6104147190934903,0.43918979869113817,0.3846773698454503,0.4451130579143354,1.3499811786900529,True,False
2022-09-21,17769.45,17720.35,2022-09-20,17817.35,-0.0026883908100810983,0.1593048125827309,2022-09-22,17800.0,0.21576487395008354,0.211113440017689,0.21343915698388627,0.013445403081491383,0.19994869575772498,0.445731713166237,0.38418756425000444,-0.6397474574387116,1.339816126854561,True,False
2022-09-22,17626.4,17627.7,2022-09-21,17720.35,-0.005301814016088646,0.16030746943629523,2022-09-22,17700.0,0.3283162311939254,0.32293306377258857,0.325624647483257,0.020512424714137438,0.2584684204805181,0.4398348284755256,0.3852152686508842,-0.47081832615357105,2.0312506249913533,True,False
2022-09-23,17610.45,17331.6,2022-09-22,17627.7,-0.000978573495124202,0.16133627468052114,2022-09-29,17650.0,0.18497332062762512,0.16977986974786952,0.17737659518774732,0.011173675220717992,0.0875784802935521,0.42527253903613443,0.37497683549784183,-0.9005731201881828,1.0994216616132317,True,False
2022-09-26,17182.55,17018.05,2022-09-23,17331.6,-0.008599898451383536,0.17184360776238689,2022-09-29,17350.0,0.20789485873104085,0.19645408157915922,0.20217447015510004,0.012735794511348689,0.6752541777994523,0.4220807102749434,0.3770515892019377,0.671455776278181,1.176502709572139,True,False
2022-09-27,17113.6,16997.6,2022-09-26,17018.05,0.005614626822697089,0.18271578216570222,2022-09-29,17000.0,0.25033942320080893,0.22419541377323543,0.23726741848702218,0.014946442465117853,0.3756497130203764,0.42359722871866695,0.37789698737686733,-0.12687985694491302,1.2985600678536235,True,False
2022-09-28,16890.0,16876.35,2022-09-27,16997.6,-0.006330305454887664,0.17701290766596114,2022-09-29,17000.0,0.24387554804858663,0.21290451397938087,0.22839003101398375,0.014387219618793573,0.43999505273545586,0.4290560503064845,0.3747335789358456,0.02919141236297933,1.2902450675799062,True,False
2022-09-29,17007.15,16798.35,2022-09-28,16876.35,0.0077504910718255715,0.14587062391698594,2022-09-29,16900.0,0.22407322571991078,0.22520762024636692,0.22464042298313885,0.014151016514898663,0.5476985390883825,0.4303905625525534,0.3746257718184677,0.3131337600357964,1.5399976839132485,True,False
2022-09-30,16808.7,17069.35,2022-09-29,16798.35,0.0006161319415300959,0.14144827770888743,2022-10-06,16800.0,0.19980971028878447,0.206753146296365,0.20328142829257473,0.012805526319527671,0.04811453478413699,0.4385854248189494,0.3716635137947882,-1.0506032352974217,1.4371431846695593,True,False
2022-10-03,17070.95,16891.95,2022-09-30,17069.35,9.373526232714369e-05,0.1555906680066611,2022-10-06,17050.0,0.1736859144680391,0.17895844527170862,0.17632217986987386,0.011107253299059176,0.008439103692276776,0.4337323662096256,0.3748692129998399,-1.134511044836137,1.1332439286289664,True,False
2022-10-04,17129.45,17270.0,2022-10-03,16891.95,0.014059951633766277,0.15528988724629014,2022-10-06,16900.0,0.21254872228281185,0.21312034520442585,0.21283453374361885,0.013407315397428583,1.048677622401787,0.4334146772104109,0.3752272218519734,1.6397076474214247,1.3705627424795714,True,False
2022-10-06,17382.55,17321.85,2022-10-04,17270.0,0.00651708164447018,0.17815489476156965,2022-10-06,17250.0,0.1685950319541053,0.16957679072670906,0.16908591134040718,0.010651411228843654,0.6118514724905323,0.44069844533739744,0.38290879408670075,0.44698118663313136,0.9490949522700469,True,False
2022-10-07,17299.6,17311.95,2022-10-06,17321.85,-0.0012845048306041607,0.1786259205276773,2022-10-13,17300.0,0.1562925189800089,0.1619427760628918,0.15911764752145036,0.010023469631985494,0.1281497203827733,0.43835912858219334,0.3813991814027604,-0.8133457629837871,0.8907869980538226,True,False
2022-10-10,17106.2,17238.05,2022-10-07,17311.95,-0.011884854103668241,0.1739189212623001,2022-10-13,17300.0,0.1594394165602892,0.1565601831443995,0.15799979985234436,0.009953051847792454,1.1940914490769234,0.4329812738163486,0.3834896435994166,1.984695513852288,0.9084681454184796,True,False
2022-10-11,17261.8,17011.3,2022-10-10,17238.05,0.0013777660466236519,0.17352506850991137,2022-10-13,17250.0,0.1852085434239219,0.20746186849118187,0.19633520595755188,0.0123679554421507,0.11139804416889686,0.4445364234242499,0.39581442547673273,-0.8416529510113472,1.1314515397891207,True,False
2022-10-12,17028.6,17130.3,2022-10-11,17011.3,0.0010169710721696923,0.17604442737939413,2022-10-13,17000.0,0.223662044361585,0.21343356765396293,0.21854780600777396,0.013767217720841853,0.07386903387386144,0.4423104096345216,0.39732851919533196,-0.9272965769153094,1.2414355243223951,True,False
2022-10-13,17104.45,17011.6,2022-10-12,17130.3,-0.0015090220253001219,0.1758342777130788,2022-10-13,17150.0,0.23108250992645485,0.2273195100411356,0.22920100998379522,0.014438306491951299,0.10451516776855604,0.4390291977727457,0.39957592854326535,-0.8371726275497327,1.3035058520148084,True,False
2022-10-14,17293.45,17182.65,2022-10-13,17011.6,0.016568106468527466,0.17648996713846055,2022-10-20,17000.0,0.19873115920707207,0.19080624818234848,0.19476870369471028,0.012269275075110251,1.3503737072565867,0.43527320176952944,0.40167304709293783,2.2782223305994544,1.1035681339433285,True,False
2022-10-17,17155.1,17301.25,2022-10-14,17182.65,-0.0016033615303810977,0.18124487461429417,2022-10-20,17200.0,0.1661448432462584,0.15664809495809084,0.16139646910217462,0.010167021898292243,0.1577021812700546,0.44631238376496446,0.4175259605972603,-0.6912389401656852,0.8904884590289309,True,False
2022-10-18,17447.6,17484.55,2022-10-17,17301.25,0.008458926378151821,0.17092344053858416,2022-10-20,17300.0,0.18300340124378917,0.20110125577087212,0.19205232850733064,0.01209815952241137,0.6991911755240117,0.44152385312554504,0.41918537018964785,0.614685866259819,1.1236160932764332,True,False
2022-10-19,17584.55,17515.65,2022-10-18,17484.55,0.005719335070104803,0.17436167177386472,2022-10-20,17500.0,0.1763615068040318,0.17065692901707924,0.1735092179105555,0.010930053351634382,0.5232668941409683,0.43231582242989647,0.4069778991084905,0.2234791420131304,0.995111002007283,True,False
2022-10-20,17442.25,17560.45,2022-10-19,17515.65,-0.004190538175859904,0.16918684126562872,2022-10-20,17500.0,0.14577350701379693,0.1949190448158014,0.17034627591479917,0.010730806734203582,0.3905147375828604,0.44055170969839696,0.40366666759538666,-0.12395616515379679,1.0068529836037905,True,False
2022-10-21,17624.75,17577.25,2022-10-20,17560.45,0.003661637372618598,0.16865683369732407,2022-10-27,17550.0,0.12706073310977634,0.15859567545677,0.14282820428327317,0.0089973311604636,0.40696927870218874,0.44025449618193263,0.40369734475471436,-0.08245092000782893,0.8468569055410845,True,False
2022-10-24,,,2022-10-21,17577.25,,0.16773456360059588,2022-10-27,17600.0,0.11644856441787074,0.13427116578652082,0.12535986510219577,0.00789692922497654,,,,,0.7473705026037366,False,False
2022-10-25,17811.5,17660.95,2022-10-24,,,0.15571052443211067,2022-10-27,,,,,,,,,,,False,False
2022-10-27,17777.25,17732.85,2022-10-25,17660.95,0.006585149722976302,0.1393012850592001,2022-10-27,17650.0,0.1286020104220124,0.14018817544873852,0.13439509293537547,0.008466095079390884,0.7778261006076592,0.44033478388306546,0.4036901174261856,0.8360158006253491,0.9647799937973323,True,False
2022-10-28,17760.4,17786.0,2022-10-27,17732.85,0.0015536137733078714,0.13900512407333063,2022-11-03,17750.0,0.14969128562967793,0.13764967727915728,0.1436704814544176,0.009050389634983485,0.17166263950697924,0.4522769440440956,0.4028847333482329,-0.6965126283267917,1.0335624849241227,True,False
2022-10-31,17910.6,18014.1,2022-10-28,17786.0,0.007005509951647282,0.13460789507905285,2022-11-03,17800.0,0.14172291114942553,0.1359001863984115,0.13881154877391852,0.008744305646654793,0.8011510844577234,0.45376957059977546,0.4016540773113644,0.8648773496419805,1.031228879200562,True,False
2022-11-01,18090.85,18151.2,2022-10-31,18014.1,0.0042605514569142855,0.13632098206612797,2022-11-03,18000.0,0.15655411409833908,0.16476179886984088,0.16065795648408998,0.010120499976208073,0.42098230985922297,0.4576500054460632,0.40389798544545735,-0.09078454686125656,1.1785269886491603,True,False
2022-11-02,18178.75,18091.2,2022-11-01,18151.2,0.0015178059852791748,0.12903746550588635,2022-11-03,18150.0,0.172161393684872,0.15830984301678724,0.16523561835082962,0.010408865568720853,0.1458185789083736,0.45094725126315044,0.4010566936180339,-0.7608118184043603,1.280524363238458,True,False
2022-11-03,17972.6,18058.5,2022-11-02,18091.2,-0.006555673476607571,0.12143012060509865,2022-11-03,18100.0,0.23662781775447195,0.20624441471713062,0.22143611623580128,0.013949164163045771,0.4699689099634306,0.4431855549012663,0.40240057126844536,0.0665589389640723,1.8235682805251496,True,False
2022-11-04,18064.75,18124.8,2022-11-03,18058.5,0.00034609740565394453,0.09989595105916876,2022-11-10,18050.0,0.15656032474193948,0.12805631956778302,0.14230832215486125,0.008964581664681578,0.038607200938052685,0.4464696787147044,0.4017910606952077,-1.0151108814390712,1.424565466828295,True,False
2022-11-07,18215.35,18202.9,2022-11-04,18124.8,0.004995917196327637,0.09999065238356913,2022-11-10,18100.0,0.1397015537875838,0.11898330758985734,0.1293424306887206,0.00814780727549913,0.6131609434786969,0.4457016273878436,0.40253770019232127,0.41600902477170687,1.293545222532968,True,False
2022-11-09,18296.4,18182.05,2022-11-07,18202.9,0.005136544177026803,0.09964025612200544,2022-11-10,18200.0,0.13775212295893885,0.11865422661291353,0.1282031747859262,0.008076040899345407,0.6360225562308802,0.44911926073781694,0.40308319267626164,0.4636841696428053,1.2866604299867175,True,False
2022-11-10,18071.05,18031.6,2022-11-09,18182.05,-0.006104922162242454,0.09740499421197935,2022-11-10,18200.0,0.15739059750493495,0.14461228872888626,0.1510014431169106,0.009512196811885988,0.6417993953419924,0.45873817378458653,0.40049097773859,0.4570919989036414,1.550243335452503,True,False
2022-11-11,18284.9,18354.0,2022-11-10,18031.6,0.01404756094855708,0.08796219008330924,2022-11-17,18050.0,0.1429927849550115,0.11698991400448594,0.12999134947974872,0.008188685316978585,1.715484281638053,0.4683532475455699,0.3977913671415023,3.1351385100543268,1.4778093787414062,True,False
2022-11-14,18379.0,18329.85,2022-11-11,18354.0,0.001362100904434893,0.10199742502985792,2022-11-17,18350.0,0.12336995996826727,0.10783224468269437,0.11560110232548082,0.0072821849532893525,0.18704563440394822,0.49385708934354083,0.42729349421912693,-0.7180344636425752,1.133372752220369,True,False
2022-11-15,18370.75,18398.7,2022-11-14,18329.85,0.0022313330441876555,0.09618323061462301,2022-11-17,18350.0,0.14090504191427577,0.12670828391987876,0.13380666291707727,0.008429027472429403,0.26472010578754746,0.4843739136682769,0.42768996454609093,-0.5135818609020881,1.3911641568081645,True,False
2022-11-16,18417.05,18422.9,2022-11-15,18398.7,0.000997353073858509,0.09326675179763746,2022-11-17,18400.0,0.13892823490749362,0.1278316867536029,0.13337996083054826,0.00840214776755159,0.11870215823984973,0.48687400314802026,0.42592727361648514,-0.8644007268707594,1.4300911982004598,True,False
2022-11-17,18363.65,18359.85,2022-11-16,18422.9,-0.0032161060419368948,0.09262309686672941,2022-11-17,18400.0,0.13563546583310948,0.1394366468068336,0.13753605631997154,0.008663957174457573,0.3712052099493724,0.47482813985387745,0.42594950558860795,-0.24327515009393277,1.4849002135813387,True,False
2022-11-18,18385.05,18320.4,2022-11-17,18359.85,0.0013725602333352072,0.09105478775170113,2022-11-24,18350.0,0.13557786754004547,0.10171826719788868,0.11864806736896708,0.007474125709445822,0.1836415771814704,0.47699068406896983,0.4250730515574367,-0.6901145716311342,1.303040403460283,True,False
2022-11-21,18262.3,18163.9,2022-11-18,18320.4,-0.0031713281369403212,0.0925008153201884,2022-11-24,18300.0,0.14265057468990938,0.09050473958350144,0.11657765713670541,0.007343702124054207,0.4318432424638623,0.4765744890109393,0.42535241072399366,-0.10516279071027199,1.2602878875518648,True,False
2022-11-22,18189.85,18240.9,2022-11-21,18163.9,0.0014286579424021006,0.1001127597954532,2022-11-24,18150.0,0.1560290042192577,0.10829945000011904,0.13216422710968836,0.008325563741697531,0.1715989435342196,0.4819472678149696,0.42266434335367487,-0.7342666329935912,1.320153668520592,True,False
2022-11-23,18325.4,18266.5,2022-11-22,18240.9,0.004632446863915618,0.10046278297070128,2022-11-24,18250.0,0.1454046046239768,0.0905638519849461,0.11798422830446145,0.007432307779082688,0.6232851224155527,0.4750883325071865,0.4243303417028783,0.3492486285888448,1.174407325933526,True,False
2022-11-24,18327.0,18477.15,2022-11-23,18266.5,0.0033120740152738914,0.10023888453507403,2022-11-24,18250.0,0.1464319033947316,0.10857352125283815,0.12750271232378488,0.008031915911784409,0.4123641297606744,0.4748408036140755,0.4242379386294886,-0.1472680026101239,1.2719885393294768,True,False
2022-11-25,18533.15,18523.0,2022-11-24,18477.15,0.0030307704380816425,0.105505625955595,2022-12-01,18500.0,0.11013368063306939,0.08788956373394122,0.0990116221835053,0.006237145933396216,0.4859226432162931,0.48065743965682584,0.42087990324271535,0.012509990424586464,0.9384487441947136,True,False
2022-11-28,18454.7,18563.85,2022-11-25,18523.0,-0.0036873076715434605,0.10529885965819562,2022-12-01,18500.0,0.1113486394873523,0.0901512215381784,0.10074993051276535,0.006346649065328936,0.5809849628659677,0.4837897484512947,0.4201961443079912,0.2313091534305746,0.9567998251814286,True,False
2022-11-29,18561.4,18624.15,2022-11-28,18563.85,-0.00013197693366395757,0.10525713672284817,2022-12-01,18550.0,0.1296985810199764,0.10973183534216235,0.11971520818106937,0.007541349261891303,0.017500440449148346,0.4868959739396225,0.4202146021841688,-1.1170376542144784,1.1373595359741795,True,False
2022-11-30,18634.3,18747.25,2022-11-29,18624.15,0.0005449913150397112,0.09760276626809387,2022-12-01,18600.0,0.1142991087037967,0.11035345121085743,0.11232627995732707,0.007075890534859675,0.07702087989558182,0.45371785875791154,0.37412487432403824,-1.0068749893813895,1.1508513974777197,True,False
2022-12-01,18874.3,18806.85,2022-11-30,18747.25,0.006776993959114019,0.09685848521038952,2022-12-01,18750.0,0.10124023756094863,0.13016742875203446,0.11570383315649155,0.007288656387356813,0.9298001715199055,0.44659102968334063,0.3771987938832769,1.2810463598303354,1.1945657926114313,True,False
2022-12-02,18775.3,18698.0,2022-12-01,18806.85,-0.001677580243368726,0.0951927425507624,2022-12-08,18800.0,0.13184279083875317,0.09726083053890242,0.11455181068882779,0.00721608579320926,0.23247786839610785,0.43848405797562234,0.3608799788960333,-0.5708440523902361,1.20336705949765,True,False
2022-12-05,18728.6,18706.9,2022-12-02,18698.0,0.0016365386672370086,0.09827978164377774,2022-12-08,18700.0,0.12547557026236766,0.09403934389421903,0.10975745707829335,0.006914069903905004,0.23669686450706934,0.4376548448466819,0.36130200897809467,-0.5562049901355417,1.1167857238034704,True,False
2022-12-06,18628.6,18639.45,2022-12-05,18706.9,-0.004185621348272717,0.09810976107616541,2022-12-08,18700.0,0.15089857265837908,0.11216392467362077,0.1315312486659999,0.008285689847715046,0.5051626871390787,0.44091034757248837,0.35854019652202157,0.17920540064925186,1.3406540513730172,True,False
2022-12-07,18647.55,18572.95,2022-12-06,18639.45,0.00043456217860504687,0.09922719289128971,2022-12-08,18650.0,0.17970204790845218,0.10628724770609335,0.14299464780727278,0.009007816116935985,0.04824278970215741,0.4461631651808158,0.3571076587784347,-1.114286870351178,1.4410832720414992,True,False
2022-12-08,18578.3,18604.5,2022-12-07,18572.95,0.0002880533248621475,0.100354049887626,2022-12-08,18550.0,0.19750724628166627,0.11895487238016914,0.1582310593309177,0.009967619825617013,0.028898907653143416,0.4376716753230373,0.3604515429344786,-1.134057477856875,1.5767281889281095,True,False
2022-12-09,18664.65,18499.05,2022-12-08,18604.5,0.003233088768846315,0.09406697506203412,2022-12-15,18600.0,0.12966232214623874,0.08537781682585718,0.10752006948604796,0.006773127733534935,0.4773405871025773,0.42902799280084797,0.36397381472934004,0.13273645615868218,1.143016126702724,True,False
2022-12-12,18415.0,18495.2,2022-12-09,18499.05,-0.004543476556904236,0.07519927650694228,2022-12-15,18500.0,0.11640633896735034,0.08758769695632737,0.10199701796183885,0.006425208190409851,0.7071329709885115,0.4273438323691666,0.3635044629589121,0.7696993218236503,1.356356373354505,True,False
2022-12-13,18529.9,18611.95,2022-12-12,18495.2,0.0018761624637744223,0.07496565632227073,2022-12-15,18500.0,0.15305384151914797,0.09584666526892735,0.12445025339403766,0.007839629073323707,0.23931775932595242,0.43422302070634594,0.36484865245301445,-0.5342085274811138,1.6600968963579406,True,False
2022-12-14,18671.9,18666.3,2022-12-13,18611.95,0.003221048842276142,0.07697866140680935,2022-12-15,18600.0,0.15841868253482927,0.12352851949325849,0.14097360101404388,0.00888050213591436,0.3627102153660475,0.4298040612300774,0.3655884892389859,-0.1835228620126783,1.8313334947335638,True,False
2022-12-15,18618.6,18430.45,2022-12-14,18666.3,-0.002555407338358462,0.07738959436344707,2022-12-15,18650.0,0.16267615364509957,0.13548743901698745,0.14908179633104351,0.009391270430921968,0.2721045418886516,0.41305152284096647,0.34428384836185383,-0.40939179000977965,1.9263803817203926,True,False
2022-12-16,18331.2,18267.8,2022-12-15,18430.45,-0.0053851099674723235,0.08976692592045545,2022-12-22,18450.0,0.1161218866232083,0.10122840426350052,0.10867514544335441,0.006845890679449762,0.7866193340827861,0.4147827574936941,0.3432916335901325,1.0831507097928295,1.2106368167230543,True,False
2022-12-19,18288.25,18421.6,2022-12-16,18267.8,0.0011194560921403696,0.09506285730105414,2022-12-22,18250.0,0.12297416303213118,0.10228473187530793,0.11262944745371956,0.007094988292027594,0.1577812458687586,0.4223979162451137,0.3464259450895734,-0.7638477259777255,1.1847892084395681,True,False
2022-12-20,18355.2,18392.55,2022-12-19,18421.6,-0.0036044643244885766,0.09420958744927649,2022-12-22,18400.0,0.1550630162304074,0.1025718762577569,0.12881744624408215,0.008114736364006494,0.44418748346236375,0.42324561526701115,0.3457023629849726,0.06057774096343948,1.367349648075244,True,False
2022-12-21,18445.7,18201.65,2022-12-20,18392.55,0.002889756994000292,0.09358923207701886,2022-12-22,18400.0,0.12631729686501803,0.11952334457744787,0.12292032072123295,0.007743252373921002,0.37319679825145446,0.4204751613398257,0.34484196985287796,-0.13710153409847967,1.3134023860787338,True,False
2022-12-22,18291.05,18143.0,2022-12-21,18201.65,0.00491164262580579,0.10101555636746004,2022-12-22,18200.0,0.21929590348996475,0.14298994147313288,0.1811429224815488,0.01141093153918165,0.4304330990805361,0.4233626297147212,0.34368753396875684,0.02057237655427342,1.793218084377151,True,False
2022-12-23,18003.25,17796.4,2022-12-22,18143.0,-0.007702695254368064,0.09149642112828378,2022-12-29,18150.0,0.15378281909834923,0.1108233985271182,0.13230310881273372,0.008334312466647892,0.9242148389795292,0.42622870769138815,0.3430054890712139,1.451831376333311,1.445992173040696,True,False
2022-12-26,17832.9,18007.6,2022-12-23,17796.4,0.002050976602009369,0.11094239821099038,2022-12-29,17800.0,0.17472436312618417,0.12084662363900012,0.14778549338259214,0.009309611020793347,0.2203074432893533,0.44017264700282116,0.34599778019943966,-0.6354526424612706,1.3320921105521222,True,False
2022-12-27,18081.9,18115.15,2022-12-26,18007.6,0.0041260356738268555,0.12064867607146273,2022-12-29,18000.0,0.16219235211072464,0.14977590293891785,0.15598412752482124,0.009826076426287193,0.4199067353871466,0.4325902014276528,0.34574363832527955,-0.03668459700934088,1.2928788993293931,True,False
2022-12-28,18093.0,18144.75,2022-12-27,18115.15,-0.0012227334579069105,0.1224426052579227,2022-12-29,18100.0,0.14646801162992218,0.13637228988409167,0.14142015075700692,0.008908632125626266,0.13725266019119112,0.43332781846709895,0.3456673023141317,-0.8565321518517361,1.1549913566369194,True,False
2022-12-29,18059.8,18194.7,2022-12-28,18144.75,-0.004681795009575773,0.11938484336803326,2022-12-29,18150.0,0.13518563622204094,0.13531678305107597,0.13525120963655846,0.008520025362357056,0.5495048207556696,0.4282821119246946,0.3477714924702279,0.3485699991391695,1.1329010100521153,True,False
2022-12-30,18264.7,18103.7,2022-12-29,18194.7,0.003847274206224993,0.11916767332244485,2023-01-05,18200.0,0.1286667725854862,0.10819292204104142,0.11842984731326381,0.0074603791380535005,0.5156941939587257,0.4283122166191493,0.34778208292962975,0.25125497151403653,0.9938085053722193,True,False
2023-01-02,18133.65,18193.45,2022-12-30,18103.7,0.0016543579489276539,0.1188356989772882,2023-01-05,18100.0,0.1329525756442182,0.11175194672906041,0.1223522611866393,0.007707467986815909,0.21464350572166285,0.4361052109387258,0.3443399911860025,-0.6431483733686795,1.0295917997673678,True,False
2023-01-03,18189.6,18229.7,2023-01-02,18193.45,-0.00021161461954721794,0.12091415261903077,2023-01-05,18200.0,0.15195959087904332,0.12830106339756475,0.14013032713830403,0.008827380874906617,0.023972526227883713,0.4395419509725489,0.3410122036420426,-1.2186350526648149,1.1589241135387887,True,False
2023-01-04,18237.95,18063.85,2023-01-03,18229.7,0.00045255818801193115,0.12116956878096073,2023-01-05,18250.0,0.15542846468947552,0.1119483157324305,0.13368839021095302,0.008421576992255798,0.05373793868156624,0.42246353270298387,0.3356052310978684,-1.0986884585058532,1.1033165468519797,True,False
2023-01-05,18087.45,17992.25,2023-01-04,18063.85,0.0013064767477588557,0.12422513114313213,2023-01-05,18050.0,0.15478203887672431,0.1447257565290243,0.1497538977028743,0.009433608837724103,0.13849172360575093,0.41316164047283443,0.33799309634110897,-0.8126494885264801,1.2055040419343808,True,False
2023-01-06,18013.4,17872.7,2023-01-05,17992.25,0.001175506120690839,0.12400210988366232,2023-01-12,18000.0,0.1337795646450916,0.11020853799282893,0.12199405131896027,0.007684902886171907,0.1529630417068804,0.4133340071932174,0.3378478908386147,-0.7706751249505731,0.9838062548565827,True,False
2023-01-09,17963.2,18104.05,2023-01-06,17872.7,0.00506358860161038,0.1244701258809357,2023-01-12,17850.0,0.13214033498911898,0.10822357055073811,0.12018195276992855,0.007570751407317647,0.668835671544581,0.39598186707038335,0.3234998151547131,0.8434434633098814,0.9655485757674168,True,False
2023-01-10,18127.6,17917.7,2023-01-09,18104.05,0.0013008139062806734,0.1348701659563194,2023-01-12,18100.0,0.12847678640228066,0.11704534086043378,0.12276106363135722,0.007733220120246358,0.16821115732565403,0.4052724941933114,0.323192706200251,-0.7334984123087654,0.9102165980215078,True,False
2023-01-11,17936.75,17901.0,2023-01-10,17917.7,0.0010631944948291672,0.135751452384108,2023-01-12,17900.0,0.15809972886839285,0.13719270775590603,0.14764621831214944,0.009300837516026146,0.11431169429604497,0.4068448629175079,0.3217794664958518,-0.909110739125531,1.0876216476445886,True,False
2023-01-12,17929.65,17861.5,2023-01-11,17901.0,0.0016004692475282134,0.13463488560411302,2023-01-12,17900.0,0.17429035636415835,0.1470562387316226,0.16067329754789048,0.01012146637239053,0.1581262228854501,0.40700813835963273,0.32162590884246095,-0.773824212016732,1.1934001861920251,True,False
2023-01-13,17871.05,17960.5,2023-01-12,17861.5,0.0005346695406320823,0.12872671297987634,2023-01-19,17850.0,0.15087346873441526,0.12630055434901716,0.1385870115417162,0.008730161130548078,0.061243948724061616,0.38713734695344715,0.2983418298622827,-1.0923489957134769,1.0765986976097286,True,False
2023-01-16,18019.25,17891.65,2023-01-13,17960.5,0.0032710670638345096,0.12803635771589866,2023-01-19,17950.0,0.1325011184263502,0.10447372833340235,0.11848742337987628,0.007464006089332688,0.4382454977507871,0.3855297097443472,0.2998551611153293,0.17580417095493822,0.9254201345120218,True,False
2023-01-17,17905.75,18055.95,2023-01-16,17891.65,0.0007880771197736891,0.1236244812455324,2023-01-19,17900.0,0.15340222486224891,0.13011091824658488,0.1417565715544169,0.00892982464386,0.08825225031888594,0.3811806151147935,0.2971085090529056,-0.9859305804794245,1.1466707089583017,True,False
2023-01-18,18074.5,18164.9,2023-01-17,18055.95,0.001027362171472479,0.1292274781696756,2023-01-19,18050.0,0.14307049983003,0.12979154201112192,0.13643102092057596,0.008594346487392726,0.11953930097879387,0.3739303710510921,0.29888490661752676,-0.8511338794294961,1.0557431194427713,True,False
2023-01-19,18110.25,18116.0,2023-01-18,18164.9,-0.0030085494552681835,0.12634615027418764,2023-01-19,18150.0,0.13069408661113197,0.13056218688952986,0.13062813675033091,0.008228799144502683,0.3656122117500061,0.3694141137743577,0.3006719885538365,-0.01264468314004866,1.0338909137069139,True,False
2023-01-20,18116.2,18029.95,2023-01-19,18116.0,1.1039964672221458e-05,0.12618465945315718,2023-01-25,18100.0,0.12193813935000661,0.11443016228711633,0.11818415081856147,0.00744490171369677,0.0014828892437774787,0.3687248293251546,0.3006318373088308,-1.2215670281924251,0.9365968203324613,True,False
2023-01-23,18118.8,18124.95,2023-01-20,18029.95,0.004927911613731517,0.10612080861185641,2023-01-25,18050.0,0.12206866367544011,0.09266883034324694,0.10736874700934353,0.006763595313507929,0.7285935046837779,0.3557857758024232,0.2994302001413102,1.2450572076744943,1.011759601286601,True,False
2023-01-24,18184.65,18125.05,2023-01-23,18124.95,0.0032938021897992442,0.09925145078506016,2023-01-25,18100.0,0.14718493192760213,0.09996478032571529,0.12357485612665871,0.007784484228850606,0.42312401091286944,0.36506795688870325,0.3022447930575742,0.19208289227039613,1.2450685118374092,True,False
2023-01-25,18100.6,17888.85,2023-01-24,18125.05,-0.0013489617959675515,0.09699735652983354,2023-01-25,18150.0,0.1262579795460393,0.10567957619626864,0.11596877787115396,0.00730534633559914,0.18465405115620953,0.3587675056629557,0.29689304274561235,-0.5864517837689186,1.1955869935020895,True,False
2023-01-27,17884.75,17600.45,2023-01-25,17888.85,-0.00022919304482948988,0.10723980770579197,2023-02-02,17900.0,0.16214942328453247,0.13661295980582056,0.1493811915451765,0.009410130556643845,0.024355989903633427,0.3548287013512388,0.2976204275107401,-1.1103831622433906,1.3929640004110946,True,False
2023-01-30,17577.45,17631.8,2023-01-27,17600.45,-0.0013067847697075807,0.11944150655850548,2023-02-02,17600.0,0.21040160306391537,0.1919818001546406,0.201191701609278,0.012673885912096743,0.1031084529852288,0.3528043248678264,0.29947350153419733,-0.8337828575931099,1.6844370722227051,True,False
2023-01-31,17735.7,17648.15,2023-01-30,17631.8,0.005892761941492131,0.1193302028618653,2023-02-02,17650.0,0.2551044918820786,0.2265334995562856,0.2408189957191821,0.01517017080126867,0.38844400756511743,0.3466899839181898,0.30078303706192994,0.1388177473529888,2.0180892175131073,True,False
2023-02-01,17815.3,17649.1,2023-01-31,17648.15,0.009471247694517348,0.11737181351577988,2023-02-02,17650.0,0.3454641778127966,0.22423248326761108,0.28484833054020386,0.017943758190031054,0.5278296549815998,0.3525205973619741,0.29808838189431175,0.588111004211436,2.426888722324358,True,False
2023-02-02,17561.15,17623.45,2023-02-01,17649.1,-0.004983256936614167,0.11680833380189806,2023-02-02,17650.0,0.2224451824488719,0.23551474570600034,0.22897996407743612,0.014424381908699989,0.3454745560784509,0.35109840922035584,0.2970254466161763,-0.018933910228816953,1.9603050281136305,True,False
2023-02-03,17722.35,17854.05,2023-02-02,17623.45,0.005611841041339716,0.11339461953167271,2023-02-09,17600.0,0.17065815762366826,0.14715287490242301,0.15890551626304564,0.010010106618770206,0.5606175093896412,0.34625594255114867,0.294660555338832,0.7274864685977287,1.4013497017701189,True,False
2023-02-06,17820.75,17770.55,2023-02-03,17854.05,-0.0018651230393104123,0.12359134891061023,2023-02-09,17850.0,0.13341639751865775,0.12450010087539023,0.12895824919702398,0.008123606116324296,0.22959299264429728,0.3449029111186095,0.2934644273389478,-0.39292639152182723,1.0434245627523286,True,False
2023-02-07,17795.55,17728.05,2023-02-06,17770.55,0.0014068219610534616,0.12245571960583912,2023-02-09,17750.0,0.1613800252440853,0.15764038562178428,0.1595102054329348,0.010048198456008796,0.14000738214044586,0.3201380563020469,0.2321296408215179,-0.7759916981050329,1.3025949783837518,True,False
2023-02-08,17762.3,17869.55,2023-02-07,17728.05,0.0019319665727477453,0.1121959083294798,2023-02-09,17750.0,0.17168862547889024,0.14222509714518333,0.1569568613120368,0.009887352895164393,0.19539775643009688,0.31935408543098853,0.23266556449173847,-0.5327661154828656,1.3989535237872477,True,False
2023-02-09,17887.75,17895.8,2023-02-08,17869.55,0.0010184923515141886,0.11091919185865093,2023-02-09,17850.0,0.15364988570312937,0.15888878906908732,0.15626933738610835,0.009844042958773596,0.10346281053217547,0.31819871294169766,0.23311315488143053,-0.9211659570166443,1.4088575184107819,True,False
2023-02-10,17847.65,17860.45,2023-02-09,17895.8,-0.0026905754422824613,0.11101095390346011,2023-02-16,17900.0,0.12552124325744674,0.09904725280468168,0.11228424803106421,0.007073242772383091,0.38038782618738853,0.3179447238132365,0.23334239037338467,0.2676029086452453,1.0114699863646917,True,False
2023-02-13,17860.9,17775.0,2023-02-10,17860.45,2.5195333824168387e-05,0.11095276489067513,2023-02-16,17850.0,0.10525152860070572,0.09851845873861306,0.10188499366965939,0.006418151323316878,0.003925637236478794,0.3180977674172034,0.23338092285021658,-1.346177426774337,0.918273589396799,True,False
2023-02-14,17826.6,17927.9,2023-02-13,17775.0,0.002902953586497725,0.1101884258962845,2023-02-16,17800.0,0.13949238604800784,0.12262583442084493,0.1310591102344264,0.008255947922135532,0.35161965819993085,0.3151025017514535,0.23627117489823637,0.1545561216437238,1.1894090433580253,True,False
2023-02-15,17901.65,18008.8,2023-02-14,17927.9,-0.0014641982608113446,0.11396953169778741,2023-02-16,17950.0,0.13138752261729536,0.13726377962423236,0.13432565112076386,0.008461720656246804,0.17303788677193105,0.3137654420137213,0.235825914521286,-0.5967433881363703,1.178610187474971,True,False
2023-02-16,18097.45,18041.35,2023-02-15,18008.8,0.004922593398782871,0.11018973931868992,2023-02-16,18000.0,0.12632338276268906,0.12354206349315117,0.12493272312792011,0.007870021809775337,0.6254866273265632,0.3137894244010165,0.23581128452438427,1.3218078327091909,1.1337963398442268,True,False
2023-02-17,17980.25,17945.15,2023-02-16,18041.35,-0.00338666452344194,0.10806605279392996,2023-02-23,18050.0,0.11295296279553962,0.08929028109202103,0.10112162194378033,0.00637006342463654,0.5316531873676242,0.3138261161495333,0.2358604237887389,0.9235422701232805,0.9357390163644461,True,False
2023-02-20,17966.4,17835.65,2023-02-17,17945.15,0.0011841639663083825,0.10923499902128869,2023-02-23,17950.0,0.1087049037896903,0.09961753916042915,0.10416122147505973,0.0065615401971363925,0.18047042778541217,0.3158142671096492,0.23720405144355686,-0.5705797961736854,0.953551722509375,True,False
2023-02-21,17905.85,17821.4,2023-02-20,17835.65,0.003935937294127001,0.11004310421387922,2023-02-23,17850.0,0.146720056790337,0.1209993186399313,0.13385968771513415,0.008432367720738403,0.4667653765201715,0.3107233968524678,0.2367687148966864,0.6590481336851972,1.2164295861280425,True,False
2023-02-22,17752.35,17550.55,2023-02-21,17821.4,-0.003874555309908434,0.10789726524584459,2023-02-23,17800.0,0.1378384495970223,0.121033741249295,0.12943609542315865,0.008153707599164369,0.4751893862744743,0.30881973708003796,0.2350115895807388,0.7079210412186062,1.1996235041568264,True,False
2023-02-23,17585.25,17514.45,2023-02-22,17550.55,0.001977146015367026,0.11924971180302849,2023-02-23,17550.0,0.15941069331863772,0.13759545454717337,0.14850307393290554,0.00935481434655016,0.2113506417255787,0.3164478861771267,0.23281319328417818,-0.45142306142102284,1.2453118056855055,True,False
2023-02-24,17593.6,17474.6,2023-02-23,17514.45,0.004519125636260224,0.1113775641372259,2023-03-02,17500.0,0.146107733273804,0.10417504012816434,0.12514138670098418,0.007883166379346902,0.573262749864049,0.31868671554096006,0.2311114043898007,1.1015295199094197,1.1235780533573188,True,False
2023-02-27,17443.0,17395.1,2023-02-24,17474.6,-0.001808338960548328,0.09632682063984929,2023-03-02,17450.0,0.12269117779392197,0.10375801067226662,0.11322459423309429,0.007132479015165846,0.253535826281892,0.31274442518002904,0.21942015440515178,-0.2698412051465902,1.1754212739608951,True,False
2023-02-28,17397.95,17295.4,2023-02-27,17395.1,0.00016383924208551726,0.09709484834224053,2023-03-02,17400.0,0.15337355163066485,0.11340548221514743,0.13338951692290613,0.008402749744786936,0.01949828890086404,0.3130953911447921,0.2193064025130866,-1.3387529906994318,1.373806326497714,True,False
2023-03-01,17361.1,17448.0,2023-02-28,17295.4,0.003798697919677796,0.09851959718440645,2023-03-02,17300.0,0.1598353500391237,0.11641277104386272,0.1381240605414932,0.008700997958743347,0.43658186540092325,0.3094754148846886,0.22236017746054731,0.5716241638581475,1.4019957905730789,True,False
2023-03-02,17432.9,17322.0,2023-03-01,17448.0,-0.0008654287024300045,0.10448944779726671,2023-03-02,17450.0,0.1374923199764616,0.11650157166647038,0.12699694582146598,0.008000055616865296,0.10817783573973577,0.30833240118905275,0.2215118704061431,-0.90358392569361,1.2154045073323474,True,False
2023-03-03,17434.3,17590.05,2023-03-02,17322.0,0.006483085094100005,0.10712205525051717,2023-03-09,17300.0,0.12134691466680897,0.09676337192595855,0.10905514329638376,0.006869828294160575,0.9437040951388399,0.3093313186230124,0.22045170842195097,2.877604265609136,1.0180456586773456,True,False
2023-03-06,17684.4,17711.05,2023-03-03,17590.05,0.005363827845856095,0.11148913134190543,2023-03-09,17600.0,0.096319095129242,0.08003888201765294,0.08817898857344747,0.0055547541577749575,0.9656283056826873,0.324578071747774,0.2320570160299388,2.762468659220406,0.7909200431657111,True,False
2023-03-08,17670.25,17758.25,2023-03-06,17711.05,-0.0023036465935107886,0.11357743932878711,2023-03-09,17700.0,0.09318759348783207,0.0928751429057279,0.09303136819677998,0.005860425342303888,0.39308522145683783,0.3327162003907759,0.2456679697635289,0.2457341961354221,0.8191007716547493,True,False
2023-03-09,17758.7,17600.95,2023-03-08,17758.25,2.534033477408215e-05,0.11366814650941633,2023-03-09,17750.0,0.10242020721295242,0.12781035251610928,0.11511527986453085,0.007251581014884519,0.0034944565498294575,0.32748207123191464,0.24085388582886083,-1.3451624978651795,1.0127312127412462,True,False
2023-03-10,17451.5,17414.35,2023-03-09,17600.95,-0.008491018950681717,0.11391649546530302,2023-03-16,17600.0,0.11904876360691485,0.09875723124450483,0.10890299742570984,0.006860244005188942,1.2377138399536942,0.3235516828523126,0.24421764453452546,3.743227312030458,0.9559897096630733,True,False
2023-03-13,17428.3,17134.9,2023-03-10,17414.35,0.0008010634907418268,0.1187766825003844,2023-03-16,17400.0,0.11629869130424161,0.10702793694045387,0.11166331412234774,0.0070341276127861615,0.11388242221902653,0.33813507659544,0.27122733452570225,-0.8268069837745748,0.9401114071525476,True,False
2023-03-14,17177.2,17034.1,2023-03-13,17134.9,0.0024686458631213437,0.12977483643032933,2023-03-16,17150.0,0.19084429312041867,0.17472942382977008,0.18278685847509438,0.011514489772758542,0.21439472454626418,0.33549804126761296,0.27264566117212435,-0.44417841164505034,1.408492304848521,True,False
2023-03-15,17180.7,16974.25,2023-03-14,17034.1,0.008606266254160833,0.1301410051090444,2023-03-16,17050.0,0.21408350650478514,0.15880705847236254,0.18644528248857384,0.011744948823475054,0.7327631974827491,0.32596096444200423,0.26653781425461814,1.5262458506249135,1.4326405603856558,True,False
2023-03-16,16995.4,16978.6,2023-03-15,16974.25,0.0012460049781286564,0.12388916307681368,2023-03-16,16950.0,0.18623991725833178,0.17376160356867,0.18000076041350088,0.011338982091824839,0.10988684593011211,0.33554399696890413,0.27069263160637186,-0.8336287164511066,1.452917720510364,True,False
2023-03-17,17119.5,17105.75,2023-03-16,16978.6,0.008298681870118951,0.12150073974015567,2023-03-23,17000.0,0.1770375766758166,0.15752993681920685,0.16728375674751172,0.010537886160346172,0.78750915922272,0.32997231967669993,0.271856476183746,1.6830087918772771,1.3768126606082292,True,False
2023-03-20,17043.9,16994.0,2023-03-17,17105.75,-0.0036157432442306403,0.12601810021270884,2023-03-23,17100.0,0.15295251335779114,0.11280883822865925,0.1328806757932252,0.00837069576654939,0.4319525335850475,0.3368775256928877,0.2781616822460049,0.3417976448965961,1.0544570626674492,True,False
2023-03-21,17068.25,17117.9,2023-03-20,16994.0,0.004369189125573714,0.1264310895300181,2023-03-23,17000.0,0.18846588588483387,0.16435868995183128,0.17641228791833258,0.01111292957256744,0.39316267569617036,0.3369028496012962,0.2781704129577949,0.20224949697799147,1.3953236389412558,True,False
2023-03-22,17179.75,17151.9,2023-03-21,17117.9,0.003613176849964095,0.13050821656603837,2023-03-23,17100.0,0.18556323266188735,0.1550827597794761,0.17032299622068173,0.010729340251317096,0.33675666586494485,0.32805198021324017,0.2674068018191886,0.032552222278887634,1.3050748887867663,True,False
2023-03-23,17101.35,17065.8,2023-03-22,17151.9,-0.002947195354450649,0.13122617891098962,2023-03-23,17150.0,0.20214318703237955,0.19229827353598777,0.19722073028418366,0.012423738231392737,0.23722291145861177,0.3299928005895001,0.26703387524528077,-0.3474086912968463,1.5029069041014902,True,False
2023-03-24,17092.7,16969.75,2023-03-23,17065.8,0.0015762519190427593,0.12218817036107474,2023-03-29,17050.0,0.14326492302107513,0.13363505825927713,0.13844999064017613,0.008721529625074435,0.1807311316711037,0.3269480701906912,0.2670327807861511,-0.5475617566095116,1.1330883360561546,True,False
2023-03-27,16989.4,16985.5,2023-03-24,16969.75,0.0011579428100001454,0.12310808182756959,2023-03-29,16950.0,0.14281493822823482,0.13484977877625426,0.13883235850224454,0.008745616536321495,0.13240265053825345,0.3276727113820231,0.2665678720164868,-0.7325341173586459,1.1277274118907892,True,False
2023-03-28,17034.45,16950.4,2023-03-27,16985.5,0.002881869830149375,0.12338257271596587,2023-03-29,17000.0,0.19935205918416432,0.1331556405706164,0.16625384987739036,0.010473008125777172,0.27517116338869635,0.3207210085450661,0.26612309929312256,-0.17116080970558153,1.3474662281529561,True,False
2023-03-29,16987.25,17075.35,2023-03-28,16950.4,0.0021739899943362673,0.12285286508824751,2023-03-29,16950.0,0.18420504084389305,0.14071360567620123,0.16245932326004714,0.010233975416903235,0.21242869029620054,0.3167122913688989,0.26494530267696614,-0.3936042648011988,1.3223893732014274,True,False
2023-03-31,17214.9,17365.9,2023-03-29,17075.35,0.00817259968316919,0.12531505595928186,2023-04-06,17100.0,0.13287385613076602,0.09247374631909672,0.11267380122493137,0.0070977823169879346,1.1514300267576216,0.3166753777784745,0.264959918360455,3.1504940601753044,0.8991242142647412,True,False
2023-04-03,17428.05,17395.05,2023-03-31,17365.9,0.0035788528092408622,0.13638057009151675,2023-04-06,17350.0,0.1130090161551468,0.1135162944592902,0.1132626553072185,0.007134876637469766,0.5015998160985762,0.3354663361206368,0.28320131486332345,0.5866267960589007,0.8304896748210892,True,False
2023-04-05,17431.35,17556.7,2023-04-03,17395.05,0.0020868005553302815,0.1339411776334061,2023-04-06,17400.0,0.11503061758604385,0.10535460932448351,0.11019261345526368,0.00694148217902137,0.3006275175116108,0.3429307007442537,0.28154725462334257,-0.15025251547643964,0.8226940766256238,True,False
2023-04-06,17535.5,17599.45,2023-04-05,17556.7,-0.0012075162188794897,0.12619152467867403,2023-04-06,17550.0,0.10867883674585135,0.13392229508578352,0.12130056591581743,0.007641217412015495,0.1580266800131509,0.34563296397601806,0.2803272503160078,-0.66924026740669,0.9612417808936803,True,False
2023-04-10,17635.35,17625.75,2023-04-06,17599.45,0.0020398364721623263,0.12391365704246113,2023-04-13,17600.0,0.0892066470259405,0.095165864099926,0.09218625556293325,0.005807188250423001,0.35126060740561366,0.34571735794778924,0.28026901908305524,0.01977831683273464,0.7439555716715234,True,False
2023-04-11,17709.25,17719.85,2023-04-10,17625.75,0.004737387061543474,0.12361307156045591,2023-04-13,17650.0,0.11209453996422403,0.09992819379620302,0.10601136688021352,0.0066780884026446255,0.7093926848388824,0.34042444021213975,0.2770436251748834,1.3318055753632012,0.8576064451918918,True,False
2023-04-12,17747.75,17804.45,2023-04-11,17719.85,0.001574505427529127,0.12088866712934745,2023-04-13,17700.0,0.11260441787233402,0.09141101226695622,0.10200771506964512,0.006425882044862305,0.24502557260415225,0.34944413233736016,0.2801342264450132,-0.3727447411846476,0.8438153674115685,True,False
2023-04-13,17809.55,17822.15,2023-04-12,17804.45,0.0002864452426218911,0.11454397044228377,2023-04-13,17800.0,0.1151140327424755,0.12594235166228812,0.12052819220238181,0.007592562441421349,0.0377270842132538,0.3516226969758287,0.2787796380320411,-1.1259631979524196,1.052243882737707,True,False
2023-04-17,17736.2,17712.7,2023-04-13,17822.15,-0.004822650465852951,0.09493827787517008,2023-04-20,17800.0,0.10018386585794356,0.07819244240687187,0.08918815413240772,0.005618325612553536,0.8583785986125946,0.3496160446646254,0.28062324943583167,1.812973639820619,0.9394330308969483,True,False
2023-04-18,17746.75,17663.05,2023-04-17,17712.7,0.001922349500640852,0.09522641153928006,2023-04-20,17700.0,0.11860692547977852,0.09947177539966764,0.10903935043972308,0.006868833437703064,0.2798654994440635,0.3629016221627676,0.2855653196590495,-0.29077803571471844,1.145053653468243,True,False
2023-04-19,17659.1,17625.15,2023-04-18,17663.05,-0.0002236306866594262,0.09471560296657405,2023-04-20,17650.0,0.12685068364605018,0.0898029714651278,0.10832682755558899,0.006823948714968272,0.032771448907418406,0.3602619555243223,0.2855890666204823,-1.1467193422082371,1.143706254964332,True,False
2023-04-20,17651.9,17625.5,2023-04-19,17625.15,0.001517717579708533,0.09568351734299065,2023-04-20,17650.0,0.11272785486060885,0.10605987196500052,0.10939386341280469,0.006891165655877352,0.22024105289271326,0.35933727550079786,0.286572830203087,-0.4853782632132662,1.1432884832260861,True,False
2023-04-21,17651.4,17634.95,2023-04-20,17625.5,0.0014694618592381303,0.09353336388480614,2023-04-27,17650.0,0.10645936212397891,0.08010998865562313,0.09328467538980102,0.0058763821955904955,0.25006233603062467,0.36101563803269643,0.2854372474042595,-0.3887134668340276,0.9973411787550869,True,False
2023-04-24,17709.2,17746.85,2023-04-21,17634.95,0.004210389028605155,0.08870842516637355,2023-04-27,17650.0,0.10186570257790004,0.06827570487862664,0.08507070372826334,0.005358950617196193,0.7856741607385875,0.3590898067707068,0.2857952890488893,1.4926220631121303,0.9589923794578967,True,False
2023-04-25,17765.85,17770.95,2023-04-24,17746.85,0.0010706125312378578,0.08800248018150264,2023-04-27,17750.0,0.10702961114911277,0.08409976758414725,0.09556468936663001,0.006020009575791469,0.17784233027521407,0.37215966129562017,0.2870923823753321,-0.6768460013208016,1.0859317733946876,True,False
2023-04-26,17776.0,17817.0,2023-04-25,17770.95,0.00028417163967042747,0.08801502571260816,2023-04-27,17750.0,0.10986477742398307,0.08492428200189936,0.09739452971294121,0.006135278682822225,0.04631764168530135,0.36298047505547754,0.284293916240768,-1.113857227609454,1.1065670767507307,True,False
2023-04-27,17827.5,17912.1,2023-04-26,17817.0,0.0005893248021553443,0.08427275868240029,2023-04-27,17800.0,0.12069151920484522,0.09059945581646173,0.10564548751065347,0.006655040168794506,0.08855315478315055,0.35670036890168466,0.2870909186590601,-0.9340149642175797,1.2536137319154441,True,False
2023-04-28,17955.75,18062.35,2023-04-27,17912.1,0.0024369001959569925,0.07967951917144753,2023-05-04,17900.0,0.10041313787650463,0.0768975073915687,0.08865532263403667,0.0055847603831394475,0.43634820990960765,0.355098687295467,0.2883324237622842,0.2817911407741186,1.1126488156043686,True,False
2023-05-02,18126.3,18164.15,2023-04-28,18062.35,0.003540513831256753,0.08182848116914032,2023-05-04,18050.0,0.07793071263629361,0.07088268818729765,0.07440670041179563,0.0046871815515832985,0.7553609332799988,0.3619652242955666,0.28521123311458974,1.3793135168220285,0.9093007636057207,True,False
2023-05-03,18092.55,18087.4,2023-05-02,18164.15,-0.003941830473762953,0.07993572388095255,2023-05-04,18150.0,0.11992894075253019,0.09696021923702397,0.10844457999477708,0.0068313664214054845,0.5770193297510107,0.3728360989671461,0.2875980069653659,0.7099605207224312,1.3566472501866935,True,False
2023-05-04,18097.3,18264.5,2023-05-03,18087.4,0.0005473423488173701,0.08298120288034644,2023-05-04,18100.0,0.13393006348220426,0.11542603050510125,0.12467804699365276,0.007853978721295939,0.0696898181469807,0.37597902100357766,0.28879934710486255,-1.0605605792639963,1.5024854143586046,True,False
2023-05-05,18140.4,18080.05,2023-05-04,18264.5,-0.0067946015494537715,0.06955315299356858,2023-05-11,18250.0,0.09981982281949434,0.08101276851178715,0.09041629566564074,0.005695691257118397,1.192937124350266,0.368343357056334,0.2907662282314182,2.835933775079427,1.2999596966366331,True,False
2023-05-08,18126.05,18257.55,2023-05-05,18080.05,0.002544240751546578,0.0827819572044052,2023-05-11,18100.0,0.10730946198237479,0.07868551866645879,0.09299749032441679,0.005858291236941484,0.4342974168820743,0.38246773319419763,0.30960929419983796,0.16740351358581337,1.1234028943624441,True,False
2023-05-09,18316.55,18267.8,2023-05-08,18257.55,0.003231539828728369,0.08341794093219901,2023-05-11,18250.0,0.11888215418891757,0.09649601646638106,0.10768908532764931,0.006783774730785113,0.4763630805815939,0.38036239831907154,0.3088057920632511,0.3108772073901354,1.290958325322098,True,False
2023-05-10,18314.1,18316.55,2023-05-09,18267.8,0.0025345142819606092,0.08354508790817643,2023-05-11,18250.0,0.12322257070891748,0.10116963885673208,0.11219610478282478,0.007067690269654735,0.3586057375551098,0.38447523311802645,0.30840678091094476,-0.08388108551473994,1.342940771169436,True,False
2023-05-11,18389.7,18297.35,2023-05-10,18316.55,0.003993656010548019,0.08357745117610214,2023-05-11,18300.0,0.1337894489891503,0.11687565797876803,0.12533255348395916,0.007895208754744235,0.505832858206343,0.38811853904160415,0.30675662765912526,0.38373847066654304,1.4995976991434783,True,False
2023-05-12,18277.3,18319.4,2023-05-11,18297.35,-0.001095787094852474,0.08320389184615636,2023-05-18,18300.0,0.11119146045228975,0.08964737256820621,0.10041941651024798,0.006325828640198329,0.17322427735224244,0.3932924574045416,0.30606821227001463,-0.7190167787112571,1.206907685230915,True,False
2023-05-15,18322.65,18401.7,2023-05-12,18319.4,0.0001774075570160072,0.08236842123677528,2023-05-18,18300.0,0.09135034506345924,0.09493738399558169,0.09314386452952046,0.005867511945157176,0.030235568103518344,0.39445514851820934,0.3050794548297942,-1.1938515512881438,1.1308200780220155,True,False
2023-05-16,18413.75,18296.2,2023-05-15,18401.7,0.0006548308036757877,0.08305084302565416,2023-05-18,18400.0,0.11235453469033432,0.10433382019480258,0.10834417744256845,0.006825041655116432,0.09594531971609141,0.3886192775501449,0.3086808873198592,-0.9481440861959842,1.3045524102518895,True,False
2023-05-17,18307.55,18176.5,2023-05-16,18296.2,0.0006203473945407545,0.0825565881190916,2023-05-18,18300.0,0.12694419934825107,0.10536032332261383,0.11615226133543245,0.007316904707412795,0.08478276256793084,0.39015293892480507,0.3069609714953756,-0.9948175980459284,1.4069411537196472,True,False
2023-05-18,18270.85,18128.35,2023-05-17,18176.5,0.005190768299727644,0.0862087359819988,2023-05-18,18200.0,0.12960897900742374,0.0919320531725705,0.11077051608999712,0.006977886623152648,0.7438883117568376,0.3857056573309384,0.3094515836649504,1.157475590151482,1.2849105700044954,True,False
2023-05-19,18176.8,18209.95,2023-05-18,18128.35,0.0026726094763174224,0.08650499225544721,2023-05-25,18150.0,0.11899064118099939,0.07534596642199407,0.09716830380149673,0.006121027789922201,0.4366275677946876,0.3952198310806868,0.31157045448851534,0.13290007482248958,1.1232681636981252,True,False
2023-05-22,18206.4,18316.85,2023-05-19,18209.95,-0.00019494836614042388,0.08700233562004274,2023-05-25,18200.0,0.10039334198238958,0.07671259308091255,0.08855296753165107,0.005578312617750618,0.034947551257719624,0.3920721800884889,0.31015551264172264,-1.15143730894541,1.0178228768291953,True,False
2023-05-23,18365.9,18359.6,2023-05-22,18316.85,0.002677862187002944,0.0881521162226694,2023-05-25,18300.0,0.12014623060693591,0.09290071719574974,0.10652347390134283,0.0067103481127055355,0.3990645704255812,0.38379375281999045,0.31298273306850966,0.04879124626420865,1.2084051803392668,True,False
2023-05-24,18307.0,18287.05,2023-05-23,18359.6,-0.0028649861652758624,0.08661379677787263,2023-05-25,18350.0,0.11542872781597383,0.09488259224086645,0.10515566002842014,0.006624183937763213,0.4325040174296974,0.38743698853066,0.31184605377707214,0.14451691260218497,1.2140751697803926,True,False
2023-05-25,18265.05,18324.1,2023-05-24,18287.05,-0.001203037121897732,0.08892210862834907,2023-05-25,18300.0,0.10750984787144927,0.10488913491517932,0.10619949139331429,0.006689939133053667,0.17982781277542026,0.38686596587915206,0.3117296795618498,-0.6641592593773339,1.1942979426767333,True,False
2023-05-26,18368.55,18506.9,2023-05-25,18324.1,0.0024257671590965924,0.08884826296154301,2023-06-01,18300.0,0.11281431860565924,0.0881638714325409,0.10048909501910007,0.006330217973678053,0.38320436502870475,0.38194327298750114,0.31264204880006485,0.004033661006392924,1.1310192419022944,True,False
2023-05-29,18600.4,18604.0,2023-05-26,18506.9,0.005052169731289302,0.09299043183780084,2023-06-01,18500.0,0.09647073347721588,0.08950174268409888,0.09298623808065738,0.0058575824122110345,0.862500836651871,0.3848075017092199,0.3118388737070574,1.5318594800704612,0.9999549011972461,True,False
2023-05-30,18612.95,18643.3,2023-05-29,18604.0,0.00048107933777696843,0.09060984135848246,2023-06-01,18600.0,0.11393712739814266,0.10822657682358702,0.11108185211086484,0.006997498948995325,0.06875018364183393,0.389628136489017,0.3169945392420902,-1.012250727139899,1.22593584146548,True,False
2023-05-31,18596.65,18530.35,2023-05-30,18643.3,-0.0025022394104047274,0.0893276297188434,2023-06-01,18650.0,0.1083866821986085,0.09833148165792122,0.10335908192826486,0.006511010155289028,0.3843089398919316,0.3865483757783494,0.3192289222914105,-0.007015140953843458,1.1570785237846917,True,False
2023-06-01,18580.0,18498.95,2023-05-31,18530.35,0.002679388138918215,0.09105659368862819,2023-06-01,18550.0,0.14242869515886547,0.09136287991056954,0.11689578753471751,0.00736374245542635,0.3638622826826013,0.3926285532948671,0.3155726653564742,-0.0911557741535413,1.283770705660784,True,False
2023-06-02,18557.8,18554.25,2023-06-01,18498.95,0.0031812616391739823,0.08569662302581844,2023-06-08,18500.0,0.11316546756709481,0.08892374244339371,0.10104460500524426,0.006365211813538779,0.4997888102336912,0.3914165602495618,0.3155406387951143,0.3434494219126472,1.1790966952665314,True,False
2023-06-05,18619.65,18589.95,2023-06-02,18554.25,0.0035247989005215974,0.07595978992394946,2023-06-08,18550.0,0.10927292963388155,0.06694834735681657,0.08811063849534906,0.005550448507566856,0.6350475814191022,0.3979434098244611,0.31362700973070406,0.7560068624135107,1.159964220327162,True,False
2023-06-06,18605.75,18602.0,2023-06-05,18589.95,0.000849921597422254,0.06908567837145178,2023-06-08,18600.0,0.12465524944682105,0.0781379175416266,0.10139658349422383,0.006387384374221736,0.1330625413514138,0.3927991345957987,0.30698445886848547,-0.8460903662737471,1.467693245321361,True,False
2023-06-07,18667.3,18724.65,2023-06-06,18602.0,0.003510375228469975,0.06908053166118931,2023-06-08,18600.0,0.09868143892923284,0.09006297646948574,0.09437220769935929,0.005944890291634279,0.5904861244302216,0.3789230385236108,0.2993751995805475,0.7066820705356703,1.3661187230320535,True,False
2023-06-08,18734.3,18639.75,2023-06-07,18724.65,0.0005153634380348215,0.07175433874226232,2023-06-08,18700.0,0.11047829803426742,0.10760805479077784,0.10904317641252263,0.006869074451335219,0.07502661991596911,0.38221305357316726,0.30061558360490614,-1.0218579821228695,1.5196736298302433,True,False
2023-06-09,18666.3,18568.5,2023-06-08,18639.75,0.0014243753269223003,0.0741724686937965,2023-06-15,18650.0,0.10619649129664491,0.07775269331486298,0.09197459230575394,0.0057938547185138025,0.24584243066551567,0.38340525629593625,0.299226813403375,-0.45972760283677505,1.240009857100069,True,False
2023-06-12,18633.6,18594.85,2023-06-09,18568.5,0.0035059374747554717,0.07605518774645657,2023-06-15,18550.0,0.10377290958460234,0.07578203124380434,0.08977747041420334,0.0056554490488676425,0.6199220335045623,0.3668740661411333,0.277865594436481,0.9106847786485303,1.1804253342124724,True,False
2023-06-13,18649.95,18719.65,2023-06-12,18594.85,0.0029631860434475854,0.07478711832326236,2023-06-15,18600.0,0.13090087507120246,0.08037267512480004,0.10563677509800125,0.00665449133838505,0.44529114139123793,0.37530805966255887,0.2777362665847592,0.25197674970301986,1.412499605097676,True,False
2023-06-14,18753.8,18756.45,2023-06-13,18719.65,0.0018242862446680164,0.07400018752118967,2023-06-15,18700.0,0.10651484142592374,0.09467434092796723,0.10059459117694548,0.006336863606962144,0.2878847262332933,0.3791563332766418,0.27706771400616276,-0.3294198581409537,1.35938292248436,True,False
2023-06-15,18778.1,18693.3,2023-06-14,18756.45,0.0011542695979249729,0.06819762268621456,2023-06-15,18750.0,0.117557235001196,0.10269483601125776,0.11012603550622688,0.006937288162451082,0.16638628393333837,0.3717416920891508,0.27337249214193643,-0.7511926549259054,1.6148075426753508,True,False
2023-06-16,18728.95,18822.85,2023-06-15,18693.3,0.0019071004049580065,0.06883270000958669,2023-06-22,18700.0,0.10321160276500568,0.07742580892931092,0.0903187058471583,0.005689543676399433,0.33519391245184965,0.37268334938920467,0.27255129600316585,-0.1375500226457171,1.3121482352803122,True,False
2023-06-19,18881.45,18758.8,2023-06-16,18822.85,0.0031132373684112924,0.07073046024647107,2023-06-22,18800.0,0.10303860747631716,0.06751498253465671,0.08527679500548693,0.005371933147360795,0.5795376232373277,0.3651447619430234,0.26708354293716186,0.8027183514813027,1.2056587035956918,True,False
2023-06-20,18756.8,18812.7,2023-06-19,18758.8,-0.00010661662792932347,0.07107791937774152,2023-06-22,18750.0,0.13345447839888014,0.07173913029500137,0.10259680434694075,0.006462991181237043,0.016496483584697793,0.3676045134372281,0.268385679779815,-1.3082219220510616,1.4434412999864703,True,False
2023-06-21,18853.7,18861.4,2023-06-20,18812.7,0.0021793788238795297,0.07121747137636435,2023-06-22,18800.0,0.10799833421788954,0.08754278557184822,0.09777055989486888,0.006158966357746868,0.35385464009529205,0.3613267435687036,0.2721565015505885,-0.027455171678206717,1.3728451460762896,True,False
2023-06-22,18859.45,18774.55,2023-06-21,18861.4,-0.00010338575079271717,0.068644508341947,2023-06-22,18850.0,0.10670844998444967,0.09858638765248376,0.10264741881846672,0.006466179593246535,0.01598869151433657,0.3616117098058761,0.27213928979961344,-1.270022489387824,1.495347862455901,True,False
2023-06-23,18746.05,18674.35,2023-06-22,18774.55,-0.0015180124157436747,0.07199593883711307,2023-06-28,18750.0,0.13359171562861888,0.07578961972572029,0.10469066767716959,0.006594892172930924,0.23018002052777076,0.35792447280680484,0.27533322629820944,-0.46396308210428594,1.4541190707162883,True,False
2023-06-26,18693.9,18695.2,2023-06-23,18674.35,0.0010468905209553014,0.06769967593193942,2023-06-28,18650.0,0.11662039229535962,0.07367981696805045,0.09515010463170503,0.005993893192315871,0.1746595221779073,0.358748620954416,0.27486746132618367,-0.6697376906248325,1.4054735613116138,True,False
2023-06-27,18750.45,18820.7,2023-06-26,18695.2,0.002955304035260342,0.06537324077923584,2023-06-28,18700.0,0.1379354336100515,0.09432872415330498,0.11613207888167824,0.007315633332329921,0.40397104406531564,0.3594529021484102,0.2743312884551674,0.16227876217692475,1.776446715772498,True,False
2023-06-28,18890.5,18969.05,2023-06-27,18820.7,0.00370868246133238,0.06904564879502223,2023-06-28,18800.0,0.08727210360610382,0.11003276655098015,0.09865243507854199,0.006214519272589688,0.5967770472110732,0.3615995668263538,0.2741644828899301,0.8577970344872752,1.4288001749598191,True,False
2023-06-30,19058.6,19185.7,2023-06-28,18969.05,0.004720847907512482,0.06926159233576386,2023-07-06,18950.0,0.10084282499209365,0.07726200403924835,0.089052414515671,0.005609774820435808,0.841539644392666,0.368005372774935,0.27510854846597055,1.721263385882408,1.285740213478863,True,False
2023-07-03,19253.3,19309.3,2023-06-30,19185.7,0.003523457575173028,0.07723145092888554,2023-07-06,19200.0,0.07935386036291875,0.08537193060510631,0.08236289548401253,0.005188374731188143,0.6791062245355883,0.3628405330688524,0.2627842472860938,1.2035184556645695,1.066442420716037,True,False
2023-07-04,19408.05,19396.75,2023-07-03,19309.3,0.005114115995919155,0.07887087982169395,2023-07-06,19300.0,0.10947099959152776,0.10281809837672737,0.10614454898412756,0.0066864780865979806,0.7648445010490076,0.36579897320946925,0.2653594550783575,1.5037923850186719,1.3458015077819863,True,False
2023-07-05,19389.2,19395.45,2023-07-04,19396.75,-0.00038924046554189573,0.07937445077567408,2023-07-06,19400.0,0.09969817244555426,0.10596234199097757,0.10283025721826591,0.006477697329817527,0.060089325839628324,0.37353592293509247,0.27015128137099487,-1.160263225496282,1.2955082676273502,True,False
2023-07-06,19391.5,19497.55,2023-07-05,19395.45,-0.00020365601210592388,0.07959283821736726,2023-07-06,19400.0,0.11570227478286127,0.12735635800760325,0.12152931639523226,0.007655627337749267,0.02660213240810624,0.37190363369886714,0.27176653265830486,-1.2705813990897563,1.5268875833192037,True,False
2023-07-07,19443.45,19335.15,2023-07-06,19497.55,-0.0027747075914665853,0.07873332242128947,2023-07-13,19500.0,0.09317300049121155,0.10369925926571633,0.09843612987846394,0.006200893325763578,0.44746900901168263,0.3664926591155753,0.2753923586700262,0.29403993010979934,1.2502473774921867,True,False
2023-07-10,19405.35,19352.9,2023-07-07,19335.15,0.003630693322782541,0.08391568875602469,2023-07-13,19350.0,0.09918914233792386,0.08406311937216601,0.09162613085504494,0.005771903710416926,0.6290287407653726,0.36212726451845534,0.2719187772241867,0.981548530673434,1.0918832010237975,True,False
2023-07-11,19431.8,19420.2,2023-07-10,19352.9,0.004076908370321597,0.08131513314858368,2023-07-13,19350.0,0.11089006672789459,0.09698978460734983,0.10393992566762221,0.006547599871596847,0.6226569201345086,0.3685273173211423,0.2736295718927906,0.9287358857285188,1.278235940137947,True,False
2023-07-12,19507.7,19380.65,2023-07-11,19420.2,0.004505617861813915,0.08142030770573462,2023-07-13,19400.0,0.11379730455934531,0.0806729725955889,0.0972351385774671,0.00612523798506859,0.7355824986387793,0.37827614791983,0.2720595053666058,1.3133389705956853,1.1942369332340241,True,False
2023-07-13,19469.55,19404.9,2023-07-12,19380.65,0.004587049453965486,0.08089146475988324,2023-07-13,19400.0,0.14439369498014737,0.08553807074623967,0.11496588286319352,0.007242169888404581,0.633380537138434,0.37622954625359983,0.26882935938454205,0.9565584334745121,1.4212362602711692,True,False
2023-07-14,19495.35,19549.9,2023-07-13,19404.9,0.004661193822178777,0.08090581422967205,2023-07-20,19400.0,0.1080471798368039,0.06796279913015293,0.08800498948347842,0.005543793245384251,0.8407950325455726,0.38212146354850596,0.2705500349974459,1.6953373116414372,1.0877461690658414,True,False
2023-07-17,19590.25,19713.2,2023-07-14,19549.9,0.0020639491762104445,0.0810276278585675,2023-07-20,19550.0,0.0838563130071659,0.08060990966527509,0.0822331113362205,0.005180199098350615,0.3984304728495107,0.3955885232758085,0.27296539400378605,0.010411391466211974,1.0148774376038399,True,False
2023-07-18,19798.05,19751.95,2023-07-17,19713.2,0.004304222551386738,0.0822642988746415,2023-07-20,19700.0,0.10451439440412577,0.11693021173106888,0.11072230306759732,0.0069748494882187284,0.6171061552879432,0.39855834694175507,0.2719929094055269,0.803505535581242,1.3459338325647383,True,False
2023-07-19,19810.6,19834.55,2023-07-18,19751.95,0.0029693270790984716,0.07946511940891372,2023-07-20,19750.0,0.1210872586406413,0.1116040457114792,0.11634565217606024,0.007329087185273244,0.40514282393377865,0.40467574392937705,0.2727230901379223,0.0017126529483271322,1.464109700475824,True,False
2023-07-20,19841.15,19984.45,2023-07-19,19834.55,0.0003327526966834249,0.07966148316584282,2023-07-20,19850.0,0.1106509306788698,0.11959293738082744,0.11512193402984862,0.007252000187899127,0.045884264763073855,0.3983335549826303,0.26809820401230194,-1.3146275690954796,1.4451392248143642,True,False
2023-07-21,19798.35,19724.35,2023-07-20,19984.45,-0.009312240266807548,0.08153295833429901,2023-07-27,20000.0,0.10125949811524071,0.10619622725028832,0.10372786268276452,0.006534241159210763,1.4251448699105445,0.39613425389076123,0.2704683972005058,3.8045502789627164,1.2722200298125161,True,False
2023-07-24,19749.1,19690.35,2023-07-21,19724.35,0.0012547942010763258,0.0959952289068251,2023-07-27,19700.0,0.12790513988230212,0.08911121582714768,0.1085081778547249,0.006835372710008766,0.18357363296941806,0.41911470769451525,0.29747072750028397,-0.7918126153265697,1.1303496964421547,True,False
2023-07-25,19709.15,19671.4,2023-07-24,19690.35,0.0009547824187992049,0.09289555111597161,2023-07-27,19700.0,0.13466526546361962,0.11216369814267227,0.12341448180314595,0.007774381596072154,0.1228113653800566,0.4206983823309531,0.29593000104386735,-1.0066131041128845,1.3285295185888313,True,False
2023-07-26,19734.35,19777.0,2023-07-25,19671.4,0.003200077269538415,0.09364632919884489,2023-07-27,19650.0,0.12149746035138459,0.11596289731502474,0.11873017883320466,0.0074792982454972515,0.42785795732439896,0.4154727682554605,0.298406863100072,0.04150437071142382,1.2678572651907982,True,False
2023-07-27,19851.65,19646.5,2023-07-26,19777.0,0.0037745866410476836,0.09297552413449146,2023-07-27,19800.0,0.12495949261050815,0.13994753079300226,0.1324535117017552,0.008343786958095904,0.45238291198042097,0.41001438532286716,0.29506088117247814,0.14359249009626335,1.4246062384134326,True,False
2023-07-28,19681.45,19661.25,2023-07-27,19646.5,0.0017789428142418462,0.09601139407294398,2023-08-03,19650.0,0.13946888268839197,0.07881427007497871,0.10914157638168534,0.006875273066750004,0.2587450413926274,0.40793711169335733,0.2943029693677626,-0.5069336222506771,1.136756500991599,True,False
2023-07-31,19674.6,19753.95,2023-07-28,19661.25,0.0006790005721915016,0.08900575867660417,2023-08-03,19650.0,0.10295593031013625,0.08435569595450806,0.09365581313232216,0.0058997616758014685,0.11508949166141715,0.4110880320807848,0.29162000388345366,-1.0150145273904596,1.0522444224380314,True,False
2023-08-01,19792.15,19731.95,2023-07-31,19753.95,0.0019337904570984055,0.08787057761465629,2023-08-03,19750.0,0.11292652386416382,0.10154195186177944,0.10723423786297163,0.006755122033737366,0.28627024758996233,0.3931239048693041,0.2753874286021365,-0.3880121101450772,1.220365687514106,True,False
2023-08-02,19678.25,19516.75,2023-08-01,19731.95,-0.002721474562828341,0.08727655853319807,2023-08-03,19750.0,0.1083202045446297,0.10487845163897738,0.10659932809180354,0.006715126477559373,0.4052752501271527,0.3906567853811022,0.2756752314037783,0.05302784973322105,1.221397015227812,True,False
2023-08-03,19472.7,19373.75,2023-08-02,19516.75,-0.0022570356232466393,0.09678514351926992,2023-08-03,19500.0,0.1342569298288479,0.14174467652818307,0.13800080317851549,0.00869323347470295,0.2596313132293692,0.3894719882068615,0.2754533109773891,-0.4713708995429371,1.4258469653562018,True,False
2023-08-04,19466.4,19521.65,2023-08-03,19373.75,0.004782244015743009,0.098573722005693,2023-08-10,19350.0,0.12387358201956042,0.09079033270362541,0.10733195736159291,0.006761277783537219,0.7072988522061784,0.3878224144680991,0.27593722188926934,1.1577866717317382,1.0888495957918083,True,False
2023-08-07,19559.05,19599.65,2023-08-04,19521.65,0.0019158216646644188,0.09760974727756269,2023-08-10,19500.0,0.09406188525012249,0.08652059528425063,0.09029124026718656,0.005687813507489448,0.33682919845064435,0.3911801810347631,0.27861041169156475,-0.19507879211738835,0.9250227849728444,True,False
2023-08-08,19634.4,19579.25,2023-08-07,19599.65,0.0017729908442243314,0.09839350823099814,2023-08-10,19600.0,0.10995416812743816,0.0998206849752466,0.10488742655134238,0.006607286816962025,0.2683387135053322,0.39390692971973645,0.2772383503850127,-0.45292513117331096,1.065999459081167,True,False
2023-08-09,19581.8,19629.95,2023-08-08,19579.25,0.00013023992236682602,0.09797887900531418,2023-08-10,19600.0,0.10032228789830566,0.11691677979579015,0.10861953384704791,0.006842387478167898,0.019034280473355883,0.39787531547643334,0.27362509007085156,-1.384525939872625,1.108601516467203,True,False
2023-08-10,19615.45,19542.35,2023-08-09,19629.95,-0.000738667189676967,0.09781264836247044,2023-08-10,19650.0,0.12839965573169165,0.09384248060966444,0.11112106817067804,0.00699996932855879,0.10552434660868003,0.3965934648223877,0.27523890775097476,-1.0575144357027295,1.1360603156239033,True,False
2023-08-11,19557.6,19421.45,2023-08-10,19542.35,0.0007803565077895147,0.09944174088644898,2023-08-17,19550.0,0.10327437178143326,0.0757376749274464,0.08950602335443983,0.005638349491385406,0.13840158524791485,0.3969391578897335,0.2748533991789295,-0.940638076204074,0.9000850403116474,True,False
2023-08-14,19392.0,19434.85,2023-08-11,19421.45,-0.001516364638067702,0.09831919911703858,2023-08-17,19400.0,0.11913279878931454,0.06550723642678738,0.09232001760805096,0.0058156144672382604,0.26074022729842317,0.38684771244791816,0.2730082508284636,-0.46191821956593826,0.9389826039790434,True,False
2023-08-16,19389.6,19468.25,2023-08-14,19434.85,-0.002328291702791585,0.0929804233828422,2023-08-17,19450.0,0.10332382469613688,0.08729693638826802,0.09531038054220245,0.006003989625657076,0.38779076047067235,0.3839162567729804,0.2734086856540849,0.014171106848426656,1.0250585776509833,True,False
2023-08-17,19461.55,19368.4,2023-08-16,19468.25,-0.00034415009053201384,0.09289074552436374,2023-08-17,19450.0,0.09879298895590571,0.1224416699543813,0.1106173294551435,0.006968236772200231,0.04938840366403737,0.38979697692652965,0.2695428375832379,-1.2629108468050845,1.190832615571272,True,False
2023-08-18,19309.15,19312.8,2023-08-17,19368.4,-0.003059106585985405,0.0922690749049848,2023-08-24,19350.0,0.09998924556191433,0.08622095457435042,0.09310510006813237,0.005865070013620503,0.5215805742951432,0.3839690408138372,0.27309591517882775,0.5038945140984464,1.009060729870853,True,False
2023-08-21,19310.9,19398.1,2023-08-18,19312.8,-9.838034878406621e-05,0.08642297955531511,2023-08-24,19300.0,0.08967122131485147,0.08566886758903464,0.08767004445194305,0.005522693691662364,0.017813834023167257,0.385453650094928,0.2736058776459819,-1.3436839121835285,1.0144297836413956,True,False
2023-08-22,19419.25,19392.1,2023-08-21,19398.1,0.0010903129687960256,0.07786304177789889,2023-08-24,19400.0,0.08872499977937146,0.10927399361056,0.09899949669496573,0.006236382099415243,0.17483100801316506,0.38275341711572375,0.2764542434497996,-0.7521042415842484,1.2714568354182425,True,False
2023-08-23,19441.7,19443.1,2023-08-22,19392.1,0.0025577425858984704,0.07780766752434118,2023-08-24,19400.0,0.08437748080109811,0.12079374164001394,0.10258561122055602,0.0064622860805511545,0.3957953198011819,0.3792805278321314,0.27775424577807495,0.05945828810928695,1.3184511820568758,True,False
2023-08-24,19537.6,19396.25,2023-08-23,19443.1,0.004860336057521675,0.07871804437927074,2023-08-24,19450.0,0.09403996853927327,0.11940393433320379,0.10672195143623853,0.006722851022185707,0.7229575728336609,0.37150210255128663,0.27043087024554624,1.2996129841362385,1.35574952703401,True,False
2023-08-25,19311.8,19280.35,2023-08-24,19396.25,-0.0043539343945350195,0.075718135893562,2023-08-31,19400.0,0.09602785070865569,0.08614544331029511,0.0910866470094754,0.005737919422518979,0.7588001981079786,0.3824055590378171,0.27120470662104046,1.3878617512199187,1.2029700141788637,True,False
2023-08-28,19306.75,19307.8,2023-08-25,19280.35,0.00136926974873397,0.07513274810698474,2023-08-31,19300.0,0.0844357797401904,0.09927169924652174,0.09185373949335607,0.005786241706922195,0.23664233505763949,0.3886470800080845,0.2755241380157997,-0.5516930242305247,1.2225526392640609,True,False
2023-08-29,19377.9,19341.2,2023-08-28,19307.8,0.003630657040160079,0.07536996389176412,2023-08-31,19300.0,0.1120161163104342,0.09385073191229806,0.10293342411136613,0.006484196233214631,0.5599239920535425,0.3865267475476684,0.2762067788063446,0.62778055359549,1.3657088155061987,True,False
2023-08-30,19436.05,19342.5,2023-08-29,19341.2,0.004904039046181197,0.0731343717389005,2023-08-31,19350.0,0.09102433954345565,0.09967684529908749,0.09535059242127157,0.006006522735937255,0.8164522572835934,0.3875290005779993,0.27673333348208085,1.5499515411047071,1.303772633224853,True,False
2023-08-31,19382.65,19260.5,2023-08-30,19342.5,0.0020757399508855023,0.07323974377396066,2023-08-31,19350.0,0.08905765675250071,0.1169094279149537,0.10298354233372721,0.006487353384465109,0.31996714651866465,0.3905524118424075,0.2804494028231275,-0.2516862742911927,1.4061155463837318,True,False
2023-09-01,19264.1,19441.25,2023-08-31,19260.5,0.000186911035539028,0.06457367966277232,2023-09-07,19250.0,0.15325903925395312,0.059596590710876085,0.1064278149824146,0.006704322167225313,0.027879184632975954,0.39366748859519507,0.2785726089559786,-1.3130806554639505,1.6481609153794563,True,False
2023-09-04,19526.8,19533.55,2023-09-01,19441.25,0.004400437214685304,0.06877462109040426,2023-09-07,19450.0,0.08486147602183364,0.08606759431509556,0.0854645351684646,0.005383759665987882,0.8173539473697615,0.384290706265241,0.28129082827612045,1.5395569196426746,1.2426754784460599,True,False
2023-09-05,19567.95,19568.35,2023-09-04,19533.55,0.0017610726160888213,0.0653024948243983,2023-09-07,19550.0,0.09479508811041204,0.08358287573325934,0.08918898192183569,0.005618377758386021,0.31344859527471874,0.39666282838947087,0.2837718887429216,-0.2932433987150104,1.36578215214701,True,False
2023-09-06,19592.55,19624.05,2023-09-05,19568.35,0.0012366908809378074,0.06398267353972724,2023-09-07,19550.0,0.09243496382267122,0.07944093528773283,0.08593794955520202,0.0054135819691875815,0.22844225652750172,0.3977895977996242,0.2832967015449249,-0.5977737839819767,1.3431440857475676,True,False
2023-09-07,19611.1,19724.95,2023-09-06,19624.05,-0.000659904555889379,0.06468615256299597,2023-09-07,19600.0,0.06025035484599668,0.10839749907500265,0.08432392696049967,0.005311908102615638,0.1242311695046899,0.3912649348500066,0.2826012845183897,-0.9449134875674636,1.3035854447886517,True,False
2023-09-08,19776.0,19833.1,2023-09-07,19724.95,0.002588092745482218,0.06658382656097502,2023-09-14,19700.0,0.08553431698507627,0.08419647423716556,0.08486539561112091,0.005346017421479484,0.4841160328216768,0.38591393531856405,0.28459355149969356,0.345060866578414,1.2745647102964908,True,False
2023-09-11,19895.85,19999.0,2023-09-08,19833.1,0.003163902768603899,0.06660711271981869,2023-09-14,19850.0,0.0848250475356929,0.08502249214895519,0.08492376984232404,0.005349694652401819,0.5914174498134059,0.3891844570950372,0.28457545039596815,0.7106480634115654,1.2749955128599246,True,False
2023-09-12,20110.35,19982.4,2023-09-11,19999.0,0.00556777838891942,0.06654417123606085,2023-09-14,20000.0,0.10068655904120424,0.11041075357247798,0.10554865630684111,0.006648940376307875,0.8373933399612136,0.39626830985970496,0.28422527262409325,1.5520260602755254,1.5861442759939792,True,False
2023-09-13,19998.45,20072.05,2023-09-12,19982.4,0.0008032068220034105,0.06699906848662275,2023-09-14,20000.0,0.12901263142124736,0.10627666244950781,0.11764464693537759,0.007410916163547766,0.10838158255711505,0.4046383003181944,0.28973729000780596,-1.0225011690869952,1.7559146655728042,True,False
2023-09-14,20133.2,20107.9,2023-09-13,20072.05,0.0030465248940692025,0.06788885918024337,2023-09-14,20050.0,0.13212812209838332,0.12095298223695591,0.12654055216766963,0.007971305519058313,0.3821864419555082,0.39678569964019084,0.2912972913656089,-0.05011806878203687,1.8639369359810178,True,False
2023-09-15,20169.95,20197.7,2023-09-14,20107.9,0.0030858518293803705,0.06315597036356607,2023-09-21,20100.0,0.11050674920134598,0.07433054081956775,0.09241864501045687,0.005821827409600696,0.530048662090452,0.40288053227970433,0.2869995876936183,0.443095165511192,1.4633397995222963,True,False
2023-09-18,20161.3,20145.9,2023-09-15,20197.7,-0.0018021853973473334,0.06117027422975563,2023-09-21,20200.0,0.09706226166419635,0.07144050287171433,0.08425138226795534,0.005307338216534449,0.33956482964149826,0.40581709931295695,0.28739059307879605,-0.23053040449829132,1.3773255609662145,True,False
2023-09-20,19998.55,19904.65,2023-09-18,20145.9,-0.007314143324448241,0.06288549837525745,2023-09-21,20150.0,0.10327629231695856,0.0862257749572495,0.09475103363710403,0.0059687540826212655,1.2254053732493748,0.41121003494840974,0.28295313071921396,2.8774918879018325,1.5067231092245619,True,False
2023-09-21,19848.75,19736.95,2023-09-20,19904.65,-0.0028083889945315077,0.07970680055322596,2023-09-21,19900.0,0.14396927478923283,0.11013433637141076,0.1270518055803218,0.008003511456839522,0.35089460540867423,0.42779712416043636,0.3007707688398595,-0.2556848162086776,1.5939895303598366,True,False
2023-09-22,19756.5,19675.95,2023-09-21,19736.95,0.000990527918447448,0.08664947933870981,2023-09-28,19750.0,0.11977082584379584,0.0775424029618241,0.09865661440280997,0.006214782545272101,0.15938255461584777,0.4307343755476158,0.2991127550287628,-0.9071890662291374,1.1385713469456022,True,False
2023-09-25,19688.85,19677.2,2023-09-22,19675.95,0.0006556227272380699,0.08701332544742439,2023-09-28,19700.0,0.10463283608970628,0.07415314847585858,0.08939299228278243,0.0056312292031466295,0.11642621949604177,0.42665790072345805,0.3011434831456435,-1.0301789631535125,1.0273483035284738,True,False
2023-09-26,19691.35,19662.8,2023-09-25,19677.2,0.0007191063769234063,0.08340634975134784,2023-09-28,19700.0,0.12136480872190297,0.0861353126854224,0.10375006070366269,0.006535639503089201,0.11002846417454731,0.41865205359487423,0.30292399913221724,-1.0188152483937793,1.2439108174972746,True,False
2023-09-27,19645.2,19717.2,2023-09-26,19662.8,-0.0008950912382772458,0.0836228759299489,2023-09-28,19650.0,0.11925202584350372,0.09625597499462588,0.1077540004190648,0.006787863997171313,0.13186640726011226,0.4064602005912389,0.30032496903372224,-0.9143222230726132,1.2885708512265306,True,False
2023-09-28,19744.7,19506.2,2023-09-27,19717.2,0.0013947213600309372,0.08383600658665845,2023-09-28,19700.0,0.10743933766625063,0.10450796529807951,0.10597365148216507,0.006675712555886673,0.20892471752712985,0.397339536969981,0.30021418459106636,-0.6276013230337482,1.264058914502609,True,False
2023-09-29,19587.2,19627.3,2023-09-28,19506.2,0.00415252586357151,0.09353770727474008,2023-10-05,19500.0,0.14457436557747727,0.08336669601378699,0.11397053079563213,0.007179468601792167,0.5783890276412575,0.38807420724461633,0.2972436741246124,0.6402653343494072,1.218444776082404,True,False
2023-10-03,19623.2,19527.7,2023-09-29,19627.3,-0.00020889271575808,0.0939593612648063,2023-10-05,19650.0,0.08763922595695978,0.08318954533433753,0.08541438564564865,0.005380600542994083,0.038823308678818925,0.39671253560797676,0.29507375441233286,-1.2128805818122588,0.9090566868044656,True,False
2023-10-04,19455.35,19442.95,2023-10-03,19527.7,-0.0037049934196040635,0.09072784170163116,2023-10-05,19550.0,0.11843464743872636,0.11181281020915942,0.1151237288239429,0.007252113249299794,0.5108846610967898,0.3969162218791554,0.2948180481949051,0.3865721244524674,1.2688908571476922,True,False
2023-10-05,19543.15,19545.85,2023-10-04,19442.95,0.005153538943421632,0.09047029598151932,2023-10-05,19450.0,0.117374936242894,0.10610335084600492,0.11173914354444946,0.00703890441738004,0.7321507208844636,0.39797314941390716,0.2951158751465624,1.132360539075016,1.2350920523933602,True,False
2023-10-06,19624.0,19659.5,2023-10-05,19545.85,0.003998291197364168,0.0923379905844829,2023-10-12,19550.0,0.09172777757253389,0.09145022389588467,0.09158900073420928,0.005769564732657857,0.6929970253617869,0.3996918490825586,0.29677989713641845,0.9882919264723884,0.9918886057024563,True,False
2023-10-09,19551.4,19518.75,2023-10-06,19659.5,-0.005498613901675942,0.09415239673426415,2023-10-12,19650.0,0.08595968527337938,0.08536296805074856,0.08566132666206397,0.005396156364849713,1.018987132673477,0.4008641841696799,0.2978127091647686,2.075542545640028,0.9098156779145475,True,False
2023-10-10,19581.55,19688.8,2023-10-09,19518.75,0.0032174191482547965,0.09554284227107032,2023-10-12,19500.0,0.1309638348830382,0.1214569449967571,0.12621038993989764,0.007950507253653748,0.404680990231937,0.40558759473692496,0.3053631671606964,-0.002968938635977913,1.3209821577404885,True,False
2023-10-11,19767.15,19808.75,2023-10-10,19688.8,0.003979419771646953,0.09885853760876032,2023-10-12,19700.0,0.14132573887092076,0.11489036756817309,0.12810805321954694,0.008070048803894015,0.49310975290840564,0.4017759356218166,0.3038954057426381,0.3005435934886672,1.2958724286064565,True,False
2023-10-12,19825.65,19799.8,2023-10-11,19808.75,0.0008531583264972387,0.09650360701936905,2023-10-12,19800.0,0.13151472213045878,0.11827660824944045,0.12489566518994961,0.007867687379109365,0.10843825960377922,0.3959811809611972,0.2986518291458983,-0.9628031483341315,1.2942072223775225,True,False
2023-10-13,19678.9,19757.0,2023-10-12,19799.8,-0.0061061222840633755,0.09649372154387972,2023-10-19,19800.0,0.11571112424947727,0.08100646015290891,0.09835879220119309,0.006196021510024673,0.9854908144176311,0.3911479774071018,0.30094921383807427,1.9748941338996666,1.0193284146105324,True,False
2023-10-16,19743.25,19742.65,2023-10-13,19757.0,-0.0006959558637444907,0.09486260773563458,2023-10-19,19750.0,0.09318335637981673,0.09654603641465445,0.09486469639723559,0.005975914163493581,0.11646015064875492,0.39728772172592985,0.309279640110118,-0.9080053603825561,1.0000220177544226,True,False
2023-10-17,19849.75,19820.75,2023-10-16,19742.65,0.005424803661109312,0.09438141532698617,2023-10-19,19750.0,0.12248116345333482,0.11353504371230622,0.11800810358282052,0.007433811780249843,0.729747244276743,0.39247634383784613,0.3113936228304124,1.083101501479937,1.250331997819478,True,False
2023-10-18,19824.45,19664.35,2023-10-17,19820.75,0.0001866730572759323,0.09401353656940971,2023-10-19,19800.0,0.11338260313855134,0.11037778706757759,0.11188019510306446,0.007047789830383214,0.026486751416902314,0.4038740601630739,0.31100777762325393,-1.2134336691840806,1.1900434680538148,True,False
2023-10-19,19566.4,19625.95,2023-10-18,19664.35,-0.0049810952307092204,0.09709605667945005,2023-10-19,19650.0,0.13532671600911667,0.11548653277222928,0.12540662439067296,0.007899874783281136,0.6305283776460532,0.3805630915215133,0.28444556433754975,0.8787807491626329,1.291572785542533,True,False
2023-10-20,19561.05,19543.9,2023-10-19,19625.95,-0.003306846292790988,0.08846632348854787,2023-10-26,19650.0,0.09926030796844484,0.09875184157220213,0.09900607477032349,0.006236796479212911,0.5302155207104521,0.3880123372661239,0.28505116361934996,0.4988689807076974,1.119138570092607,True,False
2023-10-23,19530.2,19287.05,2023-10-20,19543.9,-0.0007009859853970291,0.08474894728457312,2023-10-26,19550.0,0.09003046715742438,0.10177310998224223,0.09590178856983331,0.00604124482957323,0.11603336815047581,0.3948024065216304,0.28347479708697787,-0.9833997280739584,1.1315985819600893,True,False
2023-10-25,19311.7,19127.55,2023-10-23,19287.05,0.0012780596306849468,0.09566648900996944,2023-10-26,19300.0,0.1160402278120091,0.14160417392107555,0.12882220086654234,0.008115035877068582,0.15749278870059955,0.3896053300353984,0.28570811837750265,-0.8124114311239534,1.3465760288654236,True,False
2023-10-26,19041.7,18861.7,2023-10-25,19127.55,-0.00448829045016208,0.0989763508479574,2023-10-26,19150.0,0.15577608891592004,0.1461040663145186,0.15094007761521933,0.009508331148634705,0.47203766675780434,0.38469049464740135,0.287142688091447,0.30419431081799075,1.5250115438897727,True,False
2023-10-27,18945.95,19044.45,2023-10-26,18861.7,0.004466723572106535,0.1083901692285176,2023-11-02,18850.0,0.14737819973101207,0.11868696196196618,0.1330325808464891,0.008380264885450113,0.5330050580932947,0.38824537173682094,0.2868772110317341,0.5046050393332239,1.2273491387029596,True,False
2023-10-30,19064.65,19143.85,2023-10-27,19044.45,0.0010606764700478166,0.11505492714388503,2023-11-02,19050.0,0.11831807423398052,0.10385874376215837,0.11108840899806945,0.006997911994064803,0.15157042142676516,0.39521063117735217,0.2852012034342773,-0.8542748305994868,0.9655250040630147,True,False
2023-10-31,19233.7,19080.45,2023-10-30,19143.85,0.00469341328938544,0.11240037001630174,2023-11-02,19150.0,0.14175786176304156,0.10759872003915669,0.12467829090109912,0.007853994086020845,0.5975829925488669,0.39296563407463225,0.2865999989323368,0.7139475200156671,1.109233811979593,True,False
2023-11-01,19083.65,19001.25,2023-10-31,19080.45,0.0001677109292497203,0.10944124666375606,2023-11-02,19100.0,0.15933714253656056,0.10885814725505308,0.13409764489580683,0.00844735761413702,0.019853655653106102,0.39617076311499405,0.28781274425277853,-1.3075067556125253,1.225293470091805,True,False
2023-11-02,19129.3,19127.95,2023-11-01,19001.25,0.006739030326952111,0.10907720486987944,2023-11-02,19000.0,0.12971594017814964,0.16250763597950446,0.14611178807882705,0.009204177496941626,0.7321708353833206,0.39217446882205637,0.2913832496207535,1.166835660607748,1.3395263314010197,True,False
2023-11-03,19247.2,19230.5,2023-11-02,19127.95,0.00623433248204841,0.11202473244399438,2023-11-09,19150.0,0.12441356834225625,0.07700197523765057,0.10070777178995341,0.006343993315420544,0.9827142262105514,0.3925890018750087,0.29185646383418756,2.0219707200687886,0.8989780166652148,True,False
2023-11-06,19349.2,19413.65,2023-11-03,19230.5,0.00617248641480983,0.11207459595279701,2023-11-09,19250.0,0.10011958311277117,0.08601118934278068,0.09306538622777592,0.0058625682768302535,1.0528638854756573,0.4033537523376739,0.3015164319943536,2.1541450621508638,0.8303878808269156,True,False
2023-11-07,19409.5,19398.35,2023-11-06,19413.65,-0.0002137671174663458,0.11568869419321413,2023-11-09,19400.0,0.11042130557755567,0.0935285294747577,0.10197491752615669,0.006423815993822204,0.033277279061530725,0.4164291718705126,0.31237726331609084,-1.2265678005549177,0.8814596641210785,True,False
2023-11-08,19450.9,19441.65,2023-11-07,19398.35,0.0027089932906665393,0.1130813945510038,2023-11-09,19400.0,0.11110777121308466,0.09927808035935085,0.10519292578621775,0.006626531459847758,0.40881014556124623,0.4166665551803155,0.31207542047403153,-0.025174714519764614,0.9302407898654976,True,False
2023-11-09,19463.9,19390.6,2023-11-08,19441.65,0.001144450188127033,0.10848929868583285,2023-11-09,19450.0,0.09828812798112163,0.11889107447147698,0.1085896012262993,0.006840501900296726,0.16730500258722086,0.4217213184961916,0.3093950419514729,-0.822302498140467,1.0009245385644618,True,False
2023-11-10,19359.3,19423.65,2023-11-09,19390.6,-0.0016141841923406064,0.10572519407444865,2023-11-16,19400.0,0.12115130441030666,0.06502812298463442,0.09308971369747054,0.005864100763374049,0.27526542559133094,0.42220304211851345,0.30896864780221406,-0.4755745204971233,0.8804875177804775,True,False
2023-11-12,,,2023-11-10,19423.65,,0.1061618241938292,2023-11-16,19400.0,0.08677640011683027,0.07958705309843137,0.08318172660763082,0.0052399562435418,,,,,0.7835370882075128,False,False
2023-11-13,19491.8,19447.75,2023-11-12,,,0.10610845077870434,2023-11-16,,,,,,,,,,,False,False
2023-11-15,19653.35,19671.7,2023-11-13,19447.75,0.010571917059813973,0.10636317700480911,2023-11-16,19450.0,0.09817618534097533,0.07661502720296615,0.08739560627197074,0.00550540571131789,1.9202793788803727,0.42244512875672857,0.30884565835457073,4.849782438592849,0.821671641756425,True,False
2023-11-16,19678.75,19749.1,2023-11-15,19671.7,0.00035838285455747076,0.1138990741523124,2023-11-16,19650.0,0.10865838728371185,0.10224354927948456,0.10545096828159821,0.006642786609144501,0.053950679984830274,0.4479866057302236,0.36431773460758415,-1.0815721781148517,0.9258281427343571,True,False
2023-11-17,19686.95,19742.3,2023-11-16,19749.1,-0.003146978849668969,0.11122259976272224,2023-11-23,19750.0,0.11133602536245166,0.0727887502545867,0.09206238780851918,0.005799385315336343,0.5426400693443932,0.4480626436689034,0.36423359822332846,0.25966145390437056,0.8277309468122604,True,False
2023-11-20,19742.7,19693.5,2023-11-17,19742.3,2.026106380714765e-05,0.11094852377358089,2023-11-23,19750.0,0.11487736804192894,0.07767273061625263,0.09627504932909078,0.00606475804726786,0.003340786829290766,0.44841363525305766,0.3643157817716723,-1.2216677692615234,0.8677452034022993,True,False
2023-11-21,19776.7,19786.05,2023-11-20,19693.5,0.004224744204940789,0.11019259965883768,2023-11-23,19700.0,0.13243680420092868,0.09845741450258033,0.1154471093517545,0.007272484307762421,0.5809217354283501,0.4481724177998263,0.36461039114351096,0.3640853932116092,1.047684778371552,True,False
2023-11-22,19791.45,19811.95,2023-11-21,19786.05,0.00027291955696062686,0.09870217380983815,2023-11-23,19800.0,0.12465346701879093,0.08776046163331547,0.1062069643260532,0.006690409883567749,0.04079265122917834,0.4549405965900794,0.363216839162907,-1.1402223154503883,1.0760347034572304,True,False
2023-11-23,19840.85,19799.6,2023-11-22,19811.95,0.0014587155731766721,0.09201926701742359,2023-11-23,19800.0,0.14320029008327834,0.07142348769570511,0.10731188888949172,0.006760013588623582,0.2157858936306789,0.4490238854472127,0.3670676696370437,-0.6354087028344376,1.166189346728577,True,False
2023-11-24,19817.6,19791.6,2023-11-23,19799.6,0.0009091092749349272,0.07189246065146428,2023-11-30,19800.0,0.11721857496296723,0.05767256232407948,0.08744556864352335,0.0055085530448902515,0.16503594819300496,0.44057102412716304,0.36649172801137686,-0.751817994444897,1.2163385124270647,True,False
2023-11-28,19848.05,19885.65,2023-11-24,19791.6,0.002852220133794159,0.06716442385507215,2023-11-30,19800.0,0.09434822356047637,0.06452956945602945,0.0794388965082529,0.005004180109196059,0.5699675214632471,0.43067495329524674,0.36576895674006105,0.380821186711563,1.182752593540692,True,False
2023-11-29,19977.75,20092.45,2023-11-28,19885.65,0.004631480489699857,0.06688114775782586,2023-11-30,19900.0,0.14620279023634564,0.06659696245298555,0.10639987634466559,0.006702562198476413,0.6910014935411801,0.4362303730686736,0.3653030052826405,0.6974241021515446,1.5908799401878624,True,False
2023-11-30,20127.2,20128.0,2023-11-29,20092.45,0.0017295053614665434,0.07030132841802737,2023-11-30,20100.0,0.15656695292249745,0.06522516964479991,0.11089606128364868,0.006985795226978874,0.24757458603814494,0.4384149980934675,0.36644542479186454,-0.5207880877861063,1.577439058110481,True,False
2023-12-01,20183.7,20266.85,2023-11-30,20128.0,0.002767289348171831,0.06575913736347273,2023-12-07,20150.0,0.15383269348109452,0.08637664242529203,0.12010466795319327,0.007565882921479487,0.3657589440507355,0.4289337035727101,0.3638487045530869,-0.1736292000807637,1.8264331432654692,True,False
2023-12-04,20602.5,20677.7,2023-12-01,20266.85,0.016561527815126764,0.06593939170298552,2023-12-07,20250.0,0.13675279205375152,0.1060539459255298,0.12140336898964066,0.007647693396952382,2.1655585488987517,0.4296969001982446,0.3636642449449558,4.773253551399442,1.8411357134819295,True,False
2023-12-05,20813.1,20857.15,2023-12-04,20677.7,0.006548117053637448,0.09011786825827604,2023-12-07,20700.0,0.14170404578292167,0.12798407592058625,0.13484406085175396,0.00849437739970956,0.7708766335083418,0.4653248896026742,0.42343322906640846,0.7216054927464063,1.49630770742705,True,False
2023-12-06,20928.25,20943.35,2023-12-05,20857.15,0.0034089029421564554,0.0894342744402753,2023-12-07,20850.0,0.14180314870472305,0.1268255392532303,0.13431434397897668,0.008461008373265666,0.40289558782704915,0.46455026770498375,0.422820386547392,-0.1458176612092568,1.5018218107049388,True,False
2023-12-07,20941.25,20909.9,2023-12-06,20943.35,-0.00010027049158800594,0.08791952049375645,2023-12-07,20950.0,0.1516085203880811,0.11274109145121197,0.13217480591964653,0.008326230144086016,0.012042724000275973,0.46604105091418935,0.4224361132239576,-1.074714762071544,1.503361314726834,True,False
2023-12-08,20936.2,20974.85,2023-12-07,20909.9,0.0012577774164390654,0.0898848818873247,2023-12-14,20900.0,0.13368470577219377,0.0796353631797837,0.10666003447598874,0.006718950620310515,0.18719849088293156,0.4624343920387356,0.4254123568851095,-0.6469861457976798,1.1866293000161312,True,False
2023-12-11,20979.0,21003.7,2023-12-08,20974.85,0.00019785600373789514,0.08681718905254225,2023-12-14,20950.0,0.12297170333365456,0.08082295647923479,0.10189732990644468,0.006418928433189456,0.030823836999781577,0.46348384739503967,0.424640865813311,-1.0188845333257976,1.1736999437378217,True,False
2023-12-12,21024.15,20910.4,2023-12-11,21003.7,0.0009736379780704851,0.08693774591465589,2023-12-14,21000.0,0.13185741699308334,0.10670102282835425,0.1192792199107188,0.007513884582417759,0.12957851127348505,0.45592897746467476,0.4282842487149395,-0.7619950235629711,1.3720072755027666,True,False
2023-12-13,20932.7,20922.95,2023-12-12,20910.4,0.0010664549697758652,0.0909402333882589,2023-12-14,20900.0,0.17808590759966159,0.10171819406589186,0.13990205083277674,0.008813000819320098,0.12100928975723614,0.44823166182234275,0.4299548467562028,-0.7610621778864408,1.5383955551937167,True,False
2023-12-14,21119.05,21176.15,2023-12-13,20922.95,0.009372483325726044,0.09119898307345997,2023-12-14,20900.0,0.12927222530657018,0.10442710496853397,0.11684966513755207,0.007360837017503257,1.2732904292595142,0.4362919276522764,0.42891039083533716,1.9514530761941125,1.281260614972326,True,False
2023-12-15,21298.15,21437.85,2023-12-14,21176.15,0.0057611983292524815,0.09188811933774496,2023-12-21,21200.0,0.13645788454254154,0.06505851778352509,0.10075820116303331,0.006347170067323933,0.9076798428502632,0.4557070750973164,0.4400367415106314,1.027125067332649,1.0965313240625307,True,False
2023-12-18,21434.95,21428.3,2023-12-15,21437.85,-0.00013527475936248035,0.09689314969772478,2023-12-21,21450.0,0.13427365405247155,0.08272959624959655,0.10850162515103405,0.006834959928475884,0.019791595090250226,0.46446529844556234,0.44376240798308814,-1.0020535659529293,1.1198069779909514,True,False
2023-12-19,21480.0,21464.25,2023-12-18,21428.3,0.0024126972274982617,0.0969557272714516,2023-12-21,21450.0,0.13851302021831224,0.1266981376379367,0.13260557892812447,0.008353366292942008,0.2888293345326921,0.45596101399555894,0.44735898380793326,-0.373596340997194,1.367692065852513,True,False
2023-12-20,21551.45,21175.9,2023-12-19,21464.25,0.004062569155689255,0.0942942879761053,2023-12-21,21450.0,0.12403995647442104,0.11150065247112989,0.11777030447277546,0.007418831844364803,0.5476022695911489,0.4551154224104122,0.44763059051391796,0.20661422418551406,1.2489654145606266,True,False
2023-12-21,21045.9,21241.45,2023-12-20,21175.9,-0.006139054302296443,0.11338994167316901,2023-12-21,21200.0,0.13532001465190074,0.16141058863258423,0.1483653016422425,0.00934613550801087,0.6568548355664717,0.44381870401610846,0.4362701279124431,0.48831244204076796,1.3084520500935186,True,False
2023-12-22,21304.75,21348.95,2023-12-21,21241.45,0.0029800225502496502,0.11312494684877669,2023-12-28,21250.0,0.16013447979111645,0.08742510432881745,0.12377979205996695,0.007797393979189523,0.3821818620686651,0.44891804118540507,0.43695314795357126,-0.1527307433973014,1.0941865212580693,True,False
2023-12-26,21367.85,21432.75,2023-12-22,21348.95,0.0008852894404642875,0.11216324467597558,2023-12-28,21350.0,0.14628261530836045,0.08975312546535769,0.11801787038685907,0.0074344270310734125,0.11907971344181259,0.45263136297628537,0.43539482862834933,-0.7660900580406083,1.0521973640099012,True,False
2023-12-27,21508.45,21665.9,2023-12-26,21432.75,0.0035319779309701538,0.11105951008065165,2023-12-28,21450.0,0.15713176173421511,0.12642925128290683,0.14178050650856097,0.00893133240424826,0.395459240694047,0.4526755878753815,0.43536023342523367,-0.1314229982173154,1.276617431551784,True,False
2023-12-28,21718.65,21771.9,2023-12-27,21665.9,0.002434701535592776,0.11369692029432388,2023-12-28,21650.0,0.18613614703727072,0.11831182920861494,0.15222398812294283,0.00958920990837516,0.25390011886863817,0.4574327674840398,0.433106286160074,-0.4699369533975708,1.3388576201438445,True,False
2023-12-29,21754.0,21732.5,2023-12-28,21771.9,-0.0008221606749986288,0.11144999179020795,2024-01-04,21750.0,0.1726076414902895,0.10361641545933303,0.13811202847481127,0.00870024000978624,0.09449862004655535,0.4594666626775154,0.43183616894888216,-0.8451539469686303,1.2392287003016706,True,False
2024-01-01,21732.15,21736.65,2023-12-29,21732.5,-1.610491199810493e-05,0.11313073137988937,2024-01-04,21750.0,0.14780313495281827,0.09662341622907403,0.12221327559094615,0.007698712717243903,0.0020918967351557967,0.457559561052839,0.4332118578983393,-1.0513739548296634,1.0802836161339564,True,False
2024-01-02,21755.6,21647.4,2024-01-01,21736.65,0.0008717994723197453,0.11325169269975228,2024-01-04,21750.0,0.18018428876604287,0.09131626310571495,0.1357502759358789,0.008551463584160276,0.1019473992656139,0.4479546088710707,0.4368607977970039,-0.7920308055799412,1.1986600173453816,True,False
2024-01-03,21677.0,21513.8,2024-01-02,21647.4,0.0013673697534113405,0.09740716262529062,2024-01-04,21650.0,0.12968150549411528,0.1405939347244059,0.1351377201092606,0.008512876194127522,0.16062370957005104,0.44900667704751723,0.43593383497167004,-0.6615292146254426,1.3873489019397192,True,False
2024-01-04,21612.95,21650.55,2024-01-03,21513.8,0.004608669784045727,0.0987871806210505,2024-01-04,21500.0,0.10911669328221854,0.14699553952841726,0.1280561164053179,0.00806677709212404,0.5713148797114252,0.4431689945220716,0.4374337981621316,0.29294920906376176,1.2962827322357096,True,False
2024-01-05,21717.1,21716.05,2024-01-04,21650.55,0.0030738249143786867,0.09986187838774944,2024-01-11,21650.0,0.12480205047739015,0.09001470395116787,0.10740837721427901,0.006766091781761877,0.45429843601356956,0.4404883971691876,0.4361237410373392,0.03166541406696687,1.075569365891833,True,False
2024-01-08,21751.55,21520.0,2024-01-05,21716.05,0.0016347355987851309,0.0991952941665711,2024-01-11,21700.0,0.11403439371950655,0.08826350521609969,0.10114894946780312,0.006371784896839194,0.25655850366136224,0.43651008734671737,0.4348682174279031,-0.4138071638109293,1.019695040149298,True,False
2024-01-09,21655.2,21554.6,2024-01-08,21520.0,0.006282527881041,0.10635049547545142,2024-01-11,21500.0,0.13966722114887226,0.12120708443964448,0.13043715279425838,0.008216768286117653,0.7645983995502733,0.42380294352984876,0.4286543073842604,0.7950356502889957,1.2264837339132737,True,False
2024-01-10,21533.5,21605.1,2024-01-09,21554.6,-0.0009789093743329813,0.1063557329765989,2024-01-11,21550.0,0.13478180862940342,0.13251090488194522,0.13364635675567432,0.008418929133460271,0.11627480868586892,0.4298015670184877,0.43089467988082764,-0.727618076926201,1.2565975807348353,True,False
2024-01-11,21694.75,21645.5,2024-01-10,21605.1,0.004149483223868433,0.10418795318584839,2024-01-11,21600.0,0.1801450156992127,0.0951133480110593,0.137629181855136,0.008669823531761264,0.47861218958691665,0.4235209846147788,0.432698815725731,0.12731998094272068,1.320970204776322,True,False
2024-01-12,21789.15,21871.1,2024-01-11,21645.5,0.006636483333718468,0.10411476539463192,2024-01-18,21650.0,0.11685057787629022,0.11158754873873772,0.11421906330751397,0.00719512467843868,0.922358351010335,0.42969055011449775,0.4307648252886982,1.1437048059011128,1.097049615149044,True,False
2024-01-15,22036.95,22084.35,2024-01-12,21871.1,0.007583066238095126,0.10204408856464478,2024-01-18,21850.0,0.13110114148701563,0.1067982984576471,0.11894971997233136,0.0074931280373228965,1.0120027577700865,0.42863834239104276,0.4294593161100435,1.3583694508319015,1.1656698751047876,True,False
2024-01-16,22088.2,22038.55,2024-01-15,22084.35,0.0001743315968096848,0.09877703940504526,2024-01-18,22100.0,0.14403826897414734,0.13196946003981536,0.13800386450698135,0.008693426320269667,0.02005326673134754,0.44356405250973163,0.43396428728732367,-0.9759116088231969,1.3971249324560389,True,False
2024-01-17,21674.2,21581.25,2024-01-16,22038.55,-0.016532394372588022,0.09937086548194525,2024-01-18,22050.0,0.13602517869770048,0.13656167657013502,0.13629342763391775,0.00858567892504583,1.925577990618811,0.43173581955064166,0.4357001242211166,3.4286016643641086,1.3715632542083573,True,False
2024-01-18,21426.7,21465.8,2024-01-17,21581.25,-0.007161309006660788,0.12673300818371708,2024-01-18,21600.0,0.16145203466868485,0.18280731604427836,0.1721296753564816,0.01084315033922699,0.6604454224667071,0.46338734020400696,0.4731336177736914,0.4164956258867166,1.35820713027624,True,False
2024-01-19,21603.25,21610.7,2024-01-18,21465.8,0.006403208825201068,0.11806367380610251,2024-01-25,21450.0,0.17204226336007872,0.11402033848448037,0.14303130092227956,0.009010125046152265,0.7106681419405528,0.4638859576176845,0.47332847089123775,0.5213761679245668,1.211475946082973,True,False
2024-01-20,21698.4,21558.0,2024-01-19,21610.7,0.0040581748855890165,0.11974532432735045,2024-01-25,21600.0,0.16011892626804886,0.10839446589621088,0.13425669608212987,0.008457376897107034,0.47983848124081746,0.4668935013048528,0.4743293169903481,0.02729112342897429,1.1211852891651064,True,False
2024-01-23,21725.5,21242.2,2024-01-20,21558.0,0.0077697374524539065,0.11923806419705492,2024-01-25,21550.0,0.14830944422194342,0.11793695796951598,0.1331232010957297,0.00838597342457481,0.9265158687105964,0.47295691985635846,0.4720881954593501,0.9607504555645946,1.1164488621328836,True,False
2024-01-24,21195.9,21442.5,2024-01-23,21242.2,-0.00217962357947854,0.12993874233909286,2024-01-25,21250.0,0.15708791241224296,0.22938308857653783,0.1932355004943904,0.012172692351839423,0.17905846270313205,0.4857739711898584,0.4738144900335358,-0.6473324791418209,1.4871276804428044,True,False
2024-01-25,21456.85,21340.4,2024-01-24,21442.5,0.0006692316660836806,0.128360875733586,2024-01-25,21450.0,0.20114177161437746,0.1507643835885309,0.17595307760145418,0.011084002041664216,0.06037816156728155,0.48089098445561385,0.4754652527983735,-0.8844238783241971,1.3707687532971196,True,False
2024-01-29,21439.55,21746.7,2024-01-25,21340.4,0.004646117223669588,0.12756668407845587,2024-02-01,21350.0,0.18024751036259923,0.12885366946404803,0.15455058991332363,0.00973577204497576,0.4772212416443401,0.4730138695135137,0.4784926440050981,0.008792971393686805,1.2115278454543206,True,False
2024-01-30,21784.65,21503.75,2024-01-29,21746.7,0.001745092358840683,0.14589541817929427,2024-02-01,21750.0,0.2354082946356657,0.21130732070267916,0.22335780766917243,0.014070219344695848,0.12402737413603598,0.4784413831838066,0.47662801736030797,-0.7435861849049687,1.5309446345647595,True,False
2024-01-31,21504.05,21727.9,2024-01-30,21503.75,1.3951055048533334e-05,0.15125041401366843,2024-02-01,21500.0,0.2571052524723353,0.21935710668946345,0.23823117958089937,0.015007153707443535,0.000929626984603591,0.4705487895435928,0.4785387137643188,-0.9813608576510646,1.5750778676174104,True,False
2024-02-01,21788.35,21699.8,2024-01-31,21727.9,0.0027821372521044108,0.15538689831170124,2024-02-01,21750.0,0.2892400584436703,0.2586438114886007,0.2739419349661355,0.0172567198474339,0.16122051448370234,0.4702333890657844,0.4788469345895668,-0.6453270393115197,1.762966749079556,True,False
2024-02-02,21825.95,21868.95,2024-02-01,21699.8,0.005813417635185614,0.15367625010137756,2024-02-08,21700.0,0.14370422144948214,0.13241254480291648,0.1380583831261993,0.008696860670466652,0.6684501287835027,0.4607175503841241,0.47922630935156996,0.4334749039143047,0.8983716288959718,True,False
2024-02-05,21921.15,21806.35,2024-02-02,21868.95,0.002386945875316515,0.15448917081635039,2024-02-08,21850.0,0.15312913655923932,0.12593823432692086,0.1395336854430801,0.008789795980921509,0.271558734753053,0.45547981542700655,0.4751242431876684,-0.3871010231765988,0.9031939566104041,True,False
2024-02-06,21830.9,21931.95,2024-02-05,21806.35,0.0011258188555169912,0.15465004695431317,2024-02-08,21800.0,0.15764207595762236,0.20167899813988388,0.17966053704875312,0.011317550034364453,0.09947549178917436,0.44245806291496315,0.46914319695813583,-0.731082904643281,1.1617231328861386,True,False
2024-02-07,22046.4,21929.0,2024-02-06,21931.95,0.005218414231292767,0.15176146503615034,2024-02-08,21950.0,0.17702740035484232,0.18619588652692104,0.18161164344088168,0.011440458184245422,0.4561368213800222,0.4435613664604238,0.4682415737045275,0.026856767159965635,1.1966914222765368,True,False
2024-02-08,22011.05,21726.45,2024-02-07,21929.0,0.003741620684937663,0.1517937153074085,2024-02-08,21950.0,0.17192241152047233,0.16167313288625673,0.16679777220336453,0.010507272011659635,0.3560982033001228,0.4443501443907368,0.4682219029522131,-0.1884831541074254,1.098845046816136,True,False
2024-02-09,21747.05,21799.35,2024-02-08,21726.45,0.0009481530576784802,0.15584965175733392,2024-02-15,21750.0,0.17266008597703547,0.12388444721876016,0.14827226659789783,0.009340274851093016,0.10151232943295299,0.44749669773595185,0.4669612116958582,-0.7409274253133167,0.9513801598271487,True,False
2024-02-12,21820.2,21622.75,2024-02-09,21799.35,0.0009564505363692799,0.15613376845347285,2024-02-15,21800.0,0.14541185312822347,0.12991397149461126,0.13766291231141736,0.008671948350783387,0.11029246227958428,0.4446008127999789,0.46858336854806243,-0.7134447634286976,0.8816985183601732,True,False
2024-02-13,21665.6,21750.7,2024-02-12,21622.75,0.0019817090795573034,0.154196451945645,2024-02-15,21600.0,0.19024977723018144,0.16767294343580064,0.17896136033299104,0.01127350604121223,0.17578462922828325,0.41443436418996576,0.42852102748962856,-0.5569148761724616,1.1606062141823847,True,False
2024-02-14,21591.0,21837.45,2024-02-13,21750.7,-0.007342292431967712,0.15138305965377666,2024-02-15,21750.0,0.1805181000268184,0.1609687171042734,0.1707434085655459,0.010755823739712622,0.6826341347393524,0.41646493001069,0.42707010909001514,0.6232447531760199,1.1278897979473244,True,False
2024-02-15,21923.25,21910.25,2024-02-14,21837.45,0.003929030175226389,0.15218999420548945,2024-02-15,21850.0,0.1985419091356046,0.1273949579810124,0.1629684335583085,0.010266046351167556,0.38272086846554526,0.41879816443393925,0.4281521796499043,-0.08426278711904263,1.070822260090672,True,False
2024-02-16,22021.7,22049.0,2024-02-15,21910.25,0.0050866603530310694,0.13220717739231583,2024-02-22,21900.0,0.15753214473638955,0.11046182289277642,0.13399698381458297,0.0084410165620508,0.6026122938675093,0.4251211657945435,0.42470011284743375,0.4179210758456436,1.0135378914940147,True,False
2024-02-19,22107.5,22101.45,2024-02-16,22049.0,0.002653181550183792,0.13151368260603022,2024-02-22,22050.0,0.13997770838735796,0.1278438742765161,0.13391079133193703,0.00843558694600403,0.31452245909700616,0.4254826751018628,0.42484418693175224,-0.2611786142261174,1.0182270671644693,True,False
2024-02-20,22111.35,22198.95,2024-02-19,22101.45,0.0004479344115431161,0.13005068045363505,2024-02-22,22100.0,0.16796965071093994,0.16403783419387713,0.16600374245240854,0.01045725283893068,0.042834807424329255,0.4300448385663266,0.42210407909947395,-0.9173330709527366,1.2764542397883976,True,False
2024-02-21,22230.35,22079.25,2024-02-20,22198.95,0.0014144813155576585,0.12981291617762733,2024-02-22,22200.0,0.16215779799742064,0.16861844858956088,0.16538812329349076,0.010418472477101556,0.13576667008205895,0.42716232046288743,0.4241774800447058,-0.6869663385951492,1.2740498261912911,True,False
2024-02-22,22090.0,22210.85,2024-02-21,22079.25,0.000486882480156714,0.11817915645396782,2024-02-22,22100.0,0.12821521829019206,0.21678016465963262,0.17249769147491234,0.01086633317560392,0.0448065112939678,0.4266744991610384,0.4245007526673105,-0.8995696367265289,1.4596287251559648,True,False
2024-02-23,22295.5,22213.75,2024-02-22,22210.85,0.0038112003817953877,0.11589074536547819,2024-02-29,22200.0,0.1424859772198176,0.1261931392351639,0.13433955822749075,0.008462596721624324,0.4503582655731065,0.41792181565821707,0.42690343753353116,0.07598076535127853,1.1591914246804744,True,False
2024-02-26,22173.95,22125.65,2024-02-23,22213.75,-0.001791683079173878,0.1135006459969195,2024-02-29,22200.0,0.1413001838470206,0.12317241156011094,0.13223629770356576,0.00833010376236992,0.21508532549949208,0.4139110951920825,0.4254222351967824,-0.4673610198127562,1.165070881686037,True,False
2024-02-27,22099.8,22203.2,2024-02-26,22125.65,-0.001168327258182389,0.0957716090789165,2024-02-29,22150.0,0.1722489391374834,0.15625549357425916,0.16425221635587128,0.010346917065924078,0.1129154946095092,0.41336960751643825,0.4256581518843797,-0.7058577677340959,1.7150407927314477,True,False
2024-02-28,22223.75,21954.5,2024-02-27,22203.2,0.0009255422641780697,0.08481598393128179,2024-02-29,22200.0,0.16901037190997237,0.1589776964500743,0.16399403418002334,0.010330653117584954,0.08959184415964962,0.4091555500257512,0.4273855734565225,-0.7477175780211741,1.9335274623812877,True,False
2024-02-29,21932.15,21954.35,2024-02-28,21954.5,-0.0010180145300506815,0.08962791716556143,2024-02-29,21950.0,0.15030636858291735,0.2478208112249939,0.19906358990395562,0.012539827475562253,0.0811824988848211,0.37455610494676617,0.3617797215180094,-0.8109177729226068,2.2209998424513615,True,False
2024-03-01,22068.15,22350.5,2024-02-29,21954.35,0.005183482999952416,0.08939608005708997,2024-03-07,21950.0,0.1801258783500762,0.10874320690080566,0.14443454262544092,0.009098520964625592,0.5697061115873043,0.3630612027030408,0.35992606566396607,0.5741315469971858,1.6156697534523032,True,False
2024-03-02,22420.25,,2024-03-01,22350.5,0.0031207355540143755,0.10616890934815539,2024-03-07,22350.0,0.14578354888766248,0.12988106263185412,0.1378323057597583,0.008682619135022288,0.3594232921523126,0.3658413780990451,0.3608819509679542,-0.01778444704568338,1.2982360523999585,True,False
2024-03-04,22411.8,22414.4,2024-03-02,,,0.10523011835176131,2024-03-07,,,,,,,,,,,False,False
2024-03-05,22389.75,22355.7,2024-03-04,22414.4,-0.0010997394532087368,0.10408021204874139,2024-03-07,22400.0,0.14281550565594875,0.16025470230011468,0.15153510397803172,0.009545814286242536,0.11520645805918155,0.3716310542349123,0.35788379073857707,-0.7165024033263381,1.4559453809247325,True,False
2024-03-06,22338.25,22472.9,2024-03-05,22355.7,-0.0007805615570078972,0.10484464847772142,2024-03-07,22350.0,0.13779187977930063,0.1469282474006346,0.1423600635899676,0.008967841068723698,0.08704007475446782,0.37043118702118316,0.35863251279890324,-0.7901991653099835,1.3578190747639152,True,False
2024-03-07,22517.1,22503.55,2024-03-06,22472.9,0.0019668133618713224,0.0985298955427212,2024-03-07,22450.0,0.1901130823379505,0.11139406210529329,0.1507535722216219,0.009496582413167299,0.20710749154814642,0.37136812431709465,0.35780271465333113,-0.45908157216777273,1.5300287429641823,True,False
2024-03-11,22526.6,22322.25,2024-03-07,22503.55,0.0010242828353748124,0.09834186689596545,2024-03-14,22500.0,0.10388010590946761,0.1015896461201593,0.10273487601481346,0.0064716888787678785,0.1582713345097983,0.372660273988339,0.3570539372832739,-0.6004385250860632,1.0446707923848477,True,False
2024-03-12,22340.9,22333.75,2024-03-11,22322.25,0.0008354892539954584,0.09828350056444571,2024-03-14,22300.0,0.15691590691277946,0.13931050510316717,0.1481132060079733,0.009330254975751791,0.0895462402867654,0.3732813080675483,0.3566409815169823,-0.7955761745997555,1.5069997014489085,True,False
2024-03-13,22446.75,22028.1,2024-03-12,22333.75,0.005059607096882468,0.09700671266979025,2024-03-14,22350.0,0.18684881923514568,0.12009555128168495,0.15347218525841533,0.009667838937128574,0.5233441651009975,0.35355223825133586,0.3382785330858823,0.5019293577418782,1.582077992693484,True,False
2024-03-14,21986.7,22148.4,2024-03-13,22028.1,-0.0018794176529068896,0.11002312187834283,2024-03-14,22050.0,0.15683300112778215,0.2344641702135289,0.19564858567065552,0.012324702429668327,0.15249192941021514,0.34714664362218145,0.3311720221886085,-0.5877752381543478,1.7782497199724285,True,False
2024-03-15,22074.85,22023.25,2024-03-14,22148.4,-0.003320781636596881,0.1110154671747661,2024-03-21,22150.0,0.15952544774333277,0.09719083713701368,0.12835814244017324,0.0080858029439739,0.41069287238464763,0.3493583158608475,0.3293870843502602,0.18620814062818217,1.1562185496017905,True,False
2024-03-18,22006.05,22056.5,2024-03-15,22023.25,-0.0007809928144121292,0.11090552902825171,2024-03-21,22000.0,0.15448359748639034,0.1062090793222987,0.1303463384043445,0.008211047517280079,0.09511488184285093,0.35138937482504673,0.32938324201456604,-0.7780435076623078,1.1752916157240503,True,False
2024-03-19,21959.9,21818.35,2024-03-18,22056.5,-0.004379661324326101,0.11069734856914278,2024-03-21,22050.0,0.16038825755097208,0.14668821398190512,0.1535382357664386,0.009671999728038075,0.452818594652142,0.34384791836257506,0.3299941085459673,0.33022006595729164,1.3870091537968223,True,False
2024-03-20,21864.55,21831.85,2024-03-19,21818.35,0.0021174836777300143,0.1155719266306176,2024-03-21,21800.0,0.16350839549039026,0.15629515751277323,0.15990177650158174,0.010072865114776597,0.21021662194440865,0.3404473143473362,0.32775761042868096,-0.3973384240646499,1.3835693594747096,True,False
2024-03-21,22020.95,22026.45,2024-03-20,21831.85,0.008661657166021408,0.11439474903845599,2024-03-21,21850.0,0.18043076297004806,0.1477237577513133,0.16407726036068068,0.010335895874170407,0.8380170690057983,0.337581227011932,0.3281381327009269,1.5250767653083948,1.4343076211087535,True,False
2024-03-22,21951.0,22106.25,2024-03-21,22026.45,-0.003425427156895533,0.11706907827876595,2024-03-28,22050.0,0.13826773249549534,0.07828691886673445,0.1082773256811149,0.006820830389985177,0.502200899457196,0.3495635162713317,0.33311274670390395,0.45821537811502633,0.924901154712126,True,False
2024-03-26,21993.4,22010.95,2024-03-22,22106.25,-0.00510489115069257,0.11792861370902052,2024-03-28,22100.0,0.14247090392173928,0.07888793475823017,0.11067941933998472,0.006972148067300767,0.732183410538053,0.35134254391738423,0.3336466179841686,1.1414498037523626,0.9385289613687599,True,False
2024-03-27,22065.85,22103.25,2024-03-26,22010.95,0.0024942131075669227,0.1180803608795232,2024-03-28,22000.0,0.22015155074488207,0.10325690919179953,0.1617042299683408,0.010186409010557803,0.2448569564585293,0.35931393211187446,0.3369759844973193,-0.33965914759203164,1.369442206679287,True,False
2024-03-28,22186.35,22274.25,2024-03-27,22103.25,0.0037596281089884442,0.11839429823038508,2024-03-28,22100.0,0.17939152514831164,0.09512584518978284,0.13725868516904724,0.00864648443430973,0.43481580722796787,0.3618199043854074,0.33552924269480555,0.21755451851616076,1.1593352654699105,True,False
2024-04-01,22461.65,22461.9,2024-03-28,22274.25,0.008413302355859464,0.11405789974169145,2024-04-04,22250.0,0.14825361171901286,0.08551497116842555,0.1168842914437192,0.0073630182697637095,1.1426431454623378,0.3690319695602876,0.33230106368886236,2.3280430321655303,1.0247803239269593,True,False
2024-04-02,22463.7,22441.8,2024-04-01,22461.9,8.013569644593765e-05,0.11720134154277617,2024-04-04,22450.0,0.14379034127289753,0.12264101549922732,0.1332156783860624,0.008391798946292463,0.009549286983494998,0.3863768986635663,0.345040039647855,-1.0921271979468192,1.1366395352858765,True,False
2024-04-03,22408.05,22432.6,2024-04-02,22441.8,-0.001503890062294455,0.09888333581729718,2024-04-04,22450.0,0.13288742606465592,0.12340875720109562,0.12814809163287577,0.008072570986859677,0.18629629454388802,0.38385899162045706,0.34725947080683045,-0.5689195362117768,1.2959523520692093,True,False
2024-04-04,22616.0,22508.0,2024-04-03,22432.6,0.008175601579843761,0.09890626527884175,2024-04-04,22450.0,0.12182068105942392,0.13387452976013559,0.12784760540977974,0.008053642134033171,1.015143390255101,0.37744201520099807,0.34729413894900407,1.8361996461671979,1.2926138202604764,True,False
2024-04-05,22486.45,22513.9,2024-04-04,22508.0,-0.0009574373556068272,0.09910107569585343,2024-04-10,22500.0,0.12588268550460124,0.09337370863150932,0.10962819706805528,0.006905927288629871,0.13863994154458897,0.3867894311050236,0.3568148549301896,-0.6954572830466511,1.1062261060062573,True,False
2024-04-08,22581.7,22666.85,2024-04-05,22513.9,0.0030114729122896478,0.09852980983739514,2024-04-10,22500.0,0.12132702553946556,0.10239573865110385,0.1118613820952847,0.007046604722288016,0.427365097231086,0.38482412173641073,0.357867505296557,0.11887353521919378,1.1353049628319674,True,False
2024-04-09,22765.3,22640.2,2024-04-08,22666.85,0.004343347222926841,0.09969388927335868,2024-04-10,22650.0,0.14736440420447794,0.1228715019718763,0.13511795308817712,0.008511630988843059,0.5102837785872116,0.37920356669775757,0.35443355915960423,0.36983013741773707,1.355328336300396,True,False
2024-04-10,22726.6,22761.0,2024-04-09,22640.2,0.0038162207047640617,0.09979215291040651,2024-04-10,22650.0,0.15078344535496235,0.11279884413863756,0.13179114474679995,0.008302061761917839,0.4596714423722242,0.38577038286278,0.3531271636643655,0.20927605438952998,1.3206563933450977,True,False
2024-04-12,22687.65,22517.9,2024-04-10,22761.0,-0.0032226176354289704,0.09613541517239647,2024-04-18,22750.0,0.10153551296373903,0.09458059406074476,0.0980580535122419,0.006177076753344186,0.5217059402223372,0.38545470374253515,0.3530512186317182,0.3859248440151431,1.019999272239035,True,False
2024-04-15,22365.8,22267.05,2024-04-12,22517.9,-0.006754626319505963,0.10470299339404475,2024-04-18,22500.0,0.12608031352996224,0.08770975125249689,0.10689503239122956,0.006733754097509226,1.003099641254268,0.3787771635627351,0.34645145711488934,1.802048930290678,1.0209357815486246,True,False
2024-04-16,22147.35,22144.7,2024-04-15,22267.05,-0.005375655958018699,0.10045462823431246,2024-04-18,22250.0,0.1645195456643624,0.10745805911897455,0.13598880239166847,0.008566489338520486,0.6275214671483063,0.3786287782874715,0.3461774478350324,0.718974301813682,1.3537335688951218,True,False
2024-04-18,22228.75,21980.45,2024-04-16,22144.7,0.0037954905688493135,0.10088979881415765,2024-04-18,22150.0,0.12017642259254518,0.11255497385888771,0.11636569822571645,0.007330349967705614,0.5177775393495019,0.3887532482944208,0.34439117435615696,0.3746445921452354,1.1533940952748447,True,False
2024-04-19,21839.95,22175.8,2024-04-18,21980.45,-0.006392043838956862,0.10238835704162867,2024-04-25,22000.0,0.16629183301925843,0.11274034545778866,0.13951608923852354,0.008788687524224478,0.7273035730691657,0.36528990743993245,0.27981521913483187,1.2937597416915096,1.3626167395361137,True,False
2024-04-22,22337.1,22324.9,2024-04-19,22175.8,0.007273694748329174,0.10714392355361357,2024-04-25,22200.0,0.12940849099202556,0.14162266744199697,0.13551557921701127,0.008536679080549642,0.8520520309709065,0.36640420994997325,0.2811405182935481,1.7274202379959063,1.2647994839315442,True,False
2024-04-23,22447.55,22361.35,2024-04-22,22324.9,0.005493865594022651,0.10096606630049447,2024-04-25,22300.0,0.15342993331705213,0.138603281564337,0.14601660744069456,0.009198181680319556,0.5972773516506349,0.3687606081004792,0.28464555613490666,0.8028115620461366,1.4461948730984626,True,False
2024-04-24,22426.5,22403.65,2024-04-23,22361.35,0.0029135092469820822,0.10095713071343292,2024-04-25,22350.0,0.1402546231940064,0.13322661443111072,0.13674061881255856,0.008613849321407387,0.3382354552849381,0.37071792260730957,0.285823645058299,-0.1136451370765567,1.3544424038822693,True,False
2024-04-25,22333.55,22569.4,2024-04-24,22403.65,-0.003128954433764264,0.09685154265019442,2024-04-25,22400.0,0.13525556049107085,0.1199650973836788,0.12761032893737484,0.008038695121224838,0.3892366094968299,0.3609132490502152,0.276368400189269,0.10248407714926037,1.317586952623709,True,False
2024-04-26,22610.9,22401.85,2024-04-25,22569.4,0.0018387728517372803,0.09917567446098709,2024-05-02,22550.0,0.1211151493089409,0.10598303959423463,0.11354909445158777,0.007152920607511557,0.2570660227664647,0.3644162181634435,0.2753544669792607,-0.38986182637474437,1.1449288857244402,True,False
2024-04-29,22488.45,22647.45,2024-04-26,22401.85,0.003865752158861868,0.10198549447354978,2024-05-02,22400.0,0.15593582936091638,0.08209505833287256,0.11901544384689447,0.007497268252258458,0.5156214275376046,0.36769434918342997,0.27283275508703314,0.5421895853633345,1.166984034947847,True,False
2024-04-30,22684.9,22624.2,2024-04-29,22647.45,0.0016536078013198452,0.10756364339480569,2024-05-02,22650.0,0.14027271685252285,0.10659417404754448,0.12343344545003367,0.007775576193539195,0.21266691498616458,0.368334352281651,0.2731389019812172,-0.569920418389143,1.1475387180497303,True,False
2024-05-02,22582.95,22643.75,2024-04-30,22624.2,-0.001823268889065699,0.10500999033598912,2024-05-02,22600.0,0.17146693070864322,0.09388643832149712,0.13267668451507017,0.008357845523891667,0.2181505848431534,0.3698116779624865,0.27203259490481746,-0.557510739374443,1.2634672576443338,True,False
2024-05-03,22772.55,22466.4,2024-05-02,22643.75,0.005688103781396503,0.10108572225961045,2024-05-09,22650.0,0.14800218802162018,0.081557938428792,0.11478006322520609,0.007230464351480134,0.7866858205631154,0.373432027260129,0.2684621278924045,1.5393373975960298,1.135472553981714,True,False
2024-05-06,22565.2,22445.85,2024-05-03,22466.4,0.004397678310721798,0.10520049370555107,2024-05-09,22450.0,0.14457967533806704,0.10549513958745049,0.12503740746275877,0.00787661630301694,0.5583207485982754,0.38385644902811916,0.2721996958245345,0.6409423017232888,1.1885629340555173,True,False
2024-05-07,22493.65,22304.8,2024-05-06,22445.85,0.002129569608636084,0.10524664300199363,2024-05-09,22450.0,0.16947769125394224,0.1386302463168082,0.15405396878537522,0.009704487854490716,0.21944173052374252,0.3820209593583655,0.27061480153999456,-0.6007772963985311,1.463742352166587,True,False
2024-05-08,22248.1,22296.4,2024-05-07,22304.8,-0.0025420537283454836,0.10677999664190446,2024-05-09,22300.0,0.16429789765969538,0.1612711671780629,0.16278453241887914,0.01025446166829252,0.2478973358694863,0.38115234262121017,0.27105864994282686,-0.4916094977224697,1.5244852738176282,True,False
2024-05-09,22247.85,21972.6,2024-05-08,22296.4,-0.002177481566531081,0.10674900537374173,2024-05-09,22300.0,0.15705898156431652,0.15364564243062845,0.1553523119974725,0.00978627578914829,0.22250359722598717,0.3836260400225487,0.2691147637687594,-0.5987127593453334,1.4553045384691357,True,False
2024-05-10,21992.1,22055.1,2024-05-09,21972.6,0.0008874689385871548,0.11409166415073269,2024-05-16,21950.0,0.1705285306148358,0.11664352854794821,0.143586029581392,0.009045069667036356,0.09811631875223982,0.3797321529533148,0.26973733285442697,-1.0440372907263034,1.2585146395243452,True,False
2024-05-13,22037.3,22096.2,2024-05-10,22055.1,-0.0008070695666761996,0.11562646230366642,2024-05-16,22050.0,0.14291406165359916,0.11860326864900442,0.1307586651513018,0.008237021660883631,0.0979807507984167,0.3754324548775167,0.27216567629001753,-1.0194220956188824,1.1308714505845048,True,False
2024-05-14,22132.1,22226.85,2024-05-13,22096.2,0.0016247137516856025,0.11363001091794656,2024-05-16,22100.0,0.15871101589140268,0.14316813169631276,0.15093957379385772,0.009508299410872134,0.17087322153821174,0.3753735952336078,0.2722262945362448,-0.7512146247436374,1.3283425089420506,True,False
2024-05-15,22265.0,22210.2,2024-05-14,22226.85,0.0017163925612491138,0.11100028433433805,2024-05-16,22250.0,0.15418227502333104,0.133903662594547,0.14404296880893902,0.009073854132759199,0.1891580508278668,0.3763832745545849,0.27133734708400675,-0.6900090449721715,1.2976810795824167,True,False
2024-05-16,22324.3,22398.9,2024-05-15,22210.2,0.0051372792680839385,0.10384491149483574,2024-05-16,22200.0,0.15074873491232826,0.14849595899423051,0.1496223469532794,0.009425321919433334,0.5450508016592818,0.376606164914578,0.2711752165604133,0.6211653073656792,1.4408250226176964,True,False
2024-05-17,22426.5,22463.2,2024-05-16,22398.9,0.0012322033671294808,0.10606973119189807,2024-05-23,22400.0,0.1272674948712858,0.11721656260219984,0.12224202873674282,0.007700523995176969,0.16001552204775163,0.3743131093632435,0.2691174804148669,-0.7962975388485891,1.152468544636795,True,False
2024-05-18,22519.85,,2024-05-17,22463.2,0.0025219024894047593,0.10197384493472617,2024-05-23,22450.0,0.11269381407513515,0.11743696668577716,0.11506539038045616,0.007248438272791686,0.34792356566947297,0.3706013535896136,0.27053164905506333,-0.08382674633208943,1.1283814046053666,True,False
2024-05-21,22448.75,22539.2,2024-05-18,,,0.09777281979204165,2024-05-23,,,,,,,,,,,False,False
2024-05-22,22577.4,22604.1,2024-05-21,22539.2,0.00169482501597229,0.09572374660155804,2024-05-23,22550.0,0.15748637180606445,0.1432530321675327,0.15036970198679858,0.00947240086133248,0.17892243379297604,0.36635654145297963,0.26882226234291007,-0.6972417612530631,1.5708714642428245,True,False
2024-05-23,22600.75,22980.2,2024-05-22,22604.1,-0.00014820320207387105,0.09602209170820006,2024-05-23,22600.0,0.15809593168038105,0.14704581608500444,0.15257087388269275,0.00961106165727154,0.015420065686681287,0.36409654103124584,0.269833515264653,-1.2921911312706367,1.5889142922061918,True,False
2024-05-24,22932.4,22990.7,2024-05-23,22980.2,-0.002080051522615034,0.11172426158767898,2024-05-30,23000.0,0.14262247906093095,0.11608438185994313,0.12935343046043704,0.008148500195985802,0.25526802142555394,0.36363962866895166,0.2704093284072169,-0.4007687452268582,1.157791768969742,True,False
2024-05-27,23039.6,22934.05,2024-05-24,22990.7,0.0021269469829103826,0.10938723438360062,2024-05-30,23000.0,0.1546128393580446,0.10691328937611486,0.13076306436707974,0.00823729878542916,0.25820927931771864,0.3656313178580099,0.2691396020762732,-0.399131297332632,1.1954143013481635,True,False
2024-05-28,22985.45,22896.25,2024-05-27,22934.05,0.002241209031985214,0.10570778177785378,2024-05-30,22950.0,0.19394548545660933,0.13646677677246588,0.1652061311145376,0.01040700804743325,0.21535575083349515,0.3691880306584058,0.26622226359679024,-0.5778340163837647,1.5628568525042021,True,False
2024-05-29,22792.0,22706.1,2024-05-28,22896.25,-0.0045531473494567765,0.09955158266660923,2024-05-30,22900.0,0.19794863733432072,0.1345711300845322,0.16625988370942646,0.01047338822146813,0.43473489697668527,0.36527132207941226,0.26673603568855087,0.26042066164011224,1.6700878002735358,True,False
2024-05-30,22642.15,22491.55,2024-05-29,22706.1,-0.0028164237803937064,0.1043325457090386,2024-05-30,22700.0,0.23142837077992345,0.14047357090537183,0.18595097084264764,0.011713810116682584,0.24043618193730235,0.3689321482706988,0.2661465095158395,-0.48280162143456223,1.7822911305282012,True,False
2024-05-31,22572.0,22492.05,2024-05-30,22491.55,0.0035768988798015044,0.10974546163331117,2024-06-06,22500.0,0.3709311817868691,0.31826462866676963,0.3445979052268194,0.02170762760818974,0.16477613050870796,0.3710574930594953,0.2645719141641427,-0.7796797449286647,3.139974082738955,True,False
2024-06-03,23338.7,23246.1,2024-05-31,22492.05,0.03764218912904793,0.10608994329399836,2024-06-06,22500.0,0.4133039454822063,0.3442269695296998,0.37876545750595303,0.023859981090056066,1.577628623718221,0.3723105644986464,0.2633916477398452,4.576143813072162,3.5702296159807663,True,False
2024-06-04,23153.6,21946.1,2024-06-03,23246.1,-0.00397916209600746,0.15903732873337556,2024-06-06,23250.0,0.3918746492840802,0.387424337697548,0.3896494934908141,0.02454561091092798,0.16211297858697388,0.39725133324586975,0.303198989377094,-0.7755248628696784,2.450050542184706,True,False
2024-06-05,22131.6,22652.75,2024-06-04,21946.1,0.008452526872656296,0.2588146741676133,2024-06-06,21950.0,0.4003795676204148,0.4646574812947477,0.43251852445758127,0.027246106027223046,0.3102288034925403,0.3904581143625309,0.30383505026183955,-0.26405548273923785,1.6711514748869072,True,False
2024-06-06,22799.5,22811.25,2024-06-05,22652.75,0.006478242156029657,0.2839361039543464,2024-06-06,22650.0,0.28727792741505587,0.37945832370704846,0.33336812556105216,0.021000217982626163,0.30848451960780676,0.3896382062182014,0.3039865567796029,-0.26696472196049403,1.1740955831902726,True,False
2024-06-07,22824.3,23295.4,2024-06-06,22811.25,0.0005720861417064516,0.2786109546760091,2024-06-13,22800.0,0.19409342688697467,0.16875356935075464,0.18142349811886466,0.011428606142997868,0.05005738534939013,0.39285950724401175,0.3020470359907014,-1.134929600518162,0.6511714456089434,True,False
2024-06-10,23321.15,23271.6,2024-06-07,23295.4,0.0011053684418382836,0.28683063113560975,2024-06-13,23300.0,0.18192808742382105,0.17098851096731732,0.17645829919556918,0.011115828010592976,0.09944094500067005,0.39224312908726044,0.3027186779066825,-0.9672418831614051,0.6152003309302835,True,False
2024-06-11,23288.2,23280.15,2024-06-10,23271.6,0.0007133158012342378,0.2871511035385363,2024-06-13,23250.0,0.17788999179216314,0.22289670849628246,0.2003933501442228,0.01262359449696912,0.056506552187295174,0.3904486866448025,0.3041504420501479,-1.0979505149048818,0.6978672471559197,True,False
2024-06-12,23330.6,23328.4,2024-06-11,23280.15,0.0021670822567723125,0.28701622904651886,2024-06-13,23300.0,0.18093517492116812,0.16191109171947543,0.17142313332032177,0.010798642374500988,0.20068099133364017,0.3887526069394274,0.30574666642301274,-0.615122375023977,0.59725937411204,True,False
2024-06-13,23481.05,23397.65,2024-06-12,23328.4,0.006543526345570205,0.2867704931797336,2024-06-13,23350.0,0.16637568385999407,0.18296560869211065,0.17467064627605236,0.011003216461651545,0.5946921401006451,0.3906048527902087,0.30423622210403195,0.6708185037896305,0.6090956023379206,True,False
2024-06-14,23469.45,23463.55,2024-06-13,23397.65,0.0030686842482043897,0.2859372888521863,2024-06-20,23400.0,0.10214212724763996,0.11497113237149478,0.10855662980956737,0.006838424896271817,0.44874138339625247,0.39179398570686946,0.30490254361723346,0.18677245854948737,0.3796518818701017,True,False
2024-06-18,23573.85,23551.65,2024-06-14,23463.55,0.0047009084303100135,0.2859360196944525,2024-06-20,23450.0,0.0976963262102116,0.09561274922774776,0.09665453771897968,0.006088663568817439,0.7720755757281955,0.39673147660663677,0.3033564471640567,1.2373038471095055,0.3380285485622394,True,False
2024-06-19,23630.85,23507.8,2024-06-18,23551.65,0.0033628217131282945,0.2858396054388916,2024-06-20,23550.0,0.12053848274881573,0.12025189332898592,0.12039518803890083,0.007584183966661662,0.4433992803854033,0.4027545216623626,0.3072015447302002,0.13230649200913688,0.42119841249444906,True,False
2024-06-20,23587.7,23560.5,2024-06-19,23507.8,0.0033988718638069404,0.2862367406561776,2024-06-20,23500.0,0.13633938204932228,0.16459225000770078,0.15046581602851153,0.009478455476853283,0.35858921024708124,0.40855926163807177,0.30456923467846403,-0.16406795467619795,0.5256691215934727,True,False
2024-06-21,23654.4,23497.7,2024-06-20,23560.5,0.003985484179028553,0.28622746100234137,2024-06-27,23550.0,0.11763971647838181,0.10135778499196632,0.10949875073517407,0.0068977729361314665,0.5777928928556126,0.40698877189798743,0.304580089805249,0.5607855755339712,0.3825585090672986,True,False
2024-06-24,23393.0,23537.2,2024-06-21,23497.7,-0.004455755244130333,0.28150253614331294,2024-06-27,23500.0,0.10462356565712061,0.109028193346975,0.1068258795020478,0.006729397874956452,0.6621328277694039,0.4131150430798408,0.30425167247604534,0.8184598712737363,0.37948460772539094,True,False
2024-06-25,23585.55,23720.6,2024-06-24,23537.2,0.0020541950614345605,0.2814894419903505,2024-06-27,23550.0,0.1389476218328426,0.13666069446649143,0.137804158149667,0.008680846002253183,0.2366353533862227,0.4101836390592342,0.30091747474331065,-0.576730500018492,0.48955355900840847,True,False
2024-06-26,23736.25,23878.65,2024-06-25,23720.6,0.0006597640869119292,0.2820113108095346,2024-06-27,23700.0,0.1552641878845164,0.13398759127716608,0.14462588958084124,0.009110574689818893,0.07241739510123532,0.4057575466247181,0.3014935894234336,-1.1056293175617813,0.512837194953925,True,False
2024-06-27,23887.25,24032.45,2024-06-26,23878.65,0.00036015436383540766,0.2821911417652084,2024-06-27,23900.0,0.14779453831017003,0.15510689456937987,0.15145071643977495,0.009540498371004909,0.03775005768356651,0.3947614463674378,0.30141788217722965,-1.184439974513368,0.5366955018233228,True,False
2024-06-28,24095.45,24015.6,2024-06-27,24032.45,0.002621455573609932,0.2797160608443427,2024-07-04,24050.0,0.1147137705643137,0.12589421059899286,0.12030399058165328,0.00757843906685027,0.3459096986181158,0.3913096647211884,0.30433541180518625,-0.14917740210966438,0.4300932532029344,True,False
2024-07-01,24032.9,24150.9,2024-06-28,24015.6,0.000720365096021025,0.2762577002084214,2024-07-04,24000.0,0.14587965818552112,0.10126502038643556,0.12357233928597834,0.007784325682790372,0.09254046212552643,0.3898278962443575,0.3043364319261957,-0.9768381400716624,0.4473082169030935,True,False
2024-07-02,24232.6,24128.8,2024-07-01,24150.9,0.003382896703642446,0.2760577515011959,2024-07-04,24150.0,0.1428914002505614,0.1395788971658275,0.14123514870819445,0.00889697809197876,0.3802298565500978,0.37232618485541064,0.29017497903424117,0.027237605809405416,0.5116145007345777,True,False
2024-07-03,24292.15,24282.15,2024-07-02,24128.8,0.006769918106163786,0.25281414013973746,2024-07-04,24150.0,0.15717546101125573,0.13129537468488678,0.14423541784807126,0.00908597728270199,0.7450952050092013,0.3785041943481874,0.2862396445114648,1.2807136177334473,0.5705195831544403,True,False
2024-07-04,24370.9,24291.55,2024-07-03,24282.15,0.003654948182100881,0.13082237068272048,2024-07-04,24300.0,0.14642564070697467,0.14337676284260303,0.14490120177478885,0.00912791772786863,0.4004142336802495,0.3878175095226092,0.28895767484596885,0.04359366528110069,1.1076179174753935,True,False
2024-07-05,24213.4,24337.05,2024-07-04,24291.55,-0.0032171681098982496,0.08366388060709616,2024-07-11,24300.0,0.10366491291882465,0.1000540539556426,0.10185948343723362,0.0064165443297243534,0.501386407477131,0.37757202357969505,0.27698799004684427,0.4470027161700999,1.2174845667939787,True,False
2024-07-08,24331.05,24314.55,2024-07-05,24337.05,-0.0002465376863670654,0.08280530253591578,2024-07-11,24350.0,0.10482478216639238,0.08856516341935766,0.09669497279287502,0.006091210739050096,0.04047433210388517,0.38361779801190404,0.2756399896483256,-1.2448972529197138,1.1677388987370074,True,False
2024-07-09,24352.95,24432.95,2024-07-08,24314.55,0.0015793012825653374,0.04980687266536203,2024-07-11,24300.0,0.12906312358187616,0.11110515694080705,0.12008414026134161,0.007564589798440685,0.20877553504499136,0.3771696185931173,0.27910285148279496,-0.6033406059934378,2.4109953874870285,True,False
2024-07-10,24439.55,24325.4,2024-07-09,24432.95,0.00027012702109230347,0.049221003165206154,2024-07-11,24450.0,0.12248606070210885,0.10613860063830219,0.11431233067020552,0.007200999970036793,0.03751243191449746,0.37214448120074706,0.2793796932818734,-1.1977679743124017,2.3224299246101467,True,False
2024-07-11,24402.65,24309.55,2024-07-10,24325.4,0.003175692897136262,0.05451440380236251,2024-07-11,24350.0,0.13030231549214344,0.13839657463497335,0.1343494450635584,0.008463219533754996,0.3752346118956526,0.36510849769311826,0.2824371867687401,0.03585262379357155,2.4644760960907,True,False
2024-07-12,24388.2,24499.1,2024-07-11,24309.55,0.003235354006964508,0.05545108247459382,2024-07-18,24300.0,0.11351679417558735,0.07510814237422589,0.09431246827490662,0.005941127061620757,0.5445690646585656,0.36266730888767357,0.2816927439826403,0.6457452655653138,1.7008228526128057,True,False
2024-07-15,24598.0,24585.95,2024-07-12,24499.1,0.004036882987538348,0.059025411522418296,2024-07-18,24500.0,0.10130886195302743,0.08720026588376634,0.09425456391839689,0.005937479430021901,0.6798984375636747,0.35502513261107854,0.2700008733084795,1.2032305709671696,1.5968472135530694,True,False
2024-07-16,24626.05,24616.9,2024-07-15,24585.95,0.0016310128345660146,0.05916493322659111,2024-07-18,24600.0,0.12106092541998517,0.09757866255830683,0.109319793989146,0.006886499720764143,0.2368420679156048,0.3558980821180013,0.27097972008480925,-0.4393539640720538,1.8477126234634753,True,False
2024-07-18,24550.6,24801.7,2024-07-16,24616.9,-0.0026932716954614078,0.05903972791883719,2024-07-18,24600.0,0.10979570233922972,0.0841710174891025,0.09698335991416611,0.006109377420103668,0.44084225122495485,0.35121582426076964,0.2705620163459805,0.331260197475671,1.642679655426099,True,False
2024-07-19,24854.8,24525.2,2024-07-18,24801.7,0.0021409822713764903,0.059808195226977084,2024-07-25,24800.0,0.16277549957623022,0.16244737975503432,0.16261143966563227,0.010243557849748742,0.2090076810010894,0.34644146889669947,0.2663070647089847,-0.5160726323418986,2.7188822376015245,True,False
2024-07-22,24450.45,24518.7,2024-07-19,24525.2,-0.0030478854402817834,0.07742823798171108,2024-07-25,24550.0,0.18052817867278864,0.19239765665016012,0.18646291766147438,0.011746059734947016,0.2594815205318324,0.33572406306386926,0.2584373493376713,-0.29501363764731714,2.40820303447326,True,False
2024-07-23,24578.9,24480.4,2024-07-22,24518.7,0.0024552688356234142,0.07595656605661574,2024-07-25,24500.0,0.2384040572164286,0.2473575844335869,0.24288082082500775,0.015300053574528768,0.16047452537753842,0.33009413254522246,0.25631359843736456,-0.6617659312724059,3.1976277158708264,True,False
2024-07-24,24447.5,24411.25,2024-07-23,24480.4,-0.001343932288688121,0.07708042559463792,2024-07-25,24500.0,0.14953125398643435,0.17045481621145603,0.1599930350989452,0.01007861386605327,0.13334495264420698,0.32713145038009916,0.25724356541025395,-0.75331912550209,2.0756636184177357,True,False
2024-07-25,24240.75,24408.15,2024-07-24,24411.25,-0.006984484612627351,0.07565820388946111,2024-07-25,24400.0,0.11635171529067154,0.19053186423186863,0.1534417897612701,0.009665924200785183,0.7225883906745293,0.3228665894325555,0.2583154581204767,1.5474172709228502,2.028091890543068,True,False
2024-07-26,24435.35,24821.8,2024-07-25,24408.15,0.001114381876545112,0.07325008738107751,2024-08-01,24400.0,0.11639962253546629,0.11362032563734986,0.11500997408640808,0.007244947374395685,0.15381504087710018,0.33062529556435655,0.263249627968243,-0.6716448416352018,1.5701001623121378,True,False
2024-07-29,24957.4,24816.7,2024-07-26,24821.8,0.005462939835144898,0.09079000139739277,2024-08-01,24800.0,0.12543180699912693,0.09274096666012346,0.1090863868296252,0.006871796451756666,0.7949798678551346,0.32459518912001484,0.2630839975805042,1.787963855882877,1.2015242334026206,True,False
2024-07-30,24851.25,24845.35,2024-07-29,24816.7,0.0013922076666115224,0.09063793146428875,2024-08-01,24800.0,0.14697750679221316,0.11963665240035831,0.13330707959628574,0.008397556681334874,0.1657872306722218,0.3343004050011643,0.269546402775816,-0.6251731523536462,1.470764805006705,True,False
2024-07-31,24877.55,24934.2,2024-07-30,24845.35,0.0012960171621652083,0.08941795163935973,2024-08-01,24850.0,0.15368354362721298,0.11014763900784191,0.13191559131752745,0.008309901159004976,0.15596059897304398,0.3334276824316488,0.2700132056479373,-0.6572533481566053,1.4752696622884978,True,False
2024-08-01,25032.8,25012.85,2024-07-31,24934.2,0.003954408001860754,0.08927445760801957,2024-08-01,24950.0,0.16526573660509702,0.1448966574461003,0.15508119702559867,0.009769197151236756,0.40478331439550647,0.3229155954051476,0.264284840229794,0.3097707720169474,1.7371284147871164,True,False
2024-08-02,24827.1,24719.85,2024-08-01,25012.85,-0.0074261829419678405,0.0877505682996702,2024-08-08,25000.0,0.10259767216940968,0.11319782291242664,0.10789774754091816,0.00679691921469763,1.0925807277375745,0.3203566381684348,0.2627054795863328,2.9395050715543376,1.2295959972868196,True,False
2024-08-05,24327.75,24047.65,2024-08-02,24719.85,-0.01586174673390006,0.0995080090472004,2024-08-08,24700.0,0.106842812061828,0.13256358274737878,0.11970319740460339,0.007540592654091737,2.103514599120141,0.3349089547886653,0.2805948886925125,6.3030572387567165,1.2029503810876534,True,False
2024-08-06,24194.55,23983.9,2024-08-05,24047.65,0.006108705008597504,0.14068003341911978,2024-08-08,24050.0,0.24567022224351154,0.22880756828582316,0.23723889526466735,0.01494464567100021,0.4087554260621465,0.3658359091761762,0.3614538045110314,0.11874136155249794,1.686372184444081,True,False
2024-08-07,24289.45,24304.9,2024-08-06,23983.9,0.012739796280004434,0.14087265608537936,2024-08-08,24000.0,0.21409853721065125,0.18988101414948572,0.20198977568006848,0.012724159853028185,1.001228876967663,0.3689401063234455,0.36100148095427076,1.7514852542234074,1.4338465767100153,True,False
2024-08-08,24251.7,24122.9,2024-08-07,24304.9,-0.002188859036655222,0.1483389136633564,2024-08-08,24300.0,0.21650957826765194,0.127245674126503,0.17187762619707747,0.010827272734609223,0.2021616237354551,0.38399198229370257,0.3682724699019746,-0.49373866747803985,1.1586819800173296,True,False
2024-08-09,24387.35,24381.15,2024-08-08,24122.9,0.010962612289566964,0.14988910135950678,2024-08-14,24100.0,0.1591395716860804,0.15358520914144597,0.15636239041376318,0.009849904748533507,1.1129663249991448,0.38572833017598657,0.3671449876096894,1.980792382752839,1.043187189699205,True,False
2024-08-12,24320.25,24342.25,2024-08-09,24381.15,-0.0024978313164063515,0.15494748563162414,2024-08-14,24400.0,0.1305078029914487,0.123219872296469,0.12686383764395887,0.007991670589837846,0.31255433871142996,0.40142988190033546,0.37779133182000674,-0.23525035040044007,0.8187537676188434,True,False
2024-08-13,24359.0,24148.5,2024-08-12,24342.25,0.0006881040166788477,0.15239939780525188,2024-08-14,24350.0,0.15057221108633206,0.17740260879692255,0.1639874099416273,0.010330235829789213,0.06661067840238148,0.4034864866983948,0.37695112500735384,-0.8936856423745686,1.0760371254956238,True,False
2024-08-14,24193.65,24143.7,2024-08-13,24148.5,0.001869681346667651,0.15403512814473264,2024-08-14,24150.0,0.18531906698261735,0.15656460773197717,0.17094183735729726,0.010768323578663317,0.1736278941665808,0.39551248464411315,0.37896081503155216,-0.5855080041957855,1.109758789544934,True,False
2024-08-16,24339.65,24546.15,2024-08-14,24143.7,0.008115988850093458,0.15385695732004995,2024-08-22,24150.0,0.1350615090316225,0.11309534384866415,0.12407842644014333,0.007816206176877158,1.038353987399047,0.39573935751276035,0.3788214892928849,1.696352102637585,0.8064531406404849,True,False
2024-08-19,24636.8,24565.15,2024-08-16,24546.15,0.0036930435119151284,0.1636426266517472,2024-08-22,24550.0,0.1127368705689761,0.09881433304905687,0.10577560180901649,0.00666323659916313,0.5542416897486361,0.40724653120825327,0.3877260922496852,0.3791211411320801,0.6463817158968044,True,False
2024-08-20,24660.3,24698.05,2024-08-19,24565.15,0.003873373457927043,0.1587194565501797,2024-08-22,24550.0,0.11625822193492505,0.12604627068344698,0.12115224630918602,0.007631874155022598,0.5075258552812935,0.4135018521408476,0.3870069367143638,0.24295172572020757,0.7633106169997711,True,False
2024-08-21,24684.25,24767.2,2024-08-20,24698.05,-0.0005587485651701307,0.15980723417185136,2024-08-22,24700.0,0.1067353895397801,0.12545435043952152,0.11609486998965081,0.007313289392452187,0.0764018125341515,0.42170361530075784,0.38362726976119377,-0.9000971254769118,0.7264681764331536,True,False
2024-08-22,24867.35,24805.6,2024-08-21,24767.2,0.004043654510804462,0.15984235506131902,2024-08-22,24750.0,0.1124683952428675,0.10908283744547576,0.11077561634417163,0.006978207908966195,0.5794689071400166,0.4187225118192344,0.38563226431513914,0.4168385537093444,0.6930304317755809,True,False
2024-08-23,24852.2,24818.95,2024-08-22,24805.6,0.001878608056245401,0.15934152444811814,2024-08-29,24800.0,0.11218981904208758,0.08721593507387143,0.0997028770579795,0.006280690897453833,0.29910850365315406,0.424076838949606,0.3855961075263276,-0.32409127804258087,0.6257181070866616,True,False
2024-08-26,24917.0,25010.1,2024-08-23,24818.95,0.003950610319936931,0.15930493997257678,2024-08-29,24800.0,0.11837223920955772,0.08880481480711921,0.10358852700833847,0.0065254638367514585,0.6054144837470504,0.425472718163267,0.38497881988193383,0.46740692290284536,0.6502530745510497,True,False
2024-08-27,25032.8,25026.2,2024-08-26,25010.1,0.0009076333161404104,0.1500511968165235,2024-08-29,25000.0,0.13186579356442446,0.09880013509720978,0.11533296433081712,0.007265293847314883,0.12492726863014009,0.4283173779427731,0.3856783708641457,-0.7866401961636097,0.768624088162666,True,False
2024-08-28,25024.8,25055.5,2024-08-27,25026.2,-5.594137344067107e-05,0.15003447736002098,2024-08-29,25050.0,0.10284902277784438,0.11282539307026204,0.10783720792405321,0.006793105577300207,0.008235021935711462,0.42639222938765375,0.3869183854332827,-1.0807374970917378,0.7187495155882625,True,False
2024-08-29,25040.3,25148.05,2024-08-28,25055.5,-0.0006066532298297789,0.150035485256731,2024-08-29,25050.0,0.10708333769754352,0.12133084872204333,0.11420709320979343,0.007194370633159212,0.0843233217696186,0.4237832109114371,0.38923324083531147,-0.8721246120021066,0.7612005454201028,True,False
2024-08-30,25226.4,25252.0,2024-08-29,25148.05,0.003115549714590271,0.15006843862180752,2024-09-05,25150.0,0.12005701018523404,0.08435663810507996,0.102206824145157,0.006438424737661838,0.48389937625048735,0.39889478921229377,0.3609158829201738,0.23552465009414567,0.6810680852269798,True,False
2024-09-02,25333.65,25272.9,2024-08-30,25252.0,0.003233407254870979,0.1503407737936956,2024-09-05,25250.0,0.12087535434321348,0.07021835243728888,0.09554685339025118,0.006018886014889364,0.537210249018217,0.40425789584001903,0.3597266046929552,0.36959277252145284,0.6355351976661028,True,False
2024-09-03,25303.1,25276.85,2024-09-02,25272.9,0.0011949558618122857,0.1432292114120552,2024-09-05,25250.0,0.1032020372213546,0.12403073947223425,0.11361638834679443,0.00715715972445131,0.16695950737691476,0.4080409199321136,0.35991446156661566,-0.6698297465065257,0.7932487180979596,True,False
2024-09-04,25110.0,25190.95,2024-09-03,25276.85,-0.006600901615509747,0.0968518197689756,2024-09-05,25300.0,0.11298922614124493,0.10949830757263732,0.11124376685694112,0.007007698619274182,0.9419499858847284,0.40568216972826543,0.3610399693241416,1.4853419613355934,1.1485975908588522,True,False
2024-09-05,25264.65,25144.45,2024-09-04,25190.95,0.0029256538558490863,0.0974150709704692,2024-09-05,25200.0,0.10335964207753165,0.15940738040531222,0.13138351124142195,0.008276383264744322,0.35349424528365736,0.4205470464038543,0.3644940309522862,-0.18396131466134888,1.3486979984980978,True,False
2024-09-06,25095.9,24857.25,2024-09-05,25144.45,-0.0019308435857614548,0.0894733597415094,2024-09-12,25150.0,0.12066762868822331,0.08535638850675559,0.10301200859748945,0.006489146590528681,0.2975496945283441,0.4247812680752375,0.3621688259095378,-0.35130459731692404,1.1513148594743008,True,False
2024-09-09,24825.1,24941.85,2024-09-06,24857.25,-0.0012933852296613813,0.09571181826013218,2024-09-12,24850.0,0.1309027461455316,0.11809292823009054,0.12449783718781107,0.00784262657057993,0.16491735492204376,0.42879865378092163,0.3593403205605099,-0.7343492610216072,1.3007572048150027,True,False
2024-09-10,25011.7,25044.85,2024-09-09,24941.85,0.0028005139955538105,0.0897380684377283,2024-09-12,24950.0,0.12194404249259405,0.12631382051637102,0.12412893150448254,0.007819387696881702,0.3581500373322874,0.4282025931740616,0.3597545502126459,-0.19472319613571845,1.3832360520509643,True,False
2024-09-11,25036.0,24919.95,2024-09-10,25044.85,-0.0003533660612859979,0.08971377904208556,2024-09-12,25050.0,0.10811717941567442,0.10993659889029228,0.10902688915298335,0.006868048450423798,0.051450723424089004,0.42426022479458897,0.3591947892954052,-1.037903423103106,1.2152747361343215,True,False
2024-09-12,25047.75,25405.85,2024-09-11,24919.95,0.005128421204697364,0.08613284250327814,2024-09-12,24900.0,0.1021154847142203,0.16133489381864363,0.13172518926643195,0.008297906957187946,0.618037925847667,0.4176387137950529,0.3623835835384483,0.5530030088445,1.5293259276961468,True,False
2024-09-13,25430.5,25366.25,2024-09-12,25405.85,0.0009702489780898382,0.10664940511771702,2024-09-19,25400.0,0.0949969950788348,0.12991698183771694,0.11245698845827587,0.007084124396472832,0.13696103057887052,0.4150714196303775,0.36037007180722913,-0.7717355319125255,1.054454906092993,True,False
2024-09-16,25410.6,25390.85,2024-09-13,25366.25,0.0017483861430049874,0.09351223205939185,2024-09-19,25350.0,0.08897914419680769,0.11191849099709766,0.10044881759695268,0.006327680734572036,0.2763075787709187,0.40996411546693523,0.36212898203285254,-0.36908544559377776,1.0741783762915127,True,False
2024-09-17,25409.1,25426.05,2024-09-16,25390.85,0.0007187628614244712,0.09349018735951439,2024-09-19,25400.0,0.13031384062813184,0.1035769154344954,0.11694537803131362,0.007366866363078386,0.09756697434160085,0.40859275494233255,0.36248245846967053,-0.8580436744824046,1.2508839840228667,True,False
2024-09-18,25403.3,25399.8,2024-09-17,25426.05,-0.0008947516425084068,0.09244077724397144,2024-09-19,25450.0,0.12108498900319511,0.13115161158245575,0.12611830029282545,0.007944706151166207,0.11262237085723627,0.4005889896337657,0.3639818202569527,-0.7911565983521914,1.3643145812152968,True,False
2024-09-19,25494.4,25412.5,2024-09-18,25399.8,0.0037244387751085295,0.09270984309765351,2024-09-19,25400.0,0.19323714938940612,0.20035253990076818,0.19679484464508715,0.012396909957868851,0.3004328326789587,0.3914304820185629,0.36420263641054057,-0.24985444980971747,2.1226963402127472,True,False
2024-09-20,25530.8,25784.7,2024-09-19,25412.5,0.004655189375307289,0.09274387224647188,2024-09-26,25400.0,0.1425536020565793,0.0916385330795591,0.1170960675680692,0.007376358911636357,0.6310958334692246,0.3924937733401085,0.3638359955255934,0.6557956416171364,1.2625747095924573,True,False
2024-09-23,25877.1,25943.8,2024-09-20,25784.7,0.0035835204598073656,0.10417355761558954,2024-09-26,25800.0,0.09665077006604256,0.11101290070233483,0.10383183538418869,0.006540790823760952,0.547872658882377,0.4018050806462416,0.36265268661258615,0.4027753926229042,0.9967196835816836,True,False
2024-09-24,25930.2,25937.3,2024-09-23,25943.8,-0.0005242100232039082,0.10318548799597413,2024-09-26,25950.0,0.11500136447771869,0.14440360315672113,0.1297024838172199,0.008170488490660557,0.06415895742379628,0.4103071239995551,0.3599426481747671,-0.961675890120388,1.2569837710345506,True,False
2024-09-25,25920.8,26001.3,2024-09-24,25937.3,-0.0006361494835622761,0.10337329486393915,2024-09-26,25950.0,0.1293855207598923,0.11968137060697598,0.12453344568343414,0.0078448696949604,0.08109114724632621,0.40561127831298316,0.36262490204379544,-0.8949195966344957,1.204696491945489,True,False
2024-09-26,26015.8,26205.7,2024-09-25,26001.3,0.0005576644244711382,0.10336949255922889,2024-09-26,26000.0,0.11514329163384357,0.13471621582351456,0.12492975372867907,0.007869834755205455,0.07086100811739082,0.40542045639832985,0.362795412069292,-0.9221711111854963,1.2085747026096363,True,False
2024-09-27,26234.3,26159.65,2024-09-26,26205.7,0.0010913656189301957,0.10538120009628157,2024-10-03,26200.0,0.09974157096366074,0.10988736379275929,0.10481446737821001,0.006602690821057998,0.16529103792797586,0.4002643089244514,0.3653489267136955,-0.6431475606348547,0.994622069993948,True,False
2024-09-30,26060.95,25805.7,2024-09-27,26159.65,-0.0037729862593727237,0.1059338521544323,2024-10-03,26150.0,0.12799796333538854,0.07600913796812897,0.10200355065175876,0.0064256197111936695,0.5871785802698596,0.3906009061397643,0.3637379310546129,0.5404376540003479,0.9628985312745554,True,False
2024-10-01,25832.0,25796.2,2024-09-30,25805.7,0.0010191546828801634,0.11910231518171065,2024-10-03,25800.0,0.14777967808142706,0.11072916067919267,0.12925441938030985,0.008142263084198744,0.12516847863316805,0.3937136452495911,0.36462139171950286,-0.7365041457112598,1.0852385126444475,True,False
2024-10-03,25451.6,25251.0,2024-10-01,25796.2,-0.013358556686643874,0.11917022334034834,2024-10-03,25800.0,0.10083291247539153,0.0929827972310992,0.09690785485324536,0.006104621048343595,2.1882696044283594,0.3874433464355251,0.36597075187902034,4.920683548471483,0.8131884974023923,True,False
2024-10-04,25223.15,25021.7,2024-10-03,25251.0,-0.0011029266167675855,0.14232154806140968,2024-10-10,25250.0,0.16592885146416841,0.09864614390673274,0.13228749768545056,0.008333329058065116,0.1323512619125675,0.4232399343075997,0.4307629190837579,-0.6752871695961175,0.9294973212936838,True,False
2024-10-07,25102.4,24785.95,2024-10-04,25021.7,0.003225200525943439,0.1459431476460123,2024-10-10,25000.0,0.15104974536669602,0.1403801050099161,0.14571492518830606,0.009179177484729512,0.35136051474207636,0.4219661964220593,0.43152015000344324,-0.16362082206223638,0.9984362235474064,True,False
2024-10-08,24862.0,24995.1,2024-10-07,24785.95,0.0030682705322975234,0.1440646988856255,2024-10-10,24800.0,0.2217989249335317,0.17827255265916642,0.20003573879634906,0.012601067099528919,0.24349291278769783,0.4271969978025189,0.4286737042841542,-0.4285405966796822,1.3885132190166833,True,False
2024-10-09,25068.2,24971.45,2024-10-08,24995.1,0.0029245732163505345,0.1467737574165622,2024-10-10,25000.0,0.1511733753703705,0.20855433882015317,0.17986385709526184,0.011330357993402934,0.258118341719949,0.4250013028173863,0.42928133433802634,-0.38874963281312774,1.2254497006899252,True,False
2024-10-10,25083.5,25000.6,2024-10-09,24971.45,0.004487124295945888,0.14605125864780147,2024-10-10,24950.0,0.1414418779214462,0.18386293610197402,0.1626524070117101,0.010246138549977225,0.4379332051835139,0.42022712410174273,0.42952183273053274,0.04122277316897037,1.1136665888237351,True,False
2024-10-11,24988.3,24972.05,2024-10-10,25000.6,-0.0004919881922833547,0.14495326333440262,2024-10-17,25000.0,0.1395606317929458,0.10903667835273409,0.12429865507283995,0.007830079276726944,0.06283310486340452,0.41619437022874006,0.42817626282546584,-0.8252705627200391,0.8575084976602898,True,False
2024-10-14,25029.3,25116.75,2024-10-11,24972.05,0.0022925630855297197,0.12575326757507446,2024-10-17,24950.0,0.1090573447800208,0.11180093182432552,0.11042913830217316,0.006956381843873992,0.329562571029453,0.41329422084453676,0.42999708501795353,-0.19472608706542213,0.8781413034555716,True,False
2024-10-15,25196.55,25057.45,2024-10-14,25116.75,0.0031771626504224493,0.1278795486239459,2024-10-17,25100.0,0.1276435146696856,0.11922391438247057,0.12343371452607808,0.007775593143736751,0.4086071109548289,0.4114395595079451,0.4301162200724398,-0.006585309785897328,0.9652342055808968,True,False
2024-10-16,25022.15,24983.25,2024-10-15,25057.45,-0.0014087626633995098,0.12793107120987585,2024-10-17,25050.0,0.10966869194568388,0.13924972762876375,0.12445920978722382,0.007840193273062152,0.17968468561098216,0.4147662166738407,0.42929510931154413,-0.5475989033274948,0.9728614683687257,True,False
2024-10-17,25029.5,24757.1,2024-10-16,24983.25,0.0018512403310217973,0.12795318241367726,2024-10-17,25000.0,0.13781220277118067,0.10901682936368351,0.12341451606743209,0.007774383754519296,0.23812052369368314,0.4134362694251598,0.42990749942520073,-0.4077987612820877,0.9645286951005916,True,False
2024-10-18,24694.95,24848.7,2024-10-17,24757.1,-0.0025103909585532103,0.13123190812572147,2024-10-24,24750.0,0.1380508513246581,0.10038653040147447,0.11921869086306629,0.0075100716108181375,0.33426990961538,0.4147303693970956,0.42924949306950594,-0.18744450740373295,0.9084581072223198,True,False
2024-10-21,24968.95,24791.85,2024-10-18,24848.7,0.004839287367145895,0.13228458866021334,2024-10-24,24850.0,0.11736817427858323,0.09599219830772962,0.10668018629315643,0.006720220065469843,0.7201084666871779,0.4180791186799485,0.4277983802840703,0.7060086291272849,0.8064445554362764,True,False
2024-10-22,24805.05,24475.1,2024-10-21,24791.85,0.0005324330374700814,0.11850975871897172,2024-10-24,24800.0,0.11182972318833878,0.1450512321378517,0.12844047766309524,0.008090989575497537,0.06580567586967144,0.41803778661349267,0.4277685799999132,-0.8234174439457257,1.0837966345680674,True,False
2024-10-23,24419.1,24442.95,2024-10-22,24475.1,-0.0022880396811453263,0.12039176556116381,2024-10-24,24500.0,0.17123146556903318,0.15539653677004678,0.16331400116953998,0.01028781506451225,0.22240287823970553,0.41657096386336884,0.4288395107020083,-0.4527756439834824,1.3565213568246075,True,False
2024-10-24,24444.8,24393.9,2024-10-23,24442.95,7.568644537570002e-05,0.12014245760148466,2024-10-24,24450.0,0.14546738731132147,0.16532372250358723,0.15539555490745435,0.009788999836428737,0.007731785334599848,0.40702801403644506,0.4266412001007224,-0.9359063977121256,1.2934274694371997,True,False
2024-10-25,24428.3,24147.85,2024-10-24,24393.9,0.0014101886127269037,0.1185125504735019,2024-10-31,24400.0,0.136959518707088,0.10000624696366633,0.11848288283537717,0.007463720061914558,0.1889391082501517,0.40439375661415133,0.42863923647580315,-0.5026479846675496,0.999749666697694,True,False
2024-10-28,24273.55,24335.15,2024-10-25,24147.85,0.005205432367684892,0.11339053958571252,2024-10-31,24150.0,0.13150652113170624,0.12346005994707748,0.12748329053939186,0.008030692454367242,0.6481922196950874,0.4049433984354364,0.42833630959766844,0.5678921347763676,1.1242850682708547,True,False
2024-10-29,24352.1,24472.45,2024-10-28,24335.15,0.0006965233417504102,0.12073952306881158,2024-10-31,24350.0,0.12994697011736756,0.12881222471334508,0.12937959741535632,0.008150148559206856,0.0854614289163575,0.40900021352376276,0.42948589984082475,-0.7533164295435882,1.0715596196418682,True,False
2024-10-30,24397.15,24337.7,2024-10-29,24472.45,-0.0030769293634269612,0.11895122956957505,2024-10-31,24450.0,0.13494253177227872,0.11483992996532905,0.12489123086880388,0.007867408043133533,0.3910982303901759,0.3922148918767425,0.4219309999804906,-0.002646549996606724,1.0499364430340294,True,False
2024-10-31,24356.9,24207.75,2024-10-30,24337.7,0.000788899526249498,0.11905812872299813,2024-10-31,24350.0,0.16784042029706675,0.11770956743284502,0.1427749938649559,0.008993979219177285,0.08771418156797363,0.3636746190645764,0.3571569014872314,-0.7726588408273235,1.199204081202533,True,False
2024-11-01,,,2024-10-31,24207.75,,0.09833277271326797,2024-11-07,24200.0,0.19148913964168035,0.13432726336066114,0.16290820150117075,0.010262252088211835,,,,,1.6567030198182304,False,False
2024-11-04,24316.75,24001.75,2024-11-01,,,0.09499573724844962,2024-11-07,,,,,,,,,,,False,False
2024-11-05,23943.5,24221.1,2024-11-04,24001.75,-0.002426906371410409,0.09405459407514533,2024-11-07,24000.0,0.234093327262557,0.21558799049329797,0.22484065887792748,0.014163630190640548,0.1713477645733881,0.3583239316563402,0.3588707849483432,-0.5210125062419498,2.3905335097006537,True,False
2024-11-06,24312.15,24474.65,2024-11-05,24221.1,0.00375911911515181,0.09507276207352795,2024-11-07,24200.0,0.19450723147386034,0.2446900989710325,0.21959866522244642,0.01383341562905528,0.2717419338761334,0.3444925797831022,0.3495435550986641,-0.20813041707043872,2.30979578622752,True,False
2024-11-07,24500.9,24201.25,2024-11-06,24474.65,0.0010725383202618843,0.10423351692688346,2024-11-07,24450.0,0.13832405224975025,0.18991215107664833,0.1641181016631993,0.010338468634400983,0.10374247465364853,0.3456522516187802,0.3491785756249875,-0.6927967345423252,1.5745233059565955,True,False
2024-11-08,24223.9,24157.95,2024-11-07,24201.25,0.0009359020711741106,0.10990304981746109,2024-11-14,24200.0,0.14284566334859866,0.12360465482386201,0.13322515908623034,0.008392396174266252,0.11151786113766687,0.32883185411302196,0.3356347108749575,-0.6474717481062815,1.2122062063564674,True,False
2024-11-11,24092.55,24171.45,2024-11-08,24157.95,-0.002707183349580644,0.10989123357788963,2024-11-14,24150.0,0.120498291056718,0.11390740234947419,0.1172028467030961,0.0073830853648861605,0.36667371644596797,0.32548124615345925,0.33680139772638085,0.12230492679241697,1.0665349990818338,True,False
2024-11-12,24236.05,23873.55,2024-11-11,24171.45,0.0026725744628477432,0.10672358467447332,2024-11-14,24150.0,0.1401788321011912,0.12260425018881668,0.13139154114500395,0.008276889101123603,0.3228960096233422,0.330482296787519,0.33511591537274243,-0.022637800283936797,1.2311387548101242,True,False
2024-11-13,23829.75,23540.7,2024-11-12,23873.55,-0.0018346663985875367,0.11297761741405639,2024-11-14,23850.0,0.1619142462879311,0.1454474632651589,0.153680854776545,0.009680983881204069,0.1895123905897208,0.33297009871179845,0.33448520592698533,-0.42889104085934665,1.3602770025970154,True,False
2024-11-14,23541.35,23516.85,2024-11-13,23540.7,2.7611753261380656e-05,0.12020313829331823,2024-11-14,23550.0,0.18457108017643065,0.18810885833263435,0.1863399692545325,0.011738314713307498,0.002352275768350098,0.3188227387649763,0.3218575756725075,-0.9832624331907516,1.550208853947124,True,False
2024-11-18,23606.8,23441.65,2024-11-14,23516.85,0.0038249170275781452,0.1181530356708506,2024-11-21,23500.0,0.12398323582514509,0.10203748003776267,0.11301035793145388,0.007118983396691018,0.5372841618588419,0.30962458186530484,0.322900014647323,0.7050466697630559,0.9564744341082938,True,False
2024-11-19,23554.9,23525.55,2024-11-18,23441.65,0.004831144565335732,0.11583558187113607,2024-11-21,23450.0,0.1389246010396653,0.13662937171917178,0.13777698637941854,0.008679134341616069,0.5566389890026942,0.3101205536415973,0.3232318252695559,0.7626675843429567,1.1894185202323384,True,False
2024-11-21,23507.3,23361.15,2024-11-19,23525.55,-0.0007757523203495431,0.11808690579030204,2024-11-21,23550.0,0.12953232770134998,0.18179245239153558,0.15566239004644278,0.009805808870210087,0.07911150733380783,0.31812450658273966,0.32329220273027043,-0.7393095077159825,1.31820195477784,True,False
2024-11-22,23427.3,23935.2,2024-11-21,23361.15,0.0028316242993173812,0.11314986586547766,2024-11-28,23350.0,0.1420499233027619,0.15378321158287878,0.14791656744282033,0.009317867910476568,0.30389186952667974,0.30978521658596947,0.3228896737926507,-0.01825189077763524,1.3072624197246183,True,False
2024-11-25,24259.9,24211.2,2024-11-22,23935.2,0.013565794311307222,0.14807130083058453,2024-11-28,23950.0,0.15542575303801193,0.16721734043494868,0.1613215467364803,0.0101623022328812,1.3349134871637318,0.3098649393505283,0.32288758349845675,3.1746298098765475,1.0894855777694288,True,False
2024-11-26,24311.8,24188.45,2024-11-25,24211.2,0.004155101771081027,0.1545175344248397,2024-11-28,24200.0,0.18392196822933754,0.13894025475093286,0.1614311114901352,0.01016920416361046,0.40859655330253547,0.3220232560741396,0.3470366711272711,0.2494644065919081,1.0447429936740182,True,False
2024-11-27,24241.1,24277.9,2024-11-26,24188.45,0.0021766586945421995,0.15020931034306204,2024-11-28,24200.0,0.1679146929381935,0.1348974417115275,0.1514060673248605,0.00953768574114008,0.22821665062346813,0.3267510774853462,0.3462373924799471,-0.2845863243022917,1.007967262342562,True,False
2024-11-28,24289.1,23907.35,2024-11-27,24277.9,0.0004613249086615756,0.14815183206916338,2024-11-28,24300.0,0.16455429312262032,0.12352608714758853,0.14404019013510444,0.009073679092760608,0.05084210097639903,0.33041743796347556,0.34396466138973203,-0.8128025008659286,0.9722471070614945,True,False
2024-11-29,23962.6,24126.25,2024-11-28,23907.35,0.002311004774682157,0.15583390522920815,2024-12-05,23900.0,0.1737703324189509,0.11195576239194671,0.1428630474054488,0.008999526070848784,0.25679183064627714,0.32985941761692195,0.34439755753764906,-0.21216058410245014,0.9167648541908696,True,False
2024-12-02,24154.65,24286.05,2024-11-29,24126.25,0.0011771410807730476,0.1590212764353254,2024-12-05,24150.0,0.1517211020695089,0.10296576278644937,0.12734343242797913,0.008021882221471212,0.14674125701102103,0.3260742918568517,0.3439235703778322,-0.5214328132521321,0.8007949331218595,True,False
2024-12-03,24377.1,24457.6,2024-12-02,24286.05,0.003749065821737174,0.1597496210470723,2024-12-05,24300.0,0.1929073710099679,0.15393194642416136,0.17341965871706463,0.01092441165273923,0.34318240111330106,0.31956647532339855,0.34355476601494156,0.0687399160949944,1.085571643803551,True,False
2024-12-04,24501.15,24464.05,2024-12-03,24457.6,0.0017806326049980559,0.1615839989206104,2024-12-05,24450.0,0.17230967083173876,0.18935736046223456,0.18083351564698666,0.011391440740653194,0.15631320440823826,0.32250352355233824,0.34298080215065363,-0.48454700117909577,1.1191300924284833,True,False
2024-12-05,24512.2,24737.65,2024-12-04,24464.05,0.001968194146104274,0.15801228379217178,2024-12-05,24450.0,0.20569749043534308,0.23967282958625546,0.22268516001079927,0.0140278465250762,0.1403062218128725,0.3094095771943967,0.3338052874183418,-0.5065928005196493,1.4092901809057423,True,False
2024-12-06,24742.9,24683.5,2024-12-05,24737.65,0.00021222711130608474,0.15956806771442153,2024-12-12,24750.0,0.14843635653708148,0.16535951776876012,0.1568979371529208,0.009883641022039761,0.02147256368709007,0.3058564434698836,0.33446205799059536,-0.8502724688454499,0.9832665106512447,True,False
2024-12-09,24627.8,24619.95,2024-12-06,24683.5,-0.0022565681528146087,0.15600124252708436,2024-12-12,24700.0,0.15049454512345434,0.13632796219750232,0.14341125366047833,0.009034059818895884,0.24978450420426812,0.3012551579558627,0.33647127223135986,-0.1529719117185227,0.9192955859667579,True,False
2024-12-10,24634.85,24611.9,2024-12-09,24619.95,0.000605200254265359,0.15037593462458584,2024-12-12,24600.0,0.15164700158461025,0.17095638164305405,0.16130169161383215,0.010161051477719826,0.05956079010055049,0.3026696104438998,0.3360665616146341,-0.7233948512322419,1.0726562865030398,True,False
2024-12-11,24641.2,24649.15,2024-12-10,24611.9,0.0011904810274703248,0.15011841271749823,2024-12-12,24600.0,0.1474245005825307,0.17034737487616292,0.1588859377293468,0.01000887328707491,0.11894256159758443,0.2976931229900375,0.3374390388487717,-0.5297269752850463,1.0584040615214059,True,False
2024-12-12,24624.8,24554.25,2024-12-11,24649.15,-0.0009878636788693829,0.150121675668451,2024-12-12,24650.0,0.11571661918288584,0.13076655985328772,0.12324158951808678,0.007763490405837196,0.12724478645927484,0.29881798695959577,0.33671598745170195,-0.5095487202695748,0.8209446701772112,True,False
2024-12-13,24505.05,24780.05,2024-12-12,24554.25,-0.002003726442469267,0.14297316280097108,2024-12-19,24550.0,0.14315247107193174,0.10547756757856214,0.12431501932524694,0.007831110127733144,0.2558674836372505,0.2906381013031226,0.33478561513844385,-0.10385935384796462,0.8694989807164186,True,False
2024-12-16,24763.75,24667.4,2024-12-13,24780.05,-0.0006577872118901373,0.13320209778501688,2024-12-19,24800.0,0.10842902658812342,0.11545109070782589,0.11194005864797466,0.007051560879250622,0.09328249775531133,0.29261987552076224,0.33421194397297355,-0.5964400176600827,0.8403775954688165,True,False
2024-12-17,24607.8,24348.2,2024-12-16,24667.4,-0.00241614438489679,0.13505127016460747,2024-12-19,24650.0,0.18363570063417506,0.17232597794327492,0.177980839288725,0.011211739021250486,0.21550130450925434,0.2895694575038354,0.335197153781804,-0.22096891981008762,1.3178760856657827,True,False
2024-12-18,24301.1,24194.5,2024-12-17,24348.2,-0.0019344345783262051,0.14452662859290946,2024-12-19,24350.0,0.176078580399541,0.14316193983630476,0.15962026011792288,0.010055131249511082,0.1923828272674476,0.2915350296732963,0.33439700630229474,-0.2965104368076046,1.1044349520359178,True,False
2024-12-19,23886.95,23948.2,2024-12-18,24194.5,-0.01271156667837725,0.14727608001772624,2024-12-19,24200.0,0.14046805941407475,0.14390930817475622,0.1421886837944155,0.008957045156371983,1.4191696543289531,0.2928643706134665,0.33383177288155963,3.3738708391759014,0.9654567379665562,True,False
2024-12-20,23979.9,23577.95,2024-12-19,23948.2,0.0013236902982269871,0.15010833842506674,2024-12-26,23950.0,0.18234527125042993,0.12775263038601192,0.15504895081822093,0.009767165831107079,0.13552450333250365,0.31150998430763305,0.36412938374850573,-0.48330480546079135,1.0329136438720925,True,False
2024-12-23,23738.25,23756.6,2024-12-20,23577.95,0.006798725080000567,0.13414491487488311,2024-12-26,23600.0,0.1647283792580137,0.13575947900315954,0.15024392913058662,0.009464477916112976,0.7183412693505208,0.3032504621386877,0.3623736453211524,1.1454773617544958,1.120012109819586,True,False
2024-12-24,23783.95,23724.7,2024-12-23,23756.6,0.0011512590185465132,0.1300273188724042,2024-12-26,23750.0,0.12416529433001391,0.10424133502236119,0.11420331467618755,0.007194132607915363,0.16002749480595305,0.30609160564649013,0.36498295534577513,-0.4001943342865418,0.8783024649478103,True,False
2024-12-26,23778.55,23757.5,2024-12-24,23724.7,0.0022697863408176477,0.13003619226222393,2024-12-26,23700.0,0.13682794798907455,0.07931265730377457,0.10807030264642456,0.00680778916461726,0.33341019910173103,0.3076894146028594,0.3641146923628517,0.07063923823551739,0.8310786463855836,True,False
2024-12-27,23808.0,23809.75,2024-12-26,23757.5,0.0021256445333053264,0.1291989362917697,2025-01-02,23750.0,0.16399806100305675,0.11968555751206353,0.14184180925756013,0.008935194114451508,0.23789573075613146,0.3118947321337828,0.3629083263036216,-0.20390549352053514,1.0978558595655854,True,False
2024-12-30,23810.1,23639.45,2024-12-27,23809.75,1.469986035118609e-05,0.11811666938129856,2025-01-02,23800.0,0.1373097731755472,0.09726087569118608,0.11728532443336664,0.007388280973528945,0.001989618478757561,0.3146786441777618,0.36166653643050944,-0.8645782625760962,0.9929616628009701,True,False
2024-12-31,23559.5,23643.4,2024-12-30,23639.45,-0.003382058381222963,0.11517242743139995,2025-01-02,23650.0,0.185054334169183,0.13013481015387024,0.1575945721615266,0.009927524902691007,0.3406748826493706,0.31195695385360817,0.3634199990029544,0.07902132209165792,1.3683359435607496,True,False
2025-01-01,23648.9,23732.25,2024-12-31,23643.4,0.00023262305759752522,0.11173800757065083,2025-01-02,23650.0,0.2293749781470768,0.1559353576504448,0.1926551678987608,0.012136134834559886,0.01916780431073393,0.30784855889326673,0.36164493979033246,-0.7982435887251693,1.7241686341771116,True,False
2025-01-02,23789.5,24190.25,2025-01-01,23732.25,0.0024123292144655473,0.10903310069429764,2025-01-02,23750.0,0.28366188943506776,0.19816788011779518,0.24091488477643147,0.015176211244100438,0.15895464129120568,0.30608188098789285,0.36280951680037704,-0.4055219967607373,2.209557310966496,True,False
2025-01-03,24185.0,24016.15,2025-01-02,24190.25,-0.00021702958836722352,0.13166193295126363,2025-01-09,24200.0,0.1419519832327748,0.13727976000968423,0.13961587162122951,0.00879497322350699,0.02467654907545962,0.27225996493560695,0.26606340716932175,-0.9305429051451114,1.060411832727005,True,False
2025-01-06,24044.25,23643.3,2025-01-03,24016.15,0.001170045989886015,0.1260179134881528,2025-01-09,24000.0,0.12468629578781817,0.12896040814611404,0.1268233519669661,0.007989120231909681,0.14645492318574516,0.2704653863883218,0.2673829328293164,-0.46379348857594654,1.0063914602021165,True,False
2025-01-07,23691.7,23716.15,2025-01-06,23643.3,0.002047091565052339,0.13558456433084343,2025-01-09,23650.0,0.21946775270098462,0.23486847745094813,0.22716811507596638,0.01431024614986452,0.14305075842959694,0.26705029319571627,0.26764063734783905,-0.46330608085110553,1.6754718075550807,True,False
2025-01-08,23751.7,23706.95,2025-01-07,23716.15,0.0014989785441565928,0.1368115295634661,2025-01-09,23700.0,0.16696140381445979,0.1742313139314256,0.1705963588729427,0.010746560479784133,0.1394844933852457,0.26537625728974795,0.2681042020266087,-0.46956281532658634,1.2469443139571363,True,False
2025-01-09,23682.45,23522.85,2025-01-08,23706.95,-0.001033452215489561,0.13680280132246697,2025-01-09,23700.0,0.1560535566512059,0.14762072039313112,0.1518371385221685,0.009564840674126744,0.10804698694930573,0.2633990264841695,0.2685956389304899,-0.5783863064696575,1.109897875294696,True,False
2025-01-10,23565.75,23426.1,2025-01-09,23522.85,0.0018237586006797368,0.13775134140963435,2025-01-16,23500.0,0.16996316074779272,0.11601843242383691,0.14299079658581482,0.009007573512787852,0.20246946617649997,0.2579009228469327,0.26833863458776847,-0.20657277605809005,1.0380356018501466,True,False
2025-01-13,23208.45,23088.45,2025-01-10,23426.1,-0.009290919103051687,0.13779374668453698,2025-01-16,23450.0,0.14045922917399134,0.12510066041481732,0.13277994479440433,0.008364350310068554,1.1107759429764412,0.2602281955354843,0.2672213570710584,3.1829332683718943,0.9636137197023086,True,False
2025-01-14,23171.35,23170.0,2025-01-13,23088.45,0.003590539858673747,0.13712243626250348,2025-01-16,23100.0,0.18001164933895525,0.14302054830375405,0.16151609882135465,0.010174557862253263,0.3528939446100495,0.27324841840126746,0.28881642194912643,0.27576522716845797,1.1778969454141888,True,False
2025-01-15,23253.25,23212.45,2025-01-14,23170.0,0.0035930082002588737,0.13928129170638087,2025-01-16,23150.0,0.19023105516175892,0.08958513944933999,0.13990809730554946,0.008813381711302614,0.4076764535968145,0.27231986562885446,0.28846320774831624,0.46923345623355356,1.004500285655664,True,False
2025-01-16,23378.8,23307.1,2025-01-15,23212.45,0.0071664128517239245,0.13523655712471497,2025-01-16,23200.0,0.10973738932857102,0.11344179467285043,0.11158959200071072,0.007029483555643885,1.019479282510036,0.2761197284286183,0.2887237875147243,2.5746391057006623,0.8251436917149773,True,False
2025-01-17,23268.1,23198.35,2025-01-16,23307.1,-0.001673309849788307,0.13622530704375543,2025-01-23,23300.0,0.14974529032490708,0.1373279854851588,0.14353663790503293,0.009041958283882007,0.18506055848223849,0.2891423744088909,0.3041879501429493,-0.3421628499016495,1.0536708708531601,True,False
2025-01-20,23298.9,23356.0,2025-01-17,23198.35,0.004334359986809533,0.1331140085091176,2025-01-23,23200.0,0.14960232482930547,0.12577950839749164,0.13769091661339855,0.008673712455990107,0.4997122061403135,0.2866555518900052,0.3044225905478605,0.6998713658762196,1.0343833692302,True,False
2025-01-21,23424.95,23020.5,2025-01-20,23356.0,0.0029521322144203666,0.12550583496901815,2025-01-23,23350.0,0.1892714049663317,0.1451452106015267,0.1672083077839292,0.010533133322386245,0.2802710384521717,0.2829822808808908,0.30040695104395915,-0.009025232003777174,1.3322751713114018,True,False
2025-01-22,23110.55,23150.65,2025-01-21,23020.5,0.0039117308485914215,0.13095741421071028,2025-01-23,23000.0,0.23133379075804655,0.14380947883860112,0.18757163479832384,0.011815902349671283,0.33105646380872855,0.2865567035905991,0.2990519177505035,0.1488027916786517,1.4323101592134475,True,False
2025-01-23,23133.35,23203.35,2025-01-22,23150.65,-0.0007472792340604828,0.13342883257051863,2025-01-23,23150.0,0.14046861493037388,0.11016583480042369,0.12531722486539879,0.007894243142538214,0.09466128931775113,0.28836759668341616,0.2989858189605088,-0.6478779095247006,0.9392064852187568,True,False
2025-01-24,23204.45,23091.4,2025-01-23,23203.35,4.740694770366538e-05,0.13369490184647265,2025-01-30,23200.0,0.16851752492198396,0.1250259029488841,0.14677171393543403,0.009245748918377896,0.005127431874062032,0.28981642174980204,0.29781117910763,-0.955937888996613,1.0978108507381832,True,False
2025-01-27,22946.05,22838.4,2025-01-24,23091.4,-0.006294551218202549,0.13368893538282567,2025-01-30,23100.0,0.14760273646208427,0.134155448109889,0.14087909228598663,0.00887454864564854,0.709281279481065,0.2867528938102006,0.29980521591946474,1.4093430108446352,1.0537827373863928,True,False
2025-01-28,22967.95,22946.55,2025-01-27,22838.4,0.00567246392041465,0.13647611885844588,2025-01-30,22850.0,0.1936091669623139,0.1742187096496774,0.18391393830599564,0.01158548912847953,0.4896179917402503,0.2877710448066335,0.3011541790661925,0.6702445490196953,1.3475906249704583,True,False
2025-01-29,23023.75,23156.55,2025-01-28,22946.55,0.003364340173141578,0.13825115518019565,2025-01-30,22950.0,0.22972460627722718,0.1768555198282601,0.20329006305274364,0.012806070258290472,0.2627144865899475,0.294506987520365,0.30107229742764047,-0.10559756311707327,1.470440249036449,True,False
2025-01-30,23168.4,23250.45,2025-01-29,23156.55,0.0005117342609326503,0.14221928633003544,2025-01-30,23150.0,0.2910754963665543,0.32466681288881005,0.30787115462768216,0.019394059785599035,0.02638613403226879,0.2923672584570279,0.3008303017585284,-0.8841566918955452,2.164763743176389,True,False
2025-01-31,23297.6,23507.1,2025-01-30,23250.45,0.0020279177392263925,0.1219420116447753,2025-02-06,23250.0,0.2681578270828793,0.2084976184992291,0.2383277227910542,0.015013235358034999,0.13507533125703397,0.2913451243314328,0.3016405355377733,-0.5180662897173173,1.9544348955413144,True,False
2025-02-01,23538.3,23493.45,2025-01-31,23507.1,0.001327258572941803,0.12853882402384192,2025-02-06,23500.0,0.2312649890650873,0.18281867672751584,0.20704183289630157,0.013042409543585853,0.10176482869260439,0.29074058377616024,0.3019213249696132,-0.6259105914515156,1.6107338344553284,True,False
2025-02-03,23321.65,23373.9,2025-02-01,23493.45,-0.007312676511963989,0.11659276093715187,2025-02-06,23500.0,0.13949374035421597,0.13089065156605473,0.13519219596013535,0.008516307850172123,0.85866746959085,0.2879076320231014,0.30289848532129826,1.8843271433408382,1.1595247841588494,True,False
2025-02-04,23501.05,23740.55,2025-02-03,23373.9,0.005439828184427897,0.11706330163958696,2025-02-06,23350.0,0.14959397678964964,0.1237645270926569,0.13667925194115327,0.008609983571872233,0.6318047112423248,0.3004897152720548,0.3106977797470408,1.0663577842108014,1.1675670344747293,True,False
2025-02-05,23792.55,23700.3,2025-02-04,23740.55,0.0021903452110418886,0.1307392625945107,2025-02-06,23750.0,0.10798175634830817,0.16032429054338615,0.13415302344584717,0.008450846134884022,0.25918649755086903,0.30916116277379907,0.312589001152186,-0.1598733961806914,1.0261112139046116,True,False
2025-02-06,23766.75,23605.0,2025-02-05,23700.3,0.002803761977696606,0.1276323121270968,2025-02-06,23700.0,0.12973546743796804,0.16505432395322578,0.1473948956955969,0.009285005679306051,0.3019666411131539,0.3073697091255474,0.3125618135421791,-0.01728639833241933,1.1548399714707076,True,False
2025-02-07,23654.2,23569.05,2025-02-06,23605.0,0.0020843041728446643,0.12758952487672856,2025-02-13,23600.0,0.1621463015448389,0.1302338384686137,0.1461900700067263,0.009209108794879057,0.22633071443391906,0.3070208863170442,0.3125558709728842,-0.25816239391684775,1.145784265189237,True,False
2025-02-10,23547.6,23389.15,2025-02-07,23569.05,-0.0009100918365398947,0.11534161914932947,2025-02-13,23550.0,0.12954751162726452,0.12377946588201888,0.1266634887546417,0.007979049796109722,0.11406017756445391,0.30763452504778094,0.3123573366671628,-0.6197208285509015,1.0981594474640948,True,False
2025-02-11,23373.55,23068.0,2025-02-10,23389.15,-0.0006669759268721487,0.11891569953886112,2025-02-13,23400.0,0.17611776937510576,0.1464471512119297,0.16128246029351773,0.010159840018411841,0.06564827060893116,0.3094963234110493,0.3108360797260515,-0.7844908255728494,1.3562755878235517,True,False
2025-02-12,23068.4,23041.85,2025-02-11,23068.0,1.7340038148239145e-05,0.12900273568801385,2025-02-13,23050.0,0.19552910904912185,0.14281286064192167,0.16917098484552176,0.0106567703559316,0.0016271382012644773,0.3016357252235508,0.31094149736922966,-0.9648393333169005,1.3113751731176666,True,False
2025-02-13,23055.85,23034.3,2025-02-12,23041.85,0.000607590102357225,0.12798992484480248,2025-02-13,23050.0,0.18514803488935938,0.1788493900110727,0.18199871245021604,0.011464841239933965,0.05299594557322667,0.2923855277101937,0.31148188158787427,-0.7685505844404347,1.4219768678738058,True,False
2025-02-14,23096.7,22939.7,2025-02-13,23034.3,0.002709003529519194,0.1270586306970808,2025-02-20,23050.0,0.15774074405015343,0.12409163248145255,0.140916188265803,0.008876885472725547,0.30517500060608815,0.29195026834751736,0.3118030394204841,0.04241373747719146,1.1090642760172653,True,False
2025-02-17,22828.3,22963.95,2025-02-14,22939.7,-0.004856209976590864,0.1248296966577639,2025-02-20,22950.0,0.1561377311876993,0.12799955683161257,0.14206864400965594,0.008949483360707519,0.5426246165127175,0.2919716538655075,0.3118039163381162,0.803880097437279,1.1380997295792101,True,False
2025-02-18,22975.1,22955.8,2025-02-17,22963.95,0.00048554364558350827,0.11427375218796403,2025-02-20,22950.0,0.20629862135666927,0.16607758581839827,0.18618810358753377,0.011728748075508269,0.04139773848475871,0.27876683935465724,0.28226434493422964,-0.8409461029348495,1.629316444263429,True,False
2025-02-19,22839.4,22944.55,2025-02-18,22955.8,-0.005070613962484316,0.11223456310696359,2025-02-20,22950.0,0.17852659162090673,0.17257097304909313,0.17554878233499993,0.011058533833776632,0.4585249761588545,0.27264685910769426,0.283380248548538,0.6559318018924055,1.5641240761787045,True,False
2025-02-20,22830.6,22912.6,2025-02-19,22944.55,-0.004966320978184391,0.11178869160203699,2025-02-20,22950.0,0.17388300173810722,0.16496768919160643,0.16942534546485682,0.01067279356883848,0.4653253102060022,0.2764853311999508,0.2843264461152389,0.6641660724360254,1.5155857272934536,True,False
2025-02-21,22855.8,22807.25,2025-02-20,22912.6,-0.0024789853617659396,0.11070130785038498,2025-02-27,22900.0,0.14117173079560352,0.11692434415207728,0.12904803747384042,0.008129262246112517,0.30494592088616795,0.2833933846871108,0.2837859227710268,0.07594645988288458,1.1657318235865055,True,False
2025-02-24,22611.5,22566.45,2025-02-21,22807.25,-0.008582797136875375,0.10477523437530033,2025-02-27,22800.0,0.13474807613025802,0.11196363569483761,0.12335585591254782,0.007770688512098051,1.1045092237982472,0.2841959528577756,0.2837775080376754,2.8906916429457254,1.1773379143270872,True,False
2025-02-25,22529.8,22563.3,2025-02-24,22566.45,-0.0016240924026598158,0.10947370304463182,2025-02-27,22550.0,0.16626635874958273,0.09587116902162851,0.13106876388560562,0.008256556044998961,0.19670337048623765,0.3001587523042294,0.3022509391026324,-0.34228307817717785,1.1972625410521613,True,False
2025-02-27,22583.3,22550.6,2025-02-25,22563.3,0.0008863951638280465,0.10303624750058336,2025-02-27,22550.0,0.1124470916192635,0.0721970268416536,0.09232205923045855,0.005815743077361156,0.15241305402202204,0.29771743512711163,0.3024890125757385,-0.4803625092620766,0.89601534867558,True,False
2025-02-28,22442.45,22128.4,2025-02-27,22550.6,-0.00479588126258268,0.10115352472151723,2025-03-06,22550.0,0.13760304571161192,0.09450099866415634,0.11605202218788413,0.007310590234649796,0.6560183389641753,0.2976524326206747,0.30252033169373777,1.1846010624710643,1.1472859943079938,True,False
2025-03-03,22207.1,22120.55,2025-02-28,22128.4,0.003556515608900579,0.10717925031252319,2025-03-06,22150.0,0.15885586759239823,0.10504355692723685,0.13194971225981755,0.008312050576333519,0.4278746352947931,0.30624763457319637,0.3052875875933315,0.3984013948304181,1.2311124762961707,True,False
2025-03-04,21982.2,22091.1,2025-03-03,22120.55,-0.006254365284769081,0.10724974860561273,2025-03-06,22100.0,0.17583572251074364,0.12962952306839387,0.15273262278956876,0.009621250880662742,0.6500573950669355,0.31302100243332476,0.3033645715421738,1.1109945730322563,1.42408373702776,True,False
2025-03-05,22071.65,22328.7,2025-03-04,22091.1,-0.0008804450661125118,0.10710120895884345,2025-03-06,22100.0,0.13834072490178334,0.1516374210926152,0.14498907299719926,0.009133453094580466,0.09639783080891312,0.31969221728103586,0.30633697247350034,-0.7289175206934541,1.3537575757236806,True,False
2025-03-06,22479.95,22537.5,2025-03-05,22328.7,0.006773793369072134,0.09674454594252418,2025-03-06,22350.0,0.16624821846667998,0.16549862483165662,0.1658734216491683,0.01044904339997754,0.64826923477863,0.3203061679595086,0.3058433050958835,1.0723238382357372,1.7145506243598838,True,False
2025-03-07,22509.05,22564.2,2025-03-06,22537.5,-0.001262340543538576,0.10626370485573332,2025-03-13,22550.0,0.1282759993721858,0.13144594283754962,0.12986097110486772,0.008180472251352969,0.15431145106931904,0.32912827917919274,0.30756590037937664,-0.5683881987380281,1.222063274390543,True,False
2025-03-10,22536.65,22473.0,2025-03-07,22564.2,-0.001220960636760804,0.10687433518624394,2025-03-13,22550.0,0.13344820823291254,0.1071941674785758,0.12032118785574417,0.007579522393290097,0.1610867510387832,0.3295793902560268,0.3072844971788154,-0.5483278224712851,1.1258192871662513,True,False
2025-03-11,22345.55,22488.15,2025-03-10,22473.0,-0.005671249944377732,0.10702704666551031,2025-03-13,22450.0,0.14564794994277425,0.14940468700181986,0.14752631847229705,0.009293284536062197,0.6102524809576945,0.32799971137938577,0.30791283631682465,0.9166645111471962,1.378402217650258,True,False
2025-03-12,22542.05,22492.5,2025-03-11,22488.15,0.0023968178796387463,0.1056484218214765,2025-03-13,22500.0,0.15537273348817993,0.152218900545456,0.15379581701681797,0.009688225821630857,0.24739492284411682,0.3366158777660921,0.3084660992147918,-0.28924071445481186,1.4557322709155125,True,False
2025-03-13,22541.6,22396.45,2025-03-12,22492.5,0.002182949872179485,0.09617658638415581,2025-03-13,22500.0,0.14002407716595378,0.1354738778625627,0.13774897751425824,0.008677369948956085,0.2515681462263921,0.33714743807167313,0.3082812773822945,-0.2776013275018176,1.4322506411700955,True,False
2025-03-17,22384.15,22516.9,2025-03-13,22396.45,-0.0005491941803276168,0.09677109588102734,2025-03-20,22400.0,0.11752070044507318,0.09907198324954195,0.10829634184730756,0.006822028295857455,0.08050306397308618,0.33813386005432217,0.30790467526726245,-0.836722585838008,1.1190980205540881,True,False
2025-03-18,22649.65,22833.75,2025-03-17,22516.9,0.0058955717705369,0.09968656034886483,2025-03-20,22500.0,0.15284778126122456,0.128907836828423,0.14087780904482378,0.00887446780905356,0.6643296136048127,0.3158227502150578,0.2749847501252631,1.2673679657908319,1.4132076435560152,True,False
2025-03-19,22883.05,22915.95,2025-03-18,22833.75,0.0021590846882355574,0.11251302763289754,2025-03-20,22850.0,0.1462785220544397,0.11954178120265055,0.13291015162854514,0.008372552569643258,0.25787651618502205,0.32463616871959633,0.2775702430731761,-0.24051444346278272,1.181286775627427,True,False
2025-03-20,23038.6,23192.2,2025-03-19,22915.95,0.005352167376870609,0.11325173033260072,2025-03-20,22900.0,0.1916395628646298,0.14467479713702402,0.1681571800008269,0.010592906653621718,0.5052595620712566,0.31696175616683797,0.27282540822466517,0.690176941838789,1.4848089252762708,True,False
2025-03-21,23165.7,23353.75,2025-03-20,23192.2,-0.0011426255378963468,0.12114469008248852,2025-03-27,23200.0,0.11051413543232824,0.10298936198647282,0.10675174870940053,0.006724728073960338,0.16991401367154907,0.3227156239545931,0.27309990041060783,-0.5595081142589419,0.881192140049327,True,False
2025-03-24,23487.95,23649.55,2025-03-21,23353.75,0.005746400471016377,0.12317755701854066,2025-03-27,23350.0,0.11750869633198643,0.09881676410917534,0.10816273022058089,0.006813611554510179,0.8433707183105594,0.3199906875307566,0.27380613648115354,1.9114985423850348,0.878104200461617,True,False
2025-03-25,23752.85,23677.7,2025-03-24,23649.55,0.004367947804503558,0.12962748427897586,2025-03-27,23650.0,0.17918932415365152,0.13888927578342325,0.15903929996853738,0.010018534200060774,0.43598671395233257,0.3300819373233304,0.28177089194971383,0.37585421225093196,1.2268949046813509,True,False
2025-03-26,23698.7,23509.7,2025-03-25,23677.7,0.0008869104684998685,0.12755929154631723,2025-03-27,23700.0,0.18511414744696641,0.11605010612277833,0.15058212678487237,0.009485782365808822,0.0934989265299515,0.3373152222478899,0.27876018868171754,-0.8746453246102608,1.1804873244392038,True,False
2025-03-27,23438.75,23601.05,2025-03-26,23509.7,-0.0030179032484464186,0.12360279257704967,2025-03-27,23500.0,0.20057029984800395,0.1351395804731249,0.16785494016056443,0.010573867333297186,0.2854114916822362,0.33319562297923305,0.2805304949642906,-0.17033489105374955,1.35801899504762,True,False
2025-03-28,23605.25,23531.45,2025-03-27,23601.05,0.00017795818406396435,0.12347056385999729,2025-04-03,23600.0,0.14912162021948389,0.09839791418428759,0.12375976720188574,0.0077961325317008985,0.022826469834927095,0.33763301776875804,0.2775691265754829,-1.1341554870232358,1.0023422857468796,True,False
2025-04-01,23353.0,23171.45,2025-03-28,23531.45,-0.007583468082077438,0.12448550007968667,2025-04-03,23550.0,0.10531905482435841,0.08906856429666576,0.09719380956051209,0.006122634501716358,1.2385955882147734,0.33536421491115337,0.27960325808768516,3.230403606457124,0.7807641010261885,True,False
2025-04-02,23209.05,23335.8,2025-04-01,23171.45,0.001622686538822471,0.11725112090061467,2025-04-03,23150.0,0.18414792336562774,0.12215530158638008,0.1531516124760039,0.009647644750001034,0.16819509640653973,0.35559619889680866,0.29992205291102436,-0.6248326879313,1.306184634309974,True,False
2025-04-03,23160.35,23254.25,2025-04-02,23335.8,-0.007518490902390318,0.11796613735779223,2025-04-03,23350.0,0.13141844672841518,0.1664674899955348,0.148942968361975,0.00938252509089398,0.8013291549507537,0.35595853511715525,0.2996781396108265,1.4861631896539862,1.2625908730929265,True,False
2025-04-04,23208.15,22913.05,2025-04-03,23254.25,-0.001982433318640564,0.1191911603594065,2025-04-09,23250.0,0.131197664747652,0.13035774641366904,0.1307777055806605,0.008238221095191706,0.240638518405099,0.36692984172584114,0.30377331389333484,-0.41574199425920383,1.0972097694687777,True,False
2025-04-07,21807.75,22183.5,2025-04-04,22913.05,-0.04823888570050694,0.12980623981104653,2025-04-09,22900.0,0.09896611544409359,0.12359241599114631,0.11127926571761995,0.007009934837302332,6.881502727216641,0.36861574214283876,0.302768662710253,21.511100015349275,0.8572720839892173,True,False
2025-04-08,22473.35,22541.2,2025-04-07,22183.5,0.013066017535555696,0.17163224935350607,2025-04-09,22200.0,0.5082063012551157,0.4530622250639421,0.4806342631595289,0.030277112664211597,0.431547673665729,0.48150667114729434,0.8924694555577876,-0.05597838354069082,2.8003726861936076,True,False
2025-04-09,22453.25,22400.35,2025-04-08,22541.2,-0.003901744361435977,0.18174386119378214,2025-04-09,22550.0,0.3744744551646394,0.32140622216682035,0.3479403386657299,0.021918181123740776,0.1780140578001605,0.48532464127211483,0.8917452089462058,-0.34461702781123965,1.914454421625514,True,False
2025-04-11,22732.5,22831.75,2025-04-09,22400.35,0.014827893314167007,0.18256361512851796,2025-04-17,22400.0,0.23644702529755157,0.21246603126063673,0.22445652827909415,0.014139432237414757,1.048690857255958,0.4697786098525102,0.8887823632227054,0.6513543375279461,1.2294702212217103,True,False
2025-04-15,23346.8,23319.35,2025-04-11,22831.75,0.022558498582018416,0.1950954627534457,2025-04-17,22850.0,0.22317233397531322,0.20029011595851653,0.21173122496691488,0.013337813477369688,1.6913190921655559,0.4813752250632753,0.8917657188108964,1.3567956713066425,1.0852698570160642,True,False
2025-04-16,23345.25,23434.7,2025-04-15,23319.35,0.0011106656060311249,0.2082009029972378,2025-04-17,23300.0,0.10701854239294084,0.15925549514407822,0.13313701876850953,0.008386843856143217,0.13242950805833612,0.502769269039421,0.9052632362093018,-0.40909621220435854,0.6394641754761066,True,False
2025-04-17,23387.0,23854.25,2025-04-16,23434.7,-0.0020354431676105067,0.20715250476558553,2025-04-17,23450.0,0.12547982707048438,0.2443617184770841,0.18492077277378424,0.01164891373831707,0.17473244401452398,0.48798510613189267,0.9039240077485353,-0.34654756310500956,0.8926793957091719,True,False
2025-04-21,23922.15,24113.6,2025-04-17,23854.25,0.0028464529381557746,0.21423099556349293,2025-04-24,23850.0,0.14276682841622262,0.1496283040477061,0.14619756623196437,0.009209581012682669,0.3090751831419775,0.4878129708907641,0.9039836531650549,-0.1977223671279723,0.6824295702282489,True,False
2025-04-22,24196.5,24167.35,2025-04-21,24113.6,0.0034378939685488774,0.21232573836961807,2025-04-24,24100.0,0.14605120332982152,0.1455357978721984,0.14579350060100996,0.009184127270471864,0.37432995725158813,0.48463568717412514,0.9042760955616538,-0.12198235745027093,0.6866501523579381,True,False
2025-04-23,24350.15,24339.8,2025-04-22,24167.35,0.0075639240545613,0.2123143602772408,2025-04-24,24150.0,0.1379137148089457,0.1295106330563568,0.13371217393265125,0.008423075225895443,0.8980002970063931,0.4862033358207821,0.9039972922218262,0.4555289763905207,0.6297839381097419,True,False
2025-04-24,24281.0,24251.6,2025-04-23,24339.8,-0.0024157963500111013,0.21016125270243996,2025-04-24,24350.0,0.10930754720856883,0.1525640034526487,0.13093577533060877,0.008248178553481353,0.29288846432543014,0.4956523997074098,0.9053101748934022,-0.22397178448353858,0.623025289614143,True,False
2025-04-25,24274.95,24076.0,2025-04-24,24251.6,0.0009628230714675556,0.21053892820841205,2025-04-30,24250.0,0.1598447880688207,0.15179180691483052,0.1558182974918256,0.009815630116115477,0.09809080620171043,0.4989561859575378,0.9041830163456831,-0.44334539856317134,0.7400925748875352,True,False
2025-04-28,24071.7,24316.85,2025-04-25,24076.0,-0.0001786010965276752,0.20898012787474238,2025-04-30,24100.0,0.15421244998505307,0.14474097440869066,0.14947671219687186,0.0094161477921071,0.018967533270599687,0.5005055755296653,0.9034017714011655,-0.5330275603867877,0.71526758891862,True,False
2025-04-29,24373.3,24327.4,2025-04-28,24316.85,0.0023214355477785276,0.21142702520322962,2025-04-30,24300.0,0.158783364839386,0.14167477103673737,0.15022906793806168,0.00946354174897948,0.24530303868832873,0.48900034642615753,0.9050920006374283,-0.26925142147560727,0.7105480852963677,True,False
2025-04-30,24324.55,24373.55,2025-04-29,24327.4,-0.00011715185346572454,0.20908259132940932,2025-04-30,24350.0,0.09380761612396915,0.12163856830740424,0.1077230922156867,0.006785916963371069,0.01726396802349413,0.4849284305419587,0.9056385837088557,-0.5163919370608543,0.515217893229423,True,False
2025-05-02,24320.35,24350.3,2025-04-30,24373.55,-0.002182693944870584,0.20893780753176291,2025-05-08,24350.0,0.16540160713917018,0.15900755123668475,0.16220457918792747,0.010217928048741413,0.21361414314709684,0.4808375885658513,0.9072123471565109,-0.29455446264186863,0.7763294786333439,True,False
2025-05-05,24411.45,24452.6,2025-05-02,24350.3,0.002511262694915528,0.20846923993156785,2025-05-08,24350.0,0.12971978286967784,0.1437547668048752,0.13673727483727652,0.008613638670764848,0.291544931346945,0.48395805538443176,0.9059438222342912,-0.2123896861098367,0.6559110345591604,True,False
2025-05-06,24501.4,24395.85,2025-05-05,24452.6,0.0019956977990072122,0.19851736186776428,2025-05-08,24450.0,0.11664644644636399,0.11783109052580529,0.11723876848608464,0.00738534822451563,0.2702239269344812,0.4865658820525969,0.9051473701823702,-0.2390129632421368,0.5905718642593051,True,False
2025-05-07,24224.65,24409.4,2025-05-06,24395.85,-0.007017587007626225,0.19861023304065117,2025-05-08,24400.0,0.08748828606400785,0.12352807008337913,0.10550817807369349,0.006646390487297878,1.0558493397337625,0.4893735336899615,0.9041943033980345,0.6264978709940325,0.5312323361107898,True,False
2025-05-08,24430.3,24318.55,2025-05-07,24409.4,0.0008562275189065716,0.19756099144149006,2025-05-08,24400.0,0.07114605971515855,0.17553301501121538,0.12333953736318697,0.007769660540113143,0.11020140641744215,0.49265989819234335,0.9059159778432629,-0.42217876837257007,0.6243111884752581,True,False
2025-05-09,23960.25,24000.2,2025-05-08,24318.55,-0.014733608706111179,0.18855436736269138,2025-05-15,24300.0,0.16904697370201116,0.21064946047995337,0.18984821709098226,0.011959313554089081,1.2319777919923776,0.4839665097785953,0.9070600721477526,0.824654623417199,1.0068619451587781,True,False
2025-05-12,24401.0,24912.1,2025-05-09,24000.2,0.01669986083449304,0.15043436666724844,2025-05-15,24000.0,0.18116657433745476,0.2034220090552018,0.19229429169632828,0.012113401770614223,1.3786268424617982,0.5001796980192872,0.9116565595405255,0.9635724497888196,1.2782603866154563,True,False
2025-05-13,24875.0,24565.2,2025-05-12,24912.1,-0.0014892361543185073,0.18894420004456927,2025-05-15,24900.0,0.23790417437594824,0.2066602595626954,0.22228221696932182,0.014002463499355406,0.1063552962939031,0.5181240347084312,0.9182611080155346,-0.4484222786091927,1.1764437168057478,True,False
2025-05-14,24645.5,24670.05,2025-05-13,24565.2,0.0032688518717534087,0.1968478158964265,2025-05-15,24550.0,0.1837418817095927,0.21228156361247802,0.19801172266103537,0.012473566067537916,0.262062336789196,0.5161244444060976,0.9190375818806892,-0.2764436543465361,1.0059127237927865,True,False
2025-05-15,24699.55,25063.75,2025-05-14,24670.05,0.0011957819299108774,0.18918132767805038,2025-05-15,24650.0,0.14154118515609287,0.22004713456275965,0.18079415985942626,0.011388961559069006,0.10499481657822252,0.5185911470598433,0.9181383277134822,-0.4504727860687777,0.9556659850019795,True,False
2025-05-16,25061.8,25031.15,2025-05-15,25063.75,-7.780160590498131e-05,0.1834772453982199,2025-05-22,25050.0,0.1334675423159068,0.15007291968655528,0.14177023100123104,0.00893068510812945,0.008711717518083785,0.5192469228259982,0.9178233297458794,-0.556245618042056,0.7726856302727471,True,False
2025-05-19,25005.35,24946.15,2025-05-16,25031.15,-0.0010307157282027912,0.1842420354343465,2025-05-22,25050.0,0.14066316852370164,0.13601867000176188,0.13834091926273176,0.008714658774125077,0.11827379073786762,0.5193649991479451,0.917756063476507,-0.4370346591780865,0.7508651266069446,True,False
2025-05-20,25000.95,24692.45,2025-05-19,24946.15,0.002196731760211401,0.17733205643107328,2025-05-22,24950.0,0.1636633358763081,0.18091356130845387,0.172288448592381,0.010853152112966103,0.20240495455573665,0.5204529632340225,0.9172323733282981,-0.34674747416972085,0.9715583976174512,True,False
2025-05-21,24750.15,24825.05,2025-05-20,24692.45,0.0023367466573791518,0.17955547095830865,2025-05-22,24700.0,0.18746497633349218,0.13436028027813557,0.16091262830581388,0.010136542793022767,0.23052698588591686,0.5187401291331832,0.9177370130371056,-0.31404764017686343,0.8961722382893947,True,False
2025-05-22,24732.35,24611.6,2025-05-21,24825.05,-0.00373413145190038,0.18012862944990013,2025-05-22,24850.0,0.19587215597127566,0.2355702405401076,0.21572119825569164,0.01358915816927192,0.2747875479398035,0.5135385019560699,0.9184835070669253,-0.2599403823577529,1.197595290179516,True,False
2025-05-23,24643.85,24849.75,2025-05-22,24611.6,0.0013103577174991,0.18213523956320762,2025-05-29,24600.0,0.16318602386741016,0.13620726641335756,0.14969664514038386,0.00943000226528908,0.13895624631209252,0.517428332113654,0.9169429910681994,-0.4127542164433338,0.821898307539951,True,False
2025-05-26,24911.05,25008.95,2025-05-23,24849.75,0.002466825621988189,0.184135571147284,2025-05-29,24850.0,0.16945019960942914,0.14720975800629071,0.15832997880785993,0.009973851166945815,0.24732929945490437,0.512102186616208,0.9182181706713677,-0.28835509426666145,0.8598554739932187,True,False
2025-05-27,24957.75,24837.6,2025-05-26,25008.95,-0.0020472670783859837,0.18211878429791767,2025-05-29,25000.0,0.24303598261993126,0.2061262370737837,0.22458110984685747,0.01414728013851581,0.14471100157353373,0.5084689197703564,0.9188374793685066,-0.3958892909405743,1.233157308361328,True,False
2025-05-28,24844.4,24755.55,2025-05-27,24837.6,0.0002737784649080588,0.1820782707844696,2025-05-29,24850.0,0.2726715858934555,0.2260622989621554,0.24936694242780547,0.015708640830107968,0.017428526622323765,0.5057983377818124,0.9196715219377135,-0.5310263496367831,1.3695590437751197,True,False
2025-05-29,24845.2,24830.45,2025-05-28,24755.55,0.0036214101484313144,0.18274758464467397,2025-05-29,24750.0,0.2277913888512213,0.2040571211275944,0.21592425498940784,0.01360194954116359,0.26624199255201164,0.48768032616221374,0.918383818014339,-0.2411174165600822,1.1815436872079106,True,False
2025-05-30,24830.5,24759.5,2025-05-29,24830.45,2.013656619226367e-06,0.18287025887287894,2025-06-05,24850.0,0.15486121951241605,0.14313207694703095,0.1489966482297235,0.009385906604714776,0.00021454044921082605,0.48883930319664337,0.9180542075077354,-0.5322395548667157,0.814766978228524,True,False
2025-06-02,24686.8,24736.35,2025-05-30,24759.5,-0.0029362466931884823,0.18326319988319026,2025-06-05,24750.0,0.17490790357967972,0.145595043073742,0.16025147332671086,0.010094893944147084,0.29086454096834646,0.4863026613037632,0.9192090705909814,-0.21261552631303443,0.874433456519657,True,False
2025-06-03,24773.95,24540.5,2025-06-02,24736.35,0.0015200302388995723,0.1829412350805665,2025-06-05,24750.0,0.2534224232736403,0.23702804781559728,0.24522523554461878,0.015447737820197576,0.098398241644946,0.4802167646704994,0.9192751747825159,-0.41534736659878246,1.3404590574488178,True,False
2025-06-04,24568.15,24623.55,2025-06-03,24540.5,0.0011267089097615202,0.18520696265272626,2025-06-05,24550.0,0.2179204681322684,0.15836514585768524,0.18814280699497682,0.011851882816055528,0.09506581589173227,0.4747254914430019,0.9205762787278851,-0.4124152276397011,1.0158516953153398,True,False
2025-06-05,24674.05,24735.7,2025-06-04,24623.55,0.002050882183925573,0.18551859405278914,2025-06-05,24600.0,0.14558771916823676,0.16387838921861447,0.15473305419342562,0.009747266214221053,0.2104058860045681,0.4654756317900819,0.9215724128093885,-0.27677667239185316,0.8340568501149619,True,False
2025-06-06,24758.95,25003.2,2025-06-05,24735.7,0.0009399370141132124,0.1853460422842874,2025-06-12,24750.0,0.15385598451542798,0.11963616269400723,0.1367460736047176,0.008614192941014683,0.10911492470036263,0.46737576604334286,0.9209158349851275,-0.389026692486796,0.7377879339607036,True,False
2025-06-09,25129.35,25101.7,2025-06-06,25003.2,0.005045354194662899,0.18075499206748963,2025-06-12,25000.0,0.14320802842936986,0.11973530759156992,0.1314716680104699,0.008281936619203555,0.609199807562412,0.4583898608753717,0.9217508774651839,0.1636124796558565,0.7273473695342338,True,False
2025-06-10,25191.25,25116.25,2025-06-09,25101.7,0.003567487461008545,0.1219331859260097,2025-06-12,25100.0,0.1473156282079393,0.1480849316364537,0.1477002799221965,0.009304243077351391,0.3834258661720272,0.46597133348358993,0.9210779183022592,-0.08961833268537309,1.2113214200096645,True,False
2025-06-11,25122.15,25143.8,2025-06-10,25116.25,0.0002349076792913518,0.10956363801397255,2025-06-12,25100.0,0.10180641700292464,0.1352976971500302,0.11855205707647742,0.00746807762951177,0.03145490592693652,0.46967698540247727,0.9202774323553414,-0.4761847504550482,1.0820383406888934,True,False
2025-06-12,25157.5,24884.6,2025-06-11,25143.8,0.0005448659311639847,0.10893629353115696,2025-06-12,25150.0,0.13136120881910202,0.1451755970448078,0.13826840293195491,0.008710090674667305,0.06255571285252971,0.4600303591519646,0.9218111894871405,-0.43118878446308967,1.2692592932070768,True,False
2025-06-13,24508.1,24719.6,2025-06-12,24884.6,-0.015129839338385964,0.10059693360826225,2025-06-19,24900.0,0.13689710190411575,0.12003311111659423,0.12846510651035498,0.008092541047043428,1.8696030394450183,0.45694970565210474,0.9228421382427993,1.5307637950763417,1.2770280554536093,True,False
2025-06-16,24733.75,24946.3,2025-06-13,24719.6,0.0005724202657002575,0.10302221485379086,2025-06-19,24700.0,0.12689094744046187,0.1540256808122154,0.14045831412633863,0.00884804211308768,0.06469456840102011,0.4839169538724152,0.940216284374762,-0.4458786690236655,1.3633789015861977,True,False
2025-06-17,24966.3,24852.2,2025-06-16,24946.3,0.0008017220990688134,0.10804359423623157,2025-06-19,24950.0,0.1602632476270585,0.14544576259932285,0.15285450511319068,0.009628928745365558,0.08326181658106936,0.483653478946214,0.9403334559971035,-0.4257975293887427,1.4147484281111793,True,False
2025-06-18,24789.35,24814.6,2025-06-17,24852.2,-0.0025289511592535563,0.1022713902705175,2025-06-19,24850.0,0.13327469879855564,0.15527401403188767,0.14427435641522166,0.00908843018187078,0.2782605035904003,0.473969015662485,0.9414326963845454,-0.2078836998371512,1.4107010380283511,True,False
2025-06-19,24802.35,24797.05,2025-06-18,24814.6,-0.0004936609899011124,0.10068952875946131,2025-06-19,24800.0,0.13671837193527653,0.17669899597890387,0.1567086839570902,0.009871719191301857,0.05000760053386503,0.47430874878590795,0.9413570686914122,-0.4507334808053943,1.556355322026125,True,False
2025-06-20,24795.9,25126.35,2025-06-19,24797.05,-4.637648429950403e-05,0.09551756334700846,2025-06-26,24800.0,0.14949907762393022,0.13345618507420925,0.14147763134906974,0.008912253062574146,0.005203676777789904,0.4667212160936181,0.9429367574832238,-0.48944697049212155,1.4811687651106806,True,False
2025-06-23,24935.05,24986.35,2025-06-20,25126.35,-0.007613521263534095,0.10086931877318939,2025-06-26,25150.0,0.12573105725302586,0.11969969752922541,0.12271537739112563,0.00773034215762754,0.9848880047336356,0.4639760438120554,0.9440545961804883,0.5517816056710243,1.2165778344063014,True,False
2025-06-24,25182.6,25037.75,2025-06-23,24986.35,0.007854288441488944,0.10064223110582757,2025-06-26,25000.0,0.16061540299488908,0.13874390230805045,0.14967965265146976,0.009428931839102825,0.8329987506025167,0.46633466525244016,0.9451946344257658,0.3879244252934593,1.4872449766547629,True,False
2025-06-25,25153.8,25240.45,2025-06-24,25037.75,0.0046350011482660936,0.09754953092162899,2025-06-26,25050.0,0.15545979263878257,0.13671065242852537,0.14608522253365397,0.009202504024894703,0.503667386151361,0.47295153252994315,0.946367502139786,0.03245658113995639,1.4975492055519817,True,False
2025-06-26,25271.7,25552.6,2025-06-25,25240.45,0.0012380920308472376,0.1001374259263712,2025-06-26,25250.0,0.13059405756294173,0.12483899014929425,0.12771652385611798,0.008045384772308005,0.15388847965466074,0.47978767352363344,0.9450605819637135,-0.3448447645459896,1.27541249113019,True,False
2025-06-27,25553.45,25632.95,2025-06-26,25552.6,3.326471670206388e-05,0.10784994982622076,2025-07-03,25550.0,0.10947845097860148,0.12971950641810986,0.11959897869835567,0.0075340274926943,0.004415263514012986,0.4775956233231738,0.9456714105822639,-0.5003644548351278,1.1089386586740764,True,False
2025-06-30,25660.95,25518.0,2025-06-27,25632.95,0.0010923440337533563,0.10676479264523166,2025-07-03,25650.0,0.11162363629054331,0.09949959388992413,0.10556161509023372,0.006649756702930513,0.16426827063792665,0.47728876988449187,0.9458244507913344,-0.33094989137220254,0.9887305775135444,True,False
2025-07-01,25558.2,25540.85,2025-06-30,25518.0,0.001575358570421015,0.10867783932783094,2025-07-03,25500.0,0.14204464320557103,0.13408373285171066,0.13806418802864084,0.008697226344948683,0.18113344507079288,0.4593833145915444,0.9413262106156268,-0.29559345780755036,1.2703987204987104,True,False
2025-07-02,25595.5,25466.35,2025-07-01,25540.85,0.0021397095241544317,0.10280787646050614,2025-07-03,25550.0,0.13409526050586396,0.10692624935652387,0.12051075493119391,0.0075914639965854736,0.28185729723763964,0.4595989537359486,0.9412598541964253,-0.1888337802848832,1.1721937956523045,True,False
2025-07-03,25496.3,25420.25,2025-07-02,25466.35,0.0011760617442233556,0.10412319565058022,2025-07-03,25450.0,0.12283493172420212,0.1336256073608601,0.1282302695425311,0.008077747708578989,0.14559277990006012,0.4509410894407301,0.940452034507729,-0.3246824913303545,1.2315245295856088,True,False
2025-07-04,25438.65,25463.95,2025-07-03,25420.25,0.0007238323777303268,0.10426355438049592,2025-07-10,25400.0,0.12338761021434866,0.10086975514995497,0.11212868268215181,0.00706344307652973,0.10247585630518675,0.4493569937989795,0.9408922161346974,-0.3686725552038508,1.0754350678757139,True,False
2025-07-07,25451.95,25462.8,2025-07-04,25463.95,-0.0004712544597361701,0.09817619827092802,2025-07-10,25450.0,0.1079432857679603,0.10157091906352905,0.10475710241574468,0.0065990771680900975,0.07141217593498159,0.3363732126171219,0.4160614214680295,-0.6368315421969498,1.0670315642764647,True,False
2025-07-08,25441.05,25521.4,2025-07-07,25462.8,-0.0008541872849804344,0.09757400205303636,2025-07-10,25450.0,0.12758498985044803,0.12037163584291202,0.12397831284668002,0.0078098996132780875,0.10937237701854431,0.33037095432160934,0.41726112269504145,-0.5296409497143197,1.2706080537650961,True,False
2025-07-09,25503.5,25480.9,2025-07-08,25521.4,-0.0007013721817769047,0.0977295534774558,2025-07-10,25500.0,0.12748209344931571,0.10269106676900963,0.11508658010916267,0.007249773100232314,0.0967440183409919,0.32922692630858247,0.417779705259933,-0.5564724782955769,1.1776026392641894,True,False
2025-07-10,25505.95,25374.05,2025-07-09,25480.9,0.0009830892943341052,0.09809175942476032,2025-07-10,25500.0,0.13611448596291664,0.10548708947844118,0.12080078772067891,0.00760973434499099,0.12918838552901798,0.31336114565999973,0.4079541686688861,-0.4514545365032527,1.231508012794257,True,False
2025-07-11,25273.1,25162.25,2025-07-10,25374.05,-0.003978474070950422,0.0911589604695551,2025-07-17,25350.0,0.10903178915972842,0.09273794848883546,0.10088486882428194,0.006355149379962457,0.6260236908819796,0.28732563388272414,0.36623717079748835,0.9248052464520029,1.1066917426946203,True,False
2025-07-14,25149.05,25068.75,2025-07-11,25162.25,-0.0005245953760096844,0.09324196697912099,2025-07-17,25150.0,0.11072962930780975,0.08213959117902087,0.0964346102434153,0.006074809440083782,0.08635585711515739,0.29555220359645146,0.3682370558373899,-0.5681023763498513,1.0342404109193581,True,False
2025-07-15,25093.0,25187.75,2025-07-14,25068.75,0.0009673398155074509,0.08922245190320979,2025-07-17,25050.0,0.14168049033335833,0.09483343890978846,0.1182569646215734,0.00744948855214397,0.12985318505242208,0.2940792604814621,0.368904671706502,-0.4451721217553384,1.3254171130587264,True,False
2025-07-16,25213.35,25211.75,2025-07-15,25187.75,0.001016367083205072,0.0892409918191615,2025-07-17,25200.0,0.1167836618432822,0.08060322679764925,0.09869344432046573,0.0062171026120083905,0.1634792196033486,0.29109222717996946,0.36950628387775575,-0.3453608589207085,1.1059205227173936,True,False
2025-07-17,25233.6,25114.75,2025-07-16,25211.75,0.000866659394924918,0.08886366408694142,2025-07-17,25200.0,0.10846430465781395,0.08970909598378188,0.09908670032079792,0.006241875411495602,0.13884599383845433,0.2875780482191655,0.36970382851849953,-0.4023005522466987,1.1150418040815264,True,False
2025-07-18,25144.2,24966.8,2025-07-17,25114.75,0.0011726176848265712,0.09026238189217604,2025-07-24,25100.0,0.11499375322276364,0.07956014217737148,0.09727694770006756,0.006127871712233699,0.19135806686121615,0.27492547649969984,0.3613551465973655,-0.2312611579643486,1.0777130589825432,True,False
2025-07-21,25031.2,25078.15,2025-07-18,24966.8,0.0025794254770334923,0.07972723169087406,2025-07-24,24950.0,0.11806977909904759,0.08324162775359628,0.10065570342632194,0.00634071331681714,0.4068036746263576,0.27323330320862954,0.36150729679128163,0.36948181296281185,1.2625009208471418,True,False
2025-07-22,25169.95,25063.4,2025-07-21,25078.15,0.0036605570985099867,0.0788879689192453,2025-07-24,25100.0,0.1144679080977665,0.09105570238832206,0.10276180524304428,0.006473385260694012,0.5654780228726164,0.27837851768237365,0.3611690474263144,0.794917247854183,1.3026296233870307,True,False
2025-07-23,25142.95,25226.55,2025-07-22,25063.4,0.003173950860617447,0.07861820465805819,2025-07-24,25050.0,0.10723125035152603,0.08440535648866701,0.09581830342009652,0.00603598575946917,0.5258380299586025,0.2874870258424073,0.36140722934868197,0.6595081247980145,1.2187801010828012,True,False
2025-07-24,25241.0,25067.3,2025-07-23,25226.55,0.0005728092030024001,0.07664538340429763,2025-07-24,25250.0,0.0944181966475505,0.09345923585619584,0.09393871625187317,0.005917582897217095,0.09679783333018947,0.29216260903024516,0.3626647139005655,-0.5386925394501443,1.2256278470988229,True,False
2025-07-25,24994.85,24846.1,2025-07-24,25067.3,-0.0028902195290279042,0.06430379007692213,2025-07-31,25050.0,0.10397310247601804,0.07726809197311638,0.09062059722456721,0.0057085610456274975,0.5062956331598982,0.29348817345202344,0.36178719968036266,0.5882116887935482,1.4092574810312755,True,False
2025-07-28,24790.5,24685.9,2025-07-25,24846.1,-0.0022377757475016136,0.06811634252741862,2025-07-31,24850.0,0.09842682284758916,0.0909993266197772,0.09471307473368318,0.005966362896466687,0.37506530969258284,0.2983661982855701,0.3626640631637158,0.21148803864911425,1.390460368531365,True,False
2025-07-29,24619.6,24814.3,2025-07-28,24685.9,-0.002685743683641384,0.0695792704114126,2025-07-31,24700.0,0.1349702398704553,0.10280684003532992,0.11888853995289261,0.007489274058355253,0.3586120180293162,0.29975820459133085,0.36279770015503504,0.16222212382502765,1.7086775881655718,True,False
2025-07-30,24862.75,24854.4,2025-07-29,24814.3,0.0019525031937230874,0.07324818062577616,2025-07-31,24800.0,0.1181616677064325,0.09442791310715493,0.10629479040679371,0.0066959424066216746,0.29159498023642505,0.30123133944291136,0.36285518877536654,-0.02655703846762933,1.4511594622377335,True,False
2025-07-31,24654.6,24775.55,2025-07-30,24854.4,-0.00803881807647755,0.07379443901711416,2025-07-31,24850.0,0.12271879860649279,0.10041375865530858,0.11156627863090068,0.007028014951388164,1.1438248398845157,0.2884937667846224,0.3490684741935625,2.4503246105966086,1.5118521140194128,True,False
2025-08-01,24759.2,24544.55,2025-07-31,24775.55,-0.0006599248048982931,0.07410037995008098,2025-08-07,24800.0,0.12470554913189252,0.097108849722645,0.11090719942726876,0.006986496864076151,0.09445718186628818,0.30572082400907363,0.3652506910092544,-0.578407234655807,1.4967156646427904,True,False
2025-08-04,24600.4,24724.95,2025-08-01,24544.55,0.0022754542250724707,0.07842716552471057,2025-08-07,24550.0,0.12554362397921742,0.11890009639360932,0.12222186018641337,0.0076992534959275305,0.2955421881194141,0.28676214717363885,0.3453367415744516,0.025424578067614403,1.5584123099272804,True,False
2025-08-05,24718.7,24656.65,2025-08-04,24724.95,-0.00025278109763615664,0.08478851909921259,2025-08-07,24700.0,0.13670729146219973,0.13256304507919264,0.1346351682706962,0.008481218403990387,0.029804809355837826,0.2687107362679324,0.3141992191608349,-0.7603644832414477,1.5878938528594553,True,False
2025-08-06,24652.0,24577.05,2025-08-05,24656.65,-0.00018859009638383384,0.08371094622239805,2025-08-07,24650.0,0.1276930232822731,0.12474883139539977,0.12622092733883644,0.007951171047393214,0.02371853092578897,0.2674348948189646,0.3150239941546507,-0.7736438125837839,1.5078186669100657,True,False
2025-08-07,24466.55,24583.95,2025-08-06,24577.05,-0.004496064417820689,0.08388183308876691,2025-08-07,24600.0,0.13759506924620846,0.1324250174144731,0.13501004333034078,0.008504833313050865,0.5286481524477821,0.2634624980545745,0.3165917250592126,0.8376266130885432,1.609526620471778,True,False
2025-08-08,24555.8,24376.8,2025-08-07,24583.95,-0.0011450560223236206,0.08368547313928378,2025-08-14,24600.0,0.11481342557734528,0.08809216975540976,0.10145279766637752,0.006390925534214023,0.17916904463892228,0.27052338698573386,0.3177198680389796,-0.2875310974748477,1.2123107375819253,True,False
2025-08-11,24370.8,24592.3,2025-08-08,24376.8,-0.00024613566998132885,0.08377091673460403,2025-08-14,24400.0,0.12036007360690543,0.09158233993980058,0.105971206773353,0.006675558553707037,0.03687117235225898,0.27336434243774776,0.31609709305895695,-0.7481662289168195,1.2650119027476094,True,False
2025-08-12,24550.95,24486.55,2025-08-11,24592.3,-0.0016814206072631732,0.09104795151816183,2025-08-14,24600.0,0.11423108341551402,0.11647514767806244,0.11535311554678823,0.007266563254602385,0.23139144989871527,0.272007632131321,0.31694758329078365,-0.12814794740158159,1.2669490485327186,True,False
2025-08-13,24582.45,24618.6,2025-08-12,24486.55,0.003916435757589376,0.08919331240417777,2025-08-14,24500.0,0.12981561865419872,0.09301496478658802,0.11141529172039337,0.007018503670044633,0.5580157739754334,0.27249074038703736,0.31686177279841976,0.9011028091736412,1.249144007742611,True,False
2025-08-14,24618.4,24636.85,2025-08-13,24618.6,-8.123938810333797e-06,0.09208923163608283,2025-08-14,24600.0,0.14500986665933013,0.0979007936277243,0.12145533014352722,0.007650966641976663,0.0010618186159330764,0.2779488868551959,0.31894045209412364,-0.8681465973389595,1.318887431089587,True,False
2025-08-18,24923.15,24881.0,2025-08-14,24636.85,0.011620803795939993,0.0917621241693776,2025-08-21,24650.0,0.11500920176599616,0.09048343457568725,0.1027463181708417,0.006472409666846763,1.7954370001430136,0.27338679136646477,0.3209378576133597,4.742507537425496,1.119702917744026,True,False
2025-08-19,24907.65,24971.3,2025-08-18,24881.0,0.0010710984285198233,0.09743077600478459,2025-08-21,24900.0,0.15437413602101374,0.09059870177267965,0.1224864188968467,0.007715919128189019,0.13881669969903088,0.3009948039303135,0.37574555318697395,-0.4316168291433686,1.2571635361996059,True,False
2025-08-20,24974.5,25055.15,2025-08-19,24971.3,0.00012814711288555714,0.09695247163199382,2025-08-21,24950.0,0.12303329377440972,0.09250514303372778,0.10776921840406875,0.00678882264011836,0.01887619100965686,0.2991862606010489,0.3762690172012559,-0.7449724978059035,1.1115675195278412,True,False
2025-08-21,25138.3,25084.05,2025-08-20,25055.15,0.003318678994138846,0.09774917865930213,2025-08-21,25050.0,0.10799641208804908,0.1001124579979705,0.10405443504300979,0.006554813284217344,0.5062964954516019,0.29708901375831764,0.37749332125271434,0.5542018094493109,1.0645044436197688,True,False
2025-08-22,25070.65,24871.0,2025-08-21,25084.05,-0.0005342040061312447,0.09482477541226803,2025-08-28,25100.0,0.10430353372614778,0.07049238826716217,0.08739796099665498,0.005505554045030283,0.09703001764435616,0.3052368132388056,0.3766296979204371,-0.552815661494737,0.9216785446279876,True,False
2025-08-25,24949.15,24961.45,2025-08-22,24871.0,0.0031422138233283547,0.09696089013226011,2025-08-28,24850.0,0.10320271429127315,0.08063897732396863,0.09192084580762089,0.005790469007373311,0.5426527314673834,0.30241661365701134,0.3775590220810513,0.6362875835577307,0.9480198220358299,True,False
2025-08-26,24894.25,24717.75,2025-08-25,24961.45,-0.0026921512973004935,0.09254805382321475,2025-08-28,24950.0,0.10154005909655381,0.07319412155529526,0.08736709032592453,0.005503609375564603,0.4891610420705615,0.31145725017398085,0.37669349602410257,0.47174637675509623,0.9440186661603183,True,False
2025-08-28,24699.35,24494.85,2025-08-26,24717.75,-0.0007444043248273635,0.09639743057076751,2025-08-28,24700.0,0.10077144822709139,0.08573542167694803,0.09325343495201971,0.0058744142329900636,0.12671975371550592,0.3147621918590178,0.3773790215054958,-0.4982853508744217,0.9673850682520037,True,False
2025-08-29,24502.7,24423.5,2025-08-28,24494.85,0.0003204755285295402,0.09954427645259332,2025-09-02,24500.0,0.12441660482899505,0.08145597558017914,0.1029362902045871,0.006484376780116941,0.049422718542854426,0.31523421706019383,0.37712143118309505,-0.7048432587971541,1.0340754272658677,True,False
2025-09-01,24476.5,24624.35,2025-08-29,24423.5,0.002170041148893409,0.09948768732358355,2025-09-02,24400.0,0.10323699968084982,0.07360001214150308,0.08841850591117645,0.0055698423318301755,0.38960548963696834,0.31447349877104586,0.3776187828370685,0.19896253650692938,0.888738177455019,True,False
2025-09-02,24683.25,24591.4,2025-09-01,24624.35,0.0023919413101261,0.10408523076127692,2025-09-02,24600.0,0.1277545239305683,0.09767072525962361,0.11271262459509596,0.0071002279594287185,0.3368823260033125,0.3174601588315858,0.37749038159606735,0.051450760386550394,1.0828877812031399,True,False
2025-09-03,24623.75,24724.2,2025-09-02,24591.4,0.0013155005408393983,0.09860377633160493,2025-09-09,24600.0,0.11161073839622662,0.08484032015133242,0.09822552927377952,0.006187626734669416,0.21260179342567936,0.32125628218663493,0.3765036555182112,-0.2885881376408045,0.9961639698610186,True,False
2025-09-04,24970.3,24738.05,2025-09-03,24724.2,0.009953810436738042,0.09693484911206524,2025-09-09,24700.0,0.10193055235544729,0.08293914233218663,0.09243484734381696,0.0058228480606656915,1.7094401799658296,0.31464631528435605,0.37484048536996567,3.721033130412311,0.95357704881713,True,False
2025-09-05,24813.75,24750.15,2025-09-04,24738.05,0.0030600633437154467,0.09638760034048129,2025-09-09,24750.0,0.08977438846028118,0.08267869555814605,0.08622654200921362,0.005431761584986737,0.5633648119191002,0.3367465538475861,0.4158151488857692,0.5449975997237406,0.8945812708753558,True,False
2025-09-08,24802.5,24760.7,2025-09-05,24750.15,0.002115138696129115,0.09554249092057382,2025-09-09,24750.0,0.09814757511494604,0.0685944847928747,0.08337102995391037,0.005251881233461039,0.4027392475391564,0.3456117189474555,0.41486508772961467,0.13770146074314488,0.8726068281307234,True,False
2025-09-09,24861.9,24870.95,2025-09-08,24760.7,0.004087121931124704,0.09554212053576358,2025-09-09,24750.0,0.1478012132367812,0.08972975846968931,0.11876548585323525,0.007481522378700482,0.5462954896399875,0.351281444525566,0.4132525702986063,0.4719003803739421,1.2430693937631272,True,False
2025-09-10,24988.95,24969.9,2025-09-09,24870.95,0.004744491062866452,0.09061610864440418,2025-09-16,24850.0,0.10108433989622437,0.08493833939258458,0.09301133964440447,0.005859163662096597,0.8097556812688043,0.32922631869548213,0.36311803707997803,1.3233420362081432,1.026432728527327,True,False
2025-09-11,24945.5,25011.45,2025-09-10,24969.9,-0.0009771765205307537,0.08660525120133757,2025-09-16,24950.0,0.10508584663810408,0.07202405019881855,0.08855494841846132,0.005578437401890506,0.17517029414000293,0.3416440039099452,0.3666408973584395,-0.4540511191450429,1.0225124595804376,True,False
2025-09-12,25078.55,25115.3,2025-09-11,25011.45,0.0026827712907486756,0.08453126286185696,2025-09-16,25000.0,0.09676101498085452,0.0667904108584865,0.0817757129196705,0.00515138570643952,0.5207863366540505,0.34317581186926077,0.36573396519435986,0.4856276465610822,0.9674020019470236,True,False
2025-09-15,25125.05,25071.0,2025-09-12,25115.3,0.0003882095774287997,0.08380224170344942,2025-09-16,25100.0,0.08061769048115011,0.06227714032741065,0.07144741540428037,0.004500764118525029,0.08625414867465261,0.3472179090869883,0.36634405086810934,-0.7123461123333146,0.852571649062933,True,False
2025-09-16,25079.5,25237.35,2025-09-15,25071.0,0.00033903713453797835,0.08437958100278033,2025-09-16,25050.0,0.12892583274970298,0.07479808081591946,0.10186195678281122,0.0064167001358506545,0.052836680436997324,0.34782201822266806,0.365875223535879,-0.8062457329984889,1.2071872788685079,True,False
2025-09-17,25282.9,25334.2,2025-09-16,25237.35,0.0018048646153421277,0.08044409695599629,2025-09-23,25250.0,0.10934057933812363,0.0704467185755615,0.08989364895684257,0.005662767609141579,0.31872482501815536,0.3486159016169882,0.36517020130186406,-0.08185519106506638,1.1174673140530782,True,False
2025-09-18,25440.7,25432.5,2025-09-17,25334.2,0.004203803554089003,0.0805472179218049,2025-09-23,25350.0,0.10345231407814903,0.06203420476808866,0.08274325942311885,0.005212335407154148,0.8065105611429201,0.3375131819550635,0.35549589006740256,1.3192765156833006,1.0272640267159303,True,False
2025-09-19,25424.65,25309.4,2025-09-18,25432.5,-0.00030866017890485153,0.08079383249599463,2025-09-23,25450.0,0.0864292407250595,0.04886759707071356,0.06764841889788653,0.004261449833107856,0.0724307902223378,0.33707171213073683,0.35488607010799034,-0.7457067047682935,0.837296818432771,True,False
2025-09-22,25255.45,25199.3,2025-09-19,25309.4,-0.0021316190822382453,0.08317297281800343,2025-09-23,25300.0,0.09009372171739649,0.050743711743713574,0.07041871673055503,0.004435962193175047,0.4805313908035216,0.3298844355319199,0.3558204776096827,0.42337910477668994,0.8466538389176388,True,False
2025-09-23,25229.9,25159.6,2025-09-22,25199.3,0.0012143194453815287,0.07842173996190374,2025-09-23,25200.0,0.1239019805609392,0.08105895374687244,0.10248046715390582,0.006455662626927573,0.1881014414099667,0.3353284840510675,0.35558083763948106,-0.41404661628693407,1.3067864498248765,True,False
2025-09-24,25142.55,25053.4,2025-09-23,25159.6,-0.0006776737309018843,0.07798553502634702,2025-09-30,25150.0,0.1305152385051953,0.062371247682156114,0.09644324309367572,0.006075353258533657,0.11154474514712372,0.3383899203493334,0.3534679544057046,-0.6417701304312317,1.2366811750550004,True,False
2025-09-25,25041.55,24887.65,2025-09-24,25053.4,-0.0004729896940136591,0.07052420502125954,2025-09-30,25050.0,0.10604782809037402,0.0647688036885739,0.08540831588947397,0.005380218184295106,0.087912734727807,0.3375111949244867,0.3539733339526908,-0.705133512204168,1.211049679521061,True,False
2025-09-26,24820.35,,2025-09-25,24887.65,-0.002704152461160625,0.06654479027584945,2025-09-30,24900.0,0.11833443523609477,0.05324815673283288,0.08579129598446383,0.005404343662591084,0.5003664885116009,0.3359575164187703,0.3548747858309384,0.4632872738700424,1.289226333554159,True,False
2025-09-29,24720.8,24641.8,2025-09-26,,,0.06517604965752742,2025-09-30,,,,,,,,,,,False,False
2025-09-30,24703.15,24606.85,2025-09-29,24641.8,0.0024896720207128187,0.06988525519024151,2025-09-30,24650.0,0.17394770129256854,0.07208868405708577,0.12301819267482715,0.007749417727481438,0.3212721404711219,0.3395993362733363,0.35543094894891136,-0.051563308868887284,1.7602882373391535,True,False
2025-10-01,24632.4,24828.4,2025-09-30,24606.85,0.0010383287580491007,0.06990688233387342,2025-10-07,24600.0,0.12873196362212824,0.07517788885870302,0.10195492624041563,0.006422556661192222,0.1616690693167595,0.34252732561618743,0.3545281266761936,-0.5101379628043274,1.45843903828355,True,False
2025-10-03,24783.0,24889.5,2025-10-01,24828.4,-0.0018285511752671457,0.07458458493161181,2025-10-07,24850.0,0.08905278327149185,0.06138099024850399,0.07521688675999792,0.00473821849427289,0.3859153345244263,0.34351387916638026,0.35393066369104415,0.11980158745177111,1.0084776476126518,True,False
2025-10-06,24923.9,25081.75,2025-10-03,24889.5,0.0013821089214327564,0.07500327857237875,2025-10-07,24900.0,0.07790983941016075,0.05689178112867141,0.06740081026941608,0.0042458519556457935,0.3255198098923206,0.3487555984762043,0.35215698484619595,-0.06598133668719335,0.8986381869210394,True,False
2025-10-07,25087.55,25105.3,2025-10-06,25081.75,0.00023124383266703852,0.07948775295368432,2025-10-07,25100.0,0.11016619874754446,0.06812466106039503,0.08914542990396974,0.005615634239139155,0.0411785780233591,0.3523580556907672,0.3507694904368561,-0.8871338190783306,1.1214989302303302,True,False
2025-10-08,25091.2,25043.8,2025-10-07,25105.3,-0.0005616343959242709,0.0794870854403035,2025-10-14,25100.0,0.1060600413628815,0.06142628106842034,0.08374316121565092,0.005275323299500043,0.1064644504304596,0.3514319650188067,0.3515283232905803,-0.6968642307261599,1.053544242461171,True,False
2025-10-09,25074.3,25187.75,2025-10-08,25043.8,0.0012178662982453847,0.07894298279942193,2025-10-14,25050.0,0.08340161523558975,0.0727168774501262,0.07805924634285798,0.004917270317912627,0.24767121177148685,0.351053232767164,0.35178397239354037,-0.2938792813449266,0.988805383009034,True,False
2025-10-13,25182.8,25219.8,2025-10-09,25187.75,-0.00019652410397918985,0.0802581390520847,2025-10-14,25200.0,0.08417219203868742,0.06231956496135875,0.07324587850002309,0.004614056644559853,0.04259247753512069,0.3447473581153224,0.35015877940495155,-0.8629081958009847,0.9126286675110807,True,False
2025-10-14,25260.0,25140.6,2025-10-13,25219.8,0.0015939856779196848,0.08019136900067712,2025-10-14,25200.0,0.12675085615151221,0.09896211316843553,0.11285648465997387,0.007109290291696827,0.2242116459615319,0.34401796845565513,0.35075121707220486,-0.34157065367918643,1.4073395437234764,True,False
2025-10-15,25181.55,25316.75,2025-10-14,25140.6,0.0016288394071741763,0.07987573596542974,2025-10-28,25150.0,,,,,,,,,,False,False
2025-10-16,25401.0,25574.5,2025-10-15,25316.75,0.0033278363139028766,0.08321338945965895,2025-10-28,25300.0,,,,,,,,,,False,False
2025-10-17,25541.3,25698.9,2025-10-16,25574.5,-0.0012981680971280163,0.08752066980757739,2025-10-28,25550.0,,,,,,,,,,False,False
2025-10-20,25816.35,25851.25,2025-10-17,25698.9,0.004570234523656458,0.08808625817572358,2025-10-28,25700.0,,,,,,,,,,False,False
2025-10-21,,,2025-10-20,25851.25,,0.08934884373585479,2025-10-28,25850.0,0.11869298216082674,0.07239267318138362,0.09554282767110518,0.006018632418420114,,,,,1.0693236048309913,False,False
2025-10-23,26058.5,25875.85,2025-10-21,,,0.08689150679436339,2025-10-28,,,,,,,,,,,False,False
2025-10-24,25939.3,25800.05,2025-10-23,25875.85,0.0024520933611842377,0.08450727058946653,2025-10-28,25900.0,0.1342398534292807,0.06084152815146844,0.09754069079037456,0.0061444859652566505,0.3990721721962328,0.345590609470807,0.3499854032998366,0.15281083788402322,1.1542283889894391,True,False
2025-10-27,25851.95,25967.05,2025-10-24,25800.05,0.0020116240084806503,0.08525988909730267,2025-10-28,25800.0,0.09507985863342525,0.08146053401327372,0.08827019632334948,0.005560499705962636,0.36177036504894433,0.34951715868068844,0.34922839451908405,0.03508651232420419,1.0353074260114425,True,False
2025-10-28,25937.1,25927.85,2025-10-27,25967.05,-0.0011533847703146805,0.0845704284771921,2025-10-28,25950.0,0.1799904524909824,0.09477438647525216,0.13738241948311727,0.008654278963444836,0.13327335242907118,0.3532325648675299,0.3481332145072662,-0.6318248396659887,1.6244734945403299,True,False
2025-10-29,25979.9,26041.95,2025-10-28,25927.85,0.0020074938724190527,0.07962374512470877,2025-11-04,25950.0,0.1352590607966926,0.09186574196709127,0.11356240138189193,0.007153758865328187,0.280620847055481,0.3522644862936609,0.3486713240096236,-0.2054761441643606,1.4262378792158992,True,False
2025-10-30,26006.4,25864.65,2025-10-29,26041.95,-0.0013651051476559761,0.07964498892703437,2025-11-04,26050.0,0.13960380405939588,0.08009398489180736,0.10984889447560162,0.006919829918519496,0.1972743786668158,0.3501614391674796,0.3487173290342284,-0.4384269084765132,1.379231712571875,True,False
2025-10-31,25869.4,25720.7,2025-10-30,25864.65,0.00018364833856243656,0.0739716294296174,2025-11-04,25850.0,0.12747120879516755,0.08225956266569875,0.10486538573043315,0.006605898375752084,0.027800660578816146,0.3440247117640496,0.3481032482530186,-0.9084202826955129,1.4176433118890612,True,False
2025-11-03,25694.1,25762.95,2025-10-31,25720.7,-0.0010341864723745209,0.07818184344397172,2025-11-04,25700.0,0.1393852295918187,0.059893097069610615,0.09963916333071465,0.006276677309895648,0.1647665510450966,0.33572408894105316,0.3496289549623047,-0.48896847778064706,1.2744540028928855,True,False
2025-11-04,25759.95,25595.15,2025-11-03,25762.95,-0.00011644629205898038,0.07397313847938485,2025-11-04,25750.0,0.149495306676788,0.11478085394500448,0.13213808031089624,0.00832391664819314,0.01398936305834552,0.33685690090296827,0.3489511570673699,-0.9252513748859376,1.786298148587018,True,False
2025-11-06,25604.05,25500.75,2025-11-04,25595.15,0.0003477221270435926,0.0796466920529989,2025-11-11,25600.0,0.11890029913658498,0.0858716751346614,0.10238598713562319,0.006449710945207556,0.053912823380397656,0.32865179640127573,0.3506831644940166,-0.7834393003076876,1.285502065390148,True,False
2025-11-07,25433.55,25477.6,2025-11-06,25500.75,-0.002635216611276192,0.0779320641395153,2025-11-11,25500.0,0.10720620314262796,0.07571274346941048,0.09145947330601922,0.005761405271635174,0.45739129379598004,0.3232992549627393,0.35240939541915967,0.38050074877756923,1.173579505635664,True,False
2025-11-10,25515.8,25574.7,2025-11-07,25477.6,0.0014993562972964725,0.07817633552877855,2025-11-11,25500.0,0.0934975564665427,0.07450546652106141,0.08400151149380206,0.005291597837288907,0.2833466078489161,0.324945576225517,0.3528076634997065,-0.11790834689914705,1.0745132900592294,True,False
2025-11-11,25616.15,25673.65,2025-11-10,25574.7,0.0016207423742995442,0.07793849050975724,2025-11-11,25550.0,0.16812556771505544,0.08482086914260714,0.1264732184288313,0.007967063892205686,0.2034303221648748,0.32480810335239185,0.35282248563987584,-0.34401940388631225,1.622731176875923,True,False
2025-11-12,25822.6,25891.9,2025-11-11,25673.65,0.005801668247405356,0.07671562131784754,2025-11-18,25650.0,0.13638230051680877,0.08632770290544864,0.1113550017111287,0.00701470575644806,0.827072217829286,0.3091348613903978,0.3363246967310629,1.5399920418364315,1.4515296858479914,True,False
2025-11-13,25902.45,25867.9,2025-11-12,25891.9,0.00040746333795516065,0.08125413694995189,2025-11-18,25900.0,0.12138627685839595,0.08068957884029856,0.10103792784934726,0.006364791192253811,0.06401833550345827,0.3213451119897811,0.3416552673846843,-0.7531766697353084,1.243480413945952,True,False
2025-11-14,25776.85,25933.05,2025-11-13,25867.9,-0.003519806400983594,0.08000991510088658,2025-11-18,25850.0,0.12445790484050098,0.10354583539413001,0.1140018701173155,0.00718144279349292,0.4901252439374547,0.31748638111284855,0.34325532506511863,0.5029459129056629,1.4248467827214613,True,False
2025-11-17,25940.6,26012.4,2025-11-14,25933.05,0.0002911342861715571,0.07741159192800022,2025-11-18,25950.0,0.09735658119965648,0.09624856860314066,0.09680257490139857,0.0060979890347572265,0.04774267131543764,0.3251583883558755,0.34185785482601944,-0.8114943480869325,1.250491980470234,True,False
2025-11-18,26023.6,25917.95,2025-11-17,26012.4,0.0004305638849162463,0.07026928942201731,2025-11-18,26000.0,0.1252201297183635,0.12081911776424481,0.12301962374130415,0.007749507876195908,0.055560158373256896,0.325558790695703,0.3415127030557981,-0.7905961620359765,1.7506883128201765,True,False
2025-11-19,25929.85,26051.7,2025-11-18,25917.95,0.00045914125152646257,0.07031663252380431,2025-11-25,25900.0,0.12606934836547112,0.10151268078292841,0.11379101457419977,0.007168160142787119,0.0640528730358331,0.31767399079446096,0.3422049248026079,-0.7411381291631692,1.6182659847323897,True,False
2025-11-20,26128.7,26178.75,2025-11-19,26051.7,0.002955661242836305,0.06956979967155763,2025-11-25,26050.0,0.11300391803446463,0.10299624065236498,0.10800007934341481,0.006803365512331418,0.4344410479606058,0.31575538793440944,0.34331552942796584,0.34570431528090506,1.5523988836145624,True,False
2025-11-21,26121.2,26072.4,2025-11-20,26178.75,-0.0021983478966718373,0.07133357937226202,2025-11-25,26200.0,0.11520277747998306,0.0829053505592521,0.09905406401961758,0.00623981951776617,0.3523095324171871,0.32238155252788187,0.3416744195322589,0.08759209990105686,1.3886035846132605,True,False
2025-11-24,26128.3,25965.95,2025-11-21,26072.4,0.0021440297019068577,0.07323733904584656,2025-11-25,26050.0,0.10313401549885215,0.09259504745251856,0.09786453147568536,0.0061648860109170586,0.3477809156746959,0.32439685390318973,0.3414851890880965,0.06847752850995104,1.3362655272663877,True,False
2025-11-25,25997.6,25900.95,2025-11-24,25965.95,0.0012189039877223973,0.07404048497921248,2025-11-25,25950.0,0.17086690769763163,0.11460661507001568,0.14273676138382366,0.008991570799246788,0.1355607396011944,0.32089293959817744,0.3401233150557745,-0.5448970764223902,1.927820454227147,True,False
2025-11-26,25894.6,26209.1,2025-11-25,25900.95,-0.00024516475264424464,0.0709560165939464,2025-12-02,25900.0,0.1169586828144783,0.08767041821463092,0.10231455051455461,0.006445210861068266,0.038038282676698905,0.3231345882812652,0.3384186274350185,-0.8424368001412957,1.4419432688852993,True,False
2025-11-27,26252.6,26212.15,2025-11-26,26209.1,0.0016597288727961956,0.0824900230216463,2025-12-02,26200.0,0.10779961711980413,0.09307593237739381,0.10043777474859897,0.00632698510051228,0.262325396129321,0.2938446096568266,0.2798072646871733,-0.11264615864332317,1.2175748177721197,True,False
2025-11-28,26246.9,26206.7,2025-11-27,26212.15,0.0013257210873582892,0.08123137403280448,2025-12-02,26200.0,0.09967074072271812,0.08092264652581746,0.09029669362426779,0.005688157036695338,0.23306689298586886,0.2959030879306647,0.2791008500347971,-0.22513795617950183,1.111598747397802,True,False
2025-12-01,26319.9,26187.4,2025-11-28,26206.7,0.00431950608050613,0.07678693034695518,2025-12-02,26200.0,0.09593436529882066,0.06955937545354682,0.08274687037618374,0.005212562875816187,0.828672225815555,0.2994729329636015,0.27685827136845276,1.9114447628247901,1.0776165944165117,True,False
2025-12-02,26096.05,26030.5,2025-12-01,26187.4,-0.0034883188098093765,0.07342711788356095,2025-12-02,26200.0,0.11894174926064086,0.10928760625531303,0.11411467775797694,0.007188549006901923,0.4852604894896238,0.3048458618030008,0.2839767072919569,0.6353148798966053,1.5541217066280253,True,False
2025-12-03,26032.75,25997.8,2025-12-02,26030.5,8.643706421307407e-05,0.07731380751368033,2025-12-09,26050.0,0.12425175943972522,0.07205055059676854,0.09815115501824688,0.006182941596953108,0.013979925712976068,0.3113163696670886,0.2835840057661838,-1.04849511223587,1.269516509077366,True,False
2025-12-04,25978.55,26051.4,2025-12-03,25997.8,-0.0007404472686149965,0.07310098650700075,2025-12-09,26000.0,0.10635599535025175,0.07893927315618396,0.09264763425321786,0.00583625237601152,0.12687033063519032,0.30250515623784846,0.28448608470165765,-0.6173758051710947,1.2673923934575788,True,False
2025-12-05,26001.15,26189.3,2025-12-04,26051.4,-0.0019288790621617702,0.07125429265389671,2025-12-09,26050.0,0.09580711883375653,0.07487170165322829,0.08533941024349241,0.0053758775365999765,0.3588026418067752,0.2964669777139256,0.28430191660105986,0.2192586840007859,1.1976739514910535,True,False
2025-12-08,26158.85,25977.05,2025-12-05,26189.3,-0.001162688578923432,0.07235329996193851,2025-12-09,26200.0,0.08102942193992216,0.06375737570297202,0.07239339882144709,0.00456035547248251,0.2549556906120965,0.3003350258487801,0.2835310378005583,-0.16005067942016407,1.0005542091311617,True,False
2025-12-09,25875.2,25830.55,2025-12-08,25977.05,-0.003920768524524498,0.07910863153228492,2025-12-09,26000.0,0.11133468950513295,0.12852188366105854,0.11992828658309575,0.00755477193954656,0.5189790712279031,0.3037605753832675,0.28168377958245544,0.7640429142340306,1.5159949585798607,True,False
2025-12-10,25863.9,25756.2,2025-12-09,25830.55,0.001291106848286372,0.08137209295569206,2025-12-16,25850.0,0.11101044502464874,0.07887088981939963,0.09494066742202419,0.00598069988821828,0.21587888916308884,0.3059168017431163,0.2828448110769175,-0.3183297308414908,1.1667472713737417,True,False
2025-12-11,25777.45,25900.05,2025-12-10,25756.2,0.0008250440670596326,0.07604398373934076,2025-12-16,25750.0,0.10970787755525982,0.08725823795309301,0.09848305775417641,0.006203849504065763,0.13298905244541,0.3039000777957793,0.28305159059955554,-0.603815809649217,1.295080201107704,True,False
2025-12-12,25982.75,26055.45,2025-12-11,25900.05,0.0031930440288725492,0.07874253336903143,2025-12-16,25900.0,0.09762488065031766,0.07181985740970084,0.08472236903000925,0.005337007593753454,0.5982835835964999,0.3025731987794415,0.2836727506702677,1.042434932923053,1.0759416214481312,True,False
2025-12-15,25957.25,26034.65,2025-12-12,26055.45,-0.0037688852044390764,0.08111027775157459,2025-12-16,26050.0,0.07637799409831966,0.06729127823691375,0.0718346361676167,0.004525156733817137,0.8328739590992867,0.28405392217328607,0.21921801127105509,2.5035353333600163,0.8856416000402881,True,False
2025-12-16,25966.75,25861.1,2025-12-15,26034.65,-0.0026080627164183356,0.08049005190849694,2025-12-16,26050.0,0.10408999350384002,0.10785474372859083,0.10597236861621542,0.006675631742927906,0.3906840306434353,0.2885457412929558,0.22763760691856957,0.44868811763170746,1.3165896418688785,True,False
2025-12-17,25891.05,25817.05,2025-12-16,25861.1,0.0011581100571902425,0.08301493386927376,2025-12-23,25850.0,0.10849808787229293,0.07543310087325727,0.0919655943727751,0.005793287902014383,0.19990549007370345,0.28834482101136044,0.22754040714273616,-0.38867527771530697,1.1078198835597006,True,False
2025-12-18,25768.9,25824.1,2025-12-17,25817.05,-0.0018650465486954593,0.08079529269844592,2025-12-23,25800.0,0.10260595105223971,0.07512974451451798,0.08886784778337885,0.0055981482091515015,0.33315419296091486,0.2825716543519224,0.225267704272063,0.22454412083812214,1.0999136808014585,True,False
2025-12-19,25907.85,25969.3,2025-12-18,25824.1,0.003243094628660792,0.07839408965961152,2025-12-23,25800.0,0.09233199241075088,0.07164291553457913,0.081987453972665,0.005164724139024434,0.6279318200474848,0.27462829621345747,0.21450915808971757,1.6470323550766985,1.0458371840103755,True,False
2025-12-22,26055.85,26171.7,2025-12-19,25969.3,0.0033327813995756017,0.08034938949568228,2025-12-23,25950.0,0.07669583455480458,0.06563739461057919,0.07116661458269188,0.004483075329432987,0.7434140973930784,0.2821743216452489,0.21887042413671212,2.107364563152339,0.8857144407614466,True,False
2025-12-23,26197.8,26178.45,2025-12-22,26171.7,0.000997260399591804,0.08369958509091172,2025-12-23,26150.0,0.07702542195763348,0.112800520245183,0.09491297110140824,0.005978955184013964,0.16679509527989042,0.2858847843242327,0.22479112248640168,-0.5297793245885251,1.1339718231376765,True,False
2025-12-24,26183.75,26134.1,2025-12-23,26178.45,0.00020245660075368654,0.08299673925301453,2025-12-30,26200.0,0.08535860559932379,0.06582640853543664,0.07559250706738022,0.004761880349528108,0.04251610412129518,0.28722713343432005,0.22381718195854158,-1.093352293919747,0.9107888785478355,True,False
2025-12-26,26120.75,26043.9,2025-12-24,26134.1,-0.0005108268507428848,0.07157882348864777,2025-12-30,26150.0,0.07978840548565849,0.049786241757831876,0.06478732362174519,0.00408121777172853,0.12516530097499132,0.2870551238290583,0.22400425819291025,-0.7227086849154852,0.9051185876507218,True,False
2025-12-29,26065.75,25949.8,2025-12-26,26043.9,0.0008389680500999752,0.07252762787559647,2025-12-30,26050.0,0.06892850879429757,0.05281189978237223,0.0608702042883349,0.003834462447634084,0.2187967835276702,0.28382913176167224,0.22493228649280464,-0.28911966907019526,0.839269200872569,True,False
2025-12-30,25951.0,25931.6,2025-12-29,25949.8,4.624313096823762e-05,0.07346398810033934,2025-12-30,25950.0,0.097502806761744,0.08485671282067128,0.09117975979120764,0.005743784976431954,0.008050985745111216,0.2740339021347513,0.2143319939892136,-1.240985591740568,1.2411490602262372,True,False
2025-12-31,25975.45,26127.85,2025-12-30,25931.6,0.0016909870582610953,0.07346248303493028,2026-01-06,25950.0,0.10108525724283554,0.05517976692595811,0.07813251208439682,0.004921885625811021,0.3435648828151014,0.2729609053934643,0.2155162518137143,0.3276039594576145,1.0635702586753844,True,False
2026-01-01,26175.05,26139.65,2025-12-31,26127.85,0.0018065014917032496,0.0757044925486276,2026-01-06,26150.0,0.09568018801581671,0.05708848362620676,0.07638433582101173,0.004811760872458089,0.37543459444201305,0.2706781302603239,0.21400042707188435,0.489515210857503,1.0089802236234189,True,False
2026-01-02,26150.25,26329.9,2026-01-01,26139.65,0.00040551422838475126,0.07551202146573996,2026-01-06,26150.0,0.07622613516547,0.05496947166946639,0.0655978034174682,0.004132273199874375,0.0981334507111193,0.2738003494775247,0.21414175949850944,-0.8203299495520777,0.8687067587937654,True,False
2026-01-05,26341.9,26250.75,2026-01-02,26329.9,0.0004557556238344862,0.07931635858495312,2026-01-06,26350.0,0.06109463313162963,0.060317706152327163,0.0607061696419784,0.0038241292361898527,0.11917892824369489,0.27357682790359134,0.21432091718261623,-0.7204051834489807,0.7653675827409302,True,False
2026-01-06,26183.9,26179.25,2026-01-05,26250.75,-0.002546593906840755,0.07818771789031922,2026-01-06,26250.0,0.06644488644149293,0.11898766954425391,0.09271627799287342,0.005840576525158903,0.43601755680642684,0.2740979311288561,0.21389943542322898,0.7569894953541642,1.1858163979531247,True,False
2026-01-07,26149.9,26142.1,2026-01-06,26179.25,-0.0011211169151139622,0.07282164545389545,2026-01-13,26200.0,0.08692931029771911,0.06612217143144425,0.07652574086458168,0.004820668552920383,0.23256461273090107,0.2730254489337699,0.21290471458362523,-0.19004199264444438,1.050865307802353,True,False
2026-01-08,26103.45,25879.7,2026-01-07,26142.1,-0.0014784581192788249,0.0696528833131387,2026-01-13,26150.0,0.07790200639014186,0.0634415671088433,0.07067178674949258,0.004451904105898742,0.3320956795362861,0.2715469901380995,0.21287200011805715,0.2844370765746869,1.0146283023456932,True,False
2026-01-09,25864.35,25687.7,2026-01-08,25879.7,-0.0005931289775384929,0.07848264071458308,2026-01-13,25900.0,0.0956326038343655,0.064749566619036,0.08019108522670075,0.005051563544624663,0.11741492951615697,0.2743874336417583,0.21251774469351387,-0.7386324579718365,1.0217684381738728,True,False
2026-01-12,25671.95,25785.05,2026-01-09,25687.7,-0.0006131339123394142,0.08031310965512083,2026-01-13,25700.0,0.09687699061459362,0.07283946167462385,0.08485822614460874,0.005345565787540812,0.1146995354109152,0.2699124268916205,0.21295595430720995,-0.7288497378983608,1.0565924605460488,True,False
2026-01-13,25886.05,25746.05,2026-01-12,25785.05,0.0039169984157485516,0.07833617592563084,2026-01-13,25800.0,0.1470586249155162,0.11004149784491887,0.12855006138021752,0.008097892700812955,0.4837058924422795,0.2663987556502637,0.2137606049513496,1.016591138678118,1.6410050638961198,True,False
2026-01-14,25647.05,25672.65,2026-01-13,25746.05,-0.003845250048065574,0.07841203573688779,2026-01-20,25750.0,0.1019489755660854,0.09271312741636223,0.09733105149122381,0.006131279930719062,0.6271529095907079,0.2737742108905791,0.21349221398144255,1.655229912650799,1.241276936334352,True,False
2026-01-16,25706.25,25691.05,2026-01-14,25672.65,0.0013087858090223836,0.0755806566165991,2026-01-20,25650.0,0.09798439430759295,0.09188034310442753,0.09493236870601024,0.00598017711824747,0.21885402106717733,0.28245235187658324,0.2171277036287507,-0.2929074905989317,1.2560405394144338,True,False
2026-01-19,25631.6,25596.2,2026-01-16,25691.05,-0.002314035432572803,0.0754961170555567,2026-01-20,25700.0,0.10550753481196881,0.08819453957571563,0.09685103719384222,0.006101041872227941,0.37928528946938334,0.28197206536484476,0.21723778742250538,0.44795716831379,1.2828611718212035,True,False
2026-01-20,25580.05,25245.4,2026-01-19,25596.2,-0.0006309530320907086,0.07644891275296518,2026-01-20,25600.0,0.113485814499943,0.1268667902194231,0.12017630235968305,0.007570395464929193,0.08334479156520656,0.28758361223041573,0.21528936104583593,-0.9486712193907525,1.5719818377014372,True,False
2026-01-21,25145.75,25159.7,2026-01-20,25245.4,-0.003947253757120128,0.08629658354154092,2026-01-27,25250.0,0.11494401043285046,0.11000173366192068,0.11247287204738557,0.007085124968537389,0.55711843822777,0.2852358313238103,0.21675526287430127,1.254329898608401,1.3033293721673707,True,False
2026-01-22,25344.6,25297.3,2026-01-21,25159.7,0.007349054241505115,0.07934870701831874,2026-01-27,25150.0,0.1309311056294557,0.11578801754201506,0.12335956158573538,0.007770921947566965,0.9457120134639965,0.2878699357576693,0.2191096360544269,3.0023420674338532,1.554651187413251,True,False
2026-01-23,25338.25,25045.6,2026-01-22,25297.3,0.0016187498270565648,0.0833347709659485,2026-01-27,25300.0,0.1270161655003761,0.08246205501083206,0.10473911025560408,0.006597943768535791,0.24534156152952424,0.29760229656458687,0.23485100646577575,-0.22252719211862712,1.2568476404453264,True,False
2026-01-27,25079.0,25154.95,2026-01-23,25045.6,0.001333567572747274,0.08833299746976501,2026-01-27,25050.0,0.12299848469290925,0.09193172699430771,0.10746510584360848,0.006769665349510051,0.19699165378149597,0.29947010004959446,0.23396590292631692,-0.43800590165641407,1.2165907296465523,True,False
2026-01-28,25248.6,25323.6,2026-01-27,25154.95,0.0037229253089350323,0.09107467957668786,2026-02-03,25150.0,0.2261208404459612,0.1442632394310413,0.18519203993850125,0.011666001963476565,0.31912606568990926,0.2980762801616947,0.23432892114355242,0.08983007912761756,2.0334086356303183,True,False
2026-01-29,25346.4,25417.75,2026-01-28,25323.6,0.000900345922380863,0.09548596621041447,2026-02-03,25300.0,0.17359333703168506,0.15436301024420074,0.1639781736379429,0.010329653997346774,0.08716128561635478,0.30010714161207946,0.23396824208678813,-0.9101485487792595,1.717301297204218,True,False
2026-01-30,25261.25,25325.55,2026-01-29,25417.75,-0.006157114614786963,0.09706952921858181,2026-02-03,25400.0,0.1739038198443149,0.14589605715904647,0.1598999385016807,0.010072749331665931,0.6112645527106191,0.3010964853627051,0.23292042541356575,1.3316482090275676,1.6472722159970195,True,False
2026-02-01,25329.8,24876.0,2026-01-30,25325.55,0.00016781471675830772,0.09199184641351431,2026-02-03,25350.0,0.19711963672135163,0.17605564139157542,0.18658763905646353,0.011753916444335358,0.014277344709148734,0.30853811872379716,0.23560809367488872,-1.2489417041024637,2.0283062720333915,True,False
2026-02-02,24783.0,25090.0,2026-02-01,24876.0,-0.0037385431741437936,0.10804885496206894,2026-02-03,24900.0,0.20276853788159083,0.2380847962244136,0.2204266670530022,0.013885574841644729,0.26923935211752226,0.30854291841797726,0.23560199442262517,-0.16682187430872034,2.040064812629287,True,False
2026-02-03,26264.9,25732.7,2026-02-02,25090.0,0.04682742128337991,0.1097201863239392,2026-02-03,25100.0,0.15711978603993199,0.20539580001843782,0.1812577930291849,0.011418167703515242,4.101132729812983,0.31213169389692935,0.23328622171341767,16.241855211537878,1.6520004121578613,True,False
2026-02-04,25659.9,25782.2,2026-02-03,25732.7,-0.0028290851717852616,0.14795223223825776,2026-02-10,25750.0,0.13897083248532005,0.12603622693042466,0.13250352970787235,0.00834693779631641,0.33893689408273364,0.3728607178305461,0.5418904894554271,-0.06260272953286963,0.8955831737265897,True,False
2026-02-05,25752.25,25645.7,2026-02-04,25782.2,-0.0011616541645010914,0.14813491188726455,2026-02-10,25800.0,0.12663618821056327,0.11575986502382607,0.12119802661719467,0.00763475804335438,0.1521533698782039,0.3737872226011098,0.5417823597750014,-0.4090828147578466,0.8181597779558561,True,False
2026-02-06,25610.5,25693.25,2026-02-05,25645.7,-0.0013725497841743373,0.14901264467605072,2026-02-10,25650.0,0.11981948206743548,0.10393262238595599,0.11187605222669574,0.00704752885370264,0.19475617804008355,0.3729326067296652,0.5420959897720297,-0.32868058803480743,0.7507822740138,True,False
2026-02-09,25903.1,25870.1,2026-02-06,25693.25,0.008167514814202192,0.14529069332737676,2026-02-10,25700.0,0.08710102688469232,0.10231538453483432,0.09470820570976332,0.0059660561767900305,1.3689973027703926,0.3623940060665118,0.5392564873944444,1.866650323610462,0.6518532160649941,True,False
2026-02-10,25912.85,25941.2,2026-02-09,25870.1,0.001652486847750989,0.14489371980319607,2026-02-10,25850.0,0.12650115689086466,0.1349227223465141,0.13071193961868938,0.008234078228998644,0.20068874764042047,0.38414365552096075,0.5531557434423207,-0.3316514563129899,0.9021228787295316,True,False
2026-02-11,26000.65,25951.85,2026-02-10,25941.2,0.0022917212773503337,0.14461683489056534,2026-02-17,25950.0,0.10531446660776264,0.08527042355280876,0.0952924450802857,0.006002859797755152,0.38177158130652206,0.37931971391601016,0.5534777979267997,0.0044299290770036795,0.658930512152306,True,False
2026-02-12,25892.3,25814.95,2026-02-11,25951.85,-0.0022946341012297644,0.14445090625525867,2026-02-17,25950.0,0.09712782659546432,0.08636670884094874,0.09174726771820653,0.0057795346155247364,0.39702748644605695,0.38488686241586156,0.5517633640261359,0.022003316678380107,0.635144978295119,True,False
2026-02-13,25578.6,25484.25,2026-02-12,25814.95,-0.009155547463775893,0.14543579274937574,2026-02-17,25800.0,0.10224779572410428,0.08162384585237034,0.09193582078823731,0.005791412342482812,1.580883370471745,0.3905779845504082,0.5500673882829347,2.163926477512037,0.632140266506932,True,False
2026-02-16,25427.45,25693.9,2026-02-13,25484.25,-0.002228827609209616,0.15268734627077862,2026-02-17,25500.0,0.11572270569136806,0.09952333421251017,0.10762301995193911,0.00677961300329937,0.32875440060147,0.4158584928410068,0.5693251399658359,-0.15299533803261128,0.7048588018621951,True,False
2026-02-17,25644.5,25718.1,2026-02-16,25693.9,-0.001922635333678424,0.15508042806853864,2026-02-17,25700.0,0.15105111429809276,0.14068160652564377,0.14586636041186826,0.009188717007140966,0.20923871441293246,0.4140970487183545,0.569430155762882,-0.359760248438138,0.9405852319894412,True,False
2026-02-18,25754.65,25825.4,2026-02-17,25718.1,0.0014211780808071062,0.14607055802549032,2026-02-24,25700.0,0.11710429085101828,0.10274016320339657,0.10992222702720743,0.006924449435056515,0.20524058903688233,0.4117125350849502,0.569992558989253,-0.36223621307302156,0.7525282884729259,True,False
2026-02-19,25866.3,25496.35,2026-02-18,25825.4,0.0015837121593469394,0.1455415814393482,2026-02-24,25850.0,0.10066416589577068,0.09433483325998526,0.09749949957787797,0.006141891162769337,0.2578541555648235,0.40933686297432004,0.570560300061201,-0.2654981557483894,0.6699082050204952,True,False
2026-02-20,25406.35,25567.2,2026-02-19,25496.35,-0.00352991702733918,0.15287015585137062,2026-02-24,25500.0,0.11308062323996712,0.11983320448773258,0.11645691386384985,0.0073360960128051635,0.48117105081199946,0.4113750865737139,0.5697836147101567,0.12249556223864047,0.761802807194598,True,False
2026-02-23,25670.85,25707.2,2026-02-20,25567.2,0.004054022341124508,0.14800027056483495,2026-02-24,25550.0,0.12389245635792895,0.11710230083798165,0.1204973785979553,0.007590621366794919,0.5340830671463577,0.4187606327093022,0.5677306448038575,0.20312878209506846,0.8141699885958562,True,False
2026-02-24,25641.8,25414.3,2026-02-23,25707.2,-0.0025440343561337064,0.14837976260877575,2026-02-24,25700.0,0.14265365629027404,0.16700001877755177,0.1548268375339129,0.009753174009365106,0.2608416863772651,0.4232899272262528,0.5675454648856852,-0.2862294756979653,1.043449826389976,True,False
2026-02-25,25515.05,25480.15,2026-02-24,25414.3,0.0039643035613807776,0.15318740212449178,2026-03-02,25400.0,0.15950474162699946,0.12482250206047701,0.14216362184373824,0.008955466401875264,0.4426685762062216,0.4237528404494428,0.567398989724855,0.033337626783494057,0.9280372920496767,True,False
2026-02-26,25551.55,25499.35,2026-02-25,25480.15,0.002802181305839868,0.15289837508817233,2026-03-02,25500.0,0.13095230396639362,0.11553320611617768,0.12324275504128565,0.007763563826897469,0.36094007447088844,0.4173194462892872,0.5649129223687838,-0.09980188022959303,0.8060435892154832,True,False
2026-02-27,25470.15,25187.3,2026-02-26,25499.35,-0.001145127228733167,0.15224599791463933,2026-03-02,25500.0,0.11602556949648904,0.10599533166564293,0.11101045058106598,0.006993001075398245,0.16375333227986857,0.4152474393723082,0.564887494980732,-0.44521096559416296,0.7291518470213376,True,False
2026-03-02,24723.4,24855.3,2026-02-27,25187.3,-0.018418012252206406,0.14460094356683054,2026-03-02,25200.0,0.12962986931391757,0.1049111605596266,0.11727051493677208,0.007387348062932962,2.493183222897175,0.4177436628150898,0.5634132486671416,3.683689662946198,0.8109941197069224,True,False
2026-03-04,24421.45,24465.85,2026-03-02,24855.3,-0.01745502971197288,0.14933088911084932,2026-03-10,24850.0,0.19089721183103336,0.18259189289332628,0.18674455236217982,0.01176380105348589,1.4837916446062769,0.45718221101945616,0.622435797039808,1.6493418895076237,1.2505420243199523,True,False
2026-03-05,24610.0,24780.5,2026-03-04,24465.85,0.005891886037068028,0.12350766888121126,2026-03-10,24450.0,0.25591971586658946,0.24980967259236497,0.2528646942294772,0.01592897848284729,0.3698847382719836,0.47593202773278126,0.6362137474822923,-0.16668500151161741,2.0473602693665973,True,False
2026-03-06,24656.4,24460.0,2026-03-05,24780.5,-0.005007969976392634,0.13432232878552927,2026-03-10,24800.0,0.18527988447806248,0.18502088417131257,0.18515038432468753,0.011663377906456069,0.4293756076977113,0.477847511860446,0.6357099775509292,-0.07624845585949828,1.378403620594717,True,False
2026-03-09,23842.35,24035.9,2026-03-06,24460.0,-0.02525143090760429,0.13948636857729027,2026-03-10,24450.0,0.23201503332539203,0.2248782364562955,0.22844663489084377,0.014390785327874852,1.7546944334366827,0.47635412080160955,0.6357169616603355,2.010863937461043,1.637770322798676,True,False
2026-03-10,24287.1,24264.55,2026-03-09,24035.9,0.010451033662146836,0.14821934532777536,2026-03-10,24050.0,0.40012603259764845,0.3676694875081906,0.38389776005291953,0.024183285761304085,0.432159375086641,0.5020010465395026,0.6557550698426856,-0.10650572853308861,2.590065144357236,True,False
2026-03-11,24262.7,23879.45,2026-03-10,24264.55,-7.624291404528805e-05,0.15088252580590683,2026-03-17,24250.0,0.23178397662944095,0.17831811544517123,0.2050510460373061,0.012917001759246866,0.005902524089284744,0.5069872185835232,0.6540368034845583,-0.7661414339752352,1.3590112237455574,True,False
2026-03-12,23686.6,23676.7,2026-03-11,23879.45,-0.008075981649493746,0.15562069341524415,2026-03-17,23900.0,0.24708815204726992,0.23670162485732976,0.24189488845229984,0.015237945672916553,0.5299914977284467,0.49711420092506964,0.6570992564210457,0.050033988749959006,1.5543876790655948,True,False
2026-03-13,23472.8,23136.05,2026-03-12,23676.7,-0.00861184202190346,0.15541659085394433,2026-03-17,23700.0,0.23699184372977355,0.21318315911490537,0.22508750142233946,0.014179179809343037,0.6073582631506577,0.49206615990222236,0.6556379203428995,0.1758472163845212,1.448284897935187,True,False
2026-03-16,23125.65,23442.25,2026-03-13,23136.05,-0.00044951493448530666,0.16848084400794028,2026-03-17,23150.0,0.25099932126180624,0.2532207013430815,0.25211001130244387,0.01588143792704642,0.028304422845728178,0.495677397110676,0.6556667630222187,-0.7128209032750832,1.4963719631566081,True,False
2026-03-17,23465.25,23571.5,2026-03-16,23442.25,0.0009811344900767516,0.17838098537998315,2026-03-17,23450.0,0.2949275719540766,0.34179618862218264,0.3183618802881296,0.020054913384888268,0.04892239977541134,0.49281737932354314,0.657350885814256,-0.6752785903654517,1.78472991171095,True,False
2026-03-18,23634.3,23792.25,2026-03-17,23571.5,0.0026642343508049837,0.17613880735640827,2026-03-24,23550.0,0.20670010802039035,0.19345260398458453,0.20007635600248744,0.01260362574301445,0.2113863427182161,0.48808018277045134,0.6595415073570794,-0.4195245287305802,1.135901616488425,True,False
2026-03-19,23209.1,22992.8,2026-03-18,23792.25,-0.024510082064537864,0.18187169418152224,2026-03-24,23800.0,0.17586899732601974,0.17816717236728496,0.17701808484665235,0.011151091192027939,2.1979985314854606,0.4811377581482969,0.6602364004051853,2.6003727941742243,0.9733130031217194,True,False
2026-03-20,23130.6,23098.75,2026-03-19,22992.8,0.005993180473887527,0.207474622479799,2026-03-24,23000.0,0.24723825557240625,0.23314628540526994,0.2401922704888381,0.015130690822700577,0.3960943055485582,0.5053808320498365,0.6957787077549568,-0.15707081185900199,1.1576946983587098,True,False
2026-03-23,22837.2,22537.95,2026-03-20,23098.75,-0.011323123545646352,0.20881215878852988,2026-03-24,23100.0,0.24589894757099556,0.2441913944669083,0.24504517101895193,0.015436394821272355,0.733534201265852,0.5092024855543145,0.6945160434425246,0.32300436804827004,1.1735196477093859,True,False
2026-03-24,22854.05,22915.8,2026-03-23,22537.95,0.014025232995902304,0.21761572820493488,2026-03-24,22550.0,0.4159607006131242,0.42820096949827313,0.42208083505569866,0.026588593398186953,0.5274905966578386,0.520719453840057,0.6923721156823629,0.009779629572615465,1.9395695271539068,True,False
2026-03-25,23067.75,23301.45,2026-03-24,22915.8,0.006630796219202484,0.22903628855546315,2026-03-30,22900.0,0.2791434760919791,0.27095703369421553,0.2750502548930973,0.01732653744028719,0.38269597962399216,0.5274248754347711,0.6904218146642748,-0.20962387447325226,1.2009025147405472,True,False
2026-03-27,23169.2,22827.35,2026-03-25,23301.45,-0.005675612461885415,0.24120475974114503,2026-03-30,23300.0,0.2596509982750844,0.2510679656880259,0.25535948198155517,0.01608613533917796,0.352826352769916,0.5301565287030431,0.6895036545187502,-0.25718525894818856,1.0586834283684976,True,False
2026-03-30,22574.7,22300.55,2026-03-27,22827.35,-0.011067863768680852,0.24630207245815625,2026-03-30,22850.0,0.26105947281548847,0.2582788405042462,0.25966915665986734,0.016357619325616204,0.6766182503922475,0.5359027848201231,0.6865088875921207,0.20497253293496834,1.0542710991763256,True,False
2026-04-01,22878.9,22679.85,2026-03-30,22300.55,0.025934337942337793,0.25288624224336465,2026-04-07,22300.0,0.3131910820805077,0.2932352461182971,0.3032131640994024,0.019100633963048497,1.3577736735078831,0.5414536742797423,0.6862737871288616,1.1894961086060838,1.1990101217432214,True,False
2026-04-02,22370.65,22746.25,2026-04-01,22679.85,-0.013633247133468585,0.26518467538362767,2026-04-07,22700.0,0.28495704456738646,0.24508959938404046,0.26502332197571343,0.016694900037617547,0.8166114863071755,0.5578259922641735,0.6939211084648231,0.3729321545146808,0.9993915432417774,True,False
2026-04-06,22785.85,22972.65,2026-04-02,22746.25,0.0017409463098312372,0.26483535199514413,2026-04-07,22750.0,0.2456456878020985,0.2689647454890045,0.2573052166455515,0.016208705101993487,0.10740810563683588,0.5698006261907744,0.6920506615299308,-0.6681483686927164,0.9715667289398332,True,False
2026-04-07,22834.8,23118.45,2026-04-06,22972.65,-0.00600061377333494,0.26585032770611,2026-04-07,22950.0,0.383518273129171,0.3666152601859679,0.37506676665756944,0.023626985467167173,0.2539728896720061,0.5696044458139934,0.6921822233442796,-0.45599488905827845,1.4108192752434563,True,False
2026-04-08,23836.9,24003.55,2026-04-07,23118.45,0.031076910433009086,0.2616652881794837,2026-04-13,23100.0,0.27358593830985667,0.2860552571269721,0.2798205977184144,0.017627040792294577,1.7630248207398451,0.5665703680284196,0.6931759758122586,1.7260472007983667,1.0693837140770366,True,False
2026-04-09,23908.65,23783.15,2026-04-08,24003.55,-0.003953581866015576,0.29746055841241303,2026-04-13,24000.0,0.19574324680438482,0.1850051012946799,0.19037417404953236,0.011992445728199734,0.32967269192796045,0.5920780381619021,0.7086629570124502,-0.3702822951832821,0.6399980389520712,True,False
2026-04-10,23874.65,24066.2,2026-04-09,23783.15,0.003847261611687358,0.2928091438095168,2026-04-13,23800.0,0.21165937601490703,0.17772887412434202,0.19469412506962452,0.012264577063322202,0.3136888937811623,0.5920376550350966,0.7086780920738913,-0.3927717878781441,0.6649181871051141,True,False
2026-04-13,23619.05,23838.05,2026-04-10,24066.2,-0.01858000016620831,0.29399829379246956,2026-04-13,24050.0,0.1625349320858846,0.1606410026756801,0.16158796738078235,0.010179085155951602,1.8253113989664174,0.5953088877728469,0.706900886016922,1.7399928837606893,0.5496221263612016,True,False
2026-04-15,24166.1,24240.75,2026-04-13,23838.05,0.013761612212408236,0.2903463633627578,2026-04-21,23850.0,0.21624754575980587,0.2070220993873108,0.21163482257355834,0.013331740697402715,1.032244215122581,0.6238190854987719,0.7215329002440581,0.5660519838882739,0.7289046782691831,True,False
2026-04-16,24380.25,24190.6,2026-04-15,24240.75,0.005754772438971489,0.29437029799871106,2026-04-21,24250.0,0.1730455860290961,0.18307528823479757,0.17806043713194683,0.011216753214061487,0.5130515336431957,0.6329613908767768,0.7232007283623217,-0.16580439223991852,0.6048858812947443,True,False
2026-04-17,24173.6,24355.6,2026-04-16,24190.6,-0.0007027523087480558,0.2806598854116505,2026-04-21,24200.0,0.15898680112852692,0.1699502748354339,0.1644685379819804,0.010360544047492884,0.06782967241166382,0.6310597012776518,0.7233662593726828,-0.7786235832376698,0.5860065742589131,True,False
2026-04-20,24391.5,24391.15,2026-04-17,24355.6,0.0014739936605956405,0.278283103810896,2026-04-21,24350.0,0.15580462542957807,0.1552647108092512,0.15553466811941463,0.009797763145069934,0.15044185481635455,0.6285426288000598,0.7250856217134352,-0.6593714723702768,0.5589080543858904,True,False
2026-04-21,24369.85,24571.4,2026-04-20,24391.15,-0.0008732675581103466,0.27798756734061364,2026-04-21,24400.0,0.23925624287421887,0.2761164435117025,0.2576863431929607,0.016232713817767044,0.05379676916096045,0.6247285715558426,0.7270182740462235,-0.7853059858005474,0.9269707478580214,True,False
2026-04-22,24463.75,24376.6,2026-04-21,24571.4,-0.0043811097454764525,0.2773676954708539,2026-04-28,24550.0,0.18461930473295274,0.1740101858912333,0.17931474531209302,0.01129576720244484,0.3878541109211432,0.6242361045157718,0.7274011185797546,-0.32496787199910104,0.6464874902165224,True,False
2026-04-23,24208.15,24176.75,2026-04-22,24376.6,-0.006910315630563657,0.2473006416598592,2026-04-28,24400.0,0.17319676850438237,0.18373609119012352,0.17846642984725294,0.011242328351175864,0.6146694363219599,0.6214150323939946,0.7279938187743554,-0.0092660073452156,0.7216577710813957,True,False
2026-04-24,24109.55,23884.05,2026-04-23,24176.75,-0.002779529920274637,0.25038345424717545,2026-04-28,24200.0,0.15861174600991457,0.17246689065588827,0.16553931833290142,0.010427996869333633,0.26654495154755964,0.6158976561082941,0.7267477530230263,-0.48070696208903935,0.661143200658471,True,False
2026-04-27,23965.35,24092.0,2026-04-24,23884.05,0.0034039453107825857,0.23652605503271637,2026-04-28,23900.0,0.18295165508720584,0.16157626361113597,0.1722639593491709,0.010851609435648722,0.313681148493997,0.616251045941928,0.7265696450200486,-0.4164361937245288,0.7283085972297779,True,False
2026-04-28,24044.9,23976.6,2026-04-27,24092.0,-0.001955005811057564,0.23199662829936263,2026-04-28,24100.0,0.20527497481153906,0.1643934489069973,0.18483421185926818,0.011643460913244027,0.1679059023450505,0.6181958708538031,0.7255838871370254,-0.6205898125514963,0.7967107677994473,True,False
2026-04-29,24103.0,24182.9,2026-04-28,23976.6,0.005271806678178059,0.2270580215962489,2026-05-05,24000.0,0.16802977132353986,0.15399475033275423,0.16101226082814704,0.01014281905198914,0.5197575399064414,0.6156755347980555,0.7269017586951084,-0.13195455058989058,0.7091238604838043,True,False
2026-04-30,24005.7,23971.45,2026-04-29,24182.9,-0.007327491740031222,0.21288284053832293,2026-05-05,24200.0,0.16159705359548526,0.14536048406346058,0.15347876882947292,0.009668253663122791,0.7578919622247979,0.6228854723695569,0.72370911141801,0.18654800350753367,0.7209541569502115,True,False
2026-05-04,24096.2,24109.7,2026-04-30,23971.45,0.005204107386078016,0.1949428967580874,2026-05-05,23950.0,0.18762568212071745,0.1463424816192357,0.16698408186997657,0.010519008417485893,0.49473364594206015,0.6253292625281265,0.7239167381064031,-0.18040143252893132,0.8565794632527387,True,False
2026-05-05,24049.55,24026.85,2026-05-04,24109.7,-0.00249484647258158,0.1887418634390845,2026-05-05,24100.0,0.2608253693117327,0.17484293299224957,0.21783415115199115,0.013722261690595781,0.1818101511860368,0.6333368675486751,0.7196879578459222,-0.6273923461413613,1.1541379701504115,True,False
2026-05-06,24179.6,24328.05,2026-05-05,24026.85,0.00635747091274963,0.19017783813662562,2026-05-12,24050.0,0.1734987159167123,0.14277594509542518,0.15813733050606874,0.009961715464635378,0.6381903734671996,0.631879714199817,0.7205256628715272,0.00875841013383562,0.8315234417191205,True,False
2026-05-07,24398.5,24308.7,2026-05-06,24328.05,0.002895834232501171,0.1916795646383536,2026-05-12,24350.0,0.19426360650088065,0.11948292324081386,0.15687326487084724,0.009882086814357783,0.2930387363419824,0.5741640082607204,0.5583682916165943,-0.5034764261144216,0.8184141338531511,True,False
2026-05-08,24237.2,24185.3,2026-05-07,24308.7,-0.002941333761163678,0.19167197940752068,2026-05-12,24300.0,0.16157897643881142,0.1412908570893187,0.15143491676406506,0.009539503084987674,0.3083319681286605,0.5733990389650414,0.5587273418372205,-0.47441220607672624,0.7900733181353224,True,False
2026-05-11,23975.8,23811.85,2026-05-08,24185.3,-0.008662286595576663,0.13914680649698902,2026-05-12,24200.0,0.16401151330529734,0.1254457623258216,0.14472863781555947,0.009117047220216876,0.9501197467057327,0.576002015602549,0.5570930059214244,0.6715534518054089,1.0401146922383104,True,False
2026-05-12,23722.6,23362.15,2026-05-11,23811.85,-0.00374813380732697,0.14645367032393733,2026-05-12,23800.0,0.2508999849216659,0.16990235880949683,0.21040117186558135,0.013254028007449717,0.2827920542509982,0.5885914084136431,0.5568663920475836,-0.5491431311525705,1.4366398015167534,True,False
2026-05-13,23365.8,23414.15,2026-05-12,23362.15,0.00015623562043720618,0.1541241246929124,2026-05-19,23350.0,0.2075187558063734,0.16581567324917518,0.1866672145277743,0.01175892922784843,0.013286551641725725,0.5704879876049865,0.5486613353147809,-1.0155653407644996,1.2111485784571558,True,False
2026-05-14,23531.45,23683.05,2026-05-13,23414.15,0.005009791087867699,0.15160413429152228,2026-05-19,23400.0,0.20971215519049974,0.16280705014732466,0.1862596026689122,0.011733252094277244,0.4269737876262938,0.567364617671675,0.5513291032797392,-0.2546407022778702,1.2285918424279267,True,False
2026-05-15,23744.05,23650.85,2026-05-14,23683.05,0.0025756817639619456,0.14424384824799816,2026-05-19,23700.0,0.15824527661057036,0.15517354849855924,0.1567094125545648,0.00987176508862861,0.26091400482461846,0.5681179877770045,0.55110203588277,-0.5574357613473492,1.086420075850546,True,False
2026-05-18,23482.2,23643.9,2026-05-15,23650.85,-0.00713082193663217,0.14420418278188618,2026-05-19,23650.0,0.14758598637528947,0.17012504188285887,0.15885551412907417,0.010006956780400896,0.7125864629093059,0.5658494297499806,0.552097500131854,0.2657810135425011,1.101601292448976,True,False
2026-05-19,23692.2,23618.45,2026-05-18,23643.9,0.0020428101962874923,0.1412089830471176,2026-05-19,23650.0,0.2071019430405709,0.22913105430910763,0.21811649867483926,0.013740047912708907,0.14867562393272207,0.55137781462394,0.5361912055695985,-0.7510421403936035,1.544636141186993,True,False
2026-05-20,23459.55,23668.9,2026-05-19,23618.45,-0.006727791197136179,0.14080368799314935,2026-05-26,23600.0,0.16808298121970533,0.17340930073122396,0.17074614097546464,0.010755995865358452,0.6254921702605145,0.548376501679461,0.537959530391974,0.14334845694594295,1.2126538971320986,True,False
2026-05-21,23826.95,23661.15,2026-05-20,23668.9,0.006677538880133893,0.13756684970606592,2026-05-26,23650.0,0.16805925636387847,0.16855485207460147,0.16830705421923997,0.010602347841951746,0.6298169971100147,0.5553140592769205,0.5361929757803844,0.13894799297708332,1.223456483730314,True,False
2026-05-22,23671.2,,2026-05-21,23661.15,0.0004247468952269795,0.13573431630743318,2026-05-26,23650.0,0.14267946134548032,0.16773247861201362,0.15520596997874697,0.00977705710848384,0.04344322535033718,0.5623903327448061,0.5342929172455291,-0.9712782832118133,1.1434541698888527,True,False
2026-05-27,23896.35,23899.35,2026-05-22,,,0.133431110087844,2026-05-26,,,,,,,,,,,False,False
2026-06-03,,,2026-05-27,23899.35,,0.13225665112395693,2026-06-02,23900.0,0.13925322205993607,0.11363675800140965,0.12644499003067286,0.007965285670266711,,,,,0.9560577026267124,False,False
2026-06-04,23287.7,23411.2,2026-06-03,,,0.12826207243084362,2026-06-09,,,,,,,,,,,False,False
2026-06-05,23483.35,23358.35,2026-06-04,23411.2,0.0030818582558773677,0.14616579498238869,2026-06-09,23400.0,,,,,,,,,,False,False
2026-06-08,23088.85,23131.05,2026-06-05,23358.35,-0.011537630012393829,0.1415625977231542,2026-06-09,23350.0,,,,,,,,,,False,False
2026-06-09,23227.5,23249.75,2026-06-08,23131.05,0.004169719921923054,0.14225622618793698,2026-06-09,23150.0,,,,,,,,,,False,False
2026-06-10,23235.3,23222.1,2026-06-09,23249.75,-0.0006215120592695245,0.1418283002817606,2026-07-07,23250.0,0.17189881686146014,0.1436389791417736,0.15776889800161686,0.009938506398404608,0.06253576084322827,0.5588168172412312,0.5370740563773552,-0.9240458564420201,1.1123936315121041,True,False
2026-06-11,23101.35,23150.3,2026-06-10,23222.1,-0.0051997881328561535,0.1417036832277835,2026-07-07,23200.0,0.16114114014502318,0.1364580611884308,0.14879960066672698,0.009373493774997153,0.5547331931585704,0.5518395624084182,0.5408061947540813,0.005350587286574912,1.0500757445206068,True,False
2026-06-12,23420.7,23612.4,2026-06-11,23150.3,0.011680194209146455,0.13141798630285623,2026-07-07,23150.0,0.1581080454219747,0.13391040264722798,0.14600922403460134,0.00919771656945405,1.2699015153322732,0.5521837311752885,0.5408012738430473,1.3271377470262442,1.1110292292724622,True,False
2026-06-15,23991.7,23842.95,2026-06-12,23612.4,0.016063593705002432,0.153647163569158,2026-07-07,23600.0,0.15656753717372818,0.12025464469008906,0.13841109093190862,0.008719079173785178,1.8423497923151453,0.5690013949912054,0.5472390431618341,2.3268595565966854,0.9008372671299494,True,False
2026-06-16,23925.6,23985.8,2026-06-15,23842.95,0.003466433474045738,0.1579180525804353,2026-07-07,23850.0,0.15213299914191908,0.11163525266897806,0.13188412590544857,0.008307919024355907,0.41724449454591095,0.5923294152596875,0.571076414777119,-0.30658755322982323,0.8351428082503336,True,False
2026-06-17,24045.45,24087.7,2026-06-16,23985.8,0.0024868880754447265,0.14941739604292406,2026-07-07,24000.0,0.13104120255241303,0.11355394983405495,0.12229757619323399,0.00770402315603025,0.3228038162759335,0.5932678222609379,0.570735904453891,-0.47388644007563885,0.818496235592948,True,False
2026-06-18,24073.2,24177.3,2026-06-17,24087.7,-0.0006019669789976145,0.131264177077997,2026-07-07,24100.0,0.12623015965364887,0.11360904853963275,0.1199196040966408,0.0075542249943103355,0.07968613318388079,0.5959186636608724,0.5690741119581635,-0.9071446400902936,0.9135744935603012,True,False
2026-06-19,23972.75,24033.55,2026-06-18,24177.3,-0.008460415348281236,0.1314711994481084,2026-07-07,24200.0,0.12343311038484817,0.10019144304525385,0.111812276715051,0.007043511374094358,1.2011644333248572,0.5556937121656508,0.5154671365608182,1.2522053791164425,0.8504697392616642,True,False
2026-06-22,24110.15,24103.55,2026-06-19,24033.55,0.003187211210994745,0.12868519148869562,2026-07-07,24050.0,0.1343937686504394,0.10307687744048957,0.11873532304546448,0.00747962230040989,0.4261192722017638,0.5509832586442936,0.5080806545626685,-0.2457562304748776,0.9226805483356243,True,False
2026-06-23,24074.15,23836.7,2026-06-22,24103.55,-0.001219737341594862,0.12864274705536338,2026-07-07,24100.0,0.12934048253277736,0.10177549055660728,0.11555798654469232,0.0072794689143953345,0.1675585617493057,0.5519205008764566,0.5077927105530521,-0.7569268544807012,0.8982860611252352,True,False
2026-06-24,23798.3,24021.5,2026-06-23,23836.7,-0.0016109612488306446,0.13555985479582422,2026-07-07,23850.0,0.14572409511131806,0.10692027008864718,0.12632218259998262,0.0079575495292963,0.20244438855199995,0.5475568834439832,0.5099838341827687,-0.6767126166754167,0.9318553991537165,True,False
2026-06-25,24130.6,24069.4,2026-06-24,24021.5,0.004541764669150572,0.13785265811044523,2026-07-07,24000.0,0.13537506160883406,0.11396170336105066,0.12466838248494236,0.007853369914472335,0.5783204813491497,0.5216860493625719,0.486542466359533,0.11640182697788913,0.9043596561269073,True,False
2026-06-29,24061.1,23933.45,2026-06-25,24069.4,-0.0003448361820403978,0.13783644995838695,2026-07-07,24050.0,0.12657658083390516,0.0979544265983412,0.11226550371612318,0.00707206199152999,0.048760344925341204,0.5241220678002804,0.48645251836911557,-0.9772006617801887,0.8144834240145935,True,False
2026-06-30,24031.6,23866.9,2026-06-29,23933.45,0.004100954939634693,0.13973311802177277,2026-07-07,23950.0,0.14507630052576098,0.11827877726823166,0.13167753889699632,0.008294905266059206,0.4943944274342509,0.5248363648142146,0.48570957640201345,-0.06267518463495855,0.9423502514019528,True,False
2026-07-01,23908.55,24007.8,2026-06-30,23866.9,0.0017450946708621462,0.14024156068916616,2026-07-07,23850.0,0.15790575656465555,0.09543573753627152,0.12667074705046355,0.00797950702576893,0.21869705299168946,0.5242430803093113,0.48572491309512317,-0.6290515867729117,0.9032325826095077,True,False
2026-07-02,24072.85,24172.15,2026-07-01,24007.8,0.002709536067444729,0.1372085447400117,2026-07-07,24000.0,0.12745739821492696,0.11236247790010423,0.1199099380575156,0.007553616091079661,0.3587071456602776,0.5177653934733286,0.48718710769694484,-0.3264828754704924,0.8739247128138105,True,False
