cell_id,expiry,entry_date,entry_offset,trigger,adjustment,lot,net_pnl,adjustments
ID30_02_RISK_60_ONE_STRIKE_INSIDE,2021-07-08,2021-07-06,-2,RISK_60,ONE_STRIKE_INSIDE,50,-5575.044519295,2
ID30_02_RISK_60_ONE_STRIKE_INSIDE,2021-07-15,2021-07-13,-2,RISK_60,ONE_STRIKE_INSIDE,50,1776.902202449999,2
ID30_02_RISK_60_ONE_STRIKE_INSIDE,2021-07-22,2021-07-19,-2,RISK_60,ONE_STRIKE_INSIDE,50,1088.2002498899974,2
ID30_02_RISK_60_ONE_STRIKE_INSIDE,2021-07-29,2021-07-27,-2,RISK_60,ONE_STRIKE_INSIDE,50,-1699.79592631,2
ID30_02_RISK_60_ONE_STRIKE_INSIDE,2021-08-05,2021-08-03,-2,RISK_60,ONE_STRIKE_INSIDE,50,-831.6579826799982,2
ID30_02_RISK_60_ONE_STRIKE_INSIDE,2021-08-12,2021-08-10,-2,RISK_60,ONE_STRIKE_INSIDE,50,3358.0892536,2
ID30_02_RISK_60_ONE_STRIKE_INSIDE,2021-08-18,2021-08-16,-2,RISK_60,ONE_STRIKE_INSIDE,50,3599.48932377,2
ID30_02_RISK_60_ONE_STRIKE_INSIDE,2021-08-26,2021-08-24,-2,RISK_60,ONE_STRIKE_INSIDE,50,3511.615129929998,2
ID30_02_RISK_60_ONE_STRIKE_INSIDE,2021-09-02,2021-08-31,-2,RISK_60,ONE_STRIKE_INSIDE,50,-1320.51204886,2
ID30_02_RISK_60_ONE_STRIKE_INSIDE,2021-09-09,2021-09-07,-2,RISK_60,ONE_STRIKE_INSIDE,50,2074.458100424999,2
ID30_02_RISK_60_ONE_STRIKE_INSIDE,2021-09-16,2021-09-14,-2,RISK_60,ONE_STRIKE_INSIDE,50,2172.9821008599974,2
ID30_02_RISK_60_ONE_STRIKE_INSIDE,2021-09-23,2021-09-21,-2,RISK_60,ONE_STRIKE_INSIDE,50,-776.4980860049991,2
ID30_02_RISK_60_ONE_STRIKE_INSIDE,2021-09-30,2021-09-28,-2,RISK_60,ONE_STRIKE_INSIDE,50,-5785.041593660002,2
ID30_02_RISK_60_ONE_STRIKE_INSIDE,2021-10-07,2021-10-05,-2,RISK_60,ONE_STRIKE_INSIDE,50,3423.189857985,2
ID30_02_RISK_60_ONE_STRIKE_INSIDE,2021-10-14,2021-10-12,-2,RISK_60,ONE_STRIKE_INSIDE,50,-582.1636595399991,2
ID30_02_RISK_60_ONE_STRIKE_INSIDE,2021-10-21,2021-10-19,-2,RISK_60,ONE_STRIKE_INSIDE,50,-5525.2579811049945,2
ID30_02_RISK_60_ONE_STRIKE_INSIDE,2021-10-28,2021-10-26,-2,RISK_60,ONE_STRIKE_INSIDE,50,-6092.965772075,2
ID30_02_RISK_60_ONE_STRIKE_INSIDE,2021-11-11,2021-11-09,-2,RISK_60,ONE_STRIKE_INSIDE,50,-5670.034289449998,2
ID30_02_RISK_60_ONE_STRIKE_INSIDE,2021-11-18,2021-11-16,-2,RISK_60,ONE_STRIKE_INSIDE,50,-5733.946413610002,2
ID30_02_RISK_60_ONE_STRIKE_INSIDE,2021-11-25,2021-11-23,-2,RISK_60,ONE_STRIKE_INSIDE,50,2886.638071434998,2
ID30_02_RISK_60_ONE_STRIKE_INSIDE,2021-12-02,2021-11-30,-2,RISK_60,ONE_STRIKE_INSIDE,50,2968.402567394998,2
ID30_02_RISK_60_ONE_STRIKE_INSIDE,2021-12-09,2021-12-07,-2,RISK_60,ONE_STRIKE_INSIDE,50,-169.71797885499632,2
ID30_02_RISK_60_ONE_STRIKE_INSIDE,2021-12-16,2021-12-14,-2,RISK_60,ONE_STRIKE_INSIDE,50,-3520.371923359998,2
ID30_02_RISK_60_ONE_STRIKE_INSIDE,2021-12-23,2021-12-21,-2,RISK_60,ONE_STRIKE_INSIDE,50,-402.8412136300005,2
ID30_02_RISK_60_ONE_STRIKE_INSIDE,2021-12-30,2021-12-28,-2,RISK_60,ONE_STRIKE_INSIDE,50,3029.25917774,2
ID30_02_RISK_60_ONE_STRIKE_INSIDE,2022-01-06,2022-01-04,-2,RISK_60,ONE_STRIKE_INSIDE,50,4284.214865435,2
ID30_02_RISK_60_ONE_STRIKE_INSIDE,2022-01-13,2022-01-11,-2,RISK_60,ONE_STRIKE_INSIDE,50,2784.1024669149965,2
ID30_02_RISK_60_ONE_STRIKE_INSIDE,2022-01-20,2022-01-18,-2,RISK_60,ONE_STRIKE_INSIDE,50,-5793.37485306,2
ID30_02_RISK_60_ONE_STRIKE_INSIDE,2022-01-27,2022-01-24,-2,RISK_60,ONE_STRIKE_INSIDE,50,-5036.079907774996,2
ID30_02_RISK_60_ONE_STRIKE_INSIDE,2022-02-03,2022-02-01,-2,RISK_60,ONE_STRIKE_INSIDE,50,5361.879151920004,2
ID30_02_RISK_60_ONE_STRIKE_INSIDE,2022-02-10,2022-02-08,-2,RISK_60,ONE_STRIKE_INSIDE,50,-385.93696650999823,2
ID30_02_RISK_60_ONE_STRIKE_INSIDE,2022-02-17,2022-02-15,-2,RISK_60,ONE_STRIKE_INSIDE,50,-121.77857319000094,2
ID30_02_RISK_60_ONE_STRIKE_INSIDE,2022-02-24,2022-02-22,-2,RISK_60,ONE_STRIKE_INSIDE,50,-5058.58060154,2
ID30_02_RISK_60_ONE_STRIKE_INSIDE,2022-03-03,2022-02-28,-2,RISK_60,ONE_STRIKE_INSIDE,50,4575.978449750008,2
ID30_02_RISK_60_ONE_STRIKE_INSIDE,2022-03-10,2022-03-08,-2,RISK_60,ONE_STRIKE_INSIDE,50,436.18572620000367,2
ID30_02_RISK_60_ONE_STRIKE_INSIDE,2022-03-17,2022-03-15,-2,RISK_60,ONE_STRIKE_INSIDE,50,320.3092947900009,2
ID30_02_RISK_60_ONE_STRIKE_INSIDE,2022-03-24,2022-03-22,-2,RISK_60,ONE_STRIKE_INSIDE,50,2631.13896511,2
ID30_02_RISK_60_ONE_STRIKE_INSIDE,2022-03-31,2022-03-29,-2,RISK_60,ONE_STRIKE_INSIDE,50,3191.503424569999,2
ID30_02_RISK_60_ONE_STRIKE_INSIDE,2022-04-07,2022-04-05,-2,RISK_60,ONE_STRIKE_INSIDE,50,-5658.008101204999,2
ID30_02_RISK_60_ONE_STRIKE_INSIDE,2022-04-13,2022-04-11,-2,RISK_60,ONE_STRIKE_INSIDE,50,-5117.4181543,2
ID30_02_RISK_60_ONE_STRIKE_INSIDE,2022-04-21,2022-04-19,-2,RISK_60,ONE_STRIKE_INSIDE,50,1875.425544465,2
ID30_02_RISK_60_ONE_STRIKE_INSIDE,2022-04-28,2022-04-26,-2,RISK_60,ONE_STRIKE_INSIDE,50,4005.628774685,2
ID30_02_RISK_60_ONE_STRIKE_INSIDE,2022-05-05,2022-05-02,-2,RISK_60,ONE_STRIKE_INSIDE,50,-4877.865197290001,2
ID30_02_RISK_60_ONE_STRIKE_INSIDE,2022-05-12,2022-05-10,-2,RISK_60,ONE_STRIKE_INSIDE,50,-4758.289891889996,2
ID30_02_RISK_60_ONE_STRIKE_INSIDE,2022-05-19,2022-05-17,-2,RISK_60,ONE_STRIKE_INSIDE,50,-4362.714614249998,2
ID30_02_RISK_60_ONE_STRIKE_INSIDE,2022-05-26,2022-05-24,-2,RISK_60,ONE_STRIKE_INSIDE,50,2721.3502720849992,2
ID30_02_RISK_60_ONE_STRIKE_INSIDE,2022-06-02,2022-05-31,-2,RISK_60,ONE_STRIKE_INSIDE,50,4592.97430761,2
ID30_02_RISK_60_ONE_STRIKE_INSIDE,2022-06-09,2022-06-07,-2,RISK_60,ONE_STRIKE_INSIDE,50,3036.357506034999,2
ID30_02_RISK_60_ONE_STRIKE_INSIDE,2022-06-16,2022-06-14,-2,RISK_60,ONE_STRIKE_INSIDE,50,-5245.981382150002,2
ID30_02_RISK_60_ONE_STRIKE_INSIDE,2022-06-23,2022-06-21,-2,RISK_60,ONE_STRIKE_INSIDE,50,4342.913633605,2
ID30_02_RISK_60_ONE_STRIKE_INSIDE,2022-06-30,2022-06-28,-2,RISK_60,ONE_STRIKE_INSIDE,50,3803.5758981,2
ID30_02_RISK_60_ONE_STRIKE_INSIDE,2022-07-07,2022-07-05,-2,RISK_60,ONE_STRIKE_INSIDE,50,963.259551595,2
ID30_02_RISK_60_ONE_STRIKE_INSIDE,2022-07-14,2022-07-12,-2,RISK_60,ONE_STRIKE_INSIDE,50,-5068.334092064996,2
ID30_02_RISK_60_ONE_STRIKE_INSIDE,2022-07-21,2022-07-19,-2,RISK_60,ONE_STRIKE_INSIDE,50,-709.4999089650019,2
ID30_02_RISK_60_ONE_STRIKE_INSIDE,2022-07-28,2022-07-26,-2,RISK_60,ONE_STRIKE_INSIDE,50,-513.008298745,2
ID30_02_RISK_60_ONE_STRIKE_INSIDE,2022-08-04,2022-08-02,-2,RISK_60,ONE_STRIKE_INSIDE,50,4183.639912779999,2
ID30_02_RISK_60_ONE_STRIKE_INSIDE,2022-08-11,2022-08-08,-2,RISK_60,ONE_STRIKE_INSIDE,50,-29.925980285000037,2
ID30_02_RISK_60_ONE_STRIKE_INSIDE,2022-08-18,2022-08-16,-2,RISK_60,ONE_STRIKE_INSIDE,50,3502.5136623199983,2
ID30_02_RISK_60_ONE_STRIKE_INSIDE,2022-08-25,2022-08-23,-2,RISK_60,ONE_STRIKE_INSIDE,50,3534.5407692,2
ID30_02_RISK_60_ONE_STRIKE_INSIDE,2022-09-01,2022-08-29,-2,RISK_60,ONE_STRIKE_INSIDE,50,288.4554685400001,2
ID30_02_RISK_60_ONE_STRIKE_INSIDE,2022-09-08,2022-09-06,-2,RISK_60,ONE_STRIKE_INSIDE,50,4533.40642515,2
ID30_02_RISK_60_ONE_STRIKE_INSIDE,2022-09-15,2022-09-13,-2,RISK_60,ONE_STRIKE_INSIDE,50,-4818.445388304998,2
ID30_02_RISK_60_ONE_STRIKE_INSIDE,2022-09-22,2022-09-20,-2,RISK_60,ONE_STRIKE_INSIDE,50,-4710.97992921,2
ID30_02_RISK_60_ONE_STRIKE_INSIDE,2022-09-29,2022-09-27,-2,RISK_60,ONE_STRIKE_INSIDE,50,-5307.420280995,2
ID30_02_RISK_60_ONE_STRIKE_INSIDE,2022-10-06,2022-10-03,-2,RISK_60,ONE_STRIKE_INSIDE,50,215.38212193500004,2
ID30_02_RISK_60_ONE_STRIKE_INSIDE,2022-10-13,2022-10-11,-2,RISK_60,ONE_STRIKE_INSIDE,50,-4959.2811244549985,2
ID30_02_RISK_60_ONE_STRIKE_INSIDE,2022-10-20,2022-10-18,-2,RISK_60,ONE_STRIKE_INSIDE,50,3126.920706179999,2
ID30_02_RISK_60_ONE_STRIKE_INSIDE,2022-11-03,2022-11-01,-2,RISK_60,ONE_STRIKE_INSIDE,50,-392.78631525000003,2
ID30_02_RISK_60_ONE_STRIKE_INSIDE,2022-11-10,2022-11-07,-2,RISK_60,ONE_STRIKE_INSIDE,50,-5733.690133339998,2
ID30_02_RISK_60_ONE_STRIKE_INSIDE,2022-11-17,2022-11-15,-2,RISK_60,ONE_STRIKE_INSIDE,50,2873.078816965,2
ID30_02_RISK_60_ONE_STRIKE_INSIDE,2022-11-24,2022-11-22,-2,RISK_60,ONE_STRIKE_INSIDE,50,-1487.03812951,2
ID30_02_RISK_60_ONE_STRIKE_INSIDE,2022-12-01,2022-11-29,-2,RISK_60,ONE_STRIKE_INSIDE,50,-572.1658629500018,2
ID30_02_RISK_60_ONE_STRIKE_INSIDE,2022-12-08,2022-12-06,-2,RISK_60,ONE_STRIKE_INSIDE,50,2414.557452739998,2
ID30_02_RISK_60_ONE_STRIKE_INSIDE,2022-12-15,2022-12-13,-2,RISK_60,ONE_STRIKE_INSIDE,50,-3916.029548675,2
ID30_02_RISK_60_ONE_STRIKE_INSIDE,2022-12-22,2022-12-20,-2,RISK_60,ONE_STRIKE_INSIDE,50,-5448.242087045,2
ID30_02_RISK_60_ONE_STRIKE_INSIDE,2022-12-29,2022-12-27,-2,RISK_60,ONE_STRIKE_INSIDE,50,4139.680242385,2
ID30_02_RISK_60_ONE_STRIKE_INSIDE,2023-01-05,2023-01-03,-2,RISK_60,ONE_STRIKE_INSIDE,50,-5814.97724904,2
ID30_02_RISK_60_ONE_STRIKE_INSIDE,2023-01-12,2023-01-10,-2,RISK_60,ONE_STRIKE_INSIDE,50,-5457.589881165,2
ID30_02_RISK_60_ONE_STRIKE_INSIDE,2023-01-19,2023-01-17,-2,RISK_60,ONE_STRIKE_INSIDE,50,3074.963054134999,2
ID30_02_RISK_60_ONE_STRIKE_INSIDE,2023-01-25,2023-01-23,-2,RISK_60,ONE_STRIKE_INSIDE,50,-6459.083465290004,2
ID30_02_RISK_60_ONE_STRIKE_INSIDE,2023-02-02,2023-01-31,-2,RISK_60,ONE_STRIKE_INSIDE,50,1504.50018521,2
ID30_02_RISK_60_ONE_STRIKE_INSIDE,2023-02-09,2023-02-07,-2,RISK_60,ONE_STRIKE_INSIDE,50,4355.24921466,2
ID30_02_RISK_60_ONE_STRIKE_INSIDE,2023-02-16,2023-02-14,-2,RISK_60,ONE_STRIKE_INSIDE,50,-1213.6308728899999,2
ID30_02_RISK_60_ONE_STRIKE_INSIDE,2023-02-23,2023-02-21,-2,RISK_60,ONE_STRIKE_INSIDE,50,-5799.072244515,2
ID30_02_RISK_60_ONE_STRIKE_INSIDE,2023-03-02,2023-02-28,-2,RISK_60,ONE_STRIKE_INSIDE,50,-2549.9447146300017,2
ID30_02_RISK_60_ONE_STRIKE_INSIDE,2023-03-09,2023-03-06,-2,RISK_60,ONE_STRIKE_INSIDE,50,-6138.212195094999,2
ID30_02_RISK_60_ONE_STRIKE_INSIDE,2023-03-16,2023-03-14,-2,RISK_60,ONE_STRIKE_INSIDE,50,-5627.088475990002,2
ID30_02_RISK_60_ONE_STRIKE_INSIDE,2023-03-23,2023-03-21,-2,RISK_60,ONE_STRIKE_INSIDE,50,3814.176568494999,2
ID30_02_RISK_60_ONE_STRIKE_INSIDE,2023-03-29,2023-03-27,-2,RISK_60,ONE_STRIKE_INSIDE,50,2840.300117294997,2
ID30_02_RISK_60_ONE_STRIKE_INSIDE,2023-04-06,2023-04-03,-2,RISK_60,ONE_STRIKE_INSIDE,50,-399.921153575,2
ID30_02_RISK_60_ONE_STRIKE_INSIDE,2023-04-13,2023-04-11,-2,RISK_60,ONE_STRIKE_INSIDE,50,3257.1697084899984,2
ID30_02_RISK_60_ONE_STRIKE_INSIDE,2023-04-20,2023-04-18,-2,RISK_60,ONE_STRIKE_INSIDE,50,-5378.506432374998,2
ID30_02_RISK_60_ONE_STRIKE_INSIDE,2023-04-27,2023-04-25,-2,RISK_60,ONE_STRIKE_INSIDE,50,3184.717155039998,2
ID30_02_RISK_60_ONE_STRIKE_INSIDE,2023-05-04,2023-05-02,-2,RISK_60,ONE_STRIKE_INSIDE,50,2859.2367194999997,2
ID30_02_RISK_60_ONE_STRIKE_INSIDE,2023-05-11,2023-05-09,-2,RISK_60,ONE_STRIKE_INSIDE,50,447.80420404999813,2
ID30_02_RISK_60_ONE_STRIKE_INSIDE,2023-05-18,2023-05-16,-2,RISK_60,ONE_STRIKE_INSIDE,50,-5868.63262393,2
ID30_02_RISK_60_ONE_STRIKE_INSIDE,2023-05-25,2023-05-23,-2,RISK_60,ONE_STRIKE_INSIDE,50,-3150.235338255002,2
ID30_02_RISK_60_ONE_STRIKE_INSIDE,2023-06-01,2023-05-30,-2,RISK_60,ONE_STRIKE_INSIDE,50,-5147.79932758,2
ID30_02_RISK_60_ONE_STRIKE_INSIDE,2023-06-08,2023-06-06,-2,RISK_60,ONE_STRIKE_INSIDE,50,2609.158784564999,2
ID30_02_RISK_60_ONE_STRIKE_INSIDE,2023-06-15,2023-06-13,-2,RISK_60,ONE_STRIKE_INSIDE,50,74.66853558999998,2
ID30_02_RISK_60_ONE_STRIKE_INSIDE,2023-06-22,2023-06-20,-2,RISK_60,ONE_STRIKE_INSIDE,50,3279.173779349996,2
ID30_02_RISK_60_ONE_STRIKE_INSIDE,2023-06-28,2023-06-26,-2,RISK_60,ONE_STRIKE_INSIDE,50,-1149.5036261599998,2
ID30_02_RISK_60_ONE_STRIKE_INSIDE,2023-07-06,2023-07-04,-2,RISK_60,ONE_STRIKE_INSIDE,50,3753.568272829998,2
ID30_02_RISK_60_ONE_STRIKE_INSIDE,2023-07-13,2023-07-11,-2,RISK_60,ONE_STRIKE_INSIDE,50,-2012.14602277,2
ID30_02_RISK_60_ONE_STRIKE_INSIDE,2023-07-20,2023-07-18,-2,RISK_60,ONE_STRIKE_INSIDE,50,3137.27372677,2
ID30_02_RISK_60_ONE_STRIKE_INSIDE,2023-07-27,2023-07-25,-2,RISK_60,ONE_STRIKE_INSIDE,50,-2009.34546593,2
ID30_02_RISK_60_ONE_STRIKE_INSIDE,2023-08-03,2023-08-01,-2,RISK_60,ONE_STRIKE_INSIDE,50,-5951.75954562,2
ID30_02_RISK_60_ONE_STRIKE_INSIDE,2023-08-10,2023-08-08,-2,RISK_60,ONE_STRIKE_INSIDE,50,-1504.5259884250017,2
ID30_02_RISK_60_ONE_STRIKE_INSIDE,2023-08-17,2023-08-14,-2,RISK_60,ONE_STRIKE_INSIDE,50,4058.936239199998,2
ID30_02_RISK_60_ONE_STRIKE_INSIDE,2023-08-24,2023-08-22,-2,RISK_60,ONE_STRIKE_INSIDE,50,904.7725816199963,2
ID30_02_RISK_60_ONE_STRIKE_INSIDE,2023-08-31,2023-08-29,-2,RISK_60,ONE_STRIKE_INSIDE,50,-429.204146985,2
ID30_02_RISK_60_ONE_STRIKE_INSIDE,2023-09-07,2023-09-05,-2,RISK_60,ONE_STRIKE_INSIDE,50,1376.599566634999,2
ID30_02_RISK_60_ONE_STRIKE_INSIDE,2023-09-14,2023-09-12,-2,RISK_60,ONE_STRIKE_INSIDE,50,3505.03734713,2
ID30_02_RISK_60_ONE_STRIKE_INSIDE,2023-09-21,2023-09-18,-2,RISK_60,ONE_STRIKE_INSIDE,50,-6236.766728139998,2
ID30_02_RISK_60_ONE_STRIKE_INSIDE,2023-09-28,2023-09-26,-2,RISK_60,ONE_STRIKE_INSIDE,50,-4588.992495989998,2
ID30_02_RISK_60_ONE_STRIKE_INSIDE,2023-10-05,2023-10-03,-2,RISK_60,ONE_STRIKE_INSIDE,50,1786.8488875799983,2
ID30_02_RISK_60_ONE_STRIKE_INSIDE,2023-10-12,2023-10-10,-2,RISK_60,ONE_STRIKE_INSIDE,50,1206.227209849999,2
ID30_02_RISK_60_ONE_STRIKE_INSIDE,2023-10-19,2023-10-17,-2,RISK_60,ONE_STRIKE_INSIDE,50,-6848.426230369998,2
ID30_02_RISK_60_ONE_STRIKE_INSIDE,2023-10-26,2023-10-23,-2,RISK_60,ONE_STRIKE_INSIDE,50,-5419.73125882,2
ID30_02_RISK_60_ONE_STRIKE_INSIDE,2023-11-02,2023-10-31,-2,RISK_60,ONE_STRIKE_INSIDE,50,1094.5808423799954,2
ID30_02_RISK_60_ONE_STRIKE_INSIDE,2023-11-09,2023-11-07,-2,RISK_60,ONE_STRIKE_INSIDE,50,2726.403606214998,2
ID30_02_RISK_60_ONE_STRIKE_INSIDE,2023-11-16,2023-11-13,-2,RISK_60,ONE_STRIKE_INSIDE,50,-1306.4289374299974,2
ID30_02_RISK_60_ONE_STRIKE_INSIDE,2023-11-23,2023-11-21,-2,RISK_60,ONE_STRIKE_INSIDE,50,1374.401218725,2
ID30_02_RISK_60_ONE_STRIKE_INSIDE,2023-11-30,2023-11-28,-2,RISK_60,ONE_STRIKE_INSIDE,50,-1090.9642085199998,2
ID30_02_RISK_60_ONE_STRIKE_INSIDE,2023-12-07,2023-12-05,-2,RISK_60,ONE_STRIKE_INSIDE,50,4381.013915425,2
ID30_02_RISK_60_ONE_STRIKE_INSIDE,2023-12-14,2023-12-12,-2,RISK_60,ONE_STRIKE_INSIDE,50,2873.8729036599952,2
ID30_02_RISK_60_ONE_STRIKE_INSIDE,2023-12-21,2023-12-19,-2,RISK_60,ONE_STRIKE_INSIDE,50,-5624.69957361,2
ID30_02_RISK_60_ONE_STRIKE_INSIDE,2023-12-28,2023-12-26,-2,RISK_60,ONE_STRIKE_INSIDE,50,-925.6385500250018,2
ID30_02_RISK_60_ONE_STRIKE_INSIDE,2024-01-04,2024-01-02,-2,RISK_60,ONE_STRIKE_INSIDE,50,-2928.925157325,2
ID30_02_RISK_60_ONE_STRIKE_INSIDE,2024-01-11,2024-01-09,-2,RISK_60,ONE_STRIKE_INSIDE,50,1104.77451244,2
ID30_02_RISK_60_ONE_STRIKE_INSIDE,2024-01-18,2024-01-16,-2,RISK_60,ONE_STRIKE_INSIDE,50,-5978.866751685,2
ID30_02_RISK_60_ONE_STRIKE_INSIDE,2024-01-25,2024-01-23,-2,RISK_60,ONE_STRIKE_INSIDE,50,-6050.1122471399985,2
ID30_02_RISK_60_ONE_STRIKE_INSIDE,2024-02-01,2024-01-30,-2,RISK_60,ONE_STRIKE_INSIDE,50,814.482277165,2
ID30_02_RISK_60_ONE_STRIKE_INSIDE,2024-02-08,2024-02-06,-2,RISK_60,ONE_STRIKE_INSIDE,50,-3949.402478775,2
ID30_02_RISK_60_ONE_STRIKE_INSIDE,2024-02-15,2024-02-13,-2,RISK_60,ONE_STRIKE_INSIDE,50,115.85820757500187,2
ID30_02_RISK_60_ONE_STRIKE_INSIDE,2024-02-22,2024-02-20,-2,RISK_60,ONE_STRIKE_INSIDE,50,5034.03105127,2
ID30_02_RISK_60_ONE_STRIKE_INSIDE,2024-02-29,2024-02-27,-2,RISK_60,ONE_STRIKE_INSIDE,50,-4768.06196664,2
ID30_02_RISK_60_ONE_STRIKE_INSIDE,2024-03-07,2024-03-05,-2,RISK_60,ONE_STRIKE_INSIDE,50,4204.914299449997,2
ID30_02_RISK_60_ONE_STRIKE_INSIDE,2024-03-14,2024-03-12,-2,RISK_60,ONE_STRIKE_INSIDE,50,-5436.966168294996,2
ID30_02_RISK_60_ONE_STRIKE_INSIDE,2024-03-21,2024-03-19,-2,RISK_60,ONE_STRIKE_INSIDE,50,4583.90404394,2
ID30_02_RISK_60_ONE_STRIKE_INSIDE,2024-03-28,2024-03-26,-2,RISK_60,ONE_STRIKE_INSIDE,50,-802.898852685001,2
ID30_02_RISK_60_ONE_STRIKE_INSIDE,2024-04-04,2024-04-02,-2,RISK_60,ONE_STRIKE_INSIDE,50,3083.89455258,2
ID30_02_RISK_60_ONE_STRIKE_INSIDE,2024-04-10,2024-04-08,-2,RISK_60,ONE_STRIKE_INSIDE,50,4093.40005491,2
ID30_02_RISK_60_ONE_STRIKE_INSIDE,2024-04-18,2024-04-15,-2,RISK_60,ONE_STRIKE_INSIDE,50,-5349.692847180004,2
ID30_02_RISK_60_ONE_STRIKE_INSIDE,2024-04-25,2024-04-23,-2,RISK_60,ONE_STRIKE_INSIDE,50,1551.309535735,2
ID30_02_RISK_60_ONE_STRIKE_INSIDE,2024-05-02,2024-04-29,-2,RISK_60,ONE_STRIKE_INSIDE,25,1605.6146847825,2
ID30_02_RISK_60_ONE_STRIKE_INSIDE,2024-05-09,2024-05-07,-2,RISK_60,ONE_STRIKE_INSIDE,25,-2617.8726539825,2
ID30_02_RISK_60_ONE_STRIKE_INSIDE,2024-05-16,2024-05-14,-2,RISK_60,ONE_STRIKE_INSIDE,25,610.79981213,2
ID30_02_RISK_60_ONE_STRIKE_INSIDE,2024-05-23,2024-05-21,-2,RISK_60,ONE_STRIKE_INSIDE,25,-178.44057337249808,2
ID30_02_RISK_60_ONE_STRIKE_INSIDE,2024-05-30,2024-05-28,-2,RISK_60,ONE_STRIKE_INSIDE,25,-2901.5894432024998,2
ID30_02_RISK_60_ONE_STRIKE_INSIDE,2024-06-06,2024-06-04,-2,RISK_60,ONE_STRIKE_INSIDE,25,271.05237880500374,2
ID30_02_RISK_60_ONE_STRIKE_INSIDE,2024-06-13,2024-06-11,-2,RISK_60,ONE_STRIKE_INSIDE,25,2554.804036237501,2
ID30_02_RISK_60_ONE_STRIKE_INSIDE,2024-06-20,2024-06-18,-2,RISK_60,ONE_STRIKE_INSIDE,25,1665.3990131074993,2
ID30_02_RISK_60_ONE_STRIKE_INSIDE,2024-06-27,2024-06-25,-2,RISK_60,ONE_STRIKE_INSIDE,25,-317.30404171000004,2
ID30_02_RISK_60_ONE_STRIKE_INSIDE,2024-07-04,2024-07-02,-2,RISK_60,ONE_STRIKE_INSIDE,25,2055.3931168625,2
ID30_02_RISK_60_ONE_STRIKE_INSIDE,2024-07-11,2024-07-09,-2,RISK_60,ONE_STRIKE_INSIDE,25,-283.93309978000093,2
ID30_02_RISK_60_ONE_STRIKE_INSIDE,2024-07-18,2024-07-15,-2,RISK_60,ONE_STRIKE_INSIDE,25,-175.67322155250002,2
ID30_02_RISK_60_ONE_STRIKE_INSIDE,2024-07-25,2024-07-23,-2,RISK_60,ONE_STRIKE_INSIDE,25,-1074.770950784999,2
ID30_02_RISK_60_ONE_STRIKE_INSIDE,2024-08-01,2024-07-30,-2,RISK_60,ONE_STRIKE_INSIDE,25,1976.930458,2
ID30_02_RISK_60_ONE_STRIKE_INSIDE,2024-08-08,2024-08-06,-2,RISK_60,ONE_STRIKE_INSIDE,25,-2384.054934662499,2
ID30_02_RISK_60_ONE_STRIKE_INSIDE,2024-08-14,2024-08-12,-2,RISK_60,ONE_STRIKE_INSIDE,25,-2683.026709800001,2
ID30_02_RISK_60_ONE_STRIKE_INSIDE,2024-08-22,2024-08-20,-2,RISK_60,ONE_STRIKE_INSIDE,25,523.563343165,2
ID30_02_RISK_60_ONE_STRIKE_INSIDE,2024-08-29,2024-08-27,-2,RISK_60,ONE_STRIKE_INSIDE,25,989.1259306674995,2
ID30_02_RISK_60_ONE_STRIKE_INSIDE,2024-09-05,2024-09-03,-2,RISK_60,ONE_STRIKE_INSIDE,25,-1751.950670995,2
ID30_02_RISK_60_ONE_STRIKE_INSIDE,2024-09-12,2024-09-10,-2,RISK_60,ONE_STRIKE_INSIDE,25,-278.4823737275,2
ID30_02_RISK_60_ONE_STRIKE_INSIDE,2024-09-19,2024-09-17,-2,RISK_60,ONE_STRIKE_INSIDE,25,972.3465089899996,2
ID30_02_RISK_60_ONE_STRIKE_INSIDE,2024-09-26,2024-09-24,-2,RISK_60,ONE_STRIKE_INSIDE,25,-105.94287297250003,2
ID30_02_RISK_60_ONE_STRIKE_INSIDE,2024-10-03,2024-09-30,-2,RISK_60,ONE_STRIKE_INSIDE,25,-2951.4964690099982,2
ID30_02_RISK_60_ONE_STRIKE_INSIDE,2024-10-10,2024-10-08,-2,RISK_60,ONE_STRIKE_INSIDE,25,1145.6442480575001,2
ID30_02_RISK_60_ONE_STRIKE_INSIDE,2024-10-17,2024-10-15,-2,RISK_60,ONE_STRIKE_INSIDE,25,-3068.896664849998,2
ID30_02_RISK_60_ONE_STRIKE_INSIDE,2024-10-24,2024-10-22,-2,RISK_60,ONE_STRIKE_INSIDE,25,-2917.5180120600016,2
ID30_02_RISK_60_ONE_STRIKE_INSIDE,2024-10-31,2024-10-29,-2,RISK_60,ONE_STRIKE_INSIDE,25,-538.5435102775018,2
ID30_02_RISK_60_ONE_STRIKE_INSIDE,2024-11-07,2024-11-05,-2,RISK_60,ONE_STRIKE_INSIDE,25,1364.9038059774996,2
ID30_02_RISK_60_ONE_STRIKE_INSIDE,2024-11-14,2024-11-12,-2,RISK_60,ONE_STRIKE_INSIDE,25,-2614.9768199075,2
ID30_02_RISK_60_ONE_STRIKE_INSIDE,2024-11-21,2024-11-18,-2,RISK_60,ONE_STRIKE_INSIDE,75,-7244.391009419998,2
ID30_02_RISK_60_ONE_STRIKE_INSIDE,2024-11-28,2024-11-26,-2,RISK_60,ONE_STRIKE_INSIDE,75,-7437.0516001275,2
ID30_02_RISK_60_ONE_STRIKE_INSIDE,2024-12-05,2024-12-03,-2,RISK_60,ONE_STRIKE_INSIDE,75,2338.1433439575003,2
ID30_02_RISK_60_ONE_STRIKE_INSIDE,2024-12-12,2024-12-10,-2,RISK_60,ONE_STRIKE_INSIDE,75,19.251605782500064,2
ID30_02_RISK_60_ONE_STRIKE_INSIDE,2024-12-19,2024-12-17,-2,RISK_60,ONE_STRIKE_INSIDE,75,-6965.060600775,2
ID30_02_RISK_60_ONE_STRIKE_INSIDE,2024-12-26,2024-12-23,-2,RISK_60,ONE_STRIKE_INSIDE,75,-126.26068692750187,2
ID30_02_RISK_60_ONE_STRIKE_INSIDE,2025-01-02,2024-12-31,-2,RISK_60,ONE_STRIKE_INSIDE,75,148.92863806500367,2
ID30_02_RISK_60_ONE_STRIKE_INSIDE,2025-01-09,2025-01-07,-2,RISK_60,ONE_STRIKE_INSIDE,75,-7285.1683491600015,2
ID30_02_RISK_60_ONE_STRIKE_INSIDE,2025-01-16,2025-01-14,-2,RISK_60,ONE_STRIKE_INSIDE,75,6654.546268762497,2
ID30_02_RISK_60_ONE_STRIKE_INSIDE,2025-01-23,2025-01-21,-2,RISK_60,ONE_STRIKE_INSIDE,75,-6858.602717805,2
ID30_02_RISK_60_ONE_STRIKE_INSIDE,2025-01-30,2025-01-28,-2,RISK_60,ONE_STRIKE_INSIDE,75,680.3457336675036,2
ID30_02_RISK_60_ONE_STRIKE_INSIDE,2025-02-06,2025-02-04,-2,RISK_60,ONE_STRIKE_INSIDE,75,6768.456719625,2
ID30_02_RISK_60_ONE_STRIKE_INSIDE,2025-02-13,2025-02-11,-2,RISK_60,ONE_STRIKE_INSIDE,75,-7313.935780409997,2
ID30_02_RISK_60_ONE_STRIKE_INSIDE,2025-02-20,2025-02-18,-2,RISK_60,ONE_STRIKE_INSIDE,75,5174.53505913,2
ID30_02_RISK_60_ONE_STRIKE_INSIDE,2025-02-27,2025-02-24,-2,RISK_60,ONE_STRIKE_INSIDE,75,-3510.362921565,2
ID30_02_RISK_60_ONE_STRIKE_INSIDE,2025-03-06,2025-03-04,-2,RISK_60,ONE_STRIKE_INSIDE,75,-886.9716664350001,2
ID30_02_RISK_60_ONE_STRIKE_INSIDE,2025-03-13,2025-03-11,-2,RISK_60,ONE_STRIKE_INSIDE,75,6968.216306729997,2
ID30_02_RISK_60_ONE_STRIKE_INSIDE,2025-03-20,2025-03-18,-2,RISK_60,ONE_STRIKE_INSIDE,75,-547.5150191025,2
ID30_02_RISK_60_ONE_STRIKE_INSIDE,2025-03-27,2025-03-25,-2,RISK_60,ONE_STRIKE_INSIDE,75,-7056.9620297175015,2
ID30_02_RISK_60_ONE_STRIKE_INSIDE,2025-04-03,2025-04-01,-2,RISK_60,ONE_STRIKE_INSIDE,75,-8055.3038254799985,2
ID30_02_RISK_60_ONE_STRIKE_INSIDE,2025-04-09,2025-04-07,-2,RISK_60,ONE_STRIKE_INSIDE,75,-5200.820018789986,2
ID30_02_RISK_60_ONE_STRIKE_INSIDE,2025-04-17,2025-04-15,-2,RISK_60,ONE_STRIKE_INSIDE,75,154.12938079500003,2
ID30_02_RISK_60_ONE_STRIKE_INSIDE,2025-04-24,2025-04-22,-2,RISK_60,ONE_STRIKE_INSIDE,75,7076.107356839998,2
ID30_02_RISK_60_ONE_STRIKE_INSIDE,2025-04-30,2025-04-28,-2,RISK_60,ONE_STRIKE_INSIDE,75,357.5768746799964,2
ID30_02_RISK_60_ONE_STRIKE_INSIDE,2025-05-08,2025-05-06,-2,RISK_60,ONE_STRIKE_INSIDE,75,-8956.84624527,2
ID30_02_RISK_60_ONE_STRIKE_INSIDE,2025-05-15,2025-05-13,-2,RISK_60,ONE_STRIKE_INSIDE,75,1247.7557510025,2
ID30_02_RISK_60_ONE_STRIKE_INSIDE,2025-05-22,2025-05-20,-2,RISK_60,ONE_STRIKE_INSIDE,75,-7282.418584252502,2
ID30_02_RISK_60_ONE_STRIKE_INSIDE,2025-05-29,2025-05-27,-2,RISK_60,ONE_STRIKE_INSIDE,75,4888.257080985,2
ID30_02_RISK_60_ONE_STRIKE_INSIDE,2025-06-05,2025-06-03,-2,RISK_60,ONE_STRIKE_INSIDE,75,8903.671154782503,2
ID30_02_RISK_60_ONE_STRIKE_INSIDE,2025-06-12,2025-06-10,-2,RISK_60,ONE_STRIKE_INSIDE,75,-7878.694631220002,2
ID30_02_RISK_60_ONE_STRIKE_INSIDE,2025-06-19,2025-06-17,-2,RISK_60,ONE_STRIKE_INSIDE,75,-826.4729363625,2
ID30_02_RISK_60_ONE_STRIKE_INSIDE,2025-06-26,2025-06-24,-2,RISK_60,ONE_STRIKE_INSIDE,75,-835.2072348149999,2
ID30_02_RISK_60_ONE_STRIKE_INSIDE,2025-07-03,2025-07-01,-2,RISK_60,ONE_STRIKE_INSIDE,75,-7097.1019802475,2
ID30_02_RISK_60_ONE_STRIKE_INSIDE,2025-07-10,2025-07-08,-2,RISK_60,ONE_STRIKE_INSIDE,75,-7055.502002917504,2
ID30_02_RISK_60_ONE_STRIKE_INSIDE,2025-07-17,2025-07-15,-2,RISK_60,ONE_STRIKE_INSIDE,75,-128.74952389500186,2
ID30_02_RISK_60_ONE_STRIKE_INSIDE,2025-07-24,2025-07-22,-2,RISK_60,ONE_STRIKE_INSIDE,75,-666.195993375,2
ID30_02_RISK_60_ONE_STRIKE_INSIDE,2025-07-31,2025-07-29,-2,RISK_60,ONE_STRIKE_INSIDE,75,6231.233338305,2
ID30_02_RISK_60_ONE_STRIKE_INSIDE,2025-08-07,2025-08-05,-2,RISK_60,ONE_STRIKE_INSIDE,75,-6668.8004441475005,2
ID30_02_RISK_60_ONE_STRIKE_INSIDE,2025-08-14,2025-08-12,-2,RISK_60,ONE_STRIKE_INSIDE,75,5373.061667797499,2
ID30_02_RISK_60_ONE_STRIKE_INSIDE,2025-08-21,2025-08-19,-2,RISK_60,ONE_STRIKE_INSIDE,75,2812.5494372475,2
ID30_02_RISK_60_ONE_STRIKE_INSIDE,2025-08-28,2025-08-25,-2,RISK_60,ONE_STRIKE_INSIDE,75,-8230.121342955,2
ID30_02_RISK_60_ONE_STRIKE_INSIDE,2025-09-02,2025-08-29,-2,RISK_60,ONE_STRIKE_INSIDE,75,6032.115129659997,2
ID30_02_RISK_60_ONE_STRIKE_INSIDE,2025-09-09,2025-09-05,-2,RISK_60,ONE_STRIKE_INSIDE,75,5883.4487247524985,2
ID30_02_RISK_60_ONE_STRIKE_INSIDE,2025-09-16,2025-09-12,-2,RISK_60,ONE_STRIKE_INSIDE,75,4209.548922855,2
ID30_02_RISK_60_ONE_STRIKE_INSIDE,2025-09-23,2025-09-19,-2,RISK_60,ONE_STRIKE_INSIDE,75,-9274.172343795002,2
ID30_02_RISK_60_ONE_STRIKE_INSIDE,2025-09-30,2025-09-26,-2,RISK_60,ONE_STRIKE_INSIDE,75,-9111.3149369625,2
ID30_02_RISK_60_ONE_STRIKE_INSIDE,2025-10-07,2025-10-03,-2,RISK_60,ONE_STRIKE_INSIDE,75,-2309.9589571049964,2
ID30_02_RISK_60_ONE_STRIKE_INSIDE,2025-10-14,2025-10-09,-2,RISK_60,ONE_STRIKE_INSIDE,75,6248.93797875,2
ID30_02_RISK_60_ONE_STRIKE_INSIDE,2025-10-28,2025-10-24,-2,RISK_60,ONE_STRIKE_INSIDE,75,2293.049625945,2
ID30_02_RISK_60_ONE_STRIKE_INSIDE,2025-11-04,2025-10-31,-2,RISK_60,ONE_STRIKE_INSIDE,75,-8477.249343645002,2
ID30_02_RISK_60_ONE_STRIKE_INSIDE,2025-11-11,2025-11-07,-2,RISK_60,ONE_STRIKE_INSIDE,75,-887.3770207199982,2
ID30_02_RISK_60_ONE_STRIKE_INSIDE,2025-11-18,2025-11-14,-2,RISK_60,ONE_STRIKE_INSIDE,75,6979.22630775,2
ID30_02_RISK_60_ONE_STRIKE_INSIDE,2025-11-25,2025-11-21,-2,RISK_60,ONE_STRIKE_INSIDE,75,-7810.629804232503,2
ID30_02_RISK_60_ONE_STRIKE_INSIDE,2025-12-02,2025-11-28,-2,RISK_60,ONE_STRIKE_INSIDE,75,-8664.489105082499,2
ID30_02_RISK_60_ONE_STRIKE_INSIDE,2025-12-09,2025-12-05,-2,RISK_60,ONE_STRIKE_INSIDE,75,-8121.0102891525,2
ID30_02_RISK_60_ONE_STRIKE_INSIDE,2025-12-16,2025-12-12,-2,RISK_60,ONE_STRIKE_INSIDE,75,-6381.797429482502,2
ID30_02_RISK_60_ONE_STRIKE_INSIDE,2025-12-23,2025-12-19,-2,RISK_60,ONE_STRIKE_INSIDE,75,-591.293117295,2
ID30_02_RISK_60_ONE_STRIKE_INSIDE,2025-12-30,2025-12-26,-2,RISK_60,ONE_STRIKE_INSIDE,75,-8197.39012698,2
ID30_02_RISK_60_ONE_STRIKE_INSIDE,2026-01-06,2026-01-02,-2,RISK_60,ONE_STRIKE_INSIDE,65,-519.092698314,2
ID30_02_RISK_60_ONE_STRIKE_INSIDE,2026-01-13,2026-01-09,-2,RISK_60,ONE_STRIKE_INSIDE,65,-4529.765744622504,2
ID30_02_RISK_60_ONE_STRIKE_INSIDE,2026-01-20,2026-01-16,-2,RISK_60,ONE_STRIKE_INSIDE,65,-6892.6304093804965,2
ID30_02_RISK_60_ONE_STRIKE_INSIDE,2026-01-27,2026-01-22,-2,RISK_60,ONE_STRIKE_INSIDE,65,-6943.899143110999,2
ID30_02_RISK_60_ONE_STRIKE_INSIDE,2026-02-03,2026-02-01,-2,RISK_60,ONE_STRIKE_INSIDE,65,1052.9623067844964,2
ID30_02_RISK_60_ONE_STRIKE_INSIDE,2026-02-10,2026-02-06,-2,RISK_60,ONE_STRIKE_INSIDE,65,-743.5407684914964,2
ID30_02_RISK_60_ONE_STRIKE_INSIDE,2026-02-17,2026-02-13,-2,RISK_60,ONE_STRIKE_INSIDE,65,3163.0454727675,2
ID30_02_RISK_60_ONE_STRIKE_INSIDE,2026-02-24,2026-02-20,-2,RISK_60,ONE_STRIKE_INSIDE,65,4034.8711411434942,2
ID30_02_RISK_60_ONE_STRIKE_INSIDE,2026-03-02,2026-02-26,-2,RISK_60,ONE_STRIKE_INSIDE,65,-7836.711578880215,2
ID30_02_RISK_60_ONE_STRIKE_INSIDE,2026-03-10,2026-03-06,-2,RISK_60,ONE_STRIKE_INSIDE,65,-5421.08004173522,2
ID30_02_RISK_60_ONE_STRIKE_INSIDE,2026-03-17,2026-03-13,-2,RISK_60,ONE_STRIKE_INSIDE,65,5229.884086470419,2
ID30_02_RISK_60_ONE_STRIKE_INSIDE,2026-03-24,2026-03-20,-2,RISK_60,ONE_STRIKE_INSIDE,65,-5076.704496628109,2
ID30_02_RISK_60_ONE_STRIKE_INSIDE,2026-03-30,2026-03-25,-2,RISK_60,ONE_STRIKE_INSIDE,65,-4525.77933401133,2
ID30_02_RISK_60_ONE_STRIKE_INSIDE,2026-04-07,2026-04-02,-2,RISK_60,ONE_STRIKE_INSIDE,65,1090.13605283459,2
ID30_02_RISK_60_ONE_STRIKE_INSIDE,2026-04-13,2026-04-09,-2,RISK_60,ONE_STRIKE_INSIDE,65,-3010.568155881001,2
ID30_02_RISK_60_ONE_STRIKE_INSIDE,2026-04-21,2026-04-17,-2,RISK_60,ONE_STRIKE_INSIDE,65,446.98605934476234,2
ID30_02_RISK_60_ONE_STRIKE_INSIDE,2026-04-28,2026-04-24,-2,RISK_60,ONE_STRIKE_INSIDE,65,1803.7723942538269,2
ID30_02_RISK_60_ONE_STRIKE_INSIDE,2026-05-05,2026-04-30,-2,RISK_60,ONE_STRIKE_INSIDE,65,3125.0381263045683,2
ID30_02_RISK_60_ONE_STRIKE_INSIDE,2026-05-12,2026-05-08,-2,RISK_60,ONE_STRIKE_INSIDE,65,-5849.802144514645,2
ID30_02_RISK_60_ONE_STRIKE_INSIDE,2026-05-19,2026-05-15,-2,RISK_60,ONE_STRIKE_INSIDE,65,-3359.0281499051616,2
ID30_02_RISK_60_ONE_STRIKE_INSIDE,2026-05-26,2026-05-21,-2,RISK_60,ONE_STRIKE_INSIDE,65,6360.043662015285,2
ID30_02_RISK_60_ONE_STRIKE_INSIDE,2026-06-02,2026-05-22,-2,RISK_60,ONE_STRIKE_INSIDE,65,2390.511751240995,2
ID30_02_RISK_60_ONE_STRIKE_INSIDE,2026-07-07,2026-07-01,-2,RISK_60,ONE_STRIKE_INSIDE,65,1558.9564291266493,2
ID30_02_RISK_60_ONE_STRIKE_INSIDE,2026-07-14,2026-07-01,-2,RISK_60,ONE_STRIKE_INSIDE,65,604.0707534453086,2
ID30_02_RISK_60_ONE_STRIKE_INSIDE,2026-07-21,2026-07-01,-2,RISK_60,ONE_STRIKE_INSIDE,65,258.5805524016773,2
ID30_02_RISK_60_ONE_STRIKE_INSIDE,2026-07-28,2026-07-01,-2,RISK_60,ONE_STRIKE_INSIDE,65,283.04870452866464,2
ID30_02_RISK_60_RECENTER_BOTH,2021-07-08,2021-07-06,-2,RISK_60,RECENTER_BOTH,50,-2586.87077663,2
ID30_02_RISK_60_RECENTER_BOTH,2021-07-15,2021-07-13,-2,RISK_60,RECENTER_BOTH,50,-4850.259678180002,2
ID30_02_RISK_60_RECENTER_BOTH,2021-07-22,2021-07-19,-2,RISK_60,RECENTER_BOTH,50,4040.5192002199983,2
ID30_02_RISK_60_RECENTER_BOTH,2021-07-29,2021-07-27,-2,RISK_60,RECENTER_BOTH,50,1831.9057620299982,2
ID30_02_RISK_60_RECENTER_BOTH,2021-08-05,2021-08-03,-2,RISK_60,RECENTER_BOTH,50,-5784.795571635,2
ID30_02_RISK_60_RECENTER_BOTH,2021-08-12,2021-08-10,-2,RISK_60,RECENTER_BOTH,50,1236.9446925999982,2
ID30_02_RISK_60_RECENTER_BOTH,2021-08-18,2021-08-16,-2,RISK_60,RECENTER_BOTH,50,1100.8363017149977,2
ID30_02_RISK_60_RECENTER_BOTH,2021-08-26,2021-08-24,-2,RISK_60,RECENTER_BOTH,50,539.5349946299982,2
ID30_02_RISK_60_RECENTER_BOTH,2021-09-02,2021-08-31,-2,RISK_60,RECENTER_BOTH,50,-5527.349085125,2
ID30_02_RISK_60_RECENTER_BOTH,2021-09-09,2021-09-07,-2,RISK_60,RECENTER_BOTH,50,4444.36336703,2
ID30_02_RISK_60_RECENTER_BOTH,2021-09-16,2021-09-14,-2,RISK_60,RECENTER_BOTH,50,-4695.490879335002,2
ID30_02_RISK_60_RECENTER_BOTH,2021-09-23,2021-09-21,-2,RISK_60,RECENTER_BOTH,50,-4473.210652215001,2
ID30_02_RISK_60_RECENTER_BOTH,2021-09-30,2021-09-28,-2,RISK_60,RECENTER_BOTH,50,-4282.8101556500005,2
ID30_02_RISK_60_RECENTER_BOTH,2021-10-07,2021-10-05,-2,RISK_60,RECENTER_BOTH,50,-2338.025791085,2
ID30_02_RISK_60_RECENTER_BOTH,2021-10-14,2021-10-12,-2,RISK_60,RECENTER_BOTH,50,-4355.984421244996,2
ID30_02_RISK_60_RECENTER_BOTH,2021-10-21,2021-10-19,-2,RISK_60,RECENTER_BOTH,50,-4900.35492494,2
ID30_02_RISK_60_RECENTER_BOTH,2021-10-28,2021-10-26,-2,RISK_60,RECENTER_BOTH,50,-4116.857726580001,2
ID30_02_RISK_60_RECENTER_BOTH,2021-11-11,2021-11-09,-2,RISK_60,RECENTER_BOTH,50,-4258.70533795,2
ID30_02_RISK_60_RECENTER_BOTH,2021-11-18,2021-11-16,-2,RISK_60,RECENTER_BOTH,50,-4487.0122504,2
ID30_02_RISK_60_RECENTER_BOTH,2021-11-25,2021-11-23,-2,RISK_60,RECENTER_BOTH,50,-2473.940303125,2
ID30_02_RISK_60_RECENTER_BOTH,2021-12-02,2021-11-30,-2,RISK_60,RECENTER_BOTH,50,-213.33668565499988,2
ID30_02_RISK_60_RECENTER_BOTH,2021-12-09,2021-12-07,-2,RISK_60,RECENTER_BOTH,50,-3944.660817200002,2
ID30_02_RISK_60_RECENTER_BOTH,2021-12-16,2021-12-14,-2,RISK_60,RECENTER_BOTH,50,210.87490084499734,2
ID30_02_RISK_60_RECENTER_BOTH,2021-12-23,2021-12-21,-2,RISK_60,RECENTER_BOTH,50,-3786.666541829998,2
ID30_02_RISK_60_RECENTER_BOTH,2021-12-30,2021-12-28,-2,RISK_60,RECENTER_BOTH,50,4287.242188744998,2
ID30_02_RISK_60_RECENTER_BOTH,2022-01-06,2022-01-04,-2,RISK_60,RECENTER_BOTH,50,2271.4858828349993,2
ID30_02_RISK_60_RECENTER_BOTH,2022-01-13,2022-01-11,-2,RISK_60,RECENTER_BOTH,50,-3908.8266166250037,2
ID30_02_RISK_60_RECENTER_BOTH,2022-01-20,2022-01-18,-2,RISK_60,RECENTER_BOTH,50,-4601.360902309996,2
ID30_02_RISK_60_RECENTER_BOTH,2022-01-27,2022-01-24,-2,RISK_60,RECENTER_BOTH,50,-3452.6509830900027,2
ID30_02_RISK_60_RECENTER_BOTH,2022-02-03,2022-02-01,-2,RISK_60,RECENTER_BOTH,50,1703.6367123249993,2
ID30_02_RISK_60_RECENTER_BOTH,2022-02-10,2022-02-08,-2,RISK_60,RECENTER_BOTH,50,-3889.2904520800034,2
ID30_02_RISK_60_RECENTER_BOTH,2022-02-17,2022-02-15,-2,RISK_60,RECENTER_BOTH,50,-3368.0766349500036,2
ID30_02_RISK_60_RECENTER_BOTH,2022-02-24,2022-02-22,-2,RISK_60,RECENTER_BOTH,50,-3121.9585019449964,2
ID30_02_RISK_60_RECENTER_BOTH,2022-03-03,2022-02-28,-2,RISK_60,RECENTER_BOTH,50,2588.02025723,2
ID30_02_RISK_60_RECENTER_BOTH,2022-03-10,2022-03-08,-2,RISK_60,RECENTER_BOTH,50,-2777.264572804996,2
ID30_02_RISK_60_RECENTER_BOTH,2022-03-17,2022-03-15,-2,RISK_60,RECENTER_BOTH,50,-2898.025046965,2
ID30_02_RISK_60_RECENTER_BOTH,2022-03-24,2022-03-22,-2,RISK_60,RECENTER_BOTH,50,-2530.993776750001,2
ID30_02_RISK_60_RECENTER_BOTH,2022-03-31,2022-03-29,-2,RISK_60,RECENTER_BOTH,50,-2584.77665272,2
ID30_02_RISK_60_RECENTER_BOTH,2022-04-07,2022-04-05,-2,RISK_60,RECENTER_BOTH,50,-4260.34064646,2
ID30_02_RISK_60_RECENTER_BOTH,2022-04-13,2022-04-11,-2,RISK_60,RECENTER_BOTH,50,-3717.7933656100035,2
ID30_02_RISK_60_RECENTER_BOTH,2022-04-21,2022-04-19,-2,RISK_60,RECENTER_BOTH,50,-3664.36107888,2
ID30_02_RISK_60_RECENTER_BOTH,2022-04-28,2022-04-26,-2,RISK_60,RECENTER_BOTH,50,-1102.1946070200038,2
ID30_02_RISK_60_RECENTER_BOTH,2022-05-05,2022-05-02,-2,RISK_60,RECENTER_BOTH,50,-2866.088259805002,2
ID30_02_RISK_60_RECENTER_BOTH,2022-05-12,2022-05-10,-2,RISK_60,RECENTER_BOTH,50,-3373.6637991650055,2
ID30_02_RISK_60_RECENTER_BOTH,2022-05-19,2022-05-17,-2,RISK_60,RECENTER_BOTH,50,-795.9190087950062,2
ID30_02_RISK_60_RECENTER_BOTH,2022-05-26,2022-05-24,-2,RISK_60,RECENTER_BOTH,50,4122.352772174999,2
ID30_02_RISK_60_RECENTER_BOTH,2022-06-02,2022-05-31,-2,RISK_60,RECENTER_BOTH,50,430.0690621749983,2
ID30_02_RISK_60_RECENTER_BOTH,2022-06-09,2022-06-07,-2,RISK_60,RECENTER_BOTH,50,5195.642910495,2
ID30_02_RISK_60_RECENTER_BOTH,2022-06-16,2022-06-14,-2,RISK_60,RECENTER_BOTH,50,-3468.162258960004,2
ID30_02_RISK_60_RECENTER_BOTH,2022-06-23,2022-06-21,-2,RISK_60,RECENTER_BOTH,50,1278.8149190299964,2
ID30_02_RISK_60_RECENTER_BOTH,2022-06-30,2022-06-28,-2,RISK_60,RECENTER_BOTH,50,3923.7909477249964,2
ID30_02_RISK_60_RECENTER_BOTH,2022-07-07,2022-07-05,-2,RISK_60,RECENTER_BOTH,50,-3805.710053355002,2
ID30_02_RISK_60_RECENTER_BOTH,2022-07-14,2022-07-12,-2,RISK_60,RECENTER_BOTH,50,-4030.865845545002,2
ID30_02_RISK_60_RECENTER_BOTH,2022-07-21,2022-07-19,-2,RISK_60,RECENTER_BOTH,50,-4455.200266090005,2
ID30_02_RISK_60_RECENTER_BOTH,2022-07-28,2022-07-26,-2,RISK_60,RECENTER_BOTH,50,-4381.759747100001,2
ID30_02_RISK_60_RECENTER_BOTH,2022-08-04,2022-08-02,-2,RISK_60,RECENTER_BOTH,50,1758.5455960899983,2
ID30_02_RISK_60_RECENTER_BOTH,2022-08-11,2022-08-08,-2,RISK_60,RECENTER_BOTH,50,-3635.9969943800015,2
ID30_02_RISK_60_RECENTER_BOTH,2022-08-18,2022-08-16,-2,RISK_60,RECENTER_BOTH,50,-2573.4204067400037,2
ID30_02_RISK_60_RECENTER_BOTH,2022-08-25,2022-08-23,-2,RISK_60,RECENTER_BOTH,50,2390.0798585350003,2
ID30_02_RISK_60_RECENTER_BOTH,2022-09-01,2022-08-29,-2,RISK_60,RECENTER_BOTH,50,-3446.686699185001,2
ID30_02_RISK_60_RECENTER_BOTH,2022-09-08,2022-09-06,-2,RISK_60,RECENTER_BOTH,50,1123.19161378,2
ID30_02_RISK_60_RECENTER_BOTH,2022-09-15,2022-09-13,-2,RISK_60,RECENTER_BOTH,50,-1361.5360195950002,2
ID30_02_RISK_60_RECENTER_BOTH,2022-09-22,2022-09-20,-2,RISK_60,RECENTER_BOTH,50,-928.7972754850016,2
ID30_02_RISK_60_RECENTER_BOTH,2022-09-29,2022-09-27,-2,RISK_60,RECENTER_BOTH,50,-3721.530085835,2
ID30_02_RISK_60_RECENTER_BOTH,2022-10-06,2022-10-03,-2,RISK_60,RECENTER_BOTH,50,-3344.4764251100014,2
ID30_02_RISK_60_RECENTER_BOTH,2022-10-13,2022-10-11,-2,RISK_60,RECENTER_BOTH,50,-2570.805750245,2
ID30_02_RISK_60_RECENTER_BOTH,2022-10-20,2022-10-18,-2,RISK_60,RECENTER_BOTH,50,4101.3605507150005,2
ID30_02_RISK_60_RECENTER_BOTH,2022-11-03,2022-11-01,-2,RISK_60,RECENTER_BOTH,50,3411.981361629996,2
ID30_02_RISK_60_RECENTER_BOTH,2022-11-10,2022-11-07,-2,RISK_60,RECENTER_BOTH,50,-3140.288292735,2
ID30_02_RISK_60_RECENTER_BOTH,2022-11-17,2022-11-15,-2,RISK_60,RECENTER_BOTH,50,3026.036043319997,2
ID30_02_RISK_60_RECENTER_BOTH,2022-11-24,2022-11-22,-2,RISK_60,RECENTER_BOTH,50,-5149.486736274998,2
ID30_02_RISK_60_RECENTER_BOTH,2022-12-01,2022-11-29,-2,RISK_60,RECENTER_BOTH,50,-4263.555523715001,2
ID30_02_RISK_60_RECENTER_BOTH,2022-12-08,2022-12-06,-2,RISK_60,RECENTER_BOTH,50,3706.382150095,2
ID30_02_RISK_60_RECENTER_BOTH,2022-12-15,2022-12-13,-2,RISK_60,RECENTER_BOTH,50,-771.6966889600018,2
ID30_02_RISK_60_RECENTER_BOTH,2022-12-22,2022-12-20,-2,RISK_60,RECENTER_BOTH,50,-3250.589495405002,2
ID30_02_RISK_60_RECENTER_BOTH,2022-12-29,2022-12-27,-2,RISK_60,RECENTER_BOTH,50,-2444.871115445,2
ID30_02_RISK_60_RECENTER_BOTH,2023-01-05,2023-01-03,-2,RISK_60,RECENTER_BOTH,50,-4309.516345255,2
ID30_02_RISK_60_RECENTER_BOTH,2023-01-12,2023-01-10,-2,RISK_60,RECENTER_BOTH,50,-2340.891415305002,2
ID30_02_RISK_60_RECENTER_BOTH,2023-01-19,2023-01-17,-2,RISK_60,RECENTER_BOTH,50,-2959.0277684350003,2
ID30_02_RISK_60_RECENTER_BOTH,2023-01-25,2023-01-23,-2,RISK_60,RECENTER_BOTH,50,-4647.335686225003,2
ID30_02_RISK_60_RECENTER_BOTH,2023-02-02,2023-01-31,-2,RISK_60,RECENTER_BOTH,50,5161.5031213,2
ID30_02_RISK_60_RECENTER_BOTH,2023-02-09,2023-02-07,-2,RISK_60,RECENTER_BOTH,50,777.7640305649973,2
ID30_02_RISK_60_RECENTER_BOTH,2023-02-16,2023-02-14,-2,RISK_60,RECENTER_BOTH,50,-4767.584232445002,2
ID30_02_RISK_60_RECENTER_BOTH,2023-02-23,2023-02-21,-2,RISK_60,RECENTER_BOTH,50,-4976.501717620002,2
ID30_02_RISK_60_RECENTER_BOTH,2023-03-02,2023-02-28,-2,RISK_60,RECENTER_BOTH,50,-1221.2540210500001,2
ID30_02_RISK_60_RECENTER_BOTH,2023-03-09,2023-03-06,-2,RISK_60,RECENTER_BOTH,50,-3012.112816120001,2
ID30_02_RISK_60_RECENTER_BOTH,2023-03-16,2023-03-14,-2,RISK_60,RECENTER_BOTH,50,-3896.0149786050038,2
ID30_02_RISK_60_RECENTER_BOTH,2023-03-23,2023-03-21,-2,RISK_60,RECENTER_BOTH,50,2976.98120331,2
ID30_02_RISK_60_RECENTER_BOTH,2023-03-29,2023-03-27,-2,RISK_60,RECENTER_BOTH,50,4102.8617481249985,2
ID30_02_RISK_60_RECENTER_BOTH,2023-04-06,2023-04-03,-2,RISK_60,RECENTER_BOTH,50,-4570.694910775003,2
ID30_02_RISK_60_RECENTER_BOTH,2023-04-13,2023-04-11,-2,RISK_60,RECENTER_BOTH,50,-1189.023088020001,2
ID30_02_RISK_60_RECENTER_BOTH,2023-04-20,2023-04-18,-2,RISK_60,RECENTER_BOTH,50,-2300.305959785002,2
ID30_02_RISK_60_RECENTER_BOTH,2023-04-27,2023-04-25,-2,RISK_60,RECENTER_BOTH,50,-3029.069517360002,2
ID30_02_RISK_60_RECENTER_BOTH,2023-05-04,2023-05-02,-2,RISK_60,RECENTER_BOTH,50,-248.07007913500013,2
ID30_02_RISK_60_RECENTER_BOTH,2023-05-11,2023-05-09,-2,RISK_60,RECENTER_BOTH,50,3163.2651875499982,2
ID30_02_RISK_60_RECENTER_BOTH,2023-05-18,2023-05-16,-2,RISK_60,RECENTER_BOTH,50,-5414.098606630002,2
ID30_02_RISK_60_RECENTER_BOTH,2023-05-25,2023-05-23,-2,RISK_60,RECENTER_BOTH,50,455.97915109499786,2
ID30_02_RISK_60_RECENTER_BOTH,2023-06-01,2023-05-30,-2,RISK_60,RECENTER_BOTH,50,-1989.8554306050019,2
ID30_02_RISK_60_RECENTER_BOTH,2023-06-08,2023-06-06,-2,RISK_60,RECENTER_BOTH,50,1913.2200988749983,2
ID30_02_RISK_60_RECENTER_BOTH,2023-06-15,2023-06-13,-2,RISK_60,RECENTER_BOTH,50,2907.6532009400003,2
ID30_02_RISK_60_RECENTER_BOTH,2023-06-22,2023-06-20,-2,RISK_60,RECENTER_BOTH,50,520.9011493949963,2
ID30_02_RISK_60_RECENTER_BOTH,2023-06-28,2023-06-26,-2,RISK_60,RECENTER_BOTH,50,-5100.138421724999,2
ID30_02_RISK_60_RECENTER_BOTH,2023-07-06,2023-07-04,-2,RISK_60,RECENTER_BOTH,50,-344.81202733500095,2
ID30_02_RISK_60_RECENTER_BOTH,2023-07-13,2023-07-11,-2,RISK_60,RECENTER_BOTH,50,1253.55945443,2
ID30_02_RISK_60_RECENTER_BOTH,2023-07-20,2023-07-18,-2,RISK_60,RECENTER_BOTH,50,-5002.915104015,2
ID30_02_RISK_60_RECENTER_BOTH,2023-07-27,2023-07-25,-2,RISK_60,RECENTER_BOTH,50,1362.1290708149982,2
ID30_02_RISK_60_RECENTER_BOTH,2023-08-03,2023-08-01,-2,RISK_60,RECENTER_BOTH,50,-5468.194845295002,2
ID30_02_RISK_60_RECENTER_BOTH,2023-08-10,2023-08-08,-2,RISK_60,RECENTER_BOTH,50,1670.9210402249971,2
ID30_02_RISK_60_RECENTER_BOTH,2023-08-17,2023-08-14,-2,RISK_60,RECENTER_BOTH,50,1124.7837635099982,2
ID30_02_RISK_60_RECENTER_BOTH,2023-08-24,2023-08-22,-2,RISK_60,RECENTER_BOTH,50,1863.9096305599992,2
ID30_02_RISK_60_RECENTER_BOTH,2023-08-31,2023-08-29,-2,RISK_60,RECENTER_BOTH,50,781.9276715549995,2
ID30_02_RISK_60_RECENTER_BOTH,2023-09-07,2023-09-05,-2,RISK_60,RECENTER_BOTH,50,-5175.780613,2
ID30_02_RISK_60_RECENTER_BOTH,2023-09-14,2023-09-12,-2,RISK_60,RECENTER_BOTH,50,2516.818540244999,2
ID30_02_RISK_60_RECENTER_BOTH,2023-09-21,2023-09-18,-2,RISK_60,RECENTER_BOTH,50,-5081.598853185002,2
ID30_02_RISK_60_RECENTER_BOTH,2023-09-28,2023-09-26,-2,RISK_60,RECENTER_BOTH,50,-938.3701653,2
ID30_02_RISK_60_RECENTER_BOTH,2023-10-05,2023-10-03,-2,RISK_60,RECENTER_BOTH,50,4677.681132615,2
ID30_02_RISK_60_RECENTER_BOTH,2023-10-12,2023-10-10,-2,RISK_60,RECENTER_BOTH,50,-4788.965515525002,2
ID30_02_RISK_60_RECENTER_BOTH,2023-10-19,2023-10-17,-2,RISK_60,RECENTER_BOTH,50,-3401.2869353300007,2
ID30_02_RISK_60_RECENTER_BOTH,2023-10-26,2023-10-23,-2,RISK_60,RECENTER_BOTH,50,-5073.162654349996,2
ID30_02_RISK_60_RECENTER_BOTH,2023-11-02,2023-10-31,-2,RISK_60,RECENTER_BOTH,50,3359.5649200049966,2
ID30_02_RISK_60_RECENTER_BOTH,2023-11-09,2023-11-07,-2,RISK_60,RECENTER_BOTH,50,2259.801627544998,2
ID30_02_RISK_60_RECENTER_BOTH,2023-11-16,2023-11-13,-2,RISK_60,RECENTER_BOTH,50,-5541.029837435,2
ID30_02_RISK_60_RECENTER_BOTH,2023-11-23,2023-11-21,-2,RISK_60,RECENTER_BOTH,50,4176.745777479999,2
ID30_02_RISK_60_RECENTER_BOTH,2023-11-30,2023-11-28,-2,RISK_60,RECENTER_BOTH,50,-5079.1482078,2
ID30_02_RISK_60_RECENTER_BOTH,2023-12-07,2023-12-05,-2,RISK_60,RECENTER_BOTH,50,-1553.08980965,2
ID30_02_RISK_60_RECENTER_BOTH,2023-12-14,2023-12-12,-2,RISK_60,RECENTER_BOTH,50,-2845.572127585,2
ID30_02_RISK_60_RECENTER_BOTH,2023-12-21,2023-12-19,-2,RISK_60,RECENTER_BOTH,50,-4349.36614562,2
ID30_02_RISK_60_RECENTER_BOTH,2023-12-28,2023-12-26,-2,RISK_60,RECENTER_BOTH,50,-4406.045817474998,2
ID30_02_RISK_60_RECENTER_BOTH,2024-01-04,2024-01-02,-2,RISK_60,RECENTER_BOTH,50,3203.5080581499983,2
ID30_02_RISK_60_RECENTER_BOTH,2024-01-11,2024-01-09,-2,RISK_60,RECENTER_BOTH,50,4699.90430884,2
ID30_02_RISK_60_RECENTER_BOTH,2024-01-18,2024-01-16,-2,RISK_60,RECENTER_BOTH,50,-4403.507518324996,2
ID30_02_RISK_60_RECENTER_BOTH,2024-01-25,2024-01-23,-2,RISK_60,RECENTER_BOTH,50,-4013.4881945049983,2
ID30_02_RISK_60_RECENTER_BOTH,2024-02-01,2024-01-30,-2,RISK_60,RECENTER_BOTH,50,5110.754534785,2
ID30_02_RISK_60_RECENTER_BOTH,2024-02-08,2024-02-06,-2,RISK_60,RECENTER_BOTH,50,-497.5743366700043,2
ID30_02_RISK_60_RECENTER_BOTH,2024-02-15,2024-02-13,-2,RISK_60,RECENTER_BOTH,50,-3243.399524094996,2
ID30_02_RISK_60_RECENTER_BOTH,2024-02-22,2024-02-20,-2,RISK_60,RECENTER_BOTH,50,1864.2529126299964,2
ID30_02_RISK_60_RECENTER_BOTH,2024-02-29,2024-02-27,-2,RISK_60,RECENTER_BOTH,50,-3163.2484409550016,2
ID30_02_RISK_60_RECENTER_BOTH,2024-03-07,2024-03-05,-2,RISK_60,RECENTER_BOTH,50,-1292.3892828100047,2
ID30_02_RISK_60_RECENTER_BOTH,2024-03-14,2024-03-12,-2,RISK_60,RECENTER_BOTH,50,-1798.650867765,2
ID30_02_RISK_60_RECENTER_BOTH,2024-03-21,2024-03-19,-2,RISK_60,RECENTER_BOTH,50,4077.9827706149963,2
ID30_02_RISK_60_RECENTER_BOTH,2024-03-28,2024-03-26,-2,RISK_60,RECENTER_BOTH,50,-3518.099504304996,2
ID30_02_RISK_60_RECENTER_BOTH,2024-04-04,2024-04-02,-2,RISK_60,RECENTER_BOTH,50,3864.4209204500003,2
ID30_02_RISK_60_RECENTER_BOTH,2024-04-10,2024-04-08,-2,RISK_60,RECENTER_BOTH,50,-1257.9208258850026,2
ID30_02_RISK_60_RECENTER_BOTH,2024-04-18,2024-04-15,-2,RISK_60,RECENTER_BOTH,50,-3247.909100200002,2
ID30_02_RISK_60_RECENTER_BOTH,2024-04-25,2024-04-23,-2,RISK_60,RECENTER_BOTH,50,-3284.6848089800033,2
ID30_02_RISK_60_RECENTER_BOTH,2024-05-02,2024-04-29,-2,RISK_60,RECENTER_BOTH,25,45.506288592499914,2
ID30_02_RISK_60_RECENTER_BOTH,2024-05-09,2024-05-07,-2,RISK_60,RECENTER_BOTH,25,-2138.2829306775006,2
ID30_02_RISK_60_RECENTER_BOTH,2024-05-16,2024-05-14,-2,RISK_60,RECENTER_BOTH,25,-1966.5458211,2
ID30_02_RISK_60_RECENTER_BOTH,2024-05-23,2024-05-21,-2,RISK_60,RECENTER_BOTH,25,-2159.0729623549996,2
ID30_02_RISK_60_RECENTER_BOTH,2024-05-30,2024-05-28,-2,RISK_60,RECENTER_BOTH,25,-2116.887372149999,2
ID30_02_RISK_60_RECENTER_BOTH,2024-06-06,2024-06-04,-2,RISK_60,RECENTER_BOTH,25,-1356.8933990224964,2
ID30_02_RISK_60_RECENTER_BOTH,2024-06-13,2024-06-11,-2,RISK_60,RECENTER_BOTH,25,-500.8195479675005,2
ID30_02_RISK_60_RECENTER_BOTH,2024-06-20,2024-06-18,-2,RISK_60,RECENTER_BOTH,25,1940.19837897,2
ID30_02_RISK_60_RECENTER_BOTH,2024-06-27,2024-06-25,-2,RISK_60,RECENTER_BOTH,25,-2358.04543427,2
ID30_02_RISK_60_RECENTER_BOTH,2024-07-04,2024-07-02,-2,RISK_60,RECENTER_BOTH,25,-966.3901075150006,2
ID30_02_RISK_60_RECENTER_BOTH,2024-07-11,2024-07-09,-2,RISK_60,RECENTER_BOTH,25,1527.9681565199999,2
ID30_02_RISK_60_RECENTER_BOTH,2024-07-18,2024-07-15,-2,RISK_60,RECENTER_BOTH,25,-2170.9105875275,2
ID30_02_RISK_60_RECENTER_BOTH,2024-07-25,2024-07-23,-2,RISK_60,RECENTER_BOTH,25,640.4086166375,2
ID30_02_RISK_60_RECENTER_BOTH,2024-08-01,2024-07-30,-2,RISK_60,RECENTER_BOTH,25,-927.0963685900006,2
ID30_02_RISK_60_RECENTER_BOTH,2024-08-08,2024-08-06,-2,RISK_60,RECENTER_BOTH,25,-729.4086417650001,2
ID30_02_RISK_60_RECENTER_BOTH,2024-08-14,2024-08-12,-2,RISK_60,RECENTER_BOTH,25,-974.4352242850023,2
ID30_02_RISK_60_RECENTER_BOTH,2024-08-22,2024-08-20,-2,RISK_60,RECENTER_BOTH,25,-2329.0542596675,2
ID30_02_RISK_60_RECENTER_BOTH,2024-08-29,2024-08-27,-2,RISK_60,RECENTER_BOTH,25,-1764.495933225001,2
ID30_02_RISK_60_RECENTER_BOTH,2024-09-05,2024-09-03,-2,RISK_60,RECENTER_BOTH,25,84.58756121999988,2
ID30_02_RISK_60_RECENTER_BOTH,2024-09-12,2024-09-10,-2,RISK_60,RECENTER_BOTH,25,-2487.5664210325003,2
ID30_02_RISK_60_RECENTER_BOTH,2024-09-19,2024-09-17,-2,RISK_60,RECENTER_BOTH,25,2413.286212305,2
ID30_02_RISK_60_RECENTER_BOTH,2024-09-26,2024-09-24,-2,RISK_60,RECENTER_BOTH,25,-2144.326899530001,2
ID30_02_RISK_60_RECENTER_BOTH,2024-10-03,2024-09-30,-2,RISK_60,RECENTER_BOTH,25,-2237.25409829,2
ID30_02_RISK_60_RECENTER_BOTH,2024-10-10,2024-10-08,-2,RISK_60,RECENTER_BOTH,25,-1584.9988543425,2
ID30_02_RISK_60_RECENTER_BOTH,2024-10-17,2024-10-15,-2,RISK_60,RECENTER_BOTH,25,-2482.000168105,2
ID30_02_RISK_60_RECENTER_BOTH,2024-10-24,2024-10-22,-2,RISK_60,RECENTER_BOTH,25,-2318.7716125475,2
ID30_02_RISK_60_RECENTER_BOTH,2024-10-31,2024-10-29,-2,RISK_60,RECENTER_BOTH,25,1505.0913242399988,2
ID30_02_RISK_60_RECENTER_BOTH,2024-11-07,2024-11-05,-2,RISK_60,RECENTER_BOTH,25,-1604.930061155,2
ID30_02_RISK_60_RECENTER_BOTH,2024-11-14,2024-11-12,-2,RISK_60,RECENTER_BOTH,25,-2392.3396035699984,2
ID30_02_RISK_60_RECENTER_BOTH,2024-11-21,2024-11-18,-2,RISK_60,RECENTER_BOTH,75,2366.5305938624992,2
ID30_02_RISK_60_RECENTER_BOTH,2024-11-28,2024-11-26,-2,RISK_60,RECENTER_BOTH,75,-5221.707404955,2
ID30_02_RISK_60_RECENTER_BOTH,2024-12-05,2024-12-03,-2,RISK_60,RECENTER_BOTH,75,-3068.5941342075007,2
ID30_02_RISK_60_RECENTER_BOTH,2024-12-12,2024-12-10,-2,RISK_60,RECENTER_BOTH,75,2215.3245665099994,2
ID30_02_RISK_60_RECENTER_BOTH,2024-12-19,2024-12-17,-2,RISK_60,RECENTER_BOTH,75,-4729.732073339993,2
ID30_02_RISK_60_RECENTER_BOTH,2024-12-26,2024-12-23,-2,RISK_60,RECENTER_BOTH,75,9245.761295872497,2
ID30_02_RISK_60_RECENTER_BOTH,2025-01-02,2024-12-31,-2,RISK_60,RECENTER_BOTH,75,-4962.973833382493,2
ID30_02_RISK_60_RECENTER_BOTH,2025-01-09,2025-01-07,-2,RISK_60,RECENTER_BOTH,75,-4960.538793195,2
ID30_02_RISK_60_RECENTER_BOTH,2025-01-16,2025-01-14,-2,RISK_60,RECENTER_BOTH,75,1356.6190723724956,2
ID30_02_RISK_60_RECENTER_BOTH,2025-01-23,2025-01-21,-2,RISK_60,RECENTER_BOTH,75,-4313.027171040006,2
ID30_02_RISK_60_RECENTER_BOTH,2025-01-30,2025-01-28,-2,RISK_60,RECENTER_BOTH,75,-4280.912410394996,2
ID30_02_RISK_60_RECENTER_BOTH,2025-02-06,2025-02-04,-2,RISK_60,RECENTER_BOTH,75,2981.517143572499,2
ID30_02_RISK_60_RECENTER_BOTH,2025-02-13,2025-02-11,-2,RISK_60,RECENTER_BOTH,75,-4823.329572622501,2
ID30_02_RISK_60_RECENTER_BOTH,2025-02-20,2025-02-18,-2,RISK_60,RECENTER_BOTH,75,9463.6219115775,2
ID30_02_RISK_60_RECENTER_BOTH,2025-02-27,2025-02-24,-2,RISK_60,RECENTER_BOTH,75,2440.24830441,2
ID30_02_RISK_60_RECENTER_BOTH,2025-03-06,2025-03-04,-2,RISK_60,RECENTER_BOTH,75,-6118.993217444992,2
ID30_02_RISK_60_RECENTER_BOTH,2025-03-13,2025-03-11,-2,RISK_60,RECENTER_BOTH,75,6052.8616100849995,2
ID30_02_RISK_60_RECENTER_BOTH,2025-03-20,2025-03-18,-2,RISK_60,RECENTER_BOTH,75,-4981.425431857504,2
ID30_02_RISK_60_RECENTER_BOTH,2025-03-27,2025-03-25,-2,RISK_60,RECENTER_BOTH,75,-1959.0159729299999,2
ID30_02_RISK_60_RECENTER_BOTH,2025-04-03,2025-04-01,-2,RISK_60,RECENTER_BOTH,75,-6089.7995464425,2
ID30_02_RISK_60_RECENTER_BOTH,2025-04-09,2025-04-07,-2,RISK_60,RECENTER_BOTH,75,-3856.0368170924853,2
ID30_02_RISK_60_RECENTER_BOTH,2025-04-17,2025-04-15,-2,RISK_60,RECENTER_BOTH,75,-5075.062726814993,2
ID30_02_RISK_60_RECENTER_BOTH,2025-04-24,2025-04-22,-2,RISK_60,RECENTER_BOTH,75,1546.6763094599964,2
ID30_02_RISK_60_RECENTER_BOTH,2025-04-30,2025-04-28,-2,RISK_60,RECENTER_BOTH,75,-5657.8140540825,2
ID30_02_RISK_60_RECENTER_BOTH,2025-05-08,2025-05-06,-2,RISK_60,RECENTER_BOTH,75,-5547.865432050002,2
ID30_02_RISK_60_RECENTER_BOTH,2025-05-15,2025-05-13,-2,RISK_60,RECENTER_BOTH,75,-4200.047880862497,2
ID30_02_RISK_60_RECENTER_BOTH,2025-05-22,2025-05-20,-2,RISK_60,RECENTER_BOTH,75,-5394.529087057496,2
ID30_02_RISK_60_RECENTER_BOTH,2025-05-29,2025-05-27,-2,RISK_60,RECENTER_BOTH,75,7444.961173402497,2
ID30_02_RISK_60_RECENTER_BOTH,2025-06-05,2025-06-03,-2,RISK_60,RECENTER_BOTH,75,5526.738917445,2
ID30_02_RISK_60_RECENTER_BOTH,2025-06-12,2025-06-10,-2,RISK_60,RECENTER_BOTH,75,-5215.897168717502,2
ID30_02_RISK_60_RECENTER_BOTH,2025-06-19,2025-06-17,-2,RISK_60,RECENTER_BOTH,75,1894.6093192425,2
ID30_02_RISK_60_RECENTER_BOTH,2025-06-26,2025-06-24,-2,RISK_60,RECENTER_BOTH,75,-5815.216752067502,2
ID30_02_RISK_60_RECENTER_BOTH,2025-07-03,2025-07-01,-2,RISK_60,RECENTER_BOTH,75,-4766.359421392502,2
ID30_02_RISK_60_RECENTER_BOTH,2025-07-10,2025-07-08,-2,RISK_60,RECENTER_BOTH,75,1110.5318205524982,2
ID30_02_RISK_60_RECENTER_BOTH,2025-07-17,2025-07-15,-2,RISK_60,RECENTER_BOTH,75,5120.969227409998,2
ID30_02_RISK_60_RECENTER_BOTH,2025-07-24,2025-07-22,-2,RISK_60,RECENTER_BOTH,75,1332.9199155749952,2
ID30_02_RISK_60_RECENTER_BOTH,2025-07-31,2025-07-29,-2,RISK_60,RECENTER_BOTH,75,401.2854979499963,2
ID30_02_RISK_60_RECENTER_BOTH,2025-08-07,2025-08-05,-2,RISK_60,RECENTER_BOTH,75,2041.574667247499,2
ID30_02_RISK_60_RECENTER_BOTH,2025-08-14,2025-08-12,-2,RISK_60,RECENTER_BOTH,75,7079.5077161474965,2
ID30_02_RISK_60_RECENTER_BOTH,2025-08-21,2025-08-19,-2,RISK_60,RECENTER_BOTH,75,-5798.961206715,2
ID30_02_RISK_60_RECENTER_BOTH,2025-08-28,2025-08-25,-2,RISK_60,RECENTER_BOTH,75,-6843.5260752525,2
ID30_02_RISK_60_RECENTER_BOTH,2025-09-02,2025-08-29,-2,RISK_60,RECENTER_BOTH,75,4510.715332282495,2
ID30_02_RISK_60_RECENTER_BOTH,2025-09-09,2025-09-05,-2,RISK_60,RECENTER_BOTH,75,3119.488243132498,2
ID30_02_RISK_60_RECENTER_BOTH,2025-09-16,2025-09-12,-2,RISK_60,RECENTER_BOTH,75,-4746.907934812505,2
ID30_02_RISK_60_RECENTER_BOTH,2025-09-23,2025-09-19,-2,RISK_60,RECENTER_BOTH,75,-4589.9255217525015,2
ID30_02_RISK_60_RECENTER_BOTH,2025-09-30,2025-09-26,-2,RISK_60,RECENTER_BOTH,75,-4314.548973120005,2
ID30_02_RISK_60_RECENTER_BOTH,2025-10-07,2025-10-03,-2,RISK_60,RECENTER_BOTH,75,-7236.097650914997,2
ID30_02_RISK_60_RECENTER_BOTH,2025-10-14,2025-10-09,-2,RISK_60,RECENTER_BOTH,75,3534.88154391,2
ID30_02_RISK_60_RECENTER_BOTH,2025-10-28,2025-10-24,-2,RISK_60,RECENTER_BOTH,75,5727.9236254125,2
ID30_02_RISK_60_RECENTER_BOTH,2025-11-04,2025-10-31,-2,RISK_60,RECENTER_BOTH,75,-5719.1105373450055,2
ID30_02_RISK_60_RECENTER_BOTH,2025-11-11,2025-11-07,-2,RISK_60,RECENTER_BOTH,75,-6085.808853645003,2
ID30_02_RISK_60_RECENTER_BOTH,2025-11-18,2025-11-14,-2,RISK_60,RECENTER_BOTH,75,4214.061760072499,2
ID30_02_RISK_60_RECENTER_BOTH,2025-11-25,2025-11-21,-2,RISK_60,RECENTER_BOTH,75,-5434.398155887504,2
ID30_02_RISK_60_RECENTER_BOTH,2025-12-02,2025-11-28,-2,RISK_60,RECENTER_BOTH,75,-5905.007790255,2
ID30_02_RISK_60_RECENTER_BOTH,2025-12-09,2025-12-05,-2,RISK_60,RECENTER_BOTH,75,-5544.590809642502,2
ID30_02_RISK_60_RECENTER_BOTH,2025-12-16,2025-12-12,-2,RISK_60,RECENTER_BOTH,75,-3642.5056028175036,2
ID30_02_RISK_60_RECENTER_BOTH,2025-12-23,2025-12-19,-2,RISK_60,RECENTER_BOTH,75,-6330.887231865002,2
ID30_02_RISK_60_RECENTER_BOTH,2025-12-30,2025-12-26,-2,RISK_60,RECENTER_BOTH,75,-4829.809121752502,2
ID30_02_RISK_60_RECENTER_BOTH,2026-01-06,2026-01-02,-2,RISK_60,RECENTER_BOTH,65,4815.741759488,2
ID30_02_RISK_60_RECENTER_BOTH,2026-01-13,2026-01-09,-2,RISK_60,RECENTER_BOTH,65,1013.5090259484955,2
ID30_02_RISK_60_RECENTER_BOTH,2026-01-20,2026-01-16,-2,RISK_60,RECENTER_BOTH,65,-4968.884288202,2
ID30_02_RISK_60_RECENTER_BOTH,2026-01-27,2026-01-22,-2,RISK_60,RECENTER_BOTH,65,-4695.560088027005,2
ID30_02_RISK_60_RECENTER_BOTH,2026-02-03,2026-02-01,-2,RISK_60,RECENTER_BOTH,65,-3619.2938665095,2
ID30_02_RISK_60_RECENTER_BOTH,2026-02-10,2026-02-06,-2,RISK_60,RECENTER_BOTH,65,-4795.473611399,2
ID30_02_RISK_60_RECENTER_BOTH,2026-02-17,2026-02-13,-2,RISK_60,RECENTER_BOTH,65,-4096.313745501004,2
ID30_02_RISK_60_RECENTER_BOTH,2026-02-24,2026-02-20,-2,RISK_60,RECENTER_BOTH,65,5823.379783471492,2
ID30_02_RISK_60_RECENTER_BOTH,2026-03-02,2026-02-26,-2,RISK_60,RECENTER_BOTH,65,-5079.667518396845,2
ID30_02_RISK_60_RECENTER_BOTH,2026-03-10,2026-03-06,-2,RISK_60,RECENTER_BOTH,65,-3673.027505064207,2
ID30_02_RISK_60_RECENTER_BOTH,2026-03-17,2026-03-13,-2,RISK_60,RECENTER_BOTH,65,-1623.8361169359,2
ID30_02_RISK_60_RECENTER_BOTH,2026-03-24,2026-03-20,-2,RISK_60,RECENTER_BOTH,65,-3252.4058766272515,2
ID30_02_RISK_60_RECENTER_BOTH,2026-03-30,2026-03-25,-2,RISK_60,RECENTER_BOTH,65,-3230.7774825607403,2
ID30_02_RISK_60_RECENTER_BOTH,2026-04-07,2026-04-02,-2,RISK_60,RECENTER_BOTH,65,-3287.522403382225,2
ID30_02_RISK_60_RECENTER_BOTH,2026-04-13,2026-04-09,-2,RISK_60,RECENTER_BOTH,65,5253.9640815824405,2
ID30_02_RISK_60_RECENTER_BOTH,2026-04-21,2026-04-17,-2,RISK_60,RECENTER_BOTH,65,-3892.649922936984,2
ID30_02_RISK_60_RECENTER_BOTH,2026-04-28,2026-04-24,-2,RISK_60,RECENTER_BOTH,65,6751.666294195861,2
ID30_02_RISK_60_RECENTER_BOTH,2026-05-05,2026-04-30,-2,RISK_60,RECENTER_BOTH,65,2117.1581279790976,2
ID30_02_RISK_60_RECENTER_BOTH,2026-05-12,2026-05-08,-2,RISK_60,RECENTER_BOTH,65,-3894.771558881655,2
ID30_02_RISK_60_RECENTER_BOTH,2026-05-19,2026-05-15,-2,RISK_60,RECENTER_BOTH,65,2134.3330930730726,2
ID30_02_RISK_60_RECENTER_BOTH,2026-05-26,2026-05-21,-2,RISK_60,RECENTER_BOTH,65,-615.8591863120549,2
ID30_02_RISK_60_RECENTER_BOTH,2026-06-02,2026-05-22,-2,RISK_60,RECENTER_BOTH,65,260.6933824635245,2
ID30_02_RISK_60_RECENTER_BOTH,2026-07-07,2026-07-01,-2,RISK_60,RECENTER_BOTH,65,-1812.1357449929637,2
ID30_02_RISK_60_RECENTER_BOTH,2026-07-14,2026-07-01,-2,RISK_60,RECENTER_BOTH,65,-1753.277315311675,2
ID30_02_RISK_60_RECENTER_BOTH,2026-07-21,2026-07-01,-2,RISK_60,RECENTER_BOTH,65,-737.2395230370225,2
ID30_02_RISK_60_RECENTER_BOTH,2026-07-28,2026-07-01,-2,RISK_60,RECENTER_BOTH,65,-2148.5576086126675,2
ID30_02_RISK_60_RECENTER_BOTH,2026-08-04,2026-07-01,-2,RISK_60,RECENTER_BOTH,65,-3853.2989532380225,2
ID30_02_WING_60_ONE_STRIKE_INSIDE,2021-07-08,2021-07-06,-2,WING_60,ONE_STRIKE_INSIDE,50,-4466.495800785,2
ID30_02_WING_60_ONE_STRIKE_INSIDE,2021-07-15,2021-07-13,-2,WING_60,ONE_STRIKE_INSIDE,50,-1949.201937265,2
ID30_02_WING_60_ONE_STRIKE_INSIDE,2021-07-22,2021-07-19,-2,WING_60,ONE_STRIKE_INSIDE,50,1890.604841139999,2
ID30_02_WING_60_ONE_STRIKE_INSIDE,2021-07-29,2021-07-27,-2,WING_60,ONE_STRIKE_INSIDE,50,-899.1806880099999,2
ID30_02_WING_60_ONE_STRIKE_INSIDE,2021-08-05,2021-08-03,-2,WING_60,ONE_STRIKE_INSIDE,50,-5614.20911109,2
ID30_02_WING_60_ONE_STRIKE_INSIDE,2021-08-12,2021-08-10,-2,WING_60,ONE_STRIKE_INSIDE,50,4152.73887179,2
ID30_02_WING_60_ONE_STRIKE_INSIDE,2021-08-18,2021-08-16,-2,WING_60,ONE_STRIKE_INSIDE,50,4591.827656415,2
ID30_02_WING_60_ONE_STRIKE_INSIDE,2021-08-26,2021-08-24,-2,WING_60,ONE_STRIKE_INSIDE,50,3652.358672595,0
ID30_02_WING_60_ONE_STRIKE_INSIDE,2021-09-02,2021-08-31,-2,WING_60,ONE_STRIKE_INSIDE,50,-5681.732481295,2
ID30_02_WING_60_ONE_STRIKE_INSIDE,2021-09-09,2021-09-07,-2,WING_60,ONE_STRIKE_INSIDE,50,3099.014094419999,2
ID30_02_WING_60_ONE_STRIKE_INSIDE,2021-09-16,2021-09-14,-2,WING_60,ONE_STRIKE_INSIDE,50,2648.9202856549973,2
ID30_02_WING_60_ONE_STRIKE_INSIDE,2021-09-23,2021-09-21,-2,WING_60,ONE_STRIKE_INSIDE,50,-350.75740961999907,2
ID30_02_WING_60_ONE_STRIKE_INSIDE,2021-09-30,2021-09-28,-2,WING_60,ONE_STRIKE_INSIDE,50,-4895.49714043,2
ID30_02_WING_60_ONE_STRIKE_INSIDE,2021-10-07,2021-10-05,-2,WING_60,ONE_STRIKE_INSIDE,50,-244.1384977950001,2
ID30_02_WING_60_ONE_STRIKE_INSIDE,2021-10-14,2021-10-12,-2,WING_60,ONE_STRIKE_INSIDE,50,-258.0403436399991,2
ID30_02_WING_60_ONE_STRIKE_INSIDE,2021-10-21,2021-10-19,-2,WING_60,ONE_STRIKE_INSIDE,50,-5083.958228854991,2
ID30_02_WING_60_ONE_STRIKE_INSIDE,2021-10-28,2021-10-26,-2,WING_60,ONE_STRIKE_INSIDE,50,-5681.74973577,2
ID30_02_WING_60_ONE_STRIKE_INSIDE,2021-11-11,2021-11-09,-2,WING_60,ONE_STRIKE_INSIDE,50,-5235.159611764996,2
ID30_02_WING_60_ONE_STRIKE_INSIDE,2021-11-18,2021-11-16,-2,WING_60,ONE_STRIKE_INSIDE,50,-5208.836525725001,2
ID30_02_WING_60_ONE_STRIKE_INSIDE,2021-11-25,2021-11-23,-2,WING_60,ONE_STRIKE_INSIDE,50,-597.0348802449981,2
ID30_02_WING_60_ONE_STRIKE_INSIDE,2021-12-02,2021-11-30,-2,WING_60,ONE_STRIKE_INSIDE,50,3672.6596194800018,2
ID30_02_WING_60_ONE_STRIKE_INSIDE,2021-12-09,2021-12-07,-2,WING_60,ONE_STRIKE_INSIDE,50,-4482.621879479998,2
ID30_02_WING_60_ONE_STRIKE_INSIDE,2021-12-16,2021-12-14,-2,WING_60,ONE_STRIKE_INSIDE,50,-3035.0613763449983,2
ID30_02_WING_60_ONE_STRIKE_INSIDE,2021-12-23,2021-12-21,-2,WING_60,ONE_STRIKE_INSIDE,50,-4447.284308264999,2
ID30_02_WING_60_ONE_STRIKE_INSIDE,2021-12-30,2021-12-28,-2,WING_60,ONE_STRIKE_INSIDE,50,5032.699246735,0
ID30_02_WING_60_ONE_STRIKE_INSIDE,2022-01-06,2022-01-04,-2,WING_60,ONE_STRIKE_INSIDE,50,4812.50044168,2
ID30_02_WING_60_ONE_STRIKE_INSIDE,2022-01-13,2022-01-11,-2,WING_60,ONE_STRIKE_INSIDE,50,3130.689308129998,2
ID30_02_WING_60_ONE_STRIKE_INSIDE,2022-01-20,2022-01-18,-2,WING_60,ONE_STRIKE_INSIDE,50,-5522.1646146,2
ID30_02_WING_60_ONE_STRIKE_INSIDE,2022-01-27,2022-01-24,-2,WING_60,ONE_STRIKE_INSIDE,50,-4574.069466674997,2
ID30_02_WING_60_ONE_STRIKE_INSIDE,2022-02-03,2022-02-01,-2,WING_60,ONE_STRIKE_INSIDE,50,6071.224072905002,2
ID30_02_WING_60_ONE_STRIKE_INSIDE,2022-02-10,2022-02-08,-2,WING_60,ONE_STRIKE_INSIDE,50,69.60790074500176,2
ID30_02_WING_60_ONE_STRIKE_INSIDE,2022-02-17,2022-02-15,-2,WING_60,ONE_STRIKE_INSIDE,50,353.4677736500009,2
ID30_02_WING_60_ONE_STRIKE_INSIDE,2022-02-24,2022-02-22,-2,WING_60,ONE_STRIKE_INSIDE,50,-4716.079062254993,2
ID30_02_WING_60_ONE_STRIKE_INSIDE,2022-03-03,2022-02-28,-2,WING_60,ONE_STRIKE_INSIDE,50,3930.634629985004,2
ID30_02_WING_60_ONE_STRIKE_INSIDE,2022-03-10,2022-03-08,-2,WING_60,ONE_STRIKE_INSIDE,50,623.78966163,2
ID30_02_WING_60_ONE_STRIKE_INSIDE,2022-03-17,2022-03-15,-2,WING_60,ONE_STRIKE_INSIDE,50,645.6748683300027,2
ID30_02_WING_60_ONE_STRIKE_INSIDE,2022-03-24,2022-03-22,-2,WING_60,ONE_STRIKE_INSIDE,50,-1392.0151349699945,2
ID30_02_WING_60_ONE_STRIKE_INSIDE,2022-03-31,2022-03-29,-2,WING_60,ONE_STRIKE_INSIDE,50,-235.7361688549982,2
ID30_02_WING_60_ONE_STRIKE_INSIDE,2022-04-07,2022-04-05,-2,WING_60,ONE_STRIKE_INSIDE,50,-5082.419850084998,2
ID30_02_WING_60_ONE_STRIKE_INSIDE,2022-04-13,2022-04-11,-2,WING_60,ONE_STRIKE_INSIDE,50,-5169.148728934998,2
ID30_02_WING_60_ONE_STRIKE_INSIDE,2022-04-21,2022-04-19,-2,WING_60,ONE_STRIKE_INSIDE,50,2630.5367561800003,2
ID30_02_WING_60_ONE_STRIKE_INSIDE,2022-04-28,2022-04-26,-2,WING_60,ONE_STRIKE_INSIDE,50,1979.8713478100017,2
ID30_02_WING_60_ONE_STRIKE_INSIDE,2022-05-05,2022-05-02,-2,WING_60,ONE_STRIKE_INSIDE,50,-4203.958772964999,2
ID30_02_WING_60_ONE_STRIKE_INSIDE,2022-05-12,2022-05-10,-2,WING_60,ONE_STRIKE_INSIDE,50,-4259.656463154996,2
ID30_02_WING_60_ONE_STRIKE_INSIDE,2022-05-19,2022-05-17,-2,WING_60,ONE_STRIKE_INSIDE,50,1437.156750840002,2
ID30_02_WING_60_ONE_STRIKE_INSIDE,2022-05-26,2022-05-24,-2,WING_60,ONE_STRIKE_INSIDE,50,3681.192083179999,2
ID30_02_WING_60_ONE_STRIKE_INSIDE,2022-06-02,2022-05-31,-2,WING_60,ONE_STRIKE_INSIDE,50,5511.609198700002,2
ID30_02_WING_60_ONE_STRIKE_INSIDE,2022-06-09,2022-06-07,-2,WING_60,ONE_STRIKE_INSIDE,50,3386.738175719999,2
ID30_02_WING_60_ONE_STRIKE_INSIDE,2022-06-16,2022-06-14,-2,WING_60,ONE_STRIKE_INSIDE,50,697.4306694850001,2
ID30_02_WING_60_ONE_STRIKE_INSIDE,2022-06-23,2022-06-21,-2,WING_60,ONE_STRIKE_INSIDE,50,2757.3232507949992,2
ID30_02_WING_60_ONE_STRIKE_INSIDE,2022-06-30,2022-06-28,-2,WING_60,ONE_STRIKE_INSIDE,50,5238.539980825,0
ID30_02_WING_60_ONE_STRIKE_INSIDE,2022-07-07,2022-07-05,-2,WING_60,ONE_STRIKE_INSIDE,50,1979.1144424750019,2
ID30_02_WING_60_ONE_STRIKE_INSIDE,2022-07-14,2022-07-12,-2,WING_60,ONE_STRIKE_INSIDE,50,-4720.649735854997,2
ID30_02_WING_60_ONE_STRIKE_INSIDE,2022-07-21,2022-07-19,-2,WING_60,ONE_STRIKE_INSIDE,50,-5066.231350599998,2
ID30_02_WING_60_ONE_STRIKE_INSIDE,2022-07-28,2022-07-26,-2,WING_60,ONE_STRIKE_INSIDE,50,160.98311338999997,2
ID30_02_WING_60_ONE_STRIKE_INSIDE,2022-08-04,2022-08-02,-2,WING_60,ONE_STRIKE_INSIDE,50,4874.544867375,2
ID30_02_WING_60_ONE_STRIKE_INSIDE,2022-08-11,2022-08-08,-2,WING_60,ONE_STRIKE_INSIDE,50,771.6314117300054,2
ID30_02_WING_60_ONE_STRIKE_INSIDE,2022-08-18,2022-08-16,-2,WING_60,ONE_STRIKE_INSIDE,50,660.53752779,0
ID30_02_WING_60_ONE_STRIKE_INSIDE,2022-08-25,2022-08-23,-2,WING_60,ONE_STRIKE_INSIDE,50,4026.225931285,2
ID30_02_WING_60_ONE_STRIKE_INSIDE,2022-09-01,2022-08-29,-2,WING_60,ONE_STRIKE_INSIDE,50,-3319.7810617449945,2
ID30_02_WING_60_ONE_STRIKE_INSIDE,2022-09-08,2022-09-06,-2,WING_60,ONE_STRIKE_INSIDE,50,5004.483147125002,2
ID30_02_WING_60_ONE_STRIKE_INSIDE,2022-09-15,2022-09-13,-2,WING_60,ONE_STRIKE_INSIDE,50,-4396.372381969993,2
ID30_02_WING_60_ONE_STRIKE_INSIDE,2022-09-22,2022-09-20,-2,WING_60,ONE_STRIKE_INSIDE,50,-4019.2476893549983,2
ID30_02_WING_60_ONE_STRIKE_INSIDE,2022-09-29,2022-09-27,-2,WING_60,ONE_STRIKE_INSIDE,50,-4622.269806734998,2
ID30_02_WING_60_ONE_STRIKE_INSIDE,2022-10-06,2022-10-03,-2,WING_60,ONE_STRIKE_INSIDE,50,729.8793845850018,2
ID30_02_WING_60_ONE_STRIKE_INSIDE,2022-10-13,2022-10-11,-2,WING_60,ONE_STRIKE_INSIDE,50,-4716.787522085,2
ID30_02_WING_60_ONE_STRIKE_INSIDE,2022-10-20,2022-10-18,-2,WING_60,ONE_STRIKE_INSIDE,50,4176.031012114999,2
ID30_02_WING_60_ONE_STRIKE_INSIDE,2022-11-03,2022-11-01,-2,WING_60,ONE_STRIKE_INSIDE,50,1529.03324697,2
ID30_02_WING_60_ONE_STRIKE_INSIDE,2022-11-10,2022-11-07,-2,WING_60,ONE_STRIKE_INSIDE,50,-5212.214723394998,2
ID30_02_WING_60_ONE_STRIKE_INSIDE,2022-11-17,2022-11-15,-2,WING_60,ONE_STRIKE_INSIDE,50,4446.336366805,0
ID30_02_WING_60_ONE_STRIKE_INSIDE,2022-11-24,2022-11-22,-2,WING_60,ONE_STRIKE_INSIDE,50,-7832.6802638049985,2
ID30_02_WING_60_ONE_STRIKE_INSIDE,2022-12-01,2022-11-29,-2,WING_60,ONE_STRIKE_INSIDE,50,-4181.485300345002,2
ID30_02_WING_60_ONE_STRIKE_INSIDE,2022-12-08,2022-12-06,-2,WING_60,ONE_STRIKE_INSIDE,50,4199.5914761349995,0
ID30_02_WING_60_ONE_STRIKE_INSIDE,2022-12-15,2022-12-13,-2,WING_60,ONE_STRIKE_INSIDE,50,-2489.29724298,2
ID30_02_WING_60_ONE_STRIKE_INSIDE,2022-12-22,2022-12-20,-2,WING_60,ONE_STRIKE_INSIDE,50,-5104.81101376,2
ID30_02_WING_60_ONE_STRIKE_INSIDE,2022-12-29,2022-12-27,-2,WING_60,ONE_STRIKE_INSIDE,50,4434.86914658,2
ID30_02_WING_60_ONE_STRIKE_INSIDE,2023-01-05,2023-01-03,-2,WING_60,ONE_STRIKE_INSIDE,50,-4687.976609299998,2
ID30_02_WING_60_ONE_STRIKE_INSIDE,2023-01-12,2023-01-10,-2,WING_60,ONE_STRIKE_INSIDE,50,-5136.99945934,2
ID30_02_WING_60_ONE_STRIKE_INSIDE,2023-01-19,2023-01-17,-2,WING_60,ONE_STRIKE_INSIDE,50,-656.501843715,2
ID30_02_WING_60_ONE_STRIKE_INSIDE,2023-01-25,2023-01-23,-2,WING_60,ONE_STRIKE_INSIDE,50,-4651.40408116,2
ID30_02_WING_60_ONE_STRIKE_INSIDE,2023-02-02,2023-01-31,-2,WING_60,ONE_STRIKE_INSIDE,50,5811.374734550003,2
ID30_02_WING_60_ONE_STRIKE_INSIDE,2023-02-09,2023-02-07,-2,WING_60,ONE_STRIKE_INSIDE,50,4934.207691405,2
ID30_02_WING_60_ONE_STRIKE_INSIDE,2023-02-16,2023-02-14,-2,WING_60,ONE_STRIKE_INSIDE,50,-4730.356736769998,2
ID30_02_WING_60_ONE_STRIKE_INSIDE,2023-02-23,2023-02-21,-2,WING_60,ONE_STRIKE_INSIDE,50,-5284.40368295,2
ID30_02_WING_60_ONE_STRIKE_INSIDE,2023-03-02,2023-02-28,-2,WING_60,ONE_STRIKE_INSIDE,50,-1637.17983075,2
ID30_02_WING_60_ONE_STRIKE_INSIDE,2023-03-09,2023-03-06,-2,WING_60,ONE_STRIKE_INSIDE,50,-4685.391175029997,2
ID30_02_WING_60_ONE_STRIKE_INSIDE,2023-03-16,2023-03-14,-2,WING_60,ONE_STRIKE_INSIDE,50,-4992.83067247,2
ID30_02_WING_60_ONE_STRIKE_INSIDE,2023-03-23,2023-03-21,-2,WING_60,ONE_STRIKE_INSIDE,50,5487.855033005,0
ID30_02_WING_60_ONE_STRIKE_INSIDE,2023-03-29,2023-03-27,-2,WING_60,ONE_STRIKE_INSIDE,50,4190.744876914999,2
ID30_02_WING_60_ONE_STRIKE_INSIDE,2023-04-06,2023-04-03,-2,WING_60,ONE_STRIKE_INSIDE,50,-4263.810834624998,2
ID30_02_WING_60_ONE_STRIKE_INSIDE,2023-04-13,2023-04-11,-2,WING_60,ONE_STRIKE_INSIDE,50,2083.222371335,0
ID30_02_WING_60_ONE_STRIKE_INSIDE,2023-04-20,2023-04-18,-2,WING_60,ONE_STRIKE_INSIDE,50,-4893.590272434998,2
ID30_02_WING_60_ONE_STRIKE_INSIDE,2023-04-27,2023-04-25,-2,WING_60,ONE_STRIKE_INSIDE,50,319.73438267999904,0
ID30_02_WING_60_ONE_STRIKE_INSIDE,2023-05-04,2023-05-02,-2,WING_60,ONE_STRIKE_INSIDE,50,4044.87902562,2
ID30_02_WING_60_ONE_STRIKE_INSIDE,2023-05-11,2023-05-09,-2,WING_60,ONE_STRIKE_INSIDE,50,1329.741744785,2
ID30_02_WING_60_ONE_STRIKE_INSIDE,2023-05-18,2023-05-16,-2,WING_60,ONE_STRIKE_INSIDE,50,-5282.450338255002,2
ID30_02_WING_60_ONE_STRIKE_INSIDE,2023-05-25,2023-05-23,-2,WING_60,ONE_STRIKE_INSIDE,50,-2349.67786662,2
ID30_02_WING_60_ONE_STRIKE_INSIDE,2023-06-01,2023-05-30,-2,WING_60,ONE_STRIKE_INSIDE,50,-4224.300979045,2
ID30_02_WING_60_ONE_STRIKE_INSIDE,2023-06-08,2023-06-06,-2,WING_60,ONE_STRIKE_INSIDE,50,4220.85846705,2
ID30_02_WING_60_ONE_STRIKE_INSIDE,2023-06-15,2023-06-13,-2,WING_60,ONE_STRIKE_INSIDE,50,1622.8738079249995,0
ID30_02_WING_60_ONE_STRIKE_INSIDE,2023-06-22,2023-06-20,-2,WING_60,ONE_STRIKE_INSIDE,50,3036.220064104999,2
ID30_02_WING_60_ONE_STRIKE_INSIDE,2023-06-28,2023-06-26,-2,WING_60,ONE_STRIKE_INSIDE,50,-4385.236571104998,2
ID30_02_WING_60_ONE_STRIKE_INSIDE,2023-07-06,2023-07-04,-2,WING_60,ONE_STRIKE_INSIDE,50,4145.99377287,2
ID30_02_WING_60_ONE_STRIKE_INSIDE,2023-07-13,2023-07-11,-2,WING_60,ONE_STRIKE_INSIDE,50,-1176.9169200249999,2
ID30_02_WING_60_ONE_STRIKE_INSIDE,2023-07-20,2023-07-18,-2,WING_60,ONE_STRIKE_INSIDE,50,3507.764871,2
ID30_02_WING_60_ONE_STRIKE_INSIDE,2023-07-27,2023-07-25,-2,WING_60,ONE_STRIKE_INSIDE,50,-1370.430032195,2
ID30_02_WING_60_ONE_STRIKE_INSIDE,2023-08-03,2023-08-01,-2,WING_60,ONE_STRIKE_INSIDE,50,-5527.163525805,2
ID30_02_WING_60_ONE_STRIKE_INSIDE,2023-08-10,2023-08-08,-2,WING_60,ONE_STRIKE_INSIDE,50,-798.0154812650019,2
ID30_02_WING_60_ONE_STRIKE_INSIDE,2023-08-17,2023-08-14,-2,WING_60,ONE_STRIKE_INSIDE,50,3736.0624881100002,2
ID30_02_WING_60_ONE_STRIKE_INSIDE,2023-08-24,2023-08-22,-2,WING_60,ONE_STRIKE_INSIDE,50,4743.358352565,2
ID30_02_WING_60_ONE_STRIKE_INSIDE,2023-08-31,2023-08-29,-2,WING_60,ONE_STRIKE_INSIDE,50,1507.3393288349996,0
ID30_02_WING_60_ONE_STRIKE_INSIDE,2023-09-07,2023-09-05,-2,WING_60,ONE_STRIKE_INSIDE,50,-2400.413839875,2
ID30_02_WING_60_ONE_STRIKE_INSIDE,2023-09-14,2023-09-12,-2,WING_60,ONE_STRIKE_INSIDE,50,4028.15404946,2
ID30_02_WING_60_ONE_STRIKE_INSIDE,2023-09-21,2023-09-18,-2,WING_60,ONE_STRIKE_INSIDE,50,-3930.5654593549943,2
ID30_02_WING_60_ONE_STRIKE_INSIDE,2023-09-28,2023-09-26,-2,WING_60,ONE_STRIKE_INSIDE,50,-3388.2127222249983,2
ID30_02_WING_60_ONE_STRIKE_INSIDE,2023-10-05,2023-10-03,-2,WING_60,ONE_STRIKE_INSIDE,50,4362.9650181900015,2
ID30_02_WING_60_ONE_STRIKE_INSIDE,2023-10-12,2023-10-10,-2,WING_60,ONE_STRIKE_INSIDE,50,-2618.553638535,2
ID30_02_WING_60_ONE_STRIKE_INSIDE,2023-10-19,2023-10-17,-2,WING_60,ONE_STRIKE_INSIDE,50,-5695.141015699998,2
ID30_02_WING_60_ONE_STRIKE_INSIDE,2023-10-26,2023-10-23,-2,WING_60,ONE_STRIKE_INSIDE,50,-4933.313236595,2
ID30_02_WING_60_ONE_STRIKE_INSIDE,2023-11-02,2023-10-31,-2,WING_60,ONE_STRIKE_INSIDE,50,1696.5094404699973,2
ID30_02_WING_60_ONE_STRIKE_INSIDE,2023-11-09,2023-11-07,-2,WING_60,ONE_STRIKE_INSIDE,50,4595.98409173,0
ID30_02_WING_60_ONE_STRIKE_INSIDE,2023-11-16,2023-11-13,-2,WING_60,ONE_STRIKE_INSIDE,50,-5700.582107519997,2
ID30_02_WING_60_ONE_STRIKE_INSIDE,2023-11-23,2023-11-21,-2,WING_60,ONE_STRIKE_INSIDE,50,2346.71339976,2
ID30_02_WING_60_ONE_STRIKE_INSIDE,2023-11-30,2023-11-28,-2,WING_60,ONE_STRIKE_INSIDE,50,-4942.3828547549965,2
ID30_02_WING_60_ONE_STRIKE_INSIDE,2023-12-07,2023-12-05,-2,WING_60,ONE_STRIKE_INSIDE,50,1125.090820670002,2
ID30_02_WING_60_ONE_STRIKE_INSIDE,2023-12-14,2023-12-12,-2,WING_60,ONE_STRIKE_INSIDE,50,3631.721593004999,2
ID30_02_WING_60_ONE_STRIKE_INSIDE,2023-12-21,2023-12-19,-2,WING_60,ONE_STRIKE_INSIDE,50,-5152.9588997,2
ID30_02_WING_60_ONE_STRIKE_INSIDE,2023-12-28,2023-12-26,-2,WING_60,ONE_STRIKE_INSIDE,50,-4692.6249377199965,2
ID30_02_WING_60_ONE_STRIKE_INSIDE,2024-01-04,2024-01-02,-2,WING_60,ONE_STRIKE_INSIDE,50,-2697.01297625,2
ID30_02_WING_60_ONE_STRIKE_INSIDE,2024-01-11,2024-01-09,-2,WING_60,ONE_STRIKE_INSIDE,50,1818.719968305,2
ID30_02_WING_60_ONE_STRIKE_INSIDE,2024-01-18,2024-01-16,-2,WING_60,ONE_STRIKE_INSIDE,50,-5092.009981465,2
ID30_02_WING_60_ONE_STRIKE_INSIDE,2024-01-25,2024-01-23,-2,WING_60,ONE_STRIKE_INSIDE,50,-5324.600063939998,2
ID30_02_WING_60_ONE_STRIKE_INSIDE,2024-02-01,2024-01-30,-2,WING_60,ONE_STRIKE_INSIDE,50,1268.031299365,2
ID30_02_WING_60_ONE_STRIKE_INSIDE,2024-02-08,2024-02-06,-2,WING_60,ONE_STRIKE_INSIDE,50,63.62435483000371,2
ID30_02_WING_60_ONE_STRIKE_INSIDE,2024-02-15,2024-02-13,-2,WING_60,ONE_STRIKE_INSIDE,50,-4111.7848195,2
ID30_02_WING_60_ONE_STRIKE_INSIDE,2024-02-22,2024-02-20,-2,WING_60,ONE_STRIKE_INSIDE,50,5850.375334600002,2
ID30_02_WING_60_ONE_STRIKE_INSIDE,2024-02-29,2024-02-27,-2,WING_60,ONE_STRIKE_INSIDE,50,-3686.058092579998,2
ID30_02_WING_60_ONE_STRIKE_INSIDE,2024-03-07,2024-03-05,-2,WING_60,ONE_STRIKE_INSIDE,50,5101.422292089997,2
ID30_02_WING_60_ONE_STRIKE_INSIDE,2024-03-14,2024-03-12,-2,WING_60,ONE_STRIKE_INSIDE,50,-5192.084328419996,2
ID30_02_WING_60_ONE_STRIKE_INSIDE,2024-03-21,2024-03-19,-2,WING_60,ONE_STRIKE_INSIDE,50,4963.791453615,2
ID30_02_WING_60_ONE_STRIKE_INSIDE,2024-03-28,2024-03-26,-2,WING_60,ONE_STRIKE_INSIDE,50,-3654.487787110001,2
ID30_02_WING_60_ONE_STRIKE_INSIDE,2024-04-04,2024-04-02,-2,WING_60,ONE_STRIKE_INSIDE,50,4292.813726265002,2
ID30_02_WING_60_ONE_STRIKE_INSIDE,2024-04-10,2024-04-08,-2,WING_60,ONE_STRIKE_INSIDE,50,1878.30520028,0
ID30_02_WING_60_ONE_STRIKE_INSIDE,2024-04-18,2024-04-15,-2,WING_60,ONE_STRIKE_INSIDE,50,-5081.5799515650015,2
ID30_02_WING_60_ONE_STRIKE_INSIDE,2024-04-25,2024-04-23,-2,WING_60,ONE_STRIKE_INSIDE,50,1805.76690556,2
ID30_02_WING_60_ONE_STRIKE_INSIDE,2024-05-02,2024-04-29,-2,WING_60,ONE_STRIKE_INSIDE,25,306.2714150700009,2
ID30_02_WING_60_ONE_STRIKE_INSIDE,2024-05-09,2024-05-07,-2,WING_60,ONE_STRIKE_INSIDE,25,-2577.8844176025,2
ID30_02_WING_60_ONE_STRIKE_INSIDE,2024-05-16,2024-05-14,-2,WING_60,ONE_STRIKE_INSIDE,25,1198.6124326625,2
ID30_02_WING_60_ONE_STRIKE_INSIDE,2024-05-23,2024-05-21,-2,WING_60,ONE_STRIKE_INSIDE,25,-2216.14583975,2
ID30_02_WING_60_ONE_STRIKE_INSIDE,2024-05-30,2024-05-28,-2,WING_60,ONE_STRIKE_INSIDE,25,-2587.2527970275,2
ID30_02_WING_60_ONE_STRIKE_INSIDE,2024-06-06,2024-06-04,-2,WING_60,ONE_STRIKE_INSIDE,25,-1855.909430799998,2
ID30_02_WING_60_ONE_STRIKE_INSIDE,2024-06-13,2024-06-11,-2,WING_60,ONE_STRIKE_INSIDE,25,2648.7895869175027,2
ID30_02_WING_60_ONE_STRIKE_INSIDE,2024-06-20,2024-06-18,-2,WING_60,ONE_STRIKE_INSIDE,25,2273.8363438225,2
ID30_02_WING_60_ONE_STRIKE_INSIDE,2024-06-27,2024-06-25,-2,WING_60,ONE_STRIKE_INSIDE,25,-2382.193207162499,2
ID30_02_WING_60_ONE_STRIKE_INSIDE,2024-07-04,2024-07-02,-2,WING_60,ONE_STRIKE_INSIDE,25,2282.316685840001,2
ID30_02_WING_60_ONE_STRIKE_INSIDE,2024-07-11,2024-07-09,-2,WING_60,ONE_STRIKE_INSIDE,25,102.11612622999996,2
ID30_02_WING_60_ONE_STRIKE_INSIDE,2024-07-18,2024-07-15,-2,WING_60,ONE_STRIKE_INSIDE,25,-1796.336264842499,2
ID30_02_WING_60_ONE_STRIKE_INSIDE,2024-07-25,2024-07-23,-2,WING_60,ONE_STRIKE_INSIDE,25,-803.5158945850001,2
ID30_02_WING_60_ONE_STRIKE_INSIDE,2024-08-01,2024-07-30,-2,WING_60,ONE_STRIKE_INSIDE,25,286.62670161,2
ID30_02_WING_60_ONE_STRIKE_INSIDE,2024-08-08,2024-08-06,-2,WING_60,ONE_STRIKE_INSIDE,25,-2233.140716434999,2
ID30_02_WING_60_ONE_STRIKE_INSIDE,2024-08-14,2024-08-12,-2,WING_60,ONE_STRIKE_INSIDE,25,-2495.295960757501,2
ID30_02_WING_60_ONE_STRIKE_INSIDE,2024-08-22,2024-08-20,-2,WING_60,ONE_STRIKE_INSIDE,25,-1285.7848804774992,2
ID30_02_WING_60_ONE_STRIKE_INSIDE,2024-08-29,2024-08-27,-2,WING_60,ONE_STRIKE_INSIDE,25,-483.8321137575,2
ID30_02_WING_60_ONE_STRIKE_INSIDE,2024-09-05,2024-09-03,-2,WING_60,ONE_STRIKE_INSIDE,25,-1811.1709690625,2
ID30_02_WING_60_ONE_STRIKE_INSIDE,2024-09-12,2024-09-10,-2,WING_60,ONE_STRIKE_INSIDE,25,-22.583890537499087,2
ID30_02_WING_60_ONE_STRIKE_INSIDE,2024-09-19,2024-09-17,-2,WING_60,ONE_STRIKE_INSIDE,25,1173.7128633924995,2
ID30_02_WING_60_ONE_STRIKE_INSIDE,2024-09-26,2024-09-24,-2,WING_60,ONE_STRIKE_INSIDE,25,278.01954598,2
ID30_02_WING_60_ONE_STRIKE_INSIDE,2024-10-03,2024-09-30,-2,WING_60,ONE_STRIKE_INSIDE,25,-2691.774612369998,2
ID30_02_WING_60_ONE_STRIKE_INSIDE,2024-10-10,2024-10-08,-2,WING_60,ONE_STRIKE_INSIDE,25,-812.9012089574982,2
ID30_02_WING_60_ONE_STRIKE_INSIDE,2024-10-17,2024-10-15,-2,WING_60,ONE_STRIKE_INSIDE,25,-2714.661082109998,2
ID30_02_WING_60_ONE_STRIKE_INSIDE,2024-10-24,2024-10-22,-2,WING_60,ONE_STRIKE_INSIDE,25,-2591.9977388875,2
ID30_02_WING_60_ONE_STRIKE_INSIDE,2024-10-31,2024-10-29,-2,WING_60,ONE_STRIKE_INSIDE,25,-222.16985489249998,2
ID30_02_WING_60_ONE_STRIKE_INSIDE,2024-11-07,2024-11-05,-2,WING_60,ONE_STRIKE_INSIDE,25,1525.4201136525014,2
ID30_02_WING_60_ONE_STRIKE_INSIDE,2024-11-14,2024-11-12,-2,WING_60,ONE_STRIKE_INSIDE,25,-2451.1739446675,2
ID30_02_WING_60_ONE_STRIKE_INSIDE,2024-11-21,2024-11-18,-2,WING_60,ONE_STRIKE_INSIDE,75,-6148.0507291424965,2
ID30_02_WING_60_ONE_STRIKE_INSIDE,2024-11-28,2024-11-26,-2,WING_60,ONE_STRIKE_INSIDE,75,-6754.488219097493,2
ID30_02_WING_60_ONE_STRIKE_INSIDE,2024-12-05,2024-12-03,-2,WING_60,ONE_STRIKE_INSIDE,75,-3069.3523124849994,2
ID30_02_WING_60_ONE_STRIKE_INSIDE,2024-12-12,2024-12-10,-2,WING_60,ONE_STRIKE_INSIDE,75,888.472124085,2
ID30_02_WING_60_ONE_STRIKE_INSIDE,2024-12-19,2024-12-17,-2,WING_60,ONE_STRIKE_INSIDE,75,-6246.6337937175,2
ID30_02_WING_60_ONE_STRIKE_INSIDE,2024-12-26,2024-12-23,-2,WING_60,ONE_STRIKE_INSIDE,75,383.66227112999997,2
ID30_02_WING_60_ONE_STRIKE_INSIDE,2025-01-02,2024-12-31,-2,WING_60,ONE_STRIKE_INSIDE,75,517.0351983750036,2
ID30_02_WING_60_ONE_STRIKE_INSIDE,2025-01-09,2025-01-07,-2,WING_60,ONE_STRIKE_INSIDE,75,-6772.092276217496,2
ID30_02_WING_60_ONE_STRIKE_INSIDE,2025-01-16,2025-01-14,-2,WING_60,ONE_STRIKE_INSIDE,75,5863.967464359996,1
ID30_02_WING_60_ONE_STRIKE_INSIDE,2025-01-23,2025-01-21,-2,WING_60,ONE_STRIKE_INSIDE,75,-6685.1655486375,2
ID30_02_WING_60_ONE_STRIKE_INSIDE,2025-01-30,2025-01-28,-2,WING_60,ONE_STRIKE_INSIDE,75,-5953.992835814996,2
ID30_02_WING_60_ONE_STRIKE_INSIDE,2025-02-06,2025-02-04,-2,WING_60,ONE_STRIKE_INSIDE,75,7116.320014357496,2
ID30_02_WING_60_ONE_STRIKE_INSIDE,2025-02-13,2025-02-11,-2,WING_60,ONE_STRIKE_INSIDE,75,-6359.789356462497,2
ID30_02_WING_60_ONE_STRIKE_INSIDE,2025-02-20,2025-02-18,-2,WING_60,ONE_STRIKE_INSIDE,75,5613.9700983975,2
ID30_02_WING_60_ONE_STRIKE_INSIDE,2025-02-27,2025-02-24,-2,WING_60,ONE_STRIKE_INSIDE,75,-3173.965767615,2
ID30_02_WING_60_ONE_STRIKE_INSIDE,2025-03-06,2025-03-04,-2,WING_60,ONE_STRIKE_INSIDE,75,-4404.829244414993,2
ID30_02_WING_60_ONE_STRIKE_INSIDE,2025-03-13,2025-03-11,-2,WING_60,ONE_STRIKE_INSIDE,75,8618.0743701375,2
ID30_02_WING_60_ONE_STRIKE_INSIDE,2025-03-20,2025-03-18,-2,WING_60,ONE_STRIKE_INSIDE,75,-5980.82118168,2
ID30_02_WING_60_ONE_STRIKE_INSIDE,2025-03-27,2025-03-25,-2,WING_60,ONE_STRIKE_INSIDE,75,-6263.9978567775,2
ID30_02_WING_60_ONE_STRIKE_INSIDE,2025-04-03,2025-04-01,-2,WING_60,ONE_STRIKE_INSIDE,75,-7362.147736417496,2
ID30_02_WING_60_ONE_STRIKE_INSIDE,2025-04-09,2025-04-07,-2,WING_60,ONE_STRIKE_INSIDE,75,423.58314211501454,2
ID30_02_WING_60_ONE_STRIKE_INSIDE,2025-04-17,2025-04-15,-2,WING_60,ONE_STRIKE_INSIDE,75,-6257.0233501575,2
ID30_02_WING_60_ONE_STRIKE_INSIDE,2025-04-24,2025-04-22,-2,WING_60,ONE_STRIKE_INSIDE,75,5605.76960421,2
ID30_02_WING_60_ONE_STRIKE_INSIDE,2025-04-30,2025-04-28,-2,WING_60,ONE_STRIKE_INSIDE,75,-5254.7705497725,2
ID30_02_WING_60_ONE_STRIKE_INSIDE,2025-05-08,2025-05-06,-2,WING_60,ONE_STRIKE_INSIDE,75,-7790.9741397,2
ID30_02_WING_60_ONE_STRIKE_INSIDE,2025-05-15,2025-05-13,-2,WING_60,ONE_STRIKE_INSIDE,75,1575.2482984425037,2
ID30_02_WING_60_ONE_STRIKE_INSIDE,2025-05-22,2025-05-20,-2,WING_60,ONE_STRIKE_INSIDE,75,-6859.236117764998,2
ID30_02_WING_60_ONE_STRIKE_INSIDE,2025-05-29,2025-05-27,-2,WING_60,ONE_STRIKE_INSIDE,75,9634.716395572501,2
ID30_02_WING_60_ONE_STRIKE_INSIDE,2025-06-05,2025-06-03,-2,WING_60,ONE_STRIKE_INSIDE,75,9398.713929232506,2
ID30_02_WING_60_ONE_STRIKE_INSIDE,2025-06-12,2025-06-10,-2,WING_60,ONE_STRIKE_INSIDE,75,-1893.5976144450037,2
ID30_02_WING_60_ONE_STRIKE_INSIDE,2025-06-19,2025-06-17,-2,WING_60,ONE_STRIKE_INSIDE,75,-825.396332655,2
ID30_02_WING_60_ONE_STRIKE_INSIDE,2025-06-26,2025-06-24,-2,WING_60,ONE_STRIKE_INSIDE,75,-104.46476067749632,2
ID30_02_WING_60_ONE_STRIKE_INSIDE,2025-07-03,2025-07-01,-2,WING_60,ONE_STRIKE_INSIDE,75,-6760.56639351,2
ID30_02_WING_60_ONE_STRIKE_INSIDE,2025-07-10,2025-07-08,-2,WING_60,ONE_STRIKE_INSIDE,75,-6755.0499481125,2
ID30_02_WING_60_ONE_STRIKE_INSIDE,2025-07-17,2025-07-15,-2,WING_60,ONE_STRIKE_INSIDE,75,2460.9944698325,0
ID30_02_WING_60_ONE_STRIKE_INSIDE,2025-07-24,2025-07-22,-2,WING_60,ONE_STRIKE_INSIDE,75,-598.8681609749999,2
ID30_02_WING_60_ONE_STRIKE_INSIDE,2025-07-31,2025-07-29,-2,WING_60,ONE_STRIKE_INSIDE,75,7116.73531272,2
ID30_02_WING_60_ONE_STRIKE_INSIDE,2025-08-07,2025-08-05,-2,WING_60,ONE_STRIKE_INSIDE,75,-6362.848859527502,2
ID30_02_WING_60_ONE_STRIKE_INSIDE,2025-08-14,2025-08-12,-2,WING_60,ONE_STRIKE_INSIDE,75,6641.067357659998,2
ID30_02_WING_60_ONE_STRIKE_INSIDE,2025-08-21,2025-08-19,-2,WING_60,ONE_STRIKE_INSIDE,75,-2672.676534367504,2
ID30_02_WING_60_ONE_STRIKE_INSIDE,2025-08-28,2025-08-25,-2,WING_60,ONE_STRIKE_INSIDE,75,-6909.55148334,2
ID30_02_WING_60_ONE_STRIKE_INSIDE,2025-09-02,2025-08-29,-2,WING_60,ONE_STRIKE_INSIDE,75,7712.468560244999,2
ID30_02_WING_60_ONE_STRIKE_INSIDE,2025-09-09,2025-09-05,-2,WING_60,ONE_STRIKE_INSIDE,75,6536.238792870004,2
ID30_02_WING_60_ONE_STRIKE_INSIDE,2025-09-16,2025-09-12,-2,WING_60,ONE_STRIKE_INSIDE,75,-571.61852319,2
ID30_02_WING_60_ONE_STRIKE_INSIDE,2025-09-23,2025-09-19,-2,WING_60,ONE_STRIKE_INSIDE,75,-9860.9491923375,2
ID30_02_WING_60_ONE_STRIKE_INSIDE,2025-09-30,2025-09-26,-2,WING_60,ONE_STRIKE_INSIDE,75,-8012.324487472505,2
ID30_02_WING_60_ONE_STRIKE_INSIDE,2025-10-07,2025-10-03,-2,WING_60,ONE_STRIKE_INSIDE,75,-6761.242629494996,2
ID30_02_WING_60_ONE_STRIKE_INSIDE,2025-10-14,2025-10-09,-2,WING_60,ONE_STRIKE_INSIDE,75,7013.3886865575,2
ID30_02_WING_60_ONE_STRIKE_INSIDE,2025-10-28,2025-10-24,-2,WING_60,ONE_STRIKE_INSIDE,75,3373.8683441549983,2
ID30_02_WING_60_ONE_STRIKE_INSIDE,2025-11-04,2025-10-31,-2,WING_60,ONE_STRIKE_INSIDE,75,-7401.7717955775015,2
ID30_02_WING_60_ONE_STRIKE_INSIDE,2025-11-11,2025-11-07,-2,WING_60,ONE_STRIKE_INSIDE,75,-6942.9649288574965,2
ID30_02_WING_60_ONE_STRIKE_INSIDE,2025-11-18,2025-11-14,-2,WING_60,ONE_STRIKE_INSIDE,75,7759.2085410675,2
ID30_02_WING_60_ONE_STRIKE_INSIDE,2025-11-25,2025-11-21,-2,WING_60,ONE_STRIKE_INSIDE,75,-6765.074962620004,2
ID30_02_WING_60_ONE_STRIKE_INSIDE,2025-12-02,2025-11-28,-2,WING_60,ONE_STRIKE_INSIDE,75,-5886.626176005,2
ID30_02_WING_60_ONE_STRIKE_INSIDE,2025-12-09,2025-12-05,-2,WING_60,ONE_STRIKE_INSIDE,75,-8312.6341299225,2
ID30_02_WING_60_ONE_STRIKE_INSIDE,2025-12-16,2025-12-12,-2,WING_60,ONE_STRIKE_INSIDE,75,-6664.5079916925,2
ID30_02_WING_60_ONE_STRIKE_INSIDE,2025-12-23,2025-12-19,-2,WING_60,ONE_STRIKE_INSIDE,75,-6253.961881515003,2
ID30_02_WING_60_ONE_STRIKE_INSIDE,2025-12-30,2025-12-26,-2,WING_60,ONE_STRIKE_INSIDE,75,-7834.1178115725,2
ID30_02_WING_60_ONE_STRIKE_INSIDE,2026-01-06,2026-01-02,-2,WING_60,ONE_STRIKE_INSIDE,65,4686.4798225425,2
ID30_02_WING_60_ONE_STRIKE_INSIDE,2026-01-13,2026-01-09,-2,WING_60,ONE_STRIKE_INSIDE,65,-3451.515197170502,2
ID30_02_WING_60_ONE_STRIKE_INSIDE,2026-01-20,2026-01-16,-2,WING_60,ONE_STRIKE_INSIDE,65,-2347.581934498,2
ID30_02_WING_60_ONE_STRIKE_INSIDE,2026-01-27,2026-01-22,-2,WING_60,ONE_STRIKE_INSIDE,65,-6210.730717562999,2
ID30_02_WING_60_ONE_STRIKE_INSIDE,2026-02-03,2026-02-01,-2,WING_60,ONE_STRIKE_INSIDE,65,1782.0368606155073,2
ID30_02_WING_60_ONE_STRIKE_INSIDE,2026-02-10,2026-02-06,-2,WING_60,ONE_STRIKE_INSIDE,65,-4878.388436358,2
ID30_02_WING_60_ONE_STRIKE_INSIDE,2026-02-17,2026-02-13,-2,WING_60,ONE_STRIKE_INSIDE,65,4155.859067754998,2
ID30_02_WING_60_ONE_STRIKE_INSIDE,2026-02-24,2026-02-20,-2,WING_60,ONE_STRIKE_INSIDE,65,6724.6083083319945,2
ID30_02_WING_60_ONE_STRIKE_INSIDE,2026-03-02,2026-02-26,-2,WING_60,ONE_STRIKE_INSIDE,65,-7210.701864270715,2
ID30_02_WING_60_ONE_STRIKE_INSIDE,2026-03-10,2026-03-06,-2,WING_60,ONE_STRIKE_INSIDE,65,-4995.562322756523,2
ID30_02_WING_60_ONE_STRIKE_INSIDE,2026-03-17,2026-03-13,-2,WING_60,ONE_STRIKE_INSIDE,65,5581.350846058977,2
ID30_02_WING_60_ONE_STRIKE_INSIDE,2026-03-24,2026-03-20,-2,WING_60,ONE_STRIKE_INSIDE,65,-4854.467866968393,2
ID30_02_WING_60_ONE_STRIKE_INSIDE,2026-03-30,2026-03-25,-2,WING_60,ONE_STRIKE_INSIDE,65,1276.8297565286273,2
ID30_02_WING_60_ONE_STRIKE_INSIDE,2026-04-07,2026-04-02,-2,WING_60,ONE_STRIKE_INSIDE,65,-4543.32683175326,2
ID30_02_WING_60_ONE_STRIKE_INSIDE,2026-04-13,2026-04-09,-2,WING_60,ONE_STRIKE_INSIDE,65,-2805.410546870365,2
ID30_02_WING_60_ONE_STRIKE_INSIDE,2026-04-21,2026-04-17,-2,WING_60,ONE_STRIKE_INSIDE,65,-5500.45803857583,2
ID30_02_WING_60_ONE_STRIKE_INSIDE,2026-04-28,2026-04-24,-2,WING_60,ONE_STRIKE_INSIDE,65,2087.203645100465,2
ID30_02_WING_60_ONE_STRIKE_INSIDE,2026-05-05,2026-04-30,-2,WING_60,ONE_STRIKE_INSIDE,65,939.9447234531273,2
ID30_02_WING_60_ONE_STRIKE_INSIDE,2026-05-12,2026-05-08,-2,WING_60,ONE_STRIKE_INSIDE,65,-5606.45125883174,2
ID30_02_WING_60_ONE_STRIKE_INSIDE,2026-05-19,2026-05-15,-2,WING_60,ONE_STRIKE_INSIDE,65,-2606.7159125576413,2
ID30_02_WING_60_ONE_STRIKE_INSIDE,2026-05-26,2026-05-21,-2,WING_60,ONE_STRIKE_INSIDE,65,7109.574281250673,2
ID30_02_WING_60_ONE_STRIKE_INSIDE,2026-06-02,2026-05-22,-2,WING_60,ONE_STRIKE_INSIDE,65,2621.126645582378,2
ID30_02_WING_60_ONE_STRIKE_INSIDE,2026-07-07,2026-07-01,-2,WING_60,ONE_STRIKE_INSIDE,65,-886.1374366464762,2
ID30_02_WING_60_ONE_STRIKE_INSIDE,2026-07-14,2026-07-01,-2,WING_60,ONE_STRIKE_INSIDE,65,-921.0442892173223,2
ID30_02_WING_60_ONE_STRIKE_INSIDE,2026-07-21,2026-07-01,-2,WING_60,ONE_STRIKE_INSIDE,65,-607.1503307915522,2
ID30_02_WING_60_ONE_STRIKE_INSIDE,2026-07-28,2026-07-01,-2,WING_60,ONE_STRIKE_INSIDE,65,-1105.5440938950755,2
ID30_02_WING_60_RECENTER_BOTH,2021-07-08,2021-07-06,-2,WING_60,RECENTER_BOTH,50,-984.77232541,1
ID30_02_WING_60_RECENTER_BOTH,2021-07-15,2021-07-13,-2,WING_60,RECENTER_BOTH,50,-469.66887748999955,1
ID30_02_WING_60_RECENTER_BOTH,2021-07-22,2021-07-19,-2,WING_60,RECENTER_BOTH,50,-6619.504800215001,2
ID30_02_WING_60_RECENTER_BOTH,2021-07-29,2021-07-27,-2,WING_60,RECENTER_BOTH,50,-2477.168458515001,2
ID30_02_WING_60_RECENTER_BOTH,2021-08-05,2021-08-03,-2,WING_60,RECENTER_BOTH,50,-3221.987062895002,2
ID30_02_WING_60_RECENTER_BOTH,2021-08-12,2021-08-10,-2,WING_60,RECENTER_BOTH,50,-1458.8237527200008,2
ID30_02_WING_60_RECENTER_BOTH,2021-08-18,2021-08-16,-2,WING_60,RECENTER_BOTH,50,-335.27633824500174,2
ID30_02_WING_60_RECENTER_BOTH,2021-08-26,2021-08-24,-2,WING_60,RECENTER_BOTH,50,3652.358672595,0
ID30_02_WING_60_RECENTER_BOTH,2021-09-02,2021-08-31,-2,WING_60,RECENTER_BOTH,50,819.9071204099985,2
ID30_02_WING_60_RECENTER_BOTH,2021-09-09,2021-09-07,-2,WING_60,RECENTER_BOTH,50,1402.7837795,1
ID30_02_WING_60_RECENTER_BOTH,2021-09-16,2021-09-14,-2,WING_60,RECENTER_BOTH,50,-5213.110711350004,2
ID30_02_WING_60_RECENTER_BOTH,2021-09-23,2021-09-21,-2,WING_60,RECENTER_BOTH,50,-5675.419248839999,2
ID30_02_WING_60_RECENTER_BOTH,2021-09-30,2021-09-28,-2,WING_60,RECENTER_BOTH,50,2902.013595514998,2
ID30_02_WING_60_RECENTER_BOTH,2021-10-07,2021-10-05,-2,WING_60,RECENTER_BOTH,50,-2087.782534655,2
ID30_02_WING_60_RECENTER_BOTH,2021-10-14,2021-10-12,-2,WING_60,RECENTER_BOTH,50,-5337.117886395,2
ID30_02_WING_60_RECENTER_BOTH,2021-10-21,2021-10-19,-2,WING_60,RECENTER_BOTH,50,-4579.386718550002,2
ID30_02_WING_60_RECENTER_BOTH,2021-10-28,2021-10-26,-2,WING_60,RECENTER_BOTH,50,-4963.376019755,2
ID30_02_WING_60_RECENTER_BOTH,2021-11-11,2021-11-09,-2,WING_60,RECENTER_BOTH,50,1881.9186998449982,2
ID30_02_WING_60_RECENTER_BOTH,2021-11-18,2021-11-16,-2,WING_60,RECENTER_BOTH,50,-1789.29245501,2
ID30_02_WING_60_RECENTER_BOTH,2021-11-25,2021-11-23,-2,WING_60,RECENTER_BOTH,50,-2036.302927745,2
ID30_02_WING_60_RECENTER_BOTH,2021-12-02,2021-11-30,-2,WING_60,RECENTER_BOTH,50,-3856.8171688800003,2
ID30_02_WING_60_RECENTER_BOTH,2021-12-09,2021-12-07,-2,WING_60,RECENTER_BOTH,50,-2998.13592977,2
ID30_02_WING_60_RECENTER_BOTH,2021-12-16,2021-12-14,-2,WING_60,RECENTER_BOTH,50,2892.823353835,1
ID30_02_WING_60_RECENTER_BOTH,2021-12-23,2021-12-21,-2,WING_60,RECENTER_BOTH,50,-4481.323495865,2
ID30_02_WING_60_RECENTER_BOTH,2021-12-30,2021-12-28,-2,WING_60,RECENTER_BOTH,50,5032.699246735,0
ID30_02_WING_60_RECENTER_BOTH,2022-01-06,2022-01-04,-2,WING_60,RECENTER_BOTH,50,1599.9471171649975,2
ID30_02_WING_60_RECENTER_BOTH,2022-01-13,2022-01-11,-2,WING_60,RECENTER_BOTH,50,-1709.3020392400028,2
ID30_02_WING_60_RECENTER_BOTH,2022-01-20,2022-01-18,-2,WING_60,RECENTER_BOTH,50,-4634.384605194999,2
ID30_02_WING_60_RECENTER_BOTH,2022-01-27,2022-01-24,-2,WING_60,RECENTER_BOTH,50,-3154.546666510004,2
ID30_02_WING_60_RECENTER_BOTH,2022-02-03,2022-02-01,-2,WING_60,RECENTER_BOTH,50,-3069.907238079998,2
ID30_02_WING_60_RECENTER_BOTH,2022-02-10,2022-02-08,-2,WING_60,RECENTER_BOTH,50,-4709.413955995,2
ID30_02_WING_60_RECENTER_BOTH,2022-02-17,2022-02-15,-2,WING_60,RECENTER_BOTH,50,-3970.041749525001,2
ID30_02_WING_60_RECENTER_BOTH,2022-02-24,2022-02-22,-2,WING_60,RECENTER_BOTH,50,-3574.764555365,2
ID30_02_WING_60_RECENTER_BOTH,2022-03-03,2022-02-28,-2,WING_60,RECENTER_BOTH,50,-2470.63244665,2
ID30_02_WING_60_RECENTER_BOTH,2022-03-10,2022-03-08,-2,WING_60,RECENTER_BOTH,50,-2985.9788967049963,2
ID30_02_WING_60_RECENTER_BOTH,2022-03-17,2022-03-15,-2,WING_60,RECENTER_BOTH,50,-2731.6662759799997,2
ID30_02_WING_60_RECENTER_BOTH,2022-03-24,2022-03-22,-2,WING_60,RECENTER_BOTH,50,-1636.3953245150037,2
ID30_02_WING_60_RECENTER_BOTH,2022-03-31,2022-03-29,-2,WING_60,RECENTER_BOTH,50,3673.76764516,1
ID30_02_WING_60_RECENTER_BOTH,2022-04-07,2022-04-05,-2,WING_60,RECENTER_BOTH,50,-4301.558862885,2
ID30_02_WING_60_RECENTER_BOTH,2022-04-13,2022-04-11,-2,WING_60,RECENTER_BOTH,50,2594.672357565,2
ID30_02_WING_60_RECENTER_BOTH,2022-04-21,2022-04-19,-2,WING_60,RECENTER_BOTH,50,-4418.344223625,2
ID30_02_WING_60_RECENTER_BOTH,2022-04-28,2022-04-26,-2,WING_60,RECENTER_BOTH,50,-1904.9026201150036,2
ID30_02_WING_60_RECENTER_BOTH,2022-05-05,2022-05-02,-2,WING_60,RECENTER_BOTH,50,2877.541618339998,2
ID30_02_WING_60_RECENTER_BOTH,2022-05-12,2022-05-10,-2,WING_60,RECENTER_BOTH,50,-3645.8082257500027,2
ID30_02_WING_60_RECENTER_BOTH,2022-05-19,2022-05-17,-2,WING_60,RECENTER_BOTH,50,-4424.98905552,2
ID30_02_WING_60_RECENTER_BOTH,2022-05-26,2022-05-24,-2,WING_60,RECENTER_BOTH,50,-4970.990904295001,2
ID30_02_WING_60_RECENTER_BOTH,2022-06-02,2022-05-31,-2,WING_60,RECENTER_BOTH,50,2473.3999941949996,2
ID30_02_WING_60_RECENTER_BOTH,2022-06-09,2022-06-07,-2,WING_60,RECENTER_BOTH,50,-4489.788904015,2
ID30_02_WING_60_RECENTER_BOTH,2022-06-16,2022-06-14,-2,WING_60,RECENTER_BOTH,50,-4806.43012318,2
ID30_02_WING_60_RECENTER_BOTH,2022-06-23,2022-06-21,-2,WING_60,RECENTER_BOTH,50,2771.362234085,2
ID30_02_WING_60_RECENTER_BOTH,2022-06-30,2022-06-28,-2,WING_60,RECENTER_BOTH,50,5238.539980825,0
ID30_02_WING_60_RECENTER_BOTH,2022-07-07,2022-07-05,-2,WING_60,RECENTER_BOTH,50,-4913.248232850004,2
ID30_02_WING_60_RECENTER_BOTH,2022-07-14,2022-07-12,-2,WING_60,RECENTER_BOTH,50,894.9178934399989,2
ID30_02_WING_60_RECENTER_BOTH,2022-07-21,2022-07-19,-2,WING_60,RECENTER_BOTH,50,1510.955684434999,1
ID30_02_WING_60_RECENTER_BOTH,2022-07-28,2022-07-26,-2,WING_60,RECENTER_BOTH,50,-5617.419632250002,2
ID30_02_WING_60_RECENTER_BOTH,2022-08-04,2022-08-02,-2,WING_60,RECENTER_BOTH,50,3277.403383925,2
ID30_02_WING_60_RECENTER_BOTH,2022-08-11,2022-08-08,-2,WING_60,RECENTER_BOTH,50,3333.141776385,1
ID30_02_WING_60_RECENTER_BOTH,2022-08-18,2022-08-16,-2,WING_60,RECENTER_BOTH,50,660.53752779,0
ID30_02_WING_60_RECENTER_BOTH,2022-08-25,2022-08-23,-2,WING_60,RECENTER_BOTH,50,2011.4081502299991,2
ID30_02_WING_60_RECENTER_BOTH,2022-09-01,2022-08-29,-2,WING_60,RECENTER_BOTH,50,2675.723771845,2
ID30_02_WING_60_RECENTER_BOTH,2022-09-08,2022-09-06,-2,WING_60,RECENTER_BOTH,50,-3067.292613859999,2
ID30_02_WING_60_RECENTER_BOTH,2022-09-15,2022-09-13,-2,WING_60,RECENTER_BOTH,50,-4089.9809093899985,2
ID30_02_WING_60_RECENTER_BOTH,2022-09-22,2022-09-20,-2,WING_60,RECENTER_BOTH,50,4752.545174829998,2
ID30_02_WING_60_RECENTER_BOTH,2022-09-29,2022-09-27,-2,WING_60,RECENTER_BOTH,50,-268.2801300100019,2
ID30_02_WING_60_RECENTER_BOTH,2022-10-06,2022-10-03,-2,WING_60,RECENTER_BOTH,50,-2540.5560414750053,2
ID30_02_WING_60_RECENTER_BOTH,2022-10-13,2022-10-11,-2,WING_60,RECENTER_BOTH,50,4181.135185495,2
ID30_02_WING_60_RECENTER_BOTH,2022-10-20,2022-10-18,-2,WING_60,RECENTER_BOTH,50,625.1709996999994,2
ID30_02_WING_60_RECENTER_BOTH,2022-11-03,2022-11-01,-2,WING_60,RECENTER_BOTH,50,2381.306374414999,2
ID30_02_WING_60_RECENTER_BOTH,2022-11-10,2022-11-07,-2,WING_60,RECENTER_BOTH,50,-4370.187713675,2
ID30_02_WING_60_RECENTER_BOTH,2022-11-17,2022-11-15,-2,WING_60,RECENTER_BOTH,50,4446.336366805,0
ID30_02_WING_60_RECENTER_BOTH,2022-11-24,2022-11-22,-2,WING_60,RECENTER_BOTH,50,-444.2089283200003,1
ID30_02_WING_60_RECENTER_BOTH,2022-12-01,2022-11-29,-2,WING_60,RECENTER_BOTH,50,-1553.2803770300006,2
ID30_02_WING_60_RECENTER_BOTH,2022-12-08,2022-12-06,-2,WING_60,RECENTER_BOTH,50,4199.5914761349995,0
ID30_02_WING_60_RECENTER_BOTH,2022-12-15,2022-12-13,-2,WING_60,RECENTER_BOTH,50,-1806.4846675900003,1
ID30_02_WING_60_RECENTER_BOTH,2022-12-22,2022-12-20,-2,WING_60,RECENTER_BOTH,50,-4454.9014919149995,2
ID30_02_WING_60_RECENTER_BOTH,2022-12-29,2022-12-27,-2,WING_60,RECENTER_BOTH,50,-1069.380720615,2
ID30_02_WING_60_RECENTER_BOTH,2023-01-05,2023-01-03,-2,WING_60,RECENTER_BOTH,50,-339.527626545001,2
ID30_02_WING_60_RECENTER_BOTH,2023-01-12,2023-01-10,-2,WING_60,RECENTER_BOTH,50,3313.1506149750003,2
ID30_02_WING_60_RECENTER_BOTH,2023-01-19,2023-01-17,-2,WING_60,RECENTER_BOTH,50,3146.84914877,1
ID30_02_WING_60_RECENTER_BOTH,2023-01-25,2023-01-23,-2,WING_60,RECENTER_BOTH,50,-1849.1040173900017,2
ID30_02_WING_60_RECENTER_BOTH,2023-02-02,2023-01-31,-2,WING_60,RECENTER_BOTH,50,-3849.028997255,2
ID30_02_WING_60_RECENTER_BOTH,2023-02-09,2023-02-07,-2,WING_60,RECENTER_BOTH,50,3117.9012623950002,2
ID30_02_WING_60_RECENTER_BOTH,2023-02-16,2023-02-14,-2,WING_60,RECENTER_BOTH,50,-329.3625073800008,2
ID30_02_WING_60_RECENTER_BOTH,2023-02-23,2023-02-21,-2,WING_60,RECENTER_BOTH,50,-6613.68857042,2
ID30_02_WING_60_RECENTER_BOTH,2023-03-02,2023-02-28,-2,WING_60,RECENTER_BOTH,50,3334.902578439999,1
ID30_02_WING_60_RECENTER_BOTH,2023-03-09,2023-03-06,-2,WING_60,RECENTER_BOTH,50,-6406.92229158,2
ID30_02_WING_60_RECENTER_BOTH,2023-03-16,2023-03-14,-2,WING_60,RECENTER_BOTH,50,4034.082848599998,2
ID30_02_WING_60_RECENTER_BOTH,2023-03-23,2023-03-21,-2,WING_60,RECENTER_BOTH,50,5487.855033005,0
ID30_02_WING_60_RECENTER_BOTH,2023-03-29,2023-03-27,-2,WING_60,RECENTER_BOTH,50,1127.0491669699993,2
ID30_02_WING_60_RECENTER_BOTH,2023-04-06,2023-04-03,-2,WING_60,RECENTER_BOTH,50,-463.5573879750018,2
ID30_02_WING_60_RECENTER_BOTH,2023-04-13,2023-04-11,-2,WING_60,RECENTER_BOTH,50,2083.222371335,0
ID30_02_WING_60_RECENTER_BOTH,2023-04-20,2023-04-18,-2,WING_60,RECENTER_BOTH,50,13.43469114999965,1
ID30_02_WING_60_RECENTER_BOTH,2023-04-27,2023-04-25,-2,WING_60,RECENTER_BOTH,50,319.73438267999904,0
ID30_02_WING_60_RECENTER_BOTH,2023-05-04,2023-05-02,-2,WING_60,RECENTER_BOTH,50,-5227.892303030001,2
ID30_02_WING_60_RECENTER_BOTH,2023-05-11,2023-05-09,-2,WING_60,RECENTER_BOTH,50,1726.4675549199999,1
ID30_02_WING_60_RECENTER_BOTH,2023-05-18,2023-05-16,-2,WING_60,RECENTER_BOTH,50,36.75982704999842,2
ID30_02_WING_60_RECENTER_BOTH,2023-05-25,2023-05-23,-2,WING_60,RECENTER_BOTH,50,-3190.509052405,2
ID30_02_WING_60_RECENTER_BOTH,2023-06-01,2023-05-30,-2,WING_60,RECENTER_BOTH,50,1964.570432435,1
ID30_02_WING_60_RECENTER_BOTH,2023-06-08,2023-06-06,-2,WING_60,RECENTER_BOTH,50,-3841.878050580001,1
ID30_02_WING_60_RECENTER_BOTH,2023-06-15,2023-06-13,-2,WING_60,RECENTER_BOTH,50,1622.8738079249995,0
ID30_02_WING_60_RECENTER_BOTH,2023-06-22,2023-06-20,-2,WING_60,RECENTER_BOTH,50,-1124.2934358250013,1
ID30_02_WING_60_RECENTER_BOTH,2023-06-28,2023-06-26,-2,WING_60,RECENTER_BOTH,50,-1220.0195389200005,1
ID30_02_WING_60_RECENTER_BOTH,2023-07-06,2023-07-04,-2,WING_60,RECENTER_BOTH,50,-1468.0135260600018,2
ID30_02_WING_60_RECENTER_BOTH,2023-07-13,2023-07-11,-2,WING_60,RECENTER_BOTH,50,-4926.870572985001,2
ID30_02_WING_60_RECENTER_BOTH,2023-07-20,2023-07-18,-2,WING_60,RECENTER_BOTH,50,-4235.90519868,2
ID30_02_WING_60_RECENTER_BOTH,2023-07-27,2023-07-25,-2,WING_60,RECENTER_BOTH,50,-2691.355743050002,2
ID30_02_WING_60_RECENTER_BOTH,2023-08-03,2023-08-01,-2,WING_60,RECENTER_BOTH,50,-7044.167210705,2
ID30_02_WING_60_RECENTER_BOTH,2023-08-10,2023-08-08,-2,WING_60,RECENTER_BOTH,50,3128.6428891749983,1
ID30_02_WING_60_RECENTER_BOTH,2023-08-17,2023-08-14,-2,WING_60,RECENTER_BOTH,50,-1570.658021615001,2
ID30_02_WING_60_RECENTER_BOTH,2023-08-24,2023-08-22,-2,WING_60,RECENTER_BOTH,50,-4729.438145255,2
ID30_02_WING_60_RECENTER_BOTH,2023-08-31,2023-08-29,-2,WING_60,RECENTER_BOTH,50,1507.3393288349996,0
ID30_02_WING_60_RECENTER_BOTH,2023-09-07,2023-09-05,-2,WING_60,RECENTER_BOTH,50,-2062.0541602949997,1
ID30_02_WING_60_RECENTER_BOTH,2023-09-14,2023-09-12,-2,WING_60,RECENTER_BOTH,50,606.369179925,2
ID30_02_WING_60_RECENTER_BOTH,2023-09-21,2023-09-18,-2,WING_60,RECENTER_BOTH,50,-1433.721009265001,2
ID30_02_WING_60_RECENTER_BOTH,2023-09-28,2023-09-26,-2,WING_60,RECENTER_BOTH,50,-4021.4609625450007,2
ID30_02_WING_60_RECENTER_BOTH,2023-10-05,2023-10-03,-2,WING_60,RECENTER_BOTH,50,332.5907681249993,2
ID30_02_WING_60_RECENTER_BOTH,2023-10-12,2023-10-10,-2,WING_60,RECENTER_BOTH,50,2988.63244366,1
ID30_02_WING_60_RECENTER_BOTH,2023-10-19,2023-10-17,-2,WING_60,RECENTER_BOTH,50,-1529.611775435,2
ID30_02_WING_60_RECENTER_BOTH,2023-10-26,2023-10-23,-2,WING_60,RECENTER_BOTH,50,-5784.76037199,2
ID30_02_WING_60_RECENTER_BOTH,2023-11-02,2023-10-31,-2,WING_60,RECENTER_BOTH,50,1535.9207829699972,2
ID30_02_WING_60_RECENTER_BOTH,2023-11-09,2023-11-07,-2,WING_60,RECENTER_BOTH,50,4595.98409173,0
ID30_02_WING_60_RECENTER_BOTH,2023-11-16,2023-11-13,-2,WING_60,RECENTER_BOTH,50,-3558.162458435,2
ID30_02_WING_60_RECENTER_BOTH,2023-11-23,2023-11-21,-2,WING_60,RECENTER_BOTH,50,-2638.831746595,2
ID30_02_WING_60_RECENTER_BOTH,2023-11-30,2023-11-28,-2,WING_60,RECENTER_BOTH,50,-2609.431903015001,2
ID30_02_WING_60_RECENTER_BOTH,2023-12-07,2023-12-05,-2,WING_60,RECENTER_BOTH,50,1934.47676273,1
ID30_02_WING_60_RECENTER_BOTH,2023-12-14,2023-12-12,-2,WING_60,RECENTER_BOTH,50,-5228.812528779998,2
ID30_02_WING_60_RECENTER_BOTH,2023-12-21,2023-12-19,-2,WING_60,RECENTER_BOTH,50,-6274.179465739999,2
ID30_02_WING_60_RECENTER_BOTH,2023-12-28,2023-12-26,-2,WING_60,RECENTER_BOTH,50,-2962.212752135,2
ID30_02_WING_60_RECENTER_BOTH,2024-01-04,2024-01-02,-2,WING_60,RECENTER_BOTH,50,72.6916480599981,2
ID30_02_WING_60_RECENTER_BOTH,2024-01-11,2024-01-09,-2,WING_60,RECENTER_BOTH,50,404.70404812000015,2
ID30_02_WING_60_RECENTER_BOTH,2024-01-18,2024-01-16,-2,WING_60,RECENTER_BOTH,50,-2712.36055195,2
ID30_02_WING_60_RECENTER_BOTH,2024-01-25,2024-01-23,-2,WING_60,RECENTER_BOTH,50,-3762.872459600004,2
ID30_02_WING_60_RECENTER_BOTH,2024-02-01,2024-01-30,-2,WING_60,RECENTER_BOTH,50,-788.2908396649999,2
ID30_02_WING_60_RECENTER_BOTH,2024-02-08,2024-02-06,-2,WING_60,RECENTER_BOTH,50,-8606.03254855,2
ID30_02_WING_60_RECENTER_BOTH,2024-02-15,2024-02-13,-2,WING_60,RECENTER_BOTH,50,-2551.099616534998,2
ID30_02_WING_60_RECENTER_BOTH,2024-02-22,2024-02-20,-2,WING_60,RECENTER_BOTH,50,-4964.869922905,2
ID30_02_WING_60_RECENTER_BOTH,2024-02-29,2024-02-27,-2,WING_60,RECENTER_BOTH,50,2156.0270962150003,2
ID30_02_WING_60_RECENTER_BOTH,2024-03-07,2024-03-05,-2,WING_60,RECENTER_BOTH,50,-1835.6430159550027,2
ID30_02_WING_60_RECENTER_BOTH,2024-03-14,2024-03-12,-2,WING_60,RECENTER_BOTH,50,-3235.31524425,2
ID30_02_WING_60_RECENTER_BOTH,2024-03-21,2024-03-19,-2,WING_60,RECENTER_BOTH,50,-3948.037691575,2
ID30_02_WING_60_RECENTER_BOTH,2024-03-28,2024-03-26,-2,WING_60,RECENTER_BOTH,50,-5357.248287825,2
ID30_02_WING_60_RECENTER_BOTH,2024-04-04,2024-04-02,-2,WING_60,RECENTER_BOTH,50,1804.02637787,2
ID30_02_WING_60_RECENTER_BOTH,2024-04-10,2024-04-08,-2,WING_60,RECENTER_BOTH,50,1878.30520028,0
ID30_02_WING_60_RECENTER_BOTH,2024-04-18,2024-04-15,-2,WING_60,RECENTER_BOTH,50,-3812.660966595002,2
ID30_02_WING_60_RECENTER_BOTH,2024-04-25,2024-04-23,-2,WING_60,RECENTER_BOTH,50,-3224.576479960001,2
ID30_02_WING_60_RECENTER_BOTH,2024-05-02,2024-04-29,-2,WING_60,RECENTER_BOTH,25,1817.0025450950002,2
ID30_02_WING_60_RECENTER_BOTH,2024-05-09,2024-05-07,-2,WING_60,RECENTER_BOTH,25,-2307.939217072502,2
ID30_02_WING_60_RECENTER_BOTH,2024-05-16,2024-05-14,-2,WING_60,RECENTER_BOTH,25,-2809.530897445,2
ID30_02_WING_60_RECENTER_BOTH,2024-05-23,2024-05-21,-2,WING_60,RECENTER_BOTH,25,-2525.3367247375,2
ID30_02_WING_60_RECENTER_BOTH,2024-05-30,2024-05-28,-2,WING_60,RECENTER_BOTH,25,-2036.2326784625006,2
ID30_02_WING_60_RECENTER_BOTH,2024-06-06,2024-06-04,-2,WING_60,RECENTER_BOTH,25,2560.8661081575046,2
ID30_02_WING_60_RECENTER_BOTH,2024-06-13,2024-06-11,-2,WING_60,RECENTER_BOTH,25,668.7404805199982,2
ID30_02_WING_60_RECENTER_BOTH,2024-06-20,2024-06-18,-2,WING_60,RECENTER_BOTH,25,1392.7730295625001,2
ID30_02_WING_60_RECENTER_BOTH,2024-06-27,2024-06-25,-2,WING_60,RECENTER_BOTH,25,-769.4586340600005,2
ID30_02_WING_60_RECENTER_BOTH,2024-07-04,2024-07-02,-2,WING_60,RECENTER_BOTH,25,3011.6663111225,2
ID30_02_WING_60_RECENTER_BOTH,2024-07-11,2024-07-09,-2,WING_60,RECENTER_BOTH,25,-820.6763092625005,2
ID30_02_WING_60_RECENTER_BOTH,2024-07-18,2024-07-15,-2,WING_60,RECENTER_BOTH,25,145.74452202749967,1
ID30_02_WING_60_RECENTER_BOTH,2024-07-25,2024-07-23,-2,WING_60,RECENTER_BOTH,25,-814.54302123,2
ID30_02_WING_60_RECENTER_BOTH,2024-08-01,2024-07-30,-2,WING_60,RECENTER_BOTH,25,1003.6101079624996,1
ID30_02_WING_60_RECENTER_BOTH,2024-08-08,2024-08-06,-2,WING_60,RECENTER_BOTH,25,2674.626791082499,2
ID30_02_WING_60_RECENTER_BOTH,2024-08-14,2024-08-12,-2,WING_60,RECENTER_BOTH,25,-2196.013653737502,2
ID30_02_WING_60_RECENTER_BOTH,2024-08-22,2024-08-20,-2,WING_60,RECENTER_BOTH,25,538.4538591475,1
ID30_02_WING_60_RECENTER_BOTH,2024-08-29,2024-08-27,-2,WING_60,RECENTER_BOTH,25,-454.16034498749985,1
ID30_02_WING_60_RECENTER_BOTH,2024-09-05,2024-09-03,-2,WING_60,RECENTER_BOTH,25,-1437.90039255,2
ID30_02_WING_60_RECENTER_BOTH,2024-09-12,2024-09-10,-2,WING_60,RECENTER_BOTH,25,-2870.9445600875006,2
ID30_02_WING_60_RECENTER_BOTH,2024-09-19,2024-09-17,-2,WING_60,RECENTER_BOTH,25,274.34071158749987,2
ID30_02_WING_60_RECENTER_BOTH,2024-09-26,2024-09-24,-2,WING_60,RECENTER_BOTH,25,-2084.522657230001,2
ID30_02_WING_60_RECENTER_BOTH,2024-10-03,2024-09-30,-2,WING_60,RECENTER_BOTH,25,-2296.8525230424984,2
ID30_02_WING_60_RECENTER_BOTH,2024-10-10,2024-10-08,-2,WING_60,RECENTER_BOTH,25,1819.6165367149983,2
ID30_02_WING_60_RECENTER_BOTH,2024-10-17,2024-10-15,-2,WING_60,RECENTER_BOTH,25,-2908.544226525001,2
ID30_02_WING_60_RECENTER_BOTH,2024-10-24,2024-10-22,-2,WING_60,RECENTER_BOTH,25,-2438.545434780001,2
ID30_02_WING_60_RECENTER_BOTH,2024-10-31,2024-10-29,-2,WING_60,RECENTER_BOTH,25,-50.734376122501885,2
ID30_02_WING_60_RECENTER_BOTH,2024-11-07,2024-11-05,-2,WING_60,RECENTER_BOTH,25,-458.9241014725005,2
ID30_02_WING_60_RECENTER_BOTH,2024-11-14,2024-11-12,-2,WING_60,RECENTER_BOTH,25,-2554.843455045,2
ID30_02_WING_60_RECENTER_BOTH,2024-11-21,2024-11-18,-2,WING_60,RECENTER_BOTH,75,-1676.8880252025035,2
ID30_02_WING_60_RECENTER_BOTH,2024-11-28,2024-11-26,-2,WING_60,RECENTER_BOTH,75,-5064.3286231050015,2
ID30_02_WING_60_RECENTER_BOTH,2024-12-05,2024-12-03,-2,WING_60,RECENTER_BOTH,75,-2670.5738432549992,2
ID30_02_WING_60_RECENTER_BOTH,2024-12-12,2024-12-10,-2,WING_60,RECENTER_BOTH,75,5422.203107452497,2
ID30_02_WING_60_RECENTER_BOTH,2024-12-19,2024-12-17,-2,WING_60,RECENTER_BOTH,75,-4859.217873367496,2
ID30_02_WING_60_RECENTER_BOTH,2024-12-26,2024-12-23,-2,WING_60,RECENTER_BOTH,75,755.0825504324991,2
ID30_02_WING_60_RECENTER_BOTH,2025-01-02,2024-12-31,-2,WING_60,RECENTER_BOTH,75,-5453.412412912493,2
ID30_02_WING_60_RECENTER_BOTH,2025-01-09,2025-01-07,-2,WING_60,RECENTER_BOTH,75,-2446.4866762725,2
ID30_02_WING_60_RECENTER_BOTH,2025-01-16,2025-01-14,-2,WING_60,RECENTER_BOTH,75,3644.0553412574945,2
ID30_02_WING_60_RECENTER_BOTH,2025-01-23,2025-01-21,-2,WING_60,RECENTER_BOTH,75,5667.6669130725,2
ID30_02_WING_60_RECENTER_BOTH,2025-01-30,2025-01-28,-2,WING_60,RECENTER_BOTH,75,-4607.682913252496,2
ID30_02_WING_60_RECENTER_BOTH,2025-02-06,2025-02-04,-2,WING_60,RECENTER_BOTH,75,6653.326534245,2
ID30_02_WING_60_RECENTER_BOTH,2025-02-13,2025-02-11,-2,WING_60,RECENTER_BOTH,75,1707.7032024150003,2
ID30_02_WING_60_RECENTER_BOTH,2025-02-20,2025-02-18,-2,WING_60,RECENTER_BOTH,75,2774.323947195,2
ID30_02_WING_60_RECENTER_BOTH,2025-02-27,2025-02-24,-2,WING_60,RECENTER_BOTH,75,3992.3907230699992,2
ID30_02_WING_60_RECENTER_BOTH,2025-03-06,2025-03-04,-2,WING_60,RECENTER_BOTH,75,-5755.2309117449995,2
ID30_02_WING_60_RECENTER_BOTH,2025-03-13,2025-03-11,-2,WING_60,RECENTER_BOTH,75,6660.061986022498,2
ID30_02_WING_60_RECENTER_BOTH,2025-03-20,2025-03-18,-2,WING_60,RECENTER_BOTH,75,-10846.4173411275,2
ID30_02_WING_60_RECENTER_BOTH,2025-03-27,2025-03-25,-2,WING_60,RECENTER_BOTH,75,3243.03333327,2
ID30_02_WING_60_RECENTER_BOTH,2025-04-03,2025-04-01,-2,WING_60,RECENTER_BOTH,75,8636.8887366825,2
ID30_02_WING_60_RECENTER_BOTH,2025-04-09,2025-04-07,-2,WING_60,RECENTER_BOTH,75,-3382.433395777485,2
ID30_02_WING_60_RECENTER_BOTH,2025-04-17,2025-04-15,-2,WING_60,RECENTER_BOTH,75,-4901.746096904998,2
ID30_02_WING_60_RECENTER_BOTH,2025-04-24,2025-04-22,-2,WING_60,RECENTER_BOTH,75,7009.678110764999,2
ID30_02_WING_60_RECENTER_BOTH,2025-04-30,2025-04-28,-2,WING_60,RECENTER_BOTH,75,5014.7652911925,2
ID30_02_WING_60_RECENTER_BOTH,2025-05-08,2025-05-06,-2,WING_60,RECENTER_BOTH,75,-1759.787236882502,2
ID30_02_WING_60_RECENTER_BOTH,2025-05-15,2025-05-13,-2,WING_60,RECENTER_BOTH,75,-4641.385143682502,2
ID30_02_WING_60_RECENTER_BOTH,2025-05-22,2025-05-20,-2,WING_60,RECENTER_BOTH,75,-1819.2372492675001,2
ID30_02_WING_60_RECENTER_BOTH,2025-05-29,2025-05-27,-2,WING_60,RECENTER_BOTH,75,7478.7550597575,2
ID30_02_WING_60_RECENTER_BOTH,2025-06-05,2025-06-03,-2,WING_60,RECENTER_BOTH,75,-2012.4107200425,2
ID30_02_WING_60_RECENTER_BOTH,2025-06-12,2025-06-10,-2,WING_60,RECENTER_BOTH,75,-5537.517724005,2
ID30_02_WING_60_RECENTER_BOTH,2025-06-19,2025-06-17,-2,WING_60,RECENTER_BOTH,75,8899.674737602496,2
ID30_02_WING_60_RECENTER_BOTH,2025-06-26,2025-06-24,-2,WING_60,RECENTER_BOTH,75,-6834.264914992502,2
ID30_02_WING_60_RECENTER_BOTH,2025-07-03,2025-07-01,-2,WING_60,RECENTER_BOTH,75,3163.946556877498,2
ID30_02_WING_60_RECENTER_BOTH,2025-07-10,2025-07-08,-2,WING_60,RECENTER_BOTH,75,-2101.418984092502,2
ID30_02_WING_60_RECENTER_BOTH,2025-07-17,2025-07-15,-2,WING_60,RECENTER_BOTH,75,2460.9944698325,0
ID30_02_WING_60_RECENTER_BOTH,2025-07-24,2025-07-22,-2,WING_60,RECENTER_BOTH,75,-6974.565542947502,2
ID30_02_WING_60_RECENTER_BOTH,2025-07-31,2025-07-29,-2,WING_60,RECENTER_BOTH,75,2205.73872777,2
ID30_02_WING_60_RECENTER_BOTH,2025-08-07,2025-08-05,-2,WING_60,RECENTER_BOTH,75,-2918.6918073375036,2
ID30_02_WING_60_RECENTER_BOTH,2025-08-14,2025-08-12,-2,WING_60,RECENTER_BOTH,75,3109.9044086999947,2
ID30_02_WING_60_RECENTER_BOTH,2025-08-21,2025-08-19,-2,WING_60,RECENTER_BOTH,75,3360.9877230925,1
ID30_02_WING_60_RECENTER_BOTH,2025-08-28,2025-08-25,-2,WING_60,RECENTER_BOTH,75,-9170.24881785,2
ID30_02_WING_60_RECENTER_BOTH,2025-09-02,2025-08-29,-2,WING_60,RECENTER_BOTH,75,4083.875807925,2
ID30_02_WING_60_RECENTER_BOTH,2025-09-09,2025-09-05,-2,WING_60,RECENTER_BOTH,75,4111.6941171825,2
ID30_02_WING_60_RECENTER_BOTH,2025-09-16,2025-09-12,-2,WING_60,RECENTER_BOTH,75,-911.8313470775,1
ID30_02_WING_60_RECENTER_BOTH,2025-09-23,2025-09-19,-2,WING_60,RECENTER_BOTH,75,4100.495875845,2
ID30_02_WING_60_RECENTER_BOTH,2025-09-30,2025-09-26,-2,WING_60,RECENTER_BOTH,75,6986.879285107498,2
ID30_02_WING_60_RECENTER_BOTH,2025-10-07,2025-10-03,-2,WING_60,RECENTER_BOTH,75,-2714.1209038350034,2
ID30_02_WING_60_RECENTER_BOTH,2025-10-14,2025-10-09,-2,WING_60,RECENTER_BOTH,75,5634.1219869074985,2
ID30_02_WING_60_RECENTER_BOTH,2025-10-28,2025-10-24,-2,WING_60,RECENTER_BOTH,75,6195.19290189,2
ID30_02_WING_60_RECENTER_BOTH,2025-11-04,2025-10-31,-2,WING_60,RECENTER_BOTH,75,-1326.9203526375018,2
ID30_02_WING_60_RECENTER_BOTH,2025-11-11,2025-11-07,-2,WING_60,RECENTER_BOTH,75,-776.3764295699995,2
ID30_02_WING_60_RECENTER_BOTH,2025-11-18,2025-11-14,-2,WING_60,RECENTER_BOTH,75,6744.490939552498,2
ID30_02_WING_60_RECENTER_BOTH,2025-11-25,2025-11-21,-2,WING_60,RECENTER_BOTH,75,-6557.044916467506,2
ID30_02_WING_60_RECENTER_BOTH,2025-12-02,2025-11-28,-2,WING_60,RECENTER_BOTH,75,2250.8294441625003,2
ID30_02_WING_60_RECENTER_BOTH,2025-12-09,2025-12-05,-2,WING_60,RECENTER_BOTH,75,-6835.4829337424935,2
ID30_02_WING_60_RECENTER_BOTH,2025-12-16,2025-12-12,-2,WING_60,RECENTER_BOTH,75,8536.925294752504,2
ID30_02_WING_60_RECENTER_BOTH,2025-12-23,2025-12-19,-2,WING_60,RECENTER_BOTH,75,567.6336244799971,2
ID30_02_WING_60_RECENTER_BOTH,2025-12-30,2025-12-26,-2,WING_60,RECENTER_BOTH,75,-411.78351746250075,2
ID30_02_WING_60_RECENTER_BOTH,2026-01-06,2026-01-02,-2,WING_60,RECENTER_BOTH,65,179.7356993220003,2
ID30_02_WING_60_RECENTER_BOTH,2026-01-13,2026-01-09,-2,WING_60,RECENTER_BOTH,65,3368.818650726996,2
ID30_02_WING_60_RECENTER_BOTH,2026-01-20,2026-01-16,-2,WING_60,RECENTER_BOTH,65,-5898.377993543504,2
ID30_02_WING_60_RECENTER_BOTH,2026-01-27,2026-01-22,-2,WING_60,RECENTER_BOTH,65,5980.061962858999,2
ID30_02_WING_60_RECENTER_BOTH,2026-02-03,2026-02-01,-2,WING_60,RECENTER_BOTH,65,-3675.1096113905037,2
ID30_02_WING_60_RECENTER_BOTH,2026-02-10,2026-02-06,-2,WING_60,RECENTER_BOTH,65,-3717.482885483002,2
ID30_02_WING_60_RECENTER_BOTH,2026-02-17,2026-02-13,-2,WING_60,RECENTER_BOTH,65,-6300.507566466504,2
ID30_02_WING_60_RECENTER_BOTH,2026-02-24,2026-02-20,-2,WING_60,RECENTER_BOTH,65,-5980.799138141507,2
ID30_02_WING_60_RECENTER_BOTH,2026-03-02,2026-02-26,-2,WING_60,RECENTER_BOTH,65,-5358.079851441012,2
ID30_02_WING_60_RECENTER_BOTH,2026-03-10,2026-03-06,-2,WING_60,RECENTER_BOTH,65,-2337.44052059337,2
ID30_02_WING_60_RECENTER_BOTH,2026-03-17,2026-03-13,-2,WING_60,RECENTER_BOTH,65,-3179.025255428305,2
ID30_02_WING_60_RECENTER_BOTH,2026-03-24,2026-03-20,-2,WING_60,RECENTER_BOTH,65,-3271.133372511235,2
ID30_02_WING_60_RECENTER_BOTH,2026-03-30,2026-03-25,-2,WING_60,RECENTER_BOTH,65,-3887.71166601637,2
ID30_02_WING_60_RECENTER_BOTH,2026-04-07,2026-04-02,-2,WING_60,RECENTER_BOTH,65,-3493.0170846748406,2
ID30_02_WING_60_RECENTER_BOTH,2026-04-13,2026-04-09,-2,WING_60,RECENTER_BOTH,65,3842.5282388699525,2
ID30_02_WING_60_RECENTER_BOTH,2026-04-21,2026-04-17,-2,WING_60,RECENTER_BOTH,65,11.467978993305223,2
ID30_02_WING_60_RECENTER_BOTH,2026-04-28,2026-04-24,-2,WING_60,RECENTER_BOTH,65,-1746.4434532760902,2
ID30_02_WING_60_RECENTER_BOTH,2026-05-05,2026-04-30,-2,WING_60,RECENTER_BOTH,65,4193.757293477105,2
ID30_02_WING_60_RECENTER_BOTH,2026-05-12,2026-05-08,-2,WING_60,RECENTER_BOTH,65,-5445.639936130036,2
ID30_02_WING_60_RECENTER_BOTH,2026-05-19,2026-05-15,-2,WING_60,RECENTER_BOTH,65,-2347.7625113137733,2
ID30_02_WING_60_RECENTER_BOTH,2026-05-26,2026-05-21,-2,WING_60,RECENTER_BOTH,65,-896.57834518513,2
ID30_02_WING_60_RECENTER_BOTH,2026-06-02,2026-05-22,-2,WING_60,RECENTER_BOTH,65,301.50115837453325,1
ID30_02_WING_60_RECENTER_BOTH,2026-07-07,2026-07-01,-2,WING_60,RECENTER_BOTH,65,-373.2357675524907,1
ID30_02_WING_60_RECENTER_BOTH,2026-07-14,2026-07-01,-2,WING_60,RECENTER_BOTH,65,-806.771552601935,1
ID30_02_WING_60_RECENTER_BOTH,2026-07-21,2026-07-01,-2,WING_60,RECENTER_BOTH,65,-1166.362833676657,1
ID30_02_WING_60_RECENTER_BOTH,2026-07-28,2026-07-01,-2,WING_60,RECENTER_BOTH,65,-597.4528584607403,1
ID30_02_WING_60_RECENTER_BOTH,2026-08-04,2026-07-01,-2,WING_60,RECENTER_BOTH,65,-6495.356606271493,1
ID30_03_RISK_60_ONE_STRIKE_INSIDE,2021-07-08,2021-07-05,-3,RISK_60,ONE_STRIKE_INSIDE,50,-2932.49457434,2
ID30_03_RISK_60_ONE_STRIKE_INSIDE,2021-07-15,2021-07-12,-3,RISK_60,ONE_STRIKE_INSIDE,50,4214.981817544998,2
ID30_03_RISK_60_ONE_STRIKE_INSIDE,2021-07-22,2021-07-16,-3,RISK_60,ONE_STRIKE_INSIDE,50,-5794.921881659999,2
ID30_03_RISK_60_ONE_STRIKE_INSIDE,2021-07-29,2021-07-26,-3,RISK_60,ONE_STRIKE_INSIDE,50,-871.7395081249999,2
ID30_03_RISK_60_ONE_STRIKE_INSIDE,2021-08-05,2021-08-02,-3,RISK_60,ONE_STRIKE_INSIDE,50,-1618.57785433,2
ID30_03_RISK_60_ONE_STRIKE_INSIDE,2021-08-12,2021-08-09,-3,RISK_60,ONE_STRIKE_INSIDE,50,4062.78583971,2
ID30_03_RISK_60_ONE_STRIKE_INSIDE,2021-08-18,2021-08-13,-3,RISK_60,ONE_STRIKE_INSIDE,50,4191.296619895,2
ID30_03_RISK_60_ONE_STRIKE_INSIDE,2021-08-26,2021-08-23,-3,RISK_60,ONE_STRIKE_INSIDE,50,4099.926048465,2
ID30_03_RISK_60_ONE_STRIKE_INSIDE,2021-09-02,2021-08-30,-3,RISK_60,ONE_STRIKE_INSIDE,50,-1268.6035265600017,2
ID30_03_RISK_60_ONE_STRIKE_INSIDE,2021-09-09,2021-09-06,-3,RISK_60,ONE_STRIKE_INSIDE,50,-358.434708495,2
ID30_03_RISK_60_ONE_STRIKE_INSIDE,2021-09-16,2021-09-13,-3,RISK_60,ONE_STRIKE_INSIDE,50,-731.962769405,2
ID30_03_RISK_60_ONE_STRIKE_INSIDE,2021-09-23,2021-09-20,-3,RISK_60,ONE_STRIKE_INSIDE,50,-1002.66441721,2
ID30_03_RISK_60_ONE_STRIKE_INSIDE,2021-09-30,2021-09-27,-3,RISK_60,ONE_STRIKE_INSIDE,50,-5383.311451825,2
ID30_03_RISK_60_ONE_STRIKE_INSIDE,2021-10-07,2021-10-04,-3,RISK_60,ONE_STRIKE_INSIDE,50,1572.303732455,2
ID30_03_RISK_60_ONE_STRIKE_INSIDE,2021-10-14,2021-10-11,-3,RISK_60,ONE_STRIKE_INSIDE,50,-743.34093044,2
ID30_03_RISK_60_ONE_STRIKE_INSIDE,2021-10-21,2021-10-18,-3,RISK_60,ONE_STRIKE_INSIDE,50,-5375.011371625,2
ID30_03_RISK_60_ONE_STRIKE_INSIDE,2021-10-28,2021-10-25,-3,RISK_60,ONE_STRIKE_INSIDE,50,-3812.57236929,2
ID30_03_RISK_60_ONE_STRIKE_INSIDE,2021-11-11,2021-11-08,-3,RISK_60,ONE_STRIKE_INSIDE,50,2365.03053856,2
ID30_03_RISK_60_ONE_STRIKE_INSIDE,2021-11-18,2021-11-15,-3,RISK_60,ONE_STRIKE_INSIDE,50,-6292.917243399997,2
ID30_03_RISK_60_ONE_STRIKE_INSIDE,2021-11-25,2021-11-22,-3,RISK_60,ONE_STRIKE_INSIDE,50,-3899.466569635,2
ID30_03_RISK_60_ONE_STRIKE_INSIDE,2021-12-02,2021-11-29,-3,RISK_60,ONE_STRIKE_INSIDE,50,-2589.34633114,2
ID30_03_RISK_60_ONE_STRIKE_INSIDE,2021-12-09,2021-12-06,-3,RISK_60,ONE_STRIKE_INSIDE,50,113.10678693500182,2
ID30_03_RISK_60_ONE_STRIKE_INSIDE,2021-12-16,2021-12-13,-3,RISK_60,ONE_STRIKE_INSIDE,50,-5426.054091099996,2
ID30_03_RISK_60_ONE_STRIKE_INSIDE,2021-12-23,2021-12-20,-3,RISK_60,ONE_STRIKE_INSIDE,50,-79.33337834000002,2
ID30_03_RISK_60_ONE_STRIKE_INSIDE,2021-12-30,2021-12-27,-3,RISK_60,ONE_STRIKE_INSIDE,50,492.6124163399982,2
ID30_03_RISK_60_ONE_STRIKE_INSIDE,2022-01-06,2022-01-03,-3,RISK_60,ONE_STRIKE_INSIDE,50,-573.2348205949982,2
ID30_03_RISK_60_ONE_STRIKE_INSIDE,2022-01-13,2022-01-10,-3,RISK_60,ONE_STRIKE_INSIDE,50,-142.3020319449991,2
ID30_03_RISK_60_ONE_STRIKE_INSIDE,2022-01-20,2022-01-17,-3,RISK_60,ONE_STRIKE_INSIDE,50,-5501.968493825,2
ID30_03_RISK_60_ONE_STRIKE_INSIDE,2022-01-27,2022-01-21,-3,RISK_60,ONE_STRIKE_INSIDE,50,-6200.261907515,2
ID30_03_RISK_60_ONE_STRIKE_INSIDE,2022-02-03,2022-01-31,-3,RISK_60,ONE_STRIKE_INSIDE,50,698.9504640300073,2
ID30_03_RISK_60_ONE_STRIKE_INSIDE,2022-02-10,2022-02-07,-3,RISK_60,ONE_STRIKE_INSIDE,50,3677.01448627,2
ID30_03_RISK_60_ONE_STRIKE_INSIDE,2022-02-17,2022-02-14,-3,RISK_60,ONE_STRIKE_INSIDE,50,308.0128832650027,2
ID30_03_RISK_60_ONE_STRIKE_INSIDE,2022-02-24,2022-02-21,-3,RISK_60,ONE_STRIKE_INSIDE,50,-4721.918523945,2
ID30_03_RISK_60_ONE_STRIKE_INSIDE,2022-03-03,2022-02-25,-3,RISK_60,ONE_STRIKE_INSIDE,50,-2216.0984472699965,2
ID30_03_RISK_60_ONE_STRIKE_INSIDE,2022-03-10,2022-03-07,-3,RISK_60,ONE_STRIKE_INSIDE,50,452.78787477000367,2
ID30_03_RISK_60_ONE_STRIKE_INSIDE,2022-03-17,2022-03-14,-3,RISK_60,ONE_STRIKE_INSIDE,50,446.2798005650073,2
ID30_03_RISK_60_ONE_STRIKE_INSIDE,2022-03-24,2022-03-21,-3,RISK_60,ONE_STRIKE_INSIDE,50,276.86484443499995,2
ID30_03_RISK_60_ONE_STRIKE_INSIDE,2022-03-31,2022-03-28,-3,RISK_60,ONE_STRIKE_INSIDE,50,295.280914055,2
ID30_03_RISK_60_ONE_STRIKE_INSIDE,2022-04-07,2022-04-04,-3,RISK_60,ONE_STRIKE_INSIDE,50,-5477.37235931,2
ID30_03_RISK_60_ONE_STRIKE_INSIDE,2022-04-13,2022-04-08,-3,RISK_60,ONE_STRIKE_INSIDE,50,-4583.289791989998,2
ID30_03_RISK_60_ONE_STRIKE_INSIDE,2022-04-21,2022-04-18,-3,RISK_60,ONE_STRIKE_INSIDE,50,2265.28154787,2
ID30_03_RISK_60_ONE_STRIKE_INSIDE,2022-04-28,2022-04-25,-3,RISK_60,ONE_STRIKE_INSIDE,50,201.551314435,2
ID30_03_RISK_60_ONE_STRIKE_INSIDE,2022-05-05,2022-04-29,-3,RISK_60,ONE_STRIKE_INSIDE,50,-4877.023291235,2
ID30_03_RISK_60_ONE_STRIKE_INSIDE,2022-05-12,2022-05-09,-3,RISK_60,ONE_STRIKE_INSIDE,50,-4790.006269755,2
ID30_03_RISK_60_ONE_STRIKE_INSIDE,2022-05-19,2022-05-16,-3,RISK_60,ONE_STRIKE_INSIDE,50,-2109.819486685,2
ID30_03_RISK_60_ONE_STRIKE_INSIDE,2022-05-26,2022-05-23,-3,RISK_60,ONE_STRIKE_INSIDE,50,-1692.41142419,2
ID30_03_RISK_60_ONE_STRIKE_INSIDE,2022-06-02,2022-05-30,-3,RISK_60,ONE_STRIKE_INSIDE,50,3295.479813244999,2
ID30_03_RISK_60_ONE_STRIKE_INSIDE,2022-06-09,2022-06-06,-3,RISK_60,ONE_STRIKE_INSIDE,50,3201.8365311849993,2
ID30_03_RISK_60_ONE_STRIKE_INSIDE,2022-06-16,2022-06-13,-3,RISK_60,ONE_STRIKE_INSIDE,50,-4734.278692464998,2
ID30_03_RISK_60_ONE_STRIKE_INSIDE,2022-06-23,2022-06-20,-3,RISK_60,ONE_STRIKE_INSIDE,50,290.22557238999997,2
ID30_03_RISK_60_ONE_STRIKE_INSIDE,2022-06-30,2022-06-27,-3,RISK_60,ONE_STRIKE_INSIDE,50,-2839.723718035,2
ID30_03_RISK_60_ONE_STRIKE_INSIDE,2022-07-07,2022-07-04,-3,RISK_60,ONE_STRIKE_INSIDE,50,229.96718172500005,2
ID30_03_RISK_60_ONE_STRIKE_INSIDE,2022-07-14,2022-07-11,-3,RISK_60,ONE_STRIKE_INSIDE,50,-5015.451553689996,2
ID30_03_RISK_60_ONE_STRIKE_INSIDE,2022-07-21,2022-07-18,-3,RISK_60,ONE_STRIKE_INSIDE,50,-433.557012695,2
ID30_03_RISK_60_ONE_STRIKE_INSIDE,2022-07-28,2022-07-25,-3,RISK_60,ONE_STRIKE_INSIDE,50,242.57365093500005,2
ID30_03_RISK_60_ONE_STRIKE_INSIDE,2022-08-04,2022-08-01,-3,RISK_60,ONE_STRIKE_INSIDE,50,2926.864997945,2
ID30_03_RISK_60_ONE_STRIKE_INSIDE,2022-08-11,2022-08-05,-3,RISK_60,ONE_STRIKE_INSIDE,50,2000.9843957799999,2
ID30_03_RISK_60_ONE_STRIKE_INSIDE,2022-08-18,2022-08-12,-3,RISK_60,ONE_STRIKE_INSIDE,50,-256.075044105001,2
ID30_03_RISK_60_ONE_STRIKE_INSIDE,2022-08-25,2022-08-22,-3,RISK_60,ONE_STRIKE_INSIDE,50,-2143.69504293,2
ID30_03_RISK_60_ONE_STRIKE_INSIDE,2022-09-01,2022-08-26,-3,RISK_60,ONE_STRIKE_INSIDE,50,-3236.239167674998,2
ID30_03_RISK_60_ONE_STRIKE_INSIDE,2022-09-08,2022-09-05,-3,RISK_60,ONE_STRIKE_INSIDE,50,2398.491122424999,2
ID30_03_RISK_60_ONE_STRIKE_INSIDE,2022-09-15,2022-09-12,-3,RISK_60,ONE_STRIKE_INSIDE,50,2518.134141795,2
ID30_03_RISK_60_ONE_STRIKE_INSIDE,2022-09-22,2022-09-19,-3,RISK_60,ONE_STRIKE_INSIDE,50,2113.007224519999,2
ID30_03_RISK_60_ONE_STRIKE_INSIDE,2022-09-29,2022-09-26,-3,RISK_60,ONE_STRIKE_INSIDE,50,-4688.204997095,2
ID30_03_RISK_60_ONE_STRIKE_INSIDE,2022-10-06,2022-09-30,-3,RISK_60,ONE_STRIKE_INSIDE,50,189.404306135,2
ID30_03_RISK_60_ONE_STRIKE_INSIDE,2022-10-13,2022-10-10,-3,RISK_60,ONE_STRIKE_INSIDE,50,-1475.061735885,2
ID30_03_RISK_60_ONE_STRIKE_INSIDE,2022-10-20,2022-10-17,-3,RISK_60,ONE_STRIKE_INSIDE,50,-13.920056770003612,2
ID30_03_RISK_60_ONE_STRIKE_INSIDE,2022-10-27,2022-10-21,-3,RISK_60,ONE_STRIKE_INSIDE,50,4597.176466164996,2
ID30_03_RISK_60_ONE_STRIKE_INSIDE,2022-11-03,2022-10-31,-3,RISK_60,ONE_STRIKE_INSIDE,50,4243.97797871,2
ID30_03_RISK_60_ONE_STRIKE_INSIDE,2022-11-10,2022-11-04,-3,RISK_60,ONE_STRIKE_INSIDE,50,-1182.296262385,2
ID30_03_RISK_60_ONE_STRIKE_INSIDE,2022-11-17,2022-11-14,-3,RISK_60,ONE_STRIKE_INSIDE,50,1100.3877768349964,2
ID30_03_RISK_60_ONE_STRIKE_INSIDE,2022-11-24,2022-11-21,-3,RISK_60,ONE_STRIKE_INSIDE,50,-974.522768905,2
ID30_03_RISK_60_ONE_STRIKE_INSIDE,2022-12-01,2022-11-28,-3,RISK_60,ONE_STRIKE_INSIDE,50,-1187.4365918600001,2
ID30_03_RISK_60_ONE_STRIKE_INSIDE,2022-12-08,2022-12-05,-3,RISK_60,ONE_STRIKE_INSIDE,50,125.31554469499997,2
ID30_03_RISK_60_ONE_STRIKE_INSIDE,2022-12-15,2022-12-12,-3,RISK_60,ONE_STRIKE_INSIDE,50,3558.2292847699996,2
ID30_03_RISK_60_ONE_STRIKE_INSIDE,2022-12-22,2022-12-19,-3,RISK_60,ONE_STRIKE_INSIDE,50,-5371.29324208,2
ID30_03_RISK_60_ONE_STRIKE_INSIDE,2022-12-29,2022-12-26,-3,RISK_60,ONE_STRIKE_INSIDE,50,-201.91373806000354,2
ID30_03_RISK_60_ONE_STRIKE_INSIDE,2023-01-05,2023-01-02,-3,RISK_60,ONE_STRIKE_INSIDE,50,-3851.4913123600018,2
ID30_03_RISK_60_ONE_STRIKE_INSIDE,2023-01-12,2023-01-09,-3,RISK_60,ONE_STRIKE_INSIDE,50,-5448.6012873849995,2
ID30_03_RISK_60_ONE_STRIKE_INSIDE,2023-01-19,2023-01-16,-3,RISK_60,ONE_STRIKE_INSIDE,50,4409.907162975,2
ID30_03_RISK_60_ONE_STRIKE_INSIDE,2023-01-25,2023-01-20,-3,RISK_60,ONE_STRIKE_INSIDE,50,-5374.518060185003,2
ID30_03_RISK_60_ONE_STRIKE_INSIDE,2023-02-02,2023-01-30,-3,RISK_60,ONE_STRIKE_INSIDE,50,-3251.455639254998,2
ID30_03_RISK_60_ONE_STRIKE_INSIDE,2023-02-09,2023-02-06,-3,RISK_60,ONE_STRIKE_INSIDE,50,4194.175522249999,2
ID30_03_RISK_60_ONE_STRIKE_INSIDE,2023-02-16,2023-02-13,-3,RISK_60,ONE_STRIKE_INSIDE,50,1248.744114375,2
ID30_03_RISK_60_ONE_STRIKE_INSIDE,2023-02-23,2023-02-20,-3,RISK_60,ONE_STRIKE_INSIDE,50,-5997.938814105,2
ID30_03_RISK_60_ONE_STRIKE_INSIDE,2023-03-02,2023-02-27,-3,RISK_60,ONE_STRIKE_INSIDE,50,-4177.891321684998,2
ID30_03_RISK_60_ONE_STRIKE_INSIDE,2023-03-09,2023-03-03,-3,RISK_60,ONE_STRIKE_INSIDE,50,4015.097408225,2
ID30_03_RISK_60_ONE_STRIKE_INSIDE,2023-03-16,2023-03-13,-3,RISK_60,ONE_STRIKE_INSIDE,50,-6298.432691485,2
ID30_03_RISK_60_ONE_STRIKE_INSIDE,2023-03-23,2023-03-20,-3,RISK_60,ONE_STRIKE_INSIDE,50,4182.001279895,2
ID30_03_RISK_60_ONE_STRIKE_INSIDE,2023-03-29,2023-03-24,-3,RISK_60,ONE_STRIKE_INSIDE,50,3305.5134678999952,2
ID30_03_RISK_60_ONE_STRIKE_INSIDE,2023-04-06,2023-03-31,-3,RISK_60,ONE_STRIKE_INSIDE,50,-461.16285565500186,2
ID30_03_RISK_60_ONE_STRIKE_INSIDE,2023-04-13,2023-04-10,-3,RISK_60,ONE_STRIKE_INSIDE,50,909.0086036149983,2
ID30_03_RISK_60_ONE_STRIKE_INSIDE,2023-04-20,2023-04-17,-3,RISK_60,ONE_STRIKE_INSIDE,50,70.64033544999819,2
ID30_03_RISK_60_ONE_STRIKE_INSIDE,2023-04-27,2023-04-24,-3,RISK_60,ONE_STRIKE_INSIDE,50,-623.80547881,2
ID30_03_RISK_60_ONE_STRIKE_INSIDE,2023-05-04,2023-04-28,-3,RISK_60,ONE_STRIKE_INSIDE,50,-1309.2241817250008,2
ID30_03_RISK_60_ONE_STRIKE_INSIDE,2023-05-11,2023-05-08,-3,RISK_60,ONE_STRIKE_INSIDE,50,4001.945160544998,2
ID30_03_RISK_60_ONE_STRIKE_INSIDE,2023-05-18,2023-05-15,-3,RISK_60,ONE_STRIKE_INSIDE,50,-5772.474952400002,2
ID30_03_RISK_60_ONE_STRIKE_INSIDE,2023-05-25,2023-05-22,-3,RISK_60,ONE_STRIKE_INSIDE,50,3497.700664369996,2
ID30_03_RISK_60_ONE_STRIKE_INSIDE,2023-06-01,2023-05-29,-3,RISK_60,ONE_STRIKE_INSIDE,50,-4772.3199036900005,2
ID30_03_RISK_60_ONE_STRIKE_INSIDE,2023-06-08,2023-06-05,-3,RISK_60,ONE_STRIKE_INSIDE,50,2944.5128658099975,2
ID30_03_RISK_60_ONE_STRIKE_INSIDE,2023-06-15,2023-06-12,-3,RISK_60,ONE_STRIKE_INSIDE,50,3640.2268291049995,2
ID30_03_RISK_60_ONE_STRIKE_INSIDE,2023-06-22,2023-06-19,-3,RISK_60,ONE_STRIKE_INSIDE,50,-2897.413283395,2
ID30_03_RISK_60_ONE_STRIKE_INSIDE,2023-06-28,2023-06-23,-3,RISK_60,ONE_STRIKE_INSIDE,50,-1408.3444136699982,2
ID30_03_RISK_60_ONE_STRIKE_INSIDE,2023-07-06,2023-07-03,-3,RISK_60,ONE_STRIKE_INSIDE,50,1703.3773669799982,2
ID30_03_RISK_60_ONE_STRIKE_INSIDE,2023-07-13,2023-07-10,-3,RISK_60,ONE_STRIKE_INSIDE,50,1315.37114269,2
ID30_03_RISK_60_ONE_STRIKE_INSIDE,2023-07-20,2023-07-17,-3,RISK_60,ONE_STRIKE_INSIDE,50,-823.4714411849982,2
ID30_03_RISK_60_ONE_STRIKE_INSIDE,2023-07-27,2023-07-24,-3,RISK_60,ONE_STRIKE_INSIDE,50,-4009.177518214998,2
ID30_03_RISK_60_ONE_STRIKE_INSIDE,2023-08-03,2023-07-31,-3,RISK_60,ONE_STRIKE_INSIDE,50,-6198.93867068,2
ID30_03_RISK_60_ONE_STRIKE_INSIDE,2023-08-10,2023-08-07,-3,RISK_60,ONE_STRIKE_INSIDE,50,1263.010473105,2
ID30_03_RISK_60_ONE_STRIKE_INSIDE,2023-08-17,2023-08-11,-3,RISK_60,ONE_STRIKE_INSIDE,50,-4287.002055960002,2
ID30_03_RISK_60_ONE_STRIKE_INSIDE,2023-08-24,2023-08-21,-3,RISK_60,ONE_STRIKE_INSIDE,50,3711.249229944998,2
ID30_03_RISK_60_ONE_STRIKE_INSIDE,2023-08-31,2023-08-28,-3,RISK_60,ONE_STRIKE_INSIDE,50,2943.85422642,2
ID30_03_RISK_60_ONE_STRIKE_INSIDE,2023-09-07,2023-09-04,-3,RISK_60,ONE_STRIKE_INSIDE,50,-536.6476910250037,2
ID30_03_RISK_60_ONE_STRIKE_INSIDE,2023-09-14,2023-09-11,-3,RISK_60,ONE_STRIKE_INSIDE,50,1911.47222102,2
ID30_03_RISK_60_ONE_STRIKE_INSIDE,2023-09-21,2023-09-15,-3,RISK_60,ONE_STRIKE_INSIDE,50,-5911.030670749995,2
ID30_03_RISK_60_ONE_STRIKE_INSIDE,2023-09-28,2023-09-25,-3,RISK_60,ONE_STRIKE_INSIDE,50,-4326.570343079999,2
ID30_03_RISK_60_ONE_STRIKE_INSIDE,2023-10-05,2023-09-29,-3,RISK_60,ONE_STRIKE_INSIDE,50,1733.619103705,2
ID30_03_RISK_60_ONE_STRIKE_INSIDE,2023-10-12,2023-10-09,-3,RISK_60,ONE_STRIKE_INSIDE,50,-1039.141338905,2
ID30_03_RISK_60_ONE_STRIKE_INSIDE,2023-10-19,2023-10-16,-3,RISK_60,ONE_STRIKE_INSIDE,50,-1578.4571658100017,2
ID30_03_RISK_60_ONE_STRIKE_INSIDE,2023-10-26,2023-10-20,-3,RISK_60,ONE_STRIKE_INSIDE,50,-5807.93866267,2
ID30_03_RISK_60_ONE_STRIKE_INSIDE,2023-11-02,2023-10-30,-3,RISK_60,ONE_STRIKE_INSIDE,50,4360.50838893,2
ID30_03_RISK_60_ONE_STRIKE_INSIDE,2023-11-09,2023-11-06,-3,RISK_60,ONE_STRIKE_INSIDE,50,3380.259975705,2
ID30_03_RISK_60_ONE_STRIKE_INSIDE,2023-11-23,2023-11-20,-3,RISK_60,ONE_STRIKE_INSIDE,50,4207.841666674999,2
ID30_03_RISK_60_ONE_STRIKE_INSIDE,2023-11-30,2023-11-24,-3,RISK_60,ONE_STRIKE_INSIDE,50,-819.5554500000001,2
ID30_03_RISK_60_ONE_STRIKE_INSIDE,2023-12-07,2023-12-04,-3,RISK_60,ONE_STRIKE_INSIDE,50,-1042.566671694999,2
ID30_03_RISK_60_ONE_STRIKE_INSIDE,2023-12-14,2023-12-11,-3,RISK_60,ONE_STRIKE_INSIDE,50,1050.1876089249963,2
ID30_03_RISK_60_ONE_STRIKE_INSIDE,2023-12-21,2023-12-18,-3,RISK_60,ONE_STRIKE_INSIDE,50,-5408.811900275002,2
ID30_03_RISK_60_ONE_STRIKE_INSIDE,2023-12-28,2023-12-22,-3,RISK_60,ONE_STRIKE_INSIDE,50,-562.9455311799945,2
ID30_03_RISK_60_ONE_STRIKE_INSIDE,2024-01-04,2024-01-01,-3,RISK_60,ONE_STRIKE_INSIDE,50,-310.76287306499995,2
ID30_03_RISK_60_ONE_STRIKE_INSIDE,2024-01-11,2024-01-08,-3,RISK_60,ONE_STRIKE_INSIDE,50,-987.52429652,2
ID30_03_RISK_60_ONE_STRIKE_INSIDE,2024-01-18,2024-01-15,-3,RISK_60,ONE_STRIKE_INSIDE,50,-5443.25511777,2
ID30_03_RISK_60_ONE_STRIKE_INSIDE,2024-01-25,2024-01-20,-3,RISK_60,ONE_STRIKE_INSIDE,50,-5352.230474999997,2
ID30_03_RISK_60_ONE_STRIKE_INSIDE,2024-02-01,2024-01-29,-3,RISK_60,ONE_STRIKE_INSIDE,50,4453.29252337,2
ID30_03_RISK_60_ONE_STRIKE_INSIDE,2024-02-08,2024-02-05,-3,RISK_60,ONE_STRIKE_INSIDE,50,-4437.937837439997,2
ID30_03_RISK_60_ONE_STRIKE_INSIDE,2024-02-15,2024-02-12,-3,RISK_60,ONE_STRIKE_INSIDE,50,4917.194559705,2
ID30_03_RISK_60_ONE_STRIKE_INSIDE,2024-02-22,2024-02-19,-3,RISK_60,ONE_STRIKE_INSIDE,50,4496.794062605,2
ID30_03_RISK_60_ONE_STRIKE_INSIDE,2024-02-29,2024-02-26,-3,RISK_60,ONE_STRIKE_INSIDE,50,-5030.77891093,2
ID30_03_RISK_60_ONE_STRIKE_INSIDE,2024-03-07,2024-03-04,-3,RISK_60,ONE_STRIKE_INSIDE,50,4913.005679285,2
ID30_03_RISK_60_ONE_STRIKE_INSIDE,2024-03-14,2024-03-11,-3,RISK_60,ONE_STRIKE_INSIDE,50,-5025.01181088,2
ID30_03_RISK_60_ONE_STRIKE_INSIDE,2024-03-21,2024-03-18,-3,RISK_60,ONE_STRIKE_INSIDE,50,77.34494154499998,2
ID30_03_RISK_60_ONE_STRIKE_INSIDE,2024-03-28,2024-03-22,-3,RISK_60,ONE_STRIKE_INSIDE,50,-309.4442516249982,2
ID30_03_RISK_60_ONE_STRIKE_INSIDE,2024-04-04,2024-04-01,-3,RISK_60,ONE_STRIKE_INSIDE,50,1719.06193639,2
ID30_03_RISK_60_ONE_STRIKE_INSIDE,2024-04-10,2024-04-05,-3,RISK_60,ONE_STRIKE_INSIDE,50,-214.84953341999977,2
ID30_03_RISK_60_ONE_STRIKE_INSIDE,2024-04-18,2024-04-12,-3,RISK_60,ONE_STRIKE_INSIDE,50,-5822.66381098,2
ID30_03_RISK_60_ONE_STRIKE_INSIDE,2024-04-25,2024-04-22,-3,RISK_60,ONE_STRIKE_INSIDE,50,157.34996519999999,2
ID30_03_RISK_60_ONE_STRIKE_INSIDE,2024-05-02,2024-04-26,-3,RISK_60,ONE_STRIKE_INSIDE,25,2176.2442012224997,2
ID30_03_RISK_60_ONE_STRIKE_INSIDE,2024-05-09,2024-05-06,-3,RISK_60,ONE_STRIKE_INSIDE,25,-2723.794418534998,2
ID30_03_RISK_60_ONE_STRIKE_INSIDE,2024-05-16,2024-05-13,-3,RISK_60,ONE_STRIKE_INSIDE,25,-11.76211692499993,2
ID30_03_RISK_60_ONE_STRIKE_INSIDE,2024-05-23,2024-05-18,-3,RISK_60,ONE_STRIKE_INSIDE,25,-156.19548854749996,2
ID30_03_RISK_60_ONE_STRIKE_INSIDE,2024-05-30,2024-05-27,-3,RISK_60,ONE_STRIKE_INSIDE,25,-2704.3110470025,2
ID30_03_RISK_60_ONE_STRIKE_INSIDE,2024-06-06,2024-06-03,-3,RISK_60,ONE_STRIKE_INSIDE,25,-2055.1362044974944,2
ID30_03_RISK_60_ONE_STRIKE_INSIDE,2024-06-13,2024-06-10,-3,RISK_60,ONE_STRIKE_INSIDE,25,1265.629539275002,2
ID30_03_RISK_60_ONE_STRIKE_INSIDE,2024-06-20,2024-06-14,-3,RISK_60,ONE_STRIKE_INSIDE,25,676.07968102,2
ID30_03_RISK_60_ONE_STRIKE_INSIDE,2024-06-27,2024-06-24,-3,RISK_60,ONE_STRIKE_INSIDE,25,-34.34017180249998,2
ID30_03_RISK_60_ONE_STRIKE_INSIDE,2024-07-04,2024-07-01,-3,RISK_60,ONE_STRIKE_INSIDE,25,-9.194282477500053,2
ID30_03_RISK_60_ONE_STRIKE_INSIDE,2024-07-11,2024-07-08,-3,RISK_60,ONE_STRIKE_INSIDE,25,1097.3041422324995,2
ID30_03_RISK_60_ONE_STRIKE_INSIDE,2024-07-18,2024-07-12,-3,RISK_60,ONE_STRIKE_INSIDE,25,-382.49660218249863,2
ID30_03_RISK_60_ONE_STRIKE_INSIDE,2024-07-25,2024-07-22,-3,RISK_60,ONE_STRIKE_INSIDE,25,332.13737371750096,2
ID30_03_RISK_60_ONE_STRIKE_INSIDE,2024-08-01,2024-07-29,-3,RISK_60,ONE_STRIKE_INSIDE,25,2224.17862678,2
ID30_03_RISK_60_ONE_STRIKE_INSIDE,2024-08-08,2024-08-05,-3,RISK_60,ONE_STRIKE_INSIDE,25,-168.12307518249997,2
ID30_03_RISK_60_ONE_STRIKE_INSIDE,2024-08-14,2024-08-09,-3,RISK_60,ONE_STRIKE_INSIDE,25,-2593.176920544998,2
ID30_03_RISK_60_ONE_STRIKE_INSIDE,2024-08-22,2024-08-19,-3,RISK_60,ONE_STRIKE_INSIDE,25,713.830393505,2
ID30_03_RISK_60_ONE_STRIKE_INSIDE,2024-08-29,2024-08-26,-3,RISK_60,ONE_STRIKE_INSIDE,25,-227.40844708500003,2
ID30_03_RISK_60_ONE_STRIKE_INSIDE,2024-09-05,2024-09-02,-3,RISK_60,ONE_STRIKE_INSIDE,25,-2825.530965934999,2
ID30_03_RISK_60_ONE_STRIKE_INSIDE,2024-09-12,2024-09-09,-3,RISK_60,ONE_STRIKE_INSIDE,25,-212.02929414499812,2
ID30_03_RISK_60_ONE_STRIKE_INSIDE,2024-09-19,2024-09-16,-3,RISK_60,ONE_STRIKE_INSIDE,25,1019.7049559049996,2
ID30_03_RISK_60_ONE_STRIKE_INSIDE,2024-09-26,2024-09-23,-3,RISK_60,ONE_STRIKE_INSIDE,25,-210.15861019749906,2
ID30_03_RISK_60_ONE_STRIKE_INSIDE,2024-10-03,2024-09-27,-3,RISK_60,ONE_STRIKE_INSIDE,25,-2611.9422173800035,2
ID30_03_RISK_60_ONE_STRIKE_INSIDE,2024-10-10,2024-10-07,-3,RISK_60,ONE_STRIKE_INSIDE,25,-80.92611463999998,2
ID30_03_RISK_60_ONE_STRIKE_INSIDE,2024-10-17,2024-10-14,-3,RISK_60,ONE_STRIKE_INSIDE,25,-2625.7829947775,2
ID30_03_RISK_60_ONE_STRIKE_INSIDE,2024-10-24,2024-10-21,-3,RISK_60,ONE_STRIKE_INSIDE,25,-2635.57065536,2
ID30_03_RISK_60_ONE_STRIKE_INSIDE,2024-10-31,2024-10-28,-3,RISK_60,ONE_STRIKE_INSIDE,25,1037.7419079825,2
ID30_03_RISK_60_ONE_STRIKE_INSIDE,2024-11-07,2024-11-04,-3,RISK_60,ONE_STRIKE_INSIDE,25,2593.714678052501,2
ID30_03_RISK_60_ONE_STRIKE_INSIDE,2024-11-14,2024-11-11,-3,RISK_60,ONE_STRIKE_INSIDE,25,-2725.32881451,2
ID30_03_RISK_60_ONE_STRIKE_INSIDE,2024-11-21,2024-11-14,-3,RISK_60,ONE_STRIKE_INSIDE,75,-7443.808983097499,2
ID30_03_RISK_60_ONE_STRIKE_INSIDE,2024-11-28,2024-11-25,-3,RISK_60,ONE_STRIKE_INSIDE,75,-6643.394256254996,2
ID30_03_RISK_60_ONE_STRIKE_INSIDE,2024-12-05,2024-12-02,-3,RISK_60,ONE_STRIKE_INSIDE,75,383.63339747999635,2
ID30_03_RISK_60_ONE_STRIKE_INSIDE,2024-12-12,2024-12-09,-3,RISK_60,ONE_STRIKE_INSIDE,75,-3056.6562045675,2
ID30_03_RISK_60_ONE_STRIKE_INSIDE,2024-12-19,2024-12-16,-3,RISK_60,ONE_STRIKE_INSIDE,75,-7143.72141213,2
ID30_03_RISK_60_ONE_STRIKE_INSIDE,2024-12-26,2024-12-20,-3,RISK_60,ONE_STRIKE_INSIDE,75,-6572.544826199996,2
ID30_03_RISK_60_ONE_STRIKE_INSIDE,2025-01-02,2024-12-30,-3,RISK_60,ONE_STRIKE_INSIDE,75,-185.27747837250354,2
ID30_03_RISK_60_ONE_STRIKE_INSIDE,2025-01-09,2025-01-06,-3,RISK_60,ONE_STRIKE_INSIDE,75,-6336.136008262496,2
ID30_03_RISK_60_ONE_STRIKE_INSIDE,2025-01-16,2025-01-13,-3,RISK_60,ONE_STRIKE_INSIDE,75,7843.141510747497,2
ID30_03_RISK_60_ONE_STRIKE_INSIDE,2025-01-23,2025-01-20,-3,RISK_60,ONE_STRIKE_INSIDE,75,4855.748933805,2
ID30_03_RISK_60_ONE_STRIKE_INSIDE,2025-01-30,2025-01-27,-3,RISK_60,ONE_STRIKE_INSIDE,75,1076.9836816875,2
ID30_03_RISK_60_ONE_STRIKE_INSIDE,2025-02-06,2025-02-03,-3,RISK_60,ONE_STRIKE_INSIDE,75,1595.398920465,2
ID30_03_RISK_60_ONE_STRIKE_INSIDE,2025-02-13,2025-02-10,-3,RISK_60,ONE_STRIKE_INSIDE,75,-7015.453659899993,2
ID30_03_RISK_60_ONE_STRIKE_INSIDE,2025-02-20,2025-02-17,-3,RISK_60,ONE_STRIKE_INSIDE,75,8091.0801909599995,2
ID30_03_RISK_60_ONE_STRIKE_INSIDE,2025-02-27,2025-02-21,-3,RISK_60,ONE_STRIKE_INSIDE,75,-7261.95023589,2
ID30_03_RISK_60_ONE_STRIKE_INSIDE,2025-03-06,2025-03-03,-3,RISK_60,ONE_STRIKE_INSIDE,75,-444.285920895,2
ID30_03_RISK_60_ONE_STRIKE_INSIDE,2025-03-13,2025-03-10,-3,RISK_60,ONE_STRIKE_INSIDE,75,-7187.955659767502,2
ID30_03_RISK_60_ONE_STRIKE_INSIDE,2025-03-20,2025-03-17,-3,RISK_60,ONE_STRIKE_INSIDE,75,-909.6798528449963,2
ID30_03_RISK_60_ONE_STRIKE_INSIDE,2025-03-27,2025-03-24,-3,RISK_60,ONE_STRIKE_INSIDE,75,7276.466493374998,2
ID30_03_RISK_60_ONE_STRIKE_INSIDE,2025-04-03,2025-03-28,-3,RISK_60,ONE_STRIKE_INSIDE,75,-7645.3204125825,2
ID30_03_RISK_60_ONE_STRIKE_INSIDE,2025-04-09,2025-04-04,-3,RISK_60,ONE_STRIKE_INSIDE,75,-7214.365695967493,2
ID30_03_RISK_60_ONE_STRIKE_INSIDE,2025-04-17,2025-04-11,-3,RISK_60,ONE_STRIKE_INSIDE,75,653.9058458700074,2
ID30_03_RISK_60_ONE_STRIKE_INSIDE,2025-04-24,2025-04-21,-3,RISK_60,ONE_STRIKE_INSIDE,75,750.0747557250036,2
ID30_03_RISK_60_ONE_STRIKE_INSIDE,2025-04-30,2025-04-25,-3,RISK_60,ONE_STRIKE_INSIDE,75,7783.9394709225,2
ID30_03_RISK_60_ONE_STRIKE_INSIDE,2025-05-08,2025-05-05,-3,RISK_60,ONE_STRIKE_INSIDE,75,-6972.086909550002,2
ID30_03_RISK_60_ONE_STRIKE_INSIDE,2025-05-15,2025-05-12,-3,RISK_60,ONE_STRIKE_INSIDE,75,300.455344965,2
ID30_03_RISK_60_ONE_STRIKE_INSIDE,2025-05-22,2025-05-19,-3,RISK_60,ONE_STRIKE_INSIDE,75,-6992.080178894997,2
ID30_03_RISK_60_ONE_STRIKE_INSIDE,2025-05-29,2025-05-26,-3,RISK_60,ONE_STRIKE_INSIDE,75,-6745.597555597501,2
ID30_03_RISK_60_ONE_STRIKE_INSIDE,2025-06-05,2025-06-02,-3,RISK_60,ONE_STRIKE_INSIDE,75,6643.193686050002,2
ID30_03_RISK_60_ONE_STRIKE_INSIDE,2025-06-12,2025-06-09,-3,RISK_60,ONE_STRIKE_INSIDE,75,-6739.13298552,2
ID30_03_RISK_60_ONE_STRIKE_INSIDE,2025-06-19,2025-06-16,-3,RISK_60,ONE_STRIKE_INSIDE,75,6873.094071525,2
ID30_03_RISK_60_ONE_STRIKE_INSIDE,2025-06-26,2025-06-23,-3,RISK_60,ONE_STRIKE_INSIDE,75,-430.28313024,2
ID30_03_RISK_60_ONE_STRIKE_INSIDE,2025-07-03,2025-06-30,-3,RISK_60,ONE_STRIKE_INSIDE,75,-7465.183636792502,2
ID30_03_RISK_60_ONE_STRIKE_INSIDE,2025-07-10,2025-07-07,-3,RISK_60,ONE_STRIKE_INSIDE,75,-3954.9160428150017,2
ID30_03_RISK_60_ONE_STRIKE_INSIDE,2025-07-17,2025-07-14,-3,RISK_60,ONE_STRIKE_INSIDE,75,6556.604553599998,2
ID30_03_RISK_60_ONE_STRIKE_INSIDE,2025-07-24,2025-07-21,-3,RISK_60,ONE_STRIKE_INSIDE,75,5228.702665349998,2
ID30_03_RISK_60_ONE_STRIKE_INSIDE,2025-07-31,2025-07-28,-3,RISK_60,ONE_STRIKE_INSIDE,75,3182.9695399049983,2
ID30_03_RISK_60_ONE_STRIKE_INSIDE,2025-08-07,2025-08-04,-3,RISK_60,ONE_STRIKE_INSIDE,75,-3135.48205302,2
ID30_03_RISK_60_ONE_STRIKE_INSIDE,2025-08-14,2025-08-11,-3,RISK_60,ONE_STRIKE_INSIDE,75,694.5307517174945,2
ID30_03_RISK_60_ONE_STRIKE_INSIDE,2025-08-21,2025-08-18,-3,RISK_60,ONE_STRIKE_INSIDE,75,7451.596740944999,2
ID30_03_RISK_60_ONE_STRIKE_INSIDE,2025-08-28,2025-08-22,-3,RISK_60,ONE_STRIKE_INSIDE,75,-7418.93762583,2
ID30_03_RISK_60_ONE_STRIKE_INSIDE,2025-09-02,2025-08-28,-3,RISK_60,ONE_STRIKE_INSIDE,75,6031.510603349999,2
ID30_03_RISK_60_ONE_STRIKE_INSIDE,2025-09-09,2025-09-04,-3,RISK_60,ONE_STRIKE_INSIDE,75,-117.7176110475018,2
ID30_03_RISK_60_ONE_STRIKE_INSIDE,2025-09-16,2025-09-11,-3,RISK_60,ONE_STRIKE_INSIDE,75,1062.321589995,2
ID30_03_RISK_60_ONE_STRIKE_INSIDE,2025-09-23,2025-09-18,-3,RISK_60,ONE_STRIKE_INSIDE,75,-9279.299382224995,2
ID30_03_RISK_60_ONE_STRIKE_INSIDE,2025-09-30,2025-09-25,-3,RISK_60,ONE_STRIKE_INSIDE,75,-8868.632761837496,2
ID30_03_RISK_60_ONE_STRIKE_INSIDE,2025-10-07,2025-10-01,-3,RISK_60,ONE_STRIKE_INSIDE,75,-754.4861343149964,2
ID30_03_RISK_60_ONE_STRIKE_INSIDE,2025-10-14,2025-10-08,-3,RISK_60,ONE_STRIKE_INSIDE,75,3719.3304395474997,2
ID30_03_RISK_60_ONE_STRIKE_INSIDE,2025-10-28,2025-10-23,-3,RISK_60,ONE_STRIKE_INSIDE,75,-7948.303143067496,2
ID30_03_RISK_60_ONE_STRIKE_INSIDE,2025-11-04,2025-10-30,-3,RISK_60,ONE_STRIKE_INSIDE,75,-8086.06609479,2
ID30_03_RISK_60_ONE_STRIKE_INSIDE,2025-11-11,2025-11-06,-3,RISK_60,ONE_STRIKE_INSIDE,75,6791.3352140925,2
ID30_03_RISK_60_ONE_STRIKE_INSIDE,2025-11-18,2025-11-13,-3,RISK_60,ONE_STRIKE_INSIDE,75,6521.361591517498,2
ID30_03_RISK_60_ONE_STRIKE_INSIDE,2025-11-25,2025-11-20,-3,RISK_60,ONE_STRIKE_INSIDE,75,-7684.056108352501,2
ID30_03_RISK_60_ONE_STRIKE_INSIDE,2025-12-02,2025-11-27,-3,RISK_60,ONE_STRIKE_INSIDE,75,-8547.164601712502,2
ID30_03_RISK_60_ONE_STRIKE_INSIDE,2025-12-09,2025-12-04,-3,RISK_60,ONE_STRIKE_INSIDE,75,-7442.634797684998,2
ID30_03_RISK_60_ONE_STRIKE_INSIDE,2025-12-16,2025-12-11,-3,RISK_60,ONE_STRIKE_INSIDE,75,7198.3915825199965,2
ID30_03_RISK_60_ONE_STRIKE_INSIDE,2025-12-23,2025-12-18,-3,RISK_60,ONE_STRIKE_INSIDE,75,-448.81242226500177,2
ID30_03_RISK_60_ONE_STRIKE_INSIDE,2025-12-30,2025-12-24,-3,RISK_60,ONE_STRIKE_INSIDE,75,-8644.09544865,2
ID30_03_RISK_60_ONE_STRIKE_INSIDE,2026-01-06,2026-01-01,-3,RISK_60,ONE_STRIKE_INSIDE,65,669.084647132,2
ID30_03_RISK_60_ONE_STRIKE_INSIDE,2026-01-13,2026-01-08,-3,RISK_60,ONE_STRIKE_INSIDE,65,-7622.518909013,2
ID30_03_RISK_60_ONE_STRIKE_INSIDE,2026-01-20,2026-01-14,-3,RISK_60,ONE_STRIKE_INSIDE,65,-6864.594782819996,2
ID30_03_RISK_60_ONE_STRIKE_INSIDE,2026-01-27,2026-01-21,-3,RISK_60,ONE_STRIKE_INSIDE,65,-4711.307177325002,2
ID30_03_RISK_60_ONE_STRIKE_INSIDE,2026-02-03,2026-01-30,-3,RISK_60,ONE_STRIKE_INSIDE,65,680.8906920320073,2
ID30_03_RISK_60_ONE_STRIKE_INSIDE,2026-02-10,2026-02-05,-3,RISK_60,ONE_STRIKE_INSIDE,65,847.9080740049983,2
ID30_03_RISK_60_ONE_STRIKE_INSIDE,2026-02-17,2026-02-12,-3,RISK_60,ONE_STRIKE_INSIDE,65,-4892.224575122502,2
ID30_03_RISK_60_ONE_STRIKE_INSIDE,2026-02-24,2026-02-19,-3,RISK_60,ONE_STRIKE_INSIDE,65,-7612.172453257,2
ID30_03_RISK_60_ONE_STRIKE_INSIDE,2026-03-02,2026-02-25,-3,RISK_60,ONE_STRIKE_INSIDE,65,-6118.83285149585,2
ID30_03_RISK_60_ONE_STRIKE_INSIDE,2026-03-10,2026-03-05,-3,RISK_60,ONE_STRIKE_INSIDE,65,-6019.876884096401,2
ID30_03_RISK_60_ONE_STRIKE_INSIDE,2026-03-17,2026-03-12,-3,RISK_60,ONE_STRIKE_INSIDE,65,5440.695807383065,2
ID30_03_RISK_60_ONE_STRIKE_INSIDE,2026-03-24,2026-03-19,-3,RISK_60,ONE_STRIKE_INSIDE,65,-5220.016697643014,2
ID30_03_RISK_60_ONE_STRIKE_INSIDE,2026-03-30,2026-03-24,-3,RISK_60,ONE_STRIKE_INSIDE,65,-5374.253390918094,2
ID30_03_RISK_60_ONE_STRIKE_INSIDE,2026-04-07,2026-04-01,-3,RISK_60,ONE_STRIKE_INSIDE,65,3389.9273618631187,2
ID30_03_RISK_60_ONE_STRIKE_INSIDE,2026-04-13,2026-04-08,-3,RISK_60,ONE_STRIKE_INSIDE,65,234.9003037388859,2
ID30_03_RISK_60_ONE_STRIKE_INSIDE,2026-04-21,2026-04-16,-3,RISK_60,ONE_STRIKE_INSIDE,65,4722.715390439734,2
ID30_03_RISK_60_ONE_STRIKE_INSIDE,2026-04-28,2026-04-23,-3,RISK_60,ONE_STRIKE_INSIDE,65,-5351.731291296583,2
ID30_03_RISK_60_ONE_STRIKE_INSIDE,2026-05-05,2026-04-29,-3,RISK_60,ONE_STRIKE_INSIDE,65,-2233.2976953832417,2
ID30_03_RISK_60_ONE_STRIKE_INSIDE,2026-05-12,2026-05-07,-3,RISK_60,ONE_STRIKE_INSIDE,65,-6287.725856834505,2
ID30_03_RISK_60_ONE_STRIKE_INSIDE,2026-05-19,2026-05-14,-3,RISK_60,ONE_STRIKE_INSIDE,65,6797.858786674145,2
ID30_03_RISK_60_ONE_STRIKE_INSIDE,2026-05-26,2026-05-20,-3,RISK_60,ONE_STRIKE_INSIDE,65,863.9651251663273,2
ID30_03_RISK_60_ONE_STRIKE_INSIDE,2026-06-02,2026-05-21,-3,RISK_60,ONE_STRIKE_INSIDE,65,2390.511751240995,2
ID30_03_RISK_60_ONE_STRIKE_INSIDE,2026-07-07,2026-06-30,-3,RISK_60,ONE_STRIKE_INSIDE,65,1694.1841807261083,2
ID30_03_RISK_60_ONE_STRIKE_INSIDE,2026-07-14,2026-06-30,-3,RISK_60,ONE_STRIKE_INSIDE,65,1240.6866036175616,2
ID30_03_RISK_60_ONE_STRIKE_INSIDE,2026-07-21,2026-06-30,-3,RISK_60,ONE_STRIKE_INSIDE,65,855.0542165849428,2
ID30_03_RISK_60_ONE_STRIKE_INSIDE,2026-07-28,2026-06-30,-3,RISK_60,ONE_STRIKE_INSIDE,65,-175.5157590163227,2
ID30_03_RISK_60_RECENTER_BOTH,2021-07-08,2021-07-05,-3,RISK_60,RECENTER_BOTH,50,510.399403365,2
ID30_03_RISK_60_RECENTER_BOTH,2021-07-15,2021-07-12,-3,RISK_60,RECENTER_BOTH,50,-4040.7056407200016,2
ID30_03_RISK_60_RECENTER_BOTH,2021-07-22,2021-07-16,-3,RISK_60,RECENTER_BOTH,50,-2211.489612230001,2
ID30_03_RISK_60_RECENTER_BOTH,2021-07-29,2021-07-26,-3,RISK_60,RECENTER_BOTH,50,2406.839356554998,2
ID30_03_RISK_60_RECENTER_BOTH,2021-08-05,2021-08-02,-3,RISK_60,RECENTER_BOTH,50,-5472.521161189999,2
ID30_03_RISK_60_RECENTER_BOTH,2021-08-12,2021-08-09,-3,RISK_60,RECENTER_BOTH,50,1855.632795164998,2
ID30_03_RISK_60_RECENTER_BOTH,2021-08-18,2021-08-13,-3,RISK_60,RECENTER_BOTH,50,-1005.4466878550036,2
ID30_03_RISK_60_RECENTER_BOTH,2021-08-26,2021-08-23,-3,RISK_60,RECENTER_BOTH,50,1378.99082403,2
ID30_03_RISK_60_RECENTER_BOTH,2021-09-02,2021-08-30,-3,RISK_60,RECENTER_BOTH,50,-4980.753670795002,2
ID30_03_RISK_60_RECENTER_BOTH,2021-09-09,2021-09-06,-3,RISK_60,RECENTER_BOTH,50,3517.857317585,2
ID30_03_RISK_60_RECENTER_BOTH,2021-09-16,2021-09-13,-3,RISK_60,RECENTER_BOTH,50,-4404.0984502,2
ID30_03_RISK_60_RECENTER_BOTH,2021-09-23,2021-09-20,-3,RISK_60,RECENTER_BOTH,50,-4664.641614679999,2
ID30_03_RISK_60_RECENTER_BOTH,2021-09-30,2021-09-27,-3,RISK_60,RECENTER_BOTH,50,-4125.064188504998,2
ID30_03_RISK_60_RECENTER_BOTH,2021-10-07,2021-10-04,-3,RISK_60,RECENTER_BOTH,50,-1966.4351372350002,2
ID30_03_RISK_60_RECENTER_BOTH,2021-10-14,2021-10-11,-3,RISK_60,RECENTER_BOTH,50,-4214.164037474997,2
ID30_03_RISK_60_RECENTER_BOTH,2021-10-21,2021-10-18,-3,RISK_60,RECENTER_BOTH,50,-3912.082638669999,2
ID30_03_RISK_60_RECENTER_BOTH,2021-10-28,2021-10-25,-3,RISK_60,RECENTER_BOTH,50,129.15025219999825,2
ID30_03_RISK_60_RECENTER_BOTH,2021-11-11,2021-11-08,-3,RISK_60,RECENTER_BOTH,50,4026.345807799998,2
ID30_03_RISK_60_RECENTER_BOTH,2021-11-18,2021-11-15,-3,RISK_60,RECENTER_BOTH,50,-4451.351988875002,2
ID30_03_RISK_60_RECENTER_BOTH,2021-11-25,2021-11-22,-3,RISK_60,RECENTER_BOTH,50,194.05033544499997,2
ID30_03_RISK_60_RECENTER_BOTH,2021-12-02,2021-11-29,-3,RISK_60,RECENTER_BOTH,50,-3269.998139505,2
ID30_03_RISK_60_RECENTER_BOTH,2021-12-09,2021-12-06,-3,RISK_60,RECENTER_BOTH,50,-3452.339589200005,2
ID30_03_RISK_60_RECENTER_BOTH,2021-12-16,2021-12-13,-3,RISK_60,RECENTER_BOTH,50,-4361.732259285,2
ID30_03_RISK_60_RECENTER_BOTH,2021-12-23,2021-12-20,-3,RISK_60,RECENTER_BOTH,50,-3224.2192419700054,2
ID30_03_RISK_60_RECENTER_BOTH,2021-12-30,2021-12-27,-3,RISK_60,RECENTER_BOTH,50,-3673.525612790002,2
ID30_03_RISK_60_RECENTER_BOTH,2022-01-06,2022-01-03,-3,RISK_60,RECENTER_BOTH,50,-4172.618502435,2
ID30_03_RISK_60_RECENTER_BOTH,2022-01-13,2022-01-10,-3,RISK_60,RECENTER_BOTH,50,-3743.277869970003,2
ID30_03_RISK_60_RECENTER_BOTH,2022-01-20,2022-01-17,-3,RISK_60,RECENTER_BOTH,50,-3922.1235940399947,2
ID30_03_RISK_60_RECENTER_BOTH,2022-01-27,2022-01-21,-3,RISK_60,RECENTER_BOTH,50,-3070.1163832299944,2
ID30_03_RISK_60_RECENTER_BOTH,2022-02-03,2022-01-31,-3,RISK_60,RECENTER_BOTH,50,-2488.4476370899984,2
ID30_03_RISK_60_RECENTER_BOTH,2022-02-10,2022-02-07,-3,RISK_60,RECENTER_BOTH,50,-1902.5170291999998,2
ID30_03_RISK_60_RECENTER_BOTH,2022-02-17,2022-02-14,-3,RISK_60,RECENTER_BOTH,50,-2798.31323118,2
ID30_03_RISK_60_RECENTER_BOTH,2022-02-24,2022-02-21,-3,RISK_60,RECENTER_BOTH,50,-3246.104442215,2
ID30_03_RISK_60_RECENTER_BOTH,2022-03-03,2022-02-25,-3,RISK_60,RECENTER_BOTH,50,1589.275447155,2
ID30_03_RISK_60_RECENTER_BOTH,2022-03-10,2022-03-07,-3,RISK_60,RECENTER_BOTH,50,-2598.983863394996,2
ID30_03_RISK_60_RECENTER_BOTH,2022-03-17,2022-03-14,-3,RISK_60,RECENTER_BOTH,50,-2856.1734112149998,2
ID30_03_RISK_60_RECENTER_BOTH,2022-03-24,2022-03-21,-3,RISK_60,RECENTER_BOTH,50,4356.66050438,2
ID30_03_RISK_60_RECENTER_BOTH,2022-03-31,2022-03-28,-3,RISK_60,RECENTER_BOTH,50,-3345.0321444300034,2
ID30_03_RISK_60_RECENTER_BOTH,2022-04-07,2022-04-04,-3,RISK_60,RECENTER_BOTH,50,-3710.718275665,2
ID30_03_RISK_60_RECENTER_BOTH,2022-04-13,2022-04-08,-3,RISK_60,RECENTER_BOTH,50,-1359.8694813250047,2
ID30_03_RISK_60_RECENTER_BOTH,2022-04-21,2022-04-18,-3,RISK_60,RECENTER_BOTH,50,-3013.6458629800036,2
ID30_03_RISK_60_RECENTER_BOTH,2022-04-28,2022-04-25,-3,RISK_60,RECENTER_BOTH,50,-3583.5473477350038,2
ID30_03_RISK_60_RECENTER_BOTH,2022-05-05,2022-04-29,-3,RISK_60,RECENTER_BOTH,50,-3626.01510315,2
ID30_03_RISK_60_RECENTER_BOTH,2022-05-12,2022-05-09,-3,RISK_60,RECENTER_BOTH,50,-2927.1473665500007,2
ID30_03_RISK_60_RECENTER_BOTH,2022-05-19,2022-05-16,-3,RISK_60,RECENTER_BOTH,50,2106.46965588,2
ID30_03_RISK_60_RECENTER_BOTH,2022-05-26,2022-05-23,-3,RISK_60,RECENTER_BOTH,50,2175.299021355,2
ID30_03_RISK_60_RECENTER_BOTH,2022-06-02,2022-05-30,-3,RISK_60,RECENTER_BOTH,50,5007.046374765,2
ID30_03_RISK_60_RECENTER_BOTH,2022-06-09,2022-06-06,-3,RISK_60,RECENTER_BOTH,50,5572.265667659996,2
ID30_03_RISK_60_RECENTER_BOTH,2022-06-16,2022-06-13,-3,RISK_60,RECENTER_BOTH,50,-3182.791886850002,2
ID30_03_RISK_60_RECENTER_BOTH,2022-06-23,2022-06-20,-3,RISK_60,RECENTER_BOTH,50,-3077.470998249999,2
ID30_03_RISK_60_RECENTER_BOTH,2022-06-30,2022-06-27,-3,RISK_60,RECENTER_BOTH,50,1137.2036868649964,2
ID30_03_RISK_60_RECENTER_BOTH,2022-07-07,2022-07-04,-3,RISK_60,RECENTER_BOTH,50,-3257.327932665,2
ID30_03_RISK_60_RECENTER_BOTH,2022-07-14,2022-07-11,-3,RISK_60,RECENTER_BOTH,50,-3664.216994655,2
ID30_03_RISK_60_RECENTER_BOTH,2022-07-21,2022-07-18,-3,RISK_60,RECENTER_BOTH,50,-4138.02056917,2
ID30_03_RISK_60_RECENTER_BOTH,2022-07-28,2022-07-25,-3,RISK_60,RECENTER_BOTH,50,-3717.6014813900033,2
ID30_03_RISK_60_RECENTER_BOTH,2022-08-04,2022-08-01,-3,RISK_60,RECENTER_BOTH,50,-2648.27048658,2
ID30_03_RISK_60_RECENTER_BOTH,2022-08-11,2022-08-05,-3,RISK_60,RECENTER_BOTH,50,-3022.3668800700034,2
ID30_03_RISK_60_RECENTER_BOTH,2022-08-18,2022-08-12,-3,RISK_60,RECENTER_BOTH,50,-3700.9223106000036,2
ID30_03_RISK_60_RECENTER_BOTH,2022-08-25,2022-08-22,-3,RISK_60,RECENTER_BOTH,50,3634.74892277,2
ID30_03_RISK_60_RECENTER_BOTH,2022-09-01,2022-08-26,-3,RISK_60,RECENTER_BOTH,50,-1532.3054100450038,2
ID30_03_RISK_60_RECENTER_BOTH,2022-09-08,2022-09-05,-3,RISK_60,RECENTER_BOTH,50,-2728.3332639900036,2
ID30_03_RISK_60_RECENTER_BOTH,2022-09-15,2022-09-12,-3,RISK_60,RECENTER_BOTH,50,4872.4464755499985,2
ID30_03_RISK_60_RECENTER_BOTH,2022-09-22,2022-09-19,-3,RISK_60,RECENTER_BOTH,50,1402.6607747399964,2
ID30_03_RISK_60_RECENTER_BOTH,2022-09-29,2022-09-26,-3,RISK_60,RECENTER_BOTH,50,-3229.0906650050056,2
ID30_03_RISK_60_RECENTER_BOTH,2022-10-06,2022-09-30,-3,RISK_60,RECENTER_BOTH,50,-2941.77291271,2
ID30_03_RISK_60_RECENTER_BOTH,2022-10-13,2022-10-10,-3,RISK_60,RECENTER_BOTH,50,2565.6005168399997,2
ID30_03_RISK_60_RECENTER_BOTH,2022-10-20,2022-10-17,-3,RISK_60,RECENTER_BOTH,50,-3562.348653535007,2
ID30_03_RISK_60_RECENTER_BOTH,2022-10-27,2022-10-21,-3,RISK_60,RECENTER_BOTH,50,3242.8838026299964,2
ID30_03_RISK_60_RECENTER_BOTH,2022-11-03,2022-10-31,-3,RISK_60,RECENTER_BOTH,50,428.1309773299954,2
ID30_03_RISK_60_RECENTER_BOTH,2022-11-10,2022-11-04,-3,RISK_60,RECENTER_BOTH,50,5047.981070409996,2
ID30_03_RISK_60_RECENTER_BOTH,2022-11-17,2022-11-14,-3,RISK_60,RECENTER_BOTH,50,4385.784114984996,2
ID30_03_RISK_60_RECENTER_BOTH,2022-11-24,2022-11-21,-3,RISK_60,RECENTER_BOTH,50,-4507.264814544998,2
ID30_03_RISK_60_RECENTER_BOTH,2022-12-01,2022-11-28,-3,RISK_60,RECENTER_BOTH,50,-4704.365269535,2
ID30_03_RISK_60_RECENTER_BOTH,2022-12-08,2022-12-05,-3,RISK_60,RECENTER_BOTH,50,3764.723047675,2
ID30_03_RISK_60_RECENTER_BOTH,2022-12-15,2022-12-12,-3,RISK_60,RECENTER_BOTH,50,3112.2390705850003,2
ID30_03_RISK_60_RECENTER_BOTH,2022-12-22,2022-12-19,-3,RISK_60,RECENTER_BOTH,50,-2730.118647055002,2
ID30_03_RISK_60_RECENTER_BOTH,2022-12-29,2022-12-26,-3,RISK_60,RECENTER_BOTH,50,-3814.400531379998,2
ID30_03_RISK_60_RECENTER_BOTH,2023-01-05,2023-01-02,-3,RISK_60,RECENTER_BOTH,50,-341.58852607000006,2
ID30_03_RISK_60_RECENTER_BOTH,2023-01-12,2023-01-09,-3,RISK_60,RECENTER_BOTH,50,-2066.846098145,2
ID30_03_RISK_60_RECENTER_BOTH,2023-01-19,2023-01-16,-3,RISK_60,RECENTER_BOTH,50,-206.34327205500472,2
ID30_03_RISK_60_RECENTER_BOTH,2023-01-25,2023-01-20,-3,RISK_60,RECENTER_BOTH,50,-3942.1617134000035,2
ID30_03_RISK_60_RECENTER_BOTH,2023-02-02,2023-01-30,-3,RISK_60,RECENTER_BOTH,50,924.7400359349999,2
ID30_03_RISK_60_RECENTER_BOTH,2023-02-09,2023-02-06,-3,RISK_60,RECENTER_BOTH,50,-1348.0564403900007,2
ID30_03_RISK_60_RECENTER_BOTH,2023-02-16,2023-02-13,-3,RISK_60,RECENTER_BOTH,50,-4412.278355854998,2
ID30_03_RISK_60_RECENTER_BOTH,2023-02-23,2023-02-20,-3,RISK_60,RECENTER_BOTH,50,-4740.901274735002,2
ID30_03_RISK_60_RECENTER_BOTH,2023-03-02,2023-02-27,-3,RISK_60,RECENTER_BOTH,50,-769.9259202350001,2
ID30_03_RISK_60_RECENTER_BOTH,2023-03-09,2023-03-03,-3,RISK_60,RECENTER_BOTH,50,242.68687869999997,2
ID30_03_RISK_60_RECENTER_BOTH,2023-03-16,2023-03-13,-3,RISK_60,RECENTER_BOTH,50,-4801.496950684995,2
ID30_03_RISK_60_RECENTER_BOTH,2023-03-23,2023-03-20,-3,RISK_60,RECENTER_BOTH,50,-1549.8669732600047,2
ID30_03_RISK_60_RECENTER_BOTH,2023-03-29,2023-03-24,-3,RISK_60,RECENTER_BOTH,50,4650.339554879996,2
ID30_03_RISK_60_RECENTER_BOTH,2023-04-06,2023-03-31,-3,RISK_60,RECENTER_BOTH,50,-4118.7413626800035,2
ID30_03_RISK_60_RECENTER_BOTH,2023-04-13,2023-04-10,-3,RISK_60,RECENTER_BOTH,50,-4667.8976496350015,2
ID30_03_RISK_60_RECENTER_BOTH,2023-04-20,2023-04-17,-3,RISK_60,RECENTER_BOTH,50,3804.9446616399964,2
ID30_03_RISK_60_RECENTER_BOTH,2023-04-27,2023-04-24,-3,RISK_60,RECENTER_BOTH,50,-5213.689010600002,2
ID30_03_RISK_60_RECENTER_BOTH,2023-05-04,2023-04-28,-3,RISK_60,RECENTER_BOTH,50,-4645.410879515,2
ID30_03_RISK_60_RECENTER_BOTH,2023-05-11,2023-05-08,-3,RISK_60,RECENTER_BOTH,50,544.0644847099971,2
ID30_03_RISK_60_RECENTER_BOTH,2023-05-18,2023-05-15,-3,RISK_60,RECENTER_BOTH,50,-4515.775369645,2
ID30_03_RISK_60_RECENTER_BOTH,2023-05-25,2023-05-22,-3,RISK_60,RECENTER_BOTH,50,1323.593231309998,2
ID30_03_RISK_60_RECENTER_BOTH,2023-06-01,2023-05-29,-3,RISK_60,RECENTER_BOTH,50,1008.979054684999,2
ID30_03_RISK_60_RECENTER_BOTH,2023-06-08,2023-06-05,-3,RISK_60,RECENTER_BOTH,50,2566.5333558499974,2
ID30_03_RISK_60_RECENTER_BOTH,2023-06-15,2023-06-12,-3,RISK_60,RECENTER_BOTH,50,661.8537486249963,2
ID30_03_RISK_60_RECENTER_BOTH,2023-06-22,2023-06-19,-3,RISK_60,RECENTER_BOTH,50,662.9731722199987,2
ID30_03_RISK_60_RECENTER_BOTH,2023-06-28,2023-06-23,-3,RISK_60,RECENTER_BOTH,50,-4657.806221859998,2
ID30_03_RISK_60_RECENTER_BOTH,2023-07-06,2023-07-03,-3,RISK_60,RECENTER_BOTH,50,-4302.530897245003,2
ID30_03_RISK_60_RECENTER_BOTH,2023-07-13,2023-07-10,-3,RISK_60,RECENTER_BOTH,50,3970.6905921499992,2
ID30_03_RISK_60_RECENTER_BOTH,2023-07-20,2023-07-17,-3,RISK_60,RECENTER_BOTH,50,-4867.8703582299995,2
ID30_03_RISK_60_RECENTER_BOTH,2023-07-27,2023-07-24,-3,RISK_60,RECENTER_BOTH,50,-537.238243145002,2
ID30_03_RISK_60_RECENTER_BOTH,2023-08-03,2023-07-31,-3,RISK_60,RECENTER_BOTH,50,-4492.722913534998,2
ID30_03_RISK_60_RECENTER_BOTH,2023-08-10,2023-08-07,-3,RISK_60,RECENTER_BOTH,50,4255.608139189998,2
ID30_03_RISK_60_RECENTER_BOTH,2023-08-17,2023-08-11,-3,RISK_60,RECENTER_BOTH,50,-321.47008593500357,2
ID30_03_RISK_60_RECENTER_BOTH,2023-08-24,2023-08-21,-3,RISK_60,RECENTER_BOTH,50,2491.733064174999,2
ID30_03_RISK_60_RECENTER_BOTH,2023-08-31,2023-08-28,-3,RISK_60,RECENTER_BOTH,50,3724.15484663,2
ID30_03_RISK_60_RECENTER_BOTH,2023-09-07,2023-09-04,-3,RISK_60,RECENTER_BOTH,50,-5237.733408590003,2
ID30_03_RISK_60_RECENTER_BOTH,2023-09-14,2023-09-11,-3,RISK_60,RECENTER_BOTH,50,-4338.717003900001,2
ID30_03_RISK_60_RECENTER_BOTH,2023-09-21,2023-09-15,-3,RISK_60,RECENTER_BOTH,50,-4326.631054365,2
ID30_03_RISK_60_RECENTER_BOTH,2023-09-28,2023-09-25,-3,RISK_60,RECENTER_BOTH,50,-438.01510403999987,2
ID30_03_RISK_60_RECENTER_BOTH,2023-10-05,2023-09-29,-3,RISK_60,RECENTER_BOTH,50,5648.071172895,2
ID30_03_RISK_60_RECENTER_BOTH,2023-10-12,2023-10-09,-3,RISK_60,RECENTER_BOTH,50,-4522.611427340002,2
ID30_03_RISK_60_RECENTER_BOTH,2023-10-19,2023-10-16,-3,RISK_60,RECENTER_BOTH,50,2003.92008253,2
ID30_03_RISK_60_RECENTER_BOTH,2023-10-26,2023-10-20,-3,RISK_60,RECENTER_BOTH,50,-4318.89200603,2
ID30_03_RISK_60_RECENTER_BOTH,2023-11-02,2023-10-30,-3,RISK_60,RECENTER_BOTH,50,-1185.1933950300001,2
ID30_03_RISK_60_RECENTER_BOTH,2023-11-09,2023-11-06,-3,RISK_60,RECENTER_BOTH,50,2621.018675499999,2
ID30_03_RISK_60_RECENTER_BOTH,2023-11-23,2023-11-20,-3,RISK_60,RECENTER_BOTH,50,313.13230358500005,2
ID30_03_RISK_60_RECENTER_BOTH,2023-11-30,2023-11-24,-3,RISK_60,RECENTER_BOTH,50,-4664.49223082,2
ID30_03_RISK_60_RECENTER_BOTH,2023-12-07,2023-12-04,-3,RISK_60,RECENTER_BOTH,50,-4371.649735099999,2
ID30_03_RISK_60_RECENTER_BOTH,2023-12-14,2023-12-11,-3,RISK_60,RECENTER_BOTH,50,-2413.537176270004,2
ID30_03_RISK_60_RECENTER_BOTH,2023-12-21,2023-12-18,-3,RISK_60,RECENTER_BOTH,50,-3852.7000045900054,2
ID30_03_RISK_60_RECENTER_BOTH,2023-12-28,2023-12-22,-3,RISK_60,RECENTER_BOTH,50,-3674.448498039995,2
ID30_03_RISK_60_RECENTER_BOTH,2024-01-04,2024-01-01,-3,RISK_60,RECENTER_BOTH,50,3716.99810616,2
ID30_03_RISK_60_RECENTER_BOTH,2024-01-11,2024-01-08,-3,RISK_60,RECENTER_BOTH,50,2916.141189019996,2
ID30_03_RISK_60_RECENTER_BOTH,2024-01-18,2024-01-15,-3,RISK_60,RECENTER_BOTH,50,-3746.33071783,2
ID30_03_RISK_60_RECENTER_BOTH,2024-01-25,2024-01-20,-3,RISK_60,RECENTER_BOTH,50,-3593.4721178100026,2
ID30_03_RISK_60_RECENTER_BOTH,2024-02-01,2024-01-29,-3,RISK_60,RECENTER_BOTH,50,-941.5750307000036,2
ID30_03_RISK_60_RECENTER_BOTH,2024-02-08,2024-02-05,-3,RISK_60,RECENTER_BOTH,50,-2349.8939327300036,2
ID30_03_RISK_60_RECENTER_BOTH,2024-02-15,2024-02-12,-3,RISK_60,RECENTER_BOTH,50,1442.498620264999,2
ID30_03_RISK_60_RECENTER_BOTH,2024-02-22,2024-02-19,-3,RISK_60,RECENTER_BOTH,50,2204.4591678099964,2
ID30_03_RISK_60_RECENTER_BOTH,2024-02-29,2024-02-26,-3,RISK_60,RECENTER_BOTH,50,-3165.517827210004,2
ID30_03_RISK_60_RECENTER_BOTH,2024-03-07,2024-03-04,-3,RISK_60,RECENTER_BOTH,50,1560.9657791249974,2
ID30_03_RISK_60_RECENTER_BOTH,2024-03-14,2024-03-11,-3,RISK_60,RECENTER_BOTH,50,-3608.328737085001,2
ID30_03_RISK_60_RECENTER_BOTH,2024-03-21,2024-03-18,-3,RISK_60,RECENTER_BOTH,50,6039.930993399997,2
ID30_03_RISK_60_RECENTER_BOTH,2024-03-28,2024-03-22,-3,RISK_60,RECENTER_BOTH,50,-3210.7781738749964,2
ID30_03_RISK_60_RECENTER_BOTH,2024-04-04,2024-04-01,-3,RISK_60,RECENTER_BOTH,50,4559.214651539996,2
ID30_03_RISK_60_RECENTER_BOTH,2024-04-10,2024-04-05,-3,RISK_60,RECENTER_BOTH,50,-3511.7302017800034,2
ID30_03_RISK_60_RECENTER_BOTH,2024-04-18,2024-04-12,-3,RISK_60,RECENTER_BOTH,50,-3621.33755896,2
ID30_03_RISK_60_RECENTER_BOTH,2024-04-25,2024-04-22,-3,RISK_60,RECENTER_BOTH,50,-3399.507516774999,2
ID30_03_RISK_60_RECENTER_BOTH,2024-05-02,2024-04-26,-3,RISK_60,RECENTER_BOTH,25,1542.107375654999,2
ID30_03_RISK_60_RECENTER_BOTH,2024-05-09,2024-05-06,-3,RISK_60,RECENTER_BOTH,25,-2002.3790308175,2
ID30_03_RISK_60_RECENTER_BOTH,2024-05-16,2024-05-13,-3,RISK_60,RECENTER_BOTH,25,-1991.0506611750002,2
ID30_03_RISK_60_RECENTER_BOTH,2024-05-23,2024-05-18,-3,RISK_60,RECENTER_BOTH,25,-2113.5015445550016,2
ID30_03_RISK_60_RECENTER_BOTH,2024-05-30,2024-05-27,-3,RISK_60,RECENTER_BOTH,25,-1995.780662712502,2
ID30_03_RISK_60_RECENTER_BOTH,2024-06-06,2024-06-03,-3,RISK_60,RECENTER_BOTH,25,-1194.0907959649892,2
ID30_03_RISK_60_RECENTER_BOTH,2024-06-13,2024-06-10,-3,RISK_60,RECENTER_BOTH,25,2172.220458075,2
ID30_03_RISK_60_RECENTER_BOTH,2024-06-20,2024-06-14,-3,RISK_60,RECENTER_BOTH,25,-1959.7014589225028,2
ID30_03_RISK_60_RECENTER_BOTH,2024-06-27,2024-06-24,-3,RISK_60,RECENTER_BOTH,25,-2133.047656405,2
ID30_03_RISK_60_RECENTER_BOTH,2024-07-04,2024-07-01,-3,RISK_60,RECENTER_BOTH,25,-2011.4333633075016,2
ID30_03_RISK_60_RECENTER_BOTH,2024-07-11,2024-07-08,-3,RISK_60,RECENTER_BOTH,25,1684.2361613774974,2
ID30_03_RISK_60_RECENTER_BOTH,2024-07-18,2024-07-12,-3,RISK_60,RECENTER_BOTH,25,-2054.556785540001,2
ID30_03_RISK_60_RECENTER_BOTH,2024-07-25,2024-07-22,-3,RISK_60,RECENTER_BOTH,25,922.2596987900001,2
ID30_03_RISK_60_RECENTER_BOTH,2024-08-01,2024-07-29,-3,RISK_60,RECENTER_BOTH,25,445.53172639499985,2
ID30_03_RISK_60_RECENTER_BOTH,2024-08-08,2024-08-05,-3,RISK_60,RECENTER_BOTH,25,621.5081887975,2
ID30_03_RISK_60_RECENTER_BOTH,2024-08-14,2024-08-09,-3,RISK_60,RECENTER_BOTH,25,-1809.5448076775,2
ID30_03_RISK_60_RECENTER_BOTH,2024-08-22,2024-08-19,-3,RISK_60,RECENTER_BOTH,25,-2062.478745510001,2
ID30_03_RISK_60_RECENTER_BOTH,2024-08-29,2024-08-26,-3,RISK_60,RECENTER_BOTH,25,-2116.039178830002,2
ID30_03_RISK_60_RECENTER_BOTH,2024-09-05,2024-09-02,-3,RISK_60,RECENTER_BOTH,25,-877.0133897425007,2
ID30_03_RISK_60_RECENTER_BOTH,2024-09-12,2024-09-09,-3,RISK_60,RECENTER_BOTH,25,-1972.595422025,2
ID30_03_RISK_60_RECENTER_BOTH,2024-09-19,2024-09-16,-3,RISK_60,RECENTER_BOTH,25,2496.941980745,2
ID30_03_RISK_60_RECENTER_BOTH,2024-09-26,2024-09-23,-3,RISK_60,RECENTER_BOTH,25,-2031.364237682501,2
ID30_03_RISK_60_RECENTER_BOTH,2024-10-03,2024-09-27,-3,RISK_60,RECENTER_BOTH,25,-2081.722081025,2
ID30_03_RISK_60_RECENTER_BOTH,2024-10-10,2024-10-07,-3,RISK_60,RECENTER_BOTH,25,2019.1085535850002,2
ID30_03_RISK_60_RECENTER_BOTH,2024-10-17,2024-10-14,-3,RISK_60,RECENTER_BOTH,25,-2110.2465165950016,2
ID30_03_RISK_60_RECENTER_BOTH,2024-10-24,2024-10-21,-3,RISK_60,RECENTER_BOTH,25,-2155.148334250001,2
ID30_03_RISK_60_RECENTER_BOTH,2024-10-31,2024-10-28,-3,RISK_60,RECENTER_BOTH,25,2822.585420399999,2
ID30_03_RISK_60_RECENTER_BOTH,2024-11-07,2024-11-04,-3,RISK_60,RECENTER_BOTH,25,894.5745097750001,2
ID30_03_RISK_60_RECENTER_BOTH,2024-11-14,2024-11-11,-3,RISK_60,RECENTER_BOTH,25,-2163.4364563825,2
ID30_03_RISK_60_RECENTER_BOTH,2024-11-21,2024-11-14,-3,RISK_60,RECENTER_BOTH,75,-4242.860919427503,2
ID30_03_RISK_60_RECENTER_BOTH,2024-11-28,2024-11-25,-3,RISK_60,RECENTER_BOTH,75,-4274.60019675,2
ID30_03_RISK_60_RECENTER_BOTH,2024-12-05,2024-12-02,-3,RISK_60,RECENTER_BOTH,75,-4191.494851222496,2
ID30_03_RISK_60_RECENTER_BOTH,2024-12-12,2024-12-09,-3,RISK_60,RECENTER_BOTH,75,3004.0590402224916,2
ID30_03_RISK_60_RECENTER_BOTH,2024-12-19,2024-12-16,-3,RISK_60,RECENTER_BOTH,75,-4720.384272764993,2
ID30_03_RISK_60_RECENTER_BOTH,2024-12-26,2024-12-20,-3,RISK_60,RECENTER_BOTH,75,-238.63411653000003,2
ID30_03_RISK_60_RECENTER_BOTH,2025-01-02,2024-12-30,-3,RISK_60,RECENTER_BOTH,75,-5237.550653565004,2
ID30_03_RISK_60_RECENTER_BOTH,2025-01-09,2025-01-06,-3,RISK_60,RECENTER_BOTH,75,-4532.9423570475,2
ID30_03_RISK_60_RECENTER_BOTH,2025-01-16,2025-01-13,-3,RISK_60,RECENTER_BOTH,75,6442.654556872489,2
ID30_03_RISK_60_RECENTER_BOTH,2025-01-23,2025-01-20,-3,RISK_60,RECENTER_BOTH,75,10078.651306994996,2
ID30_03_RISK_60_RECENTER_BOTH,2025-01-30,2025-01-27,-3,RISK_60,RECENTER_BOTH,75,-4222.533995789996,2
ID30_03_RISK_60_RECENTER_BOTH,2025-02-06,2025-02-03,-3,RISK_60,RECENTER_BOTH,75,-5218.072268595,2
ID30_03_RISK_60_RECENTER_BOTH,2025-02-13,2025-02-10,-3,RISK_60,RECENTER_BOTH,75,-4678.556249760004,2
ID30_03_RISK_60_RECENTER_BOTH,2025-02-20,2025-02-17,-3,RISK_60,RECENTER_BOTH,75,2661.611617245,2
ID30_03_RISK_60_RECENTER_BOTH,2025-02-27,2025-02-21,-3,RISK_60,RECENTER_BOTH,75,-4431.863474317496,2
ID30_03_RISK_60_RECENTER_BOTH,2025-03-06,2025-03-03,-3,RISK_60,RECENTER_BOTH,75,-4771.77925335,2
ID30_03_RISK_60_RECENTER_BOTH,2025-03-13,2025-03-10,-3,RISK_60,RECENTER_BOTH,75,-4782.6866861025,2
ID30_03_RISK_60_RECENTER_BOTH,2025-03-20,2025-03-17,-3,RISK_60,RECENTER_BOTH,75,-5371.1765205675,2
ID30_03_RISK_60_RECENTER_BOTH,2025-03-27,2025-03-24,-3,RISK_60,RECENTER_BOTH,75,2918.628174914996,2
ID30_03_RISK_60_RECENTER_BOTH,2025-04-03,2025-03-28,-3,RISK_60,RECENTER_BOTH,75,-4589.6306851875,2
ID30_03_RISK_60_RECENTER_BOTH,2025-04-09,2025-04-04,-3,RISK_60,RECENTER_BOTH,75,-4762.048000635,2
ID30_03_RISK_60_RECENTER_BOTH,2025-04-17,2025-04-11,-3,RISK_60,RECENTER_BOTH,75,-4118.8028717625,2
ID30_03_RISK_60_RECENTER_BOTH,2025-04-24,2025-04-21,-3,RISK_60,RECENTER_BOTH,75,-4513.6651484099975,2
ID30_03_RISK_60_RECENTER_BOTH,2025-04-30,2025-04-25,-3,RISK_60,RECENTER_BOTH,75,3883.95293268,2
ID30_03_RISK_60_RECENTER_BOTH,2025-05-08,2025-05-05,-3,RISK_60,RECENTER_BOTH,75,559.5666249299999,2
ID30_03_RISK_60_RECENTER_BOTH,2025-05-15,2025-05-12,-3,RISK_60,RECENTER_BOTH,75,-4880.723988345,2
ID30_03_RISK_60_RECENTER_BOTH,2025-05-22,2025-05-19,-3,RISK_60,RECENTER_BOTH,75,-4651.884239895007,2
ID30_03_RISK_60_RECENTER_BOTH,2025-05-29,2025-05-26,-3,RISK_60,RECENTER_BOTH,75,-3740.4133996725,2
ID30_03_RISK_60_RECENTER_BOTH,2025-06-05,2025-06-02,-3,RISK_60,RECENTER_BOTH,75,-2213.8245484575036,2
ID30_03_RISK_60_RECENTER_BOTH,2025-06-12,2025-06-09,-3,RISK_60,RECENTER_BOTH,75,-3922.666559775005,2
ID30_03_RISK_60_RECENTER_BOTH,2025-06-19,2025-06-16,-3,RISK_60,RECENTER_BOTH,75,9213.4005572925,2
ID30_03_RISK_60_RECENTER_BOTH,2025-06-26,2025-06-23,-3,RISK_60,RECENTER_BOTH,75,-5048.7472707,2
ID30_03_RISK_60_RECENTER_BOTH,2025-07-03,2025-06-30,-3,RISK_60,RECENTER_BOTH,75,-3963.0146678250017,2
ID30_03_RISK_60_RECENTER_BOTH,2025-07-10,2025-07-07,-3,RISK_60,RECENTER_BOTH,75,1865.5361390849998,2
ID30_03_RISK_60_RECENTER_BOTH,2025-07-17,2025-07-14,-3,RISK_60,RECENTER_BOTH,75,4227.89222868,2
ID30_03_RISK_60_RECENTER_BOTH,2025-07-24,2025-07-21,-3,RISK_60,RECENTER_BOTH,75,-3684.493989802502,2
ID30_03_RISK_60_RECENTER_BOTH,2025-07-31,2025-07-28,-3,RISK_60,RECENTER_BOTH,75,7861.7168514974965,2
ID30_03_RISK_60_RECENTER_BOTH,2025-08-07,2025-08-04,-3,RISK_60,RECENTER_BOTH,75,2904.843514904999,2
ID30_03_RISK_60_RECENTER_BOTH,2025-08-14,2025-08-11,-3,RISK_60,RECENTER_BOTH,75,-5694.494143507503,2
ID30_03_RISK_60_RECENTER_BOTH,2025-08-21,2025-08-18,-3,RISK_60,RECENTER_BOTH,75,2510.101816245,2
ID30_03_RISK_60_RECENTER_BOTH,2025-08-28,2025-08-22,-3,RISK_60,RECENTER_BOTH,75,-5740.7560630575,2
ID30_03_RISK_60_RECENTER_BOTH,2025-09-02,2025-08-28,-3,RISK_60,RECENTER_BOTH,75,7534.9573190775,2
ID30_03_RISK_60_RECENTER_BOTH,2025-09-09,2025-09-04,-3,RISK_60,RECENTER_BOTH,75,6060.4107526875,2
ID30_03_RISK_60_RECENTER_BOTH,2025-09-16,2025-09-11,-3,RISK_60,RECENTER_BOTH,75,-6266.9256390675,2
ID30_03_RISK_60_RECENTER_BOTH,2025-09-23,2025-09-18,-3,RISK_60,RECENTER_BOTH,75,-6256.685495535,2
ID30_03_RISK_60_RECENTER_BOTH,2025-09-30,2025-09-25,-3,RISK_60,RECENTER_BOTH,75,-6289.575061499996,2
ID30_03_RISK_60_RECENTER_BOTH,2025-10-07,2025-10-01,-3,RISK_60,RECENTER_BOTH,75,-5607.432953025003,2
ID30_03_RISK_60_RECENTER_BOTH,2025-10-14,2025-10-08,-3,RISK_60,RECENTER_BOTH,75,7732.18424556,2
ID30_03_RISK_60_RECENTER_BOTH,2025-10-28,2025-10-23,-3,RISK_60,RECENTER_BOTH,75,-4599.99036098251,2
ID30_03_RISK_60_RECENTER_BOTH,2025-11-04,2025-10-30,-3,RISK_60,RECENTER_BOTH,75,-5148.9069411300015,2
ID30_03_RISK_60_RECENTER_BOTH,2025-11-11,2025-11-06,-3,RISK_60,RECENTER_BOTH,75,2883.1192983299966,2
ID30_03_RISK_60_RECENTER_BOTH,2025-11-18,2025-11-13,-3,RISK_60,RECENTER_BOTH,75,4232.074144049999,2
ID30_03_RISK_60_RECENTER_BOTH,2025-11-25,2025-11-20,-3,RISK_60,RECENTER_BOTH,75,-4602.766017285,2
ID30_03_RISK_60_RECENTER_BOTH,2025-12-02,2025-11-27,-3,RISK_60,RECENTER_BOTH,75,-5569.727064734996,2
ID30_03_RISK_60_RECENTER_BOTH,2025-12-09,2025-12-04,-3,RISK_60,RECENTER_BOTH,75,-2080.8002545575,2
ID30_03_RISK_60_RECENTER_BOTH,2025-12-16,2025-12-11,-3,RISK_60,RECENTER_BOTH,75,3068.5524329774967,2
ID30_03_RISK_60_RECENTER_BOTH,2025-12-23,2025-12-18,-3,RISK_60,RECENTER_BOTH,75,-5953.966684927496,2
ID30_03_RISK_60_RECENTER_BOTH,2025-12-30,2025-12-24,-3,RISK_60,RECENTER_BOTH,75,-5951.818473757497,2
ID30_03_RISK_60_RECENTER_BOTH,2026-01-06,2026-01-01,-3,RISK_60,RECENTER_BOTH,65,5408.5603259904965,2
ID30_03_RISK_60_RECENTER_BOTH,2026-01-13,2026-01-08,-3,RISK_60,RECENTER_BOTH,65,-5872.365588105002,2
ID30_03_RISK_60_RECENTER_BOTH,2026-01-20,2026-01-14,-3,RISK_60,RECENTER_BOTH,65,-4683.648761782004,2
ID30_03_RISK_60_RECENTER_BOTH,2026-01-27,2026-01-21,-3,RISK_60,RECENTER_BOTH,65,674.6208138314927,2
ID30_03_RISK_60_RECENTER_BOTH,2026-02-03,2026-01-30,-3,RISK_60,RECENTER_BOTH,65,-3673.661267025507,2
ID30_03_RISK_60_RECENTER_BOTH,2026-02-10,2026-02-05,-3,RISK_60,RECENTER_BOTH,65,-4375.000606128504,2
ID30_03_RISK_60_RECENTER_BOTH,2026-02-17,2026-02-12,-3,RISK_60,RECENTER_BOTH,65,287.25953831599713,2
ID30_03_RISK_60_RECENTER_BOTH,2026-02-24,2026-02-19,-3,RISK_60,RECENTER_BOTH,65,-5116.503502698,2
ID30_03_RISK_60_RECENTER_BOTH,2026-03-02,2026-02-25,-3,RISK_60,RECENTER_BOTH,65,-4782.004652323415,2
ID30_03_RISK_60_RECENTER_BOTH,2026-03-10,2026-03-05,-3,RISK_60,RECENTER_BOTH,65,-3337.9548393520035,2
ID30_03_RISK_60_RECENTER_BOTH,2026-03-17,2026-03-12,-3,RISK_60,RECENTER_BOTH,65,7469.988857578453,2
ID30_03_RISK_60_RECENTER_BOTH,2026-03-24,2026-03-19,-3,RISK_60,RECENTER_BOTH,65,-3478.830338446456,2
ID30_03_RISK_60_RECENTER_BOTH,2026-03-30,2026-03-24,-3,RISK_60,RECENTER_BOTH,65,-3111.3868033247377,2
ID30_03_RISK_60_RECENTER_BOTH,2026-04-07,2026-04-01,-3,RISK_60,RECENTER_BOTH,65,-2883.1035708580976,2
ID30_03_RISK_60_RECENTER_BOTH,2026-04-13,2026-04-08,-3,RISK_60,RECENTER_BOTH,65,5522.746283558592,2
ID30_03_RISK_60_RECENTER_BOTH,2026-04-21,2026-04-16,-3,RISK_60,RECENTER_BOTH,65,-3622.42379595201,2
ID30_03_RISK_60_RECENTER_BOTH,2026-04-28,2026-04-23,-3,RISK_60,RECENTER_BOTH,65,-3432.19173549877,2
ID30_03_RISK_60_RECENTER_BOTH,2026-05-05,2026-04-29,-3,RISK_60,RECENTER_BOTH,65,3415.9788172553413,2
ID30_03_RISK_60_RECENTER_BOTH,2026-05-12,2026-05-07,-3,RISK_60,RECENTER_BOTH,65,-3722.7855020752527,2
ID30_03_RISK_60_RECENTER_BOTH,2026-05-19,2026-05-14,-3,RISK_60,RECENTER_BOTH,65,3393.49542623278,2
ID30_03_RISK_60_RECENTER_BOTH,2026-05-26,2026-05-20,-3,RISK_60,RECENTER_BOTH,65,-3479.3486097155674,2
ID30_03_RISK_60_RECENTER_BOTH,2026-06-02,2026-05-21,-3,RISK_60,RECENTER_BOTH,65,260.6933824635245,2
ID30_03_RISK_60_RECENTER_BOTH,2026-07-07,2026-06-30,-3,RISK_60,RECENTER_BOTH,65,-2054.7725329965124,2
ID30_03_RISK_60_RECENTER_BOTH,2026-07-14,2026-06-30,-3,RISK_60,RECENTER_BOTH,65,-788.8271683509201,2
ID30_03_RISK_60_RECENTER_BOTH,2026-07-21,2026-06-30,-3,RISK_60,RECENTER_BOTH,65,-657.1870237333801,2
ID30_03_RISK_60_RECENTER_BOTH,2026-07-28,2026-06-30,-3,RISK_60,RECENTER_BOTH,65,-888.4616843098718,2
ID30_03_WING_60_ONE_STRIKE_INSIDE,2021-07-08,2021-07-05,-3,WING_60,ONE_STRIKE_INSIDE,50,-1505.031254705,2
ID30_03_WING_60_ONE_STRIKE_INSIDE,2021-07-15,2021-07-12,-3,WING_60,ONE_STRIKE_INSIDE,50,4626.4255896800005,2
ID30_03_WING_60_ONE_STRIKE_INSIDE,2021-07-22,2021-07-16,-3,WING_60,ONE_STRIKE_INSIDE,50,-2984.9116679299946,2
ID30_03_WING_60_ONE_STRIKE_INSIDE,2021-07-29,2021-07-26,-3,WING_60,ONE_STRIKE_INSIDE,50,-114.625815515,2
ID30_03_WING_60_ONE_STRIKE_INSIDE,2021-08-05,2021-08-02,-3,WING_60,ONE_STRIKE_INSIDE,50,-5912.448210099997,2
ID30_03_WING_60_ONE_STRIKE_INSIDE,2021-08-12,2021-08-09,-3,WING_60,ONE_STRIKE_INSIDE,50,4739.01344599,2
ID30_03_WING_60_ONE_STRIKE_INSIDE,2021-08-18,2021-08-13,-3,WING_60,ONE_STRIKE_INSIDE,50,1709.87415122,2
ID30_03_WING_60_ONE_STRIKE_INSIDE,2021-08-26,2021-08-23,-3,WING_60,ONE_STRIKE_INSIDE,50,4593.066596135,2
ID30_03_WING_60_ONE_STRIKE_INSIDE,2021-09-02,2021-08-30,-3,WING_60,ONE_STRIKE_INSIDE,50,-5247.64524801,2
ID30_03_WING_60_ONE_STRIKE_INSIDE,2021-09-09,2021-09-06,-3,WING_60,ONE_STRIKE_INSIDE,50,529.1510810399999,2
ID30_03_WING_60_ONE_STRIKE_INSIDE,2021-09-16,2021-09-13,-3,WING_60,ONE_STRIKE_INSIDE,50,-4524.417736734997,2
ID30_03_WING_60_ONE_STRIKE_INSIDE,2021-09-23,2021-09-20,-3,WING_60,ONE_STRIKE_INSIDE,50,-493.8286814949963,2
ID30_03_WING_60_ONE_STRIKE_INSIDE,2021-09-30,2021-09-27,-3,WING_60,ONE_STRIKE_INSIDE,50,-4943.359523875,2
ID30_03_WING_60_ONE_STRIKE_INSIDE,2021-10-07,2021-10-04,-3,WING_60,ONE_STRIKE_INSIDE,50,-2310.84125186,2
ID30_03_WING_60_ONE_STRIKE_INSIDE,2021-10-14,2021-10-11,-3,WING_60,ONE_STRIKE_INSIDE,50,-5419.794344485,2
ID30_03_WING_60_ONE_STRIKE_INSIDE,2021-10-21,2021-10-18,-3,WING_60,ONE_STRIKE_INSIDE,50,-4894.90754476,2
ID30_03_WING_60_ONE_STRIKE_INSIDE,2021-10-28,2021-10-25,-3,WING_60,ONE_STRIKE_INSIDE,50,-624.41099275,2
ID30_03_WING_60_ONE_STRIKE_INSIDE,2021-11-11,2021-11-08,-3,WING_60,ONE_STRIKE_INSIDE,50,5952.090296155,2
ID30_03_WING_60_ONE_STRIKE_INSIDE,2021-11-18,2021-11-15,-3,WING_60,ONE_STRIKE_INSIDE,50,-5487.453820414997,2
ID30_03_WING_60_ONE_STRIKE_INSIDE,2021-11-25,2021-11-22,-3,WING_60,ONE_STRIKE_INSIDE,50,-3385.32784245,2
ID30_03_WING_60_ONE_STRIKE_INSIDE,2021-12-02,2021-11-29,-3,WING_60,ONE_STRIKE_INSIDE,50,-3973.390426939998,2
ID30_03_WING_60_ONE_STRIKE_INSIDE,2021-12-09,2021-12-06,-3,WING_60,ONE_STRIKE_INSIDE,50,409.0021369700036,2
ID30_03_WING_60_ONE_STRIKE_INSIDE,2021-12-16,2021-12-13,-3,WING_60,ONE_STRIKE_INSIDE,50,-5150.218756114997,2
ID30_03_WING_60_ONE_STRIKE_INSIDE,2021-12-23,2021-12-20,-3,WING_60,ONE_STRIKE_INSIDE,50,541.9215678150018,2
ID30_03_WING_60_ONE_STRIKE_INSIDE,2021-12-30,2021-12-27,-3,WING_60,ONE_STRIKE_INSIDE,50,-1642.3984928299983,2
ID30_03_WING_60_ONE_STRIKE_INSIDE,2022-01-06,2022-01-03,-3,WING_60,ONE_STRIKE_INSIDE,50,-4805.43256427,2
ID30_03_WING_60_ONE_STRIKE_INSIDE,2022-01-13,2022-01-10,-3,WING_60,ONE_STRIKE_INSIDE,50,-4457.493251085001,2
ID30_03_WING_60_ONE_STRIKE_INSIDE,2022-01-20,2022-01-17,-3,WING_60,ONE_STRIKE_INSIDE,50,-4655.274912485,2
ID30_03_WING_60_ONE_STRIKE_INSIDE,2022-01-27,2022-01-21,-3,WING_60,ONE_STRIKE_INSIDE,50,-5816.218815985,2
ID30_03_WING_60_ONE_STRIKE_INSIDE,2022-02-03,2022-01-31,-3,WING_60,ONE_STRIKE_INSIDE,50,-3831.6477238099947,2
ID30_03_WING_60_ONE_STRIKE_INSIDE,2022-02-10,2022-02-07,-3,WING_60,ONE_STRIKE_INSIDE,50,4296.051828960002,2
ID30_03_WING_60_ONE_STRIKE_INSIDE,2022-02-17,2022-02-14,-3,WING_60,ONE_STRIKE_INSIDE,50,635.6352298000045,2
ID30_03_WING_60_ONE_STRIKE_INSIDE,2022-02-24,2022-02-21,-3,WING_60,ONE_STRIKE_INSIDE,50,-1837.890163305,2
ID30_03_WING_60_ONE_STRIKE_INSIDE,2022-03-03,2022-02-25,-3,WING_60,ONE_STRIKE_INSIDE,50,7758.874022635002,2
ID30_03_WING_60_ONE_STRIKE_INSIDE,2022-03-10,2022-03-07,-3,WING_60,ONE_STRIKE_INSIDE,50,731.08050389,2
ID30_03_WING_60_ONE_STRIKE_INSIDE,2022-03-17,2022-03-14,-3,WING_60,ONE_STRIKE_INSIDE,50,-3965.496675745,2
ID30_03_WING_60_ONE_STRIKE_INSIDE,2022-03-24,2022-03-21,-3,WING_60,ONE_STRIKE_INSIDE,50,729.0574118700017,2
ID30_03_WING_60_ONE_STRIKE_INSIDE,2022-03-31,2022-03-28,-3,WING_60,ONE_STRIKE_INSIDE,50,612.1936991600019,2
ID30_03_WING_60_ONE_STRIKE_INSIDE,2022-04-07,2022-04-04,-3,WING_60,ONE_STRIKE_INSIDE,50,220.00523029000186,2
ID30_03_WING_60_ONE_STRIKE_INSIDE,2022-04-13,2022-04-08,-3,WING_60,ONE_STRIKE_INSIDE,50,1320.7232832700038,2
ID30_03_WING_60_ONE_STRIKE_INSIDE,2022-04-21,2022-04-18,-3,WING_60,ONE_STRIKE_INSIDE,50,2833.5656499200018,2
ID30_03_WING_60_ONE_STRIKE_INSIDE,2022-04-28,2022-04-25,-3,WING_60,ONE_STRIKE_INSIDE,50,557.8179289650018,2
ID30_03_WING_60_ONE_STRIKE_INSIDE,2022-05-05,2022-04-29,-3,WING_60,ONE_STRIKE_INSIDE,50,-4526.674490364996,2
ID30_03_WING_60_ONE_STRIKE_INSIDE,2022-05-12,2022-05-09,-3,WING_60,ONE_STRIKE_INSIDE,50,958.9730894700018,2
ID30_03_WING_60_ONE_STRIKE_INSIDE,2022-05-19,2022-05-16,-3,WING_60,ONE_STRIKE_INSIDE,50,-1661.88086705,2
ID30_03_WING_60_ONE_STRIKE_INSIDE,2022-05-26,2022-05-23,-3,WING_60,ONE_STRIKE_INSIDE,50,-1357.6323242749963,2
ID30_03_WING_60_ONE_STRIKE_INSIDE,2022-06-02,2022-05-30,-3,WING_60,ONE_STRIKE_INSIDE,50,3885.380899795001,2
ID30_03_WING_60_ONE_STRIKE_INSIDE,2022-06-09,2022-06-06,-3,WING_60,ONE_STRIKE_INSIDE,50,3740.3768620749993,2
ID30_03_WING_60_ONE_STRIKE_INSIDE,2022-06-16,2022-06-13,-3,WING_60,ONE_STRIKE_INSIDE,50,-4409.815431779998,2
ID30_03_WING_60_ONE_STRIKE_INSIDE,2022-06-23,2022-06-20,-3,WING_60,ONE_STRIKE_INSIDE,50,-3396.2425597799966,2
ID30_03_WING_60_ONE_STRIKE_INSIDE,2022-06-30,2022-06-27,-3,WING_60,ONE_STRIKE_INSIDE,50,-2299.899965349998,2
ID30_03_WING_60_ONE_STRIKE_INSIDE,2022-07-07,2022-07-04,-3,WING_60,ONE_STRIKE_INSIDE,50,534.0636811400018,2
ID30_03_WING_60_ONE_STRIKE_INSIDE,2022-07-14,2022-07-11,-3,WING_60,ONE_STRIKE_INSIDE,50,-4450.5383421399965,2
ID30_03_WING_60_ONE_STRIKE_INSIDE,2022-07-21,2022-07-18,-3,WING_60,ONE_STRIKE_INSIDE,50,487.07904245000185,2
ID30_03_WING_60_ONE_STRIKE_INSIDE,2022-07-28,2022-07-25,-3,WING_60,ONE_STRIKE_INSIDE,50,693.2875944350019,2
ID30_03_WING_60_ONE_STRIKE_INSIDE,2022-08-04,2022-08-01,-3,WING_60,ONE_STRIKE_INSIDE,50,-832.29803139,2
ID30_03_WING_60_ONE_STRIKE_INSIDE,2022-08-11,2022-08-05,-3,WING_60,ONE_STRIKE_INSIDE,50,2524.5598876900017,2
ID30_03_WING_60_ONE_STRIKE_INSIDE,2022-08-18,2022-08-12,-3,WING_60,ONE_STRIKE_INSIDE,50,-4226.256311910001,2
ID30_03_WING_60_ONE_STRIKE_INSIDE,2022-08-25,2022-08-22,-3,WING_60,ONE_STRIKE_INSIDE,50,-1858.12549234,2
ID30_03_WING_60_ONE_STRIKE_INSIDE,2022-09-01,2022-08-26,-3,WING_60,ONE_STRIKE_INSIDE,50,-2632.464114844998,2
ID30_03_WING_60_ONE_STRIKE_INSIDE,2022-09-08,2022-09-05,-3,WING_60,ONE_STRIKE_INSIDE,50,700.547254975,2
ID30_03_WING_60_ONE_STRIKE_INSIDE,2022-09-15,2022-09-12,-3,WING_60,ONE_STRIKE_INSIDE,50,5532.0038459900015,2
ID30_03_WING_60_ONE_STRIKE_INSIDE,2022-09-22,2022-09-19,-3,WING_60,ONE_STRIKE_INSIDE,50,1710.9570712400036,2
ID30_03_WING_60_ONE_STRIKE_INSIDE,2022-09-29,2022-09-26,-3,WING_60,ONE_STRIKE_INSIDE,50,-4355.755044724998,2
ID30_03_WING_60_ONE_STRIKE_INSIDE,2022-10-06,2022-09-30,-3,WING_60,ONE_STRIKE_INSIDE,50,-3864.5778019649965,2
ID30_03_WING_60_ONE_STRIKE_INSIDE,2022-10-13,2022-10-10,-3,WING_60,ONE_STRIKE_INSIDE,50,4133.0466940000015,2
ID30_03_WING_60_ONE_STRIKE_INSIDE,2022-10-20,2022-10-17,-3,WING_60,ONE_STRIKE_INSIDE,50,-4358.53767576,2
ID30_03_WING_60_ONE_STRIKE_INSIDE,2022-10-27,2022-10-21,-3,WING_60,ONE_STRIKE_INSIDE,50,5085.820722319997,2
ID30_03_WING_60_ONE_STRIKE_INSIDE,2022-11-03,2022-10-31,-3,WING_60,ONE_STRIKE_INSIDE,50,2423.149012855,2
ID30_03_WING_60_ONE_STRIKE_INSIDE,2022-11-10,2022-11-04,-3,WING_60,ONE_STRIKE_INSIDE,50,-1030.46612073,2
ID30_03_WING_60_ONE_STRIKE_INSIDE,2022-11-17,2022-11-14,-3,WING_60,ONE_STRIKE_INSIDE,50,1498.679966165,2
ID30_03_WING_60_ONE_STRIKE_INSIDE,2022-11-24,2022-11-21,-3,WING_60,ONE_STRIKE_INSIDE,50,-7157.979087909998,2
ID30_03_WING_60_ONE_STRIKE_INSIDE,2022-12-01,2022-11-28,-3,WING_60,ONE_STRIKE_INSIDE,50,-4939.01594705,2
ID30_03_WING_60_ONE_STRIKE_INSIDE,2022-12-08,2022-12-05,-3,WING_60,ONE_STRIKE_INSIDE,50,1339.6034421049999,2
ID30_03_WING_60_ONE_STRIKE_INSIDE,2022-12-15,2022-12-12,-3,WING_60,ONE_STRIKE_INSIDE,50,3390.042004214999,2
ID30_03_WING_60_ONE_STRIKE_INSIDE,2022-12-22,2022-12-19,-3,WING_60,ONE_STRIKE_INSIDE,50,-4726.81255273,2
ID30_03_WING_60_ONE_STRIKE_INSIDE,2022-12-29,2022-12-26,-3,WING_60,ONE_STRIKE_INSIDE,50,-3995.063196389998,2
ID30_03_WING_60_ONE_STRIKE_INSIDE,2023-01-05,2023-01-02,-3,WING_60,ONE_STRIKE_INSIDE,50,-2711.34573211,2
ID30_03_WING_60_ONE_STRIKE_INSIDE,2023-01-12,2023-01-09,-3,WING_60,ONE_STRIKE_INSIDE,50,-4617.415657539998,2
ID30_03_WING_60_ONE_STRIKE_INSIDE,2023-01-19,2023-01-16,-3,WING_60,ONE_STRIKE_INSIDE,50,4823.99214142,2
ID30_03_WING_60_ONE_STRIKE_INSIDE,2023-01-25,2023-01-20,-3,WING_60,ONE_STRIKE_INSIDE,50,-4836.5029160050035,2
ID30_03_WING_60_ONE_STRIKE_INSIDE,2023-02-02,2023-01-30,-3,WING_60,ONE_STRIKE_INSIDE,50,-2887.583441979998,2
ID30_03_WING_60_ONE_STRIKE_INSIDE,2023-02-09,2023-02-06,-3,WING_60,ONE_STRIKE_INSIDE,50,4959.624481794999,2
ID30_03_WING_60_ONE_STRIKE_INSIDE,2023-02-16,2023-02-13,-3,WING_60,ONE_STRIKE_INSIDE,50,1531.683083745,2
ID30_03_WING_60_ONE_STRIKE_INSIDE,2023-02-23,2023-02-20,-3,WING_60,ONE_STRIKE_INSIDE,50,-5341.44057343,2
ID30_03_WING_60_ONE_STRIKE_INSIDE,2023-03-02,2023-02-27,-3,WING_60,ONE_STRIKE_INSIDE,50,-3767.8279075399983,2
ID30_03_WING_60_ONE_STRIKE_INSIDE,2023-03-09,2023-03-03,-3,WING_60,ONE_STRIKE_INSIDE,50,2657.3923296450007,2
ID30_03_WING_60_ONE_STRIKE_INSIDE,2023-03-16,2023-03-13,-3,WING_60,ONE_STRIKE_INSIDE,50,-5866.830638355,2
ID30_03_WING_60_ONE_STRIKE_INSIDE,2023-03-23,2023-03-20,-3,WING_60,ONE_STRIKE_INSIDE,50,4669.152969105,2
ID30_03_WING_60_ONE_STRIKE_INSIDE,2023-03-29,2023-03-24,-3,WING_60,ONE_STRIKE_INSIDE,50,4054.022993589997,2
ID30_03_WING_60_ONE_STRIKE_INSIDE,2023-04-06,2023-03-31,-3,WING_60,ONE_STRIKE_INSIDE,50,-4349.5862697950015,2
ID30_03_WING_60_ONE_STRIKE_INSIDE,2023-04-13,2023-04-10,-3,WING_60,ONE_STRIKE_INSIDE,50,-2781.801117209998,2
ID30_03_WING_60_ONE_STRIKE_INSIDE,2023-04-20,2023-04-17,-3,WING_60,ONE_STRIKE_INSIDE,50,1213.677808044999,1
ID30_03_WING_60_ONE_STRIKE_INSIDE,2023-04-27,2023-04-24,-3,WING_60,ONE_STRIKE_INSIDE,50,-4244.147201274998,2
ID30_03_WING_60_ONE_STRIKE_INSIDE,2023-05-04,2023-04-28,-3,WING_60,ONE_STRIKE_INSIDE,50,-4944.329563610001,2
ID30_03_WING_60_ONE_STRIKE_INSIDE,2023-05-11,2023-05-08,-3,WING_60,ONE_STRIKE_INSIDE,50,3650.527490614999,0
ID30_03_WING_60_ONE_STRIKE_INSIDE,2023-05-18,2023-05-15,-3,WING_60,ONE_STRIKE_INSIDE,50,-5061.34930893,2
ID30_03_WING_60_ONE_STRIKE_INSIDE,2023-05-25,2023-05-22,-3,WING_60,ONE_STRIKE_INSIDE,50,4178.57802386,0
ID30_03_WING_60_ONE_STRIKE_INSIDE,2023-06-01,2023-05-29,-3,WING_60,ONE_STRIKE_INSIDE,50,-3795.964249755,2
ID30_03_WING_60_ONE_STRIKE_INSIDE,2023-06-08,2023-06-05,-3,WING_60,ONE_STRIKE_INSIDE,50,4861.585162335,2
ID30_03_WING_60_ONE_STRIKE_INSIDE,2023-06-15,2023-06-12,-3,WING_60,ONE_STRIKE_INSIDE,50,3607.58490649,2
ID30_03_WING_60_ONE_STRIKE_INSIDE,2023-06-22,2023-06-19,-3,WING_60,ONE_STRIKE_INSIDE,50,-2347.6315620699997,2
ID30_03_WING_60_ONE_STRIKE_INSIDE,2023-06-28,2023-06-23,-3,WING_60,ONE_STRIKE_INSIDE,50,-4523.90715791,2
ID30_03_WING_60_ONE_STRIKE_INSIDE,2023-07-06,2023-07-03,-3,WING_60,ONE_STRIKE_INSIDE,50,-1750.338685595,2
ID30_03_WING_60_ONE_STRIKE_INSIDE,2023-07-13,2023-07-10,-3,WING_60,ONE_STRIKE_INSIDE,50,2317.13267378,1
ID30_03_WING_60_ONE_STRIKE_INSIDE,2023-07-20,2023-07-17,-3,WING_60,ONE_STRIKE_INSIDE,50,-4572.491259955,2
ID30_03_WING_60_ONE_STRIKE_INSIDE,2023-07-27,2023-07-24,-3,WING_60,ONE_STRIKE_INSIDE,50,-3506.256943114998,2
ID30_03_WING_60_ONE_STRIKE_INSIDE,2023-08-03,2023-07-31,-3,WING_60,ONE_STRIKE_INSIDE,50,279.9993621850018,2
ID30_03_WING_60_ONE_STRIKE_INSIDE,2023-08-10,2023-08-07,-3,WING_60,ONE_STRIKE_INSIDE,50,2242.52322472,2
ID30_03_WING_60_ONE_STRIKE_INSIDE,2023-08-17,2023-08-11,-3,WING_60,ONE_STRIKE_INSIDE,50,-3751.75360518,2
ID30_03_WING_60_ONE_STRIKE_INSIDE,2023-08-24,2023-08-21,-3,WING_60,ONE_STRIKE_INSIDE,50,5143.467115989999,2
ID30_03_WING_60_ONE_STRIKE_INSIDE,2023-08-31,2023-08-28,-3,WING_60,ONE_STRIKE_INSIDE,50,4983.167589845,2
ID30_03_WING_60_ONE_STRIKE_INSIDE,2023-09-07,2023-09-04,-3,WING_60,ONE_STRIKE_INSIDE,50,-4029.428087735002,2
ID30_03_WING_60_ONE_STRIKE_INSIDE,2023-09-14,2023-09-11,-3,WING_60,ONE_STRIKE_INSIDE,50,-1306.934868585,2
ID30_03_WING_60_ONE_STRIKE_INSIDE,2023-09-21,2023-09-15,-3,WING_60,ONE_STRIKE_INSIDE,50,-3208.5987899449947,2
ID30_03_WING_60_ONE_STRIKE_INSIDE,2023-09-28,2023-09-25,-3,WING_60,ONE_STRIKE_INSIDE,50,-2902.712950489998,2
ID30_03_WING_60_ONE_STRIKE_INSIDE,2023-10-05,2023-09-29,-3,WING_60,ONE_STRIKE_INSIDE,50,5444.524039225,2
ID30_03_WING_60_ONE_STRIKE_INSIDE,2023-10-12,2023-10-09,-3,WING_60,ONE_STRIKE_INSIDE,50,-4598.74861374,2
ID30_03_WING_60_ONE_STRIKE_INSIDE,2023-10-19,2023-10-16,-3,WING_60,ONE_STRIKE_INSIDE,50,1427.6230434650001,2
ID30_03_WING_60_ONE_STRIKE_INSIDE,2023-10-26,2023-10-20,-3,WING_60,ONE_STRIKE_INSIDE,50,-4677.79486826,2
ID30_03_WING_60_ONE_STRIKE_INSIDE,2023-11-02,2023-10-30,-3,WING_60,ONE_STRIKE_INSIDE,50,-568.3567552649981,2
ID30_03_WING_60_ONE_STRIKE_INSIDE,2023-11-09,2023-11-06,-3,WING_60,ONE_STRIKE_INSIDE,50,5101.832034055,0
ID30_03_WING_60_ONE_STRIKE_INSIDE,2023-11-23,2023-11-20,-3,WING_60,ONE_STRIKE_INSIDE,50,4610.922285854999,2
ID30_03_WING_60_ONE_STRIKE_INSIDE,2023-11-30,2023-11-24,-3,WING_60,ONE_STRIKE_INSIDE,50,-377.819481645,2
ID30_03_WING_60_ONE_STRIKE_INSIDE,2023-12-07,2023-12-04,-3,WING_60,ONE_STRIKE_INSIDE,50,-6610.555058570001,2
ID30_03_WING_60_ONE_STRIKE_INSIDE,2023-12-14,2023-12-11,-3,WING_60,ONE_STRIKE_INSIDE,50,1773.3407639349982,2
ID30_03_WING_60_ONE_STRIKE_INSIDE,2023-12-21,2023-12-18,-3,WING_60,ONE_STRIKE_INSIDE,50,-4714.226655915002,2
ID30_03_WING_60_ONE_STRIKE_INSIDE,2023-12-28,2023-12-22,-3,WING_60,ONE_STRIKE_INSIDE,50,-3925.8885671299945,2
ID30_03_WING_60_ONE_STRIKE_INSIDE,2024-01-04,2024-01-01,-3,WING_60,ONE_STRIKE_INSIDE,50,366.21234321000003,2
ID30_03_WING_60_ONE_STRIKE_INSIDE,2024-01-11,2024-01-08,-3,WING_60,ONE_STRIKE_INSIDE,50,-272.0397970100001,2
ID30_03_WING_60_ONE_STRIKE_INSIDE,2024-01-18,2024-01-15,-3,WING_60,ONE_STRIKE_INSIDE,50,-4845.863310475,2
ID30_03_WING_60_ONE_STRIKE_INSIDE,2024-01-25,2024-01-20,-3,WING_60,ONE_STRIKE_INSIDE,50,-4721.993570904994,2
ID30_03_WING_60_ONE_STRIKE_INSIDE,2024-02-01,2024-01-29,-3,WING_60,ONE_STRIKE_INSIDE,50,609.4436082700055,2
ID30_03_WING_60_ONE_STRIKE_INSIDE,2024-02-08,2024-02-05,-3,WING_60,ONE_STRIKE_INSIDE,50,-3978.4431155599964,2
ID30_03_WING_60_ONE_STRIKE_INSIDE,2024-02-15,2024-02-12,-3,WING_60,ONE_STRIKE_INSIDE,50,5277.87712561,2
ID30_03_WING_60_ONE_STRIKE_INSIDE,2024-02-22,2024-02-19,-3,WING_60,ONE_STRIKE_INSIDE,50,992.3154740499999,2
ID30_03_WING_60_ONE_STRIKE_INSIDE,2024-02-29,2024-02-26,-3,WING_60,ONE_STRIKE_INSIDE,50,-4171.57446037,2
ID30_03_WING_60_ONE_STRIKE_INSIDE,2024-03-07,2024-03-04,-3,WING_60,ONE_STRIKE_INSIDE,50,5648.724810680002,2
ID30_03_WING_60_ONE_STRIKE_INSIDE,2024-03-14,2024-03-11,-3,WING_60,ONE_STRIKE_INSIDE,50,-4723.779605935,2
ID30_03_WING_60_ONE_STRIKE_INSIDE,2024-03-21,2024-03-18,-3,WING_60,ONE_STRIKE_INSIDE,50,360.14448081500177,2
ID30_03_WING_60_ONE_STRIKE_INSIDE,2024-03-28,2024-03-22,-3,WING_60,ONE_STRIKE_INSIDE,50,-3542.253140809991,2
ID30_03_WING_60_ONE_STRIKE_INSIDE,2024-04-04,2024-04-01,-3,WING_60,ONE_STRIKE_INSIDE,50,2480.5968929200017,2
ID30_03_WING_60_ONE_STRIKE_INSIDE,2024-04-10,2024-04-05,-3,WING_60,ONE_STRIKE_INSIDE,50,-4091.0064102249944,2
ID30_03_WING_60_ONE_STRIKE_INSIDE,2024-04-18,2024-04-12,-3,WING_60,ONE_STRIKE_INSIDE,50,-5258.451732725,2
ID30_03_WING_60_ONE_STRIKE_INSIDE,2024-04-25,2024-04-22,-3,WING_60,ONE_STRIKE_INSIDE,50,-6114.05225732,2
ID30_03_WING_60_ONE_STRIKE_INSIDE,2024-05-02,2024-04-26,-3,WING_60,ONE_STRIKE_INSIDE,25,2343.4571397199998,2
ID30_03_WING_60_ONE_STRIKE_INSIDE,2024-05-09,2024-05-06,-3,WING_60,ONE_STRIKE_INSIDE,25,-2622.009741929998,2
ID30_03_WING_60_ONE_STRIKE_INSIDE,2024-05-16,2024-05-13,-3,WING_60,ONE_STRIKE_INSIDE,25,95.58648554500007,2
ID30_03_WING_60_ONE_STRIKE_INSIDE,2024-05-23,2024-05-18,-3,WING_60,ONE_STRIKE_INSIDE,25,-1292.3138595150017,2
ID30_03_WING_60_ONE_STRIKE_INSIDE,2024-05-30,2024-05-27,-3,WING_60,ONE_STRIKE_INSIDE,25,-2453.57148074,2
ID30_03_WING_60_ONE_STRIKE_INSIDE,2024-06-06,2024-06-03,-3,WING_60,ONE_STRIKE_INSIDE,25,-1599.6378107149944,2
ID30_03_WING_60_ONE_STRIKE_INSIDE,2024-06-13,2024-06-10,-3,WING_60,ONE_STRIKE_INSIDE,25,1407.933945600001,2
ID30_03_WING_60_ONE_STRIKE_INSIDE,2024-06-20,2024-06-14,-3,WING_60,ONE_STRIKE_INSIDE,25,-1491.9111106074981,2
ID30_03_WING_60_ONE_STRIKE_INSIDE,2024-06-27,2024-06-24,-3,WING_60,ONE_STRIKE_INSIDE,25,-2296.67604366,2
ID30_03_WING_60_ONE_STRIKE_INSIDE,2024-07-04,2024-07-01,-3,WING_60,ONE_STRIKE_INSIDE,25,-2608.7366645125,2
ID30_03_WING_60_ONE_STRIKE_INSIDE,2024-07-11,2024-07-08,-3,WING_60,ONE_STRIKE_INSIDE,25,1528.5171176050005,2
ID30_03_WING_60_ONE_STRIKE_INSIDE,2024-07-18,2024-07-12,-3,WING_60,ONE_STRIKE_INSIDE,25,-2379.6662012049997,2
ID30_03_WING_60_ONE_STRIKE_INSIDE,2024-07-25,2024-07-22,-3,WING_60,ONE_STRIKE_INSIDE,25,843.5847675350009,2
ID30_03_WING_60_ONE_STRIKE_INSIDE,2024-08-01,2024-07-29,-3,WING_60,ONE_STRIKE_INSIDE,25,2394.3527959425,2
ID30_03_WING_60_ONE_STRIKE_INSIDE,2024-08-08,2024-08-05,-3,WING_60,ONE_STRIKE_INSIDE,25,25.599188592500866,2
ID30_03_WING_60_ONE_STRIKE_INSIDE,2024-08-14,2024-08-09,-3,WING_60,ONE_STRIKE_INSIDE,25,-2289.086066112497,2
ID30_03_WING_60_ONE_STRIKE_INSIDE,2024-08-22,2024-08-19,-3,WING_60,ONE_STRIKE_INSIDE,25,-25.289170142500097,2
ID30_03_WING_60_ONE_STRIKE_INSIDE,2024-08-29,2024-08-26,-3,WING_60,ONE_STRIKE_INSIDE,25,-2080.6625604799974,2
ID30_03_WING_60_ONE_STRIKE_INSIDE,2024-09-05,2024-09-02,-3,WING_60,ONE_STRIKE_INSIDE,25,-3025.7895094624973,2
ID30_03_WING_60_ONE_STRIKE_INSIDE,2024-09-12,2024-09-09,-3,WING_60,ONE_STRIKE_INSIDE,25,-2222.6074275725,2
ID30_03_WING_60_ONE_STRIKE_INSIDE,2024-09-19,2024-09-16,-3,WING_60,ONE_STRIKE_INSIDE,25,1294.2103923949996,2
ID30_03_WING_60_ONE_STRIKE_INSIDE,2024-09-26,2024-09-23,-3,WING_60,ONE_STRIKE_INSIDE,25,-2055.8502996275,2
ID30_03_WING_60_ONE_STRIKE_INSIDE,2024-10-03,2024-09-27,-3,WING_60,ONE_STRIKE_INSIDE,25,-1988.0068953850036,2
ID30_03_WING_60_ONE_STRIKE_INSIDE,2024-10-10,2024-10-07,-3,WING_60,ONE_STRIKE_INSIDE,25,17.908618037500958,2
ID30_03_WING_60_ONE_STRIKE_INSIDE,2024-10-17,2024-10-14,-3,WING_60,ONE_STRIKE_INSIDE,25,-2198.3804471575,2
ID30_03_WING_60_ONE_STRIKE_INSIDE,2024-10-24,2024-10-21,-3,WING_60,ONE_STRIKE_INSIDE,25,-2586.1539522825,2
ID30_03_WING_60_ONE_STRIKE_INSIDE,2024-10-31,2024-10-28,-3,WING_60,ONE_STRIKE_INSIDE,25,2863.210584702501,2
ID30_03_WING_60_ONE_STRIKE_INSIDE,2024-11-07,2024-11-04,-3,WING_60,ONE_STRIKE_INSIDE,25,2815.320315237501,2
ID30_03_WING_60_ONE_STRIKE_INSIDE,2024-11-14,2024-11-11,-3,WING_60,ONE_STRIKE_INSIDE,25,52.61710452500182,2
ID30_03_WING_60_ONE_STRIKE_INSIDE,2024-11-21,2024-11-14,-3,WING_60,ONE_STRIKE_INSIDE,75,-7005.963446969997,2
ID30_03_WING_60_ONE_STRIKE_INSIDE,2024-11-28,2024-11-25,-3,WING_60,ONE_STRIKE_INSIDE,75,-5993.940556777489,2
ID30_03_WING_60_ONE_STRIKE_INSIDE,2024-12-05,2024-12-02,-3,WING_60,ONE_STRIKE_INSIDE,75,-5917.148402842486,2
ID30_03_WING_60_ONE_STRIKE_INSIDE,2024-12-12,2024-12-09,-3,WING_60,ONE_STRIKE_INSIDE,75,-1912.7234349149999,2
ID30_03_WING_60_ONE_STRIKE_INSIDE,2024-12-19,2024-12-16,-3,WING_60,ONE_STRIKE_INSIDE,75,-6816.714875414993,2
ID30_03_WING_60_ONE_STRIKE_INSIDE,2024-12-26,2024-12-20,-3,WING_60,ONE_STRIKE_INSIDE,75,-6020.533875779993,2
ID30_03_WING_60_ONE_STRIKE_INSIDE,2025-01-02,2024-12-30,-3,WING_60,ONE_STRIKE_INSIDE,75,347.5687951199964,2
ID30_03_WING_60_ONE_STRIKE_INSIDE,2025-01-09,2025-01-06,-3,WING_60,ONE_STRIKE_INSIDE,75,-6526.978033477489,2
ID30_03_WING_60_ONE_STRIKE_INSIDE,2025-01-16,2025-01-13,-3,WING_60,ONE_STRIKE_INSIDE,75,8597.20765836,2
ID30_03_WING_60_ONE_STRIKE_INSIDE,2025-01-23,2025-01-20,-3,WING_60,ONE_STRIKE_INSIDE,75,9411.92193927,2
ID30_03_WING_60_ONE_STRIKE_INSIDE,2025-01-30,2025-01-27,-3,WING_60,ONE_STRIKE_INSIDE,75,1983.3444087450073,2
ID30_03_WING_60_ONE_STRIKE_INSIDE,2025-02-06,2025-02-03,-3,WING_60,ONE_STRIKE_INSIDE,75,1885.6257720599983,2
ID30_03_WING_60_ONE_STRIKE_INSIDE,2025-02-13,2025-02-10,-3,WING_60,ONE_STRIKE_INSIDE,75,-6698.071789334993,2
ID30_03_WING_60_ONE_STRIKE_INSIDE,2025-02-20,2025-02-17,-3,WING_60,ONE_STRIKE_INSIDE,75,8056.974581505,2
ID30_03_WING_60_ONE_STRIKE_INSIDE,2025-02-27,2025-02-21,-3,WING_60,ONE_STRIKE_INSIDE,75,-6821.300160127496,2
ID30_03_WING_60_ONE_STRIKE_INSIDE,2025-03-06,2025-03-03,-3,WING_60,ONE_STRIKE_INSIDE,75,348.27589937999994,2
ID30_03_WING_60_ONE_STRIKE_INSIDE,2025-03-13,2025-03-10,-3,WING_60,ONE_STRIKE_INSIDE,75,-6442.6188337275,2
ID30_03_WING_60_ONE_STRIKE_INSIDE,2025-03-20,2025-03-17,-3,WING_60,ONE_STRIKE_INSIDE,75,346.2551699250036,2
ID30_03_WING_60_ONE_STRIKE_INSIDE,2025-03-27,2025-03-24,-3,WING_60,ONE_STRIKE_INSIDE,75,1686.2894618175037,2
ID30_03_WING_60_ONE_STRIKE_INSIDE,2025-04-03,2025-03-28,-3,WING_60,ONE_STRIKE_INSIDE,75,-6680.6719101675,2
ID30_03_WING_60_ONE_STRIKE_INSIDE,2025-04-09,2025-04-04,-3,WING_60,ONE_STRIKE_INSIDE,75,-6586.717876499993,2
ID30_03_WING_60_ONE_STRIKE_INSIDE,2025-04-17,2025-04-11,-3,WING_60,ONE_STRIKE_INSIDE,75,580.9171804575072,2
ID30_03_WING_60_ONE_STRIKE_INSIDE,2025-04-24,2025-04-21,-3,WING_60,ONE_STRIKE_INSIDE,75,-5446.5746426775,2
ID30_03_WING_60_ONE_STRIKE_INSIDE,2025-04-30,2025-04-25,-3,WING_60,ONE_STRIKE_INSIDE,75,8176.026023490003,2
ID30_03_WING_60_ONE_STRIKE_INSIDE,2025-05-08,2025-05-05,-3,WING_60,ONE_STRIKE_INSIDE,75,-6223.38883047,2
ID30_03_WING_60_ONE_STRIKE_INSIDE,2025-05-15,2025-05-12,-3,WING_60,ONE_STRIKE_INSIDE,75,-6347.782410862493,2
ID30_03_WING_60_ONE_STRIKE_INSIDE,2025-05-22,2025-05-19,-3,WING_60,ONE_STRIKE_INSIDE,75,-6433.581749257496,2
ID30_03_WING_60_ONE_STRIKE_INSIDE,2025-05-29,2025-05-26,-3,WING_60,ONE_STRIKE_INSIDE,75,-6240.464021474997,2
ID30_03_WING_60_ONE_STRIKE_INSIDE,2025-06-05,2025-06-02,-3,WING_60,ONE_STRIKE_INSIDE,75,-752.1865156124891,2
ID30_03_WING_60_ONE_STRIKE_INSIDE,2025-06-12,2025-06-09,-3,WING_60,ONE_STRIKE_INSIDE,75,-4274.19116112,2
ID30_03_WING_60_ONE_STRIKE_INSIDE,2025-06-19,2025-06-16,-3,WING_60,ONE_STRIKE_INSIDE,75,8338.149427672504,2
ID30_03_WING_60_ONE_STRIKE_INSIDE,2025-06-26,2025-06-23,-3,WING_60,ONE_STRIKE_INSIDE,75,-731.1923124374999,2
ID30_03_WING_60_ONE_STRIKE_INSIDE,2025-07-03,2025-06-30,-3,WING_60,ONE_STRIKE_INSIDE,75,-6403.903064842497,2
ID30_03_WING_60_ONE_STRIKE_INSIDE,2025-07-10,2025-07-07,-3,WING_60,ONE_STRIKE_INSIDE,75,-4468.290893160003,2
ID30_03_WING_60_ONE_STRIKE_INSIDE,2025-07-17,2025-07-14,-3,WING_60,ONE_STRIKE_INSIDE,75,7308.05240727,2
ID30_03_WING_60_ONE_STRIKE_INSIDE,2025-07-24,2025-07-21,-3,WING_60,ONE_STRIKE_INSIDE,75,-971.011203315,2
ID30_03_WING_60_ONE_STRIKE_INSIDE,2025-07-31,2025-07-28,-3,WING_60,ONE_STRIKE_INSIDE,75,4233.971121547498,2
ID30_03_WING_60_ONE_STRIKE_INSIDE,2025-08-07,2025-08-04,-3,WING_60,ONE_STRIKE_INSIDE,75,-2445.9242578500002,2
ID30_03_WING_60_ONE_STRIKE_INSIDE,2025-08-14,2025-08-11,-3,WING_60,ONE_STRIKE_INSIDE,75,-5712.238887532496,2
ID30_03_WING_60_ONE_STRIKE_INSIDE,2025-08-21,2025-08-18,-3,WING_60,ONE_STRIKE_INSIDE,75,8128.251267989998,2
ID30_03_WING_60_ONE_STRIKE_INSIDE,2025-08-28,2025-08-22,-3,WING_60,ONE_STRIKE_INSIDE,75,-7213.466381505,2
ID30_03_WING_60_ONE_STRIKE_INSIDE,2025-09-02,2025-08-28,-3,WING_60,ONE_STRIKE_INSIDE,75,6743.4230424825055,2
ID30_03_WING_60_ONE_STRIKE_INSIDE,2025-09-09,2025-09-04,-3,WING_60,ONE_STRIKE_INSIDE,75,978.3179176349963,2
ID30_03_WING_60_ONE_STRIKE_INSIDE,2025-09-16,2025-09-11,-3,WING_60,ONE_STRIKE_INSIDE,75,-3811.8985515825,2
ID30_03_WING_60_ONE_STRIKE_INSIDE,2025-09-23,2025-09-18,-3,WING_60,ONE_STRIKE_INSIDE,75,-8792.291770785,2
ID30_03_WING_60_ONE_STRIKE_INSIDE,2025-09-30,2025-09-25,-3,WING_60,ONE_STRIKE_INSIDE,75,-7804.5217588575,2
ID30_03_WING_60_ONE_STRIKE_INSIDE,2025-10-07,2025-10-01,-3,WING_60,ONE_STRIKE_INSIDE,75,-6121.1407004775,2
ID30_03_WING_60_ONE_STRIKE_INSIDE,2025-10-14,2025-10-08,-3,WING_60,ONE_STRIKE_INSIDE,75,5115.4166676825,2
ID30_03_WING_60_ONE_STRIKE_INSIDE,2025-10-28,2025-10-23,-3,WING_60,ONE_STRIKE_INSIDE,75,-6488.078052255,2
ID30_03_WING_60_ONE_STRIKE_INSIDE,2025-11-04,2025-10-30,-3,WING_60,ONE_STRIKE_INSIDE,75,-7165.7464200975,2
ID30_03_WING_60_ONE_STRIKE_INSIDE,2025-11-11,2025-11-06,-3,WING_60,ONE_STRIKE_INSIDE,75,7865.801893934999,2
ID30_03_WING_60_ONE_STRIKE_INSIDE,2025-11-18,2025-11-13,-3,WING_60,ONE_STRIKE_INSIDE,75,7341.6988947075,2
ID30_03_WING_60_ONE_STRIKE_INSIDE,2025-11-25,2025-11-20,-3,WING_60,ONE_STRIKE_INSIDE,75,-7367.5098307575045,2
ID30_03_WING_60_ONE_STRIKE_INSIDE,2025-12-02,2025-11-27,-3,WING_60,ONE_STRIKE_INSIDE,75,-7087.007231325,2
ID30_03_WING_60_ONE_STRIKE_INSIDE,2025-12-09,2025-12-04,-3,WING_60,ONE_STRIKE_INSIDE,75,-3240.1263764249998,2
ID30_03_WING_60_ONE_STRIKE_INSIDE,2025-12-16,2025-12-11,-3,WING_60,ONE_STRIKE_INSIDE,75,7946.372603580004,2
ID30_03_WING_60_ONE_STRIKE_INSIDE,2025-12-23,2025-12-18,-3,WING_60,ONE_STRIKE_INSIDE,75,-6709.286965620002,2
ID30_03_WING_60_ONE_STRIKE_INSIDE,2025-12-30,2025-12-24,-3,WING_60,ONE_STRIKE_INSIDE,75,-7460.245816627502,2
ID30_03_WING_60_ONE_STRIKE_INSIDE,2026-01-06,2026-01-01,-3,WING_60,ONE_STRIKE_INSIDE,65,1164.9381721104983,2
ID30_03_WING_60_ONE_STRIKE_INSIDE,2026-01-13,2026-01-08,-3,WING_60,ONE_STRIKE_INSIDE,65,-6941.470270768997,2
ID30_03_WING_60_ONE_STRIKE_INSIDE,2026-01-20,2026-01-14,-3,WING_60,ONE_STRIKE_INSIDE,65,-6429.854091005996,2
ID30_03_WING_60_ONE_STRIKE_INSIDE,2026-01-27,2026-01-21,-3,WING_60,ONE_STRIKE_INSIDE,65,-4104.928699223502,2
ID30_03_WING_60_ONE_STRIKE_INSIDE,2026-02-03,2026-01-30,-3,WING_60,ONE_STRIKE_INSIDE,65,-5158.3130450944855,2
ID30_03_WING_60_ONE_STRIKE_INSIDE,2026-02-10,2026-02-05,-3,WING_60,ONE_STRIKE_INSIDE,65,1296.3088063040036,2
ID30_03_WING_60_ONE_STRIKE_INSIDE,2026-02-17,2026-02-12,-3,WING_60,ONE_STRIKE_INSIDE,65,-4286.039440093,2
ID30_03_WING_60_ONE_STRIKE_INSIDE,2026-02-24,2026-02-19,-3,WING_60,ONE_STRIKE_INSIDE,65,-6885.3368776545,2
ID30_03_WING_60_ONE_STRIKE_INSIDE,2026-03-02,2026-02-25,-3,WING_60,ONE_STRIKE_INSIDE,65,-5389.79886278685,2
ID30_03_WING_60_ONE_STRIKE_INSIDE,2026-03-10,2026-03-05,-3,WING_60,ONE_STRIKE_INSIDE,65,2092.066597497036,2
ID30_03_WING_60_ONE_STRIKE_INSIDE,2026-03-17,2026-03-12,-3,WING_60,ONE_STRIKE_INSIDE,65,8005.375834144393,2
ID30_03_WING_60_ONE_STRIKE_INSIDE,2026-03-24,2026-03-19,-3,WING_60,ONE_STRIKE_INSIDE,65,-4815.050503133518,2
ID30_03_WING_60_ONE_STRIKE_INSIDE,2026-03-30,2026-03-24,-3,WING_60,ONE_STRIKE_INSIDE,65,-5142.327749260131,2
ID30_03_WING_60_ONE_STRIKE_INSIDE,2026-04-07,2026-04-01,-3,WING_60,ONE_STRIKE_INSIDE,65,3458.9087524603287,2
ID30_03_WING_60_ONE_STRIKE_INSIDE,2026-04-13,2026-04-08,-3,WING_60,ONE_STRIKE_INSIDE,65,567.8209989181659,2
ID30_03_WING_60_ONE_STRIKE_INSIDE,2026-04-21,2026-04-16,-3,WING_60,ONE_STRIKE_INSIDE,65,4946.9502853438835,2
ID30_03_WING_60_ONE_STRIKE_INSIDE,2026-04-28,2026-04-23,-3,WING_60,ONE_STRIKE_INSIDE,65,-5128.821353648006,2
ID30_03_WING_60_ONE_STRIKE_INSIDE,2026-05-05,2026-04-29,-3,WING_60,ONE_STRIKE_INSIDE,65,5257.017556142168,2
ID30_03_WING_60_ONE_STRIKE_INSIDE,2026-05-12,2026-05-07,-3,WING_60,ONE_STRIKE_INSIDE,65,-4418.06618923092,2
ID30_03_WING_60_ONE_STRIKE_INSIDE,2026-05-19,2026-05-14,-3,WING_60,ONE_STRIKE_INSIDE,65,7371.155581635172,2
ID30_03_WING_60_ONE_STRIKE_INSIDE,2026-05-26,2026-05-20,-3,WING_60,ONE_STRIKE_INSIDE,65,-4819.771540846467,2
ID30_03_WING_60_ONE_STRIKE_INSIDE,2026-06-02,2026-05-21,-3,WING_60,ONE_STRIKE_INSIDE,65,2621.126645582378,2
ID30_03_WING_60_ONE_STRIKE_INSIDE,2026-07-07,2026-06-30,-3,WING_60,ONE_STRIKE_INSIDE,65,-1147.8425570000381,2
ID30_03_WING_60_ONE_STRIKE_INSIDE,2026-07-14,2026-06-30,-3,WING_60,ONE_STRIKE_INSIDE,65,-989.079174505115,2
ID30_03_WING_60_ONE_STRIKE_INSIDE,2026-07-21,2026-06-30,-3,WING_60,ONE_STRIKE_INSIDE,65,-1528.3784845730725,2
ID30_03_WING_60_ONE_STRIKE_INSIDE,2026-07-28,2026-06-30,-3,WING_60,ONE_STRIKE_INSIDE,65,-341.56601216594777,2
ID30_03_WING_60_RECENTER_BOTH,2021-07-08,2021-07-05,-3,WING_60,RECENTER_BOTH,50,97.55820884500002,1
ID30_03_WING_60_RECENTER_BOTH,2021-07-15,2021-07-12,-3,WING_60,RECENTER_BOTH,50,-1786.4387920850022,2
ID30_03_WING_60_RECENTER_BOTH,2021-07-22,2021-07-16,-3,WING_60,RECENTER_BOTH,50,-7581.198372140002,2
ID30_03_WING_60_RECENTER_BOTH,2021-07-29,2021-07-26,-3,WING_60,RECENTER_BOTH,50,-1692.613586020001,2
ID30_03_WING_60_RECENTER_BOTH,2021-08-05,2021-08-02,-3,WING_60,RECENTER_BOTH,50,-8470.694354045,2
ID30_03_WING_60_RECENTER_BOTH,2021-08-12,2021-08-09,-3,WING_60,RECENTER_BOTH,50,-354.32581428000003,2
ID30_03_WING_60_RECENTER_BOTH,2021-08-18,2021-08-13,-3,WING_60,RECENTER_BOTH,50,1377.7295073700002,1
ID30_03_WING_60_RECENTER_BOTH,2021-08-26,2021-08-23,-3,WING_60,RECENTER_BOTH,50,1749.0663310049963,2
ID30_03_WING_60_RECENTER_BOTH,2021-09-02,2021-08-30,-3,WING_60,RECENTER_BOTH,50,-6520.915067525002,2
ID30_03_WING_60_RECENTER_BOTH,2021-09-09,2021-09-06,-3,WING_60,RECENTER_BOTH,50,4640.8093619599995,1
ID30_03_WING_60_RECENTER_BOTH,2021-09-16,2021-09-13,-3,WING_60,RECENTER_BOTH,50,-884.664330915,2
ID30_03_WING_60_RECENTER_BOTH,2021-09-23,2021-09-20,-3,WING_60,RECENTER_BOTH,50,-5930.379896774999,2
ID30_03_WING_60_RECENTER_BOTH,2021-09-30,2021-09-27,-3,WING_60,RECENTER_BOTH,50,-1331.6733971850028,2
ID30_03_WING_60_RECENTER_BOTH,2021-10-07,2021-10-04,-3,WING_60,RECENTER_BOTH,50,-311.3507785950027,2
ID30_03_WING_60_RECENTER_BOTH,2021-10-14,2021-10-11,-3,WING_60,RECENTER_BOTH,50,-2169.9527076550007,2
ID30_03_WING_60_RECENTER_BOTH,2021-10-21,2021-10-18,-3,WING_60,RECENTER_BOTH,50,-4718.194740830001,2
ID30_03_WING_60_RECENTER_BOTH,2021-10-28,2021-10-25,-3,WING_60,RECENTER_BOTH,50,-2308.36367045,2
ID30_03_WING_60_RECENTER_BOTH,2021-11-11,2021-11-08,-3,WING_60,RECENTER_BOTH,50,1899.5546257800002,2
ID30_03_WING_60_RECENTER_BOTH,2021-11-18,2021-11-15,-3,WING_60,RECENTER_BOTH,50,-1297.1491682199999,2
ID30_03_WING_60_RECENTER_BOTH,2021-11-25,2021-11-22,-3,WING_60,RECENTER_BOTH,50,2547.6844074099995,2
ID30_03_WING_60_RECENTER_BOTH,2021-12-02,2021-11-29,-3,WING_60,RECENTER_BOTH,50,-2686.411926100002,2
ID30_03_WING_60_RECENTER_BOTH,2021-12-09,2021-12-06,-3,WING_60,RECENTER_BOTH,50,-3179.2311067549963,2
ID30_03_WING_60_RECENTER_BOTH,2021-12-16,2021-12-13,-3,WING_60,RECENTER_BOTH,50,-3566.8748321499997,2
ID30_03_WING_60_RECENTER_BOTH,2021-12-23,2021-12-20,-3,WING_60,RECENTER_BOTH,50,-3118.5896060699924,2
ID30_03_WING_60_RECENTER_BOTH,2021-12-30,2021-12-27,-3,WING_60,RECENTER_BOTH,50,3593.972437984998,1
ID30_03_WING_60_RECENTER_BOTH,2022-01-06,2022-01-03,-3,WING_60,RECENTER_BOTH,50,1473.6559350699977,2
ID30_03_WING_60_RECENTER_BOTH,2022-01-13,2022-01-10,-3,WING_60,RECENTER_BOTH,50,-472.4052154500008,2
ID30_03_WING_60_RECENTER_BOTH,2022-01-20,2022-01-17,-3,WING_60,RECENTER_BOTH,50,-4661.223582605001,2
ID30_03_WING_60_RECENTER_BOTH,2022-01-27,2022-01-21,-3,WING_60,RECENTER_BOTH,50,-3517.4269025399944,2
ID30_03_WING_60_RECENTER_BOTH,2022-02-03,2022-01-31,-3,WING_60,RECENTER_BOTH,50,-2752.7321888299984,2
ID30_03_WING_60_RECENTER_BOTH,2022-02-10,2022-02-07,-3,WING_60,RECENTER_BOTH,50,-3739.9826654850017,2
ID30_03_WING_60_RECENTER_BOTH,2022-02-17,2022-02-14,-3,WING_60,RECENTER_BOTH,50,-2199.88367018,2
ID30_03_WING_60_RECENTER_BOTH,2022-02-24,2022-02-21,-3,WING_60,RECENTER_BOTH,50,-3515.191353905,2
ID30_03_WING_60_RECENTER_BOTH,2022-03-03,2022-02-25,-3,WING_60,RECENTER_BOTH,50,3055.41734786,2
ID30_03_WING_60_RECENTER_BOTH,2022-03-10,2022-03-07,-3,WING_60,RECENTER_BOTH,50,-2833.7311167149965,2
ID30_03_WING_60_RECENTER_BOTH,2022-03-17,2022-03-14,-3,WING_60,RECENTER_BOTH,50,-2861.5866234699997,2
ID30_03_WING_60_RECENTER_BOTH,2022-03-24,2022-03-21,-3,WING_60,RECENTER_BOTH,50,2083.1934596449983,2
ID30_03_WING_60_RECENTER_BOTH,2022-03-31,2022-03-28,-3,WING_60,RECENTER_BOTH,50,-3665.7600081850005,2
ID30_03_WING_60_RECENTER_BOTH,2022-04-07,2022-04-04,-3,WING_60,RECENTER_BOTH,50,-4290.45954914,2
ID30_03_WING_60_RECENTER_BOTH,2022-04-13,2022-04-08,-3,WING_60,RECENTER_BOTH,50,-3963.779349865,2
ID30_03_WING_60_RECENTER_BOTH,2022-04-21,2022-04-18,-3,WING_60,RECENTER_BOTH,50,-3511.5980723950015,2
ID30_03_WING_60_RECENTER_BOTH,2022-04-28,2022-04-25,-3,WING_60,RECENTER_BOTH,50,-3069.054074335004,2
ID30_03_WING_60_RECENTER_BOTH,2022-05-05,2022-04-29,-3,WING_60,RECENTER_BOTH,50,-3884.385811115,2
ID30_03_WING_60_RECENTER_BOTH,2022-05-12,2022-05-09,-3,WING_60,RECENTER_BOTH,50,-3207.7784385550012,2
ID30_03_WING_60_RECENTER_BOTH,2022-05-19,2022-05-16,-3,WING_60,RECENTER_BOTH,50,-787.0021117800009,2
ID30_03_WING_60_RECENTER_BOTH,2022-05-26,2022-05-23,-3,WING_60,RECENTER_BOTH,50,1386.162198205,2
ID30_03_WING_60_RECENTER_BOTH,2022-06-02,2022-05-30,-3,WING_60,RECENTER_BOTH,50,2007.164833975,2
ID30_03_WING_60_RECENTER_BOTH,2022-06-09,2022-06-06,-3,WING_60,RECENTER_BOTH,50,-4136.15021766,2
ID30_03_WING_60_RECENTER_BOTH,2022-06-16,2022-06-13,-3,WING_60,RECENTER_BOTH,50,-4043.461031245001,2
ID30_03_WING_60_RECENTER_BOTH,2022-06-23,2022-06-20,-3,WING_60,RECENTER_BOTH,50,-675.55028803,2
ID30_03_WING_60_RECENTER_BOTH,2022-06-30,2022-06-27,-3,WING_60,RECENTER_BOTH,50,5112.451111505,1
ID30_03_WING_60_RECENTER_BOTH,2022-07-07,2022-07-04,-3,WING_60,RECENTER_BOTH,50,-3473.116010304996,2
ID30_03_WING_60_RECENTER_BOTH,2022-07-14,2022-07-11,-3,WING_60,RECENTER_BOTH,50,1165.0292871549989,2
ID30_03_WING_60_RECENTER_BOTH,2022-07-21,2022-07-18,-3,WING_60,RECENTER_BOTH,50,2804.366206619999,1
ID30_03_WING_60_RECENTER_BOTH,2022-07-28,2022-07-25,-3,WING_60,RECENTER_BOTH,50,-4386.619215295002,2
ID30_03_WING_60_RECENTER_BOTH,2022-08-04,2022-08-01,-3,WING_60,RECENTER_BOTH,50,-1309.60293565,2
ID30_03_WING_60_RECENTER_BOTH,2022-08-11,2022-08-05,-3,WING_60,RECENTER_BOTH,50,-3246.880635380002,2
ID30_03_WING_60_RECENTER_BOTH,2022-08-18,2022-08-12,-3,WING_60,RECENTER_BOTH,50,-1061.1251289450006,2
ID30_03_WING_60_RECENTER_BOTH,2022-08-25,2022-08-22,-3,WING_60,RECENTER_BOTH,50,2679.70550174,2
ID30_03_WING_60_RECENTER_BOTH,2022-09-01,2022-08-26,-3,WING_60,RECENTER_BOTH,50,-2267.7450034549965,2
ID30_03_WING_60_RECENTER_BOTH,2022-09-08,2022-09-05,-3,WING_60,RECENTER_BOTH,50,-2348.6961765300002,2
ID30_03_WING_60_RECENTER_BOTH,2022-09-15,2022-09-12,-3,WING_60,RECENTER_BOTH,50,-4652.88499775,2
ID30_03_WING_60_RECENTER_BOTH,2022-09-22,2022-09-19,-3,WING_60,RECENTER_BOTH,50,-3864.535625455,2
ID30_03_WING_60_RECENTER_BOTH,2022-09-29,2022-09-26,-3,WING_60,RECENTER_BOTH,50,-3582.6277674950034,2
ID30_03_WING_60_RECENTER_BOTH,2022-10-06,2022-09-30,-3,WING_60,RECENTER_BOTH,50,-3325.729034715,2
ID30_03_WING_60_RECENTER_BOTH,2022-10-13,2022-10-10,-3,WING_60,RECENTER_BOTH,50,2074.8203271099997,2
ID30_03_WING_60_RECENTER_BOTH,2022-10-20,2022-10-17,-3,WING_60,RECENTER_BOTH,50,1220.5377655349978,2
ID30_03_WING_60_RECENTER_BOTH,2022-10-27,2022-10-21,-3,WING_60,RECENTER_BOTH,50,684.716321594996,2
ID30_03_WING_60_RECENTER_BOTH,2022-11-03,2022-10-31,-3,WING_60,RECENTER_BOTH,50,734.4908855799991,2
ID30_03_WING_60_RECENTER_BOTH,2022-11-10,2022-11-04,-3,WING_60,RECENTER_BOTH,50,-1440.6413769849999,2
ID30_03_WING_60_RECENTER_BOTH,2022-11-17,2022-11-14,-3,WING_60,RECENTER_BOTH,50,3950.647376145,1
ID30_03_WING_60_RECENTER_BOTH,2022-11-24,2022-11-21,-3,WING_60,RECENTER_BOTH,50,230.49224757499968,1
ID30_03_WING_60_RECENTER_BOTH,2022-12-01,2022-11-28,-3,WING_60,RECENTER_BOTH,50,-2629.192472560002,2
ID30_03_WING_60_RECENTER_BOTH,2022-12-08,2022-12-05,-3,WING_60,RECENTER_BOTH,50,3408.2992737749983,1
ID30_03_WING_60_RECENTER_BOTH,2022-12-15,2022-12-12,-3,WING_60,RECENTER_BOTH,50,-6357.44317094,2
ID30_03_WING_60_RECENTER_BOTH,2022-12-22,2022-12-19,-3,WING_60,RECENTER_BOTH,50,-4076.9030308849997,2
ID30_03_WING_60_RECENTER_BOTH,2022-12-29,2022-12-26,-3,WING_60,RECENTER_BOTH,50,2436.666127355,2
ID30_03_WING_60_RECENTER_BOTH,2023-01-05,2023-01-02,-3,WING_60,RECENTER_BOTH,50,-374.43628882500195,2
ID30_03_WING_60_RECENTER_BOTH,2023-01-12,2023-01-09,-3,WING_60,RECENTER_BOTH,50,3517.772329774999,2
ID30_03_WING_60_RECENTER_BOTH,2023-01-19,2023-01-16,-3,WING_60,RECENTER_BOTH,50,1267.9347106499995,2
ID30_03_WING_60_RECENTER_BOTH,2023-01-25,2023-01-20,-3,WING_60,RECENTER_BOTH,50,-6605.632157230002,2
ID30_03_WING_60_RECENTER_BOTH,2023-02-02,2023-01-30,-3,WING_60,RECENTER_BOTH,50,3256.5187624799983,2
ID30_03_WING_60_RECENTER_BOTH,2023-02-09,2023-02-06,-3,WING_60,RECENTER_BOTH,50,-173.98817523000105,2
ID30_03_WING_60_RECENTER_BOTH,2023-02-16,2023-02-13,-3,WING_60,RECENTER_BOTH,50,-3915.288879005001,2
ID30_03_WING_60_RECENTER_BOTH,2023-02-23,2023-02-20,-3,WING_60,RECENTER_BOTH,50,-6149.14514917,2
ID30_03_WING_60_RECENTER_BOTH,2023-03-02,2023-02-27,-3,WING_60,RECENTER_BOTH,50,3115.902764295,2
ID30_03_WING_60_RECENTER_BOTH,2023-03-09,2023-03-03,-3,WING_60,RECENTER_BOTH,50,75.84761252499993,1
ID30_03_WING_60_RECENTER_BOTH,2023-03-16,2023-03-13,-3,WING_60,RECENTER_BOTH,50,-5168.7307431200015,2
ID30_03_WING_60_RECENTER_BOTH,2023-03-23,2023-03-20,-3,WING_60,RECENTER_BOTH,50,3446.688192385,2
ID30_03_WING_60_RECENTER_BOTH,2023-03-29,2023-03-24,-3,WING_60,RECENTER_BOTH,50,3807.208748259998,2
ID30_03_WING_60_RECENTER_BOTH,2023-04-06,2023-03-31,-3,WING_60,RECENTER_BOTH,50,1185.5507383749982,2
ID30_03_WING_60_RECENTER_BOTH,2023-04-13,2023-04-10,-3,WING_60,RECENTER_BOTH,50,844.1143833850001,1
ID30_03_WING_60_RECENTER_BOTH,2023-04-20,2023-04-17,-3,WING_60,RECENTER_BOTH,50,-1807.0153569250028,2
ID30_03_WING_60_RECENTER_BOTH,2023-04-27,2023-04-24,-3,WING_60,RECENTER_BOTH,50,-2232.885971535,1
ID30_03_WING_60_RECENTER_BOTH,2023-05-04,2023-04-28,-3,WING_60,RECENTER_BOTH,50,151.59383771999933,2
ID30_03_WING_60_RECENTER_BOTH,2023-05-11,2023-05-08,-3,WING_60,RECENTER_BOTH,50,3650.527490614999,0
ID30_03_WING_60_RECENTER_BOTH,2023-05-18,2023-05-15,-3,WING_60,RECENTER_BOTH,50,333.2301584149992,2
ID30_03_WING_60_RECENTER_BOTH,2023-05-25,2023-05-22,-3,WING_60,RECENTER_BOTH,50,4178.57802386,0
ID30_03_WING_60_RECENTER_BOTH,2023-06-01,2023-05-29,-3,WING_60,RECENTER_BOTH,50,2392.907161725,1
ID30_03_WING_60_RECENTER_BOTH,2023-06-08,2023-06-05,-3,WING_60,RECENTER_BOTH,50,-3201.151355295002,1
ID30_03_WING_60_RECENTER_BOTH,2023-06-15,2023-06-12,-3,WING_60,RECENTER_BOTH,50,-42.251721985000415,1
ID30_03_WING_60_RECENTER_BOTH,2023-06-22,2023-06-19,-3,WING_60,RECENTER_BOTH,50,185.95341006499814,2
ID30_03_WING_60_RECENTER_BOTH,2023-06-28,2023-06-23,-3,WING_60,RECENTER_BOTH,50,-3095.0525141700014,2
ID30_03_WING_60_RECENTER_BOTH,2023-07-06,2023-07-03,-3,WING_60,RECENTER_BOTH,50,39.847406214999125,1
ID30_03_WING_60_RECENTER_BOTH,2023-07-13,2023-07-10,-3,WING_60,RECENTER_BOTH,50,370.1439610899963,2
ID30_03_WING_60_RECENTER_BOTH,2023-07-20,2023-07-17,-3,WING_60,RECENTER_BOTH,50,-326.8680318850005,2
ID30_03_WING_60_RECENTER_BOTH,2023-07-27,2023-07-24,-3,WING_60,RECENTER_BOTH,50,-4024.338528695002,2
ID30_03_WING_60_RECENTER_BOTH,2023-08-03,2023-07-31,-3,WING_60,RECENTER_BOTH,50,-6510.90862756,2
ID30_03_WING_60_RECENTER_BOTH,2023-08-10,2023-08-07,-3,WING_60,RECENTER_BOTH,50,1391.23278681,2
ID30_03_WING_60_RECENTER_BOTH,2023-08-17,2023-08-11,-3,WING_60,RECENTER_BOTH,50,1282.183143574998,2
ID30_03_WING_60_RECENTER_BOTH,2023-08-24,2023-08-21,-3,WING_60,RECENTER_BOTH,50,-1355.6461048649999,2
ID30_03_WING_60_RECENTER_BOTH,2023-08-31,2023-08-28,-3,WING_60,RECENTER_BOTH,50,773.4423494299991,2
ID30_03_WING_60_RECENTER_BOTH,2023-09-07,2023-09-04,-3,WING_60,RECENTER_BOTH,50,-4021.4840043600016,1
ID30_03_WING_60_RECENTER_BOTH,2023-09-14,2023-09-11,-3,WING_60,RECENTER_BOTH,50,-3575.2552589449997,2
ID30_03_WING_60_RECENTER_BOTH,2023-09-21,2023-09-15,-3,WING_60,RECENTER_BOTH,50,-711.754339855,2
ID30_03_WING_60_RECENTER_BOTH,2023-09-28,2023-09-25,-3,WING_60,RECENTER_BOTH,50,-3535.961190810001,2
ID30_03_WING_60_RECENTER_BOTH,2023-10-05,2023-09-29,-3,WING_60,RECENTER_BOTH,50,3826.339222854999,2
ID30_03_WING_60_RECENTER_BOTH,2023-10-12,2023-10-09,-3,WING_60,RECENTER_BOTH,50,2267.44240348,2
ID30_03_WING_60_RECENTER_BOTH,2023-10-19,2023-10-16,-3,WING_60,RECENTER_BOTH,50,-4825.255207125001,2
ID30_03_WING_60_RECENTER_BOTH,2023-10-26,2023-10-20,-3,WING_60,RECENTER_BOTH,50,-5529.242003655,2
ID30_03_WING_60_RECENTER_BOTH,2023-11-02,2023-10-30,-3,WING_60,RECENTER_BOTH,50,2246.27890247,2
ID30_03_WING_60_RECENTER_BOTH,2023-11-09,2023-11-06,-3,WING_60,RECENTER_BOTH,50,5101.832034055,0
ID30_03_WING_60_RECENTER_BOTH,2023-11-23,2023-11-20,-3,WING_60,RECENTER_BOTH,50,916.0063668549991,2
ID30_03_WING_60_RECENTER_BOTH,2023-11-30,2023-11-24,-3,WING_60,RECENTER_BOTH,50,-2793.20814008,2
ID30_03_WING_60_RECENTER_BOTH,2023-12-07,2023-12-04,-3,WING_60,RECENTER_BOTH,50,-3312.9247296850003,2
ID30_03_WING_60_RECENTER_BOTH,2023-12-14,2023-12-11,-3,WING_60,RECENTER_BOTH,50,-4728.821980404999,2
ID30_03_WING_60_RECENTER_BOTH,2023-12-21,2023-12-18,-3,WING_60,RECENTER_BOTH,50,-5835.447221955,2
ID30_03_WING_60_RECENTER_BOTH,2023-12-28,2023-12-22,-3,WING_60,RECENTER_BOTH,50,-5483.053446285002,2
ID30_03_WING_60_RECENTER_BOTH,2024-01-04,2024-01-01,-3,WING_60,RECENTER_BOTH,50,591.8126774849981,2
ID30_03_WING_60_RECENTER_BOTH,2024-01-11,2024-01-08,-3,WING_60,RECENTER_BOTH,50,-2142.617087975,2
ID30_03_WING_60_RECENTER_BOTH,2024-01-18,2024-01-15,-3,WING_60,RECENTER_BOTH,50,-4204.674805719999,2
ID30_03_WING_60_RECENTER_BOTH,2024-01-25,2024-01-20,-3,WING_60,RECENTER_BOTH,50,-4122.996627319998,2
ID30_03_WING_60_RECENTER_BOTH,2024-02-01,2024-01-29,-3,WING_60,RECENTER_BOTH,50,-1082.9917320549998,2
ID30_03_WING_60_RECENTER_BOTH,2024-02-08,2024-02-05,-3,WING_60,RECENTER_BOTH,50,-8093.3996599899965,2
ID30_03_WING_60_RECENTER_BOTH,2024-02-15,2024-02-12,-3,WING_60,RECENTER_BOTH,50,-3307.3242679700033,2
ID30_03_WING_60_RECENTER_BOTH,2024-02-22,2024-02-19,-3,WING_60,RECENTER_BOTH,50,1112.7350146999997,2
ID30_03_WING_60_RECENTER_BOTH,2024-02-29,2024-02-26,-3,WING_60,RECENTER_BOTH,50,-3709.0298417050035,2
ID30_03_WING_60_RECENTER_BOTH,2024-03-07,2024-03-04,-3,WING_60,RECENTER_BOTH,50,-3832.151319315,2
ID30_03_WING_60_RECENTER_BOTH,2024-03-14,2024-03-11,-3,WING_60,RECENTER_BOTH,50,-1718.245479615,2
ID30_03_WING_60_RECENTER_BOTH,2024-03-21,2024-03-18,-3,WING_60,RECENTER_BOTH,50,1149.5432571699982,2
ID30_03_WING_60_RECENTER_BOTH,2024-03-28,2024-03-22,-3,WING_60,RECENTER_BOTH,50,-4094.8197858249964,2
ID30_03_WING_60_RECENTER_BOTH,2024-04-04,2024-04-01,-3,WING_60,RECENTER_BOTH,50,15.720489834999967,2
ID30_03_WING_60_RECENTER_BOTH,2024-04-10,2024-04-05,-3,WING_60,RECENTER_BOTH,50,5771.68197915,2
ID30_03_WING_60_RECENTER_BOTH,2024-04-18,2024-04-12,-3,WING_60,RECENTER_BOTH,50,-2075.4781381750017,2
ID30_03_WING_60_RECENTER_BOTH,2024-04-25,2024-04-22,-3,WING_60,RECENTER_BOTH,50,-3694.54969661,2
ID30_03_WING_60_RECENTER_BOTH,2024-05-02,2024-04-26,-3,WING_60,RECENTER_BOTH,25,-1801.9219672300007,2
ID30_03_WING_60_RECENTER_BOTH,2024-05-09,2024-05-06,-3,WING_60,RECENTER_BOTH,25,-2190.5058291225,2
ID30_03_WING_60_RECENTER_BOTH,2024-05-16,2024-05-13,-3,WING_60,RECENTER_BOTH,25,-2070.1049038775,2
ID30_03_WING_60_RECENTER_BOTH,2024-05-23,2024-05-18,-3,WING_60,RECENTER_BOTH,25,-1729.1009181000018,2
ID30_03_WING_60_RECENTER_BOTH,2024-05-30,2024-05-27,-3,WING_60,RECENTER_BOTH,25,-1874.10960349,2
ID30_03_WING_60_RECENTER_BOTH,2024-06-06,2024-06-03,-3,WING_60,RECENTER_BOTH,25,-293.4377465599933,2
ID30_03_WING_60_RECENTER_BOTH,2024-06-13,2024-06-10,-3,WING_60,RECENTER_BOTH,25,1376.1194370949993,2
ID30_03_WING_60_RECENTER_BOTH,2024-06-20,2024-06-14,-3,WING_60,RECENTER_BOTH,25,-86.46700574249996,2
ID30_03_WING_60_RECENTER_BOTH,2024-06-27,2024-06-24,-3,WING_60,RECENTER_BOTH,25,-2982.971042412499,2
ID30_03_WING_60_RECENTER_BOTH,2024-07-04,2024-07-01,-3,WING_60,RECENTER_BOTH,25,-276.0710950050013,2
ID30_03_WING_60_RECENTER_BOTH,2024-07-11,2024-07-08,-3,WING_60,RECENTER_BOTH,25,-701.8964267625009,2
ID30_03_WING_60_RECENTER_BOTH,2024-07-18,2024-07-12,-3,WING_60,RECENTER_BOTH,25,-1131.7114443225,2
ID30_03_WING_60_RECENTER_BOTH,2024-07-25,2024-07-22,-3,WING_60,RECENTER_BOTH,25,-1684.4686491675002,2
ID30_03_WING_60_RECENTER_BOTH,2024-08-01,2024-07-29,-3,WING_60,RECENTER_BOTH,25,1344.11855082,2
ID30_03_WING_60_RECENTER_BOTH,2024-08-08,2024-08-05,-3,WING_60,RECENTER_BOTH,25,858.8133324874996,2
ID30_03_WING_60_RECENTER_BOTH,2024-08-14,2024-08-09,-3,WING_60,RECENTER_BOTH,25,553.2760489174982,2
ID30_03_WING_60_RECENTER_BOTH,2024-08-22,2024-08-19,-3,WING_60,RECENTER_BOTH,25,-1469.88798778,2
ID30_03_WING_60_RECENTER_BOTH,2024-08-29,2024-08-26,-3,WING_60,RECENTER_BOTH,25,-910.4613603474999,2
ID30_03_WING_60_RECENTER_BOTH,2024-09-05,2024-09-02,-3,WING_60,RECENTER_BOTH,25,-1365.9766761675,2
ID30_03_WING_60_RECENTER_BOTH,2024-09-12,2024-09-09,-3,WING_60,RECENTER_BOTH,25,-2307.1424741050005,2
ID30_03_WING_60_RECENTER_BOTH,2024-09-19,2024-09-16,-3,WING_60,RECENTER_BOTH,25,394.83824058999994,2
ID30_03_WING_60_RECENTER_BOTH,2024-09-26,2024-09-23,-3,WING_60,RECENTER_BOTH,25,-336.2418512700003,2
ID30_03_WING_60_RECENTER_BOTH,2024-10-03,2024-09-27,-3,WING_60,RECENTER_BOTH,25,-1107.5113364775,2
ID30_03_WING_60_RECENTER_BOTH,2024-10-10,2024-10-07,-3,WING_60,RECENTER_BOTH,25,-1433.3021685949998,2
ID30_03_WING_60_RECENTER_BOTH,2024-10-17,2024-10-14,-3,WING_60,RECENTER_BOTH,25,249.24660182499997,2
ID30_03_WING_60_RECENTER_BOTH,2024-10-24,2024-10-21,-3,WING_60,RECENTER_BOTH,25,-2172.9117386725,2
ID30_03_WING_60_RECENTER_BOTH,2024-10-31,2024-10-28,-3,WING_60,RECENTER_BOTH,25,1518.514134092498,2
ID30_03_WING_60_RECENTER_BOTH,2024-11-07,2024-11-04,-3,WING_60,RECENTER_BOTH,25,-1485.8613550124999,2
ID30_03_WING_60_RECENTER_BOTH,2024-11-14,2024-11-11,-3,WING_60,RECENTER_BOTH,25,-2330.2470389874984,2
ID30_03_WING_60_RECENTER_BOTH,2024-11-21,2024-11-14,-3,WING_60,RECENTER_BOTH,75,-4938.395279324993,2
ID30_03_WING_60_RECENTER_BOTH,2024-11-28,2024-11-25,-3,WING_60,RECENTER_BOTH,75,-2867.1633708449963,2
ID30_03_WING_60_RECENTER_BOTH,2024-12-05,2024-12-02,-3,WING_60,RECENTER_BOTH,75,-2743.9648903799994,2
ID30_03_WING_60_RECENTER_BOTH,2024-12-12,2024-12-09,-3,WING_60,RECENTER_BOTH,75,6897.311849552496,1
ID30_03_WING_60_RECENTER_BOTH,2024-12-19,2024-12-16,-3,WING_60,RECENTER_BOTH,75,-5131.7878780575,2
ID30_03_WING_60_RECENTER_BOTH,2024-12-26,2024-12-20,-3,WING_60,RECENTER_BOTH,75,-4391.088100155,2
ID30_03_WING_60_RECENTER_BOTH,2025-01-02,2024-12-30,-3,WING_60,RECENTER_BOTH,75,-1323.49630764,2
ID30_03_WING_60_RECENTER_BOTH,2025-01-09,2025-01-06,-3,WING_60,RECENTER_BOTH,75,-4908.411823949997,2
ID30_03_WING_60_RECENTER_BOTH,2025-01-16,2025-01-13,-3,WING_60,RECENTER_BOTH,75,-4316.287840755003,2
ID30_03_WING_60_RECENTER_BOTH,2025-01-23,2025-01-20,-3,WING_60,RECENTER_BOTH,75,7253.829298185,2
ID30_03_WING_60_RECENTER_BOTH,2025-01-30,2025-01-27,-3,WING_60,RECENTER_BOTH,75,-1797.5428939725002,2
ID30_03_WING_60_RECENTER_BOTH,2025-02-06,2025-02-03,-3,WING_60,RECENTER_BOTH,75,-4589.935456147504,2
ID30_03_WING_60_RECENTER_BOTH,2025-02-13,2025-02-10,-3,WING_60,RECENTER_BOTH,75,-5224.072739775,2
ID30_03_WING_60_RECENTER_BOTH,2025-02-20,2025-02-17,-3,WING_60,RECENTER_BOTH,75,9577.845092535004,2
ID30_03_WING_60_RECENTER_BOTH,2025-02-27,2025-02-21,-3,WING_60,RECENTER_BOTH,75,-4003.7451919725,2
ID30_03_WING_60_RECENTER_BOTH,2025-03-06,2025-03-03,-3,WING_60,RECENTER_BOTH,75,-5102.1131828925,2
ID30_03_WING_60_RECENTER_BOTH,2025-03-13,2025-03-10,-3,WING_60,RECENTER_BOTH,75,-4416.927538035,2
ID30_03_WING_60_RECENTER_BOTH,2025-03-20,2025-03-17,-3,WING_60,RECENTER_BOTH,75,-7073.968253175,2
ID30_03_WING_60_RECENTER_BOTH,2025-03-27,2025-03-24,-3,WING_60,RECENTER_BOTH,75,-2836.23479241,2
ID30_03_WING_60_RECENTER_BOTH,2025-04-03,2025-03-28,-3,WING_60,RECENTER_BOTH,75,-4795.957439685008,2
ID30_03_WING_60_RECENTER_BOTH,2025-04-09,2025-04-04,-3,WING_60,RECENTER_BOTH,75,-5051.9671183799965,2
ID30_03_WING_60_RECENTER_BOTH,2025-04-17,2025-04-11,-3,WING_60,RECENTER_BOTH,75,-13047.6966721425,2
ID30_03_WING_60_RECENTER_BOTH,2025-04-24,2025-04-21,-3,WING_60,RECENTER_BOTH,75,3219.987532365,2
ID30_03_WING_60_RECENTER_BOTH,2025-04-30,2025-04-25,-3,WING_60,RECENTER_BOTH,75,-4081.7433969075,2
ID30_03_WING_60_RECENTER_BOTH,2025-05-08,2025-05-05,-3,WING_60,RECENTER_BOTH,75,-5479.1831233725,2
ID30_03_WING_60_RECENTER_BOTH,2025-05-15,2025-05-12,-3,WING_60,RECENTER_BOTH,75,-2852.981325367502,2
ID30_03_WING_60_RECENTER_BOTH,2025-05-22,2025-05-19,-3,WING_60,RECENTER_BOTH,75,7857.775985595,2
ID30_03_WING_60_RECENTER_BOTH,2025-05-29,2025-05-26,-3,WING_60,RECENTER_BOTH,75,-4030.975861454993,2
ID30_03_WING_60_RECENTER_BOTH,2025-06-05,2025-06-02,-3,WING_60,RECENTER_BOTH,75,1027.9394325524981,2
ID30_03_WING_60_RECENTER_BOTH,2025-06-12,2025-06-09,-3,WING_60,RECENTER_BOTH,75,-317.87730638250366,2
ID30_03_WING_60_RECENTER_BOTH,2025-06-19,2025-06-16,-3,WING_60,RECENTER_BOTH,75,-3726.9564197624995,2
ID30_03_WING_60_RECENTER_BOTH,2025-06-26,2025-06-23,-3,WING_60,RECENTER_BOTH,75,-6132.680257020007,2
ID30_03_WING_60_RECENTER_BOTH,2025-07-03,2025-06-30,-3,WING_60,RECENTER_BOTH,75,3826.8104497199984,2
ID30_03_WING_60_RECENTER_BOTH,2025-07-10,2025-07-07,-3,WING_60,RECENTER_BOTH,75,-4940.137196992506,2
ID30_03_WING_60_RECENTER_BOTH,2025-07-17,2025-07-14,-3,WING_60,RECENTER_BOTH,75,3379.8471630000004,2
ID30_03_WING_60_RECENTER_BOTH,2025-07-24,2025-07-21,-3,WING_60,RECENTER_BOTH,75,-2322.0821448075017,2
ID30_03_WING_60_RECENTER_BOTH,2025-07-31,2025-07-28,-3,WING_60,RECENTER_BOTH,75,-2485.7342741625034,2
ID30_03_WING_60_RECENTER_BOTH,2025-08-07,2025-08-04,-3,WING_60,RECENTER_BOTH,75,-1344.47658717,2
ID30_03_WING_60_RECENTER_BOTH,2025-08-14,2025-08-11,-3,WING_60,RECENTER_BOTH,75,6689.3961038025,2
ID30_03_WING_60_RECENTER_BOTH,2025-08-21,2025-08-18,-3,WING_60,RECENTER_BOTH,75,4220.94959733,2
ID30_03_WING_60_RECENTER_BOTH,2025-08-28,2025-08-22,-3,WING_60,RECENTER_BOTH,75,-6515.179024635,2
ID30_03_WING_60_RECENTER_BOTH,2025-09-02,2025-08-28,-3,WING_60,RECENTER_BOTH,75,3665.6481159149916,2
ID30_03_WING_60_RECENTER_BOTH,2025-09-09,2025-09-04,-3,WING_60,RECENTER_BOTH,75,-308.636063325,2
ID30_03_WING_60_RECENTER_BOTH,2025-09-16,2025-09-11,-3,WING_60,RECENTER_BOTH,75,201.84607850499998,1
ID30_03_WING_60_RECENTER_BOTH,2025-09-23,2025-09-18,-3,WING_60,RECENTER_BOTH,75,3377.4808308674983,2
ID30_03_WING_60_RECENTER_BOTH,2025-09-30,2025-09-25,-3,WING_60,RECENTER_BOTH,75,-6346.957548202504,2
ID30_03_WING_60_RECENTER_BOTH,2025-10-07,2025-10-01,-3,WING_60,RECENTER_BOTH,75,-656.1607075200001,2
ID30_03_WING_60_RECENTER_BOTH,2025-10-14,2025-10-08,-3,WING_60,RECENTER_BOTH,75,6223.853765939996,2
ID30_03_WING_60_RECENTER_BOTH,2025-10-28,2025-10-23,-3,WING_60,RECENTER_BOTH,75,8676.4779383175,2
ID30_03_WING_60_RECENTER_BOTH,2025-11-04,2025-10-30,-3,WING_60,RECENTER_BOTH,75,827.6390115825001,2
ID30_03_WING_60_RECENTER_BOTH,2025-11-11,2025-11-06,-3,WING_60,RECENTER_BOTH,75,-6287.963646532497,2
ID30_03_WING_60_RECENTER_BOTH,2025-11-18,2025-11-13,-3,WING_60,RECENTER_BOTH,75,293.5090032224999,2
ID30_03_WING_60_RECENTER_BOTH,2025-11-25,2025-11-20,-3,WING_60,RECENTER_BOTH,75,-3880.0696669125,2
ID30_03_WING_60_RECENTER_BOTH,2025-12-02,2025-11-27,-3,WING_60,RECENTER_BOTH,75,2885.705726685,2
ID30_03_WING_60_RECENTER_BOTH,2025-12-09,2025-12-04,-3,WING_60,RECENTER_BOTH,75,-1251.8571319425,2
ID30_03_WING_60_RECENTER_BOTH,2025-12-16,2025-12-11,-3,WING_60,RECENTER_BOTH,75,2207.260520167497,2
ID30_03_WING_60_RECENTER_BOTH,2025-12-23,2025-12-18,-3,WING_60,RECENTER_BOTH,75,792.79340592,2
ID30_03_WING_60_RECENTER_BOTH,2025-12-30,2025-12-24,-3,WING_60,RECENTER_BOTH,75,-1156.3524709575038,2
ID30_03_WING_60_RECENTER_BOTH,2026-01-06,2026-01-01,-3,WING_60,RECENTER_BOTH,65,614.4858904569998,2
ID30_03_WING_60_RECENTER_BOTH,2026-01-13,2026-01-08,-3,WING_60,RECENTER_BOTH,65,-1745.0470552675038,2
ID30_03_WING_60_RECENTER_BOTH,2026-01-20,2026-01-14,-3,WING_60,RECENTER_BOTH,65,-5470.039197976997,2
ID30_03_WING_60_RECENTER_BOTH,2026-01-27,2026-01-21,-3,WING_60,RECENTER_BOTH,65,4035.7031970549915,2
ID30_03_WING_60_RECENTER_BOTH,2026-02-03,2026-01-30,-3,WING_60,RECENTER_BOTH,65,-3519.9137652605,2
ID30_03_WING_60_RECENTER_BOTH,2026-02-10,2026-02-05,-3,WING_60,RECENTER_BOTH,65,-4640.455558657502,2
ID30_03_WING_60_RECENTER_BOTH,2026-02-17,2026-02-12,-3,WING_60,RECENTER_BOTH,65,-3546.223997910502,2
ID30_03_WING_60_RECENTER_BOTH,2026-02-24,2026-02-19,-3,WING_60,RECENTER_BOTH,65,-3382.15940269,2
ID30_03_WING_60_RECENTER_BOTH,2026-03-02,2026-02-25,-3,WING_60,RECENTER_BOTH,65,-5585.42831483456,2
ID30_03_WING_60_RECENTER_BOTH,2026-03-10,2026-03-05,-3,WING_60,RECENTER_BOTH,65,-3725.9977564840574,2
ID30_03_WING_60_RECENTER_BOTH,2026-03-17,2026-03-12,-3,WING_60,RECENTER_BOTH,65,7646.3460578170125,2
ID30_03_WING_60_RECENTER_BOTH,2026-03-24,2026-03-19,-3,WING_60,RECENTER_BOTH,65,-3288.091497216185,2
ID30_03_WING_60_RECENTER_BOTH,2026-03-30,2026-03-24,-3,WING_60,RECENTER_BOTH,65,-2846.5573825469796,2
ID30_03_WING_60_RECENTER_BOTH,2026-04-07,2026-04-01,-3,WING_60,RECENTER_BOTH,65,-3067.205411635375,2
ID30_03_WING_60_RECENTER_BOTH,2026-04-13,2026-04-08,-3,WING_60,RECENTER_BOTH,65,-667.6842321766636,2
ID30_03_WING_60_RECENTER_BOTH,2026-04-21,2026-04-16,-3,WING_60,RECENTER_BOTH,65,-3597.416093573321,2
ID30_03_WING_60_RECENTER_BOTH,2026-04-28,2026-04-23,-3,WING_60,RECENTER_BOTH,65,5675.822572246441,2
ID30_03_WING_60_RECENTER_BOTH,2026-05-05,2026-04-29,-3,WING_60,RECENTER_BOTH,65,7552.67254541708,2
ID30_03_WING_60_RECENTER_BOTH,2026-05-12,2026-05-07,-3,WING_60,RECENTER_BOTH,65,-3270.4263498350088,2
ID30_03_WING_60_RECENTER_BOTH,2026-05-19,2026-05-14,-3,WING_60,RECENTER_BOTH,65,7493.768634743937,2
ID30_03_WING_60_RECENTER_BOTH,2026-05-26,2026-05-20,-3,WING_60,RECENTER_BOTH,65,7636.45477300965,2
ID30_03_WING_60_RECENTER_BOTH,2026-06-02,2026-05-21,-3,WING_60,RECENTER_BOTH,65,301.50115837453325,1
ID30_03_WING_60_RECENTER_BOTH,2026-07-07,2026-06-30,-3,WING_60,RECENTER_BOTH,65,-28.66588684841929,1
ID30_03_WING_60_RECENTER_BOTH,2026-07-14,2026-06-30,-3,WING_60,RECENTER_BOTH,65,-419.0850566449152,1
ID30_03_WING_60_RECENTER_BOTH,2026-07-21,2026-06-30,-3,WING_60,RECENTER_BOTH,65,-2005.4643323200016,1
ID30_03_WING_60_RECENTER_BOTH,2026-07-28,2026-06-30,-3,WING_60,RECENTER_BOTH,65,-537.9482899850505,1
ID30_04_RISK_60_ONE_STRIKE_INSIDE,2021-07-08,2021-07-02,-4,RISK_60,ONE_STRIKE_INSIDE,50,3179.388272175,2
ID30_04_RISK_60_ONE_STRIKE_INSIDE,2021-07-15,2021-07-09,-4,RISK_60,ONE_STRIKE_INSIDE,50,-701.0763363,2
ID30_04_RISK_60_ONE_STRIKE_INSIDE,2021-07-22,2021-07-15,-4,RISK_60,ONE_STRIKE_INSIDE,50,-3285.8358033599998,2
ID30_04_RISK_60_ONE_STRIKE_INSIDE,2021-07-29,2021-07-23,-4,RISK_60,ONE_STRIKE_INSIDE,50,-403.69904440999994,2
ID30_04_RISK_60_ONE_STRIKE_INSIDE,2021-08-05,2021-07-30,-4,RISK_60,ONE_STRIKE_INSIDE,50,-927.18422951,2
ID30_04_RISK_60_ONE_STRIKE_INSIDE,2021-08-12,2021-08-06,-4,RISK_60,ONE_STRIKE_INSIDE,50,4105.812658185,2
ID30_04_RISK_60_ONE_STRIKE_INSIDE,2021-08-18,2021-08-12,-4,RISK_60,ONE_STRIKE_INSIDE,50,-587.9732534950018,2
ID30_04_RISK_60_ONE_STRIKE_INSIDE,2021-08-26,2021-08-20,-4,RISK_60,ONE_STRIKE_INSIDE,50,2918.4872371049973,2
ID30_04_RISK_60_ONE_STRIKE_INSIDE,2021-09-02,2021-08-27,-4,RISK_60,ONE_STRIKE_INSIDE,50,-540.8790459849963,2
ID30_04_RISK_60_ONE_STRIKE_INSIDE,2021-09-09,2021-09-03,-4,RISK_60,ONE_STRIKE_INSIDE,50,4887.863101424997,2
ID30_04_RISK_60_ONE_STRIKE_INSIDE,2021-09-16,2021-09-09,-4,RISK_60,ONE_STRIKE_INSIDE,50,-131.28041175000186,2
ID30_04_RISK_60_ONE_STRIKE_INSIDE,2021-09-23,2021-09-17,-4,RISK_60,ONE_STRIKE_INSIDE,50,4428.620683474999,2
ID30_04_RISK_60_ONE_STRIKE_INSIDE,2021-09-30,2021-09-24,-4,RISK_60,ONE_STRIKE_INSIDE,50,-4863.760842135,2
ID30_04_RISK_60_ONE_STRIKE_INSIDE,2021-10-07,2021-10-01,-4,RISK_60,ONE_STRIKE_INSIDE,50,19.60293497500004,2
ID30_04_RISK_60_ONE_STRIKE_INSIDE,2021-10-14,2021-10-08,-4,RISK_60,ONE_STRIKE_INSIDE,50,-167.17503848999638,2
ID30_04_RISK_60_ONE_STRIKE_INSIDE,2021-10-21,2021-10-14,-4,RISK_60,ONE_STRIKE_INSIDE,50,-3517.6397518199983,2
ID30_04_RISK_60_ONE_STRIKE_INSIDE,2021-10-28,2021-10-22,-4,RISK_60,ONE_STRIKE_INSIDE,50,-4986.734911144997,2
ID30_04_RISK_60_ONE_STRIKE_INSIDE,2021-11-18,2021-11-12,-4,RISK_60,ONE_STRIKE_INSIDE,50,-5259.591096114997,2
ID30_04_RISK_60_ONE_STRIKE_INSIDE,2021-11-25,2021-11-18,-4,RISK_60,ONE_STRIKE_INSIDE,50,-4890.979598735,2
ID30_04_RISK_60_ONE_STRIKE_INSIDE,2021-12-02,2021-11-26,-4,RISK_60,ONE_STRIKE_INSIDE,50,4775.31906877,2
ID30_04_RISK_60_ONE_STRIKE_INSIDE,2021-12-09,2021-12-03,-4,RISK_60,ONE_STRIKE_INSIDE,50,4557.0258969999995,2
ID30_04_RISK_60_ONE_STRIKE_INSIDE,2021-12-16,2021-12-10,-4,RISK_60,ONE_STRIKE_INSIDE,50,-5514.5477548000035,2
ID30_04_RISK_60_ONE_STRIKE_INSIDE,2021-12-23,2021-12-17,-4,RISK_60,ONE_STRIKE_INSIDE,50,-1459.556437435002,2
ID30_04_RISK_60_ONE_STRIKE_INSIDE,2021-12-30,2021-12-24,-4,RISK_60,ONE_STRIKE_INSIDE,50,4192.36890837,2
ID30_04_RISK_60_ONE_STRIKE_INSIDE,2022-01-06,2021-12-31,-4,RISK_60,ONE_STRIKE_INSIDE,50,-184.87801997499997,2
ID30_04_RISK_60_ONE_STRIKE_INSIDE,2022-01-13,2022-01-07,-4,RISK_60,ONE_STRIKE_INSIDE,50,55.465034479999076,2
ID30_04_RISK_60_ONE_STRIKE_INSIDE,2022-01-20,2022-01-14,-4,RISK_60,ONE_STRIKE_INSIDE,50,-5230.998610909995,2
ID30_04_RISK_60_ONE_STRIKE_INSIDE,2022-01-27,2022-01-20,-4,RISK_60,ONE_STRIKE_INSIDE,50,-5599.481942335,2
ID30_04_RISK_60_ONE_STRIKE_INSIDE,2022-02-03,2022-01-28,-4,RISK_60,ONE_STRIKE_INSIDE,50,727.6969807650055,2
ID30_04_RISK_60_ONE_STRIKE_INSIDE,2022-02-10,2022-02-04,-4,RISK_60,ONE_STRIKE_INSIDE,50,3488.406660575,2
ID30_04_RISK_60_ONE_STRIKE_INSIDE,2022-02-17,2022-02-11,-4,RISK_60,ONE_STRIKE_INSIDE,50,-907.80410403,2
ID30_04_RISK_60_ONE_STRIKE_INSIDE,2022-02-24,2022-02-18,-4,RISK_60,ONE_STRIKE_INSIDE,50,-4870.998561800007,2
ID30_04_RISK_60_ONE_STRIKE_INSIDE,2022-03-03,2022-02-24,-4,RISK_60,ONE_STRIKE_INSIDE,50,-3539.546867119989,2
ID30_04_RISK_60_ONE_STRIKE_INSIDE,2022-03-10,2022-03-04,-4,RISK_60,ONE_STRIKE_INSIDE,50,839.5093410600091,2
ID30_04_RISK_60_ONE_STRIKE_INSIDE,2022-03-17,2022-03-11,-4,RISK_60,ONE_STRIKE_INSIDE,50,554.0958295350109,2
ID30_04_RISK_60_ONE_STRIKE_INSIDE,2022-03-24,2022-03-17,-4,RISK_60,ONE_STRIKE_INSIDE,50,5045.372708730006,2
ID30_04_RISK_60_ONE_STRIKE_INSIDE,2022-03-31,2022-03-25,-4,RISK_60,ONE_STRIKE_INSIDE,50,705.1843127950017,2
ID30_04_RISK_60_ONE_STRIKE_INSIDE,2022-04-07,2022-04-01,-4,RISK_60,ONE_STRIKE_INSIDE,50,2970.7217611799992,2
ID30_04_RISK_60_ONE_STRIKE_INSIDE,2022-04-13,2022-04-07,-4,RISK_60,ONE_STRIKE_INSIDE,50,-4887.41550072,2
ID30_04_RISK_60_ONE_STRIKE_INSIDE,2022-04-21,2022-04-13,-4,RISK_60,ONE_STRIKE_INSIDE,50,-5366.142287515,2
ID30_04_RISK_60_ONE_STRIKE_INSIDE,2022-04-28,2022-04-22,-4,RISK_60,ONE_STRIKE_INSIDE,50,4326.519971765,2
ID30_04_RISK_60_ONE_STRIKE_INSIDE,2022-05-05,2022-04-28,-4,RISK_60,ONE_STRIKE_INSIDE,50,-4886.730292149997,2
ID30_04_RISK_60_ONE_STRIKE_INSIDE,2022-05-12,2022-05-06,-4,RISK_60,ONE_STRIKE_INSIDE,50,-4478.6447843450005,2
ID30_04_RISK_60_ONE_STRIKE_INSIDE,2022-05-19,2022-05-13,-4,RISK_60,ONE_STRIKE_INSIDE,50,-4545.2180481549985,2
ID30_04_RISK_60_ONE_STRIKE_INSIDE,2022-05-26,2022-05-20,-4,RISK_60,ONE_STRIKE_INSIDE,50,4831.979504435,2
ID30_04_RISK_60_ONE_STRIKE_INSIDE,2022-06-02,2022-05-27,-4,RISK_60,ONE_STRIKE_INSIDE,50,439.77835574500176,2
ID30_04_RISK_60_ONE_STRIKE_INSIDE,2022-06-09,2022-06-03,-4,RISK_60,ONE_STRIKE_INSIDE,50,-4631.220560734996,2
ID30_04_RISK_60_ONE_STRIKE_INSIDE,2022-06-16,2022-06-10,-4,RISK_60,ONE_STRIKE_INSIDE,50,-5122.006043645,2
ID30_04_RISK_60_ONE_STRIKE_INSIDE,2022-06-23,2022-06-17,-4,RISK_60,ONE_STRIKE_INSIDE,50,232.6442461000027,2
ID30_04_RISK_60_ONE_STRIKE_INSIDE,2022-06-30,2022-06-24,-4,RISK_60,ONE_STRIKE_INSIDE,50,5083.18682318,2
ID30_04_RISK_60_ONE_STRIKE_INSIDE,2022-07-07,2022-07-01,-4,RISK_60,ONE_STRIKE_INSIDE,50,591.4982830700055,2
ID30_04_RISK_60_ONE_STRIKE_INSIDE,2022-07-14,2022-07-08,-4,RISK_60,ONE_STRIKE_INSIDE,50,-4934.098040860001,2
ID30_04_RISK_60_ONE_STRIKE_INSIDE,2022-07-21,2022-07-15,-4,RISK_60,ONE_STRIKE_INSIDE,50,-464.6180561799982,2
ID30_04_RISK_60_ONE_STRIKE_INSIDE,2022-07-28,2022-07-22,-4,RISK_60,ONE_STRIKE_INSIDE,50,2505.25810127,2
ID30_04_RISK_60_ONE_STRIKE_INSIDE,2022-08-04,2022-07-29,-4,RISK_60,ONE_STRIKE_INSIDE,50,144.83245368500025,2
ID30_04_RISK_60_ONE_STRIKE_INSIDE,2022-08-11,2022-08-04,-4,RISK_60,ONE_STRIKE_INSIDE,50,2102.862025785,2
ID30_04_RISK_60_ONE_STRIKE_INSIDE,2022-08-18,2022-08-11,-4,RISK_60,ONE_STRIKE_INSIDE,50,-79.34666292999998,2
ID30_04_RISK_60_ONE_STRIKE_INSIDE,2022-08-25,2022-08-19,-4,RISK_60,ONE_STRIKE_INSIDE,50,-5472.75323375,2
ID30_04_RISK_60_ONE_STRIKE_INSIDE,2022-09-01,2022-08-25,-4,RISK_60,ONE_STRIKE_INSIDE,50,-4613.847570274998,2
ID30_04_RISK_60_ONE_STRIKE_INSIDE,2022-09-08,2022-09-02,-4,RISK_60,ONE_STRIKE_INSIDE,50,855.0245803600001,2
ID30_04_RISK_60_ONE_STRIKE_INSIDE,2022-09-15,2022-09-09,-4,RISK_60,ONE_STRIKE_INSIDE,50,2750.38560278,2
ID30_04_RISK_60_ONE_STRIKE_INSIDE,2022-09-22,2022-09-16,-4,RISK_60,ONE_STRIKE_INSIDE,50,-2101.30893804,2
ID30_04_RISK_60_ONE_STRIKE_INSIDE,2022-09-29,2022-09-23,-4,RISK_60,ONE_STRIKE_INSIDE,50,-4718.90219257,2
ID30_04_RISK_60_ONE_STRIKE_INSIDE,2022-10-06,2022-09-29,-4,RISK_60,ONE_STRIKE_INSIDE,50,526.2655557550055,2
ID30_04_RISK_60_ONE_STRIKE_INSIDE,2022-10-13,2022-10-07,-4,RISK_60,ONE_STRIKE_INSIDE,50,-4777.212563995,2
ID30_04_RISK_60_ONE_STRIKE_INSIDE,2022-10-20,2022-10-14,-4,RISK_60,ONE_STRIKE_INSIDE,50,1324.701682335,2
ID30_04_RISK_60_ONE_STRIKE_INSIDE,2022-10-27,2022-10-20,-4,RISK_60,ONE_STRIKE_INSIDE,50,746.6501725700018,2
ID30_04_RISK_60_ONE_STRIKE_INSIDE,2022-11-03,2022-10-28,-4,RISK_60,ONE_STRIKE_INSIDE,50,272.0491869850001,2
ID30_04_RISK_60_ONE_STRIKE_INSIDE,2022-11-10,2022-11-03,-4,RISK_60,ONE_STRIKE_INSIDE,50,1317.76669382,2
ID30_04_RISK_60_ONE_STRIKE_INSIDE,2022-11-17,2022-11-11,-4,RISK_60,ONE_STRIKE_INSIDE,50,4403.65869987,2
ID30_04_RISK_60_ONE_STRIKE_INSIDE,2022-11-24,2022-11-18,-4,RISK_60,ONE_STRIKE_INSIDE,50,4348.393236535,2
ID30_04_RISK_60_ONE_STRIKE_INSIDE,2022-12-01,2022-11-25,-4,RISK_60,ONE_STRIKE_INSIDE,50,-815.2019065050018,2
ID30_04_RISK_60_ONE_STRIKE_INSIDE,2022-12-08,2022-12-02,-4,RISK_60,ONE_STRIKE_INSIDE,50,-4211.874432759998,2
ID30_04_RISK_60_ONE_STRIKE_INSIDE,2022-12-15,2022-12-09,-4,RISK_60,ONE_STRIKE_INSIDE,50,-5720.067806115,2
ID30_04_RISK_60_ONE_STRIKE_INSIDE,2022-12-22,2022-12-16,-4,RISK_60,ONE_STRIKE_INSIDE,50,-5677.29063207,2
ID30_04_RISK_60_ONE_STRIKE_INSIDE,2022-12-29,2022-12-23,-4,RISK_60,ONE_STRIKE_INSIDE,50,3548.99104656,2
ID30_04_RISK_60_ONE_STRIKE_INSIDE,2023-01-05,2022-12-30,-4,RISK_60,ONE_STRIKE_INSIDE,50,-5351.34542953,2
ID30_04_RISK_60_ONE_STRIKE_INSIDE,2023-01-12,2023-01-06,-4,RISK_60,ONE_STRIKE_INSIDE,50,-4861.8652641049985,2
ID30_04_RISK_60_ONE_STRIKE_INSIDE,2023-01-19,2023-01-13,-4,RISK_60,ONE_STRIKE_INSIDE,50,-306.92057327000043,2
ID30_04_RISK_60_ONE_STRIKE_INSIDE,2023-01-25,2023-01-19,-4,RISK_60,ONE_STRIKE_INSIDE,50,-5407.956064120001,2
ID30_04_RISK_60_ONE_STRIKE_INSIDE,2023-02-02,2023-01-27,-4,RISK_60,ONE_STRIKE_INSIDE,50,-4353.630401114998,2
ID30_04_RISK_60_ONE_STRIKE_INSIDE,2023-02-09,2023-02-03,-4,RISK_60,ONE_STRIKE_INSIDE,50,391.25134258,2
ID30_04_RISK_60_ONE_STRIKE_INSIDE,2023-02-16,2023-02-10,-4,RISK_60,ONE_STRIKE_INSIDE,50,1244.48618378,2
ID30_04_RISK_60_ONE_STRIKE_INSIDE,2023-02-23,2023-02-17,-4,RISK_60,ONE_STRIKE_INSIDE,50,-6445.480380709996,2
ID30_04_RISK_60_ONE_STRIKE_INSIDE,2023-03-02,2023-02-24,-4,RISK_60,ONE_STRIKE_INSIDE,50,-5470.764037445,2
ID30_04_RISK_60_ONE_STRIKE_INSIDE,2023-03-09,2023-03-02,-4,RISK_60,ONE_STRIKE_INSIDE,50,-314.5533836150036,2
ID30_04_RISK_60_ONE_STRIKE_INSIDE,2023-03-16,2023-03-10,-4,RISK_60,ONE_STRIKE_INSIDE,50,-5829.637323514997,2
ID30_04_RISK_60_ONE_STRIKE_INSIDE,2023-03-23,2023-03-17,-4,RISK_60,ONE_STRIKE_INSIDE,50,2705.746042814999,2
ID30_04_RISK_60_ONE_STRIKE_INSIDE,2023-03-29,2023-03-23,-4,RISK_60,ONE_STRIKE_INSIDE,50,1013.548025235,2
ID30_04_RISK_60_ONE_STRIKE_INSIDE,2023-04-06,2023-03-29,-4,RISK_60,ONE_STRIKE_INSIDE,50,-262.11169610499996,2
ID30_04_RISK_60_ONE_STRIKE_INSIDE,2023-04-13,2023-04-06,-4,RISK_60,ONE_STRIKE_INSIDE,50,-103.94612827500185,2
ID30_04_RISK_60_ONE_STRIKE_INSIDE,2023-04-20,2023-04-13,-4,RISK_60,ONE_STRIKE_INSIDE,50,-5905.06240405,2
ID30_04_RISK_60_ONE_STRIKE_INSIDE,2023-04-27,2023-04-21,-4,RISK_60,ONE_STRIKE_INSIDE,50,-307.0606747000018,2
ID30_04_RISK_60_ONE_STRIKE_INSIDE,2023-05-04,2023-04-27,-4,RISK_60,ONE_STRIKE_INSIDE,50,-741.44932875,2
ID30_04_RISK_60_ONE_STRIKE_INSIDE,2023-05-11,2023-05-05,-4,RISK_60,ONE_STRIKE_INSIDE,50,3274.3202821199966,2
ID30_04_RISK_60_ONE_STRIKE_INSIDE,2023-05-18,2023-05-12,-4,RISK_60,ONE_STRIKE_INSIDE,50,-857.48045011,2
ID30_04_RISK_60_ONE_STRIKE_INSIDE,2023-05-25,2023-05-19,-4,RISK_60,ONE_STRIKE_INSIDE,50,2972.999113025,2
ID30_04_RISK_60_ONE_STRIKE_INSIDE,2023-06-01,2023-05-26,-4,RISK_60,ONE_STRIKE_INSIDE,50,2911.139929255,2
ID30_04_RISK_60_ONE_STRIKE_INSIDE,2023-06-08,2023-06-02,-4,RISK_60,ONE_STRIKE_INSIDE,50,3829.079658015,2
ID30_04_RISK_60_ONE_STRIKE_INSIDE,2023-06-15,2023-06-09,-4,RISK_60,ONE_STRIKE_INSIDE,50,3004.633821,2
ID30_04_RISK_60_ONE_STRIKE_INSIDE,2023-06-22,2023-06-16,-4,RISK_60,ONE_STRIKE_INSIDE,50,1851.517917075,2
ID30_04_RISK_60_ONE_STRIKE_INSIDE,2023-06-28,2023-06-22,-4,RISK_60,ONE_STRIKE_INSIDE,50,3777.388917785,2
ID30_04_RISK_60_ONE_STRIKE_INSIDE,2023-07-06,2023-06-30,-4,RISK_60,ONE_STRIKE_INSIDE,50,-980.7061581750027,2
ID30_04_RISK_60_ONE_STRIKE_INSIDE,2023-07-13,2023-07-07,-4,RISK_60,ONE_STRIKE_INSIDE,50,-3330.920209895,2
ID30_04_RISK_60_ONE_STRIKE_INSIDE,2023-07-20,2023-07-14,-4,RISK_60,ONE_STRIKE_INSIDE,50,-617.93081102,2
ID30_04_RISK_60_ONE_STRIKE_INSIDE,2023-07-27,2023-07-21,-4,RISK_60,ONE_STRIKE_INSIDE,50,-5418.676915514996,2
ID30_04_RISK_60_ONE_STRIKE_INSIDE,2023-08-03,2023-07-28,-4,RISK_60,ONE_STRIKE_INSIDE,50,-5758.211246715,2
ID30_04_RISK_60_ONE_STRIKE_INSIDE,2023-08-10,2023-08-04,-4,RISK_60,ONE_STRIKE_INSIDE,50,3953.919443775,2
ID30_04_RISK_60_ONE_STRIKE_INSIDE,2023-08-17,2023-08-10,-4,RISK_60,ONE_STRIKE_INSIDE,50,-5335.870011725,2
ID30_04_RISK_60_ONE_STRIKE_INSIDE,2023-08-24,2023-08-18,-4,RISK_60,ONE_STRIKE_INSIDE,50,4235.060423275,2
ID30_04_RISK_60_ONE_STRIKE_INSIDE,2023-08-31,2023-08-25,-4,RISK_60,ONE_STRIKE_INSIDE,50,1014.8619860949964,2
ID30_04_RISK_60_ONE_STRIKE_INSIDE,2023-09-07,2023-09-01,-4,RISK_60,ONE_STRIKE_INSIDE,50,-1089.7690860000018,2
ID30_04_RISK_60_ONE_STRIKE_INSIDE,2023-09-14,2023-09-08,-4,RISK_60,ONE_STRIKE_INSIDE,50,-827.5361642650018,2
ID30_04_RISK_60_ONE_STRIKE_INSIDE,2023-09-21,2023-09-14,-4,RISK_60,ONE_STRIKE_INSIDE,50,-5354.800636509995,2
ID30_04_RISK_60_ONE_STRIKE_INSIDE,2023-09-28,2023-09-22,-4,RISK_60,ONE_STRIKE_INSIDE,50,-5579.994946265,2
ID30_04_RISK_60_ONE_STRIKE_INSIDE,2023-10-05,2023-09-28,-4,RISK_60,ONE_STRIKE_INSIDE,50,-5732.084027690002,2
ID30_04_RISK_60_ONE_STRIKE_INSIDE,2023-10-12,2023-10-06,-4,RISK_60,ONE_STRIKE_INSIDE,50,1870.329703519999,2
ID30_04_RISK_60_ONE_STRIKE_INSIDE,2023-10-19,2023-10-13,-4,RISK_60,ONE_STRIKE_INSIDE,50,-3487.397356675,2
ID30_04_RISK_60_ONE_STRIKE_INSIDE,2023-10-26,2023-10-19,-4,RISK_60,ONE_STRIKE_INSIDE,50,-5460.4495086,2
ID30_04_RISK_60_ONE_STRIKE_INSIDE,2023-11-02,2023-10-27,-4,RISK_60,ONE_STRIKE_INSIDE,50,2551.800546435,2
ID30_04_RISK_60_ONE_STRIKE_INSIDE,2023-11-09,2023-11-03,-4,RISK_60,ONE_STRIKE_INSIDE,50,3645.029201965,2
ID30_04_RISK_60_ONE_STRIKE_INSIDE,2023-11-16,2023-11-10,-4,RISK_60,ONE_STRIKE_INSIDE,50,-766.8634596399982,2
ID30_04_RISK_60_ONE_STRIKE_INSIDE,2023-11-23,2023-11-17,-4,RISK_60,ONE_STRIKE_INSIDE,50,4010.0951855549993,2
ID30_04_RISK_60_ONE_STRIKE_INSIDE,2023-11-30,2023-11-23,-4,RISK_60,ONE_STRIKE_INSIDE,50,-850.805731115,2
ID30_04_RISK_60_ONE_STRIKE_INSIDE,2023-12-07,2023-12-01,-4,RISK_60,ONE_STRIKE_INSIDE,50,-533.0085460500036,2
ID30_04_RISK_60_ONE_STRIKE_INSIDE,2023-12-14,2023-12-08,-4,RISK_60,ONE_STRIKE_INSIDE,50,1357.03088131,2
ID30_04_RISK_60_ONE_STRIKE_INSIDE,2023-12-21,2023-12-15,-4,RISK_60,ONE_STRIKE_INSIDE,50,1319.8661044549972,2
ID30_04_RISK_60_ONE_STRIKE_INSIDE,2023-12-28,2023-12-21,-4,RISK_60,ONE_STRIKE_INSIDE,50,-89.87893511500363,2
ID30_04_RISK_60_ONE_STRIKE_INSIDE,2024-01-04,2023-12-29,-4,RISK_60,ONE_STRIKE_INSIDE,50,-2513.7977710500018,2
ID30_04_RISK_60_ONE_STRIKE_INSIDE,2024-01-11,2024-01-05,-4,RISK_60,ONE_STRIKE_INSIDE,50,-2902.51774835,2
ID30_04_RISK_60_ONE_STRIKE_INSIDE,2024-01-18,2024-01-12,-4,RISK_60,ONE_STRIKE_INSIDE,50,-5175.6707396950005,2
ID30_04_RISK_60_ONE_STRIKE_INSIDE,2024-01-25,2024-01-19,-4,RISK_60,ONE_STRIKE_INSIDE,50,-4876.044633944996,2
ID30_04_RISK_60_ONE_STRIKE_INSIDE,2024-02-01,2024-01-25,-4,RISK_60,ONE_STRIKE_INSIDE,50,472.8179898100002,2
ID30_04_RISK_60_ONE_STRIKE_INSIDE,2024-02-08,2024-02-02,-4,RISK_60,ONE_STRIKE_INSIDE,50,-4787.5264086,2
ID30_04_RISK_60_ONE_STRIKE_INSIDE,2024-02-15,2024-02-09,-4,RISK_60,ONE_STRIKE_INSIDE,50,4764.917583309999,2
ID30_04_RISK_60_ONE_STRIKE_INSIDE,2024-02-22,2024-02-16,-4,RISK_60,ONE_STRIKE_INSIDE,50,3027.940575664999,2
ID30_04_RISK_60_ONE_STRIKE_INSIDE,2024-02-29,2024-02-23,-4,RISK_60,ONE_STRIKE_INSIDE,50,-4644.086641045,2
ID30_04_RISK_60_ONE_STRIKE_INSIDE,2024-03-07,2024-03-02,-4,RISK_60,ONE_STRIKE_INSIDE,50,5107.92704192,2
ID30_04_RISK_60_ONE_STRIKE_INSIDE,2024-03-14,2024-03-07,-4,RISK_60,ONE_STRIKE_INSIDE,50,-4957.72613672,2
ID30_04_RISK_60_ONE_STRIKE_INSIDE,2024-03-21,2024-03-15,-4,RISK_60,ONE_STRIKE_INSIDE,50,-2550.74676046,2
ID30_04_RISK_60_ONE_STRIKE_INSIDE,2024-03-28,2024-03-21,-4,RISK_60,ONE_STRIKE_INSIDE,50,-40.76699976999646,2
ID30_04_RISK_60_ONE_STRIKE_INSIDE,2024-04-04,2024-03-28,-4,RISK_60,ONE_STRIKE_INSIDE,50,-245.79373319,2
ID30_04_RISK_60_ONE_STRIKE_INSIDE,2024-04-10,2024-04-04,-4,RISK_60,ONE_STRIKE_INSIDE,50,721.59324094,2
ID30_04_RISK_60_ONE_STRIKE_INSIDE,2024-04-18,2024-04-10,-4,RISK_60,ONE_STRIKE_INSIDE,50,-5829.39496689,2
ID30_04_RISK_60_ONE_STRIKE_INSIDE,2024-04-25,2024-04-19,-4,RISK_60,ONE_STRIKE_INSIDE,50,-5.930027799999948,2
ID30_04_RISK_60_ONE_STRIKE_INSIDE,2024-05-02,2024-04-25,-4,RISK_60,ONE_STRIKE_INSIDE,25,-284.29096714249914,2
ID30_04_RISK_60_ONE_STRIKE_INSIDE,2024-05-09,2024-05-03,-4,RISK_60,ONE_STRIKE_INSIDE,25,-2833.4107483,2
ID30_04_RISK_60_ONE_STRIKE_INSIDE,2024-05-16,2024-05-10,-4,RISK_60,ONE_STRIKE_INSIDE,25,-2.0564522149992968,2
ID30_04_RISK_60_ONE_STRIKE_INSIDE,2024-05-23,2024-05-17,-4,RISK_60,ONE_STRIKE_INSIDE,25,-92.8075505574991,2
ID30_04_RISK_60_ONE_STRIKE_INSIDE,2024-05-30,2024-05-24,-4,RISK_60,ONE_STRIKE_INSIDE,25,-2603.149490615,2
ID30_04_RISK_60_ONE_STRIKE_INSIDE,2024-06-06,2024-05-31,-4,RISK_60,ONE_STRIKE_INSIDE,25,2544.580501670002,2
ID30_04_RISK_60_ONE_STRIKE_INSIDE,2024-06-13,2024-06-07,-4,RISK_60,ONE_STRIKE_INSIDE,25,283.5267154025036,2
ID30_04_RISK_60_ONE_STRIKE_INSIDE,2024-06-20,2024-06-13,-4,RISK_60,ONE_STRIKE_INSIDE,25,1889.0546084275,2
ID30_04_RISK_60_ONE_STRIKE_INSIDE,2024-06-27,2024-06-21,-4,RISK_60,ONE_STRIKE_INSIDE,25,-212.60992368500007,2
ID30_04_RISK_60_ONE_STRIKE_INSIDE,2024-07-04,2024-06-28,-4,RISK_60,ONE_STRIKE_INSIDE,25,1062.8814971324996,2
ID30_04_RISK_60_ONE_STRIKE_INSIDE,2024-07-11,2024-07-05,-4,RISK_60,ONE_STRIKE_INSIDE,25,2311.632206485,2
ID30_04_RISK_60_ONE_STRIKE_INSIDE,2024-07-18,2024-07-11,-4,RISK_60,ONE_STRIKE_INSIDE,25,-71.88937874499993,2
ID30_04_RISK_60_ONE_STRIKE_INSIDE,2024-07-25,2024-07-19,-4,RISK_60,ONE_STRIKE_INSIDE,25,-2370.2231233949983,2
ID30_04_RISK_60_ONE_STRIKE_INSIDE,2024-08-01,2024-07-26,-4,RISK_60,ONE_STRIKE_INSIDE,25,-190.64701698,2
ID30_04_RISK_60_ONE_STRIKE_INSIDE,2024-08-08,2024-08-02,-4,RISK_60,ONE_STRIKE_INSIDE,25,-2430.147875905,2
ID30_04_RISK_60_ONE_STRIKE_INSIDE,2024-08-14,2024-08-08,-4,RISK_60,ONE_STRIKE_INSIDE,25,2388.5535010950007,2
ID30_04_RISK_60_ONE_STRIKE_INSIDE,2024-08-22,2024-08-16,-4,RISK_60,ONE_STRIKE_INSIDE,25,-116.12625037999999,2
ID30_04_RISK_60_ONE_STRIKE_INSIDE,2024-08-29,2024-08-23,-4,RISK_60,ONE_STRIKE_INSIDE,25,-207.37863866249813,2
ID30_04_RISK_60_ONE_STRIKE_INSIDE,2024-09-05,2024-08-30,-4,RISK_60,ONE_STRIKE_INSIDE,25,-1393.1600392175,2
ID30_04_RISK_60_ONE_STRIKE_INSIDE,2024-09-12,2024-09-06,-4,RISK_60,ONE_STRIKE_INSIDE,25,910.1102023025,2
ID30_04_RISK_60_ONE_STRIKE_INSIDE,2024-09-19,2024-09-13,-4,RISK_60,ONE_STRIKE_INSIDE,25,2380.0021142775,2
ID30_04_RISK_60_ONE_STRIKE_INSIDE,2024-09-26,2024-09-20,-4,RISK_60,ONE_STRIKE_INSIDE,25,-346.39845913749997,2
ID30_04_RISK_60_ONE_STRIKE_INSIDE,2024-10-03,2024-09-26,-4,RISK_60,ONE_STRIKE_INSIDE,25,-2623.6211536699984,2
ID30_04_RISK_60_ONE_STRIKE_INSIDE,2024-10-10,2024-10-04,-4,RISK_60,ONE_STRIKE_INSIDE,25,-1330.7743389875,2
ID30_04_RISK_60_ONE_STRIKE_INSIDE,2024-10-17,2024-10-11,-4,RISK_60,ONE_STRIKE_INSIDE,25,-2588.3469941025,2
ID30_04_RISK_60_ONE_STRIKE_INSIDE,2024-10-24,2024-10-18,-4,RISK_60,ONE_STRIKE_INSIDE,25,-2655.963979354998,2
ID30_04_RISK_60_ONE_STRIKE_INSIDE,2024-10-31,2024-10-25,-4,RISK_60,ONE_STRIKE_INSIDE,25,-2586.0444060550008,2
ID30_04_RISK_60_ONE_STRIKE_INSIDE,2024-11-14,2024-11-08,-4,RISK_60,ONE_STRIKE_INSIDE,25,-2553.6262235649983,2
ID30_04_RISK_60_ONE_STRIKE_INSIDE,2024-11-21,2024-11-13,-4,RISK_60,ONE_STRIKE_INSIDE,75,-3297.832505565,2
ID30_04_RISK_60_ONE_STRIKE_INSIDE,2024-11-28,2024-11-22,-4,RISK_60,ONE_STRIKE_INSIDE,75,447.3350499675,2
ID30_04_RISK_60_ONE_STRIKE_INSIDE,2024-12-05,2024-11-29,-4,RISK_60,ONE_STRIKE_INSIDE,75,673.3772302875036,2
ID30_04_RISK_60_ONE_STRIKE_INSIDE,2024-12-12,2024-12-06,-4,RISK_60,ONE_STRIKE_INSIDE,75,-6113.982949784992,2
ID30_04_RISK_60_ONE_STRIKE_INSIDE,2024-12-19,2024-12-13,-4,RISK_60,ONE_STRIKE_INSIDE,75,-6871.734031604997,2
ID30_04_RISK_60_ONE_STRIKE_INSIDE,2024-12-26,2024-12-19,-4,RISK_60,ONE_STRIKE_INSIDE,75,-6613.538282594996,2
ID30_04_RISK_60_ONE_STRIKE_INSIDE,2025-01-02,2024-12-27,-4,RISK_60,ONE_STRIKE_INSIDE,75,281.8344454275037,2
ID30_04_RISK_60_ONE_STRIKE_INSIDE,2025-01-09,2025-01-03,-4,RISK_60,ONE_STRIKE_INSIDE,75,-6604.3378615725,2
ID30_04_RISK_60_ONE_STRIKE_INSIDE,2025-01-16,2025-01-10,-4,RISK_60,ONE_STRIKE_INSIDE,75,-6995.5490158125,2
ID30_04_RISK_60_ONE_STRIKE_INSIDE,2025-01-23,2025-01-17,-4,RISK_60,ONE_STRIKE_INSIDE,75,1079.374907902498,2
ID30_04_RISK_60_ONE_STRIKE_INSIDE,2025-01-30,2025-01-24,-4,RISK_60,ONE_STRIKE_INSIDE,75,1711.1578271475,2
ID30_04_RISK_60_ONE_STRIKE_INSIDE,2025-02-06,2025-02-01,-4,RISK_60,ONE_STRIKE_INSIDE,75,6211.300827562507,2
ID30_04_RISK_60_ONE_STRIKE_INSIDE,2025-02-13,2025-02-07,-4,RISK_60,ONE_STRIKE_INSIDE,75,-7230.793553685,2
ID30_04_RISK_60_ONE_STRIKE_INSIDE,2025-02-20,2025-02-14,-4,RISK_60,ONE_STRIKE_INSIDE,75,-6236.3677781549995,2
ID30_04_RISK_60_ONE_STRIKE_INSIDE,2025-02-27,2025-02-20,-4,RISK_60,ONE_STRIKE_INSIDE,75,-7035.68397978,2
ID30_04_RISK_60_ONE_STRIKE_INSIDE,2025-03-06,2025-02-28,-4,RISK_60,ONE_STRIKE_INSIDE,75,503.78731520249454,2
ID30_04_RISK_60_ONE_STRIKE_INSIDE,2025-03-13,2025-03-07,-4,RISK_60,ONE_STRIKE_INSIDE,75,-6881.056947779996,2
ID30_04_RISK_60_ONE_STRIKE_INSIDE,2025-03-20,2025-03-13,-4,RISK_60,ONE_STRIKE_INSIDE,75,-295.0249240725,2
ID30_04_RISK_60_ONE_STRIKE_INSIDE,2025-03-27,2025-03-21,-4,RISK_60,ONE_STRIKE_INSIDE,75,230.56995786,2
ID30_04_RISK_60_ONE_STRIKE_INSIDE,2025-04-03,2025-03-27,-4,RISK_60,ONE_STRIKE_INSIDE,75,-7862.4340702575,2
ID30_04_RISK_60_ONE_STRIKE_INSIDE,2025-04-09,2025-04-03,-4,RISK_60,ONE_STRIKE_INSIDE,75,-7403.975749739992,2
ID30_04_RISK_60_ONE_STRIKE_INSIDE,2025-04-17,2025-04-09,-4,RISK_60,ONE_STRIKE_INSIDE,75,89.4876499049708,2
ID30_04_RISK_60_ONE_STRIKE_INSIDE,2025-04-24,2025-04-17,-4,RISK_60,ONE_STRIKE_INSIDE,75,696.8094849525073,2
ID30_04_RISK_60_ONE_STRIKE_INSIDE,2025-04-30,2025-04-24,-4,RISK_60,ONE_STRIKE_INSIDE,75,7444.4967666,2
ID30_04_RISK_60_ONE_STRIKE_INSIDE,2025-05-08,2025-05-02,-4,RISK_60,ONE_STRIKE_INSIDE,75,-7421.460323010002,2
ID30_04_RISK_60_ONE_STRIKE_INSIDE,2025-05-15,2025-05-09,-4,RISK_60,ONE_STRIKE_INSIDE,75,354.94569313499994,2
ID30_04_RISK_60_ONE_STRIKE_INSIDE,2025-05-22,2025-05-16,-4,RISK_60,ONE_STRIKE_INSIDE,75,-7316.584932945,2
ID30_04_RISK_60_ONE_STRIKE_INSIDE,2025-05-29,2025-05-23,-4,RISK_60,ONE_STRIKE_INSIDE,75,8045.0094843,2
ID30_04_RISK_60_ONE_STRIKE_INSIDE,2025-06-05,2025-05-30,-4,RISK_60,ONE_STRIKE_INSIDE,75,-4167.221337299996,2
ID30_04_RISK_60_ONE_STRIKE_INSIDE,2025-06-12,2025-06-06,-4,RISK_60,ONE_STRIKE_INSIDE,75,7800.048634035,2
ID30_04_RISK_60_ONE_STRIKE_INSIDE,2025-06-19,2025-06-13,-4,RISK_60,ONE_STRIKE_INSIDE,75,4087.9290041399963,2
ID30_04_RISK_60_ONE_STRIKE_INSIDE,2025-06-26,2025-06-20,-4,RISK_60,ONE_STRIKE_INSIDE,75,276.76418603249994,2
ID30_04_RISK_60_ONE_STRIKE_INSIDE,2025-07-03,2025-06-27,-4,RISK_60,ONE_STRIKE_INSIDE,75,-6040.2642516075,2
ID30_04_RISK_60_ONE_STRIKE_INSIDE,2025-07-10,2025-07-04,-4,RISK_60,ONE_STRIKE_INSIDE,75,163.67136683249453,2
ID30_04_RISK_60_ONE_STRIKE_INSIDE,2025-07-17,2025-07-11,-4,RISK_60,ONE_STRIKE_INSIDE,75,-7556.493456075002,2
ID30_04_RISK_60_ONE_STRIKE_INSIDE,2025-07-24,2025-07-18,-4,RISK_60,ONE_STRIKE_INSIDE,75,4607.934733687498,2
ID30_04_RISK_60_ONE_STRIKE_INSIDE,2025-07-31,2025-07-25,-4,RISK_60,ONE_STRIKE_INSIDE,75,-7508.892000570002,2
ID30_04_RISK_60_ONE_STRIKE_INSIDE,2025-08-07,2025-08-01,-4,RISK_60,ONE_STRIKE_INSIDE,75,-6034.5267029925,2
ID30_04_RISK_60_ONE_STRIKE_INSIDE,2025-08-14,2025-08-08,-4,RISK_60,ONE_STRIKE_INSIDE,75,6506.071086427497,2
ID30_04_RISK_60_ONE_STRIKE_INSIDE,2025-08-21,2025-08-14,-4,RISK_60,ONE_STRIKE_INSIDE,75,32.697663667500024,2
ID30_04_RISK_60_ONE_STRIKE_INSIDE,2025-08-28,2025-08-21,-4,RISK_60,ONE_STRIKE_INSIDE,75,-7821.071114414996,2
ID30_04_RISK_60_ONE_STRIKE_INSIDE,2025-09-02,2025-08-26,-4,RISK_60,ONE_STRIKE_INSIDE,75,-7643.588497087502,2
ID30_04_RISK_60_ONE_STRIKE_INSIDE,2025-09-09,2025-09-03,-4,RISK_60,ONE_STRIKE_INSIDE,75,53.64404425499811,2
ID30_04_RISK_60_ONE_STRIKE_INSIDE,2025-09-16,2025-09-10,-4,RISK_60,ONE_STRIKE_INSIDE,75,1843.2360103574963,2
ID30_04_RISK_60_ONE_STRIKE_INSIDE,2025-09-23,2025-09-17,-4,RISK_60,ONE_STRIKE_INSIDE,75,-5591.964459599998,2
ID30_04_RISK_60_ONE_STRIKE_INSIDE,2025-09-30,2025-09-24,-4,RISK_60,ONE_STRIKE_INSIDE,75,-8323.307494394996,2
ID30_04_RISK_60_ONE_STRIKE_INSIDE,2025-10-07,2025-09-30,-4,RISK_60,ONE_STRIKE_INSIDE,75,-427.05633042,2
ID30_04_RISK_60_ONE_STRIKE_INSIDE,2025-10-14,2025-10-07,-4,RISK_60,ONE_STRIKE_INSIDE,75,6664.7127176775,2
ID30_04_RISK_60_ONE_STRIKE_INSIDE,2025-11-04,2025-10-29,-4,RISK_60,ONE_STRIKE_INSIDE,75,-7953.2270008575,2
ID30_04_RISK_60_ONE_STRIKE_INSIDE,2025-11-11,2025-11-04,-4,RISK_60,ONE_STRIKE_INSIDE,75,3367.7633004,2
ID30_04_RISK_60_ONE_STRIKE_INSIDE,2025-11-18,2025-11-12,-4,RISK_60,ONE_STRIKE_INSIDE,75,7165.876473517496,2
ID30_04_RISK_60_ONE_STRIKE_INSIDE,2025-11-25,2025-11-19,-4,RISK_60,ONE_STRIKE_INSIDE,75,2500.247818567498,2
ID30_04_RISK_60_ONE_STRIKE_INSIDE,2025-12-02,2025-11-26,-4,RISK_60,ONE_STRIKE_INSIDE,75,4095.1713908399947,2
ID30_04_RISK_60_ONE_STRIKE_INSIDE,2025-12-09,2025-12-03,-4,RISK_60,ONE_STRIKE_INSIDE,75,-4491.174364507502,2
ID30_04_RISK_60_ONE_STRIKE_INSIDE,2025-12-16,2025-12-10,-4,RISK_60,ONE_STRIKE_INSIDE,75,2466.29956179,2
ID30_04_RISK_60_ONE_STRIKE_INSIDE,2025-12-23,2025-12-17,-4,RISK_60,ONE_STRIKE_INSIDE,75,-401.04763989,2
ID30_04_RISK_60_ONE_STRIKE_INSIDE,2025-12-30,2025-12-23,-4,RISK_60,ONE_STRIKE_INSIDE,75,-7905.510031387504,2
ID30_04_RISK_60_ONE_STRIKE_INSIDE,2026-01-06,2025-12-31,-4,RISK_60,ONE_STRIKE_INSIDE,65,3716.031892304998,2
ID30_04_RISK_60_ONE_STRIKE_INSIDE,2026-01-13,2026-01-07,-4,RISK_60,ONE_STRIKE_INSIDE,65,-7144.139628504,2
ID30_04_RISK_60_ONE_STRIKE_INSIDE,2026-01-20,2026-01-13,-4,RISK_60,ONE_STRIKE_INSIDE,65,-6684.445579676996,2
ID30_04_RISK_60_ONE_STRIKE_INSIDE,2026-01-27,2026-01-20,-4,RISK_60,ONE_STRIKE_INSIDE,65,-6827.971795185,2
ID30_04_RISK_60_ONE_STRIKE_INSIDE,2026-02-03,2026-01-29,-4,RISK_60,ONE_STRIKE_INSIDE,65,514.8296449775036,2
ID30_04_RISK_60_ONE_STRIKE_INSIDE,2026-02-10,2026-02-04,-4,RISK_60,ONE_STRIKE_INSIDE,65,4009.717551533,2
ID30_04_RISK_60_ONE_STRIKE_INSIDE,2026-02-17,2026-02-11,-4,RISK_60,ONE_STRIKE_INSIDE,65,-7216.525923608502,2
ID30_04_RISK_60_ONE_STRIKE_INSIDE,2026-02-24,2026-02-18,-4,RISK_60,ONE_STRIKE_INSIDE,65,-6878.2297994750015,2
ID30_04_RISK_60_ONE_STRIKE_INSIDE,2026-03-02,2026-02-24,-4,RISK_60,ONE_STRIKE_INSIDE,65,-6658.4113229568975,2
ID30_04_RISK_60_ONE_STRIKE_INSIDE,2026-03-10,2026-03-04,-4,RISK_60,ONE_STRIKE_INSIDE,65,-3245.2669126828523,2
ID30_04_RISK_60_ONE_STRIKE_INSIDE,2026-03-17,2026-03-11,-4,RISK_60,ONE_STRIKE_INSIDE,65,-5833.258729923814,2
ID30_04_RISK_60_ONE_STRIKE_INSIDE,2026-03-24,2026-03-18,-4,RISK_60,ONE_STRIKE_INSIDE,65,-6218.592834760466,2
ID30_04_RISK_60_ONE_STRIKE_INSIDE,2026-03-30,2026-03-23,-4,RISK_60,ONE_STRIKE_INSIDE,65,-5563.207692892911,2
ID30_04_RISK_60_ONE_STRIKE_INSIDE,2026-04-07,2026-03-30,-4,RISK_60,ONE_STRIKE_INSIDE,65,2490.839296423009,2
ID30_04_RISK_60_ONE_STRIKE_INSIDE,2026-04-13,2026-04-07,-4,RISK_60,ONE_STRIKE_INSIDE,65,551.1143123651195,2
ID30_04_RISK_60_ONE_STRIKE_INSIDE,2026-04-21,2026-04-15,-4,RISK_60,ONE_STRIKE_INSIDE,65,832.9069686376369,2
ID30_04_RISK_60_ONE_STRIKE_INSIDE,2026-04-28,2026-04-22,-4,RISK_60,ONE_STRIKE_INSIDE,65,-5547.499333092666,2
ID30_04_RISK_60_ONE_STRIKE_INSIDE,2026-05-05,2026-04-28,-4,RISK_60,ONE_STRIKE_INSIDE,65,-1750.9501393232545,2
ID30_04_RISK_60_ONE_STRIKE_INSIDE,2026-05-12,2026-05-06,-4,RISK_60,ONE_STRIKE_INSIDE,65,-6051.9322786609755,2
ID30_04_RISK_60_ONE_STRIKE_INSIDE,2026-05-19,2026-05-13,-4,RISK_60,ONE_STRIKE_INSIDE,65,1870.001561443467,2
ID30_04_RISK_60_ONE_STRIKE_INSIDE,2026-05-26,2026-05-19,-4,RISK_60,ONE_STRIKE_INSIDE,65,6652.9123168238275,2
ID30_04_RISK_60_ONE_STRIKE_INSIDE,2026-06-02,2026-05-20,-4,RISK_60,ONE_STRIKE_INSIDE,65,-9894.754769688285,2
ID30_04_RISK_60_ONE_STRIKE_INSIDE,2026-07-07,2026-06-29,-4,RISK_60,ONE_STRIKE_INSIDE,65,1307.0216460755294,2
ID30_04_RISK_60_ONE_STRIKE_INSIDE,2026-07-14,2026-06-29,-4,RISK_60,ONE_STRIKE_INSIDE,65,347.8596998146404,2
ID30_04_RISK_60_ONE_STRIKE_INSIDE,2026-07-21,2026-06-29,-4,RISK_60,ONE_STRIKE_INSIDE,65,1266.6422378544373,2
ID30_04_RISK_60_ONE_STRIKE_INSIDE,2026-07-28,2026-06-29,-4,RISK_60,ONE_STRIKE_INSIDE,65,61.1327522996437,2
ID30_04_RISK_60_RECENTER_BOTH,2021-07-08,2021-07-02,-4,RISK_60,RECENTER_BOTH,50,4221.9842284549995,2
ID30_04_RISK_60_RECENTER_BOTH,2021-07-15,2021-07-09,-4,RISK_60,RECENTER_BOTH,50,-4269.246918385,2
ID30_04_RISK_60_RECENTER_BOTH,2021-07-22,2021-07-15,-4,RISK_60,RECENTER_BOTH,50,651.5326033050001,2
ID30_04_RISK_60_RECENTER_BOTH,2021-07-29,2021-07-23,-4,RISK_60,RECENTER_BOTH,50,2573.8766809049985,2
ID30_04_RISK_60_RECENTER_BOTH,2021-08-05,2021-07-30,-4,RISK_60,RECENTER_BOTH,50,-4774.584940304996,2
ID30_04_RISK_60_RECENTER_BOTH,2021-08-12,2021-08-06,-4,RISK_60,RECENTER_BOTH,50,2505.79161396,2
ID30_04_RISK_60_RECENTER_BOTH,2021-08-18,2021-08-12,-4,RISK_60,RECENTER_BOTH,50,-4419.38066049,2
ID30_04_RISK_60_RECENTER_BOTH,2021-08-26,2021-08-20,-4,RISK_60,RECENTER_BOTH,50,-484.62460475500086,2
ID30_04_RISK_60_RECENTER_BOTH,2021-09-02,2021-08-27,-4,RISK_60,RECENTER_BOTH,50,-4254.53835322,2
ID30_04_RISK_60_RECENTER_BOTH,2021-09-09,2021-09-03,-4,RISK_60,RECENTER_BOTH,50,2793.7055848549962,2
ID30_04_RISK_60_RECENTER_BOTH,2021-09-16,2021-09-09,-4,RISK_60,RECENTER_BOTH,50,-3944.443048040002,2
ID30_04_RISK_60_RECENTER_BOTH,2021-09-23,2021-09-17,-4,RISK_60,RECENTER_BOTH,50,3156.7717405949984,2
ID30_04_RISK_60_RECENTER_BOTH,2021-09-30,2021-09-24,-4,RISK_60,RECENTER_BOTH,50,-3725.908190975,2
ID30_04_RISK_60_RECENTER_BOTH,2021-10-07,2021-10-01,-4,RISK_60,RECENTER_BOTH,50,-3375.023578305002,2
ID30_04_RISK_60_RECENTER_BOTH,2021-10-14,2021-10-08,-4,RISK_60,RECENTER_BOTH,50,-3672.410830409998,2
ID30_04_RISK_60_RECENTER_BOTH,2021-10-21,2021-10-14,-4,RISK_60,RECENTER_BOTH,50,3143.554431989996,2
ID30_04_RISK_60_RECENTER_BOTH,2021-10-28,2021-10-22,-4,RISK_60,RECENTER_BOTH,50,-3617.9474193600036,2
ID30_04_RISK_60_RECENTER_BOTH,2021-11-18,2021-11-12,-4,RISK_60,RECENTER_BOTH,50,-2794.342158650004,2
ID30_04_RISK_60_RECENTER_BOTH,2021-11-25,2021-11-18,-4,RISK_60,RECENTER_BOTH,50,-3421.0733769050003,2
ID30_04_RISK_60_RECENTER_BOTH,2021-12-02,2021-11-26,-4,RISK_60,RECENTER_BOTH,50,5215.667080389992,2
ID30_04_RISK_60_RECENTER_BOTH,2021-12-09,2021-12-03,-4,RISK_60,RECENTER_BOTH,50,3735.3683704099963,2
ID30_04_RISK_60_RECENTER_BOTH,2021-12-16,2021-12-10,-4,RISK_60,RECENTER_BOTH,50,-3493.820063315002,2
ID30_04_RISK_60_RECENTER_BOTH,2021-12-23,2021-12-17,-4,RISK_60,RECENTER_BOTH,50,2669.697080059994,2
ID30_04_RISK_60_RECENTER_BOTH,2021-12-30,2021-12-24,-4,RISK_60,RECENTER_BOTH,50,-872.3180989500055,2
ID30_04_RISK_60_RECENTER_BOTH,2022-01-06,2021-12-31,-4,RISK_60,RECENTER_BOTH,50,-3521.609153575,2
ID30_04_RISK_60_RECENTER_BOTH,2022-01-13,2022-01-07,-4,RISK_60,RECENTER_BOTH,50,-3637.6303082650034,2
ID30_04_RISK_60_RECENTER_BOTH,2022-01-20,2022-01-14,-4,RISK_60,RECENTER_BOTH,50,-3403.190459585002,2
ID30_04_RISK_60_RECENTER_BOTH,2022-01-27,2022-01-20,-4,RISK_60,RECENTER_BOTH,50,-3246.574528215,2
ID30_04_RISK_60_RECENTER_BOTH,2022-02-03,2022-01-28,-4,RISK_60,RECENTER_BOTH,50,-2727.349907389998,2
ID30_04_RISK_60_RECENTER_BOTH,2022-02-10,2022-02-04,-4,RISK_60,RECENTER_BOTH,50,5388.917016234998,2
ID30_04_RISK_60_RECENTER_BOTH,2022-02-17,2022-02-11,-4,RISK_60,RECENTER_BOTH,50,3043.816066389998,2
ID30_04_RISK_60_RECENTER_BOTH,2022-02-24,2022-02-18,-4,RISK_60,RECENTER_BOTH,50,-2672.15149315,2
ID30_04_RISK_60_RECENTER_BOTH,2022-03-03,2022-02-24,-4,RISK_60,RECENTER_BOTH,50,17.373130280014607,2
ID30_04_RISK_60_RECENTER_BOTH,2022-03-10,2022-03-04,-4,RISK_60,RECENTER_BOTH,50,-2367.1028927149946,2
ID30_04_RISK_60_RECENTER_BOTH,2022-03-17,2022-03-11,-4,RISK_60,RECENTER_BOTH,50,-2640.9543310299996,2
ID30_04_RISK_60_RECENTER_BOTH,2022-03-24,2022-03-17,-4,RISK_60,RECENTER_BOTH,50,4910.30710543,2
ID30_04_RISK_60_RECENTER_BOTH,2022-03-31,2022-03-25,-4,RISK_60,RECENTER_BOTH,50,-2821.4686009049988,2
ID30_04_RISK_60_RECENTER_BOTH,2022-04-07,2022-04-01,-4,RISK_60,RECENTER_BOTH,50,-96.57852669500551,2
ID30_04_RISK_60_RECENTER_BOTH,2022-04-13,2022-04-07,-4,RISK_60,RECENTER_BOTH,50,-3014.58999841,2
ID30_04_RISK_60_RECENTER_BOTH,2022-04-21,2022-04-13,-4,RISK_60,RECENTER_BOTH,50,-3422.17819907,2
ID30_04_RISK_60_RECENTER_BOTH,2022-04-28,2022-04-22,-4,RISK_60,RECENTER_BOTH,50,4439.310039354996,2
ID30_04_RISK_60_RECENTER_BOTH,2022-05-05,2022-04-28,-4,RISK_60,RECENTER_BOTH,50,-3146.02946266,2
ID30_04_RISK_60_RECENTER_BOTH,2022-05-12,2022-05-06,-4,RISK_60,RECENTER_BOTH,50,-2705.131391745,2
ID30_04_RISK_60_RECENTER_BOTH,2022-05-19,2022-05-13,-4,RISK_60,RECENTER_BOTH,50,-2842.7489649950003,2
ID30_04_RISK_60_RECENTER_BOTH,2022-05-26,2022-05-20,-4,RISK_60,RECENTER_BOTH,50,5971.045210374999,2
ID30_04_RISK_60_RECENTER_BOTH,2022-06-02,2022-05-27,-4,RISK_60,RECENTER_BOTH,50,-3021.234165429999,2
ID30_04_RISK_60_RECENTER_BOTH,2022-06-09,2022-06-03,-4,RISK_60,RECENTER_BOTH,50,-3121.4280156,2
ID30_04_RISK_60_RECENTER_BOTH,2022-06-16,2022-06-10,-4,RISK_60,RECENTER_BOTH,50,-3301.332730645,2
ID30_04_RISK_60_RECENTER_BOTH,2022-06-23,2022-06-17,-4,RISK_60,RECENTER_BOTH,50,-2831.57064086,2
ID30_04_RISK_60_RECENTER_BOTH,2022-06-30,2022-06-24,-4,RISK_60,RECENTER_BOTH,50,2350.194225924999,2
ID30_04_RISK_60_RECENTER_BOTH,2022-07-07,2022-07-01,-4,RISK_60,RECENTER_BOTH,50,-3034.632074745,2
ID30_04_RISK_60_RECENTER_BOTH,2022-07-14,2022-07-08,-4,RISK_60,RECENTER_BOTH,50,-3342.2130098200037,2
ID30_04_RISK_60_RECENTER_BOTH,2022-07-21,2022-07-15,-4,RISK_60,RECENTER_BOTH,50,-3746.2092135349963,2
ID30_04_RISK_60_RECENTER_BOTH,2022-07-28,2022-07-22,-4,RISK_60,RECENTER_BOTH,50,-3126.403030035,2
ID30_04_RISK_60_RECENTER_BOTH,2022-08-04,2022-07-29,-4,RISK_60,RECENTER_BOTH,50,-3509.5902789550023,2
ID30_04_RISK_60_RECENTER_BOTH,2022-08-11,2022-08-04,-4,RISK_60,RECENTER_BOTH,50,-2846.7134339600007,2
ID30_04_RISK_60_RECENTER_BOTH,2022-08-18,2022-08-11,-4,RISK_60,RECENTER_BOTH,50,-3297.76599895,2
ID30_04_RISK_60_RECENTER_BOTH,2022-08-25,2022-08-19,-4,RISK_60,RECENTER_BOTH,50,-3757.3543391049984,2
ID30_04_RISK_60_RECENTER_BOTH,2022-09-01,2022-08-25,-4,RISK_60,RECENTER_BOTH,50,-1336.5839832950037,2
ID30_04_RISK_60_RECENTER_BOTH,2022-09-08,2022-09-02,-4,RISK_60,RECENTER_BOTH,50,-2440.08598415,2
ID30_04_RISK_60_RECENTER_BOTH,2022-09-15,2022-09-09,-4,RISK_60,RECENTER_BOTH,50,5159.134126439996,2
ID30_04_RISK_60_RECENTER_BOTH,2022-09-22,2022-09-16,-4,RISK_60,RECENTER_BOTH,50,-415.5269912599998,2
ID30_04_RISK_60_RECENTER_BOTH,2022-09-29,2022-09-23,-4,RISK_60,RECENTER_BOTH,50,-3032.5014408049965,2
ID30_04_RISK_60_RECENTER_BOTH,2022-10-06,2022-09-29,-4,RISK_60,RECENTER_BOTH,50,-2825.224576685,2
ID30_04_RISK_60_RECENTER_BOTH,2022-10-13,2022-10-07,-4,RISK_60,RECENTER_BOTH,50,-3087.147460100002,2
ID30_04_RISK_60_RECENTER_BOTH,2022-10-20,2022-10-14,-4,RISK_60,RECENTER_BOTH,50,-3205.4944444150037,2
ID30_04_RISK_60_RECENTER_BOTH,2022-10-27,2022-10-20,-4,RISK_60,RECENTER_BOTH,50,-3207.361478005,2
ID30_04_RISK_60_RECENTER_BOTH,2022-11-03,2022-10-28,-4,RISK_60,RECENTER_BOTH,50,-3381.570163620002,2
ID30_04_RISK_60_RECENTER_BOTH,2022-11-10,2022-11-03,-4,RISK_60,RECENTER_BOTH,50,5674.532378649997,2
ID30_04_RISK_60_RECENTER_BOTH,2022-11-17,2022-11-11,-4,RISK_60,RECENTER_BOTH,50,4315.669345999996,2
ID30_04_RISK_60_RECENTER_BOTH,2022-11-24,2022-11-18,-4,RISK_60,RECENTER_BOTH,50,412.14033302999985,2
ID30_04_RISK_60_RECENTER_BOTH,2022-12-01,2022-11-25,-4,RISK_60,RECENTER_BOTH,50,-4279.056161584997,2
ID30_04_RISK_60_RECENTER_BOTH,2022-12-08,2022-12-02,-4,RISK_60,RECENTER_BOTH,50,-437.04306968000003,2
ID30_04_RISK_60_RECENTER_BOTH,2022-12-15,2022-12-09,-4,RISK_60,RECENTER_BOTH,50,-2029.434994780002,2
ID30_04_RISK_60_RECENTER_BOTH,2022-12-22,2022-12-16,-4,RISK_60,RECENTER_BOTH,50,-3977.364502184998,2
ID30_04_RISK_60_RECENTER_BOTH,2022-12-29,2022-12-23,-4,RISK_60,RECENTER_BOTH,50,-1081.7182833850018,2
ID30_04_RISK_60_RECENTER_BOTH,2023-01-05,2022-12-30,-4,RISK_60,RECENTER_BOTH,50,-3954.965379375001,2
ID30_04_RISK_60_RECENTER_BOTH,2023-01-12,2023-01-06,-4,RISK_60,RECENTER_BOTH,50,-1258.596726205002,2
ID30_04_RISK_60_RECENTER_BOTH,2023-01-19,2023-01-13,-4,RISK_60,RECENTER_BOTH,50,-3512.407431850002,2
ID30_04_RISK_60_RECENTER_BOTH,2023-01-25,2023-01-19,-4,RISK_60,RECENTER_BOTH,50,-3558.807800325004,2
ID30_04_RISK_60_RECENTER_BOTH,2023-02-02,2023-01-27,-4,RISK_60,RECENTER_BOTH,50,-1379.64995839,2
ID30_04_RISK_60_RECENTER_BOTH,2023-02-09,2023-02-03,-4,RISK_60,RECENTER_BOTH,50,-2921.5329941000036,2
ID30_04_RISK_60_RECENTER_BOTH,2023-02-16,2023-02-10,-4,RISK_60,RECENTER_BOTH,50,-3994.61002384,2
ID30_04_RISK_60_RECENTER_BOTH,2023-02-23,2023-02-17,-4,RISK_60,RECENTER_BOTH,50,-4458.668086329998,2
ID30_04_RISK_60_RECENTER_BOTH,2023-03-02,2023-02-24,-4,RISK_60,RECENTER_BOTH,50,-3915.8094115900035,2
ID30_04_RISK_60_RECENTER_BOTH,2023-03-09,2023-03-02,-4,RISK_60,RECENTER_BOTH,50,-3559.7871354,2
ID30_04_RISK_60_RECENTER_BOTH,2023-03-16,2023-03-10,-4,RISK_60,RECENTER_BOTH,50,-4035.38005641,2
ID30_04_RISK_60_RECENTER_BOTH,2023-03-23,2023-03-17,-4,RISK_60,RECENTER_BOTH,50,5607.947831329996,2
ID30_04_RISK_60_RECENTER_BOTH,2023-03-29,2023-03-23,-4,RISK_60,RECENTER_BOTH,50,5072.747187,2
ID30_04_RISK_60_RECENTER_BOTH,2023-04-06,2023-03-29,-4,RISK_60,RECENTER_BOTH,50,-3468.4118969350075,2
ID30_04_RISK_60_RECENTER_BOTH,2023-04-13,2023-04-06,-4,RISK_60,RECENTER_BOTH,50,-4065.5686805950018,2
ID30_04_RISK_60_RECENTER_BOTH,2023-04-20,2023-04-13,-4,RISK_60,RECENTER_BOTH,50,-3228.4572779550017,2
ID30_04_RISK_60_RECENTER_BOTH,2023-04-27,2023-04-21,-4,RISK_60,RECENTER_BOTH,50,-4581.123623835002,2
ID30_04_RISK_60_RECENTER_BOTH,2023-05-04,2023-04-27,-4,RISK_60,RECENTER_BOTH,50,-4262.331178970002,2
ID30_04_RISK_60_RECENTER_BOTH,2023-05-11,2023-05-05,-4,RISK_60,RECENTER_BOTH,50,685.7826197399972,2
ID30_04_RISK_60_RECENTER_BOTH,2023-05-18,2023-05-12,-4,RISK_60,RECENTER_BOTH,50,2968.10614178,2
ID30_04_RISK_60_RECENTER_BOTH,2023-05-25,2023-05-19,-4,RISK_60,RECENTER_BOTH,50,-2913.783346495,2
ID30_04_RISK_60_RECENTER_BOTH,2023-06-01,2023-05-26,-4,RISK_60,RECENTER_BOTH,50,-2665.09041722,2
ID30_04_RISK_60_RECENTER_BOTH,2023-06-08,2023-06-02,-4,RISK_60,RECENTER_BOTH,50,818.45970687,2
ID30_04_RISK_60_RECENTER_BOTH,2023-06-15,2023-06-09,-4,RISK_60,RECENTER_BOTH,50,3264.33146993,2
ID30_04_RISK_60_RECENTER_BOTH,2023-06-22,2023-06-16,-4,RISK_60,RECENTER_BOTH,50,3832.445596359998,2
ID30_04_RISK_60_RECENTER_BOTH,2023-06-28,2023-06-22,-4,RISK_60,RECENTER_BOTH,50,2190.4836047549993,2
ID30_04_RISK_60_RECENTER_BOTH,2023-07-06,2023-06-30,-4,RISK_60,RECENTER_BOTH,50,-4627.3991571849965,2
ID30_04_RISK_60_RECENTER_BOTH,2023-07-13,2023-07-07,-4,RISK_60,RECENTER_BOTH,50,247.52046195499645,2
ID30_04_RISK_60_RECENTER_BOTH,2023-07-20,2023-07-14,-4,RISK_60,RECENTER_BOTH,50,-4838.000428649998,2
ID30_04_RISK_60_RECENTER_BOTH,2023-07-27,2023-07-21,-4,RISK_60,RECENTER_BOTH,50,-3823.6945480850018,2
ID30_04_RISK_60_RECENTER_BOTH,2023-08-03,2023-07-28,-4,RISK_60,RECENTER_BOTH,50,-4010.3344212,2
ID30_04_RISK_60_RECENTER_BOTH,2023-08-10,2023-08-04,-4,RISK_60,RECENTER_BOTH,50,3728.28596684,2
ID30_04_RISK_60_RECENTER_BOTH,2023-08-17,2023-08-10,-4,RISK_60,RECENTER_BOTH,50,-2490.771517275002,2
ID30_04_RISK_60_RECENTER_BOTH,2023-08-24,2023-08-18,-4,RISK_60,RECENTER_BOTH,50,575.4475600849989,2
ID30_04_RISK_60_RECENTER_BOTH,2023-08-31,2023-08-25,-4,RISK_60,RECENTER_BOTH,50,4234.239475824997,2
ID30_04_RISK_60_RECENTER_BOTH,2023-09-07,2023-09-01,-4,RISK_60,RECENTER_BOTH,50,-4366.863293420003,2
ID30_04_RISK_60_RECENTER_BOTH,2023-09-14,2023-09-08,-4,RISK_60,RECENTER_BOTH,50,-4674.076391234998,2
ID30_04_RISK_60_RECENTER_BOTH,2023-09-21,2023-09-14,-4,RISK_60,RECENTER_BOTH,50,-4035.2711653750002,2
ID30_04_RISK_60_RECENTER_BOTH,2023-09-28,2023-09-22,-4,RISK_60,RECENTER_BOTH,50,-4210.923953065,2
ID30_04_RISK_60_RECENTER_BOTH,2023-10-05,2023-09-28,-4,RISK_60,RECENTER_BOTH,50,-4037.1050133100034,2
ID30_04_RISK_60_RECENTER_BOTH,2023-10-12,2023-10-06,-4,RISK_60,RECENTER_BOTH,50,-4143.289045235,2
ID30_04_RISK_60_RECENTER_BOTH,2023-10-19,2023-10-13,-4,RISK_60,RECENTER_BOTH,50,2600.601461189998,2
ID30_04_RISK_60_RECENTER_BOTH,2023-10-26,2023-10-19,-4,RISK_60,RECENTER_BOTH,50,-4269.639297924996,2
ID30_04_RISK_60_RECENTER_BOTH,2023-11-02,2023-10-27,-4,RISK_60,RECENTER_BOTH,50,-657.04525426,2
ID30_04_RISK_60_RECENTER_BOTH,2023-11-09,2023-11-03,-4,RISK_60,RECENTER_BOTH,50,-1456.7508789900007,2
ID30_04_RISK_60_RECENTER_BOTH,2023-11-16,2023-11-10,-4,RISK_60,RECENTER_BOTH,50,-4578.016314320003,2
ID30_04_RISK_60_RECENTER_BOTH,2023-11-23,2023-11-17,-4,RISK_60,RECENTER_BOTH,50,3132.384073445,2
ID30_04_RISK_60_RECENTER_BOTH,2023-11-30,2023-11-23,-4,RISK_60,RECENTER_BOTH,50,-3952.062580250001,2
ID30_04_RISK_60_RECENTER_BOTH,2023-12-07,2023-12-01,-4,RISK_60,RECENTER_BOTH,50,-3611.911419324996,2
ID30_04_RISK_60_RECENTER_BOTH,2023-12-14,2023-12-08,-4,RISK_60,RECENTER_BOTH,50,-3700.9634812100016,2
ID30_04_RISK_60_RECENTER_BOTH,2023-12-21,2023-12-15,-4,RISK_60,RECENTER_BOTH,50,5352.398917474999,2
ID30_04_RISK_60_RECENTER_BOTH,2023-12-28,2023-12-21,-4,RISK_60,RECENTER_BOTH,50,-2965.566336519996,2
ID30_04_RISK_60_RECENTER_BOTH,2024-01-04,2023-12-29,-4,RISK_60,RECENTER_BOTH,50,1757.2230176749963,2
ID30_04_RISK_60_RECENTER_BOTH,2024-01-11,2024-01-05,-4,RISK_60,RECENTER_BOTH,50,804.899800435,2
ID30_04_RISK_60_RECENTER_BOTH,2024-01-18,2024-01-12,-4,RISK_60,RECENTER_BOTH,50,-3536.3044341500017,2
ID30_04_RISK_60_RECENTER_BOTH,2024-01-25,2024-01-19,-4,RISK_60,RECENTER_BOTH,50,-3391.4916028650027,2
ID30_04_RISK_60_RECENTER_BOTH,2024-02-01,2024-01-25,-4,RISK_60,RECENTER_BOTH,50,-2707.404773704998,2
ID30_04_RISK_60_RECENTER_BOTH,2024-02-08,2024-02-02,-4,RISK_60,RECENTER_BOTH,50,-3111.2934355000034,2
ID30_04_RISK_60_RECENTER_BOTH,2024-02-15,2024-02-09,-4,RISK_60,RECENTER_BOTH,50,-653.0117222100012,2
ID30_04_RISK_60_RECENTER_BOTH,2024-02-22,2024-02-16,-4,RISK_60,RECENTER_BOTH,50,-1886.016458040002,2
ID30_04_RISK_60_RECENTER_BOTH,2024-02-29,2024-02-23,-4,RISK_60,RECENTER_BOTH,50,-3023.678181430003,2
ID30_04_RISK_60_RECENTER_BOTH,2024-03-07,2024-03-02,-4,RISK_60,RECENTER_BOTH,50,1771.4442294549958,2
ID30_04_RISK_60_RECENTER_BOTH,2024-03-14,2024-03-07,-4,RISK_60,RECENTER_BOTH,50,-3205.686322179998,2
ID30_04_RISK_60_RECENTER_BOTH,2024-03-21,2024-03-15,-4,RISK_60,RECENTER_BOTH,50,1782.740727055,2
ID30_04_RISK_60_RECENTER_BOTH,2024-03-28,2024-03-21,-4,RISK_60,RECENTER_BOTH,50,-3295.8863391900036,2
ID30_04_RISK_60_RECENTER_BOTH,2024-04-04,2024-03-28,-4,RISK_60,RECENTER_BOTH,50,-2860.706916365001,2
ID30_04_RISK_60_RECENTER_BOTH,2024-04-10,2024-04-04,-4,RISK_60,RECENTER_BOTH,50,-3364.3087107850038,2
ID30_04_RISK_60_RECENTER_BOTH,2024-04-18,2024-04-10,-4,RISK_60,RECENTER_BOTH,50,-3296.07755208,2
ID30_04_RISK_60_RECENTER_BOTH,2024-04-25,2024-04-19,-4,RISK_60,RECENTER_BOTH,50,-3028.3085711349963,2
ID30_04_RISK_60_RECENTER_BOTH,2024-05-02,2024-04-25,-4,RISK_60,RECENTER_BOTH,25,-2021.7093649050012,2
ID30_04_RISK_60_RECENTER_BOTH,2024-05-09,2024-05-03,-4,RISK_60,RECENTER_BOTH,25,-2026.8822151600002,2
ID30_04_RISK_60_RECENTER_BOTH,2024-05-16,2024-05-10,-4,RISK_60,RECENTER_BOTH,25,-1809.5388302575002,2
ID30_04_RISK_60_RECENTER_BOTH,2024-05-23,2024-05-17,-4,RISK_60,RECENTER_BOTH,25,-1872.6183566125,2
ID30_04_RISK_60_RECENTER_BOTH,2024-05-30,2024-05-24,-4,RISK_60,RECENTER_BOTH,25,-1859.4176376075002,2
ID30_04_RISK_60_RECENTER_BOTH,2024-06-06,2024-05-31,-4,RISK_60,RECENTER_BOTH,25,344.1836467450073,2
ID30_04_RISK_60_RECENTER_BOTH,2024-06-13,2024-06-07,-4,RISK_60,RECENTER_BOTH,25,-1523.026122185,2
ID30_04_RISK_60_RECENTER_BOTH,2024-06-20,2024-06-13,-4,RISK_60,RECENTER_BOTH,25,-983.6492300599998,2
ID30_04_RISK_60_RECENTER_BOTH,2024-06-27,2024-06-21,-4,RISK_60,RECENTER_BOTH,25,-2068.1698141975016,2
ID30_04_RISK_60_RECENTER_BOTH,2024-07-04,2024-06-28,-4,RISK_60,RECENTER_BOTH,25,-1736.9760624775001,2
ID30_04_RISK_60_RECENTER_BOTH,2024-07-11,2024-07-05,-4,RISK_60,RECENTER_BOTH,25,224.56846820999817,2
ID30_04_RISK_60_RECENTER_BOTH,2024-07-18,2024-07-11,-4,RISK_60,RECENTER_BOTH,25,-1982.009945712501,2
ID30_04_RISK_60_RECENTER_BOTH,2024-07-25,2024-07-19,-4,RISK_60,RECENTER_BOTH,25,-1601.9186937500003,2
ID30_04_RISK_60_RECENTER_BOTH,2024-08-01,2024-07-26,-4,RISK_60,RECENTER_BOTH,25,-1976.7979130175017,2
ID30_04_RISK_60_RECENTER_BOTH,2024-08-08,2024-08-02,-4,RISK_60,RECENTER_BOTH,25,-1940.5517126350019,2
ID30_04_RISK_60_RECENTER_BOTH,2024-08-14,2024-08-08,-4,RISK_60,RECENTER_BOTH,25,568.5927907500001,2
ID30_04_RISK_60_RECENTER_BOTH,2024-08-22,2024-08-16,-4,RISK_60,RECENTER_BOTH,25,-1939.7748933250018,2
ID30_04_RISK_60_RECENTER_BOTH,2024-08-29,2024-08-23,-4,RISK_60,RECENTER_BOTH,25,-2037.2153250025017,2
ID30_04_RISK_60_RECENTER_BOTH,2024-09-05,2024-08-30,-4,RISK_60,RECENTER_BOTH,25,544.0364745024982,2
ID30_04_RISK_60_RECENTER_BOTH,2024-09-12,2024-09-06,-4,RISK_60,RECENTER_BOTH,25,-1804.6577859000017,2
ID30_04_RISK_60_RECENTER_BOTH,2024-09-19,2024-09-13,-4,RISK_60,RECENTER_BOTH,25,421.0112778949991,2
ID30_04_RISK_60_RECENTER_BOTH,2024-09-26,2024-09-20,-4,RISK_60,RECENTER_BOTH,25,-2012.4833946075003,2
ID30_04_RISK_60_RECENTER_BOTH,2024-10-03,2024-09-26,-4,RISK_60,RECENTER_BOTH,25,-1952.5483462175,2
ID30_04_RISK_60_RECENTER_BOTH,2024-10-10,2024-10-04,-4,RISK_60,RECENTER_BOTH,25,968.8897848099999,2
ID30_04_RISK_60_RECENTER_BOTH,2024-10-17,2024-10-11,-4,RISK_60,RECENTER_BOTH,25,-1776.1224057125,2
ID30_04_RISK_60_RECENTER_BOTH,2024-10-24,2024-10-18,-4,RISK_60,RECENTER_BOTH,25,-1863.55739151,2
ID30_04_RISK_60_RECENTER_BOTH,2024-10-31,2024-10-25,-4,RISK_60,RECENTER_BOTH,25,-1844.2552823350018,2
ID30_04_RISK_60_RECENTER_BOTH,2024-11-14,2024-11-08,-4,RISK_60,RECENTER_BOTH,25,-1732.0727577174982,2
ID30_04_RISK_60_RECENTER_BOTH,2024-11-21,2024-11-13,-4,RISK_60,RECENTER_BOTH,75,-4227.3104546625,2
ID30_04_RISK_60_RECENTER_BOTH,2024-11-28,2024-11-22,-4,RISK_60,RECENTER_BOTH,75,-4131.715164112502,2
ID30_04_RISK_60_RECENTER_BOTH,2024-12-05,2024-11-29,-4,RISK_60,RECENTER_BOTH,75,-3795.655614975,2
ID30_04_RISK_60_RECENTER_BOTH,2024-12-12,2024-12-06,-4,RISK_60,RECENTER_BOTH,75,100.68312006749977,2
ID30_04_RISK_60_RECENTER_BOTH,2024-12-19,2024-12-13,-4,RISK_60,RECENTER_BOTH,75,-4279.463315302507,2
ID30_04_RISK_60_RECENTER_BOTH,2024-12-26,2024-12-19,-4,RISK_60,RECENTER_BOTH,75,-279.85464065250005,2
ID30_04_RISK_60_RECENTER_BOTH,2025-01-02,2024-12-27,-4,RISK_60,RECENTER_BOTH,75,-3935.8158058350073,2
ID30_04_RISK_60_RECENTER_BOTH,2025-01-09,2025-01-03,-4,RISK_60,RECENTER_BOTH,75,-4267.307983155004,2
ID30_04_RISK_60_RECENTER_BOTH,2025-01-16,2025-01-10,-4,RISK_60,RECENTER_BOTH,75,-3659.0230540575003,2
ID30_04_RISK_60_RECENTER_BOTH,2025-01-23,2025-01-17,-4,RISK_60,RECENTER_BOTH,75,7489.545932819992,2
ID30_04_RISK_60_RECENTER_BOTH,2025-01-30,2025-01-24,-4,RISK_60,RECENTER_BOTH,75,9446.069666294996,2
ID30_04_RISK_60_RECENTER_BOTH,2025-02-06,2025-02-01,-4,RISK_60,RECENTER_BOTH,75,8863.524540652501,2
ID30_04_RISK_60_RECENTER_BOTH,2025-02-13,2025-02-07,-4,RISK_60,RECENTER_BOTH,75,-4044.5414225549926,2
ID30_04_RISK_60_RECENTER_BOTH,2025-02-20,2025-02-14,-4,RISK_60,RECENTER_BOTH,75,188.8139040224927,2
ID30_04_RISK_60_RECENTER_BOTH,2025-02-27,2025-02-20,-4,RISK_60,RECENTER_BOTH,75,-4112.893088242508,2
ID30_04_RISK_60_RECENTER_BOTH,2025-03-06,2025-02-28,-4,RISK_60,RECENTER_BOTH,75,-4366.439869777503,2
ID30_04_RISK_60_RECENTER_BOTH,2025-03-13,2025-03-07,-4,RISK_60,RECENTER_BOTH,75,-1296.80839887,2
ID30_04_RISK_60_RECENTER_BOTH,2025-03-20,2025-03-13,-4,RISK_60,RECENTER_BOTH,75,-4678.9456373625,2
ID30_04_RISK_60_RECENTER_BOTH,2025-03-27,2025-03-21,-4,RISK_60,RECENTER_BOTH,75,-5247.9899884875,2
ID30_04_RISK_60_RECENTER_BOTH,2025-04-03,2025-03-27,-4,RISK_60,RECENTER_BOTH,75,-4607.155054132503,2
ID30_04_RISK_60_RECENTER_BOTH,2025-04-09,2025-04-03,-4,RISK_60,RECENTER_BOTH,75,-4511.565699045,2
ID30_04_RISK_60_RECENTER_BOTH,2025-04-17,2025-04-09,-4,RISK_60,RECENTER_BOTH,75,-3920.7293334600145,2
ID30_04_RISK_60_RECENTER_BOTH,2025-04-24,2025-04-17,-4,RISK_60,RECENTER_BOTH,75,-4192.124232885008,2
ID30_04_RISK_60_RECENTER_BOTH,2025-04-30,2025-04-24,-4,RISK_60,RECENTER_BOTH,75,214.7937305849964,2
ID30_04_RISK_60_RECENTER_BOTH,2025-05-08,2025-05-02,-4,RISK_60,RECENTER_BOTH,75,-3807.1267520025,2
ID30_04_RISK_60_RECENTER_BOTH,2025-05-15,2025-05-09,-4,RISK_60,RECENTER_BOTH,75,-4015.4164015124925,2
ID30_04_RISK_60_RECENTER_BOTH,2025-05-22,2025-05-16,-4,RISK_60,RECENTER_BOTH,75,-4651.7378286075,2
ID30_04_RISK_60_RECENTER_BOTH,2025-05-29,2025-05-23,-4,RISK_60,RECENTER_BOTH,75,3392.477593529992,2
ID30_04_RISK_60_RECENTER_BOTH,2025-06-05,2025-05-30,-4,RISK_60,RECENTER_BOTH,75,2034.958757415,2
ID30_04_RISK_60_RECENTER_BOTH,2025-06-12,2025-06-06,-4,RISK_60,RECENTER_BOTH,75,-3941.0285066325,2
ID30_04_RISK_60_RECENTER_BOTH,2025-06-19,2025-06-13,-4,RISK_60,RECENTER_BOTH,75,-3897.974457330004,2
ID30_04_RISK_60_RECENTER_BOTH,2025-06-26,2025-06-20,-4,RISK_60,RECENTER_BOTH,75,-4860.41496792,2
ID30_04_RISK_60_RECENTER_BOTH,2025-07-03,2025-06-27,-4,RISK_60,RECENTER_BOTH,75,97.80684170999632,2
ID30_04_RISK_60_RECENTER_BOTH,2025-07-10,2025-07-04,-4,RISK_60,RECENTER_BOTH,75,6316.870625999993,2
ID30_04_RISK_60_RECENTER_BOTH,2025-07-17,2025-07-11,-4,RISK_60,RECENTER_BOTH,75,-3988.0941729300016,2
ID30_04_RISK_60_RECENTER_BOTH,2025-07-24,2025-07-18,-4,RISK_60,RECENTER_BOTH,75,7242.0812955825,2
ID30_04_RISK_60_RECENTER_BOTH,2025-07-31,2025-07-25,-4,RISK_60,RECENTER_BOTH,75,-1144.8604194149998,2
ID30_04_RISK_60_RECENTER_BOTH,2025-08-07,2025-08-01,-4,RISK_60,RECENTER_BOTH,75,-398.53462729499995,2
ID30_04_RISK_60_RECENTER_BOTH,2025-08-14,2025-08-08,-4,RISK_60,RECENTER_BOTH,75,-1453.6723060274999,2
ID30_04_RISK_60_RECENTER_BOTH,2025-08-21,2025-08-14,-4,RISK_60,RECENTER_BOTH,75,-5194.721687047508,2
ID30_04_RISK_60_RECENTER_BOTH,2025-08-28,2025-08-21,-4,RISK_60,RECENTER_BOTH,75,-5036.095983749997,2
ID30_04_RISK_60_RECENTER_BOTH,2025-09-02,2025-08-26,-4,RISK_60,RECENTER_BOTH,75,-4999.993551292499,2
ID30_04_RISK_60_RECENTER_BOTH,2025-09-09,2025-09-03,-4,RISK_60,RECENTER_BOTH,75,-5493.32531508,2
ID30_04_RISK_60_RECENTER_BOTH,2025-09-16,2025-09-10,-4,RISK_60,RECENTER_BOTH,75,-5562.290463525,2
ID30_04_RISK_60_RECENTER_BOTH,2025-09-23,2025-09-17,-4,RISK_60,RECENTER_BOTH,75,1010.5225603424999,2
ID30_04_RISK_60_RECENTER_BOTH,2025-09-30,2025-09-24,-4,RISK_60,RECENTER_BOTH,75,-5845.866479984997,2
ID30_04_RISK_60_RECENTER_BOTH,2025-10-07,2025-09-30,-4,RISK_60,RECENTER_BOTH,75,-4728.220263750003,2
ID30_04_RISK_60_RECENTER_BOTH,2025-10-14,2025-10-07,-4,RISK_60,RECENTER_BOTH,75,4693.35390042,2
ID30_04_RISK_60_RECENTER_BOTH,2025-11-04,2025-10-29,-4,RISK_60,RECENTER_BOTH,75,-4580.602576530007,2
ID30_04_RISK_60_RECENTER_BOTH,2025-11-11,2025-11-04,-4,RISK_60,RECENTER_BOTH,75,9282.485218634996,2
ID30_04_RISK_60_RECENTER_BOTH,2025-11-18,2025-11-12,-4,RISK_60,RECENTER_BOTH,75,1252.2805172399962,2
ID30_04_RISK_60_RECENTER_BOTH,2025-11-25,2025-11-19,-4,RISK_60,RECENTER_BOTH,75,8252.681998754993,2
ID30_04_RISK_60_RECENTER_BOTH,2025-12-02,2025-11-26,-4,RISK_60,RECENTER_BOTH,75,8571.206189145,2
ID30_04_RISK_60_RECENTER_BOTH,2025-12-09,2025-12-03,-4,RISK_60,RECENTER_BOTH,75,2163.2623451174964,2
ID30_04_RISK_60_RECENTER_BOTH,2025-12-16,2025-12-10,-4,RISK_60,RECENTER_BOTH,75,8440.928629485,2
ID30_04_RISK_60_RECENTER_BOTH,2025-12-23,2025-12-17,-4,RISK_60,RECENTER_BOTH,75,-5188.150559452501,2
ID30_04_RISK_60_RECENTER_BOTH,2025-12-30,2025-12-23,-4,RISK_60,RECENTER_BOTH,75,-4899.42059649,2
ID30_04_RISK_60_RECENTER_BOTH,2026-01-06,2025-12-31,-4,RISK_60,RECENTER_BOTH,65,-3256.8911843810038,2
ID30_04_RISK_60_RECENTER_BOTH,2026-01-13,2026-01-07,-4,RISK_60,RECENTER_BOTH,65,-5430.2036188365,2
ID30_04_RISK_60_RECENTER_BOTH,2026-01-20,2026-01-13,-4,RISK_60,RECENTER_BOTH,65,-3993.9108965110036,2
ID30_04_RISK_60_RECENTER_BOTH,2026-01-27,2026-01-20,-4,RISK_60,RECENTER_BOTH,65,-4145.9001931064995,2
ID30_04_RISK_60_RECENTER_BOTH,2026-02-03,2026-01-29,-4,RISK_60,RECENTER_BOTH,65,-3612.403426557007,2
ID30_04_RISK_60_RECENTER_BOTH,2026-02-10,2026-02-04,-4,RISK_60,RECENTER_BOTH,65,-86.70491686000014,2
ID30_04_RISK_60_RECENTER_BOTH,2026-02-17,2026-02-11,-4,RISK_60,RECENTER_BOTH,65,-4495.455983346003,2
ID30_04_RISK_60_RECENTER_BOTH,2026-02-24,2026-02-18,-4,RISK_60,RECENTER_BOTH,65,-4659.3591740244965,2
ID30_04_RISK_60_RECENTER_BOTH,2026-03-02,2026-02-24,-4,RISK_60,RECENTER_BOTH,65,-3903.535261720845,2
ID30_04_RISK_60_RECENTER_BOTH,2026-03-10,2026-03-04,-4,RISK_60,RECENTER_BOTH,65,2655.189696283724,2
ID30_04_RISK_60_RECENTER_BOTH,2026-03-17,2026-03-11,-4,RISK_60,RECENTER_BOTH,65,-3043.8955216031113,2
ID30_04_RISK_60_RECENTER_BOTH,2026-03-24,2026-03-18,-4,RISK_60,RECENTER_BOTH,65,-2343.596478064143,2
ID30_04_RISK_60_RECENTER_BOTH,2026-03-30,2026-03-23,-4,RISK_60,RECENTER_BOTH,65,-2756.8402669138272,2
ID30_04_RISK_60_RECENTER_BOTH,2026-04-07,2026-03-30,-4,RISK_60,RECENTER_BOTH,65,-1496.368829588352,2
ID30_04_RISK_60_RECENTER_BOTH,2026-04-13,2026-04-07,-4,RISK_60,RECENTER_BOTH,65,-3728.4018869909237,2
ID30_04_RISK_60_RECENTER_BOTH,2026-04-21,2026-04-15,-4,RISK_60,RECENTER_BOTH,65,-3341.608212696142,2
ID30_04_RISK_60_RECENTER_BOTH,2026-04-28,2026-04-22,-4,RISK_60,RECENTER_BOTH,65,-3551.782872277583,2
ID30_04_RISK_60_RECENTER_BOTH,2026-05-05,2026-04-28,-4,RISK_60,RECENTER_BOTH,65,3697.5351805024648,2
ID30_04_RISK_60_RECENTER_BOTH,2026-05-12,2026-05-06,-4,RISK_60,RECENTER_BOTH,65,-3556.29030225704,2
ID30_04_RISK_60_RECENTER_BOTH,2026-05-19,2026-05-13,-4,RISK_60,RECENTER_BOTH,65,-3517.6723417586463,2
ID30_04_RISK_60_RECENTER_BOTH,2026-05-26,2026-05-19,-4,RISK_60,RECENTER_BOTH,65,-235.0882794211367,2
ID30_04_RISK_60_RECENTER_BOTH,2026-06-02,2026-05-20,-4,RISK_60,RECENTER_BOTH,65,-11859.16189136673,2
ID30_04_RISK_60_RECENTER_BOTH,2026-07-07,2026-06-29,-4,RISK_60,RECENTER_BOTH,65,-341.5585534428708,2
ID30_04_RISK_60_RECENTER_BOTH,2026-07-14,2026-06-29,-4,RISK_60,RECENTER_BOTH,65,-1174.9880122685827,2
ID30_04_RISK_60_RECENTER_BOTH,2026-07-21,2026-06-29,-4,RISK_60,RECENTER_BOTH,65,-2681.16874432394,2
ID30_04_RISK_60_RECENTER_BOTH,2026-07-28,2026-06-29,-4,RISK_60,RECENTER_BOTH,65,-1575.8068209865123,2
ID30_04_WING_60_ONE_STRIKE_INSIDE,2021-07-08,2021-07-02,-4,WING_60,ONE_STRIKE_INSIDE,50,5458.440492955,2
ID30_04_WING_60_ONE_STRIKE_INSIDE,2021-07-15,2021-07-09,-4,WING_60,ONE_STRIKE_INSIDE,50,-3994.512783159998,2
ID30_04_WING_60_ONE_STRIKE_INSIDE,2021-07-22,2021-07-15,-4,WING_60,ONE_STRIKE_INSIDE,50,-1859.404266465,2
ID30_04_WING_60_ONE_STRIKE_INSIDE,2021-07-29,2021-07-23,-4,WING_60,ONE_STRIKE_INSIDE,50,-393.5080273949999,2
ID30_04_WING_60_ONE_STRIKE_INSIDE,2021-08-05,2021-07-30,-4,WING_60,ONE_STRIKE_INSIDE,50,-5071.840423414998,2
ID30_04_WING_60_ONE_STRIKE_INSIDE,2021-08-12,2021-08-06,-4,WING_60,ONE_STRIKE_INSIDE,50,4981.571450865,2
ID30_04_WING_60_ONE_STRIKE_INSIDE,2021-08-18,2021-08-12,-4,WING_60,ONE_STRIKE_INSIDE,50,-5158.00892882,2
ID30_04_WING_60_ONE_STRIKE_INSIDE,2021-08-26,2021-08-20,-4,WING_60,ONE_STRIKE_INSIDE,50,-524.341977705,2
ID30_04_WING_60_ONE_STRIKE_INSIDE,2021-09-02,2021-08-27,-4,WING_60,ONE_STRIKE_INSIDE,50,-4460.99758781,2
ID30_04_WING_60_ONE_STRIKE_INSIDE,2021-09-09,2021-09-03,-4,WING_60,ONE_STRIKE_INSIDE,50,5089.492381619998,2
ID30_04_WING_60_ONE_STRIKE_INSIDE,2021-09-16,2021-09-09,-4,WING_60,ONE_STRIKE_INSIDE,50,415.6874745999982,2
ID30_04_WING_60_ONE_STRIKE_INSIDE,2021-09-23,2021-09-17,-4,WING_60,ONE_STRIKE_INSIDE,50,4834.4859218599995,2
ID30_04_WING_60_ONE_STRIKE_INSIDE,2021-09-30,2021-09-24,-4,WING_60,ONE_STRIKE_INSIDE,50,-4429.574019609998,2
ID30_04_WING_60_ONE_STRIKE_INSIDE,2021-10-07,2021-10-01,-4,WING_60,ONE_STRIKE_INSIDE,50,-3938.43728904,2
ID30_04_WING_60_ONE_STRIKE_INSIDE,2021-10-14,2021-10-08,-4,WING_60,ONE_STRIKE_INSIDE,50,-4346.371398994995,2
ID30_04_WING_60_ONE_STRIKE_INSIDE,2021-10-21,2021-10-14,-4,WING_60,ONE_STRIKE_INSIDE,50,613.4147001650017,2
ID30_04_WING_60_ONE_STRIKE_INSIDE,2021-10-28,2021-10-22,-4,WING_60,ONE_STRIKE_INSIDE,50,-4447.413106819995,2
ID30_04_WING_60_ONE_STRIKE_INSIDE,2021-11-18,2021-11-12,-4,WING_60,ONE_STRIKE_INSIDE,50,-4867.314321514997,2
ID30_04_WING_60_ONE_STRIKE_INSIDE,2021-11-25,2021-11-18,-4,WING_60,ONE_STRIKE_INSIDE,50,-4618.509176829998,2
ID30_04_WING_60_ONE_STRIKE_INSIDE,2021-12-02,2021-11-26,-4,WING_60,ONE_STRIKE_INSIDE,50,5482.076567315002,2
ID30_04_WING_60_ONE_STRIKE_INSIDE,2021-12-09,2021-12-03,-4,WING_60,ONE_STRIKE_INSIDE,50,5242.360948310002,2
ID30_04_WING_60_ONE_STRIKE_INSIDE,2021-12-16,2021-12-10,-4,WING_60,ONE_STRIKE_INSIDE,50,-4906.994146260002,2
ID30_04_WING_60_ONE_STRIKE_INSIDE,2021-12-23,2021-12-17,-4,WING_60,ONE_STRIKE_INSIDE,50,-961.8970247749983,2
ID30_04_WING_60_ONE_STRIKE_INSIDE,2021-12-30,2021-12-24,-4,WING_60,ONE_STRIKE_INSIDE,50,4629.936581610002,2
ID30_04_WING_60_ONE_STRIKE_INSIDE,2022-01-06,2021-12-31,-4,WING_60,ONE_STRIKE_INSIDE,50,-3984.3005095099984,2
ID30_04_WING_60_ONE_STRIKE_INSIDE,2022-01-13,2022-01-07,-4,WING_60,ONE_STRIKE_INSIDE,50,659.4631754700008,2
ID30_04_WING_60_ONE_STRIKE_INSIDE,2022-01-20,2022-01-14,-4,WING_60,ONE_STRIKE_INSIDE,50,225.01542500500182,2
ID30_04_WING_60_ONE_STRIKE_INSIDE,2022-01-27,2022-01-20,-4,WING_60,ONE_STRIKE_INSIDE,50,-5269.770797345,2
ID30_04_WING_60_ONE_STRIKE_INSIDE,2022-02-03,2022-01-28,-4,WING_60,ONE_STRIKE_INSIDE,50,1045.8427281700056,2
ID30_04_WING_60_ONE_STRIKE_INSIDE,2022-02-10,2022-02-04,-4,WING_60,ONE_STRIKE_INSIDE,50,3970.6955572150036,2
ID30_04_WING_60_ONE_STRIKE_INSIDE,2022-02-17,2022-02-11,-4,WING_60,ONE_STRIKE_INSIDE,50,-490.59920926499456,2
ID30_04_WING_60_ONE_STRIKE_INSIDE,2022-02-24,2022-02-18,-4,WING_60,ONE_STRIKE_INSIDE,50,-4737.16885251,2
ID30_04_WING_60_ONE_STRIKE_INSIDE,2022-03-03,2022-02-24,-4,WING_60,ONE_STRIKE_INSIDE,50,-3185.3152671749945,2
ID30_04_WING_60_ONE_STRIKE_INSIDE,2022-03-10,2022-03-04,-4,WING_60,ONE_STRIKE_INSIDE,50,1023.2776189900018,2
ID30_04_WING_60_ONE_STRIKE_INSIDE,2022-03-17,2022-03-11,-4,WING_60,ONE_STRIKE_INSIDE,50,879.0138970050073,2
ID30_04_WING_60_ONE_STRIKE_INSIDE,2022-03-24,2022-03-17,-4,WING_60,ONE_STRIKE_INSIDE,50,5354.1533946300015,2
ID30_04_WING_60_ONE_STRIKE_INSIDE,2022-03-31,2022-03-25,-4,WING_60,ONE_STRIKE_INSIDE,50,1037.6760941950054,2
ID30_04_WING_60_ONE_STRIKE_INSIDE,2022-04-07,2022-04-01,-4,WING_60,ONE_STRIKE_INSIDE,50,-807.1335384749981,2
ID30_04_WING_60_ONE_STRIKE_INSIDE,2022-04-13,2022-04-07,-4,WING_60,ONE_STRIKE_INSIDE,50,-4534.64991145,2
ID30_04_WING_60_ONE_STRIKE_INSIDE,2022-04-21,2022-04-13,-4,WING_60,ONE_STRIKE_INSIDE,50,-4860.961615045,2
ID30_04_WING_60_ONE_STRIKE_INSIDE,2022-04-28,2022-04-22,-4,WING_60,ONE_STRIKE_INSIDE,50,4646.505531615,2
ID30_04_WING_60_ONE_STRIKE_INSIDE,2022-05-05,2022-04-28,-4,WING_60,ONE_STRIKE_INSIDE,50,967.7146983200055,2
ID30_04_WING_60_ONE_STRIKE_INSIDE,2022-05-12,2022-05-06,-4,WING_60,ONE_STRIKE_INSIDE,50,-4260.734709684993,2
ID30_04_WING_60_ONE_STRIKE_INSIDE,2022-05-19,2022-05-13,-4,WING_60,ONE_STRIKE_INSIDE,50,-4202.563800634996,2
ID30_04_WING_60_ONE_STRIKE_INSIDE,2022-05-26,2022-05-20,-4,WING_60,ONE_STRIKE_INSIDE,50,5289.992284460001,2
ID30_04_WING_60_ONE_STRIKE_INSIDE,2022-06-02,2022-05-27,-4,WING_60,ONE_STRIKE_INSIDE,50,689.8317290350055,2
ID30_04_WING_60_ONE_STRIKE_INSIDE,2022-06-09,2022-06-03,-4,WING_60,ONE_STRIKE_INSIDE,50,-4103.483409549996,2
ID30_04_WING_60_ONE_STRIKE_INSIDE,2022-06-16,2022-06-10,-4,WING_60,ONE_STRIKE_INSIDE,50,-4702.165255115,2
ID30_04_WING_60_ONE_STRIKE_INSIDE,2022-06-23,2022-06-17,-4,WING_60,ONE_STRIKE_INSIDE,50,-3698.819923069994,2
ID30_04_WING_60_ONE_STRIKE_INSIDE,2022-06-30,2022-06-24,-4,WING_60,ONE_STRIKE_INSIDE,50,5454.985292430002,2
ID30_04_WING_60_ONE_STRIKE_INSIDE,2022-07-07,2022-07-01,-4,WING_60,ONE_STRIKE_INSIDE,50,804.2016375800091,2
ID30_04_WING_60_ONE_STRIKE_INSIDE,2022-07-14,2022-07-08,-4,WING_60,ONE_STRIKE_INSIDE,50,-4036.243553669999,2
ID30_04_WING_60_ONE_STRIKE_INSIDE,2022-07-21,2022-07-15,-4,WING_60,ONE_STRIKE_INSIDE,50,-4551.929283634998,2
ID30_04_WING_60_ONE_STRIKE_INSIDE,2022-07-28,2022-07-22,-4,WING_60,ONE_STRIKE_INSIDE,50,2781.116674605,2
ID30_04_WING_60_ONE_STRIKE_INSIDE,2022-08-04,2022-07-29,-4,WING_60,ONE_STRIKE_INSIDE,50,504.4181694700003,2
ID30_04_WING_60_ONE_STRIKE_INSIDE,2022-08-11,2022-08-04,-4,WING_60,ONE_STRIKE_INSIDE,50,2484.1775999000038,2
ID30_04_WING_60_ONE_STRIKE_INSIDE,2022-08-18,2022-08-11,-4,WING_60,ONE_STRIKE_INSIDE,50,-3633.56330544,2
ID30_04_WING_60_ONE_STRIKE_INSIDE,2022-08-25,2022-08-19,-4,WING_60,ONE_STRIKE_INSIDE,50,-5041.03365912,2
ID30_04_WING_60_ONE_STRIKE_INSIDE,2022-09-01,2022-08-25,-4,WING_60,ONE_STRIKE_INSIDE,50,-3985.4803592699964,2
ID30_04_WING_60_ONE_STRIKE_INSIDE,2022-09-08,2022-09-02,-4,WING_60,ONE_STRIKE_INSIDE,50,-3014.3460333699963,2
ID30_04_WING_60_ONE_STRIKE_INSIDE,2022-09-15,2022-09-09,-4,WING_60,ONE_STRIKE_INSIDE,50,3149.505742245,2
ID30_04_WING_60_ONE_STRIKE_INSIDE,2022-09-22,2022-09-16,-4,WING_60,ONE_STRIKE_INSIDE,50,-1563.0268820449946,2
ID30_04_WING_60_ONE_STRIKE_INSIDE,2022-09-29,2022-09-23,-4,WING_60,ONE_STRIKE_INSIDE,50,-4420.4904584399965,2
ID30_04_WING_60_ONE_STRIKE_INSIDE,2022-10-06,2022-09-29,-4,WING_60,ONE_STRIKE_INSIDE,50,814.2060829200091,2
ID30_04_WING_60_ONE_STRIKE_INSIDE,2022-10-13,2022-10-07,-4,WING_60,ONE_STRIKE_INSIDE,50,-2582.841581309995,2
ID30_04_WING_60_ONE_STRIKE_INSIDE,2022-10-20,2022-10-14,-4,WING_60,ONE_STRIKE_INSIDE,50,1697.384538635002,2
ID30_04_WING_60_ONE_STRIKE_INSIDE,2022-10-27,2022-10-20,-4,WING_60,ONE_STRIKE_INSIDE,50,-4720.617202165,2
ID30_04_WING_60_ONE_STRIKE_INSIDE,2022-11-03,2022-10-28,-4,WING_60,ONE_STRIKE_INSIDE,50,674.6743345049999,2
ID30_04_WING_60_ONE_STRIKE_INSIDE,2022-11-10,2022-11-03,-4,WING_60,ONE_STRIKE_INSIDE,50,6359.608775310002,2
ID30_04_WING_60_ONE_STRIKE_INSIDE,2022-11-17,2022-11-11,-4,WING_60,ONE_STRIKE_INSIDE,50,5074.730798955,0
ID30_04_WING_60_ONE_STRIKE_INSIDE,2022-11-24,2022-11-18,-4,WING_60,ONE_STRIKE_INSIDE,50,4705.23549727,2
ID30_04_WING_60_ONE_STRIKE_INSIDE,2022-12-01,2022-11-25,-4,WING_60,ONE_STRIKE_INSIDE,50,-4553.532742695,2
ID30_04_WING_60_ONE_STRIKE_INSIDE,2022-12-08,2022-12-02,-4,WING_60,ONE_STRIKE_INSIDE,50,-3813.8471606199982,2
ID30_04_WING_60_ONE_STRIKE_INSIDE,2022-12-15,2022-12-09,-4,WING_60,ONE_STRIKE_INSIDE,50,-5392.378397575,2
ID30_04_WING_60_ONE_STRIKE_INSIDE,2022-12-22,2022-12-16,-4,WING_60,ONE_STRIKE_INSIDE,50,-5064.571467535,2
ID30_04_WING_60_ONE_STRIKE_INSIDE,2022-12-29,2022-12-23,-4,WING_60,ONE_STRIKE_INSIDE,50,4244.46532564,2
ID30_04_WING_60_ONE_STRIKE_INSIDE,2023-01-05,2022-12-30,-4,WING_60,ONE_STRIKE_INSIDE,50,-4885.49003559,2
ID30_04_WING_60_ONE_STRIKE_INSIDE,2023-01-12,2023-01-06,-4,WING_60,ONE_STRIKE_INSIDE,50,-4403.489965819998,2
ID30_04_WING_60_ONE_STRIKE_INSIDE,2023-01-19,2023-01-13,-4,WING_60,ONE_STRIKE_INSIDE,50,-4117.358705579999,2
ID30_04_WING_60_ONE_STRIKE_INSIDE,2023-01-25,2023-01-19,-4,WING_60,ONE_STRIKE_INSIDE,50,-4527.479886390003,2
ID30_04_WING_60_ONE_STRIKE_INSIDE,2023-02-02,2023-01-27,-4,WING_60,ONE_STRIKE_INSIDE,50,-3876.872896649995,2
ID30_04_WING_60_ONE_STRIKE_INSIDE,2023-02-09,2023-02-03,-4,WING_60,ONE_STRIKE_INSIDE,50,-3475.4023723699966,2
ID30_04_WING_60_ONE_STRIKE_INSIDE,2023-02-16,2023-02-10,-4,WING_60,ONE_STRIKE_INSIDE,50,1854.908069585,2
ID30_04_WING_60_ONE_STRIKE_INSIDE,2023-02-23,2023-02-17,-4,WING_60,ONE_STRIKE_INSIDE,50,-6060.181753404996,2
ID30_04_WING_60_ONE_STRIKE_INSIDE,2023-03-02,2023-02-24,-4,WING_60,ONE_STRIKE_INSIDE,50,-4963.70968909,2
ID30_04_WING_60_ONE_STRIKE_INSIDE,2023-03-09,2023-03-02,-4,WING_60,ONE_STRIKE_INSIDE,50,-3928.138717194998,2
ID30_04_WING_60_ONE_STRIKE_INSIDE,2023-03-16,2023-03-10,-4,WING_60,ONE_STRIKE_INSIDE,50,327.93479150999997,2
ID30_04_WING_60_ONE_STRIKE_INSIDE,2023-03-23,2023-03-17,-4,WING_60,ONE_STRIKE_INSIDE,50,3032.775482214999,2
ID30_04_WING_60_ONE_STRIKE_INSIDE,2023-03-29,2023-03-23,-4,WING_60,ONE_STRIKE_INSIDE,50,1947.748634485,2
ID30_04_WING_60_ONE_STRIKE_INSIDE,2023-04-06,2023-03-29,-4,WING_60,ONE_STRIKE_INSIDE,50,-3527.41511867,2
ID30_04_WING_60_ONE_STRIKE_INSIDE,2023-04-13,2023-04-06,-4,WING_60,ONE_STRIKE_INSIDE,50,-3927.926254125002,2
ID30_04_WING_60_ONE_STRIKE_INSIDE,2023-04-20,2023-04-13,-4,WING_60,ONE_STRIKE_INSIDE,50,-4843.333002735,2
ID30_04_WING_60_ONE_STRIKE_INSIDE,2023-04-27,2023-04-21,-4,WING_60,ONE_STRIKE_INSIDE,50,299.12187119000004,2
ID30_04_WING_60_ONE_STRIKE_INSIDE,2023-05-04,2023-04-27,-4,WING_60,ONE_STRIKE_INSIDE,50,-4594.23173692,2
ID30_04_WING_60_ONE_STRIKE_INSIDE,2023-05-11,2023-05-05,-4,WING_60,ONE_STRIKE_INSIDE,50,3983.179857255,2
ID30_04_WING_60_ONE_STRIKE_INSIDE,2023-05-18,2023-05-12,-4,WING_60,ONE_STRIKE_INSIDE,50,4804.810536,2
ID30_04_WING_60_ONE_STRIKE_INSIDE,2023-05-25,2023-05-19,-4,WING_60,ONE_STRIKE_INSIDE,50,3457.8263023599998,2
ID30_04_WING_60_ONE_STRIKE_INSIDE,2023-06-01,2023-05-26,-4,WING_60,ONE_STRIKE_INSIDE,50,-939.2768084299981,2
ID30_04_WING_60_ONE_STRIKE_INSIDE,2023-06-08,2023-06-02,-4,WING_60,ONE_STRIKE_INSIDE,50,4630.325649685,2
ID30_04_WING_60_ONE_STRIKE_INSIDE,2023-06-15,2023-06-09,-4,WING_60,ONE_STRIKE_INSIDE,50,3568.060443025,2
ID30_04_WING_60_ONE_STRIKE_INSIDE,2023-06-22,2023-06-16,-4,WING_60,ONE_STRIKE_INSIDE,50,3051.328980855,2
ID30_04_WING_60_ONE_STRIKE_INSIDE,2023-06-28,2023-06-22,-4,WING_60,ONE_STRIKE_INSIDE,50,4737.228075835,2
ID30_04_WING_60_ONE_STRIKE_INSIDE,2023-07-06,2023-06-30,-4,WING_60,ONE_STRIKE_INSIDE,50,-5090.573199470001,2
ID30_04_WING_60_ONE_STRIKE_INSIDE,2023-07-13,2023-07-07,-4,WING_60,ONE_STRIKE_INSIDE,50,-2878.621410925,2
ID30_04_WING_60_ONE_STRIKE_INSIDE,2023-07-20,2023-07-14,-4,WING_60,ONE_STRIKE_INSIDE,50,-5091.82209295,2
ID30_04_WING_60_ONE_STRIKE_INSIDE,2023-07-27,2023-07-21,-4,WING_60,ONE_STRIKE_INSIDE,50,-4937.140941414997,2
ID30_04_WING_60_ONE_STRIKE_INSIDE,2023-08-03,2023-07-28,-4,WING_60,ONE_STRIKE_INSIDE,50,774.3137757400018,2
ID30_04_WING_60_ONE_STRIKE_INSIDE,2023-08-10,2023-08-04,-4,WING_60,ONE_STRIKE_INSIDE,50,5617.359749695,0
ID30_04_WING_60_ONE_STRIKE_INSIDE,2023-08-17,2023-08-10,-4,WING_60,ONE_STRIKE_INSIDE,50,-4955.88500098,2
ID30_04_WING_60_ONE_STRIKE_INSIDE,2023-08-24,2023-08-18,-4,WING_60,ONE_STRIKE_INSIDE,50,2561.587881034999,2
ID30_04_WING_60_ONE_STRIKE_INSIDE,2023-08-31,2023-08-25,-4,WING_60,ONE_STRIKE_INSIDE,50,2814.6085445399976,0
ID30_04_WING_60_ONE_STRIKE_INSIDE,2023-09-07,2023-09-01,-4,WING_60,ONE_STRIKE_INSIDE,50,-3982.1791838199983,2
ID30_04_WING_60_ONE_STRIKE_INSIDE,2023-09-14,2023-09-08,-4,WING_60,ONE_STRIKE_INSIDE,50,-4832.5099026,2
ID30_04_WING_60_ONE_STRIKE_INSIDE,2023-09-21,2023-09-14,-4,WING_60,ONE_STRIKE_INSIDE,50,-5017.692389049995,2
ID30_04_WING_60_ONE_STRIKE_INSIDE,2023-09-28,2023-09-22,-4,WING_60,ONE_STRIKE_INSIDE,50,-5195.216858,2
ID30_04_WING_60_ONE_STRIKE_INSIDE,2023-10-05,2023-09-28,-4,WING_60,ONE_STRIKE_INSIDE,50,-5266.6243505750035,2
ID30_04_WING_60_ONE_STRIKE_INSIDE,2023-10-12,2023-10-06,-4,WING_60,ONE_STRIKE_INSIDE,50,2421.529629069999,2
ID30_04_WING_60_ONE_STRIKE_INSIDE,2023-10-19,2023-10-13,-4,WING_60,ONE_STRIKE_INSIDE,50,-3171.177739275,2
ID30_04_WING_60_ONE_STRIKE_INSIDE,2023-10-26,2023-10-19,-4,WING_60,ONE_STRIKE_INSIDE,50,-4372.858470325,2
ID30_04_WING_60_ONE_STRIKE_INSIDE,2023-11-02,2023-10-27,-4,WING_60,ONE_STRIKE_INSIDE,50,-995.2221613349982,2
ID30_04_WING_60_ONE_STRIKE_INSIDE,2023-11-09,2023-11-03,-4,WING_60,ONE_STRIKE_INSIDE,50,360.73937612,2
ID30_04_WING_60_ONE_STRIKE_INSIDE,2023-11-16,2023-11-10,-4,WING_60,ONE_STRIKE_INSIDE,50,-7394.309202075,2
ID30_04_WING_60_ONE_STRIKE_INSIDE,2023-11-23,2023-11-17,-4,WING_60,ONE_STRIKE_INSIDE,50,4869.439066214999,2
ID30_04_WING_60_ONE_STRIKE_INSIDE,2023-11-30,2023-11-23,-4,WING_60,ONE_STRIKE_INSIDE,50,152.46791062,2
ID30_04_WING_60_ONE_STRIKE_INSIDE,2023-12-07,2023-12-01,-4,WING_60,ONE_STRIKE_INSIDE,50,-7150.9843187399965,2
ID30_04_WING_60_ONE_STRIKE_INSIDE,2023-12-14,2023-12-08,-4,WING_60,ONE_STRIKE_INSIDE,50,2078.4929493150003,2
ID30_04_WING_60_ONE_STRIKE_INSIDE,2023-12-21,2023-12-15,-4,WING_60,ONE_STRIKE_INSIDE,50,5580.806394980002,2
ID30_04_WING_60_ONE_STRIKE_INSIDE,2023-12-28,2023-12-21,-4,WING_60,ONE_STRIKE_INSIDE,50,-3531.5349360049927,2
ID30_04_WING_60_ONE_STRIKE_INSIDE,2024-01-04,2023-12-29,-4,WING_60,ONE_STRIKE_INSIDE,50,-1778.1118382200018,2
ID30_04_WING_60_ONE_STRIKE_INSIDE,2024-01-11,2024-01-05,-4,WING_60,ONE_STRIKE_INSIDE,50,-2588.7003114649983,2
ID30_04_WING_60_ONE_STRIKE_INSIDE,2024-01-18,2024-01-12,-4,WING_60,ONE_STRIKE_INSIDE,50,792.1820916299991,2
ID30_04_WING_60_ONE_STRIKE_INSIDE,2024-01-25,2024-01-19,-4,WING_60,ONE_STRIKE_INSIDE,50,-4521.884743674997,2
ID30_04_WING_60_ONE_STRIKE_INSIDE,2024-02-01,2024-01-25,-4,WING_60,ONE_STRIKE_INSIDE,50,557.5828924200039,2
ID30_04_WING_60_ONE_STRIKE_INSIDE,2024-02-08,2024-02-02,-4,WING_60,ONE_STRIKE_INSIDE,50,-4460.014276395,2
ID30_04_WING_60_ONE_STRIKE_INSIDE,2024-02-15,2024-02-09,-4,WING_60,ONE_STRIKE_INSIDE,50,5089.376861200003,2
ID30_04_WING_60_ONE_STRIKE_INSIDE,2024-02-22,2024-02-16,-4,WING_60,ONE_STRIKE_INSIDE,50,-589.0063530749983,2
ID30_04_WING_60_ONE_STRIKE_INSIDE,2024-02-29,2024-02-23,-4,WING_60,ONE_STRIKE_INSIDE,50,-3988.0598096649983,2
ID30_04_WING_60_ONE_STRIKE_INSIDE,2024-03-07,2024-03-02,-4,WING_60,ONE_STRIKE_INSIDE,50,5848.447216425002,2
ID30_04_WING_60_ONE_STRIKE_INSIDE,2024-03-14,2024-03-07,-4,WING_60,ONE_STRIKE_INSIDE,50,-4395.81664974,2
ID30_04_WING_60_ONE_STRIKE_INSIDE,2024-03-21,2024-03-15,-4,WING_60,ONE_STRIKE_INSIDE,50,-2131.923811659998,2
ID30_04_WING_60_ONE_STRIKE_INSIDE,2024-03-28,2024-03-21,-4,WING_60,ONE_STRIKE_INSIDE,50,458.7322253350036,2
ID30_04_WING_60_ONE_STRIKE_INSIDE,2024-04-04,2024-03-28,-4,WING_60,ONE_STRIKE_INSIDE,50,-3353.876375319991,2
ID30_04_WING_60_ONE_STRIKE_INSIDE,2024-04-10,2024-04-04,-4,WING_60,ONE_STRIKE_INSIDE,50,977.96877518,2
ID30_04_WING_60_ONE_STRIKE_INSIDE,2024-04-18,2024-04-10,-4,WING_60,ONE_STRIKE_INSIDE,50,-4963.65456256,2
ID30_04_WING_60_ONE_STRIKE_INSIDE,2024-04-25,2024-04-19,-4,WING_60,ONE_STRIKE_INSIDE,50,-4219.141368194996,2
ID30_04_WING_60_ONE_STRIKE_INSIDE,2024-05-02,2024-04-25,-4,WING_60,ONE_STRIKE_INSIDE,25,-2308.2241835424984,2
ID30_04_WING_60_ONE_STRIKE_INSIDE,2024-05-09,2024-05-03,-4,WING_60,ONE_STRIKE_INSIDE,25,-2697.7455417974998,2
ID30_04_WING_60_ONE_STRIKE_INSIDE,2024-05-16,2024-05-10,-4,WING_60,ONE_STRIKE_INSIDE,25,284.2497540700016,2
ID30_04_WING_60_ONE_STRIKE_INSIDE,2024-05-23,2024-05-17,-4,WING_60,ONE_STRIKE_INSIDE,25,-2018.144398427499,2
ID30_04_WING_60_ONE_STRIKE_INSIDE,2024-05-30,2024-05-24,-4,WING_60,ONE_STRIKE_INSIDE,25,-2428.60086667,2
ID30_04_WING_60_ONE_STRIKE_INSIDE,2024-06-06,2024-05-31,-4,WING_60,ONE_STRIKE_INSIDE,25,2694.7408000450037,2
ID30_04_WING_60_ONE_STRIKE_INSIDE,2024-06-13,2024-06-07,-4,WING_60,ONE_STRIKE_INSIDE,25,-1977.2395705174981,2
ID30_04_WING_60_ONE_STRIKE_INSIDE,2024-06-20,2024-06-13,-4,WING_60,ONE_STRIKE_INSIDE,25,158.36025976499997,2
ID30_04_WING_60_ONE_STRIKE_INSIDE,2024-06-27,2024-06-21,-4,WING_60,ONE_STRIKE_INSIDE,25,31.870225172499943,2
ID30_04_WING_60_ONE_STRIKE_INSIDE,2024-07-04,2024-06-28,-4,WING_60,ONE_STRIKE_INSIDE,25,1282.0062726224996,2
ID30_04_WING_60_ONE_STRIKE_INSIDE,2024-07-11,2024-07-05,-4,WING_60,ONE_STRIKE_INSIDE,25,1350.318413750001,2
ID30_04_WING_60_ONE_STRIKE_INSIDE,2024-07-18,2024-07-11,-4,WING_60,ONE_STRIKE_INSIDE,25,111.85964363000005,2
ID30_04_WING_60_ONE_STRIKE_INSIDE,2024-07-25,2024-07-19,-4,WING_60,ONE_STRIKE_INSIDE,25,-2132.616216819997,2
ID30_04_WING_60_ONE_STRIKE_INSIDE,2024-08-01,2024-07-26,-4,WING_60,ONE_STRIKE_INSIDE,25,-2310.2688226774962,2
ID30_04_WING_60_ONE_STRIKE_INSIDE,2024-08-08,2024-08-02,-4,WING_60,ONE_STRIKE_INSIDE,25,-2268.071942507498,2
ID30_04_WING_60_ONE_STRIKE_INSIDE,2024-08-14,2024-08-08,-4,WING_60,ONE_STRIKE_INSIDE,25,16.43929266999993,2
ID30_04_WING_60_ONE_STRIKE_INSIDE,2024-08-22,2024-08-16,-4,WING_60,ONE_STRIKE_INSIDE,25,64.11510766750092,2
ID30_04_WING_60_ONE_STRIKE_INSIDE,2024-08-29,2024-08-23,-4,WING_60,ONE_STRIKE_INSIDE,25,-2068.4982718849983,2
ID30_04_WING_60_ONE_STRIKE_INSIDE,2024-09-05,2024-08-30,-4,WING_60,ONE_STRIKE_INSIDE,25,-1344.6151067025,2
ID30_04_WING_60_ONE_STRIKE_INSIDE,2024-09-12,2024-09-06,-4,WING_60,ONE_STRIKE_INSIDE,25,1148.677185170001,2
ID30_04_WING_60_ONE_STRIKE_INSIDE,2024-09-19,2024-09-13,-4,WING_60,ONE_STRIKE_INSIDE,25,1507.2865545899995,2
ID30_04_WING_60_ONE_STRIKE_INSIDE,2024-09-26,2024-09-20,-4,WING_60,ONE_STRIKE_INSIDE,25,-2265.43306326,2
ID30_04_WING_60_ONE_STRIKE_INSIDE,2024-10-03,2024-09-26,-4,WING_60,ONE_STRIKE_INSIDE,25,306.4301136350019,2
ID30_04_WING_60_ONE_STRIKE_INSIDE,2024-10-10,2024-10-04,-4,WING_60,ONE_STRIKE_INSIDE,25,1882.9552096550005,2
ID30_04_WING_60_ONE_STRIKE_INSIDE,2024-10-17,2024-10-11,-4,WING_60,ONE_STRIKE_INSIDE,25,-2383.6220332499997,2
ID30_04_WING_60_ONE_STRIKE_INSIDE,2024-10-24,2024-10-18,-4,WING_60,ONE_STRIKE_INSIDE,25,476.5392057350009,2
ID30_04_WING_60_ONE_STRIKE_INSIDE,2024-10-31,2024-10-25,-4,WING_60,ONE_STRIKE_INSIDE,25,-2340.26722483,2
ID30_04_WING_60_ONE_STRIKE_INSIDE,2024-11-14,2024-11-08,-4,WING_60,ONE_STRIKE_INSIDE,25,-1997.6358767674947,2
ID30_04_WING_60_ONE_STRIKE_INSIDE,2024-11-21,2024-11-13,-4,WING_60,ONE_STRIKE_INSIDE,75,-6328.519135552497,2
ID30_04_WING_60_ONE_STRIKE_INSIDE,2024-11-28,2024-11-22,-4,WING_60,ONE_STRIKE_INSIDE,75,762.3316685100001,2
ID30_04_WING_60_ONE_STRIKE_INSIDE,2024-12-05,2024-11-29,-4,WING_60,ONE_STRIKE_INSIDE,75,-4588.306349047492,2
ID30_04_WING_60_ONE_STRIKE_INSIDE,2024-12-12,2024-12-06,-4,WING_60,ONE_STRIKE_INSIDE,75,-5653.182232634989,2
ID30_04_WING_60_ONE_STRIKE_INSIDE,2024-12-19,2024-12-13,-4,WING_60,ONE_STRIKE_INSIDE,75,-5822.950385864996,2
ID30_04_WING_60_ONE_STRIKE_INSIDE,2024-12-26,2024-12-19,-4,WING_60,ONE_STRIKE_INSIDE,75,-6058.328408692492,2
ID30_04_WING_60_ONE_STRIKE_INSIDE,2025-01-02,2024-12-27,-4,WING_60,ONE_STRIKE_INSIDE,75,1099.1620434000038,2
ID30_04_WING_60_ONE_STRIKE_INSIDE,2025-01-09,2025-01-03,-4,WING_60,ONE_STRIKE_INSIDE,75,-6078.181250624993,2
ID30_04_WING_60_ONE_STRIKE_INSIDE,2025-01-16,2025-01-10,-4,WING_60,ONE_STRIKE_INSIDE,75,-6515.840570107496,2
ID30_04_WING_60_ONE_STRIKE_INSIDE,2025-01-23,2025-01-17,-4,WING_60,ONE_STRIKE_INSIDE,75,1538.9157772725018,2
ID30_04_WING_60_ONE_STRIKE_INSIDE,2025-01-30,2025-01-24,-4,WING_60,ONE_STRIKE_INSIDE,75,2244.546880717515,2
ID30_04_WING_60_ONE_STRIKE_INSIDE,2025-02-06,2025-02-01,-4,WING_60,ONE_STRIKE_INSIDE,75,7238.38914006,2
ID30_04_WING_60_ONE_STRIKE_INSIDE,2025-02-13,2025-02-07,-4,WING_60,ONE_STRIKE_INSIDE,75,-6605.70726849,2
ID30_04_WING_60_ONE_STRIKE_INSIDE,2025-02-20,2025-02-14,-4,WING_60,ONE_STRIKE_INSIDE,75,-5689.618329067493,2
ID30_04_WING_60_ONE_STRIKE_INSIDE,2025-02-27,2025-02-20,-4,WING_60,ONE_STRIKE_INSIDE,75,-6218.2149570825,2
ID30_04_WING_60_ONE_STRIKE_INSIDE,2025-03-06,2025-02-28,-4,WING_60,ONE_STRIKE_INSIDE,75,1307.7216547574944,2
ID30_04_WING_60_ONE_STRIKE_INSIDE,2025-03-13,2025-03-07,-4,WING_60,ONE_STRIKE_INSIDE,75,-6226.271044289996,2
ID30_04_WING_60_ONE_STRIKE_INSIDE,2025-03-20,2025-03-13,-4,WING_60,ONE_STRIKE_INSIDE,75,1081.50422823,2
ID30_04_WING_60_ONE_STRIKE_INSIDE,2025-03-27,2025-03-21,-4,WING_60,ONE_STRIKE_INSIDE,75,-6214.353740624996,2
ID30_04_WING_60_ONE_STRIKE_INSIDE,2025-04-03,2025-03-27,-4,WING_60,ONE_STRIKE_INSIDE,75,-6797.5721393625,2
ID30_04_WING_60_ONE_STRIKE_INSIDE,2025-04-09,2025-04-03,-4,WING_60,ONE_STRIKE_INSIDE,75,-6321.091471424993,2
ID30_04_WING_60_ONE_STRIKE_INSIDE,2025-04-17,2025-04-09,-4,WING_60,ONE_STRIKE_INSIDE,75,-3628.124509252514,2
ID30_04_WING_60_ONE_STRIKE_INSIDE,2025-04-24,2025-04-17,-4,WING_60,ONE_STRIKE_INSIDE,75,-5905.335652387493,2
ID30_04_WING_60_ONE_STRIKE_INSIDE,2025-04-30,2025-04-24,-4,WING_60,ONE_STRIKE_INSIDE,75,7715.923454152502,2
ID30_04_WING_60_ONE_STRIKE_INSIDE,2025-05-08,2025-05-02,-4,WING_60,ONE_STRIKE_INSIDE,75,-6686.743093709996,2
ID30_04_WING_60_ONE_STRIKE_INSIDE,2025-05-15,2025-05-09,-4,WING_60,ONE_STRIKE_INSIDE,75,951.6440002874999,2
ID30_04_WING_60_ONE_STRIKE_INSIDE,2025-05-22,2025-05-16,-4,WING_60,ONE_STRIKE_INSIDE,75,-6752.247364372496,2
ID30_04_WING_60_ONE_STRIKE_INSIDE,2025-05-29,2025-05-23,-4,WING_60,ONE_STRIKE_INSIDE,75,5527.100149852504,2
ID30_04_WING_60_ONE_STRIKE_INSIDE,2025-06-05,2025-05-30,-4,WING_60,ONE_STRIKE_INSIDE,75,-3604.690385834993,2
ID30_04_WING_60_ONE_STRIKE_INSIDE,2025-06-12,2025-06-06,-4,WING_60,ONE_STRIKE_INSIDE,75,1117.3238209200074,2
ID30_04_WING_60_ONE_STRIKE_INSIDE,2025-06-19,2025-06-13,-4,WING_60,ONE_STRIKE_INSIDE,75,-1866.472456755,2
ID30_04_WING_60_ONE_STRIKE_INSIDE,2025-06-26,2025-06-20,-4,WING_60,ONE_STRIKE_INSIDE,75,-6444.4931422125,2
ID30_04_WING_60_ONE_STRIKE_INSIDE,2025-07-03,2025-06-27,-4,WING_60,ONE_STRIKE_INSIDE,75,-5029.5161592,2
ID30_04_WING_60_ONE_STRIKE_INSIDE,2025-07-10,2025-07-04,-4,WING_60,ONE_STRIKE_INSIDE,75,-271.65745599000365,2
ID30_04_WING_60_ONE_STRIKE_INSIDE,2025-07-17,2025-07-11,-4,WING_60,ONE_STRIKE_INSIDE,75,-6896.7966211275,2
ID30_04_WING_60_ONE_STRIKE_INSIDE,2025-07-24,2025-07-18,-4,WING_60,ONE_STRIKE_INSIDE,75,5476.800702547498,2
ID30_04_WING_60_ONE_STRIKE_INSIDE,2025-07-31,2025-07-25,-4,WING_60,ONE_STRIKE_INSIDE,75,-6926.94141843,2
ID30_04_WING_60_ONE_STRIKE_INSIDE,2025-08-07,2025-08-01,-4,WING_60,ONE_STRIKE_INSIDE,75,-5479.45128231,2
ID30_04_WING_60_ONE_STRIKE_INSIDE,2025-08-14,2025-08-08,-4,WING_60,ONE_STRIKE_INSIDE,75,7315.7031401925,2
ID30_04_WING_60_ONE_STRIKE_INSIDE,2025-08-21,2025-08-14,-4,WING_60,ONE_STRIKE_INSIDE,75,-5862.276664934996,2
ID30_04_WING_60_ONE_STRIKE_INSIDE,2025-08-28,2025-08-21,-4,WING_60,ONE_STRIKE_INSIDE,75,-6602.5890208124965,2
ID30_04_WING_60_ONE_STRIKE_INSIDE,2025-09-02,2025-08-26,-4,WING_60,ONE_STRIKE_INSIDE,75,-6900.539322,2
ID30_04_WING_60_ONE_STRIKE_INSIDE,2025-09-09,2025-09-03,-4,WING_60,ONE_STRIKE_INSIDE,75,-9052.03020734249,2
ID30_04_WING_60_ONE_STRIKE_INSIDE,2025-09-16,2025-09-10,-4,WING_60,ONE_STRIKE_INSIDE,75,2123.0145608999983,2
ID30_04_WING_60_ONE_STRIKE_INSIDE,2025-09-23,2025-09-17,-4,WING_60,ONE_STRIKE_INSIDE,75,-7227.150487237496,2
ID30_04_WING_60_ONE_STRIKE_INSIDE,2025-09-30,2025-09-24,-4,WING_60,ONE_STRIKE_INSIDE,75,-7492.631449289996,2
ID30_04_WING_60_ONE_STRIKE_INSIDE,2025-10-07,2025-09-30,-4,WING_60,ONE_STRIKE_INSIDE,75,-5342.2699283925,2
ID30_04_WING_60_ONE_STRIKE_INSIDE,2025-10-14,2025-10-07,-4,WING_60,ONE_STRIKE_INSIDE,75,7343.389978484998,2
ID30_04_WING_60_ONE_STRIKE_INSIDE,2025-11-04,2025-10-29,-4,WING_60,ONE_STRIKE_INSIDE,75,-6994.2413551275,2
ID30_04_WING_60_ONE_STRIKE_INSIDE,2025-11-11,2025-11-04,-4,WING_60,ONE_STRIKE_INSIDE,75,4416.4622907675,2
ID30_04_WING_60_ONE_STRIKE_INSIDE,2025-11-18,2025-11-12,-4,WING_60,ONE_STRIKE_INSIDE,75,3970.832575492509,2
ID30_04_WING_60_ONE_STRIKE_INSIDE,2025-11-25,2025-11-19,-4,WING_60,ONE_STRIKE_INSIDE,75,8531.728272097504,2
ID30_04_WING_60_ONE_STRIKE_INSIDE,2025-12-02,2025-11-26,-4,WING_60,ONE_STRIKE_INSIDE,75,8634.689470860003,2
ID30_04_WING_60_ONE_STRIKE_INSIDE,2025-12-09,2025-12-03,-4,WING_60,ONE_STRIKE_INSIDE,75,-266.71963582500183,2
ID30_04_WING_60_ONE_STRIKE_INSIDE,2025-12-16,2025-12-10,-4,WING_60,ONE_STRIKE_INSIDE,75,3273.5951640675003,2
ID30_04_WING_60_ONE_STRIKE_INSIDE,2025-12-23,2025-12-17,-4,WING_60,ONE_STRIKE_INSIDE,75,427.10571771749994,2
ID30_04_WING_60_ONE_STRIKE_INSIDE,2025-12-30,2025-12-23,-4,WING_60,ONE_STRIKE_INSIDE,75,-5903.8537621725,2
ID30_04_WING_60_ONE_STRIKE_INSIDE,2026-01-06,2025-12-31,-4,WING_60,ONE_STRIKE_INSIDE,65,-998.6518666685018,2
ID30_04_WING_60_ONE_STRIKE_INSIDE,2026-01-13,2026-01-07,-4,WING_60,ONE_STRIKE_INSIDE,65,-6691.244534118504,2
ID30_04_WING_60_ONE_STRIKE_INSIDE,2026-01-20,2026-01-13,-4,WING_60,ONE_STRIKE_INSIDE,65,-6033.476474474996,2
ID30_04_WING_60_ONE_STRIKE_INSIDE,2026-01-27,2026-01-20,-4,WING_60,ONE_STRIKE_INSIDE,65,-6087.3890068825,2
ID30_04_WING_60_ONE_STRIKE_INSIDE,2026-02-03,2026-01-29,-4,WING_60,ONE_STRIKE_INSIDE,65,1041.3453252265144,2
ID30_04_WING_60_ONE_STRIKE_INSIDE,2026-02-10,2026-02-04,-4,WING_60,ONE_STRIKE_INSIDE,65,1799.7191083285,2
ID30_04_WING_60_ONE_STRIKE_INSIDE,2026-02-17,2026-02-11,-4,WING_60,ONE_STRIKE_INSIDE,65,-6739.383526871004,2
ID30_04_WING_60_ONE_STRIKE_INSIDE,2026-02-24,2026-02-18,-4,WING_60,ONE_STRIKE_INSIDE,65,-3393.655529025,2
ID30_04_WING_60_ONE_STRIKE_INSIDE,2026-03-02,2026-02-24,-4,WING_60,ONE_STRIKE_INSIDE,65,-6310.66727646289,2
ID30_04_WING_60_ONE_STRIKE_INSIDE,2026-03-10,2026-03-04,-4,WING_60,ONE_STRIKE_INSIDE,65,4765.43431748111,2
ID30_04_WING_60_ONE_STRIKE_INSIDE,2026-03-17,2026-03-11,-4,WING_60,ONE_STRIKE_INSIDE,65,-5540.929424851782,2
ID30_04_WING_60_ONE_STRIKE_INSIDE,2026-03-24,2026-03-18,-4,WING_60,ONE_STRIKE_INSIDE,65,-5925.752783368728,2
ID30_04_WING_60_ONE_STRIKE_INSIDE,2026-03-30,2026-03-23,-4,WING_60,ONE_STRIKE_INSIDE,65,-5677.568253038763,2
ID30_04_WING_60_ONE_STRIKE_INSIDE,2026-04-07,2026-03-30,-4,WING_60,ONE_STRIKE_INSIDE,65,2734.002926253497,2
ID30_04_WING_60_ONE_STRIKE_INSIDE,2026-04-13,2026-04-07,-4,WING_60,ONE_STRIKE_INSIDE,65,486.26154316401517,2
ID30_04_WING_60_ONE_STRIKE_INSIDE,2026-04-21,2026-04-15,-4,WING_60,ONE_STRIKE_INSIDE,65,-4268.971407711533,2
ID30_04_WING_60_ONE_STRIKE_INSIDE,2026-04-28,2026-04-22,-4,WING_60,ONE_STRIKE_INSIDE,65,-5151.230009679001,2
ID30_04_WING_60_ONE_STRIKE_INSIDE,2026-05-05,2026-04-28,-4,WING_60,ONE_STRIKE_INSIDE,65,-1341.7595404109682,2
ID30_04_WING_60_ONE_STRIKE_INSIDE,2026-05-12,2026-05-06,-4,WING_60,ONE_STRIKE_INSIDE,65,-5800.668571143938,2
ID30_04_WING_60_ONE_STRIKE_INSIDE,2026-05-19,2026-05-13,-4,WING_60,ONE_STRIKE_INSIDE,65,2033.6144391204818,2
ID30_04_WING_60_ONE_STRIKE_INSIDE,2026-05-26,2026-05-19,-4,WING_60,ONE_STRIKE_INSIDE,65,6967.625534922909,2
ID30_04_WING_60_ONE_STRIKE_INSIDE,2026-06-02,2026-05-20,-4,WING_60,ONE_STRIKE_INSIDE,65,-9894.754769688285,2
ID30_04_WING_60_ONE_STRIKE_INSIDE,2026-07-07,2026-06-29,-4,WING_60,ONE_STRIKE_INSIDE,65,1804.117350167724,2
ID30_04_WING_60_ONE_STRIKE_INSIDE,2026-07-14,2026-06-29,-4,WING_60,ONE_STRIKE_INSIDE,65,1678.123811286062,2
ID30_04_WING_60_ONE_STRIKE_INSIDE,2026-07-21,2026-06-29,-4,WING_60,ONE_STRIKE_INSIDE,65,-104.41273247443769,2
ID30_04_WING_60_ONE_STRIKE_INSIDE,2026-07-28,2026-06-29,-4,WING_60,ONE_STRIKE_INSIDE,65,635.292898990821,2
ID30_04_WING_60_ONE_STRIKE_INSIDE,2026-08-04,2026-06-29,-4,WING_60,ONE_STRIKE_INSIDE,65,2039.0747822722933,0
ID30_04_WING_60_RECENTER_BOTH,2021-07-08,2021-07-02,-4,WING_60,RECENTER_BOTH,50,-456.35615252000093,2
ID30_04_WING_60_RECENTER_BOTH,2021-07-15,2021-07-09,-4,WING_60,RECENTER_BOTH,50,-1090.6431653549994,2
ID30_04_WING_60_RECENTER_BOTH,2021-07-22,2021-07-15,-4,WING_60,RECENTER_BOTH,50,-5902.305975350001,2
ID30_04_WING_60_RECENTER_BOTH,2021-07-29,2021-07-23,-4,WING_60,RECENTER_BOTH,50,1456.274966109998,2
ID30_04_WING_60_RECENTER_BOTH,2021-08-05,2021-07-30,-4,WING_60,RECENTER_BOTH,50,-7677.268402815,2
ID30_04_WING_60_RECENTER_BOTH,2021-08-12,2021-08-06,-4,WING_60,RECENTER_BOTH,50,-21.40644723999992,2
ID30_04_WING_60_RECENTER_BOTH,2021-08-18,2021-08-12,-4,WING_60,RECENTER_BOTH,50,2336.7584445549965,2
ID30_04_WING_60_RECENTER_BOTH,2021-08-26,2021-08-20,-4,WING_60,RECENTER_BOTH,50,3101.741503884998,1
ID30_04_WING_60_RECENTER_BOTH,2021-09-02,2021-08-27,-4,WING_60,RECENTER_BOTH,50,-3499.34217306,2
ID30_04_WING_60_RECENTER_BOTH,2021-09-09,2021-09-03,-4,WING_60,RECENTER_BOTH,50,3907.6250152599964,2
ID30_04_WING_60_RECENTER_BOTH,2021-09-16,2021-09-09,-4,WING_60,RECENTER_BOTH,50,-5189.011193285002,2
ID30_04_WING_60_RECENTER_BOTH,2021-09-23,2021-09-17,-4,WING_60,RECENTER_BOTH,50,-12084.79424279,2
ID30_04_WING_60_RECENTER_BOTH,2021-09-30,2021-09-24,-4,WING_60,RECENTER_BOTH,50,-985.583191785001,2
ID30_04_WING_60_RECENTER_BOTH,2021-10-07,2021-10-01,-4,WING_60,RECENTER_BOTH,50,4239.896361545,2
ID30_04_WING_60_RECENTER_BOTH,2021-10-14,2021-10-08,-4,WING_60,RECENTER_BOTH,50,-4656.840823339997,2
ID30_04_WING_60_RECENTER_BOTH,2021-10-21,2021-10-14,-4,WING_60,RECENTER_BOTH,50,-3350.33383197,2
ID30_04_WING_60_RECENTER_BOTH,2021-10-28,2021-10-22,-4,WING_60,RECENTER_BOTH,50,-2266.1515239750015,2
ID30_04_WING_60_RECENTER_BOTH,2021-11-18,2021-11-12,-4,WING_60,RECENTER_BOTH,50,-4193.019785565,2
ID30_04_WING_60_RECENTER_BOTH,2021-11-25,2021-11-18,-4,WING_60,RECENTER_BOTH,50,322.85060091999605,2
ID30_04_WING_60_RECENTER_BOTH,2021-12-02,2021-11-26,-4,WING_60,RECENTER_BOTH,50,-3154.9483543000006,2
ID30_04_WING_60_RECENTER_BOTH,2021-12-09,2021-12-03,-4,WING_60,RECENTER_BOTH,50,-2987.46884288,2
ID30_04_WING_60_RECENTER_BOTH,2021-12-16,2021-12-10,-4,WING_60,RECENTER_BOTH,50,-2810.0824871900063,2
ID30_04_WING_60_RECENTER_BOTH,2021-12-23,2021-12-17,-4,WING_60,RECENTER_BOTH,50,-8025.037721015,2
ID30_04_WING_60_RECENTER_BOTH,2021-12-30,2021-12-24,-4,WING_60,RECENTER_BOTH,50,1020.157385275,2
ID30_04_WING_60_RECENTER_BOTH,2022-01-06,2021-12-31,-4,WING_60,RECENTER_BOTH,50,-4388.527419495,2
ID30_04_WING_60_RECENTER_BOTH,2022-01-13,2022-01-07,-4,WING_60,RECENTER_BOTH,50,-3763.2694932650043,2
ID30_04_WING_60_RECENTER_BOTH,2022-01-20,2022-01-14,-4,WING_60,RECENTER_BOTH,50,-4595.095836694994,2
ID30_04_WING_60_RECENTER_BOTH,2022-01-27,2022-01-20,-4,WING_60,RECENTER_BOTH,50,-3197.007779629996,2
ID30_04_WING_60_RECENTER_BOTH,2022-02-03,2022-01-28,-4,WING_60,RECENTER_BOTH,50,-2783.31849219,2
ID30_04_WING_60_RECENTER_BOTH,2022-02-10,2022-02-04,-4,WING_60,RECENTER_BOTH,50,-3125.1733792000005,2
ID30_04_WING_60_RECENTER_BOTH,2022-02-17,2022-02-11,-4,WING_60,RECENTER_BOTH,50,166.86478386499982,2
ID30_04_WING_60_RECENTER_BOTH,2022-02-24,2022-02-18,-4,WING_60,RECENTER_BOTH,50,-1168.78772671,2
ID30_04_WING_60_RECENTER_BOTH,2022-03-03,2022-02-24,-4,WING_60,RECENTER_BOTH,50,5039.1578562200075,2
ID30_04_WING_60_RECENTER_BOTH,2022-03-10,2022-03-04,-4,WING_60,RECENTER_BOTH,50,-2540.036122124998,2
ID30_04_WING_60_RECENTER_BOTH,2022-03-17,2022-03-11,-4,WING_60,RECENTER_BOTH,50,-3010.072424439996,2
ID30_04_WING_60_RECENTER_BOTH,2022-03-24,2022-03-17,-4,WING_60,RECENTER_BOTH,50,-2416.5787148,2
ID30_04_WING_60_RECENTER_BOTH,2022-03-31,2022-03-25,-4,WING_60,RECENTER_BOTH,50,-2865.66530247,2
ID30_04_WING_60_RECENTER_BOTH,2022-04-07,2022-04-01,-4,WING_60,RECENTER_BOTH,50,-7511.979919225001,2
ID30_04_WING_60_RECENTER_BOTH,2022-04-13,2022-04-07,-4,WING_60,RECENTER_BOTH,50,-3458.026349109998,2
ID30_04_WING_60_RECENTER_BOTH,2022-04-21,2022-04-13,-4,WING_60,RECENTER_BOTH,50,-8751.46018266,2
ID30_04_WING_60_RECENTER_BOTH,2022-04-28,2022-04-22,-4,WING_60,RECENTER_BOTH,50,-3793.134768720002,2
ID30_04_WING_60_RECENTER_BOTH,2022-05-05,2022-04-28,-4,WING_60,RECENTER_BOTH,50,-3621.483618445,2
ID30_04_WING_60_RECENTER_BOTH,2022-05-12,2022-05-06,-4,WING_60,RECENTER_BOTH,50,-5580.685726679998,2
ID30_04_WING_60_RECENTER_BOTH,2022-05-19,2022-05-13,-4,WING_60,RECENTER_BOTH,50,-3060.86619018,2
ID30_04_WING_60_RECENTER_BOTH,2022-05-26,2022-05-20,-4,WING_60,RECENTER_BOTH,50,-3124.4895003799998,2
ID30_04_WING_60_RECENTER_BOTH,2022-06-02,2022-05-27,-4,WING_60,RECENTER_BOTH,50,-3169.636979669999,2
ID30_04_WING_60_RECENTER_BOTH,2022-06-09,2022-06-03,-4,WING_60,RECENTER_BOTH,50,-147.65577448500198,2
ID30_04_WING_60_RECENTER_BOTH,2022-06-16,2022-06-10,-4,WING_60,RECENTER_BOTH,50,-6729.672511474996,2
ID30_04_WING_60_RECENTER_BOTH,2022-06-23,2022-06-17,-4,WING_60,RECENTER_BOTH,50,-2952.467207834999,2
ID30_04_WING_60_RECENTER_BOTH,2022-06-30,2022-06-24,-4,WING_60,RECENTER_BOTH,50,-2186.3822017400007,2
ID30_04_WING_60_RECENTER_BOTH,2022-07-07,2022-07-01,-4,WING_60,RECENTER_BOTH,50,-3250.86699358,2
ID30_04_WING_60_RECENTER_BOTH,2022-07-14,2022-07-08,-4,WING_60,RECENTER_BOTH,50,-574.031199945,2
ID30_04_WING_60_RECENTER_BOTH,2022-07-21,2022-07-15,-4,WING_60,RECENTER_BOTH,50,-4649.633616920002,2
ID30_04_WING_60_RECENTER_BOTH,2022-07-28,2022-07-22,-4,WING_60,RECENTER_BOTH,50,-3954.7900912100013,2
ID30_04_WING_60_RECENTER_BOTH,2022-08-04,2022-07-29,-4,WING_60,RECENTER_BOTH,50,-3855.4407936850002,2
ID30_04_WING_60_RECENTER_BOTH,2022-08-11,2022-08-04,-4,WING_60,RECENTER_BOTH,50,-3300.1940514949983,2
ID30_04_WING_60_RECENTER_BOTH,2022-08-18,2022-08-11,-4,WING_60,RECENTER_BOTH,50,1009.6445393599981,1
ID30_04_WING_60_RECENTER_BOTH,2022-08-25,2022-08-19,-4,WING_60,RECENTER_BOTH,50,-2832.9012300500017,2
ID30_04_WING_60_RECENTER_BOTH,2022-09-01,2022-08-25,-4,WING_60,RECENTER_BOTH,50,-1268.7266392699962,2
ID30_04_WING_60_RECENTER_BOTH,2022-09-08,2022-09-02,-4,WING_60,RECENTER_BOTH,50,-1347.238444015001,2
ID30_04_WING_60_RECENTER_BOTH,2022-09-15,2022-09-09,-4,WING_60,RECENTER_BOTH,50,3803.493936635,2
ID30_04_WING_60_RECENTER_BOTH,2022-09-22,2022-09-16,-4,WING_60,RECENTER_BOTH,50,-707.018996725001,2
ID30_04_WING_60_RECENTER_BOTH,2022-09-29,2022-09-23,-4,WING_60,RECENTER_BOTH,50,-2679.2657848999997,2
ID30_04_WING_60_RECENTER_BOTH,2022-10-06,2022-09-29,-4,WING_60,RECENTER_BOTH,50,-2861.53351093,2
ID30_04_WING_60_RECENTER_BOTH,2022-10-13,2022-10-07,-4,WING_60,RECENTER_BOTH,50,-1538.808830125,2
ID30_04_WING_60_RECENTER_BOTH,2022-10-20,2022-10-14,-4,WING_60,RECENTER_BOTH,50,-3450.576798975004,2
ID30_04_WING_60_RECENTER_BOTH,2022-10-27,2022-10-20,-4,WING_60,RECENTER_BOTH,50,-1206.9444906300005,2
ID30_04_WING_60_RECENTER_BOTH,2022-11-03,2022-10-28,-4,WING_60,RECENTER_BOTH,50,-1596.6862904550019,2
ID30_04_WING_60_RECENTER_BOTH,2022-11-10,2022-11-03,-4,WING_60,RECENTER_BOTH,50,-220.1289261500018,2
ID30_04_WING_60_RECENTER_BOTH,2022-11-17,2022-11-11,-4,WING_60,RECENTER_BOTH,50,5074.730798955,0
ID30_04_WING_60_RECENTER_BOTH,2022-11-24,2022-11-18,-4,WING_60,RECENTER_BOTH,50,-531.8396452300005,2
ID30_04_WING_60_RECENTER_BOTH,2022-12-01,2022-11-25,-4,WING_60,RECENTER_BOTH,50,-2243.709268205002,2
ID30_04_WING_60_RECENTER_BOTH,2022-12-08,2022-12-02,-4,WING_60,RECENTER_BOTH,50,3388.822015564998,2
ID30_04_WING_60_RECENTER_BOTH,2022-12-15,2022-12-09,-4,WING_60,RECENTER_BOTH,50,2454.1241120799996,2
ID30_04_WING_60_RECENTER_BOTH,2022-12-22,2022-12-16,-4,WING_60,RECENTER_BOTH,50,1950.2062825549958,2
ID30_04_WING_60_RECENTER_BOTH,2022-12-29,2022-12-23,-4,WING_60,RECENTER_BOTH,50,-3018.1959319099983,2
ID30_04_WING_60_RECENTER_BOTH,2023-01-05,2022-12-30,-4,WING_60,RECENTER_BOTH,50,1041.9104690449972,2
ID30_04_WING_60_RECENTER_BOTH,2023-01-12,2023-01-06,-4,WING_60,RECENTER_BOTH,50,5027.822124539996,2
ID30_04_WING_60_RECENTER_BOTH,2023-01-19,2023-01-13,-4,WING_60,RECENTER_BOTH,50,1692.8481017749996,2
ID30_04_WING_60_RECENTER_BOTH,2023-01-25,2023-01-19,-4,WING_60,RECENTER_BOTH,50,-6296.609127615002,2
ID30_04_WING_60_RECENTER_BOTH,2023-02-02,2023-01-27,-4,WING_60,RECENTER_BOTH,50,5356.703350589999,2
ID30_04_WING_60_RECENTER_BOTH,2023-02-09,2023-02-03,-4,WING_60,RECENTER_BOTH,50,-1369.6933388650027,2
ID30_04_WING_60_RECENTER_BOTH,2023-02-16,2023-02-10,-4,WING_60,RECENTER_BOTH,50,-3592.063893165001,2
ID30_04_WING_60_RECENTER_BOTH,2023-02-23,2023-02-17,-4,WING_60,RECENTER_BOTH,50,-5070.221350569998,2
ID30_04_WING_60_RECENTER_BOTH,2023-03-02,2023-02-24,-4,WING_60,RECENTER_BOTH,50,4264.264766685,2
ID30_04_WING_60_RECENTER_BOTH,2023-03-09,2023-03-02,-4,WING_60,RECENTER_BOTH,50,3484.72473012,2
ID30_04_WING_60_RECENTER_BOTH,2023-03-16,2023-03-10,-4,WING_60,RECENTER_BOTH,50,-4949.560485015,2
ID30_04_WING_60_RECENTER_BOTH,2023-03-23,2023-03-17,-4,WING_60,RECENTER_BOTH,50,-3054.6137636450003,2
ID30_04_WING_60_RECENTER_BOTH,2023-03-29,2023-03-23,-4,WING_60,RECENTER_BOTH,50,5123.890357125,1
ID30_04_WING_60_RECENTER_BOTH,2023-04-06,2023-03-29,-4,WING_60,RECENTER_BOTH,50,-6289.1429685150015,2
ID30_04_WING_60_RECENTER_BOTH,2023-04-13,2023-04-06,-4,WING_60,RECENTER_BOTH,50,1929.6184148399973,2
ID30_04_WING_60_RECENTER_BOTH,2023-04-20,2023-04-13,-4,WING_60,RECENTER_BOTH,50,4604.724642634998,2
ID30_04_WING_60_RECENTER_BOTH,2023-04-27,2023-04-21,-4,WING_60,RECENTER_BOTH,50,-3703.500457065001,2
ID30_04_WING_60_RECENTER_BOTH,2023-05-04,2023-04-27,-4,WING_60,RECENTER_BOTH,50,231.71372337499997,2
ID30_04_WING_60_RECENTER_BOTH,2023-05-11,2023-05-05,-4,WING_60,RECENTER_BOTH,50,1531.0473717649993,2
ID30_04_WING_60_RECENTER_BOTH,2023-05-18,2023-05-12,-4,WING_60,RECENTER_BOTH,50,-1615.091747895,2
ID30_04_WING_60_RECENTER_BOTH,2023-05-25,2023-05-19,-4,WING_60,RECENTER_BOTH,50,468.83461922499805,2
ID30_04_WING_60_RECENTER_BOTH,2023-06-01,2023-05-26,-4,WING_60,RECENTER_BOTH,50,919.495640265,1
ID30_04_WING_60_RECENTER_BOTH,2023-06-08,2023-06-02,-4,WING_60,RECENTER_BOTH,50,3292.267962335,2
ID30_04_WING_60_RECENTER_BOTH,2023-06-15,2023-06-09,-4,WING_60,RECENTER_BOTH,50,2217.8935742450003,2
ID30_04_WING_60_RECENTER_BOTH,2023-06-22,2023-06-16,-4,WING_60,RECENTER_BOTH,50,834.3401303849975,2
ID30_04_WING_60_RECENTER_BOTH,2023-06-28,2023-06-22,-4,WING_60,RECENTER_BOTH,50,-377.8038549500005,2
ID30_04_WING_60_RECENTER_BOTH,2023-07-06,2023-06-30,-4,WING_60,RECENTER_BOTH,50,-1769.918306950001,2
ID30_04_WING_60_RECENTER_BOTH,2023-07-13,2023-07-07,-4,WING_60,RECENTER_BOTH,50,3119.990725724998,2
ID30_04_WING_60_RECENTER_BOTH,2023-07-20,2023-07-14,-4,WING_60,RECENTER_BOTH,50,-2691.525712215,2
ID30_04_WING_60_RECENTER_BOTH,2023-07-27,2023-07-21,-4,WING_60,RECENTER_BOTH,50,1990.978316205,2
ID30_04_WING_60_RECENTER_BOTH,2023-08-03,2023-07-28,-4,WING_60,RECENTER_BOTH,50,-6016.594214005,2
ID30_04_WING_60_RECENTER_BOTH,2023-08-10,2023-08-04,-4,WING_60,RECENTER_BOTH,50,5617.359749695,0
ID30_04_WING_60_RECENTER_BOTH,2023-08-17,2023-08-10,-4,WING_60,RECENTER_BOTH,50,3446.707441485,2
ID30_04_WING_60_RECENTER_BOTH,2023-08-24,2023-08-18,-4,WING_60,RECENTER_BOTH,50,-2347.42870528,2
ID30_04_WING_60_RECENTER_BOTH,2023-08-31,2023-08-25,-4,WING_60,RECENTER_BOTH,50,2814.6085445399976,0
ID30_04_WING_60_RECENTER_BOTH,2023-09-07,2023-09-01,-4,WING_60,RECENTER_BOTH,50,-2745.075526900001,2
ID30_04_WING_60_RECENTER_BOTH,2023-09-14,2023-09-08,-4,WING_60,RECENTER_BOTH,50,2626.01758025,2
ID30_04_WING_60_RECENTER_BOTH,2023-09-21,2023-09-14,-4,WING_60,RECENTER_BOTH,50,-4928.630697255,2
ID30_04_WING_60_RECENTER_BOTH,2023-09-28,2023-09-22,-4,WING_60,RECENTER_BOTH,50,3444.2083183199993,2
ID30_04_WING_60_RECENTER_BOTH,2023-10-05,2023-09-28,-4,WING_60,RECENTER_BOTH,50,3376.4505828999963,2
ID30_04_WING_60_RECENTER_BOTH,2023-10-12,2023-10-06,-4,WING_60,RECENTER_BOTH,50,-5054.977657845002,2
ID30_04_WING_60_RECENTER_BOTH,2023-10-19,2023-10-13,-4,WING_60,RECENTER_BOTH,50,-3879.226264815,2
ID30_04_WING_60_RECENTER_BOTH,2023-10-26,2023-10-19,-4,WING_60,RECENTER_BOTH,50,-5224.30560572,2
ID30_04_WING_60_RECENTER_BOTH,2023-11-02,2023-10-27,-4,WING_60,RECENTER_BOTH,50,782.6653342449991,2
ID30_04_WING_60_RECENTER_BOTH,2023-11-09,2023-11-03,-4,WING_60,RECENTER_BOTH,50,2054.8116200550003,1
ID30_04_WING_60_RECENTER_BOTH,2023-11-16,2023-11-10,-4,WING_60,RECENTER_BOTH,50,-9453.4617915,2
ID30_04_WING_60_RECENTER_BOTH,2023-11-23,2023-11-17,-4,WING_60,RECENTER_BOTH,50,1174.5231472149999,2
ID30_04_WING_60_RECENTER_BOTH,2023-11-30,2023-11-23,-4,WING_60,RECENTER_BOTH,50,-2262.920747815,2
ID30_04_WING_60_RECENTER_BOTH,2023-12-07,2023-12-01,-4,WING_60,RECENTER_BOTH,50,-5614.891958189998,2
ID30_04_WING_60_RECENTER_BOTH,2023-12-14,2023-12-08,-4,WING_60,RECENTER_BOTH,50,-417.35951590000263,2
ID30_04_WING_60_RECENTER_BOTH,2023-12-21,2023-12-15,-4,WING_60,RECENTER_BOTH,50,-5726.5011443,2
ID30_04_WING_60_RECENTER_BOTH,2023-12-28,2023-12-21,-4,WING_60,RECENTER_BOTH,50,-4144.451595334995,2
ID30_04_WING_60_RECENTER_BOTH,2024-01-04,2023-12-29,-4,WING_60,RECENTER_BOTH,50,-3916.691132685002,2
ID30_04_WING_60_RECENTER_BOTH,2024-01-11,2024-01-05,-4,WING_60,RECENTER_BOTH,50,1350.764859245,2
ID30_04_WING_60_RECENTER_BOTH,2024-01-18,2024-01-12,-4,WING_60,RECENTER_BOTH,50,-5724.64139206,2
ID30_04_WING_60_RECENTER_BOTH,2024-01-25,2024-01-19,-4,WING_60,RECENTER_BOTH,50,-3891.5292928149947,2
ID30_04_WING_60_RECENTER_BOTH,2024-02-01,2024-01-25,-4,WING_60,RECENTER_BOTH,50,-2706.39955369,2
ID30_04_WING_60_RECENTER_BOTH,2024-02-08,2024-02-02,-4,WING_60,RECENTER_BOTH,50,-7890.952389874997,2
ID30_04_WING_60_RECENTER_BOTH,2024-02-15,2024-02-09,-4,WING_60,RECENTER_BOTH,50,1671.6627050749953,2
ID30_04_WING_60_RECENTER_BOTH,2024-02-22,2024-02-16,-4,WING_60,RECENTER_BOTH,50,-835.2316740650045,2
ID30_04_WING_60_RECENTER_BOTH,2024-02-29,2024-02-23,-4,WING_60,RECENTER_BOTH,50,1305.437450574999,2
ID30_04_WING_60_RECENTER_BOTH,2024-03-07,2024-03-02,-4,WING_60,RECENTER_BOTH,50,-3632.42891357,2
ID30_04_WING_60_RECENTER_BOTH,2024-03-14,2024-03-07,-4,WING_60,RECENTER_BOTH,50,-1390.28252342,2
ID30_04_WING_60_RECENTER_BOTH,2024-03-21,2024-03-15,-4,WING_60,RECENTER_BOTH,50,1640.766970175,2
ID30_04_WING_60_RECENTER_BOTH,2024-03-28,2024-03-21,-4,WING_60,RECENTER_BOTH,50,-3333.2197619149965,2
ID30_04_WING_60_RECENTER_BOTH,2024-04-04,2024-03-28,-4,WING_60,RECENTER_BOTH,50,3257.30354738,2
ID30_04_WING_60_RECENTER_BOTH,2024-04-10,2024-04-04,-4,WING_60,RECENTER_BOTH,50,-3238.5785605549963,2
ID30_04_WING_60_RECENTER_BOTH,2024-04-18,2024-04-10,-4,WING_60,RECENTER_BOTH,50,-1780.6809680100018,2
ID30_04_WING_60_RECENTER_BOTH,2024-04-25,2024-04-19,-4,WING_60,RECENTER_BOTH,50,-3722.398515885,2
ID30_04_WING_60_RECENTER_BOTH,2024-05-02,2024-04-25,-4,WING_60,RECENTER_BOTH,25,1137.1899359675,2
ID30_04_WING_60_RECENTER_BOTH,2024-05-09,2024-05-03,-4,WING_60,RECENTER_BOTH,25,-1810.0012734225,2
ID30_04_WING_60_RECENTER_BOTH,2024-05-16,2024-05-10,-4,WING_60,RECENTER_BOTH,25,-1962.470798912499,2
ID30_04_WING_60_RECENTER_BOTH,2024-05-23,2024-05-17,-4,WING_60,RECENTER_BOTH,25,-2642.12441254,2
ID30_04_WING_60_RECENTER_BOTH,2024-05-30,2024-05-24,-4,WING_60,RECENTER_BOTH,25,-2123.3967599674997,2
ID30_04_WING_60_RECENTER_BOTH,2024-06-06,2024-05-31,-4,WING_60,RECENTER_BOTH,25,-1183.2002917049917,2
ID30_04_WING_60_RECENTER_BOTH,2024-06-13,2024-06-07,-4,WING_60,RECENTER_BOTH,25,-1363.1963496025,2
ID30_04_WING_60_RECENTER_BOTH,2024-06-20,2024-06-13,-4,WING_60,RECENTER_BOTH,25,357.02511699750005,2
ID30_04_WING_60_RECENTER_BOTH,2024-06-27,2024-06-21,-4,WING_60,RECENTER_BOTH,25,-1965.979128115,2
ID30_04_WING_60_RECENTER_BOTH,2024-07-04,2024-06-28,-4,WING_60,RECENTER_BOTH,25,1599.4626347574972,2
ID30_04_WING_60_RECENTER_BOTH,2024-07-11,2024-07-05,-4,WING_60,RECENTER_BOTH,25,997.317916785,2
ID30_04_WING_60_RECENTER_BOTH,2024-07-18,2024-07-11,-4,WING_60,RECENTER_BOTH,25,-2383.785896145,2
ID30_04_WING_60_RECENTER_BOTH,2024-07-25,2024-07-19,-4,WING_60,RECENTER_BOTH,25,-316.95067057500046,2
ID30_04_WING_60_RECENTER_BOTH,2024-08-01,2024-07-26,-4,WING_60,RECENTER_BOTH,25,-2209.2017530274998,2
ID30_04_WING_60_RECENTER_BOTH,2024-08-08,2024-08-02,-4,WING_60,RECENTER_BOTH,25,-2865.1538860225,2
ID30_04_WING_60_RECENTER_BOTH,2024-08-14,2024-08-08,-4,WING_60,RECENTER_BOTH,25,-962.1404620375004,2
ID30_04_WING_60_RECENTER_BOTH,2024-08-22,2024-08-16,-4,WING_60,RECENTER_BOTH,25,-1942.853639035,2
ID30_04_WING_60_RECENTER_BOTH,2024-08-29,2024-08-23,-4,WING_60,RECENTER_BOTH,25,-217.1346372450006,2
ID30_04_WING_60_RECENTER_BOTH,2024-09-05,2024-08-30,-4,WING_60,RECENTER_BOTH,25,-971.3445301900001,2
ID30_04_WING_60_RECENTER_BOTH,2024-09-12,2024-09-06,-4,WING_60,RECENTER_BOTH,25,-1976.7225562125004,2
ID30_04_WING_60_RECENTER_BOTH,2024-09-19,2024-09-13,-4,WING_60,RECENTER_BOTH,25,1269.40125233,2
ID30_04_WING_60_RECENTER_BOTH,2024-09-26,2024-09-20,-4,WING_60,RECENTER_BOTH,25,-2099.1422227425,2
ID30_04_WING_60_RECENTER_BOTH,2024-10-03,2024-09-26,-4,WING_60,RECENTER_BOTH,25,-1109.53472866,2
ID30_04_WING_60_RECENTER_BOTH,2024-10-10,2024-10-04,-4,WING_60,RECENTER_BOTH,25,-1673.0848463775,2
ID30_04_WING_60_RECENTER_BOTH,2024-10-17,2024-10-11,-4,WING_60,RECENTER_BOTH,25,-2169.359253377501,2
ID30_04_WING_60_RECENTER_BOTH,2024-10-24,2024-10-18,-4,WING_60,RECENTER_BOTH,25,-2596.29570102,2
ID30_04_WING_60_RECENTER_BOTH,2024-10-31,2024-10-25,-4,WING_60,RECENTER_BOTH,25,2922.4127630599983,2
ID30_04_WING_60_RECENTER_BOTH,2024-11-14,2024-11-08,-4,WING_60,RECENTER_BOTH,25,-2068.9917804574984,2
ID30_04_WING_60_RECENTER_BOTH,2024-11-21,2024-11-13,-4,WING_60,RECENTER_BOTH,75,-3860.2277276399964,2
ID30_04_WING_60_RECENTER_BOTH,2024-11-28,2024-11-22,-4,WING_60,RECENTER_BOTH,75,-4565.4634402425,2
ID30_04_WING_60_RECENTER_BOTH,2024-12-05,2024-11-29,-4,WING_60,RECENTER_BOTH,75,-4106.754174592493,2
ID30_04_WING_60_RECENTER_BOTH,2024-12-12,2024-12-06,-4,WING_60,RECENTER_BOTH,75,7689.21390273,2
ID30_04_WING_60_RECENTER_BOTH,2024-12-19,2024-12-13,-4,WING_60,RECENTER_BOTH,75,-4168.526705137497,2
ID30_04_WING_60_RECENTER_BOTH,2024-12-26,2024-12-19,-4,WING_60,RECENTER_BOTH,75,-4428.8826330675,2
ID30_04_WING_60_RECENTER_BOTH,2025-01-02,2024-12-27,-4,WING_60,RECENTER_BOTH,75,-4414.901802652511,2
ID30_04_WING_60_RECENTER_BOTH,2025-01-09,2025-01-03,-4,WING_60,RECENTER_BOTH,75,-4235.676270345,2
ID30_04_WING_60_RECENTER_BOTH,2025-01-16,2025-01-10,-4,WING_60,RECENTER_BOTH,75,-3990.5620566525,2
ID30_04_WING_60_RECENTER_BOTH,2025-01-23,2025-01-17,-4,WING_60,RECENTER_BOTH,75,4936.9563238875,2
ID30_04_WING_60_RECENTER_BOTH,2025-01-30,2025-01-24,-4,WING_60,RECENTER_BOTH,75,3725.898902474999,2
ID30_04_WING_60_RECENTER_BOTH,2025-02-06,2025-02-01,-4,WING_60,RECENTER_BOTH,75,1988.3373018600037,2
ID30_04_WING_60_RECENTER_BOTH,2025-02-13,2025-02-07,-4,WING_60,RECENTER_BOTH,75,-4251.328296382497,2
ID30_04_WING_60_RECENTER_BOTH,2025-02-20,2025-02-14,-4,WING_60,RECENTER_BOTH,75,6533.6556449925,2
ID30_04_WING_60_RECENTER_BOTH,2025-02-27,2025-02-20,-4,WING_60,RECENTER_BOTH,75,8983.922441685,2
ID30_04_WING_60_RECENTER_BOTH,2025-03-06,2025-02-28,-4,WING_60,RECENTER_BOTH,75,-4155.982992382504,2
ID30_04_WING_60_RECENTER_BOTH,2025-03-13,2025-03-07,-4,WING_60,RECENTER_BOTH,75,-5151.5043205575,2
ID30_04_WING_60_RECENTER_BOTH,2025-03-20,2025-03-13,-4,WING_60,RECENTER_BOTH,75,-2380.1398120875,2
ID30_04_WING_60_RECENTER_BOTH,2025-03-27,2025-03-21,-4,WING_60,RECENTER_BOTH,75,-524.0098173224962,2
ID30_04_WING_60_RECENTER_BOTH,2025-04-03,2025-03-27,-4,WING_60,RECENTER_BOTH,75,-4912.857668880008,2
ID30_04_WING_60_RECENTER_BOTH,2025-04-09,2025-04-03,-4,WING_60,RECENTER_BOTH,75,-4239.1052534925,2
ID30_04_WING_60_RECENTER_BOTH,2025-04-17,2025-04-09,-4,WING_60,RECENTER_BOTH,75,-7393.3727413125,2
ID30_04_WING_60_RECENTER_BOTH,2025-04-24,2025-04-17,-4,WING_60,RECENTER_BOTH,75,-4951.707832890007,2
ID30_04_WING_60_RECENTER_BOTH,2025-04-30,2025-04-24,-4,WING_60,RECENTER_BOTH,75,6942.6849590174925,2
ID30_04_WING_60_RECENTER_BOTH,2025-05-08,2025-05-02,-4,WING_60,RECENTER_BOTH,75,9068.823462929997,2
ID30_04_WING_60_RECENTER_BOTH,2025-05-15,2025-05-09,-4,WING_60,RECENTER_BOTH,75,-3373.8953161424997,2
ID30_04_WING_60_RECENTER_BOTH,2025-05-22,2025-05-16,-4,WING_60,RECENTER_BOTH,75,7953.4967826,2
ID30_04_WING_60_RECENTER_BOTH,2025-05-29,2025-05-23,-4,WING_60,RECENTER_BOTH,75,-4411.0455340275,2
ID30_04_WING_60_RECENTER_BOTH,2025-06-05,2025-05-30,-4,WING_60,RECENTER_BOTH,75,-4849.7824158,2
ID30_04_WING_60_RECENTER_BOTH,2025-06-12,2025-06-06,-4,WING_60,RECENTER_BOTH,75,-780.6947250075001,2
ID30_04_WING_60_RECENTER_BOTH,2025-06-19,2025-06-13,-4,WING_60,RECENTER_BOTH,75,-1689.94763901,2
ID30_04_WING_60_RECENTER_BOTH,2025-06-26,2025-06-20,-4,WING_60,RECENTER_BOTH,75,-5261.064532935,2
ID30_04_WING_60_RECENTER_BOTH,2025-07-03,2025-06-27,-4,WING_60,RECENTER_BOTH,75,3645.841072897498,2
ID30_04_WING_60_RECENTER_BOTH,2025-07-10,2025-07-04,-4,WING_60,RECENTER_BOTH,75,6911.105997262507,2
ID30_04_WING_60_RECENTER_BOTH,2025-07-17,2025-07-11,-4,WING_60,RECENTER_BOTH,75,7910.8470612225,2
ID30_04_WING_60_RECENTER_BOTH,2025-07-24,2025-07-18,-4,WING_60,RECENTER_BOTH,75,7934.092063199996,2
ID30_04_WING_60_RECENTER_BOTH,2025-07-31,2025-07-25,-4,WING_60,RECENTER_BOTH,75,5670.309103784996,2
ID30_04_WING_60_RECENTER_BOTH,2025-08-07,2025-08-01,-4,WING_60,RECENTER_BOTH,75,-253.09702651500004,2
ID30_04_WING_60_RECENTER_BOTH,2025-08-14,2025-08-08,-4,WING_60,RECENTER_BOTH,75,1288.0055007974993,2
ID30_04_WING_60_RECENTER_BOTH,2025-08-21,2025-08-14,-4,WING_60,RECENTER_BOTH,75,-5435.2944784125,2
ID30_04_WING_60_RECENTER_BOTH,2025-08-28,2025-08-21,-4,WING_60,RECENTER_BOTH,75,-6375.3823687125005,2
ID30_04_WING_60_RECENTER_BOTH,2025-09-02,2025-08-26,-4,WING_60,RECENTER_BOTH,75,-1133.69702592,2
ID30_04_WING_60_RECENTER_BOTH,2025-09-09,2025-09-03,-4,WING_60,RECENTER_BOTH,75,1954.1948015249986,2
ID30_04_WING_60_RECENTER_BOTH,2025-09-16,2025-09-10,-4,WING_60,RECENTER_BOTH,75,-959.9202766800054,2
ID30_04_WING_60_RECENTER_BOTH,2025-09-23,2025-09-17,-4,WING_60,RECENTER_BOTH,75,-6076.55367726,2
ID30_04_WING_60_RECENTER_BOTH,2025-09-30,2025-09-24,-4,WING_60,RECENTER_BOTH,75,-4999.465721220002,2
ID30_04_WING_60_RECENTER_BOTH,2025-10-07,2025-09-30,-4,WING_60,RECENTER_BOTH,75,122.71006456500004,2
ID30_04_WING_60_RECENTER_BOTH,2025-10-14,2025-10-07,-4,WING_60,RECENTER_BOTH,75,4562.0993327475,2
ID30_04_WING_60_RECENTER_BOTH,2025-11-04,2025-10-29,-4,WING_60,RECENTER_BOTH,75,1381.3908436275,2
ID30_04_WING_60_RECENTER_BOTH,2025-11-11,2025-11-04,-4,WING_60,RECENTER_BOTH,75,-2790.3512997074968,2
ID30_04_WING_60_RECENTER_BOTH,2025-11-18,2025-11-12,-4,WING_60,RECENTER_BOTH,75,-3250.792490535,2
ID30_04_WING_60_RECENTER_BOTH,2025-11-25,2025-11-19,-4,WING_60,RECENTER_BOTH,75,-5807.2722089399995,2
ID30_04_WING_60_RECENTER_BOTH,2025-12-02,2025-11-26,-4,WING_60,RECENTER_BOTH,75,-6890.6783528174965,2
ID30_04_WING_60_RECENTER_BOTH,2025-12-09,2025-12-03,-4,WING_60,RECENTER_BOTH,75,-1776.7937198324998,2
ID30_04_WING_60_RECENTER_BOTH,2025-12-16,2025-12-10,-4,WING_60,RECENTER_BOTH,75,-722.6181184725018,2
ID30_04_WING_60_RECENTER_BOTH,2025-12-23,2025-12-17,-4,WING_60,RECENTER_BOTH,75,-6341.77970493,2
ID30_04_WING_60_RECENTER_BOTH,2025-12-30,2025-12-23,-4,WING_60,RECENTER_BOTH,75,1518.480531937499,2
ID30_04_WING_60_RECENTER_BOTH,2026-01-06,2025-12-31,-4,WING_60,RECENTER_BOTH,65,-2636.472894350504,2
ID30_04_WING_60_RECENTER_BOTH,2026-01-13,2026-01-07,-4,WING_60,RECENTER_BOTH,65,-4802.663573672005,2
ID30_04_WING_60_RECENTER_BOTH,2026-01-20,2026-01-13,-4,WING_60,RECENTER_BOTH,65,8066.845593556996,2
ID30_04_WING_60_RECENTER_BOTH,2026-01-27,2026-01-20,-4,WING_60,RECENTER_BOTH,65,-3703.4542679839997,2
ID30_04_WING_60_RECENTER_BOTH,2026-02-03,2026-01-29,-4,WING_60,RECENTER_BOTH,65,-3887.5531579199965,2
ID30_04_WING_60_RECENTER_BOTH,2026-02-10,2026-02-04,-4,WING_60,RECENTER_BOTH,65,-2708.0892325595073,2
ID30_04_WING_60_RECENTER_BOTH,2026-02-17,2026-02-11,-4,WING_60,RECENTER_BOTH,65,6868.004152512996,2
ID30_04_WING_60_RECENTER_BOTH,2026-02-24,2026-02-18,-4,WING_60,RECENTER_BOTH,65,-5071.676357608,2
ID30_04_WING_60_RECENTER_BOTH,2026-03-02,2026-02-24,-4,WING_60,RECENTER_BOTH,65,-3183.361037739555,2
ID30_04_WING_60_RECENTER_BOTH,2026-03-10,2026-03-04,-4,WING_60,RECENTER_BOTH,65,818.071792204746,2
ID30_04_WING_60_RECENTER_BOTH,2026-03-17,2026-03-11,-4,WING_60,RECENTER_BOTH,65,-3097.0270648606856,2
ID30_04_WING_60_RECENTER_BOTH,2026-03-24,2026-03-18,-4,WING_60,RECENTER_BOTH,65,-2605.7291817593427,2
ID30_04_WING_60_RECENTER_BOTH,2026-03-30,2026-03-23,-4,WING_60,RECENTER_BOTH,65,-1760.3372549867568,2
ID30_04_WING_60_RECENTER_BOTH,2026-04-07,2026-03-30,-4,WING_60,RECENTER_BOTH,65,-1212.3322775198114,2
ID30_04_WING_60_RECENTER_BOTH,2026-04-13,2026-04-07,-4,WING_60,RECENTER_BOTH,65,-3185.392003951223,2
ID30_04_WING_60_RECENTER_BOTH,2026-04-21,2026-04-15,-4,WING_60,RECENTER_BOTH,65,-3937.571008057906,2
ID30_04_WING_60_RECENTER_BOTH,2026-04-28,2026-04-22,-4,WING_60,RECENTER_BOTH,65,-2218.34167525387,2
ID30_04_WING_60_RECENTER_BOTH,2026-05-05,2026-04-28,-4,WING_60,RECENTER_BOTH,65,-992.1224472911873,2
ID30_04_WING_60_RECENTER_BOTH,2026-05-12,2026-05-06,-4,WING_60,RECENTER_BOTH,65,-3918.80460947652,2
ID30_04_WING_60_RECENTER_BOTH,2026-05-19,2026-05-13,-4,WING_60,RECENTER_BOTH,65,-3221.2882808856853,2
ID30_04_WING_60_RECENTER_BOTH,2026-05-26,2026-05-19,-4,WING_60,RECENTER_BOTH,65,-125.00064707573176,2
ID30_04_WING_60_RECENTER_BOTH,2026-06-02,2026-05-20,-4,WING_60,RECENTER_BOTH,65,-11377.80378288331,1
ID30_04_WING_60_RECENTER_BOTH,2026-07-07,2026-06-29,-4,WING_60,RECENTER_BOTH,65,-2174.398808288672,2
ID30_04_WING_60_RECENTER_BOTH,2026-07-14,2026-06-29,-4,WING_60,RECENTER_BOTH,65,-756.7902587107228,2
ID30_04_WING_60_RECENTER_BOTH,2026-07-21,2026-06-29,-4,WING_60,RECENTER_BOTH,65,-540.5194104413451,2
ID30_04_WING_60_RECENTER_BOTH,2026-07-28,2026-06-29,-4,WING_60,RECENTER_BOTH,65,-559.8557862767891,2
ID30_04_WING_60_RECENTER_BOTH,2026-08-04,2026-06-29,-4,WING_60,RECENTER_BOTH,65,2039.0747822722933,0
