trade_date,prior_day,prior_spot,atm,expiry,opening_gap,gamma_concentration,core_completeness,total_completeness,prior_mean,prior_std,gamma_concentration_z,feature_eligible,prior_information_violation
2021-07-02,2021-07-01,15671.65,15650.0,2021-07-08,0.0014803801769438518,0.4358687378693977,1.0,0.8809523809523809,,,,False,False
2021-07-05,2021-07-02,15714.65,15700.0,2021-07-08,0.003636733875714615,0.6707241623272014,1.0,1.0,,,,False,False
2021-07-06,2021-07-05,15831.05,15850.0,2021-07-08,0.00044532737879054984,0.6162991023790569,1.0,0.9523809523809523,,,,False,False
2021-07-07,2021-07-06,15813.25,15800.0,2021-07-08,-0.000875847785875794,0.7051872052341142,1.0,0.9047619047619048,,,,False,False
2021-07-08,2021-07-07,15880.9,15900.0,2021-07-08,-0.0006832106492705714,0.7838808185242432,1.0,0.8809523809523809,,,,False,False
2021-07-09,2021-07-08,15716.9,15700.0,2021-07-15,-0.0028186219928866274,0.5198950308732746,1.0,0.9761904761904762,,,,False,False
2021-07-12,2021-07-09,15690.25,15700.0,2021-07-15,0.0052962827233473675,0.6343092781103387,1.0,0.8333333333333334,,,,False,False
2021-07-13,2021-07-12,15690.6,15700.0,2021-07-15,0.004547308579659237,0.6620602790837539,1.0,0.8333333333333334,,,,False,False
2021-07-14,2021-07-13,15812.15,15800.0,2021-07-15,-0.0009296648463364976,0.7307267405833254,1.0,0.8571428571428571,,,,False,False
2021-07-15,2021-07-14,15866.5,15850.0,2021-07-15,0.0008130337503544638,0.7897250136966348,1.0,0.8333333333333334,,,,False,False
2021-07-16,2021-07-15,15926.85,15950.0,2021-07-22,0.0010611012221499738,0.503273657843092,1.0,0.8809523809523809,,,,False,False
2021-07-19,2021-07-16,15927.85,15950.0,2021-07-22,-0.008613843048496883,0.6097318684681712,1.0,0.9047619047619048,,,,False,False
2021-07-20,2021-07-19,15748.0,15750.0,2021-07-22,-0.0015462280924561922,0.5893988941390927,1.0,0.9047619047619048,,,,False,False
2021-07-22,2021-07-20,15640.0,15650.0,2021-07-22,0.006624040920716112,0.6536562069165492,1.0,0.8333333333333334,,,,False,False
2021-07-23,2021-07-22,15821.3,15800.0,2021-07-29,0.0017444837023505855,0.5632356222435668,1.0,0.9761904761904762,,,,False,False
2021-07-26,2021-07-23,15866.1,15850.0,2021-07-29,-0.0033845746591790737,0.5622975470327696,1.0,0.9761904761904762,,,,False,False
2021-07-27,2021-07-26,15829.45,15850.0,2021-07-29,0.0028238504812232446,0.6351794614253354,1.0,0.9761904761904762,,,,False,False
2021-07-28,2021-07-27,15748.35,15750.0,2021-07-29,-0.0028637920798052496,0.6299469439618418,1.0,0.8333333333333334,,,,False,False
2021-07-29,2021-07-28,15717.55,15700.0,2021-07-29,0.0034833673186978054,0.7216395288121342,1.0,0.9761904761904762,,,,False,False
2021-07-30,2021-07-29,15770.8,15750.0,2021-08-05,0.0008211377989701951,0.5451323599186539,1.0,0.8809523809523809,,,,False,False
2021-08-02,2021-07-30,15757.2,15750.0,2021-08-05,0.005702155205239423,0.5975584692385961,1.0,0.9523809523809523,,,,False,False
2021-08-03,2021-08-02,15884.25,15900.0,2021-08-05,0.0028770637581252423,0.7172134414045701,1.0,0.8809523809523809,,,,False,False
2021-08-04,2021-08-03,16128.0,16150.0,2021-08-05,0.0058748759920634885,0.46340897189104796,1.0,0.9047619047619048,,,,False,False
2021-08-05,2021-08-04,16263.05,16250.0,2021-08-05,0.0011068034593757492,0.7289111383901857,1.0,0.8095238095238095,,,,False,False
2021-08-06,2021-08-05,16305.8,16300.0,2021-08-12,-0.0009720467563688606,0.6186656802039915,1.0,0.9761904761904762,,,,False,False
2021-08-09,2021-08-06,16231.0,16250.0,2021-08-12,0.003302322715790895,0.5764899360284886,1.0,1.0,,,,False,False
2021-08-10,2021-08-09,16267.25,16250.0,2021-08-12,0.0016382609230201073,0.6138011311926947,1.0,0.9047619047619048,,,,False,False
2021-08-11,2021-08-10,16292.05,16300.0,2021-08-12,0.0014945939890929072,0.7230336515576314,1.0,0.8333333333333334,,,,False,False
2021-08-12,2021-08-11,16287.5,16300.0,2021-08-12,0.0020690713737530064,0.8039672672895376,1.0,0.8571428571428571,,,,False,False
2021-08-13,2021-08-12,16360.0,16350.0,2021-08-18,0.002762836185819184,0.5838735999591819,1.0,0.9047619047619048,,,,False,False
2021-08-16,2021-08-13,16530.3,16550.0,2021-08-18,-0.0011252064390845362,0.47168346368277947,1.0,0.9047619047619048,,,,False,False
2021-08-17,2021-08-16,16570.4,16550.0,2021-08-18,-0.002691546371843878,0.597883705206205,1.0,0.9285714285714286,,,,False,False
2021-08-18,2021-08-17,16615.95,16600.0,2021-08-18,0.0032980359233145684,0.7839956659669775,1.0,0.8095238095238095,,,,False,False
2021-08-20,2021-08-18,16579.95,16600.0,2021-08-26,-0.00900183655559883,0.5955880041169233,1.0,1.0,,,,False,False
2021-08-23,2021-08-20,16473.2,16450.0,2021-08-26,0.0056394628851710316,0.5118900037210106,1.0,1.0,,,,False,False
2021-08-24,2021-08-23,16504.4,16500.0,2021-08-26,0.0027719880759069504,0.6397577501428455,1.0,0.9523809523809523,,,,False,False
2021-08-25,2021-08-24,16629.1,16650.0,2021-08-26,0.002357313384368398,0.565097980144673,1.0,0.9761904761904762,,,,False,False
2021-08-26,2021-08-25,16634.4,16650.0,2021-08-26,0.0001893666137640082,0.7154170243914906,1.0,0.8333333333333334,,,,False,False
2021-08-27,2021-08-26,16641.1,16650.0,2021-09-02,-0.0005288111963751563,0.5678811561211556,1.0,0.9047619047619048,,,,False,False
2021-08-30,2021-08-27,16715.5,16700.0,2021-09-02,0.005088091890760094,0.6332601120778182,1.0,0.9523809523809523,,,,False,False
2021-08-31,2021-08-30,16926.45,16950.0,2021-09-02,0.0024192905186852798,0.4993072928088267,1.0,0.8809523809523809,,,,False,False
2021-09-01,2021-08-31,17135.75,17150.0,2021-09-02,0.0019754023022042766,0.4613898307233871,1.0,0.8571428571428571,,,,False,False
2021-09-02,2021-09-01,17076.8,17100.0,2021-09-02,0.0006617164808395692,0.7360716871714864,1.0,0.8809523809523809,,,,False,False
2021-09-03,2021-09-02,17233.2,17250.0,2021-09-09,0.0034323282965438295,0.4355785664978686,1.0,1.0,,,,False,False
2021-09-06,2021-09-03,17324.45,17300.0,2021-09-09,0.004744739371235429,0.5516636865067804,1.0,1.0,,,,False,False
2021-09-07,2021-09-06,17381.1,17400.0,2021-09-09,0.0018123133748726428,0.6111334384413876,1.0,0.9285714285714286,,,,False,False
2021-09-08,2021-09-07,17365.85,17350.0,2021-09-09,-0.001744803738371492,0.6053975212764369,1.0,0.9761904761904762,,,,False,False
2021-09-09,2021-09-08,17349.3,17350.0,2021-09-09,-0.0006743787933807255,0.7410809038451014,1.0,0.9523809523809523,,,,False,False
2021-09-13,2021-09-09,17370.95,17350.0,2021-09-16,-0.0027776258638704254,0.5423369993638633,1.0,0.9761904761904762,,,,False,False
2021-09-14,2021-09-13,17358.35,17350.0,2021-09-16,0.0021805067877995743,0.6093629175497874,1.0,1.0,,,,False,False
2021-09-15,2021-09-14,17376.3,17400.0,2021-09-16,0.0010502811300450166,0.7253151088738252,1.0,0.8333333333333334,,,,False,False
2021-09-16,2021-09-15,17515.05,17500.0,2021-09-16,0.0027547737517163995,0.8048063448457455,1.0,0.8095238095238095,,,,False,False
2021-09-17,2021-09-16,17639.7,17650.0,2021-09-23,0.0038634443896437,0.36525591706966715,1.0,0.9761904761904762,,,,False,False
2021-09-20,2021-09-17,17577.5,17600.0,2021-09-23,-0.006696060304366425,0.5103112248192048,1.0,0.9285714285714286,,,,False,False
2021-09-21,2021-09-20,17403.6,17400.0,2021-09-23,0.0029390470937047386,0.414223613242799,1.0,1.0,,,,False,False
2021-09-22,2021-09-21,17544.25,17550.0,2021-09-23,0.0021203528221498402,0.4592011196449991,1.0,0.9523809523809523,,,,False,False
2021-09-23,2021-09-22,17544.4,17550.0,2021-09-23,0.006095962244362818,0.6283181813952742,1.0,0.8095238095238095,,,,False,False
2021-09-24,2021-09-23,17835.0,17850.0,2021-09-30,0.004412671712924032,0.29956312344754277,1.0,1.0,,,,False,False
2021-09-27,2021-09-24,17857.95,17850.0,2021-09-30,0.003586637883967514,0.41845595957814197,1.0,0.9761904761904762,,,,False,False
2021-09-28,2021-09-27,17868.65,17850.0,2021-09-30,2.798196842013212e-06,0.4572225923251912,1.0,1.0,,,,False,False
2021-09-29,2021-09-28,17764.15,17750.0,2021-09-30,-0.007675571305128748,0.44065467387774726,1.0,0.9761904761904762,0.5991257106932942,0.1150130025571129,-1.3778532278283386,True,False
2021-09-30,2021-09-29,17708.65,17700.0,2021-09-30,0.0009063367337429629,0.598436463680532,1.0,0.9523809523809523,0.5992054762934333,0.1148994625568746,-0.006692917406124869,True,False
2021-10-01,2021-09-30,17628.8,17650.0,2021-10-07,-0.0072948811036485095,0.41039659081384483,1.0,0.9761904761904762,0.5980006813159892,0.11451518146174751,-1.6382464587440866,True,False
2021-10-04,2021-10-01,17542.25,17550.0,2021-10-07,0.004169932591315373,0.41502765126284674,1.0,1.0,0.5945689727899023,0.11701540862486873,-1.5343391407761873,True,False
2021-10-05,2021-10-04,17692.85,17700.0,2021-10-07,-0.0018962462237570588,0.5801727513562344,1.0,0.8809523809523809,0.5897329802237145,0.11835448254875586,-0.08077622969237162,False,False
2021-10-06,2021-10-05,17828.4,17850.0,2021-10-07,0.0022408068026293915,0.43953477775117755,1.0,0.9761904761904762,0.5863378457709144,0.11558001318374435,-1.2701423366889169,True,False
2021-10-07,2021-10-06,17658.7,17650.0,2021-10-07,0.006835157740943565,0.48409095358897597,1.0,0.9285714285714286,0.5849985082188793,0.11682193396249424,-0.8637723345882957,False,False
2021-10-08,2021-10-07,17791.0,17800.0,2021-10-14,0.00534539935922651,0.5519101101580696,1.0,0.9047619047619048,0.5824948694768567,0.1173556943774916,-0.2606158949595306,False,False
2021-10-11,2021-10-08,17892.55,17900.0,2021-10-14,-0.0009361438140454981,0.5574310805191853,1.0,0.9285714285714286,0.5806590333280952,0.11695078905693468,-0.19861304909710278,False,False
2021-10-12,2021-10-11,17958.55,17950.0,2021-10-14,-0.000762867826188729,0.49549823853903663,1.0,0.8809523809523809,0.5777707723270263,0.11531022523165844,-0.7134886227366571,False,False
2021-10-13,2021-10-12,17983.3,18000.0,2021-10-14,0.004960157479439342,0.5706834201783864,1.0,1.0,0.5728669927410662,0.11236229090767523,-0.0194333218470425,True,False
2021-10-14,2021-10-13,18158.05,18150.0,2021-10-14,0.005925746432023482,0.6151600916682697,1.0,0.9523809523809523,0.5739904887799878,0.11199103942584489,0.36761515117057564,True,False
2021-10-18,2021-10-14,18341.15,18350.0,2021-10-21,0.006973390436259219,0.37344195955266035,1.0,0.9523809523809523,0.5740809591666561,0.1120225900852977,-1.7910583879664148,True,False
2021-10-19,2021-10-18,18482.05,18500.0,2021-10-21,0.0038767344531587256,0.537453591159466,1.0,0.8809523809523809,0.5704816769235489,0.11495309727029882,-0.28731792834099285,False,False
2021-10-20,2021-10-19,18417.5,18400.0,2021-10-21,0.001343830595900597,0.4868881750855464,1.0,0.9047619047619048,0.5685449666609309,0.1145060475763036,-0.7131220865952145,False,False
2021-10-21,2021-10-20,18254.05,18250.0,2021-10-21,0.00547549721842544,0.5301757082801078,1.0,0.8095238095238095,0.5672725092082973,0.11498923712017967,-0.32261107089021007,False,False
2021-10-22,2021-10-21,18154.25,18150.0,2021-10-28,0.004268972830053563,0.3263651058730249,1.0,1.0,0.5667371452290861,0.11508752601937926,-2.0886020203057076,True,False
2021-10-25,2021-10-22,18116.85,18100.0,2021-10-28,0.003902444409486172,0.45144317178997845,1.0,0.9285714285714286,0.5615902393032143,0.11881962603193147,-0.9270107236630674,False,False
2021-10-26,2021-10-25,18125.65,18150.0,2021-10-28,0.0022178514977391206,0.3876983763108474,1.0,0.9047619047619048,0.5586151764336832,0.1193127769421391,-1.4325104528052526,False,False
2021-10-27,2021-10-26,18260.1,18250.0,2021-10-28,0.0032584706545966124,0.48441053728986366,1.0,0.8571428571428571,0.5530494905586617,0.11936795323400673,-0.5750199396838069,False,False
2021-10-28,2021-10-27,18229.05,18250.0,2021-10-28,-0.00426517015423189,0.6057927351480998,1.0,0.8571428571428571,0.5520374601815152,0.11969317836759617,0.44910892750707887,False,False
2021-11-02,2021-11-01,17926.15,17950.0,2021-11-11,0.003575781749008966,0.298863376446076,1.0,0.9047619047619048,0.5521746979466737,0.11975096313864839,-2.115317612997503,False,False
2021-11-03,2021-11-02,17887.65,17900.0,2021-11-11,0.004609325428437838,0.4343369741042937,1.0,0.9761904761904762,0.5452021968640323,0.1221342127599293,-0.9077327331503627,True,False
2021-11-08,2021-11-03,17847.4,17850.0,2021-11-11,0.006877752501764922,0.348178062306183,1.0,0.9761904761904762,0.5447176635675863,0.12252125856895592,-1.6041265291997415,True,False
2021-11-09,2021-11-08,18061.7,18050.0,2021-11-11,5.536577398590481e-05,0.4161219898342731,1.0,0.8571428571428571,0.5383721122995196,0.12267917969591989,-0.9965026076002721,False,False
2021-11-10,2021-11-09,18048.6,18050.0,2021-11-11,-0.005083496780913799,0.4950225785641423,1.0,0.8571428571428571,0.5349963841266909,0.12321780286811494,-0.3244158281683877,False,False
2021-11-11,2021-11-10,18019.1,18000.0,2021-11-11,-0.0034990648811538128,0.6531749895558935,1.0,0.8809523809523809,0.5336385948356185,0.12320167870109347,0.9702497237094388,False,False
2021-11-12,2021-11-11,17860.45,17850.0,2021-11-18,0.005506580181350307,0.3382609593040197,1.0,0.9523809523809523,0.5342948258083385,0.12373958737452394,-1.5842453548109952,True,False
2021-11-15,2021-11-12,18099.5,18100.0,2021-11-18,0.004292936268957659,0.5099775254683991,1.0,0.8809523809523809,0.5278819476041117,0.12376283193824657,-0.14466719818310414,False,False
2021-11-16,2021-11-15,18114.1,18100.0,2021-11-18,-0.0013884211746648667,0.5438724113285625,1.0,0.8809523809523809,0.5229821185737593,0.11834838263792245,0.1765152365344556,False,False
2021-11-17,2021-11-16,18023.1,18000.0,2021-11-18,-0.005154496174353929,0.5096012524670508,1.0,0.9047619047619048,0.5223154320965823,0.11811198394128626,-0.10764512799862648,False,False
2021-11-18,2021-11-17,17917.6,17900.0,2021-11-18,-0.0003850962182433415,0.623206093678537,1.0,0.9523809523809523,0.5229473952429868,0.11793779571116811,0.8500981202080933,True,False
2021-11-22,2021-11-18,17777.7,17800.0,2021-11-25,-0.0030712634367776603,0.42716092100251496,1.0,0.9047619047619048,0.523369435050859,0.11825538041154438,-0.8135656383119791,False,False
2021-11-23,2021-11-22,17413.25,17400.0,2021-11-25,-0.008105896372015642,0.43658876419172815,1.0,0.9047619047619048,0.5174221893014513,0.11381546369527692,-0.7102147852785806,False,False
2021-11-24,2021-11-23,17517.15,17500.0,2021-11-25,0.0007164407452124877,0.5207156170786201,1.0,0.9761904761904762,0.5147722019693648,0.1138156723317726,0.05221965470563916,True,False
2021-11-25,2021-11-24,17431.25,17450.0,2021-11-25,-0.0021427034779489817,0.5766209030756737,1.0,0.9523809523809523,0.5149192955253249,0.11381758731552025,0.5421096071848919,True,False
2021-11-26,2021-11-25,17510.15,17500.0,2021-12-02,-0.010499624503502392,0.5407769205269402,1.0,0.9047619047619048,0.513867014740872,0.11293226998915382,0.23828358173135614,False,False
2021-11-29,2021-11-26,16989.85,17000.0,2021-12-02,-0.0007210187258863687,0.2964911058317749,1.0,1.0,0.5134616637472432,0.11278882557771497,-1.923688422183002,True,False
2021-11-30,2021-11-29,17051.75,17050.0,2021-12-02,0.004002521735305686,0.31680464745990505,1.0,0.9285714285714286,0.5064795651045811,0.11304139818838102,-1.6779243771258647,False,False
2021-12-01,2021-11-30,16987.7,17000.0,2021-12-02,0.010069049959676724,0.43342332554896695,1.0,0.9047619047619048,0.5022949566268937,0.1153534631863593,-0.5970486639543816,False,False
2021-12-02,2021-12-01,17165.1,17150.0,2021-12-02,0.0009554270001341791,0.5296569509924964,1.0,0.8571428571428571,0.49896434351807956,0.1143889230503364,0.2683180036664102,False,False
2021-12-03,2021-12-02,17393.25,17400.0,2021-12-09,0.003639342848518856,0.42451680652765944,1.0,0.9761904761904762,0.499470171154474,0.11445754776067386,-0.6548573343851385,True,False
2021-12-06,2021-12-03,17183.55,17200.0,2021-12-09,-0.001801141207724899,0.33291695769332297,1.0,0.9523809523809523,0.4988556207512119,0.11476405555020289,-1.445911459492646,True,False
2021-12-07,2021-12-06,16916.3,16900.0,2021-12-09,0.006198163901089515,0.33763458453431033,1.0,0.9761904761904762,0.4921363752599092,0.11241809074397092,-1.3743498906903908,True,False
2021-12-08,2021-12-07,17169.65,17150.0,2021-12-09,0.01020405191719087,0.4275134698087366,1.0,0.9047619047619048,0.49050397556051656,0.11395389599570518,-0.5527718486619712,False,False
2021-12-09,2021-12-08,17474.1,17450.0,2021-12-09,0.002847070807652452,0.5854859579302091,1.0,0.8571428571428571,0.4884348052822159,0.11395169508684841,0.851686783369265,False,False
2021-12-10,2021-12-09,17515.45,17500.0,2021-12-16,-0.003439820272958971,0.49426475683225085,1.0,0.9523809523809523,0.48800734727369627,0.11353095213044143,0.05511633119543585,True,False
2021-12-13,2021-12-10,17517.15,17500.0,2021-12-16,0.0053718784162948285,0.5426463650012993,1.0,0.9761904761904762,0.4861551345329598,0.11248504300623843,0.5022110403176578,True,False
2021-12-14,2021-12-13,17365.9,17350.0,2021-12-16,-0.0062421181741229015,0.31505437271787434,1.0,0.8809523809523809,0.48284789221889646,0.10767717360859597,-1.5583016704259687,False,False
2021-12-15,2021-12-14,17316.75,17300.0,2021-12-16,0.0007507182352346486,0.4690684250910737,1.0,0.9761904761904762,0.47905984844146327,0.109530802419573,-0.09122021504157352,True,False
2021-12-16,2021-12-15,17233.55,17250.0,2021-12-16,0.00751151097713465,0.5274510989648451,1.0,0.8571428571428571,0.47672160690048465,0.10819126976536972,0.46888711237399805,False,False
2021-12-17,2021-12-16,17226.9,17250.0,2021-12-23,0.0005398533688592,0.5018642571356996,1.0,0.9047619047619048,0.4734238734020017,0.10339474708170174,0.275066040939435,False,False
2021-12-20,2021-12-17,16979.9,17000.0,2021-12-23,-0.010821618501875796,0.3941080491964981,1.0,0.9523809523809523,0.46837483860683427,0.09389887254302666,-0.7909231218543692,True,False
2021-12-21,2021-12-20,16599.15,16600.0,2021-12-23,0.007660030784708782,0.43740615227014135,1.0,1.0,0.4688557074756147,0.09343456584322779,-0.3365944382750387,True,False
2021-12-22,2021-12-21,16780.1,16800.0,2021-12-23,0.005789596009559084,0.45599040447469347,1.0,0.8809523809523809,0.46764062293313036,0.09336033676232507,-0.12478766532404215,False,False
2021-12-23,2021-12-22,16953.0,16950.0,2021-12-23,0.005479856072671652,0.5382257457593491,1.0,0.9761904761904762,0.46833673612032867,0.09311067522348444,0.7506014693940593,True,False
2021-12-24,2021-12-23,17093.35,17100.0,2021-12-30,8.190319627221498e-05,0.5633741509228478,1.0,0.9761904761904762,0.46965381322223443,0.09353719510768871,1.0019579654137996,True,False
2021-12-27,2021-12-24,16985.85,17000.0,2021-12-30,-0.00679683383522145,0.4615706195737944,1.0,1.0,0.46857141271436065,0.0920337106410818,-0.07606770488553172,True,False
2021-12-28,2021-12-27,17080.25,17100.0,2021-12-30,0.0059542454003893575,0.5448137937086183,1.0,0.8809523809523809,0.4712715376497982,0.08932798056062252,0.8232835400203699,False,False
2021-12-29,2021-12-28,17234.0,17250.0,2021-12-30,-0.002094696530114848,0.45654695085284686,1.0,0.8571428571428571,0.4733775015519728,0.08955092024180002,-0.18794391675351946,False,False
2021-12-30,2021-12-29,17229.8,17250.0,2021-12-30,-0.003900219387340531,0.6139345745583807,1.0,0.8095238095238095,0.473366240860767,0.08955302854653752,1.5696658837681339,False,False
2021-12-31,2021-12-30,17217.15,17200.0,2022-01-06,0.0037346483012576925,0.5033801295951164,1.0,0.9523809523809523,0.47625423920544424,0.09125805542779321,0.29724379138382073,True,False
2022-01-03,2021-12-31,17354.35,17350.0,2022-01-06,0.004266941717782746,0.4495867664215466,1.0,0.9285714285714286,0.4746699669706873,0.08991621815854711,-0.2789619165800779,False,False
2022-01-04,2022-01-03,17621.8,17600.0,2022-01-06,0.002681337888297497,0.4573463221188611,1.0,0.9523809523809523,0.47532313656414904,0.0895831356352442,-0.2006718599188596,True,False
2022-01-05,2022-01-04,17794.25,17800.0,2022-01-06,-0.00039619540019941724,0.5308464931585394,1.0,0.9523809523809523,0.47602844774508263,0.08926640054434613,0.6140949459054755,True,False
2022-01-06,2022-01-05,17929.05,17950.0,2022-01-06,-0.0076691179956550615,0.6124278716173303,1.0,0.8333333333333334,0.47520634344178775,0.08851499504313101,1.550263072473518,False,False
2022-01-07,2022-01-06,17748.75,17750.0,2022-01-13,0.0045862384674977275,0.3885724878569806,1.0,0.9761904761904762,0.4780878950062236,0.09013346444254788,-0.9931428654481728,True,False
2022-01-10,2022-01-07,17805.45,17800.0,2022-01-13,0.006450272248103683,0.45906934580294373,1.0,0.9761904761904762,0.47649592057735707,0.0908662037248288,-0.19178279778460253,True,False
2022-01-11,2022-01-10,18001.5,18000.0,2022-01-13,0.0021414882093158116,0.4944317003572329,1.0,0.9523809523809523,0.47494857450477157,0.0903492358318462,0.21564239778101058,True,False
2022-01-12,2022-01-11,18066.1,18050.0,2022-01-13,0.005593348868876191,0.4722687111896061,1.0,0.9761904761904762,0.47389858483540576,0.0897384297064637,-0.018162493495049902,True,False
2022-01-13,2022-01-12,18211.85,18200.0,2022-01-13,0.00023061907494303924,0.68431846010917,1.0,0.8571428571428571,0.4735114260462485,0.089693761298554,2.3502976239476756,False,False
2022-01-14,2022-01-13,18258.5,18250.0,2022-01-20,-0.006243667333022951,0.4565454446278058,1.0,1.0,0.47540534337842827,0.09292198950971382,-0.2029648617096272,True,False
2022-01-17,2022-01-14,18258.7,18250.0,2022-01-20,0.0012405045266090653,0.4786501737077503,1.0,0.9047619047619048,0.47276176592775393,0.09111738265939538,0.06462441751655401,False,False
2022-01-18,2022-01-17,18308.95,18300.0,2022-01-20,0.001597579325958165,0.5550334916382826,1.0,0.9047619047619048,0.474515236163672,0.09018117713660924,0.8928499053925528,False,False
2022-01-19,2022-01-18,18108.7,18100.0,2022-01-20,-0.0031531805154429993,0.4377831707166852,1.0,0.9285714285714286,0.47480823450498566,0.0904173787038024,-0.4094905682854463,False,False
2022-01-20,2022-01-19,17938.65,17950.0,2022-01-20,-0.0020207763683443014,0.5740519610430674,1.0,0.8333333333333334,0.4739898177655046,0.09052835326569149,1.105312751949554,False,False
2022-01-21,2022-01-20,17747.8,17750.0,2022-01-27,-0.008091143691048908,0.26898475468446287,1.0,0.9047619047619048,0.47472108864488727,0.09116487901220709,-2.2567499259542267,False,False
2022-01-24,2022-01-21,17624.5,17600.0,2022-01-27,-0.005069647365882668,0.39450900015131884,1.0,0.9761904761904762,0.47376474945841124,0.09302944140889456,-0.851942655000342,True,False
2022-01-25,2022-01-24,17147.5,17150.0,2022-01-27,-0.013888321912815416,0.2154778524706591,1.0,1.0,0.47281584659776693,0.09354989035427269,-2.7508102163730057,True,False
2022-01-27,2022-01-25,17273.1,17250.0,2022-01-27,-0.01564571501351808,0.33369905109996045,1.0,0.9761904761904762,0.4699455045337638,0.09870576587420128,-1.3803292262323057,True,False
2022-01-28,2022-01-27,17126.0,17150.0,2022-02-03,0.0087381758729419,0.26140340095323544,1.0,1.0,0.46743364643059865,0.10023718970731321,-2.055427193030447,True,False
2022-01-31,2022-01-28,17089.6,17100.0,2022-02-03,0.012402279749087253,0.3189685644978518,1.0,1.0,0.4616938241940176,0.10202447769497763,-1.3989315399670184,True,False
2022-02-01,2022-01-31,17336.4,17350.0,2022-02-03,0.008825361666781939,0.35515805625272845,1.0,1.0,0.46202891066154717,0.10151234849757934,-1.0527867396484,True,False
2022-02-02,2022-02-01,17563.5,17550.0,2022-02-03,0.008341162069063657,0.375926241857397,1.0,1.0,0.4607092620306878,0.1023893122710842,-0.8280456064478754,True,False
2022-02-03,2022-02-02,17776.5,17800.0,2022-02-03,-0.0009000646921497601,0.5618168518496851,1.0,1.0,0.46117173168987463,0.10193407321754903,0.9873550323552002,True,False
2022-02-04,2022-02-03,17577.8,17600.0,2022-02-10,-0.0010609973944405438,0.4157705605230247,1.0,1.0,0.4635999793901316,0.10257605193779899,-0.4662825090607907,True,False
2022-02-07,2022-02-04,17550.35,17550.0,2022-02-10,-0.0036096146230700787,0.3936617069908307,1.0,0.9761904761904762,0.4622791124227796,0.10267478125460716,-0.6682985305008373,True,False
2022-02-08,2022-02-07,17224.3,17200.0,2022-02-10,0.003567634098337935,0.32576113183216937,1.0,1.0,0.4579538910466952,0.09992617543270596,-1.3229042204617287,True,False
2022-02-09,2022-02-08,17286.7,17300.0,2022-02-10,0.004422475081999444,0.47841050926520934,1.0,0.9761904761904762,0.4577455605888311,0.1001926208626841,0.2062522019929986,True,False
2022-02-10,2022-02-09,17462.5,17450.0,2022-02-10,0.003129563350035891,0.6096436767740976,1.0,0.8333333333333334,0.45721944365211126,0.09999638715943446,1.5242974016547297,False,False
2022-02-11,2022-02-10,17621.55,17600.0,2022-02-17,-0.011749817694811093,0.49942195377171417,1.0,0.9761904761904762,0.45831563140953685,0.10131421852387854,0.4057310312519368,True,False
2022-02-14,2022-02-11,17388.45,17400.0,2022-02-17,-0.021051330049544292,0.5038035241265955,1.0,1.0,0.4581459764312813,0.10123537512902399,0.45100388710096484,True,False
2022-02-15,2022-02-14,16861.95,16850.0,2022-02-17,0.004201767885683383,0.2280794807341595,1.0,1.0,0.45615593360541556,0.09908647332834522,-2.30179201267436,True,False
2022-02-16,2022-02-15,17339.65,17350.0,2022-02-17,0.005490306897774522,0.28987286155559483,1.0,0.9285714285714286,0.45283790960094294,0.10331679299759125,-1.5773335903791315,False,False
2022-02-17,2022-02-16,17346.35,17350.0,2022-02-17,0.0039143681523778895,0.4515802387479994,1.0,0.9285714285714286,0.45039264455700745,0.10542263900668596,0.011265077427217893,False,False
2022-02-18,2022-02-17,17329.95,17350.0,2022-02-24,-0.0037968949708452326,0.30698322222403596,1.0,1.0,0.4492403882514971,0.10501803431348083,-1.3545974932535947,True,False
2022-02-21,2022-02-18,17268.5,17250.0,2022-02-24,-0.0033789848568200886,0.32495513975251245,1.0,1.0,0.4447464269039697,0.10524370658318517,-1.1382275581179155,True,False
2022-02-22,2022-02-21,17202.35,17200.0,2022-02-24,-0.016410548558772442,0.3929717563692863,1.0,1.0,0.44114939722439594,0.10559354501391008,-0.4562555490372363,True,False
2022-02-23,2022-02-22,17102.05,17100.0,2022-02-24,0.004838601220321648,0.42955771259252257,1.0,1.0,0.44275740806668773,0.10407703552081599,-0.12682620530179445,True,False
2022-02-24,2022-02-23,17063.85,17050.0,2022-02-24,-0.024015682275688066,0.46106104363470946,1.0,0.8809523809523809,0.44463662581889807,0.10277406325014951,0.15981092209845554,False,False
2022-02-25,2022-02-24,16280.9,16300.0,2022-03-03,0.015315492386784646,0.23332261006275257,1.0,1.0,0.44509725445366044,0.10278488885285182,-2.060367499098892,True,False
2022-02-28,2022-02-25,16661.15,16650.0,2022-03-03,-0.012946285220407971,0.33976461607085445,1.0,1.0,0.44015834877149806,0.10573021789417315,-0.9495273413805796,True,False
2022-03-02,2022-02-28,16785.25,16800.0,2022-03-03,-0.010339434920540347,0.2969787035298117,1.0,1.0,0.4387458122638847,0.10650601858856622,-1.33107133862285,True,False
2022-03-03,2022-03-02,16588.15,16600.0,2022-03-03,0.010706438029557175,0.46635087327560315,1.0,1.0,0.4381468413611595,0.10720999735433348,0.26307277875614676,True,False
2022-03-04,2022-03-03,16447.0,16450.0,2022-03-10,-0.009630935732960366,0.32299967953425773,1.0,1.0,0.44029211284018105,0.10644976938228337,-1.1018570917209005,True,False
2022-03-07,2022-03-04,16238.2,16250.0,2022-03-10,-0.02134780948627324,0.29001893617757185,1.0,1.0,0.43855021633560637,0.10751222395443433,-1.3815292316991306,True,False
2022-03-08,2022-03-07,15831.15,15850.0,2022-03-10,-2.2108311777735423e-05,0.2829771930097736,1.0,1.0,0.4336257659730624,0.10743466568208943,-1.4022342975318034,True,False
2022-03-09,2022-03-08,16018.0,16000.0,2022-03-10,0.0005056811087527091,0.3700176537930072,1.0,1.0,0.4301043065760211,0.10886658767200784,-0.5519292380509101,True,False
2022-03-10,2022-03-09,16348.5,16350.0,2022-03-10,0.01940239165672697,0.3264802435439805,1.0,0.9523809523809523,0.42722716138921624,0.10812046905031769,-0.9318024489733726,True,False
2022-03-11,2022-03-10,16599.9,16600.0,2022-03-17,-0.007247031608624277,0.39666181561046304,1.0,1.0,0.4274175925696513,0.1079294453254204,-0.2849618736245316,True,False
2022-03-14,2022-03-11,16636.35,16650.0,2022-03-17,0.003269948035476533,0.3403096154675707,1.0,1.0,0.42621081574497455,0.10786062037831337,-0.7964092916961867,True,False
2022-03-15,2022-03-14,16880.6,16900.0,2022-03-17,0.0023014584789642356,0.3789679906618761,1.0,1.0,0.4230917910200199,0.1075888765140559,-0.4101148909420883,True,False
2022-03-16,2022-03-15,16665.6,16650.0,2022-03-17,0.013488863287250519,0.29060171771571236,1.0,1.0,0.42104351991212297,0.10723305034505982,-1.2164328234314747,True,False
2022-03-17,2022-03-16,16972.05,16950.0,2022-03-17,0.0138021040475369,0.43081791696988125,1.0,0.9523809523809523,0.41931841438744316,0.10849882315423319,0.10598734850876056,True,False
2022-03-21,2022-03-17,17275.1,17300.0,2022-03-24,0.003507939172566532,0.4184963675560777,1.0,1.0,0.4192086104657722,0.10848354025031162,-0.00656544677700463,True,False
2022-03-22,2022-03-21,17111.9,17100.0,2022-03-24,-0.0011395578515536187,0.3431246760385208,1.0,1.0,0.4185837098504619,0.10837600965705077,-0.6962706419135246,True,False
2022-03-23,2022-03-22,17306.05,17300.0,2022-03-24,0.007511823899734482,0.4114239604336046,1.0,0.9285714285714286,0.41533202535511476,0.10764990734925564,-0.0363034675806176,False,False
2022-03-24,2022-03-23,17260.55,17250.0,2022-03-24,-0.007224567003948357,0.4135944546926109,1.0,0.9285714285714286,0.41279952218029403,0.10588094035322318,0.0075077961119815705,False,False
2022-03-25,2022-03-24,17233.75,17250.0,2022-03-31,0.0018684267788495745,0.35376375284916245,1.0,1.0,0.41199991943227426,0.10568736181346619,-0.5510229944607401,True,False
2022-03-28,2022-03-25,17133.2,17150.0,2022-03-31,0.0015933976139892447,0.34079998846252507,1.0,1.0,0.4088157520846167,0.1044893051841784,-0.6509351698932576,True,False
2022-03-29,2022-03-28,17227.35,17250.0,2022-03-31,0.003622147341291626,0.4242376669889651,1.0,0.8809523809523809,0.406886636044778,0.10466147741429244,0.16578240029523672,False,False
2022-03-30,2022-03-29,17322.5,17300.0,2022-03-31,0.005351421561552883,0.5751764942962931,1.0,0.8571428571428571,0.40372502091862106,0.10110574488176877,1.6957639111226008,False,False
2022-03-31,2022-03-30,17494.65,17500.0,2022-03-31,0.002423598071410238,0.6506676073355429,1.0,0.8095238095238095,0.404921626996974,0.10271719298178568,2.3924522585244885,False,False
2022-04-01,2022-03-31,17468.6,17450.0,2022-04-07,-0.000867270416633148,0.49302344254785796,1.0,0.9523809523809523,0.40827297434554055,0.1073739468083618,0.7893019742822512,True,False
2022-04-04,2022-04-01,17656.8,17650.0,2022-04-07,0.012734470572244305,0.3839883272442287,1.0,1.0,0.4088675930193572,0.10774844659353605,-0.23090138708896277,True,False
2022-04-05,2022-04-04,18064.25,18050.0,2022-04-07,-0.0003404514441508466,0.4270227738027779,1.0,0.9761904761904762,0.4064199569207854,0.10659241294064008,0.19328596016928468,True,False
2022-04-06,2022-04-05,17968.0,17950.0,2022-04-07,-0.006467052537845075,0.4944610747252272,1.0,0.9047619047619048,0.40332987195720954,0.10315094295640169,0.883474257782943,False,False
2022-04-07,2022-04-06,17808.6,17800.0,2022-04-07,-0.003944723335916334,0.5907695161494834,1.0,0.8333333333333334,0.40509468173834695,0.10379797420164394,1.7888098090472726,False,False
2022-04-08,2022-04-07,17638.1,17650.0,2022-04-13,0.004663200684881019,0.29852993259010846,1.0,0.8809523809523809,0.4072896845774559,0.10632058532589692,-1.0229416218315006,False,False
2022-04-11,2022-04-08,17773.55,17750.0,2022-04-13,-0.0021745796422210084,0.46273887131639474,1.0,0.8809523809523809,0.40402465511467045,0.10660677568324246,0.5507550136980044,False,False
2022-04-12,2022-04-11,17683.45,17700.0,2022-04-13,-0.0062855381726982795,0.540668338306826,1.0,0.9285714285714286,0.4038658244501169,0.10651043292869922,1.2844048239695751,False,False
2022-04-13,2022-04-12,17536.5,17550.0,2022-04-13,0.004921164428477676,0.6314352481256651,1.0,0.8333333333333334,0.4014716557534112,0.10160084673354172,2.263402321590451,False,False
2022-04-18,2022-04-13,17475.0,17500.0,2022-04-21,-0.015004291845493567,0.4665951102929708,1.0,0.9285714285714286,0.4043864858117089,0.10563621208377032,0.5888948804026596,False,False
2022-04-19,2022-04-18,17157.45,17150.0,2022-04-21,0.0063820672652403765,0.376117500789679,1.0,0.9761904761904762,0.4041855680881292,0.10550395160444748,-0.26603806655206874,True,False
2022-04-20,2022-04-19,17026.2,17050.0,2022-04-21,-0.00033184151484189073,0.3456186129744528,1.0,0.9285714285714286,0.4012036349073192,0.10368082944565904,-0.5361166787539976,False,False
2022-04-21,2022-04-20,17134.65,17150.0,2022-04-21,0.005967440245350897,0.53440587925956,1.0,0.8571428571428571,0.39966755894494865,0.10381234779593686,1.2979026404398963,False,False
2022-04-22,2022-04-21,17392.85,17400.0,2022-04-28,-0.009590147675625271,0.4672085675731975,1.0,0.9761904761904762,0.39900679091522356,0.10280485942333979,0.6634100473512257,True,False
2022-04-25,2022-04-22,17168.55,17150.0,2022-04-28,-0.012292826126842349,0.3154191922491844,1.0,0.9761904761904762,0.40231052113003574,0.10173514821654345,-0.8540935006641261,True,False
2022-04-26,2022-04-25,16941.0,16950.0,2022-04-28,0.011050115105365688,0.4052189726130772,1.0,1.0,0.4009923576650002,0.10234847159116038,0.04129631720306087,True,False
2022-04-27,2022-04-26,17205.75,17200.0,2022-04-28,-0.006817488339653899,0.5215580430325145,1.0,0.9523809523809523,0.4041547096673739,0.09940838325414286,1.1810204483961149,True,False
2022-04-28,2022-04-27,17035.1,17050.0,2022-04-28,0.0058761028699567674,0.6042306035227197,1.0,0.8333333333333334,0.4072856928662497,0.10010764820546594,1.967331309714223,False,False
2022-04-29,2022-04-28,17241.05,17250.0,2022-05-05,0.004587887628653808,0.3569075355644254,1.0,1.0,0.41299947957574107,0.10141521847407585,-0.5530919802303055,True,False
2022-05-02,2022-04-29,17083.2,17100.0,2022-05-05,-0.007355179357497521,0.39054117831576357,1.0,1.0,0.413631795760184,0.10093614775702782,-0.22876459977454122,True,False
2022-05-04,2022-05-02,17063.0,17050.0,2022-05-05,0.0016526988220126881,0.4139142736755203,1.0,1.0,0.41422151446123456,0.10069179201992796,-0.003051299212685098,True,False
2022-05-05,2022-05-04,16680.5,16700.0,2022-05-05,0.008572884505860134,0.40588620682405735,1.0,0.9285714285714286,0.41485464832487,0.10056626930676973,-0.08917941932851378,False,False
2022-05-06,2022-05-05,16674.65,16650.0,2022-05-12,-0.013454555268026747,0.19004941227910713,1.0,1.0,0.41225580424110947,0.09870158766590117,-2.251295011729268,True,False
2022-05-09,2022-05-06,16390.5,16400.0,2022-05-12,-0.008932003294591317,0.4174650864229643,1.0,1.0,0.4084937851037109,0.10278267024806667,0.08728418222255846,True,False
2022-05-10,2022-05-09,16286.5,16300.0,2022-05-12,0.002462161913241001,0.41802869973546,1.0,1.0,0.40889050809424643,0.10277038840602482,0.08891852782642423,True,False
2022-05-11,2022-05-10,16257.75,16250.0,2022-05-12,0.0019006320062739945,0.35525002189177063,1.0,0.9761904761904762,0.41042830089263466,0.10219411043112171,-0.5399359979561043,True,False
2022-05-12,2022-05-11,16150.5,16150.0,2022-05-12,-0.010067799758521456,0.4319896560294148,1.0,0.8809523809523809,0.4083756261030773,0.1020422635598349,0.23141421115664337,False,False
2022-05-13,2022-05-12,15794.75,15800.0,2022-05-19,0.011867867487614703,0.3376739519744075,1.0,1.0,0.40541472575733256,0.09862336917768146,-0.6868633098599801,True,False
2022-05-16,2022-05-13,15768.7,15750.0,2022-05-19,0.0033991388002814205,0.24145977421654252,1.0,1.0,0.4027189257273775,0.09822000393229552,-1.6418157712760149,True,False
2022-05-17,2022-05-16,15815.45,15800.0,2022-05-19,0.00727453218213836,0.36191261647986783,1.0,1.0,0.39834652989554337,0.09947509085780945,-0.36626167517408437,True,False
2022-05-18,2022-05-17,16242.85,16250.0,2022-05-19,0.004894461255259941,0.3605579827669833,1.0,1.0,0.40057708215797183,0.09706370165697736,-0.41229727187219606,True,False
2022-05-19,2022-05-18,16244.25,16250.0,2022-05-19,-0.016335010849993115,0.5202271775013689,1.0,0.9523809523809523,0.4017551675114949,0.09612167424612418,1.232521290531423,True,False
2022-05-20,2022-05-19,15800.3,15800.0,2022-05-26,0.01526236843604245,0.32346560730048024,1.0,1.0,0.4028992831573844,0.09712805968598143,-0.8178241809186358,True,False
2022-05-23,2022-05-20,16277.7,16300.0,2022-05-26,0.002967249672865213,0.3393686647387315,1.0,1.0,0.40317398957532513,0.09687516246211919,-0.6586345066677254,True,False
2022-05-24,2022-05-23,16217.9,16200.0,2022-05-26,0.0002959692685242654,0.3635275373870032,1.0,1.0,0.4034142149917621,0.09669561691786947,-0.4124972659167944,True,False
2022-05-25,2022-05-24,16119.65,16100.0,2022-05-26,0.005065246453862082,0.4320407126478163,1.0,0.9761904761904762,0.402923478008724,0.09682414167698325,0.3007228789719696,True,False
2022-05-26,2022-05-25,16023.45,16000.0,2022-05-26,0.005660453897256668,0.44280992029271193,1.0,0.8809523809523809,0.402964861342979,0.09683624815294002,0.4114684295368709,False,False
2022-05-27,2022-05-26,16152.3,16150.0,2022-06-02,0.01011001529194,0.2920582490072617,1.0,1.0,0.40266067595394567,0.0966791994722147,-1.1440147162003629,True,False
2022-05-30,2022-05-27,16348.1,16350.0,2022-06-02,0.011010453814204624,0.3700308437891179,1.0,1.0,0.4036396032696875,0.09522188248987914,-0.35295205893605186,True,False
2022-05-31,2022-05-30,16665.4,16650.0,2022-06-02,-0.005820442353618893,0.3589290582863544,1.0,1.0,0.4041440403983252,0.09495757078422558,-0.4761598442183604,True,False
2022-06-01,2022-05-31,16596.1,16600.0,2022-06-02,0.001117732479317679,0.5103388509524865,1.0,1.0,0.40517654631093425,0.09410555701264053,1.1174930363296887,True,False
2022-06-02,2022-06-01,16518.0,16500.0,2022-06-02,-0.003559752996730836,0.5572138075081633,1.0,0.8809523809523809,0.4059096792722156,0.09475928994129341,1.5967207893778617,False,False
2022-06-03,2022-06-02,16622.9,16600.0,2022-06-09,0.00932147820175766,0.46089538745064546,1.0,1.0,0.40981324807178066,0.09610064101294388,0.5315483730434691,True,False
2022-06-06,2022-06-03,16583.25,16600.0,2022-06-09,-0.0013507605565857839,0.40601598734398836,1.0,0.9523809523809523,0.41266118892633197,0.09501620921105304,-0.06993755736542881,True,False
2022-06-07,2022-06-06,16566.85,16550.0,2022-06-09,-0.009286617552521914,0.38510905208725466,1.0,1.0,0.4147118354985688,0.09348530488914868,-0.3166570772424182,True,False
2022-06-08,2022-06-07,16415.7,16400.0,2022-06-09,0.001781830808311513,0.4876409464808167,1.0,0.9523809523809523,0.414963358803473,0.09338326263234237,0.7782720974687011,True,False
2022-06-09,2022-06-08,16349.2,16350.0,2022-06-09,-0.005272429232011433,0.5271948229704208,1.0,0.8809523809523809,0.41764937051908696,0.09311242349887427,1.1764858902277222,False,False
2022-06-10,2022-06-09,16473.8,16450.0,2022-06-16,-0.009803445470990324,0.3634384642230455,1.0,1.0,0.419824920641753,0.09413308544710625,-0.5990078424699173,True,False
2022-06-13,2022-06-10,16214.0,16200.0,2022-06-16,-0.02362156161342055,0.42469301125384906,1.0,1.0,0.4202104014543442,0.09384887434691895,0.04776412962540814,True,False
2022-06-14,2022-06-13,15762.65,15750.0,2022-06-16,-0.0017922113350229418,0.37639065788010706,1.0,1.0,0.42097248513087704,0.09369381912628584,-0.47582463460775426,True,False
2022-06-15,2022-06-14,15719.5,15700.0,2022-06-16,0.002073857310983307,0.45461015138271216,1.0,1.0,0.4224023008002837,0.0923150200570033,0.348890684988646,True,False
2022-06-16,2022-06-15,15690.95,15700.0,2022-06-16,0.009154958750107411,0.4859807579227861,1.0,0.9285714285714286,0.42279883804049756,0.09240283960858138,0.6837659984252356,False,False
2022-06-17,2022-06-16,15370.7,15350.0,2022-06-23,-0.008268979291769396,0.19437346355780044,1.0,1.0,0.42392357787994267,0.09275960753943956,-2.47467750685062,True,False
2022-06-20,2022-06-17,15283.65,15300.0,2022-06-23,0.0027251343756236057,0.3706202360420314,1.0,1.0,0.421444391005264,0.09685323100884724,-0.5247543570187135,True,False
2022-06-21,2022-06-20,15336.65,15350.0,2022-06-23,0.00850902902524342,0.3192360615706532,1.0,1.0,0.42076432893207105,0.09706779822544583,-1.0459520996408336,True,False
2022-06-22,2022-06-21,15640.05,15650.0,2022-06-23,-0.007525551388902096,0.40122686946914066,1.0,1.0,0.41919168904670506,0.09794632565867478,-0.18341494136460565,True,False
2022-06-23,2022-06-22,15410.35,15400.0,2022-06-23,0.0009895946555400492,0.5782907695762678,1.0,0.9761904761904762,0.4199827409903714,0.09760000121638,1.6220084693946486,True,False
2022-06-24,2022-06-23,15557.95,15550.0,2022-06-30,0.009544959329474745,0.34231690457257646,1.0,1.0,0.42394092067560046,0.09913792365069053,-0.823337962883142,True,False
2022-06-27,2022-06-24,15699.45,15700.0,2022-06-30,0.011169181085961544,0.3895948848668424,1.0,1.0,0.4225755746353273,0.09969630904531424,-0.33081154241622346,True,False
2022-06-28,2022-06-27,15829.15,15850.0,2022-06-30,-0.004122141744818841,0.33961052732487645,1.0,1.0,0.4194825478115031,0.09774131930925649,-0.8171776383937399,True,False
2022-06-29,2022-06-28,15842.45,15850.0,2022-06-30,-0.008679213126757568,0.4111354098245482,1.0,1.0,0.4142982631446586,0.09342530452208347,-0.0338543538743594,True,False
2022-06-30,2022-06-29,15801.95,15800.0,2022-06-30,0.0025756314885188036,0.5835033759988213,1.0,0.8809523809523809,0.41293346259927016,0.09285212892559785,1.837005951002247,False,False
2022-07-01,2022-06-30,15781.45,15800.0,2022-07-07,-0.007689407500578227,0.48554783034817184,1.0,1.0,0.41625871341184667,0.09533725949503111,0.7267789875996641,True,False
2022-07-04,2022-07-01,15746.25,15750.0,2022-07-07,0.002406922283083146,0.37181791834099553,1.0,1.0,0.41723413102093665,0.09574776363209814,-0.4743318377069221,True,False
2022-07-05,2022-07-04,15842.55,15850.0,2022-07-07,0.004352203401598809,0.3480855487376344,1.0,1.0,0.41519007841453276,0.09537955957238968,-0.7035525219213075,True,False
2022-07-06,2022-07-05,15824.3,15800.0,2022-07-07,0.002982754371441354,0.5051599822218367,1.0,0.8571428571428571,0.4111453456243352,0.09292165916862435,1.011762353779044,False,False
2022-07-07,2022-07-06,15971.7,15950.0,2022-07-07,0.009557529880976912,0.5014976173104173,1.0,0.9285714285714286,0.41458917978486404,0.09250529722207544,0.9394968735348646,False,False
2022-07-08,2022-07-07,16142.55,16150.0,2022-07-14,0.005420457114891919,0.3358049976652721,1.0,1.0,0.41523515888476453,0.09298133740331413,-0.8542591818717086,True,False
2022-07-11,2022-07-08,16225.25,16250.0,2022-07-14,-0.0054267268609111685,0.4316808541194558,1.0,1.0,0.4118207698740719,0.09205400055620216,0.21574384736553204,True,False
2022-07-12,2022-07-11,16231.6,16250.0,2022-07-14,-0.006921683629463549,0.43555869792744023,1.0,0.9761904761904762,0.40849152997396837,0.08747505946495454,0.30942725982730973,True,False
2022-07-13,2022-07-12,16079.4,16100.0,2022-07-14,0.0031220070400637123,0.5633235639559185,1.0,0.9047619047619048,0.4079742564345429,0.08721703173893777,1.7811808591053029,False,False
2022-07-14,2022-07-13,15959.9,15950.0,2022-07-14,0.0039755888194787925,0.4238163487061366,1.0,0.9761904761904762,0.41109435748731354,0.0893798103627214,0.1423362968347621,True,False
2022-07-15,2022-07-14,15938.9,15950.0,2022-07-21,0.00536109769181059,0.4525531973512594,1.0,1.0,0.4123976530828416,0.0889781101155713,0.4512968888219901,True,False
2022-07-18,2022-07-15,16049.15,16050.0,2022-07-21,0.008807320013832554,0.4521678127347397,1.0,1.0,0.4110334417177033,0.087693991911624,0.469067151812301,True,False
2022-07-19,2022-07-18,16278.95,16300.0,2022-07-21,-0.0033263816155220116,0.48263729276507766,1.0,0.9047619047619048,0.41078276247039563,0.0875520724604765,0.82070621831504,False,False
2022-07-20,2022-07-19,16354.0,16350.0,2022-07-21,0.009233215115568072,0.4723177938537151,1.0,0.9047619047619048,0.4135697308123272,0.08712541025184105,0.6742931008482282,False,False
2022-07-21,2022-07-20,16528.55,16550.0,2022-07-21,-0.0022930021084728303,0.693507843349236,1.0,0.8333333333333334,0.41468804449967117,0.08744644383268174,3.188463551280061,False,False
2022-07-22,2022-07-21,16603.35,16600.0,2022-07-28,0.004899613632188826,0.4860025854193623,1.0,1.0,0.4175538745049498,0.09360867486119913,0.7312218767748475,True,False
2022-07-25,2022-07-22,16732.1,16750.0,2022-07-28,-0.0025101451700623167,0.3634012183649678,1.0,1.0,0.41558340753656053,0.09081518922193839,-0.5745975934055202,True,False
2022-07-26,2022-07-25,16647.2,16650.0,2022-07-28,-0.0035111009659282155,0.42687490435779446,1.0,0.9761904761904762,0.41569163558323624,0.09074792215280263,0.12323443346424698,True,False
2022-07-27,2022-07-26,16495.0,16500.0,2022-07-28,-0.0011518642012731117,0.5703924307772165,1.0,0.9047619047619048,0.4162971976839368,0.09069846249143172,1.6989839613635902,False,False
2022-07-28,2022-07-27,16642.95,16650.0,2022-07-28,0.008276777854887563,0.4622421795284197,1.0,0.9047619047619048,0.41890516696896507,0.09285290235855306,0.4667276031082803,False,False
2022-07-29,2022-07-28,16934.35,16950.0,2022-08-04,0.00838237074348891,0.3432791956045272,1.0,1.0,0.4198444331807044,0.09300389067689452,-0.8232476837143627,True,False
2022-08-01,2022-07-29,17151.6,17150.0,2022-08-04,0.004454394925254901,0.3820944401364298,1.0,0.9523809523809523,0.42239826290279475,0.08858576791805992,-0.45496950259149077,True,False
2022-08-02,2022-08-01,17344.5,17350.0,2022-08-04,-0.003116261639136253,0.36915448712289284,1.0,0.9285714285714286,0.4218087521313525,0.08873671482353533,-0.5933763168173355,False,False
2022-08-03,2022-08-02,17367.15,17350.0,2022-08-04,-0.0015460222316270311,0.441101839679723,1.0,0.9047619047619048,0.4209941819211431,0.08899594737036297,0.22593902703120258,False,False
2022-08-04,2022-08-03,17385.1,17400.0,2022-08-04,0.005447193286204799,0.6232524672813404,1.0,0.9285714285714286,0.42242504555094235,0.08861032779568825,2.26641100113581,False,False
2022-08-05,2022-08-04,17405.2,17400.0,2022-08-11,0.0006693401971822333,0.4608152915744211,1.0,1.0,0.4256127590718077,0.09232276670090808,0.3812985004734174,True,False
2022-08-08,2022-08-05,17392.95,17400.0,2022-08-11,0.001230383574954086,0.5083818790326567,1.0,1.0,0.4276651147318079,0.09170137204885265,0.8802132672327748,True,False
2022-08-10,2022-08-08,17522.45,17500.0,2022-08-11,0.0012384112952241733,0.5363772871561815,1.0,0.9523809523809523,0.4321138164787432,0.08894815352088162,1.1721825192578195,True,False
2022-08-11,2022-08-10,17540.35,17550.0,2022-08-11,0.00902490543233192,0.5671419393865254,1.0,0.8571428571428571,0.43502156099001504,0.08946451157212917,1.476790920498019,False,False
2022-08-12,2022-08-11,17666.4,17650.0,2022-08-18,-0.0012679436670742783,0.4578000032702325,1.0,0.9761904761904762,0.43846462693367416,0.09051919159182883,0.21360526973932625,True,False
2022-08-16,2022-08-12,17687.7,17700.0,2022-08-18,0.005647992672874302,0.5767932835735032,1.0,1.0,0.43742417402982187,0.08992025735719701,1.5499189352856828,True,False
2022-08-17,2022-08-16,17829.3,17850.0,2022-08-18,0.0009927478925140232,0.5245343360438155,1.0,0.9523809523809523,0.44164630196770555,0.09042471540537582,0.9166524185840257,True,False
2022-08-18,2022-08-17,17954.15,17950.0,2022-08-18,-0.003236020641467441,0.6254888449709539,1.0,0.8333333333333334,0.44473239648945684,0.09003383474782108,2.00765022380513,False,False
2022-08-19,2022-08-18,17959.15,17950.0,2022-08-25,0.0006960240323177214,0.4465238601494361,1.0,0.9523809523809523,0.4490984182825227,0.09235105537580016,-0.02787795031264195,True,False
2022-08-22,2022-08-19,17780.85,17800.0,2022-08-25,-0.007190319922838251,0.4572420758507601,1.0,1.0,0.4493398040742164,0.09232463865964957,0.08559223075516202,True,False
2022-08-23,2022-08-22,17490.05,17500.0,2022-08-25,-0.006277855123341558,0.45764097480367705,1.0,1.0,0.4495803400001839,0.0923261380603864,0.08730609741545856,True,False
2022-08-24,2022-08-23,17568.05,17550.0,2022-08-25,0.0008168237226102715,0.4997449895582836,1.0,0.9285714285714286,0.4523400520967908,0.08998282646044939,0.5268220540097055,False,False
2022-08-25,2022-08-24,17614.0,17600.0,2022-08-25,0.003386510730101211,0.6700827746545405,1.0,0.8333333333333334,0.454501954526277,0.08952886357865927,2.4079476887233806,False,False
2022-08-26,2022-08-25,17554.05,17550.0,2022-09-01,0.005377676376676632,0.30253521906008146,1.0,1.0,0.45968784979908006,0.09284915124536941,-1.6925586139575632,True,False
2022-08-29,2022-08-26,17549.0,17550.0,2022-09-01,-0.019152088438087578,0.3815318118528372,1.0,0.9047619047619048,0.4562244559342067,0.09478330754300271,-0.7880358474247359,False,False
2022-08-30,2022-08-29,17310.35,17300.0,2022-09-01,0.007700595308587133,0.44581434584041546,1.0,1.0,0.4532964226732846,0.09432313618445547,-0.07932387678710602,True,False
2022-09-01,2022-08-30,17766.95,17750.0,2022-09-01,-0.012134890906993157,0.47337975152589074,1.0,0.8809523809523809,0.4530450719797808,0.09432263722919836,0.21558641852536317,False,False
2022-09-02,2022-09-01,17546.9,17550.0,2022-09-08,0.004422433592258468,0.3774311713254596,1.0,1.0,0.4541678013828124,0.09415412597512142,-0.8150108055554471,True,False
2022-09-05,2022-09-02,17543.7,17550.0,2022-09-08,0.002604923704805806,0.4012663447844477,1.0,1.0,0.45403983670344916,0.09425473812582881,-0.5599028013695134,True,False
2022-09-06,2022-09-05,17671.1,17650.0,2022-09-08,0.004190457866233732,0.44282904427808084,1.0,1.0,0.45260026000850956,0.0943923517350529,-0.10351702813650891,True,False
2022-09-07,2022-09-06,17669.1,17650.0,2022-09-08,-0.007034880101419949,0.42688908484150434,1.0,0.9761904761904762,0.4511941636969706,0.09388936414932382,-0.25886935198337135,True,False
2022-09-08,2022-09-07,17622.5,17600.0,2022-09-08,0.007391119307703198,0.6095905519485914,1.0,0.9285714285714286,0.45225167404061156,0.09323926972406081,1.6874743696901542,False,False
2022-09-09,2022-09-08,17801.0,17800.0,2022-09-15,0.006536149654513768,0.41437505242372286,1.0,1.0,0.45533329971885733,0.09534472524577899,-0.4295806316453541,True,False
2022-09-12,2022-09-09,17849.5,17850.0,2022-09-15,0.004215804364267939,0.43679240558518156,1.0,0.9523809523809523,0.455966372961251,0.09493690783764049,-0.20196536639744378,True,False
2022-09-13,2022-09-12,17943.35,17950.0,2022-09-15,0.004926616267308059,0.486987819973696,1.0,0.9047619047619048,0.4556694105312921,0.09496908347987727,0.3297747887504869,False,False
2022-09-14,2022-09-13,18074.0,18050.0,2022-09-15,-0.011865110102910248,0.4987848595060553,1.0,0.9047619047619048,0.45568619489880724,0.09497462018607657,0.45379138682321757,False,False
2022-09-15,2022-09-14,18013.75,18000.0,2022-09-15,0.0037832211505102187,0.581786291524105,1.0,0.8809523809523809,0.4607597181646115,0.0887024394711828,1.3644108784495383,False,False
2022-09-16,2022-09-15,17879.5,17900.0,2022-09-22,-0.00594535641376992,0.4579138597987085,1.0,1.0,0.46427915242264606,0.08925286526210269,-0.07131751574859835,True,False
2022-09-19,2022-09-16,17527.0,17550.0,2022-09-22,-0.0010726307981969718,0.2878127600615656,1.0,1.0,0.4665904490597803,0.08720527669365587,-2.050078800004779,True,False
2022-09-20,2022-09-19,17619.15,17600.0,2022-09-22,0.009143460382595059,0.42482934283584856,1.0,1.0,0.4647002139029874,0.08983558823701779,-0.4438204485503616,True,False
2022-09-21,2022-09-20,17817.35,17800.0,2022-09-22,0.0009176448798504655,0.4546709151479497,1.0,0.9523809523809523,0.46214252345731377,0.0887244742109062,-0.08421135628939716,True,False
2022-09-22,2022-09-21,17720.35,17700.0,2022-09-22,-0.00496039863772435,0.4182922807319075,1.0,0.9523809523809523,0.46401509030023663,0.0873272787006937,-0.523579919683973,True,False
2022-09-23,2022-09-22,17627.7,17650.0,2022-09-29,0.0006438729953424094,0.33167232351210835,1.0,1.0,0.4644933802313211,0.08699071111267383,-1.526841831964997,True,False
2022-09-26,2022-09-23,17331.6,17350.0,2022-09-29,-0.009390362113134376,0.26756883547340327,1.0,1.0,0.46436107683444167,0.08718967258079792,-2.257059070598903,True,False
2022-09-27,2022-09-26,17018.05,17000.0,2022-09-29,0.00450110324038322,0.3867415841266458,1.0,1.0,0.4619683005952559,0.09057920901334043,-0.8305075445904014,True,False
2022-09-28,2022-09-27,16997.6,17000.0,2022-09-29,-0.0071480679625358645,0.48318173129939834,1.0,0.9523809523809523,0.45868893739738625,0.08966170168195674,0.27316896113450573,True,False
2022-09-29,2022-09-28,16876.35,16900.0,2022-09-29,0.0076171684043055965,0.6263483124644148,1.0,1.0,0.4586495024132401,0.0896502079815764,1.8705903067803,True,False
2022-09-30,2022-09-29,16798.35,16800.0,2022-10-06,0.00017561248575015398,0.32606331787080994,1.0,1.0,0.46289167564863043,0.09147527521387491,-1.4957960766765361,True,False
2022-10-03,2022-09-30,17069.35,17050.0,2022-10-06,0.0002607011983468688,0.3497124596125086,1.0,1.0,0.4625246384675166,0.09198648595384953,-1.226399483415498,True,False
2022-10-04,2022-10-03,16891.95,16900.0,2022-10-06,0.014213871104283404,0.4906058461900342,1.0,1.0,0.4599338464240278,0.09294935610742748,0.3299861456873015,True,False
2022-10-06,2022-10-04,17270.0,17250.0,2022-10-06,0.007929936305732577,0.4968166242495189,1.0,0.9761904761904762,0.45975231690535473,0.09287741443244543,0.3990669590734888,True,False
2022-10-07,2022-10-06,17321.85,17300.0,2022-10-13,-0.0009958520596818898,0.45418527112868284,1.0,1.0,0.46243584401509213,0.09155209487230043,-0.09011888693445447,True,False
2022-10-10,2022-10-07,17311.95,17300.0,2022-10-13,-0.010654490106544956,0.4658902658705819,1.0,1.0,0.4628109176319127,0.09147002289268275,0.0336651084288246,True,False
2022-10-11,2022-10-10,17238.05,17250.0,2022-10-13,-0.0015314957318256495,0.3880806016785811,1.0,0.9761904761904762,0.4633164437642983,0.09140064585480089,-0.8231434404220394,True,False
2022-10-12,2022-10-11,17011.3,17000.0,2022-10-13,0.000479093308565659,0.41603863848446637,1.0,1.0,0.4603957277263427,0.09094958359523696,-0.4877107457608998,True,False
2022-10-13,2022-10-12,17130.3,17150.0,2022-10-13,-0.0021657530807982495,0.45146502909091496,1.0,0.9047619047619048,0.4602660992226482,0.09100812692302816,-0.09670641984728384,False,False
2022-10-14,2022-10-13,17011.6,17000.0,2022-10-20,0.01778492322885583,0.5036228639208089,1.0,1.0,0.46024796308497584,0.09100979841467054,0.4765959445180042,True,False
2022-10-17,2022-10-14,17182.65,17200.0,2022-10-20,0.00041320750873685697,0.4199892122433358,1.0,0.9761904761904762,0.46110554727141034,0.09117464961344053,-0.4509623585327535,True,False
2022-10-18,2022-10-17,17301.25,17300.0,2022-10-20,0.008623654360234045,0.4890306885785792,1.0,1.0,0.460061412596048,0.09128254804751858,0.31735831878236753,True,False
2022-10-19,2022-10-18,17484.55,17500.0,2022-10-20,0.003614619764306326,0.5963304793514045,1.0,0.9047619047619048,0.46033996084146245,0.09134605980079755,1.4887398406291708,False,False
2022-10-20,2022-10-19,17515.65,17500.0,2022-10-20,-0.004553071110692475,0.7043250139567881,1.0,0.8333333333333334,0.4587203381081652,0.08793977377172163,2.7928736374302665,False,False
2022-10-21,2022-10-20,17560.45,17550.0,2022-10-27,0.0034167689324591244,0.41451297886595073,1.0,0.9285714285714286,0.4623590452504556,0.09343299504762392,-0.5120896141680696,False,False
2022-10-25,2022-10-21,17577.25,17600.0,2022-10-27,0.011088196390220295,0.5967680198123184,1.0,0.9523809523809523,0.4632109079254719,0.09274594455167288,1.4400318260000673,True,False
2022-10-27,2022-10-25,17660.95,17650.0,2022-10-27,0.005265854894555444,0.5176135067052794,1.0,0.9047619047619048,0.466042459849714,0.09419983621368695,0.5474642942964298,False,False
2022-10-28,2022-10-27,17732.85,17750.0,2022-11-03,0.002706840693966317,0.47735332192223484,1.0,1.0,0.46516281111518176,0.09345235067423578,0.13044627255603025,True,False
2022-10-31,2022-10-28,17786.0,17800.0,2022-11-03,0.008295850669065574,0.5290189726786895,1.0,0.9761904761904762,0.46541466348841204,0.09346470752702954,0.6805168589639397,True,False
2022-11-01,2022-10-31,18014.1,18000.0,2022-11-03,0.005415202535791641,0.48888012170157263,1.0,1.0,0.468510326439648,0.09242100516250097,0.22040222594537942,True,False
2022-11-02,2022-11-01,18151.2,18150.0,2022-11-03,-0.00038564943364627347,0.5037482921144847,1.0,0.9047619047619048,0.4702900877990671,0.09175446783036983,0.36464932015379453,False,False
2022-11-03,2022-11-02,18091.2,18100.0,2022-11-03,-0.0049637392765543575,0.6080102036571872,1.0,0.8571428571428571,0.4725333178822603,0.09088110844718407,1.4907045929535492,False,False
2022-11-04,2022-11-03,18058.5,18050.0,2022-11-10,0.0009441537226235752,0.46464733395953134,1.0,0.9285714285714286,0.4753151239485513,0.09244374547236361,-0.11539763922924492,False,False
2022-11-07,2022-11-04,18124.8,18100.0,2022-11-10,0.00700421521892669,0.5984267290731282,1.0,0.9047619047619048,0.4726717050598545,0.0903865524464568,1.39130236312275,False,False
2022-11-09,2022-11-07,18202.9,18200.0,2022-11-10,0.0022798565063808507,0.5660354611463548,1.0,0.8571428571428571,0.4749652290181663,0.09181522890937818,0.9918859127179768,False,False
2022-11-10,2022-11-09,18182.05,18200.0,2022-11-10,-0.006146171636311593,0.6958349279192843,1.0,0.8571428571428571,0.4759261220533946,0.09247022929784736,2.378157895094665,False,False
2022-11-11,2022-11-10,18031.6,18050.0,2022-11-17,0.013007719780829374,0.4998489765238266,1.0,0.8809523809523809,0.4785837493994463,0.09644315227519758,0.22049494051895574,False,False
2022-11-14,2022-11-11,18354.0,18350.0,2022-11-17,0.0007845701209545641,0.4378715109201067,1.0,0.8809523809523809,0.47746220001840134,0.09578487550153743,-0.4133292327311027,False,False
2022-11-15,2022-11-14,18329.85,18350.0,2022-11-17,0.0020567544197034326,0.5184645105854772,1.0,0.8809523809523809,0.4771300584792326,0.09588870682680034,0.4310669470275075,False,False
2022-11-16,2022-11-15,18398.7,18400.0,2022-11-17,-0.00023099458113884364,0.6244474258406953,1.0,0.8809523809523809,0.4761579122627655,0.09515403000245772,1.558415482498216,False,False
2022-11-17,2022-11-16,18422.9,18400.0,2022-11-17,-0.002676017347974735,0.7441107991331897,1.0,0.9285714285714286,0.4778231304260468,0.09687369030141597,2.748813097535633,False,False
2022-11-18,2022-11-17,18359.85,18350.0,2022-11-24,0.0007979368023161015,0.4629198472388727,1.0,0.8809523809523809,0.47980016299541745,0.10105843587854577,-0.16703519710944154,False,False
2022-11-21,2022-11-18,18320.4,18300.0,2022-11-24,-0.005171830309381842,0.5960185740567294,1.0,0.8333333333333334,0.48007342944690806,0.10098907413018124,1.1480959263015007,False,False
2022-11-22,2022-11-21,18163.9,18150.0,2022-11-24,0.0008918789467018406,0.42192304989532364,1.0,0.8333333333333334,0.48238637108367416,0.10204102003666478,-0.5925393647243549,False,False
2022-11-23,2022-11-22,18240.9,18250.0,2022-11-24,0.0031111403494346046,0.6509542727028889,0.9,0.7857142857142857,0.4817910723352016,0.10229170917356754,1.6537332471456985,False,False
2022-11-24,2022-11-23,18266.5,18250.0,2022-11-24,0.0020803109517422147,0.7207853419957988,1.0,0.8095238095238095,0.48431122705427837,0.1045786385323758,2.2612085819831362,False,False
2022-11-25,2022-11-24,18477.15,18500.0,2022-12-01,-0.00031390122394436837,0.463598730204909,1.0,0.8571428571428571,0.48515626984329935,0.10629594917903887,-0.2028067843119784,False,False
2022-11-28,2022-11-25,18523.0,18500.0,2022-12-01,-0.0029233925390056426,0.5844362087189091,1.0,0.8809523809523809,0.4878406616957131,0.1036055771721718,0.93233925875123,False,False
2022-11-29,2022-11-28,18563.85,18550.0,2022-12-01,0.0018584506985350746,0.5714118597458673,1.0,0.8571428571428571,0.49122240164348097,0.10338801195093938,0.7756165979904763,False,False
2022-11-30,2022-11-29,18624.15,18600.0,2022-12-01,0.0014228837289218532,0.6750079773058186,1.0,0.9047619047619048,0.49331569354190524,0.10372399206756516,1.751690039519113,False,False
2022-12-01,2022-11-30,18747.25,18750.0,2022-12-01,0.005971542492898996,0.6887392469418867,1.0,0.8333333333333334,0.4966761639715706,0.10630133087486374,1.8067796648417296,False,False
2022-12-02,2022-12-01,18806.85,18800.0,2022-12-08,-0.0027330467356307953,0.5188572500949296,1.0,0.8809523809523809,0.5018646318985112,0.10796672834983259,0.1573875438862897,False,False
2022-12-05,2022-12-02,18698.0,18700.0,2022-12-08,-0.0004866830677077161,0.5609402490702493,1.0,0.8809523809523809,0.5038244803203524,0.1071740485881803,0.5329253630173666,False,False
2022-12-06,2022-12-05,18706.9,18700.0,2022-12-08,-0.004281842528692792,0.60260510488161,1.0,0.8571428571428571,0.5057930004002219,0.10711941604217122,0.9037773734994476,False,False
2022-12-07,2022-12-06,18639.45,18650.0,2022-12-08,0.0006572082330755791,0.5705783724278932,1.0,0.8095238095238095,0.5087216007342237,0.10732745253475216,0.5763369038656777,False,False
2022-12-08,2022-12-07,18572.95,18550.0,2022-12-08,-0.0005141886453148281,0.6105012726510368,1.0,0.8095238095238095,0.5080713977422121,0.10682300354037222,0.958874694719783,False,False
2022-12-09,2022-12-08,18604.5,18600.0,2022-12-15,0.002383831868633779,0.6607282093355765,1.0,0.8571428571428571,0.5113401680793339,0.10690799732373889,1.397351414261981,False,False
2022-12-12,2022-12-09,18499.05,18500.0,2022-12-15,-0.006124638832804896,0.5733630683870087,1.0,0.8571428571428571,0.5150724314751739,0.10816289537268313,0.5389152787653303,False,False
2022-12-13,2022-12-12,18495.2,18500.0,2022-12-15,0.001413880358146935,0.6235531967064052,1.0,0.8095238095238095,0.5165120189487291,0.10835739768974154,0.9878529757992696,False,False
2022-12-14,2022-12-13,18611.95,18600.0,2022-12-15,0.0025655560003117195,0.6584566578590473,1.0,0.8333333333333334,0.5185914912354016,0.10920532066769081,1.2807541406270124,False,False
2022-12-15,2022-12-14,18666.3,18650.0,2022-12-15,-0.0012562746768240984,0.6787763096373282,1.0,0.8333333333333334,0.5198693306743174,0.11039935452549343,1.4393832250741643,False,False
2022-12-16,2022-12-15,18430.45,18450.0,2022-12-22,-0.005338990637776098,0.39191009724601367,1.0,0.9047619047619048,0.523550371504961,0.11196950062897425,-1.1756797477837717,False,False
2022-12-19,2022-12-16,18267.8,18250.0,2022-12-22,0.0001505381052999688,0.3510262548791506,1.0,0.9047619047619048,0.5252853271247018,0.10902256890381166,-1.5983761343882503,False,False
2022-12-20,2022-12-19,18421.6,18400.0,2022-12-22,-0.004671146914491664,0.6177891213290793,1.0,0.8333333333333334,0.5240552756587568,0.11058039097146342,0.8476534116660125,False,False
2022-12-21,2022-12-20,18392.55,18400.0,2022-12-22,0.0029060679459891325,0.6273732297678236,1.0,0.9285714285714286,0.5267739124284423,0.11085046687395286,0.9075227211606782,False,False
2022-12-22,2022-12-21,18201.65,18200.0,2022-12-22,0.006068131185908765,0.5513348596120397,1.0,0.8095238095238095,0.5302585949123743,0.1106686236884771,0.19044480718395226,False,False
2022-12-23,2022-12-22,18143.0,18150.0,2022-12-29,-0.005859008984181235,0.3718664717976171,1.0,0.8809523809523809,0.5339196371807063,0.10757800636799288,-1.506378216647302,False,False
2022-12-26,2022-12-23,17796.4,17800.0,2022-12-29,0.0026156975568092378,0.3453673957921016,1.0,0.8809523809523809,0.5356579311194434,0.10398384805181482,-1.8300008981444948,False,False
2022-12-27,2022-12-26,18007.6,18000.0,2022-12-29,0.0036790021990715793,0.5049118953357283,1.0,0.9285714285714286,0.5349683613138675,0.1051191154645241,-0.2859276911275257,False,False
2022-12-28,2022-12-27,18115.15,18100.0,2022-12-29,-0.001269655509338885,0.6227554320780103,1.0,0.9047619047619048,0.5353305307144731,0.10497500459753915,0.8328163613682436,False,False
2022-12-29,2022-12-28,18144.75,18150.0,2022-12-29,-0.005626971989142748,0.6399183412801688,1.0,0.9047619047619048,0.5352706493746997,0.10492321691842987,0.99737403197259,False,False
2022-12-30,2022-12-29,18194.7,18200.0,2023-01-05,0.002671107520321847,0.44558546952622474,1.0,0.8809523809523809,0.5405015664315224,0.10210211635890237,-0.9296192898847958,False,False
2023-01-02,2022-12-30,18103.7,18100.0,2023-01-05,0.002115589630848902,0.4825951717253171,1.0,0.9047619047619048,0.5420994499300842,0.09978970056595067,-0.5962967908240284,False,False
2023-01-03,2023-01-02,18193.45,18200.0,2023-01-05,-0.0011102896921694194,0.5756999231028149,1.0,0.8809523809523809,0.5419659386890056,0.09986509327095087,0.33779555306961334,False,False
2023-01-04,2023-01-03,18229.7,18250.0,2023-01-05,-0.0005814687021729048,0.6065636240735343,1.0,0.8095238095238095,0.5432806603365605,0.0997798412027547,0.6342259415745255,False,False
2023-01-05,2023-01-04,18063.85,18050.0,2023-01-05,0.00012732612372245988,0.5623866704842626,1.0,0.8571428571428571,0.5458202995523082,0.0994122340966236,0.16664318111846063,False,False
2023-01-06,2023-01-05,17992.25,18000.0,2023-01-12,0.0012866650919145517,0.5425540164855769,1.0,0.9285714285714286,0.5474285729625362,0.0988763297715634,-0.04929952889858627,False,False
2023-01-09,2023-01-06,17872.7,17850.0,2023-01-12,0.004271878339590529,0.34929449417312075,1.0,0.9047619047619048,0.550003129875986,0.09664275219056949,-2.0768100157897886,False,False
2023-01-10,2023-01-09,18104.05,18100.0,2023-01-12,-0.0022232594364244296,0.6201076406885987,1.0,0.9047619047619048,0.5488907274707969,0.09857567828851041,0.7224592765100205,False,False
2023-01-11,2023-01-10,17917.7,17900.0,2023-01-12,-0.0016492072085144693,0.560324000499265,1.0,0.9047619047619048,0.5517014376640917,0.098154044717369,0.0878472492906596,False,False
2023-01-12,2023-01-11,17901.0,17900.0,2023-01-12,0.00014524328249820861,0.6710133212505052,1.0,0.8333333333333334,0.552646456607066,0.09795605974947155,1.2083669447930985,False,False
2023-01-13,2023-01-12,17861.5,17850.0,2023-01-19,-0.0014024578002966859,0.46908893011087893,1.0,0.9285714285714286,0.5568301917571855,0.09755403028203637,-0.8994119606605663,False,False
2023-01-16,2023-01-13,17960.5,17950.0,2023-01-19,0.0046657943821162284,0.5118180930404875,1.0,0.8809523809523809,0.5564978291160572,0.09782253640557184,-0.4567427682546241,False,False
2023-01-17,2023-01-16,17891.65,17900.0,2023-01-19,0.00040242235903331647,0.59973887988557,1.0,0.8809523809523809,0.5550892893442084,0.09784770844549356,0.45631718157440293,False,False
2023-01-18,2023-01-17,18055.95,18050.0,2023-01-19,-0.0003738379869240305,0.4907237098281782,1.0,0.8809523809523809,0.5533461871096883,0.09605932567904829,-0.6519146042180559,False,False
2023-01-19,2023-01-18,18164.9,18150.0,2023-01-19,-0.002700262594344194,0.6274663035688016,1.0,0.9047619047619048,0.5546163659590586,0.09468649095885295,0.769380477320685,False,False
2023-01-20,2023-01-19,18116.0,18100.0,2023-01-25,-0.0012171561051004254,0.5734009485277546,1.0,0.9285714285714286,0.5551280040216667,0.09500053592290472,0.19234569919602135,False,False
2023-01-23,2023-01-20,18029.95,18050.0,2023-01-25,0.004409330031419856,0.565443296912378,1.0,0.8571428571428571,0.5560577947187079,0.09490009912840734,0.09889876069540089,False,False
2023-01-24,2023-01-23,18124.95,18100.0,2023-01-25,0.0018482809607751616,0.7269944058854899,1.0,0.8095238095238095,0.5575259609685436,0.09434161356432791,1.7963276068136396,False,False
2023-01-25,2023-01-24,18125.05,18150.0,2023-01-25,-0.002684130526536377,0.7545489437122519,1.0,0.8095238095238095,0.5608255515219903,0.09675880641542503,2.0021267248639676,False,False
2023-01-27,2023-01-25,17888.85,17900.0,2023-02-02,-0.0038264058338013385,0.46042047212272535,1.0,0.9761904761904762,0.5652533652221684,0.09945188822990968,-1.0541066134118413,True,False
2023-01-30,2023-01-27,17600.45,17600.0,2023-02-02,-0.00797422793167235,0.29669304630568205,1.0,1.0,0.5645312348889724,0.10006148782519465,-2.676736019068576,True,False
2023-01-31,2023-01-30,17631.8,17650.0,2023-02-02,0.003913383772502055,0.27221094032041604,1.0,1.0,0.5593426155997806,0.10568239496545596,-2.7169300560724263,True,False
2023-02-01,2023-01-31,17648.15,17650.0,2023-02-02,0.0078846791306737,0.3342459121673591,1.0,0.8809523809523809,0.556135342372462,0.11137184275978995,-1.9923297011766294,False,False
2023-02-02,2023-02-01,17649.1,17650.0,2023-02-02,-0.007892753738150904,0.3929196297864067,1.0,1.0,0.5517323287573659,0.11483966127745888,-1.3829081103544796,True,False
2023-02-03,2023-02-02,17623.45,17600.0,2023-02-09,0.005469984594389743,0.4979127438305009,1.0,0.9523809523809523,0.5488470649013667,0.11663488803026735,-0.43669884655479846,True,False
2023-02-06,2023-02-03,17854.05,17850.0,2023-02-09,-0.0023636093771441935,0.27568630467953875,1.0,0.9761904761904762,0.5455483618332203,0.11519726014254597,-2.3426082948479174,True,False
2023-02-07,2023-02-06,17770.55,17750.0,2023-02-09,-0.00012661397649482709,0.4390352891422567,1.0,1.0,0.5418123173024821,0.12022956362979442,-0.8548399000822454,True,False
2023-02-08,2023-02-07,17728.05,17750.0,2023-02-09,0.0013481460171875792,0.5260497190074476,1.0,0.8571428571428571,0.5418317136061845,0.12021260361310648,-0.13128402617025006,False,False
2023-02-09,2023-02-08,17869.55,17850.0,2023-02-09,-0.002232848616780969,0.5823222384206388,1.0,1.0,0.5419581337465509,0.12019159988079907,0.33583132859633547,True,False
2023-02-10,2023-02-09,17895.8,17900.0,2023-02-16,-0.0022910403558377146,0.554429679880863,1.0,0.8809523809523809,0.5412560472895499,0.11982405338059755,0.10994147017769167,False,False
2023-02-13,2023-02-10,17860.45,17850.0,2023-02-16,-3.0794296896119455e-05,0.5473491667770432,1.0,0.9047619047619048,0.5380946953020112,0.11684657968142297,0.07920190304469252,False,False
2023-02-14,2023-02-13,17775.0,17800.0,2023-02-16,0.0032264416315048727,0.6071636752174204,1.0,0.8809523809523809,0.5395018506276473,0.11643357385410492,0.5811195375189254,False,False
2023-02-15,2023-02-14,17927.9,17950.0,2023-02-16,-0.0022283703055014925,0.5353237985958161,1.0,0.9761904761904762,0.5396876023136588,0.11653411243968803,-0.03744657788594816,True,False
2023-02-16,2023-02-15,18008.8,18000.0,2023-02-16,0.004545000222113682,0.7147993427591053,1.0,0.9285714285714286,0.5415776147920004,0.11550684083569743,1.4996663982309406,False,False
2023-02-17,2023-02-16,18041.35,18050.0,2023-02-23,-0.0054181089552610695,0.5193292750373535,1.0,0.8571428571428571,0.5426416992929374,0.11681816695445899,-0.19956163380540054,False,False
2023-02-20,2023-02-17,17945.15,17950.0,2023-02-23,0.0005544673630477615,0.5137700191027988,1.0,0.9285714285714286,0.5392840981769632,0.11448295456569584,-0.22286356227400783,False,False
2023-02-21,2023-02-20,17835.65,17850.0,2023-02-23,0.002722076291023834,0.4316309976989284,1.0,0.8809523809523809,0.5401202863252614,0.11410337321386384,-0.9507982592503351,False,False
2023-02-22,2023-02-21,17821.4,17800.0,2023-02-23,-0.004205617964918584,0.539666031789483,1.0,0.8809523809523809,0.5375735328082617,0.11480064330628105,0.018227240901766258,False,False
2023-02-23,2023-02-22,17550.55,17550.0,2023-02-23,0.0005498403183945566,0.6076426999542035,1.0,0.8571428571428571,0.5370444356756553,0.11471516856716035,0.6154222249799183,False,False
2023-02-24,2023-02-23,17514.45,17500.0,2023-03-02,0.0038339770874904477,0.5462676366556106,1.0,0.8809523809523809,0.5359216810531284,0.1136668612536094,0.09101998144735139,False,False
2023-02-27,2023-02-24,17474.6,17450.0,2023-03-02,-0.004234717819005862,0.4066921240307904,1.0,0.9047619047619048,0.5335471542150239,0.11189467605050962,-1.133700321246479,False,False
2023-02-28,2023-02-27,17395.1,17400.0,2023-03-02,-0.0002701910308073874,0.5714685513887587,1.0,0.8333333333333334,0.5316777354472881,0.11307500248160597,0.35189754647976607,False,False
2023-03-01,2023-02-28,17295.4,17300.0,2023-03-02,0.00425546677151134,0.6167321502165142,1.0,0.8333333333333334,0.5318532071525967,0.11312933815240636,0.7502823268493777,False,False
2023-03-02,2023-03-01,17448.0,17450.0,2023-03-02,-0.0003811325080239625,0.747666981578274,1.0,0.8095238095238095,0.5320886579081783,0.11329366817147744,1.902827643852115,False,False
2023-03-03,2023-03-02,17322.0,17300.0,2023-03-09,0.0070084285879230546,0.5298222859947661,1.0,0.8809523809523809,0.5350401347273513,0.11657264718307664,-0.044760489348677476,False,False
2023-03-06,2023-03-03,17590.05,17600.0,2023-03-09,0.006631590018220557,0.5959072560221084,1.0,0.8333333333333334,0.5336954849497467,0.11615201172456371,0.5356064879865112,False,False
2023-03-08,2023-03-06,17711.05,17700.0,2023-03-09,-0.004779502062271734,0.6645605176466617,1.0,0.9285714285714286,0.5326151357278557,0.11524837305081485,1.1448784778994596,False,False
2023-03-09,2023-03-08,17758.25,17750.0,2023-03-09,1.6893556515906738e-05,0.751539622458317,1.0,0.8095238095238095,0.5341350932155166,0.11639060736672945,1.8678872304342493,False,False
2023-03-10,2023-03-09,17600.95,17600.0,2023-03-16,-0.010576133674602861,0.5598828196594429,1.0,0.8809523809523809,0.5362682003113818,0.11919616070337084,0.1981156037972393,False,False
2023-03-13,2023-03-10,17414.35,17400.0,2023-03-16,0.0005742390614635884,0.5842543417352565,1.0,0.9285714285714286,0.534625303008055,0.11815828533858574,0.42002165641612127,False,False
2023-03-14,2023-03-13,17134.9,17150.0,2023-03-16,0.0007324232998149327,0.310106548110926,1.0,0.9523809523809523,0.5330499368763538,0.11682640064127475,-1.9083305446514114,True,False
2023-03-15,2023-03-14,17034.1,17050.0,2023-03-16,0.009921275559025666,0.4351630754917322,1.0,0.8571428571428571,0.5316865443907691,0.11895931758949149,-0.8113989795412503,False,False
2023-03-16,2023-03-15,16974.25,16950.0,2023-03-16,-0.0017408722034846225,0.4511462749574954,1.0,0.9285714285714286,0.5330888247343121,0.11727762886302415,-0.6987057171195242,False,False
2023-03-17,2023-03-16,16978.6,17000.0,2023-03-23,0.008328130705711922,0.5482618145270872,1.0,0.9523809523809523,0.5303114439614525,0.11721095730692185,0.15314584044076143,True,False
2023-03-20,2023-03-17,17105.75,17100.0,2023-03-23,-0.007029799921079216,0.579488423774903,1.0,0.8571428571428571,0.5289929203741067,0.1165436571671674,0.43327543195565504,False,False
2023-03-21,2023-03-20,16994.0,17000.0,2023-03-23,0.0038395904436860917,0.5144403237554945,1.0,0.9047619047619048,0.5294621464434879,0.11669171617125229,-0.12873084037900254,False,False
2023-03-22,2023-03-21,17117.9,17100.0,2023-03-23,0.0034496053838379837,0.5879444768599672,1.0,0.8571428571428571,0.5318383773094524,0.11486550062961363,0.4884503984484444,False,False
2023-03-23,2023-03-22,17151.9,17150.0,2023-03-23,-0.00432896647018699,0.566363310874677,1.0,0.8809523809523809,0.5358813286605836,0.11243428596594832,0.2711093146740408,False,False
2023-03-24,2023-03-23,17065.8,17050.0,2023-03-29,0.0012979174723717346,0.47992697574906296,1.0,1.0,0.5369055189195661,0.11242728410615864,-0.5068035185898605,True,False
2023-03-27,2023-03-24,16969.75,16950.0,2023-03-29,0.001075443067811932,0.38906083248382084,1.0,0.9523809523809523,0.5345250446474169,0.11209031662652376,-1.2977411121807385,True,False
2023-03-28,2023-03-27,16985.5,17000.0,2023-03-29,0.003252774425245075,0.6532663280430463,1.0,0.8095238095238095,0.5303440861674777,0.11276895316074326,1.0900362061564284,False,False
2023-03-29,2023-03-28,16950.4,16950.0,2023-03-29,0.003227062488200705,0.6703460541809807,1.0,0.8095238095238095,0.5338054338094249,0.11330926404779303,1.2050260984306098,False,False
2023-03-31,2023-03-29,17075.35,17100.0,2023-04-06,0.009343878749191292,0.6490892219512078,1.0,0.8333333333333334,0.5369346151836859,0.11445772762180136,0.9798779785154428,False,False
2023-04-03,2023-03-31,17365.9,17350.0,2023-04-06,0.0013589851375395146,0.4541946918528603,1.0,0.9761904761904762,0.5381577701644924,0.1152682834913234,-0.7284144065349272,True,False
2023-04-05,2023-04-03,17395.05,17400.0,2023-04-06,0.0015809095116139371,0.6403894652752373,1.0,0.8571428571428571,0.5356182879608145,0.11541401914095847,0.9077855367506334,False,False
2023-04-06,2023-04-05,17556.7,17550.0,2023-04-06,-0.0017002056195072335,0.7382219253333024,1.0,0.8333333333333334,0.5369183345406641,0.116157578465871,1.7330215854300428,False,False
2023-04-10,2023-04-06,17599.45,17600.0,2023-04-13,0.001696075729639146,0.5868632264022946,1.0,0.9761904761904762,0.5401794663547929,0.11902966977946655,0.3922027183138083,True,False
2023-04-11,2023-04-10,17625.75,17650.0,2023-04-13,0.003401273704665142,0.6223905104713483,1.0,0.8571428571428571,0.5441389452252791,0.11649669577423374,0.6717063065695689,False,False
2023-04-12,2023-04-11,17719.85,17700.0,2023-04-13,0.0007308188274732785,0.7596780977788377,1.0,0.8333333333333334,0.5441769930549916,0.11652229766737442,1.849440914210407,False,False
2023-04-13,2023-04-12,17804.45,17800.0,2023-04-13,-0.0006009733521675775,0.7732802333702627,1.0,0.8571428571428571,0.5474995613429845,0.11978702414472299,1.8848508312093721,False,False
2023-04-17,2023-04-13,17822.15,17800.0,2023-04-20,-0.006654640433393366,0.5750031096600156,1.0,0.8571428571428571,0.5492040098783136,0.12227600706622287,0.21099069556408975,False,False
2023-04-18,2023-04-17,17712.7,17700.0,2023-04-20,0.0011884128337293909,0.701115369145752,1.0,0.8571428571428571,0.5509692462041327,0.1218636426312264,1.2320830044115703,False,False
2023-04-19,2023-04-18,17663.05,17650.0,2023-04-20,-0.0014380302382656085,0.6813824486859444,1.0,0.8095238095238095,0.5541242008058871,0.12327507600331299,1.032311250626504,False,False
2023-04-20,2023-04-19,17625.15,17650.0,2023-04-20,-0.00039432288519536396,0.7801016219191185,1.0,0.8571428571428571,0.55548492695256,0.12423397728568042,1.80801339435543,False,False
2023-04-21,2023-04-20,17625.5,17650.0,2023-04-27,0.0015176874414910557,0.5830796565592488,1.0,0.8333333333333334,0.5603078921540756,0.12725749756042048,0.17894241865286842,False,False
2023-04-24,2023-04-21,17634.95,17650.0,2023-04-27,0.002030059625913294,0.6657984629475091,1.0,0.8095238095238095,0.5595681147039163,0.12698920514811915,0.8365305391091046,False,False
2023-04-25,2023-04-24,17746.85,17750.0,2023-04-27,-0.0006001064977727566,0.644868743724266,1.0,0.8095238095238095,0.561108073277579,0.1277179417785473,0.6558254015079674,False,False
2023-04-26,2023-04-25,17770.95,17750.0,2023-04-27,-0.00035451115444018466,0.7122869004036774,1.0,0.8095238095238095,0.5624318307244437,0.12817443108142576,1.169149481802925,False,False
2023-04-27,2023-04-26,17817.0,17800.0,2023-04-27,-0.0007829600942920178,0.8047911573140076,1.0,0.8571428571428571,0.5621867056330802,0.127868079383355,1.8973026954881131,False,False
2023-04-28,2023-04-27,17912.1,17900.0,2023-05-04,0.0018144159534616566,0.6330384310554554,1.0,0.8571428571428571,0.5630240758597761,0.12930558443436654,0.5414642801542535,False,False
2023-05-02,2023-04-28,18062.35,18050.0,2023-05-04,0.004185501886520893,0.533086343286889,1.0,0.8571428571428571,0.5659010418419883,0.1289037224631625,-0.25456750145037094,False,False
2023-05-03,2023-05-02,18164.15,18150.0,2023-05-04,-0.004563935003840114,0.6400263686670626,1.0,0.8571428571428571,0.5698409301250085,0.1240575663687155,0.5657489550734355,False,False
2023-05-04,2023-05-03,18087.4,18100.0,2023-05-04,-0.00020456229198229092,0.7614003690461323,1.0,0.8333333333333334,0.5759711872641193,0.11804294596424401,1.570862030486605,False,False
2023-05-05,2023-05-04,18264.5,18250.0,2023-05-11,-0.006000711763256561,0.5257914458910018,1.0,0.8809523809523809,0.5830904282120988,0.11608193670766567,-0.4936080836193797,False,False
2023-05-08,2023-05-05,18080.05,18100.0,2023-05-11,0.0030724472554002347,0.6508468480160368,1.0,0.8333333333333334,0.5853049584805087,0.11363410936809523,0.5767800698223285,False,False
2023-05-09,2023-05-08,18257.55,18250.0,2023-05-11,0.0027550246336447426,0.6328237925591059,1.0,0.8333333333333334,0.5878538602169343,0.11335548284719113,0.39671598772856304,False,False
2023-05-10,2023-05-09,18267.8,18250.0,2023-05-11,0.0014588510931803356,0.6703371087376055,1.0,0.8333333333333334,0.5938061516815938,0.10581134392290625,0.7232774314989509,False,False
2023-05-11,2023-05-10,18316.55,18300.0,2023-05-11,0.001400372886815493,0.7664028222517596,1.0,0.8333333333333334,0.597661182008183,0.10427942267651794,1.6181681477756642,False,False
2023-05-12,2023-05-11,18297.35,18300.0,2023-05-18,-0.0030660177566695923,0.5991586487129827,1.0,0.8571428571428571,0.6016670670622549,0.10608282615094503,-0.023645847686061417,False,False
2023-05-15,2023-05-12,18319.4,18300.0,2023-05-18,0.0005076585477690188,0.6346241318035949,1.0,1.0,0.6019476739004604,0.10605305193042666,0.3081142627047733,True,False
2023-05-16,2023-05-15,18401.7,18400.0,2023-05-18,-0.00022823978219410623,0.6474728885186143,1.0,0.8809523809523809,0.6032842480991728,0.10594932790372709,0.41707334339670704,False,False
2023-05-17,2023-05-16,18296.2,18300.0,2023-05-18,-0.0015795629693597935,0.696007099093869,1.0,0.8333333333333334,0.6049529767948657,0.10584183660696982,0.8602847911371874,False,False
2023-05-18,2023-05-17,18176.5,18200.0,2023-05-18,0.005562126922124655,0.7502142364134998,0.9,0.7857142857142857,0.6064337005261398,0.1064927451685013,1.3501439526219279,False,False
2023-05-19,2023-05-18,18128.35,18150.0,2023-05-25,0.002206488731737899,0.5017336495538505,1.0,0.8095238095238095,0.6100152078231011,0.10766773861064678,-1.0057010546197467,False,False
2023-05-22,2023-05-19,18209.95,18200.0,2023-05-25,-0.0014222993473349543,0.6267966647852998,1.0,0.8333333333333334,0.6064641129363468,0.10766683850826698,0.18884692938570682,False,False
2023-05-23,2023-05-22,18316.85,18300.0,2023-05-25,0.003406699296003568,0.642795170842278,1.0,0.8333333333333334,0.6082552360988126,0.10708504335463416,0.3225467690112362,False,False
2023-05-24,2023-05-23,18359.6,18350.0,2023-05-25,-0.004112290028105203,0.6395387124103672,1.0,0.8333333333333334,0.6104056552944707,0.10644910272638093,0.2736806264190011,False,False
2023-05-25,2023-05-24,18287.05,18300.0,2023-05-25,-0.001066328358045765,0.8039056648354929,1.0,0.9047619047619048,0.6138707838729947,0.10388399712476046,1.829298893209452,False,False
2023-05-26,2023-05-25,18324.1,18300.0,2023-06-01,0.0013097505470938131,0.6810545337411177,1.0,0.8809523809523809,0.6182747777570948,0.10625875100003836,0.5908196303192026,False,False
2023-05-29,2023-05-26,18506.9,18500.0,2023-06-01,0.006505681664676244,0.5395470835530902,1.0,0.9047619047619048,0.61949830832021,0.10655648957337734,-0.7503177430790218,False,False
2023-05-30,2023-05-29,18604.0,18600.0,2023-06-01,-0.0011314771016984748,0.5983095178579129,1.0,0.9047619047619048,0.6193862991018347,0.10663827317565798,-0.19764743573072982,False,False
2023-05-31,2023-05-30,18643.3,18650.0,2023-06-01,-0.0024244634801778853,0.6285063140977621,1.0,0.8809523809523809,0.6225799223322867,0.10296659174221381,0.057556452682368565,False,False
2023-06-01,2023-05-31,18530.35,18550.0,2023-06-01,2.42844846427559e-05,0.7370984129681859,0.9,0.7857142857142857,0.6235305517107701,0.10274978246438049,1.1052856612789963,False,False
2023-06-02,2023-06-01,18498.95,18500.0,2023-06-08,0.0026947475397252063,0.6154187352555465,1.0,0.8809523809523809,0.6255366560899647,0.1037846142832182,-0.0974896029078778,False,False
2023-06-05,2023-06-02,18554.25,18550.0,2023-06-08,0.004028726572079089,0.6799005839746354,1.0,0.8095238095238095,0.6233325186512525,0.10254379685725967,0.5516478524988232,False,False
2023-06-06,2023-06-05,18589.95,18600.0,2023-06-08,-0.00011834351356521111,0.7500661024876677,1.0,0.8095238095238095,0.6258338236175837,0.10205340716882211,1.2173261267462876,False,False
2023-06-07,2023-06-06,18602.0,18600.0,2023-06-08,0.0037307816363831847,0.7787899836569668,1.0,0.8333333333333334,0.628403137725343,0.1032210852636475,1.4569392052748285,False,False
2023-06-08,2023-06-07,18724.65,18700.0,2023-06-08,0.0011695812738821143,0.7970198380854877,1.0,0.9047619047619048,0.630306962158848,0.10493842654634829,1.588673295506365,False,False
2023-06-09,2023-06-08,18639.75,18650.0,2023-06-15,0.0015477675398005708,0.6164444811215513,1.0,0.8333333333333334,0.6310649657526342,0.10598798137052527,-0.13794474092275505,False,False
2023-06-12,2023-06-09,18568.5,18550.0,2023-06-15,0.0020195492366104073,0.47775421506209426,1.0,0.8333333333333334,0.632007660110336,0.10559494240217678,-1.4608033447354003,False,False
2023-06-13,2023-06-12,18594.85,18600.0,2023-06-15,0.0038908622548716743,0.7354557302357132,1.0,0.8095238095238095,0.6302326579991167,0.10729271917879074,0.9807102759811188,False,False
2023-06-14,2023-06-13,18719.65,18700.0,2023-06-15,0.0010149762415430086,0.7598951355573628,1.0,0.8333333333333334,0.6373218110345298,0.09955559991495287,1.2312047200513423,False,False
2023-06-15,2023-06-14,18756.45,18750.0,2023-06-15,-0.001071631358812719,0.793364090306513,1.0,0.8095238095238095,0.6427340120356236,0.09717765326390335,1.5500485267104194,False,False
2023-06-16,2023-06-15,18693.3,18700.0,2023-06-22,0.0021799254278271896,0.737745540748833,1.0,0.8333333333333334,0.6484376422914405,0.09577497965387927,0.9324762978822014,False,False
2023-06-19,2023-06-16,18822.85,18800.0,2023-06-22,0.0022897701463913123,0.7054697667332384,1.0,0.8333333333333334,0.6515957043951364,0.09553952592442004,0.5638929209332795,False,False
2023-06-20,2023-06-19,18758.8,18750.0,2023-06-22,-0.0005890568693093234,0.6754385613967352,1.0,0.8095238095238095,0.6536953934444419,0.09531203819302857,0.2281261461249878,False,False
2023-06-21,2023-06-20,18812.7,18800.0,2023-06-22,0.0010524805051905783,0.7436947621975405,1.0,0.8333333333333334,0.6563786974051293,0.09357562667557355,0.9331069199796623,False,False
2023-06-22,2023-06-21,18861.4,18850.0,2023-06-22,-0.0008960098402027716,0.7671550317637332,1.0,0.8571428571428571,0.6589745354940889,0.09380506533448522,1.1532479177313073,False,False
2023-06-23,2023-06-22,18774.55,18750.0,2023-06-28,-0.0027803595825199867,0.5596365213010411,1.0,0.8333333333333334,0.6623210641755732,0.0940265245895256,-1.0920805945216334,False,False
2023-06-26,2023-06-23,18674.35,18650.0,2023-06-28,-0.00010174383579608648,0.4993441119598882,1.0,0.8333333333333334,0.6636495566014396,0.09194590069124879,-1.7869795543499383,False,False
2023-06-27,2023-06-26,18695.2,18700.0,2023-06-28,0.0029980957678976683,0.7334954116076043,1.0,0.8095238095238095,0.665487611259374,0.08735117858511951,0.7785561849284045,False,False
2023-06-28,2023-06-27,18820.7,18800.0,2023-06-28,0.0027469754047406703,0.8315994931073677,1.0,0.8095238095238095,0.6668247626521165,0.08777396802672938,1.8772619508904178,False,False
2023-06-30,2023-06-28,18969.05,18950.0,2023-07-06,0.00449416286002724,0.5474533769676114,1.0,0.8571428571428571,0.6695123199675563,0.0903155328316686,-1.351472323453377,False,False
2023-07-03,2023-06-30,19185.7,19200.0,2023-07-06,0.0039039492955690314,0.5460113221626816,1.0,1.0,0.6678183892178298,0.09164836552677301,-1.3290697150465276,True,False
2023-07-04,2023-07-03,19309.3,19300.0,2023-07-06,0.0044926537989467,0.6239366792923993,1.0,0.9047619047619048,0.6693486663896601,0.08874141867659516,-0.5117338416997592,False,False
2023-07-05,2023-07-04,19396.75,19400.0,2023-07-06,-0.0018224702591927988,0.6854636902461575,1.0,0.9761904761904762,0.6690744532899461,0.08885776347041065,0.18444350067024792,True,False
2023-07-06,2023-07-05,19395.45,19400.0,2023-07-06,-0.0005155848407745189,0.7598459036277762,1.0,0.9047619047619048,0.6681951493718271,0.08842187677803384,1.0365167263529214,False,False
2023-07-07,2023-07-06,19497.55,19500.0,2023-07-13,-0.0025439093629712195,0.5832421734312884,1.0,0.9523809523809523,0.6710781939922518,0.08854506958958083,-0.9919922246161873,True,False
2023-07-10,2023-07-07,19335.15,19350.0,2023-07-13,0.00290920939325523,0.5232469915177063,1.0,0.8809523809523809,0.6704257217082508,0.0890527042904664,-1.6527148879217228,False,False
2023-07-11,2023-07-10,19352.9,19350.0,2023-07-13,0.0036376977093870444,0.6021202790105382,1.0,0.8571428571428571,0.6664852032705652,0.09025919317448784,-0.7131121162981985,False,False
2023-07-12,2023-07-11,19420.2,19400.0,2023-07-13,0.0036843080915747173,0.7568158788784066,1.0,0.8095238095238095,0.6636325373645697,0.08952852003244469,1.0408229855700475,False,False
2023-07-13,2023-07-12,19380.65,19400.0,2023-07-13,0.0046747658102281875,0.7719421614805844,0.9,0.7857142857142857,0.6666627501848762,0.08955473909320391,1.175587270553475,False,False
2023-07-14,2023-07-13,19404.9,19400.0,2023-07-20,0.005124994202495126,0.6808696625480566,1.0,0.8333333333333334,0.66784319672379,0.09047859477140617,0.14397290162582546,False,False
2023-07-17,2023-07-14,19549.9,19550.0,2023-07-20,0.0021483485849032036,0.5878976175828521,1.0,0.9047619047619048,0.6678346502881585,0.0904773184127319,-0.8835035576613387,False,False
2023-07-18,2023-07-17,19713.2,19700.0,2023-07-20,0.0038426029259581718,0.5696665139800138,1.0,0.9523809523809523,0.6646312502158875,0.08983534029974936,-1.057097751497455,True,False
2023-07-19,2023-07-18,19751.95,19750.0,2023-07-20,0.0028503514842836974,0.5704584865047637,1.0,0.8809523809523809,0.6644076978395668,0.0900581313017328,-1.0432063154856444,False,False
2023-07-20,2023-07-19,19834.55,19850.0,2023-07-20,-5.041707525466066e-06,0.7180255731885794,1.0,0.9285714285714286,0.6628186982321879,0.09087060820504751,0.6075327990742446,False,False
2023-07-21,2023-07-20,19984.45,20000.0,2023-07-27,-0.008181361008183896,0.43431433341006154,1.0,1.0,0.6640379787232596,0.09111614660703986,-2.5212177409557954,True,False
2023-07-24,2023-07-21,19724.35,19700.0,2023-07-27,0.000324472035833967,0.4899453857155838,1.0,0.8571428571428571,0.6594051026066995,0.09557889282667395,-1.7729826312010095,False,False
2023-07-25,2023-07-24,19690.35,19700.0,2023-07-27,0.000711008184212103,0.5611702546623258,1.0,0.8809523809523809,0.6541576730800591,0.0961030097265547,-0.9675807103473001,False,False
2023-07-26,2023-07-25,19671.4,19650.0,2023-07-27,0.00301452870665031,0.5357744587285806,1.0,0.9285714285714286,0.6529598701401739,0.0968159247580797,-1.2103939688063932,False,False
2023-07-27,2023-07-26,19777.0,19800.0,2023-07-27,0.0029428123577894816,0.7457134405617318,1.0,0.8571428571428571,0.6530046720642021,0.09676011852608,0.9581299600469351,False,False
2023-07-28,2023-07-27,19646.5,19650.0,2023-08-03,-0.0005751660601124309,0.3647485564367848,1.0,0.8333333333333334,0.6547661232624464,0.09747916148206247,-2.9751750262955325,False,False
2023-07-31,2023-07-28,19661.25,19650.0,2023-08-03,-0.00197342488397223,0.5280230084966867,1.0,0.8809523809523809,0.6481552597189573,0.10339541872269943,-1.1618720897533996,False,False
2023-08-01,2023-07-31,19753.95,19750.0,2023-08-03,0.00039232659797150404,0.5773735071936907,1.0,0.9523809523809523,0.6481924524290521,0.10335104863711156,-0.6852271570462954,True,False
2023-08-02,2023-08-01,19731.95,19750.0,2023-08-03,-0.004371083445883439,0.6924773269085407,1.0,0.9761904761904762,0.6469678967486795,0.10375355587130841,0.43863007660488473,True,False
2023-08-03,2023-08-02,19516.75,19500.0,2023-08-03,-0.003494434268000557,0.6545865507692661,1.0,0.8809523809523809,0.6479621223211701,0.10390143344807432,0.06375685328159195,False,False
2023-08-04,2023-08-03,19373.75,19350.0,2023-08-10,0.005048067617265506,0.4368897768038976,1.0,0.8571428571428571,0.6476996130216978,0.10386383465853075,-2.0296750732424984,False,False
2023-08-07,2023-08-04,19521.65,19500.0,2023-08-10,0.002005465726513833,0.6274433146571652,1.0,0.9285714285714286,0.6422077289309001,0.10616702227942829,-0.13906780049717693,False,False
2023-08-08,2023-08-07,19599.65,19600.0,2023-08-10,0.0009592008020551379,0.6613939426538613,1.0,0.8571428571428571,0.6426791400299696,0.10603534679905333,0.1764958873512052,False,False
2023-08-09,2023-08-08,19579.25,19600.0,2023-08-10,-0.001613953547760949,0.7334807517526962,1.0,0.8571428571428571,0.6431253035441408,0.10605719662839565,0.8519501842495786,False,False
2023-08-10,2023-08-09,19629.95,19650.0,2023-08-10,-0.0012175272988469432,0.6533174453809549,0.9,0.8095238095238095,0.6445587679313755,0.10669626816347094,0.08208982001282535,False,False
2023-08-11,2023-08-10,19542.35,19550.0,2023-08-17,-0.0013867318925308014,0.6245028689686849,1.0,0.8333333333333334,0.6438472737028269,0.10648951050194533,-0.1816554949211512,False,False
2023-08-14,2023-08-11,19421.45,19400.0,2023-08-17,-0.004806541221175631,0.5886358897416735,1.0,0.8333333333333334,0.6417520842454133,0.10559418810054381,-0.5030219509161251,False,False
2023-08-16,2023-08-14,19434.85,19450.0,2023-08-17,-0.00565221753705325,0.593926484319554,1.0,0.8333333333333334,0.6432004549152104,0.10422824712981103,-0.4727506405656824,False,False
2023-08-17,2023-08-16,19468.25,19450.0,2023-08-17,-0.0013997149204474368,0.7287819380292603,1.0,0.7857142857142857,0.6426526185741147,0.10440216853174017,0.8249763454765854,False,False
2023-08-18,2023-08-17,19368.4,19350.0,2023-08-24,-0.003676090952272837,0.5388743867366074,1.0,0.8809523809523809,0.6440857313605642,0.10499265232296093,-1.0020829295779978,False,False
2023-08-21,2023-08-18,19312.8,19300.0,2023-08-24,0.0007300857462408938,0.6399231305274606,1.0,0.9285714285714286,0.642407992599335,0.10586718803805355,-0.023471503474534507,False,False
2023-08-22,2023-08-21,19398.1,19400.0,2023-08-24,0.0005902639949273425,0.6920058957805572,1.0,0.8809523809523809,0.6396749503608679,0.10372227698965258,0.5045294698352012,False,False
2023-08-23,2023-08-22,19392.1,19400.0,2023-08-24,0.0008121864058043826,0.7545626025513915,1.0,0.8095238095238095,0.6398574730615252,0.10380592982529865,1.1049959254053272,False,False
2023-08-24,2023-08-23,19443.1,19450.0,2023-08-24,0.0038034058354892153,0.7796461956897134,1.0,0.8095238095238095,0.6434410650448302,0.10399553099464072,1.3097209980292548,False,False
2023-08-25,2023-08-24,19396.25,19400.0,2023-08-31,-0.0065089901398466266,0.6143544456995336,1.0,0.9047619047619048,0.6464633430086936,0.10528863385802237,-0.3049607173406543,False,False
2023-08-28,2023-08-25,19280.35,19300.0,2023-08-31,0.0022795229339716006,0.5699231402638197,1.0,0.9285714285714286,0.6462274785353895,0.10534537847832486,-0.7243254462014169,False,False
2023-08-29,2023-08-28,19307.8,19300.0,2023-08-31,0.002597395871098751,0.6425380534669318,1.0,0.8571428571428571,0.6434412239903169,0.10511174922544403,-0.008592479242714751,False,False
2023-08-30,2023-08-29,19341.2,19350.0,2023-08-31,0.004151758939465955,0.6816726436061572,1.0,0.8571428571428571,0.6438932126271734,0.10504749594924229,0.3596414235065481,False,False
2023-08-31,2023-08-30,19342.5,19350.0,2023-08-31,0.0010495023911076817,0.7764169566233078,1.0,0.8571428571428571,0.6439227469543654,0.10505803966398373,1.261152502870891,False,False
2023-09-01,2023-08-31,19260.5,19250.0,2023-09-07,0.0004594896290335271,0.5211520646731468,1.0,0.7857142857142857,0.6443619278566259,0.10556314208658388,-1.1671674482976384,False,False
2023-09-04,2023-09-01,19441.25,19450.0,2023-09-07,0.0032739664373433452,0.5338069476771525,1.0,1.0,0.640067962540229,0.1052418136415718,-1.0096843753089988,True,False
2023-09-05,2023-09-04,19533.55,19550.0,2023-09-07,0.0005887306710761209,0.6002737639702022,1.0,0.8333333333333334,0.6356810810334235,0.10406788440087375,-0.34023288997430634,False,False
2023-09-06,2023-09-05,19568.35,19550.0,2023-09-07,0.0005953491224350849,0.716351840512937,1.0,0.8333333333333334,0.6354115690809009,0.10413946177111197,0.7772295924664431,False,False
2023-09-07,2023-09-06,19624.05,19600.0,2023-09-07,-0.002040863124584291,0.8312912948292063,0.8,0.7619047619047619,0.6393881961717482,0.10256071330157446,1.8711170435523095,False,False
2023-09-08,2023-09-07,19724.95,19700.0,2023-09-14,0.0009556424731114177,0.557567254679579,1.0,1.0,0.6409854555816399,0.10480393710894378,-0.7959452975067871,True,False
2023-09-11,2023-09-08,19833.1,19850.0,2023-09-14,0.0029092779242780864,0.48219659809964593,1.0,1.0,0.6376133242336768,0.10416616914275324,-1.4920076970579759,True,False
2023-09-12,2023-09-11,19999.0,20000.0,2023-09-14,0.003967698384919283,0.6068284072666205,1.0,0.9523809523809523,0.6324271993635624,0.10402632986441655,-0.24607993120882282,True,False
2023-09-13,2023-09-12,19982.4,20000.0,2023-09-14,-0.000898290495636167,0.6323436460170914,1.0,0.8333333333333334,0.6302452471388589,0.10314913107027295,0.020343350025924124,False,False
2023-09-14,2023-09-13,20072.05,20050.0,2023-09-14,0.0026977812430719617,0.6921510316951144,1.0,0.8571428571428571,0.6290264784602564,0.10267617371667553,0.6147926140006326,False,False
2023-09-15,2023-09-14,20107.9,20100.0,2023-09-21,0.0026606458158235924,0.617727533529333,1.0,0.8333333333333334,0.6293050196318961,0.10282677345116528,-0.1125921364056177,False,False
2023-09-18,2023-09-15,20197.7,20200.0,2023-09-21,-0.0033741465612422417,0.6406868296924254,1.0,0.8333333333333334,0.6272055658207593,0.1017317790761714,0.13251772449169585,False,False
2023-09-20,2023-09-18,20145.9,20150.0,2023-09-21,-0.007745992981202265,0.6700035801591138,1.0,0.8333333333333334,0.6250977624529042,0.10007973591615357,0.44870040168602693,False,False
2023-09-21,2023-09-20,19904.65,19900.0,2023-09-21,-0.003250496743223308,0.7403789737321667,1.0,0.8095238095238095,0.626937213433872,0.0998702210835891,1.135891750988981,False,False
2023-09-22,2023-09-21,19736.95,19750.0,2023-09-28,-3.293315329888635e-05,0.4535425496088902,1.0,0.8333333333333334,0.6309544611300768,0.09949792087006515,-1.7830715453126882,False,False
2023-09-25,2023-09-22,19675.95,19700.0,2023-09-28,-0.000998681131025525,0.5985040373008063,1.0,0.8333333333333334,0.6262885800967648,0.10115807836288507,-0.2746645966947579,False,False
2023-09-26,2023-09-25,19677.2,19700.0,2023-09-28,0.0002388551216636614,0.6497978007671044,1.0,0.8095238095238095,0.622403655833322,0.09755122981714387,0.28081803771343156,False,False
2023-09-27,2023-09-26,19662.8,19650.0,2023-09-28,-0.002087698598368437,0.6227896503980076,1.0,0.8333333333333334,0.6241093962299803,0.09711225600774843,-0.013589899835787934,False,False
2023-09-28,2023-09-27,19717.2,19700.0,2023-09-28,0.0015012273547967414,0.7780666296649634,1.0,0.8571428571428571,0.6253890350339024,0.0965700597332288,1.5810034192049502,False,False
2023-09-29,2023-09-28,19506.2,19500.0,2023-10-05,0.004283253529646869,0.4619562435963857,1.0,0.8333333333333334,0.6279578675401117,0.09856024693817368,-1.6842655035945473,False,False
2023-10-03,2023-09-29,19627.3,19650.0,2023-10-05,-0.004272110784468541,0.5499623535558229,1.0,0.9047619047619048,0.6242327434292821,0.10055357294115534,-0.7386151252618621,False,False
2023-10-04,2023-10-03,19527.7,19550.0,2023-10-05,-0.006270579740573656,0.6588686496416751,1.0,0.9047619047619048,0.6207346842614162,0.09939999806969976,0.3836415102696401,False,False
2023-10-05,2023-10-04,19442.95,19450.0,2023-10-05,0.004096600567300657,0.7495253248719175,1.0,0.8333333333333334,0.6219951255315894,0.09939600694283829,1.2830515355980998,False,False
2023-10-06,2023-10-05,19545.85,19550.0,2023-10-12,0.0028804068382803916,0.5737707571106841,1.0,1.0,0.6257664310874931,0.09987736536402397,-0.5205951697594325,True,False
2023-10-09,2023-10-06,19659.5,19650.0,2023-10-12,-0.007622269131971726,0.5678805592541201,1.0,0.9523809523809523,0.6252939390558289,0.10005801819423571,-0.5738008891027221,True,False
2023-10-10,2023-10-09,19518.75,19500.0,2023-10-12,0.003875760486711677,0.5939371888380699,1.0,0.9047619047619048,0.6221450170620907,0.09881399631826035,-0.28546389453948356,False,False
2023-10-11,2023-10-10,19688.8,19700.0,2023-10-12,0.004916500751696251,0.6348634930450633,1.0,0.8333333333333334,0.6191782675180488,0.09689383908983833,0.16188052485433446,False,False
2023-10-12,2023-10-11,19808.75,19800.0,2023-10-12,0.0012216823373509822,0.7174193203117624,1.0,0.8333333333333334,0.6184114980263323,0.09657889276300566,1.025149693198334,False,False
2023-10-13,2023-10-12,19799.8,19800.0,2023-10-19,-0.00621723451752032,0.5912274979663928,1.0,0.8571428571428571,0.620570193071814,0.0973298883866739,-0.30147671585575053,False,False
2023-10-16,2023-10-13,19757.0,19750.0,2023-10-19,-0.0018474464746671693,0.5752386761567774,1.0,1.0,0.6209295428049203,0.09717844712094931,-0.47017489990630945,True,False
2023-10-17,2023-10-16,19742.65,19750.0,2023-10-19,0.0040724016279474196,0.6073937043580077,1.0,0.8809523809523809,0.621009212632454,0.09713831929392205,-0.14016619160609953,False,False
2023-10-18,2023-10-17,19820.75,19800.0,2023-10-19,-0.0011326513880656197,0.6736603679214507,1.0,0.9761904761904762,0.6191653481519445,0.0963120413398857,0.5658173060333442,True,False
2023-10-19,2023-10-18,19664.35,19650.0,2023-10-19,-0.005420977555830708,0.6423853251951589,1.0,0.8333333333333334,0.6231544487271343,0.09343987310265098,0.20581017321050893,False,False
2023-10-20,2023-10-19,19625.95,19650.0,2023-10-26,-0.004514431148555986,0.4373033334858151,1.0,0.9761904761904762,0.6256951143851271,0.09181479667899466,-2.0518673211026366,True,False
2023-10-23,2023-10-20,19543.9,19550.0,2023-10-26,-0.00044259334114493676,0.5254108669959987,1.0,0.9285714285714286,0.6236306656988518,0.09463934620429196,-1.0378325996761673,False,False
2023-10-25,2023-10-23,19287.05,19300.0,2023-10-26,0.002270953826531308,0.3992465258094085,1.0,0.8809523809523809,0.6234579391699756,0.0948117108939262,-2.364807166188691,False,False
2023-10-26,2023-10-25,19127.55,19150.0,2023-10-26,-0.005405815172355943,0.5694606435054306,1.0,0.8571428571428571,0.6176834905907701,0.09774491756801747,-0.49335401047100824,False,False
2023-10-27,2023-10-26,18861.7,18850.0,2023-11-02,0.004628426918040329,0.3550060310652856,1.0,0.9047619047619048,0.6210953587085809,0.09218082608220522,-2.8866016822847906,False,False
2023-10-30,2023-10-27,19044.45,19050.0,2023-11-02,-0.0013809797605076612,0.4478565763769538,1.0,0.9047619047619048,0.6182117424180577,0.09768360638893075,-1.7439483690111592,False,False
2023-10-31,2023-10-30,19143.85,19150.0,2023-11-02,0.0029774575124648095,0.4784633919095613,1.0,0.8333333333333334,0.6160531269044454,0.10000480279620985,-1.3758312715766756,False,False
2023-11-01,2023-10-31,19080.45,19100.0,2023-11-02,-0.002177621596974877,0.6204042229608226,1.0,0.8095238095238095,0.6124862279877958,0.10104400661643448,0.07836184686424512,False,False
2023-11-02,2023-11-01,19001.25,19000.0,2023-11-02,0.007149529636208074,0.6813516799601835,1.0,0.8333333333333334,0.6119165225243217,0.10089887274237216,0.6881658392076638,False,False
2023-11-03,2023-11-02,19127.95,19150.0,2023-11-09,0.005954637062518309,0.5263536084872066,1.0,0.8333333333333334,0.6159908875769263,0.09862144892156574,-0.9089024757789641,False,False
2023-11-06,2023-11-03,19230.5,19250.0,2023-11-09,0.004617664647305064,0.5675842711854038,1.0,0.8571428571428571,0.6143060591407605,0.09928375581549098,-0.47058844190165977,False,False
2023-11-07,2023-11-06,19413.65,19400.0,2023-11-09,-0.0022638710391915673,0.6498557011396627,1.0,0.8571428571428571,0.612742564616286,0.0992683037597798,0.3738669355445739,False,False
2023-11-08,2023-11-07,19398.35,19400.0,2023-11-09,0.0014124912685873348,0.7085289414218207,1.0,0.8571428571428571,0.6113488137727355,0.09812485080062697,0.9903722334981038,False,False
2023-11-09,2023-11-08,19441.65,19450.0,2023-11-09,-0.0006995291037541485,0.7936809202711929,1.0,0.8095238095238095,0.6122690053734167,0.09878177457903219,1.8364917584329712,False,False
2023-11-10,2023-11-09,19390.6,19400.0,2023-11-16,-0.002552783307375739,0.6546062589002408,1.0,0.8095238095238095,0.6150886395617918,0.10151363735562707,0.38928384764708135,False,False
2023-11-13,2023-11-10,19423.65,19400.0,2023-11-16,0.0016088634216535613,0.6786156180261051,1.0,0.9523809523809523,0.6161881457144346,0.10157951340059242,0.6145675463661601,True,False
2023-11-15,2023-11-13,19447.75,19450.0,2023-11-16,0.007450733375326202,0.690231730427836,1.0,0.8333333333333334,0.6175996312762103,0.10185296192002692,0.71310738325563,False,False
2023-11-16,2023-11-15,19671.7,19650.0,2023-11-16,-0.0011158161216366924,0.745629882872156,1.0,0.8571428571428571,0.6169571278161866,0.10125958193718694,1.2707217686893804,False,False
2023-11-17,2023-11-16,19749.1,19750.0,2023-11-23,-0.0012304358173284013,0.5165802911966895,1.0,0.8333333333333334,0.6204030527517792,0.10207208923366802,-1.017151332304113,False,False
2023-11-20,2023-11-17,19742.3,19750.0,2023-11-23,-4.3054760590077734e-05,0.5701856491123769,1.0,0.8333333333333334,0.618347338762933,0.10291090003471468,-0.4679940573283282,False,False
2023-11-21,2023-11-20,19693.5,19700.0,2023-11-23,0.0033462817680960377,0.6398300558273541,1.0,0.8333333333333334,0.6163170013184633,0.10263438289079795,0.22909529776106724,False,False
2023-11-22,2023-11-21,19786.05,19800.0,2023-11-23,-0.0001642571407632909,0.732572842009713,1.0,0.8095238095238095,0.6144047922063961,0.1010719496520821,1.169147822022671,False,False
2023-11-23,2023-11-22,19811.95,19800.0,2023-11-23,0.0018019427668654053,0.8192269259482091,0.9,0.7857142857142857,0.6136202363117296,0.09994395346969318,2.0572198967376987,False,False
2023-11-24,2023-11-23,19799.6,19800.0,2023-11-30,0.001275278288450199,0.6273236461283873,1.0,0.8095238095238095,0.6170347776492072,0.10340908251762694,0.09949675820232007,False,False
2023-11-28,2023-11-24,19791.6,19800.0,2023-11-30,0.001440004850542742,0.654980066732618,1.0,0.8095238095238095,0.6179914527469502,0.10323121188142867,0.35830843512863997,False,False
2023-11-29,2023-11-28,19885.65,19900.0,2023-11-30,0.004226665962641318,0.7092333184771529,0.9,0.7857142857142857,0.6181988196347117,0.10329383340742922,0.8813159105381184,False,False
2023-11-30,2023-11-29,20092.45,20100.0,2023-11-30,0.001819091250693683,0.729895669531625,0.8,0.7619047619047619,0.6186581642158948,0.10364157916551518,1.0732903358996908,False,False
2023-12-01,2023-11-30,20128.0,20150.0,2023-12-07,0.004011824324324342,0.31248789225288837,1.0,0.8333333333333334,0.6178828094310336,0.10261024781873089,-2.976261374182133,False,False
2023-12-04,2023-12-01,20266.85,20250.0,2023-12-07,0.01362569910962974,0.44159336682361616,1.0,0.8809523809523809,0.6144050732240292,0.1092646029488919,-1.581589112452502,False,False
2023-12-05,2023-12-04,20677.7,20700.0,2023-12-07,0.0032039346735854846,0.49137948021090067,1.0,0.9047619047619048,0.6128681802098035,0.11105141270908155,-1.0939860829790933,False,False
2023-12-06,2023-12-05,20857.15,20850.0,2023-12-07,0.004231162934533295,0.48963582080634727,1.0,0.9285714285714286,0.6110532754804818,0.11214517012599393,-1.0826810868245447,False,False
2023-12-07,2023-12-06,20943.35,20950.0,2023-12-07,-0.003320863185689027,0.6551870280180386,1.0,0.8095238095238095,0.6072746751520388,0.11235639067820886,0.42643193303727456,False,False
2023-12-08,2023-12-07,20909.9,20900.0,2023-12-14,0.0018173209819272174,0.5909968920668095,1.0,0.8571428571428571,0.6043396040385194,0.10864409490976115,-0.12281120278826224,False,False
2023-12-11,2023-12-08,20974.85,20950.0,2023-12-14,0.00013110940006733074,0.5417842623105287,1.0,0.8809523809523809,0.6048967646616398,0.10848576972896834,-0.581758349586181,False,False
2023-12-12,2023-12-11,21003.7,21000.0,2023-12-14,0.0009879211757928275,0.6142520948687799,1.0,0.8809523809523809,0.6058898923984877,0.10761271195656053,0.07770645603344432,False,False
2023-12-13,2023-12-12,20910.4,20900.0,2023-12-14,-0.0007364756293519736,0.6458359675305014,1.0,0.8095238095238095,0.6060136205251905,0.10761807687964599,0.37003399577420465,False,False
2023-12-14,2023-12-13,20922.95,20900.0,2023-12-14,0.008177623136316647,0.7437403009981818,1.0,0.8333333333333334,0.606238492550414,0.10768810053694647,1.2768523890956052,False,False
2023-12-15,2023-12-14,21176.15,21200.0,2023-12-21,0.004327982187507962,0.551595455350237,1.0,0.8095238095238095,0.6070983137054651,0.10858787882515689,-0.5111330928988507,False,False
2023-12-18,2023-12-15,21437.85,21450.0,2023-12-21,-0.002955053795040019,0.39808185595545925,1.0,0.8333333333333334,0.6059961124024801,0.108813556479231,-1.9107385437466606,False,False
2023-12-19,2023-12-18,21428.3,21450.0,2023-12-21,0.00043633886029237345,0.5140629185595663,1.0,0.9523809523809523,0.6019526961735306,0.11196450357792832,-0.7849789424805714,True,False
2023-12-20,2023-12-19,21464.25,21450.0,2023-12-21,0.004085863703600312,0.6121115752347618,1.0,0.8809523809523809,0.5993536851468716,0.11216780349589087,0.11373932349809773,False,False
2023-12-21,2023-12-20,21175.9,21200.0,2023-12-21,-0.0072913075713429976,0.4998254282009378,1.0,0.9047619047619048,0.597215895171915,0.11064646519163224,-0.880195013932921,False,False
2023-12-22,2023-12-21,21241.45,21250.0,2023-12-28,0.001424102403555283,0.34689993019648,1.0,0.8333333333333334,0.5979872764817823,0.10978584287022528,-2.2870648867004237,False,False
2023-12-26,2023-12-22,21348.95,21350.0,2023-12-28,-0.00012881195562308712,0.4062876990383177,1.0,0.8333333333333334,0.5937938746967101,0.11447096128696957,-1.6380239455518275,False,False
2023-12-27,2023-12-26,21432.75,21450.0,2023-12-28,0.0045234512603375965,0.5308238552267428,1.0,0.8571428571428571,0.5897353730012304,0.11674587044660659,-0.5046132899529888,False,False
2023-12-28,2023-12-27,21665.9,21650.0,2023-12-28,0.0021739230772781504,0.5323383568727568,1.0,0.8095238095238095,0.5882026097483758,0.11690814281964179,-0.47784740676107335,False,False
2023-12-29,2023-12-28,21771.9,21750.0,2024-01-04,-0.002092146298669495,0.3989236024776287,1.0,0.8809523809523809,0.5841071385351724,0.114421863889264,-1.618427892738768,False,False
2024-01-01,2023-12-29,21732.5,21750.0,2024-01-04,-0.0010169101575979722,0.4524331317227125,1.0,0.8571428571428571,0.5830565945165265,0.11584291640165613,-1.1275912835352835,False,False
2024-01-02,2024-01-01,21736.65,21750.0,2024-01-04,-0.0008165931732810883,0.6280632503575534,1.0,0.8095238095238095,0.5814311074859748,0.1169936999106577,0.3985867863584897,False,False
2024-01-03,2024-01-02,21647.4,21650.0,2024-01-04,-0.001420493916128529,0.534894138600191,1.0,0.9761904761904762,0.5809176841645728,0.11671537093314081,-0.39432291733661995,True,False
2024-01-04,2024-01-03,21513.8,21500.0,2024-01-04,0.0032072437226338124,0.6613445030091905,1.0,0.8095238095238095,0.5773404977267107,0.1147324112574762,0.7321732748557211,False,False
2024-01-05,2024-01-04,21650.55,21650.0,2024-01-11,0.0038520961361259154,0.4504295137391954,1.0,0.8809523809523809,0.5788000601583524,0.11524212947060387,-1.1139202912065413,False,False
2024-01-08,2024-01-05,21716.05,21700.0,2024-01-11,0.0006492893505034569,0.5739711452394387,1.0,0.8809523809523809,0.5768425427331036,0.1164222301789069,-0.024663653060523254,False,False
2024-01-09,2024-01-08,21520.0,21500.0,2024-01-11,0.005929368029739646,0.4496172666502511,1.0,0.9285714285714286,0.5765097753397932,0.11640107308170855,-1.0901317773975248,False,False
2024-01-10,2024-01-09,21554.6,21550.0,2024-01-11,-0.0009464337078859408,0.4877861183107075,1.0,0.9761904761904762,0.5734223382332129,0.11728048339800369,-0.7301830401899847,True,False
2024-01-11,2024-01-10,21605.1,21600.0,2024-01-11,0.00440405274680522,0.6803592248992981,0.9,0.7857142857142857,0.569595118199862,0.11624401350738202,0.9528585890782422,False,False
2024-01-12,2024-01-11,21645.5,21650.0,2024-01-18,0.0038368252061629082,0.42310309234589716,1.0,1.0,0.5710806469820771,0.11709158299113011,-1.26377619002204,True,False
2024-01-15,2024-01-12,21871.1,21850.0,2024-01-18,0.007160133692406978,0.4479981388861407,1.0,0.9285714285714286,0.5685450539185624,0.11863704820301996,-1.0160984014549435,False,False
2024-01-16,2024-01-15,22084.35,22100.0,2024-01-18,-0.0010007086466207182,0.4607252937594026,1.0,0.9047619047619048,0.565888461160698,0.11953363438097944,-0.8797788835409938,False,False
2024-01-17,2024-01-16,22038.55,22050.0,2024-01-18,-0.01174305932105335,0.5108875832990522,1.0,0.9761904761904762,0.5623395432579971,0.11944063939069556,-0.4307743178654905,True,False
2024-01-18,2024-01-17,21581.25,21600.0,2024-01-18,-0.006355053576600156,0.5266877354004484,1.0,0.9047619047619048,0.5601479142263953,0.11915306326598403,-0.28081677389404663,False,False
2024-01-19,2024-01-18,21465.8,21450.0,2024-01-25,0.006948261886349449,0.3703733555972857,1.0,0.9047619047619048,0.5616376542583059,0.11814565340436835,-1.6188856140682055,False,False
2024-01-20,2024-01-19,21610.7,21600.0,2024-01-25,0.0046203963777202706,0.5290904290883551,1.0,0.8809523809523809,0.5590536957349941,0.1206208776241433,-0.24840862740200748,False,False
2024-01-23,2024-01-20,21558.0,21550.0,2024-01-25,0.008282308191854604,0.42417118270518117,1.0,0.9285714285714286,0.5612177607896432,0.11885704603552488,-1.153037052961089,False,False
2024-01-24,2024-01-23,21242.2,21250.0,2024-01-25,-0.0011486569187749707,0.37506139819882234,1.0,0.8809523809523809,0.5587962697763057,0.12015913519449847,-1.5290961546958248,False,False
2024-01-25,2024-01-24,21442.5,21450.0,2024-01-25,-0.000300804477089911,0.47068665377495,1.0,0.8333333333333334,0.559130525895198,0.11960926403107112,-0.7394399826527879,False,False
2024-01-29,2024-01-25,21340.4,21350.0,2024-02-01,0.006375231954415028,0.3359875624107215,1.0,0.9285714285714286,0.5595110271851645,0.11928515374126446,-1.8738582108824438,False,False
2024-01-30,2024-01-29,21746.7,21750.0,2024-02-01,0.0023382858088811798,0.31028069020630417,1.0,0.9761904761904762,0.5571364300268505,0.12230578680702882,-2.0183488145988506,True,False
2024-01-31,2024-01-30,21503.75,21500.0,2024-02-01,-0.0013881299773295108,0.3734765188796061,1.0,0.9761904761904762,0.5519677044809419,0.12608146565601566,-1.4156813983135954,True,False
2024-02-01,2024-01-31,21727.9,21750.0,2024-02-01,0.00037739496223743174,0.3904145934852165,1.0,0.9761904761904762,0.5468364517962656,0.1269882370046828,-1.231782265827353,True,False
2024-02-02,2024-02-01,21699.8,21700.0,2024-02-08,0.00706918957778413,0.46474656451243707,1.0,1.0,0.5445708015462325,0.12856278480287972,-0.6208969194015733,True,False
2024-02-05,2024-02-02,21868.95,21850.0,2024-02-08,-0.00075678073249974,0.3235791501885964,1.0,0.9761904761904762,0.5428568397683496,0.1289357360408043,-1.7006742762949631,True,False
2024-02-06,2024-02-05,21806.35,21800.0,2024-02-08,-0.0003737443451103939,0.4331753912121463,1.0,0.9285714285714286,0.5374188972524987,0.1312069586155224,-0.7944967792891122,False,False
2024-02-07,2024-02-06,21931.95,21950.0,2024-02-08,0.004703184167390351,0.4222289376197153,1.0,1.0,0.5328296714156706,0.12992990907539353,-0.8512338273998005,True,False
2024-02-08,2024-02-07,21929.0,21950.0,2024-02-08,0.002327967531579045,0.580401283602348,1.0,0.9047619047619048,0.526638805038146,0.12608274346395948,0.4264063192721526,False,False
2024-02-09,2024-02-08,21726.45,21750.0,2024-02-15,-0.0010033852746306193,0.3267998989190543,1.0,0.9285714285714286,0.5254020554498477,0.1251668442889017,-1.5866993983837547,False,False
2024-02-12,2024-02-09,21799.35,21800.0,2024-02-15,-0.0004908403232205538,0.42227114066673804,1.0,0.9761904761904762,0.5195384601313969,0.12610481996347106,-0.7713211873490199,True,False
2024-02-13,2024-02-12,21622.75,21600.0,2024-02-15,0.0015169208356937691,0.422909364336091,1.0,0.9761904761904762,0.5150724503020453,0.12469427941065056,-0.7391123827135436,True,False
2024-02-14,2024-02-13,21750.7,21750.0,2024-02-15,-0.008645698759120357,0.43492729415370923,1.0,0.9047619047619048,0.5096937749931109,0.12149999173909803,-0.6153620240563538,False,False
2024-02-15,2024-02-14,21837.45,21850.0,2024-02-15,0.002699491011999955,0.46552474609811184,1.0,0.8095238095238095,0.5083328917090613,0.12187824668714145,-0.3512369661900118,False,False
2024-02-16,2024-02-15,21910.25,21900.0,2024-02-22,0.004235460572106664,0.510185462746389,1.0,0.9047619047619048,0.5065885433254901,0.1217268630834185,0.029549101404461244,False,False
2024-02-19,2024-02-16,22049.0,22050.0,2024-02-22,0.0012358837135471035,0.44872574303002216,1.0,1.0,0.504427800107474,0.12046575088717992,-0.462389157642147,True,False
2024-02-20,2024-02-19,22101.45,22100.0,2024-02-22,-0.0008777704630239525,0.5155471353956611,1.0,1.0,0.4996970151244791,0.11687437631460011,0.13561672601800204,True,False
2024-02-21,2024-02-20,22198.95,22200.0,2024-02-22,0.00018244106140152816,0.47698977592033603,1.0,1.0,0.49463568528193663,0.10912070826101665,-0.1617099965974524,True,False
2024-02-22,2024-02-21,22079.25,22100.0,2024-02-22,-0.0013089212722353638,0.6537368663506776,1.0,0.8095238095238095,0.49213012077846924,0.10773956524773727,1.4999758463903996,False,False
2024-02-23,2024-02-22,22210.85,22200.0,2024-02-29,0.0017221313006932082,0.3361792964867748,1.0,0.9761904761904762,0.4921094007721035,0.10770783069785,-1.4477137203028014,True,False
2024-02-26,2024-02-23,22213.75,22200.0,2024-02-29,-0.003169208260649481,0.4330238124273568,1.0,0.9523809523809523,0.4858918337389306,0.1057106335124567,-0.5001201823782837,True,False
2024-02-27,2024-02-26,22125.65,22150.0,2024-02-29,-0.001005620173870625,0.4072920329184087,1.0,0.9523809523809523,0.4809439694538594,0.10093611155674417,-0.7296886654291723,True,False
2024-02-28,2024-02-27,22203.2,22200.0,2024-02-29,0.0003175217986595147,0.5191423762646743,1.0,0.9285714285714286,0.4825240384649515,0.09897741388310226,0.3699666051385324,False,False
2024-02-29,2024-02-28,21954.5,21950.0,2024-02-29,-0.0013664624564440064,0.4023342970614149,1.0,0.8095238095238095,0.48381652195563585,0.09894019174828107,-0.823550303010572,False,False
2024-03-01,2024-02-29,21954.35,21950.0,2024-03-07,0.007419941833850752,0.4206953182989931,1.0,0.8809523809523809,0.482332435569811,0.09949112343848987,-0.6195237840381296,False,False
2024-03-04,2024-03-01,22350.5,22350.0,2024-03-07,,0.2992723678410082,1.0,0.9761904761904762,0.48118342719468843,0.0998029513264652,-1.822702204052377,False,False
2024-03-05,2024-03-04,22414.4,22400.0,2024-03-07,-0.003450906560068634,0.4564479203171509,1.0,1.0,0.475251516191738,0.09986263810276332,-0.18829460378602553,True,False
2024-03-06,2024-03-05,22355.7,22350.0,2024-03-07,-0.0024602226725175536,0.4585486021086385,1.0,1.0,0.4730090333292436,0.09872364288973738,-0.1464738414966684,True,False
2024-03-07,2024-03-06,22472.9,22450.0,2024-03-07,0.0011235755064988862,0.5450375407800364,1.0,0.8095238095238095,0.47162177232587876,0.09832484251013891,0.7466655077183294,False,False
2024-03-11,2024-03-07,22503.55,22500.0,2024-03-14,-0.000602127219927473,0.5541650582611843,1.0,1.0,0.47046819642439974,0.09702047019121725,0.8626721935260342,True,False
2024-03-12,2024-03-11,22322.25,22300.0,2024-03-14,0.0006943744470202518,0.39201409318910413,1.0,0.9523809523809523,0.46894034793657774,0.09491089280503369,-0.8105102846887745,True,False
2024-03-13,2024-03-12,22333.75,22350.0,2024-03-14,0.0031700901102591494,0.4594167067572212,1.0,0.8333333333333334,0.4630782444730931,0.08828088414843017,-0.04147599733726749,False,False
2024-03-14,2024-03-13,22028.1,22050.0,2024-03-14,-0.0033094093453360784,0.4587211302502784,1.0,0.8333333333333334,0.46154193199654286,0.08751308383836334,-0.03223291446881816,False,False
2024-03-15,2024-03-14,22148.4,22150.0,2024-03-21,-0.0034155966119449044,0.366685581301557,1.0,0.8571428571428571,0.4625525865681232,0.08711704001939317,-1.1004391935862974,False,False
2024-03-18,2024-03-15,22023.25,22000.0,2024-03-21,-0.0030831053545685716,0.49735966997176434,1.0,0.8809523809523809,0.46009629761382304,0.08771569135796906,0.4248199128462537,False,False
2024-03-19,2024-03-18,22056.5,22050.0,2024-03-21,-0.004209643415773012,0.4489761782339581,1.0,0.9523809523809523,0.4581837658594397,0.08556977089205485,-0.10760327542651575,True,False
2024-03-20,2024-03-19,21818.35,21800.0,2024-03-21,0.0027316456102317588,0.42364188155302324,1.0,0.9761904761904762,0.4573362783599901,0.08540200184850796,-0.39453872365587306,True,False
2024-03-21,2024-03-20,21831.85,21850.0,2024-03-21,0.007947104803303517,0.5402287465395852,1.0,0.8333333333333334,0.45861531088259916,0.0842874001072039,0.9682756325759617,False,False
2024-03-22,2024-03-21,22026.45,22050.0,2024-03-28,-0.0026558977956048224,0.4953839697240453,1.0,0.8333333333333334,0.460847661674287,0.0846509436819127,0.4079849148467044,False,False
2024-03-26,2024-03-22,22106.25,22100.0,2024-03-28,-0.0027005937234945154,0.610636387095862,1.0,0.8333333333333334,0.46025699691590866,0.0842772170518499,1.7843421441815688,False,False
2024-03-27,2024-03-26,22010.95,22000.0,2024-03-28,0.0028690265526929437,0.644635768743118,1.0,0.8095238095238095,0.46156196408629374,0.08600082495711854,2.128744750391731,False,False
2024-03-28,2024-03-27,22103.25,22100.0,2024-03-28,0.0033501860586111487,0.7503495485948101,0.9,0.7857142857142857,0.46565716685738523,0.08877304753661205,3.2069686648981057,False,False
2024-04-01,2024-03-28,22274.25,22250.0,2024-04-04,0.009210186650504548,0.4411778522835162,1.0,0.8571428571428571,0.47062244047192014,0.09605385360566125,-0.306542497600206,False,False
2024-04-02,2024-04-01,22461.9,22450.0,2024-04-04,-0.0012888491178395522,0.45980162741644515,1.0,0.9047619047619048,0.4675076838373528,0.09386715255334972,-0.0820953465753411,False,False
2024-04-03,2024-04-02,22441.8,22450.0,2024-04-04,-0.003154827152902162,0.5475482116484954,1.0,0.9047619047619048,0.46625614198429044,0.09345314832500032,0.8698697809676463,False,False
2024-04-04,2024-04-03,22432.6,22450.0,2024-04-04,0.005775077342795809,0.6434872576372097,1.0,0.9047619047619048,0.4643595371282789,0.09053598126969559,1.9785252006639362,False,False
2024-04-05,2024-04-04,22508.0,22500.0,2024-04-10,-0.0023547183223742163,0.5753782724990465,1.0,0.8809523809523809,0.46757716619324585,0.0934172866137863,1.1539738544481724,False,False
2024-04-08,2024-04-05,22513.9,22500.0,2024-04-10,0.0025939530689929047,0.5522808306910285,1.0,0.9047619047619048,0.46760061831423927,0.09344462183125685,0.9062074490461907,False,False
2024-04-09,2024-04-08,22666.85,22650.0,2024-04-10,0.0026646843297590816,0.4927402597015731,1.0,0.8571428571428571,0.46931167771491894,0.09404773558729414,0.249113727623011,False,False
2024-04-10,2024-04-09,22640.2,22650.0,2024-04-10,0.002599358662909168,0.5951792703604015,1.0,0.8095238095238095,0.4693942467381,0.09406640298095238,1.337193935732526,False,False
2024-04-12,2024-04-10,22761.0,22750.0,2024-04-18,-0.003846491806159591,0.4138919737426695,1.0,1.0,0.46797458082911836,0.09143447455541279,-0.5914903251691213,True,False
2024-04-15,2024-04-12,22517.9,22500.0,2024-04-18,-0.007098796957087594,0.3994066817419632,1.0,0.8809523809523809,0.4678210621857312,0.09151878467253916,-0.7475446782708013,False,False
2024-04-16,2024-04-15,22267.05,22250.0,2024-04-18,-0.006422045129462539,0.44143616076875325,1.0,0.8571428571428571,0.46701120456666156,0.0919113257189933,-0.2782578055298715,False,False
2024-04-18,2024-04-16,22144.7,22150.0,2024-04-18,0.004752830248321294,0.5565862482934271,1.0,0.8809523809523809,0.4666897190168174,0.09196740256540537,0.9774825293416011,False,False
2024-04-19,2024-04-18,21980.45,22000.0,2024-04-25,-0.007729596072873934,0.38676706747480455,1.0,0.8809523809523809,0.46745136343339033,0.09252716628826553,-0.8720065597515042,False,False
2024-04-22,2024-04-19,22175.8,22200.0,2024-04-25,0.0048138060408193795,0.35425880124730924,1.0,1.0,0.46511935230129625,0.092771820026812,-1.1949808791284593,True,False
2024-04-23,2024-04-22,22324.9,22300.0,2024-04-25,0.0036685494671868657,0.45588076830782565,1.0,0.9285714285714286,0.46485077639546335,0.09307359533638886,-0.09637543338922368,False,False
2024-04-24,2024-04-23,22361.35,22350.0,2024-04-25,0.0026675491417111896,0.4897401382056021,1.0,0.9285714285714286,0.46363061538245454,0.09269627415352652,0.28166744630861995,False,False
2024-04-25,2024-04-24,22403.65,22400.0,2024-04-25,-0.002637963010491684,0.7042115788108362,1.0,0.8571428571428571,0.46472343130746147,0.092609656562688,2.5859954176729274,False,False
2024-04-26,2024-04-25,22569.4,22550.0,2024-05-02,0.0007953246431007255,0.4392288744139612,1.0,0.9285714285714286,0.4702092676509951,0.09685967391471442,-0.31984820911447964,False,False
2024-04-29,2024-04-26,22401.85,22400.0,2024-05-02,0.0034171284960842208,0.5036754138590337,1.0,0.8333333333333334,0.4696849713283119,0.0969421505891918,0.35062604165614053,False,False
2024-04-30,2024-04-29,22647.45,22650.0,2024-05-02,0.0013930928206045134,0.4064277646895982,1.0,0.8333333333333334,0.4724797688524505,0.09542773932522797,-0.6921677557270851,False,False
2024-05-02,2024-04-30,22624.2,22600.0,2024-05-02,0.0010873312647519118,0.5669129157378546,1.0,0.8095238095238095,0.47408222009383877,0.09344453695089874,0.9934309556565577,False,False
2024-05-03,2024-05-02,22643.75,22650.0,2024-05-09,0.005253105161468374,0.48939895100584196,1.0,0.8333333333333334,0.4773061600414763,0.0932513835296911,0.12967948041773916,False,False
2024-05-06,2024-05-03,22466.4,22450.0,2024-05-09,0.003017839974361669,0.34159967822261944,1.0,0.9047619047619048,0.47895589933348676,0.09256112997500185,-1.4839514291578264,False,False
2024-05-07,2024-05-06,22445.85,22450.0,2024-05-09,0.0012853155483085743,0.3987390932442262,1.0,0.9047619047619048,0.4769034512286564,0.09423179839001067,-0.829490249787234,False,False
2024-05-08,2024-05-07,22304.8,22300.0,2024-05-09,-0.0044205731501738565,0.401284700943057,1.0,1.0,0.4781561169462502,0.09264525499633448,-0.8297393752786866,True,False
2024-05-09,2024-05-08,22296.4,22300.0,2024-05-09,-0.00025788916596403144,0.5667168412805648,1.0,0.9523809523809523,0.47762460544176544,0.09299849203887887,0.9579965640900231,True,False
2024-05-10,2024-05-09,21972.6,21950.0,2024-05-16,0.000830579904062434,0.3078098045269375,1.0,0.9047619047619048,0.4800327371694462,0.09340954587166161,-1.8437401770385582,False,False
2024-05-13,2024-05-10,22055.1,22050.0,2024-05-16,-0.0027862036445084337,0.42009308010497665,1.0,0.9285714285714286,0.4754895458515227,0.09505963431686507,-0.5827548795516232,False,False
2024-05-14,2024-05-13,22096.2,22100.0,2024-05-16,0.003059349571419512,0.45307943754374114,1.0,0.9285714285714286,0.4770444322046214,0.09333362860890117,-0.25676698761280914,False,False
2024-05-15,2024-05-14,22226.85,22250.0,2024-05-16,0.0012799834434480406,0.4414935483055663,1.0,0.8809523809523809,0.4775579038192381,0.09311166941068297,-0.3873236914548764,False,False
2024-05-16,2024-05-15,22210.2,22200.0,2024-05-16,0.003721263203392944,0.6161822704411308,1.0,0.9285714285714286,0.47786764021872935,0.09295758231844695,1.487932740640498,False,False
2024-05-17,2024-05-16,22398.9,22400.0,2024-05-23,-0.0008460236886632666,0.4257782351367523,1.0,1.0,0.48088855649018636,0.09447133203622184,-0.5833549730441389,True,False
2024-05-21,2024-05-17,22463.2,22450.0,2024-05-23,,0.4785235170297716,1.0,1.0,0.48022611464083037,0.09471991657145273,-0.01797507507066287,False,False
2024-05-22,2024-05-21,22539.2,22550.0,2024-05-23,0.0007742067154115073,0.4935538353282589,1.0,0.9047619047619048,0.4796984155455534,0.0946383411608063,0.14640387408273384,False,False
2024-05-23,2024-05-22,22604.1,22600.0,2024-05-23,-0.00047115346330961483,0.6131921279101226,1.0,0.8571428571428571,0.48044555041719067,0.09456660239523204,1.403736352270861,False,False
2024-05-24,2024-05-23,22980.2,23000.0,2024-05-30,-0.002806764083863489,0.33294272978240813,1.0,0.9285714285714286,0.4820729669590984,0.09601009114672378,-1.5532766961838174,False,False
2024-05-27,2024-05-24,22990.7,23000.0,2024-05-30,0.0011809122819226303,0.4693407899106732,1.0,0.8809523809523809,0.47967218285679963,0.09792131755485257,-0.10550708675196403,False,False
2024-05-28,2024-05-27,22934.05,22950.0,2024-05-30,0.002282632156117348,0.4288032751068181,1.0,0.8809523809523809,0.47659891491613293,0.09522213161057995,-0.5019383519451097,False,False
2024-05-29,2024-05-28,22896.25,22900.0,2024-05-30,-0.004074903095485083,0.5467183592875993,1.0,0.8571428571428571,0.4781426478931336,0.09364481885583369,0.7322958411616777,False,False
2024-05-30,2024-05-29,22706.1,22700.0,2024-05-30,-0.0022989416940820684,0.5517850246977374,1.0,0.8095238095238095,0.48003755700747097,0.09386640812294976,0.7643572298653302,False,False
2024-05-31,2024-05-30,22491.55,22500.0,2024-06-06,0.0034057234828190897,0.38741578931703163,1.0,1.0,0.4824457735371264,0.09382196169613016,-1.012875690319471,True,False
2024-06-03,2024-05-31,22492.05,22500.0,2024-06-06,0.027454144908978906,0.4028737506294187,1.0,1.0,0.4802503304213323,0.0944875499210367,-0.8189076746785926,True,False
2024-06-04,2024-06-03,23246.1,23250.0,2024-06-06,-0.02108740821040933,0.27964679573243667,1.0,1.0,0.48025932131413235,0.0944800355837349,-2.123332451583368,True,False
2024-06-05,2024-06-04,21946.1,21950.0,2024-06-06,0.00424904652762903,0.3957279926206575,1.0,1.0,0.4779085126046897,0.09768750654641536,-0.8412592652775392,True,False
2024-06-06,2024-06-05,22652.75,22650.0,2024-06-06,0.0019511979781705602,0.24783236766903632,1.0,0.9285714285714286,0.47951610635101727,0.09546636566020601,-2.426862456528556,False,False
2024-06-07,2024-06-06,22811.25,22800.0,2024-06-13,-9.205983889526426e-05,0.4054064953736819,1.0,1.0,0.4760391804735487,0.10001149629841666,-0.7062456588901674,True,False
2024-06-10,2024-06-07,23295.4,23300.0,2024-06-13,0.004202546425474463,0.3042917847440942,1.0,1.0,0.4751534786946328,0.10040356296715362,-1.701749309498458,True,False
2024-06-11,2024-06-10,23271.6,23250.0,2024-06-13,-0.0012375599443097407,0.33976334292408744,1.0,0.9761904761904762,0.4711410494273671,0.10235495011271896,-1.2835501004943997,True,False
2024-06-12,2024-06-11,23280.15,23300.0,2024-06-13,0.0019651935232376516,0.4833435575313474,1.0,0.9047619047619048,0.46756768750508215,0.10314680945463862,0.15294578775316428,False,False
2024-06-13,2024-06-12,23328.4,23350.0,2024-06-13,0.004702422797962846,0.5226761688588335,1.0,0.9761904761904762,0.4690898452441195,0.10268580582432696,0.5218474275440611,True,False
2024-06-14,2024-06-13,23397.65,23400.0,2024-06-20,0.0013633847843692593,0.5651420366129264,1.0,1.0,0.47014416961247973,0.10290931805643773,0.9231221117250795,True,False
2024-06-18,2024-06-14,23463.55,23450.0,2024-06-20,0.002608300960425858,0.5460559468534596,1.0,1.0,0.4719178513851905,0.10362372355429303,0.7154548488061703,True,False
2024-06-19,2024-06-18,23551.65,23550.0,2024-06-20,0.0012016143242616906,0.5488035677293901,1.0,0.9761904761904762,0.4749073574777223,0.10312252763501292,0.716586491297155,True,False
2024-06-20,2024-06-19,23507.8,23500.0,2024-06-20,0.0011570627621471097,0.6098571874063511,1.0,0.8571428571428571,0.4757647557736827,0.1035254428964253,1.2952606420319748,False,False
2024-06-21,2024-06-20,23560.5,23550.0,2024-06-27,0.0022792385560579387,0.45708572318684987,1.0,0.9523809523809523,0.47844610592655595,0.10489424022441514,-0.20363732740717494,True,False
2024-06-24,2024-06-21,23497.7,23500.0,2024-06-27,-0.005032407427109864,0.5040183222812677,1.0,1.0,0.4790035032871197,0.10468673347187964,0.23894927432106167,True,False
2024-06-25,2024-06-24,23537.2,23550.0,2024-06-27,0.001945855921689832,0.4523810720989717,1.0,0.9761904761904762,0.4783999962161477,0.10443185883519189,-0.2491473809562032,True,False
2024-06-26,2024-06-25,23720.6,23700.0,2024-06-27,-0.0007398632412333184,0.4523508138087828,1.0,0.9047619047619048,0.4776832812557299,0.10446088258880243,-0.2425067338045122,False,False
2024-06-27,2024-06-26,23878.65,23900.0,2024-06-27,-0.0018594015993367297,0.5539632261599765,1.0,1.0,0.4750451883676119,0.1030353005981647,0.7659320381870205,True,False
2024-06-28,2024-06-27,24032.45,24050.0,2024-07-04,0.0033600402788729333,0.39249404007205646,1.0,1.0,0.4735339793245595,0.10115353186880631,-0.801157782188069,True,False
2024-07-01,2024-06-28,24015.6,24000.0,2024-07-04,0.0005746264927797284,0.46087761019420564,1.0,0.9047619047619048,0.46756972084918025,0.09491266754558017,-0.07050808736105571,False,False
2024-07-02,2024-07-01,24150.9,24150.0,2024-07-04,0.001958519144213966,0.38933127016406205,1.0,0.9761904761904762,0.46789805014769165,0.09485387859508955,-0.8282927503577792,True,False
2024-07-03,2024-07-02,24128.8,24150.0,2024-07-04,0.0037755711017539717,0.44105608911274,1.0,0.8809523809523809,0.4667235441934853,0.09539060268795911,-0.26907739711749595,False,False
2024-07-04,2024-07-03,24282.15,24300.0,2024-07-04,0.002683040834522421,0.5947169741768848,1.0,1.0,0.46494867548455604,0.09485044781880339,1.368135856777718,True,False
2024-07-05,2024-07-04,24291.55,24300.0,2024-07-11,-0.0016754797450142522,0.49739832990498034,1.0,1.0,0.46413583742688397,0.09349376697434794,0.35577229963600315,True,False
2024-07-08,2024-07-05,24337.05,24350.0,2024-07-11,-0.0020976248148398824,0.4035451191344136,1.0,0.9047619047619048,0.46283617171698294,0.09245742487970474,-0.6412795149736457,False,False
2024-07-09,2024-07-08,24314.55,24300.0,2024-07-11,0.001957675548180049,0.5362282403685731,1.0,0.9047619047619048,0.4603572431910393,0.09201147001149973,0.8245819479685662,False,False
2024-07-10,2024-07-09,24432.95,24450.0,2024-07-11,-0.0006916888873427229,0.5276711186307848,1.0,0.8571428571428571,0.46108204286882265,0.0924411635680393,0.7203400865129814,False,False
2024-07-11,2024-07-10,24325.4,24350.0,2024-07-11,0.0020883520928740573,0.5795507395390027,1.0,0.8809523809523809,0.4599569070066624,0.09118363268741872,1.3115712656712517,False,False
2024-07-12,2024-07-11,24309.55,24300.0,2024-07-18,0.0031098889119709483,0.530115730016954,1.0,0.8571428571428571,0.4627178864366012,0.09226676170285701,0.7304672054862615,False,False
2024-07-15,2024-07-12,24499.1,24500.0,2024-07-18,0.0027409170132781657,0.5108569966336156,1.0,0.9047619047619048,0.46489637057451777,0.0922896671120771,0.4980040290239967,False,False
2024-07-16,2024-07-15,24585.95,24600.0,2024-07-18,0.0017286295628193837,0.530779978393308,1.0,0.8571428571428571,0.46605338450559886,0.09242562319107288,0.7003100617877245,False,False
2024-07-18,2024-07-16,24616.9,24600.0,2024-07-18,-0.0022058017053326884,0.6599285354634842,1.0,0.8333333333333334,0.46562328000726355,0.092056493952534,2.110717529133881,False,False
2024-07-19,2024-07-18,24801.7,24800.0,2024-07-25,-0.0010765391082063758,0.29568940168396424,1.0,1.0,0.47017597114040827,0.09480417791881317,-1.8404945149766285,True,False
2024-07-22,2024-07-19,24525.2,24550.0,2024-07-25,-0.005178347169441988,0.3451919685507074,1.0,1.0,0.46919981448101916,0.09630756668409646,-1.287623083003192,True,False
2024-07-23,2024-07-22,24518.7,24500.0,2024-07-25,0.0023227169466570885,0.3926850851575191,1.0,1.0,0.46735500115173384,0.09761825035363628,-0.7649175817402191,True,False
2024-07-24,2024-07-23,24480.4,24500.0,2024-07-25,-0.0015297952647832513,0.49416732563228677,1.0,0.9761904761904762,0.4657374169342658,0.09804422666827575,0.2899702477557515,True,False
2024-07-25,2024-07-24,24411.25,24400.0,2024-07-25,-0.0065584515336165605,0.6162803861178843,1.0,0.8095238095238095,0.46223667938129,0.09300542872954208,1.6562872602259626,False,False
2024-07-26,2024-07-25,24408.15,24400.0,2024-08-01,0.0019686047488236547,0.5386729705616875,1.0,1.0,0.4651875379096887,0.09504933840560481,0.7731293440298745,True,False
2024-07-29,2024-07-26,24821.8,24800.0,2024-08-01,0.005420638309872716,0.3905496954280745,1.0,0.8809523809523809,0.46577083052139956,0.09539628368822684,-0.7885122164628762,False,False
2024-07-30,2024-07-29,24816.7,24800.0,2024-08-01,0.00045936808681235064,0.36512785072904835,1.0,0.9047619047619048,0.4655061960337075,0.09558553037149865,-1.05014163665288,False,False
2024-07-31,2024-07-30,24845.35,24850.0,2024-08-01,0.002356577790210368,0.4413210457574197,1.0,0.8333333333333334,0.4621431116168941,0.09550693404278407,-0.21801627356341224,False,False
2024-08-01,2024-07-31,24934.2,24950.0,2024-08-01,0.003842112439941925,0.5301906780860554,1.0,0.8571428571428571,0.461341813196087,0.0954760636842074,0.7211112632134682,False,False
2024-08-02,2024-08-01,25012.85,25000.0,2024-08-08,-0.008313726744453187,0.5433601550738452,1.0,1.0,0.46448499652714426,0.09456719041557965,0.834064734291889,True,False
2024-08-05,2024-08-02,24719.85,24700.0,2024-08-08,-0.015706001452274188,0.40307631339507743,1.0,0.9523809523809523,0.46689534755763795,0.09470600682491787,-0.6738646924533751,True,False
2024-08-06,2024-08-05,24047.65,24050.0,2024-08-08,0.012063548829095438,0.377185740098114,1.0,1.0,0.46692520776517166,0.0946852497478455,-0.9477660766174364,True,False
2024-08-07,2024-08-06,23983.9,24000.0,2024-08-08,0.011664074650077794,0.41812459426514126,1.0,0.9761904761904762,0.4637663560787973,0.09446087845651438,-0.48318163624391325,True,False
2024-08-08,2024-08-07,24304.9,24300.0,2024-08-08,-0.0028965352665512034,0.5214681746047538,1.0,0.8095238095238095,0.4656049359077675,0.09242555390554517,0.6044133503822551,False,False
2024-08-09,2024-08-08,24122.9,24100.0,2024-08-14,0.009072292303164087,0.42119118868487765,1.0,1.0,0.467294520816097,0.09250603172816269,-0.49838190299523566,True,False
2024-08-12,2024-08-09,24381.15,24400.0,2024-08-14,-0.00340016775254659,0.4891962068969017,1.0,0.9523809523809523,0.46676305000178264,0.0926805237458951,0.24204823180137272,True,False
2024-08-13,2024-08-12,24342.25,24350.0,2024-08-14,8.21616736332853e-05,0.4401470968592147,1.0,0.9523809523809523,0.4675580943116382,0.0926646827675308,-0.295808463740062,True,False
2024-08-14,2024-08-13,24148.5,24150.0,2024-08-14,-0.00023811002753792998,0.39685794709193634,1.0,0.9047619047619048,0.4646241747519397,0.09064398663987491,-0.7476086409265732,False,False
2024-08-16,2024-08-14,24143.7,24150.0,2024-08-22,0.007409800486255058,0.37632295180126474,1.0,0.9523809523809523,0.46414216995119273,0.0909304932345863,-0.9657840293835017,True,False
2024-08-19,2024-08-16,24546.15,24550.0,2024-08-22,0.003462864848458924,0.34635830315820026,1.0,0.9285714285714286,0.4624388271973843,0.09161121154221138,-1.26709954038429,False,False
2024-08-20,2024-08-19,24565.15,24550.0,2024-08-22,0.0029085920501197293,0.45351852882073396,1.0,0.9761904761904762,0.4599855683278833,0.09272792956095793,-0.0697420889021144,True,False
2024-08-21,2024-08-20,24698.05,24700.0,2024-08-22,-0.00042715922916991556,0.554718748556784,1.0,0.9047619047619048,0.4573243416763936,0.09052149397182532,1.0759257564916498,False,False
2024-08-22,2024-08-21,24767.2,24750.0,2024-08-22,0.0024730288446008775,0.6226924681787663,1.0,0.9285714285714286,0.4610206086559664,0.08988216892242502,1.7987089259309568,False,False
2024-08-23,2024-08-22,24805.6,24800.0,2024-08-29,0.00037491534169720175,0.4277451216343527,1.0,0.9047619047619048,0.46357646996043467,0.09227134563081422,-0.3883258457012902,False,False
2024-08-26,2024-08-23,24818.95,24800.0,2024-08-29,0.002453770203815875,0.5028881961352286,1.0,0.8809523809523809,0.4635588340692269,0.09227820537327322,0.4262042364923669,False,False
2024-08-27,2024-08-26,25010.1,25000.0,2024-08-29,-0.0004678110043541128,0.5364899474339896,1.0,0.8571428571428571,0.46282833135002066,0.09178087741273289,0.8025813019058123,False,False
2024-08-28,2024-08-27,25026.2,25050.0,2024-08-29,0.00019779271323661085,0.5575879317835419,1.0,0.9523809523809523,0.46257341339562486,0.09155056762020748,1.0378364750514668,True,False
2024-08-29,2024-08-28,25055.5,25050.0,2024-08-29,-0.0008181836323362113,0.653093992950861,1.0,0.8571428571428571,0.4654096157700668,0.09181829209913941,2.044084821117614,False,False
2024-08-30,2024-08-29,25148.05,25150.0,2024-09-05,0.003904875328305746,0.42406558676957656,1.0,0.8809523809523809,0.4695799531420908,0.09457097731398677,-0.48127203149652525,False,False
2024-09-02,2024-08-30,25252.0,25250.0,2024-09-05,0.0021760652621574117,0.4865760770894342,1.0,0.8333333333333334,0.4719869329927098,0.09144099286571968,0.15954708757535518,False,False
2024-09-03,2024-09-02,25272.9,25250.0,2024-09-05,-0.0005539530485223487,0.4950391709142333,1.0,0.9285714285714286,0.4735010677338561,0.09090745119633178,0.23692340833384046,False,False
2024-09-04,2024-09-03,25276.85,25300.0,2024-09-05,-0.006780908222345672,0.5907385448887208,1.0,0.9047619047619048,0.47762118112127605,0.08597444672967448,1.3157091213755001,False,False
2024-09-05,2024-09-04,25190.95,25200.0,2024-09-05,0.002123778579212088,0.6628233006391678,1.0,0.8095238095238095,0.48071004861319333,0.08666248919188287,2.1014080454434017,False,False
2024-09-06,2024-09-05,25144.45,25150.0,2024-09-12,-0.001226910908769252,0.4210131623509274,1.0,0.8809523809523809,0.4866855738781112,0.08665265295149956,-0.7578811414341965,False,False
2024-09-09,2024-09-06,24857.25,24850.0,2024-09-12,-0.0021724044292912303,0.2676455785444913,1.0,1.0,0.4880397375352252,0.08493556397956917,-2.5948395308677608,True,False
2024-09-10,2024-09-09,24941.85,24950.0,2024-09-12,0.0023234042382582754,0.4208554659633204,1.0,1.0,0.4844447712187777,0.08957574731588357,-0.7098942198183777,True,False
2024-09-11,2024-09-10,25044.85,25050.0,2024-09-12,-0.0013156397423021993,0.5300434596510845,1.0,1.0,0.48274775950385246,0.089803384574063,0.5266583255358945,True,False
2024-09-12,2024-09-11,24919.95,24900.0,2024-09-12,0.00436597986753573,0.5966357987402825,1.0,0.8095238095238095,0.48216278322115513,0.08937084796504473,1.2808764616835766,False,False
2024-09-13,2024-09-12,25405.85,25400.0,2024-09-19,-0.0024403828252154147,0.3906289329690747,1.0,0.9285714285714286,0.4830057807526022,0.09021827164013835,-1.0239261526977512,False,False
2024-09-16,2024-09-13,25366.25,25350.0,2024-09-19,0.0011669048440348107,0.4685610432246967,1.0,0.9523809523809523,0.4803695368399303,0.09057331537691925,-0.13037497375571078,True,False
2024-09-17,2024-09-16,25390.85,25400.0,2024-09-19,-0.0003367354775440923,0.5375973802530626,1.0,0.8571428571428571,0.4780146011035693,0.08897225310922158,0.6696782094115339,False,False
2024-09-18,2024-09-17,25426.05,25450.0,2024-09-19,-0.001073701971009977,0.5182683697530082,1.0,1.0,0.47935646205467286,0.08925792959771332,0.4359490285480717,True,False
2024-09-19,2024-09-18,25399.8,25400.0,2024-09-19,0.005315002480334563,0.5265670121948084,1.0,1.0,0.47959396284586847,0.0893435804397157,0.5257574088452257,True,False
2024-09-20,2024-09-19,25412.5,25400.0,2024-09-26,0.004399409739301419,0.43961453186496313,1.0,0.8809523809523809,0.48083039518079906,0.08947383356049825,-0.46064711520343643,False,False
2024-09-23,2024-09-20,25784.7,25800.0,2024-09-26,0.003853060148072185,0.3877946183103709,1.0,1.0,0.48061812381506874,0.08955761367992084,-1.036466936652079,True,False
2024-09-24,2024-09-23,25943.8,25950.0,2024-09-26,-0.0012103084359268435,0.4269040805347197,1.0,0.9523809523809523,0.4778486470175753,0.08981996144328878,-0.5671853523898626,True,False
2024-09-25,2024-09-24,25937.3,25950.0,2024-09-26,-0.0015016983263486106,0.5244352230426927,1.0,0.9047619047619048,0.478422147691953,0.08937448434770297,0.5148345826727259,False,False
2024-09-26,2024-09-25,26001.3,26000.0,2024-09-26,0.0004442085588027833,0.6476705958445554,1.0,0.8571428571428571,0.4794814412394278,0.0895395163999133,1.8783790818563153,False,False
2024-09-27,2024-09-26,26205.7,26200.0,2024-10-03,0.0006849654846083908,0.40731802528042266,1.0,0.9761904761904762,0.4837870966674361,0.09132456489966512,-0.8373329943704317,True,False
2024-09-30,2024-09-27,26159.65,26150.0,2024-10-03,-0.002360505587804096,0.44813354492473756,1.0,0.8571428571428571,0.4832247956035641,0.09169523969823065,-0.3826943557191403,False,False
2024-10-01,2024-09-30,25805.7,25800.0,2024-10-03,0.003483726463533232,0.3913848801115857,1.0,0.9047619047619048,0.4807817384493617,0.09062081366707674,-0.9864936621094872,False,False
2024-10-03,2024-10-01,25796.2,25800.0,2024-10-03,-0.009724300478365144,0.5694133842236712,1.0,0.9047619047619048,0.47901484761947166,0.0913221299119896,0.989886423929444,False,False
2024-10-04,2024-10-03,25251.0,25250.0,2024-10-10,0.0006296780325532048,0.3104563520209498,1.0,0.8809523809523809,0.4817793187042927,0.09150917623413231,-1.8721943933251208,False,False
2024-10-07,2024-10-04,25021.7,25000.0,2024-10-10,0.003826678443111353,0.312836733345063,1.0,1.0,0.4780164538984989,0.09384436769333032,-1.760145276839832,True,False
2024-10-08,2024-10-07,24785.95,24800.0,2024-10-10,-0.0003025907822779006,0.31506825051482495,1.0,0.9523809523809523,0.47443588081040367,0.09599158505244637,-1.6602250104371745,True,False
2024-10-09,2024-10-08,24995.1,25000.0,2024-10-10,0.002788546555124727,0.445369214204248,1.0,0.9047619047619048,0.4700278393266673,0.09714847434003032,-0.2538241108770416,False,False
2024-10-10,2024-10-09,24971.45,24950.0,2024-10-10,0.0033538300739444082,0.4220188990557199,1.0,0.8571428571428571,0.4686153973964556,0.09687573130021038,-0.4809924809376331,False,False
2024-10-11,2024-10-10,25000.6,25000.0,2024-10-17,-0.001481964432853533,0.5353630561848601,1.0,0.9285714285714286,0.46713476243682384,0.09689806593551553,0.7041244124876691,False,False
2024-10-14,2024-10-11,24972.05,24950.0,2024-10-17,0.0027090286940800734,0.48745183704226036,1.0,1.0,0.46721114706668315,0.09695087977131508,0.20877262819399225,True,False
2024-10-15,2024-10-14,25116.75,25100.0,2024-10-17,0.0030995252172354437,0.5730862983260258,1.0,0.9761904761904762,0.46433653542632947,0.09364038698729758,1.1613553339377838,True,False
2024-10-16,2024-10-15,25057.45,25050.0,2024-10-17,-0.0017599556219807244,0.561350246826466,1.0,0.8809523809523809,0.4689598170370305,0.09200635328770657,1.0041744563065973,False,False
2024-10-17,2024-10-16,24983.25,25000.0,2024-10-17,0.0007204827234246203,0.6618730505534127,1.0,0.8333333333333334,0.47256245500829314,0.09130724300167589,2.0733360171837067,False,False
2024-10-18,2024-10-17,24757.1,24750.0,2024-10-24,-0.003647438512588308,0.3443100585059224,1.0,0.9047619047619048,0.4770489210982248,0.09389266767479341,-1.4137298031839571,False,False
2024-10-21,2024-10-18,24848.7,24850.0,2024-10-24,0.0043161211652924525,0.3970164022567612,1.0,0.9047619047619048,0.47455129997945195,0.09541048060395588,-0.8126455000738777,False,False
2024-10-22,2024-10-21,24791.85,24800.0,2024-10-24,-0.00018554484639099478,0.49995081445508627,1.0,0.9047619047619048,0.47089690024843317,0.09407981438418336,0.3088219762850385,False,False
2024-10-23,2024-10-22,24475.1,24500.0,2024-10-24,-0.000680283226626166,0.37295009055040973,1.0,0.9761904761904762,0.4702515309799899,0.09373920015834436,-1.0380016072808225,True,False
2024-10-24,2024-10-23,24442.95,24450.0,2024-10-24,0.000818231841901218,0.5034719650213182,1.0,0.9285714285714286,0.46995820423202883,0.0940199443697088,0.35645373983104345,False,False
2024-10-25,2024-10-24,24393.9,24400.0,2024-10-31,-0.0003771434661944406,0.5787175175099973,1.0,0.9047619047619048,0.4722639394702333,0.09309736389294093,1.1434650089790117,False,False
2024-10-28,2024-10-25,24147.85,24150.0,2024-10-31,0.0042695312419118725,0.26389870850039543,1.0,1.0,0.47455388066610965,0.09400868175111622,-2.2408055111698553,True,False
2024-10-29,2024-10-28,24335.15,24350.0,2024-10-31,-0.001499888022058582,0.4044132590404232,1.0,1.0,0.4701156811730153,0.09755646725375669,-0.6734809488508003,True,False
2024-10-30,2024-10-29,24472.45,24450.0,2024-10-31,-0.0038430970336030823,0.5247839967772301,1.0,0.8809523809523809,0.46779989957245827,0.09743740959537503,0.5848277108495363,False,False
2024-10-31,2024-10-30,24337.7,24350.0,2024-10-31,-0.001462751204920898,0.5732056164141783,1.0,0.8095238095238095,0.4698283609621608,0.09733395630253878,1.0620882925039503,False,False
2024-11-04,2024-10-31,24207.75,24200.0,2024-11-07,-0.00034286540467409754,0.4263657229631387,1.0,0.9523809523809523,0.4730953589007619,0.09746132210955034,-0.4794685207029846,True,False
2024-11-05,2024-11-04,24001.75,24000.0,2024-11-07,-0.0032830939410667392,0.35245082897708213,1.0,1.0,0.47323271104572845,0.09738831857583613,-1.240209132213261,True,False
2024-11-06,2024-11-05,24221.1,24200.0,2024-11-07,0.0028219197311436517,0.40931828706819023,1.0,0.9523809523809523,0.47041575528526725,0.09840852930966588,-0.6208554141157752,True,False
2024-11-07,2024-11-06,24474.65,24450.0,2024-11-07,-0.0013238187267233803,0.5802227930497647,1.0,0.8333333333333334,0.47021787359165573,0.0985210614193265,1.116562467693123,False,False
2024-11-08,2024-11-07,24201.25,24200.0,2024-11-14,-0.0031134755436185158,0.3994010420022729,1.0,0.9761904761904762,0.4717349833608701,0.09951410605188821,-0.7268712369368135,True,False
2024-11-11,2024-11-08,24157.95,24150.0,2024-11-14,-0.005933864421443169,0.4041078405397261,1.0,1.0,0.47105588244658775,0.09987170708691358,-0.6703404183188736,True,False
2024-11-12,2024-11-11,24171.45,24150.0,2024-11-14,0.0026291347850460056,0.401799791778235,1.0,0.9285714285714286,0.4711767140040509,0.09978476373957071,-0.6952656861210142,False,False
2024-11-13,2024-11-12,23873.55,23850.0,2024-11-14,-0.0014011322153597572,0.27774590197497667,1.0,1.0,0.4716013280036672,0.09942785892632677,-1.9497093482856944,True,False
2024-11-14,2024-11-13,23540.7,23550.0,2024-11-14,0.0025084215847446245,0.41028138633388,1.0,0.9761904761904762,0.4704577879839468,0.10127021234632029,-0.5942162088519933,True,False
2024-11-18,2024-11-14,23516.85,23500.0,2024-11-21,0.003014859558146732,0.5199871124168153,1.0,0.9285714285714286,0.4697371689424993,0.10154624912064365,0.494847854149844,False,False
2024-11-19,2024-11-18,23441.65,23450.0,2024-11-21,0.004669039935328634,0.4884240313452368,1.0,1.0,0.4691583083401664,0.10115183126164336,0.19046341291871338,True,False
2024-11-21,2024-11-19,23525.55,23550.0,2024-11-21,-0.0033495497448517986,0.44045122130389963,1.0,0.8809523809523809,0.46692050105960764,0.09916326616614474,-0.26692625988498214,False,False
2024-11-22,2024-11-21,23361.15,23350.0,2024-11-28,0.001648035306481166,0.3321524766247949,1.0,1.0,0.46713226938743335,0.09909172858088468,-1.3621701295932056,True,False
2024-11-25,2024-11-22,23935.2,23950.0,2024-11-28,0.014769043082990763,0.30475400270382796,1.0,1.0,0.46428667406225943,0.1004891665555814,-1.5875608966285197,True,False
2024-11-26,2024-11-25,24211.2,24200.0,2024-11-28,0.0031225218080888073,0.4298182038194747,1.0,0.9047619047619048,0.46042440831675674,0.10210733948710159,-0.29974539196712946,False,False
2024-11-27,2024-11-26,24188.45,24200.0,2024-11-28,-0.0010087459097214424,0.486799220269402,1.0,0.8809523809523809,0.45829491285068896,0.10137633547414086,0.281173187858856,False,False
2024-11-28,2024-11-27,24277.9,24300.0,2024-11-28,0.0009391257069186754,0.6253173428314811,1.0,0.8095238095238095,0.455523333305998,0.09818328044684818,1.7293576742671746,False,False
2024-11-29,2024-11-28,23907.35,23900.0,2024-12-05,0.0021750633173480693,0.36302972197567257,1.0,0.9047619047619048,0.458877529240363,0.10050068007448332,-0.9537030713986758,False,False
2024-12-02,2024-11-29,24126.25,24150.0,2024-12-05,-0.003226775814724525,0.35125621876324936,1.0,0.8809523809523809,0.4568184233218003,0.10118685623461682,-1.0432402832418195,False,False
2024-12-03,2024-12-02,24286.05,24300.0,2024-12-05,0.0017437994239493104,0.374830126007089,1.0,0.9047619047619048,0.45442204078595055,0.10196593042953662,-0.7805736135940369,False,False
2024-12-04,2024-12-03,24457.6,24450.0,2024-12-05,0.00033118539840382155,0.38814685197561294,1.0,1.0,0.4508235671379234,0.1008776528632696,-0.6213141700200239,True,False
2024-12-05,2024-12-04,24464.05,24450.0,2024-12-05,0.0014674593944994374,0.4340094519698443,1.0,0.9523809523809523,0.4462456263268642,0.0972615538062626,-0.1258068977737432,True,False
2024-12-06,2024-12-05,24737.65,24750.0,2024-12-12,-0.001782707734970912,0.2841825987490631,1.0,1.0,0.44646223115384615,0.09721887003353429,-1.669219487418512,True,False
2024-12-09,2024-12-06,24683.5,24700.0,2024-12-12,-0.0013612332124698368,0.4322495887163055,1.0,1.0,0.4467378481572556,0.09672551927869856,-0.14978735238633967,True,False
2024-12-10,2024-12-09,24619.95,24600.0,2024-12-12,0.00044476126068504485,0.514081797790416,1.0,1.0,0.4469277502031387,0.09668501951257494,0.6945651759272093,True,False
2024-12-11,2024-12-10,24611.9,24600.0,2024-12-12,0.00012798686814097238,0.5629893090880518,1.0,0.9285714285714286,0.4466617225054609,0.09647418075572729,1.2057898359057586,False,False
2024-12-12,2024-12-11,24649.15,24650.0,2024-12-12,-0.0009330950560161311,0.6463989430226817,1.0,0.9047619047619048,0.4461009476779238,0.09568218945453924,2.0933676004552972,False,False
2024-12-13,2024-12-12,24554.25,24550.0,2024-12-19,-0.0015150126760133942,0.42150061187914306,1.0,0.9285714285714286,0.45036378117881726,0.09881515348228591,-0.29209254130084766,False,False
2024-12-16,2024-12-13,24780.05,24800.0,2024-12-19,-0.0017332491258088556,0.37545549236309245,1.0,1.0,0.4495794406563914,0.09885502736619371,-0.7498247713666379,True,False
2024-12-17,2024-12-16,24667.4,24650.0,2024-12-19,-0.003522868239052457,0.4110039719171315,1.0,1.0,0.4468770758582252,0.0986240683991391,-0.3637357951601889,True,False
2024-12-18,2024-12-17,24348.2,24350.0,2024-12-19,-0.0014990841212081385,0.3787700419797714,1.0,0.9523809523809523,0.4450893358942939,0.09827961727055545,-0.6748021182454458,True,False
2024-12-19,2024-12-18,24194.5,24200.0,2024-12-19,-0.009805947632726464,0.5613111289130686,1.0,0.9761904761904762,0.4426260530573766,0.09805478219350057,1.210395589084882,True,False
2024-12-20,2024-12-19,23948.2,23950.0,2024-12-26,-0.0008601899098888977,0.4093883816031335,1.0,0.9523809523809523,0.444654329674845,0.09924289002058485,-0.3553498700450646,True,False
2024-12-23,2024-12-20,23577.95,23600.0,2024-12-26,0.00767666400174738,0.34677883831469264,1.0,1.0,0.4450142257297244,0.09907220537254141,-0.9915534538232698,True,False
2024-12-24,2024-12-23,23756.6,23750.0,2024-12-26,0.00019152572337799434,0.4662576291286025,1.0,0.9047619047619048,0.4436788050260573,0.09985735791360074,0.22611077014556152,False,False
2024-12-26,2024-12-24,23724.7,23700.0,2024-12-26,0.002956834016868415,0.640907188393744,1.0,0.8095238095238095,0.4427091784608224,0.09934103369381862,1.9951273161077876,False,False
2024-12-27,2024-12-26,23757.5,23750.0,2025-01-02,0.0026097021993054526,0.40645163305490234,1.0,0.9285714285714286,0.44259645500330885,0.09910808375560537,-0.36470104736902687,False,False
2024-12-30,2024-12-27,23809.75,23800.0,2025-01-02,-0.0010814897258476508,0.47318595056841095,1.0,0.8809523809523809,0.44258201513288353,0.09911337385310322,0.30877705243780496,False,False
2024-12-31,2024-12-30,23639.45,23650.0,2025-01-02,-0.0037268210554814996,0.3144411798115824,1.0,0.8809523809523809,0.44299955522694484,0.09918989771495224,-1.2960833550288364,False,False
2025-01-01,2024-12-31,23643.4,23650.0,2025-01-02,0.0002601148734953096,0.38225015151084885,1.0,0.8571428571428571,0.44171716022194474,0.10035901838481891,-0.5925427497016186,False,False
2025-01-02,2025-01-01,23732.25,23750.0,2025-01-02,0.002332269380273644,0.42919252730981416,1.0,0.8571428571428571,0.43859777301006436,0.09922497862500151,-0.09478707711084734,False,False
2025-01-03,2025-01-02,24190.25,24200.0,2025-01-09,-0.0015543452424012782,0.32926223970259183,1.0,0.9523809523809523,0.4405767092648788,0.0977998171774247,-1.1381868880219326,True,False
2025-01-06,2025-01-03,24016.15,24000.0,2025-01-09,0.0009785082121822608,0.39525133978993704,1.0,0.9761904761904762,0.4408504677041709,0.09745858426951551,-0.4678821086517365,True,False
2025-01-07,2025-01-06,23643.3,23650.0,2025-01-09,0.0047497599742845065,0.2587503700628953,1.0,0.9761904761904762,0.44218685252542284,0.09624679805929356,-1.905896987342063,True,False
2025-01-08,2025-01-07,23716.15,23700.0,2025-01-09,-0.0005650158225513069,0.4061655295910942,1.0,0.9761904761904762,0.43907653845640027,0.09911487039906745,-0.3320491540048033,True,False
2025-01-09,2025-01-08,23706.95,23700.0,2025-01-09,-0.0026679939848862633,0.5451308864273693,1.0,0.9285714285714286,0.4388123156319898,0.09918222205546928,1.0719518941198865,False,False
2025-01-10,2025-01-09,23522.85,23500.0,2025-01-16,0.0020915832902901332,0.37238266535674686,1.0,0.8571428571428571,0.43897511280269835,0.09935125837996758,-0.6702728131662868,False,False
2025-01-13,2025-01-10,23426.1,23450.0,2025-01-16,-0.008898194748592214,0.38797128123493546,1.0,0.9761904761904762,0.4370572932746064,0.09951011866772391,-0.4932765903292203,True,False
2025-01-14,2025-01-13,23088.45,23100.0,2025-01-16,0.004993838910797299,0.43437461478519745,1.0,0.8095238095238095,0.4339720429897549,0.09808056006715093,0.004104501393211278,False,False
2025-01-15,2025-01-14,23170.0,23150.0,2025-01-16,0.003059991368148607,0.573010486222351,1.0,0.7619047619047619,0.4318557824557338,0.09664492246472825,1.4605496095062138,False,False
2025-01-16,2025-01-15,23212.45,23200.0,2025-01-16,0.005236414079513363,0.7345613727226115,1.0,0.9523809523809523,0.4303747397168828,0.09369616590126548,3.246521670121192,True,False
2025-01-17,2025-01-16,23307.1,23300.0,2025-01-23,-0.004582294665574027,0.4941194029868528,1.0,0.9047619047619048,0.43687892828716096,0.10088955439549774,0.5673577908303878,False,False
2025-01-20,2025-01-17,23198.35,23200.0,2025-01-23,0.0019117738977125764,0.4544074261114393,1.0,0.9047619047619048,0.43849731163266253,0.1010180156834217,0.15749779255847943,False,False
2025-01-21,2025-01-20,23356.0,23350.0,2025-01-23,0.0015006850488097356,0.3893751220575524,1.0,0.8571428571428571,0.4377382551602684,0.10071908902892975,-0.4801784206847275,False,False
2025-01-22,2025-01-21,23020.5,23000.0,2025-01-23,0.0034556156469234267,0.37192542789758143,1.0,0.7380952380952381,0.4380120056853874,0.10056221186057909,-0.6571710840989591,False,False
2025-01-23,2025-01-22,23150.65,23150.0,2025-01-23,-0.00220512167044995,0.6047596567878294,1.0,0.7619047619047619,0.43581956339999184,0.10054485212995042,1.6802460773375933,False,False
2025-01-24,2025-01-23,23203.35,23200.0,2025-01-30,0.0014200535698509764,0.4392952431744504,1.0,0.6904761904761905,0.43625359905462235,0.10122607662531369,0.030048029334245874,False,False
2025-01-27,2025-01-24,23091.4,23100.0,2025-01-30,-0.006424469715998304,0.43873295688048103,1.0,0.9761904761904762,0.4391768746325232,0.09866453243213093,-0.0044992637283060915,True,False
2025-01-28,2025-01-27,22838.4,22850.0,2025-01-30,0.004280072159170478,0.3133966321878939,1.0,0.8333333333333334,0.43974886959652415,0.09855900452827047,-1.2819958766161,False,False
2025-01-29,2025-01-28,22946.55,22950.0,2025-01-30,0.00396355879206256,0.5004120009965072,1.0,0.8333333333333334,0.43622574685336857,0.09924357439425574,0.646754760042719,False,False
2025-01-30,2025-01-29,23156.55,23150.0,2025-01-30,-0.00046854993511546983,0.5105490063476037,0.6,0.38095238095238093,0.43501251992974066,0.09797751487435219,0.7709573621532669,False,False
2025-01-31,2025-01-30,23250.45,23250.0,2025-02-06,0.0015160996883931688,0.41471339087235964,0.4,0.40476190476190477,0.4364155746528151,0.09845319732655716,-0.22043147779621605,False,False
2025-02-01,2025-01-31,23507.1,23500.0,2025-02-06,0.0012315428104701098,0.3908081769193255,1.0,1.0,0.4374532840177364,0.09787965523153332,-0.47655569472606324,True,False
2025-02-03,2025-02-01,23493.45,23500.0,2025-02-06,-0.009432416269215538,0.414686936893002,1.0,0.9523809523809523,0.437144782181922,0.09799893333441424,-0.22916418092311483,True,False
2025-02-04,2025-02-03,23373.9,23350.0,2025-02-06,0.0052109404078908295,0.40663288227663713,1.0,0.8809523809523809,0.4343858512459759,0.09621656370783234,-0.28844273688273053,False,False
2025-02-05,2025-02-04,23740.55,23750.0,2025-02-06,0.001160461741619212,0.41680171291314194,1.0,0.8333333333333334,0.43450638191721536,0.09617651670131407,-0.1840851552053716,False,False
2025-02-06,2025-02-05,23700.3,23700.0,2025-02-06,0.0009852195963764299,0.6424124996126602,1.0,0.8333333333333334,0.43471794645677225,0.09612246055242446,2.1607286368060974,False,False
2025-02-07,2025-02-06,23605.0,23600.0,2025-02-13,0.00022876509214153629,0.49077965904900467,1.0,0.7857142857142857,0.4387281582540127,0.09967920005733577,0.5221901937922035,False,False
2025-02-10,2025-02-07,23569.05,23550.0,2025-02-13,-0.00386948137493881,0.3937350642135276,1.0,1.0,0.44227872087191317,0.09762070448669641,-0.4972680428156612,True,False
2025-02-11,2025-02-10,23389.15,23400.0,2025-02-13,-0.001782877958369622,0.42153528425031783,1.0,0.9047619047619048,0.44200294883657393,0.09773593001132647,-0.20941801632095924,False,False
2025-02-12,2025-02-11,23068.0,23050.0,2025-02-13,-0.0010880873937921809,0.36047793634443165,1.0,0.8095238095238095,0.440362085033799,0.09722961277120813,-0.8216030735136571,False,False
2025-02-13,2025-02-12,23041.85,23050.0,2025-02-13,0.0024064907982648265,0.4726264477401287,1.0,0.9047619047619048,0.43822965011711884,0.09756014643622957,0.352570172139844,False,False
2025-02-14,2025-02-13,23034.3,23050.0,2025-02-20,0.0034578867167658345,0.36763694116792245,1.0,0.7857142857142857,0.4387659038910561,0.09766094047805478,-0.7283255964457652,False,False
2025-02-17,2025-02-14,22939.7,22950.0,2025-02-20,-0.008114753026412735,0.3322830658889459,1.0,0.9285714285714286,0.43935731163344155,0.09711026574632385,-1.1026048062127662,False,False
2025-02-18,2025-02-17,22963.95,22950.0,2025-02-20,-0.00034184014509708316,0.3350914765260843,1.0,0.9523809523809523,0.4398161293531934,0.09652680593624273,-1.084928189753644,True,False
2025-02-19,2025-02-18,22955.8,22950.0,2025-02-20,-0.005543261397990884,0.40120380132791694,1.0,0.9523809523809523,0.4382373505649703,0.0974632284799171,-0.37997457928129647,True,False
2025-02-20,2025-02-19,22944.55,22950.0,2025-02-20,-0.00365882094004899,0.5170385167793985,1.0,0.9285714285714286,0.4368107602492789,0.09736676184530292,0.8239747836904147,False,False
2025-02-21,2025-02-20,22912.6,22900.0,2025-02-27,-0.0011740265181602316,0.545038595674467,1.0,0.9285714285714286,0.43500611314841087,0.09478282478629245,1.1608905176032387,False,False
2025-02-24,2025-02-21,22807.25,22800.0,2025-02-27,-0.006278705236273607,0.4103972895198404,1.0,0.9047619047619048,0.438039594376724,0.09535106181952269,-0.2899003359732277,False,False
2025-02-25,2025-02-24,22566.45,22550.0,2025-02-27,-0.0002658814301762513,0.5290787063051403,1.0,0.8095238095238095,0.4390252788893339,0.09474248082627815,0.9505073820151524,False,False
2025-02-27,2025-02-25,22563.3,22550.0,2025-02-27,0.0009440108494767063,0.6680637682746058,0.9,0.7380952380952381,0.44159608856096805,0.09506324220629916,2.38228440833287,False,False
2025-02-28,2025-02-27,22550.6,22550.0,2025-03-06,-0.008964284764041652,0.524584875431627,1.0,0.8095238095238095,0.4462613704992846,0.09917533513396472,0.7897478221429156,False,False
2025-03-03,2025-02-28,22128.4,22150.0,2025-03-06,0.004110102854250508,0.3368205876940345,1.0,0.8095238095238095,0.4477709608903144,0.09967377372662094,-1.1131350710226713,False,False
2025-03-04,2025-03-03,22120.55,22100.0,2025-03-06,-0.00610292239569088,0.4592246138976614,1.0,0.8571428571428571,0.4486482607060639,0.09843344673671957,0.10744674236477894,False,False
2025-03-05,2025-03-04,22091.1,22100.0,2025-03-06,0.0018514243292548915,0.5417839003787857,1.0,0.8809523809523809,0.44909784445908657,0.09841887978780624,0.9417507709855337,False,False
2025-03-06,2025-03-05,22328.7,22350.0,2025-03-06,0.005519801869342977,0.4529139741926029,1.0,0.9285714285714286,0.4495595461688927,0.098793165093797,0.03395404955925217,False,False
2025-03-07,2025-03-06,22537.5,22550.0,2025-03-13,-0.0025535219079312332,0.36880421313798556,1.0,0.9285714285714286,0.44772495725396855,0.09766670032309101,-0.8080619479813022,False,False
2025-03-10,2025-03-07,22564.2,22550.0,2025-03-13,-0.00014624936846863168,0.41936608230507405,1.0,0.8333333333333334,0.44309837842255695,0.09462334736237904,-0.2508080381747152,False,False
2025-03-11,2025-03-10,22473.0,22450.0,2025-03-13,-0.005722422462510535,,0.0,0.0,,,,False,False
2025-03-12,2025-03-11,22488.15,22500.0,2025-03-13,0.002568019156755863,0.4765678340582242,1.0,0.9761904761904762,0.4430628029296557,0.09463200595563272,0.3540560172028585,True,False
2025-03-13,2025-03-12,22492.5,22500.0,2025-03-13,0.000495720795820942,0.619094253246649,1.0,0.9285714285714286,0.4447480086245746,0.09430739677434395,1.84870169875694,False,False
2025-03-17,2025-03-13,22396.45,22400.0,2025-03-20,0.0037438969122338683,0.4797063639975143,1.0,0.8095238095238095,0.4482161799800666,0.09683775355860086,0.325184990979697,False,False
2025-03-18,2025-03-17,22516.9,22500.0,2025-03-20,0.00427900821160998,0.5208413346043836,1.0,0.8571428571428571,0.44989845201369566,0.09648698371835425,0.7352585795175278,False,False
2025-03-19,2025-03-18,22833.75,22850.0,2025-03-20,0.0003372201237203942,0.4104319180659221,1.0,0.8333333333333334,0.44922395544188426,0.09583419251770926,-0.40478284792553293,False,False
2025-03-20,2025-03-19,22915.95,22900.0,2025-03-20,0.004010307231426147,0.590264657948119,1.0,0.8333333333333334,0.4492413477162641,0.09582693492295823,1.471645840965623,False,False
2025-03-21,2025-03-20,23192.2,23200.0,2025-03-27,-0.0015522460137460392,0.3762258490991407,1.0,0.9523809523809523,0.45329944471015443,0.09656702292420367,-0.7981357742747179,True,False
2025-03-24,2025-03-21,23353.75,23350.0,2025-03-27,0.005791361130439432,0.30921121749601677,1.0,0.9285714285714286,0.45179891504299674,0.09706048562450703,-1.4690602115736549,False,False
2025-03-25,2025-03-24,23649.55,23650.0,2025-03-27,0.004786560420811492,0.34003875200592587,1.0,0.9285714285714286,0.44627064886136797,0.0955412009034025,-1.1118961856345986,False,False
2025-03-26,2025-03-25,23677.7,23700.0,2025-03-27,0.00034420572944160455,0.47658607699749983,1.0,0.7857142857142857,0.4451637675105517,0.09639126602990417,0.3259871021633823,False,False
2025-03-27,2025-03-26,23509.7,23500.0,2025-03-27,-0.0024245311509717427,0.5238554508172812,1.0,0.8095238095238095,0.44522043628436986,0.09640901743755281,0.8156396219248452,False,False
2025-03-28,2025-03-27,23601.05,23600.0,2025-04-03,-0.0004279470616772585,0.5135759221431689,1.0,0.7619047619047619,0.4487106741344648,0.09537939992962532,0.6800760757203785,False,False
2025-04-01,2025-03-28,23531.45,23550.0,2025-04-03,-0.004850954786041695,0.5011538557608323,1.0,0.8571428571428571,0.4508994369783368,0.09533523583309984,0.5271337333289255,False,False
2025-04-02,2025-04-01,23171.45,23150.0,2025-04-03,0.001419850721469551,0.3718819267035301,1.0,0.8571428571428571,0.45209879245252044,0.09551001666844704,-0.8398790885719845,False,False
2025-04-03,2025-04-02,23335.8,23350.0,2025-04-03,-0.006153635187137296,0.5527652153201481,1.0,0.8333333333333334,0.45280912056920275,0.09473632334130948,1.055097888809031,False,False
2025-04-04,2025-04-03,23254.25,23250.0,2025-04-09,-0.005592526097380035,0.4164276388564876,1.0,0.9047619047619048,0.4554343518280396,0.09529509022632864,-0.40932552641389935,False,False
2025-04-07,2025-04-04,22913.05,22900.0,2025-04-09,-0.038687560145855726,0.473087757171393,1.0,0.9047619047619048,0.4580623063079328,0.09189259254762934,0.16351101266048476,False,False
2025-04-08,2025-04-07,22183.5,22200.0,2025-04-09,0.01646043230328864,0.21687862907300182,1.0,1.0,0.4591776767676044,0.09165784856466375,-2.64351663811597,True,False
2025-04-09,2025-04-08,22541.2,22550.0,2025-04-09,-0.005833762177701263,0.3673257618983137,1.0,0.9523809523809523,0.4537068058116983,0.0961278773591166,-0.8986055480105991,True,False
2025-04-11,2025-04-09,22400.35,22400.0,2025-04-17,0.014089065572636228,0.5471792748759485,1.0,0.9285714285714286,0.4536225240873912,0.0962025760121361,0.9724973557543306,False,False
2025-04-15,2025-04-11,22831.75,22850.0,2025-04-17,0.018627569065008176,0.35290567334567596,1.0,0.9523809523809523,0.45627599064807467,0.09655608092864108,-1.0705728350635277,True,False
2025-04-16,2025-04-15,23319.35,23300.0,2025-04-17,-0.0011578367321558591,0.6468807806057553,1.0,0.8333333333333334,0.45491817495741604,0.09743808651522175,1.9700982697186986,False,False
2025-04-17,2025-04-16,23434.7,23450.0,2025-04-17,-0.002442958518777738,0.612160340866293,1.0,0.8095238095238095,0.4561493465304728,0.09940241467090528,1.5694889792398983,False,False
2025-04-21,2025-04-17,23854.25,23850.0,2025-04-24,0.005422513807811891,0.24187890933287853,1.0,0.9285714285714286,0.45410932933286746,0.09473835837584367,-2.2401741347262285,False,False
2025-04-22,2025-04-21,24113.6,24100.0,2025-04-24,0.001088597306084571,0.5205589746890387,1.0,0.9761904761904762,0.4499053211053013,0.0984564396828351,0.7176133304366797,True,False
2025-04-23,2025-04-22,24167.35,24150.0,2025-04-24,0.00514950956559157,0.4976986703598368,1.0,0.9047619047619048,0.4510078469149279,0.09887719625465878,0.47221022858148604,False,False
2025-04-24,2025-04-23,24339.8,24350.0,2025-04-24,-0.0024918035480980816,0.6025370369768145,1.0,0.7619047619047619,0.4528132393866327,0.0987215884993068,1.5166267061356402,False,False
2025-04-25,2025-04-24,24251.6,24250.0,2025-04-30,0.003739959425357542,0.36565610597507414,1.0,0.8333333333333334,0.45665676620461987,0.09999993099379516,-0.9100072302569107,False,False
2025-04-28,2025-04-25,24076.0,24100.0,2025-04-30,0.0015326466190397348,0.39923016495304137,1.0,0.9761904761904762,0.4526717070244073,0.09875436037487473,-0.54115627774308,True,False
2025-04-29,2025-04-28,24316.85,24300.0,2025-04-30,0.0042234088708035245,0.5174219637510968,1.0,0.9523809523809523,0.45200395572071717,0.09898153508811704,0.6609112292726328,True,False
2025-04-30,2025-04-29,24327.4,24350.0,2025-04-30,-0.001954586186768914,0.6817701253501607,1.0,0.8809523809523809,0.4533154391685607,0.09932343247258353,2.3001086500374504,False,False
2025-05-02,2025-04-30,24373.55,24350.0,2025-05-08,0.002367320312387733,0.36455068713921585,1.0,0.9761904761904762,0.4594549973879319,0.10188029954053784,-0.9315275934279514,True,False
2025-05-05,2025-05-02,24350.3,24350.0,2025-05-08,0.0041210991240354655,0.3855788025247569,1.0,1.0,0.4571906421569769,0.10246271288026118,-0.6989063398692774,True,False
2025-05-06,2025-05-05,24452.6,24450.0,2025-05-08,0.00017789519314925784,0.5584949029121187,1.0,0.9285714285714286,0.4551078054265962,0.10262971885407099,1.0073797204153743,False,False
2025-05-07,2025-05-06,24395.85,24400.0,2025-05-08,-0.002123311956746754,0.7227583658669753,1.0,0.9047619047619048,0.4575041639605922,0.10334665406486483,2.566645280454828,False,False
2025-05-08,2025-05-07,24409.4,24400.0,2025-05-08,0.0011409538948110587,0.7841903424338135,0.9,0.7619047619047619,0.46303666710971964,0.10847371351916578,2.9606589919810435,False,False
2025-05-09,2025-05-08,24318.55,24300.0,2025-05-15,-0.007948664702459585,0.4236157690516169,1.0,0.9047619047619048,0.4691950572020665,0.11591585826226829,-0.39321011666344263,False,False
2025-05-12,2025-05-09,24000.2,24000.0,2025-05-15,0.02141023824801458,0.4351732823274371,1.0,0.9761904761904762,0.46947810531498285,0.1157811585918112,-0.2962902030414816,True,False
2025-05-13,2025-05-12,24912.1,24900.0,2025-05-15,0.0017441323694109556,0.3716236650080235,1.0,0.9761904761904762,0.4697842981385543,0.11566372339952646,-0.8486726023116482,True,False
2025-05-14,2025-05-13,24565.2,24550.0,2025-05-15,0.0022145148421344185,0.3375617069997891,1.0,0.9761904761904762,0.4652711508951438,0.11408594900024085,-1.1194143101275784,True,False
2025-05-15,2025-05-14,24670.05,24650.0,2025-05-15,-0.0011937551808772762,0.5460544259365298,1.0,0.8333333333333334,0.4627175183609901,0.1152144924913634,0.7233196603438292,False,False
2025-05-16,2025-05-15,25063.75,25050.0,2025-05-22,-0.002581417385666529,0.37772826947509575,1.0,0.9523809523809523,0.4652561743897069,0.11534679855237309,-0.758823877325639,True,False
2025-05-19,2025-05-16,25031.15,25050.0,2025-05-22,-0.0021253518116427506,0.4540107676585648,1.0,0.9285714285714286,0.46452605747678644,0.11576611326893747,-0.09083219191952537,False,False
2025-05-20,2025-05-19,24946.15,24950.0,2025-05-22,0.0016495531374580708,0.4550153071676387,1.0,0.9761904761904762,0.4660849379986888,0.1149682741206287,-0.09628422202315935,True,False
2025-05-21,2025-05-20,24692.45,24700.0,2025-05-22,0.0026870561649410263,0.4020212799660462,1.0,0.8809523809523809,0.46579141898914717,0.11497377117064465,-0.5546494506860439,False,False
2025-05-22,2025-05-21,24825.05,24850.0,2025-05-22,-0.004849939879275067,0.4400752792472201,1.0,0.8809523809523809,0.4663644913024493,0.11456119227678842,-0.2294774655601738,False,False
2025-05-23,2025-05-22,24611.6,24600.0,2025-05-29,0.0015744608233516644,0.44650884796607593,1.0,0.8809523809523809,0.4681610281917539,0.11326071477121973,-0.19117114234546537,False,False
2025-05-26,2025-05-23,24849.75,24850.0,2025-05-29,0.0058169599291744145,0.3321300514988235,1.0,0.9761904761904762,0.47001798438242043,0.11194776288399565,-1.2317167340492674,True,False
2025-05-27,2025-05-26,25008.95,25000.0,2025-05-29,-0.0035527281233319608,0.42930515414762793,1.0,0.9523809523809523,0.4688667552186022,0.11301747021089355,-0.35004854556690485,True,False
2025-05-28,2025-05-27,24837.6,24850.0,2025-05-29,-0.0011373884755371266,0.3463444167176833,1.0,0.9285714285714286,0.4674045325080726,0.11295118802891535,-1.0717914340077423,False,False
2025-05-29,2025-05-28,24755.55,24750.0,2025-05-29,0.005208932946349387,0.45317995152456625,1.0,0.9285714285714286,0.4640929628587929,0.1135476302665946,-0.09610954723233227,False,False
2025-05-30,2025-05-29,24830.45,24850.0,2025-06-05,-0.0005678511666120656,0.38867648544335254,1.0,0.9285714285714286,0.46480600722553844,0.11333886183755552,-0.6716983084875123,False,False
2025-06-02,2025-05-30,24759.5,24750.0,2025-06-05,-0.006244067933520392,0.40547559105429487,1.0,0.9523809523809523,0.46246597021117525,0.1134387265653562,-0.5023890948215656,True,False
2025-06-03,2025-06-02,24736.35,24750.0,2025-06-05,0.002690372670179908,0.35929548427078273,1.0,1.0,0.4580895005908367,0.1103968631316401,-0.8948987635839744,True,False
2025-06-04,2025-06-03,24540.5,24550.0,2025-06-05,0.002088384507243024,0.4016729575159838,1.0,0.8809523809523809,0.4553346774048226,0.11077109208858096,-0.4844379420393075,False,False
2025-06-05,2025-06-04,24623.55,24600.0,2025-06-05,0.0015452686554131567,0.6505487479128423,1.0,0.8809523809523809,0.4564155502351884,0.10990810871091763,1.7663227941467603,False,False
2025-06-06,2025-06-05,24735.7,24750.0,2025-06-12,-6.87265773759993e-05,0.42683691967953097,1.0,0.9047619047619048,0.45960428580210816,0.11273017694095402,-0.2906707592567705,False,False
2025-06-09,2025-06-06,25003.2,25000.0,2025-06-12,0.004571414858898004,0.41009333790518143,1.0,0.9523809523809523,0.4576885027904539,0.11228576381329465,-0.42387532728024435,True,False
2025-06-10,2025-06-09,25101.7,25100.0,2025-06-12,0.0020795404295326225,0.4822860270801193,1.0,0.9047619047619048,0.4569748255189969,0.11245258255207334,0.22508332833887199,False,False
2025-06-11,2025-06-10,25116.25,25100.0,2025-06-12,-0.00023092619320153052,0.620683082784652,1.0,0.8571428571428571,0.4588661890846991,0.11189745462213,1.4461177356213992,False,False
2025-06-12,2025-06-11,25143.8,25150.0,2025-06-12,-0.000572705796259787,0.6073631055815444,1.0,0.8809523809523809,0.46222147242602535,0.11369676841828091,1.2765677967341613,False,False
2025-06-13,2025-06-12,24884.6,24900.0,2025-06-19,-0.013851940557613851,0.3917469563972962,1.0,0.9761904761904762,0.46440139361808075,0.11522016551784431,-0.6305704986123499,True,False
2025-06-16,2025-06-13,24719.6,24700.0,2025-06-19,0.0019397563067364842,0.3743979279042986,1.0,1.0,0.4606122720039248,0.11377593545619481,-0.7577555284774593,True,False
2025-06-17,2025-06-16,24946.3,24950.0,2025-06-19,-0.0007736618256013461,,0.0,0.0,,,,False,False
2025-06-18,2025-06-17,24852.2,24850.0,2025-06-19,-0.0024484753864849607,0.46899832515523937,1.0,0.9047619047619048,0.4588571314023712,0.11428750124543521,0.08873405790095705,False,False
2025-06-19,2025-06-18,24814.6,24800.0,2025-06-19,-0.0012371748889765666,0.5878899575205503,1.0,0.8809523809523809,0.4579930812448855,0.11400656767568645,1.1393806420449508,False,False
2025-06-20,2025-06-19,24797.05,24800.0,2025-06-26,0.002734196204790429,0.4069810767150514,1.0,0.8809523809523809,0.460950715235796,0.11504889374846942,-0.4691017598025587,False,False
2025-06-23,2025-06-20,25126.35,25150.0,2025-06-26,-0.006288219339458334,0.2712490346552888,1.0,0.9761904761904762,0.4578959888819115,0.11398553090815894,-1.637461814140331,True,False
2025-06-24,2025-06-23,24986.35,25000.0,2025-06-26,0.009211029221955158,0.5240053434515045,1.0,0.8809523809523809,0.45614637530784735,0.11604738797248138,0.5847522234602017,False,False
2025-06-25,2025-06-24,25037.75,25050.0,2025-06-26,0.004347435372587416,0.446337844725626,1.0,0.9047619047619048,0.4597262774071054,0.11474354131026578,-0.11668136200605139,False,False
2025-06-26,2025-06-25,25240.45,25250.0,2025-06-26,0.0016600337949599364,0.6093614229096331,1.0,0.9285714285714286,0.46149792895243386,0.11367993707535502,1.3006999982695715,False,False
2025-06-27,2025-06-26,25552.6,25550.0,2025-07-03,0.0024889835085275536,0.34179377156699925,1.0,0.9761904761904762,0.4637108513843027,0.11525996384050645,-1.0577574012257103,True,False
2025-06-30,2025-06-27,25632.95,25650.0,2025-07-03,-0.00010923440337529122,0.400962814598129,1.0,0.9523809523809523,0.46067649006346467,0.11604358161433437,-0.5145797349119351,True,False
2025-07-01,2025-06-30,25518.0,25500.0,2025-07-03,0.00013519868328248918,0.4759481890854553,1.0,1.0,0.45879960493771393,0.11608417960035683,0.1477254196633753,True,False
2025-07-02,2025-07-01,25540.85,25550.0,2025-07-03,0.0022884907902438467,0.5792369269382044,1.0,0.8809523809523809,0.4583795104931243,0.11597386256311788,1.0421090905660262,False,False
2025-07-03,2025-07-02,25466.35,25450.0,2025-07-03,0.0007794599540178471,0.5977243353486893,1.0,0.9047619047619048,0.46183542716370224,0.11644117978088012,1.1670176173129112,False,False
2025-07-04,2025-07-03,25420.25,25400.0,2025-07-10,0.0006549896244136821,0.4467379579671419,1.0,0.8571428571428571,0.46258474583084463,0.1171785710193929,-0.13523622728835058,False,False
2025-07-07,2025-07-04,25463.95,25450.0,2025-07-10,-0.0015433583556361263,0.47817333978911725,1.0,0.9523809523809523,0.46308991781602216,0.11704146470085341,0.12887246423006452,True,False
2025-07-08,2025-07-07,25462.8,25450.0,2025-07-10,-0.0005105487220572469,0.5199082318192998,1.0,0.8809523809523809,0.4631746775263176,0.11705066879630531,0.4846922693941327,False,False
2025-07-09,2025-07-08,25521.4,25500.0,2025-07-10,-0.0006700259390159946,0.6527989580739139,1.0,0.8571428571428571,0.46822517090542254,0.1127000811040519,1.63774316185346,False,False
2025-07-10,2025-07-09,25480.9,25500.0,2025-07-10,8.2414671381148e-05,0.7355831529892591,1.0,0.8333333333333334,0.47298305750834924,0.11438158940150764,2.295824851315177,False,False
2025-07-11,2025-07-10,25374.05,25350.0,2025-07-17,-0.004374548012634927,0.34804822587133716,1.0,0.8809523809523809,0.4761231221435711,0.1189479207195681,-1.0767308541204652,False,False
2025-07-14,2025-07-11,25162.25,25150.0,2025-07-17,-0.001700960764637438,0.37163810473267306,1.0,0.8809523809523809,0.4760421646856655,0.11903482675730055,-0.8770883513432696,False,False
2025-07-15,2025-07-14,25068.75,25050.0,2025-07-17,0.0032590376464722848,0.4668076431235848,1.0,0.7857142857142857,0.47145478675444735,0.11763487331392727,-0.03950481264565917,False,False
2025-07-16,2025-07-15,25187.75,25200.0,2025-07-17,-0.0007543349445663372,0.6262019168789474,1.0,0.8095238095238095,0.469032241792069,0.11617573343392831,1.352861483558133,False,False
2025-07-17,2025-07-16,25211.75,25200.0,2025-07-17,0.0003252451733815054,0.7436536900456899,1.0,0.8571428571428571,0.4754376252511701,0.11401406361214278,2.352482284176337,False,False
2025-07-18,2025-07-17,25114.75,25100.0,2025-07-24,4.379896276085482e-05,0.5305007616048272,1.0,0.7619047619047619,0.4791558705071142,0.11903763795551256,0.4313332487066138,False,False
2025-07-21,2025-07-18,24966.8,24950.0,2025-07-24,-0.0002283031866319174,0.4293113085274059,1.0,0.8571428571428571,0.4797025720278641,0.11919945720030009,-0.42274742422511075,False,False
2025-07-22,2025-07-21,25078.15,25100.0,2025-07-24,0.002902925455027461,0.5872402089143768,1.0,0.8333333333333334,0.4768154765537073,0.11826807954060777,0.9336816222060556,False,False
2025-07-23,2025-07-22,25063.4,25050.0,2025-07-24,0.0028647350319588316,0.6168136467867233,1.0,0.7857142857142857,0.480508544936029,0.11819775660064438,1.153195337803486,False,False
2025-07-24,2025-07-23,25226.55,25250.0,2025-07-24,-0.00027946746582463433,0.6815294499586014,1.0,0.9285714285714286,0.48413493629992377,0.11899691871374032,1.6588203778076898,False,False
2025-07-25,2025-07-24,25067.3,25050.0,2025-07-31,-0.004497891675609211,0.4316285451521889,1.0,0.8333333333333334,0.4868700610700489,0.12163180383282818,-0.4541699964738203,False,False
2025-07-28,2025-07-25,24846.1,24850.0,2025-07-31,-0.0036645590253601146,0.363817874082662,1.0,0.9761904761904762,0.482701034733416,0.11909874764193826,-0.9981898466990404,True,False
2025-07-29,2025-07-28,24685.9,24700.0,2025-07-31,-0.0021165928728545946,0.48034476840109813,1.0,0.8571428571428571,0.48268882118247347,0.11911110622925394,-0.019679548411411146,False,False
2025-07-30,2025-07-29,24814.3,24800.0,2025-07-31,0.000755612691069274,0.5590832500737886,1.0,0.8333333333333334,0.4842682539470792,0.11842793305910831,0.6317343737593447,False,False
2025-07-31,2025-07-30,24854.4,24850.0,2025-07-31,-0.006248390627011879,0.6397178797197272,1.0,0.8095238095238095,0.484278059733107,0.11843420735596875,1.3124571308982245,False,False
2025-08-01,2025-07-31,24775.55,24800.0,2025-08-07,-0.002098843416190599,0.46577837729717503,1.0,0.9047619047619048,0.48289405163065274,0.1160615543411011,-0.14747066270692283,False,False
2025-08-04,2025-08-01,24544.55,24550.0,2025-08-07,0.0028234373822293435,0.2931146346390474,1.0,1.0,0.47758718554504204,0.10912366652575137,-1.6904907686772253,True,False
2025-08-05,2025-08-04,24724.95,24700.0,2025-08-07,-0.00041860549768557576,0.5232071000158568,1.0,0.9523809523809523,0.4754121666381659,0.11149248412535594,0.42868300722363456,True,False
2025-08-06,2025-08-05,24656.65,24650.0,2025-08-07,-0.0005252132791762065,0.5647782886696918,1.0,0.9523809523809523,0.4768793969329729,0.11153321986940974,0.7880960653663241,True,False
2025-08-07,2025-08-06,24577.05,24600.0,2025-08-07,-0.0030658683609301463,0.6897433163054685,1.0,0.8571428571428571,0.48009864066066743,0.11123082757564706,1.8847713373545085,False,False
2025-08-08,2025-08-07,24583.95,24600.0,2025-08-14,-0.0010250590324175635,0.46771500891223866,1.0,0.8809523809523809,0.4859683341490954,0.11286203049024802,-0.1617313206006332,False,False
2025-08-11,2025-08-08,24376.8,24400.0,2025-08-14,-0.0006625151783662409,0.488607273462231,1.0,0.8809523809523809,0.48466267719869055,0.11260798950401953,0.03502945289152536,False,False
2025-08-12,2025-08-11,24592.3,24600.0,2025-08-14,-0.0019660625480332206,0.5141997190647655,1.0,0.9761904761904762,0.4865106605984762,0.11172975025524291,0.24782171626656765,True,False
2025-08-13,2025-08-12,24486.55,24500.0,2025-08-14,0.003910309945664103,0.622579464987298,1.0,0.7857142857142857,0.48751380978857956,0.11170320472874368,1.2091475399180118,False,False
2025-08-14,2025-08-13,24618.6,24600.0,2025-08-14,0.0010743909076877944,0.742785189268961,1.0,0.7857142857142857,0.4903065457522405,0.11296447371236003,2.235026953337592,False,False
2025-08-18,2025-08-14,24636.85,24650.0,2025-08-21,0.01146859277870349,0.4453411536512404,1.0,0.8809523809523809,0.4959859442406224,0.11694654799517165,-0.4330593032252051,False,False
2025-08-19,2025-08-18,24881.0,24900.0,2025-08-21,0.0007897592540493381,0.589149514063264,1.0,0.8095238095238095,0.49607370881402274,0.11690584654210526,0.7961603974675356,False,False
2025-08-20,2025-08-19,24971.3,24950.0,2025-08-21,-0.0004805516733209503,0.6421975757971327,1.0,0.8571428571428571,0.49845105324897593,0.11733040154572795,1.2251430205165832,False,False
2025-08-21,2025-08-20,25055.15,25050.0,2025-08-21,0.0016064561577160408,0.707584587200411,1.0,0.8809523809523809,0.5036188453206144,0.1167074414946786,1.7476669805078076,False,False
2025-08-22,2025-08-21,25084.05,25100.0,2025-08-28,-0.0012697311638271147,0.5819907088616751,1.0,0.8333333333333334,0.5082568358714942,0.11920682986473659,0.6185373193284851,False,False
2025-08-25,2025-08-22,24871.0,24850.0,2025-08-28,0.0025250291504161915,0.3612927935444904,1.0,0.8809523809523809,0.512184274073894,0.11765371447077638,-1.2825050293408546,False,False
2025-08-26,2025-08-25,24961.45,24950.0,2025-08-28,-0.0020431505381297566,0.6364800000498976,1.0,0.8333333333333334,0.5106528214408926,0.11902480892115358,1.0571508557712326,False,False
2025-08-28,2025-08-26,24717.75,24700.0,2025-08-28,-0.0041367033811734455,0.5621710524200403,1.0,0.9047619047619048,0.5147828800176685,0.11901988243579317,0.3981534129638884,False,False
2025-08-29,2025-08-28,24494.85,24500.0,2025-09-02,0.0019289769073906893,0.44727277464181275,1.0,0.8571428571428571,0.5173944710404308,0.11829771001477699,-0.5927561606210204,False,False
2025-09-01,2025-08-29,24423.5,24400.0,2025-09-02,0.0036522201977604585,0.5301238937991521,1.0,0.8333333333333334,0.5188607592132813,0.11684114277967446,0.09639699097354365,False,False
2025-09-02,2025-09-01,24624.35,24600.0,2025-09-02,0.0020873647426227215,0.7617529868829175,1.0,0.8333333333333334,0.5210016081513342,0.11582995934288408,2.0784897111023084,False,False
2025-09-03,2025-09-02,24591.4,24600.0,2025-09-09,0.00047984254658128833,0.5157485650308811,1.0,0.8571428571428571,0.5228550121341689,0.11878986203122366,-0.059823683450527694,False,False
2025-09-04,2025-09-03,24724.2,24700.0,2025-09-09,0.0061640012619215145,0.5165477993422026,1.0,0.9047619047619048,0.5243368728900247,0.11812447620160087,-0.0659395393595535,False,False
2025-09-05,2025-09-04,24738.05,24750.0,2025-09-09,0.0030964445459524814,0.41040569052109666,1.0,0.9523809523809523,0.5261111139139749,0.11717510649208729,-0.9874573777382633,True,False
2025-09-08,2025-09-05,24750.15,24750.0,2025-09-09,0.0022141279951839454,0.5129836046533507,1.0,0.8333333333333334,0.5249131083046579,0.11799535490890445,-0.1011014684477798,False,False
2025-09-09,2025-09-08,24760.7,24750.0,2025-09-09,0.004315306110085793,0.5251305755018872,0.8,0.6428571428571429,0.5231181170024695,0.1173310851093701,0.01715196358698863,False,False
2025-09-10,2025-09-09,24870.95,24850.0,2025-09-16,0.004022765515591553,0.4313839681000813,0.6,0.42857142857142855,0.5217475748344752,0.11680946075438346,-0.7735983553969354,False,False
2025-09-11,2025-09-10,24969.9,24950.0,2025-09-16,-0.00042851593318360415,0.5667598335149979,1.0,0.8571428571428571,0.5224081916961884,0.11617212484957005,0.3817752483759766,False,False
2025-09-12,2025-09-11,25011.45,25000.0,2025-09-16,0.002073050542851229,0.6438415683724711,1.0,0.8333333333333334,0.5256142234563667,0.11466274087087204,1.0310877275229857,False,False
2025-09-15,2025-09-12,25115.3,25100.0,2025-09-16,0.00011148582736408841,0.0,0.0,0.023809523809523808,0.5285282775099872,0.11541876202246064,-4.579223241080466,False,False
2025-09-16,2025-09-15,25071.0,25050.0,2025-09-16,0.0009493039767061173,0.7627206738740685,0.9,0.6904761904761905,0.5187301115513113,0.13378619641281048,1.8237349507261593,False,False
2025-09-17,2025-09-16,25237.35,25250.0,2025-09-23,0.002745930139258057,0.4753235456821201,1.0,0.7619047619047619,0.5246591048372949,0.13660287640707094,-0.36116047079533603,False,False
2025-09-18,2025-09-17,25334.2,25350.0,2025-09-23,0.0033373858262744083,0.5403089860523256,1.0,0.7857142857142857,0.5280603466877422,0.132670333858309,0.0923238753410004,False,False
2025-09-19,2025-09-18,25432.5,25450.0,2025-09-23,-0.001403715718077292,0.8483889515356949,0.6,0.35714285714285715,0.5283320740644225,0.13267858369117289,2.4122723394172456,False,False
2025-09-22,2025-09-19,25309.4,25300.0,2025-09-23,-0.002645262234584833,0.6994793517264314,1.0,0.7857142857142857,0.5350329258445903,0.1384926146194923,1.1874021321184292,False,False
2025-09-23,2025-09-22,25199.3,25200.0,2025-09-23,0.0015159151246264546,0.701271446284268,1.0,0.7619047619047619,0.5365348913248703,0.1397949225233694,1.1784158679429777,False,False
2025-09-24,2025-09-23,25159.6,25150.0,2025-09-30,-0.0019614779249271797,0.38061365043856704,1.0,0.7380952380952381,0.5425261859034914,0.13900828493826833,-1.164768959899243,False,False
2025-09-25,2025-09-24,25053.4,25050.0,2025-09-30,-0.0015367175712677206,0.5114939278348488,1.0,0.8095238095238095,0.5421870331674988,0.139383842240022,-0.22020561952794945,False,False
2025-09-29,2025-09-25,24887.65,24900.0,2025-09-30,,0.5526125084482784,1.0,0.7380952380952381,0.5427794621466553,0.13917291385495253,0.07065344849983651,False,False
2025-09-30,2025-09-29,24641.8,24650.0,2025-09-30,0.002779829395579858,0.663463151742006,0.9,0.6904761904761905,0.5423357218384898,0.13909712646355543,0.8708118778805439,False,False
2025-10-01,2025-09-30,24606.85,24600.0,2025-10-07,0.0012699715729562744,0.0,0.0,0.07142857142857142,0.5434313687783784,0.13979795069362635,-3.88726276803108,False,False
2025-10-03,2025-10-01,24828.4,24850.0,2025-10-07,-0.001276763706078543,,0.0,0.0,,,,False,False
2025-10-06,2025-10-03,24889.5,24900.0,2025-10-07,0.000952208762731388,0.656994325736943,1.0,0.7857142857142857,0.5359857361455928,0.15599360831267048,0.7757278705214837,False,False
2025-10-07,2025-10-06,25081.75,25100.0,2025-10-07,0.0016226937913024209,0.7189586555625082,0.9,0.7857142857142857,0.53896608591139,0.15657749479653757,1.149543041833739,False,False
2025-10-08,2025-10-07,25105.3,25100.0,2025-10-14,-3.385739266204002e-05,,0.0,0.0,,,,False,False
2025-10-09,2025-10-08,25043.8,25050.0,2025-10-14,0.0012777613620935657,,0.0,0.0,,,,False,False
2025-10-13,2025-10-09,25187.75,25200.0,2025-10-14,0.001022322359083283,0.5650639805911889,1.0,0.7380952380952381,0.5422835929737766,0.15826645483676682,0.14393692991295964,False,False
2025-10-14,2025-10-13,25219.8,25200.0,2025-10-14,0.0028489520138939017,0.7220706204205292,1.0,0.8333333333333334,0.5408213433490645,0.15763210669301403,1.1498246193235537,False,False
2025-10-23,2025-10-20,25851.25,25850.0,2025-10-28,0.006452299211836987,0.2527992669850199,0.4,0.4523809523809524,0.5405961344729191,0.15735854973839683,-1.8289242495330031,False,False
2025-10-24,2025-10-23,25875.85,25900.0,2025-10-28,0.00024540256648575287,0.7511969992778278,0.6,0.30952380952380953,0.5390086518248138,0.15979553732181262,1.3278740508609281,False,False
2025-10-27,2025-10-24,25800.05,25800.0,2025-10-28,0.002777126400917984,,0.0,0.0,,,,False,False
2025-10-28,2025-10-27,25967.05,25950.0,2025-10-28,0.0007625047897239501,,0.0,0.0,,,,False,False
2025-10-29,2025-10-28,25927.85,25950.0,2025-11-04,0.003145266576287664,0.0,0.0,0.047619047619047616,0.5453346334005663,0.16056848812346977,-3.396274323647048,False,False
2025-10-30,2025-10-29,26041.95,26050.0,2025-11-04,-0.0020601375857031146,0.5096502018110665,1.0,0.8333333333333334,0.5375545060151733,0.1750904693305598,-0.15937077735182298,False,False
2025-10-31,2025-10-30,25864.65,25850.0,2025-11-04,-0.0012004801920769692,0.3675238959487564,1.0,0.8333333333333334,0.5356119774307087,0.1747364871366976,-0.9619518180564988,False,False
2025-11-03,2025-10-31,25720.7,25700.0,2025-11-04,-0.0003849039878386362,0.5101999126476382,1.0,0.7380952380952381,0.5293431475290931,0.17389125335085334,-0.11008739377379916,False,False
2025-11-04,2025-11-03,25762.95,25750.0,2025-11-04,0.0002173664118432228,0.0,0.0,0.047619047619047616,0.5290048000464733,0.17390871198507446,-3.0418533609280862,False,False
2025-11-06,2025-11-04,25595.15,25600.0,2025-11-11,0.0020804722769742767,0.0,0.0,0.023809523809523808,0.5218496115710164,0.18645877669767152,-2.7987398652580198,False,False
2025-11-07,2025-11-06,25500.75,25500.0,2025-11-11,-0.005082203464603974,0.0,0.0,0.023809523809523808,0.5120622747557769,0.19802196497785413,-2.5858862415239825,False,False
2025-11-10,2025-11-07,25477.6,25500.0,2025-11-11,0.0039034288944013174,,0.0,0.0,,,,False,False
2025-11-11,2025-11-10,25574.7,25550.0,2025-11-11,0.0014877984883496786,0.0,0.0,0.023809523809523808,0.5017820473093315,0.20823890927849725,-2.4096459640895054,False,False
2025-11-12,2025-11-11,25673.65,25650.0,2025-11-18,0.005638076393500668,,0.0,0.0,,,,False,False
2025-11-13,2025-11-12,25891.9,25900.0,2025-11-18,-0.0018364816795987116,,0.0,0.0,,,,False,False
2025-11-14,2025-11-13,25867.9,25850.0,2025-11-18,-0.0019870186601927964,,0.0,0.0,,,,False,False
2025-11-17,2025-11-14,25933.05,25950.0,2025-11-18,-0.0004935786573503353,,0.0,0.0,,,,False,False
2025-11-18,2025-11-17,26012.4,26000.0,2025-11-18,-0.0025737725084959973,0.0,0.0,0.023809523809523808,0.4904232231433548,0.2166844881924089,-2.2633056350017755,False,False
2025-11-19,2025-11-18,25917.95,25900.0,2025-11-25,-0.0009433616470438944,0.0,0.0,0.023809523809523808,0.48322941405748493,0.22564900553576717,-2.1415091677897475,False,False
2025-11-20,2025-11-19,26051.7,26050.0,2025-11-25,0.0022186651926745515,,0.0,0.0,,,,False,False
2025-11-21,2025-11-20,26178.75,26200.0,2025-11-25,-0.002584156997564868,,0.0,0.0,,,,False,False
2025-11-24,2025-11-21,26072.4,26050.0,2025-11-25,0.0011487243215047016,0.0,0.0,0.023809523809523808,0.47716578282277394,0.23365832078905546,-2.0421518960309344,False,False
2025-11-25,2025-11-24,25965.95,25950.0,2025-11-25,-0.001188094408253959,0.0,0.0,0.023809523809523808,0.4691600366827557,0.24164015835415223,-1.941564845339764,False,False
2025-11-26,2025-11-25,25900.95,25900.0,2025-12-02,0.0018397008603929788,0.0,0.0,0.023809523809523808,0.45984198251485914,0.24878768394706066,-1.8483309753094874,False,False
2025-11-27,2025-11-26,26209.1,26200.0,2025-12-02,0.0010263610730625317,,0.0,0.0,,,,False,False
2025-11-28,2025-11-27,26212.15,26200.0,2025-12-02,-0.0005550860955703119,,0.0,0.0,,,,False,False
2025-12-01,2025-11-28,26206.7,26200.0,2025-12-02,0.0026596252103470164,0.0,0.0,0.047619047619047616,0.4491800178528637,0.2545884698682493,-1.76433763117912,False,False
2025-12-02,2025-12-01,26187.4,26200.0,2025-12-02,-0.0029479826175947688,,0.0,0.0,,,,False,False
2025-12-03,2025-12-02,26030.5,26050.0,2025-12-09,-0.0008336374637444299,,0.0,0.0,,,,False,False
2025-12-04,2025-12-03,25997.8,26000.0,2025-12-09,-0.0018097685188745993,,0.0,0.0,,,,False,False
2025-12-05,2025-12-04,26051.4,26050.0,2025-12-09,-0.001783013580844095,,0.0,0.0,,,,False,False
2025-12-08,2025-12-05,26189.3,26200.0,2025-12-09,-0.0020351823072781716,,0.0,0.0,,,,False,False
2025-12-09,2025-12-08,25977.05,26000.0,2025-12-09,-0.004571342781416687,,0.0,0.0,,,,False,False
2025-12-10,2025-12-09,25830.55,25850.0,2025-12-16,0.0006097431142582099,0.0,0.0,0.023809523809523808,0.4414170448979108,0.26109201600129567,-1.6906570015366547,False,False
2025-12-11,2025-12-10,25756.2,25750.0,2025-12-16,0.00010871168883608284,,0.0,0.0,,,,False,False
2025-12-12,2025-12-11,25900.05,25900.0,2025-12-16,0.0031293375881513708,,0.0,0.0,,,,False,False
2025-12-15,2025-12-12,26055.45,26050.0,2025-12-16,-0.0037017207532397123,,0.0,0.0,,,,False,False
2025-12-16,2025-12-15,26034.65,26050.0,2025-12-16,-0.00391401459209173,,0.0,0.0,,,,False,False
2025-12-17,2025-12-16,25861.1,25850.0,2025-12-23,9.860369435177319e-05,0.0,0.0,0.023809523809523808,0.43653180098726,0.26659805568834194,-1.6374155462617994,False,False
2025-12-18,2025-12-17,25817.05,25800.0,2025-12-23,-0.001812755523965759,,0.0,0.0,,,,False,False
2025-12-19,2025-12-18,25824.1,25800.0,2025-12-23,0.00361484040102078,0.0,0.0,0.07142857142857142,0.4278116826536624,0.2722125868052711,-1.5716087476869687,False,False
2025-12-22,2025-12-19,25969.3,25950.0,2025-12-23,0.0043820973226078586,,0.0,0.0,,,,False,False
2025-12-23,2025-12-22,26171.7,26150.0,2025-12-23,-8.979164517408655e-05,,0.0,0.0,,,,False,False
2025-12-24,2025-12-23,26178.45,26200.0,2025-12-30,-0.0010600322020593023,0.0,0.0,0.023809523809523808,0.4183987111758342,0.2771167714228825,-1.5098281819159705,False,False
2025-12-26,2025-12-24,26134.1,26150.0,2025-12-30,-0.001006348028055326,,0.0,0.0,,,,False,False
2025-12-29,2025-12-26,26043.9,26050.0,2025-12-30,0.0009215209703616889,0.0,0.0,0.023809523809523808,0.4069029892374097,0.2799615313960053,-1.453424644480337,False,False
2025-12-30,2025-12-29,25949.8,25950.0,2025-12-30,-0.0018323840646170542,0.0,0.0,0.023809523809523808,0.3991077390888724,0.2847108277264132,-1.4018003539801671,False,False
2025-12-31,2025-12-30,25931.6,25950.0,2026-01-06,0.0030271946196918087,0.0,0.0,0.023809523809523808,0.39096428453116855,0.2890619820834421,-1.3525275157710321,False,False
2026-01-01,2025-12-31,26127.85,26150.0,2026-01-06,0.002129911186722344,,0.0,0.0,,,,False,False
2026-01-02,2026-01-01,26139.65,26150.0,2026-01-06,0.0012165426851544758,,0.0,0.0,,,,False,False
2026-01-05,2026-01-02,26329.9,26350.0,2026-01-06,-6.266639827734455e-05,,0.0,0.0,,,,False,False
2026-01-06,2026-01-05,26250.75,26250.0,2026-01-06,-0.0005714122453643888,,0.0,0.0,,,,False,False
2026-01-07,2026-01-06,26179.25,26200.0,2026-01-13,-0.0025821977329373302,0.0,0.0,0.023809523809523808,0.38239428921342244,0.29294276498724586,-1.305354952972029,False,False
2026-01-08,2026-01-07,26142.1,26150.0,2026-01-13,-0.001543487325042725,,0.0,0.0,,,,False,False
2026-01-09,2026-01-08,25879.7,25900.0,2026-01-13,0.0007090499503470404,0.0,0.0,0.023809523809523808,0.37201796479696747,0.295307617182713,-1.259764202312439,False,False
2026-01-12,2026-01-09,25687.7,25700.0,2026-01-13,-0.001177606403064524,,0.0,0.0,,,,False,False
2026-01-13,2026-01-12,25785.05,25800.0,2026-01-13,0.002635247944060559,,0.0,0.0,,,,False,False
2026-01-14,2026-01-13,25746.05,25750.0,2026-01-20,-0.0028800534450914572,0.0,0.0,0.023809523809523808,0.35963821164248483,0.2950702953104402,-1.2188221496986453,False,False
2026-01-16,2026-01-14,25672.65,25650.0,2026-01-20,0.00151912638547258,0.0,0.0,0.07142857142857142,0.35221585908163083,0.29845964554900495,-1.1801121670359938,False,False
2026-01-19,2026-01-16,25691.05,25700.0,2026-01-20,-0.005503862239962909,0.0,0.0,0.023809523809523808,0.34239670051390975,0.3002187039894161,-1.1404909020124896,False,False
2026-01-20,2026-01-19,25596.2,25600.0,2026-01-20,-0.0014904556145053371,,0.0,0.0,,,,False,False
2026-01-21,2026-01-20,25245.4,25250.0,2026-01-27,-0.0029173631631901342,0.0,0.0,0.023809523809523808,0.3316934075839575,0.3007962948915777,-1.102717730294905,False,False
2026-01-22,2026-01-21,25159.7,25150.0,2026-01-27,0.006866139103407498,,0.0,0.0,,,,False,False
2026-01-23,2026-01-22,25297.3,25300.0,2026-01-27,-0.0002035790380791047,,0.0,0.0,,,,False,False
2026-01-27,2026-01-23,25045.6,25050.0,2026-01-27,0.0026930878078386122,,0.0,0.0,,,,False,False
2026-01-28,2026-01-27,25154.95,25150.0,2026-02-03,0.0060147207607250674,0.0,0.0,0.023809523809523808,0.3199003311306174,0.2996780189876311,-1.0674801315468552,False,False
2026-01-29,2026-01-28,25323.6,25300.0,2026-02-03,-0.002355510275000361,,0.0,0.0,,,,False,False
2026-01-30,2026-01-29,25417.75,25400.0,2026-02-03,-0.006222029880693647,,0.0,0.0,,,,False,False
2026-02-01,2026-01-30,25325.55,25350.0,2026-02-03,-0.0018380647212005163,0.0,0.0,0.023809523809523808,0.31020048598292277,0.30046877569246555,-1.0323884246142694,False,False
2026-02-02,2026-02-01,24876.0,24900.0,2026-02-03,-0.004168676636115198,,0.0,0.0,,,,False,False
2026-02-03,2026-02-02,25090.0,25100.0,2026-02-03,0.027678357911518514,,0.0,0.0,,,,False,False
2026-02-04,2026-02-03,25732.7,25750.0,2026-02-10,-0.0027202742036397387,,0.0,0.0,,,,False,False
2026-02-05,2026-02-04,25782.2,25800.0,2026-02-10,-0.0022767645895230837,,0.0,0.0,,,,False,False
2026-02-06,2026-02-05,25645.7,25650.0,2026-02-10,-0.001686442561521062,0.0,0.0,0.023809523809523808,0.30417893942384794,0.3030367768986976,-1.0037690558117707,False,False
2026-02-09,2026-02-06,25693.25,25700.0,2026-02-10,0.005425549512031447,,0.0,0.0,,,,False,False
2026-02-10,2026-02-09,25870.1,25850.0,2026-02-10,0.001546186524211457,0.0,0.0,0.047619047619047616,0.2935709394230163,0.3023466148030977,-0.970974785393921,False,False
2026-02-11,2026-02-10,25941.2,25950.0,2026-02-17,0.0013434228177571228,0.0,0.0,0.023809523809523808,0.28420142188268227,0.3025923491960215,-0.9392221007497269,False,False
2026-02-12,2026-02-11,25951.85,25950.0,2026-02-17,-0.0028822608022164298,,0.0,0.0,,,,False,False
2026-02-13,2026-02-12,25814.95,25800.0,2026-02-17,-0.008737185235687006,,0.0,0.0,,,,False,False
2026-02-16,2026-02-13,25484.25,25500.0,2026-02-17,-0.002179777705837882,,0.0,0.0,,,,False,False
2026-02-17,2026-02-16,25693.9,25700.0,2026-02-17,-0.0034268834236921286,,0.0,0.0,,,,False,False
2026-02-18,2026-02-17,25718.1,25700.0,2026-02-24,-0.0001749740455165849,,0.0,0.0,,,,False,False
2026-02-19,2026-02-18,25825.4,25850.0,2026-02-24,0.0008054086287143658,,0.0,0.0,,,,False,False
2026-02-20,2026-02-19,25496.35,25500.0,2026-02-24,-0.0013315631453127974,,0.0,0.0,,,,False,False
2026-02-23,2026-02-20,25567.2,25550.0,2026-02-24,0.002628367595982395,,0.0,0.0,,,,False,False
2026-02-24,2026-02-23,25707.2,25700.0,2026-02-24,-0.004315911495612168,,0.0,0.0,,,,False,False
2026-02-25,2026-02-24,25414.3,25400.0,2026-03-02,0.005272622106451852,0.0,0.0,0.047619047619047616,0.2767468756386521,0.30401297988160886,-0.9103126969987434,False,False
2026-02-26,2026-02-25,25480.15,25500.0,2026-03-02,0.0033555532443882985,,0.0,0.0,,,,False,False
2026-02-27,2026-02-26,25499.35,25500.0,2026-03-02,-0.0038706868998620303,0.0,0.0,0.023809523809523808,0.2679114774086662,0.30422768816102025,-0.8806281868298169,False,False
2026-03-02,2026-02-27,25187.3,25200.0,2026-03-02,-0.01306015333124233,,0.0,0.0,,,,False,False
2026-03-04,2026-03-02,24855.3,24850.0,2026-03-10,-0.018267733642321704,0.0,0.0,0.047619047619047616,0.2552155942939509,0.29912133144917974,-0.853217632649217,False,False
2026-03-05,2026-03-04,24465.85,24450.0,2026-03-10,0.0046432067555388645,,0.0,0.0,,,,False,False
2026-03-06,2026-03-05,24780.5,24800.0,2026-03-10,-0.006829967111236623,,0.0,0.0,,,,False,False
2026-03-09,2026-03-06,24460.0,24450.0,2026-03-10,-0.022522485690923966,0.0,0.0,0.047619047619047616,0.24661978487676955,0.29891796332505366,-0.8250417008515033,False,False
2026-03-10,2026-03-09,24035.9,24050.0,2026-03-10,0.0066525488956101775,,0.0,0.0,,,,False,False
2026-03-11,2026-03-10,24264.55,24250.0,2026-03-17,-0.0014754034177431041,0.0,0.0,0.09523809523809523,0.23801065488773285,0.29845018143892804,-0.7974887257236835,False,False
2026-03-12,2026-03-11,23879.45,23900.0,2026-03-17,-0.01229299669799766,,0.0,0.0,,,,False,False
2026-03-13,2026-03-12,23676.7,23700.0,2026-03-17,-0.008905379550359749,,0.0,0.0,,,,False,False
2026-03-16,2026-03-13,23136.05,23150.0,2026-03-17,0.0008341959841891011,,0.0,0.0,,,,False,False
2026-03-17,2026-03-16,23442.25,23450.0,2026-03-17,-0.0017703078842687958,,0.0,0.0,,,,False,False
2026-03-18,2026-03-17,23571.5,23550.0,2026-03-24,0.0042508962094054414,,0.0,0.0,,,,False,False
2026-03-19,2026-03-18,23792.25,23800.0,2026-03-24,-0.019231052128319104,,0.0,0.0,,,,False,False
2026-03-20,2026-03-19,22992.8,23000.0,2026-03-24,0.009509498625656754,,0.0,0.0,,,,False,False
2026-03-23,2026-03-20,23098.75,23100.0,2026-03-24,-0.01892526651875104,,0.0,0.0,,,,False,False
2026-03-24,2026-03-23,22537.95,22550.0,2026-03-24,0.013900998094325212,,0.0,0.0,,,,False,False
2026-03-25,2026-03-24,22915.8,22900.0,2026-03-30,0.009360353991569204,0.0,0.0,0.047619047619047616,0.2311705600457146,0.29913434278402506,-0.7727984620362354,False,False
2026-03-27,2026-03-25,23301.45,23300.0,2026-03-30,-0.009874921946917525,,0.0,0.0,,,,False,False
2026-03-30,2026-03-27,22827.35,22850.0,2026-03-30,-0.014868129677776731,0.0,0.0,0.023809523809523808,0.22262083330149204,0.2982728620249795,-0.7463663700080371,False,False
2026-04-01,2026-03-30,22300.55,22300.0,2026-04-07,0.024344691050220746,0.0,0.0,0.023809523809523808,0.21386865704312724,0.29694738359902345,-0.7202240829706054,False,False
2026-04-02,2026-04-01,22679.85,22700.0,2026-04-07,-0.020090520880869933,,0.0,0.0,,,,False,False
2026-04-06,2026-04-02,22746.25,22750.0,2026-04-07,-0.0024729350991922194,,0.0,0.0,,,,False,False
2026-04-07,2026-04-06,22972.65,22950.0,2026-04-07,-0.009134775483020108,,0.0,0.0,,,,False,False
2026-04-08,2026-04-07,23118.45,23100.0,2026-04-13,0.03141430329455486,0.0,0.0,0.023809523809523808,0.20667892424145926,0.2968139440454094,-0.696324847224292,False,False
2026-04-09,2026-04-08,24003.55,24000.0,2026-04-13,-0.007355162048946928,,0.0,0.0,,,,False,False
2026-04-10,2026-04-09,23783.15,23800.0,2026-04-13,0.0046293279065219295,,0.0,0.0,,,,False,False
2026-04-13,2026-04-10,24066.2,24050.0,2026-04-13,-0.018164479643649645,,0.0,0.0,,,,False,False
2026-04-15,2026-04-13,23838.05,23850.0,2026-04-21,0.016563854845509596,0.0,0.0,0.047619047619047616,0.1972329270162093,0.29416693145378675,-0.6704796016380051,False,False
2026-04-16,2026-04-15,24240.75,24250.0,2026-04-21,0.004719325928447038,0.0,0.0,0.023809523809523808,0.18650223421000145,0.28930218536539765,-0.6446623760357819,False,False
2026-04-17,2026-04-16,24190.6,24200.0,2026-04-21,-0.0005291311501161022,,0.0,0.0,,,,False,False
2026-04-20,2026-04-17,24355.6,24350.0,2026-04-21,-0.0024532345743895068,,0.0,0.0,,,,False,False
2026-04-21,2026-04-20,24391.15,24400.0,2026-04-21,0.0014779950924823648,,0.0,0.0,,,,False,False
2026-04-22,2026-04-21,24571.4,24550.0,2026-04-28,-0.0034063993097667167,,0.0,0.0,,,,False,False
2026-04-23,2026-04-22,24376.6,24400.0,2026-04-28,-0.009133759425022259,0.0,0.0,0.023809523809523808,0.18650223421000145,0.28930218536539765,-0.6446623760357819,False,False
2026-04-24,2026-04-23,24176.75,24200.0,2026-04-28,-0.0010299151043875465,0.0,0.0,0.023809523809523808,0.17379022297876698,0.2801666934909767,-0.620310076166724,False,False
2026-04-27,2026-04-24,23884.05,23900.0,2026-04-28,0.006031221673041154,,0.0,0.0,,,,False,False
2026-04-28,2026-04-27,24092.0,24100.0,2026-04-28,-0.002394985887431589,,0.0,0.0,,,,False,False
2026-04-29,2026-04-28,23976.6,24000.0,2026-05-05,0.005411526238082054,,0.0,0.0,,,,False,False
2026-04-30,2026-04-29,24182.9,24200.0,2026-05-05,-0.008543226825566963,,0.0,0.0,,,,False,False
2026-05-04,2026-04-30,23971.45,23950.0,2026-05-05,0.00880213754278536,,0.0,0.0,,,,False,False
2026-05-05,2026-05-04,24109.7,24100.0,2026-05-05,-0.004197480682049171,,0.0,0.0,,,,False,False
2026-05-06,2026-05-05,24026.85,24050.0,2026-05-12,0.007439593621302754,0.0,0.0,0.023809523809523808,0.16586816388406497,0.27820929653534604,-0.5961992138641266,False,False
2026-05-07,2026-05-06,24328.05,24350.0,2026-05-12,0.0021189532247753995,,0.0,0.0,,,,False,False
2026-05-08,2026-05-07,24308.7,24300.0,2026-05-12,-0.004543640754133271,0.0,0.0,0.023809523809523808,0.1568630141165262,0.2746049582670768,-0.5712315433283747,False,False
2026-05-11,2026-05-08,24185.3,24200.0,2026-05-12,-0.010010212815222408,,0.0,0.0,,,,False,False
2026-05-12,2026-05-11,23811.85,23800.0,2026-05-12,-0.003319775657918189,0.48785196715399387,1.0,0.8571428571428571,0.142723198257598,0.25983915894357335,1.3282400170150799,False,False
2026-05-13,2026-05-12,23362.15,23350.0,2026-05-19,0.003711131038881099,0.23940149972807354,0.9,0.9047619047619048,0.13919607518139065,0.2535128432400823,0.39526764508647055,False,False
2026-05-14,2026-05-13,23414.15,23400.0,2026-05-19,0.005133647815530162,0.38956871543750776,0.9,0.9523809523809523,0.13149824273878744,0.24294848259166082,1.0622436079688382,False,False
2026-05-15,2026-05-14,23683.05,23700.0,2026-05-19,0.000358906475306231,0.3913872338727967,0.9,0.8333333333333334,0.1316474938221031,0.24310681520661187,1.0684181758950104,False,False
2026-05-18,2026-05-15,23650.85,23650.0,2026-05-19,-0.010401317500216667,0.39563678400682706,0.9,0.8095238095238095,0.12964571558940224,0.24040557131922408,1.1064263900283196,False,False
2026-05-19,2026-05-18,23643.9,23650.0,2026-05-19,0.003087477108260517,0.40432328689160735,0.9,0.9285714285714286,0.12702945351537806,0.23654773895720346,1.1722531553193059,False,False
2026-05-20,2026-05-19,23618.45,23600.0,2026-05-26,-0.008351521797577699,0.4557859808590894,1.0,0.9285714285714286,0.1227104557678714,0.22882702624556642,1.4555777372808094,False,False
2026-05-21,2026-05-20,23668.9,23650.0,2026-05-26,0.007053559734503834,0.34887985994387827,1.0,0.8809523809523809,0.13030688878218957,0.23222453228377007,0.9412139579405002,False,False
2026-05-27,2026-05-21,23661.15,23650.0,2026-05-26,,0.3955597553019517,1.0,0.9047619047619048,0.1251716476856385,0.2236279452413728,1.209098028086203,False,False
2026-06-04,2026-05-27,23899.35,23900.0,2026-06-02,-0.02583961488492359,0.5438590120369565,1.0,0.9523809523809523,0.11978166601462921,0.21270420376074128,1.9937421946740062,True,False
2026-06-10,2026-06-09,23249.75,23250.0,2026-07-07,0.001748405896837557,0.28646045792854036,0.4,0.30952380952380953,0.11942824987205868,0.21196815323271825,0.78800614860808,False,False
2026-06-11,2026-06-10,23222.1,23200.0,2026-07-07,-0.005064141485912055,0.20869523977596025,0.5,0.5238095238095238,0.11216808049719221,0.19797528990200947,0.4875717536594868,False,False
2026-06-12,2026-06-11,23150.3,23150.0,2026-07-07,0.011883215336302433,0.548241874626441,0.7,0.5476190476190477,0.1114330133770412,0.19752565384730358,2.2114031911372543,False,False
2026-06-15,2026-06-12,23612.4,23600.0,2026-07-07,0.014812132608290618,0.41122629682538486,0.6,0.6428571428571429,0.10805042796618475,0.18788673843510514,1.6136097277771155,False,False
2026-06-16,2026-06-15,23842.95,23850.0,2026-07-07,0.0027848902925182717,0.10326425888577563,0.5,0.5238095238095238,0.11490419957994116,0.1913469837694347,-0.060831587019898804,False,False
2026-06-17,2026-06-16,23985.8,24000.0,2026-07-07,0.0008796871482295021,0.24864180461064136,0.7,0.5952380952380952,0.10813110053118631,0.18419614698855866,0.7628319396289156,False,False
2026-06-18,2026-06-17,24087.7,24100.0,2026-07-07,-0.00043798287092577937,0.44847251171403985,0.5,0.4523809523809524,0.10614973234221772,0.1819847311444226,1.8810522026716388,False,False
2026-06-19,2026-06-18,24177.3,24200.0,2026-07-07,-0.00900638201949766,0.24445113720322897,0.8,0.7142857142857143,0.10512094232665775,0.17982349784950374,0.7748163979836394,False,False
2026-06-22,2026-06-19,24033.55,24050.0,2026-07-07,0.0026920700437513823,0.3492962259079454,0.7,0.6904761904761905,0.10919512794671157,0.18017032825050072,1.332633959723979,False,False
2026-06-23,2026-06-22,24103.55,24100.0,2026-07-07,-0.0019540690064325794,0.5630317190885278,0.9,0.7619047619047619,0.11501673171184401,0.18221383325701482,2.4587320258212952,False,False
2026-06-24,2026-06-23,23836.7,23850.0,2026-07-07,0.0001971749445184301,0.18725968106537594,0.8,0.6904761904761905,0.1244005936966528,0.19049961738375903,0.3299696253042562,False,False
2026-06-25,2026-06-24,24021.5,24000.0,2026-07-07,0.004691630414420445,0.47825375422579186,1.0,0.7619047619047619,0.12752158838107575,0.1899601862773807,1.8463456617829141,False,False
2026-06-29,2026-06-25,24069.4,24050.0,2026-07-07,0.0007603014616068826,0.40251407342817364,0.9,0.7142857142857143,0.13549248428483893,0.1944983401796664,1.372873356639833,False,False
2026-06-30,2026-06-29,23933.45,23950.0,2026-07-07,0.0023231084528139156,0.41022244831829174,1.0,0.8809523809523809,0.14220105217530848,0.1966752756215765,1.3627610043810696,False,False
2026-07-01,2026-06-30,23866.9,23850.0,2026-07-07,0.0015816884471799852,0.3113241473436204,1.0,0.8095238095238095,0.14903809298061335,0.19876731564442018,0.8164624744106552,False,False
2026-07-02,2026-07-01,24007.8,24000.0,2026-07-07,0.002992777347362141,0.583081921199882,1.0,0.9761904761904762,0.1542268287696737,0.19887426109662223,2.15641325360777,True,False
