trade_date,open_0915,close_0929,spot_0930,opening_return,opening_abs_return,front_expiry,atm_strike,ce_price_0930,pe_price_0930,ce_iv_0930,pe_iv_0930,atm_iv_0930,implied_15m_move_pct,move_ratio,prior_mean,prior_std,move_ratio_z,feature_eligible,prior_date,prior_information_violation
2021-07-01,15755.55,15716.8,15714.75,-0.002459450796703384,0.002459450796703384,2021-07-08,15700.0,113.3,98.7,0.11975561725821707,0.11992573193487571,0.11984067459654639,0.023502689934227432,0.104645502433389,,,,False,,False
2021-07-02,15711.2,15674.55,15675.85,-0.0023327307907735533,0.0023327307907735533,2021-07-08,15700.0,78.2,105.9,0.10959983230471354,0.11395873369766849,0.11177928300119101,0.021921720970710896,0.10641184576203032,,,,False,2021-07-01,False
2021-07-05,15796.4,15805.9,15810.95,0.0006014028512825707,0.0006014028512825707,2021-07-08,15800.0,71.1,62.65,0.11005084142395444,0.11426163650154639,0.11215623896275041,0.02199564811700922,0.02734190182000167,,,,False,2021-07-02,False
2021-07-06,15821.85,15848.85,15853.2,0.0017065008200684497,0.0017065008200684497,2021-07-08,15850.0,52.7,59.6,0.10288652506929027,0.12323401720003455,0.11306027113466241,0.022172943412605183,0.0769632063868577,,,,False,2021-07-05,False
2021-07-07,15823.1,15840.0,15836.7,0.0010680587242701896,0.0010680587242701896,2021-07-08,15850.0,36.2,62.0,0.1149534470956857,0.14895173939479728,0.1319525932452415,0.025878032608717613,0.0412727945906672,,,,False,2021-07-06,False
2021-07-08,15867.65,15876.15,15874.9,0.0005356810869914574,0.0005356810869914574,2021-07-15,15850.0,112.0,91.25,0.11106218672232068,0.1157379754021847,0.11340008106225269,0.022239585622285774,0.024086828598760573,,,,False,2021-07-07,False
2021-07-09,15694.55,15654.15,15663.1,-0.0025741419792220635,0.0025741419792220635,2021-07-15,15650.0,112.0,100.25,0.12885990396266306,0.130513683521841,0.12968679374225203,0.0254336727671933,0.10120999836651313,,,,False,2021-07-08,False
2021-07-12,15769.6,15772.4,15776.7,0.00017755681818177203,0.00017755681818177203,2021-07-15,15800.0,62.35,83.9,0.1235177370008306,0.1205490093690357,0.12203337318493315,0.023932713506904794,0.007419000696705176,,,,False,2021-07-09,False
2021-07-13,15796.25,15763.9,15756.1,-0.002047954419561628,0.002047954419561628,2021-07-15,15750.0,64.55,54.95,0.12454231896124429,0.1174430353222444,0.12099267714174435,0.023728616221061007,0.08630736830510613,,,,False,2021-07-12,False
2021-07-14,15811.65,15790.25,15779.75,-0.0013534324374748768,0.0013534324374748768,2021-07-15,15800.0,39.1,58.5,0.13171435987363722,0.1293758202214711,0.13054509004755416,0.025601998521392538,0.05286432761661066,,,,False,2021-07-13,False
2021-07-15,15878.15,15885.95,15885.75,0.0004912411080636656,0.0004912411080636656,2021-07-22,15900.0,86.75,106.55,0.10486257611963112,0.1110845043541965,0.10797354023691381,0.021175353408450743,0.02319872063469879,,,,False,2021-07-14,False
2021-07-16,15948.8,15956.9,15952.7,0.0005078752006420774,0.0005078752006420774,2021-07-22,15950.0,85.65,80.9,0.10122649692061045,0.09876443816426889,0.09999546754243967,0.019610724625758993,0.025897829393564345,,,,False,2021-07-15,False
2021-07-19,15755.65,15825.95,15823.45,0.004461891448464588,0.004461891448464588,2021-07-22,15800.0,81.25,61.7,0.1157387261388205,0.12234832395110004,0.11904352504496027,0.023346356045043225,0.1911172535815033,,,,False,2021-07-16,False
2021-07-20,15717.25,15694.0,15681.05,-0.0014792664111088136,0.0014792664111088136,2021-07-22,15700.0,54.2,71.0,0.12864365991641313,0.1242364225394208,0.12644004122791697,0.024796932212331726,0.059655218574705855,,,,False,2021-07-19,False
2021-07-22,15746.75,15757.2,15756.55,0.0006636290028101499,0.0006636290028101499,2021-07-29,15750.0,98.2,99.8,0.10713135887156838,0.11633626233017977,0.11173381060087408,0.02191280309930528,0.03028498909074711,,,,False,2021-07-20,False
2021-07-23,15857.1,15853.85,15825.9,-0.00020495550888876275,0.00020495550888876275,2021-07-29,15850.0,69.15,95.8,0.09751765456924985,0.10062320963318497,0.09907043210121741,0.01942931025016064,0.01054877945999489,,,,False,2021-07-22,False
2021-07-26,15849.6,15866.5,15861.3,0.001066272965879242,0.001066272965879242,2021-07-29,15850.0,77.25,80.2,0.11971894908230885,0.14363306121043307,0.13167600514637096,0.025823789219741905,0.0412903372470254,,,,False,2021-07-23,False
2021-07-27,15860.95,15867.95,15871.45,0.0004413354811660083,0.0004413354811660083,2021-07-29,15850.0,68.55,55.15,0.11510994063338031,0.13147359142535014,0.12329176602936523,0.024179504648040362,0.018252461644278413,,,,False,2021-07-26,False
2021-07-28,15767.5,15684.55,15675.45,-0.005260821309655984,0.005260821309655984,2021-07-29,15700.0,48.4,75.1,0.16348360368926362,0.16943023686973058,0.1664569202794971,0.03264488787221978,0.16115299063817123,,,,False,2021-07-27,False
2021-07-29,15770.9,15747.3,15750.1,-0.0014964269635848533,0.0014964269635848533,2021-08-05,15750.0,103.65,103.0,0.11699035772868671,0.1163692558707893,0.11667980679973801,0.022882792758234623,0.06539529415815505,,,,False,2021-07-28,False
2021-07-30,15801.0,15787.4,15792.4,-0.0008607050186697275,0.0008607050186697275,2021-08-05,15800.0,77.95,100.85,0.09906849757030273,0.11763362834896626,0.1083510629596345,0.021249391705757566,0.04050492506270274,,,,False,2021-07-29,False
2021-08-02,15876.9,15863.85,15864.85,-0.0008219488691116825,0.0008219488691116825,2021-08-05,15850.0,72.0,67.6,0.10771850685824594,0.12528842025682235,0.11650346355753415,0.022848209003115866,0.03597432380803201,,,,False,2021-07-30,False
2021-08-03,15951.6,15932.05,15928.5,-0.001225582386719896,0.001225582386719896,2021-08-05,15950.0,42.55,89.1,0.10536171268001723,0.15598957608919245,0.13067564438460483,0.025627602333400442,0.04782274872131112,,,,False,2021-08-02,False
2021-08-04,16196.35,16243.3,16245.3,0.002898801273126285,0.002898801273126285,2021-08-05,16250.0,54.0,73.85,0.14847231841522857,0.18842982624839594,0.16845107233181225,0.03303597326559771,0.08774681011577692,,,,False,2021-08-03,False
2021-08-05,16293.25,16233.3,16224.75,-0.003679437803998633,0.003679437803998633,2021-08-12,16200.0,115.5,109.4,0.11261244666499878,0.13315314067410383,0.12288279366955131,0.02409929856945531,0.15267821150040198,,,,False,2021-08-04,False
2021-08-06,16307.15,16316.1,16315.9,0.0005488390062028453,0.0005488390062028453,2021-08-12,16300.0,104.0,98.35,0.11257669631966166,0.12464074580198573,0.1186087210608237,0.023261083968131674,0.02359473044999837,,,,False,2021-08-05,False
2021-08-09,16275.05,16288.45,16289.1,0.0008233461648352205,0.0008233461648352205,2021-08-12,16300.0,68.15,89.8,0.1197767934454271,0.1373290207229269,0.128552907084177,0.025211299298126873,0.03265782358533155,,,,False,2021-08-06,False
2021-08-10,16282.05,16317.8,16321.4,0.0021956694642259423,0.0021956694642259423,2021-08-12,16300.0,68.7,66.8,0.11228654663668139,0.15077180413083752,0.13152917538375947,0.025794993534175283,0.0851199850589977,,,,False,2021-08-09,False
2021-08-11,16327.75,16314.7,16321.15,-0.0007992528058060218,0.0007992528058060218,2021-08-12,16300.0,60.45,50.45,0.12908011658374796,0.15871440772366002,0.143897262153704,0.028220574910550508,0.02832163442238075,,,,False,2021-08-10,False
2021-08-12,16318.95,16300.75,16310.9,-0.0011152678327956596,0.0011152678327956596,2021-08-18,16300.0,93.6,98.35,0.1034331932978349,0.12183834662436949,0.1126357699611022,0.02208969188308493,0.0504881570416865,,,,False,2021-08-11,False
2021-08-13,16391.6,16438.25,16435.7,0.0028459698870153894,0.0028459698870153894,2021-08-18,16450.0,68.1,100.1,0.09537524271892148,0.1179268260172229,0.10665103436807219,0.020915988668755957,0.1360667158548744,,,,False,2021-08-12,False
2021-08-16,16520.35,16537.2,16519.8,0.0010199541777263911,0.0010199541777263911,2021-08-18,16500.0,77.0,79.4,0.12885095884802755,0.1720075513834769,0.15042925511575223,0.029501604125017226,0.0345728379177007,,,,False,2021-08-13,False
2021-08-17,16547.55,16576.55,16576.0,0.0017525252983070002,0.0017525252983070002,2021-08-18,16600.0,39.7,80.35,0.13117629833763772,0.17474708206751627,0.152961690202577,0.029998255506733632,0.05842090710620207,,,,False,2021-08-16,False
2021-08-18,16664.35,16685.25,16684.75,0.0012541743302319896,0.0012541743302319896,2021-08-26,16700.0,89.55,124.0,0.09687156069908456,0.11608121531607049,0.10647638800757753,0.020881737699519794,0.06006082196218906,,,,False,2021-08-17,False
2021-08-20,16402.65,16462.3,16464.1,0.0036366074993978295,0.0036366074993978295,2021-08-26,16450.0,112.0,110.3,0.12198500488761624,0.13643743739711583,0.12921122114236605,0.025340405306926043,0.14351023416361344,,,,False,2021-08-18,False
2021-08-23,16592.5,16549.2,16538.7,-0.0026096127768569697,0.0026096127768569697,2021-08-26,16550.0,76.9,90.85,0.1323475837200327,0.1366087538431297,0.1344781687815812,0.026373338721904102,0.0989488970044427,,,,False,2021-08-20,False
2021-08-24,16566.4,16540.75,16553.35,-0.0015483146610006672,0.0015483146610006672,2021-08-26,16550.0,66.0,71.95,0.12404832586607234,0.14199045441396008,0.1330193901400162,0.026087248692698246,0.059351397276096673,,,,False,2021-08-23,False
2021-08-25,16657.25,16689.0,16697.9,0.001906076933467409,0.001906076933467409,2021-08-26,16700.0,45.55,58.35,0.11951125261364298,0.14696087532602825,0.13323606396983562,0.026129741926788016,0.07294664213707037,,,,False,2021-08-24,False
2021-08-26,16632.35,16654.55,16652.75,0.0013347482466398754,0.0013347482466398754,2021-09-02,16650.0,109.4,111.45,0.11537824369076011,0.12050561711588181,0.11794193040332096,0.02313031556143599,0.05770557877149043,,,,False,2021-08-25,False
2021-08-27,16646.8,16585.15,16583.2,-0.0037034144700481665,0.0037034144700481665,2021-09-02,16600.0,86.9,106.25,0.10975572777028034,0.11270701103425745,0.1112313694022689,0.021814266273300638,0.16977029727472087,,,,False,2021-08-26,False
2021-08-30,16776.45,16815.7,16824.25,0.0023395891264242435,0.0023395891264242435,2021-09-02,16800.0,88.75,75.8,0.12010087444241299,0.1380820544836826,0.1290914644630478,0.025316919089821168,0.09241207897863411,,,,False,2021-08-27,False
2021-08-31,16947.8,16972.9,16962.55,0.0014810181852513119,0.0014810181852513119,2021-09-02,16950.0,74.8,72.45,0.12867737887462216,0.14792756940197055,0.13830247413829636,0.027123346708051332,0.05460307686925981,,,,False,2021-08-30,False
2021-09-01,17165.15,17189.3,17183.5,0.0014069204172406193,0.0014069204172406193,2021-09-02,17200.0,57.4,84.5,0.16274205980070738,0.1892678997257502,0.1760049797632288,0.034517416396238725,0.0407597254988623,,,,False,2021-08-31,False
2021-09-02,17102.25,17127.55,17121.5,0.0014793375140697436,0.0014793375140697436,2021-09-09,17100.0,122.45,109.85,0.1157633016039045,0.12504006462115919,0.12040168311253184,0.023612712756162106,0.06265004488667603,,,,False,2021-09-01,False
2021-09-03,17267.3,17276.25,17276.95,0.0005183207565746079,0.0005183207565746079,2021-09-09,17300.0,101.1,122.5,0.12437275785017832,0.1225382609410191,0.12345550939559871,0.024211617364180586,0.021407936065495056,,,,False,2021-09-02,False
2021-09-06,17399.45,17415.2,17415.7,0.0009052010264692274,0.0009052010264692274,2021-09-09,17400.0,99.3,93.3,0.13922416009313887,0.15405810233448747,0.14664113121381317,0.02875869190594436,0.03147573712426483,,,,False,2021-09-03,False
2021-09-07,17403.65,17361.7,17362.0,-0.0024104139074275065,0.0024104139074275065,2021-09-09,17350.0,88.5,82.95,0.15150227607619665,0.16338576034303887,0.15744401820961776,0.030877312351896107,0.07806423952826608,,,,False,2021-09-06,False
2021-09-08,17377.05,17336.95,17329.65,-0.002307641400582869,0.002307641400582869,2021-09-09,17350.0,60.6,70.2,0.17367441576453924,0.14690907759406674,0.160291746679303,0.03143579785329375,0.07340807481178917,,,,False,2021-09-07,False
2021-09-09,17319.85,17338.3,17327.45,0.0010652517198475003,0.0010652517198475003,2021-09-16,17350.0,97.0,125.3,0.11068197093488327,0.11659983374418931,0.11364090233953629,0.022286814560445675,0.047797396840107156,,,,False,2021-09-08,False
2021-09-13,17348.05,17311.35,17305.65,-0.0021155115416430508,0.0021155115416430508,2021-09-16,17300.0,95.6,93.1,0.14239137277592517,0.14722888866037126,0.14481013071814822,0.02839960316529845,0.07449088388065929,,,,False,2021-09-09,False
2021-09-14,17425.7,17417.55,17429.3,-0.0004677000063125989,0.0004677000063125989,2021-09-16,17450.0,54.7,82.9,0.11811864244530693,0.13194978603006807,0.1250342142376875,0.02452122685633498,0.019073271050129785,,,,False,2021-09-13,False
2021-09-15,17404.05,17416.05,17418.1,0.0006894946865815716,0.0006894946865815716,2021-09-16,17400.0,57.7,49.7,0.11836806664756494,0.143450358279207,0.13090921246338597,0.02567340880230265,0.026856374698467418,,,,False,2021-09-14,False
2021-09-16,17552.5,17560.15,17560.65,0.0004358353510896713,0.0004358353510896713,2021-09-23,17550.0,108.4,108.35,0.10433893291881366,0.11508655585731262,0.10971274438806314,0.021516439404790432,0.020255923523881777,,,,False,2021-09-15,False
2021-09-17,17710.65,17735.75,17742.95,0.0014172263581516513,0.0014172263581516513,2021-09-23,17750.0,109.05,120.0,0.12147731748729931,0.12568840385220842,0.12358286066975387,0.02423659300387282,0.05847465268427743,,,,False,2021-09-16,False
2021-09-20,17451.75,17507.35,17515.7,0.0031859269127737073,0.0031859269127737073,2021-09-23,17500.0,104.0,91.15,0.14557624955439602,0.1499095215248602,0.1477428855396281,0.028974763706194964,0.10995523363293343,,,,False,2021-09-17,False
2021-09-21,17427.0,17453.95,17464.6,0.0015464509095082762,0.0015464509095082762,2021-09-23,17450.0,113.65,95.6,0.1942035285011493,0.18788414609442777,0.19104383729778854,0.03746677901281034,0.041275256380579876,,,,False,2021-09-20,False
2021-09-22,17586.55,17551.35,17547.4,-0.0020015295780014116,0.0020015295780014116,2021-09-23,17550.0,70.35,76.6,0.17486745374966323,0.1837774714322326,0.17932246259094792,0.03516802830679829,0.05691332936098946,,,,False,2021-09-21,False
2021-09-23,17675.95,17690.2,17685.35,0.0008061801487331656,0.0008061801487331656,2021-09-30,17700.0,117.55,141.2,0.12539455614016365,0.13445144841200335,0.1299230022760835,0.025479997071934983,0.03163972689860059,,,,False,2021-09-22,False
2021-09-24,17902.5,17909.75,17898.3,0.0004049713727133082,0.0004049713727133082,2021-09-30,17900.0,132.45,135.05,0.14265755773785588,0.14362079015291146,0.14313917394538367,0.028071901581040896,0.014426218029590713,,,,False,2021-09-23,False
2021-09-27,17933.2,17907.55,17918.4,-0.001430308032030059,0.001430308032030059,2021-09-30,17900.0,120.75,99.95,0.16510091066650479,0.16153304960516135,0.16331698013583307,0.03202909494667916,0.044656523526849026,,,,False,2021-09-24,False
2021-09-28,17900.45,17826.25,17818.9,-0.004145147189037188,0.004145147189037188,2021-09-30,17800.0,115.6,86.9,0.18981010944611482,0.17219255908788583,0.18100133426700032,0.03549728213129866,0.11677364970379886,0.06220293387508033,0.04194682855288518,1.3009497430757504,True,2021-09-27,False
2021-09-29,17658.1,17644.2,17625.8,-0.0007871741580349991,0.0007871741580349991,2021-09-30,17650.0,77.85,98.9,0.21717893786349118,0.20948272159282333,0.21333082972815726,0.041837617832108216,0.018814985145518576,0.06240506966292049,0.04218337470340252,-1.0333474935063915,True,2021-09-28,False
2021-09-30,17727.4,17663.5,17663.9,-0.0036045895055113243,0.0036045895055113243,2021-10-07,17650.0,184.55,150.25,0.17881103441966995,0.15824966828673181,0.16853035135320088,0.033051521160869984,0.10905971582871751,0.06094512198597863,0.042150336523401666,1.141499637043844,True,2021-09-29,False
2021-10-01,17536.5,17507.6,17506.2,-0.0016479913323640097,0.0016479913323640097,2021-10-07,17500.0,151.25,161.7,0.16211778026071805,0.18034319134640758,0.17123048580356282,0.03358106109362843,0.04907502260780839,0.062307085552790555,0.04236582855557333,-0.31232867138724835,True,2021-09-30,False
2021-10-04,17616.25,17619.95,17622.95,0.00021003334989005761,0.00021003334989005761,2021-10-07,17600.0,112.5,109.4,0.15175332187620966,0.1817984535267741,0.16677588770149188,0.032707442530256384,0.0064215766700733,0.06184228248980641,0.042355290110723455,-1.308471873875839,True,2021-10-01,False
2021-10-05,17665.1,17682.45,17667.8,0.0009821625691336128,0.0009821625691336128,2021-10-07,17650.0,102.4,88.65,0.16855393461341694,0.17589659886631948,0.1722252667398682,0.03377615368616579,0.029078579469393285,0.06126142885779651,0.04287790564667502,-0.7505695276629925,True,2021-10-04,False
2021-10-06,17867.4,17868.7,17868.65,7.275820768546472e-05,7.275820768546472e-05,2021-10-07,17850.0,71.1,63.05,0.1470786357332785,0.1726615347797676,0.15987008525652305,0.03135310324472128,0.002320606260808156,0.06134462470564039,0.0428093412828968,-1.3787649301768987,True,2021-10-05,False
2021-10-07,17814.45,17809.25,17809.85,-0.00029189786942626503,0.00029189786942626503,2021-10-14,17800.0,143.0,134.25,0.1378710663152517,0.1389703637176729,0.1384207150164623,0.027146535652092584,0.010752674785733263,0.0596964681705453,0.04315076916687064,-1.1342507753578828,True,2021-10-06,False
2021-10-08,17891.95,17876.8,17869.8,-0.0008467495158437987,0.0008467495158437987,2021-10-14,17850.0,132.95,120.15,0.1317064585353323,0.13922930971915437,0.13546788412724334,0.02656743787038231,0.031871704000021955,0.05975202940536243,0.0430844106424894,-0.6471093601973329,True,2021-10-07,False
2021-10-11,17867.95,17896.5,17891.3,0.0015978329914735194,0.0015978329914735194,2021-10-14,17900.0,99.0,103.95,0.1533262097047518,0.14775635506559492,0.15054128238517336,0.029523574480126186,0.05412058057363961,0.05884476833361103,0.043088883136226774,-0.1096382040127558,True,2021-10-08,False
2021-10-12,17930.3,17961.55,17941.8,0.0017428598517593124,0.0017428598517593124,2021-10-14,17950.0,88.9,99.85,0.1653472465821671,0.17024259115233215,0.16779491886724962,0.03290729098407016,0.05296272648523394,0.058865705882894845,0.043086233029108696,-0.1370038404998855,True,2021-10-11,False
2021-10-13,18098.85,18087.0,18090.65,-0.0006547377319552649,0.0006547377319552649,2021-10-14,18100.0,59.6,78.5,0.15188871902706796,0.17452796340741988,0.16320834121724392,0.032007789101839865,0.02045557504368927,0.05936177264707044,0.042839260370556534,-0.9081902270684729,True,2021-10-12,False
2021-10-14,18286.75,18275.95,18279.3,-0.000590591548525532,0.000590591548525532,2021-10-21,18300.0,118.0,152.3,0.12455525308555329,0.13780584758747522,0.13118055033651427,0.025726622537297187,0.022956435407303136,0.05927106840790585,0.04291700595236865,-0.8461595163676243,True,2021-10-13,False
2021-10-18,18502.5,18514.5,18496.1,0.0006485610052695582,0.0006485610052695582,2021-10-21,18500.0,109.6,114.35,0.16017701558468989,0.16139780876181886,0.16078741217325437,0.03153300585428885,0.020567687338990122,0.05646838810500252,0.03951706981677838,-0.908485900712443,True,2021-10-14,False
2021-10-19,18604.45,18581.95,18582.05,-0.0012093880765085773,0.0012093880765085773,2021-10-21,18600.0,78.7,103.45,0.15006001925176687,0.161774191506514,0.15591710537914044,0.03057786010888999,0.039551102405526686,0.05581692925107392,0.03978492392174655,-0.40884398516233655,True,2021-10-18,False
2021-10-20,18447.35,18375.45,18373.1,-0.003897578785028626,0.003897578785028626,2021-10-21,18350.0,115.65,76.55,0.24188877807221715,0.20438878390502774,0.22313878098862244,0.04376111532693433,0.08906488685012383,0.05597136447298691,0.03970203347403776,0.8335472891779631,True,2021-10-19,False
2021-10-21,18384.2,18292.45,18292.5,-0.0049906985346112424,0.0049906985346112424,2021-10-28,18300.0,174.65,161.7,0.1734003013902526,0.15351663566186402,0.1634584685260583,0.032056843102937056,0.1556827825680063,0.0572799662628224,0.03947280976456123,2.492926571280724,True,2021-10-20,False
2021-10-22,18235.35,18280.05,18290.65,0.0024512828105849754,0.0024512828105849754,2021-10-28,18300.0,136.9,143.85,0.14818314373106561,0.1456692842733085,0.14692621400218706,0.028814601240594664,0.08507085661596984,0.059186507018172074,0.041402819050313185,0.6251832650898194,True,2021-10-21,False
2021-10-25,18241.4,18082.0,18066.5,-0.008738364379927059,0.008738364379927059,2021-10-28,18050.0,164.9,125.3,0.23023646952118376,0.1962188633313522,0.21322766642626798,0.041817385844053596,0.2089648648175756,0.06030014693436694,0.04118116319944871,3.6100174529601152,True,2021-10-22,False
2021-10-26,18160.15,18233.6,18244.0,0.004044570116436102,0.004044570116436102,2021-10-28,18250.0,115.05,107.8,0.2065071461830787,0.18331810144357696,0.19491262381332783,0.03822551047191263,0.10580813876659605,0.06109701150402367,0.04355966230292084,1.0264342030855076,True,2021-10-25,False
2021-10-27,18304.6,18309.2,18310.1,0.0002513029511708632,0.0002513029511708632,2021-10-28,18300.0,93.75,79.9,0.2073423530853391,0.19855782845781383,0.20295009077157647,0.039801787428065206,0.006313860944688715,0.06177055891416436,0.04393805275558822,-1.2621564792131676,True,2021-10-26,False
2021-10-28,18188.85,18129.75,18127.15,-0.0032492433551323226,0.0032492433551323226,2021-11-11,18150.0,,,,,,,,0.06120070784553079,0.04443741183583067,,False,2021-10-27,False
2021-10-29,17833.4,17703.4,17682.45,-0.007289692374981775,0.007289692374981775,2021-11-11,17700.0,,,,,,,,,,,False,2021-10-28,False
2021-11-01,17788.1,17745.55,17754.6,-0.002392048616771846,0.002392048616771846,2021-11-11,17750.0,220.0,186.9,0.18343402857312457,0.15941655637516988,0.17142529247414723,0.03361926582496258,0.07115112594147521,,,,False,2021-10-29,False
2021-11-02,17969.95,17973.65,17961.1,0.00020589929298638713,0.00020589929298638713,2021-11-11,17950.0,194.85,159.95,0.16596296105860864,0.1450837979659671,0.15552337951228787,0.03050064411357893,0.00675065392782051,,,,False,2021-11-01,False
2021-11-03,17950.55,17965.15,17967.1,0.0008133455520862694,0.0008133455520862694,2021-11-11,17950.0,166.5,133.8,0.1465078833613946,0.13200891949395194,0.13925840142767326,0.027310819473517052,0.029781074598474063,,,,False,2021-11-02,False
2021-11-04,,,,,,2021-11-11,,,,,,,,,,,,False,2021-11-03,False
2021-11-08,17997.5,17845.45,17862.05,-0.008448395610501418,0.008448395610501418,2021-11-11,17850.0,135.15,111.0,0.1919662749077679,0.17395086763411605,0.18295857127094198,0.03588112788806113,0.23545512941672286,,,,False,2021-11-04,False
2021-11-09,18088.5,18073.35,18075.2,-0.0008375487187993175,0.0008375487187993175,2021-11-11,18100.0,90.35,105.1,0.18051937206875474,0.16268757666818867,0.1716034743684717,0.0336542101694291,0.024886892741881435,,,,False,2021-11-08,False
2021-11-10,17964.9,17943.9,17954.75,-0.0011689461115842559,0.0011689461115842559,2021-11-11,17950.0,84.7,80.5,0.19637151302574135,0.19768414720146738,0.19702783011360436,0.0386403365565428,0.0302519650643758,,,,False,2021-11-09,False
2021-11-11,17971.35,17935.25,17918.15,-0.002008752820461376,0.002008752820461376,2021-11-18,17900.0,160.0,139.45,0.1497141699847795,0.14732779685064024,0.14852098341770986,0.02912736125480358,0.06896446275682112,,,,False,2021-11-10,False
2021-11-12,17979.65,17981.15,17990.35,8.342765292984012e-05,8.342765292984012e-05,2021-11-18,18000.0,120.9,124.15,0.13377154766192062,0.12695521456098924,0.13036338111145493,0.025566362467124685,0.0032631804010882738,,,,False,2021-11-11,False
2021-11-15,18156.1,18174.05,18165.85,0.000988648443222979,0.000988648443222979,2021-11-18,18150.0,121.25,87.0,0.16553170052931188,0.13856252473444164,0.15204711263187676,0.02981889208828383,0.033155103157284295,,,,False,2021-11-12,False
2021-11-16,18132.65,18091.9,18092.9,-0.002247327334945526,0.002247327334945526,2021-11-18,18100.0,99.7,96.4,0.18208827442307907,0.16373232047571268,0.17291029744939587,0.03391049926136932,0.06627231635913043,,,,False,2021-11-15,False
2021-11-17,17944.35,17964.6,17959.4,0.001128488911551547,0.001128488911551547,2021-11-18,17950.0,80.4,77.2,0.18037126352464133,0.1951792203023484,0.18777524191349487,0.03682575471871216,0.030644013141654124,,,,False,2021-11-16,False
2021-11-18,17895.9,17882.05,17853.8,-0.000773920283416994,0.000773920283416994,2021-11-25,17850.0,147.55,127.8,0.14510335360862503,0.1292109225844425,0.13715713809653376,0.026898727830106387,0.028771631443134053,,,,False,2021-11-17,False
2021-11-22,17805.25,17629.6,17658.9,-0.009865067887280518,0.009865067887280518,2021-11-25,17650.0,145.85,113.9,0.21269644319207692,0.17799930670090341,0.19534787494649017,0.03831087024196295,0.2575004907216918,,,,False,2021-11-18,False
2021-11-23,17314.5,17336.45,17338.2,0.0012677235842791146,0.0012677235842791146,2021-11-25,17350.0,125.4,114.65,0.2415378621152175,0.19999524981420136,0.22076655596470943,0.04329588372356642,0.02928046445184531,,,,False,2021-11-22,False
2021-11-24,17560.95,17553.0,17549.95,-0.00045270899353399034,0.00045270899353399034,2021-11-25,17550.0,79.45,76.8,0.1939714053446892,0.1873815573637868,0.190676481354238,0.03739473458494117,0.012106222936431694,,,,False,2021-11-23,False
2021-11-25,17421.5,17383.3,17413.8,-0.0021926929368883694,0.0021926929368883694,2021-12-02,17400.0,149.95,135.45,0.14605604382125958,0.1453402456649585,0.14569814474310905,0.028573757043822274,0.07673799891017256,,,,False,2021-11-24,False
2021-11-26,17343.9,17296.85,17305.35,-0.002712769331004152,0.002712769331004152,2021-12-02,17300.0,154.5,140.2,0.16807078710833873,0.1581607222240503,0.16311575466619452,0.031989631385282276,0.08480151891503937,,,,False,2021-11-25,False
2021-11-29,17068.8,16955.45,16952.3,-0.006640771466066657,0.006640771466066657,2021-12-02,16950.0,187.6,164.05,0.29219071030607113,0.25888665393278243,0.2755386821194268,0.054037581418330635,0.12289172260796212,,,,False,2021-11-26,False
2021-11-30,17075.95,17202.5,17220.85,0.007411007879503001,0.007411007879503001,2021-12-02,17200.0,122.4,109.55,0.20714609470446732,0.22202541581360158,0.21458575525903445,0.04208372897711009,0.1761015019256955,,,,False,2021-11-29,False
2021-12-01,17105.05,17184.0,17184.85,0.004615595978965319,0.004615595978965319,2021-12-02,17200.0,88.0,104.3,0.23764098805422645,0.2405118623771224,0.23907642521567443,0.04688674451595116,0.09844138309485455,,,,False,2021-11-30,False
2021-12-02,17188.55,17234.15,17238.3,0.0026529288392564926,0.0026529288392564926,2021-12-09,17250.0,169.7,183.3,0.18100251612243567,0.1829630162519995,0.1819827661872176,0.03568975676639292,0.07433306022849138,,,,False,2021-12-01,False
2021-12-03,17433.65,17466.35,17451.3,0.0018756829464855085,0.0018756829464855085,2021-12-09,17450.0,154.2,147.15,0.1685547114698293,0.1622425136470903,0.1653986125584598,0.03243733665218305,0.05782481362751692,,,,False,2021-12-02,False
2021-12-06,17216.75,17172.6,17151.85,-0.002564363192821029,0.002564363192821029,2021-12-09,17150.0,152.3,138.05,0.23445796425317555,0.21525099237826445,0.22485447831572,0.044097591255791616,0.0581520014992709,,,,False,2021-12-03,False
2021-12-07,17047.7,17004.4,17026.55,-0.0025399320729482143,0.0025399320729482143,2021-12-09,17050.0,107.65,126.05,0.22299717825296395,0.21350363330452804,0.218250405778746,0.042802426073668055,0.0593408436376174,,,,False,2021-12-06,False
2021-12-08,17319.3,17377.3,17372.2,0.0033488651388912946,0.0033488651388912946,2021-12-09,17350.0,93.2,70.95,0.20137385871866859,0.20124976778799553,0.20131181325333206,0.039480494772903336,0.08482328193084658,,,,False,2021-12-07,False
2021-12-09,17534.65,17430.15,17442.2,-0.005959628506984741,0.005959628506984741,2021-12-16,17450.0,153.2,150.45,0.16012870719977484,0.1493705305426929,0.15474961887123387,0.030348897167133376,0.1963705130425226,,,,False,2021-12-08,False
2021-12-10,17496.85,17523.45,17511.65,0.0015202736492569912,0.0015202736492569912,2021-12-16,17500.0,151.85,134.85,0.15970877790762322,0.15385118743466403,0.15677998267114363,0.030747084268496157,0.04944448182407599,,,,False,2021-12-09,False
2021-12-13,17621.65,17633.7,17625.85,0.0006838179171643558,0.0006838179171643558,2021-12-16,17650.0,103.05,119.35,0.1727801221226668,0.1609121953280459,0.16684615872535635,0.03272122381186889,0.02089829894798483,,,,False,2021-12-10,False
2021-12-14,17300.55,17307.0,17327.75,0.0003728205172668342,0.0003728205172668342,2021-12-16,17350.0,100.0,117.15,0.2039619813246335,0.19453940482306792,0.1992506930738507,0.03907627584924814,0.009540840552593436,,,,False,2021-12-13,False
2021-12-15,17338.1,17274.9,17259.1,-0.003645151429510563,0.003645151429510563,2021-12-16,17250.0,96.65,84.0,0.22845614950994025,0.21963618356176978,0.22404616653585502,0.04393906827353783,0.08295923361000908,,,,False,2021-12-14,False
2021-12-16,17375.9,17320.15,17313.0,-0.0032084668995562816,0.0032084668995562816,2021-12-23,17300.0,176.95,151.2,0.17509147622821725,0.16198106029234527,0.16853626826028126,0.03305268156181856,0.09707130398952574,,,,False,2021-12-15,False
2021-12-17,17298.15,17154.85,17141.65,-0.008284122868630629,0.008284122868630629,2021-12-23,17150.0,134.1,144.45,0.15444112716616998,0.156676318835066,0.155558723000618,0.030507575541912534,0.27154314039965477,,,,False,2021-12-16,False
2021-12-20,16840.1,16676.8,16670.95,-0.009697092060023354,0.009697092060023354,2021-12-23,16650.0,181.05,133.75,0.27165172599866927,0.22957550112386782,0.25061361356126854,0.04914937330465038,0.19729838669389183,,,,False,2021-12-17,False
2021-12-21,16782.2,16789.45,16769.85,0.0004320053389901205,0.0004320053389901205,2021-12-23,16750.0,136.15,113.05,0.2399760812383973,0.23377230595809184,0.23687419359824458,0.046454851362461705,0.009299466607253136,,,,False,2021-12-20,False
2021-12-22,16869.75,16873.25,16870.25,0.00020747195423761466,0.00020747195423761466,2021-12-23,16850.0,100.05,80.0,0.22753187827543286,0.22804205790316107,0.22778696808929697,0.04467269981651778,0.004644267194276484,,,,False,2021-12-21,False
2021-12-23,17069.7,17053.75,17071.7,-0.000934404236747027,0.000934404236747027,2021-12-30,17050.0,165.7,125.95,0.16117853192641468,0.142327296656648,0.15175291429153134,0.029761195046811222,0.03139673105455973,,,,False,2021-12-22,False
2021-12-24,17155.6,17089.75,17070.45,-0.0038383967917180717,0.0038383967917180717,2021-12-30,17050.0,156.7,125.15,0.16421335358430794,0.15172833506259986,0.1579708443234539,0.03098063145323152,0.12389666096743478,,,,False,2021-12-23,False
2021-12-27,16949.05,16939.0,16927.3,-0.0005929535873691607,0.0005929535873691607,2021-12-30,16950.0,120.95,136.7,0.20699605930150317,0.19606909329019423,0.2015325762958487,0.03952378996758305,0.015002447585504687,,,,False,2021-12-24,False
2021-12-28,17185.8,17176.85,17173.3,-0.0005207787824832552,0.0005207787824832552,2021-12-30,17150.0,113.9,88.35,0.18943007030443748,0.18522637718808294,0.1873282237462602,0.036738087243417546,0.01417544628909782,,,,False,2021-12-27,False
2021-12-29,17222.95,17237.85,17249.2,0.0008651247318257219,0.0008651247318257219,2021-12-30,17250.0,73.6,75.5,0.18375201248342193,0.18648353866540862,0.18511777557441528,0.03630458269103205,0.023829628870501374,,,,False,2021-12-28,False
2021-12-30,17204.85,17208.75,17217.7,0.00022668026748280022,0.00022668026748280022,2022-01-06,17200.0,174.5,138.65,0.17104975132812839,0.15227109811624168,0.16166042472218503,0.031704217701312265,0.007149845790814694,,,,False,2021-12-29,False
2021-12-31,17247.2,17314.2,17323.15,0.003884688529152558,0.003884688529152558,2022-01-06,17300.0,146.0,124.65,0.1483947331184749,0.15039123290719902,0.14939298301283696,0.029298374445241967,0.13259058233462603,,,,False,2021-12-30,False
2022-01-03,17393.2,17463.2,17470.4,0.0040245613228158126,0.0040245613228158126,2022-01-06,17450.0,113.85,96.95,0.15720796110911672,0.1625490365685875,0.1598784988388521,0.03135475328397032,0.12835570053339612,,,,False,2021-12-31,False
2022-01-04,17681.5,17691.0,17681.4,0.0005372847326301502,0.0005372847326301502,2022-01-06,17700.0,88.0,104.7,0.1750848421013979,0.17164562530715144,0.17336523370427467,0.03399971960141039,0.015802622460682363,,,,False,2022-01-03,False
2022-01-05,17823.15,17822.1,17789.8,-5.891214515968896e-05,5.891214515968896e-05,2022-01-06,17800.0,66.0,78.75,0.17086157291060988,0.1770093831124318,0.17393547801152084,0.03411155371103206,0.001727043735936194,,,,False,2022-01-04,False
2022-01-06,17775.8,17723.25,17710.55,-0.00295626638463525,0.00295626638463525,2022-01-13,17700.0,178.95,146.95,0.17441561485211404,0.15285969761462248,0.16363765623336826,0.03209198470355896,0.0921185277863916,,,,False,2022-01-05,False
2022-01-07,17802.7,17858.15,17862.35,0.003114696085425285,0.003114696085425285,2022-01-13,17850.0,153.75,133.65,0.1582290692257155,0.1499097561339338,0.15406941267982466,0.03021549775777714,0.1030827329205125,,,,False,2022-01-06,False
2022-01-10,17923.1,17888.5,17894.2,-0.0019304696174210125,0.0019304696174210125,2022-01-13,17900.0,120.7,128.35,0.18342553625595726,0.18617200882931623,0.18479877254263674,0.03624202104934228,0.053266058611707766,,,,False,2022-01-07,False
2022-01-11,18006.05,18027.9,18028.7,0.0012134810244335756,0.0012134810244335756,2022-01-13,18050.0,97.6,116.0,0.19099088926612218,0.18584194933816434,0.18841641930214326,0.03695149995011188,0.032839831294315336,,,,False,2022-01-10,False
2022-01-12,18170.5,18150.8,18146.55,-0.0010841748988745894,0.0010841748988745894,2022-01-13,18150.0,73.85,70.85,0.17834219196628442,0.16311604854007122,0.17072912025317782,0.033482735219595494,0.032380117447516205,,,,False,2022-01-11,False
2022-01-13,18258.85,18249.95,18246.9,-0.0004874348603552698,0.0004874348603552698,2022-01-20,18250.0,152.75,146.0,0.15038394956145562,0.14078297371631027,0.14558346163888294,0.0285512658366558,0.017072267938799134,,,,False,2022-01-12,False
2022-01-14,18197.65,18182.5,18172.05,-0.0008325250787877256,0.0008325250787877256,2022-01-20,18150.0,148.8,125.7,0.14502582919438256,0.14391598898508506,0.1444709090897338,0.02833307633057854,0.02938350460338897,,,,False,2022-01-13,False
2022-01-17,18246.15,18257.5,18257.65,0.0006220490350018247,0.0006220490350018247,2022-01-20,18250.0,122.25,105.8,0.17228390485481948,0.15947261985440986,0.16587826235461467,0.03253140371642476,0.019121493816381455,,,,False,2022-01-14,False
2022-01-18,18348.95,18342.95,18334.5,-0.000326994187678314,0.000326994187678314,2022-01-20,18350.0,81.9,94.45,0.15567151157691467,0.15052401682894234,0.1530977642029285,0.030024941813775363,0.010890751752540949,,,,False,2022-01-17,False
2022-01-19,18120.45,18079.25,18068.8,-0.0022736742189074072,0.0022736742189074072,2022-01-20,18050.0,91.6,74.9,0.1941486333803334,0.199149920259918,0.1966492768201257,0.03856609614768194,0.05895525982720108,,,,False,2022-01-18,False
2022-01-20,17943.7,17874.75,17891.45,-0.0038425742739792088,0.0038425742739792088,2022-01-27,17900.0,166.0,146.15,0.16919677923864263,0.14096312772661207,0.15507995348262735,0.03041368111442224,0.1263436102825794,,,,False,2022-01-19,False
2022-01-21,17637.1,17554.35,17577.25,-0.004691814413934264,0.004691814413934264,2022-01-27,17600.0,161.25,172.6,0.18774906662699176,0.17531409992396235,0.18153158327547705,0.03560127251750197,0.1317878289779591,,,,False,2022-01-20,False
2022-01-24,17578.95,17469.9,17462.45,-0.006203442185113404,0.006203442185113404,2022-01-27,17450.0,157.45,130.05,0.23000754322560013,0.2072424756493343,0.2186250094374672,0.04287589189542508,0.14468368845232862,,,,False,2022-01-21,False
2022-01-25,17021.6,16978.95,16981.95,-0.002505639892841908,0.002505639892841908,2022-01-27,17000.0,158.3,175.0,0.3141203136190335,0.31158109808055034,0.3128507058497919,0.061355071306514054,0.04083835026976629,,,,False,2022-01-24,False
2022-01-27,17070.9,17016.9,16992.7,-0.0031632778588123645,0.0031632778588123645,2022-02-03,17000.0,309.35,312.95,0.3275486419599065,0.32367564835671325,0.3256121451583099,0.0638577954625011,0.049536283485857584,,,,False,2022-01-25,False
2022-01-28,17237.45,17268.65,17284.2,0.0018100125018492136,0.0018100125018492136,2022-02-03,17300.0,245.4,261.4,0.28052637492715027,0.28074803440220497,0.2806372046646776,0.05503748395482013,0.03288690491983681,,,,False,2022-01-27,False
2022-01-31,17308.7,17311.75,17303.15,0.00017621196277012557,0.00017621196277012557,2022-02-03,17300.0,234.15,236.4,0.35709706707546207,0.3653893113081136,0.36124318919178783,0.07084561810928525,0.0024872669259276415,,,,False,2022-01-28,False
2022-02-01,17534.95,17514.4,17511.3,-0.0011719451723557392,0.0011719451723557392,2022-02-03,17500.0,225.75,218.5,0.4013412244890632,0.4087298948451702,0.4050355596671167,0.07943400855544626,0.014753695472106284,,,,False,2022-01-31,False
2022-02-02,17707.55,17725.4,17725.9,0.0010080445911490965,0.0010080445911490965,2022-02-03,17750.0,83.75,110.65,0.2301679340044645,0.23696297769318397,0.23356545584882424,0.045805954502859576,0.02200684609871335,0.06899041360398311,0.06558225618100487,-0.7164066965856841,True,2022-02-01,False
2022-02-03,17776.75,17740.7,17734.75,-0.0020279297396880347,0.0020279297396880347,2022-02-10,17750.0,160.6,167.45,0.1685280219827569,0.16010120832344404,0.16431461515310047,0.032224747270544155,0.06293081905848538,0.06543294221534962,0.062095951595121324,-0.04029446513966979,True,2022-02-02,False
2022-02-04,17593.9,17575.55,17581.9,-0.001042975122059474,0.001042975122059474,2022-02-10,17600.0,151.9,172.75,0.17509346048992291,0.17809123776899016,0.17659234912945654,0.03463260900624188,0.030115407183775773,0.06606700765395969,0.06186873491230243,-0.5810948053349486,True,2022-02-03,False
2022-02-07,17482.15,17460.55,17449.1,-0.001235545971176439,0.001235545971176439,2022-02-10,17450.0,128.4,139.2,0.19615500358489923,0.21122687843461108,0.20369094100975516,0.039947080113493016,0.03092956901145588,0.06606473168928302,0.061870077268191784,-0.5678861936041348,True,2022-02-04,False
2022-02-08,17282.4,17240.0,17250.55,-0.002453362958848392,0.002453362958848392,2022-02-10,17250.0,119.6,124.4,0.22084381137990927,0.230745759196764,0.22579478528833663,0.04428200062510468,0.055403164360589285,0.06543081679352694,0.06203449580807725,-0.16164639209708861,True,2022-02-07,False
2022-02-09,17371.3,17410.55,17406.65,0.002259473959922401,0.002259473959922401,2022-02-10,17400.0,83.3,76.6,0.1967282166718149,0.19660508615735567,0.19666665141458528,0.03856950358599694,0.058581878164040625,0.06629981652618529,0.06151186611529197,-0.12547072377350568,True,2022-02-08,False
2022-02-10,17532.75,17484.25,17468.3,-0.0027662517289073307,0.0027662517289073307,2022-02-17,17450.0,174.2,142.05,0.16797496602209722,0.15385002017373178,0.1609124930979145,0.031557536241812706,0.08765740480215745,0.06672359610963123,0.06136706590731408,0.3411244840048838,True,2022-02-09,False
2022-02-11,17454.75,17415.8,17404.6,-0.0022314842664604606,0.0022314842664604606,2022-02-17,17400.0,147.9,153.05,0.16025978010612185,0.1709935472475861,0.16562666367685397,0.03248206115613645,0.06869897374227721,0.06708001425034833,0.06142647369503259,0.026356054556649525,True,2022-02-10,False
2022-02-14,17099.5,16991.2,16978.85,-0.006333518523933406,0.006333518523933406,2022-02-17,17000.0,183.1,209.9,0.30254620432740875,0.31138944127046864,0.3069678227989387,0.060201343019110794,0.10520560184052445,0.06771426359369206,0.06124006541155176,0.6122027792569987,True,2022-02-11,False
2022-02-15,16936.3,16942.5,16955.7,0.00036607759664157623,0.00036607759664157623,2022-02-17,16950.0,146.9,151.75,0.27124999601126454,0.2911215464368898,0.2811857712240772,0.05514506670831562,0.006638446890959575,0.06898816310031523,0.061211233838326,-1.0185992390553125,True,2022-02-14,False
2022-02-16,17414.85,17391.15,17408.7,-0.0013609075013564338,0.0013609075013564338,2022-02-17,17400.0,99.4,90.85,0.23377026580181376,0.2341396807500134,0.23395497327591358,0.04588234515522931,0.029660809549995906,0.0648071290364697,0.05650316031782064,-0.6220239591693939,True,2022-02-15,False
2022-02-17,17399.8,17365.35,17335.55,-0.0019799078150323987,0.0019799078150323987,2022-02-24,17350.0,196.1,216.2,0.20843975234327267,0.21423691355292296,0.2113383329480978,0.041446857064327686,0.04776979378579849,0.06481346812143887,0.05649912822097438,-0.30166260741193524,True,2022-02-16,False
2022-02-18,17241.8,17285.5,17294.65,0.002534538157269005,0.002534538157269005,2022-02-24,17300.0,212.9,215.05,0.23873285017387486,0.23518846265090781,0.23696065641239134,0.046471808115405334,0.05453926283597322,0.06540786096892832,0.0561215649150769,-0.19366170828275117,True,2022-02-17,False
2022-02-21,17209.0,17110.1,17128.0,-0.005746992852577224,0.005746992852577224,2022-02-24,17150.0,170.2,183.45,0.2805239133351607,0.26694421342170715,0.2737340633784339,0.053683666565449185,0.10705291237085489,0.06503788203435833,0.0561187775150747,0.7486804274239657,True,2022-02-18,False
2022-02-22,16893.85,16918.2,16932.9,0.001441352918369832,0.001441352918369832,2022-02-24,16950.0,154.15,174.9,0.3063447048447506,0.31322954045152296,0.3097871226481368,0.06075425320933119,0.023724312986015864,0.06540873859195526,0.05632474296790712,-0.7400730728534433,True,2022-02-21,False
2022-02-23,17202.4,17216.0,17204.0,0.0007905873599031847,0.0007905873599031847,2022-02-24,17200.0,103.8,102.5,0.25345496949016544,0.2601790117933267,0.25681699064174607,0.05036595564247842,0.015696860107552627,0.06375594843158948,0.056063752833006734,-0.8572221068965392,True,2022-02-22,False
2022-02-24,16606.5,16641.3,16652.8,0.0020955649896124574,0.0020955649896124574,2022-03-03,16650.0,303.35,270.75,0.3225418439185931,0.2907044403703928,0.30662314214449293,0.06013374558130399,0.034848402828643744,0.06108253773462044,0.05441598151603717,-0.4821034956108459,True,2022-02-23,False
2022-02-25,16525.7,16585.55,16581.35,0.0036216317614381566,0.0036216317614381566,2022-03-03,16600.0,232.55,260.65,0.27915272702377614,0.2900705837112926,0.28461165536753436,0.05581693786596163,0.06488409969989961,0.06002265473018358,0.05429517396000696,0.0895373311318037,True,2022-02-24,False
2022-02-28,16506.1,16372.05,16388.35,-0.008121240026414433,0.008121240026414433,2022-03-03,16400.0,229.0,244.25,0.38044134112837946,0.38627663172777393,0.3833589864280767,0.07518288278876595,0.10801980085323269,0.05986517205470706,0.05426665906828585,0.8873704338041298,True,2022-02-25,False
2022-03-02,16613.9,16677.25,16645.1,0.003813072186542506,0.003813072186542506,2022-03-03,16650.0,185.9,205.3,0.4846049221032406,0.5219185834990796,0.50326175280116,0.09869774992223167,0.038633830959135286,0.06070175517513565,0.05462042515966788,-0.40402329625759636,True,2022-02-28,False
2022-03-03,16736.0,16688.55,16681.15,-0.002835205544933122,0.002835205544933122,2022-03-10,16700.0,270.75,305.6,0.2984702150060917,0.315529696799846,0.30699995590296886,0.06020764483928318,0.04709045757397338,0.06037645233280006,0.05469394081518329,-0.24291529483533633,True,2022-03-02,False
2022-03-04,16362.1,16274.85,16242.45,-0.005332445101790113,0.005332445101790113,2022-03-10,16250.0,262.85,274.05,0.31437476573602274,0.31867960799042816,0.31652718686322545,0.06207608855377755,0.08590175744031499,0.06017227923173933,0.0547207311323445,0.4701961701927516,True,2022-03-03,False
2022-03-07,15862.6,15827.15,15824.15,-0.0022348164865785385,0.0022348164865785385,2022-03-10,15800.0,248.7,214.65,0.39722042163812965,0.38057132881777933,0.3888958752279545,0.07626875602088788,0.029301860987040153,0.0601902538235638,0.054729142184914537,-0.5643865699952023,True,2022-03-04,False
2022-03-08,15755.1,15806.45,15805.25,0.0032592620802153185,0.0032592620802153185,2022-03-10,15800.0,214.0,207.0,0.42703996240790754,0.42350376950111945,0.4252718659545135,0.08340267473400306,0.039078627761161305,0.05740577628930576,0.05185790431493042,-0.35341089791914093,True,2022-03-07,False
2022-03-09,16082.1,16119.85,16134.25,0.0023473302615951894,0.0023473302615951894,2022-03-10,16150.0,132.95,155.5,0.3733156692965368,0.3913778402575777,0.38234675477705726,0.07498436782950348,0.031304261535317034,0.05723301205492385,0.05190212488237313,-0.49957011545037294,True,2022-03-08,False
2022-03-10,16757.3,16644.15,16648.6,-0.006752281095403067,0.006752281095403067,2022-03-17,16650.0,240.5,250.2,0.2576744680388561,0.2665424477265923,0.2621084578827242,0.05140369774698936,0.13135788652088826,0.05740644476471272,0.05179593064698947,1.4277461729606709,True,2022-03-09,False
2022-03-11,16536.8,16618.2,16626.95,0.004922354990082813,0.004922354990082813,2022-03-17,16650.0,224.8,251.05,0.27188570485565944,0.27557316559749234,0.2737294352265759,0.05368275891019395,0.0916934056671237,0.0594367288641843,0.052273184609421444,0.6170788530287022,True,2022-03-10,False
2022-03-14,16651.75,16657.35,16657.75,0.0003363009893854126,0.0003363009893854126,2022-03-17,16650.0,212.7,210.0,0.33306741741024526,0.34112439560479235,0.3370959065075188,0.06610994635515721,0.005086995345280263,0.05958229839846954,0.05235190208496659,-1.040942179421561,True,2022-03-11,False
2022-03-15,16906.25,16904.6,16911.25,-9.759704251394929e-05,9.759704251394929e-05,2022-03-17,16900.0,189.9,185.7,0.34790843121644255,0.36122735760870606,0.3545678944125743,0.0695364850962778,0.001403537184527228,0.05804922658773212,0.05258179607452643,-1.0772870771268166,True,2022-03-14,False
2022-03-16,16856.65,16929.45,16938.15,0.004318770336929299,0.004318770336929299,2022-03-17,16950.0,121.15,129.75,0.32101786891805206,0.3127959269927554,0.3169068979554037,0.062150556025644656,0.06948884472002602,0.053546899867479986,0.045011994176776544,0.35417104138814426,True,2022-03-15,False
2022-03-17,17203.25,17185.25,17197.7,-0.001046313923241248,0.001046313923241248,2022-03-24,17200.0,218.2,218.45,0.22684033959714228,0.22472012109410028,0.22578023034562128,0.044279146165992184,0.023629948041880965,0.05141674083458223,0.04093320283322929,-0.6788326070136915,True,2022-03-16,False
2022-03-21,17330.6,17333.65,17319.05,0.00017598929061907323,0.00017598929061907323,2022-03-24,17300.0,195.6,172.15,0.2853304280564086,0.27857158556234096,0.2819510068093748,0.055295141753774396,0.0031827260955897695,0.051655582191826026,0.04072456405083846,-1.190260895996952,True,2022-03-17,False
2022-03-22,17132.15,17066.2,17058.75,-0.0038494876591671635,0.0038494876591671635,2022-03-24,17050.0,182.5,158.1,0.33339813678149877,0.3040926364448938,0.3187453866131963,0.06251111331570633,0.061580852667360096,0.05163122317351458,0.040753586792201604,0.24414119779389393,True,2022-03-21,False
2022-03-23,17414.55,17379.9,17378.75,-0.001989715496524333,0.001989715496524333,2022-03-24,17400.0,100.9,114.55,0.2739143212345938,0.2551350404336278,0.2645246808341108,0.05187755805384747,0.03835407006742806,0.05213429186706125,0.040685817942729775,-0.33869840884188496,True,2022-03-22,False
2022-03-24,17114.0,17200.9,17198.55,0.005077714152156214,0.005077714152156214,2022-03-31,17200.0,247.0,224.2,0.2561825031443937,0.23110210974063222,0.24364230644251297,0.047782187495658726,0.10626792991881237,0.05070858201872781,0.03961315247642706,1.402548003043856,True,2022-03-23,False
2022-03-25,17294.9,17191.25,17192.35,-0.005993096230680804,0.005993096230680804,2022-03-31,17200.0,204.0,188.45,0.23148991091764554,0.20564055797223008,0.2185652344449378,0.0428641690549123,0.13981598997062528,0.0522296733909496,0.03996947968334434,2.191329916565657,True,2022-03-24,False
2022-03-28,17196.6,17083.8,17078.0,-0.006559436167614487,0.006559436167614487,2022-03-31,17100.0,161.85,161.25,0.2683479339015935,0.23316249392755334,0.25075521391457345,0.04917714341867473,0.1333838387433374,0.05432368245230839,0.041213817264670195,1.918292493590539,True,2022-03-25,False
2022-03-29,17298.65,17286.6,17277.85,-0.0006965861497864232,0.0006965861497864232,2022-03-31,17300.0,116.0,102.8,0.2340938353379462,0.16859323946020982,0.201343537399078,0.0394867163897576,0.017641024969275734,0.056149585950189,0.042253619014977546,-0.9113671651950859,True,2022-03-28,False
2022-03-30,17450.9,17413.45,17410.6,-0.0021460211221198174,0.0021460211221198174,2022-03-31,17400.0,111.2,52.2,0.2604074473352076,0.14112052675684433,0.20076398704602597,0.03937305721439906,0.054504813035828964,0.056324438936496676,0.04206871521508645,-0.04325365990771138,True,2022-03-29,False
2022-03-31,17522.05,17491.35,17505.85,-0.0017520780958849408,0.0017520780958849408,2022-04-07,17500.0,198.3,167.25,0.19852211988380852,0.17291090940924841,0.18571651464652847,0.03642200508381111,0.048104932494880855,0.0550230094481834,0.04085982538059827,-0.1693124453876765,True,2022-03-30,False
2022-04-01,17437.85,17467.85,17466.55,0.0017203955762895083,0.0017203955762895083,2022-04-07,17450.0,173.0,150.75,0.18059904444038166,0.1743392342719539,0.1774691393561678,0.03480456171683142,0.04943017499506475,0.05368549664754148,0.039716118543019124,-0.10714344222403073,True,2022-03-31,False
2022-04-04,17816.25,17902.05,17916.65,0.004815828246684867,0.004815828246684867,2022-04-07,17900.0,133.1,117.9,0.18482311277481667,0.18697705715201945,0.18590008496341806,0.036458006184885594,0.1320924743460427,0.05424595585644785,0.03940854742300514,1.9753714252393675,True,2022-04-01,False
2022-04-05,18089.6,18064.05,18063.65,-0.001412413762603887,0.001412413762603887,2022-04-07,18050.0,119.25,92.35,0.19854582962485257,0.17508678113658643,0.1868163053807195,0.036637691792061444,0.03855083913637608,0.05641871303328295,0.040052417958526015,-0.4461122401001837,True,2022-04-04,False
2022-04-06,17852.45,17854.75,17862.0,0.00012883385753772016,0.00012883385753772016,2022-04-07,17850.0,87.3,72.3,0.19468631058715968,0.18747673248574187,0.19108152153645078,0.037474169500052404,0.0034379376316142243,0.055525918222449365,0.03983962214460675,-1.3074416318952589,True,2022-04-05,False
2022-04-07,17755.45,17703.7,17710.6,-0.0029145980529921797,0.0029145980529921797,2022-04-13,17700.0,174.3,140.25,0.18279071057436597,0.15740900188438361,0.1700998562293748,0.033359326391265744,0.08736981133273992,0.05386517163430105,0.039900417654005406,0.8397064910190359,True,2022-04-06,False
2022-04-08,17706.25,17651.6,17647.5,-0.0030864807624427226,0.0030864807624427226,2022-04-13,17650.0,157.5,145.0,0.18799968700612396,0.17023455000469773,0.17911711850541084,0.03512775701836928,0.08786444180961273,0.05443356751298493,0.040133965057147954,0.8329820950664749,True,2022-04-07,False
2022-04-11,17754.9,17684.35,17679.2,-0.003973550963396184,0.003973550963396184,2022-04-13,17700.0,106.15,121.0,0.2098166150242094,0.19904888205995158,0.2044327485420805,0.04009256053974906,0.09910943351838747,0.05535064435490655,0.04026064361589707,1.0868874720672024,True,2022-04-08,False
2022-04-12,17591.8,17579.95,17571.0,-0.0006736092952397449,0.0006736092952397449,2022-04-13,17550.0,87.95,70.6,0.1878050651049803,0.19675867600949004,0.19228187055723517,0.03770957731082555,0.017863082624539714,0.056462799622754405,0.04053607290768935,-0.952231290044198,True,2022-04-11,False
2022-04-13,17600.35,17649.2,17651.8,0.00277551298695777,0.00277551298695777,2022-04-21,17650.0,141.7,123.55,0.13299851113701772,0.11755358032921812,0.1252760457331179,0.024568653914573475,0.11296968065928141,0.05647597986751675,0.04052317456709903,1.3941084674454944,True,2022-04-12,False
2022-04-18,17187.65,17226.55,17222.05,0.002263252975246634,0.002263252975246634,2022-04-21,17200.0,154.35,123.85,0.2207993366881948,0.20773041800970266,0.21426487734894872,0.04202079964153286,0.05386030238724115,0.05786908280178162,0.04100984272280934,-0.09775166517063534,True,2022-04-13,False
2022-04-19,17259.35,17202.15,17210.5,-0.0033141456659721885,0.0033141456659721885,2022-04-21,17200.0,118.2,93.75,0.20944805194835497,0.18354132387653826,0.19649468791244662,0.03853577876857268,0.08600178254798874,0.05844806294462928,0.04069756299635728,0.6770361067031387,True,2022-04-18,False
2022-04-20,17053.55,17087.6,17104.5,0.0019966517235413903,0.0019966517235413903,2022-04-21,17100.0,84.85,84.4,0.20682746225429088,0.21697333261296609,0.21190039743362848,0.04155708697892839,0.04804599813634187,0.05969991345788675,0.040363746157973224,-0.2887223419732768,True,2022-04-19,False
2022-04-21,17242.25,17228.4,17217.7,-0.000803259435398428,0.000803259435398428,2022-04-28,17200.0,174.35,135.8,0.1708945719554486,0.1493219703182186,0.1601082711368336,0.03139981533901227,0.025581661125262396,0.05951809242970576,0.04039171838479682,-0.8401829053456863,True,2022-04-20,False
2022-04-22,17253.35,17246.4,17230.8,-0.00040282032185037054,0.00040282032185037054,2022-04-28,17250.0,139.65,158.0,0.16561472947105632,0.1646689931182121,0.1651418612946342,0.032386983586629725,0.012437722728110633,0.05783872661041714,0.03965417867364579,-1.1449235717616832,True,2022-04-21,False
2022-04-25,17010.8,16988.95,16976.5,-0.0012844780962681676,0.0012844780962681676,2022-04-28,17000.0,129.3,157.2,0.22007202887419075,0.22696739368180358,0.22351971127799716,0.043835821903043574,0.029302019227771904,0.055849558172919665,0.03886747436314098,-0.6830271166351748,True,2022-04-22,False
2022-04-26,17128.85,17157.7,17167.3,0.001684292874302839,0.001684292874302839,2022-04-28,17150.0,121.55,99.0,0.20967534381308978,0.19988743805498443,0.2047813909340371,0.04016093493820492,0.041938587258848366,0.05392653035251039,0.0372170774088348,-0.32210866430947255,True,2022-04-25,False
2022-04-27,17077.2,17087.15,17105.3,0.0005826482093083601,0.0005826482093083601,2022-04-28,17100.0,92.1,94.8,0.22396493794195727,0.2440064070376004,0.23398567248977883,0.045888365766404336,0.012697079086981278,0.05394486763566176,0.03721078993026816,-1.1084900005073133,True,2022-04-26,False
2022-04-28,17153.05,17125.7,17123.95,-0.0015944686221982998,0.0015944686221982998,2022-05-05,17100.0,190.5,156.2,0.18529149791884214,0.1745168062792135,0.17990415209902783,0.035282107004973355,0.045191989865388256,0.053330880895680485,0.037586793571853974,-0.2165359227765269,True,2022-04-27,False
2022-04-29,17331.7,17326.05,17331.0,-0.0003259922569627593,0.0003259922569627593,2022-05-05,17350.0,140.4,150.7,0.16538217808451527,0.15575787996236895,0.1605700290234421,0.03149037351110351,0.010352124176863585,0.05353596564477301,0.03750683956113535,-1.1513591113834236,True,2022-04-28,False
2022-05-02,16949.25,16946.6,16959.55,-0.00015634910099275514,0.00015634910099275514,2022-05-05,16950.0,146.95,140.0,0.22267829453811938,0.22675353898133166,0.22471591675972552,0.044070417098951244,0.0035477109427329615,0.05366704659895528,0.037338774640608155,-1.3422865677470448,True,2022-04-29,False
2022-05-04,17111.15,17068.3,17072.15,-0.0025042150878229795,0.0025042150878229795,2022-05-05,17050.0,119.1,89.45,0.2702989023933249,0.2514006463322319,0.2608497743627784,0.051156849599695464,0.04895170651473986,0.05348028019013239,0.037564062210899876,-0.1205560157463077,True,2022-05-02,False
2022-05-05,16862.75,16825.5,16824.3,-0.0022090109857526206,0.0022090109857526206,2022-05-12,16800.0,212.55,181.8,0.21176250885003256,0.2049300499065086,0.20834627937827058,0.04086006708208676,0.054062833066690213,0.053929361197066164,0.03734182412688201,0.0035743264488240245,True,2022-05-04,False
2022-05-06,16440.75,16438.0,16438.45,-0.00016726730836488603,0.00016726730836488603,2022-05-12,16450.0,176.75,194.45,0.21255967460644515,0.21972664269408765,0.2161431586502664,0.0423891609110496,0.003945992436978963,0.053781561430536244,0.03732313746033625,-1.3352459729977992,True,2022-05-05,False
2022-05-09,16254.7,16156.55,16152.25,-0.006038253551280642,0.006038253551280642,2022-05-12,16150.0,172.1,163.3,0.281210334480674,0.270436353334787,0.2758233439077305,0.05409340818807429,0.1116264209178054,0.05334540451808963,0.0377547980814404,1.5436717811070932,True,2022-05-06,False
2022-05-10,16257.3,16315.1,16292.45,0.0035553259151274255,0.0035553259151274255,2022-05-12,16300.0,136.55,140.45,0.27485364711250915,0.26770080956304343,0.2712772283377763,0.053201841572603346,0.06682712120548595,0.054690352049862126,0.038374986572377714,0.31626771081035016,True,2022-05-09,False
2022-05-11,16277.4,16306.1,16300.95,0.001763180851978862,0.001763180851978862,2022-05-12,16300.0,101.25,103.5,0.26481048774348626,0.27321954889224975,0.269015018317868,0.05275818568662806,0.03342004333605719,0.054880751330610406,0.03840691013530893,-0.5587720521892119,True,2022-05-10,False
2022-05-12,16037.65,15909.75,15894.9,-0.007974983866090085,0.007974983866090085,2022-05-19,15900.0,206.85,212.6,0.23426952713426002,0.23499685974152268,0.23463319343789135,0.04601535507216918,0.17331136212210785,0.054461387416810676,0.03850306298725225,3.086766752677482,True,2022-05-11,False
2022-05-13,15994.4,16015.05,16027.7,0.0012910768769068947,0.0012910768769068947,2022-05-19,16050.0,177.2,194.0,0.22470839387927388,0.21813133627914405,0.22141986507920897,0.043424008182152626,0.02973186794482805,0.055888953372143176,0.041244975030023945,-0.6341884170926103,True,2022-05-12,False
2022-05-16,15853.15,15886.6,15900.1,0.00210999075893439,0.00210999075893439,2022-05-19,15900.0,166.15,164.45,0.27750973595045936,0.27483640295110146,0.2761730694507804,0.05416199500993634,0.038957035436883364,0.05523950160885237,0.04134651404341751,-0.3938050534289534,True,2022-05-13,False
2022-05-17,15917.4,15965.15,15958.5,0.002999861786472665,0.002999861786472665,2022-05-19,15950.0,134.05,136.15,0.25965857258564295,0.2808781215758951,0.270268347080769,0.053003983679665724,0.05659691174540004,0.05413535883545835,0.040871414494780746,0.06022676093718335,True,2022-05-16,False
2022-05-18,16327.0,16368.0,16357.3,0.0025111778036381455,0.0025111778036381455,2022-05-19,16350.0,97.4,103.7,0.24543245843551548,0.2810694992285979,0.2632509788320567,0.051627764539886864,0.048640064624491844,0.05496799991636568,0.040393484953312256,-0.15665732479353575,True,2022-05-17,False
2022-05-19,15942.35,15942.65,15941.75,1.8817802896014227e-05,1.8817802896014227e-05,2022-05-26,15950.0,186.55,217.5,0.21264947475808738,0.2379749441737996,0.2253122094659435,0.044187359719905804,0.0004258639351908836,0.05528432083427395,0.040266057817835384,-1.362399496550272,True,2022-05-18,False
2022-05-20,16044.95,16112.65,16121.55,0.004219396133986014,0.004219396133986014,2022-05-26,16100.0,194.9,185.35,0.21869228528850843,0.23297642287644799,0.2258343540824782,0.0442897607040838,0.09526798219067728,0.054495255336763825,0.04087508752578429,0.9974957687416263,True,2022-05-19,False
2022-05-23,16294.75,16274.95,16263.55,-0.0012151152978719694,0.0012151152978719694,2022-05-26,16250.0,172.2,176.45,0.27017252507333556,0.29927494404734856,0.28472373456034206,0.05583891840408448,0.021761082280975674,0.055174067326008894,0.041212627694908736,-0.8107462909762714,True,2022-05-20,False
2022-05-24,16230.6,16186.6,16173.25,-0.00271092873954136,0.00271092873954136,2022-05-26,16150.0,150.95,156.2,0.2746201186654973,0.33102773742070124,0.30282392804309927,0.05938865839517617,0.04564724667633769,0.05375253682451091,0.040862341927057406,-0.19835598661089512,True,2022-05-23,False
2022-05-25,16197.1,16199.65,16195.15,0.00015743559032167933,0.00015743559032167933,2022-05-26,16200.0,102.05,105.2,0.27623199255037234,0.2717355403753462,0.27398376646285927,0.053732637369298765,0.0029299806975719633,0.054117919052682935,0.04068692363317831,-1.2580931116003464,True,2022-05-24,False
2022-05-26,16111.6,16081.45,16082.2,-0.001871322525385414,0.001871322525385414,2022-06-02,16100.0,203.35,227.95,0.2344800453454443,0.24200125279800028,0.2382406490717223,0.04672283532875857,0.040051561773126985,0.053905137729183254,0.040923953915018844,-0.33851997743971873,True,2022-05-25,False
2022-05-27,16300.2,16315.35,16324.75,0.0009294364486325098,0.0009294364486325098,2022-06-02,16300.0,191.7,171.1,0.21026845302557956,0.2151495198514562,0.21270898643851788,0.04171566432948253,0.022280274414223603,0.053991857044924645,0.0408883849583423,-0.7755645683489156,True,2022-05-26,False
2022-05-30,16529.3,16592.65,16603.2,0.0038325881918775864,0.0038325881918775864,2022-06-02,16600.0,134.95,145.55,0.21336598938397977,0.23544940400544095,0.22440769669471036,0.04400997017102844,0.08708454418359414,0.05328179329016338,0.041065568392455995,0.8231409479197794,True,2022-05-27,False
2022-05-31,16599.45,16544.05,16531.25,-0.0033374599760836324,0.0033374599760836324,2022-06-02,16550.0,113.1,129.5,0.23595809479646307,0.23141336182187955,0.2336857283091713,0.045829541872946404,0.07282333271705178,0.05293287234566941,0.04067972161354833,0.4889527160568838,True,2022-05-30,False
2022-06-01,16602.2,16620.75,16614.9,0.0011173218007251612,0.0011173218007251612,2022-06-02,16600.0,103.85,95.55,0.24815986323092998,0.26521322990664686,0.2566865465687884,0.05034037345503828,0.022195341910268146,0.05350269737496802,0.04071547223465411,-0.7689301817320757,True,2022-05-31,False
2022-06-02,16496.45,16521.9,16523.65,0.0015427561687515027,0.0015427561687515027,2022-06-09,16500.0,189.45,191.15,0.19106262660695217,0.21840480302903353,0.20473371481799285,0.040151584882587917,0.038423294454325074,0.05308777878057292,0.04090831735882529,-0.3584719507678364,True,2022-06-01,False
2022-06-03,16763.75,16780.3,16765.2,0.0009872492729848198,0.0009872492729848198,2022-06-09,16750.0,167.2,157.4,0.18231146526334957,0.1884889818198604,0.18540022354160499,0.036359975294734934,0.027152088662936395,0.05229647106413977,0.04072159614217947,-0.6174704526171261,True,2022-06-02,False
2022-06-06,16547.7,16470.4,16461.95,-0.004671344053856383,0.004671344053856383,2022-06-09,16450.0,154.35,133.35,0.23939590752193862,0.22477801678807957,0.2320869621550091,0.04551599803380237,0.10263081676001519,0.052260641525404695,0.04074311130253374,1.2362869114386477,True,2022-06-03,False
2022-06-07,16487.25,16434.85,16431.2,-0.0031782134679829233,0.0031782134679829233,2022-06-09,16450.0,110.75,126.75,0.23286754717026215,0.2274190961426461,0.23014332165645413,0.04513481877112772,0.07041600153750908,0.05331984467538559,0.0412179285463641,0.4147747707139827,True,2022-06-06,False
2022-06-08,16481.55,16384.9,16394.05,-0.005864132924391081,0.005864132924391081,2022-06-09,16400.0,108.7,104.4,0.29166170003783265,0.2648784883909049,0.27827009421436877,0.05457325540186035,0.10745433603345529,0.053971707008755455,0.04117310245777226,1.2989701001898608,True,2022-06-07,False
2022-06-09,16279.4,16314.1,16317.85,0.0021315281889996394,0.0021315281889996394,2022-06-16,16300.0,183.35,168.65,0.19006469218590788,0.19350302876057485,0.19178386047324136,0.03761190949789284,0.05667162921146175,0.05357331450063158,0.040522118970640196,0.0764598394539786,True,2022-06-08,False
2022-06-10,16306.0,16265.55,16261.9,-0.0024806819575616786,0.0024806819575616786,2022-06-16,16250.0,160.8,146.5,0.18239012049685732,0.17956046722759778,0.18097529386222755,0.035492175187757186,0.06989377079422776,0.05298961822637054,0.04021478384650433,0.42034672205074186,True,2022-06-09,False
2022-06-13,15882.5,15792.2,15784.9,-0.0056855029120100285,0.0056855029120100285,2022-06-16,15800.0,151.1,160.15,0.26667565295704687,0.25649068566311306,0.26158316931007997,0.05130068018229012,0.11082704735702047,0.05406973115051967,0.03977427667344674,1.4269855030296985,True,2022-06-10,False
2022-06-14,15694.1,15667.15,15672.75,-0.001717205828942133,0.001717205828942133,2022-06-16,15650.0,154.65,126.75,0.2914885450287382,0.28096753166079536,0.2862280383447668,0.05613393664835961,0.030591223980944767,0.05589345632006123,0.03982710484831407,-0.635301823606883,True,2022-06-13,False
2022-06-15,15749.65,15700.7,15715.95,-0.0031080055747269883,0.0031080055747269883,2022-06-16,15700.0,123.75,100.25,0.3152280645445489,0.29460612910501627,0.3049170968247826,0.05979916256683181,0.05197406520958329,0.05524516264107653,0.03991852928773752,-0.08194433737562784,True,2022-06-14,False
2022-06-16,15843.35,15830.85,15844.65,-0.0007889745539926846,0.0007889745539926846,2022-06-23,15850.0,176.95,184.8,0.20158681756854774,0.20439306580200772,0.20298994168527773,0.03980960283524203,0.019818699454450056,0.055717564593871574,0.03970519291427213,-0.9041352655540827,True,2022-06-15,False
2022-06-17,15305.95,15208.65,15205.0,-0.006357004955589237,0.006357004955589237,2022-06-23,15200.0,218.4,194.0,0.27204352050052505,0.24759423090246097,0.259818875701493,0.05095467373852504,0.1247580347233767,0.05599483081651925,0.0393889438556994,1.7457488618829193,True,2022-06-16,False
2022-06-20,15351.9,15269.6,15259.15,-0.005360899953751606,0.005360899953751606,2022-06-23,15250.0,177.25,161.4,0.30063638687343186,0.28896527023031904,0.29480082855187545,0.05781519913112823,0.09272475117819405,0.057047783850786196,0.04037294297679704,0.883685079581936,True,2022-06-17,False
2022-06-21,15460.1,15439.1,15426.15,-0.0013583353277145684,0.0013583353277145684,2022-06-23,15450.0,114.2,130.35,0.26008796469901285,0.2441149000493581,0.2521014323741855,0.04944115858002553,0.02747377623677578,0.05795396186929895,0.04055601242777056,-0.7515577545205601,True,2022-06-20,False
2022-06-22,15563.3,15483.0,15476.1,-0.005159574126309926,0.005159574126309926,2022-06-23,15500.0,75.5,103.1,0.24040640583160444,0.2506984792543867,0.24555244254299557,0.04815679600527329,0.10714114215042338,0.05664072597459835,0.04023952551255181,1.2549953194669894,True,2022-06-21,False
2022-06-23,15461.2,15500.15,15518.35,0.0025192093757275573,0.0025192093757275573,2022-06-30,15500.0,185.3,177.15,0.20180818628989472,0.21351612918115537,0.20766215773552504,0.04072589978954712,0.06185767260504207,0.05609614517759498,0.039305047502984025,0.1465849246718166,True,2022-06-22,False
2022-06-24,15665.7,15704.2,15704.85,0.0024575984475637856,0.0024575984475637856,2022-06-30,15700.0,172.6,168.95,0.20759202802570176,0.20905615620890183,0.2083240921173018,0.04085571580221626,0.06015311197730797,0.05490404240862339,0.03798368514051561,0.13819274115363855,True,2022-06-23,False
2022-06-27,15914.95,15902.6,15893.15,-0.0007759999245992204,0.0007759999245992204,2022-06-30,15900.0,135.45,139.6,0.23202766579429207,0.22751465681273808,0.22977116130351508,0.045061832121057646,0.017220780604625955,0.0556125771920906,0.03767203675538926,-1.0191059441980508,True,2022-06-24,False
2022-06-28,15768.35,15724.75,15729.75,-0.0027650324859608243,0.0027650324859608243,2022-06-30,15750.0,111.4,129.15,0.24595396047824253,0.24087133707000746,0.243412648774125,0.047737147921329624,0.05792202941234722,0.05499117665157054,0.03799672007043444,0.07713436200134538,True,2022-06-27,False
2022-06-29,15717.65,15718.2,15706.65,3.4992508422129985e-05,3.4992508422129985e-05,2022-06-30,15700.0,84.4,94.7,0.22102787832949022,0.2672833426941459,0.24415561051181806,0.047882854705881536,0.0007307941148678379,0.055154794933528324,0.037987700220237376,-1.4326742735972977,True,2022-06-28,False
2022-06-30,15790.2,15850.45,15846.3,0.0038156578130739316,0.0038156578130739316,2022-07-07,15850.0,169.9,206.4,0.19274488010922353,0.22955983748685954,0.21115235879804153,0.04141038453278304,0.09214253516658893,0.054343138585525044,0.03862697093723398,0.9785752199540876,True,2022-06-29,False
2022-07-01,15708.3,15689.75,15689.9,-0.0011809043626617314,0.0011809043626617314,2022-07-07,15700.0,152.6,191.05,0.19235344288864137,0.22696736008464713,0.20966040148664425,0.04111778763108065,0.02872003652670004,0.05367730626586748,0.03759457347998692,-0.6638529827304248,True,2022-06-30,False
2022-07-04,15735.65,15742.2,15733.45,0.00041625226793943,0.00041625226793943,2022-07-07,15750.0,126.3,153.3,0.2268253320583249,0.24448049228727942,0.23565291217280215,0.04621533836938788,0.00900679909800568,0.05351345955570621,0.03768293457070323,-1.181082656240431,True,2022-07-01,False
2022-07-05,15913.5,15921.9,15918.3,0.0005278537091148796,0.0005278537091148796,2022-07-07,15900.0,110.55,105.7,0.2029603373898597,0.23001453075484818,0.21648743407235393,0.04245667887625247,0.012432760241407551,0.053606273913479406,0.03756417739367835,-1.0960845286339456,True,2022-07-04,False
2022-07-06,15830.05,15899.35,15898.7,0.0043777499123503144,0.0043777499123503144,2022-07-07,15900.0,74.8,99.55,0.2032607550885298,0.2664383342614697,0.23484954467499974,0.04605778504062324,0.09504907603544359,0.05235732306195719,0.03766819164530808,1.1333634854436674,True,2022-07-05,False
2022-07-07,16104.2,16078.45,16086.6,-0.0015989617615280486,0.0015989617615280486,2022-07-14,16100.0,167.3,183.55,0.19221165214524122,0.1953630953744549,0.19378737375984806,0.03800483078036014,0.04207259258089759,0.05247706696572104,0.037794187747448,-0.2752929750560917,True,2022-07-06,False
2022-07-08,16275.5,16187.7,16189.1,-0.005394611532671762,0.005394611532671762,2022-07-14,16200.0,140.25,151.8,0.17226724105826186,0.17303648005056405,0.17265186055441295,0.033859815616348155,0.1593219406093618,0.05152645295009621,0.03731566955782798,2.8887459058510325,True,2022-07-07,False
2022-07-11,16152.0,16140.0,16138.4,-0.0007429420505200594,0.0007429420505200594,2022-07-14,16150.0,108.45,134.0,0.18783798030903093,0.2108094921276109,0.19932373621832092,0.039090600788439976,0.01900564420948386,0.05388410058317658,0.03955434515005022,-0.8817857113139044,True,2022-07-08,False
2022-07-12,16134.75,16140.6,16134.85,0.0003625714684144696,0.0003625714684144696,2022-07-14,16150.0,83.8,125.5,0.18032442242121627,0.23292541948731532,0.2066249209542658,0.04052248092078339,0.008947415364899635,0.05231803330901329,0.03903203246408337,-1.1111544853325939,True,2022-07-11,False
2022-07-13,16129.2,16118.15,16126.25,-0.0006850928750341673,0.0006850928750341673,2022-07-14,16150.0,69.35,96.6,0.21411101406171817,0.22346239093717174,0.21878670249944496,0.04290760251381882,0.015966701351200558,0.05156948519197426,0.039430584014616805,-0.9029230667132866,True,2022-07-12,False
2022-07-14,16021.95,16005.4,16013.65,-0.0010329579108660988,0.0010329579108660988,2022-07-21,16000.0,163.35,158.05,0.17381758978210404,0.18310154041212634,0.1784595650971152,0.03499880018528739,0.02951409492318334,0.05040223383869446,0.03943063271048206,-0.5297439447366086,True,2022-07-13,False
2022-07-15,15994.45,15986.45,16002.1,-0.0005001734976820085,0.0005001734976820085,2022-07-21,16000.0,127.6,131.5,0.1514982513978927,0.15868166008613482,0.15508995574201376,0.030415642718875754,0.0164446137898511,0.05009336878514182,0.03952187800133191,-0.8513956496236523,True,2022-07-14,False
2022-07-18,16152.3,16172.4,16179.55,0.001244404821604376,0.001244404821604376,2022-07-21,16200.0,98.0,109.6,0.17707118883035616,0.16250441374017555,0.16978780128526585,0.03329812738167634,0.037371615747051314,0.04994108466288496,0.039635366649606124,-0.31712760542757723,True,2022-07-15,False
2022-07-19,16205.55,16257.8,16262.15,0.003224204053549556,0.003224204053549556,2022-07-21,16250.0,96.65,90.7,0.1776307787107267,0.18982393202411746,0.18372735536742207,0.03603189885381851,0.08948193562127155,0.050356649546533974,0.039365282566210455,0.993903346405066,True,2022-07-18,False
2022-07-20,16565.45,16529.8,16535.0,-0.0021520695181840186,0.0021520695181840186,2022-07-21,16550.0,54.35,75.55,0.1593954812438521,0.1755182866212176,0.16745688393253486,0.03284099687913221,0.06552996932780333,0.051359648153092304,0.03958578605540271,0.35796488049722713,True,2022-07-19,False
2022-07-21,16523.7,16515.1,16516.85,-0.0005204645448659914,0.0005204645448659914,2022-07-28,16500.0,150.4,131.35,0.1527898480403339,0.1504168093705196,0.15160332870542675,0.029731858899792008,0.017505281005811325,0.05175283785424155,0.03960778016475175,-0.8646674139771217,True,2022-07-20,False
2022-07-22,16666.8,16701.3,16698.55,0.002069983440132479,0.002069983440132479,2022-07-28,16700.0,119.15,135.05,0.13750806279772482,0.15408448813523262,0.14579627546647872,0.028593002062027847,0.07239475713819725,0.05183297455288872,0.03953221305423295,0.5201272834662835,True,2022-07-21,False
2022-07-25,16671.15,16677.35,16661.2,0.0003718999589108783,0.0003718999589108783,2022-07-28,16650.0,122.1,108.65,0.18567189453387112,0.18208053008525865,0.18387621230956488,0.03606109210200005,0.01031305313380267,0.05228635400743553,0.03961067039056912,-1.0596463139797367,True,2022-07-22,False
2022-07-26,16636.1,16556.15,16564.75,-0.004805813862623878,0.004805813862623878,2022-07-28,16550.0,106.35,88.0,0.19050827460209013,0.18355375207170466,0.1870310133368974,0.03667979948661047,0.13102072339239976,0.05228570282338452,0.03961137177243105,1.9876872990249153,True,2022-07-25,False
2022-07-27,16479.9,16445.35,16443.0,-0.0020964933039643997,0.0020964933039643997,2022-07-28,16450.0,74.9,84.4,0.20405666111501636,0.21057179286437627,0.20731422698969632,0.040657664956379444,0.051564528022297225,0.05441025303087897,0.04036435212889199,-0.0705009459707105,True,2022-07-26,False
2022-07-28,16776.2,16781.05,16784.85,0.0002891000345727009,0.0002891000345727009,2022-08-04,16800.0,148.25,152.9,0.16492020903117788,0.15378953355700586,0.15935487129409187,0.03125206147364005,0.009250590871150885,0.054453800056004927,0.040359772530577556,-1.1200065399428845,True,2022-07-27,False
2022-07-29,17064.75,17101.2,17096.2,0.0021359820682987285,0.0021359820682987285,2022-08-04,17100.0,137.5,131.75,0.1561683975980775,0.1454679830090418,0.15081819030355964,0.02957788059086926,0.07221552138384485,0.05370692935274593,0.04077957934443966,0.45386912588696393,True,2022-07-28,False
2022-08-01,17243.7,17224.0,17215.85,-0.0011424462267379232,0.0011424462267379232,2022-08-04,17200.0,124.25,108.6,0.17930877888500446,0.1796179893641922,0.17946338412459834,0.03519566529333556,0.032459855985567915,0.054844754835193694,0.04031742898666376,-0.55521642654918,True,2022-07-29,False
2022-08-02,17294.2,17321.45,17311.4,0.0015756727689051821,0.0015756727689051821,2022-08-04,17300.0,106.55,102.55,0.18586324062084114,0.19952832447906538,0.19269578254995326,0.03779075213112476,0.041694665494827386,0.05352531208632307,0.039718646107663666,-0.29786127551847685,True,2022-08-01,False
2022-08-03,17350.25,17357.1,17336.0,0.0003948069912536445,0.0003948069912536445,2022-08-04,17350.0,76.85,99.75,0.20663152034011106,0.22865725970983936,0.2176443900249752,0.04268357660620568,0.009249622984879958,0.05310643782447876,0.0397085096978477,-1.104468920473637,True,2022-08-02,False
2022-08-04,17467.55,17461.95,17457.0,-0.0003205944737526754,0.0003205944737526754,2022-08-11,17450.0,177.3,174.4,0.17708827623125067,0.1812671389037233,0.179177707567487,0.0351396395110553,0.009123442306567003,0.05270359748529248,0.040032890728052724,-1.0886087511084237,True,2022-08-03,False
2022-08-05,17416.95,17445.6,17454.75,0.0016449493166138627,0.0016449493166138627,2022-08-11,17450.0,164.4,154.9,0.1778295573704522,0.17261527458279696,0.17522241597662458,0.03436394301091081,0.04786846829805238,0.04996713215503346,0.03715724957142989,-0.05648060287526612,True,2022-08-04,False
2022-08-08,17404.1,17420.55,17420.65,0.0009451795841210249,0.0009451795841210249,2022-08-11,17400.0,137.0,112.25,0.19286959272954096,0.18659995552196745,0.1897347741257542,0.037210050602859236,0.025401190506534728,0.0502694088275872,0.03706349722086424,-0.6709625422787505,True,2022-08-05,False
2022-08-10,17557.2,17526.05,17512.15,-0.0017742008976375193,0.0017742008976375193,2022-08-11,17500.0,103.25,86.9,0.2374703867259051,0.22718032266508859,0.23232535469549684,0.0455627506574886,0.03893972317375697,0.05004347807874806,0.03717477333015509,-0.2986905880064653,True,2022-08-08,False
2022-08-11,17717.5,17674.05,17672.65,-0.0024523775927755456,0.0024523775927755456,2022-08-18,17650.0,169.35,125.1,0.15887935141112813,0.13708484089290396,0.14798209615201605,0.029021676766980524,0.08450158178199213,0.049749191602554005,0.037191900923777055,0.9344074735696197,True,2022-08-10,False
2022-08-12,17649.05,17606.2,17600.7,-0.0024278927194380743,0.0024278927194380743,2022-08-18,17600.0,126.1,114.2,0.1368635436264941,0.12467336247935754,0.13076845305292584,0.025645803610738878,0.0946701751401318,0.05034688355517901,0.03746095741250637,1.183186299722159,True,2022-08-11,False
2022-08-16,17799.65,17802.6,17803.95,0.00016573359588514883,0.00016573359588514883,2022-08-18,17800.0,85.9,84.6,0.15048535016283088,0.15523875556795513,0.152862052865393,0.02997871501724965,0.005528375575463668,0.051917622075261356,0.03730781017258684,-1.2434191737654905,True,2022-08-12,False
2022-08-17,17869.1,17880.25,17874.5,0.0006239821815313282,0.0006239821815313282,2022-08-18,17850.0,80.45,56.25,0.16184859814039798,0.16257554880563124,0.1622120734730146,0.03181240492227877,0.019614429750148907,0.0504219619650078,0.03733925498592037,-0.8250708865636335,True,2022-08-16,False
2022-08-18,17916.05,17874.5,17875.45,-0.002319149589334662,0.002319149589334662,2022-08-25,17900.0,144.7,149.3,0.15577724642499385,0.13589566396427816,0.145836455194636,0.028600881955024957,0.08108664596362929,0.05038618442282735,0.03736819980113307,0.8215665112096474,True,2022-08-17,False
2022-08-19,17975.35,17963.25,17972.95,-0.0006731440556094065,0.0006731440556094065,2022-08-25,17950.0,132.15,108.95,0.1283281753860454,0.12806077036411118,0.1281944728750783,0.025141004566337125,0.026774747756528453,0.05097684107761555,0.03757155598233475,-0.6441599951960026,True,2022-08-18,False
2022-08-22,17690.05,17622.85,17634.1,-0.0037987456225392654,0.0037987456225392654,2022-08-25,17650.0,109.5,118.45,0.17659121710848763,0.16610980056891245,0.17135050883870004,0.0336045995474071,0.11304243090831217,0.05137425386193149,0.03717878282089744,1.6586927372920408,True,2022-08-19,False
2022-08-23,17369.6,17483.95,17500.65,0.006583341009580082,0.006583341009580082,2022-08-25,17500.0,101.2,96.7,0.18402841423278876,0.17700461448842292,0.18051651436060584,0.03540220112501852,0.18595852236226282,0.0525907683475179,0.03798737923445401,3.5108437776560875,True,2022-08-22,False
2022-08-24,17556.7,17574.8,17566.1,0.0010309454510243124,0.0010309454510243124,2022-08-25,17550.0,88.7,73.6,0.1961230960756068,0.19857036295425562,0.1973467295149312,0.0387028778746289,0.02663743648118047,0.05531873914665189,0.041489459591121124,-0.6912913050236332,True,2022-08-23,False
2022-08-25,17668.25,17694.45,17697.1,0.0014828859677670809,0.0014828859677670809,2022-09-01,17700.0,160.25,130.3,0.16249427742459593,0.1294799783841214,0.14598712790435867,0.02863043130452656,0.051794049205700646,0.05431128735161166,0.041438906098221644,-0.06074576727350062,True,2022-08-24,False
2022-08-26,17628.1,17664.55,17669.15,0.002067721422047795,0.002067721422047795,2022-09-01,17650.0,153.7,118.6,0.15611755232887825,0.1387880801922851,0.14745281626058168,0.02891787644026606,0.07150322487610611,0.05396079929308915,0.04136855096546162,0.4240522129398015,True,2022-08-25,False
2022-08-29,17204.45,17242.7,17254.05,0.00222326200488827,0.00222326200488827,2022-09-01,17250.0,137.2,128.5,0.20812628879423328,0.20096551554729913,0.2045459021707662,0.04011475179208376,0.05542255418683679,0.05478259734251978,0.04121630309750338,0.015526789067012992,True,2022-08-26,False
2022-08-30,17415.35,17454.95,17459.85,0.0022738561096964567,0.0022738561096964567,2022-09-01,17450.0,86.9,83.4,0.14976533834636097,0.1613924826051782,0.15557891047576958,0.030511534631517463,0.07452447532244524,0.05506591833806164,0.0411603316780699,0.47275024741239063,True,2022-08-29,False
2022-09-01,17523.15,17556.85,17561.5,0.001923170206269825,0.001923170206269825,2022-09-08,17550.0,186.55,167.0,0.1831127510783504,0.17495397759789771,0.17903336433812406,0.03511133147477928,0.05477349122038428,0.055855458115720125,0.04107006260415162,-0.026344417970925415,True,2022-08-30,False
2022-09-02,17605.1,17568.8,17569.7,-0.0020619025168842706,0.0020619025168842706,2022-09-08,17550.0,172.0,156.2,0.17668159271317563,0.1809411966252354,0.1788113946692055,0.03506779964119307,0.05879760173096852,0.055057836023392946,0.040608364528722136,0.09209348248759075,True,2022-09-01,False
2022-09-05,17551.5,17594.7,17599.65,0.0024613280916161427,0.0024613280916161427,2022-09-08,17600.0,141.75,137.5,0.21421625516123466,0.20727295635579052,0.2107446057585126,0.04133041758257978,0.059552461252014056,0.05486419602661727,0.0405615622766111,0.11558394110722332,True,2022-09-02,False
2022-09-06,17713.55,17722.15,17720.5,0.0004855040350467401,0.0004855040350467401,2022-09-08,17700.0,126.3,103.9,0.20868366207545253,0.20524974068513657,0.20696670138029455,0.040589509577002025,0.01196131808702183,0.054065831446926574,0.0399760931883475,-1.0532423256452095,True,2022-09-05,False
2022-09-07,17542.7,17569.6,17547.55,0.0015334013578296281,0.0015334013578296281,2022-09-08,17550.0,92.55,98.7,0.2288765413588224,0.23790823306066694,0.23339238720974467,0.045772012950249664,0.03350085038856182,0.053320659594852576,0.04034173440796837,-0.4912978952728396,True,2022-09-06,False
2022-09-08,17751.95,17774.5,17778.25,0.001270282982996193,0.001270282982996193,2022-09-15,17800.0,151.2,174.95,0.16181347767378945,0.1638160488374814,0.16281476325563543,0.03193060211313364,0.03978261914684354,0.05271411092142482,0.04036191343503393,-0.3203884720528836,True,2022-09-07,False
2022-09-09,17902.35,17891.6,17891.85,-0.0006004798252743355,0.0006004798252743355,2022-09-15,17900.0,135.45,136.05,0.1493080387428362,0.14122390436381488,0.14526597155332555,0.02848900090813159,0.021077602096707473,0.05153003711792186,0.03966425782167479,-0.7677550695168549,True,2022-09-08,False
2022-09-12,17897.7,17915.25,17914.3,0.0009805729227777464,0.0009805729227777464,2022-09-15,17900.0,124.3,115.0,0.1735799755536282,0.18100586420384274,0.17729291987873547,0.03477000223398132,0.0282016928322028,0.051371476753184576,0.03976826006002249,-0.5826200061559513,True,2022-09-09,False
2022-09-13,18045.45,18038.15,18046.55,-0.00040453410693550295,0.00040453410693550295,2022-09-15,18050.0,100.15,98.45,0.18019428506210267,0.1710832290402668,0.17563875705118473,0.03444559421335282,0.011744146564285005,0.0509752705468949,0.03988041722333224,-0.9837189957896811,True,2022-09-12,False
2022-09-14,17791.75,17916.8,17907.7,0.007028538508016315,0.007028538508016315,2022-09-15,17900.0,94.75,91.25,0.21734696047743496,0.22740077144041676,0.22237386595892586,0.04361110314760113,0.16116396974019048,0.05084069466539214,0.04000077870495067,2.7580281846149224,True,2022-09-13,False
2022-09-15,18054.75,18074.65,18063.85,0.0011022030213656492,0.0011022030213656492,2022-09-22,18050.0,179.6,170.5,0.16999688027242432,0.17467817333176877,0.17233752680209655,0.03379816969570038,0.03261132278135953,0.05144746024900571,0.0413929162687592,-0.4550570282447707,True,2022-09-14,False
2022-09-16,17818.6,17783.1,17770.75,-0.001992300180710045,0.001992300180710045,2022-09-22,17750.0,165.75,148.0,0.16734646601399905,0.17058686482357655,0.1689666654187878,0.033137089389119315,0.06012296847544564,0.05044556977572514,0.04110338263405659,0.23544044503291564,True,2022-09-15,False
2022-09-19,17548.75,17465.25,17503.2,-0.004758173659092528,0.004758173659092528,2022-09-22,17500.0,164.3,151.5,0.24694540094104522,0.2323730323866724,0.2396592166638588,0.04700103932236066,0.10123549878244577,0.050989722979702966,0.04101012242931389,1.225204238035322,True,2022-09-16,False
2022-09-20,17770.7,17811.5,17816.75,0.0022959140607854093,0.0022959140607854093,2022-09-22,17800.0,129.75,113.1,0.21726803696942731,0.2174475914700938,0.21735781421976055,0.04262737446686286,0.05386008614183307,0.050891295590236675,0.04087995099180395,0.0726221651339946,True,2022-09-19,False
2022-09-21,17769.45,17833.55,17825.7,0.0036073148015272585,0.0036073148015272585,2022-09-22,17850.0,98.25,125.4,0.26407621332527453,0.2709459752932375,0.267511094309256,0.05246324192251755,0.06875889993330696,0.05075800248251652,0.04085661979053663,0.44058704667878257,True,2022-09-20,False
2022-09-22,17626.4,17662.15,17654.4,0.002028207688467299,0.002028207688467299,2022-09-29,17650.0,202.0,196.6,0.20130836163194454,0.20030066721599737,0.20080451442397096,0.039381005287128915,0.051502181665489075,0.05090143228178317,0.04090523760794325,0.014686368270581748,True,2022-09-21,False
2022-09-23,17610.45,17541.95,17519.3,-0.003889735923840674,0.003889735923840674,2022-09-29,17500.0,177.7,162.9,0.18365866627548894,0.1885870954049007,0.18612288084019482,0.03650170005116377,0.10656314413817718,0.051472788966130896,0.04066553470478838,1.354718573651495,True,2022-09-22,False
2022-09-26,17182.55,17157.5,17164.2,-0.0014578744132855293,0.0014578744132855293,2022-09-29,17150.0,171.55,154.6,0.25447038911664577,0.25020973104309696,0.25234006007987136,0.049487957323401534,0.029459175365804387,0.0522834742115614,0.041276533110841666,-0.552960656469523,True,2022-09-23,False
2022-09-27,17113.6,17146.1,17163.5,0.001899074420344054,0.001899074420344054,2022-09-29,17150.0,132.25,120.75,0.23332405231325448,0.2370492811658126,0.23518666673953353,0.046123900116989414,0.04117332696340098,0.05276228056574366,0.0408326251692497,-0.28381603079172363,True,2022-09-26,False
2022-09-28,16890.0,16883.35,16869.75,-0.0003937240970989612,0.0003937240970989612,2022-09-29,16850.0,112.5,95.05,0.2599557220618137,0.2658161176386101,0.2628859198502119,0.05155617058326998,0.007636798711864085,0.051912793762357204,0.040528520014202755,-1.0924651340581177,True,2022-09-27,False
2022-09-29,17007.15,16971.35,16975.6,-0.002104997015961105,0.002104997015961105,2022-10-06,17000.0,194.75,202.15,0.21643696435099063,0.19861521318594927,0.20752608876846995,0.04069921446961603,0.05172082663985049,0.05156140646544327,0.04082333714955118,0.003905123528319167,True,2022-09-28,False
2022-09-30,16808.7,16784.6,16764.5,-0.0014337813156283462,0.0014337813156283462,2022-10-06,16750.0,197.7,178.35,0.21761500216048918,0.21206767162649603,0.2148413368934926,0.04213385265947232,0.03402920039656071,0.05227330692447401,0.04043929729483664,-0.45114796122440876,True,2022-09-29,False
2022-10-03,17070.95,17038.4,17031.65,-0.001906748013437991,0.001906748013437991,2022-10-06,17050.0,129.6,163.65,0.2160316997273029,0.24053774281646567,0.2282847212718843,0.044770317246939535,0.04258955778492579,0.05263324759372657,0.04017391724932561,-0.2500052396301827,True,2022-09-30,False
2022-10-04,17129.45,17215.25,17216.05,0.005008917390809353,0.005008917390809353,2022-10-06,17200.0,109.55,95.75,0.1879857894218644,0.1921684924187878,0.1900771409203261,0.037277194255410324,0.13436948490516745,0.05175892228955127,0.0398043053034044,2.0754177716688007,True,2022-10-03,False
2022-10-06,17382.55,17394.6,17402.8,0.0006932239516065982,0.0006932239516065982,2022-10-13,17400.0,179.7,176.65,0.18223757631272514,0.1819820312594197,0.18210980378607242,0.035714670889297556,0.019410061309408096,0.0532972038282891,0.04118319592874317,-0.8228390671164497,True,2022-10-04,False
2022-10-07,17299.6,17267.7,17250.0,-0.0018439732710581642,0.0018439732710581642,2022-10-13,17250.0,148.75,146.3,0.16518579107010278,0.16246498059015912,0.16382538583013095,0.032128801506527103,0.05739315457140701,0.050965339173289874,0.03898024707069534,0.16489929852059482,True,2022-10-06,False
2022-10-10,17106.2,17122.1,17120.35,0.0009294875542199797,0.0009294875542199797,2022-10-13,17100.0,129.6,124.05,0.18498412283753246,0.20801005591441146,0.19649708937597196,0.03853624973431795,0.02411982381856522,0.051605131012655264,0.03876121045769645,-0.7090931080206383,True,2022-10-07,False
2022-10-11,17261.8,17192.25,17195.7,-0.004029127900914115,0.004029127900914115,2022-10-13,17200.0,111.0,120.6,0.2100296035039928,0.2198699405933474,0.2149497720486701,0.042155118543018844,0.09557861631446805,0.051858004486883026,0.038526983597067764,1.1348049534537799,True,2022-10-10,False
2022-10-12,17028.6,17052.25,17046.35,0.001388839951610905,0.001388839951610905,2022-10-13,17050.0,90.05,103.95,0.2308073128226793,0.2565638494763951,0.2436855811495372,0.04779067436394955,0.029060898807039298,0.05318486973627081,0.03864068537629383,-0.6243152960229748,True,2022-10-11,False
2022-10-13,17104.45,17087.8,17072.3,-0.0009734308907916627,0.0009734308907916627,2022-10-20,17050.0,192.25,192.6,0.188566912463144,0.21220636708598323,0.2003866397745636,0.03929905332591492,0.024769830527946957,0.05317731646766841,0.038645434835674716,-0.7350799922555843,True,2022-10-12,False
2022-10-14,17293.45,17291.4,17311.45,-0.00011854199133193622,0.00011854199133193622,2022-10-20,17300.0,157.9,139.4,0.16836929501275988,0.16056153962810865,0.16446541732043427,0.032254322008772124,0.00367522812290696,0.05331607007997001,0.038526074604655944,-1.2884998657782765,True,2022-10-13,False
2022-10-17,17155.1,17125.4,17107.95,-0.0017312635892531721,0.0017312635892531721,2022-10-20,17100.0,135.35,121.95,0.2039813531652131,0.19551404149294233,0.1997476973290777,0.03917374640293049,0.04419448605823569,0.0527544636195676,0.03900506496867373,-0.21945810289527043,True,2022-10-14,False
2022-10-18,17447.6,17478.6,17475.45,0.001776748664572778,0.001776748664572778,2022-10-20,17500.0,86.6,110.3,0.17962106967896146,0.17806147372895864,0.17884127170396005,0.03507365900977852,0.050657636378269554,0.051999672793517006,0.038719437146631785,-0.03466053522847236,True,2022-10-17,False
2022-10-19,17584.55,17560.2,17561.2,-0.0013847383072070963,0.0013847383072070963,2022-10-20,17550.0,76.85,68.3,0.17349869723393857,0.17997674074429265,0.1767377189891156,0.034661118381283794,0.039950768234726756,0.051751800577691444,0.03867893476165328,-0.30510230997013804,True,2022-10-18,False
2022-10-20,17442.25,17445.9,17451.95,0.0002092619931489031,0.0002092619931489031,2022-10-27,17450.0,136.0,168.05,0.13761363026045675,0.1722680264965305,0.15494082837849363,0.030386396436698836,0.006886699894962511,0.0521258920315067,0.03844996380067086,-1.1765730748426575,True,2022-10-19,False
2022-10-21,17624.75,17646.0,17641.35,0.0012056908608632747,0.0012056908608632747,2022-10-27,17650.0,106.2,130.35,0.11992542045851354,0.13675956027095065,0.1283424903647321,0.025170033184340888,0.0479018383501129,0.05103409107745279,0.03879319770731231,-0.08074231856244939,True,2022-10-20,False
2022-10-24,,,,,,2022-10-27,,,,,,,,,0.051660570831057954,0.038426217783642115,,False,2022-10-21,False
2022-10-25,17811.5,17739.7,17734.55,-0.004031103500547358,0.004031103500547358,2022-10-27,17750.0,66.35,83.1,0.13283087217964568,0.135178195114311,0.13400453364697834,0.026280451229840136,0.15338791047736053,,,,False,2022-10-24,False
2022-10-27,17777.25,17766.0,17769.9,-0.0006328312871788382,0.0006328312871788382,2022-11-03,17750.0,175.95,128.6,0.1660528154873666,0.13852385452724447,0.15228833500730554,0.029866199688261777,0.021188878859186022,,,,False,2022-10-25,False
2022-10-28,17760.4,17795.3,17792.3,0.001965045832300951,0.001965045832300951,2022-11-03,17800.0,131.8,129.9,0.14597729539463755,0.1356406436912138,0.14080896954292568,0.027614910899548855,0.0711588691866123,,,,False,2022-10-27,False
2022-10-31,17910.6,17953.0,17955.7,0.00236731321117112,0.00236731321117112,2022-11-03,17950.0,113.35,98.5,0.16346918026240637,0.14992681365256433,0.15669799695748535,0.03073100554719695,0.07703337944914881,,,,False,2022-10-28,False
2022-11-01,18090.85,18119.95,18117.4,0.0016085479676191106,0.0016085479676191106,2022-11-03,18100.0,98.6,81.25,0.15802307742555233,0.15811149486434933,0.15806728614495083,0.030999545250529184,0.05188940529995844,,,,False,2022-10-31,False
2022-11-02,18178.75,18134.7,18118.85,-0.002423158908065696,0.002423158908065696,2022-11-03,18100.0,98.55,72.1,0.21005144246058477,0.19200459920668184,0.2010280208336333,0.039424838500370506,0.06146274785736722,,,,False,2022-11-01,False
2022-11-03,17972.6,18036.5,18047.65,0.0035554121273494907,0.0035554121273494907,2022-11-10,18050.0,166.8,157.95,0.16552597815927106,0.1544884628746851,0.16000722051697808,0.031379997681992886,0.11330186073881485,,,,False,2022-11-02,False
2022-11-04,18064.75,18084.3,18088.8,0.001082218131997358,0.001082218131997358,2022-11-10,18100.0,122.45,127.5,0.13547926949137334,0.12896416111950942,0.13222171530544138,0.02593081178704444,0.04173483425374504,,,,False,2022-11-03,False
2022-11-07,18215.35,18199.25,18194.75,-0.0008838699228946216,0.0008838699228946216,2022-11-10,18200.0,96.45,85.75,0.1445960142178651,0.12130593725564859,0.13295097573675685,0.026073831524343234,0.03389873567563006,,,,False,2022-11-04,False
2022-11-09,18296.4,18232.25,18241.75,-0.0035061542161300284,0.0035061542161300284,2022-11-10,18250.0,65.3,67.0,0.16279663940147743,0.14740082488564143,0.15509873214355943,0.03041736391282731,0.11526818123287297,,,,False,2022-11-07,False
2022-11-10,18071.05,18061.35,18059.35,-0.0005367701378724937,0.0005367701378724937,2022-11-17,18050.0,165.45,125.0,0.15833914658204684,0.12769092754981187,0.14301503706592936,0.0280475563360142,0.019137857553146585,,,,False,2022-11-09,False
2022-11-11,18284.9,18299.05,18319.75,0.0007738625860681664,0.0007738625860681664,2022-11-17,18300.0,140.65,94.6,0.13656876207797664,0.10899016859333199,0.12277946533565431,0.024079034215961165,0.03213843957060369,,,,False,2022-11-10,False
2022-11-14,18379.0,18385.55,18384.75,0.000356385004624804,0.000356385004624804,2022-11-17,18400.0,91.95,96.1,0.1435482477218561,0.1274823517711423,0.1355152997464992,0.026576736838375956,0.013409659989190074,,,,False,2022-11-11,False
2022-11-15,18370.75,18330.7,18329.9,-0.0021800960766435377,0.0021800960766435377,2022-11-17,18350.0,77.75,75.55,0.1522028219730548,0.11316242502498416,0.1326826234990195,0.0260212033206225,0.08378152423549734,,,,False,2022-11-14,False
2022-11-16,18417.05,18368.45,18363.05,-0.002638859100670224,0.002638859100670224,2022-11-17,18350.0,74.15,55.15,0.1573285713530333,0.14339916771603056,0.15036386953453193,0.02948878095753454,0.0894868833157371,,,,False,2022-11-15,False
2022-11-17,18363.65,18386.95,18382.65,0.0012688109390017383,0.0012688109390017383,2022-11-24,18400.0,140.0,123.4,0.14362445936787965,0.11074509686201903,0.12718477811494933,0.024942987132311356,0.05086844379429238,,,,False,2022-11-16,False
2022-11-18,18385.05,18325.55,18328.65,-0.00323632516637159,0.00323632516637159,2022-11-24,18350.0,117.95,103.25,0.1340568591908473,0.09628553280662633,0.11517119599873682,0.02258692983851455,0.14328309289973115,,,,False,2022-11-17,False
2022-11-21,18262.3,18174.05,18167.2,-0.004832359560405864,0.004832359560405864,2022-11-24,18150.0,114.3,70.85,0.15430268083191956,0.11579253789638241,0.135047609364151,0.026485015208148527,0.18245636343524216,,,,False,2022-11-18,False
2022-11-22,18189.85,18153.15,18158.6,-0.002017608721347185,0.002017608721347185,2022-11-24,18150.0,92.7,58.05,0.15534352143884772,0.10948246508391807,0.1324129932613829,0.02596832448050082,0.07769499040502877,,,,False,2022-11-21,False
2022-11-23,18325.4,18299.25,18294.85,-0.001426981130016341,0.001426981130016341,2022-11-24,18300.0,65.0,37.0,0.15811684313259194,0.08044340192727573,0.11928012252993384,0.023392756629379657,0.06100098216830731,,,,False,2022-11-22,False
2022-11-24,18327.0,18304.05,18307.55,-0.001252250777541372,0.001252250777541372,2022-12-01,18300.0,135.95,81.85,0.12840121782563224,0.0831497310209598,0.10577547442329602,0.02074427723630465,0.060366083777062256,,,,False,2022-11-23,False
2022-11-25,18533.15,18478.95,18476.15,-0.0029244893609559476,0.0029244893609559476,2022-12-01,18500.0,103.8,91.75,0.11949831417913478,0.08211660561416007,0.10080745989664743,0.019769969428027976,0.14792584134246994,,,,False,2022-11-24,False
2022-11-28,18454.7,18519.6,18524.2,0.0035167193181139663,0.0035167193181139663,2022-12-01,18500.0,106.45,70.8,0.13467724334621556,0.11814729685002376,0.12641227009811967,0.02479148584568746,0.14185189786539995,,,,False,2022-11-25,False
2022-11-29,18561.4,18624.1,18622.25,0.0033779779542489835,0.0033779779542489835,2022-12-01,18600.0,87.75,63.2,0.13055830046767275,0.12658499124471068,0.1285716458561917,0.025214974273671635,0.13396713863698523,,,,False,2022-11-28,False
2022-11-30,18634.3,18654.8,18660.6,0.0011001218183672046,0.0011001218183672046,2022-12-01,18650.0,59.35,47.55,0.12372034185911232,0.12095638581605556,0.12233836383758394,0.02399252709495594,0.04585268629741335,,,,False,2022-11-29,False
2022-12-01,18874.3,18855.0,18855.85,-0.001022554478841561,0.001022554478841561,2022-12-08,18850.0,138.25,114.65,0.1276462090786432,0.11089767853203836,0.11927194380534079,0.023391152649522108,0.04371543780517598,,,,False,2022-11-30,False
2022-12-02,18775.3,18728.3,18727.15,-0.0025032888955169824,0.0025032888955169824,2022-12-08,18750.0,117.7,101.85,0.13167086762399066,0.09196637232451704,0.11181861997425385,0.021929435585836016,0.11415199838220322,,,,False,2022-12-01,False
2022-12-05,18728.6,18653.8,18653.7,-0.003993891695054584,0.003993891695054584,2022-12-08,18650.0,116.0,74.45,0.16256110131981927,0.10864704606742384,0.13560407369362154,0.02659414684178655,0.15017935032151913,,,,False,2022-12-02,False
2022-12-06,18628.6,18608.7,18606.8,-0.0010682498953221294,0.0010682498953221294,2022-12-08,18600.0,100.5,72.05,0.16657335420114094,0.12939960107436826,0.1479864776377546,0.029022536047029732,0.03680759991446226,,,,False,2022-12-05,False
2022-12-07,18647.55,18620.0,18613.3,-0.0014774058790564591,0.0014774058790564591,2022-12-08,18600.0,85.4,58.6,0.1808743615945646,0.14971070308252277,0.16529253233854369,0.03241653260943849,0.045575691171433105,,,,False,2022-12-06,False
2022-12-08,18578.3,18571.05,18578.25,-0.0003902402265008101,0.0003902402265008101,2022-12-15,18600.0,136.2,118.3,0.140474288280732,0.10244592424628882,0.1214601062635104,0.023820286613872803,0.01638268392092043,,,,False,2022-12-07,False
2022-12-09,18664.65,18625.7,18629.2,-0.0020868325953072105,0.0020868325953072105,2022-12-15,18650.0,115.15,80.5,0.1287449868619151,0.07153323535782796,0.10013911110987153,0.019638895447041192,0.10626018153284755,,,,False,2022-12-08,False
2022-12-12,18415.0,18354.95,18361.35,-0.003260928590822659,0.003260928590822659,2022-12-15,18350.0,119.3,67.85,0.16430749708103565,0.10620269540041083,0.13525509624072324,0.02652570673247377,0.12293465443582348,,,,False,2022-12-09,False
2022-12-13,18529.9,18533.95,18535.1,0.00021856566953946173,0.00021856566953946173,2022-12-15,18550.0,82.0,72.95,0.15367275860964924,0.11231042824354812,0.13299159342659866,0.026081797308693252,0.00838000797846137,,,,False,2022-12-12,False
2022-12-14,18671.9,18674.6,18673.1,0.00014460231685029854,0.00014460231685029854,2022-12-15,18650.0,89.75,43.95,0.1782372415198153,0.12561097871902704,0.15192411011942117,0.029794769310928757,0.0048532786188499955,,,,False,2022-12-13,False
2022-12-15,18618.6,18612.2,18604.35,-0.000343742279226033,0.000343742279226033,2022-12-22,18600.0,127.9,93.3,0.12019574644109574,0.09126926281433681,0.10573250462771627,0.020735850166067875,0.0165771972922785,,,,False,2022-12-14,False
2022-12-16,18331.2,18404.8,18416.5,0.004015012656018075,0.004015012656018075,2022-12-22,18400.0,123.05,98.65,0.11926545626579682,0.11102990407206381,0.11514768016893032,0.022582318004858333,0.1777945317727919,,,,False,2022-12-15,False
2022-12-19,18288.25,18279.45,18286.55,-0.00048118327341321735,0.00048118327341321735,2022-12-22,18300.0,100.05,89.9,0.15485576680091334,0.12052916734103428,0.13769246707097382,0.02700371447960106,0.017819151279232684,,,,False,2022-12-16,False
2022-12-20,18355.2,18295.4,18284.35,-0.003257932357043196,0.003257932357043196,2022-12-22,18300.0,80.65,83.9,0.15403451943082624,0.13232884207444784,0.14318168075263704,0.028080237851796492,0.11602224932132343,,,,False,2022-12-19,False
2022-12-21,18445.7,18453.4,18458.45,0.0004174414633221145,0.0004174414633221145,2022-12-22,18450.0,67.35,47.35,0.1463079132104464,0.11945252107847837,0.13288021714446238,0.026059954622694625,0.01601850307746049,,,,False,2022-12-20,False
2022-12-22,18291.05,18201.55,18198.7,-0.004893103457701991,0.004893103457701991,2022-12-29,18200.0,196.5,136.6,0.1926726664847933,0.1328598881482071,0.1627662773165002,0.03192109323814189,0.1532874648495847,,,,False,2022-12-21,False
2022-12-23,18003.25,17977.95,18005.5,-0.0014053018205045908,0.0014053018205045908,2022-12-29,18000.0,182.0,104.2,0.1907196341227585,0.11377605900560978,0.15224784656418414,0.029858259251279044,0.04706576524364499,,,,False,2022-12-22,False
2022-12-26,17832.9,17904.2,17906.8,0.003998227994325055,0.003998227994325055,2022-12-29,17900.0,135.35,99.4,0.1957415094554839,0.15247714368874338,0.17410932657211364,0.03414564821883486,0.11709333993898578,,,,False,2022-12-23,False
2022-12-27,18081.9,18062.85,18038.05,-0.0010535397275730377,0.0010535397275730377,2022-12-29,18050.0,90.95,93.1,0.1712870770948245,0.1539237618755948,0.16260541948520965,0.031889546421962484,0.03303714996860099,,,,False,2022-12-26,False
2022-12-28,18093.0,18089.8,18095.8,-0.00017686398054500235,0.00017686398054500235,2022-12-29,18100.0,67.3,78.0,0.16420549754718422,0.1795936978397804,0.17189959769348231,0.03371228473145445,0.005246276897394131,,,,False,2022-12-27,False
2022-12-29,18059.8,18056.3,18047.95,-0.0001938005957984031,0.0001938005957984031,2023-01-05,18050.0,147.8,131.5,0.14665331496359962,0.12856996789127495,0.1376116414274373,0.026987863266770617,0.007181027778402309,,,,False,2022-12-28,False
2022-12-30,18264.7,18251.85,18259.8,-0.0007035428996918746,0.0007035428996918746,2023-01-05,18250.0,124.5,100.85,0.12543558472838046,0.11089297231149903,0.11816427851993974,0.02317392161472252,0.03035925085916015,,,,False,2022-12-29,False
2023-01-02,18133.65,18101.5,18094.5,-0.0017729469797862787,0.0017729469797862787,2023-01-05,18100.0,104.6,100.95,0.15754238194288028,0.1441081322025709,0.1508252570727256,0.029579266498326002,0.059938841954942194,,,,False,2022-12-30,False
2023-01-03,18189.6,18161.25,18171.85,-0.001558582926507375,0.001558582926507375,2023-01-05,18150.0,99.55,76.15,0.15504285123975403,0.15230439254884265,0.15367362189429834,0.030137876798596412,0.05171508719486044,,,,False,2023-01-02,False
2023-01-04,18237.95,18233.4,18229.0,-0.00024947979350745407,0.00024947979350745407,2023-01-05,18250.0,55.95,72.05,0.1548018655444695,0.14319378224589957,0.14899782389518454,0.02922087736632336,0.008537724257211247,,,,False,2023-01-03,False
2023-01-05,18087.45,18074.3,18089.85,-0.0007270234333751555,0.0007270234333751555,2023-01-12,18100.0,145.45,122.7,0.14790057711236154,0.11554668197026438,0.13172362954131295,0.02583312913201622,0.028143065041010492,,,,False,2023-01-04,False
2023-01-06,18013.4,17990.0,17979.55,-0.001299032942143152,0.001299032942143152,2023-01-12,18000.0,113.95,115.8,0.13193809113021354,0.11208145641961534,0.12200977377491444,0.023928085281820385,0.05428904681855618,,,,False,2023-01-05,False
2023-01-09,17963.2,17987.15,18000.25,0.0013332813752561195,0.0013332813752561195,2023-01-12,18000.0,105.1,82.4,0.15492043909327136,0.12178863714960014,0.13835453812143575,0.02713355729520453,0.04913772863434158,,,,False,2023-01-06,False
2023-01-10,18127.6,18028.6,18028.15,-0.005461285553520599,0.005461285553520599,2023-01-12,18050.0,75.15,88.75,0.15155424225908753,0.13686892468826567,0.1442115834736766,0.02828221839301507,0.19309961749214788,,,,False,2023-01-09,False
2023-01-11,17936.75,17844.5,17844.85,-0.005143072184202823,0.005143072184202823,2023-01-12,17850.0,87.3,85.0,0.21564235450508024,0.19775715357835605,0.20669975404171814,0.040537156896674996,0.12687303644189898,,,,False,2023-01-10,False
2023-01-12,17929.65,17903.55,17910.5,-0.0014556893190888936,0.0014556893190888936,2023-01-19,17900.0,172.1,125.25,0.1656861243581405,0.12956259676530518,0.14762436056172284,0.028951519045610843,0.05028023976205081,,,,False,2023-01-11,False
2023-01-13,17871.05,17803.6,17817.95,-0.0037742606058402124,0.0037742606058402124,2023-01-19,17800.0,150.9,112.7,0.15246487886162563,0.13065024494092597,0.1415575619012758,0.02776172193966246,0.135951963428033,,,,False,2023-01-12,False
2023-01-16,18019.25,17997.65,17985.3,-0.0011987180376540946,0.0011987180376540946,2023-01-19,18000.0,98.0,103.25,0.15529723594406175,0.14132120826353878,0.14830922210380026,0.029085831444347846,0.04121312605237687,,,,False,2023-01-13,False
2023-01-17,17905.75,17946.0,17957.05,0.002247881267190707,0.002247881267190707,2023-01-19,17950.0,98.85,81.0,0.1694401219017171,0.1502250906692466,0.15983260628548185,0.031345753013771724,0.07171246663632877,,,,False,2023-01-16,False
2023-01-18,18074.5,18067.55,18071.7,-0.0003845196270989918,0.0003845196270989918,2023-01-19,18050.0,81.3,57.6,0.16581106544366753,0.16103020179756228,0.1634206336206149,0.03204942306750817,0.011997708236090504,,,,False,2023-01-17,False
2023-01-19,18110.25,18082.05,18084.1,-0.0015571292500103934,0.0015571292500103934,2023-01-25,18100.0,129.4,118.45,0.14527136268240232,0.1168040705838746,0.13103771663313846,0.02569861054342365,0.060591962642465406,0.07155298554378682,0.0521964758490345,-0.20999545894675883,True,2023-01-18,False
2023-01-20,18116.2,18087.45,18080.7,-0.0015869774014418035,0.0015869774014418035,2023-01-25,18100.0,96.6,105.5,0.12243294124653503,0.1103818820699467,0.11640741165824087,0.022829371675853787,0.06951472094697729,0.07000638641320522,0.051093719857610076,-0.009622816025102997,True,2023-01-19,False
2023-01-23,18118.8,18098.1,18106.05,-0.0011424597655474275,0.0011424597655474275,2023-01-25,18100.0,94.8,64.45,0.1617972053005503,0.11892149240422004,0.14035934885238516,0.027526733027441887,0.041503645362073634,0.07081181711466841,0.05069043534603133,-0.5781795234648618,True,2023-01-20,False
2023-01-24,18184.65,18175.45,18183.05,-0.0005059212027727081,0.0005059212027727081,2023-01-25,18200.0,53.15,50.7,0.14422306015105163,0.09813320234466824,0.12117813124785994,0.023764986763597902,0.021288511868546658,0.07031756338425944,0.050831373799775606,-0.9645431128585633,True,2023-01-23,False
2023-01-25,18100.6,18043.35,18044.95,-0.0031628785786106542,0.0031628785786106542,2023-02-02,18050.0,165.2,132.6,0.15494202675580193,0.12015465074279935,0.13754833874930064,0.026975448590190562,0.1172502680737926,0.06938848225791608,0.0512145436479058,0.9345350442819699,True,2023-01-24,False
2023-01-27,17884.75,17737.65,17744.2,-0.00822488432882755,0.00822488432882755,2023-02-02,17750.0,210.8,188.1,0.23065587039713342,0.1998887850535463,0.21527232772533986,0.042218376915694196,0.19481763463460017,0.07047782997081331,0.05153017406705205,2.412951380719062,True,2023-01-25,False
2023-01-30,17577.45,17676.2,17689.65,0.005617993508728512,0.005617993508728512,2023-02-02,17700.0,201.1,164.35,0.3096160288056037,0.23888357805449978,0.27424980343005173,0.053784811511108435,0.10445315974693341,0.07270041141710053,0.05395366730826632,0.5885188146416879,True,2023-01-27,False
2023-01-31,17735.7,17614.1,17610.6,-0.006856227834255326,0.006856227834255326,2023-02-02,17600.0,184.75,149.1,0.32533915068690267,0.279894751489017,0.30261695108795983,0.05934806687467156,0.11552571457355103,0.07255293306723583,0.0538528045777243,0.7979673824469762,True,2023-01-30,False
2023-02-01,17815.3,17783.25,17769.75,-0.001799015453009451,0.001799015453009451,2023-02-02,17750.0,158.8,122.75,0.3586807971387913,0.3193044723553864,0.33899263474708885,0.06648192536690914,0.027060218895298374,0.07378278107256593,0.053979516243844027,-0.865560965129915,True,2023-01-31,False
2023-02-02,17561.15,17564.45,17590.6,0.00018791480056825846,0.00018791480056825846,2023-02-09,17600.0,196.6,180.3,0.2034482562171504,0.17746285544460366,0.19045555583087703,0.037351407525146235,0.005030996501048798,0.07366880579289374,0.05407229679783042,-1.2693710708918684,True,2023-02-01,False
2023-02-03,17722.35,17686.6,17665.05,-0.0020172268350416283,0.0020172268350416283,2023-02-09,17650.0,148.5,127.65,0.15279936005024775,0.1465010080632822,0.14965018405676497,0.029348815719930636,0.06873281887390569,0.07183151938069667,0.05450596097463346,-0.056850671951882197,True,2023-02-02,False
2023-02-06,17820.75,17750.0,17759.9,-0.0039700910455508324,0.0039700910455508324,2023-02-09,17750.0,115.2,105.8,0.16484634149143007,0.16559491802416954,0.1652206297577998,0.03240243135319654,0.1225244797921369,0.07265810206937598,0.0540676087649291,0.922296710763852,True,2023-02-03,False
2023-02-07,17795.55,17789.7,17796.6,-0.0003287338688603918,0.0003287338688603918,2023-02-09,17800.0,98.8,93.15,0.18025889833886782,0.16402328996883392,0.17214109415385087,0.03375964608391148,0.009737479713007223,0.07416453607306821,0.05417856926829622,-1.1891612722553362,True,2023-02-06,False
2023-02-08,17762.3,17809.4,17818.4,0.0026516836220535733,0.0026516836220535733,2023-02-09,17800.0,83.2,65.55,0.17710049960068247,0.1789132594012306,0.17800687950095653,0.034910021235736034,0.07595766281972775,0.07410333306846516,0.054250391013884694,0.03418094720806719,True,2023-02-07,False
2023-02-09,17887.75,17815.8,17807.0,-0.004022305767913836,0.004022305767913836,2023-02-16,17800.0,133.75,109.2,0.13009060835340103,0.11255299765998611,0.12132180300669357,0.023793163113668858,0.16905300689520658,0.07397293537820233,0.05423613491889694,1.7530760932574578,True,2023-02-08,False
2023-02-10,17847.65,17860.3,17856.3,0.0007087767857391767,0.0007087767857391767,2023-02-16,17850.0,106.55,98.7,0.11091173825871423,0.10924811571085391,0.11007992698478407,0.021588449836549346,0.03283129595248725,0.07529903743786015,0.05557800536552651,-0.7641105722681163,True,2023-02-09,False
2023-02-13,17860.9,17834.45,17826.05,-0.0014808884210762462,0.0014808884210762462,2023-02-16,17850.0,80.85,97.25,0.13749879574634077,0.12618946040890777,0.13184412807762427,0.025856760839247407,0.05727277404478438,0.0749984183071634,0.055760869426629826,-0.31788679847796186,True,2023-02-10,False
2023-02-14,17826.6,17818.7,17821.7,-0.00044315797740443035,0.00044315797740443035,2023-02-16,17800.0,93.7,67.55,0.1476954601819706,0.13967199032779692,0.14368372525488377,0.028178696879244493,0.0157267023135781,0.0735649129929143,0.05507703456081059,-1.0501329844742637,True,2023-02-13,False
2023-02-15,17901.65,17871.5,17866.4,-0.0016842022942020122,0.0016842022942020122,2023-02-16,17850.0,70.0,54.9,0.1473945230532383,0.1505299837145747,0.1489622533839065,0.02921390141512662,0.05765071464675895,0.07078608530755323,0.05367824766356152,-0.244705653268018,True,2023-02-14,False
2023-02-16,18097.45,18120.5,18122.3,0.0012736601012849475,0.0012736601012849475,2023-02-23,18100.0,127.3,92.9,0.11372771476393229,0.10180566841928337,0.10776669159160783,0.021134787051574764,0.060263682722558894,0.0704520140449154,0.053696891119465386,-0.18973782485264187,True,2023-02-15,False
2023-02-17,17980.25,17991.6,17986.15,0.0006312481750809108,0.0006312481750809108,2023-02-23,18000.0,92.3,103.2,0.10547288163497026,0.10232716763314895,0.1039000246340596,0.020376471271993886,0.030979268522735814,0.0704397257208196,0.05369917492489825,-0.7348428956920058,True,2023-02-16,False
2023-02-20,17966.4,17933.1,17922.65,-0.001853459791611169,0.001853459791611169,2023-02-23,17900.0,105.15,77.05,0.13850391925670563,0.13038063078111817,0.1344422750189119,0.026366299375893833,0.07029654655691839,0.06994994546658082,0.05392614821352843,0.006427328889969208,True,2023-02-17,False
2023-02-21,17905.85,17882.55,17888.4,-0.0013012507085672714,0.0013012507085672714,2023-02-23,17900.0,78.0,83.05,0.14928486154416232,0.13757904305091978,0.14343195229754105,0.02812932013991813,0.04625958615760056,0.06865612388682162,0.05294595574343357,-0.423007525593656,True,2023-02-20,False
2023-02-22,17752.35,17747.85,17749.3,-0.0002534875664348664,0.0002534875664348664,2023-02-23,17750.0,61.6,60.85,0.14949609526110424,0.14599690025950873,0.1477464977603065,0.028975472120953673,0.008748349824179614,0.06706291869169162,0.05213815821024859,-1.1184623866527248,True,2023-02-21,False
2023-02-23,17585.25,17504.5,17495.05,-0.004591916520947954,0.004591916520947954,2023-03-02,17500.0,159.05,123.8,0.16417526309603114,0.12330735145166283,0.14374130727384699,0.028189989642257014,0.1628917420411051,0.06497593887814487,0.0519204003149548,1.8858830550032801,True,2023-02-22,False
2023-02-24,17593.6,17564.0,17565.95,-0.0016824299745361124,0.0016824299745361124,2023-03-02,17550.0,127.85,93.6,0.13059990861812398,0.11060077821882042,0.1206003434184722,0.0236516732475685,0.07113365540465827,0.06692658980720641,0.053368157448909256,0.07883100707532195,True,2023-02-23,False
2023-02-27,17443.0,17438.65,17439.4,-0.00024938370693106376,0.00024938370693106376,2023-03-02,17450.0,100.75,92.6,0.16136168522970618,0.1327816203005402,0.14707165276512318,0.028843124128680977,0.008646209953487043,0.0673835601005311,0.05328335925760795,-1.1023582402728742,True,2023-02-24,False
2023-02-28,17397.95,17407.5,17414.05,0.0005489152457616715,0.0005489152457616715,2023-03-02,17400.0,97.35,70.95,0.1653458279782864,0.14264359836580887,0.15399471317204763,0.030200847979015184,0.018175491169753935,0.06562513029338583,0.05345442078918596,-0.8876653871297984,True,2023-02-27,False
2023-03-01,17361.1,17369.6,17367.6,0.0004896003133442006,0.0004896003133442006,2023-03-02,17350.0,77.05,52.55,0.16751414159510103,0.15038629051950692,0.15895021605730397,0.031172702052537776,0.015706059504211063,0.06342506597418975,0.05262543790395766,-0.9067669243354649,True,2023-02-28,False
2023-03-02,17432.9,17375.75,17365.85,-0.0032782841638511924,0.0032782841638511924,2023-03-09,17350.0,134.0,93.0,0.129020107137177,0.10320899502596101,0.116114551081569,0.022771936991422558,0.143961585924202,0.0630733736340189,0.05287624807026885,1.5297645964344577,True,2023-03-01,False
2023-03-03,17434.3,17466.75,17484.3,0.001861273466672062,0.001861273466672062,2023-03-09,17500.0,85.5,86.55,0.10199766496956181,0.08591104177891473,0.09395435337423827,0.01842596466316281,0.10101362401899751,0.06471313854656505,0.053841160495584045,0.6742143954235489,True,2023-03-02,False
2023-03-06,17684.4,17750.75,17760.05,0.003751894324941674,0.003751894324941674,2023-03-09,17750.0,77.25,63.1,0.10789275789591724,0.10174843057443883,0.10482059423517803,0.020557009824290932,0.1825116764067649,0.06612365421486634,0.053661822805440094,2.168916673104505,True,2023-03-03,False
2023-03-08,17670.25,17633.35,17632.85,-0.0020882556839887075,0.0020882556839887075,2023-03-09,17650.0,43.0,74.0,0.12411403919640515,0.15797951578809638,0.14104677749225075,0.027661548875475624,0.07549308584958264,0.06739451246276494,0.05549991730407098,0.14592045862784847,True,2023-03-06,False
2023-03-09,17758.7,17733.85,17725.15,-0.0013993141389855215,0.0013993141389855215,2023-03-16,17750.0,98.5,123.05,0.11078048309169838,0.11047844558107661,0.1106294643363875,0.021696222978059884,0.06449574842591568,0.06660381965299426,0.05503120474386545,-0.03830683403880189,True,2023-03-08,False
2023-03-10,17451.5,17394.4,17372.95,-0.0032719250494226025,0.0032719250494226025,2023-03-16,17350.0,125.65,97.55,0.1255692566722259,0.11986757078329768,0.1227184137277618,0.02406706101057731,0.13595033676877344,0.06753908199378517,0.05449918752585713,1.2552710945008227,True,2023-03-09,False
2023-03-13,17428.3,17500.55,17528.7,0.004145556365222082,0.004145556365222082,2023-03-16,17550.0,82.4,96.95,0.14033943376779567,0.1300695810826582,0.13520450742522694,0.026515785449497415,0.15634295929561676,0.06972403296295056,0.05457131459308069,1.5872611275457336,True,2023-03-10,False
2023-03-14,17177.2,17182.95,17209.5,0.0003347460587290129,0.0003347460587290129,2023-03-16,17200.0,116.75,96.95,0.2077163818742419,0.18859050723196663,0.19815344455310427,0.03886108771007325,0.008613913774787183,0.07205346232967287,0.05524312243340641,-1.1483700732405158,True,2023-03-13,False
2023-03-15,17180.7,17190.35,17166.95,0.0005616767652073441,0.0005616767652073441,2023-03-16,17150.0,88.05,64.95,0.19792749612136878,0.1825141331714858,0.1902208146464273,0.03730537099129419,0.015056190309390581,0.06923378536303945,0.05405940233331072,-1.0021863490019631,True,2023-03-14,False
2023-03-16,16995.4,16913.05,16902.6,-0.004845428763077196,0.004845428763077196,2023-03-23,16900.0,186.6,156.1,0.19499772089478024,0.16563511443433082,0.18031641766455553,0.035362958934335206,0.1370198905604754,0.06918773601354208,0.054105098577490976,1.253710950175648,True,2023-03-15,False
2023-03-17,17119.5,17106.45,17113.1,-0.0007622886182423127,0.0007622886182423127,2023-03-23,17100.0,147.6,118.0,0.15783974789225208,0.1393480593026329,0.14859390359744248,0.029141662078626323,0.026158035055982826,0.06953769670086131,0.05447977715885993,-0.7962525529130903,True,2023-03-16,False
2023-03-20,17043.9,16957.95,16947.6,-0.005042859908823727,0.005042859908823727,2023-03-23,16950.0,126.7,122.35,0.20045670212022165,0.18987657785388923,0.19516663998705544,0.03827532714216668,0.13175223532624422,0.06970668890050333,0.05432646115157721,1.142087025558807,True,2023-03-17,False
2023-03-21,17068.25,17077.7,17072.5,0.0005536595725982879,0.0005536595725982879,2023-03-23,17050.0,120.2,84.15,0.20318212219756032,0.17772658003330477,0.19045435111543255,0.03735117126100932,0.014823084629109074,0.06934776840844765,0.05383381093413147,-1.0128334374479346,True,2023-03-20,False
2023-03-22,17179.75,17172.35,17166.7,-0.00043073967898260774,0.00043073967898260774,2023-03-23,17150.0,84.15,66.35,0.18849118759420663,0.18573428919106727,0.18711273839263695,0.036695827088686066,0.01173811065605909,0.06881039039820538,0.05421954737734792,-1.0526144629158265,True,2023-03-21,False
2023-03-23,17101.35,17059.95,17054.35,-0.00242086151093322,0.00242086151093322,2023-03-29,17050.0,147.15,116.85,0.16284963746856784,0.13369468427437597,0.1482721608714719,0.02907856313870015,0.08325244611936612,0.06705446991015661,0.05433524408603503,0.2981117777544435,True,2023-03-22,False
2023-03-24,17092.7,17020.75,17005.7,-0.004209399334218744,0.004209399334218744,2023-03-29,17000.0,126.5,107.95,0.1519713320288651,0.13617208695928812,0.1440717094940766,0.02825478684872952,0.1489800420988849,0.06789139151266936,0.05418893131624308,1.4964061592760973,True,2023-03-23,False
2023-03-27,16989.4,16979.5,16998.15,-0.0005827162819170456,0.0005827162819170456,2023-03-29,17000.0,108.7,87.4,0.20588481185644997,0.16240429566082037,0.18414455375863517,0.036113718189889094,0.016135593650398232,0.07028695426602755,0.05454847198671026,-0.9927200275898159,True,2023-03-24,False
2023-03-28,17034.45,17006.15,17017.75,-0.0016613392272717506,0.0016613392272717506,2023-03-29,17000.0,102.15,50.25,0.23421683263350956,0.14782004450494757,0.19101843856922857,0.03746179791232774,0.04434755724110736,0.07043619703056082,0.054384894379502106,-0.4797037870002076,True,2023-03-27,False
2023-03-29,16987.25,17000.0,17001.5,0.0007505629221916438,0.0007505629221916438,2023-04-06,17000.0,150.4,120.55,0.1467652945060729,0.11896045467482183,0.13286287459044738,0.026056553468027776,0.028805149656980094,0.07066933547025993,0.054239969277030724,-0.7718327715021084,True,2023-03-28,False
2023-03-31,17214.9,17270.45,17276.75,0.0032268558051455,0.0032268558051455,2023-04-06,17300.0,98.0,111.7,0.12103037721754764,0.11040670930705668,0.11571854326230216,0.022694273468423447,0.1421881079222611,0.07015044059862723,0.05449269788007195,1.3219691835073952,True,2023-03-29,False
2023-04-03,17428.05,17345.35,17349.1,-0.004745223934978424,0.004745223934978424,2023-04-06,17350.0,87.3,93.65,0.13435470176384862,0.1426994968194854,0.138527099291667,0.027167399324985207,0.1746661091190409,0.07165832427741724,0.055220810017395844,1.865379823461007,True,2023-03-31,False
2023-04-05,17431.35,17464.7,17461.3,0.00191321957278135,0.00191321957278135,2023-04-06,17450.0,65.0,59.35,0.14521440876485447,0.15911547504389134,0.1521649419043729,0.029842000309811923,0.06411163973322162,0.07442713069178107,0.05615917902442028,-0.18368307973437178,True,2023-04-03,False
2023-04-06,17535.5,17532.75,17530.8,-0.00015682472698240712,0.00015682472698240712,2023-04-13,17550.0,94.0,122.9,0.10476114752953536,0.11462175111958625,0.1096914493245608,0.021512263099238833,0.007290015293089086,0.07502660693665125,0.055847853584170506,-1.2128772602061362,True,2023-04-05,False
2023-04-10,17635.35,17635.3,17618.6,-2.8352144981116002e-06,2.8352144981116002e-06,2023-04-13,17600.0,88.0,72.0,0.11819188603087852,0.12213117549075403,0.12016153076081627,0.023565615005099304,0.00012031150035753768,0.07424328974456014,0.056469785913519886,-1.3126130557271376,True,2023-04-06,False
2023-04-11,17709.25,17697.45,17701.2,-0.0006663184493978725,0.0006663184493978725,2023-04-13,17700.0,66.3,55.1,0.1184984107103188,0.10046097734256595,0.10947969402644238,0.021470734468576815,0.031033798604936096,0.07342633279232706,0.05718913730732835,-0.7412689923888516,True,2023-04-10,False
2023-04-12,17747.75,17763.7,17765.4,0.0008987054697074687,0.0008987054697074687,2023-04-13,17750.0,61.2,41.9,0.12819184679687373,0.11871648862918358,0.12345416771302865,0.024211354238580365,0.037119173956630544,0.07072523581087355,0.05523492577874467,-0.6084205125731369,True,2023-04-11,False
2023-04-13,17809.55,17808.9,17816.05,-3.649727253062639e-05,3.649727253062639e-05,2023-04-20,17800.0,121.7,82.7,0.11335241944846344,0.09038499339851055,0.101868706423487,0.019978096995300572,0.0018268643174178005,0.06922933810278573,0.05490291181214662,-1.227666649375342,True,2023-04-12,False
2023-04-17,17736.2,17633.65,17632.9,-0.005781960059088151,0.005781960059088151,2023-04-20,17650.0,95.5,86.15,0.156340086182991,0.11639583422745944,0.13636796020522524,0.026743957312126455,0.21619687735840235,0.06842178184537517,0.05553901516427186,2.660743894646706,True,2023-04-13,False
2023-04-18,17746.75,17739.45,17739.45,-0.0004113429219434134,0.0004113429219434134,2023-04-20,17750.0,59.9,68.9,0.11701736823591366,0.11422261399898731,0.11561999111745049,0.022674945802665557,0.018140855794021696,0.069759197077548,0.058099882257052524,-0.8884414094877199,True,2023-04-17,False
2023-04-19,17659.1,17635.15,17634.55,-0.0013562412580480937,0.0013562412580480937,2023-04-20,17650.0,45.95,57.55,0.12945265571126774,0.1200376674311332,0.12474516157120047,0.024464538964532153,0.05543702499418958,0.06937465923990874,0.0583677536937051,-0.23878997158018633,True,2023-04-18,False
2023-04-20,17651.9,17673.65,17678.9,0.001232161976897671,0.001232161976897671,2023-04-27,17700.0,106.3,90.65,0.11718065674620853,0.08008882522665234,0.09863474098643044,0.019343864192614572,0.06369781986828188,0.06910340187920642,0.05839451783464404,-0.0925700256012311,True,2023-04-19,False
2023-04-21,17651.4,17660.5,17653.35,0.0005155398438649934,0.0005155398438649934,2023-04-27,17650.0,100.6,74.7,0.10734465594264048,0.08286998936961731,0.0951073226561289,0.018652080542660248,0.02763980365010072,0.06996507040640962,0.05791707613690898,-0.7307908060872595,True,2023-04-20,False
2023-04-24,17709.2,17657.45,17657.0,-0.0029222099247848575,0.0029222099247848575,2023-04-27,17650.0,84.6,61.95,0.12196337832737814,0.09839641550007339,0.11017989691372576,0.02160805555264343,0.13523706090376872,0.06941586775653687,0.058163176426685476,1.1316643483218163,True,2023-04-21,False
2023-04-25,17765.85,17729.0,17728.6,-0.002074204161354427,0.002074204161354427,2023-04-27,17750.0,53.1,64.0,0.1137876883148358,0.09468213122484037,0.10423490976983808,0.020442147650537985,0.10146703745679281,0.07051124008915008,0.05878065802207958,0.5266323720978916,True,2023-04-24,False
2023-04-26,17776.0,17737.4,17732.1,-0.0021714671467145895,0.0021714671467145895,2023-04-27,17750.0,42.15,54.0,0.12215941149255305,0.1073860176266074,0.11477271455958023,0.02250878119874286,0.09647200030696768,0.07151062995739539,0.05878886002586479,0.42459354269822996,True,2023-04-25,False
2023-04-27,17827.5,17830.35,17825.0,0.00015986537652494992,0.00015986537652494992,2023-05-04,17850.0,96.0,97.45,0.10772639123042893,0.08411595098132299,0.09592117110587596,0.018811689355212845,0.008498193517141518,0.07276368809803574,0.058500800125988635,-1.0985404377801777,True,2023-04-26,False
2023-04-28,17955.75,17896.8,17905.85,-0.003283070882586399,0.003283070882586399,2023-05-04,17900.0,109.25,66.7,0.11373840019467268,0.07445521659929327,0.09409680839698298,0.018453902391654526,0.177906591945079,0.07095115352209154,0.05878316293125117,1.8194910428361148,True,2023-04-27,False
2023-05-02,18126.3,18161.45,18162.25,0.0019391712594407826,0.0019391712594407826,2023-05-04,18150.0,74.55,52.3,0.12001261539378522,0.10237534913240934,0.11119398226309728,0.021806934052062424,0.08892452532809776,0.07066930281059952,0.058217003265480224,0.31357200634754545,True,2023-04-28,False
2023-05-03,18092.55,18069.9,18069.05,-0.0012518964988350353,0.0012518964988350353,2023-05-04,18050.0,69.7,41.3,0.14157656877913088,0.11918570445578605,0.13038113661745848,0.025569844608339522,0.04895987902979799,0.07041049223695225,0.05809866445392407,-0.36921009129505833,True,2023-05-02,False
2023-05-04,18097.3,18118.2,18118.0,0.0011548684057843686,0.0011548684057843686,2023-05-11,18100.0,117.05,83.5,0.10588630217577025,0.09057401829742287,0.09823016023659656,0.019264519379605844,0.05994794798810068,0.06930106164455639,0.0578576173463161,-0.16165742879578227,True,2023-05-03,False
2023-05-05,18140.4,18171.05,18171.75,0.0016895989063084504,0.0016895989063084504,2023-05-11,18150.0,106.2,65.45,0.10012910726465163,0.07998296330625984,0.09005603528545573,0.01766144158605151,0.0956659680398256,0.06984919046276976,0.05760589283083088,0.44816209433418613,True,2023-05-04,False
2023-05-08,18126.05,18177.9,18177.9,0.002860523942061408,0.002860523942061408,2023-05-11,18200.0,72.25,82.8,0.12097162541124437,0.10399165005751013,0.11248163773437725,0.02205946406647939,0.12967331996102918,0.07135977332174938,0.057063166092121635,1.021912218209897,True,2023-05-05,False
2023-05-09,18316.55,18299.2,18289.05,-0.0009472307830895308,0.0009472307830895308,2023-05-11,18300.0,64.4,67.95,0.12170166681364883,0.10875930371213294,0.11523048526289088,0.022598557419855635,0.04191554201850385,0.0723754483398681,0.05755583341275937,-0.5292236167083577,True,2023-05-08,False
2023-05-10,18314.1,18304.15,18287.45,-0.0005432972409235011,0.0005432972409235011,2023-05-11,18300.0,50.4,60.2,0.1321807811301393,0.12571515112489184,0.12894796612751558,0.025288776750857823,0.021483729572054997,0.07103196604364087,0.05730565498274607,-0.8646308376809262,True,2023-05-09,False
2023-05-11,18389.7,18305.35,18313.15,-0.004586806745080245,0.004586806745080245,2023-05-18,18300.0,127.5,91.55,0.11737405993037214,0.09519657977628482,0.10628531985332848,0.020844266151560483,0.22005124631057632,0.07122773687462501,0.05711244656368584,2.605798182187815,True,2023-05-10,False
2023-05-12,18277.3,18233.45,18224.0,-0.0023991508592625032,0.0023991508592625032,2023-05-18,18200.0,118.25,85.2,0.11130087623688645,0.10173900716521583,0.10651994170105114,0.020890279281554833,0.11484532240700317,0.07362929659947248,0.06025764977269091,0.6839965707758155,True,2023-05-11,False
2023-05-15,18322.65,18348.8,18340.4,0.0014271953019894946,0.0014271953019894946,2023-05-18,18350.0,72.15,92.25,0.11128690812815015,0.12650789253886274,0.11889740033350644,0.02331769863138472,0.06120652490415778,0.07272583519133576,0.059199773642113575,-0.19458368805287726,True,2023-05-12,False
2023-05-16,18413.75,18391.25,18382.15,-0.0012219129726427263,0.0012219129726427263,2023-05-18,18400.0,64.7,75.65,0.1272099064300426,0.11516905927311785,0.12118948285158022,0.023767212996247147,0.05141170623731385,0.0731987556738636,0.058988634323079304,-0.3693431740972779,True,2023-05-15,False
2023-05-17,18307.55,18260.3,18269.45,-0.0025809024145775922,0.0025809024145775922,2023-05-18,18250.0,71.95,44.7,0.1448242239853123,0.1263606235065058,0.13559242374590905,0.026591862099066613,0.09705609953009584,0.07310107121040575,0.059020298989509265,0.40587778662300644,True,2023-05-16,False
2023-05-18,18270.85,18273.8,18278.35,0.0001614593738113294,0.0001614593738113294,2023-05-25,18300.0,104.85,95.3,0.11217657513230586,0.08171802799137193,0.0969473015618389,0.019012930094383877,0.008492082651638318,0.0744565611640144,0.05861279577287912,-1.1254279486681418,True,2023-05-17,False
2023-05-19,18176.8,18142.25,18136.6,-0.001900774613793367,0.001900774613793367,2023-05-25,18150.0,103.35,87.05,0.11605426734775193,0.0846455539997561,0.10034991067375401,0.019680236642798637,0.09658291453974441,0.07363725063076237,0.059192408130036414,0.3876453861882763,True,2023-05-18,False
2023-05-22,18206.4,18250.75,18252.8,0.0024359565866947084,0.0024359565866947084,2023-05-25,18250.0,90.05,69.35,0.1290165559812505,0.10296094425780208,0.1159887501195263,0.022747265392950078,0.1070878870323318,0.07424257116104879,0.05923901543470227,0.5544541149149853,True,2023-05-19,False
2023-05-23,18365.9,18379.65,18394.8,0.0007486700896770645,0.0007486700896770645,2023-05-25,18400.0,65.85,63.65,0.11873099625268105,0.10588261360741211,0.11230680493004658,0.022025176532598688,0.03399155909461085,0.07551104813620874,0.05911163747592421,-0.7023911164448541,True,2023-05-22,False
2023-05-24,18307.0,18303.3,18315.6,-0.00020210848309393825,0.00020210848309393825,2023-05-25,18300.0,67.0,41.9,0.13773693395217995,0.11536162255297613,0.12654927825257806,0.024818355355422254,0.008143508310665803,0.07490596501183694,0.059351247588493854,-1.1248703172014543,True,2023-05-23,False
2023-05-25,18265.05,18256.8,18253.5,-0.00045168231129944896,0.00045168231129944896,2023-06-01,18250.0,131.25,100.05,0.1261865590766481,0.09919123786702755,0.11268889847183783,0.02210011124127605,0.02043801075787567,0.07427069704772137,0.05986482817720248,-0.8992372972406872,True,2023-05-24,False
2023-05-26,18368.55,18362.3,18364.6,-0.00034025549104311446,0.00034025549104311446,2023-06-01,18350.0,111.15,79.95,0.1081964953769359,0.0908416390444653,0.0995190672107006,0.019517294833919778,0.017433537482447248,0.07446552472994965,0.059666667889685755,-0.9558433420975601,True,2023-05-25,False
2023-05-29,18600.4,18629.0,18625.7,0.0015376013419065473,0.0015376013419065473,2023-06-01,18650.0,70.85,88.3,0.11748695391594288,0.1076497101237889,0.1125683320198659,0.02207646621468799,0.06964888886444812,0.07204122132063867,0.05896384715483719,-0.04057286916690435,True,2023-05-26,False
2023-05-30,18612.95,18641.4,18638.95,0.0015285056909302784,0.0015285056909302784,2023-06-01,18650.0,67.5,73.65,0.12481736464476642,0.1164102399050892,0.12061380227492781,0.02365431274647995,0.06461847813176219,0.07201647521163518,0.05896454606165077,-0.12546517482111982,True,2023-05-29,False
2023-05-31,18596.65,18560.3,18552.85,-0.001954653123008831,0.001954653123008831,2023-06-01,18550.0,62.5,48.2,0.14099169143827317,0.1145490231075954,0.1277703572729343,0.025057828653592837,0.07800568636774398,0.07294934634793976,0.0583848959995219,0.08660356301475,True,2023-05-30,False
2023-06-01,18580.0,18518.95,18517.8,-0.0032857911733045896,0.0032857911733045896,2023-06-08,18500.0,137.2,86.0,0.12309837341614638,0.0909359385967943,0.10701715600647034,0.02098779102946906,0.15655726554028454,0.07394651626790626,0.05794279751733852,1.4257293885000675,True,2023-05-31,False
2023-06-02,18557.8,18551.85,18563.95,-0.00032061990106589834,0.00032061990106589834,2023-06-08,18550.0,116.1,71.25,0.11249976586044591,0.08054414297233742,0.09652195441639166,0.018929512656126708,0.016937567643196923,0.07629403636850747,0.05839471669245292,-1.0164698467144362,True,2023-06-01,False
2023-06-05,18619.65,18611.8,18612.2,-0.00042159761327426574,0.00042159761327426574,2023-06-08,18600.0,93.7,60.65,0.12487464312575144,0.09504591802523146,0.10996028057549145,0.021564985245175715,0.01955009977892663,0.0741769693971574,0.05820216200785305,-0.93857114123802,True,2023-06-02,False
2023-06-06,18605.75,18603.25,18601.85,-0.00013436706394528574,0.00013436706394528574,2023-06-08,18600.0,69.65,56.85,0.11795105274354617,0.09915535588070776,0.10855320431212696,0.021289034886559994,0.006311562015904872,0.07281924399315622,0.058514852791804864,-1.1365948781223953,True,2023-06-05,False
2023-06-07,18667.3,18652.75,18655.1,-0.0007794378405018012,0.0007794378405018012,2023-06-08,18650.0,51.45,41.25,0.11219575695586537,0.10047283320134298,0.10633429507860417,0.020853870983459075,0.03737617064572988,0.06988257541997521,0.057325814655960046,-0.5670465386202009,True,2023-06-06,False
2023-06-08,18734.3,18746.4,18742.15,0.0006458741452844346,0.0006458741452844346,2023-06-15,18750.0,112.0,94.4,0.10994612233936324,0.08578826381178961,0.09786719307557643,0.019193335662804498,0.03365095867812591,0.069247293499911,0.05747359984496172,-0.6193510571429006,True,2023-06-07,False
2023-06-09,18666.3,18649.3,18649.2,-0.0009107321750962965,0.0009107321750962965,2023-06-15,18650.0,96.4,76.45,0.09942667046783302,0.0781131445068165,0.08876990748732476,0.017409211172988277,0.05231323613957691,0.06873321367078118,0.057654483891820554,-0.28479966210457697,True,2023-06-08,False
2023-06-12,18633.6,18595.45,18597.0,-0.002047376781727515,0.002047376781727515,2023-06-15,18600.0,84.6,71.4,0.1229646824291313,0.09982328951871403,0.11139398597392267,0.021846158006842795,0.09371793342729748,0.0673392619936279,0.057009249800325644,0.4627086223035845,True,2023-06-09,False
2023-06-13,18649.95,18679.85,18678.3,0.0016032214563576747,0.0016032214563576747,2023-06-15,18700.0,59.0,62.4,0.11840046710147381,0.08680460649282598,0.1026025367971499,0.02012201297203035,0.07967500361848273,0.06629551156248924,0.05591489151279814,0.2392831622132561,True,2023-06-12,False
2023-06-14,18753.8,18718.25,18720.8,-0.0018956158218600644,0.0018956158218600644,2023-06-15,18700.0,68.75,34.7,0.13221731610173088,0.10147359367041864,0.11684545488607476,0.022915279020720023,0.08272279033329885,0.06747986305988415,0.05542282972923679,0.2750297548480046,True,2023-06-13,False
2023-06-15,18778.1,18749.5,18744.55,-0.001523050787885811,0.001523050787885811,2023-06-22,18750.0,104.8,90.35,0.10198906141604794,0.08310477552973008,0.09254691847288901,0.018149943969851604,0.08391490301103467,0.0686076397269493,0.05502503371904304,0.278187258589318,True,2023-06-14,False
2023-06-16,18728.95,18752.05,18760.25,0.0012333846798671865,0.0012333846798671865,2023-06-22,18750.0,104.3,64.55,0.10120738572259699,0.0710403808509264,0.0861238832867617,0.016890283133291748,0.07302332768099738,0.06772255660112529,0.054328657688511084,0.09756860017163738,True,2023-06-15,False
2023-06-19,18881.45,18854.65,18848.4,-0.0014193825156436223,0.0014193825156436223,2023-06-22,18850.0,76.95,67.6,0.10956944437171962,0.0941368854730825,0.10185316492240105,0.019975049056173352,0.0710577737081931,0.0685036448115422,0.05405716724820232,0.047248663344190436,True,2023-06-16,False
2023-06-20,18756.8,18677.85,18679.15,-0.004209140151838306,0.004209140151838306,2023-06-22,18700.0,64.8,62.25,0.12771233963465173,0.08737628791984026,0.10754431377724599,0.02109117517408164,0.19956878254042482,0.06749207045124135,0.0534176389540749,2.4725299484452066,True,2023-06-19,False
2023-06-21,18853.7,18855.3,18857.9,8.486397895365603e-05,8.486397895365603e-05,2023-06-22,18850.0,58.4,45.65,0.12349481236681259,0.11245593419449093,0.11797537328065176,0.023136874249286007,0.0036679102820587313,0.07057116541642995,0.055609807572186996,-1.203083737477858,True,2023-06-20,False
2023-06-22,18859.45,18874.5,18873.65,0.0007980084254842676,0.0007980084254842676,2023-06-28,18850.0,127.5,79.95,0.11708611009693765,0.09271038767168238,0.10489824888431001,0.020572239153954206,0.03879054776256,0.07043666207686326,0.055764064569437756,-0.5675001375643507,True,2023-06-21,False
2023-06-23,18746.05,18676.9,18672.75,-0.0036887771023761174,0.0036887771023761174,2023-06-28,18650.0,124.05,62.3,0.1257852666804009,0.08188528698782582,0.10383527683411337,0.02036377318370973,0.18114408705588037,0.06969563043758316,0.055886159636809436,1.9942049577672474,True,2023-06-22,False
2023-06-26,18693.9,18700.35,18697.45,0.00034503233675140497,0.00034503233675140497,2023-06-28,18700.0,85.4,65.75,0.1479787962630622,0.11007070478429237,0.1290247505236773,0.025303835409871977,0.01363557465350865,0.0702316978535331,0.05680624308489059,-0.9963011128098697,True,2023-06-23,False
2023-06-27,18750.45,18741.45,18737.15,-0.00047998848027647336,0.00047998848027647336,2023-06-28,18750.0,51.55,61.6,0.13196659742222394,0.12554136432028934,0.12875398087125664,0.02525073311212653,0.01900889285649934,0.07019003087025161,0.056847496621361585,-0.9003235156448371,True,2023-06-26,False
2023-06-28,18890.5,18871.2,18872.9,-0.001021677562796076,0.001021677562796076,2023-07-06,18850.0,125.2,77.0,0.10022663055766862,0.07776809159890105,0.08899736107828483,0.017453818492170668,0.05853604832973221,0.0697677197971748,0.057136115964258494,-0.19657744104391994,True,2023-06-27,False
2023-06-30,19058.6,19087.45,19088.1,0.0015137523217866047,0.0015137523217866047,2023-07-06,19100.0,89.75,89.55,0.09589100084240287,0.08373460999387752,0.0898128054181402,0.01761374028452341,0.08594156024411731,0.070263234775054,0.05690329222361101,0.2755258062653511,True,2023-06-28,False
2023-07-03,19253.3,19284.65,19287.5,0.0016282922927499277,0.0016282922927499277,2023-07-06,19300.0,70.3,84.55,0.10517218466825162,0.1075866793484857,0.10637943200836866,0.02086272306367649,0.07804792729022524,0.0693257923137516,0.05615671019527821,0.15531776961548235,True,2023-06-30,False
2023-07-04,19408.05,19378.95,19385.2,-0.0014993778354857159,0.0014993778354857159,2023-07-06,19400.0,60.25,79.2,0.11094703477998205,0.11780399069652248,0.11437551273825226,0.022430883512674173,0.06684435031899297,0.06771548928327135,0.054444015505954145,-0.01600063764920346,True,2023-07-03,False
2023-07-05,19389.2,19403.8,19419.55,0.0007529965135229171,0.0007529965135229171,2023-07-06,19400.0,67.95,58.4,0.12721775825738235,0.14945841045972685,0.1383380843585546,0.027130330446819798,0.027754785921200713,0.06776103445970087,0.054442092596376244,-0.7348403896797133,True,2023-07-04,False
2023-07-06,19391.5,19415.5,19414.7,0.00123765567387773,0.00123765567387773,2023-07-13,19400.0,127.1,110.75,0.10961231932318821,0.10809831464943365,0.10885531698631093,0.021348284056597215,0.05797448031872425,0.0681021139701694,0.054119973595894655,-0.18713301168745194,True,2023-07-05,False
2023-07-07,19443.45,19485.15,19486.85,0.00214468111369128,0.00214468111369128,2023-07-13,19500.0,90.75,111.45,0.09549998678077903,0.1029293470662965,0.09921466692353777,0.01945759702606645,0.11022332875010975,0.06906635011714218,0.05339881598933448,0.7707470263233549,True,2023-07-06,False
2023-07-10,19405.35,19386.35,19390.2,-0.0009791114306106307,0.0009791114306106307,2023-07-13,19400.0,81.55,83.6,0.11828378168271478,0.10765705522246624,0.11297041845259051,0.02215532185186544,0.044193058316062836,0.07038617561956174,0.05342149077947036,-0.4903104896796479,True,2023-07-07,False
2023-07-11,19431.8,19448.8,19463.35,0.0008748546197470127,0.0008748546197470127,2023-07-13,19450.0,70.25,60.3,0.10395202861298825,0.1095498046576345,0.10675091663531137,0.020935577192975743,0.041787938860388424,0.07050407369221894,0.05335459202928298,-0.5382129961010672,True,2023-07-10,False
2023-07-12,19507.7,19463.75,19465.05,-0.002252956524859452,0.002252956524859452,2023-07-13,19450.0,65.55,46.55,0.12704810705463288,0.11830194351451798,0.12267502528457543,0.02405855183678994,0.09364472725304554,0.07117009160126844,0.052728514696994945,0.4262330501992682,True,2023-07-11,False
2023-07-13,19469.55,19487.8,19490.2,0.0009373611614033196,0.0009373611614033196,2023-07-20,19500.0,106.05,87.2,0.10115865209419792,0.07499857096284146,0.08807861152851969,0.017273636881310783,0.0542654200643466,0.06912755576617917,0.04927603036945206,-0.30160984134481195,True,2023-07-12,False
2023-07-14,19495.35,19476.4,19481.25,-0.000972026662768152,0.000972026662768152,2023-07-20,19500.0,90.25,86.45,0.09763670668055258,0.07539242189897336,0.08651456428976297,0.016966901981672264,0.057289578487465784,0.06972963183735124,0.048861442414922206,-0.2545985696502134,True,2023-07-13,False
2023-07-17,19590.25,19570.5,19580.4,-0.0010081545666849581,0.0010081545666849581,2023-07-20,19600.0,75.6,89.4,0.11531483789981367,0.10741422663623096,0.11136453226802231,0.02184038165987612,0.04616011672255165,0.06976050772890585,0.048852842301446986,-0.4830914619200196,True,2023-07-14,False
2023-07-18,19798.05,19789.55,19780.3,-0.0004293352123062625,0.0004293352123062625,2023-07-20,19800.0,63.15,99.15,0.11708032226409029,0.14350239494453587,0.13029135860431307,0.02555223769138106,0.016802254952844313,0.06946821267647701,0.04894211522905812,-1.0760866684479473,True,2023-07-17,False
2023-07-19,19810.6,19822.1,19827.4,0.0005804973095211654,0.0005804973095211654,2023-07-20,19850.0,47.85,80.55,0.12621145534612577,0.14824026278668806,0.1372258590664069,0.026912205121120858,0.02157003883214266,0.06928758686485607,0.04911878333508285,-0.971472516067624,True,2023-07-18,False
2023-07-20,19841.15,19813.35,19807.45,-0.001401128462816062,0.001401128462816062,2023-07-27,19800.0,125.35,101.6,0.1091988081707416,0.09455449057740908,0.10187664937407534,0.019979654736071554,0.07012776153165673,0.06739313649699565,0.04872248157439664,0.05612655485302934,True,2023-07-19,False
2023-07-21,19798.35,19846.1,19863.75,0.00241181714637836,0.00241181714637836,2023-07-27,19850.0,131.35,101.75,0.11996368801655699,0.10465595724970236,0.11230982263312968,0.02202576835286434,0.10949979622684607,0.0668708152315767,0.04851856375682516,0.8786117661875904,True,2023-07-20,False
2023-07-24,19749.1,19719.35,19728.15,-0.0015063977598979196,0.0015063977598979196,2023-07-27,19750.0,96.3,104.8,0.14382217350548826,0.1257874382491283,0.13480480587730828,0.026437397526710857,0.05697980515578132,0.06708794516357468,0.048682155198393307,-0.2076354254777727,True,2023-07-21,False
2023-07-25,19709.15,19677.25,19684.75,-0.0016185375827979112,0.0016185375827979112,2023-07-27,19700.0,82.8,83.5,0.1462688993989577,0.12261547684065816,0.13444218811980793,0.026366282333577414,0.06138664383247943,0.06789597202421868,0.048091971017201536,-0.13535166170276106,True,2023-07-24,False
2023-07-26,19734.35,19753.5,19755.15,0.0009703891944756963,0.0009703891944756963,2023-07-27,19750.0,67.2,59.35,0.1400682783008289,0.13421021322333032,0.13713924576207961,0.02689521885462464,0.03608036059200305,0.06595397288900869,0.045875878252805584,-0.6511834418162596,True,2023-07-25,False
2023-07-27,19851.65,19844.4,19847.15,-0.0003652089372923661,0.0003652089372923661,2023-08-03,19850.0,141.3,96.05,0.1278881133220081,0.08478424425879827,0.10633617879040319,0.020854240409736814,0.017512454547222472,0.06507323681007376,0.045934629452317056,-1.0354014570254078,True,2023-07-26,False
2023-07-28,19681.45,19609.65,19618.0,-0.0036481051955013105,0.0036481051955013105,2023-08-03,19600.0,135.75,87.5,0.12362182875860259,0.09400784279066365,0.10881483577463312,0.021340345037817253,0.17094874469163918,0.06454911306869751,0.04629956366911974,2.2980698561940587,True,2023-07-27,False
2023-07-31,19674.6,19632.1,19624.5,-0.0021601455683978327,0.0021601455683978327,2023-08-03,19600.0,114.65,71.55,0.13806381259787104,0.11272810080002946,0.12539595669895026,0.024592170389753205,0.08783875250384156,0.06639912634708982,0.04828757149684052,0.44399884881670937,True,2023-07-28,False
2023-08-01,19792.15,19769.65,19779.05,-0.0011368143430602537,0.0011368143430602537,2023-08-03,19800.0,59.0,80.05,0.11126700489434874,0.11142952163765682,0.11134826326600278,0.021837191046077495,0.05205863431159815,0.06626867275482343,0.04821768656468747,-0.2947059358428882,True,2023-07-31,False
2023-08-02,19678.25,19628.35,19629.05,-0.002535794595556081,0.002535794595556081,2023-08-03,19650.0,47.6,70.25,0.1253371565291616,0.1290831062759335,0.12721013140254755,0.024947959321088165,0.10164336741613207,0.06497509466066624,0.0475239721506286,0.771574241295418,True,2023-08-01,False
2023-08-03,19472.7,19521.45,19532.05,0.0025035049068696173,0.0025035049068696173,2023-08-10,19550.0,114.55,129.35,0.11224009375572558,0.10936802177270602,0.1108040577642158,0.021730463566346097,0.11520715603816145,0.06597055841729338,0.0476581239953862,1.0331207671043594,True,2023-08-02,False
2023-08-04,19466.4,19480.85,19475.7,0.0007423046891051806,0.0007423046891051806,2023-08-10,19500.0,90.75,108.65,0.1006959886781707,0.09437483771501437,0.09753541319659254,0.01912826827522156,0.038806685394869214,0.0675326155250618,0.047711220554803084,-0.6020791293150172,True,2023-08-03,False
2023-08-07,19559.05,19553.5,19536.75,-0.0002837561128991067,0.0002837561128991067,2023-08-10,19550.0,78.45,88.9,0.11541407368036372,0.11160052135330858,0.11350729751683615,0.0222606124989819,0.012747003835230699,0.06451187284313337,0.043437277317960286,-1.191715323890688,True,2023-08-04,False
2023-08-08,19634.4,19602.45,19604.3,-0.0016272460579391643,0.0016272460579391643,2023-08-10,19600.0,72.6,70.3,0.11470835839002905,0.11796673436409585,0.11633754637706245,0.022815669966928732,0.07132142340320728,0.06281023420027049,0.043431894408196565,0.19596633577490333,True,2023-08-07,False
2023-08-09,19581.8,19523.75,19518.85,-0.002964487432207421,0.002964487432207421,2023-08-10,19500.0,71.2,54.0,0.13461723383745683,0.13826649156254156,0.1364418626999992,0.026758450783778594,0.11078696058160965,0.06297881584192132,0.04344519261758157,1.100424278481416,True,2023-08-08,False
2023-08-10,19615.45,19584.15,19576.3,-0.0015956809555732483,0.0015956809555732483,2023-08-17,19600.0,98.35,119.75,0.09969027155679952,0.09759395306858223,0.09864211231269088,0.019345309828631613,0.08248412507777957,0.06396840341432625,0.04385157257064335,0.42223620677742263,True,2023-08-09,False
2023-08-11,19557.6,19490.45,19494.1,-0.0034334478668138126,0.0034334478668138126,2023-08-17,19500.0,100.45,88.4,0.10156372706430603,0.08392220006526638,0.0927429635647862,0.01818839157558729,0.18877138489926912,0.0637255371734543,0.04370532331382592,2.861112520045294,True,2023-08-10,False
2023-08-14,19392.0,19289.0,19279.75,-0.0053114686468646866,0.0053114686468646866,2023-08-17,19300.0,86.35,81.2,0.13238937326549727,0.09724199661502403,0.11481568494026065,0.02251720838372732,0.23588486442676282,0.06673019221091482,0.04598142850852724,3.6787607019316146,True,2023-08-11,False
2023-08-16,19389.6,19364.4,19359.75,-0.0012996658002226498,0.0012996658002226498,2023-08-17,19350.0,66.8,57.2,0.13677261979766675,0.13710523630426313,0.13693892805096494,0.026855933319321103,0.04839399118136865,0.06905189137569846,0.050780670814640286,-0.406806366732242,True,2023-08-14,False
2023-08-17,19461.55,19412.1,19406.15,-0.002540907584442181,0.002540907584442181,2023-08-24,19400.0,112.25,104.45,0.10004926403399511,0.09853638993580835,0.09929282698490173,0.019472925475223314,0.1304841220532141,0.0680736597781824,0.05060054780068774,1.2333949924981533,True,2023-08-16,False
2023-08-18,19309.15,19325.5,19321.55,0.0008467488211546621,0.0008467488211546621,2023-08-24,19300.0,99.55,86.45,0.08764767450412494,0.0960662171474303,0.09185694582577762,0.018014629200949053,0.047003399942867174,0.06968186916082579,0.05103053369711387,-0.44440979889734605,True,2023-08-17,False
2023-08-21,19310.9,19362.6,19361.15,0.002677244457793116,0.002677244457793116,2023-08-24,19350.0,75.7,80.55,0.09604768372772193,0.11804288579679365,0.10704528476225779,0.02099330753234034,0.12752847323694952,0.0703295340213625,0.05047989727738333,1.1331033203432062,True,2023-08-18,False
2023-08-22,19419.25,19428.05,19424.5,0.00045315859263356066,0.00045315859263356066,2023-08-24,19400.0,67.8,60.8,0.08992670095050911,0.11905740899072731,0.10449205497061821,0.020492577973484315,0.022113303324740794,0.07211437506268038,0.050579086724677806,-0.9885720556821325,True,2023-08-21,False
2023-08-23,19441.7,19394.2,19390.9,-0.0024432019833656522,0.0024432019833656522,2023-08-24,19400.0,41.25,65.8,0.10082715542705337,0.13502807539164813,0.11792761540935075,0.023127508160144028,0.10564051978483605,0.07219237116005194,0.05049687773419644,0.6623805297596261,True,2023-08-22,False
2023-08-24,19537.6,19551.95,19549.2,0.0007344812054705893,0.0007344812054705893,2023-08-31,19550.0,93.8,95.2,0.08569994385056748,0.0862458163113006,0.08597288008093404,0.01686066896817135,0.043561806880682064,0.07279223167539174,0.05067959579708624,-0.5767690987857138,True,2023-08-23,False
2023-08-25,19311.8,19326.2,19312.65,0.0007456580950507697,0.0007456580950507697,2023-08-31,19300.0,97.45,93.55,0.09027540631015019,0.09896946394633477,0.09462243512824248,0.018556986274714454,0.04018206857580076,0.0724412871545404,0.050809895296509075,-0.6349003159814822,True,2023-08-24,False
2023-08-28,19306.75,19269.6,19267.85,-0.0019241974956945864,0.0019241974956945864,2023-08-31,19250.0,94.15,78.05,0.11714094699650948,0.11956310962355504,0.11835202831003226,0.02321074237792847,0.08290116121078238,0.07181089352467468,0.05097406003979271,0.21756688946201505,True,2023-08-25,False
2023-08-29,19377.9,19323.2,19323.25,-0.002822803296538878,0.002822803296538878,2023-08-31,19300.0,84.2,49.45,0.11899503817978291,0.09979386681310567,0.10939445249644429,0.021454017229160325,0.1315745795478397,0.07058329178584964,0.04977126649207343,1.2254317010740226,True,2023-08-28,False
2023-08-30,19436.05,19433.8,19435.15,-0.0001157642628003118,0.0001157642628003118,2023-08-31,19450.0,36.8,59.7,0.09654992436339443,0.11442194736265499,0.10548593586302471,0.02068749405289077,0.005595857212301433,0.07249390865092703,0.04987724000849634,-1.3412540755508895,True,2023-08-29,False
2023-08-31,19382.65,19319.85,19325.45,-0.0032400110408021044,0.0032400110408021044,2023-09-07,19350.0,115.45,97.6,0.11712808498632929,0.0779568041755368,0.09754244458093304,0.019129647243143092,0.16937118597225923,0.07226133794148329,0.05016002565034627,1.9360007649857645,True,2023-08-30,False
2023-09-01,19264.1,19293.3,19299.9,0.0015157728624747965,0.0015157728624747965,2023-09-07,19300.0,109.65,78.6,0.10888058510640275,0.07796293685539743,0.09342176098090009,0.018321514701377332,0.08273185307985738,0.07497899834075585,0.050937560843851,0.15220310141798693,True,2023-08-31,False
2023-09-04,19526.8,19515.0,19513.85,-0.0006042976831840994,0.0006042976831840994,2023-09-07,19500.0,76.7,66.45,0.09471958278315007,0.09963675716126033,0.0971781699722052,0.019058207114750415,0.03170800272793726,0.07573492638132465,0.05070608555934295,-0.8682769172126543,True,2023-09-01,False
2023-09-05,19567.95,19550.2,19547.1,-0.0009070955312130294,0.0009070955312130294,2023-09-07,19550.0,55.55,62.3,0.09307153952046635,0.099360490622012,0.09621601507123917,0.018869513014168695,0.04807201598323771,0.07570254378215482,0.05073403003352371,-0.5446152765837761,True,2023-09-04,False
2023-09-06,19592.55,19577.55,19572.7,-0.0007655971274795777,0.0007655971274795777,2023-09-07,19550.0,51.15,44.65,0.08484287856399572,0.12100164281027995,0.10292226068713783,0.02018471598564613,0.037929546693845656,0.07563185677954917,0.050770112147116096,-0.7426083672309778,True,2023-09-05,False
2023-09-07,19611.1,19568.4,19564.6,-0.0021773383441008967,0.0021773383441008967,2023-09-14,19550.0,105.0,82.85,0.08869155437219584,0.08181211678798295,0.08525183558008939,0.016719260507403057,0.13022934496037078,0.07470205033399165,0.05094382725271811,1.0899710057299725,True,2023-09-06,False
2023-09-08,19776.0,19781.15,19788.95,0.0002604166666667402,0.0002604166666667402,2023-09-14,19800.0,91.6,86.55,0.0938940754981791,0.0782941422491156,0.08609410887364735,0.016884443890465756,0.015423467207811998,0.07554462268968978,0.05144308902009111,-1.1686925615683277,True,2023-09-07,False
2023-09-11,19895.85,19893.55,19894.65,-0.00011560199740143158,0.00011560199740143158,2023-09-14,19900.0,83.5,84.0,0.1150138547047829,0.10853662923648161,0.11177524197063225,0.021920928459415737,0.005273590378047005,0.074422967304265,0.05201444285498398,-1.3294264656262131,True,2023-09-08,False
2023-09-12,20110.35,20055.55,20051.05,-0.002724965005581667,0.002724965005581667,2023-09-14,20050.0,76.3,78.85,0.12065360193684757,0.1263859598846045,0.12351978091072603,0.024224222045326833,0.11248926799312212,0.07311227876038187,0.05275673286353479,0.7463879413191911,True,2023-09-11,False
2023-09-13,19998.45,20012.55,20001.2,0.0007050546417346616,0.0007050546417346616,2023-09-14,20000.0,68.65,67.8,0.14573270773204738,0.14648229299779775,0.14610750036492257,0.028654038286269428,0.024605768816624806,0.07377004443225062,0.0530010679316174,-0.9276091508016052,True,2023-09-12,False
2023-09-14,20133.2,20148.15,20147.95,0.000742554586454251,0.000742554586454251,2023-09-21,20150.0,120.1,110.05,0.10691592665162813,0.09623468082860995,0.10157530374011904,0.019920555994999277,0.03727579624989669,0.07299584435072447,0.05337927696514501,-0.6691744461835227,True,2023-09-13,False
2023-09-15,20169.95,20157.9,20149.7,-0.0005974233947034709,0.0005974233947034709,2023-09-21,20150.0,117.4,82.15,0.11175084562591975,0.07795425277358214,0.09485254919975095,0.018602115357059607,0.03211588484622236,0.07029096124588236,0.050911640796626384,-0.7498300153427707,True,2023-09-14,False
2023-09-18,20161.3,20151.45,20146.75,-0.0004885597654912404,0.0004885597654912404,2023-09-21,20150.0,84.75,73.7,0.11386647461416707,0.09501025453869424,0.10443836457643066,0.02048204842088221,0.023853071502024942,0.07076509415528508,0.05041067487925296,-0.9305969968786765,True,2023-09-15,False
2023-09-20,19998.55,20031.05,20037.85,0.0016251178210420255,0.0016251178210420255,2023-09-21,20050.0,61.8,64.9,0.1446766864122923,0.1252796227833441,0.1349781545978182,0.026471394007808412,0.0613914711315413,0.07051613621760948,0.05060776047781915,-0.18030169681322736,True,2023-09-18,False
2023-09-21,19848.75,19821.15,19817.95,-0.0013905157755525433,0.0013905157755525433,2023-09-28,19800.0,138.4,93.1,0.11602785873158458,0.09142301447459553,0.10372543660309005,0.02034223174211875,0.06835610729345244,0.06852025928553716,0.04848786050011144,-0.0033854245246466162,True,2023-09-20,False
2023-09-22,19756.5,19756.65,19746.5,7.592437931893564e-06,7.592437931893564e-06,2023-09-28,19750.0,111.75,91.2,0.11008660837757497,0.08675559633837987,0.09842110235797742,0.019301966210486143,0.0003933504933693664,0.06943226816286957,0.04794966942216459,-1.4398205139155178,True,2023-09-21,False
2023-09-25,19688.85,19657.0,19655.75,-0.0016176668520507063,0.0016176668520507063,2023-09-28,19650.0,103.65,71.2,0.13617953272580785,0.10007681989515768,0.11812817631048277,0.02316684138893387,0.06982681950002123,0.06912200912348407,0.04834010104955583,0.014580242101989542,True,2023-09-22,False
2023-09-26,19691.35,19664.7,19661.55,-0.0013533861314738614,0.0013533861314738614,2023-09-28,19650.0,86.3,62.1,0.13057950389869438,0.109992308625627,0.1202859062621607,0.023590007047728845,0.057371162659494,0.06931018864298887,0.04832016568526587,-0.24708164415784278,True,2023-09-25,False
2023-09-27,19645.2,19608.65,19610.45,-0.0018605053651782253,0.0018605053651782253,2023-09-28,19600.0,62.1,55.65,0.12392558756663394,0.13268687962670128,0.1283062335966676,0.025162922647115473,0.07393836523959996,0.06883401534991183,0.048294260398533184,0.10569268164717881,True,2023-09-26,False
2023-09-28,19744.7,19732.35,19730.45,-0.0006254843071812782,0.0006254843071812782,2023-10-05,19750.0,109.2,104.75,0.10696440524674886,0.08528177393823999,0.09612308959249442,0.01885128882842141,0.03317992275617029,0.06876552264906806,0.04828388445725068,-0.7370078089803308,True,2023-09-27,False
2023-09-29,19587.2,19565.35,19561.05,-0.0011155244241138184,0.0011155244241138184,2023-10-05,19550.0,126.05,85.35,0.1179824972501975,0.08891232606461946,0.10344741165740848,0.020287706564299676,0.054985240474485636,0.06820444885635436,0.04850169177324594,-0.2725514904443104,True,2023-09-28,False
2023-10-03,19623.2,19530.8,19532.2,-0.004708712136654646,0.004708712136654646,2023-10-05,19550.0,72.4,83.4,0.1323193873263086,0.12116274417403894,0.12674106575017377,0.024855967978218547,0.18943990194954075,0.06865828976557578,0.04824349365661811,2.5035834478251133,True,2023-09-29,False
2023-10-04,19455.35,19396.1,19391.65,-0.0030454348032803316,0.0030454348032803316,2023-10-05,19400.0,57.0,66.6,0.1348972409333858,0.13766175875833925,0.13627949984586252,0.026726608808335304,0.11394767009612321,0.07084938012608938,0.05067420825783675,0.8504975499714629,True,2023-10-03,False
2023-10-05,19543.15,19522.45,19517.3,-0.0010591946538813205,0.0010591946538813205,2023-10-12,19500.0,118.2,95.3,0.09967631362855536,0.09456007847358089,0.09711819605106813,0.019046445261127927,0.055611146298414064,0.07091145248185628,0.050725511109254516,-0.30162941385623177,True,2023-10-04,False
2023-10-06,19624.0,19612.5,19612.55,-0.0005860171218915614,0.0005860171218915614,2023-10-12,19600.0,99.2,88.9,0.09065772239991488,0.09285917251040021,0.09175844745515754,0.017995312081185637,0.03256498799508183,0.07110175394822879,0.05064492965135201,-0.7609205150138496,True,2023-10-05,False
2023-10-09,19551.4,19506.9,19517.3,-0.002276051842834784,0.002276051842834784,2023-10-12,19500.0,104.85,82.75,0.13065432425941126,0.12410043085577022,0.12737737755759074,0.024980758990631957,0.09111219733909313,0.07094803810047369,0.05074929905593349,0.3973288225399026,True,2023-10-06,False
2023-10-10,19581.55,19591.65,19590.7,0.0005157916508142708,0.0005157916508142708,2023-10-12,19600.0,81.35,70.25,0.13998711864695484,0.1067090166313581,0.12334806763915647,0.024190546302154677,0.021322034003354803,0.07090582926857449,0.0507311519061268,-0.9773835878390816,True,2023-10-09,False
2023-10-11,19767.15,19800.55,19799.5,0.00168967200633363,0.00168967200633363,2023-10-12,19800.0,62.3,60.05,0.13531560811870857,0.12936638970328918,0.13234099891099887,0.025954205226751723,0.0651020515393027,0.07035677283422462,0.05109129389598041,-0.10284964216448113,True,2023-10-10,False
2023-10-12,19825.65,19821.2,19812.4,-0.000224456701293563,0.000224456701293563,2023-10-19,19800.0,128.15,97.9,0.10941947208072578,0.09337464832783599,0.10139706020428088,0.019885599561637334,0.011287399235705105,0.0704869807184219,0.05106737684437618,-1.159244612526758,True,2023-10-11,False
2023-10-13,19678.9,19724.7,19729.3,0.0023273658588640255,0.0023273658588640255,2023-10-19,19750.0,87.4,113.0,0.09451902605578819,0.099290446883368,0.09690473646957809,0.01900458239299789,0.12246340439038154,0.06990576876030778,0.051545153380412725,1.019642627546158,True,2023-10-12,False
2023-10-16,19743.25,19722.0,19716.05,-0.001076317222341813,0.001076317222341813,2023-10-19,19700.0,93.25,78.3,0.11454875525705713,0.11603560678348765,0.11529218102027239,0.022610656953347717,0.047602209195538404,0.07166678791760007,0.05150506276901812,-0.4672274418921251,True,2023-10-13,False
2023-10-17,19849.75,19817.85,19821.95,-0.0016070731369413446,0.0016070731369413446,2023-10-19,19800.0,87.7,54.05,0.12283564819268195,0.10383274891710303,0.11333419855489249,0.022226664999569077,0.0723038358193864,0.07210065742365668,0.051184551939042394,0.003969525726662565,True,2023-10-16,False
2023-10-18,19824.45,19791.2,19789.35,-0.001677221814476568,0.001677221814476568,2023-10-19,19800.0,57.75,55.3,0.13617680202675886,0.10774803962982521,0.12196242082829203,0.023918798604941394,0.0701214907227853,0.07213692532845216,0.05118390125553348,-0.03937633818893342,True,2023-10-17,False
2023-10-19,19566.4,19553.7,19551.7,-0.0006490718783220585,0.0006490718783220585,2023-10-26,19550.0,118.35,110.1,0.10688984776001448,0.100930999487123,0.10391042362356874,0.02037851068162576,0.03185080050561756,0.0714806202367178,0.050948619313790196,-0.7778389339075513,True,2023-10-18,False
2023-10-20,19561.05,19576.7,19565.6,0.0008000593015201871,0.0008000593015201871,2023-10-26,19550.0,98.25,98.35,0.08838042397028001,0.10378906024103116,0.09608474210565558,0.018843768267510313,0.042457500546725466,0.07106180349254841,0.05117263425760693,-0.5589765577012649,True,2023-10-19,False
2023-10-23,19530.2,19546.45,19541.25,0.0008320447307247238,0.0008320447307247238,2023-10-26,19550.0,71.05,95.2,0.10239915179605621,0.12334794345178024,0.11287354762391823,0.0221363239193386,0.037587303734647554,0.0707463177711192,0.05129150603236974,-0.6464815834330387,True,2023-10-20,False
2023-10-25,19311.7,19281.25,19279.25,-0.0015767643449308309,0.0015767643449308309,2023-10-26,19300.0,68.7,75.5,0.17462297473837024,0.14343653913441157,0.1590297569363909,0.031188301302329798,0.05055627524071165,0.07077143349016327,0.051274609742387574,-0.39425279589676127,True,2023-10-23,False
2023-10-26,19041.7,18962.95,18965.7,-0.004135660156393599,0.004135660156393599,2023-11-02,18950.0,171.0,130.8,0.15295139434937938,0.12994528067271505,0.1414483375110472,0.027740301274388004,0.14908490414312697,0.07132216383505476,0.05086872206716685,1.5286945916469972,True,2023-10-25,False
2023-10-27,18945.95,18967.25,18974.5,0.0011242508293328797,0.0011242508293328797,2023-11-02,18950.0,141.5,107.6,0.13019545139431343,0.12066975902506447,0.12543260520968896,0.02459935775403785,0.04570244640424973,0.07095776649257954,0.05021708927192225,-0.502922818795289,True,2023-10-26,False
2023-10-30,19064.65,19013.55,18989.1,-0.002680353428990418,0.002680353428990418,2023-11-02,19000.0,94.0,106.2,0.1389497899563919,0.1407696126513578,0.13985970130387484,0.027428744081296773,0.09772060365017256,0.07025549472425302,0.050271614730241554,0.5463343294878797,True,2023-10-27,False
2023-10-31,19233.7,19159.6,19153.05,-0.003852612861799975,0.003852612861799975,2023-11-02,19150.0,90.7,81.0,0.14864383297796008,0.1375568356425041,0.14310033431023209,0.02806428450190479,0.1372781430268956,0.07101652754656258,0.050337056443033885,1.3163585668804618,True,2023-10-30,False
2023-11-01,19083.65,19071.25,19072.0,-0.00064977087716456,0.00064977087716456,2023-11-02,19050.0,87.65,59.45,0.1711108102758393,0.1570770158940053,0.1640939130849223,0.03218146403391605,0.020190842668927875,0.07161044047340864,0.05091148354383028,-1.009980346776048,True,2023-10-31,False
2023-11-02,19129.3,19158.1,19158.4,0.0015055438515784306,0.0015055438515784306,2023-11-09,19150.0,127.05,100.8,0.1140306312181861,0.09744840381477476,0.10573951751648043,0.020737225506708454,0.07260102616386122,0.07002683525058809,0.05101006935186196,0.05046436803519392,True,2023-11-01,False
2023-11-03,19247.2,19248.55,19252.45,7.01400723221323e-05,7.01400723221323e-05,2023-11-09,19250.0,124.0,72.5,0.12216274779031225,0.07335272739262244,0.09775773759146734,0.019171869676291343,0.0036584888957841262,0.07059007426340463,0.050845811745644086,-1.3163637882790704,True,2023-11-02,False
2023-11-06,19349.2,19341.65,19345.5,-0.00039019701072908814,0.00039019701072908814,2023-11-09,19350.0,88.75,66.35,0.12491758909960016,0.0879737452366472,0.10644566716812368,0.020875712847217905,0.018691434088253876,0.07043859901441385,0.051034241976117216,-1.0139695020918775,True,2023-11-03,False
2023-11-07,19409.5,19370.25,19368.15,-0.0020222056209588087,0.0020222056209588087,2023-11-09,19350.0,87.4,50.85,0.12861639838285738,0.09809976727571959,0.11335808282928848,0.0222313490911542,0.09096189406532415,0.0695614325258313,0.051469253916839264,0.4157911745538482,True,2023-11-06,False
2023-11-08,19450.9,19434.6,19437.9,-0.0008380074957972592,0.0008380074957972592,2023-11-09,19450.0,49.2,59.05,0.12124503716887083,0.11626853861978104,0.11875678789432594,0.023290122263260285,0.03598124073050487,0.06923101475055987,0.0512633359024274,-0.6486073025630112,True,2023-11-07,False
2023-11-09,19463.9,19440.85,19434.6,-0.0011842436510669963,0.0011842436510669963,2023-11-16,19450.0,108.9,97.0,0.10651686901678928,0.08149716916892497,0.09400701909285712,0.018436293260352614,0.0642343682834402,0.06845596667810527,0.051410891715340794,-0.08211486425950018,True,2023-11-08,False
2023-11-10,19359.3,19352.95,19353.25,-0.0003280077275520574,0.0003280077275520574,2023-11-16,19350.0,92.7,84.2,0.09014395362326963,0.08494648279666803,0.08754521820996883,0.017169029845168056,0.019104616306807216,0.06638034973450814,0.04892492316935371,-0.9662914188757311,True,2023-11-09,False
2023-11-12,,,,,,2023-11-16,,,,,,,,,0.06276734559917554,0.04394627398980949,,False,2023-11-10,False
2023-11-13,19491.8,19448.65,19452.25,-0.002213751423675485,0.002213751423675485,2023-11-16,19450.0,70.9,64.3,0.0952829794379143,0.08934167684008085,0.09231232813899758,0.01810393702022804,0.12228011074066365,,,,False,2023-11-12,False
2023-11-15,19653.35,19628.65,19628.65,-0.0012567831947223802,0.0012567831947223802,2023-11-16,19650.0,42.1,59.0,0.11358660333540194,0.10373796178293296,0.10866228255916745,0.02131042689079722,0.05897503607800154,,,,False,2023-11-13,False
2023-11-16,19678.75,19642.3,19643.85,-0.0018522517944483633,0.0018522517944483633,2023-11-23,19650.0,123.65,82.05,0.11469867266121059,0.07145860545563187,0.09307863905842123,0.018254222956059593,0.10146976942853093,,,,False,2023-11-15,False
2023-11-17,19686.95,19761.85,19762.15,0.0038045507303060056,0.0038045507303060056,2023-11-23,19750.0,112.95,83.1,0.10352086261740712,0.08633726770877398,0.09492906516309055,0.018617121372066146,0.20435762620178766,,,,False,2023-11-16,False
2023-11-20,19742.7,19732.0,19727.9,-0.0005419724759025223,0.0005419724759025223,2023-11-23,19750.0,89.9,83.25,0.13533656412855322,0.09643588462469899,0.1158862243766261,0.02272715844050032,0.023846908856705765,,,,False,2023-11-17,False
2023-11-21,19776.7,19776.8,19784.65,5.056455323615406e-06,5.056455323615406e-06,2023-11-23,19800.0,70.5,69.35,0.12571295110620379,0.09899279332367295,0.11235287221493837,0.022034211070467977,0.000229482022634905,,,,False,2023-11-20,False
2023-11-22,19791.45,19789.2,19796.2,-0.00011368545508287669,0.00011368545508287669,2023-11-23,19800.0,58.6,51.9,0.1308512524689439,0.10812567588391289,0.1194884641764284,0.023433615787878496,0.004851383419100127,,,,False,2023-11-21,False
2023-11-23,19840.85,19858.65,19859.55,0.0008971389834610368,0.0008971389834610368,2023-11-30,19850.0,134.15,69.95,0.11584283190839531,0.06685047076374451,0.09134665133606991,0.017914552217845266,0.0500787835806115,,,,False,2023-11-22,False
2023-11-24,19817.6,19830.6,19825.75,0.000655982560955918,0.000655982560955918,2023-11-30,19850.0,88.65,78.75,0.09685975446045986,0.06364958249340125,0.08025466847693055,0.01573923540849187,0.04167817202873733,,,,False,2023-11-23,False
2023-11-28,19848.05,19825.4,19825.9,-0.0011411700393740352,0.0011411700393740352,2023-11-30,19850.0,69.5,65.65,0.13032495929674848,0.08485404170581684,0.10758950050128266,0.02110003701975927,0.05408379323246585,,,,False,2023-11-24,False
2023-11-29,19977.75,19985.2,19986.0,0.0003729148677904533,0.0003729148677904533,2023-11-30,20000.0,60.55,47.0,0.1442244014981442,0.08485436224643084,0.11453938187228752,0.022463020893909606,0.01660127858811553,,,,False,2023-11-28,False
2023-11-30,20127.2,20111.85,20106.75,-0.0007626495488693004,0.0007626495488693004,2023-12-07,20100.0,170.0,105.75,0.14739733770684027,0.09651475518662811,0.12195604644673419,0.02391754848586637,0.031886610340519386,,,,False,2023-11-29,False
2023-12-01,20183.7,20228.25,20228.65,0.002207226623463452,0.002207226623463452,2023-12-07,20250.0,140.95,106.1,0.14328175265491722,0.08995510025287132,0.11661842645389427,0.022870755082034306,0.09650869048907343,,,,False,2023-11-30,False
2023-12-04,20602.5,20564.35,20571.1,-0.0018517170246330034,0.0018517170246330034,2023-12-07,20550.0,121.6,73.85,0.14306367404519793,0.10850003421073587,0.12578185412796689,0.024667851102091708,0.07506600461342931,,,,False,2023-12-01,False
2023-12-05,20813.1,20751.55,20754.6,-0.0029572721026660744,0.0029572721026660744,2023-12-07,20750.0,100.6,95.75,0.15120259411379294,0.1508179116296911,0.15101025287174202,0.029615547159445903,0.09985539307258248,,,,False,2023-12-04,False
2023-12-06,20928.25,20931.2,20926.0,0.0001409577962801824,0.0001409577962801824,2023-12-07,20950.0,73.1,80.5,0.17298377897257688,0.13875199327262622,0.15586788612260155,0.030568207418523206,0.0046112549012202525,,,,False,2023-12-05,False
2023-12-07,20941.25,20851.7,20861.05,-0.004276249030024439,0.004276249030024439,2023-12-14,20850.0,173.2,105.25,0.14294591303485737,0.09439455802553318,0.11867023553019528,0.023273147948119906,0.18374175421206354,,,,False,2023-12-06,False
2023-12-08,20936.2,20958.5,20954.15,0.0010651407609785573,0.0010651407609785573,2023-12-14,20950.0,143.25,92.4,0.12906319430610502,0.08636182887181856,0.10771251158896179,0.021124161478854046,0.0504228658754004,,,,False,2023-12-07,False
2023-12-11,20979.0,20976.0,20968.5,-0.000143000143000143,0.000143000143000143,2023-12-14,20950.0,119.55,83.0,0.13948338677324257,0.11654446890717063,0.1280139278402066,0.025105596771879696,0.005695946776310642,,,,False,2023-12-08,False
2023-12-12,21024.15,21034.45,21023.6,0.000489912790766774,0.000489912790766774,2023-12-14,21000.0,110.7,63.35,0.1495893849437675,0.11328379373501013,0.13143658933938882,0.025776835916985576,0.019005932005950636,,,,False,2023-12-11,False
2023-12-13,20932.7,20913.75,20914.8,-0.0009052821661802217,0.0009052821661802217,2023-12-14,20900.0,107.95,44.2,0.20564377802345224,0.10501793226835054,0.1553308551459014,0.030462886978923288,0.029717543409676497,,,,False,2023-12-12,False
2023-12-14,21119.05,21129.05,21133.2,0.00047350614729355724,0.00047350614729355724,2023-12-21,21150.0,140.35,95.85,0.12501170833121755,0.07335180077149592,0.09918175455135674,0.019451142378836078,0.024343359277898154,,,,False,2023-12-13,False
2023-12-15,21298.15,21253.7,21254.1,-0.002087035728455322,0.002087035728455322,2023-12-21,21250.0,161.55,75.7,0.1437605691947833,0.07006503068478398,0.10691279993978364,0.020967325120992242,0.09953752881743634,,,,False,2023-12-14,False
2023-12-18,21434.95,21462.95,21454.55,0.0013062778312988832,0.0013062778312988832,2023-12-21,21450.0,126.6,104.6,0.1539349808482816,0.13232369811530603,0.14312933948179382,0.028069972884050498,0.0465364835475533,,,,False,2023-12-15,False
2023-12-19,21480.0,21436.55,21434.45,-0.0020228119180633487,0.0020228119180633487,2023-12-21,21450.0,85.1,95.25,0.13797631006297878,0.1299168014402935,0.13394655575163614,0.026269080829082175,0.07700352864360288,,,,False,2023-12-18,False
2023-12-20,21551.45,21564.4,21561.4,0.0006008876432908564,0.0006008876432908564,2023-12-21,21550.0,73.25,56.95,0.13392399723476978,0.12416320777983197,0.12904360250730088,0.025307532588039923,0.023743430585359777,,,,False,2023-12-19,False
2023-12-21,21045.9,21028.2,21015.45,-0.000841018915798361,0.000841018915798361,2023-12-28,21000.0,211.0,119.25,0.17202168405667245,0.10737378014942148,0.13969773210304698,0.02739697930761899,0.030697505237903253,,,,False,2023-12-20,False
2023-12-22,21304.75,21255.5,21266.35,-0.0023116910548117205,0.0023116910548117205,2023-12-28,21250.0,166.75,107.8,0.14277218995043311,0.1043397573450918,0.12355597364776245,0.02423132002503449,0.0954009543195916,,,,False,2023-12-21,False
2023-12-26,21367.85,21335.2,21350.25,-0.001527996499413737,0.001527996499413737,2023-12-28,21350.0,127.35,91.7,0.19024841567836215,0.13731167638798197,0.16378004603317206,0.03211990964077958,0.047571631318470024,,,,False,2023-12-22,False
2023-12-27,21508.45,21535.45,21538.95,0.001255320583305631,0.001255320583305631,2023-12-28,21550.0,79.2,78.1,0.1682169903770948,0.14402259633068032,0.15611979335388756,0.03061761049113638,0.04099995274513794,,,,False,2023-12-26,False
2023-12-28,21718.65,21731.5,21736.5,0.0005916574004368846,0.0005916574004368846,2024-01-04,21750.0,232.5,142.0,0.19565842349152218,0.11054520138984505,0.1531018124406836,0.030025735738518012,0.019705009249045207,,,,False,2023-12-27,False
2023-12-29,21754.0,21731.25,21734.9,-0.0010457846832766387,0.0010457846832766387,2024-01-04,21750.0,179.25,133.05,0.16449290406794453,0.11044201413539542,0.13746745910166996,0.026959586786285895,0.03879082760306327,,,,False,2023-12-28,False
2024-01-01,21732.15,21700.15,21696.85,-0.0014724728110196183,0.0014724728110196183,2024-01-04,21700.0,131.2,108.3,0.16254274480847047,0.13064875622183086,0.14659575051515067,0.028749792018712802,0.051216816109876835,,,,False,2023-12-29,False
2024-01-02,21755.6,21731.9,21731.35,-0.001089374689734923,0.001089374689734923,2024-01-04,21750.0,98.2,96.85,0.15752202380133934,0.1280646553065823,0.1427933395539608,0.02800407787679718,0.03890057349960186,,,,False,2024-01-01,False
2024-01-03,21677.0,21624.65,21619.6,-0.0024150020759329495,0.0024150020759329495,2024-01-04,21600.0,88.75,72.25,0.155718497886298,0.16189249092060481,0.1588054944034514,0.031144319801113405,0.07754229635949902,,,,False,2024-01-02,False
2024-01-04,21612.95,21619.65,21617.9,0.0003099993291059632,0.0003099993291059632,2024-01-11,21600.0,158.4,128.65,0.12286792756314102,0.11310214812437572,0.11798503784375837,0.023138769626050274,0.013397399002449868,,,,False,2024-01-03,False
2024-01-05,21717.1,21724.3,21735.35,0.0003315359785607069,0.0003315359785607069,2024-01-11,21750.0,113.85,121.3,0.10663358555069566,0.10028226183301536,0.10345792369185551,0.02028976814386787,0.01634005752110609,,,,False,2024-01-04,False
2024-01-08,21751.55,21725.35,21720.15,-0.0012045118623730598,0.0012045118623730598,2024-01-11,21700.0,113.05,91.35,0.12561428213011072,0.12371178281628412,0.12466303247319742,0.02444843212324941,0.04926744816603682,,,,False,2024-01-05,False
2024-01-09,21655.2,21664.05,21662.2,0.0004086778233402852,0.0004086778233402852,2024-01-11,21650.0,101.4,70.6,0.1403112842066334,0.11284567337742454,0.126578478792029,0.02482408205236332,0.01646295812583241,,,,False,2024-01-08,False
2024-01-10,21533.5,21478.2,21491.35,-0.0025680915782385245,0.0025680915782385245,2024-01-11,21500.0,75.25,90.25,0.15841620258759365,0.17108069839042694,0.1647484504890103,0.032309829379909165,0.07948329123134926,,,,False,2024-01-09,False
2024-01-11,21694.75,21703.95,21707.65,0.0004240657301882127,0.0004240657301882127,2024-01-18,21700.0,152.95,127.0,0.1221788228868797,0.10717851752543439,0.11467867020615705,0.022490337583617934,0.018855463089940638,,,,False,2024-01-10,False
2024-01-12,21789.15,21734.25,21737.35,-0.002519602646271261,0.002519602646271261,2024-01-18,21750.0,135.65,120.75,0.12499871324101353,0.10070813346749069,0.11285342335425211,0.022132377225349203,0.11384238668160089,,,,False,2024-01-11,False
2024-01-15,22036.95,22071.2,22067.75,0.001554207819140126,0.001554207819140126,2024-01-18,22050.0,135.6,112.05,0.15236946700181853,0.14537325532277656,0.14887136116229754,0.02919607598391055,0.05323344890582635,,,,False,2024-01-12,False
2024-01-16,22088.2,22061.25,22061.9,-0.001220108474207981,0.001220108474207981,2024-01-18,22050.0,110.85,98.9,0.15168828605693419,0.15161583529995176,0.15165206067844297,0.02974141602599761,0.04102388645992706,,,,False,2024-01-15,False
2024-01-17,21674.2,21771.95,21776.75,0.004509970379529579,0.004509970379529579,2024-01-18,21800.0,91.95,93.8,0.20279779118061014,0.16051200403659444,0.1816548976086023,0.03562545644792163,0.12659403778088824,,,,False,2024-01-16,False
2024-01-18,21426.7,21438.85,21429.85,0.0005670495223248478,0.0005670495223248478,2024-01-25,21450.0,194.85,202.0,0.1698693248029653,0.15907553312851141,0.16447242896573835,0.03225569710555012,0.01757982537067158,,,,False,2024-01-17,False
2024-01-19,21603.25,21654.65,21656.1,0.0023792716373694446,0.0023792716373694446,2024-01-25,21650.0,169.7,144.25,0.14741545671477385,0.1302944776316421,0.13885496717320797,0.027231699506748964,0.08737139732243954,,,,False,2024-01-18,False
2024-01-20,21698.4,21677.1,21659.2,-0.000981639199203762,0.000981639199203762,2024-01-25,21650.0,167.8,115.0,0.15747923641535783,0.11538160454446675,0.13643042047991227,0.02675620677979775,0.03668827974318646,,,,False,2024-01-19,False
2024-01-23,21725.5,21714.0,21718.35,-0.000529331891095717,0.000529331891095717,2024-01-25,21700.0,137.85,79.95,0.18892768716190927,0.13062659145006517,0.15977713930598722,0.031334875044125444,0.016892739809886505,,,,False,2024-01-20,False
2024-01-24,21195.9,21240.05,21245.15,0.002082950004481896,0.002082950004481896,2024-01-25,21250.0,125.7,114.0,0.2582619787022147,0.22489339777276973,0.2415776882374922,0.04737728255275411,0.043965164151459145,,,,False,2024-01-23,False
2024-01-25,21456.85,21438.0,21439.45,-0.0008785073298270038,0.0008785073298270038,2024-02-01,21450.0,232.2,173.3,0.19692937489636297,0.13931294240711595,0.16812115865173946,0.032971271869732616,0.026644629703638064,,,,False,2024-01-24,False
2024-01-29,21439.55,21546.15,21545.8,0.004972119284220153,0.004972119284220153,2024-02-01,21550.0,233.25,153.5,0.29013925747431557,0.18663565919783537,0.23838745833607547,0.046751626994286,0.10635179145375727,,,,False,2024-01-25,False
2024-01-30,21784.65,21702.65,21729.7,-0.0037641183126651103,0.0037641183126651103,2024-02-01,21750.0,196.6,170.1,0.3033967072566941,0.23459640639471513,0.2689965568257046,0.05275456509013609,0.07135151822849385,,,,False,2024-01-29,False
2024-01-31,21504.05,21521.35,21519.45,0.0008044996175138764,0.0008044996175138764,2024-02-01,21500.0,184.75,128.45,0.34819840849208106,0.2747226405247897,0.31146052450843537,0.061082434314705995,0.013170719643702672,,,,False,2024-01-30,False
2024-02-01,21788.35,21716.55,21718.2,-0.0032953390229181778,0.0032953390229181778,2024-02-08,21700.0,251.65,217.0,0.19863067825897368,0.18514601398937525,0.19188834612417446,0.03763240081993123,0.08756653710950243,,,,False,2024-01-31,False
2024-02-02,21825.95,21940.85,21941.35,0.0052643756629149165,0.0052643756629149165,2024-02-08,21950.0,171.3,150.35,0.15327000728356965,0.1274260882735635,0.14034804777856658,0.027524516704521673,0.19126132965125217,,,,False,2024-02-01,False
2024-02-05,21921.15,21903.35,21879.55,-0.0008120011951929032,0.0008120011951929032,2024-02-08,21900.0,148.45,167.6,0.1923059974545656,0.19072622392075267,0.19151611068765914,0.037559399444760375,0.021619120837838086,,,,False,2024-02-02,False
2024-02-06,21830.9,21793.1,21799.05,-0.0017314906852215395,0.0017314906852215395,2024-02-08,21800.0,128.0,148.05,0.1881562992418625,0.21612979776758212,0.2021430485047223,0.039643513417796615,0.043676519459151804,,,,False,2024-02-05,False
2024-02-07,22046.4,21989.95,21988.85,-0.0025605087451919914,0.0025605087451919914,2024-02-08,22000.0,115.45,105.6,0.23553403891460273,0.1946030540253328,0.21506854646996776,0.04217841212347701,0.06070661782373693,,,,False,2024-02-06,False
2024-02-08,22011.05,21998.5,21999.5,-0.000570168165535005,0.000570168165535005,2024-02-15,22000.0,198.05,159.35,0.16031765435898832,0.12862500433246848,0.1444713293457284,0.028333158749559967,0.020123706310856006,,,,False,2024-02-07,False
2024-02-09,21747.05,21769.75,21756.75,0.0010438197364700374,0.0010438197364700374,2024-02-15,21750.0,191.6,158.95,0.16573379685969425,0.1429228554964847,0.15432832617808948,0.030266274872391943,0.034487882663821995,0.05600707517953585,0.04544947465684613,-0.47347505506254256,True,2024-02-08,False
2024-02-12,21820.2,21801.0,21807.85,-0.0008799186075288368,0.0008799186075288368,2024-02-15,21800.0,153.2,135.75,0.18182634795165148,0.1701273568729767,0.1759768524123141,0.03451190016888566,0.025496092745485248,0.05454387137825515,0.044686503580094,-0.6500347153074086,True,2024-02-09,False
2024-02-13,21665.6,21577.7,21573.65,-0.004057122812199884,0.004057122812199884,2024-02-15,21550.0,162.0,125.95,0.2219235468017251,0.20352282809987343,0.21272318745079927,0.0417184493771262,0.09725008653903525,0.053985888989379886,0.044838994472452307,0.9648788528528566,True,2024-02-12,False
2024-02-14,21591.0,21563.8,21534.1,-0.0012597841693298471,0.0012597841693298471,2024-02-15,21550.0,92.45,113.55,0.19923307712100036,0.20959243153971335,0.20441275433035686,0.04008863935222068,0.03142496701525148,0.05391556094122162,0.04476650632395897,-0.5023977918494213,True,2024-02-13,False
2024-02-15,21923.25,21876.35,21864.7,-0.00213928135655076,0.00213928135655076,2024-02-22,21850.0,188.45,153.7,0.14728830232509676,0.13096298986007737,0.13912564609258707,0.027284784010280973,0.07840565480542831,0.05103334995477936,0.04025616041366368,0.6799531939801763,True,2024-02-14,False
2024-02-16,22021.7,22006.75,22001.3,-0.0006788758361071455,0.0006788758361071455,2024-02-22,22000.0,178.25,144.45,0.15463555763161319,0.1263369621161884,0.1404862598739008,0.02755162232648797,0.02464014017259805,0.05194266238725806,0.04024785038391891,-0.6783597621792188,True,2024-02-15,False
2024-02-19,22107.5,22071.75,22054.4,-0.0016170982698179351,0.0016170982698179351,2024-02-22,22050.0,146.1,144.65,0.17333093696306767,0.17688488660708435,0.175107911785076,0.034341486891407175,0.04708876685891433,0.05234950668975745,0.03983753479408422,-0.1320548537462294,True,2024-02-16,False
2024-02-20,22111.35,22093.0,22087.7,-0.0008298905313333897,0.0008298905313333897,2024-02-22,22100.0,112.35,141.2,0.17108918578219912,0.19502290315425308,0.1830560444682261,0.035900243954792056,0.023116570805993473,0.05305346308042102,0.03935423478237218,-0.7607031985243196,True,2024-02-19,False
2024-02-21,22230.35,22207.25,22200.1,-0.0010391199418811916,0.0010391199418811916,2024-02-22,22200.0,98.55,103.45,0.19004911015835707,0.19969638179682925,0.19487274597759316,0.03821768978489067,0.027189501713209434,0.052604092867510714,0.0395422633176559,-0.6427196883025531,True,2024-02-20,False
2024-02-22,22090.0,22006.45,21996.6,-0.0037822544137618504,0.0037822544137618504,2024-02-29,22000.0,209.1,162.25,0.1704316700179775,0.12980132008924006,0.15011649505360877,0.029440266830404075,0.1284721512732953,0.052362615028918584,0.03965419842547733,1.9193310990111274,True,2024-02-21,False
2024-02-23,22295.5,22233.45,22242.2,-0.0027830728173846415,0.0027830728173846415,2024-02-29,22250.0,169.95,158.3,0.1496768139709172,0.13292510863682333,0.14130096130387026,0.027711398422225135,0.10043061613060124,0.05360242099626574,0.040853675152809577,1.1462419221570337,True,2024-02-22,False
2024-02-26,22173.95,22180.05,22174.25,0.0002750975807196528,0.0002750975807196528,2024-02-29,22150.0,164.3,124.6,0.18203377483038807,0.16347251315772937,0.17275314399405872,0.03387967893308499,0.008119840251821511,0.05499957662197384,0.04100000337442535,-1.1434081100440736,True,2024-02-23,False
2024-02-27,22099.8,22127.25,22116.1,0.0012420926886216495,0.0012420926886216495,2024-02-29,22100.0,143.85,119.0,0.19588999145755115,0.1832386889905528,0.18956434022405197,0.03717662576476087,0.033410581597187586,0.0546034637871622,0.041340484215388364,-0.5126423309305577,True,2024-02-26,False
2024-02-28,22223.75,22199.3,22187.55,-0.0011001743630125757,0.0011001743630125757,2024-02-29,22200.0,93.15,102.6,0.1915518071018938,0.18575433263609675,0.18865306986899527,0.03699791094466115,0.029736121173385668,0.05355182863896411,0.041058007026043515,-0.5800502554951557,True,2024-02-27,False
2024-02-29,21932.15,21952.5,21949.2,0.0009278616095548563,0.0009278616095548563,2024-03-07,21950.0,235.0,161.05,0.19074795473959377,0.13017473927399653,0.16046134700679515,0.03146905921403968,0.029484885558348623,0.052796330581630045,0.04107246965115034,-0.567568622517164,True,2024-02-28,False
2024-03-01,22068.15,22122.5,22123.65,0.0024628253840942053,0.0024628253840942053,2024-03-07,22100.0,199.2,137.1,0.16212130703000377,0.12875693994936938,0.14543912348968657,0.02852295879668241,0.08634536836271922,0.05162348878972615,0.04070902383323757,0.8529283265358921,True,2024-02-29,False
2024-03-02,22420.25,22385.3,22388.8,-0.0015588586211126426,0.0015588586211126426,2024-03-07,22400.0,149.8,162.6,0.1449753481502405,0.14646928311134205,0.14572231563079127,0.02857849734489737,0.05454655653513475,0.05298572401408446,0.04047605912253293,0.038561869779001764,True,2024-03-01,False
2024-03-04,22411.8,22380.55,22386.55,-0.0013943547595463104,0.0013943547595463104,2024-03-07,22400.0,143.0,139.4,0.17749959081764427,0.15725867235640822,0.16737913158702625,0.032825748389633126,0.042477470520875284,0.05083247071946899,0.036658635337424465,-0.22791356311248614,True,2024-03-02,False
2024-03-05,22389.75,22366.1,22360.85,-0.0010562869170044978,0.0010562869170044978,2024-03-07,22350.0,123.2,110.05,0.16808341939988491,0.16479642580784354,0.16643992260386423,0.03264155435376833,0.032360190496950214,0.05070004746356024,0.0366744873314373,-0.5000712566441012,True,2024-03-04,False
2024-03-06,22338.25,22327.65,22330.8,-0.00047452239991935556,0.00047452239991935556,2024-03-07,22350.0,73.6,105.15,0.15884164322756295,0.1826088117784051,0.17072522750298402,0.03348197178847243,0.014172474754988286,0.05114445152557089,0.036279329413072,-1.019092066163192,True,2024-03-05,False
2024-03-07,22517.1,22482.9,22495.8,-0.001518845677285134,0.001518845677285134,2024-03-14,22500.0,166.6,140.0,0.13335995331247846,0.10900887505263807,0.12118441418255826,0.023766218948468264,0.06390775413533013,0.05106389390472152,0.03635718474554137,0.35326883312063123,True,2024-03-06,False
2024-03-11,22526.6,22487.65,22486.35,-0.0017290669697156737,0.0017290669697156737,2024-03-14,22500.0,122.1,128.95,0.15212372073242425,0.1440852542666486,0.14810448749953642,0.029045679685030575,0.05952923080009011,0.051633730750149084,0.03628481105838188,0.2175979375292115,True,2024-03-07,False
2024-03-12,22340.9,22331.05,22329.2,-0.00044089539812640414,0.00044089539812640414,2024-03-14,22350.0,121.05,103.45,0.1874850416299909,0.13244999624482628,0.1599675189374086,0.03137221156164884,0.014053691983429676,0.052220161942185615,0.036120233250080125,-1.056650705838708,True,2024-03-11,False
2024-03-13,22446.75,22344.25,22345.1,-0.00456636261374141,0.00456636261374141,2024-03-14,22350.0,107.25,85.15,0.21022862162057931,0.15846638037631983,0.18434750099844957,0.03615351941819846,0.12630478822603528,0.0507954313282855,0.03590749851676229,2.102885470078084,True,2024-03-12,False
2024-03-14,21986.7,21990.25,21976.25,0.00016146124702657845,0.00016146124702657845,2024-03-21,22000.0,212.4,155.1,0.1812524387848839,0.11559784840697335,0.14842514359592862,0.02910856551936351,0.00554686375455952,0.052124903072926866,0.037200563411504954,-1.252078867815272,True,2024-03-13,False
2024-03-15,22074.85,22106.5,22116.35,0.0014337583267837134,0.0014337583267837134,2024-03-21,22100.0,180.3,134.25,0.149032911997036,0.12327594378551798,0.136154427891277,0.026702080179987812,0.053694630422773594,0.05093395865810948,0.03753292339826395,0.07355333703613953,True,2024-03-14,False
2024-03-18,22006.05,22031.65,22028.2,0.0011633164516122695,0.0011633164516122695,2024-03-21,22050.0,132.6,146.1,0.17264659298737628,0.16262256135791786,0.16763457717264707,0.032875845390623194,0.035385141820385525,0.05143314532206638,0.03736395554010325,-0.42950494051563437,True,2024-03-15,False
2024-03-19,21959.9,21937.3,21926.8,-0.0010291485844654202,0.0010291485844654202,2024-03-21,21950.0,123.8,131.85,0.19658272680471317,0.1744765865333593,0.18552965666903623,0.0363853592194456,0.028284689406485437,0.051511272598441085,0.03732474315803354,-0.6222838049712476,True,2024-03-18,False
2024-03-20,21864.55,21855.3,21849.7,-0.00042305924430184936,0.00042305924430184936,2024-03-21,21850.0,106.95,89.85,0.20995432791542817,0.17584372404095489,0.19289902597819153,0.037830611446763085,0.0111829872191518,0.05039266818322265,0.03699132837271443,-1.0599695303992576,True,2024-03-19,False
2024-03-21,22020.95,21995.15,21995.8,-0.0011716115789736261,0.0011716115789736261,2024-03-28,22000.0,187.1,118.0,0.15296731787160983,0.09369735726716658,0.1233323375693882,0.02418746138166627,0.048438798949843084,0.04978619078156734,0.03733506464117678,-0.03608917902443429,True,2024-03-20,False
2024-03-22,21951.0,21898.75,21887.3,-0.0023803015807935856,0.0023803015807935856,2024-03-28,21900.0,176.75,116.75,0.1601430656563369,0.09649219126980099,0.12831762846306893,0.025165157364274517,0.0945871923762638,0.04991017155164576,0.037317740422886096,1.1972059486543474,True,2024-03-21,False
2024-03-26,21993.4,22066.45,22056.5,0.0033214509807487367,0.0033214509807487367,2024-03-28,22050.0,148.95,88.55,0.2108959429287358,0.13284456783007614,0.17187025537940598,0.033706530230221785,0.09854028160307861,0.0511582079370994,0.03754194037425806,1.262110407550175,True,2024-03-22,False
2024-03-27,22065.85,22101.8,22105.25,0.0016292143742480227,0.0016292143742480227,2024-03-28,22100.0,108.0,69.05,0.20416997170868018,0.13884200502584976,0.17150598836726497,0.03363509159164236,0.04843793482200148,0.052154032170433,0.03799800369224063,-0.09779717320229533,True,2024-03-26,False
2024-03-28,22186.35,22217.7,22209.5,0.0014130309852680672,0.0014130309852680672,2024-04-04,22200.0,205.5,98.0,0.16077144426469564,0.08224510191226886,0.12150827308848225,0.023829732905428155,0.0592969711778093,0.05210771748230174,0.03800085884258609,0.18918661089445807,True,2024-03-27,False
2024-04-01,22461.65,22493.75,22503.9,0.001429102492470435,0.001429102492470435,2024-04-04,22500.0,139.3,121.15,0.16213604107745427,0.14531193785311664,0.15372398946528545,0.030147754691954704,0.04740328117542393,0.0524476574436052,0.0379719285832503,-0.13284487926711167,True,2024-03-28,False
2024-04-02,22463.7,22444.35,22454.6,-0.0008613897087301817,0.0008613897087301817,2024-04-04,22450.0,103.35,103.5,0.14366509341360684,0.15042053187764903,0.14704281264562793,0.028837468115908645,0.02987050407018855,0.05194534052387061,0.03783343059215227,-0.5834743534534511,True,2024-04-01,False
2024-04-03,22408.05,22363.95,22366.55,-0.001968042734642173,0.001968042734642173,2024-04-04,22350.0,70.4,84.2,0.11834203282053907,0.17670899099048937,0.14752551190551422,0.028932133229191605,0.06802273164760905,0.05221989227499959,0.03760805260889604,0.42019828936506437,True,2024-04-02,False
2024-04-04,22616.0,22524.2,22502.3,-0.004059073222497315,0.004059073222497315,2024-04-10,22500.0,147.6,122.6,0.12467440700177529,0.10534849873945493,0.11501145287061511,0.02255560163361244,0.17995854371042222,0.05308127017710797,0.03736340558050637,3.3957630885635863,True,2024-04-03,False
2024-04-05,22486.45,22468.3,22469.15,-0.000807152751990708,0.000807152751990708,2024-04-10,22450.0,153.8,117.15,0.13402628744050094,0.11771450865752536,0.12587039804901315,0.02468521599367728,0.03269782011214515,0.05525945510284773,0.04078967309580665,-0.5531212505113705,True,2024-04-04,False
2024-04-08,22581.7,22581.95,22598.3,1.1070911401710233e-05,1.1070911401710233e-05,2024-04-10,22600.0,103.6,100.55,0.14755526846409972,0.14084464047827377,0.14419995447118675,0.028279937757991248,0.0003914758050901952,0.05553003613595294,0.04058126703056205,-1.3587195365126843,True,2024-04-05,False
2024-04-09,22765.3,22705.4,22711.15,-0.0026311974803757392,0.0026311974803757392,2024-04-10,22700.0,87.95,71.5,0.15517128642079853,0.14515728202304196,0.15016428422192024,0.029449639057394787,0.08934566142721695,0.05421183921218196,0.04107161141978394,0.8554283847288069,True,2024-04-08,False
2024-04-10,22726.6,22716.15,22719.3,-0.00045981361048274226,0.00045981361048274226,2024-04-18,22700.0,170.85,116.55,0.11821526826232273,0.09248078799216256,0.10534802812724264,0.02066044812074353,0.022255742363161985,0.05538667585113656,0.04105128175205144,-0.8070620958459828,True,2024-04-09,False
2024-04-12,22687.65,22715.95,22714.75,0.0012473746730048846,0.0012473746730048846,2024-04-18,22700.0,134.35,117.15,0.10700009911909938,0.10493099405346104,0.10596554658628021,0.02078155345430647,0.060023167938217666,0.05386023177916258,0.040540426153657695,0.15201952085299036,True,2024-04-10,False
2024-04-15,22365.8,22328.35,22326.3,-0.0016744314980908677,0.0016744314980908677,2024-04-18,22350.0,148.05,109.55,0.1898194828933683,0.115637249515017,0.15272836620419267,0.02995249690593551,0.055902901963377064,0.053973393763035775,0.04054812240375935,0.047585636176396606,True,2024-04-12,False
2024-04-16,22147.35,22186.75,22179.7,0.0017789938751137928,0.0017789938751137928,2024-04-18,22200.0,85.15,103.0,0.13661866178220444,0.13308044464875884,0.13484955321548164,0.02644617320173114,0.06726848007625322,0.05422137735475994,0.04051306696684435,0.32204677893606404,True,2024-04-15,False
2024-04-18,22228.75,22267.05,22249.65,0.0017229938705504932,0.0017229938705504932,2024-04-25,22250.0,155.9,143.7,0.12476119563256402,0.11472890398282487,0.11974504980769445,0.023483936370214384,0.07336904015528824,0.05323261805968269,0.03942617501966503,0.5107373993435042,True,2024-04-16,False
2024-04-19,21839.95,21851.2,21841.95,0.0005151110693934739,0.0005151110693934739,2024-04-25,21850.0,189.7,173.95,0.16984777123051048,0.14897435187885028,0.15941106155468038,0.03126308129037907,0.0164766570706514,0.05416243830609296,0.039228460191559,-0.9606744963074185,True,2024-04-18,False
2024-04-22,22337.1,22246.5,22240.55,-0.004056032340814096,0.004056032340814096,2024-04-25,22250.0,117.75,147.85,0.14618470080218893,0.17085448501313416,0.15851959290766154,0.031088249904728874,0.13046833942868966,0.05298085930189649,0.0392788960161987,1.9727509677165354,True,2024-04-19,False
2024-04-23,22447.55,22399.5,22405.85,-0.0021405454047323325,0.0021405454047323325,2024-04-25,22400.0,96.65,109.2,0.13352516603831477,0.15975394225048156,0.14663955414439817,0.028758382617185847,0.07443205110753184,0.05454386029665489,0.04046747004190915,0.4914611857445063,True,2024-04-22,False
2024-04-24,22426.5,22409.45,22410.5,-0.0007602612980179374,0.0007602612980179374,2024-04-25,22400.0,83.35,69.4,0.14909329516211445,0.14248772763518708,0.14579051139865076,0.028591871635322754,0.02659012000734856,0.055502848818282303,0.04024124401754995,-0.718484965283985,True,2024-04-23,False
2024-04-25,22333.55,22339.6,22346.3,0.00027089289432263446,0.00027089289432263446,2024-05-02,22350.0,156.75,120.9,0.12621642794800192,0.09473817759091543,0.11047730276945868,0.021666381639637234,0.012502913445734454,0.0552132647492138,0.04038792856836545,-1.057502893003851,True,2024-04-24,False
2024-04-26,22610.9,22603.8,22606.0,-0.00031400784577359514,0.00031400784577359514,2024-05-02,22600.0,144.5,124.2,0.1199027155158531,0.10778146245828368,0.1138420889870684,0.022326270508201077,0.014064500636514777,0.05497756947824873,0.04059819143776218,-1.0077559465784205,True,2024-04-25,False
2024-04-29,22488.45,22511.4,22510.8,0.001020523868919411,0.001020523868919411,2024-05-02,22500.0,152.75,83.45,0.17385100302759254,0.10475040840140676,0.13930070571449965,0.02731911602674922,0.03735566948506592,0.053439447964628024,0.04036637197185381,-0.39844498511723603,True,2024-04-26,False
2024-04-30,22684.9,22679.05,22687.65,-0.0002578807929504729,0.0002578807929504729,2024-05-02,22700.0,86.4,86.65,0.13005192786394226,0.11300140839683884,0.12152666813039055,0.02383334046995292,0.010820169890812723,0.052872850485570895,0.04034927569359771,-1.0422164926601332,True,2024-04-29,False
2024-05-02,22582.95,22639.95,22641.85,0.002524028083133514,0.002524028083133514,2024-05-09,22650.0,172.9,132.85,0.13897057540759705,0.10110532934692043,0.12003795237725874,0.023541379290129377,0.10721666101322319,0.05283367465635606,0.040389597494010714,1.3464602207271679,True,2024-04-30,False
2024-05-03,22772.55,22791.4,22783.0,0.0008277509545484447,0.0008277509545484447,2024-05-09,22800.0,143.6,129.6,0.12771015496756,0.10162213760315097,0.11466614628535549,0.022487881440673558,0.036808756606627316,0.053161176721418076,0.04075402809928231,-0.4012467203230576,True,2024-05-02,False
2024-05-06,22565.2,22577.15,22579.65,0.000529576516051297,0.000529576516051297,2024-05-09,22600.0,140.4,123.55,0.17681018824650946,0.13297951004676856,0.154894849146639,0.030377379167450886,0.017433252326742324,0.050586967170674325,0.036543615382543054,-0.9072368592126105,True,2024-05-03,False
2024-05-07,22493.65,22490.65,22482.75,-0.00013337097358587867,0.00013337097358587867,2024-05-09,22500.0,115.5,124.8,0.17592314904193362,0.1646194272134261,0.17027128812767986,0.033392946952600734,0.003993986328166564,0.0505172026954894,0.03660380047654519,-1.2709941525643973,True,2024-05-06,False
2024-05-08,22248.1,22230.8,22222.1,-0.0007775944912149475,0.0007775944912149475,2024-05-09,22200.0,118.7,88.95,0.2069025623458074,0.1920957836703619,0.19949917300808465,0.039125006773609486,0.019874616142928025,0.04985582714330631,0.03708483723385655,-0.808449308037059,True,2024-05-07,False
2024-05-09,22247.85,22233.65,22248.75,-0.0006382639221316707,0.0006382639221316707,2024-05-16,22250.0,194.55,161.1,0.1560202851130788,0.12828053117903127,0.14215040814605504,0.027877988653919748,0.02289490572849948,0.04917529378195949,0.037256593051463845,-0.7053889231674508,True,2024-05-08,False
2024-05-10,21992.1,22050.0,22042.35,0.002632763583286792,0.002632763583286792,2024-05-16,22050.0,184.5,154.05,0.16361470940790718,0.13050313817143494,0.14705892378967106,0.028840627771211037,0.09128662538735857,0.049221480438920225,0.037221668987697375,1.1301251688187828,True,2024-05-09,False
2024-05-13,22037.3,21951.8,21944.8,-0.0038797856361714005,0.0038797856361714005,2024-05-16,21950.0,153.2,147.85,0.18855857515885466,0.1757876776382315,0.18217312639854308,0.03572708947532216,0.10859506590513879,0.05016812615097917,0.037561325025237007,1.5555079517270292,True,2024-05-10,False
2024-05-14,22132.1,22129.9,22126.85,-9.940312939111471e-05,9.940312939111471e-05,2024-05-16,22150.0,107.75,132.3,0.17156437757985654,0.17358939992177053,0.17257688875081353,0.0338451124359819,0.0029370010094998482,0.05155310903697338,0.038163395924838514,-1.2738936577662343,True,2024-05-13,False
2024-05-15,22265.0,22275.9,22267.65,0.0004895576016169528,0.0004895576016169528,2024-05-16,22250.0,95.75,83.45,0.1667225829040897,0.17704993655179713,0.1718862597279434,0.03370966894120235,0.014522765040227991,0.0499812242781478,0.038191601132695624,-0.9284360484055226,True,2024-05-14,False
2024-05-16,22324.3,22313.15,22311.35,-0.0004994557500122206,0.0004994557500122206,2024-05-23,22300.0,185.75,142.5,0.14354083794132122,0.11809433060375932,0.13081758427254025,0.025655439035644285,0.01946783094681419,0.04969952091189741,0.038392599849358146,-0.7874353412820162,True,2024-05-15,False
2024-05-17,22426.5,22376.65,22390.65,-0.0022228167569615653,0.0022228167569615653,2024-05-23,22400.0,155.9,149.05,0.13731106908524865,0.12344988824403327,0.13038047866464098,0.02556971557317585,0.08693161840616764,0.04871722384758717,0.03839966679147046,0.995175160401883,True,2024-05-16,False
2024-05-18,22519.85,22512.05,22514.5,-0.0003463610992079997,0.0003463610992079997,2024-05-23,22500.0,122.6,132.55,0.1069812950525732,0.1297100514611963,0.11834567325688475,0.023209496049466583,0.014923249452284425,0.04975541515147999,0.03857932477250427,-0.9028713152600503,True,2024-05-17,False
2024-05-21,22448.75,22470.05,22477.45,0.0009488278857397081,0.0009488278857397081,2024-05-23,22500.0,115.9,130.25,0.18009242505806317,0.1684197050975642,0.1742560650778137,0.0341744260074487,0.027764266926762732,0.04921932319470283,0.03883961344333901,-0.5524013852310787,True,2024-05-18,False
2024-05-22,22577.4,22557.7,22567.7,-0.0008725539698991348,0.0008725539698991348,2024-05-23,22550.0,100.35,85.85,0.17321638720036164,0.1793100295722802,0.17626320838632092,0.03456805919578161,0.0252416244995789,0.04929678479671565,0.038791276433365975,-0.6201177818538065,True,2024-05-21,False
2024-05-23,22600.75,22584.75,22585.35,-0.0007079411081490659,0.0007079411081490659,2024-05-30,22600.0,193.6,136.75,0.15810982254953915,0.10178369475140375,0.12994675865047145,0.025484656080264845,0.02777911171017493,0.04926432017648848,0.03881090185103545,-0.5535869418540794,True,2024-05-22,False
2024-05-24,22932.4,22986.05,22995.0,0.0023394847464721447,0.0023394847464721447,2024-05-30,23000.0,192.8,161.3,0.16266852192694586,0.13226270019838532,0.1474656110626656,0.028920385707400614,0.08089396767185852,0.047586102850436476,0.03748211526489569,0.88863354125099,True,2024-05-23,False
2024-05-27,23039.6,22987.85,22983.25,-0.0022461327453601626,0.0022461327453601626,2024-05-30,23000.0,159.05,134.35,0.19328808656222668,0.14534519123532696,0.16931663889877682,0.033205724835415625,0.06764293676747407,0.04726049204279075,0.037098160868660995,0.5494192770591378,True,2024-05-24,False
2024-05-28,22985.45,22983.25,22974.45,-9.571272261368507e-05,9.571272261368507e-05,2024-05-30,22950.0,161.05,101.1,0.20647922546579411,0.15697949732173283,0.18172936139376347,0.0356400599976752,0.0026855376399458476,0.04825254365138497,0.0368286325367457,-1.237271190179943,True,2024-05-27,False
2024-05-29,22792.0,22798.1,22803.85,0.00026763776763770377,0.00026763776763770377,2024-05-30,22800.0,124.65,87.35,0.23052188736194112,0.1676784159293187,0.1991001516456299,0.03904675224616729,0.006854290107161838,0.04774045958543094,0.03724970178264519,-1.097624075404495,True,2024-05-28,False
2024-05-30,22642.15,22640.6,22635.3,-6.845639658790841e-05,6.845639658790841e-05,2024-06-06,22650.0,459.7,426.0,0.3668745942087237,0.3288421447087808,0.34785836945875226,0.06822063899372101,0.0010034558104067173,0.04735909573432721,0.03755305242521336,-1.234404047879661,True,2024-05-29,False
2024-05-31,22572.0,22632.9,22629.8,0.00269803296119092,0.00269803296119092,2024-06-06,22650.0,400.8,396.3,0.3476257366853809,0.3267176906221355,0.3371717136537582,0.06612481335969354,0.04080212592078951,0.04688440523852818,0.03796061990258682,-0.16022602721838575,True,2024-05-30,False
2024-06-03,23338.7,23132.95,23147.4,-0.008815829502071666,0.008815829502071666,2024-06-06,23150.0,328.6,314.95,0.378591921406506,0.3599414579204283,0.36926668966346715,0.0724191560120704,0.12173339193020001,0.04612535119782935,0.03761192739705068,2.010214470910082,True,2024-05-31,False
2024-06-04,23153.6,22481.1,22391.1,-0.029045159284085412,0.029045159284085412,2024-06-06,22400.0,461.65,486.35,0.6645063512687914,0.6870386495436478,0.6757725004062196,0.1325298910123347,0.21915930860746086,0.0472451317877471,0.03884676381578882,4.425443973529688,True,2024-06-03,False
2024-06-05,22131.6,22007.65,22030.65,-0.0056005892027687606,0.0056005892027687606,2024-06-06,22050.0,178.1,268.5,0.36462126497499914,0.5027962211186023,0.43370874304680074,0.08505728246197831,0.06584491110766788,0.0501898290891902,0.04473020280667263,0.3499890685973445,True,2024-06-04,False
2024-06-06,22799.5,22717.0,22705.75,-0.0036185004057106515,0.0036185004057106515,2024-06-13,22700.0,274.3,264.55,0.2126361471550139,0.2095020656886435,0.2110691064218287,0.041394057398519105,0.08741593922223496,0.05074790776603549,0.04471286358277523,0.8200779041654834,True,2024-06-05,False
2024-06-07,22824.3,22921.5,22916.45,0.004258619103324121,0.004258619103324121,2024-06-13,22900.0,243.4,225.8,0.19657979721114527,0.19561772298641106,0.19609876009877816,0.038458130935962315,0.11073390723057405,0.05196863217382294,0.04469720010999084,1.3147417491955102,True,2024-06-06,False
2024-06-10,23321.15,23401.5,23390.15,0.0034453704041180876,0.0034453704041180876,2024-06-13,23400.0,181.05,204.9,0.21112274458340508,0.2270232779731689,0.219073011278287,0.04296375228498145,0.08019249299420392,0.052749068058743666,0.045313748478975784,0.6056313118344905,True,2024-06-07,False
2024-06-11,23288.2,23283.25,23284.25,-0.00021255399730338658,0.00021255399730338658,2024-06-13,23300.0,135.45,163.55,0.19626568832745872,0.21320914128155072,0.20473741480450472,0.04015231050964269,0.005293692806353974,0.053093455761978894,0.0454444841171421,-1.0518276064574004,True,2024-06-10,False
2024-06-12,23330.6,23356.45,23356.45,0.001107986935612551,0.001107986935612551,2024-06-13,23350.0,93.65,103.85,0.16578635572699302,0.19633580925123312,0.18106108248911307,0.03550899972170079,0.031202989222346964,0.0529474557756943,0.04558588509739981,-0.47699998600197463,True,2024-06-11,False
2024-06-13,23481.05,23419.1,23416.45,-0.0026382976911169106,0.0026382976911169106,2024-06-20,23400.0,171.55,149.15,0.12399555641123894,0.1194707885610477,0.12173317248614332,0.02387383930609235,0.1105099878277075,0.0513624257922995,0.044635451192296116,1.3251252189787792,True,2024-06-12,False
2024-06-14,23469.45,23351.4,23362.0,-0.005029943181455009,0.005029943181455009,2024-06-20,23350.0,141.0,128.05,0.11065273854851587,0.10987307333298765,0.11026290594075176,0.02162433496220535,0.23260568198958534,0.05311181119351863,0.044865681667566555,4.000694163660128,True,2024-06-13,False
2024-06-18,23573.85,23516.25,23516.3,-0.002443385361321912,0.002443385361321912,2024-06-20,23500.0,119.55,81.45,0.1510333342315771,0.12136362254746788,0.13619847838952248,0.02671071919345463,0.09147583573566431,0.05609366205296549,0.050497030958273945,0.7006782975406092,True,2024-06-14,False
2024-06-19,23630.85,23556.3,23536.0,-0.003154774373329748,0.003154774373329748,2024-06-20,23550.0,88.7,85.25,0.17381693144925098,0.1420022149494924,0.15790957319937168,0.030968615197180943,0.10187004983086637,0.05702850695155347,0.050626193613160626,0.8857379881638194,True,2024-06-18,False
2024-06-20,23587.7,23499.8,23495.9,-0.0037265184820903037,0.0037265184820903037,2024-06-27,23500.0,160.45,171.35,0.12299124255372462,0.12813860114004144,0.12556492184688303,0.02462530718153883,0.15132881204763246,0.05825492962529315,0.050809045549918795,1.831836859263499,True,2024-06-19,False
2024-06-21,23654.4,23609.7,23610.35,-0.0018897118506493813,0.0018897118506493813,2024-06-27,23600.0,138.3,134.2,0.10798000442494413,0.11305435219415383,0.11051717830954898,0.02167420187644629,0.08718714817835863,0.0605906933724345,0.051819703693535384,0.5132498434035254,True,2024-06-20,False
2024-06-24,23393.0,23411.1,23391.65,0.0007737357329114926,0.0007737357329114926,2024-06-27,23400.0,118.85,134.65,0.1396347646304636,0.14809676084051432,0.14386576273548896,0.028214397366391076,0.027423436441466043,0.06123649919290976,0.051907071253849885,-0.6514153454368867,True,2024-06-21,False
2024-06-25,23585.55,23578.6,23580.85,-0.0002946719495623688,0.0002946719495623688,2024-06-27,23600.0,96.8,119.1,0.1435910365113678,0.14786489694739485,0.14572796672938132,0.028579605616512134,0.010310567385580694,0.06011710326066313,0.05189986616432528,-0.9596659790486753,True,2024-06-24,False
2024-06-26,23736.25,23695.9,23678.4,-0.0016999315393121722,0.0016999315393121722,2024-06-27,23700.0,83.8,103.2,0.1703382230984814,0.16634319859928115,0.16834071084888128,0.033014329598097164,0.05149071812168952,0.058646608023704826,0.05204248254413602,-0.1375009329339077,True,2024-06-25,False
2024-06-27,23887.25,23820.35,23821.65,-0.002800657254393095,0.002800657254393095,2024-07-04,23800.0,203.7,150.9,0.14392634649622332,0.12062985600891887,0.1322781012525711,0.02594186998107163,0.10795895810273438,0.058697487745366296,0.05203382436405848,0.9467201567331778,True,2024-06-26,False
2024-06-28,24095.45,24136.6,24121.45,0.001707791304997326,0.001707791304997326,2024-07-04,24100.0,169.7,158.8,0.12612160404725775,0.134515160181857,0.13031838211455737,0.025557537437768042,0.06682143415247868,0.05950852086078171,0.05242112402482799,0.13950317601418438,True,2024-06-27,False
2024-07-01,24032.9,24043.25,24046.0,0.00043065963741365144,0.00043065963741365144,2024-07-04,24050.0,145.05,134.0,0.1624274511942062,0.1458012815747367,0.15411436638447146,0.030224313904592612,0.014248781255154061,0.05983215674373263,0.05240506151312095,-0.8698277260330207,True,2024-06-28,False
2024-07-02,24232.6,24144.85,24130.85,-0.00362115497305283,0.00362115497305283,2024-07-04,24150.0,122.45,118.95,0.1743135093763138,0.14429713431772634,0.15930532184702006,0.03124234402758209,0.11590535492010196,0.05957179469681539,0.05259490438128587,1.0710839935157477,True,2024-07-01,False
2024-07-03,24292.15,24230.7,24253.95,-0.0025296237673487413,0.0025296237673487413,2024-07-04,24250.0,84.0,99.6,0.14484437145974077,0.1793786712095844,0.16211152133466258,0.03179268502552529,0.07956621988101321,0.0603698384180236,0.05308628302687297,0.3616071867995007,True,2024-07-02,False
2024-07-04,24370.9,24364.65,24362.95,-0.0002564533931861359,0.0002564533931861359,2024-07-11,24350.0,174.25,144.45,0.122455851866143,0.11014475994620843,0.11630030590617571,0.0228083665097077,0.011243829893604358,0.058696633020866786,0.05078537740645403,-0.9343792554199255,True,2024-07-03,False
2024-07-05,24213.4,24186.05,24178.6,-0.001129539841575416,0.001129539841575416,2024-07-11,24200.0,139.75,135.85,0.11895122802231639,0.09887655132613599,0.10891388967422619,0.02135977110577581,0.052881645406302205,0.05833906651722444,0.05104638601134627,-0.10691101833750175,True,2024-07-04,False
2024-07-08,24331.05,24323.25,24322.25,-0.0003205780268422149,0.0003205780268422149,2024-07-11,24300.0,125.8,101.7,0.12492651866330415,0.12289883914364289,0.12391267890347352,0.02430127568116802,0.013191818859560651,0.05921390267724464,0.05048312653862438,-0.9116329944911936,True,2024-07-05,False
2024-07-09,24352.95,24361.15,24364.15,0.00033671485384730504,0.00033671485384730504,2024-07-11,24350.0,106.0,85.15,0.12945513558389643,0.12065759761327466,0.12505636659858554,0.024525571291738487,0.013729133965606275,0.0579446719677837,0.050669696483102815,-0.872622910163322,True,2024-07-08,False
2024-07-10,24439.55,24408.05,24413.5,-0.001288894435454008,0.001288894435454008,2024-07-11,24400.0,86.3,70.0,0.1392882341004082,0.1343625167160799,0.13682537540824405,0.026833663813895955,0.04803274142484215,0.05780256182782443,0.05078331715033208,-0.19238247816819487,True,2024-07-09,False
2024-07-11,24402.65,24345.95,24348.1,-0.0023235181424968486,0.0023235181424968486,2024-07-18,24350.0,143.0,133.2,0.10514653460942291,0.09660002596915351,0.10087328028928821,0.019782877869045964,0.11745096734042068,0.05760272138593484,0.05079802059298555,1.178160984539425,True,2024-07-10,False
2024-07-12,24388.2,24434.3,24423.85,0.0018902584036541664,0.0018902584036541664,2024-07-18,24400.0,156.8,96.2,0.11343641038060401,0.08451473727738429,0.09897557382899415,0.01941070701242633,0.09738225415715474,0.05862852247555224,0.051381207729864445,0.7542394076322491,True,2024-07-11,False
2024-07-15,24598.0,24567.9,24553.7,-0.0012236767216846306,0.0012236767216846306,2024-07-18,24550.0,118.85,102.8,0.12657978152378474,0.11321619510348493,0.11989798831363484,0.023513930078913222,0.05204050184626504,0.05913041871023393,0.051613585588547686,-0.13736532316293953,True,2024-07-12,False
2024-07-16,24626.05,24622.5,24630.5,-0.0001441562897825381,0.0001441562897825381,2024-07-18,24650.0,76.85,100.7,0.11175256697316102,0.11741072547064521,0.11458164622190312,0.022471309614810347,0.0064151263212326465,0.05877494307175021,0.05158729932148472,-1.0149749538974435,True,2024-07-15,False
2024-07-18,24550.6,24539.7,24527.0,-0.0004439810025008683,0.0004439810025008683,2024-07-25,24550.0,227.75,229.0,0.17328557651951892,0.15750728158887312,0.16539642905419602,0.032436908431765776,0.01368752522870131,0.05860725089259323,0.051743244183158996,-0.8681273540732504,True,2024-07-16,False
2024-07-19,24854.8,24769.3,24765.85,-0.0034399794003572752,0.0034399794003572752,2024-07-25,24750.0,236.6,215.1,0.17686601546422448,0.17249251360025258,0.17467926453223853,0.03425742224884309,0.10041559389289564,0.05666090398926009,0.05118774110546436,0.8547884504902421,True,2024-07-18,False
2024-07-22,24450.45,24467.4,24456.75,0.0006932387747465068,0.0006932387747465068,2024-07-25,24450.0,237.15,226.95,0.25394257635536055,0.25019427122215154,0.25206842378875605,0.04943468506382473,0.014023327423882074,0.05709396303568282,0.05144987890808261,-0.8371377450420877,True,2024-07-19,False
2024-07-23,24578.9,24531.75,24520.35,-0.0019183120481389099,0.0019183120481389099,2024-07-25,24500.0,217.25,213.25,0.26952582279893367,0.29083921360223164,0.28018251820058265,0.05494831260278218,0.03491120941249396,0.05688451649262505,0.05160151677592183,-0.42582676737099745,True,2024-07-22,False
2024-07-24,24447.5,24449.3,24438.6,7.362716024130371e-05,7.362716024130371e-05,2024-07-25,24450.0,82.45,118.3,0.15425828904825212,0.1971468888804191,0.1757025889643356,0.034458112681458444,0.0021367148259667083,0.05725798809207104,0.05135535985326781,-1.07333048436612,True,2024-07-23,False
2024-07-25,24240.75,24247.3,24256.4,0.00027020616111297186,0.00027020616111297186,2024-08-01,24250.0,186.1,151.4,0.13411463323280765,0.11335826459230847,0.12373644891255806,0.024266714136454242,0.011134847494950272,0.05705919166189524,0.05154812008285722,-0.8909024052308266,True,2024-07-24,False
2024-07-26,24435.35,24477.2,24470.9,0.001712682650340682,0.001712682650340682,2024-08-01,24450.0,155.5,134.7,0.11340561504358895,0.11348405968883682,0.11344483736621289,0.022248363055641516,0.07698016461064525,0.05662217796205997,0.05182837880162579,0.3927961306006869,True,2024-07-25,False
2024-07-29,24957.4,24918.35,24909.8,-0.001564666191189904,0.001564666191189904,2024-08-01,24900.0,135.3,113.55,0.13902576119271504,0.12627308275079085,0.13264942197175295,0.0260146919654143,0.06014548214793693,0.05772484454072386,0.05154039741319379,0.04696583124509262,True,2024-07-26,False
2024-07-30,24851.25,24835.75,24839.0,-0.0006237110809315427,0.0006237110809315427,2024-08-01,24850.0,110.95,104.5,0.14953683080228736,0.1270938754129846,0.13831535310763599,0.027125872481742783,0.02299321731868108,0.05694032489296908,0.05113091086200212,-0.6639253438278909,True,2024-07-29,False
2024-07-31,24877.55,24926.85,24905.15,0.0019817063979370667,0.0019817063979370667,2024-08-01,24900.0,99.7,83.0,0.16702161066510496,0.14714995639395861,0.1570857835295318,0.03080705675096518,0.06432637865916808,0.05671006590483664,0.051254065999601355,0.14859919122105714,True,2024-07-30,False
2024-08-01,25032.8,25053.4,25047.7,0.0008229203285290572,0.0008229203285290572,2024-08-08,25050.0,175.2,150.65,0.12521454853608827,0.10614917762033524,0.11568186307821175,0.02268707989248348,0.03627264206892053,0.057491618010377075,0.051001905634304734,-0.41604280619632983,True,2024-07-31,False
2024-08-02,24827.1,24837.0,24825.7,0.0003987578090071517,0.0003987578090071517,2024-08-08,24850.0,135.5,172.75,0.11362687102897667,0.1236344563331771,0.11863066368107689,0.023265387270010537,0.017139530254936138,0.05802959560605631,0.050596668925039334,-0.808157260544171,True,2024-08-01,False
2024-08-05,24327.75,24216.55,24201.85,-0.00457091181880777,0.00457091181880777,2024-08-08,24200.0,189.3,163.35,0.20677095857866695,0.18031632683979398,0.19354364270923047,0.03795703118869985,0.12042332278528074,0.05798401084125644,0.0506328462060546,1.2331779985253506,True,2024-08-02,False
2024-08-06,24194.55,24318.85,24320.45,0.005137520639978808,0.005137520639978808,2024-08-08,24300.0,163.0,140.7,0.2003514582081869,0.19791830309581088,0.19913488065199889,0.039053563164673566,0.13155062492802252,0.05960948445886946,0.05105104031048256,1.4092002833168717,True,2024-08-05,False
2024-08-07,24289.45,24265.05,24277.75,-0.0010045513587175277,0.0010045513587175277,2024-08-08,24300.0,116.75,109.5,0.22496402832245765,0.17277582893911347,0.19886992863078556,0.03900160179827616,0.0257566692751047,0.060280551117880526,0.05173455405241248,-0.6673273303525444,True,2024-08-06,False
2024-08-08,24251.7,24220.95,24217.55,-0.0012679523497321837,0.0012679523497321837,2024-08-14,24200.0,214.5,191.15,0.16269234955437895,0.15810000369838584,0.1603961766263824,0.031456278250907646,0.04030840328975021,0.058899911174046624,0.0515282737882497,-0.3608020707368611,True,2024-08-07,False
2024-08-09,24387.35,24389.1,24388.55,7.175851414770363e-05,7.175851414770363e-05,2024-08-14,24400.0,167.35,162.25,0.14823731473315416,0.13405164795186786,0.141144481342511,0.027680710176976785,0.002592365358002564,0.059522767878717464,0.051064123330471396,-1.114880640411248,True,2024-08-08,False
2024-08-12,24320.25,24273.05,24291.75,-0.0019407695233396337,0.0019407695233396337,2024-08-14,24300.0,150.0,131.0,0.20248421696501512,0.166665430429417,0.18457482369721606,0.03619810106730972,0.05361523025008433,0.05932392788401371,0.05126515237504575,-0.11135629895656357,True,2024-08-09,False
2024-08-13,24359.0,24322.9,24319.4,-0.0014819984400015823,0.0014819984400015823,2024-08-14,24300.0,117.5,94.05,0.1894521853716744,0.18229680905474066,0.18587449721320753,0.036452988014207426,0.04065506068868699,0.059893051205734876,0.05100406791992707,-0.377185414842797,True,2024-08-12,False
2024-08-14,24193.65,24135.3,24114.0,-0.002411789870482634,0.002411789870482634,2024-08-22,24100.0,214.5,190.65,0.14346149608673603,0.1366460885541056,0.1400537923204208,0.02746680846132681,0.08780743033463198,0.05912177524377686,0.05093811564207577,0.5631471586506878,True,2024-08-13,False
2024-08-16,24339.65,24385.65,24387.4,0.0018899203562910722,0.0018899203562910722,2024-08-22,24400.0,152.15,141.5,0.12436467464740464,0.10609585693567761,0.11523026579154112,0.022598514377982746,0.08363029200416738,0.06033651159181599,0.05073487550315189,0.45912757607741206,True,2024-08-14,False
2024-08-19,24636.8,24581.1,24597.25,-0.0022608455643590374,0.0022608455643590374,2024-08-22,24600.0,120.65,121.85,0.13177041538087553,0.1300964687041074,0.13093344204249147,0.025678160613712843,0.08804546393995541,0.06126761200977274,0.050639513638482056,0.5287936239149345,True,2024-08-16,False
2024-08-20,24660.3,24622.85,24624.15,-0.0015186352153056016,0.0015186352153056016,2024-08-22,24600.0,109.3,87.6,0.1254960937636525,0.1286896051211096,0.12709284944238106,0.024924958436338882,0.060928294792722125,0.062314342667112346,0.050531195772336196,-0.027429548286071373,True,2024-08-19,False
2024-08-21,24684.25,24677.5,24672.3,-0.000273453720489786,0.000273453720489786,2024-08-22,24650.0,94.6,68.75,0.14411489413955353,0.13791179474319215,0.14101334444137284,0.02765499211475157,0.009888041889692742,0.06286682905182146,0.05032801347901511,-1.0526699446267411,True,2024-08-20,False
2024-08-22,24867.35,24826.7,24835.1,-0.0016346735780048062,0.0016346735780048062,2024-08-29,24850.0,149.0,139.85,0.11192767999715372,0.09469436322778887,0.1033110216124713,0.020260958275815272,0.08068096068072225,0.06168339695545204,0.05073015533769826,0.3744826641828331,True,2024-08-21,False
2024-08-23,24852.2,24829.65,24817.45,-0.0009073643379660261,0.0009073643379660261,2024-08-29,24800.0,156.35,114.3,0.11386028166874132,0.09483994476739205,0.10435011321806668,0.02046474090555917,0.04433793431118123,0.061900697354006176,0.05078401074934148,-0.3458325323990422,True,2024-08-22,False
2024-08-26,24917.0,24918.5,24913.05,6.019986354697596e-05,6.019986354697596e-05,2024-08-29,24900.0,121.8,99.0,0.12282183898731519,0.11241119026940269,0.11761651462835894,0.023066496277337444,0.0026098399524214526,0.06259490396519343,0.050242636572590725,-1.1939075674523045,True,2024-08-23,False
2024-08-27,25032.8,25001.25,25002.45,-0.0012603464254897284,0.0012603464254897284,2024-08-29,25000.0,101.6,91.5,0.12817124964993826,0.11840174296610209,0.12328649630802017,0.024178471170656912,0.05212680390724165,0.06252416312928108,0.050325368618983006,-0.20660274345447097,True,2024-08-26,False
2024-08-28,25024.8,25012.7,24995.6,-0.0004835203478149094,0.0004835203478149094,2024-08-29,25000.0,78.1,67.95,0.13756010300324467,0.11262149056382584,0.12509079678353524,0.024532323606542915,0.019709521020909396,0.06337621893089501,0.04969494544702563,-0.8786949561406387,True,2024-08-27,False
2024-08-29,25040.3,25054.25,25054.55,0.0005571019516539629,0.0005571019516539629,2024-09-05,25050.0,178.55,122.15,0.1251392415590376,0.08832515861278276,0.10673220008591018,0.02093190657564406,0.026614964558565123,0.06302467551589701,0.049931384179838625,-0.7291949052762983,True,2024-08-28,False
2024-08-30,25226.4,25253.0,25245.95,0.00105445089271551,0.00105445089271551,2024-09-05,25250.0,153.95,121.3,0.11833298982061716,0.09048611003510529,0.10440954992786122,0.020476397403369404,0.05149591854190129,0.061439368393036424,0.0495442972807091,-0.20069817106895937,True,2024-08-29,False
2024-09-02,25333.65,25308.5,25306.2,-0.0009927507485104378,0.0009927507485104378,2024-09-05,25300.0,130.55,98.7,0.13377712958251853,0.10684207910393112,0.12030960434322482,0.023594654623797333,0.04207523968200659,0.05864497855861042,0.045019465087707065,-0.36805721357023263,True,2024-08-30,False
2024-09-03,25303.1,25267.15,25269.9,-0.0014207745296029772,0.0014207745296029772,2024-09-05,25250.0,111.05,82.95,0.12738581767690738,0.11698665044908801,0.1221862340629977,0.02396269199152464,0.05929110677988477,0.05824881736818274,0.04505959943373925,0.023131351028424677,True,2024-09-02,False
2024-09-04,25110.0,25104.7,25096.95,-0.00021107128634007457,0.00021107128634007457,2024-09-05,25100.0,81.5,90.35,0.14167639837150398,0.1515758154315454,0.1466261069015247,0.028755745395885237,0.007340143106506901,0.05778007016081023,0.044897031818376135,-1.1234579439093013,True,2024-09-03,False
2024-09-05,25264.65,25217.1,25221.35,-0.0018820763398662917,0.0018820763398662917,2024-09-12,25200.0,172.0,134.4,0.11365349865490923,0.10217132667090925,0.10791241266290924,0.02116336530488659,0.08893086296779666,0.05605684075874245,0.044814262769417905,0.7335615979716187,True,2024-09-04,False
2024-09-06,25095.9,25138.0,25154.2,0.0016775648611924076,0.0016775648611924076,2024-09-12,25150.0,142.4,131.6,0.10684454202248478,0.10181754453176017,0.10433104327712248,0.02046100098244388,0.08198840626769952,0.05620248025830233,0.04490813026725804,0.5741928211203525,True,2024-09-05,False
2024-09-09,24825.1,24755.65,24765.1,-0.0027975718123994303,0.0027975718123994303,2024-09-12,24750.0,155.85,121.65,0.1589913746944595,0.13847771405587722,0.14873454437516836,0.02916924400439675,0.0959082728362019,0.0574807254826581,0.044524387598654756,0.8630673980276113,True,2024-09-06,False
2024-09-10,25011.7,24995.35,24993.7,-0.0006536940711747775,0.0006536940711747775,2024-09-12,25000.0,82.65,105.6,0.10953729600016521,0.13081060605376243,0.12017395102696382,0.02356805081969355,0.027736450340159157,0.05855914687622234,0.04466053158040102,-0.6901551648702166,True,2024-09-09,False
2024-09-11,25036.0,25005.15,25007.7,-0.001232225595142936,0.001232225595142936,2024-09-12,25000.0,68.2,89.6,0.11011036303689867,0.1600002141822059,0.1350552886095523,0.026486521232077405,0.046522742052308746,0.05717958791809653,0.04430559890253892,-0.24053045506122475,True,2024-09-10,False
2024-09-12,25047.75,25057.05,25058.1,0.0003712908345060643,0.0003712908345060643,2024-09-19,25050.0,165.05,137.3,0.11427007072944378,0.10031718311464874,0.10729362692204626,0.021042011436909928,0.017645215887240735,0.054078205585808586,0.03786199720148123,-0.9622574716460687,True,2024-09-11,False
2024-09-13,25430.5,25315.9,25317.9,-0.004506399795521069,0.004506399795521069,2024-09-19,25300.0,144.35,144.2,0.10233849497961314,0.1157898800836823,0.10906418753164772,0.02138924694069287,0.21068529471917402,0.052847695255001534,0.037825704145060805,4.172760376353299,True,2024-09-12,False
2024-09-16,25410.6,25396.9,25400.25,-0.0005391450811864769,0.0005391450811864769,2024-09-19,25400.0,115.05,116.75,0.12019198522886246,0.12223137720497748,0.12121168121691997,0.02377156645386396,0.02268025046783744,0.05466128266980666,0.04253182663703654,-0.7519317821661641,True,2024-09-13,False
2024-09-17,25409.1,25378.3,25378.0,-0.0012121641459161983,0.0012121641459161983,2024-09-19,25400.0,97.65,115.1,0.1361783809715265,0.13043713774433274,0.13330775935792963,0.026143802549208246,0.04636525783250716,0.052517139976810075,0.0407827552994985,-0.15084518196784422,True,2024-09-16,False
2024-09-18,25403.3,25404.0,25401.75,2.7555475076101437e-05,2.7555475076101437e-05,2024-09-19,25400.0,97.2,97.1,0.16242838567824175,0.16521087067932072,0.16381962817878123,0.032127672338196925,0.0008576866318242559,0.05183677513771255,0.040534316297715776,-1.2576772760013497,True,2024-09-17,False
2024-09-19,25494.4,25563.1,25568.55,0.002694709426383719,0.002694709426383719,2024-09-26,25550.0,191.2,139.3,0.12649031441907072,0.10325921048865341,0.11487476245386206,0.022528794437368403,0.1196117898751838,0.05139401264088518,0.04094848170992806,1.665941553524292,True,2024-09-18,False
2024-09-20,25530.8,25488.3,25476.95,-0.001664656023313018,0.001664656023313018,2024-09-26,25500.0,148.2,160.05,0.11984186401820032,0.11140929755447321,0.11562558078633677,0.022676042026924238,0.07341034301032343,0.053215699682378576,0.04151712208410956,0.48641722533253895,True,2024-09-19,False
2024-09-23,25877.1,25892.0,25897.5,0.0005757986791410729,0.0005757986791410729,2024-09-26,25900.0,139.05,140.65,0.14390169738737496,0.14297853227714263,0.1434401148322588,0.028130920944679904,0.020468532838771758,0.0535810267638558,0.04159804720967347,-0.7960107780584434,True,2024-09-20,False
2024-09-24,25930.2,25932.4,25930.0,8.484315585690537e-05,8.484315585690537e-05,2024-09-26,25950.0,107.0,125.0,0.14366478018327156,0.14119735349961327,0.1424310668414424,0.027933030352552044,0.0030373774268696147,0.052122853009456425,0.041191029952269476,-1.1916544849561932,True,2024-09-23,False
2024-09-25,25920.8,25939.15,25940.05,0.0007079256813062167,0.0007079256813062167,2024-09-26,25950.0,74.15,103.5,0.13046518266336504,0.16252586857053963,0.14649552561695234,0.028730136299033527,0.024640526377524744,0.05105978539736294,0.04162603586004322,-0.6346811190156593,True,2024-09-24,False
2024-09-26,26015.8,26049.6,26043.5,0.0012992104797853333,0.0012992104797853333,2024-10-03,26050.0,178.2,142.5,0.12388877468227644,0.09506856881545936,0.1094786717488679,0.02147053398344987,0.060511325931008685,0.051232981149402446,0.04149168024404345,0.22361940338480843,True,2024-09-25,False
2024-09-27,26234.3,26230.6,26219.5,-0.0001410367343516209,0.0001410367343516209,2024-10-03,26200.0,165.3,127.5,0.11354381230100918,0.100149743531565,0.10684677791628709,0.020954377136910098,0.006730657438783597,0.05030974733291756,0.040635719936545016,-1.072433070268847,True,2024-09-26,False
2024-09-30,26060.95,26065.2,26039.15,0.00016307924308208257,0.00016307924308208257,2024-10-03,26050.0,140.55,103.25,0.1488224420150493,0.09967888620712909,0.12425066411108919,0.024367560033819482,0.006692473224883681,0.04909582129221373,0.04083435352801911,-1.038423396080811,True,2024-09-27,False
2024-10-01,25832.0,25850.0,25836.8,0.0006968101579436358,0.0006968101579436358,2024-10-03,25850.0,108.95,98.8,0.14259885996945176,0.11371504167854202,0.1281569508239969,0.02513364588669658,0.027724197320392042,0.049019965347735055,0.0409100183913476,-0.5205514166145433,True,2024-09-30,False
2024-10-03,25451.6,25588.15,25577.5,0.005365085102704856,0.005365085102704856,2024-10-10,25600.0,188.2,155.25,0.13849013632090557,0.09989378142837402,0.11919195887463979,0.023375466314043733,0.2295177786242309,0.04860067454630323,0.04099859351834643,4.412763671928628,True,2024-10-01,False
2024-10-04,25223.15,25132.55,25120.5,-0.003591938358214663,0.003591938358214663,2024-10-10,25100.0,272.7,149.75,0.2001213101218694,0.12189940985644268,0.16101035998915603,0.031576729518280985,0.11375270374771243,0.05220610720904773,0.046916705557943895,1.311826902736219,True,2024-10-03,False
2024-10-07,25102.4,25077.8,25072.2,-0.0009799859774365072,0.0009799859774365072,2024-10-10,25050.0,208.9,146.6,0.20945562053219946,0.16689542729814805,0.18817552391517375,0.0369042564778468,0.02655482242339123,0.05387316670541617,0.047301811195102114,-0.5775327327181423,True,2024-10-04,False
2024-10-08,24862.0,24835.2,24820.25,-0.0010779502855763523,0.0010779502855763523,2024-10-10,24800.0,206.25,164.05,0.2521664928529318,0.22389261683097866,0.23802955484195523,0.046681436344266684,0.023091626350711977,0.053515201388725314,0.0474278599764259,-0.6414705418531519,True,2024-10-07,False
2024-10-09,25068.2,25055.45,25047.3,-0.000508612505086125,0.000508612505086125,2024-10-10,25050.0,105.95,145.6,0.18347502675247412,0.24666328996422915,0.21506915835835164,0.042178532124661994,0.012058563431815989,0.05194254570556351,0.04683257761015512,-0.8516290221253833,True,2024-10-08,False
2024-10-10,25083.5,25048.35,25057.65,-0.0014013195925609047,0.0014013195925609047,2024-10-17,25050.0,216.65,162.75,0.15107044648225026,0.11823206240311868,0.13465125444268447,0.026407283612807513,0.053065647080840446,0.050520484193474526,0.04672471828179223,0.05447144425818238,True,2024-10-09,False
2024-10-11,24988.3,24986.75,24982.65,-6.202902958581706e-05,6.202902958581706e-05,2024-10-17,25000.0,166.55,152.65,0.13420526680006012,0.11022885359078752,0.12221706019542382,0.02396873749347731,0.002587913927577421,0.05053756994738411,0.04672547095052216,-1.026199523394442,True,2024-10-10,False
2024-10-14,25029.3,25040.95,25048.0,0.0004654544873408947,0.0004654544873408947,2024-10-17,25050.0,126.8,130.15,0.13552819133640065,0.13695990249692674,0.1362440469166637,0.026719655916881503,0.017419928190273593,0.05047378307415653,0.0467892939826508,-0.7064405565969667,True,2024-10-11,False
2024-10-15,25196.55,25176.2,25171.55,-0.0008076502537053107,0.0008076502537053107,2024-10-17,25150.0,113.45,86.95,0.12982493381297688,0.12352054282386399,0.12667273831842044,0.024842567866379166,0.03251073955194257,0.05053598979018273,0.04674201467706412,-0.3856327195730607,True,2024-10-14,False
2024-10-16,25022.15,25016.75,25027.5,-0.00021580879340909773,0.00021580879340909773,2024-10-17,25050.0,73.6,95.3,0.14433557654727636,0.14295917880080816,0.14364737767404226,0.028171568532168234,0.00766051748814314,0.04940424221783351,0.04633412620411608,-0.9009282822297418,True,2024-10-15,False
2024-10-17,25029.5,24940.65,24933.6,-0.0035498112227570883,0.0035498112227570883,2024-10-24,24950.0,170.65,152.35,0.12745107923348004,0.10268572470764825,0.11506840197056414,0.02256677027099404,0.1573025816334826,0.049298195385571196,0.04642367135848777,2.326493857280089,True,2024-10-16,False
2024-10-18,24694.95,24573.0,24616.0,-0.004938256607120109,0.004938256607120109,2024-10-24,24600.0,198.65,147.55,0.14832695737970014,0.12098416660155276,0.13465556199062645,0.026408128392461816,0.1869975991380643,0.05133805158925434,0.04842652651797081,2.801347883137302,True,2024-10-17,False
2024-10-21,24968.95,24892.75,24889.3,-0.0030517903235819177,0.0030517903235819177,2024-10-24,24900.0,118.5,137.5,0.1320776479469722,0.14093936333539264,0.13650850564118241,0.02677152053983769,0.11399391076949342,0.0544190663277893,0.05105260861839819,1.1669304674910326,True,2024-10-18,False
2024-10-22,24805.05,24817.35,24808.1,0.0004958667690651409,0.0004958667690651409,2024-10-24,24800.0,115.75,106.55,0.1437130325628021,0.1422965679160943,0.1430048002394482,0.02804554872916864,0.017680765452430497,0.05613338404903169,0.05130088500462036,-0.7495507844189823,True,2024-10-21,False
2024-10-23,24419.1,24490.7,24477.6,0.0029321309958189362,0.0029321309958189362,2024-10-24,24500.0,113.0,116.05,0.21667576286644058,0.18272557102703046,0.19970066694673552,0.03916452298611147,0.07486701668391899,0.05514506072972811,0.05146341072627946,0.383222869916004,True,2024-10-22,False
2024-10-24,24444.8,24409.35,24418.25,-0.001450206178819247,0.001450206178819247,2024-10-31,24400.0,215.7,150.35,0.1504288389881941,0.1160805334892768,0.13325468623873543,0.02613339405419215,0.055492454436342695,0.05539041963866114,0.05152271430040203,0.0019803847500471736,True,2024-10-23,False
2024-10-25,24428.3,24433.35,24402.5,0.00020672744317039142,0.00020672744317039142,2024-10-31,24400.0,168.05,140.65,0.13094167101099263,0.1113934862930849,0.12116757865203877,0.02376291722928978,0.008699581839033743,0.05593207359062217,0.05134688338976543,-0.9198706646527042,True,2024-10-24,False
2024-10-28,24273.55,24216.05,24187.0,-0.0023688335657536704,0.0023688335657536704,2024-10-31,24200.0,152.4,146.0,0.17437864855386875,0.15306417982547676,0.16372141418967276,0.032108410990236466,0.0737761070292138,0.055004960310286594,0.05169377157743368,0.3631220192709162,True,2024-10-25,False
2024-10-29,24352.1,24262.5,24258.9,-0.0036793541419425243,0.0036793541419425243,2024-10-31,24250.0,131.95,112.6,0.167763903072375,0.15400251553054078,0.16088320930145789,0.031551793216829466,0.11661315465201474,0.05563001805962482,0.051690167170565716,1.1797821506585486,True,2024-10-28,False
2024-10-30,24397.15,24382.9,24369.15,-0.0005840846164408548,0.0005840846164408548,2024-10-31,24350.0,113.15,84.25,0.18162805836907014,0.16443179984896528,0.1730299291090177,0.033933960960094524,0.017212391360022,0.05728791179957613,0.05202884437016005,-0.7702558249119699,True,2024-10-29,False
2024-10-31,24356.9,24271.7,24271.35,-0.003497982091317069,0.003497982091317069,2024-11-07,24250.0,267.0,190.75,0.18781410831317358,0.14753564676457032,0.16767487753887195,0.03288374894269187,0.10637418797391911,0.055567729609155146,0.05161057961363048,0.9844194493670412,True,2024-10-30,False
2024-11-01,,,,,,2024-11-07,,,,,,,,,0.05514812232658676,0.05108198716810033,,False,2024-10-31,False
2024-11-04,24316.75,24076.65,24099.4,-0.009873852385701154,0.009873852385701154,2024-11-07,24100.0,215.25,197.65,0.2375964266420746,0.2175341701581564,0.2275652984001155,0.04462922681379823,0.22124184285998896,,,,False,2024-11-01,False
2024-11-05,23943.5,23983.7,23999.65,0.0016789525340907023,0.0016789525340907023,2024-11-07,24000.0,188.85,192.0,0.25145670119353836,0.2551816186665502,0.2533191599300443,0.04967997460193182,0.03379535814065041,,,,False,2024-11-04,False
2024-11-06,24312.15,24343.85,24338.55,0.0013038748115652909,0.0013038748115652909,2024-11-07,24350.0,108.65,128.9,0.2010811730701385,0.21657638055615908,0.2088287768131488,0.04095469261422916,0.031837006416995474,,,,False,2024-11-05,False
2024-11-07,24500.9,24354.15,24351.1,-0.005989575893130456,0.005989575893130456,2024-11-14,24350.0,210.6,173.9,0.1534224051454804,0.12741895045328122,0.1404206777993808,0.027538760623498765,0.21749620380590273,,,,False,2024-11-06,False
2024-11-08,24223.9,24170.5,24170.65,-0.00220443446348447,0.00220443446348447,2024-11-14,24150.0,200.4,166.2,0.15056263733070363,0.13980807788944155,0.1451853576100726,0.028473191213142575,0.07742140482191379,,,,False,2024-11-07,False
2024-11-11,24092.55,24099.15,24113.5,0.00027394360497341226,0.00027394360497341226,2024-11-14,24100.0,142.25,133.55,0.14919542240998374,0.1544888897895179,0.15184215609975082,0.029778696805331968,0.00919931475726506,,,,False,2024-11-08,False
2024-11-12,24236.05,24173.1,24177.3,-0.0025973704460916995,0.0025973704460916995,2024-11-14,24200.0,105.45,119.75,0.1536980417861628,0.14257468442826277,0.1481363631072128,0.029051931006013245,0.08940439950632159,,,,False,2024-11-11,False
2024-11-13,23829.75,23801.5,23820.0,-0.0011854929237612648,0.0011854929237612648,2024-11-14,23800.0,123.45,103.45,0.20358765879553858,0.20358765879553908,0.20358765879553883,0.0399268248048124,0.029691640383544268,,,,False,2024-11-12,False
2024-11-14,23541.35,23581.6,23577.4,0.0017097575117824594,0.0017097575117824594,2024-11-21,23600.0,191.65,163.9,0.15287332739408405,0.1148584290250182,0.13386587820955112,0.026253258661336015,0.06512553484647877,,,,False,2024-11-13,False
2024-11-18,23606.8,23471.4,23488.3,-0.005735635494857322,0.005735635494857322,2024-11-21,23500.0,135.0,151.65,0.1591685452463727,0.16476848631379576,0.16196851578008423,0.03176463932885809,0.18056668093966086,,,,False,2024-11-14,False
2024-11-19,23554.9,23663.85,23649.75,0.00462536457382528,0.00462536457382528,2024-11-21,23650.0,106.8,108.2,0.14434363962195995,0.14589610288722132,0.14511987125459064,0.02846034828220117,0.16251960545113703,,,,False,2024-11-18,False
2024-11-21,23507.3,23376.5,23386.75,-0.00556422898418786,0.00556422898418786,2024-11-28,23400.0,199.45,204.75,0.15662665772591333,0.1505799945816378,0.15360332615377556,0.03012409066964841,0.1847102720944241,,,,False,2024-11-19,False
2024-11-22,23427.3,23508.35,23525.3,0.0034596389682122683,0.0034596389682122683,2024-11-28,23550.0,184.85,174.7,0.16028949846690876,0.13188307236334834,0.14608628541512855,0.028649877692308676,0.12075580235866208,,,,False,2024-11-21,False
2024-11-25,24259.9,24311.8,24315.6,0.00213933280846161,0.00213933280846161,2024-11-28,24300.0,183.95,157.5,0.1923828596381077,0.18051739288320023,0.18645012626065396,0.03656587815826589,0.05850626092451724,,,,False,2024-11-22,False
2024-11-26,24311.8,24306.65,24299.45,-0.0002118312918005996,0.0002118312918005996,2024-11-28,24300.0,129.6,128.4,0.17063650110582967,0.16833722016869124,0.16948686063726046,0.03323910806488354,0.006372953551795067,,,,False,2024-11-25,False
2024-11-27,24241.1,24170.35,24166.95,-0.0029185969283572117,0.0029185969283572117,2024-11-28,24150.0,116.15,79.1,0.1905330488444526,0.15480809415495272,0.17267057149970266,0.03386348513462316,0.08618713982788324,,,,False,2024-11-26,False
2024-11-28,24289.1,24277.35,24272.65,-0.00048375608812183243,0.00048375608812183243,2024-12-05,24250.0,216.75,136.05,0.15045049386974158,0.10783568424403558,0.1291430890568886,0.025327043505643302,0.019100377350164982,,,,False,2024-11-27,False
2024-11-29,23962.6,24029.1,24021.65,0.0027751579544790634,0.0027751579544790634,2024-12-05,24000.0,232.2,162.75,0.17648046790932215,0.13830689963040593,0.15739368376986404,0.030867440956107262,0.08990566980998747,,,,False,2024-11-28,False
2024-12-02,24154.65,24034.6,24062.25,-0.004970057525155732,0.004970057525155732,2024-12-05,24050.0,173.75,134.35,0.18502424991980215,0.155027559535604,0.17002590472770307,0.03334482330857022,0.14905034821037236,,,,False,2024-11-29,False
2024-12-03,24377.1,24300.05,24307.7,-0.003160753329969491,0.003160753329969491,2024-12-05,24300.0,167.65,152.0,0.21513581011284266,0.20469023855557406,0.20991302433420836,0.04116733104759252,0.0767781940081426,,,,False,2024-12-02,False
2024-12-04,24501.15,24516.3,24513.85,0.0006183383228949587,0.0006183383228949587,2024-12-05,24500.0,125.65,127.0,0.20728429287961952,0.23387702375459496,0.22058065831710724,0.043259426195387404,0.014293724565419452,,,,False,2024-12-03,False
2024-12-05,24512.2,24513.8,24518.9,6.527361885096175e-05,6.527361885096175e-05,2024-12-12,24500.0,253.3,216.1,0.1768724040394335,0.16358497797845384,0.17022869100894367,0.03338459297030617,0.001955201877375566,,,,False,2024-12-04,False
2024-12-06,24742.9,24705.65,24706.4,-0.0015054823808041903,0.0015054823808041903,2024-12-12,24700.0,243.55,233.15,0.18636893696242607,0.18326680826231212,0.1848178726123691,0.036245766881199064,0.04153539876087143,,,,False,2024-12-05,False
2024-12-09,24627.8,24662.75,24673.7,0.0014191279773264655,0.0014191279773264655,2024-12-12,24650.0,179.45,164.95,0.18024190705351983,0.19016690842753042,0.18520440774052513,0.036321572656628165,0.03907121508042673,,,,False,2024-12-06,False
2024-12-10,24634.85,24596.0,24614.3,-0.0015770341609548484,0.0015770341609548484,2024-12-12,24600.0,137.0,129.1,0.16830973380509306,0.17662112884785758,0.17246543132647532,0.03382325383668824,0.046625737682405716,,,,False,2024-12-09,False
2024-12-11,24641.2,24623.6,24624.55,-0.0007142509293379455,0.0007142509293379455,2024-12-12,24600.0,103.1,90.45,0.15714180954536727,0.1779597484421147,0.167550778993741,0.032859411215644514,0.02173657113484393,,,,False,2024-12-10,False
2024-12-12,24624.8,24653.35,24666.05,0.0011594002793931027,0.0011594002793931027,2024-12-19,24650.0,193.1,134.65,0.13341452809078141,0.10280703452167339,0.1181107813062274,0.023163429947928596,0.05005304836112075,,,,False,2024-12-11,False
2024-12-13,24505.05,24419.25,24410.85,-0.003501319115855682,0.003501319115855682,2024-12-19,24400.0,191.8,170.45,0.14624704647627967,0.13800296524541944,0.14212500586084956,0.027873006855921572,0.12561684263037565,,,,False,2024-12-12,False
2024-12-16,24763.75,24703.5,24694.95,-0.0024329917722477412,0.0024329917722477412,2024-12-19,24700.0,153.5,160.75,0.16780490534879938,0.17017144794147826,0.16898817664513882,0.03314130808769336,0.0734126657224856,,,,False,2024-12-13,False
2024-12-17,24607.8,24592.35,24582.1,-0.0006278497061907496,0.0006278497061907496,2024-12-19,24600.0,155.7,161.35,0.21356294255944508,0.19764230348780198,0.20560262302362353,0.04032199180166606,0.015570900100346917,,,,False,2024-12-16,False
2024-12-18,24301.1,24301.3,24309.85,8.230080119859908e-06,8.230080119859908e-06,2024-12-19,24300.0,126.25,111.65,0.2137038051504731,0.2053280072515294,0.20951590620100125,0.041089449774114654,0.0002002966738445998,,,,False,2024-12-17,False
2024-12-19,23886.95,23886.4,23893.6,-2.3025124597291507e-05,2.3025124597291507e-05,2024-12-26,23900.0,231.4,195.95,0.17459864110528583,0.14344694165350608,0.15902279137939596,0.031186935244212868,0.0007382939175327948,,,,False,2024-12-18,False
2024-12-20,23979.9,23913.0,23906.05,-0.00278983648805881,0.00278983648805881,2024-12-26,23900.0,215.8,180.25,0.1705081562932455,0.1468641315694063,0.1586861439313259,0.031120913247793234,0.08964507133339461,,,,False,2024-12-19,False
2024-12-23,23738.25,23743.7,23781.25,0.00022958726949125262,0.00022958726949125262,2024-12-26,23800.0,140.0,132.15,0.1665811303230027,0.13683392161665098,0.15170752596982684,0.029752293664578124,0.007716624206509158,,,,False,2024-12-20,False
2024-12-24,23783.95,23764.9,23753.6,-0.0008009603114705199,0.0008009603114705199,2024-12-26,23750.0,90.75,74.45,0.11954722735398551,0.10247372999202722,0.11101047867300637,0.021770946037189813,0.03679033102660281,,,,False,2024-12-23,False
2024-12-26,23778.55,23826.35,23829.9,0.002010215088809001,0.002010215088809001,2025-01-02,23850.0,191.7,151.75,0.15039739863038581,0.10554533101648139,0.1279713648234336,0.025097249477530358,0.08009702778819458,,,,False,2024-12-24,False
2024-12-27,23808.0,23856.1,23848.9,0.0020203293010752077,0.0020203293010752077,2025-01-02,23850.0,184.95,155.4,0.1489935839227075,0.1243747579668337,0.1366841709447706,0.026805971340255277,0.07536862870703823,,,,False,2024-12-26,False
2024-12-30,23810.1,23757.4,23756.5,-0.0022133464370161023,0.0022133464370161023,2025-01-02,23750.0,131.5,123.8,0.1433981464185934,0.1420558377602742,0.1427269920894338,0.027991066068477923,0.07907331687908298,,,,False,2024-12-27,False
2024-12-31,23559.5,23540.2,23546.5,-0.000819202444873587,0.000819202444873587,2025-01-02,23550.0,135.0,119.45,0.1853937114473857,0.15956410848177804,0.17247890996458187,0.03382589721510062,0.024218202984069764,,,,False,2024-12-30,False
2025-01-01,23648.9,23640.85,23645.2,-0.00034039638207286214,0.00034039638207286214,2025-01-02,23650.0,117.3,112.85,0.216788265429334,0.20003095374929836,0.20840960958931617,0.040872487158314506,0.008328252223907467,,,,False,2024-12-31,False
2025-01-02,23789.5,23766.2,23763.7,-0.0009794236953277401,0.0009794236953277401,2025-01-09,23750.0,255.55,209.55,0.18614949089856547,0.16195957516206105,0.17405453303031326,0.03413490232118643,0.028692734671159244,,,,False,2025-01-01,False
2025-01-03,24185.0,24133.3,24130.85,-0.002137688649989693,0.002137688649989693,2025-01-09,24150.0,172.2,198.4,0.14411461831311717,0.1497138769621959,0.14691424763765654,0.028812254443431284,0.07419373080252145,,,,False,2025-01-02,False
2025-01-06,24044.25,24036.15,24062.6,-0.00033687887956574005,0.00033687887956574005,2025-01-09,24050.0,139.1,168.0,0.14653993289051986,0.1923926667354065,0.16946629981296318,0.0332350757554871,0.010136245274245281,,,,False,2025-01-03,False
2025-01-07,23691.7,23756.65,23759.5,0.002741466420729653,0.002741466420729653,2025-01-09,23750.0,169.1,144.3,0.22082807293385415,0.20025835541091658,0.21054321417238536,0.04129092144305915,0.06639392691950892,,,,False,2025-01-06,False
2025-01-08,23751.7,23638.7,23647.05,-0.0047575541961206985,0.0047575541961206985,2025-01-09,23650.0,86.35,104.8,0.1590589207378037,0.18713572869461542,0.17309732471620956,0.03394717832610228,0.14014579210144762,,,,False,2025-01-07,False
2025-01-09,23682.45,23614.35,23621.95,-0.0028755470823332123,0.0028755470823332123,2025-01-16,23600.0,205.65,159.35,0.14649790495027332,0.12813353010169048,0.1373157175259819,0.026929827814922175,0.10677925986366067,,,,False,2025-01-08,False
2025-01-10,23565.75,23518.8,23520.8,-0.0019922981445530366,0.0019922981445530366,2025-01-16,23500.0,207.1,159.5,0.1601259665014747,0.1382664661632731,0.1491962163323739,0.02925978532434558,0.06808997818912042,,,,False,2025-01-09,False
2025-01-13,23208.45,23256.6,23231.3,0.002074675387628119,0.002074675387628119,2025-01-16,23250.0,158.75,166.4,0.19195164719777535,0.1793076577697375,0.18562965248375643,0.03640497001215852,0.05698879540170531,,,,False,2025-01-10,False
2025-01-14,23171.35,23193.1,23192.4,0.000938659163147594,0.000938659163147594,2025-01-16,23200.0,124.0,107.75,0.17584916262789685,0.14301124924514774,0.1594302059365223,0.031266835812555516,0.030020919570334835,,,,False,2025-01-13,False
2025-01-15,23253.25,23206.75,23200.15,-0.0019997204691817273,0.0019997204691817273,2025-01-16,23200.0,87.1,78.0,0.16067100126719647,0.144146839287755,0.15240892027747574,0.02988984840540215,0.06690299803662796,,,,False,2025-01-14,False
2025-01-16,23378.8,23348.3,23343.05,-0.0013046007493968895,0.0013046007493968895,2025-01-23,23350.0,169.5,163.55,0.13175857700071242,0.12192950553480938,0.1268440412677609,0.024876163138741587,0.05244380904405363,,,,False,2025-01-15,False
2025-01-17,23268.1,23220.7,23228.65,-0.0020371237875029683,0.0020371237875029683,2025-01-23,23250.0,174.75,168.55,0.15268260692931085,0.1299445908805592,0.14131359890493503,0.027713876859703376,0.07350555094891807,,,,False,2025-01-16,False
2025-01-20,23298.9,23209.25,23221.35,-0.0038478211417707037,0.0038478211417707037,2025-01-23,23200.0,190.85,156.5,0.20597870379329414,0.1910818817918158,0.19853029279255496,0.03893499373032795,0.09882680779202203,,,,False,2025-01-17,False
2025-01-21,23424.95,23413.8,23416.8,-0.00047598820915312326,0.00047598820915312326,2025-01-23,23400.0,140.1,129.1,0.1793904908506428,0.18731099142207597,0.18335074113635938,0.03595803872638446,0.01323732400354371,,,,False,2025-01-20,False
2025-01-22,23110.55,23082.6,23089.65,-0.001209404362942497,0.001209404362942497,2025-01-23,23100.0,119.5,93.6,0.23110589777314122,0.16382087817168195,0.19746338797241159,0.03872575648044114,0.03122997386902745,,,,False,2025-01-21,False
2025-01-23,23133.35,23107.15,23120.8,-0.0011325640255301153,0.0011325640255301153,2025-01-30,23100.0,217.7,164.35,0.15941164935124919,0.13433625428920448,0.14687395182022683,0.028804351783454737,0.039319198503215816,,,,False,2025-01-22,False
2025-01-24,23204.45,23235.55,23237.35,0.0013402601656147223,0.0013402601656147223,2025-01-30,23250.0,197.7,186.45,0.16809345474172782,0.14838904755441112,0.15824125114806947,0.031033662594590113,0.04318730222478995,,,,False,2025-01-23,False
2025-01-27,22946.05,22966.6,22955.15,0.0008955789776453583,0.0008955789776453583,2025-01-30,22950.0,179.9,165.3,0.20521583700512963,0.19427765443337452,0.19974674571925208,0.03917355977688933,0.022861822687191946,,,,False,2025-01-24,False
2025-01-28,22967.95,22908.35,22898.4,-0.002594920312870856,0.002594920312870856,2025-01-30,22900.0,164.2,145.7,0.23004425659378736,0.20201960674752317,0.21603193167065526,0.04236734750568517,0.06124811831853883,,,,False,2025-01-27,False
2025-01-29,23023.75,22987.7,22991.85,-0.001565774472012564,0.001565774472012564,2025-01-30,23000.0,158.5,138.8,0.3027631733436984,0.25087423008701226,0.27681870171535533,0.05428861391438528,0.028841673402858207,,,,False,2025-01-28,False
2025-01-30,23168.4,23169.45,23192.75,4.532035013204504e-05,4.532035013204504e-05,2025-02-06,23200.0,378.1,331.6,0.2926955867846843,0.2514744272357967,0.2720850070102405,0.053360260003894086,0.0008493277605607186,0.0642459887224358,0.0530949679110303,-1.194023905770261,True,2025-01-29,False
2025-01-31,23297.6,23326.05,23319.15,0.001221155827209701,0.001221155827209701,2025-02-06,23300.0,363.65,283.05,0.2909259031911595,0.2404048830673287,0.2656653931292441,0.052101270140473624,0.02343812010565699,0.06057278013744533,0.04955519986007233,-0.7493595048883764,True,2025-01-30,False
2025-02-01,23538.3,23506.7,23532.7,-0.0013424928733170426,0.0013424928733170426,2025-02-06,23550.0,251.2,231.15,0.2306262173984685,0.19744969428367776,0.21403795584107313,0.04197629667242857,0.031982165644422765,0.06040015950352877,0.04966796821521313,-0.572159379179148,True,2025-01-31,False
2025-02-03,23321.65,23335.1,23331.5,0.0005767173420404255,0.0005767173420404255,2025-02-06,23350.0,130.65,140.85,0.15899967027719641,0.14953917508643444,0.15426942268181543,0.03025472294635655,0.01906205993236098,0.0604025788239859,0.04966655684144123,-0.8323612813266501,True,2025-02-01,False
2025-02-04,23501.05,23514.35,23503.45,0.0005659321604779052,0.0005659321604779052,2025-02-06,23500.0,120.7,108.1,0.16161249385358528,0.14918149479636245,0.15539699432497386,0.030475857939104192,0.018569851638261713,0.0570953430927602,0.04545692843872498,-0.8475163804001864,True,2025-02-03,False
2025-02-05,23792.55,23764.1,23757.85,-0.0011957524519230064,0.0011957524519230064,2025-02-06,23750.0,73.8,106.4,0.12587283566364937,0.19885994032020643,0.1623663879919279,0.03184266848932375,0.03755189211996852,0.05611448387303266,0.04564545531423326,-0.4066690018814626,True,2025-02-04,False
2025-02-06,23766.75,23696.55,23694.25,-0.002953706333428034,0.002953706333428034,2025-02-13,23700.0,211.65,192.3,0.16100304990439973,0.14216229248269785,0.1515826711935488,0.029727807628400934,0.09935836407277351,0.05658702682907772,0.04529696490907936,0.9442428941883183,True,2025-02-05,False
2025-02-07,23654.2,23594.45,23595.4,-0.002525978473167556,0.002525978473167556,2025-02-13,23600.0,204.85,187.3,0.1681525042245896,0.1501702939661011,0.15916139909534535,0.03121411845376519,0.08092422910834635,0.05675292623851859,0.04543720620436503,0.531971590883281,True,2025-02-06,False
2025-02-10,23547.6,23473.6,23455.1,-0.0031425707927771832,0.0031425707927771832,2025-02-13,23450.0,153.5,138.3,0.17096333810489223,0.15952187717155464,0.16524260763822343,0.03240674157016375,0.0969727482774907,0.05760680271726529,0.04540141772214552,0.8670642357721754,True,2025-02-07,False
2025-02-11,23373.55,23314.2,23305.4,-0.002539194944713086,0.002539194944713086,2025-02-13,23300.0,155.1,122.6,0.20877827183353992,0.1716441558240071,0.1902112138287735,0.03730348811604177,0.06806856604975624,0.058137589607782154,0.04567614023017969,0.21742153325408106,True,2025-02-10,False
2025-02-12,23068.4,22979.2,22969.0,-0.003866761457231569,0.003866761457231569,2025-02-13,22950.0,131.8,78.9,0.22772586753994206,0.16431169893718256,0.1960187832385623,0.03844244618323629,0.10058572856681942,0.056262621026283745,0.04278267684653361,1.0360059446380079,True,2025-02-11,False
2025-02-13,23055.85,23025.25,23045.65,-0.0013272119657266397,0.0013272119657266397,2025-02-20,23050.0,222.55,183.55,0.1734150018578826,0.13995937760153032,0.15668718972970647,0.030728886075453397,0.043191021062974115,0.055230389744878455,0.04088038564302581,-0.29450232654442327,True,2025-02-12,False
2025-02-14,23096.7,23029.35,23038.1,-0.0029160009871541034,0.0029160009871541034,2025-02-20,23050.0,195.75,165.25,0.16762230978953196,0.1323627528771838,0.14999253133335788,0.02941595554469112,0.0991299086893124,0.052871735561020955,0.03720015978198166,1.2434939365689806,True,2025-02-13,False
2025-02-17,22828.3,22831.45,22825.45,0.00013798662186853403,0.00013798662186853403,2025-02-20,22850.0,188.5,152.5,0.23326132867213006,0.1627079687047322,0.19798464868843113,0.038827984117466255,0.0035537930954922426,0.052511303999865123,0.03663170775783186,-1.3364790751232656,True,2025-02-14,False
2025-02-18,22975.1,22900.7,22886.9,-0.0032382884078849634,0.0032382884078849634,2025-02-20,22900.0,149.65,159.6,0.21770927222492387,0.2133137716488861,0.21551152193690498,0.04226528676001377,0.07661815773952431,0.05159542953604804,0.03716240299501538,0.673334504413845,True,2025-02-17,False
2025-02-19,22839.4,22852.9,22853.55,0.0005910838288221232,0.0005910838288221232,2025-02-20,22850.0,114.8,96.25,0.21183836715968074,0.18371940523032887,0.1977788861950048,0.03878763077249908,0.015238977402074505,0.05276618293917686,0.036818481073774646,-1.0192491499556326,True,2025-02-18,False
2025-02-20,22830.6,22847.0,22844.1,0.0007183341655498084,0.0007183341655498084,2025-02-27,22850.0,205.85,167.85,0.1625360220934255,0.1283570013394822,0.14544651171645384,0.028524407747161532,0.025183140414941303,0.05158371356541338,0.036866196250556454,-0.7161187167518968,True,2025-02-19,False
2025-02-21,22855.8,22896.95,22889.05,0.001800418274573695,0.001800418274573695,2025-02-27,22900.0,162.85,148.95,0.14079044273374974,0.11998970775165896,0.13039007524270435,0.025571597616976194,0.07040695311811308,0.051685092949826324,0.03678362651527829,0.5089726582698562,True,2025-02-20,False
2025-02-24,22611.5,22621.4,22631.5,0.0004378303075869118,0.0004378303075869118,2025-02-27,22650.0,131.2,125.25,0.16456189633781237,0.13582617002755704,0.1501940331826847,0.02945547330860429,0.014864140969651857,0.051360114338295085,0.03652545768436171,-0.9991927735451456,True,2025-02-21,False
2025-02-25,22529.8,22552.75,22549.95,0.0010186508535362376,0.0010186508535362376,2025-02-27,22550.0,100.9,67.3,0.14288941879537959,0.09524753433287317,0.11906847656412638,0.023351249440547908,0.043622969988381756,0.04912367755094974,0.034494143396782494,-0.1594678696407656,True,2025-02-24,False
2025-02-27,22583.3,22555.75,22554.7,-0.0012199279998936945,0.0012199279998936945,2025-03-06,22550.0,186.35,115.65,0.14510367160874738,0.09304774302186603,0.1190757073153067,0.023352667507523538,0.05223934265756449,0.04857109048395372,0.034308686982962924,0.10691904867803179,True,2025-02-25,False
2025-02-28,22442.45,22336.1,22320.5,-0.0047387874318535715,0.0047387874318535715,2025-03-06,22300.0,194.4,102.0,0.15795833625852312,0.09612235052412932,0.12704034339132622,0.02491466115253464,0.19020075781249313,0.04920351745215614,0.034014601693751804,4.145197454604826,True,2025-02-27,False
2025-03-03,22207.1,22174.55,22167.7,-0.0014657474411336588,0.0014657474411336588,2025-03-06,22150.0,168.45,101.2,0.19114398879819333,0.13165697149107242,0.16140048014463287,0.03165323837541261,0.046306397587180595,0.052340943384408097,0.03802760071460251,-0.15868857576676537,True,2025-02-28,False
2025-03-04,21982.2,22001.6,22009.85,0.0008825322306228592,0.0008825322306228592,2025-03-06,22000.0,124.75,91.0,0.17375700603135996,0.13905748624142944,0.1564072461363947,0.030673984619876398,0.028771359233550252,0.05242046003151326,0.03800960697583352,-0.6221874594230634,True,2025-03-03,False
2025-03-05,22071.65,22193.3,22189.35,0.005511595191116107,0.005511595191116107,2025-03-06,22200.0,82.5,86.0,0.16929475960133017,0.15547825496006384,0.162386507280697,0.031846614206478885,0.17306691240021446,0.052248795767398645,0.038094083493549175,3.171571686539593,True,2025-03-04,False
2025-03-06,22479.95,22362.25,22344.5,-0.005235776769966158,0.005235776769966158,2025-03-13,22350.0,188.9,157.5,0.15252182641630097,0.1231503712325071,0.13783609882440404,0.02703188298396691,0.19368894031805292,0.05435614867936213,0.04115232863694332,3.385781467384783,True,2025-03-05,False
2025-03-07,22509.05,22511.4,22533.3,0.00010440245145851037,0.00010440245145851037,2025-03-13,22550.0,151.15,152.8,0.13542465492514438,0.12262253729264652,0.12902359610889547,0.02530360901050662,0.0041259905421064695,0.05722202149908227,0.04467853755171786,-1.188401274225107,True,2025-03-06,False
2025-03-10,22536.65,22583.75,22587.05,0.002089929071090803,0.002089929071090803,2025-03-13,22600.0,115.0,144.25,0.14269463541291988,0.1618749794624077,0.1522848074376638,0.029865507874937205,0.06997801878482862,0.056456570535432044,0.045193889410848766,0.29918753233375756,True,2025-03-07,False
2025-03-11,22345.55,22365.3,22348.4,0.0008838448818668594,0.0008838448818668594,2025-03-13,22350.0,114.55,114.7,0.16477719425467752,0.16270578060188123,0.16374148742827938,0.032112347676211704,0.027523521194359673,0.055529256804672925,0.04431299737516681,-0.6319982233024883,True,2025-03-10,False
2025-03-12,22542.05,22461.7,22459.95,-0.0035644495509502706,0.0035644495509502706,2025-03-13,22450.0,97.25,91.3,0.1758540705112246,0.18349103223638136,0.17967255137380297,0.03523668636584706,0.10115734249078231,0.054764437729204155,0.04439504294846783,1.0450019119348388,True,2025-03-11,False
2025-03-13,22541.6,22483.9,22471.15,-0.0025597118216984195,0.0025597118216984195,2025-03-20,22450.0,163.6,133.45,0.12099088142690695,0.11385237045256605,0.1174216259397365,0.02302827546094266,0.11115516774323135,0.05619087843571142,0.04448925878753346,1.235450776332595,True,2025-03-12,False
2025-03-17,22384.15,22538.95,22545.2,0.0069156076956238795,0.0069156076956238795,2025-03-20,22550.0,131.7,102.0,0.1579730049881256,0.11732096729001432,0.13764698613906995,0.026994794935013586,0.25618300536352634,0.05804012628686786,0.04442844170286191,4.459820589743864,True,2025-03-13,False
2025-03-18,22649.65,22644.25,22653.4,-0.00023841428013242832,0.00023841428013242832,2025-03-20,22650.0,133.15,101.75,0.18526168215707356,0.14579406251040727,0.16552787233374042,0.03246268657973991,0.007344255982843502,0.06229753814430108,0.05064814931097907,-1.0850007929025212,True,2025-03-17,False
2025-03-19,22883.05,22848.95,22840.65,-0.0014901859673425765,0.0014901859673425765,2025-03-20,22850.0,91.25,87.7,0.17971699795837348,0.1555089928486067,0.1676129954034901,0.03287161285746668,0.04533352147350097,0.060925857888458564,0.05100813360438068,-0.30568333544394755,True,2025-03-18,False
2025-03-20,23038.6,23065.2,23058.95,0.001154584045905662,0.001154584045905662,2025-03-27,23050.0,177.25,132.0,0.13326209970017966,0.10524961497156834,0.119255857335874,0.02338799783330226,0.049366519277748745,0.061552806176241766,0.05057236240109982,-0.24096732523272432,True,2025-03-19,False
2025-03-21,23165.7,23194.45,23189.5,0.00124105897943943,0.00124105897943943,2025-03-27,23200.0,133.35,127.85,0.11441303003080075,0.10119210220145997,0.10780256611613036,0.021141822624674043,0.05870160777865121,0.06176240931376086,0.050493992912596396,-0.06061714193226528,True,2025-03-20,False
2025-03-24,23487.95,23500.0,23472.55,0.000513029021264064,0.000513029021264064,2025-03-27,23450.0,142.25,118.65,0.14794740657195576,0.14675566916391408,0.14735153786793492,0.02889801411332717,0.01775308916564843,0.06140581898026847,0.05043783499948155,-0.8654758836311818,True,2025-03-21,False
2025-03-25,23752.85,23723.5,23729.3,-0.0012356411967405405,0.0012356411967405405,2025-03-27,23750.0,143.8,147.55,0.2070116256628951,0.18417900220039785,0.19559531393164648,0.038359397019414314,0.03221221637334817,0.06044555998791198,0.05071519206939781,-0.5567038684568083,True,2025-03-24,False
2025-03-26,23698.7,23699.95,23684.4,5.274550924734268e-05,5.274550924734268e-05,2025-03-27,23700.0,96.05,108.1,0.18741439283223488,0.18098424266698,0.18419931774960743,0.036124458292143315,0.0014601051957868186,0.05966454164614973,0.05078424630235047,-1.1461120463191556,True,2025-03-25,False
2025-03-27,23438.75,23543.85,23541.5,0.004484027518532283,0.004484027518532283,2025-04-03,23550.0,198.2,146.7,0.152904437720212,0.10757177974595944,0.13023810873308572,0.025541794532439346,0.17555647912042147,0.05928524001634502,0.05113724006919014,2.273709706404924,True,2025-03-26,False
2025-03-28,23605.25,23561.9,23552.05,-0.0018364558731637473,0.0018364558731637473,2025-04-03,23550.0,172.4,139.0,0.13939111352494082,0.11389082460586594,0.1266409690654034,0.024836337403261237,0.07394229846960462,0.06207237713128691,0.05284167596872094,0.2246318104169138,True,2025-03-27,False
2025-04-01,23353.0,23471.45,23476.95,0.005072153470646201,0.005072153470646201,2025-04-03,23500.0,97.9,115.25,0.14820694672088985,0.14043012595364013,0.144318536337265,0.028303193575263987,0.17920781473505124,0.06282653652792768,0.052679859714028575,2.2092176941794586,True,2025-03-28,False
2025-04-02,23209.05,23246.5,23255.55,0.0016135946968962851,0.0016135946968962851,2025-04-03,23250.0,110.95,86.2,0.1992255062398991,0.16384821249865145,0.18153685936927527,0.0356023072446263,0.045322756354220166,0.06457677126013649,0.05476706901548577,-0.3515619011941668,True,2025-04-01,False
2025-04-03,23160.35,23251.2,23247.8,0.003922652291524186,0.003922652291524186,2025-04-09,23250.0,180.55,165.0,0.14966878129728717,0.1350430773267179,0.14235592931200253,0.027918294670674464,0.14050472415296064,0.06516321311146941,0.05436112619684185,1.3859446319908701,True,2025-04-02,False
2025-04-04,23208.15,23076.05,23064.4,-0.005691965968851553,0.005691965968851553,2025-04-09,23050.0,158.7,150.05,0.13723192876853535,0.14244789184448586,0.1398399103065106,0.02742486274738317,0.20754765561751698,0.06639839306536027,0.055224668846077615,2.555909623388932,True,2025-04-03,False
2025-04-07,21807.75,22041.85,22087.95,0.010734715869358303,0.010734715869358303,2025-04-09,22100.0,309.8,248.55,0.4563422464542546,0.35039357087949696,0.4033679086668758,0.07910695528651969,0.13569876163831532,0.06752175745729476,0.05739320185063305,1.1878933738259205,True,2025-04-04,False
2025-04-08,22473.35,22545.15,22539.05,0.0031948952870846097,0.0031948952870846097,2025-04-09,22550.0,154.7,157.8,0.30421396853093985,0.28929302512510224,0.29675349682802105,0.058198148886652847,0.05489685407876137,0.06800374915353902,0.057848107794022385,-0.226574309421613,True,2025-04-07,False
2025-04-09,22453.25,22385.1,22365.2,-0.0030351953503391024,0.0030351953503391024,2025-04-17,22350.0,342.85,295.15,0.2499812948161021,0.22573665323511893,0.23785897402561051,0.04664798269383644,0.0650659508742302,0.06778386375169969,0.057872843260065046,-0.0469635276990957,True,2025-04-08,False
2025-04-11,22732.5,22762.15,22777.95,0.0013043000109975347,0.0013043000109975347,2025-04-17,22800.0,240.3,223.1,0.21113238904931309,0.17811351362506034,0.1946229513371867,0.038168701025435924,0.03417197798081572,0.0679184830095751,0.05785669898694508,-0.5832774012284044,True,2025-04-09,False
2025-04-15,23346.8,23297.65,23289.05,-0.002105213562458145,0.002105213562458145,2025-04-17,23300.0,134.4,143.85,0.19161235787152153,0.1895554777738393,0.19058391782268042,0.037376581382877354,0.05632440112413726,0.06798766731641645,0.0578130789174816,-0.20174096261032096,True,2025-04-11,False
2025-04-16,23345.25,23334.2,23331.8,-0.0004733296923356688,0.0004733296923356688,2025-04-17,23350.0,45.0,90.95,0.09837903245475435,0.14961187569762047,0.12399545407618741,0.024317509228126064,0.019464563080671408,0.06781135736787494,0.05783257010033016,-0.8359786570669376,True,2025-04-15,False
2025-04-17,23387.0,23309.25,23311.65,-0.0033244965151579937,0.0033244965151579937,2025-04-24,23300.0,215.45,178.35,0.15993679271560063,0.14050841190681013,0.15022260231120538,0.029461076175674034,0.11284368891802485,0.06726170326848524,0.05813702217552216,0.784044038442879,True,2025-04-16,False
2025-04-21,23922.15,23959.3,23934.15,0.0015529540614032523,0.0015529540614032523,2025-04-24,23950.0,151.85,190.0,0.1771357963927137,0.20189598958691485,0.18951589298981428,0.037167124480424044,0.04178300267003961,0.06791733890130369,0.05842970973390415,-0.44727821429000697,True,2025-04-17,False
2025-04-22,24196.5,24133.55,24141.1,-0.002601615936189148,0.002601615936189148,2025-04-24,24150.0,96.1,118.1,0.13286820413632194,0.15019929253443748,0.1415337483353797,0.027757051715155058,0.09372810782957519,0.06696660881593731,0.05838231720875221,0.45838363896981477,True,2025-04-21,False
2025-04-23,24350.15,24319.1,24295.55,-0.0012751461489971482,0.0012751461489971482,2025-04-24,24300.0,78.15,100.4,0.14165474015718676,0.17304003705455595,0.15734738860587136,0.03085836172746943,0.04132254849621655,0.0683081218797045,0.058050615719902644,-0.46486282787584554,True,2025-04-22,False
2025-04-24,24281.0,24253.1,24252.2,-0.0011490465796302235,0.0011490465796302235,2025-04-30,24250.0,222.5,166.0,0.17488340332008928,0.1319899222082776,0.15343666276418344,0.03009140528981257,0.0381852083199063,0.06847633145682433,0.0579559007664452,-0.5226581372445119,True,2025-04-23,False
2025-04-25,24274.95,24319.35,24303.8,0.001829045991855712,0.001829045991855712,2025-04-30,24300.0,191.15,165.6,0.162759120649966,0.14405187323410723,0.15340549694203662,0.030085293169224734,0.06079535211997552,0.06845743162043584,0.057965754339391315,-0.13218286534491736,True,2025-04-24,False
2025-04-28,24071.7,24117.95,24132.65,0.0019213433201643424,0.0019213433201643424,2025-04-30,24150.0,131.35,125.0,0.18495324705270433,0.15356387750348494,0.16925856227809463,0.03319433507302555,0.05788166311924918,0.06875089911868892,0.057880158557551666,-0.18778863552407507,True,2025-04-25,False
2025-04-29,24373.3,24417.1,24395.6,0.0017970484095300708,0.0017970484095300708,2025-04-30,24400.0,83.25,88.3,0.1499866122372216,0.15112801585616048,0.15055731404669104,0.029526718547622875,0.060861771911147465,0.06933456312588987,0.0575853891631581,-0.14713439186346797,True,2025-04-28,False
2025-04-30,24324.55,24324.05,24337.55,-2.055536484744836e-05,2.055536484744836e-05,2025-05-08,24350.0,234.05,225.05,0.16453122031318523,0.1498358327904863,0.15718352655183576,0.030826225734736163,0.0006668141933537389,0.0693281240191,0.05758633029485944,-1.1923195917187217,True,2025-04-29,False
2025-05-02,24320.35,24487.6,24518.55,0.0068769569516886064,0.0068769569516886064,2025-05-08,24500.0,226.65,156.25,0.16979800012177598,0.12924092599942294,0.14951946306059946,0.029323179223381242,0.2345228973741418,0.06885854303227495,0.058035192884917416,2.8545499050959617,True,2025-04-30,False
2025-05-05,24411.45,24443.15,24445.25,0.001298570957481048,0.001298570957481048,2025-05-08,24450.0,134.6,144.0,0.14882000812156626,0.15387315871452423,0.15134658341804524,0.029681507006315805,0.04375016932949969,0.07275310252583463,0.061150869624882795,-0.474284885468471,True,2025-05-02,False
2025-05-06,24501.4,24433.0,24436.55,-0.0027916772102819206,0.0027916772102819206,2025-05-08,24450.0,78.5,93.05,0.11109411714066164,0.11253369690104806,0.11181390702085485,0.021928511299630315,0.12730810460119946,0.07309163667956534,0.06092905416115151,0.8898294691763433,True,2025-05-05,False
2025-05-07,24224.65,24427.2,24428.65,0.008361317913777878,0.008361317913777878,2025-05-08,24450.0,74.15,111.7,0.1479153206757426,0.17642985771228387,0.16217258919401323,0.0318046614180823,0.2628959888572847,0.07468040232884494,0.06108158132119782,3.0813803843536256,True,2025-05-06,False
2025-05-08,24430.3,24392.3,24387.15,-0.001555445491868704,0.001555445491868704,2025-05-15,24400.0,204.3,208.15,0.1535988267495773,0.14703445560163003,0.15031664117560367,0.02947951871431261,0.05276359858322651,0.07874430114426036,0.0652852159155922,-0.39795690642464154,True,2025-05-07,False
2025-05-09,23960.25,24080.8,24082.45,0.005031249673939098,0.005031249673939098,2025-05-15,24100.0,248.55,267.8,0.20453686870084142,0.20588920709637454,0.20521303789860798,0.04024558787264069,0.1250136956592796,0.07931419692667642,0.0648991331157834,0.7041619284971485,True,2025-05-08,False
2025-05-12,24401.0,24595.2,24586.95,0.007958690217614061,0.007958690217614061,2025-05-15,24600.0,132.05,152.65,0.14957413668207908,0.15773477660386465,0.15365445664297187,0.03013411818357731,0.2641089468465495,0.08077189365233162,0.06492744484718019,2.8237219811396947,True,2025-05-09,False
2025-05-13,24875.0,24767.4,24748.9,-0.004325628140703459,0.004325628140703459,2025-05-15,24750.0,182.4,196.6,0.23600267881605075,0.2529021074760488,0.24445239314604977,0.04794105856908319,0.09022804814520767,0.0835177366985612,0.06907787935045583,0.09714124854069058,True,2025-05-12,False
2025-05-14,24645.5,24718.1,24699.65,0.0029457710332514474,0.0029457710332514474,2025-05-15,24700.0,110.75,130.5,0.19236181674671404,0.2260050447715573,0.20918343075913567,0.041024245975427615,0.07180561063854489,0.08367280034917557,0.06908240115753657,-0.17178310990621992,True,2025-05-13,False
2025-05-15,24699.55,24611.85,24605.9,-0.003550671975805257,0.003550671975805257,2025-05-22,24600.0,233.8,194.25,0.16687738797884977,0.1425487641624999,0.15471307607067483,0.030341730534320613,0.11702272458681832,0.08325334805519313,0.06907668251812427,0.48886795515642806,True,2025-05-14,False
2025-05-16,25061.8,25033.6,25052.0,-0.0011252184599669908,0.0011252184599669908,2025-05-22,25050.0,202.65,179.35,0.1541961338675375,0.13790787941992527,0.14605200664373139,0.028643155072144977,0.0392840263976802,0.08406925069747752,0.06918331671068369,-0.6473413884894207,True,2025-05-15,False
2025-05-19,25005.35,25014.45,25031.8,0.00036392212066626477,0.00036392212066626477,2025-05-22,25050.0,162.4,180.0,0.18177097588584323,0.18113388231622385,0.18145242910103354,0.035585749106730055,0.010226625258745474,0.08304755566132518,0.069387616487103,-1.0494802111572006,True,2025-05-16,False
2025-05-20,25000.95,24935.65,24927.4,-0.0026119007477715555,0.0026119007477715555,2025-05-22,24950.0,124.65,142.15,0.17365849182211146,0.16711441981005654,0.170386455816084,0.03341553319454335,0.07816426966959397,0.08249814906458804,0.06983759267429593,-0.062056540453880364,True,2025-05-19,False
2025-05-21,24750.15,24738.3,24722.95,-0.00047878497706083323,0.00047878497706083323,2025-05-22,24700.0,137.95,100.95,0.21864945969165994,0.19422332168568823,0.2064363906886741,0.040485507093738965,0.011826083243869676,0.08214872174759273,0.06980540904656235,-1.007409589947617,True,2025-05-20,False
2025-05-22,24732.35,24590.5,24571.65,-0.005735403226947644,0.005735403226947644,2025-05-29,24550.0,267.0,202.65,0.18540716492743048,0.154462900355323,0.16993503264137674,0.03332700182620796,0.17209478538922726,0.08228659325006568,0.06965555484930898,1.2893184518226908,True,2025-05-21,False
2025-05-23,24643.85,24713.8,24700.6,0.0028384363644479546,0.0028384363644479546,2025-05-29,24700.0,208.75,181.75,0.1616604712953389,0.14118566833904383,0.15142306981719136,0.029696507223306978,0.09558148852671262,0.08387787037756074,0.07060793317421359,0.1657550026322837,True,2025-05-22,False
2025-05-26,24911.05,25040.5,25044.8,0.005196489108247173,0.005196489108247173,2025-05-29,25050.0,223.95,185.95,0.24026316572442225,0.19444252020730823,0.21735284296586524,0.04262639952376212,0.12190776528874755,0.08521691222963804,0.07004374280536976,0.5238277052250367,True,2025-05-23,False
2025-05-27,24957.75,24790.45,24792.1,-0.006703328625376858,0.006703328625376858,2025-05-29,24800.0,225.5,209.35,0.2954060801725966,0.26443547356545893,0.2799207768690278,0.054896980904431715,0.12210741856726974,0.08682898931086816,0.06975109085519118,0.505776021906846,True,2025-05-26,False
2025-05-28,24844.4,24769.15,24760.95,-0.003028851572185281,0.003028851572185281,2025-05-29,24750.0,190.1,176.4,0.3193635285256139,0.31460376962470427,0.3169836490751591,0.06216560815861861,0.04872230260270304,0.08769066373502075,0.06986403274146723,-0.5577742881880386,True,2025-05-27,False
2025-05-29,24845.2,24800.05,24825.05,-0.001817252427028217,0.001817252427028217,2025-06-05,24850.0,228.0,232.95,0.17205496210960436,0.15771906249408296,0.16488701230184366,0.032337003587119786,0.05619730418535285,0.08825496642890494,0.06940103619635904,-0.4619190721137089,True,2025-05-28,False
2025-05-30,24830.5,24848.0,24832.8,0.0007047783975352893,0.0007047783975352893,2025-06-05,24850.0,222.0,203.0,0.17774484547494557,0.14981412173018033,0.16377948360256295,0.032119799339062234,0.021942179342265652,0.08846453866552113,0.06928286028824218,-0.960156076791547,True,2025-05-29,False
2025-06-02,24686.8,24565.5,24570.1,-0.00491355704263004,0.00491355704263004,2025-06-05,24550.0,200.85,190.3,0.20618956971658353,0.21652804054149544,0.21135880512903948,0.04145087198933181,0.11853929258459604,0.08795958594359948,0.06966073108743498,0.43898055853898954,True,2025-05-30,False
2025-06-03,24773.95,24649.0,24617.75,-0.0050436042698076295,0.0050436042698076295,2025-06-05,24600.0,240.85,204.05,0.30081686035223043,0.2760884113159402,0.2884526358340853,0.05657021611020287,0.08915653176898465,0.0867652281898012,0.0684824240335321,0.03491850081142803,True,2025-06-02,False
2025-06-04,24568.15,24573.15,24571.3,0.000203515527217149,0.000203515527217149,2025-06-05,24550.0,113.8,88.3,0.17928022625773526,0.17192927192841012,0.1756047490930727,0.034438924704043944,0.00590946230075678,0.08747939709283127,0.0682764694825079,-1.1947005375398374,True,2025-06-03,False
2025-06-05,24674.05,24715.5,24709.1,0.0016799025697038276,0.0016799025697038276,2025-06-12,24700.0,216.65,181.2,0.15267778043069752,0.13370347671655586,0.1431906285736267,0.02808199266386689,0.05982134493843661,0.08709836547728471,0.06867230096402548,-0.3972055713283494,True,2025-06-04,False
2025-06-06,24758.95,24729.45,24725.5,-0.0011914883304825123,0.0011914883304825123,2025-06-12,24750.0,165.2,176.8,0.13720119548714865,0.12719532336540706,0.13219825942627786,0.025926211710676623,0.04595690044418822,0.08521093935292175,0.06782041495667868,-0.5787938474544522,True,2025-06-05,False
2025-06-09,25129.35,25095.35,25083.65,-0.001352999580172189,0.001352999580172189,2025-06-12,25100.0,149.95,167.2,0.16726211439200178,0.16821575906732955,0.16773893672966567,0.03289631198361041,0.04112921779335872,0.08274873868835733,0.06648391794316948,-0.626008848193559,True,2025-06-06,False
2025-06-10,25191.25,25089.25,25072.0,-0.004049024959063167,0.004049024959063167,2025-06-12,25050.0,129.3,109.55,0.1502914820885859,0.15316567726582792,0.1517285796772069,0.029756422636299833,0.13607230306386914,0.08336545914254487,0.06591139361727563,0.799662107394883,True,2025-06-09,False
2025-06-11,25122.15,25136.65,25135.0,0.0005771798990134204,0.0005771798990134204,2025-06-12,25150.0,64.3,94.45,0.12189415380830673,0.14777877399126832,0.13483646389978754,0.02644360617572561,0.021826822528587392,0.08446703054719554,0.06623537599630705,-0.9457213320884695,True,2025-06-10,False
2025-06-12,25157.5,25173.7,25171.2,0.000643943158103974,0.000643943158103974,2025-06-19,25150.0,198.7,143.85,0.132831762719143,0.10901497016637615,0.12092336644275957,0.023715023274652386,0.02715338503556299,0.08437208556943268,0.0663224108273592,-0.8627355341893866,True,2025-06-11,False
2025-06-13,24508.1,24644.25,24618.2,0.005555306204887423,0.005555306204887423,2025-06-19,24600.0,210.65,183.65,0.15678662617261624,0.14993173982842378,0.15335918300052,0.03007621025801148,0.18470765290010704,0.08313868627851234,0.06669206073140026,1.522954389288702,True,2025-06-12,False
2025-06-16,24733.75,24785.6,24770.4,0.0020963258705209904,0.0020963258705209904,2025-06-19,24750.0,163.2,129.45,0.16391577787470318,0.14957050053954363,0.1567431392071234,0.030739858670727406,0.0681956899339051,0.08436456103112695,0.06788115143942862,-0.2381938248594617,True,2025-06-13,False
2025-06-17,24966.3,24882.6,24872.45,-0.00335251919587607,0.00335251919587607,2025-06-19,24850.0,134.15,116.55,0.1574377109815368,0.1636820669650006,0.1605598889732687,0.03148838488365339,0.10646843933924564,0.08123143910729992,0.0640463364998666,0.3940428385314168,True,2025-06-16,False
2025-06-18,24789.35,24897.2,24904.25,0.004350658649783161,0.004350658649783161,2025-06-19,24900.0,99.5,96.45,0.1674666421519121,0.16953105488852777,0.16849884852021993,0.03304534294701986,0.131657240076412,0.08288350882990662,0.06338313551736326,0.7695064443939388,True,2025-06-17,False
2025-06-19,24802.35,24816.05,24810.65,0.0005523670136096269,0.0005523670136096269,2025-06-26,24800.0,204.65,171.0,0.14288704915825884,0.12639094291369096,0.1346389960359749,0.02640487954146068,0.020919126434275365,0.08432223747328847,0.06349597199494887,-0.9985375299720879,True,2025-06-18,False
2025-06-20,24795.9,24830.2,24842.15,0.0013832932057315634,0.0013832932057315634,2025-06-26,24850.0,164.0,158.25,0.12944449250921297,0.11895694270643503,0.124200717607824,0.024357764718635447,0.05679064650268357,0.0838481142592306,0.0638665363958508,-0.4236564135691076,True,2025-06-19,False
2025-06-23,24935.05,24908.25,24910.8,-0.0010747923104224484,0.0010747923104224484,2025-06-26,24900.0,149.5,139.25,0.15362953242703875,0.1542164388713544,0.15392298564919657,0.030186781054450596,0.03560473402194654,0.08381626490463114,0.06387976427040191,-0.7547230556237815,True,2025-06-20,False
2025-06-24,25182.6,25199.5,25199.75,0.0006710982980312381,0.0006710982980312381,2025-06-26,25200.0,123.0,108.5,0.15598956109530754,0.13730228038901748,0.1466459207421625,0.02875963120973337,0.023334732394068827,0.08411379231890277,0.06360784647777651,-0.9555277106586072,True,2025-06-23,False
2025-06-25,25153.8,25159.9,25167.85,0.0002425080902289985,0.0002425080902289985,2025-06-26,25150.0,104.3,71.25,0.1619236940621564,0.13595878432410513,0.14894123919313076,0.029209780193248627,0.008302290829461646,0.08396583425258144,0.06374080683773932,-1.1870502928482125,True,2025-06-24,False
2025-06-26,25271.7,25348.7,25363.35,0.0030468864381897535,0.0030468864381897535,2025-07-03,25350.0,201.35,178.15,0.13649896059470323,0.12958699272866497,0.1330429766616841,0.026091874390169106,0.11677529918424562,0.08407987067980936,0.06359665447188703,0.5141061078753648,True,2025-06-25,False
2025-06-27,25553.45,25538.6,25531.3,-0.0005811348369790452,0.0005811348369790452,2025-07-03,25550.0,171.6,168.7,0.13559984727046043,0.11938349175647917,0.1274916695134698,0.025003173487296342,0.023242443095245858,0.08310018434753977,0.06260868071827515,-0.9560613730488934,True,2025-06-26,False
2025-06-30,25660.95,25632.6,25609.85,-0.0011047915217481108,0.0011047915217481108,2025-07-03,25600.0,151.05,121.95,0.15154523883357152,0.13156537000897667,0.1415553044212741,0.027761279211409372,0.03979613163121323,0.08225518675796711,0.06307477513401441,-0.6731542845224816,True,2025-06-27,False
2025-07-01,25558.2,25573.55,25584.35,0.0006005900259016106,0.0006005900259016106,2025-07-03,25600.0,104.5,124.6,0.13990855158416388,0.1454682597733552,0.14268840567875954,0.027983498650747632,0.02146229223862845,0.07993165870623647,0.06200139973383671,-0.9430330076193245,True,2025-06-30,False
2025-07-02,25595.5,25568.9,25566.25,-0.0010392451798167078,0.0010392451798167078,2025-07-03,25550.0,92.25,66.55,0.14056720950165608,0.12467625304236965,0.13262173127201288,0.026009261372402007,0.03995673560032095,0.07953398430430995,0.06230292897400579,-0.6352389744068299,True,2025-07-01,False
2025-07-03,25496.3,25435.45,25442.6,-0.0023866208038028475,0.0023866208038028475,2025-07-10,25450.0,170.15,158.95,0.12149547277058462,0.1084925769578626,0.11499402486422361,0.022552183720355775,0.10582659459485802,0.07785818449509928,0.06198661306581776,0.4512008112148621,True,2025-07-02,False
2025-07-04,25438.65,25424.9,25415.35,-0.0005405161044316424,0.0005405161044316424,2025-07-10,25400.0,164.65,132.8,0.11825934415464986,0.10580855190350141,0.11203394802907564,0.021971664891734487,0.02460059841141028,0.07616283347805498,0.059729402790112913,-0.863263864328807,True,2025-07-03,False
2025-07-07,25451.95,25439.9,25449.45,-0.0004734411312296021,0.0004734411312296021,2025-07-10,25450.0,119.0,119.0,0.12449811612173498,0.12392402282291987,0.12421106947232742,0.02435979488629333,0.019435349658711455,0.07431119742427322,0.05957432558716595,-0.9211325050632824,True,2025-07-04,False
2025-07-08,25441.05,25474.4,25493.55,0.0013108735685045305,0.0013108735685045305,2025-07-10,25500.0,104.9,101.25,0.13535209859135533,0.12270116586881746,0.1290266322300864,0.025304204442860398,0.05180457545956931,0.07372017235060573,0.05994494637850141,-0.365595404033862,True,2025-07-07,False
2025-07-09,25503.5,25483.2,25477.65,-0.0007959691807006596,0.0007959691807006596,2025-07-10,25500.0,66.85,73.95,0.13025838575560855,0.10441864836541465,0.1173385170605116,0.023011976468753408,0.03458934445641637,0.07349914942702804,0.06000181719744299,-0.6484771093277792,True,2025-07-08,False
2025-07-10,25505.95,25450.9,25449.25,-0.002158319921430069,0.002158319921430069,2025-07-17,25450.0,161.0,136.9,0.11277843304002913,0.0954114267136914,0.10409492987686027,0.02041469533493012,0.10572383697233644,0.07350610553495471,0.059997204674767636,0.5369872081879039,True,2025-07-09,False
2025-07-11,25273.1,25310.4,25301.55,0.0014758775140367786,0.0014758775140367786,2025-07-17,25300.0,139.05,117.05,0.10469001304050257,0.08920649310011905,0.09694825307031081,0.019013116700547943,0.0776241758403684,0.07432942946575802,0.0600962940667923,0.05482445175319021,True,2025-07-10,False
2025-07-14,25149.05,25073.2,25073.2,-0.003016018497716556,0.003016018497716556,2025-07-17,25050.0,133.25,96.55,0.12856976446066315,0.11421321633897472,0.12139149039981893,0.02380682993587646,0.12668711062498375,0.07529875634508633,0.059663837269769766,0.861298177110956,True,2025-07-11,False
2025-07-15,25093.0,25147.4,25139.5,0.002167935280755647,0.002167935280755647,2025-07-17,25150.0,93.3,84.4,0.1250153585674949,0.10035534050339431,0.11268534953544461,0.02209941523758676,0.09809921472801758,0.0755294800402023,0.05983799911905378,0.37718063805760793,True,2025-07-14,False
2025-07-16,25213.35,25146.7,25144.2,-0.002643440875567817,0.002643440875567817,2025-07-17,25150.0,68.2,66.25,0.12104136664048462,0.10783279009128896,0.11443707836588679,0.02244295752562321,0.11778487182670958,0.07646808357450194,0.05974129136862252,0.6915951648462046,True,2025-07-15,False
2025-07-17,25233.6,25209.8,25198.55,-0.0009431868619617999,0.0009431868619617999,2025-07-24,25200.0,141.6,121.8,0.10045245368807168,0.08545381630569684,0.09295313499688426,0.01822960958456682,0.051739279307457114,0.07686902964112083,0.05993949136185285,-0.4192519783318846,True,2025-07-16,False
2025-07-18,25144.2,25070.2,25074.7,-0.002943024633911598,0.002943024633911598,2025-07-24,25050.0,156.95,100.6,0.11026435190780096,0.08600069781356706,0.09813252486068401,0.01924537150702911,0.15292116511425607,0.07704264182130818,0.05984980614174188,1.2678156903841145,True,2025-07-17,False
2025-07-21,25031.2,24901.55,24912.1,-0.005179535939148001,0.005179535939148001,2025-07-24,24900.0,121.8,94.75,0.12334887404312447,0.1073874356952309,0.11536815486917769,0.022625556650966598,0.22892413296389433,0.07895490776788067,0.060417502643199256,2.4822148985811245,True,2025-07-18,False
2025-07-22,25169.95,25124.0,25124.75,-0.0018255896416163213,0.0018255896416163213,2025-07-24,25100.0,98.9,67.4,0.10928176061144801,0.10063853188308408,0.10496014624726605,0.02058437822555239,0.08868811200476914,0.08175705411527931,0.06338690455946962,0.10934526520358968,True,2025-07-21,False
2025-07-23,25142.95,25113.75,25121.85,-0.0011613593472524395,0.0011613593472524395,2025-07-24,25100.0,78.45,46.35,0.1142153734170003,0.09655508942838123,0.10538523142269077,0.020667744287261224,0.05619187711589094,0.08227049493003799,0.06331496040957352,-0.4118871376598673,True,2025-07-22,False
2025-07-24,25241.0,25188.65,25188.3,-0.0020740065766015033,0.0020740065766015033,2025-07-31,25200.0,133.05,114.55,0.09800042546887439,0.07666522776755524,0.08733282661821481,0.017127376427057413,0.12109306906602683,0.08219266335011706,0.0633445870640777,0.6141078112413798,True,2025-07-23,False
2025-07-25,24994.85,24990.85,24981.45,-0.00016003296679115899,0.00016003296679115899,2025-07-31,25000.0,131.4,122.75,0.10768023405244431,0.08679483170223981,0.09723753287734206,0.01906984913827643,0.008391936697073582,0.08419976759799493,0.06262137168963758,-1.2105744230043083,True,2025-07-24,False
2025-07-28,24790.5,24785.3,24802.9,-0.0002097577701135809,0.0002097577701135809,2025-07-31,24800.0,126.85,98.6,0.13430728588913854,0.10715378556640323,0.12073053572777089,0.02367720606009287,0.00885905919732314,0.08043091825337713,0.06017802201751259,-1.1893355191240023,True,2025-07-25,False
2025-07-29,24619.6,24710.4,24703.25,0.0036881184097224537,0.0036881184097224537,2025-07-31,24700.0,116.9,87.1,0.14898059940933978,0.11466230827897281,0.13182145384415628,0.025852314056212442,0.14266105547469088,0.0798493997511742,0.06070476338268133,1.034707199623752,True,2025-07-28,False
2025-07-30,24862.75,24833.2,24851.95,-0.0011885250022623914,0.0011885250022623914,2025-07-31,24850.0,72.8,69.65,0.12379099003430644,0.12172252642363732,0.12275675822897188,0.024074580985958435,0.049368460574894406,0.0801052822657324,0.06094010346657634,-0.5043775763803245,True,2025-07-29,False
2025-07-31,24654.6,24709.4,24703.05,0.002222708946809233,0.002222708946809233,2025-08-07,24700.0,176.45,150.05,0.12594782573225355,0.10913434883212647,0.11754108728219001,0.02305170375772306,0.09642276207304434,0.07654649012769253,0.056129463866577085,0.35411476568881606,True,2025-07-30,False
2025-08-01,24759.2,24686.9,24680.2,-0.002920126659988985,0.002920126659988985,2025-08-07,24700.0,149.35,158.1,0.12340210316248282,0.11481741318764302,0.11910975817506292,0.02335934543053706,0.12500892495778498,0.07727414285252283,0.056098907459370545,0.850903952805746,True,2025-07-31,False
2025-08-04,24600.4,24660.5,24664.7,0.002443049706508778,0.002443049706508778,2025-08-07,24650.0,150.8,119.4,0.15441495912155706,0.13640608670512488,0.14541052291334097,0.028517349762186787,0.08566889023285726,0.07727406334083127,0.05609883865229457,0.14964350588535083,True,2025-08-01,False
2025-08-05,24718.7,24673.0,24675.6,-0.0018488027282988477,0.0018488027282988477,2025-08-07,24700.0,95.45,116.75,0.13864162955826126,0.13461562362113483,0.13662862658969804,0.02679507819600971,0.06899784784260003,0.07430006239726973,0.05047406125540497,-0.10504830447147574,True,2025-08-04,False
2025-08-06,24652.0,24651.3,24650.7,-2.8395262047733554e-05,2.8395262047733554e-05,2025-08-07,24650.0,95.0,83.8,0.164466963472732,0.14622152995716242,0.1553442467149472,0.03046551328168799,0.0009320460740374656,0.0739462257255596,0.050434908788042264,-1.4476913194861027,True,2025-08-05,False
2025-08-07,24466.55,24525.85,24526.2,0.0024237172793057983,0.0024237172793057983,2025-08-14,24550.0,147.7,145.0,0.11547654793148421,0.09622746753864855,0.10585200773506638,0.02075928665361838,0.11675339908095253,0.07276499964948449,0.05130828920668558,0.857335142364019,True,2025-08-06,False
2025-08-08,24555.8,24515.5,24515.2,-0.0016411601332475126,0.0016411601332475126,2025-08-14,24500.0,155.35,117.0,0.11538810024494922,0.09727504446005561,0.10633157235250242,0.02085333701293896,0.07870012038021613,0.07276051089105338,0.05130436327905291,0.11577201449428838,True,2025-08-07,False
2025-08-11,24370.8,24401.45,24388.6,0.0012576526006533005,0.0012576526006533005,2025-08-14,24400.0,132.0,116.65,0.1498672874186962,0.12071763426093385,0.13529246083981503,0.026533034533238638,0.047399501141786315,0.07341744579076231,0.05112046821086314,-0.5089535671241595,True,2025-08-08,False
2025-08-12,24550.95,24619.25,24614.4,0.0027819697404784446,0.0027819697404784446,2025-08-14,24600.0,105.65,82.2,0.1275144466378927,0.11575048061729101,0.12163246362759185,0.02385408867397906,0.11662444030038013,0.07403699372214632,0.05056388092567172,0.8422503533863793,True,2025-08-11,False
2025-08-13,24582.45,24546.85,24556.75,-0.001448187629792888,0.001448187629792888,2025-08-14,24550.0,92.4,63.0,0.1552332815953868,0.11569583412195253,0.13546455785866968,0.026566785535445215,0.0545112101673244,0.07467799656599276,0.05086000398605385,-0.39651562756853553,True,2025-08-12,False
2025-08-14,24618.4,24634.55,24636.3,0.0006560133883598372,0.0006560133883598372,2025-08-21,24650.0,156.9,129.15,0.11811781042887107,0.08817919987919628,0.10314850515403368,0.020229086176090143,0.03242921517311124,0.07538941534805034,0.05026095117815052,-0.8547430792279712,True,2025-08-13,False
2025-08-18,24923.15,24963.75,24979.0,0.0016290075692678711,0.0016290075692678711,2025-08-21,25000.0,135.05,126.2,0.15446574193946727,0.12266774842111378,0.13856674518029052,0.02717517452343617,0.0599446957686692,0.0730616558444484,0.048922659810393614,-0.2681162497422618,True,2025-08-14,False
2025-08-19,24907.65,24919.75,24910.7,0.00048579452497520014,0.00048579452497520014,2025-08-21,24900.0,105.35,79.7,0.12807316283797476,0.1088880390627878,0.11848060095038128,0.023235957547238232,0.020907015516257062,0.07246770929848102,0.048860909015616884,-1.05525449323393,True,2025-08-18,False
2025-08-20,24974.5,24938.05,24939.3,-0.0014594886784520503,0.0014594886784520503,2025-08-21,24950.0,63.85,73.0,0.11859941022957321,0.11593263305606008,0.11726602164281665,0.022997758947619844,0.06346221306937823,0.0707843634689395,0.048868568834531376,-0.14983353460491183,True,2025-08-19,False
2025-08-21,25138.3,25065.3,25071.05,-0.0029039354292056344,0.0029039354292056344,2025-08-28,25050.0,165.9,108.95,0.110110098926814,0.0845824907432369,0.09734629483502545,0.019091179113067357,0.15210875200568283,0.06980694337730799,0.048408978204233725,1.700135216264014,True,2025-08-20,False
2025-08-22,25070.65,24986.8,24980.75,-0.003344548306485958,0.003344548306485958,2025-08-28,25000.0,118.4,119.35,0.09795759901096232,0.08390042737919176,0.09092901319507704,0.01783264663974745,0.18755198676068893,0.07153005086735766,0.04947404742318676,2.3451070194624073,True,2025-08-21,False
2025-08-25,24949.15,24947.3,24947.5,-7.415082277360883e-05,7.415082277360883e-05,2025-08-28,24950.0,99.5,84.45,0.10726833085960147,0.08858073486364401,0.09792453286162274,0.019204580920033548,0.0038611008010207234,0.07371929557694658,0.051642780465979886,-1.3527194729947882,True,2025-08-22,False
2025-08-26,24894.25,24799.45,24787.85,-0.0038081082981009378,0.0038081082981009378,2025-08-28,24800.0,79.35,79.4,0.10982103489324613,0.09421091318076866,0.10201597403700739,0.020006978550495217,0.19033900038877577,0.07341794426792583,0.052001544718951694,2.2484150567596246,True,2025-08-25,False
2025-08-28,24699.35,24529.05,24522.1,-0.006894918287323321,0.006894918287323321,2025-09-02,24500.0,171.0,93.95,0.13618296722876067,0.08921706575902724,0.11270001649389395,0.02210229166479208,0.3119549045815283,0.07461460606466216,0.053850728377338807,4.407373970019363,True,2025-08-26,False
2025-08-29,24502.7,24531.8,24518.05,0.0011876242210041564,0.0011876242210041564,2025-09-02,24500.0,138.8,84.0,0.12281181664423671,0.08790443950137924,0.10535812807280798,0.02066242888303291,0.05747747410176844,0.07832791227820456,0.06194390395228966,-0.3366019389494002,True,2025-08-28,False
2025-09-01,24476.5,24530.25,24531.7,0.0021959839029272975,0.0021959839029272975,2025-09-02,24550.0,72.85,59.65,0.14255303105328465,0.08721291523522895,0.1148829731442568,0.022530404686235433,0.09746757475106058,0.07918737914155476,0.061276225772696244,0.2983244378874783,True,2025-08-29,False
2025-09-02,24683.25,24653.55,24660.9,-0.0012032451156148696,0.0012032451156148696,2025-09-09,24650.0,159.35,105.4,0.11097471291995112,0.07990205045294899,0.09543838168645005,0.018717006560189427,0.06428619404206118,0.07981481630509847,0.06126730492020731,-0.2534569177355084,True,2025-09-01,False
2025-09-03,24623.75,24597.45,24580.7,-0.0010680745215492877,0.0010680745215492877,2025-09-09,24600.0,128.4,118.9,0.1073729196074798,0.08489325691276398,0.09613308826012189,0.018853249728473038,0.05665201155937763,0.0801203045317297,0.06114118930366105,-0.38383769173667065,True,2025-09-02,False
2025-09-04,24970.3,24897.2,24905.15,-0.002927477843678232,0.002927477843678232,2025-09-09,24900.0,119.1,89.95,0.0977837162494764,0.07763651212101716,0.08771011418524678,0.01720136860653941,0.17018865827718488,0.08037901776116334,0.061006098155366825,1.4721420191027381,True,2025-09-03,False
2025-09-05,24813.75,24783.2,24791.4,-0.0012311722331368403,0.0012311722331368403,2025-09-09,24800.0,93.0,78.35,0.0910982236341443,0.06929865307673974,0.08019843835544202,0.01572820777438719,0.07827797361259171,0.08094762368138528,0.061689150689765423,-0.043275844114295345,True,2025-09-04,False
2025-09-08,24802.5,24788.05,24802.45,-0.000582602560225813,0.000582602560225813,2025-09-09,24800.0,79.35,56.1,0.13491660204039374,0.0989896431929175,0.11695312261665562,0.022936394399920644,0.02540079099040208,0.08188847619945201,0.06120073572610091,-0.9229902964215355,True,2025-09-05,False
2025-09-09,24861.9,24850.25,24860.1,-0.000468588482778929,0.000468588482778929,2025-09-16,24850.0,163.65,108.5,0.11345413302264168,0.08120234642265078,0.09732823972264623,0.01908763821420806,0.024549317077381047,0.08185926629869934,0.06122771477450857,-0.936013199780218,True,2025-09-08,False
2025-09-10,24988.95,24990.65,24983.4,6.803006929065557e-05,6.803006929065557e-05,2025-09-16,25000.0,120.95,113.0,0.09893799102971923,0.08008997592291864,0.08951398347631893,0.01755513648019894,0.003875223036140397,0.07918996070165389,0.06014957041494149,-1.2521242819517278,True,2025-09-09,False
2025-09-11,24945.5,24985.45,24980.15,0.00160149125092705,0.00160149125092705,2025-09-16,25000.0,113.25,90.25,0.10280505838905835,0.06685235802496575,0.08482870820701205,0.016636278402323956,0.09626499462183408,0.07811795292002448,0.060917109856643545,0.29789728607471855,True,2025-09-10,False
2025-09-12,25078.55,25059.1,25052.8,-0.0007755631804869391,0.0007755631804869391,2025-09-16,25050.0,98.95,67.8,0.09045038551428991,0.06415939651707525,0.07730489101568258,0.015160736453274195,0.05115603604595635,0.07794789550806763,0.060850830669206685,-0.44028748938129436,True,2025-09-11,False
2025-09-15,25125.05,25113.25,25105.8,-0.0004696508066650324,0.0004696508066650324,2025-09-16,25100.0,71.2,51.25,0.11647416234280089,0.09231228054732685,0.10439322144506387,0.020473195124430518,0.02293979048265903,0.0766062087742267,0.060533181072804865,-0.8865620035236815,True,2025-09-12,False
2025-09-16,25079.5,25112.2,25113.6,0.0013038537450906409,0.0013038537450906409,2025-09-23,25100.0,157.7,101.35,0.10682880982554416,0.07651687209700225,0.0916728409612732,0.01797852326646231,0.07252284994523937,0.07663988650836642,0.06050222854812846,-0.06804768455515683,True,2025-09-15,False
2025-09-17,25282.9,25303.2,25304.25,0.0008029142226563911,0.0008029142226563911,2025-09-23,25300.0,136.95,87.1,0.10206543107012411,0.06753810975835889,0.0848017704142415,0.016630995466516644,0.04827818180053663,0.0769020898990757,0.0604488146723565,-0.47352306664218013,True,2025-09-16,False
2025-09-18,25440.7,25425.1,25425.45,-0.0006131906747849777,0.0006131906747849777,2025-09-23,25450.0,97.6,78.05,0.08991764092600579,0.05343832399490436,0.07167798246045508,0.014057208894646993,0.04362108291771076,0.07711331402871885,0.06032407846222668,-0.555205018705425,True,2025-09-17,False
2025-09-19,25424.65,25365.0,25361.4,-0.002346148324559097,0.002346148324559097,2025-09-23,25350.0,88.7,62.35,0.07592631663895416,0.062204592064582814,0.06906545435176849,0.01354484997903151,0.17321331193709189,0.07745141987077955,0.06007388203537773,1.5940686504980284,True,2025-09-18,False
2025-09-22,25255.45,25288.0,25286.15,0.0012888307276250977,0.0012888307276250977,2025-09-23,25300.0,60.55,55.85,0.11388349711561255,0.08232231686254993,0.09810290698908124,0.019239562964519355,0.066988565696731,0.08019993688924006,0.06062651487425948,-0.21791407967140583,True,2025-09-19,False
2025-09-23,25229.9,25186.8,25172.95,-0.0017082905600102332,0.0017082905600102332,2025-09-30,25150.0,177.15,96.75,0.11693073102322096,0.07622534405965703,0.096578037541439,0.018940511461857462,0.09019241974803062,0.07937015799778148,0.060457907371874356,0.1790049014379841,True,2025-09-22,False
2025-09-24,25142.55,25072.6,25057.55,-0.0027821362590509206,0.0027821362590509206,2025-09-30,25050.0,150.05,91.8,0.11181628803450788,0.07303875132764404,0.09242751968107596,0.01812652794026106,0.1534842341688329,0.08048599094199456,0.060020681639399304,1.2162181640223189,True,2025-09-23,False
2025-09-25,25041.55,25058.7,25055.6,0.0006848617597553448,0.0006848617597553448,2025-09-30,25050.0,125.7,77.75,0.1025140268594861,0.06717381889184898,0.08484392287566754,0.01663926224433808,0.041159382531421186,0.0823807926509549,0.060506914256186685,-0.6812677629700629,True,2025-09-24,False
2025-09-26,24820.35,24791.8,24776.65,-0.0011502658101114316,0.0011502658101114316,2025-09-30,24800.0,108.35,75.0,0.11213878398016941,0.05869519416797346,0.08541698907407144,0.016751649772347384,0.06866582251559612,0.0827090774891681,0.06022356490176969,-0.23318538177668244,True,2025-09-25,False
2025-09-29,24720.8,24712.1,24709.7,-0.00035193035824086305,0.00035193035824086305,2025-09-30,24700.0,105.85,46.75,0.17498601250016538,0.08921203497240116,0.13209902373628327,0.025906749990687112,0.013584504361503238,0.08318756227108937,0.059991736974983764,-1.160210746000074,True,2025-09-26,False
2025-09-30,24703.15,24670.25,24655.65,-0.001331813958948614,0.001331813958948614,2025-10-07,24650.0,188.95,119.2,0.1342703167118185,0.08801935138175371,0.1111448340467861,0.02179729529383054,0.06109996405497005,0.08165019410053344,0.060580769959401384,-0.33922035093537545,True,2025-09-29,False
2025-10-01,24632.4,24655.3,24659.95,0.0009296698657052426,0.0009296698657052426,2025-10-07,24650.0,140.0,99.95,0.10486283944543079,0.08146325283172237,0.09316304613857658,0.01827077654639796,0.050882887399141485,0.08225851686125944,0.06018012564487179,-0.5213619799876841,True,2025-09-30,False
2025-10-03,24783.0,24779.5,24762.0,-0.00014122584029374976,0.00014122584029374976,2025-10-07,24750.0,109.95,67.9,0.0974376308104235,0.06919792176728815,0.08331777628885582,0.016339960274078236,0.008642973295216077,0.08278264249026661,0.05975917788693338,-1.2406407152274683,True,2025-10-01,False
2025-10-06,24923.9,24901.85,24888.1,-0.0008846930055088854,0.0008846930055088854,2025-10-07,24900.0,57.65,65.05,0.1091262504162111,0.10136001943578798,0.10524313492599954,0.020639876871513464,0.04286328891476635,0.08206328245419406,0.060394803113124305,-0.6490623616406692,True,2025-10-03,False
2025-10-07,25087.55,25119.05,25111.65,0.001255602878718727,0.001255602878718727,2025-10-14,25100.0,152.95,102.45,0.10417569553971454,0.07663419210934744,0.09040494382453099,0.017729868180251657,0.07081851178776813,0.0822011815284999,0.060293930615720054,-0.18878632765341782,True,2025-10-06,False
2025-10-08,25091.2,25176.6,25167.6,0.003403583726565402,0.003403583726565402,2025-10-14,25150.0,141.8,79.8,0.10112416258734475,0.06724687223343542,0.08418551741039008,0.016510138309134007,0.20615113349367983,0.08161942610875708,0.060231484188538506,2.067551697632249,True,2025-10-07,False
2025-10-09,25074.3,25108.1,25115.5,0.0013479937625377088,0.0013479937625377088,2025-10-14,25100.0,120.8,80.6,0.09396601781639397,0.0733651287242621,0.08366557327032803,0.016408168873897292,0.08215382063029263,0.0837615420696456,0.06233574131033062,-0.025791326220845578,True,2025-10-08,False
2025-10-13,25182.8,25196.45,25178.95,0.0005420366281748438,0.0005420366281748438,2025-10-14,25200.0,76.7,82.75,0.14763157995472131,0.1219799057533934,0.13480574285405736,0.0264375812829696,0.02050250446034599,0.08301932056973409,0.06208057377925512,-1.0070270344421133,True,2025-10-09,False
2025-10-14,25260.0,25292.2,25288.3,0.0012747426761678831,0.0012747426761678831,2025-10-28,25300.0,,,,,,,,0.08172604206527288,0.06256744912846696,,False,2025-10-13,False
2025-10-15,25181.55,25252.65,25262.25,0.0028234957736915393,0.0028234957736915393,2025-10-28,25250.0,,,,,,,,,,,False,2025-10-14,False
2025-10-16,25401.0,25424.2,25422.4,0.0009133498681154572,0.0009133498681154572,2025-10-28,25400.0,,,,,,,,,,,False,2025-10-15,False
2025-10-17,25541.3,25604.4,25604.0,0.0024705085488993194,0.0024705085488993194,2025-10-28,25600.0,,,,,,,,,,,False,2025-10-16,False
2025-10-20,25816.35,25878.65,25868.9,0.0024131993872101563,0.0024131993872101563,2025-10-28,25850.0,192.5,124.05,0.1179225054935176,0.08593701250844654,0.10192975900098207,0.01999007039083913,0.12071990443395615,,,,False,2025-10-17,False
2025-10-21,,,,,,2025-10-28,,,,,,,,,,,,False,2025-10-20,False
2025-10-23,26058.5,26053.1,26066.75,-0.00020722604908192933,0.00020722604908192933,2025-10-28,26050.0,183.75,86.65,0.1405615899819188,0.07602762323414297,0.10829460660803089,0.021238319704277066,0.009757177213986341,,,,False,2025-10-21,False
2025-10-24,25939.3,25886.4,25879.45,-0.0020393765444710467,0.0020393765444710467,2025-10-28,25900.0,135.8,89.3,0.13086049680047707,0.07052223075373482,0.10069136377710594,0.01974720110575896,0.10327420749648894,,,,False,2025-10-23,False
2025-10-27,25851.95,25889.05,25889.15,0.0014350948381069337,0.0014350948381069337,2025-10-28,25900.0,109.45,55.9,0.18988547214867685,0.08318490746740376,0.1365351898080403,0.026776753735511243,0.05359480287573903,,,,False,2025-10-24,False
2025-10-28,25937.1,25988.85,25988.9,0.0019952114924181963,0.0019952114924181963,2025-11-04,26000.0,226.65,147.9,0.15884700331825158,0.09735031038886008,0.12809865685355581,0.02512221349851182,0.07942021082403379,,,,False,2025-10-27,False
2025-10-29,25979.9,26010.0,26016.55,0.0011585879853270621,0.0011585879853270621,2025-11-04,26000.0,205.1,115.45,0.1448862113959744,0.0909966270536304,0.1179414192248024,0.023130215311080567,0.050089805466360646,,,,False,2025-10-28,False
2025-10-30,26006.4,25978.7,25964.4,-0.001065122431401529,0.001065122431401529,2025-11-04,25950.0,162.95,104.0,0.12532431374552394,0.08941804459127167,0.1073711791683978,0.021057220683735677,0.05058228943880593,,,,False,2025-10-29,False
2025-10-31,25869.4,25914.9,25917.7,0.0017588347623060448,0.0017588347623060448,2025-11-04,25900.0,152.2,84.35,0.12837108146864185,0.08332203521283765,0.10584655834073975,0.0207582179394642,0.08472956433135141,,,,False,2025-10-30,False
2025-11-03,25694.1,25678.6,25657.85,-0.0006032513300718843,0.0006032513300718843,2025-11-04,25650.0,118.55,68.0,0.1913141044535876,0.11997647816901907,0.15564529131130334,0.030524552984429586,0.01976282274730115,,,,False,2025-10-31,False
2025-11-04,25759.95,25730.55,25708.1,-0.0011413065630950935,0.0011413065630950935,2025-11-11,25700.0,189.4,138.85,0.12823255464796157,0.09885314081245214,0.11354284773020686,0.0222675844694315,0.0512541701441329,,,,False,2025-11-03,False
2025-11-06,25604.05,25626.6,25620.55,0.0008807200423370237,0.0008807200423370237,2025-11-11,25600.0,163.6,97.5,0.12495036161139564,0.08770031575067522,0.10632533868103543,0.020852114489383133,0.04223648603049072,,,,False,2025-11-04,False
2025-11-07,25433.55,25348.85,25337.45,-0.003330246858971741,0.003330246858971741,2025-11-11,25350.0,111.35,94.95,0.1077158572948135,0.08114846838022,0.09443216283751675,0.018519670808433437,0.1798221411935261,,,,False,2025-11-06,False
2025-11-10,25515.8,25539.25,25551.55,0.0009190383997366623,0.0009190383997366623,2025-11-11,25550.0,92.0,66.35,0.15292645676256533,0.11252368263162713,0.13272506969709624,0.026029527704940623,0.03530753266653475,,,,False,2025-11-07,False
2025-11-11,25616.15,25526.6,25517.25,-0.0034958414906222403,0.0034958414906222403,2025-11-18,25500.0,214.3,132.85,0.14332631519925143,0.09852555972620006,0.12092593746272574,0.023715527493151516,0.14740728375667617,,,,False,2025-11-10,False
2025-11-12,25822.6,25794.0,25790.25,-0.0011075569462408335,0.0011075569462408335,2025-11-18,25800.0,183.4,115.65,0.13978633808617785,0.08221188893590042,0.11099911351103914,0.021768717145549583,0.05087837463436671,,,,False,2025-11-11,False
2025-11-13,25902.45,25875.55,25874.35,-0.0010385118010072967,0.0010385118010072967,2025-11-18,25850.0,165.5,98.35,0.12366154098464913,0.08897502633423734,0.10631828365944324,0.020850730885815155,0.04980697351543686,,,,False,2025-11-12,False
2025-11-14,25776.85,25823.2,25827.6,0.0017981250618288188,0.0017981250618288188,2025-11-18,25850.0,143.55,112.6,0.13889243055232664,0.09080587571691948,0.11484915313462306,0.022523772036655728,0.07983232377341179,,,,False,2025-11-13,False
2025-11-17,25940.6,25964.55,25977.35,0.0009232631473443455,0.0009232631473443455,2025-11-18,26000.0,85.1,80.7,0.15822324027787843,0.11336391046450572,0.13579357537119208,0.026631311178393884,0.03466833236860652,,,,False,2025-11-14,False
2025-11-18,26023.6,25963.0,25951.75,-0.0023286555280590906,0.0023286555280590906,2025-11-25,25950.0,186.9,151.15,0.12749391420192868,0.104190876590499,0.11584239539621384,0.022718562870254824,0.10250012473755436,,,,False,2025-11-17,False
2025-11-19,25929.85,25904.5,25901.4,-0.0009776377418303055,0.0009776377418303055,2025-11-25,25900.0,167.85,130.35,0.12362136877888705,0.09692166094098273,0.11027151485993489,0.02162602331016326,0.045206542497846086,,,,False,2025-11-18,False
2025-11-20,26128.7,26104.95,26107.6,-0.0009089621756918638,0.0009089621756918638,2025-11-25,26100.0,144.3,116.6,0.11246864083396771,0.09637050298680674,0.10441957191038723,0.020478362875848827,0.044386466887147945,,,,False,2025-11-19,False
2025-11-21,26121.2,26158.2,26150.35,0.0014164739751619374,0.0014164739751619374,2025-11-25,26150.0,119.6,109.0,0.10608760042619841,0.09698222173180332,0.10153491107900087,0.019912634342412833,0.0711344340886592,,,,False,2025-11-20,False
2025-11-24,26128.3,26113.7,26115.05,-0.0005587810917663432,0.0005587810917663432,2025-11-25,26100.0,103.55,60.75,0.1572354083430878,0.11158097304568643,0.13440819069438711,0.026359614889899234,0.0211983784323216,,,,False,2025-11-21,False
2025-11-25,25997.6,25955.2,25955.85,-0.0016309197772101203,0.0016309197772101203,2025-12-02,25950.0,190.35,141.65,0.12843424266827008,0.09906521514359251,0.1137497289059313,0.02230815720604742,0.07310867330484838,,,,False,2025-11-24,False
2025-11-26,25894.6,25979.9,25991.5,0.0032941230990246196,0.0032941230990246196,2025-12-02,26000.0,155.55,113.45,0.11772732281545034,0.08042834321473658,0.09907783301509346,0.0194307616887865,0.1695313416831034,,,,False,2025-11-25,False
2025-11-27,26252.6,26285.15,26272.35,0.0012398771931162213,0.0012398771931162213,2025-12-02,26250.0,153.05,97.05,0.11269167525669255,0.08584034712419228,0.09926601119044241,0.019467666465253292,0.06368905052535219,,,,False,2025-11-26,False
2025-11-28,26246.9,26229.65,26224.7,-0.0006572204717509496,0.0006572204717509496,2025-12-02,26200.0,132.35,78.9,0.10598605937938269,0.08039297055427572,0.0931895149668292,0.0182759675106965,0.03596091267760756,,,,False,2025-11-27,False
2025-12-01,26319.9,26284.05,26294.4,-0.0013620872419728867,0.0013620872419728867,2025-12-02,26300.0,84.0,70.2,0.1413347325150685,0.1097220066731345,0.12552836959410152,0.024618138694992728,0.05532860379285832,,,,False,2025-11-28,False
2025-12-02,26096.05,26130.2,26122.1,0.001308627167713177,0.001308627167713177,2025-12-09,26100.0,193.3,116.6,0.12399584536151115,0.0867415878409745,0.10536871660124282,0.020664505464306353,0.06332729181317981,,,,False,2025-12-01,False
2025-12-03,26032.75,25963.05,25966.4,-0.0026773967406440243,0.0026773967406440243,2025-12-09,25950.0,168.0,108.5,0.11782527474304968,0.08598268095382053,0.1019039778484351,0.019985014290842214,0.13397021896906497,,,,False,2025-12-02,False
2025-12-04,25978.55,25995.85,25997.05,0.0006659340109436159,0.0006659340109436159,2025-12-09,26000.0,129.85,105.0,0.10557008616762559,0.08321986031295658,0.09439497324029109,0.018512377328358195,0.035972365900488884,,,,False,2025-12-03,False
2025-12-05,26001.15,26037.45,26030.45,0.0013960920959264983,0.0013960920959264983,2025-12-09,26050.0,106.15,97.6,0.10317884170098934,0.07803600987327236,0.09060742578713085,0.017769578160191937,0.07856641746589546,,,,False,2025-12-04,False
2025-12-08,26158.85,26140.6,26139.7,-0.0006976606387513213,0.0006976606387513213,2025-12-09,26150.0,77.9,66.0,0.13589501986485591,0.09946337056103391,0.11767919521294491,0.023078788951334646,0.030229516818341354,,,,False,2025-12-05,False
2025-12-09,25875.2,25800.1,25776.35,-0.002902393024981534,0.002902393024981534,2025-12-16,25800.0,175.0,134.75,0.12868649329263498,0.08452890924968598,0.10660770127116048,0.020907490349266065,0.13882072771509946,,,,False,2025-12-08,False
2025-12-10,25863.9,25887.4,25898.7,0.000908602337621163,0.000908602337621163,2025-12-16,25900.0,143.8,117.9,0.10683800676692423,0.08671983167360933,0.09677891922026678,0.01897990760032924,0.047871799839815966,,,,False,2025-12-09,False
2025-12-11,25777.45,25798.25,25783.05,0.0008069068119615894,0.0008069068119615894,2025-12-16,25800.0,131.0,109.75,0.11289330357579042,0.0818865813668829,0.09738994247133666,0.01909973911880863,0.04224700698487452,,,,False,2025-12-10,False
2025-12-12,25982.75,26009.3,26019.2,0.001021831792246751,0.001021831792246751,2025-12-16,26000.0,123.0,73.45,0.10104846196777581,0.07385694555716746,0.08745270376247163,0.017150886269280463,0.05957894981071554,,,,False,2025-12-11,False
2025-12-15,25957.25,25918.6,25915.0,-0.0014889866992844564,0.0014889866992844564,2025-12-16,25900.0,93.75,64.8,0.14225500601817676,0.11912437179407268,0.1306896889061247,0.025630356690680783,0.058094653822194094,,,,False,2025-12-12,False
2025-12-16,25966.75,25923.1,25916.3,-0.0016809958889734548,0.0016809958889734548,2025-12-23,25900.0,174.1,112.0,0.11383586832060821,0.08236067104563582,0.09809826968312202,0.01923865351399718,0.0873759635907179,,,,False,2025-12-15,False
2025-12-17,25891.05,25903.5,25898.2,0.0004808611469987014,0.0004808611469987014,2025-12-23,25900.0,143.45,107.65,0.10676444126975648,0.0789535522098016,0.09285899673977904,0.0182111475534147,0.026404769144190314,,,,False,2025-12-16,False
2025-12-18,25768.9,25780.05,25790.55,0.000432692121122664,0.000432692121122664,2025-12-23,25800.0,119.0,97.3,0.10020165463188163,0.07494647624873957,0.0875740654403106,0.017174687252492125,0.025193595362842977,,,,False,2025-12-17,False
2025-12-19,25907.85,25950.3,25967.1,0.001638499528135323,0.001638499528135323,2025-12-23,25950.0,110.0,78.75,0.09057960140711926,0.07788352435720233,0.0842315628821608,0.016519168569098294,0.09918777214976754,,,,False,2025-12-18,False
2025-12-22,26055.85,26125.55,26126.35,0.0026750230754322246,0.0026750230754322246,2025-12-23,26150.0,56.0,77.05,0.11006251789785046,0.10575783410411271,0.10791017600098159,0.02116292665939373,0.12640137720483213,,,,False,2025-12-19,False
2025-12-23,26197.8,26149.65,26138.85,-0.0018379405904311744,0.0018379405904311744,2025-12-30,26150.0,147.0,110.2,0.1037506555501215,0.07111031090018452,0.08743048322515301,0.017146528463380842,0.10719024520656709,,,,False,2025-12-22,False
2025-12-24,26183.75,26217.1,26217.55,0.001273690743304475,0.001273690743304475,2025-12-30,26200.0,126.3,82.1,0.08574517486864586,0.06622185519697091,0.07598351503280838,0.014901593302448488,0.08547346028395461,,,,False,2025-12-23,False
2025-12-26,26120.75,26132.85,26125.9,0.00046323325325645494,0.00046323325325645494,2025-12-30,26150.0,64.5,84.8,0.06749234794836548,0.06408652395439945,0.06578943595138247,0.012902369911706228,0.03590295863678243,,,,False,2025-12-24,False
2025-12-29,26065.75,26052.95,26060.55,-0.0004910658622905258,0.0004910658622905258,2025-12-30,26050.0,67.0,42.6,0.1012359299752264,0.07839852489231483,0.08981722743377062,0.01761460751313837,0.027878331204612423,,,,False,2025-12-26,False
2025-12-30,25951.0,25884.55,25885.05,-0.0025605949674386624,0.0025605949674386624,2026-01-06,25900.0,140.2,104.3,0.10135590640493272,0.0663828746158365,0.08386939051038461,0.016448140723291718,0.15567686406115683,,,,False,2025-12-29,False
2025-12-31,25975.45,26016.3,26012.45,0.001572638780078826,0.001572638780078826,2026-01-06,26000.0,141.6,78.4,0.09964787210670717,0.06222561303834212,0.08093674257252464,0.015873001143997655,0.09907633508068614,,,,False,2025-12-30,False
2026-01-01,26175.05,26187.2,26187.9,0.0004641824943983471,0.0004641824943983471,2026-01-06,26200.0,88.7,88.1,0.07550432555386163,0.06535549121314299,0.07042990838350231,0.013812441430308861,0.03360611494647022,,,,False,2025-12-31,False
2026-01-02,26150.25,26208.1,26201.9,0.0022122159443981816,0.0022122159443981816,2026-01-06,26200.0,85.85,60.6,0.07526905048860916,0.05456581068968078,0.06491743058914497,0.012731355590244436,0.17376122508849884,,,,False,2026-01-01,False
2026-01-05,26341.9,26301.6,26295.7,-0.0015298820510290794,0.0015298820510290794,2026-01-06,26300.0,59.8,61.85,0.1008640650988647,0.09719784632358633,0.09903095571122551,0.01942156829312622,0.07877232301423068,,,,False,2026-01-02,False
2026-01-06,26183.9,26173.85,26178.5,-0.000383823647355929,0.000383823647355929,2026-01-13,26200.0,148.05,112.0,0.10768724126620319,0.06851334978313281,0.088100295524668,0.01727788946282974,0.022214729882469513,,,,False,2026-01-05,False
2026-01-07,26149.9,26120.35,26128.95,-0.0011300234417723552,0.0011300234417723552,2026-01-13,26150.0,109.05,102.15,0.08741132805109533,0.06686217303498107,0.0771367505430382,0.015127761393618872,0.07469865582683086,,,,False,2026-01-06,False
2026-01-08,26103.45,26064.5,26062.3,-0.0014921399278639692,0.0014921399278639692,2026-01-13,26050.0,109.05,74.6,0.08244590082015538,0.06465263846614769,0.07354926964315153,0.014424198504651044,0.10344699065135804,,,,False,2026-01-07,False
2026-01-09,25864.35,25840.9,25858.45,-0.000906653366506295,0.000906653366506295,2026-01-13,25850.0,123.35,68.15,0.10698963868702363,0.06495731526180218,0.0859734769744129,0.016860786028613517,0.053772900324318404,,,,False,2026-01-08,False
2026-01-12,25671.95,25532.45,25559.65,-0.005433946388957597,0.005433946388957597,2026-01-13,25550.0,110.2,63.8,0.176505351274874,0.11484360248109138,0.14567447687798268,0.028569115393586718,0.19020352272361316,,,,False,2026-01-09,False
2026-01-13,25886.05,25762.85,25766.85,-0.004759320174379665,0.004759320174379665,2026-01-20,25750.0,188.8,140.05,0.12445951749576306,0.10241403053621861,0.11343677401599084,0.022246781702559705,0.21393297412686257,,,,False,2026-01-12,False
2026-01-14,25647.05,25737.5,25744.95,0.0035267213968078483,0.0035267213968078483,2026-01-20,25750.0,140.1,128.8,0.10610052334287876,0.09393480576440869,0.10001766455364372,0.01961507781780795,0.17979645197257602,,,,False,2026-01-13,False
2026-01-16,25706.25,25725.55,25717.15,0.0007507901774859916,0.0007507901774859916,2026-01-20,25700.0,133.15,91.25,0.11239348814979852,0.08998739354867855,0.10119044084923853,0.019845078172281684,0.037832563367507746,,,,False,2026-01-14,False
2026-01-19,25631.6,25554.75,25544.4,-0.002998252157493038,0.002998252157493038,2026-01-20,25550.0,82.7,86.55,0.1433036048926311,0.14036844811013616,0.14183602650138363,0.027816333340808404,0.1077874686342791,,,,False,2026-01-16,False
2026-01-20,25580.05,25488.35,25490.35,-0.0035848248928364384,0.0035848248928364384,2026-01-27,25500.0,167.3,139.15,0.12004659326960651,0.0936679269676334,0.10685726011861996,0.020956432865919354,0.17106083443553516,0.0773122594788224,0.049344961717472054,1.8998611346276164,True,2026-01-19,False
2026-01-21,25145.75,25199.95,25231.8,0.0021554338208246214,0.0021554338208246214,2026-01-27,25250.0,176.85,131.7,0.1410140784700193,0.09287980187443565,0.11694694017222747,0.022935181922813686,0.09397936445756315,0.08000065376584821,0.04999187186528054,0.2796196695611869,True,2026-01-20,False
2026-01-22,25344.6,25386.65,25400.35,0.0016591305445737125,0.0016591305445737125,2026-01-27,25400.0,146.3,123.5,0.12023975836372819,0.10176638410052946,0.11100307123212882,0.021769493318513647,0.07621355813379091,0.07984573971519947,0.049932896335498606,-0.07274125572456219,True,2026-01-21,False
2026-01-23,25338.25,25344.6,25330.3,0.00025060925675603267,0.00025060925675603267,2026-01-27,25350.0,118.6,117.25,0.11753164702233651,0.09819109437694065,0.10786137069963858,0.021153355152320086,0.011847258033132678,0.08022271896950033,0.0498165972456951,-1.372543784938589,True,2026-01-22,False
2026-01-27,25079.0,24958.55,24944.4,-0.004802823079070167,0.004802823079070167,2026-02-03,24950.0,337.5,264.8,0.24261592432215456,0.1867856887106203,0.21470080651638743,0.042106292385044944,0.11406425992462839,0.07909650308965198,0.05059281891391304,0.6911604766375306,True,2026-01-23,False
2026-01-28,25248.6,25352.75,25348.75,0.0041249811870757765,0.0041249811870757765,2026-02-03,25350.0,257.85,221.05,0.19532537149252271,0.1665702497438164,0.18094781061816956,0.03548678528015147,0.11623992296036373,0.08016274399728976,0.05064524498642704,0.7123507640794842,True,2026-01-27,False
2026-01-29,25346.4,25272.6,25255.95,-0.0029116560931731097,0.0029116560931731097,2026-02-03,25250.0,218.0,183.65,0.17795692889444764,0.1544489870799075,0.16620295798717757,0.03259508176897924,0.08932808065369342,0.08125703788931574,0.05070456475741544,0.1591778334552672,True,2026-01-28,False
2026-01-30,25261.25,25242.0,25226.25,-0.0007620367163145134,0.0007620367163145134,2026-02-03,25250.0,198.9,201.85,0.1938083434856676,0.17464119122560295,0.18422476735563528,0.036129449370518284,0.021091844176743448,0.08133367982802144,0.050713377234184405,-1.1878884613243765,True,2026-01-29,False
2026-02-01,25329.8,25320.4,25306.3,-0.0003711043908754833,0.0003711043908754833,2026-02-03,25300.0,211.9,193.95,0.2633742188852616,0.2486730546418151,0.25602363676353834,0.05021036614608743,0.007390991529433431,0.0813558301851788,0.05068631180880529,-1.4592665359979125,True,2026-01-30,False
2026-02-02,24783.0,24851.35,24879.8,0.0027579389097364543,0.0027579389097364543,2026-02-03,24900.0,152.9,177.9,0.2801683479342699,0.2884388392015923,0.2843035935679311,0.05575652197643973,0.04946396963034815,0.08062477720826715,0.05143856813168258,-0.6057868387422337,True,2026-02-01,False
2026-02-03,26264.9,25786.25,25773.7,-0.018223941457991517,0.018223941457991517,2026-02-10,25750.0,289.95,235.45,0.19189045794567822,0.17061106887304128,0.18125076340935975,0.03554619921068902,0.5126832646712741,0.08074523526826476,0.05135554293446591,8.410738251841664,True,2026-02-02,False
2026-02-04,25659.9,25752.65,25764.7,0.0036145893008156693,0.0036145893008156693,2026-02-10,25750.0,190.55,167.35,0.13617699264226696,0.12985193980475723,0.1330144662235121,0.026086283033223714,0.13856283381622814,0.08629292065956057,0.07484602666902875,0.6983659050841351,True,2026-02-03,False
2026-02-05,25752.25,25690.65,25700.3,-0.0023920239979030393,0.0023920239979030393,2026-02-10,25700.0,152.35,140.3,0.12377688884006752,0.11422102106220153,0.11899895495113452,0.023337615130499374,0.1024965055138372,0.0880138423453888,0.07484092446661059,0.19351261721666296,True,2026-02-04,False
2026-02-06,25610.5,25574.35,25565.9,-0.0014115304269733686,0.0014115304269733686,2026-02-10,25550.0,137.7,103.1,0.11778944521955892,0.10076891195184762,0.10927917858570327,0.02143141015530353,0.06586269483644146,0.08726532937467481,0.074460457584254,-0.28743624780999627,True,2026-02-05,False
2026-02-09,25903.1,25822.9,25830.65,-0.003096154514324428,0.003096154514324428,2026-02-10,25850.0,78.85,89.2,0.14618103019523482,0.13119856150856996,0.1386897958519024,0.027199306745578845,0.11383211135804766,0.08751506804470939,0.07436141073704852,0.35390726255044713,True,2026-02-06,False
2026-02-10,25912.85,25917.6,25917.5,0.0001833067377768173,0.0001833067377768173,2026-02-17,25900.0,175.55,125.65,0.11440389457443939,0.09213746177994217,0.10327067817719078,0.02025304627720986,0.009050823035104938,0.08858215367541958,0.07427045299222748,-1.0708340589849064,True,2026-02-09,False
2026-02-11,26000.65,25980.6,25977.2,-0.0007711345677897633,0.0007711345677897633,2026-02-17,26000.0,130.3,115.5,0.10422922151459668,0.07643630780940824,0.09033276466200246,0.01771571268185905,0.04352828371276351,0.08740246199644779,0.07497062518026061,-0.5852182528582692,True,2026-02-10,False
2026-02-12,25892.3,25833.75,25829.8,-0.002261290036033851,0.002261290036033851,2026-02-17,25850.0,125.3,111.5,0.10932428853096243,0.08175762664522127,0.09554095758809185,0.018737123349577733,0.12068501625596717,0.08755012785218373,0.07487365974979927,0.4425439936355224,True,2026-02-11,False
2026-02-13,25578.6,25585.7,25566.1,0.00027757578600870193,0.00027757578600870193,2026-02-17,25550.0,130.3,84.85,0.11095966582367175,0.08423451750519154,0.09759709166443165,0.019140364417955413,0.014502116048966677,0.08785320937749061,0.0749719424866864,-0.9783805900660731,True,2026-02-12,False
2026-02-16,25427.45,25472.25,25496.25,0.0017618754534960946,0.0017618754534960946,2026-02-17,25500.0,83.95,86.25,0.1441525143162487,0.14171631930454281,0.14293441681039576,0.0280317454030851,0.06285286300089567,0.08734146893667596,0.07537169695977962,-0.32490453211963743,True,2026-02-13,False
2026-02-17,25644.5,25592.8,25591.0,-0.002016026828364785,0.002016026828364785,2026-02-24,25600.0,165.6,165.65,0.11817246754656585,0.11195171056066355,0.1150620890536147,0.022565532206120467,0.08934098296241276,0.08764924220523841,0.07523089268195735,0.022487314677047277,True,2026-02-16,False
2026-02-18,25754.65,25728.5,25723.65,-0.001015350626003516,0.001015350626003516,2026-02-24,25700.0,155.25,117.55,0.10662264416529774,0.09612972893112803,0.10137618654821288,0.019881505900883074,0.05107010661392694,0.08795268468646764,0.07519986297195232,-0.49046070850284634,True,2026-02-17,False
2026-02-19,25866.3,25817.65,25807.3,-0.0018808256302601384,0.0018808256302601384,2026-02-24,25800.0,127.45,107.85,0.10024867147416702,0.09028266228945037,0.0952656668818087,0.01868313440022202,0.10066970509176382,0.08845054682282774,0.07484848641840229,0.163251908670953,True,2026-02-18,False
2026-02-20,25406.35,25382.1,25423.45,-0.0009544857880018185,0.0009544857880018185,2026-02-24,25400.0,152.6,111.8,0.12849456191668113,0.11259393854416788,0.1205442502304245,0.023640672468321005,0.04037473084916892,0.08890989735260967,0.07483730758634578,-0.6485423924082496,True,2026-02-19,False
2026-02-23,25670.85,25759.05,25768.8,0.003435803644990358,0.003435803644990358,2026-02-24,25750.0,114.65,90.4,0.1745674255661112,0.16548050617801774,0.17002396587206448,0.03334444306769579,0.10303976701650105,0.08675728717204409,0.0743348533653275,0.21904233488475153,True,2026-02-20,False
2026-02-24,25641.8,25548.65,25534.0,-0.0036327402912431192,0.0036327402912431192,2026-03-02,25550.0,196.7,174.9,0.1534459141261439,0.12507909491568592,0.1392625045209149,0.027311624156305715,0.13301077484271073,0.08741313244689657,0.07430146138721408,0.6136843279324878,True,2026-02-23,False
2026-02-25,25515.05,25582.9,25578.3,0.002659214855546126,0.002659214855546126,2026-03-02,25600.0,158.5,128.0,0.13814100550093517,0.09542351496347737,0.11678226023220627,0.02290288552944194,0.1161082891554286,0.08903063014964828,0.07421870553612561,0.3648360451746278,True,2026-02-24,False
2026-02-26,25551.55,25504.45,25513.95,-0.0018433324005783815,0.0018433324005783815,2026-03-02,25500.0,152.0,116.25,0.13198039265318529,0.1121091106448108,0.12204475164899804,0.02393494500730101,0.0770142734823957,0.09004362490569112,0.07416568286443885,-0.1756789787415652,True,2026-02-25,False
2026-02-27,25470.15,25364.55,25374.05,-0.004146029764253535,0.004146029764253535,2026-03-02,25350.0,127.75,99.0,0.12079273764721196,0.11585210597687207,0.11832242181204201,0.023204936065967647,0.1786701653677082,0.09027174126684473,0.0741031394941309,1.1929106472994275,True,2026-02-26,False
2026-03-02,24723.4,24889.4,24927.1,0.006714286869928893,0.006714286869928893,2026-03-10,24950.0,287.7,253.1,0.1999129515615773,0.16144515767363005,0.18067905461760367,0.035434077892025295,0.18948671079825088,0.09101674037348878,0.07477159171183972,1.3169436168251298,True,2026-02-27,False
2026-03-04,24421.45,24342.85,24353.55,-0.003218482113060534,0.003218482113060534,2026-03-10,24350.0,330.45,300.0,0.2585527070475363,0.2373895916069197,0.247971149327228,0.04863114343182946,0.06618150193347114,0.09357531278845148,0.0754792977618136,-0.3629314483214414,True,2026-03-02,False
2026-03-05,24610.0,24568.45,24567.15,-0.0016883380739536478,0.0016883380739536478,2026-03-10,24550.0,249.35,232.0,0.2048332457187501,0.20466295462850942,0.20474810017362977,0.04015440608293802,0.0420461473260599,0.09336889752957774,0.07553795056355514,-0.6794300059853565,True,2026-03-04,False
2026-03-06,24656.4,24681.2,24661.15,0.0010058240456838497,0.0010058240456838497,2026-03-10,24650.0,216.0,213.55,0.19821445531450138,0.20641353533531365,0.20231399532490751,0.039677038847485496,0.025350280033500865,0.09356584137137305,0.07538579336381634,-0.9048861634798987,True,2026-03-05,False
2026-03-09,23842.35,23736.75,23775.1,-0.004429093608641705,0.004429093608641705,2026-03-10,23800.0,224.25,228.65,0.4258515968868588,0.38889976711471275,0.4073756820007858,0.079892944303276,0.05543785683787962,0.0916746672433464,0.07565407651648134,-0.4789802754062108,True,2026-03-06,False
2026-03-10,24287.1,24159.8,24133.1,-0.005241465634019676,0.005241465634019676,2026-03-17,24150.0,325.1,316.65,0.24569489194214417,0.2270123260125354,0.23635360897733979,0.04635275631859748,0.11307775524703188,0.09180076819331413,0.07558610304842169,0.2814933724005769,True,2026-03-09,False
2026-03-11,24262.7,24237.35,24227.25,-0.0010448136439885991,0.0010448136439885991,2026-03-17,24250.0,247.8,249.9,0.20470478553269822,0.18837298293598148,0.19653888423433985,0.03854444638040971,0.027106723331214527,0.0929812806643501,0.075351807398529,-0.8742266391133913,True,2026-03-10,False
2026-03-12,23686.6,23603.35,23598.05,-0.0035146454113296126,0.0035146454113296126,2026-03-17,23600.0,292.8,266.45,0.26019178911735286,0.23512499993813185,0.24765839452774235,0.04856980716930842,0.0723627623037083,0.09244007688969175,0.0757115361114663,-0.26518170964626336,True,2026-03-11,False
2026-03-13,23472.8,23469.65,23472.7,-0.00013419788009942646,0.00013419788009942646,2026-03-17,23450.0,250.35,212.8,0.23647571883787705,0.22175999880321795,0.2291178588205475,0.044933708963021866,0.0029865747385746503,0.09267787869771697,0.0756241893431177,-1.186013426897049,True,2026-03-12,False
2026-03-16,23125.65,23157.75,23183.8,0.0013880690921119424,0.0013880690921119424,2026-03-17,23200.0,176.75,172.7,0.34119767336756524,0.30377042157839573,0.3224840474729805,0.0632443250341196,0.02194772560799874,0.09127138888351459,0.07650410310262211,-0.9061430755227016,True,2026-03-13,False
2026-03-17,23465.25,23373.15,23366.7,-0.003924952855818648,0.003924952855818648,2026-03-24,23350.0,316.7,298.5,0.23474025626733963,0.23359770019292525,0.23416897823013244,0.04592431497975113,0.08546568103518216,0.09119710482457806,0.07657029013464374,-0.0748517966866466,True,2026-03-16,False
2026-03-18,23634.3,23715.3,23732.2,0.0034272222997930976,0.0034272222997930976,2026-03-24,23750.0,205.65,231.6,0.17301959126151845,0.17959937265753922,0.17630948195952884,0.03457713419011818,0.09911817101292812,0.09220163958578372,0.07608351690118349,0.09090709405727825,True,2026-03-17,False
2026-03-19,23209.1,23316.05,23315.1,0.004608106303131131,0.004608106303131131,2026-03-24,23300.0,226.45,231.0,0.1962236520202596,0.21385179308429075,0.20503772255227518,0.04021120570448748,0.11459756608633291,0.09220047956683639,0.07608340911122212,0.29437543324005716,True,2026-03-18,False
2026-03-20,23130.6,23286.8,23279.05,0.006752959283373571,0.006752959283373571,2026-03-24,23300.0,230.8,246.15,0.2405165899772806,0.23492710059525723,0.2377218452862689,0.046621089535460396,0.14484773630691777,0.09200374938152807,0.07600870036021844,0.6952360279146055,True,2026-03-19,False
2026-03-23,22837.2,22704.4,22714.65,-0.00581507365176113,0.00581507365176113,2026-03-24,22700.0,222.15,218.65,0.40508819348179437,0.42612962521611664,0.4156089093489555,0.08150761303051304,0.07134393261626014,0.09263137423320057,0.07629117413667319,-0.27902888974817275,True,2026-03-20,False
2026-03-24,22854.05,22839.9,22848.25,-0.0006191462782306776,0.0006191462782306776,2026-03-30,22850.0,345.55,343.65,0.29044323550209306,0.2873826949896149,0.28891296524585397,0.056660494135329365,0.010927301070687682,0.09239588210540567,0.0763354376979739,-1.0672445654540386,True,2026-03-23,False
2026-03-25,23067.75,23215.1,23219.5,0.00638770577971404,0.00638770577971404,2026-03-30,23200.0,308.55,286.75,0.26899143105314516,0.2669192933504517,0.26795536220179844,0.05255037002456896,0.12155396387746815,0.09197962114597076,0.07671586656281469,0.3855049034384826,True,2026-03-24,False
2026-03-27,23169.2,23056.8,23033.5,-0.004851268062773055,0.004851268062773055,2026-03-30,23050.0,249.25,256.2,0.29677595077894503,0.28576129076615253,0.2912686207725488,0.057122476192941654,0.08492748189674071,0.09354088169051836,0.07634150980877434,-0.1128272130765177,True,2026-03-25,False
2026-03-30,22574.7,22580.75,22577.8,0.0002679991317713756,0.0002679991317713756,2026-04-07,22600.0,455.1,460.3,0.3440777958509672,0.33152372251749396,0.3378007591842306,0.06624817933795572,0.004045381087444168,0.09236172532111143,0.07591067753207484,-1.163424528734454,True,2026-03-27,False
2026-04-01,22878.9,22929.75,22911.45,0.00222257188938273,0.00222257188938273,2026-04-07,22900.0,327.8,295.85,0.2693321088289453,0.2521840062778876,0.26075805755341647,0.0511388624535162,0.04346150427970481,0.09077787608789073,0.07675490409002886,-0.6164605684698228,True,2026-03-30,False
2026-04-02,22370.65,22244.45,22257.55,-0.005641320211974204,0.005641320211974204,2026-04-07,22250.0,317.4,291.4,0.29455490073356827,0.27722346590219327,0.28588918331788077,0.056067481710114574,0.100616614834629,0.09094213257677795,0.07664094280935832,0.12623125320777934,True,2026-04-01,False
2026-04-06,22785.85,22609.05,22609.25,-0.0077592014342234015,0.0077592014342234015,2026-04-07,22600.0,219.85,214.1,0.4077774736235854,0.41441102897202287,0.41109425129780414,0.08062221574205075,0.09624148087232952,0.08972305573921346,0.07587921237742369,0.08590528194590853,True,2026-04-02,False
2026-04-07,22834.8,22889.85,22897.75,0.0024107940511850015,0.0024107940511850015,2026-04-13,22900.0,366.6,363.5,0.30763333804352455,0.30315698835795823,0.3053951632007414,0.05989291909682437,0.04025173739299052,0.09001420837018179,0.0758699961372153,-0.655891307641468,True,2026-04-06,False
2026-04-08,23836.9,23877.85,23897.9,0.0017179247301451568,0.0017179247301451568,2026-04-13,23900.0,234.8,240.95,0.2062633696160922,0.20980553965617993,0.20803445463613607,0.04079891321881888,0.04210711988653531,0.0903148251620238,0.07563216454646396,-0.6373968742607189,True,2026-04-07,False
2026-04-09,23908.65,23984.2,23949.1,0.003159944204294231,0.003159944204294231,2026-04-13,23950.0,205.35,198.95,0.19961705729400686,0.19253609317377074,0.1960765752338888,0.038453780126001647,0.08217512540873823,0.0897716328963522,0.07586290591720894,-0.10013467577822863,True,2026-04-08,False
2026-04-10,23874.65,23937.35,23945.6,0.002626216509980129,0.002626216509980129,2026-04-13,23950.0,159.45,161.0,0.17930167488236048,0.17614001418730335,0.17772084453483192,0.03485392516366529,0.07534923247950051,0.08941710180897519,0.0758476169850971,-0.18547542940259815,True,2026-04-09,False
2026-04-13,23619.05,23604.7,23590.35,-0.0006075604226248958,0.0006075604226248958,2026-04-21,23600.0,325.55,309.1,0.2334458578040257,0.21499908294444342,0.22422247037423457,0.043973644300930856,0.013816467392765869,0.08977670734489492,0.075726810067423,-1.0030825263139727,True,2026-04-10,False
2026-04-15,24166.1,24192.45,24183.25,0.0010903703948921086,0.0010903703948921086,2026-04-21,24200.0,232.2,228.9,0.19042564854103677,0.17454165852847225,0.18248365353475451,0.03578798885713147,0.030467495651822038,0.08683692308938079,0.07518387729873482,-0.7497541954850382,True,2026-04-13,False
2026-04-16,24380.25,24385.85,24388.9,0.00022969411716444846,0.00022969411716444846,2026-04-21,24400.0,176.15,199.65,0.15563164046876127,0.16625907441501614,0.1609453574418887,0.03156398146993678,0.007277095805648643,0.08377916511479679,0.07364222053394597,-1.0388343636906483,True,2026-04-15,False
2026-04-17,24173.6,24233.35,24208.9,0.002471704669556872,0.002471704669556872,2026-04-21,24200.0,176.7,175.55,0.16527964948184704,0.17271933837303194,0.1689994939274395,0.033143527589358436,0.07457578747141191,0.08090384251201467,0.07319634848884175,-0.08645315198431547,True,2026-04-16,False
2026-04-20,24391.5,24383.0,24375.65,-0.00034848205317426155,0.00034848205317426155,2026-04-21,24400.0,117.7,156.1,0.22746662907363413,0.2522064868238141,0.2398365579487241,0.047035818809748886,0.007408865456000808,0.08151622958041306,0.07298328443543796,-1.0154018786311085,True,2026-04-17,False
2026-04-21,24369.85,24449.15,24444.6,0.003254020849533457,0.003254020849533457,2026-04-28,24450.0,258.2,266.3,0.18980545288972267,0.1917699623840292,0.19078770763687594,0.03741654785361791,0.08696742581020384,0.07984325286077508,0.07351937608800874,0.09690197779834986,True,2026-04-20,False
2026-04-22,24463.75,24440.4,24440.7,-0.0009544734556230564,0.0009544734556230564,2026-04-28,24450.0,217.0,247.55,0.17366661146549384,0.19032164002948865,0.18199412574749124,0.035691984559450655,0.026741955299045633,0.07844169605035291,0.07254607722508467,-0.7126469511356399,True,2026-04-21,False
2026-04-23,24208.15,24230.5,24236.45,0.0009232427922000873,0.0009232427922000873,2026-04-28,24250.0,185.85,232.65,0.1660026632644533,0.19467937624969162,0.18034101975707245,0.03536778380163594,0.026104061181164047,0.0773210725643776,0.07282078793331599,-0.703329541423177,True,2026-04-22,False
2026-04-24,24109.55,24058.1,24053.6,-0.0021340091374580086,0.0021340091374580086,2026-04-28,24050.0,177.1,166.5,0.16930418677830777,0.16254296867594425,0.16592357772712601,0.03254029079214403,0.0655805183515203,0.07648591428183384,0.07312043333142074,-0.14914293356119038,True,2026-04-23,False
2026-04-27,23965.35,24042.0,24040.25,0.003198367643285054,0.003198367643285054,2026-04-28,24050.0,124.65,106.65,0.2306297229747465,0.18116737247039782,0.20589854772257216,0.040380027409915795,0.07920667340853901,0.07738146862047361,0.07264283640633107,0.02512573680157578,True,2026-04-24,False
2026-04-28,24044.9,24115.35,24109.5,0.0029299352461435516,0.0029299352461435516,2026-05-05,24100.0,242.95,222.7,0.17573675945455147,0.167803299987887,0.17177002972121924,0.033686874361496526,0.08697557436472686,0.07680050884520546,0.07248370623770573,0.14037727991105908,True,2026-04-27,False
2026-04-29,24103.0,24111.55,24118.2,0.0003547276272662852,0.0003547276272662852,2026-05-05,24100.0,210.0,170.6,0.15952153536333646,0.14266415658865428,0.15109284597599537,0.029631744999841135,0.01197120275124489,0.07631276970194484,0.0723120783369983,-0.8897762093193737,True,2026-04-28,False
2026-04-30,24005.7,23876.95,23872.5,-0.0053633095473158456,0.0053633095473158456,2026-05-05,23850.0,197.3,171.9,0.16277731792873662,0.16023402376395884,0.16150567084634773,0.0316738679692854,0.16932916284543215,0.0750234884035707,0.07276428951329185,1.2960433623781158,True,2026-04-29,False
2026-05-04,24096.2,24214.55,24232.85,0.004911562819033646,0.004911562819033646,2026-05-05,24250.0,132.55,113.45,0.2490690984885971,0.18491430419074584,0.21699170133967147,0.04255557382379548,0.1154152647399454,0.0774941103813822,0.07341576142135546,0.5165260650355736,True,2026-04-30,False
2026-05-05,24049.55,23992.05,24014.55,-0.00239089712697327,0.00239089712697327,2026-05-12,24000.0,258.0,228.1,0.18570265606947667,0.1743265956102258,0.18001462583985123,0.0353037726880579,0.06772355884168808,0.07929451493489072,0.07299078729437437,-0.15852625409473345,True,2026-05-04,False
2026-05-06,24179.6,24171.6,24175.15,-0.0003308574169961455,0.0003308574169961455,2026-05-12,24200.0,205.75,186.15,0.17261133644465942,0.13736103618111684,0.15498618631288813,0.03039529185949014,0.010885153481190998,0.07959884142174638,0.07290231628651579,-0.9425446465994504,True,2026-05-05,False
2026-05-07,24398.5,24334.15,24329.55,-0.002637457220730723,0.002637457220730723,2026-05-12,24350.0,183.7,184.95,0.16637819613975308,0.1498742291123074,0.15812621262603024,0.031011101684255773,0.08504880760394755,0.07123553956857834,0.04631009694279176,0.2982776747894342,True,2026-05-06,False
2026-05-08,24237.2,24244.15,24233.25,0.00028674929447298895,0.00028674929447298895,2026-05-12,24250.0,167.4,170.1,0.168317447447366,0.15484288548496428,0.16158016646616513,0.031688477762328714,0.009049008179682166,0.07034363913170699,0.04549967261792173,-1.3471444391861769,True,2026-05-07,False
2026-05-11,23975.8,23953.25,23947.8,-0.0009405317028002933,0.0009405317028002933,2026-05-12,23950.0,125.8,122.25,0.2269604670183395,0.2166759556108664,0.22181821131460294,0.043502130306284935,0.021620359650856243,0.0687861808428044,0.045977274541131256,-1.0258507417562044,True,2026-05-08,False
2026-05-12,23722.6,23638.3,23632.45,-0.0035535733857165437,0.0035535733857165437,2026-05-19,23650.0,247.4,236.25,0.19265718486553485,0.17105499258007595,0.1818560887228054,0.03566491327166329,0.09963779691958347,0.06804880858971131,0.0463779830741434,0.6811203557380143,True,2026-05-11,False
2026-05-13,23365.8,23367.05,23385.0,5.3496991329207644e-05,5.3496991329207644e-05,2026-05-19,23400.0,248.2,218.75,0.20933655181724525,0.17292244909881355,0.1911295004580294,0.037483578940720505,0.0014272114040607493,0.06781223668240358,0.0461762498427372,-1.4376443627282596,True,2026-05-12,False
2026-05-14,23531.45,23581.3,23573.9,0.002118441490005866,0.002118441490005866,2026-05-19,23550.0,218.2,176.9,0.18276096456744262,0.1673074692552507,0.17503421691134666,0.03432703413759188,0.06171350200295747,0.06768517648855284,0.046350838968619704,-0.12883638394632488,True,2026-05-13,False
2026-05-15,23744.05,23787.9,23755.55,0.0018467784560764564,0.0018467784560764564,2026-05-19,23750.0,181.8,168.55,0.17507110405114018,0.1675397764452518,0.171305440248196,0.033595760869621315,0.05497057986700907,0.06798826346005608,0.046249546005548814,-0.2814661919380833,True,2026-05-14,False
2026-05-18,23482.2,23373.1,23376.4,-0.004646072344158647,0.004646072344158647,2026-05-19,23400.0,126.2,144.55,0.25214695733928516,0.2425084206211588,0.24732768898022198,0.04850495047545997,0.09578552907726866,0.06689302285357343,0.04575593858820603,0.6314482254144494,True,2026-05-15,False
2026-05-19,23692.2,23756.9,23756.7,0.0027308565688285904,0.0027308565688285904,2026-05-26,23750.0,241.15,245.0,0.17804849441399567,0.1859490376259314,0.18199876601996354,0.035692894591753906,0.07650980958712991,0.06824774640404514,0.045380239538804705,0.18206301392525415,True,2026-05-18,False
2026-05-20,23459.55,23476.95,23489.05,0.0007417022065641266,0.0007417022065641266,2026-05-26,23500.0,215.85,238.15,0.18042039910187768,0.18967670915671148,0.18504855412929458,0.0362910072487463,0.020437630773936406,0.06847536218048238,0.04538697092965006,-1.058403555527083,True,2026-05-19,False
2026-05-21,23826.95,23758.1,23772.15,-0.0028895851126561384,0.0028895851126561384,2026-05-26,23750.0,194.15,176.75,0.16084951338987535,0.16503262286918574,0.16294106812953055,0.031955372536851066,0.09042564311600051,0.06732697297734111,0.045720553610080726,0.5052141392611327,True,2026-05-20,False
2026-05-22,23671.2,23738.6,23749.75,0.0028473419176044228,0.0028473419176044228,2026-05-26,23750.0,161.25,155.3,0.15784178911457442,0.1517773938498757,0.15480959148222506,0.030360658763815117,0.09378393070304467,0.067982898585709,0.045765655999779234,0.5637640617990952,True,2026-05-21,False
2026-05-27,23896.35,23903.95,23893.85,0.000318040202792568,0.000318040202792568,2026-06-02,23900.0,178.4,157.9,0.14545813161278925,0.12409253589705027,0.13477533375491976,0.0264316175679737,0.012032566753611274,0.06786813567923035,0.04569087298682475,-1.2220289365388053,True,2026-05-22,False
2026-06-03,,,,,,2026-06-09,,,,,,,,,0.06739576627763771,0.0461243771829882,,False,2026-05-27,False
2026-06-04,23287.7,23334.8,23330.4,0.0020225269133490446,0.0020225269133490446,2026-06-09,23350.0,,,,,,,,,,,False,2026-06-03,False
2026-06-05,23483.35,23461.95,23474.15,-0.0009112839522469247,0.0009112839522469247,2026-06-09,23450.0,,,,,,,,,,,False,2026-06-04,False
2026-06-08,23088.85,23155.5,23167.15,0.002886674736940188,0.002886674736940188,2026-06-09,23150.0,,,,,,,,,,,False,2026-06-05,False
2026-06-09,23227.5,23225.05,23237.15,-0.00010547841997635249,0.00010547841997635249,2026-07-07,23250.0,,,,,,,,,,,False,2026-06-08,False
2026-06-10,23235.3,23339.75,23336.1,0.004495315317641723,0.004495315317641723,2026-07-07,23350.0,409.05,367.65,0.16348818594060865,0.1417481765154252,0.15261818122801693,0.029930887854257633,0.15018984199635996,,,,False,2026-06-09,False
2026-06-11,23101.35,23119.35,23108.05,0.000779175243005279,0.000779175243005279,2026-07-07,23100.0,411.75,344.0,0.16495798815836543,0.14079972962459025,0.15287885889147784,0.029982010950132438,0.025988091469289428,,,,False,2026-06-10,False
2026-06-12,23420.7,23401.2,23408.2,-0.0008325968053901036,0.0008325968053901036,2026-07-07,23400.0,374.55,308.5,0.15085332464105644,0.12729144271954218,0.1390723836802993,0.027274338391834962,0.03052674618275454,,,,False,2026-06-11,False
2026-06-15,23991.7,23946.15,23948.1,-0.0018985732565845385,0.0018985732565845385,2026-07-07,23950.0,318.5,291.05,0.13542690985206468,0.1229832592721011,0.1292050845620829,0.02533920182451795,0.07492632442540076,,,,False,2026-06-12,False
2026-06-16,23925.6,23938.1,23941.05,0.0005224529374393955,0.0005224529374393955,2026-07-07,23950.0,318.0,276.55,0.1399015700450516,0.11803164332352276,0.12896660668428717,0.02529243246480869,0.02065649233881812,,,,False,2026-06-15,False
2026-06-17,24045.45,24020.7,24024.5,-0.0010293007616825635,0.0010293007616825635,2026-07-07,24000.0,310.3,254.3,0.13202736927822917,0.1180569267454093,0.12504214801181923,0.02452278279745475,0.04197324464291206,,,,False,2026-06-16,False
2026-06-18,24073.2,24090.25,24093.0,0.0007082564843892491,0.0007082564843892491,2026-07-07,24100.0,281.3,244.3,0.12900365764203026,0.1090700882392058,0.11903687294061803,0.023345051460049088,0.03033861311470246,,,,False,2026-06-17,False
2026-06-19,23972.75,23955.55,23946.1,-0.0007174813069005737,0.0007174813069005737,2026-07-07,23950.0,303.6,236.25,0.14303092386776456,0.10967518427962442,0.1263530540736945,0.024779872627838945,0.028954196725552148,,,,False,2026-06-18,False
2026-06-22,24110.15,24131.2,24132.75,0.0008730762770036383,0.0008730762770036383,2026-07-07,24150.0,244.8,227.65,0.12868894333180664,0.11120594060090727,0.11994744196635695,0.02352362873815355,0.037114863812978585,,,,False,2026-06-19,False
2026-06-23,24074.15,24088.95,24098.05,0.0006147672918877415,0.0006147672918877415,2026-07-07,24100.0,233.95,191.05,0.12367078618211816,0.10005940061973809,0.11186509340092812,0.021938549774662,0.028022239309444648,,,,False,2026-06-22,False
2026-06-24,23798.3,23879.4,23881.75,0.003407806439955887,0.003407806439955887,2026-07-07,23900.0,241.25,225.75,0.1378212260910539,0.11922541117231811,0.128523318631686,0.02520549652517962,0.13520092478843174,,,,False,2026-06-23,False
2026-06-25,24130.6,24147.15,24147.5,0.0006858511599381247,0.0006858511599381247,2026-07-07,24150.0,207.2,196.15,0.11810793244304965,0.11043003904582946,0.11426898574443956,0.022409991850359735,0.030604703674941995,,,,False,2026-06-24,False
2026-06-29,24061.1,24064.8,24049.8,0.00015377518068586756,0.00015377518068586756,2026-07-07,24050.0,203.95,174.3,0.1414623498793562,0.12076753101929544,0.1311149404493258,0.025713755379794933,0.005980269253346764,,,,False,2026-06-25,False
2026-06-30,24031.6,23896.9,23889.15,-0.005605119925431394,0.005605119925431394,2026-07-07,23900.0,200.6,174.25,0.153320615339332,0.12562257271225102,0.1394715940257915,0.02735262998190007,0.20492069424916157,,,,False,2026-06-29,False
2026-07-01,23908.55,23922.95,23934.65,0.0006022949948868273,0.0006022949948868273,2026-07-07,23950.0,174.15,155.8,0.14539306756832948,0.1184107680136122,0.13190191779097082,0.025868094334479678,0.02328331523377917,,,,False,2026-06-30,False
2026-07-02,24072.85,24111.65,24113.65,0.0016117742602144288,0.0016117742602144288,2026-07-07,24100.0,152.4,110.9,0.12612567736226976,0.10195835667752631,0.11404201701989804,0.022365479621305407,0.07206526698756995,,,,False,2026-07-01,False
