cell_id,week,net_pnl
FRIDAY|CONTINUE|H10_30,2021-06-28/2021-07-04,-342.97939056999996
FRIDAY|CONTINUE|H10_30,2021-07-05/2021-07-11,-849.71437299
FRIDAY|CONTINUE|H10_30,2021-07-12/2021-07-18,-595.4754436549997
FRIDAY|CONTINUE|H10_30,2021-07-19/2021-07-25,112.69228706999995
FRIDAY|CONTINUE|H10_30,2021-07-26/2021-08-01,-153.02506387000054
FRIDAY|CONTINUE|H10_30,2021-08-02/2021-08-08,-443.1486661850004
FRIDAY|CONTINUE|H10_30,2021-08-09/2021-08-15,-16.891440010000125
FRIDAY|CONTINUE|H10_30,2021-08-16/2021-08-22,133.26089277499972
FRIDAY|CONTINUE|H10_30,2021-08-23/2021-08-29,1013.1866508199998
FRIDAY|CONTINUE|H10_30,2021-08-30/2021-09-05,-433.6368738650007
FRIDAY|CONTINUE|H10_30,2021-09-13/2021-09-19,141.21505076999892
FRIDAY|CONTINUE|H10_30,2021-09-20/2021-09-26,184.99479178500013
FRIDAY|CONTINUE|H10_30,2021-09-27/2021-10-03,-385.80170510999875
FRIDAY|CONTINUE|H10_30,2021-10-04/2021-10-10,800.570943620002
FRIDAY|CONTINUE|H10_30,2021-10-18/2021-10-24,-431.4504743399996
FRIDAY|CONTINUE|H10_30,2021-11-08/2021-11-14,-940.0279287050004
FRIDAY|CONTINUE|H10_30,2021-11-22/2021-11-28,1433.2379142500017
FRIDAY|CONTINUE|H10_30,2021-11-29/2021-12-05,-1078.3691958149996
FRIDAY|CONTINUE|H10_30,2021-12-06/2021-12-12,310.3670649700007
FRIDAY|CONTINUE|H10_30,2021-12-13/2021-12-19,-869.8938977099995
FRIDAY|CONTINUE|H10_30,2021-12-20/2021-12-26,-1567.7132555149997
FRIDAY|CONTINUE|H10_30,2021-12-27/2022-01-02,46.346113580000505
FRIDAY|CONTINUE|H10_30,2022-01-03/2022-01-09,196.5807746750007
FRIDAY|CONTINUE|H10_30,2022-01-10/2022-01-16,-392.87413555500024
FRIDAY|CONTINUE|H10_30,2022-01-17/2022-01-23,-627.2562175700002
FRIDAY|CONTINUE|H10_30,2022-01-24/2022-01-30,231.49409108000333
FRIDAY|CONTINUE|H10_30,2022-01-31/2022-02-06,-525.813480374999
FRIDAY|CONTINUE|H10_30,2022-02-07/2022-02-13,577.9082971750009
FRIDAY|CONTINUE|H10_30,2022-02-14/2022-02-20,-59.36185492499743
FRIDAY|CONTINUE|H10_30,2022-02-21/2022-02-27,490.82354881500225
FRIDAY|CONTINUE|H10_30,2022-02-28/2022-03-06,285.13951221000286
FRIDAY|CONTINUE|H10_30,2022-03-07/2022-03-13,266.4359519250019
FRIDAY|CONTINUE|H10_30,2022-03-21/2022-03-27,-235.7748594149986
FRIDAY|CONTINUE|H10_30,2022-03-28/2022-04-03,-920.5568379949999
FRIDAY|CONTINUE|H10_30,2022-04-04/2022-04-10,-252.7873326949993
FRIDAY|CONTINUE|H10_30,2022-04-18/2022-04-24,-101.72538634000014
FRIDAY|CONTINUE|H10_30,2022-04-25/2022-05-01,-394.65884083499884
FRIDAY|CONTINUE|H10_30,2022-05-02/2022-05-08,242.156510935001
FRIDAY|CONTINUE|H10_30,2022-05-09/2022-05-15,-821.4412537199983
FRIDAY|CONTINUE|H10_30,2022-05-16/2022-05-22,198.4425021750008
FRIDAY|CONTINUE|H10_30,2022-05-23/2022-05-29,-681.1599135949994
FRIDAY|CONTINUE|H10_30,2022-05-30/2022-06-05,-341.1302763299992
FRIDAY|CONTINUE|H10_30,2022-06-06/2022-06-12,-471.50477218499884
FRIDAY|CONTINUE|H10_30,2022-06-13/2022-06-19,-703.7668518049986
FRIDAY|CONTINUE|H10_30,2022-06-20/2022-06-26,-496.65929842999896
FRIDAY|CONTINUE|H10_30,2022-06-27/2022-07-03,606.5007759250011
FRIDAY|CONTINUE|H10_30,2022-07-04/2022-07-10,-90.4295536149988
FRIDAY|CONTINUE|H10_30,2022-07-11/2022-07-17,-295.03799027999946
FRIDAY|CONTINUE|H10_30,2022-07-18/2022-07-24,-745.2898198250007
FRIDAY|CONTINUE|H10_30,2022-07-25/2022-07-31,-553.6052301349996
FRIDAY|CONTINUE|H10_30,2022-08-01/2022-08-07,-221.21636234999903
FRIDAY|CONTINUE|H10_30,2022-08-08/2022-08-14,-1006.8096598800007
FRIDAY|CONTINUE|H10_30,2022-08-15/2022-08-21,-367.90485123499997
FRIDAY|CONTINUE|H10_30,2022-08-22/2022-08-28,-613.0316878699994
FRIDAY|CONTINUE|H10_30,2022-08-29/2022-09-04,-524.0692743749995
FRIDAY|CONTINUE|H10_30,2022-09-05/2022-09-11,55.15079518500005
FRIDAY|CONTINUE|H10_30,2022-09-12/2022-09-18,364.55559861500046
FRIDAY|CONTINUE|H10_30,2022-09-19/2022-09-25,486.0696408250011
FRIDAY|CONTINUE|H10_30,2022-09-26/2022-10-02,776.1673517450007
FRIDAY|CONTINUE|H10_30,2022-10-03/2022-10-09,-456.2936066949983
FRIDAY|CONTINUE|H10_30,2022-10-10/2022-10-16,-576.421313494999
FRIDAY|CONTINUE|H10_30,2022-10-17/2022-10-23,-174.68321252500007
FRIDAY|CONTINUE|H10_30,2022-10-24/2022-10-30,117.90166672000086
FRIDAY|CONTINUE|H10_30,2022-10-31/2022-11-06,-817.8592299000009
FRIDAY|CONTINUE|H10_30,2022-11-07/2022-11-13,-498.23220551499924
FRIDAY|CONTINUE|H10_30,2022-11-14/2022-11-20,-425.4171338050001
FRIDAY|CONTINUE|H10_30,2022-11-21/2022-11-27,-234.01738173500019
FRIDAY|CONTINUE|H10_30,2022-11-28/2022-12-04,264.10413842499975
FRIDAY|CONTINUE|H10_30,2022-12-05/2022-12-11,-1063.3685052250003
FRIDAY|CONTINUE|H10_30,2022-12-12/2022-12-18,947.3543740749996
FRIDAY|CONTINUE|H10_30,2022-12-19/2022-12-25,704.1656158300005
FRIDAY|CONTINUE|H10_30,2022-12-26/2023-01-01,-393.9530598700012
FRIDAY|CONTINUE|H10_30,2023-01-02/2023-01-08,-594.9907562250011
FRIDAY|CONTINUE|H10_30,2023-01-09/2023-01-15,-418.0519001499997
FRIDAY|CONTINUE|H10_30,2023-01-16/2023-01-22,734.5779865949993
FRIDAY|CONTINUE|H10_30,2023-01-23/2023-01-29,381.95316363000035
FRIDAY|CONTINUE|H10_30,2023-01-30/2023-02-05,-546.9896010999997
FRIDAY|CONTINUE|H10_30,2023-02-06/2023-02-12,279.6545838249993
FRIDAY|CONTINUE|H10_30,2023-02-13/2023-02-19,-543.7090109550003
FRIDAY|CONTINUE|H10_30,2023-02-20/2023-02-26,-576.3389851850008
FRIDAY|CONTINUE|H10_30,2023-02-27/2023-03-05,559.28573545
FRIDAY|CONTINUE|H10_30,2023-03-06/2023-03-12,-538.3070886650003
FRIDAY|CONTINUE|H10_30,2023-03-13/2023-03-19,-529.4957647649998
FRIDAY|CONTINUE|H10_30,2023-03-20/2023-03-26,221.38606079500028
FRIDAY|CONTINUE|H10_30,2023-03-27/2023-04-02,-664.4229890500001
FRIDAY|CONTINUE|H10_30,2023-04-17/2023-04-23,-1138.63489365
FRIDAY|CONTINUE|H10_30,2023-04-24/2023-04-30,-311.60295749000056
FRIDAY|CONTINUE|H10_30,2023-05-01/2023-05-07,-638.566664635
FRIDAY|CONTINUE|H10_30,2023-05-08/2023-05-14,-783.2586435900007
FRIDAY|CONTINUE|H10_30,2023-05-15/2023-05-21,-1079.41226852
FRIDAY|CONTINUE|H10_30,2023-05-22/2023-05-28,182.00434534999965
FRIDAY|CONTINUE|H10_30,2023-05-29/2023-06-04,-1232.9467753149997
FRIDAY|CONTINUE|H10_30,2023-06-05/2023-06-11,-704.1712055499999
FRIDAY|CONTINUE|H10_30,2023-06-12/2023-06-18,322.93569439999993
FRIDAY|CONTINUE|H10_30,2023-06-19/2023-06-25,-570.89722849
FRIDAY|CONTINUE|H10_30,2023-06-26/2023-07-02,-162.0063569350003
FRIDAY|CONTINUE|H10_30,2023-07-03/2023-07-09,96.01378760999937
FRIDAY|CONTINUE|H10_30,2023-07-10/2023-07-16,-459.0437040399996
FRIDAY|CONTINUE|H10_30,2023-07-17/2023-07-23,293.62017375499914
FRIDAY|CONTINUE|H10_30,2023-07-24/2023-07-30,-422.7666321549997
FRIDAY|CONTINUE|H10_30,2023-07-31/2023-08-06,-274.59819604000046
FRIDAY|CONTINUE|H10_30,2023-08-07/2023-08-13,-547.7909949650009
FRIDAY|CONTINUE|H10_30,2023-08-14/2023-08-20,308.96545679999963
FRIDAY|CONTINUE|H10_30,2023-08-21/2023-08-27,831.36840612
FRIDAY|CONTINUE|H10_30,2023-08-28/2023-09-03,239.5717350849996
FRIDAY|CONTINUE|H10_30,2023-09-04/2023-09-10,-1142.88884145
FRIDAY|CONTINUE|H10_30,2023-09-11/2023-09-17,-182.95341208000087
FRIDAY|CONTINUE|H10_30,2023-09-18/2023-09-24,-773.8344921249998
FRIDAY|CONTINUE|H10_30,2023-09-25/2023-10-01,227.17373969500034
FRIDAY|CONTINUE|H10_30,2023-10-02/2023-10-08,-38.44269225500045
FRIDAY|CONTINUE|H10_30,2023-10-09/2023-10-15,245.31360216000007
FRIDAY|CONTINUE|H10_30,2023-10-16/2023-10-22,-91.62599943000014
FRIDAY|CONTINUE|H10_30,2023-10-23/2023-10-29,221.5912231500006
FRIDAY|CONTINUE|H10_30,2023-10-30/2023-11-05,-697.6153313500009
FRIDAY|CONTINUE|H10_30,2023-11-06/2023-11-12,-271.4650015850006
FRIDAY|CONTINUE|H10_30,2023-11-13/2023-11-19,-625.9907280350004
FRIDAY|CONTINUE|H10_30,2023-11-20/2023-11-26,-825.4382563750005
FRIDAY|CONTINUE|H10_30,2023-11-27/2023-12-03,-55.38146123499864
FRIDAY|CONTINUE|H10_30,2023-12-04/2023-12-10,507.78754431500045
FRIDAY|CONTINUE|H10_30,2023-12-11/2023-12-17,417.63665705000034
FRIDAY|CONTINUE|H10_30,2023-12-18/2023-12-24,1411.0027896400004
FRIDAY|CONTINUE|H10_30,2023-12-25/2023-12-31,173.20564116500142
FRIDAY|CONTINUE|H10_30,2024-01-01/2024-01-07,18.595527974999868
FRIDAY|CONTINUE|H10_30,2024-01-08/2024-01-14,838.8272580499997
FRIDAY|CONTINUE|H10_30,2024-01-15/2024-01-21,161.52405183000045
FRIDAY|CONTINUE|H10_30,2024-01-29/2024-02-04,360.5997665700011
FRIDAY|CONTINUE|H10_30,2024-02-05/2024-02-11,-342.39377769499873
FRIDAY|CONTINUE|H10_30,2024-02-12/2024-02-18,233.61541677000113
FRIDAY|CONTINUE|H10_30,2024-02-19/2024-02-25,-90.11682997499801
FRIDAY|CONTINUE|H10_30,2024-02-26/2024-03-03,534.1498063400032
FRIDAY|CONTINUE|H10_30,2024-03-11/2024-03-17,1207.091503475002
FRIDAY|CONTINUE|H10_30,2024-03-18/2024-03-24,-1595.75199666
FRIDAY|CONTINUE|H10_30,2024-04-01/2024-04-07,-286.72131402500133
FRIDAY|CONTINUE|H10_30,2024-04-08/2024-04-14,588.0687686699994
FRIDAY|CONTINUE|H10_30,2024-04-15/2024-04-21,-286.74654054499973
FRIDAY|CONTINUE|H10_30,2024-04-22/2024-04-28,-581.1360487274999
FRIDAY|CONTINUE|H10_30,2024-04-29/2024-05-05,-730.6752182825
FRIDAY|CONTINUE|H10_30,2024-05-06/2024-05-12,153.04868669250004
FRIDAY|CONTINUE|H10_30,2024-05-13/2024-05-19,-0.3404158099995982
FRIDAY|CONTINUE|H10_30,2024-05-20/2024-05-26,151.68160683750023
FRIDAY|CONTINUE|H10_30,2024-05-27/2024-06-02,-472.06448075499816
FRIDAY|CONTINUE|H10_30,2024-06-03/2024-06-09,143.98008521000034
FRIDAY|CONTINUE|H10_30,2024-06-10/2024-06-16,367.3113312600001
FRIDAY|CONTINUE|H10_30,2024-06-17/2024-06-23,-88.29826770999908
FRIDAY|CONTINUE|H10_30,2024-06-24/2024-06-30,66.89711946250046
FRIDAY|CONTINUE|H10_30,2024-07-01/2024-07-07,-615.5613533275
FRIDAY|CONTINUE|H10_30,2024-07-08/2024-07-14,-508.0364718349999
FRIDAY|CONTINUE|H10_30,2024-07-15/2024-07-21,-352.14028057749863
FRIDAY|CONTINUE|H10_30,2024-07-22/2024-07-28,675.2046446275007
FRIDAY|CONTINUE|H10_30,2024-07-29/2024-08-04,152.03748602999977
FRIDAY|CONTINUE|H10_30,2024-08-05/2024-08-11,-537.7706152175002
FRIDAY|CONTINUE|H10_30,2024-08-12/2024-08-18,-1017.8731123325
FRIDAY|CONTINUE|H10_30,2024-08-19/2024-08-25,-44.588906619999705
FRIDAY|CONTINUE|H10_30,2024-08-26/2024-09-01,-430.8715102149999
FRIDAY|CONTINUE|H10_30,2024-09-02/2024-09-08,1050.5111074150009
FRIDAY|CONTINUE|H10_30,2024-09-09/2024-09-15,112.79752452000079
FRIDAY|CONTINUE|H10_30,2024-09-16/2024-09-22,365.3566535875001
FRIDAY|CONTINUE|H10_30,2024-09-23/2024-09-29,248.15797620000086
FRIDAY|CONTINUE|H10_30,2024-09-30/2024-10-06,-182.47304310999948
FRIDAY|CONTINUE|H10_30,2024-10-07/2024-10-13,-178.65630872749938
FRIDAY|CONTINUE|H10_30,2024-10-14/2024-10-20,-613.9781568174997
FRIDAY|CONTINUE|H10_30,2024-10-21/2024-10-27,-1193.4342634625002
FRIDAY|CONTINUE|H10_30,2024-11-04/2024-11-10,-99.43807105249942
FRIDAY|CONTINUE|H10_30,2024-11-18/2024-11-24,306.07727201500046
FRIDAY|CONTINUE|H10_30,2024-11-25/2024-12-01,7.926811172503079
FRIDAY|CONTINUE|H10_30,2024-12-02/2024-12-08,-568.2961761124982
FRIDAY|CONTINUE|H10_30,2024-12-09/2024-12-15,2168.9706626725056
FRIDAY|CONTINUE|H10_30,2024-12-16/2024-12-22,-115.50871014500069
FRIDAY|CONTINUE|H10_30,2024-12-23/2024-12-29,1082.3307377875012
FRIDAY|CONTINUE|H10_30,2024-12-30/2025-01-05,1327.0346396800019
FRIDAY|CONTINUE|H10_30,2025-01-06/2025-01-12,-1673.9673220174996
FRIDAY|CONTINUE|H10_30,2025-01-13/2025-01-19,-583.3068333724987
FRIDAY|CONTINUE|H10_30,2025-01-20/2025-01-26,-998.7021190924975
FRIDAY|CONTINUE|H10_30,2025-01-27/2025-02-02,503.2404866875025
FRIDAY|CONTINUE|H10_30,2025-02-03/2025-02-09,-1054.7261499499987
FRIDAY|CONTINUE|H10_30,2025-02-10/2025-02-16,-273.20023177249954
FRIDAY|CONTINUE|H10_30,2025-02-17/2025-02-23,1208.74309174
FRIDAY|CONTINUE|H10_30,2025-02-24/2025-03-02,520.5726260649989
FRIDAY|CONTINUE|H10_30,2025-03-03/2025-03-09,-1292.1020027750003
FRIDAY|CONTINUE|H10_30,2025-03-17/2025-03-23,-2049.2156953850013
FRIDAY|CONTINUE|H10_30,2025-03-24/2025-03-30,449.0439680875011
FRIDAY|CONTINUE|H10_30,2025-03-31/2025-04-06,1813.4307436225013
FRIDAY|CONTINUE|H10_30,2025-04-07/2025-04-13,268.1811584650038
FRIDAY|CONTINUE|H10_30,2025-04-21/2025-04-27,-4600.9059801725
FRIDAY|CONTINUE|H10_30,2025-04-28/2025-05-04,145.75151881000136
FRIDAY|CONTINUE|H10_30,2025-05-05/2025-05-11,299.97522019750465
FRIDAY|CONTINUE|H10_30,2025-05-12/2025-05-18,705.9649386775011
FRIDAY|CONTINUE|H10_30,2025-05-19/2025-05-25,1123.1907479575
FRIDAY|CONTINUE|H10_30,2025-05-26/2025-06-01,-1092.1780818049967
FRIDAY|CONTINUE|H10_30,2025-06-02/2025-06-08,1575.0270973075037
FRIDAY|CONTINUE|H10_30,2025-06-09/2025-06-15,-793.2039860599989
FRIDAY|CONTINUE|H10_30,2025-06-16/2025-06-22,-2614.5093477725
FRIDAY|CONTINUE|H10_30,2025-06-23/2025-06-29,-77.23613532499763
FRIDAY|CONTINUE|H10_30,2025-06-30/2025-07-06,-344.84641770499934
FRIDAY|CONTINUE|H10_30,2025-07-07/2025-07-13,835.2605037624988
FRIDAY|CONTINUE|H10_30,2025-07-14/2025-07-20,-2601.04437968
FRIDAY|CONTINUE|H10_30,2025-07-21/2025-07-27,2320.6507426825005
FRIDAY|CONTINUE|H10_30,2025-07-28/2025-08-03,-1337.7145847300005
FRIDAY|CONTINUE|H10_30,2025-08-04/2025-08-10,730.0465115724995
FRIDAY|CONTINUE|H10_30,2025-08-18/2025-08-24,494.33984037999966
FRIDAY|CONTINUE|H10_30,2025-08-25/2025-08-31,-396.5700272899992
FRIDAY|CONTINUE|H10_30,2025-09-01/2025-09-07,-1716.4765966174998
FRIDAY|CONTINUE|H10_30,2025-09-08/2025-09-14,543.7369522374989
FRIDAY|CONTINUE|H10_30,2025-09-15/2025-09-21,365.9007634149996
FRIDAY|CONTINUE|H10_30,2025-09-29/2025-10-05,-1240.5248044775005
FRIDAY|CONTINUE|H10_30,2025-10-20/2025-10-26,-2094.3611865049998
FRIDAY|CONTINUE|H10_30,2025-10-27/2025-11-02,-2333.5187526724994
FRIDAY|CONTINUE|H10_30,2025-11-03/2025-11-09,-728.678708352501
FRIDAY|CONTINUE|H10_30,2025-11-10/2025-11-16,1236.4100128300006
FRIDAY|CONTINUE|H10_30,2025-11-17/2025-11-23,1274.826007000001
FRIDAY|CONTINUE|H10_30,2025-11-24/2025-11-30,188.36236436500062
FRIDAY|CONTINUE|H10_30,2025-12-01/2025-12-07,-553.2357403699997
FRIDAY|CONTINUE|H10_30,2025-12-08/2025-12-14,-1976.0586874925013
FRIDAY|CONTINUE|H10_30,2025-12-15/2025-12-21,-431.46640874750085
FRIDAY|CONTINUE|H10_30,2025-12-22/2025-12-28,493.5351253674992
FRIDAY|CONTINUE|H10_30,2025-12-29/2026-01-04,1148.0791486184996
FRIDAY|CONTINUE|H10_30,2026-01-05/2026-01-11,-380.7541386095002
FRIDAY|CONTINUE|H10_30,2026-01-12/2026-01-18,2835.988964425002
FRIDAY|CONTINUE|H10_30,2026-01-19/2026-01-25,-657.9408785370008
FRIDAY|CONTINUE|H10_30,2026-01-26/2026-02-01,-501.5521627159993
FRIDAY|CONTINUE|H10_30,2026-02-02/2026-02-08,1065.4525770064995
FRIDAY|CONTINUE|H10_30,2026-02-09/2026-02-15,105.37439767999888
FRIDAY|CONTINUE|H10_30,2026-02-16/2026-02-22,-1686.6429253185
FRIDAY|CONTINUE|H10_30,2026-02-23/2026-03-01,744.2422909149989
FRIDAY|CONTINUE|H10_30,2026-03-02/2026-03-08,-95.4775229429228
FRIDAY|CONTINUE|H10_30,2026-03-09/2026-03-15,846.1428154875368
FRIDAY|CONTINUE|H10_30,2026-03-16/2026-03-22,-362.97312840897064
FRIDAY|CONTINUE|H10_30,2026-03-23/2026-03-29,129.46484614864875
FRIDAY|CONTINUE|H10_30,2026-04-06/2026-04-12,719.5886342706962
FRIDAY|CONTINUE|H10_30,2026-04-13/2026-04-19,-1148.2461223038435
FRIDAY|CONTINUE|H10_30,2026-04-20/2026-04-26,938.9774220460606
FRIDAY|CONTINUE|H10_30,2026-05-04/2026-05-10,-435.01990806330355
FRIDAY|CONTINUE|H10_30,2026-05-11/2026-05-17,565.0436621529254
FRIDAY|CONTINUE|H15_10,2021-06-28/2021-07-04,223.89912051500022
FRIDAY|CONTINUE|H15_10,2021-07-05/2021-07-11,-1058.9246678300005
FRIDAY|CONTINUE|H15_10,2021-07-12/2021-07-18,-744.9518696650001
FRIDAY|CONTINUE|H15_10,2021-07-19/2021-07-25,689.189486885
FRIDAY|CONTINUE|H15_10,2021-07-26/2021-08-01,-706.8031165200003
FRIDAY|CONTINUE|H15_10,2021-08-02/2021-08-08,-1832.7122122300004
FRIDAY|CONTINUE|H15_10,2021-08-09/2021-08-15,1861.518865045
FRIDAY|CONTINUE|H15_10,2021-08-16/2021-08-22,-285.0063237950006
FRIDAY|CONTINUE|H15_10,2021-08-23/2021-08-29,2317.010613305001
FRIDAY|CONTINUE|H15_10,2021-08-30/2021-09-05,494.49918445499907
FRIDAY|CONTINUE|H15_10,2021-09-13/2021-09-19,-2165.545926585001
FRIDAY|CONTINUE|H15_10,2021-09-20/2021-09-26,-639.4756133299998
FRIDAY|CONTINUE|H15_10,2021-09-27/2021-10-03,-623.1662679699996
FRIDAY|CONTINUE|H15_10,2021-10-04/2021-10-10,300.9429135050014
FRIDAY|CONTINUE|H15_10,2021-10-18/2021-10-24,-1932.27662587
FRIDAY|CONTINUE|H15_10,2021-11-08/2021-11-14,1702.603021265001
FRIDAY|CONTINUE|H15_10,2021-11-22/2021-11-28,2784.9335619750027
FRIDAY|CONTINUE|H15_10,2021-11-29/2021-12-05,-3055.8479435699987
FRIDAY|CONTINUE|H15_10,2021-12-06/2021-12-12,-458.8883363050001
FRIDAY|CONTINUE|H15_10,2021-12-13/2021-12-19,-1829.884434244999
FRIDAY|CONTINUE|H15_10,2021-12-20/2021-12-26,-1305.3800732099994
FRIDAY|CONTINUE|H15_10,2021-12-27/2022-01-02,345.7172559000016
FRIDAY|CONTINUE|H15_10,2022-01-03/2022-01-09,-927.1678193599997
FRIDAY|CONTINUE|H15_10,2022-01-10/2022-01-16,-1279.8165520050004
FRIDAY|CONTINUE|H15_10,2022-01-17/2022-01-23,-698.2640105250002
FRIDAY|CONTINUE|H15_10,2022-01-24/2022-01-30,-1290.1881568199979
FRIDAY|CONTINUE|H15_10,2022-01-31/2022-02-06,-607.0766928500002
FRIDAY|CONTINUE|H15_10,2022-02-07/2022-02-13,113.69552537000112
FRIDAY|CONTINUE|H15_10,2022-02-14/2022-02-20,80.56094973500163
FRIDAY|CONTINUE|H15_10,2022-02-21/2022-02-27,371.2907437750007
FRIDAY|CONTINUE|H15_10,2022-02-28/2022-03-06,-183.4341038049966
FRIDAY|CONTINUE|H15_10,2022-03-07/2022-03-13,-287.1196774399984
FRIDAY|CONTINUE|H15_10,2022-03-21/2022-03-27,-814.8435504899998
FRIDAY|CONTINUE|H15_10,2022-03-28/2022-04-03,-2031.446652435
FRIDAY|CONTINUE|H15_10,2022-04-04/2022-04-10,1647.8408360400015
FRIDAY|CONTINUE|H15_10,2022-04-18/2022-04-24,526.0728143000009
FRIDAY|CONTINUE|H15_10,2022-04-25/2022-05-01,-2438.9286151049996
FRIDAY|CONTINUE|H15_10,2022-05-02/2022-05-08,93.27033901500113
FRIDAY|CONTINUE|H15_10,2022-05-09/2022-05-15,-2462.460439644999
FRIDAY|CONTINUE|H15_10,2022-05-16/2022-05-22,1116.3377488600022
FRIDAY|CONTINUE|H15_10,2022-05-23/2022-05-29,-52.80864022499887
FRIDAY|CONTINUE|H15_10,2022-05-30/2022-06-05,-1691.1228822099995
FRIDAY|CONTINUE|H15_10,2022-06-06/2022-06-12,136.35890049500125
FRIDAY|CONTINUE|H15_10,2022-06-13/2022-06-19,-817.8001334849994
FRIDAY|CONTINUE|H15_10,2022-06-20/2022-06-26,-117.01556221999931
FRIDAY|CONTINUE|H15_10,2022-06-27/2022-07-03,-927.5383032099995
FRIDAY|CONTINUE|H15_10,2022-07-04/2022-07-10,74.56013643500141
FRIDAY|CONTINUE|H15_10,2022-07-11/2022-07-17,517.2754334100011
FRIDAY|CONTINUE|H15_10,2022-07-18/2022-07-24,341.2720887550006
FRIDAY|CONTINUE|H15_10,2022-07-25/2022-07-31,638.2589763650004
FRIDAY|CONTINUE|H15_10,2022-08-01/2022-08-07,-1014.7624881249993
FRIDAY|CONTINUE|H15_10,2022-08-08/2022-08-14,-1196.0528930700004
FRIDAY|CONTINUE|H15_10,2022-08-15/2022-08-21,-2330.5349517600007
FRIDAY|CONTINUE|H15_10,2022-08-22/2022-08-28,-1422.8811815850004
FRIDAY|CONTINUE|H15_10,2022-08-29/2022-09-04,-401.3010261400001
FRIDAY|CONTINUE|H15_10,2022-09-05/2022-09-11,-565.2416725200007
FRIDAY|CONTINUE|H15_10,2022-09-12/2022-09-18,2280.200395575002
FRIDAY|CONTINUE|H15_10,2022-09-19/2022-09-25,1543.051111570001
FRIDAY|CONTINUE|H15_10,2022-09-26/2022-10-02,2587.342448590001
FRIDAY|CONTINUE|H15_10,2022-10-03/2022-10-09,-769.4816135049989
FRIDAY|CONTINUE|H15_10,2022-10-10/2022-10-16,-1567.5831207549998
FRIDAY|CONTINUE|H15_10,2022-10-17/2022-10-23,-1142.0283576250001
FRIDAY|CONTINUE|H15_10,2022-10-24/2022-10-30,-365.34332018999936
FRIDAY|CONTINUE|H15_10,2022-10-31/2022-11-06,396.0362686049996
FRIDAY|CONTINUE|H15_10,2022-11-07/2022-11-13,202.28877831000165
FRIDAY|CONTINUE|H15_10,2022-11-14/2022-11-20,-165.92434274500062
FRIDAY|CONTINUE|H15_10,2022-11-21/2022-11-27,397.28582696000007
FRIDAY|CONTINUE|H15_10,2022-11-28/2022-12-04,404.1524301749993
FRIDAY|CONTINUE|H15_10,2022-12-05/2022-12-11,-2495.4044672649998
FRIDAY|CONTINUE|H15_10,2022-12-12/2022-12-18,1927.1771898299996
FRIDAY|CONTINUE|H15_10,2022-12-19/2022-12-25,2521.8248771999997
FRIDAY|CONTINUE|H15_10,2022-12-26/2023-01-01,-2149.8135571800008
FRIDAY|CONTINUE|H15_10,2023-01-02/2023-01-08,-1709.6830296000007
FRIDAY|CONTINUE|H15_10,2023-01-09/2023-01-15,2071.648740125
FRIDAY|CONTINUE|H15_10,2023-01-16/2023-01-22,-971.1487399350002
FRIDAY|CONTINUE|H15_10,2023-01-23/2023-01-29,1132.4273239800016
FRIDAY|CONTINUE|H15_10,2023-01-30/2023-02-05,2476.731840200001
FRIDAY|CONTINUE|H15_10,2023-02-06/2023-02-12,-378.1383621550003
FRIDAY|CONTINUE|H15_10,2023-02-13/2023-02-19,483.85800832499933
FRIDAY|CONTINUE|H15_10,2023-02-20/2023-02-26,-1705.95891618
FRIDAY|CONTINUE|H15_10,2023-02-27/2023-03-05,1911.27683943
FRIDAY|CONTINUE|H15_10,2023-03-06/2023-03-12,-832.1461739350004
FRIDAY|CONTINUE|H15_10,2023-03-13/2023-03-19,-149.963572635
FRIDAY|CONTINUE|H15_10,2023-03-20/2023-03-26,-872.7581921799999
FRIDAY|CONTINUE|H15_10,2023-03-27/2023-04-02,1073.4835525950004
FRIDAY|CONTINUE|H15_10,2023-04-17/2023-04-23,-559.5389814299999
FRIDAY|CONTINUE|H15_10,2023-04-24/2023-04-30,2689.137737375
FRIDAY|CONTINUE|H15_10,2023-05-01/2023-05-07,1246.8868550949999
FRIDAY|CONTINUE|H15_10,2023-05-08/2023-05-14,-1421.8746318200006
FRIDAY|CONTINUE|H15_10,2023-05-15/2023-05-21,971.3655734999995
FRIDAY|CONTINUE|H15_10,2023-05-22/2023-05-28,2340.46077441
FRIDAY|CONTINUE|H15_10,2023-05-29/2023-06-04,-219.65673985499984
FRIDAY|CONTINUE|H15_10,2023-06-05/2023-06-11,-1514.936290255
FRIDAY|CONTINUE|H15_10,2023-06-12/2023-06-18,1265.5160526599996
FRIDAY|CONTINUE|H15_10,2023-06-19/2023-06-25,-336.06232786
FRIDAY|CONTINUE|H15_10,2023-06-26/2023-07-02,1359.7721622850013
FRIDAY|CONTINUE|H15_10,2023-07-03/2023-07-09,2185.6614365
FRIDAY|CONTINUE|H15_10,2023-07-10/2023-07-16,868.4661209699999
FRIDAY|CONTINUE|H15_10,2023-07-17/2023-07-23,1558.0444949900004
FRIDAY|CONTINUE|H15_10,2023-07-24/2023-07-30,173.31652037000086
FRIDAY|CONTINUE|H15_10,2023-07-31/2023-08-06,468.80884640999955
FRIDAY|CONTINUE|H15_10,2023-08-07/2023-08-13,-1044.2154507000002
FRIDAY|CONTINUE|H15_10,2023-08-14/2023-08-20,-399.1611097700001
FRIDAY|CONTINUE|H15_10,2023-08-21/2023-08-27,375.5984625349998
FRIDAY|CONTINUE|H15_10,2023-08-28/2023-09-03,1859.9121009750004
FRIDAY|CONTINUE|H15_10,2023-09-04/2023-09-10,259.0129451499999
FRIDAY|CONTINUE|H15_10,2023-09-11/2023-09-17,575.5811377999997
FRIDAY|CONTINUE|H15_10,2023-09-18/2023-09-24,-1459.5021810499995
FRIDAY|CONTINUE|H15_10,2023-09-25/2023-10-01,472.05026702500027
FRIDAY|CONTINUE|H15_10,2023-10-02/2023-10-08,717.3816011399991
FRIDAY|CONTINUE|H15_10,2023-10-09/2023-10-15,-652.29787644
FRIDAY|CONTINUE|H15_10,2023-10-16/2023-10-22,165.4028616549998
FRIDAY|CONTINUE|H15_10,2023-10-23/2023-10-29,919.8341838000005
FRIDAY|CONTINUE|H15_10,2023-10-30/2023-11-05,-1203.8397349450004
FRIDAY|CONTINUE|H15_10,2023-11-06/2023-11-12,-1309.1108289250005
FRIDAY|CONTINUE|H15_10,2023-11-13/2023-11-19,-134.47554157000044
FRIDAY|CONTINUE|H15_10,2023-11-20/2023-11-26,-967.4810634300003
FRIDAY|CONTINUE|H15_10,2023-11-27/2023-12-03,59.47910570500051
FRIDAY|CONTINUE|H15_10,2023-12-04/2023-12-10,37.02487573000141
FRIDAY|CONTINUE|H15_10,2023-12-11/2023-12-17,2244.0826742200006
FRIDAY|CONTINUE|H15_10,2023-12-18/2023-12-24,1363.4484757100006
FRIDAY|CONTINUE|H15_10,2023-12-25/2023-12-31,-218.95361193499954
FRIDAY|CONTINUE|H15_10,2024-01-01/2024-01-07,-110.67215754500023
FRIDAY|CONTINUE|H15_10,2024-01-08/2024-01-14,1610.9602319300009
FRIDAY|CONTINUE|H15_10,2024-01-15/2024-01-21,-196.73043570999965
FRIDAY|CONTINUE|H15_10,2024-01-29/2024-02-04,-907.1303777849992
FRIDAY|CONTINUE|H15_10,2024-02-05/2024-02-11,176.1270374250016
FRIDAY|CONTINUE|H15_10,2024-02-12/2024-02-18,85.47751972000111
FRIDAY|CONTINUE|H15_10,2024-02-19/2024-02-25,-475.1678010199991
FRIDAY|CONTINUE|H15_10,2024-02-26/2024-03-03,1898.3968225650037
FRIDAY|CONTINUE|H15_10,2024-03-11/2024-03-17,480.2660242900009
FRIDAY|CONTINUE|H15_10,2024-03-18/2024-03-24,-2086.546794275
FRIDAY|CONTINUE|H15_10,2024-04-01/2024-04-07,-792.2160334300013
FRIDAY|CONTINUE|H15_10,2024-04-08/2024-04-14,1838.3143720299995
FRIDAY|CONTINUE|H15_10,2024-04-15/2024-04-21,-2246.0907383799995
FRIDAY|CONTINUE|H15_10,2024-04-22/2024-04-28,-1037.2057670275
FRIDAY|CONTINUE|H15_10,2024-04-29/2024-05-05,-1608.3963217875
FRIDAY|CONTINUE|H15_10,2024-05-06/2024-05-12,-212.5394948975
FRIDAY|CONTINUE|H15_10,2024-05-13/2024-05-19,111.15888840750014
FRIDAY|CONTINUE|H15_10,2024-05-20/2024-05-26,-304.8090580349997
FRIDAY|CONTINUE|H15_10,2024-05-27/2024-06-02,-457.3781695374986
FRIDAY|CONTINUE|H15_10,2024-06-03/2024-06-09,1332.7104356075
FRIDAY|CONTINUE|H15_10,2024-06-10/2024-06-16,603.2922149825002
FRIDAY|CONTINUE|H15_10,2024-06-17/2024-06-23,-904.8095347224997
FRIDAY|CONTINUE|H15_10,2024-06-24/2024-06-30,-480.6284872874995
FRIDAY|CONTINUE|H15_10,2024-07-01/2024-07-07,-1009.3728531125001
FRIDAY|CONTINUE|H15_10,2024-07-08/2024-07-14,235.4406181025001
FRIDAY|CONTINUE|H15_10,2024-07-15/2024-07-21,-1085.1690726899988
FRIDAY|CONTINUE|H15_10,2024-07-22/2024-07-28,1814.0193322975
FRIDAY|CONTINUE|H15_10,2024-07-29/2024-08-04,525.4032141550005
FRIDAY|CONTINUE|H15_10,2024-08-05/2024-08-11,-272.1087038800001
FRIDAY|CONTINUE|H15_10,2024-08-12/2024-08-18,834.4551238750003
FRIDAY|CONTINUE|H15_10,2024-08-19/2024-08-25,-48.575280957499274
FRIDAY|CONTINUE|H15_10,2024-08-26/2024-09-01,84.25783232750028
FRIDAY|CONTINUE|H15_10,2024-09-02/2024-09-08,1423.065817125
FRIDAY|CONTINUE|H15_10,2024-09-09/2024-09-15,44.5909500525008
FRIDAY|CONTINUE|H15_10,2024-09-16/2024-09-22,1505.5025662750013
FRIDAY|CONTINUE|H15_10,2024-09-23/2024-09-29,-123.4087711974995
FRIDAY|CONTINUE|H15_10,2024-09-30/2024-10-06,727.6257339225011
FRIDAY|CONTINUE|H15_10,2024-10-07/2024-10-13,72.09188800000094
FRIDAY|CONTINUE|H15_10,2024-10-14/2024-10-20,-1057.2588105724994
FRIDAY|CONTINUE|H15_10,2024-10-21/2024-10-27,-1472.5989891275
FRIDAY|CONTINUE|H15_10,2024-11-04/2024-11-10,-368.97746891999896
FRIDAY|CONTINUE|H15_10,2024-11-18/2024-11-24,4045.919614405004
FRIDAY|CONTINUE|H15_10,2024-11-25/2024-12-01,1676.464528412504
FRIDAY|CONTINUE|H15_10,2024-12-02/2024-12-08,-718.5799701799982
FRIDAY|CONTINUE|H15_10,2024-12-09/2024-12-15,-4509.772443139998
FRIDAY|CONTINUE|H15_10,2024-12-16/2024-12-22,-4238.262097527501
FRIDAY|CONTINUE|H15_10,2024-12-23/2024-12-29,-712.2030377299982
FRIDAY|CONTINUE|H15_10,2024-12-30/2025-01-05,1507.6932907150021
FRIDAY|CONTINUE|H15_10,2025-01-06/2025-01-12,-2184.11137361
FRIDAY|CONTINUE|H15_10,2025-01-13/2025-01-19,85.96884944500044
FRIDAY|CONTINUE|H15_10,2025-01-20/2025-01-26,-2839.594427599999
FRIDAY|CONTINUE|H15_10,2025-01-27/2025-02-02,1672.980780220005
FRIDAY|CONTINUE|H15_10,2025-02-03/2025-02-09,-1304.0173021324981
FRIDAY|CONTINUE|H15_10,2025-02-10/2025-02-16,-1942.4360968249978
FRIDAY|CONTINUE|H15_10,2025-02-17/2025-02-23,958.237900375
FRIDAY|CONTINUE|H15_10,2025-02-24/2025-03-02,2920.3806571974983
FRIDAY|CONTINUE|H15_10,2025-03-03/2025-03-09,-1130.6408915675004
FRIDAY|CONTINUE|H15_10,2025-03-17/2025-03-23,-2875.9359052175
FRIDAY|CONTINUE|H15_10,2025-03-24/2025-03-30,-1352.8955403649995
FRIDAY|CONTINUE|H15_10,2025-03-31/2025-04-06,2907.0282304975008
FRIDAY|CONTINUE|H15_10,2025-04-07/2025-04-13,420.2287432975027
FRIDAY|CONTINUE|H15_10,2025-04-21/2025-04-27,-3852.252712377499
FRIDAY|CONTINUE|H15_10,2025-04-28/2025-05-04,3022.279204945001
FRIDAY|CONTINUE|H15_10,2025-05-05/2025-05-11,1201.1571066700055
FRIDAY|CONTINUE|H15_10,2025-05-12/2025-05-18,326.50179672250044
FRIDAY|CONTINUE|H15_10,2025-05-19/2025-05-25,1887.2211708400018
FRIDAY|CONTINUE|H15_10,2025-05-26/2025-06-01,-1012.2636909424982
FRIDAY|CONTINUE|H15_10,2025-06-02/2025-06-08,4203.869072035001
FRIDAY|CONTINUE|H15_10,2025-06-09/2025-06-15,-1266.904979397497
FRIDAY|CONTINUE|H15_10,2025-06-16/2025-06-22,-3482.1353763725
FRIDAY|CONTINUE|H15_10,2025-06-23/2025-06-29,1134.5463322900036
FRIDAY|CONTINUE|H15_10,2025-06-30/2025-07-06,354.3240855475012
FRIDAY|CONTINUE|H15_10,2025-07-07/2025-07-13,2094.8386317100003
FRIDAY|CONTINUE|H15_10,2025-07-14/2025-07-20,-2260.5838356275003
FRIDAY|CONTINUE|H15_10,2025-07-21/2025-07-27,3159.371904557499
FRIDAY|CONTINUE|H15_10,2025-07-28/2025-08-03,1816.2143687425014
FRIDAY|CONTINUE|H15_10,2025-08-04/2025-08-10,2127.997113797499
FRIDAY|CONTINUE|H15_10,2025-08-18/2025-08-24,1626.9747826825007
FRIDAY|CONTINUE|H15_10,2025-08-25/2025-08-31,-3381.839287144999
FRIDAY|CONTINUE|H15_10,2025-09-01/2025-09-07,-1095.0593176775003
FRIDAY|CONTINUE|H15_10,2025-09-08/2025-09-14,1389.3897847074988
FRIDAY|CONTINUE|H15_10,2025-09-15/2025-09-21,257.6252832174997
FRIDAY|CONTINUE|H15_10,2025-09-29/2025-10-05,-2404.4070391850005
FRIDAY|CONTINUE|H15_10,2025-10-20/2025-10-26,-3714.6919246175003
FRIDAY|CONTINUE|H15_10,2025-10-27/2025-11-02,-4103.260849415
FRIDAY|CONTINUE|H15_10,2025-11-03/2025-11-09,-2790.249108215001
FRIDAY|CONTINUE|H15_10,2025-11-10/2025-11-16,-1547.5320686075002
FRIDAY|CONTINUE|H15_10,2025-11-17/2025-11-23,1219.5339841675
FRIDAY|CONTINUE|H15_10,2025-11-24/2025-11-30,-828.0894164450002
FRIDAY|CONTINUE|H15_10,2025-12-01/2025-12-07,-3602.8968317075
FRIDAY|CONTINUE|H15_10,2025-12-08/2025-12-14,-235.5351752000009
FRIDAY|CONTINUE|H15_10,2025-12-15/2025-12-21,-569.3648206850007
FRIDAY|CONTINUE|H15_10,2025-12-22/2025-12-28,1908.4165309824994
FRIDAY|CONTINUE|H15_10,2025-12-29/2026-01-04,2811.538819680001
FRIDAY|CONTINUE|H15_10,2026-01-05/2026-01-11,4128.175416852001
FRIDAY|CONTINUE|H15_10,2026-01-12/2026-01-18,-991.1108182500001
FRIDAY|CONTINUE|H15_10,2026-01-19/2026-01-25,-4027.3102613515002
FRIDAY|CONTINUE|H15_10,2026-01-26/2026-02-01,-1174.5114577369998
FRIDAY|CONTINUE|H15_10,2026-02-02/2026-02-08,-2066.3498711315005
FRIDAY|CONTINUE|H15_10,2026-02-09/2026-02-15,1595.2145159660013
FRIDAY|CONTINUE|H15_10,2026-02-16/2026-02-22,-1920.7409043035002
FRIDAY|CONTINUE|H15_10,2026-02-23/2026-03-01,3171.3331493605
FRIDAY|CONTINUE|H15_10,2026-03-02/2026-03-08,1536.5810945301278
FRIDAY|CONTINUE|H15_10,2026-03-09/2026-03-15,2948.7015061959887
FRIDAY|CONTINUE|H15_10,2026-03-16/2026-03-22,-2118.911134666667
FRIDAY|CONTINUE|H15_10,2026-03-23/2026-03-29,2229.1824613933145
FRIDAY|CONTINUE|H15_10,2026-04-06/2026-04-12,1412.6279974982062
FRIDAY|CONTINUE|H15_10,2026-04-13/2026-04-19,-2026.8036774125837
FRIDAY|CONTINUE|H15_10,2026-04-20/2026-04-26,1777.9086905217519
FRIDAY|CONTINUE|H15_10,2026-05-04/2026-05-10,-80.49476253686922
FRIDAY|CONTINUE|H15_10,2026-05-11/2026-05-17,-2146.9152091259402
FRIDAY|FADE|H10_30,2021-06-28/2021-07-04,-204.0737607650005
FRIDAY|FADE|H10_30,2021-07-05/2021-07-11,557.9199853449996
FRIDAY|FADE|H10_30,2021-07-12/2021-07-18,242.5369485449994
FRIDAY|FADE|H10_30,2021-07-19/2021-07-25,-502.7012758850001
FRIDAY|FADE|H10_30,2021-07-26/2021-08-01,-268.9353393550011
FRIDAY|FADE|H10_30,2021-08-02/2021-08-08,-131.78785856000076
FRIDAY|FADE|H10_30,2021-08-09/2021-08-15,-361.16506486000026
FRIDAY|FADE|H10_30,2021-08-16/2021-08-22,-622.0056802199999
FRIDAY|FADE|H10_30,2021-08-23/2021-08-29,-1142.7301557950002
FRIDAY|FADE|H10_30,2021-08-30/2021-09-05,-25.38273310000021
FRIDAY|FADE|H10_30,2021-09-13/2021-09-19,-603.5816450100007
FRIDAY|FADE|H10_30,2021-09-20/2021-09-26,-626.0491531200005
FRIDAY|FADE|H10_30,2021-09-27/2021-10-03,-29.746895229997733
FRIDAY|FADE|H10_30,2021-10-04/2021-10-10,-987.8186089300007
FRIDAY|FADE|H10_30,2021-10-18/2021-10-24,63.27293417500198
FRIDAY|FADE|H10_30,2021-11-08/2021-11-14,641.8383471400005
FRIDAY|FADE|H10_30,2021-11-22/2021-11-28,-1709.5748034399996
FRIDAY|FADE|H10_30,2021-11-29/2021-12-05,532.1951254400005
FRIDAY|FADE|H10_30,2021-12-06/2021-12-12,-908.4144644550005
FRIDAY|FADE|H10_30,2021-12-13/2021-12-19,532.1811824300016
FRIDAY|FADE|H10_30,2021-12-20/2021-12-26,1153.1864777000008
FRIDAY|FADE|H10_30,2021-12-27/2022-01-02,-390.2475371300008
FRIDAY|FADE|H10_30,2022-01-03/2022-01-09,-523.7359718849997
FRIDAY|FADE|H10_30,2022-01-10/2022-01-16,92.24054444500183
FRIDAY|FADE|H10_30,2022-01-17/2022-01-23,274.8362797849997
FRIDAY|FADE|H10_30,2022-01-24/2022-01-30,-541.693903889998
FRIDAY|FADE|H10_30,2022-01-31/2022-02-06,130.63695385000142
FRIDAY|FADE|H10_30,2022-02-07/2022-02-13,-841.827935419999
FRIDAY|FADE|H10_30,2022-02-14/2022-02-20,-388.4913762899984
FRIDAY|FADE|H10_30,2022-02-21/2022-02-27,-659.3390900349991
FRIDAY|FADE|H10_30,2022-02-28/2022-03-06,-580.912286009997
FRIDAY|FADE|H10_30,2022-03-07/2022-03-13,-565.9487767799977
FRIDAY|FADE|H10_30,2022-03-21/2022-03-27,-141.8440866899982
FRIDAY|FADE|H10_30,2022-03-28/2022-04-03,696.3349567550005
FRIDAY|FADE|H10_30,2022-04-04/2022-04-10,-255.36347162500044
FRIDAY|FADE|H10_30,2022-04-18/2022-04-24,-182.38971425999853
FRIDAY|FADE|H10_30,2022-04-25/2022-05-01,100.61365761500045
FRIDAY|FADE|H10_30,2022-05-02/2022-05-08,-530.335663285
FRIDAY|FADE|H10_30,2022-05-09/2022-05-15,420.8794074150016
FRIDAY|FADE|H10_30,2022-05-16/2022-05-22,-567.2893003649996
FRIDAY|FADE|H10_30,2022-05-23/2022-05-29,268.01748302000135
FRIDAY|FADE|H10_30,2022-05-30/2022-06-05,22.354169710001983
FRIDAY|FADE|H10_30,2022-06-06/2022-06-12,197.45055384000057
FRIDAY|FADE|H10_30,2022-06-13/2022-06-19,495.26738621000294
FRIDAY|FADE|H10_30,2022-06-20/2022-06-26,164.6160821300001
FRIDAY|FADE|H10_30,2022-06-27/2022-07-03,-947.28360645
FRIDAY|FADE|H10_30,2022-07-04/2022-07-10,-187.897868084998
FRIDAY|FADE|H10_30,2022-07-11/2022-07-17,32.306160930001
FRIDAY|FADE|H10_30,2022-07-18/2022-07-24,407.7756246050013
FRIDAY|FADE|H10_30,2022-07-25/2022-07-31,196.714892230002
FRIDAY|FADE|H10_30,2022-08-01/2022-08-07,-240.17487960999932
FRIDAY|FADE|H10_30,2022-08-08/2022-08-14,916.5469513600007
FRIDAY|FADE|H10_30,2022-08-15/2022-08-21,43.360314814999555
FRIDAY|FADE|H10_30,2022-08-22/2022-08-28,282.81699404999955
FRIDAY|FADE|H10_30,2022-08-29/2022-09-04,214.177524625001
FRIDAY|FADE|H10_30,2022-09-05/2022-09-11,-394.47758170499924
FRIDAY|FADE|H10_30,2022-09-12/2022-09-18,-714.767893149998
FRIDAY|FADE|H10_30,2022-09-19/2022-09-25,-736.8589399899995
FRIDAY|FADE|H10_30,2022-09-26/2022-10-02,-1032.7808462950009
FRIDAY|FADE|H10_30,2022-10-03/2022-10-09,189.94190729000107
FRIDAY|FADE|H10_30,2022-10-10/2022-10-16,327.15445546499967
FRIDAY|FADE|H10_30,2022-10-17/2022-10-23,-164.0500019849988
FRIDAY|FADE|H10_30,2022-10-24/2022-10-30,-283.9406776149994
FRIDAY|FADE|H10_30,2022-10-31/2022-11-06,524.049083225001
FRIDAY|FADE|H10_30,2022-11-07/2022-11-13,92.89387128999967
FRIDAY|FADE|H10_30,2022-11-14/2022-11-20,91.55069465999927
FRIDAY|FADE|H10_30,2022-11-21/2022-11-27,-53.4818939550005
FRIDAY|FADE|H10_30,2022-11-28/2022-12-04,-632.72121907
FRIDAY|FADE|H10_30,2022-12-05/2022-12-11,802.9306302299995
FRIDAY|FADE|H10_30,2022-12-12/2022-12-18,-1423.8213406750006
FRIDAY|FADE|H10_30,2022-12-19/2022-12-25,-1381.8024017150003
FRIDAY|FADE|H10_30,2022-12-26/2023-01-01,64.42422658499983
FRIDAY|FADE|H10_30,2023-01-02/2023-01-08,241.7807080850002
FRIDAY|FADE|H10_30,2023-01-09/2023-01-15,32.86786412499973
FRIDAY|FADE|H10_30,2023-01-16/2023-01-22,-1100.10436669
FRIDAY|FADE|H10_30,2023-01-23/2023-01-29,-828.8270662249997
FRIDAY|FADE|H10_30,2023-01-30/2023-02-05,266.7413619400014
FRIDAY|FADE|H10_30,2023-02-06/2023-02-12,-628.4632884750001
FRIDAY|FADE|H10_30,2023-02-13/2023-02-19,276.22327361499975
FRIDAY|FADE|H10_30,2023-02-20/2023-02-26,115.45499767499909
FRIDAY|FADE|H10_30,2023-02-27/2023-03-05,-658.55629976
FRIDAY|FADE|H10_30,2023-03-06/2023-03-12,448.80128547999976
FRIDAY|FADE|H10_30,2023-03-13/2023-03-19,160.78307767499945
FRIDAY|FADE|H10_30,2023-03-20/2023-03-26,-432.4928821700003
FRIDAY|FADE|H10_30,2023-03-27/2023-04-02,287.71165543499944
FRIDAY|FADE|H10_30,2023-04-17/2023-04-23,662.2124091250004
FRIDAY|FADE|H10_30,2023-04-24/2023-04-30,-22.4513830800001
FRIDAY|FADE|H10_30,2023-05-01/2023-05-07,594.0277464850006
FRIDAY|FADE|H10_30,2023-05-08/2023-05-14,372.84704189499956
FRIDAY|FADE|H10_30,2023-05-15/2023-05-21,700.1805680149994
FRIDAY|FADE|H10_30,2023-05-22/2023-05-28,-473.56236670000067
FRIDAY|FADE|H10_30,2023-05-29/2023-06-04,978.9844343799996
FRIDAY|FADE|H10_30,2023-06-05/2023-06-11,415.13686901000045
FRIDAY|FADE|H10_30,2023-06-12/2023-06-18,-481.25227237999974
FRIDAY|FADE|H10_30,2023-06-19/2023-06-25,504.4764086500002
FRIDAY|FADE|H10_30,2023-06-26/2023-07-02,-187.72856379499993
FRIDAY|FADE|H10_30,2023-07-03/2023-07-09,-432.00554169499986
FRIDAY|FADE|H10_30,2023-07-10/2023-07-16,154.47286510999925
FRIDAY|FADE|H10_30,2023-07-17/2023-07-23,-654.3242605599992
FRIDAY|FADE|H10_30,2023-07-24/2023-07-30,-28.140796035000136
FRIDAY|FADE|H10_30,2023-07-31/2023-08-06,-80.72853657500013
FRIDAY|FADE|H10_30,2023-08-07/2023-08-13,167.01560314499977
FRIDAY|FADE|H10_30,2023-08-14/2023-08-20,-629.7792439600005
FRIDAY|FADE|H10_30,2023-08-21/2023-08-27,-1071.5185302350005
FRIDAY|FADE|H10_30,2023-08-28/2023-09-03,-525.6395284150002
FRIDAY|FADE|H10_30,2023-09-04/2023-09-10,835.1429790349991
FRIDAY|FADE|H10_30,2023-09-11/2023-09-17,-199.36965385000045
FRIDAY|FADE|H10_30,2023-09-18/2023-09-24,298.30568998999934
FRIDAY|FADE|H10_30,2023-09-25/2023-10-01,-578.70664384
FRIDAY|FADE|H10_30,2023-10-02/2023-10-08,-299.73014880999995
FRIDAY|FADE|H10_30,2023-10-09/2023-10-15,-705.6033527850004
FRIDAY|FADE|H10_30,2023-10-16/2023-10-22,-235.93288665000043
FRIDAY|FADE|H10_30,2023-10-23/2023-10-29,-512.3053567300001
FRIDAY|FADE|H10_30,2023-10-30/2023-11-05,220.85423178999932
FRIDAY|FADE|H10_30,2023-11-06/2023-11-12,-115.00578061000016
FRIDAY|FADE|H10_30,2023-11-13/2023-11-19,527.6742658249992
FRIDAY|FADE|H10_30,2023-11-20/2023-11-26,462.4209532050002
FRIDAY|FADE|H10_30,2023-11-27/2023-12-03,-203.478194130001
FRIDAY|FADE|H10_30,2023-12-04/2023-12-10,-816.8002260150007
FRIDAY|FADE|H10_30,2023-12-11/2023-12-17,-518.3546348999998
FRIDAY|FADE|H10_30,2023-12-18/2023-12-24,-1231.068451760001
FRIDAY|FADE|H10_30,2023-12-25/2023-12-31,-529.5966837549993
FRIDAY|FADE|H10_30,2024-01-01/2024-01-07,-317.08787296500026
FRIDAY|FADE|H10_30,2024-01-08/2024-01-14,-938.8235173
FRIDAY|FADE|H10_30,2024-01-15/2024-01-21,-470.6356578949992
FRIDAY|FADE|H10_30,2024-01-29/2024-02-04,-711.2535897549988
FRIDAY|FADE|H10_30,2024-02-05/2024-02-11,53.97626442500092
FRIDAY|FADE|H10_30,2024-02-12/2024-02-18,-511.057786544998
FRIDAY|FADE|H10_30,2024-02-19/2024-02-25,-283.89287116499827
FRIDAY|FADE|H10_30,2024-02-26/2024-03-03,-712.15125494
FRIDAY|FADE|H10_30,2024-03-11/2024-03-17,-1608.46470386
FRIDAY|FADE|H10_30,2024-03-18/2024-03-24,1732.4941945700014
FRIDAY|FADE|H10_30,2024-04-01/2024-04-07,27.40220420500114
FRIDAY|FADE|H10_30,2024-04-08/2024-04-14,-1026.1997455750004
FRIDAY|FADE|H10_30,2024-04-15/2024-04-21,-95.54132574
FRIDAY|FADE|H10_30,2024-04-22/2024-04-28,329.0088725674998
FRIDAY|FADE|H10_30,2024-04-29/2024-05-05,487.56718142249974
FRIDAY|FADE|H10_30,2024-05-06/2024-05-12,-380.3493265525
FRIDAY|FADE|H10_30,2024-05-13/2024-05-19,-260.3656975225
FRIDAY|FADE|H10_30,2024-05-20/2024-05-26,-501.1459653949997
FRIDAY|FADE|H10_30,2024-05-27/2024-06-02,78.73209159000169
FRIDAY|FADE|H10_30,2024-06-03/2024-06-09,-433.56151383249863
FRIDAY|FADE|H10_30,2024-06-10/2024-06-16,-633.8874550299998
FRIDAY|FADE|H10_30,2024-06-17/2024-06-23,-218.1236736300002
FRIDAY|FADE|H10_30,2024-06-24/2024-06-30,-275.0536676999992
FRIDAY|FADE|H10_30,2024-07-01/2024-07-07,363.71536120250033
FRIDAY|FADE|H10_30,2024-07-08/2024-07-14,131.08079987999977
FRIDAY|FADE|H10_30,2024-07-15/2024-07-21,94.50362729750069
FRIDAY|FADE|H10_30,2024-07-22/2024-07-28,-766.4812133099998
FRIDAY|FADE|H10_30,2024-07-29/2024-08-04,-377.49532473499994
FRIDAY|FADE|H10_30,2024-08-05/2024-08-11,211.05528124250034
FRIDAY|FADE|H10_30,2024-08-12/2024-08-18,831.9194874525007
FRIDAY|FADE|H10_30,2024-08-19/2024-08-25,-237.92375159749992
FRIDAY|FADE|H10_30,2024-08-26/2024-09-01,88.08120577750033
FRIDAY|FADE|H10_30,2024-09-02/2024-09-08,-1125.89761835
FRIDAY|FADE|H10_30,2024-09-09/2024-09-15,-352.22825709749986
FRIDAY|FADE|H10_30,2024-09-16/2024-09-22,-549.2138468600003
FRIDAY|FADE|H10_30,2024-09-23/2024-09-29,-450.7250363875
FRIDAY|FADE|H10_30,2024-09-30/2024-10-06,-136.8740684999987
FRIDAY|FADE|H10_30,2024-10-07/2024-10-13,-136.80668051249967
FRIDAY|FADE|H10_30,2024-10-14/2024-10-20,444.2034101000011
FRIDAY|FADE|H10_30,2024-10-21/2024-10-27,930.5669835800006
FRIDAY|FADE|H10_30,2024-11-04/2024-11-10,-282.5523540349999
FRIDAY|FADE|H10_30,2024-11-18/2024-11-24,-589.7495013049996
FRIDAY|FADE|H10_30,2024-11-25/2024-12-01,-388.854556197498
FRIDAY|FADE|H10_30,2024-12-02/2024-12-08,-211.2743184349959
FRIDAY|FADE|H10_30,2024-12-09/2024-12-15,-2518.7218276549993
FRIDAY|FADE|H10_30,2024-12-16/2024-12-22,-452.30423719249785
FRIDAY|FADE|H10_30,2024-12-23/2024-12-29,-1416.5832498424995
FRIDAY|FADE|H10_30,2024-12-30/2025-01-05,-1972.4225441375004
FRIDAY|FADE|H10_30,2025-01-06/2025-01-12,1198.1025804850028
FRIDAY|FADE|H10_30,2025-01-13/2025-01-19,369.3317508700014
FRIDAY|FADE|H10_30,2025-01-20/2025-01-26,506.7082972449995
FRIDAY|FADE|H10_30,2025-01-27/2025-02-02,-1030.229259327498
FRIDAY|FADE|H10_30,2025-02-03/2025-02-09,207.1316601325008
FRIDAY|FADE|H10_30,2025-02-10/2025-02-16,-369.4827287449981
FRIDAY|FADE|H10_30,2025-02-17/2025-02-23,-1345.9499267599967
FRIDAY|FADE|H10_30,2025-02-24/2025-03-02,-1134.1953618049981
FRIDAY|FADE|H10_30,2025-03-03/2025-03-09,984.9736317325019
FRIDAY|FADE|H10_30,2025-03-17/2025-03-23,2049.7568814475
FRIDAY|FADE|H10_30,2025-03-24/2025-03-30,-975.4561294849993
FRIDAY|FADE|H10_30,2025-03-31/2025-04-06,-2372.339094132499
FRIDAY|FADE|H10_30,2025-04-07/2025-04-13,-609.2577669199949
FRIDAY|FADE|H10_30,2025-04-21/2025-04-27,5022.2792479075015
FRIDAY|FADE|H10_30,2025-04-28/2025-05-04,-646.9845794074988
FRIDAY|FADE|H10_30,2025-05-05/2025-05-11,-858.1575175099958
FRIDAY|FADE|H10_30,2025-05-12/2025-05-18,-1284.8396795075007
FRIDAY|FADE|H10_30,2025-05-19/2025-05-25,-1218.3494250199988
FRIDAY|FADE|H10_30,2025-05-26/2025-06-01,728.3026476925013
FRIDAY|FADE|H10_30,2025-06-02/2025-06-08,-1595.9651181499996
FRIDAY|FADE|H10_30,2025-06-09/2025-06-15,412.85487595000046
FRIDAY|FADE|H10_30,2025-06-16/2025-06-22,3013.8845156125017
FRIDAY|FADE|H10_30,2025-06-23/2025-06-29,-671.2623614374979
FRIDAY|FADE|H10_30,2025-06-30/2025-07-06,-110.63364320749957
FRIDAY|FADE|H10_30,2025-07-07/2025-07-13,-1388.8237045624987
FRIDAY|FADE|H10_30,2025-07-14/2025-07-20,2283.1400468499996
FRIDAY|FADE|H10_30,2025-07-21/2025-07-27,-2413.0716225874994
FRIDAY|FADE|H10_30,2025-07-28/2025-08-03,909.1106825874996
FRIDAY|FADE|H10_30,2025-08-04/2025-08-10,-1209.8441889199987
FRIDAY|FADE|H10_30,2025-08-18/2025-08-24,-1223.8698693500005
FRIDAY|FADE|H10_30,2025-08-25/2025-08-31,-390.38729966750054
FRIDAY|FADE|H10_30,2025-09-01/2025-09-07,1992.216044755
FRIDAY|FADE|H10_30,2025-09-08/2025-09-14,-776.4405084725005
FRIDAY|FADE|H10_30,2025-09-15/2025-09-21,-614.7553117925006
FRIDAY|FADE|H10_30,2025-09-29/2025-10-05,1255.6762703950005
FRIDAY|FADE|H10_30,2025-10-20/2025-10-26,1245.8085988824994
FRIDAY|FADE|H10_30,2025-10-27/2025-11-02,1632.8368210749998
FRIDAY|FADE|H10_30,2025-11-03/2025-11-09,53.45472807249895
FRIDAY|FADE|H10_30,2025-11-10/2025-11-16,-1513.744156445
FRIDAY|FADE|H10_30,2025-11-17/2025-11-23,-1743.4762478525006
FRIDAY|FADE|H10_30,2025-11-24/2025-11-30,-614.2603349375
FRIDAY|FADE|H10_30,2025-12-01/2025-12-07,-337.66776218000103
FRIDAY|FADE|H10_30,2025-12-08/2025-12-14,1048.2938363875003
FRIDAY|FADE|H10_30,2025-12-15/2025-12-21,-78.58761966500012
FRIDAY|FADE|H10_30,2025-12-22/2025-12-28,-1021.9033070975
FRIDAY|FADE|H10_30,2025-12-29/2026-01-04,-998.9343147490006
FRIDAY|FADE|H10_30,2026-01-05/2026-01-11,51.34621187749934
FRIDAY|FADE|H10_30,2026-01-12/2026-01-18,-2204.095640676
FRIDAY|FADE|H10_30,2026-01-19/2026-01-25,5.880363319499622
FRIDAY|FADE|H10_30,2026-01-26/2026-02-01,193.61138412150248
FRIDAY|FADE|H10_30,2026-02-02/2026-02-08,-1702.8630328324996
FRIDAY|FADE|H10_30,2026-02-09/2026-02-15,-482.0719838744995
FRIDAY|FADE|H10_30,2026-02-16/2026-02-22,2289.8921205025
FRIDAY|FADE|H10_30,2026-02-23/2026-03-01,-1194.6286449375013
FRIDAY|FADE|H10_30,2026-03-02/2026-03-08,-400.5603179315186
FRIDAY|FADE|H10_30,2026-03-09/2026-03-15,-1281.8240663158876
FRIDAY|FADE|H10_30,2026-03-16/2026-03-22,-22.910094591517833
FRIDAY|FADE|H10_30,2026-03-23/2026-03-29,-680.961421147387
FRIDAY|FADE|H10_30,2026-04-06/2026-04-12,-1085.2352796258144
FRIDAY|FADE|H10_30,2026-04-13/2026-04-19,898.5651934533512
FRIDAY|FADE|H10_30,2026-04-20/2026-04-26,-1242.1610152439596
FRIDAY|FADE|H10_30,2026-05-04/2026-05-10,-35.92972669647908
FRIDAY|FADE|H10_30,2026-05-11/2026-05-17,-933.6957363439345
FRIDAY|FADE|H10_30,2026-06-15/2026-06-21,-138.15273059228056
FRIDAY|FADE|H15_10,2021-06-28/2021-07-04,-1081.8297217950003
FRIDAY|FADE|H15_10,2021-07-05/2021-07-11,458.4936720549986
FRIDAY|FADE|H15_10,2021-07-12/2021-07-18,173.23086768499948
FRIDAY|FADE|H15_10,2021-07-19/2021-07-25,-1039.0180258900002
FRIDAY|FADE|H15_10,2021-07-26/2021-08-01,207.69401851999913
FRIDAY|FADE|H15_10,2021-08-02/2021-08-08,1283.1400237549994
FRIDAY|FADE|H15_10,2021-08-09/2021-08-15,-1651.223287225
FRIDAY|FADE|H15_10,2021-08-16/2021-08-22,-312.3558800299999
FRIDAY|FADE|H15_10,2021-08-23/2021-08-29,-1821.3639253850004
FRIDAY|FADE|H15_10,2021-08-30/2021-09-05,-1005.3170929350007
FRIDAY|FADE|H15_10,2021-09-13/2021-09-19,2198.060761640001
FRIDAY|FADE|H15_10,2021-09-20/2021-09-26,184.54861546500052
FRIDAY|FADE|H15_10,2021-09-27/2021-10-03,45.346864530002264
FRIDAY|FADE|H15_10,2021-10-04/2021-10-10,-753.0069466500009
FRIDAY|FADE|H15_10,2021-10-18/2021-10-24,1771.441017205001
FRIDAY|FADE|H15_10,2021-11-08/2021-11-14,-1771.0435829300004
FRIDAY|FADE|H15_10,2021-11-22/2021-11-28,-2954.083187394999
FRIDAY|FADE|H15_10,2021-11-29/2021-12-05,2804.053417935002
FRIDAY|FADE|H15_10,2021-12-06/2021-12-12,-240.1476584649991
FRIDAY|FADE|H15_10,2021-12-13/2021-12-19,1590.803280685002
FRIDAY|FADE|H15_10,2021-12-20/2021-12-26,685.0736458899999
FRIDAY|FADE|H15_10,2021-12-27/2022-01-02,-676.6715941250004
FRIDAY|FADE|H15_10,2022-01-03/2022-01-09,495.1843865700009
FRIDAY|FADE|H15_10,2022-01-10/2022-01-16,1101.0263228000008
FRIDAY|FADE|H15_10,2022-01-17/2022-01-23,83.61712197000071
FRIDAY|FADE|H15_10,2022-01-24/2022-01-30,1273.549233955001
FRIDAY|FADE|H15_10,2022-01-31/2022-02-06,96.06292381000125
FRIDAY|FADE|H15_10,2022-02-07/2022-02-13,-440.33416633499905
FRIDAY|FADE|H15_10,2022-02-14/2022-02-20,-594.3453885149993
FRIDAY|FADE|H15_10,2022-02-21/2022-02-27,-490.23952995499883
FRIDAY|FADE|H15_10,2022-02-28/2022-03-06,-209.63635042499774
FRIDAY|FADE|H15_10,2022-03-07/2022-03-13,-37.209723499998006
FRIDAY|FADE|H15_10,2022-03-21/2022-03-27,341.44737692000126
FRIDAY|FADE|H15_10,2022-03-28/2022-04-03,2013.0183637100017
FRIDAY|FADE|H15_10,2022-04-04/2022-04-10,-1922.5882220900005
FRIDAY|FADE|H15_10,2022-04-18/2022-04-24,-1040.0159451899995
FRIDAY|FADE|H15_10,2022-04-25/2022-05-01,2675.934371780001
FRIDAY|FADE|H15_10,2022-05-02/2022-05-08,-524.6362901150003
FRIDAY|FADE|H15_10,2022-05-09/2022-05-15,2024.48483693
FRIDAY|FADE|H15_10,2022-05-16/2022-05-22,-1386.139342700001
FRIDAY|FADE|H15_10,2022-05-23/2022-05-29,-382.9560013199977
FRIDAY|FADE|H15_10,2022-05-30/2022-06-05,1336.4899886300027
FRIDAY|FADE|H15_10,2022-06-06/2022-06-12,-529.8436751399993
FRIDAY|FADE|H15_10,2022-06-13/2022-06-19,601.276129970001
FRIDAY|FADE|H15_10,2022-06-20/2022-06-26,-414.6896401150001
FRIDAY|FADE|H15_10,2022-06-27/2022-07-03,410.3006391650006
FRIDAY|FADE|H15_10,2022-07-04/2022-07-10,-550.9454331449995
FRIDAY|FADE|H15_10,2022-07-11/2022-07-17,-874.3105139599995
FRIDAY|FADE|H15_10,2022-07-18/2022-07-24,-698.0747858049996
FRIDAY|FADE|H15_10,2022-07-25/2022-07-31,-1093.8784770599993
FRIDAY|FADE|H15_10,2022-08-01/2022-08-07,405.0939190150016
FRIDAY|FADE|H15_10,2022-08-08/2022-08-14,991.8963329700005
FRIDAY|FADE|H15_10,2022-08-15/2022-08-21,2369.131598675001
FRIDAY|FADE|H15_10,2022-08-22/2022-08-28,1107.2130364449993
FRIDAY|FADE|H15_10,2022-08-29/2022-09-04,-31.424704100000554
FRIDAY|FADE|H15_10,2022-09-05/2022-09-11,198.48167170500176
FRIDAY|FADE|H15_10,2022-09-12/2022-09-18,-2347.581282024999
FRIDAY|FADE|H15_10,2022-09-19/2022-09-25,-1736.021381945
FRIDAY|FADE|H15_10,2022-09-26/2022-10-02,-2365.5584760400016
FRIDAY|FADE|H15_10,2022-10-03/2022-10-09,538.6799548400011
FRIDAY|FADE|H15_10,2022-10-10/2022-10-16,1086.2938673200003
FRIDAY|FADE|H15_10,2022-10-17/2022-10-23,533.4539791350005
FRIDAY|FADE|H15_10,2022-10-24/2022-10-30,25.402376355000698
FRIDAY|FADE|H15_10,2022-10-31/2022-11-06,-751.4167786350001
FRIDAY|FADE|H15_10,2022-11-07/2022-11-13,-602.7875583150004
FRIDAY|FADE|H15_10,2022-11-14/2022-11-20,-356.9575937600004
FRIDAY|FADE|H15_10,2022-11-21/2022-11-27,-711.9394567450004
FRIDAY|FADE|H15_10,2022-11-28/2022-12-04,-829.6769314149998
FRIDAY|FADE|H15_10,2022-12-05/2022-12-11,2498.51812899
FRIDAY|FADE|H15_10,2022-12-12/2022-12-18,-2289.42032028
FRIDAY|FADE|H15_10,2022-12-19/2022-12-25,-3391.4795552650003
FRIDAY|FADE|H15_10,2022-12-26/2023-01-01,2132.919657975001
FRIDAY|FADE|H15_10,2023-01-02/2023-01-08,1428.7588836649998
FRIDAY|FADE|H15_10,2023-01-09/2023-01-15,-1978.8409860900006
FRIDAY|FADE|H15_10,2023-01-16/2023-01-22,309.2449818749993
FRIDAY|FADE|H15_10,2023-01-23/2023-01-29,-1617.27801593
FRIDAY|FADE|H15_10,2023-01-30/2023-02-05,-2198.022527704999
FRIDAY|FADE|H15_10,2023-02-06/2023-02-12,-196.69126618000058
FRIDAY|FADE|H15_10,2023-02-13/2023-02-19,-873.8006000100005
FRIDAY|FADE|H15_10,2023-02-20/2023-02-26,1080.8242181500002
FRIDAY|FADE|H15_10,2023-02-27/2023-03-05,-1614.0698003350005
FRIDAY|FADE|H15_10,2023-03-06/2023-03-12,573.8382615499995
FRIDAY|FADE|H15_10,2023-03-13/2023-03-19,-525.9914215850008
FRIDAY|FADE|H15_10,2023-03-20/2023-03-26,262.979402284999
FRIDAY|FADE|H15_10,2023-03-27/2023-04-02,-1168.4941916850003
FRIDAY|FADE|H15_10,2023-04-17/2023-04-23,-175.45140782499993
FRIDAY|FADE|H15_10,2023-04-24/2023-04-30,-1841.3323167850003
FRIDAY|FADE|H15_10,2023-05-01/2023-05-07,-1596.022226395
FRIDAY|FADE|H15_10,2023-05-08/2023-05-14,1265.5631942349996
FRIDAY|FADE|H15_10,2023-05-15/2023-05-21,-1362.07104794
FRIDAY|FADE|H15_10,2023-05-22/2023-05-28,-1665.9610552500005
FRIDAY|FADE|H15_10,2023-05-29/2023-06-04,-384.73141771500036
FRIDAY|FADE|H15_10,2023-06-05/2023-06-11,1141.2034482349995
FRIDAY|FADE|H15_10,2023-06-12/2023-06-18,-1005.1936004699998
FRIDAY|FADE|H15_10,2023-06-19/2023-06-25,-220.77218065499966
FRIDAY|FADE|H15_10,2023-06-26/2023-07-02,-1430.084411665
FRIDAY|FADE|H15_10,2023-07-03/2023-07-09,-2155.85354001
FRIDAY|FADE|H15_10,2023-07-10/2023-07-16,-1075.3588354050005
FRIDAY|FADE|H15_10,2023-07-17/2023-07-23,-1990.964768949999
FRIDAY|FADE|H15_10,2023-07-24/2023-07-30,-840.5471731250003
FRIDAY|FADE|H15_10,2023-07-31/2023-08-06,-1067.7432924450004
FRIDAY|FADE|H15_10,2023-08-07/2023-08-13,531.5504226049999
FRIDAY|FADE|H15_10,2023-08-14/2023-08-20,-103.18343142500032
FRIDAY|FADE|H15_10,2023-08-21/2023-08-27,-894.1905996300002
FRIDAY|FADE|H15_10,2023-08-28/2023-09-03,-1518.4884398850004
FRIDAY|FADE|H15_10,2023-09-04/2023-09-10,-636.2554428950004
FRIDAY|FADE|H15_10,2023-09-11/2023-09-17,-960.1125118550004
FRIDAY|FADE|H15_10,2023-09-18/2023-09-24,702.5654875999998
FRIDAY|FADE|H15_10,2023-09-25/2023-10-01,-935.0456264650003
FRIDAY|FADE|H15_10,2023-10-02/2023-10-08,-1015.5506038549997
FRIDAY|FADE|H15_10,2023-10-09/2023-10-15,289.6211829299996
FRIDAY|FADE|H15_10,2023-10-16/2023-10-22,-492.7200688950008
FRIDAY|FADE|H15_10,2023-10-23/2023-10-29,-1195.2860275200003
FRIDAY|FADE|H15_10,2023-10-30/2023-11-05,624.9141795899991
FRIDAY|FADE|H15_10,2023-11-06/2023-11-12,1136.9780513300004
FRIDAY|FADE|H15_10,2023-11-13/2023-11-19,-152.92148538000134
FRIDAY|FADE|H15_10,2023-11-20/2023-11-26,475.12635969000013
FRIDAY|FADE|H15_10,2023-11-27/2023-12-03,-343.23368267000086
FRIDAY|FADE|H15_10,2023-12-04/2023-12-10,-622.1736612150006
FRIDAY|FADE|H15_10,2023-12-11/2023-12-17,-1374.200143345
FRIDAY|FADE|H15_10,2023-12-18/2023-12-24,-1318.3749649850008
FRIDAY|FADE|H15_10,2023-12-25/2023-12-31,-339.5494036550002
FRIDAY|FADE|H15_10,2024-01-01/2024-01-07,-396.82598480500064
FRIDAY|FADE|H15_10,2024-01-08/2024-01-14,-1547.0404129000005
FRIDAY|FADE|H15_10,2024-01-15/2024-01-21,-238.7991692899986
FRIDAY|FADE|H15_10,2024-01-29/2024-02-04,417.03245995000145
FRIDAY|FADE|H15_10,2024-02-05/2024-02-11,-614.15177634
FRIDAY|FADE|H15_10,2024-02-12/2024-02-18,-503.01532281999954
FRIDAY|FADE|H15_10,2024-02-19/2024-02-25,-71.642335269999
FRIDAY|FADE|H15_10,2024-02-26/2024-03-03,-1788.33225691
FRIDAY|FADE|H15_10,2024-03-11/2024-03-17,-1054.8446719899998
FRIDAY|FADE|H15_10,2024-03-18/2024-03-24,2565.058187780001
FRIDAY|FADE|H15_10,2024-04-01/2024-04-07,437.08716245500125
FRIDAY|FADE|H15_10,2024-04-08/2024-04-14,-2163.146399115
FRIDAY|FADE|H15_10,2024-04-15/2024-04-21,2598.229951230003
FRIDAY|FADE|H15_10,2024-04-22/2024-04-28,724.3033115199997
FRIDAY|FADE|H15_10,2024-04-29/2024-05-05,1708.1460326150004
FRIDAY|FADE|H15_10,2024-05-06/2024-05-12,-169.40511836499937
FRIDAY|FADE|H15_10,2024-05-13/2024-05-19,-498.17145659500034
FRIDAY|FADE|H15_10,2024-05-20/2024-05-26,-87.26747905499965
FRIDAY|FADE|H15_10,2024-05-27/2024-06-02,76.70570747000022
FRIDAY|FADE|H15_10,2024-06-03/2024-06-09,-1363.1114611449987
FRIDAY|FADE|H15_10,2024-06-10/2024-06-16,-847.0120853224998
FRIDAY|FADE|H15_10,2024-06-17/2024-06-23,587.9439432275003
FRIDAY|FADE|H15_10,2024-06-24/2024-06-30,102.81664996750024
FRIDAY|FADE|H15_10,2024-07-01/2024-07-07,840.6796837550005
FRIDAY|FADE|H15_10,2024-07-08/2024-07-14,-432.32291300500015
FRIDAY|FADE|H15_10,2024-07-15/2024-07-21,901.0811613325013
FRIDAY|FADE|H15_10,2024-07-22/2024-07-28,-1438.2603312975
FRIDAY|FADE|H15_10,2024-07-29/2024-08-04,-756.2838896649996
FRIDAY|FADE|H15_10,2024-08-05/2024-08-11,-139.22413378749948
FRIDAY|FADE|H15_10,2024-08-12/2024-08-18,-930.2923865774995
FRIDAY|FADE|H15_10,2024-08-19/2024-08-25,-221.65258491000026
FRIDAY|FADE|H15_10,2024-08-26/2024-09-01,-460.1020462775002
FRIDAY|FADE|H15_10,2024-09-02/2024-09-08,-1443.7970360174995
FRIDAY|FADE|H15_10,2024-09-09/2024-09-15,-391.90211087750015
FRIDAY|FADE|H15_10,2024-09-16/2024-09-22,-1259.62540811
FRIDAY|FADE|H15_10,2024-09-23/2024-09-29,-217.71932634000007
FRIDAY|FADE|H15_10,2024-09-30/2024-10-06,-1242.8317077574993
FRIDAY|FADE|H15_10,2024-10-07/2024-10-13,-483.9595401549998
FRIDAY|FADE|H15_10,2024-10-14/2024-10-20,1097.5684530925007
FRIDAY|FADE|H15_10,2024-10-21/2024-10-27,1282.638407832501
FRIDAY|FADE|H15_10,2024-11-04/2024-11-10,-118.9968026175
FRIDAY|FADE|H15_10,2024-11-18/2024-11-24,-3167.1686384750005
FRIDAY|FADE|H15_10,2024-11-25/2024-12-01,-2085.7264740649994
FRIDAY|FADE|H15_10,2024-12-02/2024-12-08,-410.8456749049964
FRIDAY|FADE|H15_10,2024-12-09/2024-12-15,4899.408418495003
FRIDAY|FADE|H15_10,2024-12-16/2024-12-22,4012.883627470004
FRIDAY|FADE|H15_10,2024-12-23/2024-12-29,-233.98450915249794
FRIDAY|FADE|H15_10,2024-12-30/2025-01-05,-2269.9276469525
FRIDAY|FADE|H15_10,2025-01-06/2025-01-12,932.6674076650013
FRIDAY|FADE|H15_10,2025-01-13/2025-01-19,-716.1708213874996
FRIDAY|FADE|H15_10,2025-01-20/2025-01-26,2013.0319807374995
FRIDAY|FADE|H15_10,2025-01-27/2025-02-02,-2195.8225046975
FRIDAY|FADE|H15_10,2025-02-03/2025-02-09,309.9952578250014
FRIDAY|FADE|H15_10,2025-02-10/2025-02-16,1180.703688947501
FRIDAY|FADE|H15_10,2025-02-17/2025-02-23,-1519.8312776224996
FRIDAY|FADE|H15_10,2025-02-24/2025-03-02,-3459.1572862099993
FRIDAY|FADE|H15_10,2025-03-03/2025-03-09,616.6678897150005
FRIDAY|FADE|H15_10,2025-03-17/2025-03-23,3079.9186303375
FRIDAY|FADE|H15_10,2025-03-24/2025-03-30,-334.23478978249955
FRIDAY|FADE|H15_10,2025-03-31/2025-04-06,-3961.150651145
FRIDAY|FADE|H15_10,2025-04-07/2025-04-13,-404.8053596374971
FRIDAY|FADE|H15_10,2025-04-21/2025-04-27,3527.688607330004
FRIDAY|FADE|H15_10,2025-04-28/2025-05-04,-4232.1112354925
FRIDAY|FADE|H15_10,2025-05-05/2025-05-11,-2065.8965122249983
FRIDAY|FADE|H15_10,2025-05-12/2025-05-18,-959.093000255
FRIDAY|FADE|H15_10,2025-05-19/2025-05-25,-1875.2616375349987
FRIDAY|FADE|H15_10,2025-05-26/2025-06-01,614.7198575650007
FRIDAY|FADE|H15_10,2025-06-02/2025-06-08,-3628.72924967
FRIDAY|FADE|H15_10,2025-06-09/2025-06-15,855.1751209750018
FRIDAY|FADE|H15_10,2025-06-16/2025-06-22,4208.6525217775
FRIDAY|FADE|H15_10,2025-06-23/2025-06-29,-2041.9683124399992
FRIDAY|FADE|H15_10,2025-06-30/2025-07-06,-1055.566719800001
FRIDAY|FADE|H15_10,2025-07-07/2025-07-13,-2728.2465083224993
FRIDAY|FADE|H15_10,2025-07-14/2025-07-20,1380.3955459449999
FRIDAY|FADE|H15_10,2025-07-21/2025-07-27,-3228.5159168974997
FRIDAY|FADE|H15_10,2025-07-28/2025-08-03,-2123.822776317501
FRIDAY|FADE|H15_10,2025-08-04/2025-08-10,-2615.4236122400002
FRIDAY|FADE|H15_10,2025-08-18/2025-08-24,-2199.9805232975
FRIDAY|FADE|H15_10,2025-08-25/2025-08-31,1626.6441300099993
FRIDAY|FADE|H15_10,2025-09-01/2025-09-07,553.4990538624995
FRIDAY|FADE|H15_10,2025-09-08/2025-09-14,-1712.1891210425001
FRIDAY|FADE|H15_10,2025-09-15/2025-09-21,-1093.5255865775002
FRIDAY|FADE|H15_10,2025-09-29/2025-10-05,3830.005036225001
FRIDAY|FADE|H15_10,2025-10-20/2025-10-26,2844.486830095002
FRIDAY|FADE|H15_10,2025-10-27/2025-11-02,3421.1490221950003
FRIDAY|FADE|H15_10,2025-11-03/2025-11-09,3179.7326884074996
FRIDAY|FADE|H15_10,2025-11-10/2025-11-16,671.3384512900021
FRIDAY|FADE|H15_10,2025-11-17/2025-11-23,-1971.2194657100008
FRIDAY|FADE|H15_10,2025-11-24/2025-11-30,-220.865134055
FRIDAY|FADE|H15_10,2025-12-01/2025-12-07,3803.2065613225
FRIDAY|FADE|H15_10,2025-12-08/2025-12-14,-1079.98393193
FRIDAY|FADE|H15_10,2025-12-15/2025-12-21,-774.0482849450009
FRIDAY|FADE|H15_10,2025-12-22/2025-12-28,-2081.34538667
FRIDAY|FADE|H15_10,2025-12-29/2026-01-04,-1997.962504883
FRIDAY|FADE|H15_10,2026-01-05/2026-01-11,-4155.034985628001
FRIDAY|FADE|H15_10,2026-01-12/2026-01-18,344.8152077039996
FRIDAY|FADE|H15_10,2026-01-19/2026-01-25,5043.3168564475
FRIDAY|FADE|H15_10,2026-01-26/2026-02-01,859.6690195855018
FRIDAY|FADE|H15_10,2026-02-02/2026-02-08,1623.017090278502
FRIDAY|FADE|H15_10,2026-02-09/2026-02-15,-1915.7001718144995
FRIDAY|FADE|H15_10,2026-02-16/2026-02-22,2628.8882489345
FRIDAY|FADE|H15_10,2026-02-23/2026-03-01,-3360.702806526501
FRIDAY|FADE|H15_10,2026-03-02/2026-03-08,-1953.845010868119
FRIDAY|FADE|H15_10,2026-03-09/2026-03-15,-3322.541066800844
FRIDAY|FADE|H15_10,2026-03-16/2026-03-22,1738.9410490864987
FRIDAY|FADE|H15_10,2026-03-23/2026-03-29,-2982.329098013698
FRIDAY|FADE|H15_10,2026-04-06/2026-04-12,-1965.4263611605145
FRIDAY|FADE|H15_10,2026-04-13/2026-04-19,1641.4473755151118
FRIDAY|FADE|H15_10,2026-04-20/2026-04-26,-2187.096278318751
FRIDAY|FADE|H15_10,2026-05-04/2026-05-10,-733.1604237383195
FRIDAY|FADE|H15_10,2026-05-11/2026-05-17,1459.5890291470362
FRIDAY|FADE|H15_10,2026-06-15/2026-06-21,293.7061868624886
MONDAY|CONTINUE|H10_30,2021-07-05/2021-07-11,60.31767447499966
MONDAY|CONTINUE|H10_30,2021-07-12/2021-07-18,-86.13245348999996
MONDAY|CONTINUE|H10_30,2021-07-19/2021-07-25,-68.79663793500015
MONDAY|CONTINUE|H10_30,2021-07-26/2021-08-01,-432.90785455
MONDAY|CONTINUE|H10_30,2021-08-02/2021-08-08,-274.1247985750005
MONDAY|CONTINUE|H10_30,2021-08-09/2021-08-15,30.262509424999593
MONDAY|CONTINUE|H10_30,2021-08-16/2021-08-22,-662.9636206699997
MONDAY|CONTINUE|H10_30,2021-08-23/2021-08-29,-1123.5080510950002
MONDAY|CONTINUE|H10_30,2021-08-30/2021-09-05,546.422308185
MONDAY|CONTINUE|H10_30,2021-09-06/2021-09-12,-652.5030387950005
MONDAY|CONTINUE|H10_30,2021-09-13/2021-09-19,-28.45218992500068
MONDAY|CONTINUE|H10_30,2021-09-20/2021-09-26,-699.8428950300007
MONDAY|CONTINUE|H10_30,2021-09-27/2021-10-03,-513.0861652900003
MONDAY|CONTINUE|H10_30,2021-10-04/2021-10-10,1588.4024234649992
MONDAY|CONTINUE|H10_30,2021-10-11/2021-10-17,-1222.3706665650004
MONDAY|CONTINUE|H10_30,2021-10-18/2021-10-24,-230.07018015500046
MONDAY|CONTINUE|H10_30,2021-10-25/2021-10-31,-856.606202724999
MONDAY|CONTINUE|H10_30,2021-11-01/2021-11-07,277.00541838000254
MONDAY|CONTINUE|H10_30,2021-11-08/2021-11-14,8.159514200001368
MONDAY|CONTINUE|H10_30,2021-11-15/2021-11-21,-483.0170572300008
MONDAY|CONTINUE|H10_30,2021-11-22/2021-11-28,-1032.8007667249997
MONDAY|CONTINUE|H10_30,2021-11-29/2021-12-05,682.0679331500004
MONDAY|CONTINUE|H10_30,2021-12-06/2021-12-12,-503.0153228199988
MONDAY|CONTINUE|H10_30,2021-12-13/2021-12-19,-585.5075148000001
MONDAY|CONTINUE|H10_30,2021-12-20/2021-12-26,584.2855652900015
MONDAY|CONTINUE|H10_30,2021-12-27/2022-01-02,-740.6773365600002
MONDAY|CONTINUE|H10_30,2022-01-03/2022-01-09,530.4867710500012
MONDAY|CONTINUE|H10_30,2022-01-10/2022-01-16,974.941626355
MONDAY|CONTINUE|H10_30,2022-01-17/2022-01-23,-382.11743255000107
MONDAY|CONTINUE|H10_30,2022-01-24/2022-01-30,488.0761045150009
MONDAY|CONTINUE|H10_30,2022-01-31/2022-02-06,256.2814513950028
MONDAY|CONTINUE|H10_30,2022-02-07/2022-02-13,98.1676534450014
MONDAY|CONTINUE|H10_30,2022-02-14/2022-02-20,-758.4659642749978
MONDAY|CONTINUE|H10_30,2022-02-21/2022-02-27,-318.12629154499945
MONDAY|CONTINUE|H10_30,2022-02-28/2022-03-06,-789.5090884099968
MONDAY|CONTINUE|H10_30,2022-03-07/2022-03-13,367.9663299750023
MONDAY|CONTINUE|H10_30,2022-03-14/2022-03-20,44.42928537000101
MONDAY|CONTINUE|H10_30,2022-03-21/2022-03-27,-761.3395540849998
MONDAY|CONTINUE|H10_30,2022-03-28/2022-04-03,-647.0519803049989
MONDAY|CONTINUE|H10_30,2022-04-04/2022-04-10,1589.3100488649995
MONDAY|CONTINUE|H10_30,2022-04-11/2022-04-17,-598.2308470900012
MONDAY|CONTINUE|H10_30,2022-04-18/2022-04-24,666.12907164
MONDAY|CONTINUE|H10_30,2022-04-25/2022-05-01,-323.4737715449996
MONDAY|CONTINUE|H10_30,2022-05-02/2022-05-08,-440.42247206499917
MONDAY|CONTINUE|H10_30,2022-05-09/2022-05-15,-987.114816135
MONDAY|CONTINUE|H10_30,2022-05-16/2022-05-22,77.10905422000029
MONDAY|CONTINUE|H10_30,2022-05-23/2022-05-29,387.5635661950017
MONDAY|CONTINUE|H10_30,2022-05-30/2022-06-05,42.761430260001475
MONDAY|CONTINUE|H10_30,2022-06-06/2022-06-12,-483.36031993500023
MONDAY|CONTINUE|H10_30,2022-06-13/2022-06-19,48.07637657000127
MONDAY|CONTINUE|H10_30,2022-06-20/2022-06-26,-215.35830352499943
MONDAY|CONTINUE|H10_30,2022-06-27/2022-07-03,-216.82896186999972
MONDAY|CONTINUE|H10_30,2022-07-04/2022-07-10,367.2193783999994
MONDAY|CONTINUE|H10_30,2022-07-11/2022-07-17,-238.89278756499982
MONDAY|CONTINUE|H10_30,2022-07-18/2022-07-24,-46.19235277000039
MONDAY|CONTINUE|H10_30,2022-07-25/2022-07-31,719.0793304400001
MONDAY|CONTINUE|H10_30,2022-08-01/2022-08-07,473.27326911000046
MONDAY|CONTINUE|H10_30,2022-08-08/2022-08-14,307.1309569000007
MONDAY|CONTINUE|H10_30,2022-08-22/2022-08-28,685.5609863650004
MONDAY|CONTINUE|H10_30,2022-08-29/2022-09-04,-864.5802811500008
MONDAY|CONTINUE|H10_30,2022-09-05/2022-09-11,290.30240225000193
MONDAY|CONTINUE|H10_30,2022-09-12/2022-09-18,535.2107983949998
MONDAY|CONTINUE|H10_30,2022-09-19/2022-09-25,1291.9347516000005
MONDAY|CONTINUE|H10_30,2022-09-26/2022-10-02,1294.937811295001
MONDAY|CONTINUE|H10_30,2022-10-03/2022-10-09,-865.9380656650003
MONDAY|CONTINUE|H10_30,2022-10-10/2022-10-16,-93.11723662500064
MONDAY|CONTINUE|H10_30,2022-10-17/2022-10-23,-1354.3618867050004
MONDAY|CONTINUE|H10_30,2022-10-31/2022-11-06,-362.2061429400004
MONDAY|CONTINUE|H10_30,2022-11-07/2022-11-13,-936.2121916349997
MONDAY|CONTINUE|H10_30,2022-11-14/2022-11-20,-982.9153170800002
MONDAY|CONTINUE|H10_30,2022-11-21/2022-11-27,-185.13981160499958
MONDAY|CONTINUE|H10_30,2022-11-28/2022-12-04,-574.5044852849999
MONDAY|CONTINUE|H10_30,2022-12-05/2022-12-11,-844.1026406750002
MONDAY|CONTINUE|H10_30,2022-12-12/2022-12-18,-1656.835684415
MONDAY|CONTINUE|H10_30,2022-12-19/2022-12-25,1023.0802169550013
MONDAY|CONTINUE|H10_30,2022-12-26/2023-01-01,172.73556162000085
MONDAY|CONTINUE|H10_30,2023-01-02/2023-01-08,919.9211597800007
MONDAY|CONTINUE|H10_30,2023-01-09/2023-01-15,1700.3475715650009
MONDAY|CONTINUE|H10_30,2023-01-16/2023-01-22,-597.3577500050009
MONDAY|CONTINUE|H10_30,2023-01-23/2023-01-29,950.2963491849996
MONDAY|CONTINUE|H10_30,2023-01-30/2023-02-05,894.016370495001
MONDAY|CONTINUE|H10_30,2023-02-06/2023-02-12,596.7340201750001
MONDAY|CONTINUE|H10_30,2023-02-13/2023-02-19,-1081.7141949199997
MONDAY|CONTINUE|H10_30,2023-02-20/2023-02-26,626.7745773399997
MONDAY|CONTINUE|H10_30,2023-02-27/2023-03-05,1761.2758915849997
MONDAY|CONTINUE|H10_30,2023-03-06/2023-03-12,256.23230874000035
MONDAY|CONTINUE|H10_30,2023-03-13/2023-03-19,-1635.71068806
MONDAY|CONTINUE|H10_30,2023-03-20/2023-03-26,455.500572575
MONDAY|CONTINUE|H10_30,2023-03-27/2023-04-02,284.1780964849994
MONDAY|CONTINUE|H10_30,2023-04-03/2023-04-09,102.79075534499994
MONDAY|CONTINUE|H10_30,2023-04-10/2023-04-16,-14.408254480000508
MONDAY|CONTINUE|H10_30,2023-04-17/2023-04-23,-306.76406814500024
MONDAY|CONTINUE|H10_30,2023-04-24/2023-04-30,-774.811832575
MONDAY|CONTINUE|H10_30,2023-05-08/2023-05-14,878.0980878349997
MONDAY|CONTINUE|H10_30,2023-05-15/2023-05-21,900.8358256800002
MONDAY|CONTINUE|H10_30,2023-05-22/2023-05-28,-464.40910984500016
MONDAY|CONTINUE|H10_30,2023-05-29/2023-06-04,-344.2488693549999
MONDAY|CONTINUE|H10_30,2023-06-05/2023-06-11,-12.31149043500082
MONDAY|CONTINUE|H10_30,2023-06-12/2023-06-18,230.56587392000012
MONDAY|CONTINUE|H10_30,2023-06-19/2023-06-25,-709.0253676550001
MONDAY|CONTINUE|H10_30,2023-06-26/2023-07-02,-677.6356564400006
MONDAY|CONTINUE|H10_30,2023-07-03/2023-07-09,877.7773986049997
MONDAY|CONTINUE|H10_30,2023-07-10/2023-07-16,287.7382117049991
MONDAY|CONTINUE|H10_30,2023-07-17/2023-07-23,458.70148745499955
MONDAY|CONTINUE|H10_30,2023-07-24/2023-07-30,659.4516931449996
MONDAY|CONTINUE|H10_30,2023-07-31/2023-08-06,882.0652098450008
MONDAY|CONTINUE|H10_30,2023-08-07/2023-08-13,894.8947736699992
MONDAY|CONTINUE|H10_30,2023-08-14/2023-08-20,-814.6390594650006
MONDAY|CONTINUE|H10_30,2023-08-21/2023-08-27,-14.036440879999972
MONDAY|CONTINUE|H10_30,2023-08-28/2023-09-03,480.9332941450002
MONDAY|CONTINUE|H10_30,2023-09-04/2023-09-10,-1250.57207616
MONDAY|CONTINUE|H10_30,2023-09-11/2023-09-17,434.87154715999975
MONDAY|CONTINUE|H10_30,2023-09-18/2023-09-24,-566.9872082700007
MONDAY|CONTINUE|H10_30,2023-09-25/2023-10-01,-917.2025500049998
MONDAY|CONTINUE|H10_30,2023-10-09/2023-10-15,-967.5321878000004
MONDAY|CONTINUE|H10_30,2023-10-16/2023-10-22,-847.1349161399996
MONDAY|CONTINUE|H10_30,2023-10-23/2023-10-29,1198.5205286650003
MONDAY|CONTINUE|H10_30,2023-10-30/2023-11-05,1215.8702872300005
MONDAY|CONTINUE|H10_30,2023-11-06/2023-11-12,-21.688500325000263
MONDAY|CONTINUE|H10_30,2023-11-13/2023-11-19,-763.3108374950002
MONDAY|CONTINUE|H10_30,2023-11-20/2023-11-26,122.1210862049995
MONDAY|CONTINUE|H10_30,2023-12-04/2023-12-10,-498.16315534000006
MONDAY|CONTINUE|H10_30,2023-12-11/2023-12-17,791.1328491449995
MONDAY|CONTINUE|H10_30,2023-12-18/2023-12-24,-162.74931926000045
MONDAY|CONTINUE|H10_30,2024-01-01/2024-01-07,-439.6941176250006
MONDAY|CONTINUE|H10_30,2024-01-08/2024-01-14,-225.22133059500078
MONDAY|CONTINUE|H10_30,2024-01-15/2024-01-21,-832.0751291349991
MONDAY|CONTINUE|H10_30,2024-01-29/2024-02-04,374.52618697000116
MONDAY|CONTINUE|H10_30,2024-02-05/2024-02-11,-443.8391743899997
MONDAY|CONTINUE|H10_30,2024-02-12/2024-02-18,-1764.4970040699995
MONDAY|CONTINUE|H10_30,2024-02-19/2024-02-25,265.00313336
MONDAY|CONTINUE|H10_30,2024-02-26/2024-03-03,373.898745065
MONDAY|CONTINUE|H10_30,2024-03-11/2024-03-17,-708.0938390300007
MONDAY|CONTINUE|H10_30,2024-03-18/2024-03-24,-264.23786828
MONDAY|CONTINUE|H10_30,2024-04-01/2024-04-07,-331.30841987000036
MONDAY|CONTINUE|H10_30,2024-04-08/2024-04-14,264.7687552349994
MONDAY|CONTINUE|H10_30,2024-04-15/2024-04-21,-776.8933238600006
MONDAY|CONTINUE|H10_30,2024-04-22/2024-04-28,-144.20909230000052
MONDAY|CONTINUE|H10_30,2024-04-29/2024-05-05,295.1764783300004
MONDAY|CONTINUE|H10_30,2024-05-06/2024-05-12,-643.2269511224999
MONDAY|CONTINUE|H10_30,2024-05-13/2024-05-19,288.70094427000106
MONDAY|CONTINUE|H10_30,2024-05-27/2024-06-02,-95.12005318499986
MONDAY|CONTINUE|H10_30,2024-06-03/2024-06-09,69.05297992250102
MONDAY|CONTINUE|H10_30,2024-06-10/2024-06-16,-330.1591188574998
MONDAY|CONTINUE|H10_30,2024-06-24/2024-06-30,-542.0248954549999
MONDAY|CONTINUE|H10_30,2024-07-01/2024-07-07,131.55121186250005
MONDAY|CONTINUE|H10_30,2024-07-08/2024-07-14,-229.22364256750052
MONDAY|CONTINUE|H10_30,2024-07-15/2024-07-21,-151.41697005000037
MONDAY|CONTINUE|H10_30,2024-07-22/2024-07-28,-524.1293648749992
MONDAY|CONTINUE|H10_30,2024-07-29/2024-08-04,-158.9408861324995
MONDAY|CONTINUE|H10_30,2024-08-05/2024-08-11,-393.8611037824992
MONDAY|CONTINUE|H10_30,2024-08-12/2024-08-18,-226.76369538750006
MONDAY|CONTINUE|H10_30,2024-08-19/2024-08-25,-472.05685405750023
MONDAY|CONTINUE|H10_30,2024-08-26/2024-09-01,827.2694903900002
MONDAY|CONTINUE|H10_30,2024-09-02/2024-09-08,-437.7663318875
MONDAY|CONTINUE|H10_30,2024-09-09/2024-09-15,-603.2954840950003
MONDAY|CONTINUE|H10_30,2024-09-16/2024-09-22,116.69028058249962
MONDAY|CONTINUE|H10_30,2024-09-23/2024-09-29,-228.07931843499983
MONDAY|CONTINUE|H10_30,2024-09-30/2024-10-06,298.6695347724999
MONDAY|CONTINUE|H10_30,2024-10-07/2024-10-13,-351.60878723749966
MONDAY|CONTINUE|H10_30,2024-10-14/2024-10-20,304.89940719750007
MONDAY|CONTINUE|H10_30,2024-10-21/2024-10-27,-641.6769531775
MONDAY|CONTINUE|H10_30,2024-10-28/2024-11-03,940.3154746325002
MONDAY|CONTINUE|H10_30,2024-11-04/2024-11-10,-900.3149021674991
MONDAY|CONTINUE|H10_30,2024-11-11/2024-11-17,-796.0669636899996
MONDAY|CONTINUE|H10_30,2024-11-18/2024-11-24,-1559.8596840725002
MONDAY|CONTINUE|H10_30,2024-11-25/2024-12-01,-225.83780206249793
MONDAY|CONTINUE|H10_30,2024-12-02/2024-12-08,1489.2128185900024
MONDAY|CONTINUE|H10_30,2024-12-09/2024-12-15,614.0197151275014
MONDAY|CONTINUE|H10_30,2024-12-16/2024-12-22,861.4415066575023
MONDAY|CONTINUE|H10_30,2024-12-23/2024-12-29,-665.8674138799993
MONDAY|CONTINUE|H10_30,2024-12-30/2025-01-05,971.9667883450006
MONDAY|CONTINUE|H10_30,2025-01-06/2025-01-12,-1094.087286545001
MONDAY|CONTINUE|H10_30,2025-01-13/2025-01-19,-1639.813909339999
MONDAY|CONTINUE|H10_30,2025-01-20/2025-01-26,222.0058695475
MONDAY|CONTINUE|H10_30,2025-01-27/2025-02-02,1452.0098662900036
MONDAY|CONTINUE|H10_30,2025-02-03/2025-02-09,78.78421004500127
MONDAY|CONTINUE|H10_30,2025-02-10/2025-02-16,764.9638075450023
MONDAY|CONTINUE|H10_30,2025-02-17/2025-02-23,-272.17044365749706
MONDAY|CONTINUE|H10_30,2025-02-24/2025-03-02,273.040287767501
MONDAY|CONTINUE|H10_30,2025-03-03/2025-03-09,-2067.5119164425005
MONDAY|CONTINUE|H10_30,2025-03-10/2025-03-16,-994.3329800824993
MONDAY|CONTINUE|H10_30,2025-03-17/2025-03-23,1197.4771299774995
MONDAY|CONTINUE|H10_30,2025-03-24/2025-03-30,1818.6603696850023
MONDAY|CONTINUE|H10_30,2025-04-07/2025-04-13,1889.7627879100028
MONDAY|CONTINUE|H10_30,2025-04-21/2025-04-27,1779.5751110350013
MONDAY|CONTINUE|H10_30,2025-04-28/2025-05-04,-2266.624150895001
MONDAY|CONTINUE|H10_30,2025-05-05/2025-05-11,1211.9131318900008
MONDAY|CONTINUE|H10_30,2025-05-12/2025-05-18,2351.5723689775027
MONDAY|CONTINUE|H10_30,2025-05-19/2025-05-25,-65.08081285999847
MONDAY|CONTINUE|H10_30,2025-05-26/2025-06-01,-1439.3960088274996
MONDAY|CONTINUE|H10_30,2025-06-02/2025-06-08,-909.7775518324975
MONDAY|CONTINUE|H10_30,2025-06-09/2025-06-15,390.32694167500046
MONDAY|CONTINUE|H10_30,2025-06-16/2025-06-22,1179.99856963
MONDAY|CONTINUE|H10_30,2025-06-23/2025-06-29,73.95893127250147
MONDAY|CONTINUE|H10_30,2025-06-30/2025-07-06,-778.2351675125
MONDAY|CONTINUE|H10_30,2025-07-07/2025-07-13,-110.3488088149999
MONDAY|CONTINUE|H10_30,2025-07-14/2025-07-20,-830.9706426349999
MONDAY|CONTINUE|H10_30,2025-07-21/2025-07-27,3780.238434602501
MONDAY|CONTINUE|H10_30,2025-07-28/2025-08-03,-1912.4904909125005
MONDAY|CONTINUE|H10_30,2025-08-04/2025-08-10,-1022.0307791300005
MONDAY|CONTINUE|H10_30,2025-08-11/2025-08-17,-1359.0553685300004
MONDAY|CONTINUE|H10_30,2025-08-18/2025-08-24,-192.2291640874997
MONDAY|CONTINUE|H10_30,2025-08-25/2025-08-31,-957.9556573100007
MONDAY|CONTINUE|H10_30,2025-09-01/2025-09-07,-581.3956533725006
MONDAY|CONTINUE|H10_30,2025-09-08/2025-09-14,-1013.4229650800007
MONDAY|CONTINUE|H10_30,2025-09-15/2025-09-21,-771.8313463550007
MONDAY|CONTINUE|H10_30,2025-09-22/2025-09-28,-1226.7530901650005
MONDAY|CONTINUE|H10_30,2025-10-06/2025-10-12,2857.4757412224994
MONDAY|CONTINUE|H10_30,2025-10-13/2025-10-19,-1171.7807592499996
MONDAY|CONTINUE|H10_30,2025-10-20/2025-10-26,-1139.9896797724991
MONDAY|CONTINUE|H10_30,2025-10-27/2025-11-02,2518.789948690001
MONDAY|CONTINUE|H10_30,2025-11-03/2025-11-09,-1648.0691782550002
MONDAY|CONTINUE|H10_30,2025-11-10/2025-11-16,1248.8551465674993
MONDAY|CONTINUE|H10_30,2025-11-17/2025-11-23,-1287.4898584024995
MONDAY|CONTINUE|H10_30,2025-11-24/2025-11-30,-175.34218435250037
MONDAY|CONTINUE|H10_30,2025-12-01/2025-12-07,-714.2656155800001
MONDAY|CONTINUE|H10_30,2025-12-08/2025-12-14,923.6373043824996
MONDAY|CONTINUE|H10_30,2025-12-15/2025-12-21,-1643.7807053675006
MONDAY|CONTINUE|H10_30,2025-12-22/2025-12-28,-466.3080154775006
MONDAY|CONTINUE|H10_30,2025-12-29/2026-01-04,-1733.3536225925
MONDAY|CONTINUE|H10_30,2026-01-05/2026-01-11,1775.7642094785
MONDAY|CONTINUE|H10_30,2026-01-12/2026-01-18,-298.8275712960005
MONDAY|CONTINUE|H10_30,2026-01-19/2026-01-25,411.32438530900026
MONDAY|CONTINUE|H10_30,2026-02-02/2026-02-08,59.82828321550045
MONDAY|CONTINUE|H10_30,2026-02-09/2026-02-15,-518.1727773825005
MONDAY|CONTINUE|H10_30,2026-02-16/2026-02-22,-1035.8171071370004
MONDAY|CONTINUE|H10_30,2026-02-23/2026-03-01,-1587.383663489501
MONDAY|CONTINUE|H10_30,2026-03-02/2026-03-08,1705.91089087031
MONDAY|CONTINUE|H10_30,2026-03-09/2026-03-15,-451.157874255377
MONDAY|CONTINUE|H10_30,2026-03-16/2026-03-22,1501.3925559093714
MONDAY|CONTINUE|H10_30,2026-03-23/2026-03-29,1391.8521805093337
MONDAY|CONTINUE|H10_30,2026-03-30/2026-04-05,611.2605069987211
MONDAY|CONTINUE|H10_30,2026-04-06/2026-04-12,-442.13997421741294
MONDAY|CONTINUE|H10_30,2026-04-13/2026-04-19,-3164.91496558846
MONDAY|CONTINUE|H10_30,2026-04-20/2026-04-26,941.8984490725093
MONDAY|CONTINUE|H10_30,2026-04-27/2026-05-03,-456.49265480947156
MONDAY|CONTINUE|H10_30,2026-05-04/2026-05-10,-692.9867032216489
MONDAY|CONTINUE|H10_30,2026-05-11/2026-05-17,1080.5016628662959
MONDAY|CONTINUE|H10_30,2026-05-18/2026-05-24,-22.854166612659483
MONDAY|CONTINUE|H10_30,2026-06-29/2026-07-05,-639.8159023032191
MONDAY|CONTINUE|H15_10,2021-07-05/2021-07-11,285.05982403499945
MONDAY|CONTINUE|H15_10,2021-07-12/2021-07-18,-1398.87728933
MONDAY|CONTINUE|H15_10,2021-07-19/2021-07-25,1376.0562746699998
MONDAY|CONTINUE|H15_10,2021-07-26/2021-08-01,131.08378858999976
MONDAY|CONTINUE|H15_10,2021-08-02/2021-08-08,242.55022667999918
MONDAY|CONTINUE|H15_10,2021-08-09/2021-08-15,-680.7555727600001
MONDAY|CONTINUE|H15_10,2021-08-16/2021-08-22,-1398.779023385
MONDAY|CONTINUE|H15_10,2021-08-23/2021-08-29,-873.6525394450002
MONDAY|CONTINUE|H15_10,2021-08-30/2021-09-05,1731.3827301100005
MONDAY|CONTINUE|H15_10,2021-09-06/2021-09-12,-509.96757872000063
MONDAY|CONTINUE|H15_10,2021-09-13/2021-09-19,-1165.5057398750005
MONDAY|CONTINUE|H15_10,2021-09-20/2021-09-26,1605.156615395
MONDAY|CONTINUE|H15_10,2021-09-27/2021-10-03,-1011.5190793400002
MONDAY|CONTINUE|H15_10,2021-10-04/2021-10-10,1517.76179644
MONDAY|CONTINUE|H15_10,2021-10-11/2021-10-17,-1349.5508833800004
MONDAY|CONTINUE|H15_10,2021-10-18/2021-10-24,-212.18593954000005
MONDAY|CONTINUE|H15_10,2021-10-25/2021-10-31,452.4756042800002
MONDAY|CONTINUE|H15_10,2021-11-01/2021-11-07,1868.2586643300024
MONDAY|CONTINUE|H15_10,2021-11-08/2021-11-14,3089.104417655003
MONDAY|CONTINUE|H15_10,2021-11-15/2021-11-21,-1011.5376700200006
MONDAY|CONTINUE|H15_10,2021-11-22/2021-11-28,-3319.7527032100006
MONDAY|CONTINUE|H15_10,2021-11-29/2021-12-05,848.019690890001
MONDAY|CONTINUE|H15_10,2021-12-06/2021-12-12,-3105.939885319999
MONDAY|CONTINUE|H15_10,2021-12-13/2021-12-19,-2688.6785600950006
MONDAY|CONTINUE|H15_10,2021-12-20/2021-12-26,344.6250534500008
MONDAY|CONTINUE|H15_10,2021-12-27/2022-01-02,-1917.3071392200002
MONDAY|CONTINUE|H15_10,2022-01-03/2022-01-09,2215.4523492349995
MONDAY|CONTINUE|H15_10,2022-01-10/2022-01-16,1463.2771416649998
MONDAY|CONTINUE|H15_10,2022-01-17/2022-01-23,-1010.1480166900002
MONDAY|CONTINUE|H15_10,2022-01-24/2022-01-30,3179.355565490002
MONDAY|CONTINUE|H15_10,2022-01-31/2022-02-06,135.7029206050025
MONDAY|CONTINUE|H15_10,2022-02-07/2022-02-13,2559.738593800002
MONDAY|CONTINUE|H15_10,2022-02-14/2022-02-20,978.4187548450031
MONDAY|CONTINUE|H15_10,2022-02-21/2022-02-27,-902.1693192699995
MONDAY|CONTINUE|H15_10,2022-02-28/2022-03-06,-1929.8923647049983
MONDAY|CONTINUE|H15_10,2022-03-07/2022-03-13,-153.0648918199986
MONDAY|CONTINUE|H15_10,2022-03-14/2022-03-20,1755.341488325
MONDAY|CONTINUE|H15_10,2022-03-21/2022-03-27,-1800.2223265200005
MONDAY|CONTINUE|H15_10,2022-03-28/2022-04-03,1894.335417405001
MONDAY|CONTINUE|H15_10,2022-04-04/2022-04-10,1893.897206675001
MONDAY|CONTINUE|H15_10,2022-04-11/2022-04-17,-450.4282471550007
MONDAY|CONTINUE|H15_10,2022-04-18/2022-04-24,387.6034006000008
MONDAY|CONTINUE|H15_10,2022-04-25/2022-05-01,192.27636738000157
MONDAY|CONTINUE|H15_10,2022-05-02/2022-05-08,-1521.2245877650005
MONDAY|CONTINUE|H15_10,2022-05-09/2022-05-15,-1432.1273918399995
MONDAY|CONTINUE|H15_10,2022-05-16/2022-05-22,-1264.622647445
MONDAY|CONTINUE|H15_10,2022-05-23/2022-05-29,-941.2210501449998
MONDAY|CONTINUE|H15_10,2022-05-30/2022-06-05,361.19798625000135
MONDAY|CONTINUE|H15_10,2022-06-06/2022-06-12,-1198.52080584
MONDAY|CONTINUE|H15_10,2022-06-13/2022-06-19,52.5208788400017
MONDAY|CONTINUE|H15_10,2022-06-20/2022-06-26,650.1849040399995
MONDAY|CONTINUE|H15_10,2022-06-27/2022-07-03,-1196.098704895001
MONDAY|CONTINUE|H15_10,2022-07-04/2022-07-10,-1597.1781664750006
MONDAY|CONTINUE|H15_10,2022-07-11/2022-07-17,-1263.10352423
MONDAY|CONTINUE|H15_10,2022-07-18/2022-07-24,1257.7245631150008
MONDAY|CONTINUE|H15_10,2022-07-25/2022-07-31,-85.36824098499983
MONDAY|CONTINUE|H15_10,2022-08-01/2022-08-07,1778.6873996100003
MONDAY|CONTINUE|H15_10,2022-08-08/2022-08-14,1478.9955680600012
MONDAY|CONTINUE|H15_10,2022-08-22/2022-08-28,2055.3765761249997
MONDAY|CONTINUE|H15_10,2022-08-29/2022-09-04,-879.0896484700005
MONDAY|CONTINUE|H15_10,2022-09-05/2022-09-11,667.161519255001
MONDAY|CONTINUE|H15_10,2022-09-12/2022-09-18,438.21588138999965
MONDAY|CONTINUE|H15_10,2022-09-19/2022-09-25,1034.2034274700018
MONDAY|CONTINUE|H15_10,2022-09-26/2022-10-02,1199.1512884900012
MONDAY|CONTINUE|H15_10,2022-10-03/2022-10-09,-1910.7200610799996
MONDAY|CONTINUE|H15_10,2022-10-10/2022-10-16,-1431.7940893500006
MONDAY|CONTINUE|H15_10,2022-10-17/2022-10-23,-1935.3965421900007
MONDAY|CONTINUE|H15_10,2022-10-31/2022-11-06,475.0951557500007
MONDAY|CONTINUE|H15_10,2022-11-07/2022-11-13,-177.5846883550003
MONDAY|CONTINUE|H15_10,2022-11-14/2022-11-20,-1247.4335691600004
MONDAY|CONTINUE|H15_10,2022-11-21/2022-11-27,-314.74677703500015
MONDAY|CONTINUE|H15_10,2022-11-28/2022-12-04,-893.8426892550002
MONDAY|CONTINUE|H15_10,2022-12-05/2022-12-11,537.3998509649998
MONDAY|CONTINUE|H15_10,2022-12-12/2022-12-18,-1714.0498512299996
MONDAY|CONTINUE|H15_10,2022-12-19/2022-12-25,2706.626926040001
MONDAY|CONTINUE|H15_10,2022-12-26/2023-01-01,1035.4058442500018
MONDAY|CONTINUE|H15_10,2023-01-02/2023-01-08,1526.0227006550006
MONDAY|CONTINUE|H15_10,2023-01-09/2023-01-15,1601.9205073250007
MONDAY|CONTINUE|H15_10,2023-01-16/2023-01-22,-1677.5875374200004
MONDAY|CONTINUE|H15_10,2023-01-23/2023-01-29,82.7865123349995
MONDAY|CONTINUE|H15_10,2023-01-30/2023-02-05,733.0840963550013
MONDAY|CONTINUE|H15_10,2023-02-06/2023-02-12,-392.0289244900008
MONDAY|CONTINUE|H15_10,2023-02-13/2023-02-19,-974.217531885
MONDAY|CONTINUE|H15_10,2023-02-20/2023-02-26,-1443.8494869100005
MONDAY|CONTINUE|H15_10,2023-02-27/2023-03-05,301.3924077449999
MONDAY|CONTINUE|H15_10,2023-03-06/2023-03-12,-1500.1812613
MONDAY|CONTINUE|H15_10,2023-03-13/2023-03-19,-2951.123951355
MONDAY|CONTINUE|H15_10,2023-03-20/2023-03-26,-827.3570792100002
MONDAY|CONTINUE|H15_10,2023-03-27/2023-04-02,-350.9840080600006
MONDAY|CONTINUE|H15_10,2023-04-03/2023-04-09,584.8871028899994
MONDAY|CONTINUE|H15_10,2023-04-10/2023-04-16,-44.049776900000566
MONDAY|CONTINUE|H15_10,2023-04-17/2023-04-23,-1551.2631567600004
MONDAY|CONTINUE|H15_10,2023-04-24/2023-04-30,1940.016048995
MONDAY|CONTINUE|H15_10,2023-05-08/2023-05-14,1489.4481778899994
MONDAY|CONTINUE|H15_10,2023-05-15/2023-05-21,1282.7111083650004
MONDAY|CONTINUE|H15_10,2023-05-22/2023-05-28,-1255.2071329000003
MONDAY|CONTINUE|H15_10,2023-05-29/2023-06-04,-760.7818401400002
MONDAY|CONTINUE|H15_10,2023-06-05/2023-06-11,-508.52215335000085
MONDAY|CONTINUE|H15_10,2023-06-12/2023-06-18,86.17068096999995
MONDAY|CONTINUE|H15_10,2023-06-19/2023-06-25,-1535.0666852300003
MONDAY|CONTINUE|H15_10,2023-06-26/2023-07-02,-370.2964131150005
MONDAY|CONTINUE|H15_10,2023-07-03/2023-07-09,302.13072239999946
MONDAY|CONTINUE|H15_10,2023-07-10/2023-07-16,-949.1785325150005
MONDAY|CONTINUE|H15_10,2023-07-17/2023-07-23,2376.68804522
MONDAY|CONTINUE|H15_10,2023-07-24/2023-07-30,-956.4069891150003
MONDAY|CONTINUE|H15_10,2023-07-31/2023-08-06,2268.690763575
MONDAY|CONTINUE|H15_10,2023-08-07/2023-08-13,1082.1899682549995
MONDAY|CONTINUE|H15_10,2023-08-14/2023-08-20,-2314.3072762900006
MONDAY|CONTINUE|H15_10,2023-08-21/2023-08-27,-1001.7808809399999
MONDAY|CONTINUE|H15_10,2023-08-28/2023-09-03,793.3119415
MONDAY|CONTINUE|H15_10,2023-09-04/2023-09-10,444.13634809499956
MONDAY|CONTINUE|H15_10,2023-09-11/2023-09-17,1577.322371730001
MONDAY|CONTINUE|H15_10,2023-09-18/2023-09-24,-269.79648805500057
MONDAY|CONTINUE|H15_10,2023-09-25/2023-10-01,36.02827972499989
MONDAY|CONTINUE|H15_10,2023-10-09/2023-10-15,-244.07361632000055
MONDAY|CONTINUE|H15_10,2023-10-16/2023-10-22,-699.996933015
MONDAY|CONTINUE|H15_10,2023-10-23/2023-10-29,4202.958780680001
MONDAY|CONTINUE|H15_10,2023-10-30/2023-11-05,2853.597593045
MONDAY|CONTINUE|H15_10,2023-11-06/2023-11-12,971.230126195
MONDAY|CONTINUE|H15_10,2023-11-13/2023-11-19,-119.25109794500044
MONDAY|CONTINUE|H15_10,2023-11-20/2023-11-26,-893.0612158200004
MONDAY|CONTINUE|H15_10,2023-12-04/2023-12-10,1402.7578166050007
MONDAY|CONTINUE|H15_10,2023-12-11/2023-12-17,367.41258591500014
MONDAY|CONTINUE|H15_10,2023-12-18/2023-12-24,261.61232242999995
MONDAY|CONTINUE|H15_10,2024-01-01/2024-01-07,-1494.694351200001
MONDAY|CONTINUE|H15_10,2024-01-08/2024-01-14,-2612.5244667000006
MONDAY|CONTINUE|H15_10,2024-01-15/2024-01-21,138.4729254700011
MONDAY|CONTINUE|H15_10,2024-01-29/2024-02-04,927.8029561350028
MONDAY|CONTINUE|H15_10,2024-02-05/2024-02-11,-1530.0106786900008
MONDAY|CONTINUE|H15_10,2024-02-12/2024-02-18,-2288.3360834199993
MONDAY|CONTINUE|H15_10,2024-02-19/2024-02-25,432.4474580450005
MONDAY|CONTINUE|H15_10,2024-02-26/2024-03-03,342.67634997000005
MONDAY|CONTINUE|H15_10,2024-03-11/2024-03-17,-2186.739973115001
MONDAY|CONTINUE|H15_10,2024-03-18/2024-03-24,-794.1906283050007
MONDAY|CONTINUE|H15_10,2024-04-01/2024-04-07,-943.8768643400002
MONDAY|CONTINUE|H15_10,2024-04-08/2024-04-14,1260.63931708
MONDAY|CONTINUE|H15_10,2024-04-15/2024-04-21,504.9969476899991
MONDAY|CONTINUE|H15_10,2024-04-22/2024-04-28,1389.117563575001
MONDAY|CONTINUE|H15_10,2024-04-29/2024-05-05,863.1710950900002
MONDAY|CONTINUE|H15_10,2024-05-06/2024-05-12,-1005.8163882499998
MONDAY|CONTINUE|H15_10,2024-05-13/2024-05-19,-1062.4678545574993
MONDAY|CONTINUE|H15_10,2024-05-27/2024-06-02,-421.2992981850002
MONDAY|CONTINUE|H15_10,2024-06-03/2024-06-09,4.492173360001374
MONDAY|CONTINUE|H15_10,2024-06-10/2024-06-16,-875.0813655325001
MONDAY|CONTINUE|H15_10,2024-06-24/2024-06-30,-1054.3533519474995
MONDAY|CONTINUE|H15_10,2024-07-01/2024-07-07,521.7830084350003
MONDAY|CONTINUE|H15_10,2024-07-08/2024-07-14,-221.7203085625004
MONDAY|CONTINUE|H15_10,2024-07-15/2024-07-21,171.70775844750005
MONDAY|CONTINUE|H15_10,2024-07-22/2024-07-28,-442.29216515499957
MONDAY|CONTINUE|H15_10,2024-07-29/2024-08-04,-696.2223600999994
MONDAY|CONTINUE|H15_10,2024-08-05/2024-08-11,264.02579291000046
MONDAY|CONTINUE|H15_10,2024-08-12/2024-08-18,-236.35217426250023
MONDAY|CONTINUE|H15_10,2024-08-19/2024-08-25,-534.1849378125002
MONDAY|CONTINUE|H15_10,2024-08-26/2024-09-01,771.5173482275002
MONDAY|CONTINUE|H15_10,2024-09-02/2024-09-08,-804.2305992725001
MONDAY|CONTINUE|H15_10,2024-09-09/2024-09-15,-1056.9919019850004
MONDAY|CONTINUE|H15_10,2024-09-16/2024-09-22,33.456123589999976
MONDAY|CONTINUE|H15_10,2024-09-23/2024-09-29,-94.36281541249977
MONDAY|CONTINUE|H15_10,2024-09-30/2024-10-06,1709.9928165649994
MONDAY|CONTINUE|H15_10,2024-10-07/2024-10-13,-1547.5898352724998
MONDAY|CONTINUE|H15_10,2024-10-14/2024-10-20,341.3769905399997
MONDAY|CONTINUE|H15_10,2024-10-21/2024-10-27,-994.48735696
MONDAY|CONTINUE|H15_10,2024-10-28/2024-11-03,656.1388985200005
MONDAY|CONTINUE|H15_10,2024-11-04/2024-11-10,-642.2608974099995
MONDAY|CONTINUE|H15_10,2024-11-11/2024-11-17,-674.7653877774995
MONDAY|CONTINUE|H15_10,2024-11-18/2024-11-24,-1517.8802535350005
MONDAY|CONTINUE|H15_10,2024-11-25/2024-12-01,-1624.172834375
MONDAY|CONTINUE|H15_10,2024-12-02/2024-12-08,3314.86242523
MONDAY|CONTINUE|H15_10,2024-12-09/2024-12-15,627.5543982700017
MONDAY|CONTINUE|H15_10,2024-12-16/2024-12-22,380.63455510000193
MONDAY|CONTINUE|H15_10,2024-12-23/2024-12-29,-1836.7022336974992
MONDAY|CONTINUE|H15_10,2024-12-30/2025-01-05,-1380.2049297574995
MONDAY|CONTINUE|H15_10,2025-01-06/2025-01-12,-3621.9459753050005
MONDAY|CONTINUE|H15_10,2025-01-13/2025-01-19,1563.6665264125018
MONDAY|CONTINUE|H15_10,2025-01-20/2025-01-26,2222.8673871925002
MONDAY|CONTINUE|H15_10,2025-01-27/2025-02-02,1313.0438167750021
MONDAY|CONTINUE|H15_10,2025-02-03/2025-02-09,-1647.7235852600008
MONDAY|CONTINUE|H15_10,2025-02-10/2025-02-16,520.4630766100013
MONDAY|CONTINUE|H15_10,2025-02-17/2025-02-23,-1855.7872321324992
MONDAY|CONTINUE|H15_10,2025-02-24/2025-03-02,-623.5254650825
MONDAY|CONTINUE|H15_10,2025-03-03/2025-03-09,-1647.9735621274997
MONDAY|CONTINUE|H15_10,2025-03-10/2025-03-16,1662.8471748400004
MONDAY|CONTINUE|H15_10,2025-03-17/2025-03-23,659.809566962499
MONDAY|CONTINUE|H15_10,2025-03-24/2025-03-30,3676.428706855002
MONDAY|CONTINUE|H15_10,2025-04-07/2025-04-13,489.2735605525027
MONDAY|CONTINUE|H15_10,2025-04-21/2025-04-27,3464.0885354800016
MONDAY|CONTINUE|H15_10,2025-04-28/2025-05-04,-3198.0494330525
MONDAY|CONTINUE|H15_10,2025-05-05/2025-05-11,-345.8881638874991
MONDAY|CONTINUE|H15_10,2025-05-12/2025-05-18,5071.231180757503
MONDAY|CONTINUE|H15_10,2025-05-19/2025-05-25,1657.5149708275026
MONDAY|CONTINUE|H15_10,2025-05-26/2025-06-01,-773.7674204375014
MONDAY|CONTINUE|H15_10,2025-06-02/2025-06-08,-2288.2517540299973
MONDAY|CONTINUE|H15_10,2025-06-09/2025-06-15,-172.05461624749796
MONDAY|CONTINUE|H15_10,2025-06-16/2025-06-22,3199.4511061675007
MONDAY|CONTINUE|H15_10,2025-06-23/2025-06-29,-1727.2684863575
MONDAY|CONTINUE|H15_10,2025-06-30/2025-07-06,-2375.03806388
MONDAY|CONTINUE|H15_10,2025-07-07/2025-07-13,-667.4160853025007
MONDAY|CONTINUE|H15_10,2025-07-14/2025-07-20,-946.8679724225004
MONDAY|CONTINUE|H15_10,2025-07-21/2025-07-27,4537.6289927875005
MONDAY|CONTINUE|H15_10,2025-07-28/2025-08-03,2343.695555957501
MONDAY|CONTINUE|H15_10,2025-08-04/2025-08-10,698.8420455099989
MONDAY|CONTINUE|H15_10,2025-08-11/2025-08-17,-3404.6988617225
MONDAY|CONTINUE|H15_10,2025-08-18/2025-08-24,-2034.2787424249996
MONDAY|CONTINUE|H15_10,2025-08-25/2025-08-31,150.46723844500002
MONDAY|CONTINUE|H15_10,2025-09-01/2025-09-07,2679.139598665
MONDAY|CONTINUE|H15_10,2025-09-08/2025-09-14,-1713.1930177625004
MONDAY|CONTINUE|H15_10,2025-09-15/2025-09-21,-1677.8036540750008
MONDAY|CONTINUE|H15_10,2025-09-22/2025-09-28,2789.8551056124993
MONDAY|CONTINUE|H15_10,2025-10-06/2025-10-12,8196.387706735
MONDAY|CONTINUE|H15_10,2025-10-13/2025-10-19,-2118.2963674774996
MONDAY|CONTINUE|H15_10,2025-10-20/2025-10-26,-413.9021860325
MONDAY|CONTINUE|H15_10,2025-10-27/2025-11-02,2080.1227722850003
MONDAY|CONTINUE|H15_10,2025-11-03/2025-11-09,-2501.23928774
MONDAY|CONTINUE|H15_10,2025-11-10/2025-11-16,890.3334180024993
MONDAY|CONTINUE|H15_10,2025-11-17/2025-11-23,-456.27900203750016
MONDAY|CONTINUE|H15_10,2025-11-24/2025-11-30,-4228.84658621
MONDAY|CONTINUE|H15_10,2025-12-01/2025-12-07,-3787.7612948825
MONDAY|CONTINUE|H15_10,2025-12-08/2025-12-14,6306.92092396
MONDAY|CONTINUE|H15_10,2025-12-15/2025-12-21,-3088.7312190425005
MONDAY|CONTINUE|H15_10,2025-12-22/2025-12-28,-264.1084016225003
MONDAY|CONTINUE|H15_10,2025-12-29/2026-01-04,-3380.9220404225
MONDAY|CONTINUE|H15_10,2026-01-05/2026-01-11,-2406.309265965
MONDAY|CONTINUE|H15_10,2026-01-12/2026-01-18,-2617.8888106415
MONDAY|CONTINUE|H15_10,2026-01-19/2026-01-25,-1751.3049884725006
MONDAY|CONTINUE|H15_10,2026-02-02/2026-02-08,-3697.377089419498
MONDAY|CONTINUE|H15_10,2026-02-09/2026-02-15,-142.09274284450052
MONDAY|CONTINUE|H15_10,2026-02-16/2026-02-22,-3345.583202072
MONDAY|CONTINUE|H15_10,2026-02-23/2026-03-01,-2375.345876482001
MONDAY|CONTINUE|H15_10,2026-03-02/2026-03-08,1583.7673988344848
MONDAY|CONTINUE|H15_10,2026-03-09/2026-03-15,-2704.057608188213
MONDAY|CONTINUE|H15_10,2026-03-16/2026-03-22,-2541.7717567201503
MONDAY|CONTINUE|H15_10,2026-03-23/2026-03-29,1663.8457141146978
MONDAY|CONTINUE|H15_10,2026-03-30/2026-04-05,7559.696736639147
MONDAY|CONTINUE|H15_10,2026-04-06/2026-04-12,3826.398338036125
MONDAY|CONTINUE|H15_10,2026-04-13/2026-04-19,-4763.425295156235
MONDAY|CONTINUE|H15_10,2026-04-20/2026-04-26,65.73706809080417
MONDAY|CONTINUE|H15_10,2026-04-27/2026-05-03,425.10849906461897
MONDAY|CONTINUE|H15_10,2026-05-04/2026-05-10,-2464.132654057274
MONDAY|CONTINUE|H15_10,2026-05-11/2026-05-17,1379.4282988195655
MONDAY|CONTINUE|H15_10,2026-05-18/2026-05-24,-3752.3054919044303
MONDAY|CONTINUE|H15_10,2026-06-29/2026-07-05,1198.1774239743982
MONDAY|FADE|H10_30,2021-07-05/2021-07-11,-373.5046351650002
MONDAY|FADE|H10_30,2021-07-12/2021-07-18,-475.67772142500087
MONDAY|FADE|H10_30,2021-07-19/2021-07-25,-280.4980838950002
MONDAY|FADE|H10_30,2021-07-26/2021-08-01,39.54656591499938
MONDAY|FADE|H10_30,2021-08-02/2021-08-08,-57.40187439000043
MONDAY|FADE|H10_30,2021-08-09/2021-08-15,-443.9626733099999
MONDAY|FADE|H10_30,2021-08-16/2021-08-22,299.1183673650004
MONDAY|FADE|H10_30,2021-08-23/2021-08-29,1280.6575031000004
MONDAY|FADE|H10_30,2021-08-30/2021-09-05,-732.3719502699998
MONDAY|FADE|H10_30,2021-09-06/2021-09-12,414.74712960499977
MONDAY|FADE|H10_30,2021-09-13/2021-09-19,-399.79319289000046
MONDAY|FADE|H10_30,2021-09-20/2021-09-26,946.7501769750004
MONDAY|FADE|H10_30,2021-09-27/2021-10-03,251.25930183999873
MONDAY|FADE|H10_30,2021-10-04/2021-10-10,-1452.4868523950004
MONDAY|FADE|H10_30,2021-10-11/2021-10-17,1115.4028958599995
MONDAY|FADE|H10_30,2021-10-18/2021-10-24,-151.65200659500078
MONDAY|FADE|H10_30,2021-10-25/2021-10-31,401.624762570001
MONDAY|FADE|H10_30,2021-11-01/2021-11-07,-515.1005945699989
MONDAY|FADE|H10_30,2021-11-08/2021-11-14,-415.500994195001
MONDAY|FADE|H10_30,2021-11-15/2021-11-21,243.1604011999993
MONDAY|FADE|H10_30,2021-11-22/2021-11-28,558.3064068299999
MONDAY|FADE|H10_30,2021-11-29/2021-12-05,-812.7899452249993
MONDAY|FADE|H10_30,2021-12-06/2021-12-12,31.144243430000287
MONDAY|FADE|H10_30,2021-12-13/2021-12-19,131.93630682499975
MONDAY|FADE|H10_30,2021-12-20/2021-12-26,-1130.4775614699993
MONDAY|FADE|H10_30,2021-12-27/2022-01-02,598.2358824599993
MONDAY|FADE|H10_30,2022-01-03/2022-01-09,-737.9684098250002
MONDAY|FADE|H10_30,2022-01-10/2022-01-16,-1153.12898821
MONDAY|FADE|H10_30,2022-01-17/2022-01-23,97.38086746499921
MONDAY|FADE|H10_30,2022-01-24/2022-01-30,-778.2026370499999
MONDAY|FADE|H10_30,2022-01-31/2022-02-06,-571.1734227349982
MONDAY|FADE|H10_30,2022-02-07/2022-02-13,-461.8688225250006
MONDAY|FADE|H10_30,2022-02-14/2022-02-20,393.61217949000127
MONDAY|FADE|H10_30,2022-02-21/2022-02-27,-154.58335661499927
MONDAY|FADE|H10_30,2022-02-28/2022-03-06,603.8755072500023
MONDAY|FADE|H10_30,2022-03-07/2022-03-13,-816.3613439549986
MONDAY|FADE|H10_30,2022-03-14/2022-03-20,-410.605661479998
MONDAY|FADE|H10_30,2022-03-21/2022-03-27,482.3043632500005
MONDAY|FADE|H10_30,2022-03-28/2022-04-03,330.7862803600014
MONDAY|FADE|H10_30,2022-04-04/2022-04-10,-1509.319245395
MONDAY|FADE|H10_30,2022-04-11/2022-04-17,288.8503345849991
MONDAY|FADE|H10_30,2022-04-18/2022-04-24,-1086.6812243999996
MONDAY|FADE|H10_30,2022-04-25/2022-05-01,90.75196029500091
MONDAY|FADE|H10_30,2022-05-02/2022-05-08,150.01707933000057
MONDAY|FADE|H10_30,2022-05-09/2022-05-15,738.52851255
MONDAY|FADE|H10_30,2022-05-16/2022-05-22,-384.50898797499894
MONDAY|FADE|H10_30,2022-05-23/2022-05-29,-714.5952644849996
MONDAY|FADE|H10_30,2022-05-30/2022-06-05,-398.53101481999875
MONDAY|FADE|H10_30,2022-06-06/2022-06-12,176.36738651500048
MONDAY|FADE|H10_30,2022-06-13/2022-06-19,-426.3732240749993
MONDAY|FADE|H10_30,2022-06-20/2022-06-26,-187.6229906799996
MONDAY|FADE|H10_30,2022-06-27/2022-07-03,-81.17803081499972
MONDAY|FADE|H10_30,2022-07-04/2022-07-10,-691.4737646549999
MONDAY|FADE|H10_30,2022-07-11/2022-07-17,-5.899694005000512
MONDAY|FADE|H10_30,2022-07-18/2022-07-24,-272.77962732000054
MONDAY|FADE|H10_30,2022-07-25/2022-07-31,-989.6318651050002
MONDAY|FADE|H10_30,2022-08-01/2022-08-07,-694.3845358250007
MONDAY|FADE|H10_30,2022-08-08/2022-08-14,-627.7375870800003
MONDAY|FADE|H10_30,2022-08-22/2022-08-28,-1075.7904038400004
MONDAY|FADE|H10_30,2022-08-29/2022-09-04,523.3844664150014
MONDAY|FADE|H10_30,2022-09-05/2022-09-11,-641.1580698700002
MONDAY|FADE|H10_30,2022-09-12/2022-09-18,-665.4541069150004
MONDAY|FADE|H10_30,2022-09-19/2022-09-25,-1373.193587125
MONDAY|FADE|H10_30,2022-09-26/2022-10-02,-1639.863710415
MONDAY|FADE|H10_30,2022-10-03/2022-10-09,405.1782419500008
MONDAY|FADE|H10_30,2022-10-10/2022-10-16,-310.3839382
MONDAY|FADE|H10_30,2022-10-17/2022-10-23,1372.0758809800009
MONDAY|FADE|H10_30,2022-10-31/2022-11-06,20.29657519499915
MONDAY|FADE|H10_30,2022-11-07/2022-11-13,865.0726569949998
MONDAY|FADE|H10_30,2022-11-14/2022-11-20,684.095640564999
MONDAY|FADE|H10_30,2022-11-21/2022-11-27,-150.30418229500026
MONDAY|FADE|H10_30,2022-11-28/2022-12-04,419.8562486849995
MONDAY|FADE|H10_30,2022-12-05/2022-12-11,477.68789073499954
MONDAY|FADE|H10_30,2022-12-12/2022-12-18,2495.2747202049995
MONDAY|FADE|H10_30,2022-12-19/2022-12-25,-1098.24529869
MONDAY|FADE|H10_30,2022-12-26/2023-01-01,-501.25518564000055
MONDAY|FADE|H10_30,2023-01-02/2023-01-08,-1069.4914812400002
MONDAY|FADE|H10_30,2023-01-09/2023-01-15,-1284.2019643150004
MONDAY|FADE|H10_30,2023-01-16/2023-01-22,311.69496883999926
MONDAY|FADE|H10_30,2023-01-23/2023-01-29,-1040.0093093500004
MONDAY|FADE|H10_30,2023-01-30/2023-02-05,-1304.8993685749992
MONDAY|FADE|H10_30,2023-02-06/2023-02-12,-716.9270715300003
MONDAY|FADE|H10_30,2023-02-13/2023-02-19,1095.1337356600004
MONDAY|FADE|H10_30,2023-02-20/2023-02-26,-911.96396104
MONDAY|FADE|H10_30,2023-02-27/2023-03-05,-1752.8207272800005
MONDAY|FADE|H10_30,2023-03-06/2023-03-12,-530.76790305
MONDAY|FADE|H10_30,2023-03-13/2023-03-19,1608.870768600001
MONDAY|FADE|H10_30,2023-03-20/2023-03-26,-853.4232136500003
MONDAY|FADE|H10_30,2023-03-27/2023-04-02,-444.3298392399997
MONDAY|FADE|H10_30,2023-04-03/2023-04-09,-527.2243838850006
MONDAY|FADE|H10_30,2023-04-10/2023-04-16,-222.47987017000082
MONDAY|FADE|H10_30,2023-04-17/2023-04-23,-150.41639124999975
MONDAY|FADE|H10_30,2023-04-24/2023-04-30,372.52900571
MONDAY|FADE|H10_30,2023-05-08/2023-05-14,-1104.4472850950003
MONDAY|FADE|H10_30,2023-05-15/2023-05-21,-1180.7308483750005
MONDAY|FADE|H10_30,2023-05-22/2023-05-28,102.67921126499955
MONDAY|FADE|H10_30,2023-05-29/2023-06-04,84.57653016000003
MONDAY|FADE|H10_30,2023-06-05/2023-06-11,-285.9889767900003
MONDAY|FADE|H10_30,2023-06-12/2023-06-18,-479.3785964950005
MONDAY|FADE|H10_30,2023-06-19/2023-06-25,364.17050042500006
MONDAY|FADE|H10_30,2023-06-26/2023-07-02,312.26995017
MONDAY|FADE|H10_30,2023-07-03/2023-07-09,-841.0537691549999
MONDAY|FADE|H10_30,2023-07-10/2023-07-16,-615.7074224950006
MONDAY|FADE|H10_30,2023-07-17/2023-07-23,-748.94953074
MONDAY|FADE|H10_30,2023-07-24/2023-07-30,-897.8722191450007
MONDAY|FADE|H10_30,2023-07-31/2023-08-06,-985.9515753400003
MONDAY|FADE|H10_30,2023-08-07/2023-08-13,-1102.96401349
MONDAY|FADE|H10_30,2023-08-14/2023-08-20,332.40034514499996
MONDAY|FADE|H10_30,2023-08-21/2023-08-27,-382.18847734999986
MONDAY|FADE|H10_30,2023-08-28/2023-09-03,-797.0615650700001
MONDAY|FADE|H10_30,2023-09-04/2023-09-10,943.113039535
MONDAY|FADE|H10_30,2023-09-11/2023-09-17,-745.542123755
MONDAY|FADE|H10_30,2023-09-18/2023-09-24,342.54886825499955
MONDAY|FADE|H10_30,2023-09-25/2023-10-01,401.17592675000003
MONDAY|FADE|H10_30,2023-10-09/2023-10-15,873.4225318150002
MONDAY|FADE|H10_30,2023-10-16/2023-10-22,752.8665744999997
MONDAY|FADE|H10_30,2023-10-23/2023-10-29,-1172.8796039950005
MONDAY|FADE|H10_30,2023-10-30/2023-11-05,-1312.2247678250008
MONDAY|FADE|H10_30,2023-11-06/2023-11-12,-279.31292804500004
MONDAY|FADE|H10_30,2023-11-13/2023-11-19,492.4150336699995
MONDAY|FADE|H10_30,2023-11-20/2023-11-26,-445.89212123500005
MONDAY|FADE|H10_30,2023-12-04/2023-12-10,26.260200679999173
MONDAY|FADE|H10_30,2023-12-11/2023-12-17,-1034.959945105
MONDAY|FADE|H10_30,2023-12-18/2023-12-24,-167.881011815001
MONDAY|FADE|H10_30,2024-01-01/2024-01-07,85.95888277500015
MONDAY|FADE|H10_30,2024-01-08/2024-01-14,-128.30608885499962
MONDAY|FADE|H10_30,2024-01-15/2024-01-21,361.5784303150001
MONDAY|FADE|H10_30,2024-01-29/2024-02-04,-595.3419845199983
MONDAY|FADE|H10_30,2024-02-05/2024-02-11,26.914863730001713
MONDAY|FADE|H10_30,2024-02-12/2024-02-18,1244.3240007550016
MONDAY|FADE|H10_30,2024-02-19/2024-02-25,-622.5202418399995
MONDAY|FADE|H10_30,2024-02-26/2024-03-03,-776.7844328249984
MONDAY|FADE|H10_30,2024-03-11/2024-03-17,324.6340885750007
MONDAY|FADE|H10_30,2024-03-18/2024-03-24,-136.49130059999894
MONDAY|FADE|H10_30,2024-04-01/2024-04-07,-197.19254966500074
MONDAY|FADE|H10_30,2024-04-08/2024-04-14,-500.94379175000046
MONDAY|FADE|H10_30,2024-04-15/2024-04-21,485.2450086100008
MONDAY|FADE|H10_30,2024-04-22/2024-04-28,-221.64461286499957
MONDAY|FADE|H10_30,2024-04-29/2024-05-05,-451.4836039100003
MONDAY|FADE|H10_30,2024-05-06/2024-05-12,427.4751095649997
MONDAY|FADE|H10_30,2024-05-13/2024-05-19,-635.2120409799995
MONDAY|FADE|H10_30,2024-05-27/2024-06-02,-191.9944632075003
MONDAY|FADE|H10_30,2024-06-03/2024-06-09,-320.58856255999774
MONDAY|FADE|H10_30,2024-06-10/2024-06-16,19.588470395000797
MONDAY|FADE|H10_30,2024-06-24/2024-06-30,304.26699163999973
MONDAY|FADE|H10_30,2024-07-01/2024-07-07,-366.2472952324999
MONDAY|FADE|H10_30,2024-07-08/2024-07-14,-57.274063465000424
MONDAY|FADE|H10_30,2024-07-15/2024-07-21,-154.63183116750014
MONDAY|FADE|H10_30,2024-07-22/2024-07-28,271.44646616750185
MONDAY|FADE|H10_30,2024-07-29/2024-08-04,-106.84314234000041
MONDAY|FADE|H10_30,2024-08-05/2024-08-11,123.97916012000061
MONDAY|FADE|H10_30,2024-08-12/2024-08-18,-131.0239817199997
MONDAY|FADE|H10_30,2024-08-19/2024-08-25,217.76485776250018
MONDAY|FADE|H10_30,2024-08-26/2024-09-01,-801.5439135750003
MONDAY|FADE|H10_30,2024-09-02/2024-09-08,143.5096699999999
MONDAY|FADE|H10_30,2024-09-09/2024-09-15,264.0965020450003
MONDAY|FADE|H10_30,2024-09-16/2024-09-22,-317.6734826125004
MONDAY|FADE|H10_30,2024-09-23/2024-09-29,-23.097076772499634
MONDAY|FADE|H10_30,2024-09-30/2024-10-06,-655.6488497375001
MONDAY|FADE|H10_30,2024-10-07/2024-10-13,27.997102737500214
MONDAY|FADE|H10_30,2024-10-14/2024-10-20,-562.8242224724999
MONDAY|FADE|H10_30,2024-10-21/2024-10-27,467.9789048775001
MONDAY|FADE|H10_30,2024-10-28/2024-11-03,-1062.5608079574997
MONDAY|FADE|H10_30,2024-11-04/2024-11-10,547.3216355575
MONDAY|FADE|H10_30,2024-11-11/2024-11-17,644.1030889525007
MONDAY|FADE|H10_30,2024-11-18/2024-11-24,962.561230787502
MONDAY|FADE|H10_30,2024-11-25/2024-12-01,-549.3197395024984
MONDAY|FADE|H10_30,2024-12-02/2024-12-08,-1475.9416547149995
MONDAY|FADE|H10_30,2024-12-09/2024-12-15,-1050.5641614649985
MONDAY|FADE|H10_30,2024-12-16/2024-12-22,-882.2630065400007
MONDAY|FADE|H10_30,2024-12-23/2024-12-29,-676.1115466624987
MONDAY|FADE|H10_30,2024-12-30/2025-01-05,-1370.9099189675005
MONDAY|FADE|H10_30,2025-01-06/2025-01-12,832.8652979800027
MONDAY|FADE|H10_30,2025-01-13/2025-01-19,1397.2187945050018
MONDAY|FADE|H10_30,2025-01-20/2025-01-26,-881.4473404550005
MONDAY|FADE|H10_30,2025-01-27/2025-02-02,-1862.5705064974982
MONDAY|FADE|H10_30,2025-02-03/2025-02-09,-862.9838032775002
MONDAY|FADE|H10_30,2025-02-10/2025-02-16,-918.2110879399995
MONDAY|FADE|H10_30,2025-02-17/2025-02-23,-156.29900526499767
MONDAY|FADE|H10_30,2025-02-24/2025-03-02,-1005.2682891725004
MONDAY|FADE|H10_30,2025-03-03/2025-03-09,1365.5910515799997
MONDAY|FADE|H10_30,2025-03-10/2025-03-16,527.2463509750007
MONDAY|FADE|H10_30,2025-03-17/2025-03-23,-1704.7455386450006
MONDAY|FADE|H10_30,2025-03-24/2025-03-30,-1658.8122674600004
MONDAY|FADE|H10_30,2025-04-07/2025-04-13,-2511.1686861199964
MONDAY|FADE|H10_30,2025-04-21/2025-04-27,-2465.759284805001
MONDAY|FADE|H10_30,2025-04-28/2025-05-04,2538.826063742502
MONDAY|FADE|H10_30,2025-05-05/2025-05-11,-1776.9115955149998
MONDAY|FADE|H10_30,2025-05-12/2025-05-18,-1754.1705365224989
MONDAY|FADE|H10_30,2025-05-19/2025-05-25,-502.73712104000106
MONDAY|FADE|H10_30,2025-05-26/2025-06-01,1145.8600972750028
MONDAY|FADE|H10_30,2025-06-02/2025-06-08,535.1122129225043
MONDAY|FADE|H10_30,2025-06-09/2025-06-15,-946.9058122024979
MONDAY|FADE|H10_30,2025-06-16/2025-06-22,-1115.7328219399997
MONDAY|FADE|H10_30,2025-06-23/2025-06-29,-453.0950091949994
MONDAY|FADE|H10_30,2025-06-30/2025-07-06,366.57401714499883
MONDAY|FADE|H10_30,2025-07-07/2025-07-13,-244.62801234500128
MONDAY|FADE|H10_30,2025-07-14/2025-07-20,593.6061414925013
MONDAY|FADE|H10_30,2025-07-21/2025-07-27,-2652.657442497501
MONDAY|FADE|H10_30,2025-07-28/2025-08-03,1995.845216604999
MONDAY|FADE|H10_30,2025-08-04/2025-08-10,561.4515561250007
MONDAY|FADE|H10_30,2025-08-11/2025-08-17,1012.8656356075015
MONDAY|FADE|H10_30,2025-08-18/2025-08-24,-212.71742965250053
MONDAY|FADE|H10_30,2025-08-25/2025-08-31,612.6752022924995
MONDAY|FADE|H10_30,2025-09-01/2025-09-07,-55.5836381075001
MONDAY|FADE|H10_30,2025-09-08/2025-09-14,476.3304386575
MONDAY|FADE|H10_30,2025-09-15/2025-09-21,99.14100464499981
MONDAY|FADE|H10_30,2025-09-22/2025-09-28,1262.3260888524992
MONDAY|FADE|H10_30,2025-10-06/2025-10-12,-2482.4321521925
MONDAY|FADE|H10_30,2025-10-13/2025-10-19,372.0864829750003
MONDAY|FADE|H10_30,2025-10-20/2025-10-26,778.5403197175007
MONDAY|FADE|H10_30,2025-10-27/2025-11-02,-1047.6839422700002
MONDAY|FADE|H10_30,2025-11-03/2025-11-09,1717.0207649349998
MONDAY|FADE|H10_30,2025-11-10/2025-11-16,-1509.2296131425003
MONDAY|FADE|H10_30,2025-11-17/2025-11-23,849.5670293349998
MONDAY|FADE|H10_30,2025-11-24/2025-11-30,-389.3077137050004
MONDAY|FADE|H10_30,2025-12-01/2025-12-07,-42.919395777500156
MONDAY|FADE|H10_30,2025-12-08/2025-12-14,-1484.3134445900005
MONDAY|FADE|H10_30,2025-12-15/2025-12-21,1124.9525344149995
MONDAY|FADE|H10_30,2025-12-22/2025-12-28,-137.0735891000004
MONDAY|FADE|H10_30,2025-12-29/2026-01-04,861.1058674225001
MONDAY|FADE|H10_30,2026-01-05/2026-01-11,-1569.9258162580002
MONDAY|FADE|H10_30,2026-01-12/2026-01-18,-153.0848167685004
MONDAY|FADE|H10_30,2026-01-19/2026-01-25,-859.4959289870002
MONDAY|FADE|H10_30,2026-02-02/2026-02-08,-1207.6577274259996
MONDAY|FADE|H10_30,2026-02-09/2026-02-15,-111.27004736950003
MONDAY|FADE|H10_30,2026-02-16/2026-02-22,855.9687319295001
MONDAY|FADE|H10_30,2026-02-23/2026-03-01,1021.8718234004989
MONDAY|FADE|H10_30,2026-03-02/2026-03-08,-2633.018038448895
MONDAY|FADE|H10_30,2026-03-09/2026-03-15,-242.5032916775725
MONDAY|FADE|H10_30,2026-03-16/2026-03-22,-1683.8306519585658
MONDAY|FADE|H10_30,2026-03-23/2026-03-29,-1813.6140249866378
MONDAY|FADE|H10_30,2026-03-30/2026-04-05,-1604.804492539606
MONDAY|FADE|H10_30,2026-04-06/2026-04-12,-152.00456581788796
MONDAY|FADE|H10_30,2026-04-13/2026-04-19,3168.1036591623442
MONDAY|FADE|H10_30,2026-04-20/2026-04-26,-1218.152328819251
MONDAY|FADE|H10_30,2026-04-27/2026-05-03,-191.5444891369568
MONDAY|FADE|H10_30,2026-05-04/2026-05-10,179.26091354419967
MONDAY|FADE|H10_30,2026-05-11/2026-05-17,-1413.301270770006
MONDAY|FADE|H10_30,2026-05-18/2026-05-24,-544.9525425491362
MONDAY|FADE|H10_30,2026-06-29/2026-07-05,292.1129701891268
MONDAY|FADE|H15_10,2021-07-05/2021-07-11,-720.1923953700001
MONDAY|FADE|H15_10,2021-07-12/2021-07-18,1529.903505105
MONDAY|FADE|H15_10,2021-07-19/2021-07-25,-1772.9185885650004
MONDAY|FADE|H15_10,2021-07-26/2021-08-01,-823.6907324550004
MONDAY|FADE|H15_10,2021-08-02/2021-08-08,-526.3605821400006
MONDAY|FADE|H15_10,2021-08-09/2021-08-15,149.90752342000008
MONDAY|FADE|H15_10,2021-08-16/2021-08-22,1237.7980007449999
MONDAY|FADE|H15_10,2021-08-23/2021-08-29,358.6623466
MONDAY|FADE|H15_10,2021-08-30/2021-09-05,-1460.83274442
MONDAY|FADE|H15_10,2021-09-06/2021-09-12,78.75631756999944
MONDAY|FADE|H15_10,2021-09-13/2021-09-19,675.8340714749994
MONDAY|FADE|H15_10,2021-09-20/2021-09-26,-1369.5644217300003
MONDAY|FADE|H15_10,2021-09-27/2021-10-03,536.5440148099996
MONDAY|FADE|H15_10,2021-10-04/2021-10-10,-1651.5718624750004
MONDAY|FADE|H15_10,2021-10-11/2021-10-17,1260.4394672699998
MONDAY|FADE|H15_10,2021-10-18/2021-10-24,-373.1540652900005
MONDAY|FADE|H15_10,2021-10-25/2021-10-31,-962.73778053
MONDAY|FADE|H15_10,2021-11-01/2021-11-07,-1768.7449744500004
MONDAY|FADE|H15_10,2021-11-08/2021-11-14,-2527.2868315000005
MONDAY|FADE|H15_10,2021-11-15/2021-11-21,523.1082592599992
MONDAY|FADE|H15_10,2021-11-22/2021-11-28,2846.7562228049997
MONDAY|FADE|H15_10,2021-11-29/2021-12-05,-1093.11028176
MONDAY|FADE|H15_10,2021-12-06/2021-12-12,2915.5284864900013
MONDAY|FADE|H15_10,2021-12-13/2021-12-19,3236.79082584
MONDAY|FADE|H15_10,2021-12-20/2021-12-26,-1215.925006695001
MONDAY|FADE|H15_10,2021-12-27/2022-01-02,2118.32729747
MONDAY|FADE|H15_10,2022-01-03/2022-01-09,-1707.7960755800007
MONDAY|FADE|H15_10,2022-01-10/2022-01-16,-1644.0074438849992
MONDAY|FADE|H15_10,2022-01-17/2022-01-23,671.1073910850012
MONDAY|FADE|H15_10,2022-01-24/2022-01-30,-2874.7401275049992
MONDAY|FADE|H15_10,2022-01-31/2022-02-06,-366.25425705499856
MONDAY|FADE|H15_10,2022-02-07/2022-02-13,-2606.736122925
MONDAY|FADE|H15_10,2022-02-14/2022-02-20,-1595.991680874999
MONDAY|FADE|H15_10,2022-02-21/2022-02-27,363.89098180500093
MONDAY|FADE|H15_10,2022-02-28/2022-03-06,2594.296034240002
MONDAY|FADE|H15_10,2022-03-07/2022-03-13,-172.36600690999916
MONDAY|FADE|H15_10,2022-03-14/2022-03-20,-1659.0712072299987
MONDAY|FADE|H15_10,2022-03-21/2022-03-27,1620.7488962799996
MONDAY|FADE|H15_10,2022-03-28/2022-04-03,-2044.7097793199991
MONDAY|FADE|H15_10,2022-04-04/2022-04-10,-1955.0057332500003
MONDAY|FADE|H15_10,2022-04-11/2022-04-17,-386.20406423000054
MONDAY|FADE|H15_10,2022-04-18/2022-04-24,-991.2718277399988
MONDAY|FADE|H15_10,2022-04-25/2022-05-01,-484.59261735999917
MONDAY|FADE|H15_10,2022-05-02/2022-05-08,1209.196897985
MONDAY|FADE|H15_10,2022-05-09/2022-05-15,1234.2790561350007
MONDAY|FADE|H15_10,2022-05-16/2022-05-22,729.2630467400007
MONDAY|FADE|H15_10,2022-05-23/2022-05-29,274.6185041700003
MONDAY|FADE|H15_10,2022-05-30/2022-06-05,-826.5238165299997
MONDAY|FADE|H15_10,2022-06-06/2022-06-12,1031.1206925100005
MONDAY|FADE|H15_10,2022-06-13/2022-06-19,-570.1735152649999
MONDAY|FADE|H15_10,2022-06-20/2022-06-26,-988.8397665800001
MONDAY|FADE|H15_10,2022-06-27/2022-07-03,637.1993076050007
MONDAY|FADE|H15_10,2022-07-04/2022-07-10,1197.940899665
MONDAY|FADE|H15_10,2022-07-11/2022-07-17,1013.77823466
MONDAY|FADE|H15_10,2022-07-18/2022-07-24,-1444.5652280900008
MONDAY|FADE|H15_10,2022-07-25/2022-07-31,-478.26116107000064
MONDAY|FADE|H15_10,2022-08-01/2022-08-07,-1759.0406394900008
MONDAY|FADE|H15_10,2022-08-08/2022-08-14,-1610.01968514
MONDAY|FADE|H15_10,2022-08-22/2022-08-28,-2247.9152845200006
MONDAY|FADE|H15_10,2022-08-29/2022-09-04,471.5954602400009
MONDAY|FADE|H15_10,2022-09-05/2022-09-11,-1027.3802537549996
MONDAY|FADE|H15_10,2022-09-12/2022-09-18,-680.358526185
MONDAY|FADE|H15_10,2022-09-19/2022-09-25,-1213.5546949949999
MONDAY|FADE|H15_10,2022-09-26/2022-10-02,-1686.6040172199996
MONDAY|FADE|H15_10,2022-10-03/2022-10-09,1422.680396180001
MONDAY|FADE|H15_10,2022-10-10/2022-10-16,1288.3301478500002
MONDAY|FADE|H15_10,2022-10-17/2022-10-23,2283.7923796100004
MONDAY|FADE|H15_10,2022-10-31/2022-11-06,-613.0894545350001
MONDAY|FADE|H15_10,2022-11-07/2022-11-13,-224.09725933000044
MONDAY|FADE|H15_10,2022-11-14/2022-11-20,761.6300919499988
MONDAY|FADE|H15_10,2022-11-21/2022-11-27,-167.6074641600003
MONDAY|FADE|H15_10,2022-11-28/2022-12-04,661.8877370999998
MONDAY|FADE|H15_10,2022-12-05/2022-12-11,-821.6404451100002
MONDAY|FADE|H15_10,2022-12-12/2022-12-18,2376.527371395001
MONDAY|FADE|H15_10,2022-12-19/2022-12-25,-2228.306758335
MONDAY|FADE|H15_10,2022-12-26/2023-01-01,-1184.389229540001
MONDAY|FADE|H15_10,2023-01-02/2023-01-08,-1675.3978199750002
MONDAY|FADE|H15_10,2023-01-09/2023-01-15,-1488.4797515350006
MONDAY|FADE|H15_10,2023-01-16/2023-01-22,1476.7255104749995
MONDAY|FADE|H15_10,2023-01-23/2023-01-29,-865.0151739600004
MONDAY|FADE|H15_10,2023-01-30/2023-02-05,-1464.2361621549994
MONDAY|FADE|H15_10,2023-02-06/2023-02-12,-0.8324039550007853
MONDAY|FADE|H15_10,2023-02-13/2023-02-19,647.0669758899993
MONDAY|FADE|H15_10,2023-02-20/2023-02-26,1096.0997861449998
MONDAY|FADE|H15_10,2023-02-27/2023-03-05,-1031.5425779050004
MONDAY|FADE|H15_10,2023-03-06/2023-03-12,709.704973595
MONDAY|FADE|H15_10,2023-03-13/2023-03-19,5183.918287415002
MONDAY|FADE|H15_10,2023-03-20/2023-03-26,368.3381371199997
MONDAY|FADE|H15_10,2023-03-27/2023-04-02,-359.1665667600001
MONDAY|FADE|H15_10,2023-04-03/2023-04-09,-1382.3262651300004
MONDAY|FADE|H15_10,2023-04-10/2023-04-16,-618.8087481350004
MONDAY|FADE|H15_10,2023-04-17/2023-04-23,858.1781677599996
MONDAY|FADE|H15_10,2023-04-24/2023-04-30,-1601.1698565849997
MONDAY|FADE|H15_10,2023-05-08/2023-05-14,-1613.4423648850004
MONDAY|FADE|H15_10,2023-05-15/2023-05-21,-1612.2983731900003
MONDAY|FADE|H15_10,2023-05-22/2023-05-28,1140.7479765749995
MONDAY|FADE|H15_10,2023-05-29/2023-06-04,216.91699042499977
MONDAY|FADE|H15_10,2023-06-05/2023-06-11,-168.63194618500023
MONDAY|FADE|H15_10,2023-06-12/2023-06-18,-598.9346398850006
MONDAY|FADE|H15_10,2023-06-19/2023-06-25,913.4715171149996
MONDAY|FADE|H15_10,2023-06-26/2023-07-02,-418.5106961850001
MONDAY|FADE|H15_10,2023-07-03/2023-07-09,-820.7846089549997
MONDAY|FADE|H15_10,2023-07-10/2023-07-16,300.2205300299994
MONDAY|FADE|H15_10,2023-07-17/2023-07-23,-1964.276511605
MONDAY|FADE|H15_10,2023-07-24/2023-07-30,399.6335651849992
MONDAY|FADE|H15_10,2023-07-31/2023-08-06,-1816.8324471350004
MONDAY|FADE|H15_10,2023-08-07/2023-08-13,-1402.1074199799998
MONDAY|FADE|H15_10,2023-08-14/2023-08-20,2796.866119035001
MONDAY|FADE|H15_10,2023-08-21/2023-08-27,466.37213758
MONDAY|FADE|H15_10,2023-08-28/2023-09-03,-1325.89357175
MONDAY|FADE|H15_10,2023-09-04/2023-09-10,-853.2067677850002
MONDAY|FADE|H15_10,2023-09-11/2023-09-17,-1718.6145280450005
MONDAY|FADE|H15_10,2023-09-18/2023-09-24,-415.44655190499986
MONDAY|FADE|H15_10,2023-09-25/2023-10-01,-613.825116145
MONDAY|FADE|H15_10,2023-10-09/2023-10-15,-218.79227323500072
MONDAY|FADE|H15_10,2023-10-16/2023-10-22,605.9330888549998
MONDAY|FADE|H15_10,2023-10-23/2023-10-29,-2455.5460364350006
MONDAY|FADE|H15_10,2023-10-30/2023-11-05,-2412.2078240700002
MONDAY|FADE|H15_10,2023-11-06/2023-11-12,-1097.6696524850001
MONDAY|FADE|H15_10,2023-11-13/2023-11-19,-443.2615400150005
MONDAY|FADE|H15_10,2023-11-20/2023-11-26,539.6626013799994
MONDAY|FADE|H15_10,2023-12-04/2023-12-10,-1124.2656213050004
MONDAY|FADE|H15_10,2023-12-11/2023-12-17,-867.65040285
MONDAY|FADE|H15_10,2023-12-18/2023-12-24,-835.5575637150001
MONDAY|FADE|H15_10,2024-01-01/2024-01-07,1083.5311567150004
MONDAY|FADE|H15_10,2024-01-08/2024-01-14,2934.8701008600015
MONDAY|FADE|H15_10,2024-01-15/2024-01-21,-660.2845681250005
MONDAY|FADE|H15_10,2024-01-29/2024-02-04,-1126.5781663399996
MONDAY|FADE|H15_10,2024-02-05/2024-02-11,1123.1791191000007
MONDAY|FADE|H15_10,2024-02-12/2024-02-18,2033.8299715500018
MONDAY|FADE|H15_10,2024-02-19/2024-02-25,-946.5027978899994
MONDAY|FADE|H15_10,2024-02-26/2024-03-03,-938.2644671499993
MONDAY|FADE|H15_10,2024-03-11/2024-03-17,1966.1645182
MONDAY|FADE|H15_10,2024-03-18/2024-03-24,218.44342081000116
MONDAY|FADE|H15_10,2024-04-01/2024-04-07,120.03029957999938
MONDAY|FADE|H15_10,2024-04-08/2024-04-14,-1376.249765815001
MONDAY|FADE|H15_10,2024-04-15/2024-04-21,-1583.2968994799999
MONDAY|FADE|H15_10,2024-04-22/2024-04-28,-1661.6772268050004
MONDAY|FADE|H15_10,2024-04-29/2024-05-05,-739.5602400275002
MONDAY|FADE|H15_10,2024-05-06/2024-05-12,781.7475380000002
MONDAY|FADE|H15_10,2024-05-13/2024-05-19,767.6338875050008
MONDAY|FADE|H15_10,2024-05-27/2024-06-02,55.93425679000015
MONDAY|FADE|H15_10,2024-06-03/2024-06-09,-351.7269671574991
MONDAY|FADE|H15_10,2024-06-10/2024-06-16,533.0141094449999
MONDAY|FADE|H15_10,2024-06-24/2024-06-30,960.6722756874998
MONDAY|FADE|H15_10,2024-07-01/2024-07-07,-728.8529992049998
MONDAY|FADE|H15_10,2024-07-08/2024-07-14,-65.80951264750009
MONDAY|FADE|H15_10,2024-07-15/2024-07-21,-483.67702959750017
MONDAY|FADE|H15_10,2024-07-22/2024-07-28,25.881418802501713
MONDAY|FADE|H15_10,2024-07-29/2024-08-04,389.1235179
MONDAY|FADE|H15_10,2024-08-05/2024-08-11,-668.9484931074993
MONDAY|FADE|H15_10,2024-08-12/2024-08-18,-203.25643571999998
MONDAY|FADE|H15_10,2024-08-19/2024-08-25,125.90926969250035
MONDAY|FADE|H15_10,2024-08-26/2024-09-01,-853.8000105850002
MONDAY|FADE|H15_10,2024-09-02/2024-09-08,375.54600841499973
MONDAY|FADE|H15_10,2024-09-09/2024-09-15,800.8644084775007
MONDAY|FADE|H15_10,2024-09-16/2024-09-22,-340.09750273250006
MONDAY|FADE|H15_10,2024-09-23/2024-09-29,-241.9051458274999
MONDAY|FADE|H15_10,2024-09-30/2024-10-06,-1653.4279449925
MONDAY|FADE|H15_10,2024-10-07/2024-10-13,1257.992469015001
MONDAY|FADE|H15_10,2024-10-14/2024-10-20,-669.8189371474997
MONDAY|FADE|H15_10,2024-10-21/2024-10-27,743.8334921900004
MONDAY|FADE|H15_10,2024-10-28/2024-11-03,-946.4729236999998
MONDAY|FADE|H15_10,2024-11-04/2024-11-10,246.62026230500135
MONDAY|FADE|H15_10,2024-11-11/2024-11-17,240.30772590500032
MONDAY|FADE|H15_10,2024-11-18/2024-11-24,535.4627731150008
MONDAY|FADE|H15_10,2024-11-25/2024-12-01,257.9937853525005
MONDAY|FADE|H15_10,2024-12-02/2024-12-08,-2780.616473247498
MONDAY|FADE|H15_10,2024-12-09/2024-12-15,-1606.3277665175
MONDAY|FADE|H15_10,2024-12-16/2024-12-22,-564.0824048374985
MONDAY|FADE|H15_10,2024-12-23/2024-12-29,-43.28589360499933
MONDAY|FADE|H15_10,2024-12-30/2025-01-05,1101.8808324325012
MONDAY|FADE|H15_10,2025-01-06/2025-01-12,4409.6918835475035
MONDAY|FADE|H15_10,2025-01-13/2025-01-19,-2977.306603527501
MONDAY|FADE|H15_10,2025-01-20/2025-01-26,-2644.6561397000005
MONDAY|FADE|H15_10,2025-01-27/2025-02-02,-2257.1030600075005
MONDAY|FADE|H15_10,2025-02-03/2025-02-09,798.1342380175016
MONDAY|FADE|H15_10,2025-02-10/2025-02-16,-1077.992066442499
MONDAY|FADE|H15_10,2025-02-17/2025-02-23,1550.6347889425024
MONDAY|FADE|H15_10,2025-02-24/2025-03-02,-1400.4910216775
MONDAY|FADE|H15_10,2025-03-03/2025-03-09,637.4389950474992
MONDAY|FADE|H15_10,2025-03-10/2025-03-16,-2221.1659393625014
MONDAY|FADE|H15_10,2025-03-17/2025-03-23,-1229.5735577525006
MONDAY|FADE|H15_10,2025-03-24/2025-03-30,-2990.327389925
MONDAY|FADE|H15_10,2025-04-07/2025-04-13,-478.71528038749636
MONDAY|FADE|H15_10,2025-04-21/2025-04-27,-4065.365723495001
MONDAY|FADE|H15_10,2025-04-28/2025-05-04,4068.008324500002
MONDAY|FADE|H15_10,2025-05-05/2025-05-11,-1375.852716012499
MONDAY|FADE|H15_10,2025-05-12/2025-05-18,-3414.9330310624982
MONDAY|FADE|H15_10,2025-05-19/2025-05-25,-2041.480307090001
MONDAY|FADE|H15_10,2025-05-26/2025-06-01,450.3635771575016
MONDAY|FADE|H15_10,2025-06-02/2025-06-08,2232.243073787502
MONDAY|FADE|H15_10,2025-06-09/2025-06-15,-890.177659339998
MONDAY|FADE|H15_10,2025-06-16/2025-06-22,-2507.197929889999
MONDAY|FADE|H15_10,2025-06-23/2025-06-29,1778.3052998125008
MONDAY|FADE|H15_10,2025-06-30/2025-07-06,1727.8584729549991
MONDAY|FADE|H15_10,2025-07-07/2025-07-13,65.95862578749913
MONDAY|FADE|H15_10,2025-07-14/2025-07-20,205.5311962375028
MONDAY|FADE|H15_10,2025-07-21/2025-07-27,-3254.96083967
MONDAY|FADE|H15_10,2025-07-28/2025-08-03,-2793.6432338375007
MONDAY|FADE|H15_10,2025-08-04/2025-08-10,-1306.9503207950002
MONDAY|FADE|H15_10,2025-08-11/2025-08-17,4030.233708790001
MONDAY|FADE|H15_10,2025-08-18/2025-08-24,1044.8170500175008
MONDAY|FADE|H15_10,2025-08-25/2025-08-31,-1138.0366707425005
MONDAY|FADE|H15_10,2025-09-01/2025-09-07,-2200.64580821
MONDAY|FADE|H15_10,2025-09-08/2025-09-14,146.7275198274996
MONDAY|FADE|H15_10,2025-09-15/2025-09-21,-424.88630534000004
MONDAY|FADE|H15_10,2025-09-22/2025-09-28,-2567.695682015
MONDAY|FADE|H15_10,2025-10-06/2025-10-12,-3743.955330035
MONDAY|FADE|H15_10,2025-10-13/2025-10-19,196.61562897249988
MONDAY|FADE|H15_10,2025-10-20/2025-10-26,-137.70500411750112
MONDAY|FADE|H15_10,2025-10-27/2025-11-02,-1503.993015575
MONDAY|FADE|H15_10,2025-11-03/2025-11-09,2399.503470159999
MONDAY|FADE|H15_10,2025-11-10/2025-11-16,-1827.1871266850005
MONDAY|FADE|H15_10,2025-11-17/2025-11-23,-1077.3198197075003
MONDAY|FADE|H15_10,2025-11-24/2025-11-30,3745.1368875625008
MONDAY|FADE|H15_10,2025-12-01/2025-12-07,3595.2026660575
MONDAY|FADE|H15_10,2025-12-08/2025-12-14,-4292.29826183
MONDAY|FADE|H15_10,2025-12-15/2025-12-21,3179.8910383975
MONDAY|FADE|H15_10,2025-12-22/2025-12-28,-1379.4828851750005
MONDAY|FADE|H15_10,2025-12-29/2026-01-04,4290.0827017975
MONDAY|FADE|H15_10,2026-01-05/2026-01-11,2038.206811491
MONDAY|FADE|H15_10,2026-01-12/2026-01-18,5095.2113621495
MONDAY|FADE|H15_10,2026-01-19/2026-01-25,510.2815485879994
MONDAY|FADE|H15_10,2026-02-02/2026-02-08,2873.3318109465013
MONDAY|FADE|H15_10,2026-02-09/2026-02-15,-1389.4330851054997
MONDAY|FADE|H15_10,2026-02-16/2026-02-22,5309.0255717585
MONDAY|FADE|H15_10,2026-02-23/2026-03-01,1262.877503913499
MONDAY|FADE|H15_10,2026-03-02/2026-03-08,-4297.41947707668
MONDAY|FADE|H15_10,2026-03-09/2026-03-15,2775.1745282780603
MONDAY|FADE|H15_10,2026-03-16/2026-03-22,2635.495281770929
MONDAY|FADE|H15_10,2026-03-23/2026-03-29,-2478.7276681822
MONDAY|FADE|H15_10,2026-03-30/2026-04-05,-4744.298905922335
MONDAY|FADE|H15_10,2026-04-06/2026-04-12,-3610.3667690317275
MONDAY|FADE|H15_10,2026-04-13/2026-04-19,9098.279971591804
MONDAY|FADE|H15_10,2026-04-20/2026-04-26,-707.4183984515505
MONDAY|FADE|H15_10,2026-04-27/2026-05-03,-1431.1301175854608
MONDAY|FADE|H15_10,2026-05-04/2026-05-10,2398.6157434464753
MONDAY|FADE|H15_10,2026-05-11/2026-05-17,-2374.239578038231
MONDAY|FADE|H15_10,2026-05-18/2026-05-24,4261.880892579136
MONDAY|FADE|H15_10,2026-06-29/2026-07-05,-1639.9801765485236
THURSDAY|CONTINUE|H10_30,2021-07-05/2021-07-11,442.3031714899998
THURSDAY|CONTINUE|H10_30,2021-07-12/2021-07-18,10.940144155000027
THURSDAY|CONTINUE|H10_30,2021-07-19/2021-07-25,641.6112697299998
THURSDAY|CONTINUE|H10_30,2021-07-26/2021-08-01,104.70891330499978
THURSDAY|CONTINUE|H10_30,2021-08-02/2021-08-08,-231.23940482500035
THURSDAY|CONTINUE|H10_30,2021-08-09/2021-08-15,584.015993975
THURSDAY|CONTINUE|H10_30,2021-08-23/2021-08-29,-687.4136957000002
THURSDAY|CONTINUE|H10_30,2021-08-30/2021-09-05,-353.17107246000046
THURSDAY|CONTINUE|H10_30,2021-09-06/2021-09-12,-518.6580632000002
THURSDAY|CONTINUE|H10_30,2021-09-13/2021-09-19,-329.63858304499985
THURSDAY|CONTINUE|H10_30,2021-09-20/2021-09-26,542.10129838
THURSDAY|CONTINUE|H10_30,2021-09-27/2021-10-03,121.882725285
THURSDAY|CONTINUE|H10_30,2021-10-04/2021-10-10,-448.12964513000054
THURSDAY|CONTINUE|H10_30,2021-10-11/2021-10-17,-378.86141050499975
THURSDAY|CONTINUE|H10_30,2021-10-18/2021-10-24,-1625.2421405950001
THURSDAY|CONTINUE|H10_30,2021-10-25/2021-10-31,979.5275468949995
THURSDAY|CONTINUE|H10_30,2021-11-08/2021-11-14,1808.166912
THURSDAY|CONTINUE|H10_30,2021-11-15/2021-11-21,2099.6396683649996
THURSDAY|CONTINUE|H10_30,2021-11-22/2021-11-28,-27.677358785000024
THURSDAY|CONTINUE|H10_30,2021-11-29/2021-12-05,834.5646733299996
THURSDAY|CONTINUE|H10_30,2021-12-06/2021-12-12,-1632.2295832300001
THURSDAY|CONTINUE|H10_30,2021-12-13/2021-12-19,-1368.5525594200005
THURSDAY|CONTINUE|H10_30,2021-12-20/2021-12-26,-1106.0660040050002
THURSDAY|CONTINUE|H10_30,2021-12-27/2022-01-02,-994.2509906650002
THURSDAY|CONTINUE|H10_30,2022-01-03/2022-01-09,168.50617546499967
THURSDAY|CONTINUE|H10_30,2022-01-10/2022-01-16,-1086.58761258
THURSDAY|CONTINUE|H10_30,2022-01-17/2022-01-23,-1162.02065225
THURSDAY|CONTINUE|H10_30,2022-01-24/2022-01-30,-450.94546827500034
THURSDAY|CONTINUE|H10_30,2022-01-31/2022-02-06,-901.6680422400001
THURSDAY|CONTINUE|H10_30,2022-02-07/2022-02-13,1973.296697024999
THURSDAY|CONTINUE|H10_30,2022-02-14/2022-02-20,-1592.83458965
THURSDAY|CONTINUE|H10_30,2022-02-21/2022-02-27,774.3169077549995
THURSDAY|CONTINUE|H10_30,2022-02-28/2022-03-06,-1214.13897812
THURSDAY|CONTINUE|H10_30,2022-03-07/2022-03-13,1909.32813595
THURSDAY|CONTINUE|H10_30,2022-03-14/2022-03-20,1104.5087509249997
THURSDAY|CONTINUE|H10_30,2022-03-21/2022-03-27,-810.3439475099998
THURSDAY|CONTINUE|H10_30,2022-03-28/2022-04-03,477.3612240849998
THURSDAY|CONTINUE|H10_30,2022-04-04/2022-04-10,-95.51942359500036
THURSDAY|CONTINUE|H10_30,2022-04-18/2022-04-24,616.7960233950001
THURSDAY|CONTINUE|H10_30,2022-04-25/2022-05-01,-771.9628108650002
THURSDAY|CONTINUE|H10_30,2022-05-02/2022-05-08,2750.0972613350004
THURSDAY|CONTINUE|H10_30,2022-05-09/2022-05-15,-451.8384857900004
THURSDAY|CONTINUE|H10_30,2022-05-16/2022-05-22,-282.60414328000024
THURSDAY|CONTINUE|H10_30,2022-05-23/2022-05-29,-1774.0678928050002
THURSDAY|CONTINUE|H10_30,2022-05-30/2022-06-05,-663.9456087900002
THURSDAY|CONTINUE|H10_30,2022-06-06/2022-06-12,-1269.977434615
THURSDAY|CONTINUE|H10_30,2022-06-13/2022-06-19,-2059.2271186850003
THURSDAY|CONTINUE|H10_30,2022-06-20/2022-06-26,1550.2370678099992
THURSDAY|CONTINUE|H10_30,2022-06-27/2022-07-03,648.0051403550002
THURSDAY|CONTINUE|H10_30,2022-07-04/2022-07-10,7.547345054999781
THURSDAY|CONTINUE|H10_30,2022-07-11/2022-07-17,254.2603669099995
THURSDAY|CONTINUE|H10_30,2022-07-18/2022-07-24,-866.94063909
THURSDAY|CONTINUE|H10_30,2022-07-25/2022-07-31,1132.5501451149994
THURSDAY|CONTINUE|H10_30,2022-08-01/2022-08-07,-858.4606295100001
THURSDAY|CONTINUE|H10_30,2022-08-08/2022-08-14,61.21002711499982
THURSDAY|CONTINUE|H10_30,2022-08-15/2022-08-21,-824.4443198700002
THURSDAY|CONTINUE|H10_30,2022-08-22/2022-08-28,-455.77240923500034
THURSDAY|CONTINUE|H10_30,2022-08-29/2022-09-04,-1793.06757422
THURSDAY|CONTINUE|H10_30,2022-09-05/2022-09-11,-455.2844038850004
THURSDAY|CONTINUE|H10_30,2022-09-12/2022-09-18,-1820.166156275
THURSDAY|CONTINUE|H10_30,2022-09-19/2022-09-25,686.5861268099995
THURSDAY|CONTINUE|H10_30,2022-09-26/2022-10-02,-668.1716705700004
THURSDAY|CONTINUE|H10_30,2022-10-03/2022-10-09,-226.63223410500024
THURSDAY|CONTINUE|H10_30,2022-10-10/2022-10-16,1216.2075725149996
THURSDAY|CONTINUE|H10_30,2022-10-17/2022-10-23,-803.1526722700005
THURSDAY|CONTINUE|H10_30,2022-10-24/2022-10-30,-1317.8703635800002
THURSDAY|CONTINUE|H10_30,2022-10-31/2022-11-06,-1297.8847112500002
THURSDAY|CONTINUE|H10_30,2022-11-07/2022-11-13,257.1791036699998
THURSDAY|CONTINUE|H10_30,2022-11-14/2022-11-20,-323.50166402000025
THURSDAY|CONTINUE|H10_30,2022-11-21/2022-11-27,1767.2793514749997
THURSDAY|CONTINUE|H10_30,2022-11-28/2022-12-04,-834.5144974650002
THURSDAY|CONTINUE|H10_30,2022-12-05/2022-12-11,271.92085449000007
THURSDAY|CONTINUE|H10_30,2022-12-12/2022-12-18,69.76306966499997
THURSDAY|CONTINUE|H10_30,2022-12-19/2022-12-25,-1471.5814818350002
THURSDAY|CONTINUE|H10_30,2022-12-26/2023-01-01,742.1397456849996
THURSDAY|CONTINUE|H10_30,2023-01-02/2023-01-08,-622.8867493500002
THURSDAY|CONTINUE|H10_30,2023-01-09/2023-01-15,-2090.276885115
THURSDAY|CONTINUE|H10_30,2023-01-16/2023-01-22,-746.310319055
THURSDAY|CONTINUE|H10_30,2023-01-30/2023-02-05,817.3510269450001
THURSDAY|CONTINUE|H10_30,2023-02-06/2023-02-12,1436.0497481449995
THURSDAY|CONTINUE|H10_30,2023-02-13/2023-02-19,-942.5967669199999
THURSDAY|CONTINUE|H10_30,2023-02-20/2023-02-26,3089.9688778199993
THURSDAY|CONTINUE|H10_30,2023-02-27/2023-03-05,-584.2964675549998
THURSDAY|CONTINUE|H10_30,2023-03-06/2023-03-12,-763.130908115
THURSDAY|CONTINUE|H10_30,2023-03-13/2023-03-19,645.9216544449998
THURSDAY|CONTINUE|H10_30,2023-03-20/2023-03-26,-1938.829847025
THURSDAY|CONTINUE|H10_30,2023-04-03/2023-04-09,-1709.8151589850002
THURSDAY|CONTINUE|H10_30,2023-04-10/2023-04-16,-955.1348572850002
THURSDAY|CONTINUE|H10_30,2023-04-17/2023-04-23,-1070.46550377
THURSDAY|CONTINUE|H10_30,2023-04-24/2023-04-30,138.27373408000005
THURSDAY|CONTINUE|H10_30,2023-05-01/2023-05-07,281.0701285499999
THURSDAY|CONTINUE|H10_30,2023-05-08/2023-05-14,-26.803596825000355
THURSDAY|CONTINUE|H10_30,2023-05-15/2023-05-21,-830.71203853
THURSDAY|CONTINUE|H10_30,2023-05-22/2023-05-28,-224.97301591500016
THURSDAY|CONTINUE|H10_30,2023-05-29/2023-06-04,964.2924781799998
THURSDAY|CONTINUE|H10_30,2023-06-05/2023-06-11,149.6870883049999
THURSDAY|CONTINUE|H10_30,2023-06-12/2023-06-18,1398.4162214949997
THURSDAY|CONTINUE|H10_30,2023-06-19/2023-06-25,-326.9050882099998
THURSDAY|CONTINUE|H10_30,2023-07-03/2023-07-09,-1032.2742567200003
THURSDAY|CONTINUE|H10_30,2023-07-10/2023-07-16,1599.8303791199999
THURSDAY|CONTINUE|H10_30,2023-07-17/2023-07-23,457.7241470049997
THURSDAY|CONTINUE|H10_30,2023-07-24/2023-07-30,-1059.870139465
THURSDAY|CONTINUE|H10_30,2023-07-31/2023-08-06,1236.92822158
THURSDAY|CONTINUE|H10_30,2023-08-07/2023-08-13,1628.380363965
THURSDAY|CONTINUE|H10_30,2023-08-14/2023-08-20,-295.7756465150005
THURSDAY|CONTINUE|H10_30,2023-08-21/2023-08-27,-544.2508001749999
THURSDAY|CONTINUE|H10_30,2023-08-28/2023-09-03,-436.2335980999999
THURSDAY|CONTINUE|H10_30,2023-09-04/2023-09-10,-905.8290366399999
THURSDAY|CONTINUE|H10_30,2023-09-11/2023-09-17,-1106.25722335
THURSDAY|CONTINUE|H10_30,2023-09-18/2023-09-24,2101.150161115
THURSDAY|CONTINUE|H10_30,2023-09-25/2023-10-01,-501.00222328999985
THURSDAY|CONTINUE|H10_30,2023-10-02/2023-10-08,-742.8471400300001
THURSDAY|CONTINUE|H10_30,2023-10-09/2023-10-15,-1189.082052945
THURSDAY|CONTINUE|H10_30,2023-10-16/2023-10-22,-1013.5627308449999
THURSDAY|CONTINUE|H10_30,2023-10-23/2023-10-29,2050.4679652749996
THURSDAY|CONTINUE|H10_30,2023-10-30/2023-11-05,-1148.3764164250001
THURSDAY|CONTINUE|H10_30,2023-11-06/2023-11-12,-773.228306855
THURSDAY|CONTINUE|H10_30,2023-11-13/2023-11-19,2386.8485167149997
THURSDAY|CONTINUE|H10_30,2023-11-20/2023-11-26,-1608.957363335
THURSDAY|CONTINUE|H10_30,2023-11-27/2023-12-03,-1936.4588704499997
THURSDAY|CONTINUE|H10_30,2023-12-04/2023-12-10,-906.1962025699999
THURSDAY|CONTINUE|H10_30,2023-12-11/2023-12-17,-49.27708235499993
THURSDAY|CONTINUE|H10_30,2023-12-18/2023-12-24,-2073.1316240300002
THURSDAY|CONTINUE|H10_30,2023-12-25/2023-12-31,-1101.3147555150003
THURSDAY|CONTINUE|H10_30,2024-01-01/2024-01-07,640.7560984499996
THURSDAY|CONTINUE|H10_30,2024-01-08/2024-01-14,-1358.7997531350002
THURSDAY|CONTINUE|H10_30,2024-01-15/2024-01-21,-853.6064674049998
THURSDAY|CONTINUE|H10_30,2024-01-22/2024-01-28,-2149.964277245
THURSDAY|CONTINUE|H10_30,2024-01-29/2024-02-04,357.62658106499975
THURSDAY|CONTINUE|H10_30,2024-02-05/2024-02-11,-1832.8111430500003
THURSDAY|CONTINUE|H10_30,2024-02-12/2024-02-18,125.67655375499976
THURSDAY|CONTINUE|H10_30,2024-02-19/2024-02-25,-1445.7430832250002
THURSDAY|CONTINUE|H10_30,2024-02-26/2024-03-03,1179.0082738
THURSDAY|CONTINUE|H10_30,2024-03-04/2024-03-10,-887.9859601800002
THURSDAY|CONTINUE|H10_30,2024-03-11/2024-03-17,-1764.7878191100006
THURSDAY|CONTINUE|H10_30,2024-03-18/2024-03-24,827.4889249649998
THURSDAY|CONTINUE|H10_30,2024-03-25/2024-03-31,2841.9126793349997
THURSDAY|CONTINUE|H10_30,2024-04-01/2024-04-07,-1752.3712330399999
THURSDAY|CONTINUE|H10_30,2024-04-15/2024-04-21,-1426.5435520000003
THURSDAY|CONTINUE|H10_30,2024-04-22/2024-04-28,-1577.2190768699998
THURSDAY|CONTINUE|H10_30,2024-04-29/2024-05-05,-613.793912205
THURSDAY|CONTINUE|H10_30,2024-05-06/2024-05-12,1076.359130575
THURSDAY|CONTINUE|H10_30,2024-05-13/2024-05-19,-1040.965735285
THURSDAY|CONTINUE|H10_30,2024-05-20/2024-05-26,-929.20118144
THURSDAY|CONTINUE|H10_30,2024-05-27/2024-06-02,392.91634905749976
THURSDAY|CONTINUE|H10_30,2024-06-03/2024-06-09,861.3083735050002
THURSDAY|CONTINUE|H10_30,2024-06-10/2024-06-16,-996.3802884000002
THURSDAY|CONTINUE|H10_30,2024-06-17/2024-06-23,-36.48071386750018
THURSDAY|CONTINUE|H10_30,2024-06-24/2024-06-30,1950.5028547025
THURSDAY|CONTINUE|H10_30,2024-07-01/2024-07-07,-571.61429942
THURSDAY|CONTINUE|H10_30,2024-07-08/2024-07-14,-765.2950633750002
THURSDAY|CONTINUE|H10_30,2024-07-15/2024-07-21,-1012.0263434725
THURSDAY|CONTINUE|H10_30,2024-07-22/2024-07-28,-875.3018006474999
THURSDAY|CONTINUE|H10_30,2024-07-29/2024-08-04,-959.9747439425001
THURSDAY|CONTINUE|H10_30,2024-08-05/2024-08-11,-165.94990815750026
THURSDAY|CONTINUE|H10_30,2024-08-19/2024-08-25,-634.1842442624999
THURSDAY|CONTINUE|H10_30,2024-08-26/2024-09-01,-673.3697602550001
THURSDAY|CONTINUE|H10_30,2024-09-02/2024-09-08,-751.6617818500002
THURSDAY|CONTINUE|H10_30,2024-09-09/2024-09-15,-517.8450533875
THURSDAY|CONTINUE|H10_30,2024-09-16/2024-09-22,-898.99729095
THURSDAY|CONTINUE|H10_30,2024-09-23/2024-09-29,121.78213550499989
THURSDAY|CONTINUE|H10_30,2024-09-30/2024-10-06,537.122978935
THURSDAY|CONTINUE|H10_30,2024-10-07/2024-10-13,51.67433156999991
THURSDAY|CONTINUE|H10_30,2024-10-14/2024-10-20,-793.0396715600001
THURSDAY|CONTINUE|H10_30,2024-10-21/2024-10-27,-465.80739686750013
THURSDAY|CONTINUE|H10_30,2024-10-28/2024-11-03,-719.5028812500002
THURSDAY|CONTINUE|H10_30,2024-11-04/2024-11-10,-1024.6620349075001
THURSDAY|CONTINUE|H10_30,2024-11-11/2024-11-17,-629.6603991650002
THURSDAY|CONTINUE|H10_30,2024-11-18/2024-11-24,968.9999094699998
THURSDAY|CONTINUE|H10_30,2024-11-25/2024-12-01,-59.27853575750092
THURSDAY|CONTINUE|H10_30,2024-12-02/2024-12-08,-1516.3883514650008
THURSDAY|CONTINUE|H10_30,2024-12-09/2024-12-15,1883.0661344950001
THURSDAY|CONTINUE|H10_30,2024-12-16/2024-12-22,-2704.679829485
THURSDAY|CONTINUE|H10_30,2024-12-23/2024-12-29,-2077.8456911600006
THURSDAY|CONTINUE|H10_30,2024-12-30/2025-01-05,2695.5166709050013
THURSDAY|CONTINUE|H10_30,2025-01-06/2025-01-12,-789.6704400200001
THURSDAY|CONTINUE|H10_30,2025-01-13/2025-01-19,-1038.7594185574999
THURSDAY|CONTINUE|H10_30,2025-01-20/2025-01-26,-1668.2028943775
THURSDAY|CONTINUE|H10_30,2025-01-27/2025-02-02,2156.4816955974993
THURSDAY|CONTINUE|H10_30,2025-02-03/2025-02-09,-2241.7677436325002
THURSDAY|CONTINUE|H10_30,2025-02-10/2025-02-16,4118.4700819975005
THURSDAY|CONTINUE|H10_30,2025-02-17/2025-02-23,-2076.5270794025005
THURSDAY|CONTINUE|H10_30,2025-02-24/2025-03-02,-2021.9262328775
THURSDAY|CONTINUE|H10_30,2025-03-03/2025-03-09,85.24280592999926
THURSDAY|CONTINUE|H10_30,2025-03-10/2025-03-16,4392.325835544999
THURSDAY|CONTINUE|H10_30,2025-03-17/2025-03-23,-938.8298271575004
THURSDAY|CONTINUE|H10_30,2025-03-24/2025-03-30,-2582.730236045
THURSDAY|CONTINUE|H10_30,2025-03-31/2025-04-06,-2341.76605277
THURSDAY|CONTINUE|H10_30,2025-04-14/2025-04-20,-1865.6459471975002
THURSDAY|CONTINUE|H10_30,2025-04-21/2025-04-27,-829.6072195925
THURSDAY|CONTINUE|H10_30,2025-05-05/2025-05-11,-471.96489796999987
THURSDAY|CONTINUE|H10_30,2025-05-12/2025-05-18,290.93713841499965
THURSDAY|CONTINUE|H10_30,2025-05-19/2025-05-25,-3222.430790345
THURSDAY|CONTINUE|H10_30,2025-05-26/2025-06-01,-1048.7934088775
THURSDAY|CONTINUE|H10_30,2025-06-02/2025-06-08,-1067.0557697225
THURSDAY|CONTINUE|H10_30,2025-06-09/2025-06-15,-1814.3426225375001
THURSDAY|CONTINUE|H10_30,2025-06-16/2025-06-22,-1639.6117453775003
THURSDAY|CONTINUE|H10_30,2025-06-23/2025-06-29,-205.314688655001
THURSDAY|CONTINUE|H10_30,2025-06-30/2025-07-06,4474.214159634999
THURSDAY|CONTINUE|H10_30,2025-07-07/2025-07-13,-802.3894570775005
THURSDAY|CONTINUE|H10_30,2025-07-14/2025-07-20,-1362.0650737475005
THURSDAY|CONTINUE|H10_30,2025-07-21/2025-07-27,-851.6013302374997
THURSDAY|CONTINUE|H10_30,2025-07-28/2025-08-03,300.83169863499955
THURSDAY|CONTINUE|H10_30,2025-08-04/2025-08-10,4257.9639712675
THURSDAY|CONTINUE|H10_30,2025-08-11/2025-08-17,-952.4143081475008
THURSDAY|CONTINUE|H10_30,2025-08-18/2025-08-24,2750.831593195
THURSDAY|CONTINUE|H10_30,2025-08-25/2025-08-31,-1556.0642030975
THURSDAY|CONTINUE|H10_30,2025-09-01/2025-09-07,-1522.9923613250005
THURSDAY|CONTINUE|H10_30,2025-09-08/2025-09-14,-250.14546473750062
THURSDAY|CONTINUE|H10_30,2025-09-15/2025-09-21,-380.70088728500065
THURSDAY|CONTINUE|H10_30,2025-09-22/2025-09-28,235.37422419999905
THURSDAY|CONTINUE|H10_30,2025-10-06/2025-10-12,-905.849612262501
THURSDAY|CONTINUE|H10_30,2025-10-20/2025-10-26,-575.901100437498
THURSDAY|CONTINUE|H10_30,2025-10-27/2025-11-02,560.9625534624992
THURSDAY|CONTINUE|H10_30,2025-11-03/2025-11-09,-2343.5457714874997
THURSDAY|CONTINUE|H10_30,2025-11-10/2025-11-16,489.5723282725012
THURSDAY|CONTINUE|H10_30,2025-11-17/2025-11-23,-104.28757903249948
THURSDAY|CONTINUE|H10_30,2025-11-24/2025-11-30,-172.18707484249728
THURSDAY|CONTINUE|H10_30,2025-12-01/2025-12-07,-1838.8235658425006
THURSDAY|CONTINUE|H10_30,2025-12-08/2025-12-14,721.4137937575015
THURSDAY|CONTINUE|H10_30,2025-12-15/2025-12-21,-958.004457845
THURSDAY|CONTINUE|H10_30,2025-12-29/2026-01-04,-947.5084897725005
THURSDAY|CONTINUE|H10_30,2026-01-05/2026-01-11,276.5581718049997
THURSDAY|CONTINUE|H10_30,2026-01-19/2026-01-25,-1976.1414818605003
THURSDAY|CONTINUE|H10_30,2026-01-26/2026-02-01,-1130.0235441434995
THURSDAY|CONTINUE|H10_30,2026-02-02/2026-02-08,178.84911190200245
THURSDAY|CONTINUE|H10_30,2026-02-09/2026-02-15,-926.7232368035008
THURSDAY|CONTINUE|H10_30,2026-02-16/2026-02-22,-1282.7016254330006
THURSDAY|CONTINUE|H10_30,2026-02-23/2026-03-01,-87.94457356799815
THURSDAY|CONTINUE|H10_30,2026-03-02/2026-03-08,-278.5034540071978
THURSDAY|CONTINUE|H10_30,2026-03-09/2026-03-15,-323.44932638392544
THURSDAY|CONTINUE|H10_30,2026-03-16/2026-03-22,206.31582253414203
THURSDAY|CONTINUE|H10_30,2026-03-30/2026-04-05,182.50934603475363
THURSDAY|CONTINUE|H10_30,2026-04-06/2026-04-12,700.6722683641405
THURSDAY|CONTINUE|H10_30,2026-04-13/2026-04-19,-1154.024750664154
THURSDAY|CONTINUE|H10_30,2026-04-20/2026-04-26,-531.8943545965186
THURSDAY|CONTINUE|H10_30,2026-04-27/2026-05-03,301.51327413313004
THURSDAY|CONTINUE|H10_30,2026-05-04/2026-05-10,250.4298998527509
THURSDAY|CONTINUE|H10_30,2026-05-11/2026-05-17,-1119.8079506259542
THURSDAY|CONTINUE|H10_30,2026-05-18/2026-05-24,-278.21028710089354
THURSDAY|CONTINUE|H10_30,2026-06-15/2026-06-21,-173.04724156633134
THURSDAY|CONTINUE|H10_30,2026-06-22/2026-06-28,270.0153797888513
THURSDAY|CONTINUE|H10_30,2026-06-29/2026-07-05,-838.8712597936888
THURSDAY|CONTINUE|H15_10,2021-07-05/2021-07-11,5293.1272747250005
THURSDAY|CONTINUE|H15_10,2021-07-12/2021-07-18,198.25857709000013
THURSDAY|CONTINUE|H15_10,2021-07-19/2021-07-25,1712.7057260949996
THURSDAY|CONTINUE|H15_10,2021-07-26/2021-08-01,-272.1502037
THURSDAY|CONTINUE|H15_10,2021-08-02/2021-08-08,3166.5731303299995
THURSDAY|CONTINUE|H15_10,2021-08-09/2021-08-15,1427.9229614849999
THURSDAY|CONTINUE|H15_10,2021-08-23/2021-08-29,-1064.1426779450003
THURSDAY|CONTINUE|H15_10,2021-08-30/2021-09-05,4445.152931089999
THURSDAY|CONTINUE|H15_10,2021-09-06/2021-09-12,-2393.265244445
THURSDAY|CONTINUE|H15_10,2021-09-13/2021-09-19,2648.76805639
THURSDAY|CONTINUE|H15_10,2021-09-20/2021-09-26,4993.440090845
THURSDAY|CONTINUE|H15_10,2021-09-27/2021-10-03,-2666.10017278
THURSDAY|CONTINUE|H15_10,2021-10-04/2021-10-10,-2123.1405725950003
THURSDAY|CONTINUE|H15_10,2021-10-11/2021-10-17,504.9936233149999
THURSDAY|CONTINUE|H15_10,2021-10-18/2021-10-24,-2718.432956345
THURSDAY|CONTINUE|H15_10,2021-10-25/2021-10-31,7082.703977750002
THURSDAY|CONTINUE|H15_10,2021-11-08/2021-11-14,136.60057287999996
THURSDAY|CONTINUE|H15_10,2021-11-15/2021-11-21,1376.7434649549996
THURSDAY|CONTINUE|H15_10,2021-11-22/2021-11-28,-2193.794477755
THURSDAY|CONTINUE|H15_10,2021-11-29/2021-12-05,4464.62733972
THURSDAY|CONTINUE|H15_10,2021-12-06/2021-12-12,647.1858206849997
THURSDAY|CONTINUE|H15_10,2021-12-13/2021-12-19,-2946.1038028800003
THURSDAY|CONTINUE|H15_10,2021-12-20/2021-12-26,-1068.4563805800003
THURSDAY|CONTINUE|H15_10,2021-12-27/2022-01-02,-1678.0775373950003
THURSDAY|CONTINUE|H15_10,2022-01-03/2022-01-09,-1985.64451655
THURSDAY|CONTINUE|H15_10,2022-01-10/2022-01-16,-1635.73990383
THURSDAY|CONTINUE|H15_10,2022-01-17/2022-01-23,-2078.022967495
THURSDAY|CONTINUE|H15_10,2022-01-24/2022-01-30,-3176.033417035
THURSDAY|CONTINUE|H15_10,2022-01-31/2022-02-06,-1767.8061515650002
THURSDAY|CONTINUE|H15_10,2022-02-07/2022-02-13,5331.45861675
THURSDAY|CONTINUE|H15_10,2022-02-14/2022-02-20,-2616.13836579
THURSDAY|CONTINUE|H15_10,2022-02-21/2022-02-27,6918.042948975001
THURSDAY|CONTINUE|H15_10,2022-02-28/2022-03-06,-2971.33800439
THURSDAY|CONTINUE|H15_10,2022-03-07/2022-03-13,-2944.481101175
THURSDAY|CONTINUE|H15_10,2022-03-14/2022-03-20,895.5587256049994
THURSDAY|CONTINUE|H15_10,2022-03-21/2022-03-27,-2709.469589085
THURSDAY|CONTINUE|H15_10,2022-03-28/2022-04-03,-2575.66511277
THURSDAY|CONTINUE|H15_10,2022-04-04/2022-04-10,1105.45156306
THURSDAY|CONTINUE|H15_10,2022-04-18/2022-04-24,6585.928952140001
THURSDAY|CONTINUE|H15_10,2022-04-25/2022-05-01,4460.824880785001
THURSDAY|CONTINUE|H15_10,2022-05-02/2022-05-08,-3276.69667542
THURSDAY|CONTINUE|H15_10,2022-05-09/2022-05-15,2043.0536018749995
THURSDAY|CONTINUE|H15_10,2022-05-16/2022-05-22,4322.03212481
THURSDAY|CONTINUE|H15_10,2022-05-23/2022-05-29,85.96485373999987
THURSDAY|CONTINUE|H15_10,2022-05-30/2022-06-05,-2371.08987467
THURSDAY|CONTINUE|H15_10,2022-06-06/2022-06-12,-2303.285656095
THURSDAY|CONTINUE|H15_10,2022-06-13/2022-06-19,-2605.80393588
THURSDAY|CONTINUE|H15_10,2022-06-20/2022-06-26,-687.9846942350005
THURSDAY|CONTINUE|H15_10,2022-06-27/2022-07-03,282.87010659
THURSDAY|CONTINUE|H15_10,2022-07-04/2022-07-10,-905.8562577850005
THURSDAY|CONTINUE|H15_10,2022-07-11/2022-07-17,-2823.512166105
THURSDAY|CONTINUE|H15_10,2022-07-18/2022-07-24,-1797.921736325
THURSDAY|CONTINUE|H15_10,2022-07-25/2022-07-31,4408.133561754999
THURSDAY|CONTINUE|H15_10,2022-08-01/2022-08-07,-2595.81343355
THURSDAY|CONTINUE|H15_10,2022-08-08/2022-08-14,-2357.64017611
THURSDAY|CONTINUE|H15_10,2022-08-15/2022-08-21,-2788.705752565
THURSDAY|CONTINUE|H15_10,2022-08-22/2022-08-28,-2313.062365605
THURSDAY|CONTINUE|H15_10,2022-08-29/2022-09-04,-2262.04487265
THURSDAY|CONTINUE|H15_10,2022-09-05/2022-09-11,-1730.8564972800002
THURSDAY|CONTINUE|H15_10,2022-09-12/2022-09-18,-2870.94032807
THURSDAY|CONTINUE|H15_10,2022-09-19/2022-09-25,-1885.9014968250005
THURSDAY|CONTINUE|H15_10,2022-09-26/2022-10-02,-2205.77949539
THURSDAY|CONTINUE|H15_10,2022-10-03/2022-10-09,-2610.66208078
THURSDAY|CONTINUE|H15_10,2022-10-10/2022-10-16,-176.06623001500046
THURSDAY|CONTINUE|H15_10,2022-10-17/2022-10-23,-2378.230690415
THURSDAY|CONTINUE|H15_10,2022-10-24/2022-10-30,-2675.8582916100004
THURSDAY|CONTINUE|H15_10,2022-10-31/2022-11-06,-2368.6073540150005
THURSDAY|CONTINUE|H15_10,2022-11-07/2022-11-13,-623.9563783250001
THURSDAY|CONTINUE|H15_10,2022-11-14/2022-11-20,-420.7336121950003
THURSDAY|CONTINUE|H15_10,2022-11-21/2022-11-27,6211.040447215
THURSDAY|CONTINUE|H15_10,2022-11-28/2022-12-04,-1895.3628296500003
THURSDAY|CONTINUE|H15_10,2022-12-05/2022-12-11,-1158.385509435
THURSDAY|CONTINUE|H15_10,2022-12-12/2022-12-18,6775.343484245
THURSDAY|CONTINUE|H15_10,2022-12-19/2022-12-25,-2954.006836505
THURSDAY|CONTINUE|H15_10,2022-12-26/2023-01-01,-2198.2901043950005
THURSDAY|CONTINUE|H15_10,2023-01-02/2023-01-08,-2098.0736872050006
THURSDAY|CONTINUE|H15_10,2023-01-09/2023-01-15,-2916.31820269
THURSDAY|CONTINUE|H15_10,2023-01-16/2023-01-22,-2513.532381345
THURSDAY|CONTINUE|H15_10,2023-01-30/2023-02-05,-2992.6807763599995
THURSDAY|CONTINUE|H15_10,2023-02-06/2023-02-12,2300.1515131349997
THURSDAY|CONTINUE|H15_10,2023-02-13/2023-02-19,-2345.52104092
THURSDAY|CONTINUE|H15_10,2023-02-20/2023-02-26,-1944.4409144649999
THURSDAY|CONTINUE|H15_10,2023-02-27/2023-03-05,-277.1384833599999
THURSDAY|CONTINUE|H15_10,2023-03-06/2023-03-12,-1182.453145775
THURSDAY|CONTINUE|H15_10,2023-03-13/2023-03-19,1093.39284758
THURSDAY|CONTINUE|H15_10,2023-03-20/2023-03-26,-2213.254943375
THURSDAY|CONTINUE|H15_10,2023-04-03/2023-04-09,-2630.8661736
THURSDAY|CONTINUE|H15_10,2023-04-10/2023-04-16,-1277.0717736600002
THURSDAY|CONTINUE|H15_10,2023-04-17/2023-04-23,-1310.02841454
THURSDAY|CONTINUE|H15_10,2023-04-24/2023-04-30,1850.9035803099998
THURSDAY|CONTINUE|H15_10,2023-05-01/2023-05-07,5880.693901185001
THURSDAY|CONTINUE|H15_10,2023-05-08/2023-05-14,-2388.337384495
THURSDAY|CONTINUE|H15_10,2023-05-15/2023-05-21,-1245.01346284
THURSDAY|CONTINUE|H15_10,2023-05-22/2023-05-28,-1707.7515935050003
THURSDAY|CONTINUE|H15_10,2023-05-29/2023-06-04,-2293.420640855
THURSDAY|CONTINUE|H15_10,2023-06-05/2023-06-11,-1667.664097095
THURSDAY|CONTINUE|H15_10,2023-06-12/2023-06-18,-1387.562865925
THURSDAY|CONTINUE|H15_10,2023-06-19/2023-06-25,2481.807089385
THURSDAY|CONTINUE|H15_10,2023-07-03/2023-07-09,-2015.62067121
THURSDAY|CONTINUE|H15_10,2023-07-10/2023-07-16,-1725.2314868300002
THURSDAY|CONTINUE|H15_10,2023-07-17/2023-07-23,6933.676381105
THURSDAY|CONTINUE|H15_10,2023-07-24/2023-07-30,-2245.51841655
THURSDAY|CONTINUE|H15_10,2023-07-31/2023-08-06,6031.02616335
THURSDAY|CONTINUE|H15_10,2023-08-07/2023-08-13,-218.0406804450001
THURSDAY|CONTINUE|H15_10,2023-08-14/2023-08-20,-869.8182116950002
THURSDAY|CONTINUE|H15_10,2023-08-21/2023-08-27,-1592.663290735
THURSDAY|CONTINUE|H15_10,2023-08-28/2023-09-03,-1212.522253835
THURSDAY|CONTINUE|H15_10,2023-09-04/2023-09-10,-1415.03326158
THURSDAY|CONTINUE|H15_10,2023-09-11/2023-09-17,-1732.7394685050003
THURSDAY|CONTINUE|H15_10,2023-09-18/2023-09-24,1047.8191059449998
THURSDAY|CONTINUE|H15_10,2023-09-25/2023-10-01,-1130.00881813
THURSDAY|CONTINUE|H15_10,2023-10-02/2023-10-08,-128.6566587300002
THURSDAY|CONTINUE|H15_10,2023-10-09/2023-10-15,-1945.43153305
THURSDAY|CONTINUE|H15_10,2023-10-16/2023-10-22,-1585.15995673
THURSDAY|CONTINUE|H15_10,2023-10-23/2023-10-29,2590.1270548849993
THURSDAY|CONTINUE|H15_10,2023-10-30/2023-11-05,-1625.1452044
THURSDAY|CONTINUE|H15_10,2023-11-06/2023-11-12,-1269.97345182
THURSDAY|CONTINUE|H15_10,2023-11-13/2023-11-19,4027.090212
THURSDAY|CONTINUE|H15_10,2023-11-20/2023-11-26,-2270.45051951
THURSDAY|CONTINUE|H15_10,2023-11-27/2023-12-03,-767.9976834800002
THURSDAY|CONTINUE|H15_10,2023-12-04/2023-12-10,-1527.727349425
THURSDAY|CONTINUE|H15_10,2023-12-11/2023-12-17,-266.37646781
THURSDAY|CONTINUE|H15_10,2023-12-18/2023-12-24,-2791.7599366300005
THURSDAY|CONTINUE|H15_10,2023-12-25/2023-12-31,-1667.7656809600003
THURSDAY|CONTINUE|H15_10,2024-01-01/2024-01-07,423.66136066499973
THURSDAY|CONTINUE|H15_10,2024-01-08/2024-01-14,-1955.3616156700002
THURSDAY|CONTINUE|H15_10,2024-01-15/2024-01-21,-3211.94664091
THURSDAY|CONTINUE|H15_10,2024-01-22/2024-01-28,-2708.930459365
THURSDAY|CONTINUE|H15_10,2024-01-29/2024-02-04,-3230.118372190001
THURSDAY|CONTINUE|H15_10,2024-02-05/2024-02-11,-2773.7780949450002
THURSDAY|CONTINUE|H15_10,2024-02-12/2024-02-18,-228.04977345500058
THURSDAY|CONTINUE|H15_10,2024-02-19/2024-02-25,7373.4543506400005
THURSDAY|CONTINUE|H15_10,2024-02-26/2024-03-03,-2914.992951865
THURSDAY|CONTINUE|H15_10,2024-03-04/2024-03-10,-2173.450954835
THURSDAY|CONTINUE|H15_10,2024-03-11/2024-03-17,-3174.890090215
THURSDAY|CONTINUE|H15_10,2024-03-18/2024-03-24,-1543.807629205
THURSDAY|CONTINUE|H15_10,2024-03-25/2024-03-31,1437.2495118799998
THURSDAY|CONTINUE|H15_10,2024-04-01/2024-04-07,-2089.175387325
THURSDAY|CONTINUE|H15_10,2024-04-15/2024-04-21,-2018.0799535150004
THURSDAY|CONTINUE|H15_10,2024-04-22/2024-04-28,-2230.99975389
THURSDAY|CONTINUE|H15_10,2024-04-29/2024-05-05,-1040.41963406
THURSDAY|CONTINUE|H15_10,2024-05-06/2024-05-12,3339.5993099125008
THURSDAY|CONTINUE|H15_10,2024-05-13/2024-05-19,972.5251639375
THURSDAY|CONTINUE|H15_10,2024-05-20/2024-05-26,-1443.228693755
THURSDAY|CONTINUE|H15_10,2024-05-27/2024-06-02,2188.9566313025
THURSDAY|CONTINUE|H15_10,2024-06-03/2024-06-09,1017.7387111474998
THURSDAY|CONTINUE|H15_10,2024-06-10/2024-06-16,-1557.9637736050001
THURSDAY|CONTINUE|H15_10,2024-06-17/2024-06-23,269.8147951049998
THURSDAY|CONTINUE|H15_10,2024-06-24/2024-06-30,3433.1416697550003
THURSDAY|CONTINUE|H15_10,2024-07-01/2024-07-07,-1444.0214539275
THURSDAY|CONTINUE|H15_10,2024-07-08/2024-07-14,-967.44820053
THURSDAY|CONTINUE|H15_10,2024-07-15/2024-07-21,-1277.797475055
THURSDAY|CONTINUE|H15_10,2024-07-22/2024-07-28,-1419.3263821374999
THURSDAY|CONTINUE|H15_10,2024-07-29/2024-08-04,-1501.6190535175
THURSDAY|CONTINUE|H15_10,2024-08-05/2024-08-11,204.69327943249988
THURSDAY|CONTINUE|H15_10,2024-08-19/2024-08-25,-959.91930434
THURSDAY|CONTINUE|H15_10,2024-08-26/2024-09-01,-1085.2049307550003
THURSDAY|CONTINUE|H15_10,2024-09-02/2024-09-08,-1494.1668438825002
THURSDAY|CONTINUE|H15_10,2024-09-09/2024-09-15,3648.022457660001
THURSDAY|CONTINUE|H15_10,2024-09-16/2024-09-22,-1514.2222112625
THURSDAY|CONTINUE|H15_10,2024-09-23/2024-09-29,2485.0916655525007
THURSDAY|CONTINUE|H15_10,2024-09-30/2024-10-06,3248.6769094275
THURSDAY|CONTINUE|H15_10,2024-10-07/2024-10-13,-1335.7134400400003
THURSDAY|CONTINUE|H15_10,2024-10-14/2024-10-20,-991.3969888475
THURSDAY|CONTINUE|H15_10,2024-10-21/2024-10-27,-1368.037332925
THURSDAY|CONTINUE|H15_10,2024-10-28/2024-11-03,-1583.0562211800002
THURSDAY|CONTINUE|H15_10,2024-11-04/2024-11-10,-1184.3195177175
THURSDAY|CONTINUE|H15_10,2024-11-11/2024-11-17,-1392.0000642525001
THURSDAY|CONTINUE|H15_10,2024-11-18/2024-11-24,-2411.3795414975007
THURSDAY|CONTINUE|H15_10,2024-11-25/2024-12-01,-5007.758190012501
THURSDAY|CONTINUE|H15_10,2024-12-02/2024-12-08,8328.6601141375
THURSDAY|CONTINUE|H15_10,2024-12-09/2024-12-15,5071.6494516925
THURSDAY|CONTINUE|H15_10,2024-12-16/2024-12-22,-3913.3380655475
THURSDAY|CONTINUE|H15_10,2024-12-23/2024-12-29,-2706.6199025000005
THURSDAY|CONTINUE|H15_10,2024-12-30/2025-01-05,8707.182112600001
THURSDAY|CONTINUE|H15_10,2025-01-06/2025-01-12,3573.5342215224996
THURSDAY|CONTINUE|H15_10,2025-01-13/2025-01-19,-1839.6362496725
THURSDAY|CONTINUE|H15_10,2025-01-20/2025-01-26,-1982.3599403825
THURSDAY|CONTINUE|H15_10,2025-01-27/2025-02-02,-2383.4437139675
THURSDAY|CONTINUE|H15_10,2025-02-03/2025-02-09,-3424.3664843225
THURSDAY|CONTINUE|H15_10,2025-02-10/2025-02-16,-4562.181254840001
THURSDAY|CONTINUE|H15_10,2025-02-17/2025-02-23,-3779.74306682
THURSDAY|CONTINUE|H15_10,2025-02-24/2025-03-02,-3047.6381669525
THURSDAY|CONTINUE|H15_10,2025-03-03/2025-03-09,11042.960811145
THURSDAY|CONTINUE|H15_10,2025-03-10/2025-03-16,-2950.0390528475
THURSDAY|CONTINUE|H15_10,2025-03-17/2025-03-23,6891.865264
THURSDAY|CONTINUE|H15_10,2025-03-24/2025-03-30,-3218.31063089
THURSDAY|CONTINUE|H15_10,2025-03-31/2025-04-06,-3131.3042248175007
THURSDAY|CONTINUE|H15_10,2025-04-14/2025-04-20,-3385.5321998525005
THURSDAY|CONTINUE|H15_10,2025-04-21/2025-04-27,-1289.50064378
THURSDAY|CONTINUE|H15_10,2025-05-05/2025-05-11,-1269.2155491725
THURSDAY|CONTINUE|H15_10,2025-05-12/2025-05-18,11299.9186435675
THURSDAY|CONTINUE|H15_10,2025-05-19/2025-05-25,-5184.00288107
THURSDAY|CONTINUE|H15_10,2025-05-26/2025-06-01,-2249.725222775
THURSDAY|CONTINUE|H15_10,2025-06-02/2025-06-08,-931.5704958275005
THURSDAY|CONTINUE|H15_10,2025-06-09/2025-06-15,-3652.2770183000002
THURSDAY|CONTINUE|H15_10,2025-06-16/2025-06-22,-2428.9686582950003
THURSDAY|CONTINUE|H15_10,2025-06-23/2025-06-29,9183.9475665175
THURSDAY|CONTINUE|H15_10,2025-06-30/2025-07-06,-2582.6057462675003
THURSDAY|CONTINUE|H15_10,2025-07-07/2025-07-13,-3333.0018903125006
THURSDAY|CONTINUE|H15_10,2025-07-14/2025-07-20,-2623.5812800850003
THURSDAY|CONTINUE|H15_10,2025-07-21/2025-07-27,-2158.15845512
THURSDAY|CONTINUE|H15_10,2025-07-28/2025-08-03,-3678.824519022501
THURSDAY|CONTINUE|H15_10,2025-08-04/2025-08-10,-3895.8913707875
THURSDAY|CONTINUE|H15_10,2025-08-11/2025-08-17,-2554.4886596075003
THURSDAY|CONTINUE|H15_10,2025-08-18/2025-08-24,-1240.0517394500002
THURSDAY|CONTINUE|H15_10,2025-08-25/2025-08-31,-1316.1108880475003
THURSDAY|CONTINUE|H15_10,2025-09-01/2025-09-07,-3973.6834321925
THURSDAY|CONTINUE|H15_10,2025-09-08/2025-09-14,-968.1509895575002
THURSDAY|CONTINUE|H15_10,2025-09-15/2025-09-21,-140.95671738500096
THURSDAY|CONTINUE|H15_10,2025-09-22/2025-09-28,3062.94798286
THURSDAY|CONTINUE|H15_10,2025-10-06/2025-10-12,1862.9314307425002
THURSDAY|CONTINUE|H15_10,2025-10-20/2025-10-26,-4366.3087755875
THURSDAY|CONTINUE|H15_10,2025-10-27/2025-11-02,1436.9982117175005
THURSDAY|CONTINUE|H15_10,2025-11-03/2025-11-09,-3258.709514734999
THURSDAY|CONTINUE|H15_10,2025-11-10/2025-11-16,-647.5881180874992
THURSDAY|CONTINUE|H15_10,2025-11-17/2025-11-23,1487.9270697325005
THURSDAY|CONTINUE|H15_10,2025-11-24/2025-11-30,-1861.2200291524982
THURSDAY|CONTINUE|H15_10,2025-12-01/2025-12-07,-1486.4596708175006
THURSDAY|CONTINUE|H15_10,2025-12-08/2025-12-14,2420.187935177502
THURSDAY|CONTINUE|H15_10,2025-12-15/2025-12-21,-972.2860893350003
THURSDAY|CONTINUE|H15_10,2025-12-29/2026-01-04,-1190.3276259230004
THURSDAY|CONTINUE|H15_10,2026-01-05/2026-01-11,3523.17105918
THURSDAY|CONTINUE|H15_10,2026-01-19/2026-01-25,-1570.2002895740009
THURSDAY|CONTINUE|H15_10,2026-01-26/2026-02-01,1794.0990236255032
THURSDAY|CONTINUE|H15_10,2026-02-02/2026-02-08,470.92327676500145
THURSDAY|CONTINUE|H15_10,2026-02-09/2026-02-15,71.53158104249962
THURSDAY|CONTINUE|H15_10,2026-02-16/2026-02-22,-4139.430294818501
THURSDAY|CONTINUE|H15_10,2026-02-23/2026-03-01,-1033.9164708929993
THURSDAY|CONTINUE|H15_10,2026-03-02/2026-03-08,1670.7454314331528
THURSDAY|CONTINUE|H15_10,2026-03-09/2026-03-15,-676.4102739129854
THURSDAY|CONTINUE|H15_10,2026-03-16/2026-03-22,2417.709637710145
THURSDAY|CONTINUE|H15_10,2026-03-30/2026-04-05,-2866.869053496543
THURSDAY|CONTINUE|H15_10,2026-04-06/2026-04-12,1189.262376451584
THURSDAY|CONTINUE|H15_10,2026-04-13/2026-04-19,-2518.5065537667556
THURSDAY|CONTINUE|H15_10,2026-04-20/2026-04-26,270.19224535825185
THURSDAY|CONTINUE|H15_10,2026-04-27/2026-05-03,-1713.4921130651796
THURSDAY|CONTINUE|H15_10,2026-05-04/2026-05-10,-706.9102044089599
THURSDAY|CONTINUE|H15_10,2026-05-11/2026-05-17,868.130275711421
THURSDAY|CONTINUE|H15_10,2026-05-18/2026-05-24,-2102.049844384275
THURSDAY|CONTINUE|H15_10,2026-06-15/2026-06-21,-1030.4624868091232
THURSDAY|CONTINUE|H15_10,2026-06-22/2026-06-28,-848.2181615001675
THURSDAY|CONTINUE|H15_10,2026-06-29/2026-07-05,547.2305826013228
THURSDAY|FADE|H10_30,2021-07-05/2021-07-11,-1331.76159079
THURSDAY|FADE|H10_30,2021-07-12/2021-07-18,-405.5596280650003
THURSDAY|FADE|H10_30,2021-07-19/2021-07-25,-986.0690968399999
THURSDAY|FADE|H10_30,2021-07-26/2021-08-01,-682.3557009900001
THURSDAY|FADE|H10_30,2021-08-02/2021-08-08,-331.9723782599999
THURSDAY|FADE|H10_30,2021-08-09/2021-08-15,-803.989917745
THURSDAY|FADE|H10_30,2021-08-23/2021-08-29,112.29590536999973
THURSDAY|FADE|H10_30,2021-08-30/2021-09-05,-317.1283787
THURSDAY|FADE|H10_30,2021-09-06/2021-09-12,83.23069403000005
THURSDAY|FADE|H10_30,2021-09-13/2021-09-19,-249.44499954499997
THURSDAY|FADE|H10_30,2021-09-20/2021-09-26,-1110.292065785
THURSDAY|FADE|H10_30,2021-09-27/2021-10-03,-578.5731911600003
THURSDAY|FADE|H10_30,2021-10-04/2021-10-10,-105.4959829150005
THURSDAY|FADE|H10_30,2021-10-11/2021-10-17,-242.39647232500025
THURSDAY|FADE|H10_30,2021-10-18/2021-10-24,1350.1846774949997
THURSDAY|FADE|H10_30,2021-10-25/2021-10-31,-1130.1289926750003
THURSDAY|FADE|H10_30,2021-11-08/2021-11-14,-1661.131461245
THURSDAY|FADE|H10_30,2021-11-15/2021-11-21,-1977.3411184300005
THURSDAY|FADE|H10_30,2021-11-22/2021-11-28,-544.4685757900004
THURSDAY|FADE|H10_30,2021-11-29/2021-12-05,-1277.354616655
THURSDAY|FADE|H10_30,2021-12-06/2021-12-12,940.3277554549995
THURSDAY|FADE|H10_30,2021-12-13/2021-12-19,914.36320488
THURSDAY|FADE|H10_30,2021-12-20/2021-12-26,159.07804120499947
THURSDAY|FADE|H10_30,2021-12-27/2022-01-02,721.9588912149999
THURSDAY|FADE|H10_30,2022-01-03/2022-01-09,-1003.7992994700004
THURSDAY|FADE|H10_30,2022-01-10/2022-01-16,1079.41796231
THURSDAY|FADE|H10_30,2022-01-17/2022-01-23,555.1327066399999
THURSDAY|FADE|H10_30,2022-01-24/2022-01-30,-1132.476066025
THURSDAY|FADE|H10_30,2022-01-31/2022-02-06,991.2005057649998
THURSDAY|FADE|H10_30,2022-02-07/2022-02-13,-1569.0650690650002
THURSDAY|FADE|H10_30,2022-02-14/2022-02-20,2094.926930985001
THURSDAY|FADE|H10_30,2022-02-21/2022-02-27,-1464.979130935001
THURSDAY|FADE|H10_30,2022-02-28/2022-03-06,923.5277516999995
THURSDAY|FADE|H10_30,2022-03-07/2022-03-13,-2166.676640145
THURSDAY|FADE|H10_30,2022-03-14/2022-03-20,-1347.3857340350005
THURSDAY|FADE|H10_30,2022-03-21/2022-03-27,-16.254709220000464
THURSDAY|FADE|H10_30,2022-03-28/2022-04-03,-795.1613329150001
THURSDAY|FADE|H10_30,2022-04-04/2022-04-10,-973.1259943100002
THURSDAY|FADE|H10_30,2022-04-18/2022-04-24,-676.8747683099999
THURSDAY|FADE|H10_30,2022-04-25/2022-05-01,273.4227167749998
THURSDAY|FADE|H10_30,2022-05-02/2022-05-08,-1904.413837765
THURSDAY|FADE|H10_30,2022-05-09/2022-05-15,-219.40709542500005
THURSDAY|FADE|H10_30,2022-05-16/2022-05-22,-509.5970948700001
THURSDAY|FADE|H10_30,2022-05-23/2022-05-29,2654.3346417550015
THURSDAY|FADE|H10_30,2022-05-30/2022-06-05,235.57207938499943
THURSDAY|FADE|H10_30,2022-06-06/2022-06-12,1048.1451077199997
THURSDAY|FADE|H10_30,2022-06-13/2022-06-19,3056.2274455850006
THURSDAY|FADE|H10_30,2022-06-20/2022-06-26,-1530.3811689950003
THURSDAY|FADE|H10_30,2022-06-27/2022-07-03,-1029.1868740900002
THURSDAY|FADE|H10_30,2022-07-04/2022-07-10,-612.993183215
THURSDAY|FADE|H10_30,2022-07-11/2022-07-17,-658.4367900900002
THURSDAY|FADE|H10_30,2022-07-18/2022-07-24,1136.6832534949992
THURSDAY|FADE|H10_30,2022-07-25/2022-07-31,-1337.96755999
THURSDAY|FADE|H10_30,2022-08-01/2022-08-07,360.51543717999954
THURSDAY|FADE|H10_30,2022-08-08/2022-08-14,-632.4775520600002
THURSDAY|FADE|H10_30,2022-08-15/2022-08-21,16.974814439999463
THURSDAY|FADE|H10_30,2022-08-22/2022-08-28,-121.1254387050003
THURSDAY|FADE|H10_30,2022-08-29/2022-09-04,2717.0715702800007
THURSDAY|FADE|H10_30,2022-09-05/2022-09-11,-8.900100654999932
THURSDAY|FADE|H10_30,2022-09-12/2022-09-18,2455.26755748
THURSDAY|FADE|H10_30,2022-09-19/2022-09-25,-1561.6819096050006
THURSDAY|FADE|H10_30,2022-09-26/2022-10-02,591.8971190000001
THURSDAY|FADE|H10_30,2022-10-03/2022-10-09,-663.8247693700005
THURSDAY|FADE|H10_30,2022-10-10/2022-10-16,-1653.4189820899996
THURSDAY|FADE|H10_30,2022-10-17/2022-10-23,303.9240581449998
THURSDAY|FADE|H10_30,2022-10-24/2022-10-30,526.5926820099997
THURSDAY|FADE|H10_30,2022-10-31/2022-11-06,987.2161228249997
THURSDAY|FADE|H10_30,2022-11-07/2022-11-13,-912.7089179900003
THURSDAY|FADE|H10_30,2022-11-14/2022-11-20,-348.996799925
THURSDAY|FADE|H10_30,2022-11-21/2022-11-27,-820.5821060999999
THURSDAY|FADE|H10_30,2022-11-28/2022-12-04,316.90832482999997
THURSDAY|FADE|H10_30,2022-12-05/2022-12-11,-937.5620105599999
THURSDAY|FADE|H10_30,2022-12-12/2022-12-18,-829.4890364450002
THURSDAY|FADE|H10_30,2022-12-19/2022-12-25,775.4960861849997
THURSDAY|FADE|H10_30,2022-12-26/2023-01-01,-1064.3471754250002
THURSDAY|FADE|H10_30,2023-01-02/2023-01-08,534.6822873099999
THURSDAY|FADE|H10_30,2023-01-09/2023-01-15,1960.018962255
THURSDAY|FADE|H10_30,2023-01-16/2023-01-22,-87.83947813000022
THURSDAY|FADE|H10_30,2023-01-30/2023-02-05,-1491.9528907750002
THURSDAY|FADE|H10_30,2023-02-06/2023-02-12,-1399.193995765
THURSDAY|FADE|H10_30,2023-02-13/2023-02-19,167.24599201999996
THURSDAY|FADE|H10_30,2023-02-20/2023-02-26,-1864.014947465
THURSDAY|FADE|H10_30,2023-02-27/2023-03-05,-369.2931812700005
THURSDAY|FADE|H10_30,2023-03-06/2023-03-12,901.8669435449996
THURSDAY|FADE|H10_30,2023-03-13/2023-03-19,-901.1514859950005
THURSDAY|FADE|H10_30,2023-03-20/2023-03-26,3642.259011195
THURSDAY|FADE|H10_30,2023-04-03/2023-04-09,1016.30855531
THURSDAY|FADE|H10_30,2023-04-10/2023-04-16,369.80812413499996
THURSDAY|FADE|H10_30,2023-04-17/2023-04-23,2564.934682404999
THURSDAY|FADE|H10_30,2023-04-24/2023-04-30,-798.0063718300004
THURSDAY|FADE|H10_30,2023-05-01/2023-05-07,-743.6518518149999
THURSDAY|FADE|H10_30,2023-05-08/2023-05-14,-484.2241281349999
THURSDAY|FADE|H10_30,2023-05-15/2023-05-21,1369.5189911499992
THURSDAY|FADE|H10_30,2023-05-22/2023-05-28,-537.6398188100002
THURSDAY|FADE|H10_30,2023-05-29/2023-06-04,-778.416436325
THURSDAY|FADE|H10_30,2023-06-05/2023-06-11,-884.3647603750001
THURSDAY|FADE|H10_30,2023-06-12/2023-06-18,-1221.3408784500002
THURSDAY|FADE|H10_30,2023-06-19/2023-06-25,-178.59987504000026
THURSDAY|FADE|H10_30,2023-07-03/2023-07-09,1058.8931802599993
THURSDAY|FADE|H10_30,2023-07-10/2023-07-16,-1286.69046239
THURSDAY|FADE|H10_30,2023-07-17/2023-07-23,-740.2809613150001
THURSDAY|FADE|H10_30,2023-07-24/2023-07-30,1062.4260743349998
THURSDAY|FADE|H10_30,2023-07-31/2023-08-06,-1016.6959253000001
THURSDAY|FADE|H10_30,2023-08-07/2023-08-13,-1193.7728817250002
THURSDAY|FADE|H10_30,2023-08-14/2023-08-20,-590.6604575350001
THURSDAY|FADE|H10_30,2023-08-21/2023-08-27,-205.21509941500005
THURSDAY|FADE|H10_30,2023-08-28/2023-09-03,-136.76418983500037
THURSDAY|FADE|H10_30,2023-09-04/2023-09-10,943.4509896949995
THURSDAY|FADE|H10_30,2023-09-11/2023-09-17,2247.09834072
THURSDAY|FADE|H10_30,2023-09-18/2023-09-24,-1278.5039208950004
THURSDAY|FADE|H10_30,2023-09-25/2023-10-01,18.017222269999422
THURSDAY|FADE|H10_30,2023-10-02/2023-10-08,-71.66624494999982
THURSDAY|FADE|H10_30,2023-10-09/2023-10-15,629.2497908249998
THURSDAY|FADE|H10_30,2023-10-16/2023-10-22,1120.50935544
THURSDAY|FADE|H10_30,2023-10-23/2023-10-29,-2070.030963265
THURSDAY|FADE|H10_30,2023-10-30/2023-11-05,471.08487495999975
THURSDAY|FADE|H10_30,2023-11-06/2023-11-12,111.25482729000001
THURSDAY|FADE|H10_30,2023-11-13/2023-11-19,-1065.44933809
THURSDAY|FADE|H10_30,2023-11-20/2023-11-26,859.4821684049999
THURSDAY|FADE|H10_30,2023-11-27/2023-12-03,1866.9659342850005
THURSDAY|FADE|H10_30,2023-12-04/2023-12-10,-1080.3670354950002
THURSDAY|FADE|H10_30,2023-12-11/2023-12-17,-1235.0176479650002
THURSDAY|FADE|H10_30,2023-12-18/2023-12-24,1239.368913205
THURSDAY|FADE|H10_30,2023-12-25/2023-12-31,-72.77637320500037
THURSDAY|FADE|H10_30,2024-01-01/2024-01-07,-1153.7086236650002
THURSDAY|FADE|H10_30,2024-01-08/2024-01-14,860.6168647599998
THURSDAY|FADE|H10_30,2024-01-15/2024-01-21,-202.87665653000022
THURSDAY|FADE|H10_30,2024-01-22/2024-01-28,3318.096525765
THURSDAY|FADE|H10_30,2024-01-29/2024-02-04,-1793.4334104000002
THURSDAY|FADE|H10_30,2024-02-05/2024-02-11,1025.4677895849995
THURSDAY|FADE|H10_30,2024-02-12/2024-02-18,-858.9021581600002
THURSDAY|FADE|H10_30,2024-02-19/2024-02-25,1855.0526263250003
THURSDAY|FADE|H10_30,2024-02-26/2024-03-03,-1172.912137685
THURSDAY|FADE|H10_30,2024-03-04/2024-03-10,-930.9696198750003
THURSDAY|FADE|H10_30,2024-03-11/2024-03-17,-595.8339791200005
THURSDAY|FADE|H10_30,2024-03-18/2024-03-24,-1552.6587875100001
THURSDAY|FADE|H10_30,2024-03-25/2024-03-31,-1164.1034732850003
THURSDAY|FADE|H10_30,2024-04-01/2024-04-07,1966.3471006249995
THURSDAY|FADE|H10_30,2024-04-15/2024-04-21,2423.3061828549994
THURSDAY|FADE|H10_30,2024-04-22/2024-04-28,3540.685474365001
THURSDAY|FADE|H10_30,2024-04-29/2024-05-05,291.6439134649999
THURSDAY|FADE|H10_30,2024-05-06/2024-05-12,-1077.5269766874999
THURSDAY|FADE|H10_30,2024-05-13/2024-05-19,1381.2902159650002
THURSDAY|FADE|H10_30,2024-05-20/2024-05-26,1117.9992812025002
THURSDAY|FADE|H10_30,2024-05-27/2024-06-02,-899.3388946950002
THURSDAY|FADE|H10_30,2024-06-03/2024-06-09,-1345.4287325275
THURSDAY|FADE|H10_30,2024-06-10/2024-06-16,98.83492007250001
THURSDAY|FADE|H10_30,2024-06-17/2024-06-23,-841.3296438725
THURSDAY|FADE|H10_30,2024-06-24/2024-06-30,-1163.39470361
THURSDAY|FADE|H10_30,2024-07-01/2024-07-07,-132.92488197750015
THURSDAY|FADE|H10_30,2024-07-08/2024-07-14,1328.0132905149999
THURSDAY|FADE|H10_30,2024-07-15/2024-07-21,1664.7264827974998
THURSDAY|FADE|H10_30,2024-07-22/2024-07-28,116.27763203749983
THURSDAY|FADE|H10_30,2024-07-29/2024-08-04,-190.62473030750004
THURSDAY|FADE|H10_30,2024-08-05/2024-08-11,-222.93600670500024
THURSDAY|FADE|H10_30,2024-08-19/2024-08-25,193.63779579749976
THURSDAY|FADE|H10_30,2024-08-26/2024-09-01,624.0965188799998
THURSDAY|FADE|H10_30,2024-09-02/2024-09-08,279.73558238499993
THURSDAY|FADE|H10_30,2024-09-09/2024-09-15,848.190318475
THURSDAY|FADE|H10_30,2024-09-16/2024-09-22,-62.95418430750027
THURSDAY|FADE|H10_30,2024-09-23/2024-09-29,-428.5324056825001
THURSDAY|FADE|H10_30,2024-09-30/2024-10-06,-666.8610276300001
THURSDAY|FADE|H10_30,2024-10-07/2024-10-13,-766.9542815650001
THURSDAY|FADE|H10_30,2024-10-14/2024-10-20,1225.1075313549998
THURSDAY|FADE|H10_30,2024-10-21/2024-10-27,-818.5434379300002
THURSDAY|FADE|H10_30,2024-10-28/2024-11-03,-432.27975745250006
THURSDAY|FADE|H10_30,2024-11-04/2024-11-10,1989.1489085375003
THURSDAY|FADE|H10_30,2024-11-11/2024-11-17,-649.2065142425002
THURSDAY|FADE|H10_30,2024-11-18/2024-11-24,-2262.3536102675
THURSDAY|FADE|H10_30,2024-11-25/2024-12-01,-1428.8272169300005
THURSDAY|FADE|H10_30,2024-12-02/2024-12-08,2400.251415820001
THURSDAY|FADE|H10_30,2024-12-09/2024-12-15,-1274.6393800625
THURSDAY|FADE|H10_30,2024-12-16/2024-12-22,1149.699392222499
THURSDAY|FADE|H10_30,2024-12-23/2024-12-29,5598.279127667502
THURSDAY|FADE|H10_30,2024-12-30/2025-01-05,-2305.1676267800012
THURSDAY|FADE|H10_30,2025-01-06/2025-01-12,-528.8593696400005
THURSDAY|FADE|H10_30,2025-01-13/2025-01-19,2066.807188052499
THURSDAY|FADE|H10_30,2025-01-20/2025-01-26,5879.326492120002
THURSDAY|FADE|H10_30,2025-01-27/2025-02-02,-3792.4869779600012
THURSDAY|FADE|H10_30,2025-02-03/2025-02-09,1536.7983267775005
THURSDAY|FADE|H10_30,2025-02-10/2025-02-16,-3230.07355445
THURSDAY|FADE|H10_30,2025-02-17/2025-02-23,617.9805175974996
THURSDAY|FADE|H10_30,2025-02-24/2025-03-02,-195.3733225249998
THURSDAY|FADE|H10_30,2025-03-03/2025-03-09,-2259.0959228075003
THURSDAY|FADE|H10_30,2025-03-10/2025-03-16,-1870.7998840175
THURSDAY|FADE|H10_30,2025-03-17/2025-03-23,-532.5901221275008
THURSDAY|FADE|H10_30,2025-03-24/2025-03-30,2430.0994206624996
THURSDAY|FADE|H10_30,2025-03-31/2025-04-06,554.4591269274994
THURSDAY|FADE|H10_30,2025-04-14/2025-04-20,3996.6091234974992
THURSDAY|FADE|H10_30,2025-04-21/2025-04-27,272.6867259549997
THURSDAY|FADE|H10_30,2025-05-05/2025-05-11,-1539.5297781800002
THURSDAY|FADE|H10_30,2025-05-12/2025-05-18,2300.1306018474993
THURSDAY|FADE|H10_30,2025-05-19/2025-05-25,-1419.3628953950001
THURSDAY|FADE|H10_30,2025-05-26/2025-06-01,2792.13578506
THURSDAY|FADE|H10_30,2025-06-02/2025-06-08,-2152.4667151025005
THURSDAY|FADE|H10_30,2025-06-09/2025-06-15,2418.6691347174997
THURSDAY|FADE|H10_30,2025-06-16/2025-06-22,889.766731472499
THURSDAY|FADE|H10_30,2025-06-23/2025-06-29,-171.72497057000015
THURSDAY|FADE|H10_30,2025-06-30/2025-07-06,-3383.432779535
THURSDAY|FADE|H10_30,2025-07-07/2025-07-13,624.9739344249994
THURSDAY|FADE|H10_30,2025-07-14/2025-07-20,2266.565777844999
THURSDAY|FADE|H10_30,2025-07-21/2025-07-27,465.75764782749934
THURSDAY|FADE|H10_30,2025-07-28/2025-08-03,-1577.910914825
THURSDAY|FADE|H10_30,2025-08-04/2025-08-10,-2182.634421545
THURSDAY|FADE|H10_30,2025-08-11/2025-08-17,232.2340550124993
THURSDAY|FADE|H10_30,2025-08-18/2025-08-24,-1330.8177813424998
THURSDAY|FADE|H10_30,2025-08-25/2025-08-31,2339.425005647499
THURSDAY|FADE|H10_30,2025-09-01/2025-09-07,1126.2153741324996
THURSDAY|FADE|H10_30,2025-09-08/2025-09-14,-208.36721053250108
THURSDAY|FADE|H10_30,2025-09-15/2025-09-21,7.163915507499269
THURSDAY|FADE|H10_30,2025-09-22/2025-09-28,-816.9808170425018
THURSDAY|FADE|H10_30,2025-10-06/2025-10-12,298.12078050249994
THURSDAY|FADE|H10_30,2025-10-20/2025-10-26,19.42381054749896
THURSDAY|FADE|H10_30,2025-10-27/2025-11-02,-1028.3270454574988
THURSDAY|FADE|H10_30,2025-11-03/2025-11-09,1737.6683778024994
THURSDAY|FADE|H10_30,2025-11-10/2025-11-16,-937.3558476650016
THURSDAY|FADE|H10_30,2025-11-17/2025-11-23,-405.8799784025007
THURSDAY|FADE|H10_30,2025-11-24/2025-11-30,-315.8688536750002
THURSDAY|FADE|H10_30,2025-12-01/2025-12-07,1712.447457655002
THURSDAY|FADE|H10_30,2025-12-08/2025-12-14,-975.9112719350017
THURSDAY|FADE|H10_30,2025-12-15/2025-12-21,832.4081609049991
THURSDAY|FADE|H10_30,2025-12-29/2026-01-04,420.20263372049953
THURSDAY|FADE|H10_30,2026-01-05/2026-01-11,-613.9924290375003
THURSDAY|FADE|H10_30,2026-01-19/2026-01-25,1599.3688073930005
THURSDAY|FADE|H10_30,2026-01-26/2026-02-01,729.1511760320027
THURSDAY|FADE|H10_30,2026-02-02/2026-02-08,-639.7113793009972
THURSDAY|FADE|H10_30,2026-02-09/2026-02-15,390.84468823999975
THURSDAY|FADE|H10_30,2026-02-16/2026-02-22,1065.1150909679998
THURSDAY|FADE|H10_30,2026-02-23/2026-03-01,-438.95128440200045
THURSDAY|FADE|H10_30,2026-03-02/2026-03-08,-226.40706774059703
THURSDAY|FADE|H10_30,2026-03-09/2026-03-15,-77.84899463299706
THURSDAY|FADE|H10_30,2026-03-16/2026-03-22,-442.1620179767474
THURSDAY|FADE|H10_30,2026-03-30/2026-04-05,-583.0485032456271
THURSDAY|FADE|H10_30,2026-04-06/2026-04-12,-1071.3132049872645
THURSDAY|FADE|H10_30,2026-04-13/2026-04-19,779.2775953105219
THURSDAY|FADE|H10_30,2026-04-20/2026-04-26,51.36630209316516
THURSDAY|FADE|H10_30,2026-04-27/2026-05-03,-639.7315004937774
THURSDAY|FADE|H10_30,2026-05-04/2026-05-10,-717.4043062086351
THURSDAY|FADE|H10_30,2026-05-11/2026-05-17,592.93529154017
THURSDAY|FADE|H10_30,2026-05-18/2026-05-24,-249.0702186355941
THURSDAY|FADE|H10_30,2026-06-15/2026-06-21,-256.1141232493785
THURSDAY|FADE|H10_30,2026-06-22/2026-06-28,-672.4695936470001
THURSDAY|FADE|H10_30,2026-06-29/2026-07-05,302.37733913765913
THURSDAY|FADE|H15_10,2021-07-05/2021-07-11,-2200.4240498
THURSDAY|FADE|H15_10,2021-07-12/2021-07-18,-1970.54024747
THURSDAY|FADE|H15_10,2021-07-19/2021-07-25,-1492.711790735
THURSDAY|FADE|H15_10,2021-07-26/2021-08-01,-1835.49417839
THURSDAY|FADE|H15_10,2021-08-02/2021-08-08,-1302.873655785
THURSDAY|FADE|H15_10,2021-08-09/2021-08-15,-1500.30807814
THURSDAY|FADE|H15_10,2021-08-23/2021-08-29,-1597.707342435
THURSDAY|FADE|H15_10,2021-08-30/2021-09-05,-1452.791610445
THURSDAY|FADE|H15_10,2021-09-06/2021-09-12,-136.33262139999997
THURSDAY|FADE|H15_10,2021-09-13/2021-09-19,-1332.6824943249999
THURSDAY|FADE|H15_10,2021-09-20/2021-09-26,-2248.316978765
THURSDAY|FADE|H15_10,2021-09-27/2021-10-03,-1030.168197335
THURSDAY|FADE|H15_10,2021-10-04/2021-10-10,-1183.6057679350001
THURSDAY|FADE|H15_10,2021-10-11/2021-10-17,-2593.5307627050006
THURSDAY|FADE|H15_10,2021-10-18/2021-10-24,4721.400578955001
THURSDAY|FADE|H15_10,2021-10-25/2021-10-31,-2145.7993000500005
THURSDAY|FADE|H15_10,2021-11-08/2021-11-14,-3028.793850045
THURSDAY|FADE|H15_10,2021-11-15/2021-11-21,-2711.01792807
THURSDAY|FADE|H15_10,2021-11-22/2021-11-28,2681.1623292
THURSDAY|FADE|H15_10,2021-11-29/2021-12-05,-2762.00687013
THURSDAY|FADE|H15_10,2021-12-06/2021-12-12,-2528.7900235350003
THURSDAY|FADE|H15_10,2021-12-13/2021-12-19,1606.5761429149995
THURSDAY|FADE|H15_10,2021-12-20/2021-12-26,-1613.0021659850004
THURSDAY|FADE|H15_10,2021-12-27/2022-01-02,-2068.966646835
THURSDAY|FADE|H15_10,2022-01-03/2022-01-09,-334.5611304500004
THURSDAY|FADE|H15_10,2022-01-10/2022-01-16,-1960.8146623300001
THURSDAY|FADE|H15_10,2022-01-17/2022-01-23,5405.980048225001
THURSDAY|FADE|H15_10,2022-01-24/2022-01-30,2372.981857605
THURSDAY|FADE|H15_10,2022-01-31/2022-02-06,5959.623318445
THURSDAY|FADE|H15_10,2022-02-07/2022-02-13,-2003.222010945
THURSDAY|FADE|H15_10,2022-02-14/2022-02-20,-1741.3250447449996
THURSDAY|FADE|H15_10,2022-02-21/2022-02-27,-3925.725439075001
THURSDAY|FADE|H15_10,2022-02-28/2022-03-06,6866.720033095
THURSDAY|FADE|H15_10,2022-03-07/2022-03-13,-580.9713888800002
THURSDAY|FADE|H15_10,2022-03-14/2022-03-20,-2789.565571515001
THURSDAY|FADE|H15_10,2022-03-21/2022-03-27,-1386.037100415
THURSDAY|FADE|H15_10,2022-03-28/2022-04-03,-492.8289599300001
THURSDAY|FADE|H15_10,2022-04-04/2022-04-10,-2448.280398475
THURSDAY|FADE|H15_10,2022-04-18/2022-04-24,-1550.39072455
THURSDAY|FADE|H15_10,2022-04-25/2022-05-01,-1883.117542495
THURSDAY|FADE|H15_10,2022-05-02/2022-05-08,3850.1347598699995
THURSDAY|FADE|H15_10,2022-05-09/2022-05-15,-3002.01130955
THURSDAY|FADE|H15_10,2022-05-16/2022-05-22,-2721.12926982
THURSDAY|FADE|H15_10,2022-05-23/2022-05-29,-3106.9603845499996
THURSDAY|FADE|H15_10,2022-05-30/2022-06-05,2812.5174834249997
THURSDAY|FADE|H15_10,2022-06-06/2022-06-12,5649.606352325001
THURSDAY|FADE|H15_10,2022-06-13/2022-06-19,7428.74107061
THURSDAY|FADE|H15_10,2022-06-20/2022-06-26,-2333.791645135
THURSDAY|FADE|H15_10,2022-06-27/2022-07-03,-2841.2523289500004
THURSDAY|FADE|H15_10,2022-07-04/2022-07-10,-2734.160013205
THURSDAY|FADE|H15_10,2022-07-11/2022-07-17,1246.722856895
THURSDAY|FADE|H15_10,2022-07-18/2022-07-24,2300.244466535
THURSDAY|FADE|H15_10,2022-07-25/2022-07-31,-2493.486309305
THURSDAY|FADE|H15_10,2022-08-01/2022-08-07,440.83915543999956
THURSDAY|FADE|H15_10,2022-08-08/2022-08-14,-1593.1745344350002
THURSDAY|FADE|H15_10,2022-08-15/2022-08-21,943.3533886249995
THURSDAY|FADE|H15_10,2022-08-22/2022-08-28,5588.51469898
THURSDAY|FADE|H15_10,2022-08-29/2022-09-04,-3024.5584929249994
THURSDAY|FADE|H15_10,2022-09-05/2022-09-11,-2424.565985055
THURSDAY|FADE|H15_10,2022-09-12/2022-09-18,6059.691010195
THURSDAY|FADE|H15_10,2022-09-19/2022-09-25,-3106.6908196900004
THURSDAY|FADE|H15_10,2022-09-26/2022-10-02,6516.670012855
THURSDAY|FADE|H15_10,2022-10-03/2022-10-09,1119.1197021099995
THURSDAY|FADE|H15_10,2022-10-10/2022-10-16,-3093.646133295
THURSDAY|FADE|H15_10,2022-10-17/2022-10-23,3212.480839329999
THURSDAY|FADE|H15_10,2022-10-24/2022-10-30,-391.9107445699999
THURSDAY|FADE|H15_10,2022-10-31/2022-11-06,-1543.9749453250001
THURSDAY|FADE|H15_10,2022-11-07/2022-11-13,-2250.6600693200003
THURSDAY|FADE|H15_10,2022-11-14/2022-11-20,-1332.533768885
THURSDAY|FADE|H15_10,2022-11-21/2022-11-27,-1147.484063785
THURSDAY|FADE|H15_10,2022-11-28/2022-12-04,396.9624782299998
THURSDAY|FADE|H15_10,2022-12-05/2022-12-11,-2133.2286759950002
THURSDAY|FADE|H15_10,2022-12-12/2022-12-18,-1910.3369639700002
THURSDAY|FADE|H15_10,2022-12-19/2022-12-25,591.9057494649995
THURSDAY|FADE|H15_10,2022-12-26/2023-01-01,5032.128638585
THURSDAY|FADE|H15_10,2023-01-02/2023-01-08,3081.6143553299994
THURSDAY|FADE|H15_10,2023-01-09/2023-01-15,-318.3925449400003
THURSDAY|FADE|H15_10,2023-01-16/2023-01-22,-951.4997144700002
THURSDAY|FADE|H15_10,2023-01-30/2023-02-05,-2005.8340014850005
THURSDAY|FADE|H15_10,2023-02-06/2023-02-12,-2025.59258286
THURSDAY|FADE|H15_10,2023-02-13/2023-02-19,1315.86095676
THURSDAY|FADE|H15_10,2023-02-20/2023-02-26,-2130.99248185
THURSDAY|FADE|H15_10,2023-02-27/2023-03-05,-2688.354552945
THURSDAY|FADE|H15_10,2023-03-06/2023-03-12,4764.058901750001
THURSDAY|FADE|H15_10,2023-03-13/2023-03-19,-2431.0282409800006
THURSDAY|FADE|H15_10,2023-03-20/2023-03-26,-1297.22474211
THURSDAY|FADE|H15_10,2023-04-03/2023-04-09,963.980419415
THURSDAY|FADE|H15_10,2023-04-10/2023-04-16,-1350.11591095
THURSDAY|FADE|H15_10,2023-04-17/2023-04-23,1629.2116320199996
THURSDAY|FADE|H15_10,2023-04-24/2023-04-30,-2383.116721335
THURSDAY|FADE|H15_10,2023-05-01/2023-05-07,-1400.1009562899999
THURSDAY|FADE|H15_10,2023-05-08/2023-05-14,-948.3990537049999
THURSDAY|FADE|H15_10,2023-05-15/2023-05-21,6619.772633114999
THURSDAY|FADE|H15_10,2023-05-22/2023-05-28,1434.6873159599995
THURSDAY|FADE|H15_10,2023-05-29/2023-06-04,-958.0456284549998
THURSDAY|FADE|H15_10,2023-06-05/2023-06-11,3894.0107722049997
THURSDAY|FADE|H15_10,2023-06-12/2023-06-18,1230.3676997099997
THURSDAY|FADE|H15_10,2023-06-19/2023-06-25,-2292.983759875
THURSDAY|FADE|H15_10,2023-07-03/2023-07-09,2300.016730704999
THURSDAY|FADE|H15_10,2023-07-10/2023-07-16,2875.1236123149997
THURSDAY|FADE|H15_10,2023-07-17/2023-07-23,-2028.135523225
THURSDAY|FADE|H15_10,2023-07-24/2023-07-30,7976.566109955
THURSDAY|FADE|H15_10,2023-07-31/2023-08-06,-1777.9453793350003
THURSDAY|FADE|H15_10,2023-08-07/2023-08-13,-1770.3258535800005
THURSDAY|FADE|H15_10,2023-08-14/2023-08-20,-2235.62551529
THURSDAY|FADE|H15_10,2023-08-21/2023-08-27,5928.74485093
THURSDAY|FADE|H15_10,2023-08-28/2023-09-03,2162.5764466999995
THURSDAY|FADE|H15_10,2023-09-04/2023-09-10,7219.588529525
THURSDAY|FADE|H15_10,2023-09-11/2023-09-17,-49.23458845000013
THURSDAY|FADE|H15_10,2023-09-18/2023-09-24,-1667.8267655450002
THURSDAY|FADE|H15_10,2023-09-25/2023-10-01,6346.186111990001
THURSDAY|FADE|H15_10,2023-10-02/2023-10-08,-1184.9867908
THURSDAY|FADE|H15_10,2023-10-09/2023-10-15,-1350.32040843
THURSDAY|FADE|H15_10,2023-10-16/2023-10-22,2241.5470281149996
THURSDAY|FADE|H15_10,2023-10-23/2023-10-29,-2793.642907855
THURSDAY|FADE|H15_10,2023-10-30/2023-11-05,-1051.62782593
THURSDAY|FADE|H15_10,2023-11-06/2023-11-12,645.5956526699999
THURSDAY|FADE|H15_10,2023-11-13/2023-11-19,-1302.539023545
THURSDAY|FADE|H15_10,2023-11-20/2023-11-26,1308.9897058749998
THURSDAY|FADE|H15_10,2023-11-27/2023-12-03,-1462.833237145
THURSDAY|FADE|H15_10,2023-12-04/2023-12-10,65.62133081999977
THURSDAY|FADE|H15_10,2023-12-11/2023-12-17,-2448.1920927450005
THURSDAY|FADE|H15_10,2023-12-18/2023-12-24,7048.212940895002
THURSDAY|FADE|H15_10,2023-12-25/2023-12-31,-2446.35095055
THURSDAY|FADE|H15_10,2024-01-01/2024-01-07,-1702.8144382150003
THURSDAY|FADE|H15_10,2024-01-08/2024-01-14,1075.6055431599998
THURSDAY|FADE|H15_10,2024-01-15/2024-01-21,-1111.2687413600001
THURSDAY|FADE|H15_10,2024-01-22/2024-01-28,3619.084392369999
THURSDAY|FADE|H15_10,2024-01-29/2024-02-04,-3264.77606029
THURSDAY|FADE|H15_10,2024-02-05/2024-02-11,7496.29430855
THURSDAY|FADE|H15_10,2024-02-12/2024-02-18,-2223.858938145
THURSDAY|FADE|H15_10,2024-02-19/2024-02-25,-3612.31036131
THURSDAY|FADE|H15_10,2024-02-26/2024-03-03,-2390.414892985
THURSDAY|FADE|H15_10,2024-03-04/2024-03-10,-2146.4220878300002
THURSDAY|FADE|H15_10,2024-03-11/2024-03-17,4422.61570793
THURSDAY|FADE|H15_10,2024-03-18/2024-03-24,-2396.2125321
THURSDAY|FADE|H15_10,2024-03-25/2024-03-31,-1456.0642350000005
THURSDAY|FADE|H15_10,2024-04-01/2024-04-07,-2977.3441237800002
THURSDAY|FADE|H15_10,2024-04-15/2024-04-21,7791.471257905002
THURSDAY|FADE|H15_10,2024-04-22/2024-04-28,7454.043650965
THURSDAY|FADE|H15_10,2024-04-29/2024-05-05,-1424.3611384975
THURSDAY|FADE|H15_10,2024-05-06/2024-05-12,-1463.084211325
THURSDAY|FADE|H15_10,2024-05-13/2024-05-19,-1339.3535629625
THURSDAY|FADE|H15_10,2024-05-20/2024-05-26,3448.2778108774996
THURSDAY|FADE|H15_10,2024-05-27/2024-06-02,-1438.2938623
THURSDAY|FADE|H15_10,2024-06-03/2024-06-09,-2043.8738668224992
THURSDAY|FADE|H15_10,2024-06-10/2024-06-16,-980.56957348
THURSDAY|FADE|H15_10,2024-06-17/2024-06-23,-1712.2701260575
THURSDAY|FADE|H15_10,2024-06-24/2024-06-30,-1376.7354505575
THURSDAY|FADE|H15_10,2024-07-01/2024-07-07,357.93000290999976
THURSDAY|FADE|H15_10,2024-07-08/2024-07-14,-289.1490631800001
THURSDAY|FADE|H15_10,2024-07-15/2024-07-21,4055.43503449
THURSDAY|FADE|H15_10,2024-07-22/2024-07-28,2697.8859788375
THURSDAY|FADE|H15_10,2024-07-29/2024-08-04,-105.48934384750004
THURSDAY|FADE|H15_10,2024-08-05/2024-08-11,-2045.5453690625
THURSDAY|FADE|H15_10,2024-08-19/2024-08-25,-269.28425027000003
THURSDAY|FADE|H15_10,2024-08-26/2024-09-01,1446.8718509674998
THURSDAY|FADE|H15_10,2024-09-02/2024-09-08,22.871713584999824
THURSDAY|FADE|H15_10,2024-09-09/2024-09-15,-1351.5407542425
THURSDAY|FADE|H15_10,2024-09-16/2024-09-22,2514.9396768499996
THURSDAY|FADE|H15_10,2024-09-23/2024-09-29,-1289.2778880575
THURSDAY|FADE|H15_10,2024-09-30/2024-10-06,-1405.4378112
THURSDAY|FADE|H15_10,2024-10-07/2024-10-13,-326.0844420174999
THURSDAY|FADE|H15_10,2024-10-14/2024-10-20,3311.4443770175
THURSDAY|FADE|H15_10,2024-10-21/2024-10-27,-1239.0604592175002
THURSDAY|FADE|H15_10,2024-10-28/2024-11-03,124.58733678749988
THURSDAY|FADE|H15_10,2024-11-04/2024-11-10,2050.4746043425002
THURSDAY|FADE|H15_10,2024-11-11/2024-11-17,232.36584873249956
THURSDAY|FADE|H15_10,2024-11-18/2024-11-24,-2842.328264555
THURSDAY|FADE|H15_10,2024-11-25/2024-12-01,11282.93405308
THURSDAY|FADE|H15_10,2024-12-02/2024-12-08,-4828.47192815
THURSDAY|FADE|H15_10,2024-12-09/2024-12-15,-2621.3982017075004
THURSDAY|FADE|H15_10,2024-12-16/2024-12-22,765.7734897549996
THURSDAY|FADE|H15_10,2024-12-23/2024-12-29,4268.2210497475
THURSDAY|FADE|H15_10,2024-12-30/2025-01-05,-4853.0534644625
THURSDAY|FADE|H15_10,2025-01-06/2025-01-12,-2815.9759659725005
THURSDAY|FADE|H15_10,2025-01-13/2025-01-19,374.6021989674996
THURSDAY|FADE|H15_10,2025-01-20/2025-01-26,3974.9426735874995
THURSDAY|FADE|H15_10,2025-01-27/2025-02-02,-5752.371964475
THURSDAY|FADE|H15_10,2025-02-03/2025-02-09,2065.734573595
THURSDAY|FADE|H15_10,2025-02-10/2025-02-16,-3360.1200571325
THURSDAY|FADE|H15_10,2025-02-17/2025-02-23,772.9143054999995
THURSDAY|FADE|H15_10,2025-02-24/2025-03-02,-1558.10087987
THURSDAY|FADE|H15_10,2025-03-03/2025-03-09,-4808.43183353
THURSDAY|FADE|H15_10,2025-03-10/2025-03-16,1720.6210437699997
THURSDAY|FADE|H15_10,2025-03-17/2025-03-23,-2838.3953384225006
THURSDAY|FADE|H15_10,2025-03-24/2025-03-30,-830.40097385
THURSDAY|FADE|H15_10,2025-03-31/2025-04-06,-2699.1444545150007
THURSDAY|FADE|H15_10,2025-04-14/2025-04-20,11900.355672024996
THURSDAY|FADE|H15_10,2025-04-21/2025-04-27,-2579.50242923
THURSDAY|FADE|H15_10,2025-05-05/2025-05-11,3089.269403485
THURSDAY|FADE|H15_10,2025-05-12/2025-05-18,-4361.8579731425
THURSDAY|FADE|H15_10,2025-05-19/2025-05-25,31.4725658124991
THURSDAY|FADE|H15_10,2025-05-26/2025-06-01,-1525.9383256850006
THURSDAY|FADE|H15_10,2025-06-02/2025-06-08,-4308.8605727675
THURSDAY|FADE|H15_10,2025-06-09/2025-06-15,12241.613940220002
THURSDAY|FADE|H15_10,2025-06-16/2025-06-22,-3277.3961497550004
THURSDAY|FADE|H15_10,2025-06-23/2025-06-29,-3491.5758011375
THURSDAY|FADE|H15_10,2025-06-30/2025-07-06,-1383.5492672150008
THURSDAY|FADE|H15_10,2025-07-07/2025-07-13,3022.506262989999
THURSDAY|FADE|H15_10,2025-07-14/2025-07-20,4031.293367867499
THURSDAY|FADE|H15_10,2025-07-21/2025-07-27,7412.5372854550005
THURSDAY|FADE|H15_10,2025-07-28/2025-08-03,2189.887162615
THURSDAY|FADE|H15_10,2025-08-04/2025-08-10,-437.20197242000006
THURSDAY|FADE|H15_10,2025-08-11/2025-08-17,-3013.8522494150006
THURSDAY|FADE|H15_10,2025-08-18/2025-08-24,-2049.4925706425
THURSDAY|FADE|H15_10,2025-08-25/2025-08-31,-4702.987781675001
THURSDAY|FADE|H15_10,2025-09-01/2025-09-07,4360.699099615
THURSDAY|FADE|H15_10,2025-09-08/2025-09-14,458.1258444774993
THURSDAY|FADE|H15_10,2025-09-15/2025-09-21,-576.1789730075009
THURSDAY|FADE|H15_10,2025-09-22/2025-09-28,-3526.034962722501
THURSDAY|FADE|H15_10,2025-10-06/2025-10-12,-1912.6936618700004
THURSDAY|FADE|H15_10,2025-10-20/2025-10-26,3190.5126297625
THURSDAY|FADE|H15_10,2025-10-27/2025-11-02,-2096.6886718625
THURSDAY|FADE|H15_10,2025-11-03/2025-11-09,2382.522868922499
THURSDAY|FADE|H15_10,2025-11-10/2025-11-16,104.69530918749851
THURSDAY|FADE|H15_10,2025-11-17/2025-11-23,-1710.1574211500006
THURSDAY|FADE|H15_10,2025-11-24/2025-11-30,1080.2263309074997
THURSDAY|FADE|H15_10,2025-12-01/2025-12-07,849.9325395325009
THURSDAY|FADE|H15_10,2025-12-08/2025-12-14,-2467.4304610625013
THURSDAY|FADE|H15_10,2025-12-15/2025-12-21,287.5300670949993
THURSDAY|FADE|H15_10,2025-12-29/2026-01-04,430.34969604199944
THURSDAY|FADE|H15_10,2026-01-05/2026-01-11,-3013.8503871195007
THURSDAY|FADE|H15_10,2026-01-19/2026-01-25,862.860900557
THURSDAY|FADE|H15_10,2026-01-26/2026-02-01,-1883.4671040839996
THURSDAY|FADE|H15_10,2026-02-02/2026-02-08,-991.9074940844986
THURSDAY|FADE|H15_10,2026-02-09/2026-02-15,-788.923089520001
THURSDAY|FADE|H15_10,2026-02-16/2026-02-22,5512.1368661055
THURSDAY|FADE|H15_10,2026-02-23/2026-03-01,177.874625896
THURSDAY|FADE|H15_10,2026-03-02/2026-03-08,-1801.4594132261773
THURSDAY|FADE|H15_10,2026-03-09/2026-03-15,300.18422303300554
THURSDAY|FADE|H15_10,2026-03-16/2026-03-22,-2606.471128794954
THURSDAY|FADE|H15_10,2026-03-30/2026-04-05,2814.536149925715
THURSDAY|FADE|H15_10,2026-04-06/2026-04-12,-1754.9062107093846
THURSDAY|FADE|H15_10,2026-04-13/2026-04-19,2105.1962667010175
THURSDAY|FADE|H15_10,2026-04-20/2026-04-26,-893.8692898828984
THURSDAY|FADE|H15_10,2026-04-27/2026-05-03,1574.9845524652428
THURSDAY|FADE|H15_10,2026-05-04/2026-05-10,138.03103014553596
THURSDAY|FADE|H15_10,2026-05-11/2026-05-17,-1445.647106217775
THURSDAY|FADE|H15_10,2026-05-18/2026-05-24,1580.1164694616186
THURSDAY|FADE|H15_10,2026-06-15/2026-06-21,534.2069982062682
THURSDAY|FADE|H15_10,2026-06-22/2026-06-28,274.90807543480514
THURSDAY|FADE|H15_10,2026-06-29/2026-07-05,-1192.710097477971
TUESDAY|CONTINUE|H10_30,2021-07-05/2021-07-11,-422.8111206850002
TUESDAY|CONTINUE|H10_30,2021-07-12/2021-07-18,63.62748038999945
TUESDAY|CONTINUE|H10_30,2021-07-19/2021-07-25,516.3757735999998
TUESDAY|CONTINUE|H10_30,2021-07-26/2021-08-01,-41.38666199000029
TUESDAY|CONTINUE|H10_30,2021-08-02/2021-08-08,954.48323498
TUESDAY|CONTINUE|H10_30,2021-08-09/2021-08-15,-396.08435223000026
TUESDAY|CONTINUE|H10_30,2021-08-16/2021-08-22,223.3274571049999
TUESDAY|CONTINUE|H10_30,2021-08-23/2021-08-29,-473.0703785549999
TUESDAY|CONTINUE|H10_30,2021-08-30/2021-09-05,-45.165882575000246
TUESDAY|CONTINUE|H10_30,2021-09-06/2021-09-12,-912.6843498899997
TUESDAY|CONTINUE|H10_30,2021-09-13/2021-09-19,-75.03115803000017
TUESDAY|CONTINUE|H10_30,2021-09-20/2021-09-26,-1036.6092030800007
TUESDAY|CONTINUE|H10_30,2021-09-27/2021-10-03,103.80527715499966
TUESDAY|CONTINUE|H10_30,2021-10-04/2021-10-10,-599.1431201600001
TUESDAY|CONTINUE|H10_30,2021-10-11/2021-10-17,364.2090115349991
TUESDAY|CONTINUE|H10_30,2021-10-18/2021-10-24,-809.3300905750002
TUESDAY|CONTINUE|H10_30,2021-10-25/2021-10-31,-614.6464239850004
TUESDAY|CONTINUE|H10_30,2021-11-01/2021-11-07,-445.8038090499984
TUESDAY|CONTINUE|H10_30,2021-11-08/2021-11-14,-743.4825410700003
TUESDAY|CONTINUE|H10_30,2021-11-15/2021-11-21,-619.7376172600005
TUESDAY|CONTINUE|H10_30,2021-11-22/2021-11-28,-734.8020168050007
TUESDAY|CONTINUE|H10_30,2021-11-29/2021-12-05,1238.8231476450003
TUESDAY|CONTINUE|H10_30,2021-12-06/2021-12-12,911.8554577050002
TUESDAY|CONTINUE|H10_30,2021-12-13/2021-12-19,882.8652739599995
TUESDAY|CONTINUE|H10_30,2021-12-20/2021-12-26,1194.3011091800008
TUESDAY|CONTINUE|H10_30,2021-12-27/2022-01-02,-217.23463890999983
TUESDAY|CONTINUE|H10_30,2022-01-03/2022-01-09,284.6143125899999
TUESDAY|CONTINUE|H10_30,2022-01-10/2022-01-16,-489.9122113400005
TUESDAY|CONTINUE|H10_30,2022-01-17/2022-01-23,-1668.043876285
TUESDAY|CONTINUE|H10_30,2022-01-24/2022-01-30,-1095.01582646
TUESDAY|CONTINUE|H10_30,2022-01-31/2022-02-06,260.7352490050041
TUESDAY|CONTINUE|H10_30,2022-02-07/2022-02-13,-1645.51395384
TUESDAY|CONTINUE|H10_30,2022-02-14/2022-02-20,-805.8874903999999
TUESDAY|CONTINUE|H10_30,2022-02-21/2022-02-27,-196.0465633449991
TUESDAY|CONTINUE|H10_30,2022-03-07/2022-03-13,-739.9443279949998
TUESDAY|CONTINUE|H10_30,2022-03-14/2022-03-20,-547.2292853149999
TUESDAY|CONTINUE|H10_30,2022-03-21/2022-03-27,-284.0641700799998
TUESDAY|CONTINUE|H10_30,2022-03-28/2022-04-03,8.38193748499971
TUESDAY|CONTINUE|H10_30,2022-04-04/2022-04-10,-1092.1123624600002
TUESDAY|CONTINUE|H10_30,2022-04-11/2022-04-17,1252.0424508749995
TUESDAY|CONTINUE|H10_30,2022-04-18/2022-04-24,-500.2785100650002
TUESDAY|CONTINUE|H10_30,2022-04-25/2022-05-01,-478.4981922400002
TUESDAY|CONTINUE|H10_30,2022-05-09/2022-05-15,-275.70699454499857
TUESDAY|CONTINUE|H10_30,2022-05-16/2022-05-22,650.4159577900001
TUESDAY|CONTINUE|H10_30,2022-05-23/2022-05-29,-390.0237840949991
TUESDAY|CONTINUE|H10_30,2022-05-30/2022-06-05,-1076.142961885
TUESDAY|CONTINUE|H10_30,2022-06-06/2022-06-12,-255.6197583500006
TUESDAY|CONTINUE|H10_30,2022-06-13/2022-06-19,-1229.9291077350003
TUESDAY|CONTINUE|H10_30,2022-06-20/2022-06-26,1934.6300643400004
TUESDAY|CONTINUE|H10_30,2022-06-27/2022-07-03,-248.36739852500074
TUESDAY|CONTINUE|H10_30,2022-07-04/2022-07-10,951.1853839049998
TUESDAY|CONTINUE|H10_30,2022-07-11/2022-07-17,-516.5679349950015
TUESDAY|CONTINUE|H10_30,2022-07-18/2022-07-24,-399.8210789100003
TUESDAY|CONTINUE|H10_30,2022-07-25/2022-07-31,485.833268075
TUESDAY|CONTINUE|H10_30,2022-08-01/2022-08-07,887.3044636849993
TUESDAY|CONTINUE|H10_30,2022-08-15/2022-08-21,282.41994747499933
TUESDAY|CONTINUE|H10_30,2022-08-22/2022-08-28,-158.77489653500055
TUESDAY|CONTINUE|H10_30,2022-08-29/2022-09-04,557.0820749950002
TUESDAY|CONTINUE|H10_30,2022-09-05/2022-09-11,-1671.03631089
TUESDAY|CONTINUE|H10_30,2022-09-12/2022-09-18,-447.78372292500023
TUESDAY|CONTINUE|H10_30,2022-09-19/2022-09-25,395.51572956500104
TUESDAY|CONTINUE|H10_30,2022-09-26/2022-10-02,-1802.0979970299995
TUESDAY|CONTINUE|H10_30,2022-10-03/2022-10-09,177.15549578999978
TUESDAY|CONTINUE|H10_30,2022-10-10/2022-10-16,-1078.2078571150005
TUESDAY|CONTINUE|H10_30,2022-10-17/2022-10-23,619.0939669999999
TUESDAY|CONTINUE|H10_30,2022-10-24/2022-10-30,-543.1805063250006
TUESDAY|CONTINUE|H10_30,2022-10-31/2022-11-06,494.62002387499956
TUESDAY|CONTINUE|H10_30,2022-11-14/2022-11-20,-784.1330704250005
TUESDAY|CONTINUE|H10_30,2022-11-21/2022-11-27,1207.1904278400007
TUESDAY|CONTINUE|H10_30,2022-11-28/2022-12-04,-535.9792708700002
TUESDAY|CONTINUE|H10_30,2022-12-05/2022-12-11,-684.0096066350004
TUESDAY|CONTINUE|H10_30,2022-12-12/2022-12-18,-196.02266657499973
TUESDAY|CONTINUE|H10_30,2022-12-19/2022-12-25,987.8037238699989
TUESDAY|CONTINUE|H10_30,2022-12-26/2023-01-01,-297.14537941500026
TUESDAY|CONTINUE|H10_30,2023-01-02/2023-01-08,-973.9479670250001
TUESDAY|CONTINUE|H10_30,2023-01-09/2023-01-15,-681.7641171500003
TUESDAY|CONTINUE|H10_30,2023-01-16/2023-01-22,936.9309735599991
TUESDAY|CONTINUE|H10_30,2023-01-23/2023-01-29,-975.9524425450006
TUESDAY|CONTINUE|H10_30,2023-01-30/2023-02-05,-225.2365968999997
TUESDAY|CONTINUE|H10_30,2023-02-06/2023-02-12,-732.0738345150006
TUESDAY|CONTINUE|H10_30,2023-02-13/2023-02-19,59.74667594000002
TUESDAY|CONTINUE|H10_30,2023-02-20/2023-02-26,320.70813071999964
TUESDAY|CONTINUE|H10_30,2023-02-27/2023-03-05,-589.6452708499999
TUESDAY|CONTINUE|H10_30,2023-03-13/2023-03-19,-1807.0590555450008
TUESDAY|CONTINUE|H10_30,2023-03-20/2023-03-26,-228.359172720001
TUESDAY|CONTINUE|H10_30,2023-03-27/2023-04-02,-1602.8191145599994
TUESDAY|CONTINUE|H10_30,2023-04-10/2023-04-16,250.54621370499956
TUESDAY|CONTINUE|H10_30,2023-04-17/2023-04-23,-1323.7788819000004
TUESDAY|CONTINUE|H10_30,2023-04-24/2023-04-30,738.7509293799998
TUESDAY|CONTINUE|H10_30,2023-05-01/2023-05-07,-524.0314345950001
TUESDAY|CONTINUE|H10_30,2023-05-08/2023-05-14,724.8138903449998
TUESDAY|CONTINUE|H10_30,2023-05-15/2023-05-21,-43.58567477500034
TUESDAY|CONTINUE|H10_30,2023-05-22/2023-05-28,-230.95058441000074
TUESDAY|CONTINUE|H10_30,2023-05-29/2023-06-04,-383.43936545500026
TUESDAY|CONTINUE|H10_30,2023-06-05/2023-06-11,-902.8246471950004
TUESDAY|CONTINUE|H10_30,2023-06-12/2023-06-18,186.64205513499957
TUESDAY|CONTINUE|H10_30,2023-06-19/2023-06-25,370.40900331499955
TUESDAY|CONTINUE|H10_30,2023-06-26/2023-07-02,-72.09316571500031
TUESDAY|CONTINUE|H10_30,2023-07-03/2023-07-09,-1184.0559270500003
TUESDAY|CONTINUE|H10_30,2023-07-10/2023-07-16,117.78746313999994
TUESDAY|CONTINUE|H10_30,2023-07-17/2023-07-23,-295.9144117400003
TUESDAY|CONTINUE|H10_30,2023-07-24/2023-07-30,-500.80502652500024
TUESDAY|CONTINUE|H10_30,2023-07-31/2023-08-06,-667.2554147050001
TUESDAY|CONTINUE|H10_30,2023-08-07/2023-08-13,-74.71909926500022
TUESDAY|CONTINUE|H10_30,2023-08-21/2023-08-27,-478.430471815
TUESDAY|CONTINUE|H10_30,2023-08-28/2023-09-03,-313.07759863000035
TUESDAY|CONTINUE|H10_30,2023-09-04/2023-09-10,132.0637820849995
TUESDAY|CONTINUE|H10_30,2023-09-11/2023-09-17,-1413.1768466250005
TUESDAY|CONTINUE|H10_30,2023-09-25/2023-10-01,255.46079551999975
TUESDAY|CONTINUE|H10_30,2023-10-02/2023-10-08,-183.8610374800006
TUESDAY|CONTINUE|H10_30,2023-10-09/2023-10-15,198.7950537649999
TUESDAY|CONTINUE|H10_30,2023-10-16/2023-10-22,-233.6694713600005
TUESDAY|CONTINUE|H10_30,2023-10-30/2023-11-05,-1125.0046008350002
TUESDAY|CONTINUE|H10_30,2023-11-06/2023-11-12,-499.4718101100001
TUESDAY|CONTINUE|H10_30,2023-11-20/2023-11-26,-161.90012540000006
TUESDAY|CONTINUE|H10_30,2023-11-27/2023-12-03,-321.2741003399999
TUESDAY|CONTINUE|H10_30,2023-12-04/2023-12-10,1016.4048330850009
TUESDAY|CONTINUE|H10_30,2023-12-11/2023-12-17,-663.358007745
TUESDAY|CONTINUE|H10_30,2023-12-18/2023-12-24,-1184.5200291750004
TUESDAY|CONTINUE|H10_30,2023-12-25/2023-12-31,1529.9333857499994
TUESDAY|CONTINUE|H10_30,2024-01-01/2024-01-07,-1665.2864782249999
TUESDAY|CONTINUE|H10_30,2024-01-08/2024-01-14,337.9237717300002
TUESDAY|CONTINUE|H10_30,2024-01-15/2024-01-21,251.36155057999983
TUESDAY|CONTINUE|H10_30,2024-01-22/2024-01-28,-1881.984834309999
TUESDAY|CONTINUE|H10_30,2024-01-29/2024-02-04,-410.9602141499992
TUESDAY|CONTINUE|H10_30,2024-02-05/2024-02-11,-141.0101655899997
TUESDAY|CONTINUE|H10_30,2024-02-12/2024-02-18,1156.9623803650018
TUESDAY|CONTINUE|H10_30,2024-02-19/2024-02-25,484.5000516600002
TUESDAY|CONTINUE|H10_30,2024-02-26/2024-03-03,87.0557328949991
TUESDAY|CONTINUE|H10_30,2024-03-04/2024-03-10,726.457177355
TUESDAY|CONTINUE|H10_30,2024-03-11/2024-03-17,1286.2838432999997
TUESDAY|CONTINUE|H10_30,2024-03-18/2024-03-24,784.6486846200003
TUESDAY|CONTINUE|H10_30,2024-03-25/2024-03-31,-432.26116354500016
TUESDAY|CONTINUE|H10_30,2024-04-01/2024-04-07,-630.3276690200005
TUESDAY|CONTINUE|H10_30,2024-04-08/2024-04-14,1041.451798045
TUESDAY|CONTINUE|H10_30,2024-04-15/2024-04-21,-433.77630396500035
TUESDAY|CONTINUE|H10_30,2024-04-22/2024-04-28,-175.26483615000063
TUESDAY|CONTINUE|H10_30,2024-04-29/2024-05-05,321.09056618249986
TUESDAY|CONTINUE|H10_30,2024-05-06/2024-05-12,-838.6326655225005
TUESDAY|CONTINUE|H10_30,2024-05-13/2024-05-19,-108.43098652000012
TUESDAY|CONTINUE|H10_30,2024-05-27/2024-06-02,13.510973767500346
TUESDAY|CONTINUE|H10_30,2024-06-03/2024-06-09,-704.6094065974991
TUESDAY|CONTINUE|H10_30,2024-06-10/2024-06-16,63.60490691500043
TUESDAY|CONTINUE|H10_30,2024-06-17/2024-06-23,9.574726487499902
TUESDAY|CONTINUE|H10_30,2024-06-24/2024-06-30,-51.4077066125001
TUESDAY|CONTINUE|H10_30,2024-07-01/2024-07-07,-140.53610647750008
TUESDAY|CONTINUE|H10_30,2024-07-08/2024-07-14,-45.680114985
TUESDAY|CONTINUE|H10_30,2024-07-15/2024-07-21,71.09993966500015
TUESDAY|CONTINUE|H10_30,2024-07-22/2024-07-28,-462.1151490349988
TUESDAY|CONTINUE|H10_30,2024-07-29/2024-08-04,175.58956021000023
TUESDAY|CONTINUE|H10_30,2024-08-05/2024-08-11,-615.8166427399995
TUESDAY|CONTINUE|H10_30,2024-08-12/2024-08-18,-299.7474129675002
TUESDAY|CONTINUE|H10_30,2024-08-19/2024-08-25,861.2456299600002
TUESDAY|CONTINUE|H10_30,2024-08-26/2024-09-01,-234.90243366000024
TUESDAY|CONTINUE|H10_30,2024-09-02/2024-09-08,-127.0220054125002
TUESDAY|CONTINUE|H10_30,2024-09-09/2024-09-15,-598.3078693099999
TUESDAY|CONTINUE|H10_30,2024-09-16/2024-09-22,-184.95689351500016
TUESDAY|CONTINUE|H10_30,2024-09-23/2024-09-29,-518.8874579900003
TUESDAY|CONTINUE|H10_30,2024-09-30/2024-10-06,-709.4419989950002
TUESDAY|CONTINUE|H10_30,2024-10-07/2024-10-13,112.57576610999976
TUESDAY|CONTINUE|H10_30,2024-10-14/2024-10-20,-1116.5328925100002
TUESDAY|CONTINUE|H10_30,2024-10-21/2024-10-27,-991.9699787800002
TUESDAY|CONTINUE|H10_30,2024-10-28/2024-11-03,-309.4099221249999
TUESDAY|CONTINUE|H10_30,2024-11-04/2024-11-10,-230.09574233999942
TUESDAY|CONTINUE|H10_30,2024-11-11/2024-11-17,-94.56565393250017
TUESDAY|CONTINUE|H10_30,2024-11-18/2024-11-24,2257.184126740001
TUESDAY|CONTINUE|H10_30,2024-11-25/2024-12-01,-2198.348193814999
TUESDAY|CONTINUE|H10_30,2024-12-02/2024-12-08,1576.1903413300008
TUESDAY|CONTINUE|H10_30,2024-12-09/2024-12-15,345.5081139775016
TUESDAY|CONTINUE|H10_30,2024-12-16/2024-12-22,2412.730419452502
TUESDAY|CONTINUE|H10_30,2024-12-23/2024-12-29,3169.9337346324996
TUESDAY|CONTINUE|H10_30,2024-12-30/2025-01-05,41.76151956250045
TUESDAY|CONTINUE|H10_30,2025-01-06/2025-01-12,-504.17424838249775
TUESDAY|CONTINUE|H10_30,2025-01-13/2025-01-19,-647.7026541050009
TUESDAY|CONTINUE|H10_30,2025-01-20/2025-01-26,-3073.2883284725003
TUESDAY|CONTINUE|H10_30,2025-01-27/2025-02-02,-409.10579059249784
TUESDAY|CONTINUE|H10_30,2025-02-03/2025-02-09,594.6658102524991
TUESDAY|CONTINUE|H10_30,2025-02-10/2025-02-16,125.58792204249944
TUESDAY|CONTINUE|H10_30,2025-02-17/2025-02-23,-1212.2782414774988
TUESDAY|CONTINUE|H10_30,2025-02-24/2025-03-02,-1004.3580139550012
TUESDAY|CONTINUE|H10_30,2025-03-03/2025-03-09,-1151.0484910100008
TUESDAY|CONTINUE|H10_30,2025-03-10/2025-03-16,-1511.5909587125004
TUESDAY|CONTINUE|H10_30,2025-03-17/2025-03-23,1828.351758947502
TUESDAY|CONTINUE|H10_30,2025-03-24/2025-03-30,1050.0416992000014
TUESDAY|CONTINUE|H10_30,2025-03-31/2025-04-06,2969.668219600001
TUESDAY|CONTINUE|H10_30,2025-04-07/2025-04-13,-2229.5735743925
TUESDAY|CONTINUE|H10_30,2025-04-14/2025-04-20,0.20037932500068223
TUESDAY|CONTINUE|H10_30,2025-04-21/2025-04-27,945.5009510575001
TUESDAY|CONTINUE|H10_30,2025-04-28/2025-05-04,-2575.6720810475003
TUESDAY|CONTINUE|H10_30,2025-05-05/2025-05-11,-1953.5088510725009
TUESDAY|CONTINUE|H10_30,2025-05-12/2025-05-18,1208.7879127075032
TUESDAY|CONTINUE|H10_30,2025-05-19/2025-05-25,-662.0251173125005
TUESDAY|CONTINUE|H10_30,2025-05-26/2025-06-01,344.5510328500032
TUESDAY|CONTINUE|H10_30,2025-06-02/2025-06-08,1380.5937497050045
TUESDAY|CONTINUE|H10_30,2025-06-09/2025-06-15,1343.7303968425012
TUESDAY|CONTINUE|H10_30,2025-06-16/2025-06-22,-568.1776702100005
TUESDAY|CONTINUE|H10_30,2025-06-23/2025-06-29,943.5359839600001
TUESDAY|CONTINUE|H10_30,2025-06-30/2025-07-06,-644.5794198650015
TUESDAY|CONTINUE|H10_30,2025-07-07/2025-07-13,754.681825299999
TUESDAY|CONTINUE|H10_30,2025-07-14/2025-07-20,-751.1677958525007
TUESDAY|CONTINUE|H10_30,2025-07-21/2025-07-27,-882.7689441499998
TUESDAY|CONTINUE|H10_30,2025-07-28/2025-08-03,1317.724678885
TUESDAY|CONTINUE|H10_30,2025-08-04/2025-08-10,1348.8903078550004
TUESDAY|CONTINUE|H10_30,2025-08-11/2025-08-17,-147.51889821499998
TUESDAY|CONTINUE|H10_30,2025-08-18/2025-08-24,-120.50330934500063
TUESDAY|CONTINUE|H10_30,2025-08-25/2025-08-31,-590.8719232925002
TUESDAY|CONTINUE|H10_30,2025-09-01/2025-09-07,3960.9468738025
TUESDAY|CONTINUE|H10_30,2025-09-08/2025-09-14,-1825.2560198000006
TUESDAY|CONTINUE|H10_30,2025-09-15/2025-09-21,3189.8393760325
TUESDAY|CONTINUE|H10_30,2025-09-22/2025-09-28,-1807.2366643175005
TUESDAY|CONTINUE|H10_30,2025-09-29/2025-10-05,-1954.388258015001
TUESDAY|CONTINUE|H10_30,2025-10-06/2025-10-12,4222.4760091975
TUESDAY|CONTINUE|H10_30,2025-10-13/2025-10-19,-2030.0221448075004
TUESDAY|CONTINUE|H10_30,2025-10-27/2025-11-02,3342.8151683425
TUESDAY|CONTINUE|H10_30,2025-11-03/2025-11-09,-855.3031993925003
TUESDAY|CONTINUE|H10_30,2025-11-10/2025-11-16,-1527.2629116350001
TUESDAY|CONTINUE|H10_30,2025-11-17/2025-11-23,-1645.057488095
TUESDAY|CONTINUE|H10_30,2025-11-24/2025-11-30,2970.8902179175
TUESDAY|CONTINUE|H10_30,2025-12-01/2025-12-07,775.7029074999995
TUESDAY|CONTINUE|H10_30,2025-12-08/2025-12-14,-1804.1194042700004
TUESDAY|CONTINUE|H10_30,2025-12-15/2025-12-21,-530.9030179175002
TUESDAY|CONTINUE|H10_30,2025-12-22/2025-12-28,619.3180492449994
TUESDAY|CONTINUE|H10_30,2025-12-29/2026-01-04,3694.0058559025
TUESDAY|CONTINUE|H10_30,2026-01-05/2026-01-11,-2035.2760058869999
TUESDAY|CONTINUE|H10_30,2026-01-12/2026-01-18,949.9697503134997
TUESDAY|CONTINUE|H10_30,2026-01-19/2026-01-25,46.8164539109999
TUESDAY|CONTINUE|H10_30,2026-01-26/2026-02-01,4655.992705487
TUESDAY|CONTINUE|H10_30,2026-02-02/2026-02-08,-802.1515570514998
TUESDAY|CONTINUE|H10_30,2026-02-09/2026-02-15,1170.2695878180002
TUESDAY|CONTINUE|H10_30,2026-02-16/2026-02-22,-2961.4241879695005
TUESDAY|CONTINUE|H10_30,2026-02-23/2026-03-01,953.95227354
TUESDAY|CONTINUE|H10_30,2026-03-09/2026-03-15,409.339838726994
TUESDAY|CONTINUE|H10_30,2026-03-16/2026-03-22,2765.468582823331
TUESDAY|CONTINUE|H10_30,2026-03-23/2026-03-29,-2762.512629300691
TUESDAY|CONTINUE|H10_30,2026-04-06/2026-04-12,-1633.6069908316408
TUESDAY|CONTINUE|H10_30,2026-04-20/2026-04-26,-2009.874747389385
TUESDAY|CONTINUE|H10_30,2026-04-27/2026-05-03,-2062.43736351053
TUESDAY|CONTINUE|H10_30,2026-05-04/2026-05-10,1284.0196450049993
TUESDAY|CONTINUE|H10_30,2026-05-11/2026-05-17,237.7956824518791
TUESDAY|CONTINUE|H10_30,2026-05-18/2026-05-24,-403.10467856904
TUESDAY|CONTINUE|H10_30,2026-06-29/2026-07-05,-294.5602487127728
TUESDAY|CONTINUE|H15_10,2021-07-05/2021-07-11,375.88064065499975
TUESDAY|CONTINUE|H15_10,2021-07-12/2021-07-18,1553.9419256749998
TUESDAY|CONTINUE|H15_10,2021-07-19/2021-07-25,364.71427781499983
TUESDAY|CONTINUE|H15_10,2021-07-26/2021-08-01,-2370.4245929850003
TUESDAY|CONTINUE|H15_10,2021-08-02/2021-08-08,4995.05482696
TUESDAY|CONTINUE|H15_10,2021-08-09/2021-08-15,-982.5674067050002
TUESDAY|CONTINUE|H15_10,2021-08-16/2021-08-22,-1480.7207956800005
TUESDAY|CONTINUE|H15_10,2021-08-23/2021-08-29,1715.82165962
TUESDAY|CONTINUE|H15_10,2021-08-30/2021-09-05,3635.663967465001
TUESDAY|CONTINUE|H15_10,2021-09-06/2021-09-12,-373.3924262100001
TUESDAY|CONTINUE|H15_10,2021-09-13/2021-09-19,-1118.28340514
TUESDAY|CONTINUE|H15_10,2021-09-20/2021-09-26,1344.53842332
TUESDAY|CONTINUE|H15_10,2021-09-27/2021-10-03,-1787.3755017649999
TUESDAY|CONTINUE|H15_10,2021-10-04/2021-10-10,-2287.9476737650007
TUESDAY|CONTINUE|H15_10,2021-10-11/2021-10-17,-1004.3045657500008
TUESDAY|CONTINUE|H15_10,2021-10-18/2021-10-24,-1944.75164348
TUESDAY|CONTINUE|H15_10,2021-10-25/2021-10-31,304.0522047349998
TUESDAY|CONTINUE|H15_10,2021-11-01/2021-11-07,-808.1542236099984
TUESDAY|CONTINUE|H15_10,2021-11-08/2021-11-14,-920.1783885550002
TUESDAY|CONTINUE|H15_10,2021-11-15/2021-11-21,-1759.7012735050005
TUESDAY|CONTINUE|H15_10,2021-11-22/2021-11-28,-2043.4329998199998
TUESDAY|CONTINUE|H15_10,2021-11-29/2021-12-05,-3319.548870605
TUESDAY|CONTINUE|H15_10,2021-12-06/2021-12-12,2009.030656395
TUESDAY|CONTINUE|H15_10,2021-12-13/2021-12-19,13.830336474999427
TUESDAY|CONTINUE|H15_10,2021-12-20/2021-12-26,36.796475024999765
TUESDAY|CONTINUE|H15_10,2021-12-27/2022-01-02,1075.1201973100005
TUESDAY|CONTINUE|H15_10,2022-01-03/2022-01-09,1744.631913985001
TUESDAY|CONTINUE|H15_10,2022-01-10/2022-01-16,288.7148872799995
TUESDAY|CONTINUE|H15_10,2022-01-17/2022-01-23,-2586.4775878150003
TUESDAY|CONTINUE|H15_10,2022-01-24/2022-01-30,-2927.746823219998
TUESDAY|CONTINUE|H15_10,2022-01-31/2022-02-06,-312.53314990999775
TUESDAY|CONTINUE|H15_10,2022-02-07/2022-02-13,-126.07852517500021
TUESDAY|CONTINUE|H15_10,2022-02-14/2022-02-20,3952.730797010002
TUESDAY|CONTINUE|H15_10,2022-02-21/2022-02-27,-1785.444059215
TUESDAY|CONTINUE|H15_10,2022-03-07/2022-03-13,-1784.5224908050004
TUESDAY|CONTINUE|H15_10,2022-03-14/2022-03-20,-2479.2471652649997
TUESDAY|CONTINUE|H15_10,2022-03-21/2022-03-27,2512.2938357800026
TUESDAY|CONTINUE|H15_10,2022-03-28/2022-04-03,475.6249901299998
TUESDAY|CONTINUE|H15_10,2022-04-04/2022-04-10,-1934.61108596
TUESDAY|CONTINUE|H15_10,2022-04-11/2022-04-17,-261.6517755900006
TUESDAY|CONTINUE|H15_10,2022-04-18/2022-04-24,-2755.101755805
TUESDAY|CONTINUE|H15_10,2022-04-25/2022-05-01,322.79692917499955
TUESDAY|CONTINUE|H15_10,2022-05-09/2022-05-15,164.2469215750009
TUESDAY|CONTINUE|H15_10,2022-05-16/2022-05-22,3379.4809887750007
TUESDAY|CONTINUE|H15_10,2022-05-23/2022-05-29,-1037.2034399649988
TUESDAY|CONTINUE|H15_10,2022-05-30/2022-06-05,-921.7758572849997
TUESDAY|CONTINUE|H15_10,2022-06-06/2022-06-12,-100.6298659700002
TUESDAY|CONTINUE|H15_10,2022-06-13/2022-06-19,-788.4268526300003
TUESDAY|CONTINUE|H15_10,2022-06-20/2022-06-26,2856.987739100001
TUESDAY|CONTINUE|H15_10,2022-06-27/2022-07-03,-1596.6861783300003
TUESDAY|CONTINUE|H15_10,2022-07-04/2022-07-10,-2062.9817711700002
TUESDAY|CONTINUE|H15_10,2022-07-11/2022-07-17,470.9115878749992
TUESDAY|CONTINUE|H15_10,2022-07-18/2022-07-24,-1569.482029615
TUESDAY|CONTINUE|H15_10,2022-07-25/2022-07-31,650.623108315
TUESDAY|CONTINUE|H15_10,2022-08-01/2022-08-07,-1082.6709500650004
TUESDAY|CONTINUE|H15_10,2022-08-15/2022-08-21,177.68931296499971
TUESDAY|CONTINUE|H15_10,2022-08-22/2022-08-28,-1367.8447838300008
TUESDAY|CONTINUE|H15_10,2022-08-29/2022-09-04,5327.037359285001
TUESDAY|CONTINUE|H15_10,2022-09-05/2022-09-11,-1037.1576281400007
TUESDAY|CONTINUE|H15_10,2022-09-12/2022-09-18,368.07653784999957
TUESDAY|CONTINUE|H15_10,2022-09-19/2022-09-25,-230.00444790000026
TUESDAY|CONTINUE|H15_10,2022-09-26/2022-10-02,-2273.283603585
TUESDAY|CONTINUE|H15_10,2022-10-03/2022-10-09,823.8697197850013
TUESDAY|CONTINUE|H15_10,2022-10-10/2022-10-16,-2250.3373854650004
TUESDAY|CONTINUE|H15_10,2022-10-17/2022-10-23,-168.8450741299997
TUESDAY|CONTINUE|H15_10,2022-10-24/2022-10-30,-1506.4947917850006
TUESDAY|CONTINUE|H15_10,2022-10-31/2022-11-06,470.15268791499966
TUESDAY|CONTINUE|H15_10,2022-11-14/2022-11-20,932.6298841849996
TUESDAY|CONTINUE|H15_10,2022-11-21/2022-11-27,1971.2616824400009
TUESDAY|CONTINUE|H15_10,2022-11-28/2022-12-04,-570.7996274200003
TUESDAY|CONTINUE|H15_10,2022-12-05/2022-12-11,-1090.5009507200004
TUESDAY|CONTINUE|H15_10,2022-12-12/2022-12-18,1560.5070952150004
TUESDAY|CONTINUE|H15_10,2022-12-19/2022-12-25,-2080.2160028600006
TUESDAY|CONTINUE|H15_10,2022-12-26/2023-01-01,1277.92334339
TUESDAY|CONTINUE|H15_10,2023-01-02/2023-01-08,-1537.604977925
TUESDAY|CONTINUE|H15_10,2023-01-09/2023-01-15,-1702.4227041850002
TUESDAY|CONTINUE|H15_10,2023-01-16/2023-01-22,1705.6744662600008
TUESDAY|CONTINUE|H15_10,2023-01-23/2023-01-29,-1717.2813116300003
TUESDAY|CONTINUE|H15_10,2023-01-30/2023-02-05,417.56827175000126
TUESDAY|CONTINUE|H15_10,2023-02-06/2023-02-12,-1427.8110361600004
TUESDAY|CONTINUE|H15_10,2023-02-13/2023-02-19,2017.732424385001
TUESDAY|CONTINUE|H15_10,2023-02-20/2023-02-26,-1500.404349460001
TUESDAY|CONTINUE|H15_10,2023-02-27/2023-03-05,-2296.08309089
TUESDAY|CONTINUE|H15_10,2023-03-13/2023-03-19,-2687.7901902500003
TUESDAY|CONTINUE|H15_10,2023-03-20/2023-03-26,537.7437785450004
TUESDAY|CONTINUE|H15_10,2023-03-27/2023-04-02,-2473.457498195
TUESDAY|CONTINUE|H15_10,2023-04-10/2023-04-16,86.07241502499937
TUESDAY|CONTINUE|H15_10,2023-04-17/2023-04-23,-1518.3171409700003
TUESDAY|CONTINUE|H15_10,2023-04-24/2023-04-30,679.0867756000001
TUESDAY|CONTINUE|H15_10,2023-05-01/2023-05-07,-254.35758673500027
TUESDAY|CONTINUE|H15_10,2023-05-08/2023-05-14,-680.0863082800005
TUESDAY|CONTINUE|H15_10,2023-05-15/2023-05-21,-1795.7360016750004
TUESDAY|CONTINUE|H15_10,2023-05-22/2023-05-28,-1201.8053852350004
TUESDAY|CONTINUE|H15_10,2023-05-29/2023-06-04,-493.08391690500036
TUESDAY|CONTINUE|H15_10,2023-06-05/2023-06-11,-618.0511779250005
TUESDAY|CONTINUE|H15_10,2023-06-12/2023-06-18,401.40299770499996
TUESDAY|CONTINUE|H15_10,2023-06-19/2023-06-25,-2082.8107324700004
TUESDAY|CONTINUE|H15_10,2023-06-26/2023-07-02,1348.4411363699999
TUESDAY|CONTINUE|H15_10,2023-07-03/2023-07-09,-205.43287503000028
TUESDAY|CONTINUE|H15_10,2023-07-10/2023-07-16,-942.754122825
TUESDAY|CONTINUE|H15_10,2023-07-17/2023-07-23,-595.1414762900002
TUESDAY|CONTINUE|H15_10,2023-07-24/2023-07-30,-899.5327670849999
TUESDAY|CONTINUE|H15_10,2023-07-31/2023-08-06,-1131.328091535
TUESDAY|CONTINUE|H15_10,2023-08-07/2023-08-13,-1017.852530255
TUESDAY|CONTINUE|H15_10,2023-08-21/2023-08-27,-1087.274802865
TUESDAY|CONTINUE|H15_10,2023-08-28/2023-09-03,-317.79166576000074
TUESDAY|CONTINUE|H15_10,2023-09-04/2023-09-10,254.4695120599995
TUESDAY|CONTINUE|H15_10,2023-09-11/2023-09-17,-1205.7658649500004
TUESDAY|CONTINUE|H15_10,2023-09-25/2023-10-01,-305.5882076350001
TUESDAY|CONTINUE|H15_10,2023-10-02/2023-10-08,-248.39263150000028
TUESDAY|CONTINUE|H15_10,2023-10-09/2023-10-15,1982.0469363400005
TUESDAY|CONTINUE|H15_10,2023-10-16/2023-10-22,-403.05718698000004
TUESDAY|CONTINUE|H15_10,2023-10-30/2023-11-05,-1212.12985493
TUESDAY|CONTINUE|H15_10,2023-11-06/2023-11-12,-611.5942345450003
TUESDAY|CONTINUE|H15_10,2023-11-20/2023-11-26,-254.16703226500022
TUESDAY|CONTINUE|H15_10,2023-11-27/2023-12-03,1745.05883475
TUESDAY|CONTINUE|H15_10,2023-12-04/2023-12-10,1681.612142465
TUESDAY|CONTINUE|H15_10,2023-12-11/2023-12-17,-1663.5708231200001
TUESDAY|CONTINUE|H15_10,2023-12-18/2023-12-24,70.63882624999982
TUESDAY|CONTINUE|H15_10,2023-12-25/2023-12-31,992.84910532
TUESDAY|CONTINUE|H15_10,2024-01-01/2024-01-07,-1981.75640493
TUESDAY|CONTINUE|H15_10,2024-01-08/2024-01-14,-2119.3175283550004
TUESDAY|CONTINUE|H15_10,2024-01-15/2024-01-21,-1022.8487755050003
TUESDAY|CONTINUE|H15_10,2024-01-22/2024-01-28,-4461.775942139999
TUESDAY|CONTINUE|H15_10,2024-01-29/2024-02-04,-3086.0272659599996
TUESDAY|CONTINUE|H15_10,2024-02-05/2024-02-11,1785.6980805950018
TUESDAY|CONTINUE|H15_10,2024-02-12/2024-02-18,2241.2787994600017
TUESDAY|CONTINUE|H15_10,2024-02-19/2024-02-25,1657.13152837
TUESDAY|CONTINUE|H15_10,2024-02-26/2024-03-03,-1400.6420741800007
TUESDAY|CONTINUE|H15_10,2024-03-04/2024-03-10,-159.9739953950008
TUESDAY|CONTINUE|H15_10,2024-03-11/2024-03-17,-48.87870603000023
TUESDAY|CONTINUE|H15_10,2024-03-18/2024-03-24,1549.36131768
TUESDAY|CONTINUE|H15_10,2024-03-25/2024-03-31,-192.64248073500016
TUESDAY|CONTINUE|H15_10,2024-04-01/2024-04-07,-525.2856406200005
TUESDAY|CONTINUE|H15_10,2024-04-08/2024-04-14,-1940.40474228
TUESDAY|CONTINUE|H15_10,2024-04-15/2024-04-21,102.77282954000017
TUESDAY|CONTINUE|H15_10,2024-04-22/2024-04-28,-843.6617769
TUESDAY|CONTINUE|H15_10,2024-04-29/2024-05-05,-463.3617251350002
TUESDAY|CONTINUE|H15_10,2024-05-06/2024-05-12,-1266.2695880400001
TUESDAY|CONTINUE|H15_10,2024-05-13/2024-05-19,699.7725671400003
TUESDAY|CONTINUE|H15_10,2024-05-27/2024-06-02,-736.3699437825001
TUESDAY|CONTINUE|H15_10,2024-06-03/2024-06-09,1853.4950049099987
TUESDAY|CONTINUE|H15_10,2024-06-10/2024-06-16,-131.2311354725
TUESDAY|CONTINUE|H15_10,2024-06-17/2024-06-23,-126.20368305500008
TUESDAY|CONTINUE|H15_10,2024-06-24/2024-06-30,1217.4494977175
TUESDAY|CONTINUE|H15_10,2024-07-01/2024-07-07,-251.14538188999995
TUESDAY|CONTINUE|H15_10,2024-07-08/2024-07-14,525.5104397750005
TUESDAY|CONTINUE|H15_10,2024-07-15/2024-07-21,-332.93212211499997
TUESDAY|CONTINUE|H15_10,2024-07-22/2024-07-28,-719.2123986474991
TUESDAY|CONTINUE|H15_10,2024-07-29/2024-08-04,21.340971194999796
TUESDAY|CONTINUE|H15_10,2024-08-05/2024-08-11,-1789.1037733574994
TUESDAY|CONTINUE|H15_10,2024-08-12/2024-08-18,-1474.6429698425
TUESDAY|CONTINUE|H15_10,2024-08-19/2024-08-25,373.12390747000035
TUESDAY|CONTINUE|H15_10,2024-08-26/2024-09-01,-199.83575060000004
TUESDAY|CONTINUE|H15_10,2024-09-02/2024-09-08,-186.75122657249997
TUESDAY|CONTINUE|H15_10,2024-09-09/2024-09-15,307.462264765
TUESDAY|CONTINUE|H15_10,2024-09-16/2024-09-22,176.92344149999977
TUESDAY|CONTINUE|H15_10,2024-09-23/2024-09-29,-327.7801766925001
TUESDAY|CONTINUE|H15_10,2024-09-30/2024-10-06,-913.8661878200003
TUESDAY|CONTINUE|H15_10,2024-10-07/2024-10-13,431.4093654474998
TUESDAY|CONTINUE|H15_10,2024-10-14/2024-10-20,-1214.8573755725004
TUESDAY|CONTINUE|H15_10,2024-10-21/2024-10-27,-1674.2276044475
TUESDAY|CONTINUE|H15_10,2024-10-28/2024-11-03,1584.5236071849997
TUESDAY|CONTINUE|H15_10,2024-11-04/2024-11-10,-964.2891082250005
TUESDAY|CONTINUE|H15_10,2024-11-11/2024-11-17,-1480.1916261750002
TUESDAY|CONTINUE|H15_10,2024-11-18/2024-11-24,-3548.789964725001
TUESDAY|CONTINUE|H15_10,2024-11-25/2024-12-01,-2470.7837549674987
TUESDAY|CONTINUE|H15_10,2024-12-02/2024-12-08,2017.255715454999
TUESDAY|CONTINUE|H15_10,2024-12-09/2024-12-15,-790.2859174024991
TUESDAY|CONTINUE|H15_10,2024-12-16/2024-12-22,4594.506539192501
TUESDAY|CONTINUE|H15_10,2024-12-23/2024-12-29,-697.3686724025009
TUESDAY|CONTINUE|H15_10,2024-12-30/2025-01-05,-2238.9333233525
TUESDAY|CONTINUE|H15_10,2025-01-06/2025-01-12,-1848.967105617499
TUESDAY|CONTINUE|H15_10,2025-01-13/2025-01-19,-130.38392655500067
TUESDAY|CONTINUE|H15_10,2025-01-20/2025-01-26,-5268.14100665
TUESDAY|CONTINUE|H15_10,2025-01-27/2025-02-02,863.2819839775011
TUESDAY|CONTINUE|H15_10,2025-02-03/2025-02-09,4511.555554404999
TUESDAY|CONTINUE|H15_10,2025-02-10/2025-02-16,4347.7729320325
TUESDAY|CONTINUE|H15_10,2025-02-17/2025-02-23,688.7652288475011
TUESDAY|CONTINUE|H15_10,2025-02-24/2025-03-02,-1494.480890817501
TUESDAY|CONTINUE|H15_10,2025-03-03/2025-03-09,-1319.1693841175004
TUESDAY|CONTINUE|H15_10,2025-03-10/2025-03-16,-2831.50250492
TUESDAY|CONTINUE|H15_10,2025-03-17/2025-03-23,3918.589994365001
TUESDAY|CONTINUE|H15_10,2025-03-24/2025-03-30,-1317.67449011
TUESDAY|CONTINUE|H15_10,2025-03-31/2025-04-06,6227.645926615001
TUESDAY|CONTINUE|H15_10,2025-04-07/2025-04-13,397.460785915001
TUESDAY|CONTINUE|H15_10,2025-04-14/2025-04-20,-1389.981971704999
TUESDAY|CONTINUE|H15_10,2025-04-21/2025-04-27,725.9651892099996
TUESDAY|CONTINUE|H15_10,2025-04-28/2025-05-04,-3458.5836378575
TUESDAY|CONTINUE|H15_10,2025-05-05/2025-05-11,-2305.217424627501
TUESDAY|CONTINUE|H15_10,2025-05-12/2025-05-18,3077.934743350002
TUESDAY|CONTINUE|H15_10,2025-05-19/2025-05-25,-3447.947106170001
TUESDAY|CONTINUE|H15_10,2025-05-26/2025-06-01,-1164.381988137499
TUESDAY|CONTINUE|H15_10,2025-06-02/2025-06-08,-1713.2896118375
TUESDAY|CONTINUE|H15_10,2025-06-09/2025-06-15,-203.00412856250045
TUESDAY|CONTINUE|H15_10,2025-06-16/2025-06-22,-1274.5796187724998
TUESDAY|CONTINUE|H15_10,2025-06-23/2025-06-29,-3581.3618430800016
TUESDAY|CONTINUE|H15_10,2025-06-30/2025-07-06,-1160.3783593250007
TUESDAY|CONTINUE|H15_10,2025-07-07/2025-07-13,-1519.3462642099998
TUESDAY|CONTINUE|H15_10,2025-07-14/2025-07-20,1086.6550558299996
TUESDAY|CONTINUE|H15_10,2025-07-21/2025-07-27,-2057.38331699
TUESDAY|CONTINUE|H15_10,2025-07-28/2025-08-03,-2868.0441615575
TUESDAY|CONTINUE|H15_10,2025-08-04/2025-08-10,225.03448497249926
TUESDAY|CONTINUE|H15_10,2025-08-11/2025-08-17,2670.8215958875003
TUESDAY|CONTINUE|H15_10,2025-08-18/2025-08-24,1675.8350886549995
TUESDAY|CONTINUE|H15_10,2025-08-25/2025-08-31,1860.530241084999
TUESDAY|CONTINUE|H15_10,2025-09-01/2025-09-07,-3452.5393430225004
TUESDAY|CONTINUE|H15_10,2025-09-08/2025-09-14,-2723.4809908400002
TUESDAY|CONTINUE|H15_10,2025-09-15/2025-09-21,6774.440177305001
TUESDAY|CONTINUE|H15_10,2025-09-22/2025-09-28,-3173.41611395
TUESDAY|CONTINUE|H15_10,2025-09-29/2025-10-05,-4507.538579285
TUESDAY|CONTINUE|H15_10,2025-10-06/2025-10-12,-2748.8781932375
TUESDAY|CONTINUE|H15_10,2025-10-13/2025-10-19,-3430.1408850875005
TUESDAY|CONTINUE|H15_10,2025-10-27/2025-11-02,1499.9011233850001
TUESDAY|CONTINUE|H15_10,2025-11-03/2025-11-09,3578.8624459674993
TUESDAY|CONTINUE|H15_10,2025-11-10/2025-11-16,8954.662648742502
TUESDAY|CONTINUE|H15_10,2025-11-17/2025-11-23,-3659.236574915
TUESDAY|CONTINUE|H15_10,2025-11-24/2025-11-30,-3513.2213365325
TUESDAY|CONTINUE|H15_10,2025-12-01/2025-12-07,2678.503197084999
TUESDAY|CONTINUE|H15_10,2025-12-08/2025-12-14,-4466.0262395825
TUESDAY|CONTINUE|H15_10,2025-12-15/2025-12-21,-407.09103533000047
TUESDAY|CONTINUE|H15_10,2025-12-22/2025-12-28,-724.8324322175001
TUESDAY|CONTINUE|H15_10,2025-12-29/2026-01-04,459.25821054249957
TUESDAY|CONTINUE|H15_10,2026-01-05/2026-01-11,-1843.6159836515
TUESDAY|CONTINUE|H15_10,2026-01-12/2026-01-18,-4017.322018951
TUESDAY|CONTINUE|H15_10,2026-01-19/2026-01-25,9206.94590632
TUESDAY|CONTINUE|H15_10,2026-01-26/2026-02-01,8177.7061241195
TUESDAY|CONTINUE|H15_10,2026-02-02/2026-02-08,-5366.8511146385
TUESDAY|CONTINUE|H15_10,2026-02-09/2026-02-15,-201.81074504550017
TUESDAY|CONTINUE|H15_10,2026-02-16/2026-02-22,-3645.8416530190007
TUESDAY|CONTINUE|H15_10,2026-02-23/2026-03-01,5005.689164560001
TUESDAY|CONTINUE|H15_10,2026-03-09/2026-03-15,3559.6663630140147
TUESDAY|CONTINUE|H15_10,2026-03-16/2026-03-22,8309.556610372312
TUESDAY|CONTINUE|H15_10,2026-03-23/2026-03-29,-207.43505183990544
TUESDAY|CONTINUE|H15_10,2026-04-06/2026-04-12,-5208.598637408056
TUESDAY|CONTINUE|H15_10,2026-04-20/2026-04-26,-3754.277160523935
TUESDAY|CONTINUE|H15_10,2026-04-27/2026-05-03,4769.3343209728
TUESDAY|CONTINUE|H15_10,2026-05-04/2026-05-10,-3333.86744708457
TUESDAY|CONTINUE|H15_10,2026-05-11/2026-05-17,8981.735464994452
TUESDAY|CONTINUE|H15_10,2026-05-18/2026-05-24,-3620.15808245102
TUESDAY|CONTINUE|H15_10,2026-06-22/2026-06-28,1893.743060062577
TUESDAY|CONTINUE|H15_10,2026-06-29/2026-07-05,-104.87348232001341
TUESDAY|FADE|H10_30,2021-07-05/2021-07-11,-92.24613416500014
TUESDAY|FADE|H10_30,2021-07-12/2021-07-18,-364.9648707500002
TUESDAY|FADE|H10_30,2021-07-19/2021-07-25,-726.8916824650004
TUESDAY|FADE|H10_30,2021-07-26/2021-08-01,-320.23302226000004
TUESDAY|FADE|H10_30,2021-08-02/2021-08-08,-1047.8698490700003
TUESDAY|FADE|H10_30,2021-08-09/2021-08-15,-42.14887987000039
TUESDAY|FADE|H10_30,2021-08-16/2021-08-22,-567.7368128899999
TUESDAY|FADE|H10_30,2021-08-23/2021-08-29,69.34610911499959
TUESDAY|FADE|H10_30,2021-08-30/2021-09-05,-335.0624139350005
TUESDAY|FADE|H10_30,2021-09-06/2021-09-12,571.5263749349994
TUESDAY|FADE|H10_30,2021-09-13/2021-09-19,-338.4558779100003
TUESDAY|FADE|H10_30,2021-09-20/2021-09-26,926.9039547449995
TUESDAY|FADE|H10_30,2021-09-27/2021-10-03,-377.013626015
TUESDAY|FADE|H10_30,2021-10-04/2021-10-10,327.8124299799994
TUESDAY|FADE|H10_30,2021-10-11/2021-10-17,-685.7617782250002
TUESDAY|FADE|H10_30,2021-10-18/2021-10-24,682.4736037349994
TUESDAY|FADE|H10_30,2021-10-25/2021-10-31,263.360511224999
TUESDAY|FADE|H10_30,2021-11-01/2021-11-07,-65.84934382499875
TUESDAY|FADE|H10_30,2021-11-08/2021-11-14,483.23522054499944
TUESDAY|FADE|H10_30,2021-11-15/2021-11-21,239.92495800499904
TUESDAY|FADE|H10_30,2021-11-22/2021-11-28,229.4145815099998
TUESDAY|FADE|H10_30,2021-11-29/2021-12-05,-1083.7445618350007
TUESDAY|FADE|H10_30,2021-12-06/2021-12-12,-1097.6397718400005
TUESDAY|FADE|H10_30,2021-12-13/2021-12-19,-1216.7317131050008
TUESDAY|FADE|H10_30,2021-12-20/2021-12-26,-1081.4293573000004
TUESDAY|FADE|H10_30,2021-12-27/2022-01-02,-207.99772399499986
TUESDAY|FADE|H10_30,2022-01-03/2022-01-09,-790.6265302900005
TUESDAY|FADE|H10_30,2022-01-10/2022-01-16,114.82822709999996
TUESDAY|FADE|H10_30,2022-01-17/2022-01-23,1783.2235255300004
TUESDAY|FADE|H10_30,2022-01-24/2022-01-30,594.1233593849998
TUESDAY|FADE|H10_30,2022-01-31/2022-02-06,-580.5696881799976
TUESDAY|FADE|H10_30,2022-02-07/2022-02-13,1373.7443945100003
TUESDAY|FADE|H10_30,2022-02-14/2022-02-20,329.78171876500164
TUESDAY|FADE|H10_30,2022-02-21/2022-02-27,-130.33512601999917
TUESDAY|FADE|H10_30,2022-03-07/2022-03-13,530.8917896700016
TUESDAY|FADE|H10_30,2022-03-14/2022-03-20,182.27789946000115
TUESDAY|FADE|H10_30,2022-03-21/2022-03-27,-122.20833935999902
TUESDAY|FADE|H10_30,2022-03-28/2022-04-03,-304.7642402950005
TUESDAY|FADE|H10_30,2022-04-04/2022-04-10,742.03019623
TUESDAY|FADE|H10_30,2022-04-11/2022-04-17,-1606.8034975000005
TUESDAY|FADE|H10_30,2022-04-18/2022-04-24,80.80195724499892
TUESDAY|FADE|H10_30,2022-04-25/2022-05-01,60.142392764999
TUESDAY|FADE|H10_30,2022-05-09/2022-05-15,22.185523840001196
TUESDAY|FADE|H10_30,2022-05-16/2022-05-22,-783.372840714999
TUESDAY|FADE|H10_30,2022-05-23/2022-05-29,-53.84175271499859
TUESDAY|FADE|H10_30,2022-05-30/2022-06-05,935.3700213150005
TUESDAY|FADE|H10_30,2022-06-06/2022-06-12,-65.73581157500101
TUESDAY|FADE|H10_30,2022-06-13/2022-06-19,1075.9229209250004
TUESDAY|FADE|H10_30,2022-06-20/2022-06-26,-1627.34089281
TUESDAY|FADE|H10_30,2022-06-27/2022-07-03,-135.48342108500057
TUESDAY|FADE|H10_30,2022-07-04/2022-07-10,-955.7231167500008
TUESDAY|FADE|H10_30,2022-07-11/2022-07-17,212.3423533949992
TUESDAY|FADE|H10_30,2022-07-18/2022-07-24,91.285112595
TUESDAY|FADE|H10_30,2022-07-25/2022-07-31,-902.669944335
TUESDAY|FADE|H10_30,2022-08-01/2022-08-07,-1164.62666537
TUESDAY|FADE|H10_30,2022-08-15/2022-08-21,-501.16754478499985
TUESDAY|FADE|H10_30,2022-08-22/2022-08-28,-236.44413035000005
TUESDAY|FADE|H10_30,2022-08-29/2022-09-04,-648.58903578
TUESDAY|FADE|H10_30,2022-09-05/2022-09-11,1481.3240507300009
TUESDAY|FADE|H10_30,2022-09-12/2022-09-18,117.38909326999925
TUESDAY|FADE|H10_30,2022-09-19/2022-09-25,-707.3688025100004
TUESDAY|FADE|H10_30,2022-09-26/2022-10-02,1782.313911960001
TUESDAY|FADE|H10_30,2022-10-03/2022-10-09,-585.2193592600006
TUESDAY|FADE|H10_30,2022-10-10/2022-10-16,876.7569058299998
TUESDAY|FADE|H10_30,2022-10-17/2022-10-23,-751.877562840001
TUESDAY|FADE|H10_30,2022-10-24/2022-10-30,125.52849319000006
TUESDAY|FADE|H10_30,2022-10-31/2022-11-06,-393.88467457
TUESDAY|FADE|H10_30,2022-11-14/2022-11-20,672.3423415550002
TUESDAY|FADE|H10_30,2022-11-21/2022-11-27,-916.8785428550004
TUESDAY|FADE|H10_30,2022-11-28/2022-12-04,148.17792530499923
TUESDAY|FADE|H10_30,2022-12-05/2022-12-11,372.3351333199995
TUESDAY|FADE|H10_30,2022-12-12/2022-12-18,-10.800997685000283
TUESDAY|FADE|H10_30,2022-12-19/2022-12-25,-1051.8960610400002
TUESDAY|FADE|H10_30,2022-12-26/2023-01-01,90.8714699649991
TUESDAY|FADE|H10_30,2023-01-02/2023-01-08,884.1473660049998
TUESDAY|FADE|H10_30,2023-01-09/2023-01-15,625.6212903049993
TUESDAY|FADE|H10_30,2023-01-16/2023-01-22,-1089.4499124250003
TUESDAY|FADE|H10_30,2023-01-23/2023-01-29,791.079065275
TUESDAY|FADE|H10_30,2023-01-30/2023-02-05,-157.359345354999
TUESDAY|FADE|H10_30,2023-02-06/2023-02-12,380.6006852049991
TUESDAY|FADE|H10_30,2023-02-13/2023-02-19,-421.37897344999976
TUESDAY|FADE|H10_30,2023-02-20/2023-02-26,-637.79913421
TUESDAY|FADE|H10_30,2023-02-27/2023-03-05,4.837753445000118
TUESDAY|FADE|H10_30,2023-03-13/2023-03-19,1517.9105218800012
TUESDAY|FADE|H10_30,2023-03-20/2023-03-26,-0.4473122200002848
TUESDAY|FADE|H10_30,2023-03-27/2023-04-02,1095.0109016149995
TUESDAY|FADE|H10_30,2023-04-10/2023-04-16,-425.03337182000007
TUESDAY|FADE|H10_30,2023-04-17/2023-04-23,1499.6478253699995
TUESDAY|FADE|H10_30,2023-04-24/2023-04-30,-927.4639469450001
TUESDAY|FADE|H10_30,2023-05-01/2023-05-07,159.23207918999972
TUESDAY|FADE|H10_30,2023-05-08/2023-05-14,-995.4726630000005
TUESDAY|FADE|H10_30,2023-05-15/2023-05-21,-392.8389488200007
TUESDAY|FADE|H10_30,2023-05-22/2023-05-28,-248.87665405500042
TUESDAY|FADE|H10_30,2023-05-29/2023-06-04,-165.274998695
TUESDAY|FADE|H10_30,2023-06-05/2023-06-11,470.66260186499966
TUESDAY|FADE|H10_30,2023-06-12/2023-06-18,-460.65777528000024
TUESDAY|FADE|H10_30,2023-06-19/2023-06-25,-717.8353618050003
TUESDAY|FADE|H10_30,2023-06-26/2023-07-02,-330.60463353
TUESDAY|FADE|H10_30,2023-07-03/2023-07-09,1181.1747528949998
TUESDAY|FADE|H10_30,2023-07-10/2023-07-16,-460.44398246000037
TUESDAY|FADE|H10_30,2023-07-17/2023-07-23,-94.25259785500107
TUESDAY|FADE|H10_30,2023-07-24/2023-07-30,217.80934306499978
TUESDAY|FADE|H10_30,2023-07-31/2023-08-06,487.752755785
TUESDAY|FADE|H10_30,2023-08-07/2023-08-13,-282.1997959900005
TUESDAY|FADE|H10_30,2023-08-21/2023-08-27,56.18456609499977
TUESDAY|FADE|H10_30,2023-08-28/2023-09-03,-104.81675822000042
TUESDAY|FADE|H10_30,2023-09-04/2023-09-10,-438.2407266650002
TUESDAY|FADE|H10_30,2023-09-11/2023-09-17,1714.1026865950003
TUESDAY|FADE|H10_30,2023-09-25/2023-10-01,-588.0471372450004
TUESDAY|FADE|H10_30,2023-10-02/2023-10-08,-234.7391003350002
TUESDAY|FADE|H10_30,2023-10-09/2023-10-15,-501.6655103500004
TUESDAY|FADE|H10_30,2023-10-16/2023-10-22,-55.468443670000426
TUESDAY|FADE|H10_30,2023-10-30/2023-11-05,688.8880532099995
TUESDAY|FADE|H10_30,2023-11-06/2023-11-12,258.14316598499994
TUESDAY|FADE|H10_30,2023-11-20/2023-11-26,-359.1207549350004
TUESDAY|FADE|H10_30,2023-11-27/2023-12-03,-109.11651784500012
TUESDAY|FADE|H10_30,2023-12-04/2023-12-10,-1191.4138535350003
TUESDAY|FADE|H10_30,2023-12-11/2023-12-17,224.8704835449995
TUESDAY|FADE|H10_30,2023-12-18/2023-12-24,816.8358004499997
TUESDAY|FADE|H10_30,2023-12-25/2023-12-31,-1328.3940182100002
TUESDAY|FADE|H10_30,2024-01-01/2024-01-07,1593.5341160200005
TUESDAY|FADE|H10_30,2024-01-08/2024-01-14,-452.29395745000016
TUESDAY|FADE|H10_30,2024-01-15/2024-01-21,-496.2297246200006
TUESDAY|FADE|H10_30,2024-01-22/2024-01-28,1547.2771668950008
TUESDAY|FADE|H10_30,2024-01-29/2024-02-04,-83.30135112999915
TUESDAY|FADE|H10_30,2024-02-05/2024-02-11,-238.96648540999783
TUESDAY|FADE|H10_30,2024-02-12/2024-02-18,-1479.0502875250004
TUESDAY|FADE|H10_30,2024-02-19/2024-02-25,-721.5375601700002
TUESDAY|FADE|H10_30,2024-02-26/2024-03-03,-494.1316308249992
TUESDAY|FADE|H10_30,2024-03-04/2024-03-10,-1223.8486256250005
TUESDAY|FADE|H10_30,2024-03-11/2024-03-17,-1398.84807356
TUESDAY|FADE|H10_30,2024-03-18/2024-03-24,-1229.7013719050005
TUESDAY|FADE|H10_30,2024-03-25/2024-03-31,26.86240961000091
TUESDAY|FADE|H10_30,2024-04-01/2024-04-07,197.42465598999976
TUESDAY|FADE|H10_30,2024-04-08/2024-04-14,-1095.8796346600004
TUESDAY|FADE|H10_30,2024-04-15/2024-04-21,-226.39852085500053
TUESDAY|FADE|H10_30,2024-04-22/2024-04-28,-260.3112520050006
TUESDAY|FADE|H10_30,2024-04-29/2024-05-05,-409.1715325300005
TUESDAY|FADE|H10_30,2024-05-06/2024-05-12,643.6399809125004
TUESDAY|FADE|H10_30,2024-05-13/2024-05-19,-174.04283137749985
TUESDAY|FADE|H10_30,2024-05-27/2024-06-02,-232.11283434750018
TUESDAY|FADE|H10_30,2024-06-03/2024-06-09,350.59997535500133
TUESDAY|FADE|H10_30,2024-06-10/2024-06-16,-388.14546376750025
TUESDAY|FADE|H10_30,2024-06-17/2024-06-23,-328.7804230550002
TUESDAY|FADE|H10_30,2024-06-24/2024-06-30,-291.57215821000057
TUESDAY|FADE|H10_30,2024-07-01/2024-07-07,-195.74646264750055
TUESDAY|FADE|H10_30,2024-07-08/2024-07-14,-214.34744175499992
TUESDAY|FADE|H10_30,2024-07-15/2024-07-21,-404.86646036000013
TUESDAY|FADE|H10_30,2024-07-22/2024-07-28,254.93760343500193
TUESDAY|FADE|H10_30,2024-07-29/2024-08-04,-377.8027358300001
TUESDAY|FADE|H10_30,2024-08-05/2024-08-11,250.2637031475008
TUESDAY|FADE|H10_30,2024-08-12/2024-08-18,4.530342349999728
TUESDAY|FADE|H10_30,2024-08-19/2024-08-25,-762.1050995675001
TUESDAY|FADE|H10_30,2024-08-26/2024-09-01,-195.8214902424998
TUESDAY|FADE|H10_30,2024-09-02/2024-09-08,-160.50848067250033
TUESDAY|FADE|H10_30,2024-09-09/2024-09-15,507.33107211500044
TUESDAY|FADE|H10_30,2024-09-16/2024-09-22,-94.28181362500042
TUESDAY|FADE|H10_30,2024-09-23/2024-09-29,276.74513917749994
TUESDAY|FADE|H10_30,2024-09-30/2024-10-06,304.5966437724994
TUESDAY|FADE|H10_30,2024-10-07/2024-10-13,-388.56143023250024
TUESDAY|FADE|H10_30,2024-10-14/2024-10-20,1179.1752574825002
TUESDAY|FADE|H10_30,2024-10-21/2024-10-27,932.4067960250004
TUESDAY|FADE|H10_30,2024-10-28/2024-11-03,-17.23071992000021
TUESDAY|FADE|H10_30,2024-11-04/2024-11-10,-72.84641746499915
TUESDAY|FADE|H10_30,2024-11-11/2024-11-17,-223.0053893175002
TUESDAY|FADE|H10_30,2024-11-18/2024-11-24,-2183.2309790375
TUESDAY|FADE|H10_30,2024-11-25/2024-12-01,1755.5014972750018
TUESDAY|FADE|H10_30,2024-12-02/2024-12-08,-1807.51750946
TUESDAY|FADE|H10_30,2024-12-09/2024-12-15,-885.5914063625005
TUESDAY|FADE|H10_30,2024-12-16/2024-12-22,-2275.7299337374984
TUESDAY|FADE|H10_30,2024-12-23/2024-12-29,-1968.132086307501
TUESDAY|FADE|H10_30,2024-12-30/2025-01-05,-35.07046877749957
TUESDAY|FADE|H10_30,2025-01-06/2025-01-12,-109.43354703499772
TUESDAY|FADE|H10_30,2025-01-13/2025-01-19,-119.21955511250084
TUESDAY|FADE|H10_30,2025-01-20/2025-01-26,3685.4528262625017
TUESDAY|FADE|H10_30,2025-01-27/2025-02-02,20.382895982502276
TUESDAY|FADE|H10_30,2025-02-03/2025-02-09,480.0651803949996
TUESDAY|FADE|H10_30,2025-02-10/2025-02-16,-1051.3748506699994
TUESDAY|FADE|H10_30,2025-02-17/2025-02-23,668.6345046625013
TUESDAY|FADE|H10_30,2025-02-24/2025-03-02,-13.316381240000624
TUESDAY|FADE|H10_30,2025-03-03/2025-03-09,832.2687308050002
TUESDAY|FADE|H10_30,2025-03-10/2025-03-16,1566.6961391500008
TUESDAY|FADE|H10_30,2025-03-17/2025-03-23,-1588.0474830950016
TUESDAY|FADE|H10_30,2025-03-24/2025-03-30,-1775.6985536450002
TUESDAY|FADE|H10_30,2025-03-31/2025-04-06,-2971.012331825
TUESDAY|FADE|H10_30,2025-04-07/2025-04-13,1456.7514870025
TUESDAY|FADE|H10_30,2025-04-14/2025-04-20,-937.4235680899995
TUESDAY|FADE|H10_30,2025-04-21/2025-04-27,-1444.9045047725012
TUESDAY|FADE|H10_30,2025-04-28/2025-05-04,2377.4456186575
TUESDAY|FADE|H10_30,2025-05-05/2025-05-11,932.9133952824991
TUESDAY|FADE|H10_30,2025-05-12/2025-05-18,-1139.7247625824991
TUESDAY|FADE|H10_30,2025-05-19/2025-05-25,302.3783851150023
TUESDAY|FADE|H10_30,2025-05-26/2025-06-01,-789.7500991474993
TUESDAY|FADE|H10_30,2025-06-02/2025-06-08,-1814.6762477824973
TUESDAY|FADE|H10_30,2025-06-09/2025-06-15,-1779.5637593525003
TUESDAY|FADE|H10_30,2025-06-16/2025-06-22,-475.97649560000036
TUESDAY|FADE|H10_30,2025-06-23/2025-06-29,-905.4870940025004
TUESDAY|FADE|H10_30,2025-06-30/2025-07-06,-144.3857005325007
TUESDAY|FADE|H10_30,2025-07-07/2025-07-13,-1400.0876717
TUESDAY|FADE|H10_30,2025-07-14/2025-07-20,-1.0295974924995335
TUESDAY|FADE|H10_30,2025-07-21/2025-07-27,278.9989299174996
TUESDAY|FADE|H10_30,2025-07-28/2025-08-03,-1919.6512238600008
TUESDAY|FADE|H10_30,2025-08-04/2025-08-10,-1436.69107457
TUESDAY|FADE|H10_30,2025-08-11/2025-08-17,-57.68006648750162
TUESDAY|FADE|H10_30,2025-08-18/2025-08-24,-594.9233650099994
TUESDAY|FADE|H10_30,2025-08-25/2025-08-31,-452.36001891500007
TUESDAY|FADE|H10_30,2025-09-01/2025-09-07,-1574.536706405
TUESDAY|FADE|H10_30,2025-09-08/2025-09-14,1210.54770454
TUESDAY|FADE|H10_30,2025-09-15/2025-09-21,-1008.6903104974999
TUESDAY|FADE|H10_30,2025-09-22/2025-09-28,1320.6706335625
TUESDAY|FADE|H10_30,2025-09-29/2025-10-05,774.7687258299994
TUESDAY|FADE|H10_30,2025-10-06/2025-10-12,-1934.738567675
TUESDAY|FADE|H10_30,2025-10-13/2025-10-19,3641.476543675
TUESDAY|FADE|H10_30,2025-10-27/2025-11-02,-2598.998746460001
TUESDAY|FADE|H10_30,2025-11-03/2025-11-09,-455.30398865000035
TUESDAY|FADE|H10_30,2025-11-10/2025-11-16,127.64052676749989
TUESDAY|FADE|H10_30,2025-11-17/2025-11-23,1499.3434029849996
TUESDAY|FADE|H10_30,2025-11-24/2025-11-30,-2206.4829525200003
TUESDAY|FADE|H10_30,2025-12-01/2025-12-07,-1770.3544012475
TUESDAY|FADE|H10_30,2025-12-08/2025-12-14,1275.8816865099998
TUESDAY|FADE|H10_30,2025-12-15/2025-12-21,-687.2311068200004
TUESDAY|FADE|H10_30,2025-12-22/2025-12-28,-1794.1063284650004
TUESDAY|FADE|H10_30,2025-12-29/2026-01-04,-2579.871918995
TUESDAY|FADE|H10_30,2026-01-05/2026-01-11,865.1344019364996
TUESDAY|FADE|H10_30,2026-01-12/2026-01-18,-1961.9065981845001
TUESDAY|FADE|H10_30,2026-01-19/2026-01-25,-851.3988235095003
TUESDAY|FADE|H10_30,2026-01-26/2026-02-01,-3484.4044424545
TUESDAY|FADE|H10_30,2026-02-02/2026-02-08,-240.2023015085016
TUESDAY|FADE|H10_30,2026-02-09/2026-02-15,-1368.6452475155
TUESDAY|FADE|H10_30,2026-02-16/2026-02-22,5025.11928735
TUESDAY|FADE|H10_30,2026-02-23/2026-03-01,-1266.9010069305004
TUESDAY|FADE|H10_30,2026-03-09/2026-03-15,-1305.6211706197848
TUESDAY|FADE|H10_30,2026-03-16/2026-03-22,-2694.69856766225
TUESDAY|FADE|H10_30,2026-03-23/2026-03-29,2409.8171293526398
TUESDAY|FADE|H10_30,2026-04-06/2026-04-12,300.3434930557295
TUESDAY|FADE|H10_30,2026-04-20/2026-04-26,1348.22445461199
TUESDAY|FADE|H10_30,2026-04-27/2026-05-03,1290.0987805851792
TUESDAY|FADE|H10_30,2026-05-04/2026-05-10,-2117.6893123024406
TUESDAY|FADE|H10_30,2026-05-11/2026-05-17,-1285.9386825759302
TUESDAY|FADE|H10_30,2026-05-18/2026-05-24,-706.0841310152955
TUESDAY|FADE|H10_30,2026-06-22/2026-06-28,-22.84018253475631
TUESDAY|FADE|H10_30,2026-06-29/2026-07-05,-203.22610078242394
TUESDAY|FADE|H15_10,2021-07-05/2021-07-11,-973.4095021800002
TUESDAY|FADE|H15_10,2021-07-12/2021-07-18,-1190.992245315
TUESDAY|FADE|H15_10,2021-07-19/2021-07-25,-1265.8350308950003
TUESDAY|FADE|H15_10,2021-07-26/2021-08-01,2940.920702325
TUESDAY|FADE|H15_10,2021-08-02/2021-08-08,-2814.95248126
TUESDAY|FADE|H15_10,2021-08-09/2021-08-15,232.98730998999935
TUESDAY|FADE|H15_10,2021-08-16/2021-08-22,213.78180134499974
TUESDAY|FADE|H15_10,2021-08-23/2021-08-29,-1587.3111630650005
TUESDAY|FADE|H15_10,2021-08-30/2021-09-05,-1972.2127437950005
TUESDAY|FADE|H15_10,2021-09-06/2021-09-12,-707.7094121700004
TUESDAY|FADE|H15_10,2021-09-13/2021-09-19,452.71860641499956
TUESDAY|FADE|H15_10,2021-09-20/2021-09-26,-1567.8407372300005
TUESDAY|FADE|H15_10,2021-09-27/2021-10-03,948.40408262
TUESDAY|FADE|H15_10,2021-10-04/2021-10-10,3147.947922015
TUESDAY|FADE|H15_10,2021-10-11/2021-10-17,419.9345942
TUESDAY|FADE|H15_10,2021-10-18/2021-10-24,2314.6409664800003
TUESDAY|FADE|H15_10,2021-10-25/2021-10-31,-1065.256124120001
TUESDAY|FADE|H15_10,2021-11-01/2021-11-07,351.12980328000106
TUESDAY|FADE|H15_10,2021-11-08/2021-11-14,124.93890397499888
TUESDAY|FADE|H15_10,2021-11-15/2021-11-21,899.3538838249997
TUESDAY|FADE|H15_10,2021-11-22/2021-11-28,2229.30108254
TUESDAY|FADE|H15_10,2021-11-29/2021-12-05,2973.1363755049997
TUESDAY|FADE|H15_10,2021-12-06/2021-12-12,-2224.712114800001
TUESDAY|FADE|H15_10,2021-12-13/2021-12-19,-660.0714401800005
TUESDAY|FADE|H15_10,2021-12-20/2021-12-26,-539.9244778250006
TUESDAY|FADE|H15_10,2021-12-27/2022-01-02,-1380.0157082650003
TUESDAY|FADE|H15_10,2022-01-03/2022-01-09,-2117.6948266500003
TUESDAY|FADE|H15_10,2022-01-10/2022-01-16,-921.6045583700003
TUESDAY|FADE|H15_10,2022-01-17/2022-01-23,3638.348332555
TUESDAY|FADE|H15_10,2022-01-24/2022-01-30,3347.2639923000024
TUESDAY|FADE|H15_10,2022-01-31/2022-02-06,-987.7555297199982
TUESDAY|FADE|H15_10,2022-02-07/2022-02-13,-812.29463916
TUESDAY|FADE|H15_10,2022-02-14/2022-02-20,-3010.7256907999986
TUESDAY|FADE|H15_10,2022-02-21/2022-02-27,1616.3581714250006
TUESDAY|FADE|H15_10,2022-03-07/2022-03-13,1697.9732835250027
TUESDAY|FADE|H15_10,2022-03-14/2022-03-20,2124.431024385002
TUESDAY|FADE|H15_10,2022-03-21/2022-03-27,-2327.944869819999
TUESDAY|FADE|H15_10,2022-03-28/2022-04-03,-1055.0378859600003
TUESDAY|FADE|H15_10,2022-04-04/2022-04-10,1345.95596267
TUESDAY|FADE|H15_10,2022-04-11/2022-04-17,-1156.9520324500004
TUESDAY|FADE|H15_10,2022-04-18/2022-04-24,2822.2968524349994
TUESDAY|FADE|H15_10,2022-04-25/2022-05-01,-864.8837094500004
TUESDAY|FADE|H15_10,2022-05-09/2022-05-15,-747.0652297649997
TUESDAY|FADE|H15_10,2022-05-16/2022-05-22,-2517.662830224999
TUESDAY|FADE|H15_10,2022-05-23/2022-05-29,258.2952158
TUESDAY|FADE|H15_10,2022-05-30/2022-06-05,545.0983871099994
TUESDAY|FADE|H15_10,2022-06-06/2022-06-12,-416.8680740500005
TUESDAY|FADE|H15_10,2022-06-13/2022-06-19,224.14877140000127
TUESDAY|FADE|H15_10,2022-06-20/2022-06-26,-2280.429067
TUESDAY|FADE|H15_10,2022-06-27/2022-07-03,1241.1516303149995
TUESDAY|FADE|H15_10,2022-07-04/2022-07-10,1575.0084969450006
TUESDAY|FADE|H15_10,2022-07-11/2022-07-17,-872.3365839600006
TUESDAY|FADE|H15_10,2022-07-18/2022-07-24,1468.6452005150004
TUESDAY|FADE|H15_10,2022-07-25/2022-07-31,-1288.7991748200004
TUESDAY|FADE|H15_10,2022-08-01/2022-08-07,788.8913424549995
TUESDAY|FADE|H15_10,2022-08-15/2022-08-21,-662.92179164
TUESDAY|FADE|H15_10,2022-08-22/2022-08-28,771.2673713600007
TUESDAY|FADE|H15_10,2022-08-29/2022-09-04,-2594.547937559999
TUESDAY|FADE|H15_10,2022-09-05/2022-09-11,560.8068532899993
TUESDAY|FADE|H15_10,2022-09-12/2022-09-18,-620.5974362100006
TUESDAY|FADE|H15_10,2022-09-19/2022-09-25,-248.3820064099999
TUESDAY|FADE|H15_10,2022-09-26/2022-10-02,1970.9708738549996
TUESDAY|FADE|H15_10,2022-10-03/2022-10-09,-1273.5368849600004
TUESDAY|FADE|H15_10,2022-10-10/2022-10-16,2476.1774377200004
TUESDAY|FADE|H15_10,2022-10-17/2022-10-23,-369.95580345500025
TUESDAY|FADE|H15_10,2022-10-24/2022-10-30,1617.5121168800006
TUESDAY|FADE|H15_10,2022-10-31/2022-11-06,-585.7405631749998
TUESDAY|FADE|H15_10,2022-11-14/2022-11-20,-1093.7363939150002
TUESDAY|FADE|H15_10,2022-11-21/2022-11-27,-1440.8152232750003
TUESDAY|FADE|H15_10,2022-11-28/2022-12-04,-442.9355382400008
TUESDAY|FADE|H15_10,2022-12-05/2022-12-11,726.7446680199994
TUESDAY|FADE|H15_10,2022-12-12/2022-12-18,-1320.77515733
TUESDAY|FADE|H15_10,2022-12-19/2022-12-25,1725.3620028349994
TUESDAY|FADE|H15_10,2022-12-26/2023-01-01,-1590.0765267150005
TUESDAY|FADE|H15_10,2023-01-02/2023-01-08,1378.684202845001
TUESDAY|FADE|H15_10,2023-01-09/2023-01-15,2182.368891514999
TUESDAY|FADE|H15_10,2023-01-16/2023-01-22,-1807.841193855
TUESDAY|FADE|H15_10,2023-01-23/2023-01-29,1692.5534225199995
TUESDAY|FADE|H15_10,2023-01-30/2023-02-05,-980.9327501599988
TUESDAY|FADE|H15_10,2023-02-06/2023-02-12,820.1827877249998
TUESDAY|FADE|H15_10,2023-02-13/2023-02-19,-1484.32406968
TUESDAY|FADE|H15_10,2023-02-20/2023-02-26,1071.641745525
TUESDAY|FADE|H15_10,2023-02-27/2023-03-05,1923.59117676
TUESDAY|FADE|H15_10,2023-03-13/2023-03-19,2494.1858356750004
TUESDAY|FADE|H15_10,2023-03-20/2023-03-26,-919.9971294250004
TUESDAY|FADE|H15_10,2023-03-27/2023-04-02,1163.1683431099996
TUESDAY|FADE|H15_10,2023-04-10/2023-04-16,-766.6863756650001
TUESDAY|FADE|H15_10,2023-04-17/2023-04-23,1153.5456715849996
TUESDAY|FADE|H15_10,2023-04-24/2023-04-30,-1286.7455695550002
TUESDAY|FADE|H15_10,2023-05-01/2023-05-07,-222.25279921500032
TUESDAY|FADE|H15_10,2023-05-08/2023-05-14,80.30332680499959
TUESDAY|FADE|H15_10,2023-05-15/2023-05-21,1628.4879252499993
TUESDAY|FADE|H15_10,2023-05-22/2023-05-28,370.3067545749999
TUESDAY|FADE|H15_10,2023-05-29/2023-06-04,-506.7235050600002
TUESDAY|FADE|H15_10,2023-06-05/2023-06-11,-295.02205910000015
TUESDAY|FADE|H15_10,2023-06-12/2023-06-18,-819.8510921600002
TUESDAY|FADE|H15_10,2023-06-19/2023-06-25,3052.99665006
TUESDAY|FADE|H15_10,2023-06-26/2023-07-02,-1955.2865880749996
TUESDAY|FADE|H15_10,2023-07-03/2023-07-09,-567.4426799300004
TUESDAY|FADE|H15_10,2023-07-10/2023-07-16,-38.40219297500019
TUESDAY|FADE|H15_10,2023-07-17/2023-07-23,-50.81811417000068
TUESDAY|FADE|H15_10,2023-07-24/2023-07-30,146.12299029000002
TUESDAY|FADE|H15_10,2023-07-31/2023-08-06,777.4726756849998
TUESDAY|FADE|H15_10,2023-08-07/2023-08-13,337.0393846799998
TUESDAY|FADE|H15_10,2023-08-21/2023-08-27,543.0228667899999
TUESDAY|FADE|H15_10,2023-08-28/2023-09-03,-518.9694570900002
TUESDAY|FADE|H15_10,2023-09-04/2023-09-10,-1021.9624002850003
TUESDAY|FADE|H15_10,2023-09-11/2023-09-17,729.8121302199995
TUESDAY|FADE|H15_10,2023-09-25/2023-10-01,-465.43690979000047
TUESDAY|FADE|H15_10,2023-10-02/2023-10-08,-538.8429004649998
TUESDAY|FADE|H15_10,2023-10-09/2023-10-15,-1367.7757336550005
TUESDAY|FADE|H15_10,2023-10-16/2023-10-22,-62.93924398500017
TUESDAY|FADE|H15_10,2023-10-30/2023-11-05,522.1129930049991
TUESDAY|FADE|H15_10,2023-11-06/2023-11-12,108.35999375499938
TUESDAY|FADE|H15_10,2023-11-20/2023-11-26,-488.7834924050004
TUESDAY|FADE|H15_10,2023-11-27/2023-12-03,-1481.6509945549997
TUESDAY|FADE|H15_10,2023-12-04/2023-12-10,-2136.6347532300006
TUESDAY|FADE|H15_10,2023-12-11/2023-12-17,1267.416284815
TUESDAY|FADE|H15_10,2023-12-18/2023-12-24,-1090.969700515
TUESDAY|FADE|H15_10,2023-12-25/2023-12-31,-1220.7718680850005
TUESDAY|FADE|H15_10,2024-01-01/2024-01-07,1511.8804992650005
TUESDAY|FADE|H15_10,2024-01-08/2024-01-14,1869.4504495650003
TUESDAY|FADE|H15_10,2024-01-15/2024-01-21,128.1650518299998
TUESDAY|FADE|H15_10,2024-01-22/2024-01-28,6397.9870794599965
TUESDAY|FADE|H15_10,2024-01-29/2024-02-04,2428.8913653550017
TUESDAY|FADE|H15_10,2024-02-05/2024-02-11,-1960.5743067849987
TUESDAY|FADE|H15_10,2024-02-12/2024-02-18,-2202.039444335
TUESDAY|FADE|H15_10,2024-02-19/2024-02-25,-1875.3877959549998
TUESDAY|FADE|H15_10,2024-02-26/2024-03-03,922.0471395950022
TUESDAY|FADE|H15_10,2024-03-04/2024-03-10,-742.1240916800002
TUESDAY|FADE|H15_10,2024-03-11/2024-03-17,-493.7843853249999
TUESDAY|FADE|H15_10,2024-03-18/2024-03-24,-2109.5726876600006
TUESDAY|FADE|H15_10,2024-03-25/2024-03-31,-635.2634945599993
TUESDAY|FADE|H15_10,2024-04-01/2024-04-07,-273.2636498750002
TUESDAY|FADE|H15_10,2024-04-08/2024-04-14,561.2145184999997
TUESDAY|FADE|H15_10,2024-04-15/2024-04-21,-1164.2136876150005
TUESDAY|FADE|H15_10,2024-04-22/2024-04-28,144.35289289500022
TUESDAY|FADE|H15_10,2024-04-29/2024-05-05,67.48803519999964
TUESDAY|FADE|H15_10,2024-05-06/2024-05-12,1300.4612314249998
TUESDAY|FADE|H15_10,2024-05-13/2024-05-19,-1012.7620018549997
TUESDAY|FADE|H15_10,2024-05-27/2024-06-02,242.03632670749965
TUESDAY|FADE|H15_10,2024-06-03/2024-06-09,-1914.7588830824973
TUESDAY|FADE|H15_10,2024-06-10/2024-06-16,-381.5324910050002
TUESDAY|FADE|H15_10,2024-06-17/2024-06-23,-309.99187818750033
TUESDAY|FADE|H15_10,2024-06-24/2024-06-30,-1179.6091009450004
TUESDAY|FADE|H15_10,2024-07-01/2024-07-07,-216.68289593000017
TUESDAY|FADE|H15_10,2024-07-08/2024-07-14,-683.16439557
TUESDAY|FADE|H15_10,2024-07-15/2024-07-21,-419.52455312000023
TUESDAY|FADE|H15_10,2024-07-22/2024-07-28,-184.4599220349993
TUESDAY|FADE|H15_10,2024-07-29/2024-08-04,-391.4519517625
TUESDAY|FADE|H15_10,2024-08-05/2024-08-11,1754.9211969450014
TUESDAY|FADE|H15_10,2024-08-12/2024-08-18,1234.0808588300001
TUESDAY|FADE|H15_10,2024-08-19/2024-08-25,-614.6603702225002
TUESDAY|FADE|H15_10,2024-08-26/2024-09-01,-339.1938633549998
TUESDAY|FADE|H15_10,2024-09-02/2024-09-08,-228.98229616500018
TUESDAY|FADE|H15_10,2024-09-09/2024-09-15,-799.0637167550002
TUESDAY|FADE|H15_10,2024-09-16/2024-09-22,-498.25577953000015
TUESDAY|FADE|H15_10,2024-09-23/2024-09-29,-169.10634096250027
TUESDAY|FADE|H15_10,2024-09-30/2024-10-06,260.6363085024997
TUESDAY|FADE|H15_10,2024-10-07/2024-10-13,-810.3316634600003
TUESDAY|FADE|H15_10,2024-10-14/2024-10-20,1011.0493842675
TUESDAY|FADE|H15_10,2024-10-21/2024-10-27,2128.9229909850005
TUESDAY|FADE|H15_10,2024-10-28/2024-11-03,-1384.7098581925
TUESDAY|FADE|H15_10,2024-11-04/2024-11-10,628.7581383450009
TUESDAY|FADE|H15_10,2024-11-11/2024-11-17,2053.6595912700013
TUESDAY|FADE|H15_10,2024-11-18/2024-11-24,3562.6965231850004
TUESDAY|FADE|H15_10,2024-11-25/2024-12-01,1417.6761821125021
TUESDAY|FADE|H15_10,2024-12-02/2024-12-08,-2326.4825095025
TUESDAY|FADE|H15_10,2024-12-09/2024-12-15,-174.65698223750059
TUESDAY|FADE|H15_10,2024-12-16/2024-12-22,-4287.2180196274985
TUESDAY|FADE|H15_10,2024-12-23/2024-12-29,-901.3191313250006
TUESDAY|FADE|H15_10,2024-12-30/2025-01-05,2793.0550360900006
TUESDAY|FADE|H15_10,2025-01-06/2025-01-12,813.2464759150006
TUESDAY|FADE|H15_10,2025-01-13/2025-01-19,-1397.207442822501
TUESDAY|FADE|H15_10,2025-01-20/2025-01-26,6331.760415640002
TUESDAY|FADE|H15_10,2025-01-27/2025-02-02,-1409.0390841199992
TUESDAY|FADE|H15_10,2025-02-03/2025-02-09,-3680.119224327501
TUESDAY|FADE|H15_10,2025-02-10/2025-02-16,-4289.86818884
TUESDAY|FADE|H15_10,2025-02-17/2025-02-23,-1716.466633175
TUESDAY|FADE|H15_10,2025-02-24/2025-03-02,-581.6526017450007
TUESDAY|FADE|H15_10,2025-03-03/2025-03-09,1057.522124065001
TUESDAY|FADE|H15_10,2025-03-10/2025-03-16,3200.7577598575003
TUESDAY|FADE|H15_10,2025-03-17/2025-03-23,-3121.2463280450015
TUESDAY|FADE|H15_10,2025-03-24/2025-03-30,-424.05868118749976
TUESDAY|FADE|H15_10,2025-03-31/2025-04-06,-4385.61487724
TUESDAY|FADE|H15_10,2025-04-07/2025-04-13,-155.61679508749853
TUESDAY|FADE|H15_10,2025-04-14/2025-04-20,-842.1609054725
TUESDAY|FADE|H15_10,2025-04-21/2025-04-27,-1474.2276617975006
TUESDAY|FADE|H15_10,2025-04-28/2025-05-04,1889.6163669399996
TUESDAY|FADE|H15_10,2025-05-05/2025-05-11,1440.4560781974988
TUESDAY|FADE|H15_10,2025-05-12/2025-05-18,-3456.6405729050007
TUESDAY|FADE|H15_10,2025-05-19/2025-05-25,4399.146969055003
TUESDAY|FADE|H15_10,2025-05-26/2025-06-01,171.04714057000132
TUESDAY|FADE|H15_10,2025-06-02/2025-06-08,-465.0242515624982
TUESDAY|FADE|H15_10,2025-06-09/2025-06-15,-1367.6333116175
TUESDAY|FADE|H15_10,2025-06-16/2025-06-22,-1.4040641375007397
TUESDAY|FADE|H15_10,2025-06-23/2025-06-29,3642.0601651525017
TUESDAY|FADE|H15_10,2025-06-30/2025-07-06,-45.55263004250091
TUESDAY|FADE|H15_10,2025-07-07/2025-07-13,201.12221313999993
TUESDAY|FADE|H15_10,2025-07-14/2025-07-20,-1972.9713080899999
TUESDAY|FADE|H15_10,2025-07-21/2025-07-27,852.0488851150003
TUESDAY|FADE|H15_10,2025-07-28/2025-08-03,2754.433876337499
TUESDAY|FADE|H15_10,2025-08-04/2025-08-10,-998.1015820325005
TUESDAY|FADE|H15_10,2025-08-11/2025-08-17,-3129.063379775001
TUESDAY|FADE|H15_10,2025-08-18/2025-08-24,-2050.4805297275
TUESDAY|FADE|H15_10,2025-08-25/2025-08-31,-2526.3775471400004
TUESDAY|FADE|H15_10,2025-09-01/2025-09-07,2604.933873085
TUESDAY|FADE|H15_10,2025-09-08/2025-09-14,-2346.0834089900004
TUESDAY|FADE|H15_10,2025-09-15/2025-09-21,-2000.644213055
TUESDAY|FADE|H15_10,2025-09-22/2025-09-28,-1876.8740594975
TUESDAY|FADE|H15_10,2025-09-29/2025-10-05,11.638624404999376
TUESDAY|FADE|H15_10,2025-10-06/2025-10-12,-2458.717077125
TUESDAY|FADE|H15_10,2025-10-13/2025-10-19,8294.765634775
TUESDAY|FADE|H15_10,2025-10-27/2025-11-02,-4556.7145976075
TUESDAY|FADE|H15_10,2025-11-03/2025-11-09,-3832.280347865
TUESDAY|FADE|H15_10,2025-11-10/2025-11-16,-2953.79071985
TUESDAY|FADE|H15_10,2025-11-17/2025-11-23,-1543.9507096625002
TUESDAY|FADE|H15_10,2025-11-24/2025-11-30,632.3099523099993
TUESDAY|FADE|H15_10,2025-12-01/2025-12-07,-4488.4804695575
TUESDAY|FADE|H15_10,2025-12-08/2025-12-14,-1029.9305012900002
TUESDAY|FADE|H15_10,2025-12-15/2025-12-21,-4124.373568175
TUESDAY|FADE|H15_10,2025-12-22/2025-12-28,-3467.7272701625006
TUESDAY|FADE|H15_10,2025-12-29/2026-01-04,-3373.5939913550005
TUESDAY|FADE|H15_10,2026-01-05/2026-01-11,-2178.8540061215003
TUESDAY|FADE|H15_10,2026-01-12/2026-01-18,-2568.39814506
TUESDAY|FADE|H15_10,2026-01-19/2026-01-25,-3223.256550911
TUESDAY|FADE|H15_10,2026-01-26/2026-02-01,-4535.3711607625
TUESDAY|FADE|H15_10,2026-02-02/2026-02-08,-2861.5520940570013
TUESDAY|FADE|H15_10,2026-02-09/2026-02-15,-2309.2622298595
TUESDAY|FADE|H15_10,2026-02-16/2026-02-22,5472.7544096155
TUESDAY|FADE|H15_10,2026-02-23/2026-03-01,-3213.6230561245006
TUESDAY|FADE|H15_10,2026-03-09/2026-03-15,-4519.96613730244
TUESDAY|FADE|H15_10,2026-03-16/2026-03-22,-4018.10367708332
TUESDAY|FADE|H15_10,2026-03-23/2026-03-29,-4826.5461930951
TUESDAY|FADE|H15_10,2026-04-06/2026-04-12,8167.567647012626
TUESDAY|FADE|H15_10,2026-04-20/2026-04-26,4440.766949506375
TUESDAY|FADE|H15_10,2026-04-27/2026-05-03,-3584.3842741643753
TUESDAY|FADE|H15_10,2026-05-04/2026-05-10,-2233.70950095616
TUESDAY|FADE|H15_10,2026-05-11/2026-05-17,-3523.2382956308
TUESDAY|FADE|H15_10,2026-05-18/2026-05-24,4549.983703126895
TUESDAY|FADE|H15_10,2026-06-22/2026-06-28,-2294.2488995598023
TUESDAY|FADE|H15_10,2026-06-29/2026-07-05,-708.8361761042684
WEDNESDAY|CONTINUE|H10_30,2021-07-05/2021-07-11,-500.02554771500013
WEDNESDAY|CONTINUE|H10_30,2021-07-12/2021-07-18,-402.69068592500025
WEDNESDAY|CONTINUE|H10_30,2021-07-26/2021-08-01,-1078.0518309600002
WEDNESDAY|CONTINUE|H10_30,2021-08-02/2021-08-08,678.6220086000001
WEDNESDAY|CONTINUE|H10_30,2021-08-09/2021-08-15,-1640.7693476450002
WEDNESDAY|CONTINUE|H10_30,2021-08-16/2021-08-22,-171.44113348999997
WEDNESDAY|CONTINUE|H10_30,2021-08-23/2021-08-29,-475.9393206950001
WEDNESDAY|CONTINUE|H10_30,2021-08-30/2021-09-05,-677.3667564550001
WEDNESDAY|CONTINUE|H10_30,2021-09-06/2021-09-12,128.87481558999968
WEDNESDAY|CONTINUE|H10_30,2021-09-13/2021-09-19,825.783230075
WEDNESDAY|CONTINUE|H10_30,2021-09-20/2021-09-26,641.56147511
WEDNESDAY|CONTINUE|H10_30,2021-09-27/2021-10-03,-600.2213796000002
WEDNESDAY|CONTINUE|H10_30,2021-10-04/2021-10-10,-1210.0337557600008
WEDNESDAY|CONTINUE|H10_30,2021-10-11/2021-10-17,635.810312695
WEDNESDAY|CONTINUE|H10_30,2021-10-18/2021-10-24,567.9755550550008
WEDNESDAY|CONTINUE|H10_30,2021-10-25/2021-10-31,-419.17929578999986
WEDNESDAY|CONTINUE|H10_30,2021-11-01/2021-11-07,30.257203335000867
WEDNESDAY|CONTINUE|H10_30,2021-11-08/2021-11-14,-266.10026065500034
WEDNESDAY|CONTINUE|H10_30,2021-11-15/2021-11-21,-1138.751750275
WEDNESDAY|CONTINUE|H10_30,2021-11-22/2021-11-28,179.05108027499966
WEDNESDAY|CONTINUE|H10_30,2021-11-29/2021-12-05,-855.2052658850002
WEDNESDAY|CONTINUE|H10_30,2021-12-06/2021-12-12,164.71898928999954
WEDNESDAY|CONTINUE|H10_30,2021-12-13/2021-12-19,-694.3712576900006
WEDNESDAY|CONTINUE|H10_30,2021-12-20/2021-12-26,-741.734352275
WEDNESDAY|CONTINUE|H10_30,2021-12-27/2022-01-02,-454.88337451499984
WEDNESDAY|CONTINUE|H10_30,2022-01-03/2022-01-09,519.811066605
WEDNESDAY|CONTINUE|H10_30,2022-01-10/2022-01-16,302.15860842000006
WEDNESDAY|CONTINUE|H10_30,2022-01-17/2022-01-23,-1596.8827102200007
WEDNESDAY|CONTINUE|H10_30,2022-01-31/2022-02-06,-350.7336987550002
WEDNESDAY|CONTINUE|H10_30,2022-02-07/2022-02-13,-497.8530912000004
WEDNESDAY|CONTINUE|H10_30,2022-02-14/2022-02-20,-1066.4698308650004
WEDNESDAY|CONTINUE|H10_30,2022-02-21/2022-02-27,-869.89057979
WEDNESDAY|CONTINUE|H10_30,2022-02-28/2022-03-06,643.5991556500032
WEDNESDAY|CONTINUE|H10_30,2022-03-07/2022-03-13,75.80106432500108
WEDNESDAY|CONTINUE|H10_30,2022-03-14/2022-03-20,-942.2083508100002
WEDNESDAY|CONTINUE|H10_30,2022-03-21/2022-03-27,-832.2065936450002
WEDNESDAY|CONTINUE|H10_30,2022-03-28/2022-04-03,436.8899656899991
WEDNESDAY|CONTINUE|H10_30,2022-04-04/2022-04-10,331.2935348099998
WEDNESDAY|CONTINUE|H10_30,2022-04-11/2022-04-17,-1466.22670112
WEDNESDAY|CONTINUE|H10_30,2022-04-18/2022-04-24,425.2296200799999
WEDNESDAY|CONTINUE|H10_30,2022-04-25/2022-05-01,465.01568281499954
WEDNESDAY|CONTINUE|H10_30,2022-05-02/2022-05-08,-1478.343841685
WEDNESDAY|CONTINUE|H10_30,2022-05-09/2022-05-15,-2212.09567892
WEDNESDAY|CONTINUE|H10_30,2022-05-16/2022-05-22,-849.06369919
WEDNESDAY|CONTINUE|H10_30,2022-05-23/2022-05-29,-1121.6337103350002
WEDNESDAY|CONTINUE|H10_30,2022-05-30/2022-06-05,-248.88926731499976
WEDNESDAY|CONTINUE|H10_30,2022-06-06/2022-06-12,-925.0591069299999
WEDNESDAY|CONTINUE|H10_30,2022-06-13/2022-06-19,39.89713578999928
WEDNESDAY|CONTINUE|H10_30,2022-06-20/2022-06-26,-57.456316680001066
WEDNESDAY|CONTINUE|H10_30,2022-06-27/2022-07-03,-1061.1190329450003
WEDNESDAY|CONTINUE|H10_30,2022-07-04/2022-07-10,-516.8441421500002
WEDNESDAY|CONTINUE|H10_30,2022-07-11/2022-07-17,-773.2781014750002
WEDNESDAY|CONTINUE|H10_30,2022-07-18/2022-07-24,-22.56823970500031
WEDNESDAY|CONTINUE|H10_30,2022-07-25/2022-07-31,-1431.5444449200002
WEDNESDAY|CONTINUE|H10_30,2022-08-01/2022-08-07,1012.1369422750003
WEDNESDAY|CONTINUE|H10_30,2022-08-08/2022-08-14,-6.337239860000892
WEDNESDAY|CONTINUE|H10_30,2022-08-15/2022-08-21,558.3880702649998
WEDNESDAY|CONTINUE|H10_30,2022-08-22/2022-08-28,-300.27459107499976
WEDNESDAY|CONTINUE|H10_30,2022-09-05/2022-09-11,-720.0609308600007
WEDNESDAY|CONTINUE|H10_30,2022-09-12/2022-09-18,-332.653591125
WEDNESDAY|CONTINUE|H10_30,2022-09-19/2022-09-25,11.139335545000506
WEDNESDAY|CONTINUE|H10_30,2022-09-26/2022-10-02,-1016.3500030950008
WEDNESDAY|CONTINUE|H10_30,2022-10-10/2022-10-16,-35.16542002999989
WEDNESDAY|CONTINUE|H10_30,2022-10-17/2022-10-23,611.1066104399999
WEDNESDAY|CONTINUE|H10_30,2022-10-31/2022-11-06,-175.23695013000028
WEDNESDAY|CONTINUE|H10_30,2022-11-07/2022-11-13,-530.5215765400001
WEDNESDAY|CONTINUE|H10_30,2022-11-14/2022-11-20,778.6810698849998
WEDNESDAY|CONTINUE|H10_30,2022-11-21/2022-11-27,-802.3711988350007
WEDNESDAY|CONTINUE|H10_30,2022-11-28/2022-12-04,-854.2299200600002
WEDNESDAY|CONTINUE|H10_30,2022-12-05/2022-12-11,829.2337958400001
WEDNESDAY|CONTINUE|H10_30,2022-12-12/2022-12-18,-380.87716953500023
WEDNESDAY|CONTINUE|H10_30,2022-12-19/2022-12-25,-1636.5479335350005
WEDNESDAY|CONTINUE|H10_30,2022-12-26/2023-01-01,-562.83550921
WEDNESDAY|CONTINUE|H10_30,2023-01-02/2023-01-08,-1330.733790845
WEDNESDAY|CONTINUE|H10_30,2023-01-09/2023-01-15,2730.851918285
WEDNESDAY|CONTINUE|H10_30,2023-01-16/2023-01-22,862.9752280749996
WEDNESDAY|CONTINUE|H10_30,2023-01-23/2023-01-29,3179.3621948749997
WEDNESDAY|CONTINUE|H10_30,2023-01-30/2023-02-05,393.2018547800009
WEDNESDAY|CONTINUE|H10_30,2023-02-06/2023-02-12,502.7919574850001
WEDNESDAY|CONTINUE|H10_30,2023-02-13/2023-02-19,-1180.9645616250002
WEDNESDAY|CONTINUE|H10_30,2023-02-20/2023-02-26,1381.0677926799995
WEDNESDAY|CONTINUE|H10_30,2023-02-27/2023-03-05,1082.9382431249996
WEDNESDAY|CONTINUE|H10_30,2023-03-06/2023-03-12,-1442.6231669050005
WEDNESDAY|CONTINUE|H10_30,2023-03-13/2023-03-19,-473.44152728000023
WEDNESDAY|CONTINUE|H10_30,2023-03-20/2023-03-26,-442.8193464899999
WEDNESDAY|CONTINUE|H10_30,2023-03-27/2023-04-02,919.6582307599998
WEDNESDAY|CONTINUE|H10_30,2023-04-03/2023-04-09,884.796710055
WEDNESDAY|CONTINUE|H10_30,2023-04-10/2023-04-16,-804.4540198700005
WEDNESDAY|CONTINUE|H10_30,2023-04-17/2023-04-23,-444.80058366000037
WEDNESDAY|CONTINUE|H10_30,2023-04-24/2023-04-30,520.5029045599997
WEDNESDAY|CONTINUE|H10_30,2023-05-01/2023-05-07,-548.11367882
WEDNESDAY|CONTINUE|H10_30,2023-05-08/2023-05-14,-661.2353523050001
WEDNESDAY|CONTINUE|H10_30,2023-05-15/2023-05-21,-833.1653434150004
WEDNESDAY|CONTINUE|H10_30,2023-05-22/2023-05-28,-620.590135495
WEDNESDAY|CONTINUE|H10_30,2023-05-29/2023-06-04,-134.43504229000018
WEDNESDAY|CONTINUE|H10_30,2023-06-05/2023-06-11,-24.520925980000214
WEDNESDAY|CONTINUE|H10_30,2023-06-12/2023-06-18,-547.9503454950003
WEDNESDAY|CONTINUE|H10_30,2023-06-19/2023-06-25,-661.8070157150003
WEDNESDAY|CONTINUE|H10_30,2023-06-26/2023-07-02,840.0595490199998
WEDNESDAY|CONTINUE|H10_30,2023-07-03/2023-07-09,734.9949471449995
WEDNESDAY|CONTINUE|H10_30,2023-07-10/2023-07-16,-695.2091680400002
WEDNESDAY|CONTINUE|H10_30,2023-07-17/2023-07-23,-216.6696177950005
WEDNESDAY|CONTINUE|H10_30,2023-07-24/2023-07-30,1175.8930051499995
WEDNESDAY|CONTINUE|H10_30,2023-07-31/2023-08-06,581.9205596799993
WEDNESDAY|CONTINUE|H10_30,2023-08-07/2023-08-13,-1207.5233490850003
WEDNESDAY|CONTINUE|H10_30,2023-08-14/2023-08-20,-889.1246393300006
WEDNESDAY|CONTINUE|H10_30,2023-08-21/2023-08-27,-522.97243071
WEDNESDAY|CONTINUE|H10_30,2023-08-28/2023-09-03,-257.8360385200004
WEDNESDAY|CONTINUE|H10_30,2023-09-04/2023-09-10,-39.57407069000025
WEDNESDAY|CONTINUE|H10_30,2023-09-11/2023-09-17,-473.4282491450005
WEDNESDAY|CONTINUE|H10_30,2023-09-18/2023-09-24,1605.1127917399995
WEDNESDAY|CONTINUE|H10_30,2023-09-25/2023-10-01,907.7807744099998
WEDNESDAY|CONTINUE|H10_30,2023-10-02/2023-10-08,-942.5031486450005
WEDNESDAY|CONTINUE|H10_30,2023-10-09/2023-10-15,231.04856672499977
WEDNESDAY|CONTINUE|H10_30,2023-10-16/2023-10-22,601.1247385749998
WEDNESDAY|CONTINUE|H10_30,2023-10-23/2023-10-29,-276.5097181600004
WEDNESDAY|CONTINUE|H10_30,2023-10-30/2023-11-05,-842.4859163900005
WEDNESDAY|CONTINUE|H10_30,2023-11-06/2023-11-12,-543.7063579100002
WEDNESDAY|CONTINUE|H10_30,2023-11-13/2023-11-19,-338.2155288200003
WEDNESDAY|CONTINUE|H10_30,2023-11-20/2023-11-26,51.767949844999535
WEDNESDAY|CONTINUE|H10_30,2023-11-27/2023-12-03,423.6527302
WEDNESDAY|CONTINUE|H10_30,2023-12-04/2023-12-10,-828.6278877450002
WEDNESDAY|CONTINUE|H10_30,2023-12-11/2023-12-17,-2786.17542546
WEDNESDAY|CONTINUE|H10_30,2023-12-18/2023-12-24,-244.65988761500017
WEDNESDAY|CONTINUE|H10_30,2023-12-25/2023-12-31,1097.396486075
WEDNESDAY|CONTINUE|H10_30,2024-01-01/2024-01-07,-997.5873528499997
WEDNESDAY|CONTINUE|H10_30,2024-01-08/2024-01-14,-903.1214332000002
WEDNESDAY|CONTINUE|H10_30,2024-01-15/2024-01-21,-237.58347437500024
WEDNESDAY|CONTINUE|H10_30,2024-01-22/2024-01-28,-2044.0511399299996
WEDNESDAY|CONTINUE|H10_30,2024-01-29/2024-02-04,545.5385924650012
WEDNESDAY|CONTINUE|H10_30,2024-02-05/2024-02-11,-492.1802743000002
WEDNESDAY|CONTINUE|H10_30,2024-02-12/2024-02-18,-1112.7865348250002
WEDNESDAY|CONTINUE|H10_30,2024-02-19/2024-02-25,-569.7200382300006
WEDNESDAY|CONTINUE|H10_30,2024-02-26/2024-03-03,89.75071661999995
WEDNESDAY|CONTINUE|H10_30,2024-03-04/2024-03-10,463.3936459849991
WEDNESDAY|CONTINUE|H10_30,2024-03-11/2024-03-17,-920.1684283400004
WEDNESDAY|CONTINUE|H10_30,2024-03-18/2024-03-24,-1700.9805967350007
WEDNESDAY|CONTINUE|H10_30,2024-03-25/2024-03-31,871.3536537900006
WEDNESDAY|CONTINUE|H10_30,2024-04-01/2024-04-07,-1748.325765515
WEDNESDAY|CONTINUE|H10_30,2024-04-08/2024-04-14,-956.2084690550004
WEDNESDAY|CONTINUE|H10_30,2024-04-22/2024-04-28,1006.8312913049996
WEDNESDAY|CONTINUE|H10_30,2024-05-06/2024-05-12,-180.60800091750008
WEDNESDAY|CONTINUE|H10_30,2024-05-13/2024-05-19,-1014.2758157525002
WEDNESDAY|CONTINUE|H10_30,2024-05-20/2024-05-26,-340.8394709725001
WEDNESDAY|CONTINUE|H10_30,2024-05-27/2024-06-02,426.2072897399996
WEDNESDAY|CONTINUE|H10_30,2024-06-03/2024-06-09,-508.8703961625001
WEDNESDAY|CONTINUE|H10_30,2024-06-10/2024-06-16,461.18334323500045
WEDNESDAY|CONTINUE|H10_30,2024-06-17/2024-06-23,-959.0120113775005
WEDNESDAY|CONTINUE|H10_30,2024-06-24/2024-06-30,236.23403992249968
WEDNESDAY|CONTINUE|H10_30,2024-07-01/2024-07-07,468.27734984250026
WEDNESDAY|CONTINUE|H10_30,2024-07-08/2024-07-14,-1162.2437404100003
WEDNESDAY|CONTINUE|H10_30,2024-07-22/2024-07-28,-12.23779259000014
WEDNESDAY|CONTINUE|H10_30,2024-07-29/2024-08-04,185.33107975749988
WEDNESDAY|CONTINUE|H10_30,2024-08-05/2024-08-11,270.3506069050001
WEDNESDAY|CONTINUE|H10_30,2024-08-12/2024-08-18,-263.99586345750004
WEDNESDAY|CONTINUE|H10_30,2024-08-19/2024-08-25,-745.9132757074999
WEDNESDAY|CONTINUE|H10_30,2024-08-26/2024-09-01,-260.3720073800002
WEDNESDAY|CONTINUE|H10_30,2024-09-02/2024-09-08,-251.69214799000002
WEDNESDAY|CONTINUE|H10_30,2024-09-09/2024-09-15,-544.8081881375001
WEDNESDAY|CONTINUE|H10_30,2024-09-16/2024-09-22,-274.0205584375002
WEDNESDAY|CONTINUE|H10_30,2024-09-23/2024-09-29,-119.32346926750007
WEDNESDAY|CONTINUE|H10_30,2024-10-07/2024-10-13,641.7590010850004
WEDNESDAY|CONTINUE|H10_30,2024-10-14/2024-10-20,-396.786815275
WEDNESDAY|CONTINUE|H10_30,2024-10-21/2024-10-27,-331.30178403000025
WEDNESDAY|CONTINUE|H10_30,2024-10-28/2024-11-03,-455.1144314925004
WEDNESDAY|CONTINUE|H10_30,2024-11-04/2024-11-10,-511.23573098249994
WEDNESDAY|CONTINUE|H10_30,2024-11-11/2024-11-17,272.8005938700001
WEDNESDAY|CONTINUE|H10_30,2024-11-25/2024-12-01,-350.6656394375002
WEDNESDAY|CONTINUE|H10_30,2024-12-02/2024-12-08,177.49079613250075
WEDNESDAY|CONTINUE|H10_30,2024-12-09/2024-12-15,781.438471172499
WEDNESDAY|CONTINUE|H10_30,2024-12-16/2024-12-22,128.36955253749892
WEDNESDAY|CONTINUE|H10_30,2024-12-30/2025-01-05,813.6219398725013
WEDNESDAY|CONTINUE|H10_30,2025-01-06/2025-01-12,-1344.7339026350012
WEDNESDAY|CONTINUE|H10_30,2025-01-13/2025-01-19,295.4008962399996
WEDNESDAY|CONTINUE|H10_30,2025-01-20/2025-01-26,206.1785488899987
WEDNESDAY|CONTINUE|H10_30,2025-01-27/2025-02-02,715.0916360350009
WEDNESDAY|CONTINUE|H10_30,2025-02-03/2025-02-09,128.29784286250018
WEDNESDAY|CONTINUE|H10_30,2025-02-10/2025-02-16,-2467.924440605
WEDNESDAY|CONTINUE|H10_30,2025-02-17/2025-02-23,-3367.3086761
WEDNESDAY|CONTINUE|H10_30,2025-03-03/2025-03-09,-1277.28755465
WEDNESDAY|CONTINUE|H10_30,2025-03-10/2025-03-16,-1989.7208523500005
WEDNESDAY|CONTINUE|H10_30,2025-03-17/2025-03-23,1570.3760964775
WEDNESDAY|CONTINUE|H10_30,2025-03-24/2025-03-30,-478.11874226000043
WEDNESDAY|CONTINUE|H10_30,2025-03-31/2025-04-06,-742.1297334349995
WEDNESDAY|CONTINUE|H10_30,2025-04-07/2025-04-13,-3500.38878077
WEDNESDAY|CONTINUE|H10_30,2025-04-14/2025-04-20,-510.6029829875001
WEDNESDAY|CONTINUE|H10_30,2025-04-21/2025-04-27,-1126.6631541500005
WEDNESDAY|CONTINUE|H10_30,2025-04-28/2025-05-04,26.436147264999406
WEDNESDAY|CONTINUE|H10_30,2025-05-05/2025-05-11,2246.3962165674993
WEDNESDAY|CONTINUE|H10_30,2025-05-12/2025-05-18,270.3472922124993
WEDNESDAY|CONTINUE|H10_30,2025-05-19/2025-05-25,3403.832801087504
WEDNESDAY|CONTINUE|H10_30,2025-05-26/2025-06-01,-473.8312570024998
WEDNESDAY|CONTINUE|H10_30,2025-06-02/2025-06-08,-187.13299393250023
WEDNESDAY|CONTINUE|H10_30,2025-06-09/2025-06-15,-528.3006519275009
WEDNESDAY|CONTINUE|H10_30,2025-06-16/2025-06-22,288.18439125249904
WEDNESDAY|CONTINUE|H10_30,2025-06-23/2025-06-29,1016.9081111949995
WEDNESDAY|CONTINUE|H10_30,2025-06-30/2025-07-06,-1461.0425512175004
WEDNESDAY|CONTINUE|H10_30,2025-07-07/2025-07-13,-1652.9781150875012
WEDNESDAY|CONTINUE|H10_30,2025-07-14/2025-07-20,-165.90874077500047
WEDNESDAY|CONTINUE|H10_30,2025-07-21/2025-07-27,-736.1133246200002
WEDNESDAY|CONTINUE|H10_30,2025-07-28/2025-08-03,-1364.6644478
WEDNESDAY|CONTINUE|H10_30,2025-08-04/2025-08-10,463.3335587124993
WEDNESDAY|CONTINUE|H10_30,2025-08-11/2025-08-17,1188.4101842274995
WEDNESDAY|CONTINUE|H10_30,2025-08-18/2025-08-24,1474.3097161599999
WEDNESDAY|CONTINUE|H10_30,2025-09-01/2025-09-07,-208.66598793500071
WEDNESDAY|CONTINUE|H10_30,2025-09-08/2025-09-14,969.8325105025009
WEDNESDAY|CONTINUE|H10_30,2025-09-15/2025-09-21,485.8186666450017
WEDNESDAY|CONTINUE|H10_30,2025-09-22/2025-09-28,-1050.7085781274998
WEDNESDAY|CONTINUE|H10_30,2025-09-29/2025-10-05,-1.0823775949982917
WEDNESDAY|CONTINUE|H10_30,2025-10-06/2025-10-12,896.1566193024996
WEDNESDAY|CONTINUE|H10_30,2025-10-27/2025-11-02,448.52309983750274
WEDNESDAY|CONTINUE|H10_30,2025-11-10/2025-11-16,186.29481931750104
WEDNESDAY|CONTINUE|H10_30,2025-11-17/2025-11-23,756.6806622925008
WEDNESDAY|CONTINUE|H10_30,2025-11-24/2025-11-30,-1332.6403264025005
WEDNESDAY|CONTINUE|H10_30,2025-12-01/2025-12-07,-1144.5520359799973
WEDNESDAY|CONTINUE|H10_30,2025-12-08/2025-12-14,595.2175564600012
WEDNESDAY|CONTINUE|H10_30,2025-12-15/2025-12-21,-1969.6140249350005
WEDNESDAY|CONTINUE|H10_30,2025-12-22/2025-12-28,126.16655695749841
WEDNESDAY|CONTINUE|H10_30,2025-12-29/2026-01-04,-103.99723456899889
WEDNESDAY|CONTINUE|H10_30,2026-01-05/2026-01-11,-370.4301304540009
WEDNESDAY|CONTINUE|H10_30,2026-01-12/2026-01-18,851.3000170215012
WEDNESDAY|CONTINUE|H10_30,2026-01-19/2026-01-25,2056.717698743
WEDNESDAY|CONTINUE|H10_30,2026-01-26/2026-02-01,-1447.1770746814955
WEDNESDAY|CONTINUE|H10_30,2026-02-02/2026-02-08,-83.71864282650056
WEDNESDAY|CONTINUE|H10_30,2026-02-09/2026-02-15,-355.6402413919997
WEDNESDAY|CONTINUE|H10_30,2026-02-16/2026-02-22,-1031.9700918935002
WEDNESDAY|CONTINUE|H10_30,2026-02-23/2026-03-01,762.3034793005022
WEDNESDAY|CONTINUE|H10_30,2026-03-02/2026-03-08,-660.0008811326195
WEDNESDAY|CONTINUE|H10_30,2026-03-09/2026-03-15,441.43820527880905
WEDNESDAY|CONTINUE|H10_30,2026-03-16/2026-03-22,-299.10218267193295
WEDNESDAY|CONTINUE|H10_30,2026-03-23/2026-03-29,561.7743405307409
WEDNESDAY|CONTINUE|H10_30,2026-03-30/2026-04-05,-939.4073350260037
WEDNESDAY|CONTINUE|H10_30,2026-04-06/2026-04-12,54.617052725452965
WEDNESDAY|CONTINUE|H10_30,2026-04-13/2026-04-19,710.42630344695
WEDNESDAY|CONTINUE|H10_30,2026-04-20/2026-04-26,499.4352372897132
WEDNESDAY|CONTINUE|H10_30,2026-04-27/2026-05-03,1761.9355759886619
WEDNESDAY|CONTINUE|H10_30,2026-05-04/2026-05-10,-686.5541931398603
WEDNESDAY|CONTINUE|H10_30,2026-05-11/2026-05-17,471.8595257489966
WEDNESDAY|CONTINUE|H10_30,2026-05-18/2026-05-24,-770.6844080624438
WEDNESDAY|CONTINUE|H10_30,2026-06-22/2026-06-28,-855.4457454037096
WEDNESDAY|CONTINUE|H10_30,2026-06-29/2026-07-05,857.2978533996063
WEDNESDAY|CONTINUE|H15_10,2021-07-05/2021-07-11,763.2501341549997
WEDNESDAY|CONTINUE|H15_10,2021-07-12/2021-07-18,-1742.82690703
WEDNESDAY|CONTINUE|H15_10,2021-07-26/2021-08-01,307.6574669049995
WEDNESDAY|CONTINUE|H15_10,2021-08-02/2021-08-08,-167.08891974500017
WEDNESDAY|CONTINUE|H15_10,2021-08-09/2021-08-15,-1261.1163160950002
WEDNESDAY|CONTINUE|H15_10,2021-08-16/2021-08-22,-1164.97325245
WEDNESDAY|CONTINUE|H15_10,2021-08-23/2021-08-29,-1649.1517561549997
WEDNESDAY|CONTINUE|H15_10,2021-08-30/2021-09-05,-2157.05396862
WEDNESDAY|CONTINUE|H15_10,2021-09-06/2021-09-12,-549.6706482700002
WEDNESDAY|CONTINUE|H15_10,2021-09-13/2021-09-19,3336.784148415
WEDNESDAY|CONTINUE|H15_10,2021-09-20/2021-09-26,110.51651263499963
WEDNESDAY|CONTINUE|H15_10,2021-09-27/2021-10-03,-1914.347238305
WEDNESDAY|CONTINUE|H15_10,2021-10-04/2021-10-10,-2862.4556708200003
WEDNESDAY|CONTINUE|H15_10,2021-10-11/2021-10-17,1379.6914174849999
WEDNESDAY|CONTINUE|H15_10,2021-10-18/2021-10-24,-2577.2532861600002
WEDNESDAY|CONTINUE|H15_10,2021-10-25/2021-10-31,-2065.7902936
WEDNESDAY|CONTINUE|H15_10,2021-11-01/2021-11-07,-1668.4130303850004
WEDNESDAY|CONTINUE|H15_10,2021-11-08/2021-11-14,-1507.9495124950004
WEDNESDAY|CONTINUE|H15_10,2021-11-15/2021-11-21,194.27618877500024
WEDNESDAY|CONTINUE|H15_10,2021-11-22/2021-11-28,-2710.877833095
WEDNESDAY|CONTINUE|H15_10,2021-11-29/2021-12-05,-1241.62265191
WEDNESDAY|CONTINUE|H15_10,2021-12-06/2021-12-12,2176.20408647
WEDNESDAY|CONTINUE|H15_10,2021-12-13/2021-12-19,-898.4213090799999
WEDNESDAY|CONTINUE|H15_10,2021-12-20/2021-12-26,1491.9592494400008
WEDNESDAY|CONTINUE|H15_10,2021-12-27/2022-01-02,-257.1468536099999
WEDNESDAY|CONTINUE|H15_10,2022-01-03/2022-01-09,3162.3391029600007
WEDNESDAY|CONTINUE|H15_10,2022-01-10/2022-01-16,1028.4854571649998
WEDNESDAY|CONTINUE|H15_10,2022-01-17/2022-01-23,-2969.24057547
WEDNESDAY|CONTINUE|H15_10,2022-01-31/2022-02-06,168.66087832499983
WEDNESDAY|CONTINUE|H15_10,2022-02-07/2022-02-13,964.9073003699996
WEDNESDAY|CONTINUE|H15_10,2022-02-14/2022-02-20,-1500.0551093350005
WEDNESDAY|CONTINUE|H15_10,2022-02-21/2022-02-27,-2393.844873445
WEDNESDAY|CONTINUE|H15_10,2022-02-28/2022-03-06,347.0816827100016
WEDNESDAY|CONTINUE|H15_10,2022-03-07/2022-03-13,2578.1334132400016
WEDNESDAY|CONTINUE|H15_10,2022-03-14/2022-03-20,595.7022374349997
WEDNESDAY|CONTINUE|H15_10,2022-03-21/2022-03-27,-2051.7782269700006
WEDNESDAY|CONTINUE|H15_10,2022-03-28/2022-04-03,1138.0755663249997
WEDNESDAY|CONTINUE|H15_10,2022-04-04/2022-04-10,214.4152142149997
WEDNESDAY|CONTINUE|H15_10,2022-04-11/2022-04-17,-1970.3775790200002
WEDNESDAY|CONTINUE|H15_10,2022-04-18/2022-04-24,545.5014046500003
WEDNESDAY|CONTINUE|H15_10,2022-04-25/2022-05-01,298.3707573699995
WEDNESDAY|CONTINUE|H15_10,2022-05-02/2022-05-08,-3820.95231066
WEDNESDAY|CONTINUE|H15_10,2022-05-09/2022-05-15,-2473.4528505250005
WEDNESDAY|CONTINUE|H15_10,2022-05-16/2022-05-22,-2607.885427165
WEDNESDAY|CONTINUE|H15_10,2022-05-23/2022-05-29,-3035.25012855
WEDNESDAY|CONTINUE|H15_10,2022-05-30/2022-06-05,-2111.87926173
WEDNESDAY|CONTINUE|H15_10,2022-06-06/2022-06-12,-2197.0797155700006
WEDNESDAY|CONTINUE|H15_10,2022-06-13/2022-06-19,-351.4852915450001
WEDNESDAY|CONTINUE|H15_10,2022-06-20/2022-06-26,1000.4679662
WEDNESDAY|CONTINUE|H15_10,2022-06-27/2022-07-03,-1584.8976925850004
WEDNESDAY|CONTINUE|H15_10,2022-07-04/2022-07-10,1554.4910156099995
WEDNESDAY|CONTINUE|H15_10,2022-07-11/2022-07-17,-2165.7424584749997
WEDNESDAY|CONTINUE|H15_10,2022-07-18/2022-07-24,-601.5572555150003
WEDNESDAY|CONTINUE|H15_10,2022-07-25/2022-07-31,-2454.51358882
WEDNESDAY|CONTINUE|H15_10,2022-08-01/2022-08-07,-1450.8694632350002
WEDNESDAY|CONTINUE|H15_10,2022-08-08/2022-08-14,136.39807002499953
WEDNESDAY|CONTINUE|H15_10,2022-08-15/2022-08-21,2140.221147545001
WEDNESDAY|CONTINUE|H15_10,2022-08-22/2022-08-28,-1534.8343017299994
WEDNESDAY|CONTINUE|H15_10,2022-09-05/2022-09-11,-1550.2725381750004
WEDNESDAY|CONTINUE|H15_10,2022-09-12/2022-09-18,-1801.9645443500003
WEDNESDAY|CONTINUE|H15_10,2022-09-19/2022-09-25,1113.7961317900013
WEDNESDAY|CONTINUE|H15_10,2022-09-26/2022-10-02,-641.4761060550004
WEDNESDAY|CONTINUE|H15_10,2022-10-10/2022-10-16,1726.5431758900002
WEDNESDAY|CONTINUE|H15_10,2022-10-17/2022-10-23,-1712.1204033050005
WEDNESDAY|CONTINUE|H15_10,2022-10-31/2022-11-06,-546.8893469849999
WEDNESDAY|CONTINUE|H15_10,2022-11-07/2022-11-13,-1643.6469202499998
WEDNESDAY|CONTINUE|H15_10,2022-11-14/2022-11-20,1061.1439822899997
WEDNESDAY|CONTINUE|H15_10,2022-11-21/2022-11-27,-1496.2533152750007
WEDNESDAY|CONTINUE|H15_10,2022-11-28/2022-12-04,2031.30096774
WEDNESDAY|CONTINUE|H15_10,2022-12-05/2022-12-11,-914.5301397550002
WEDNESDAY|CONTINUE|H15_10,2022-12-12/2022-12-18,-844.9730847150005
WEDNESDAY|CONTINUE|H15_10,2022-12-19/2022-12-25,-2689.9347607450004
WEDNESDAY|CONTINUE|H15_10,2022-12-26/2023-01-01,-1565.48436854
WEDNESDAY|CONTINUE|H15_10,2023-01-02/2023-01-08,-2214.370384175
WEDNESDAY|CONTINUE|H15_10,2023-01-09/2023-01-15,659.8135465299995
WEDNESDAY|CONTINUE|H15_10,2023-01-16/2023-01-22,2211.009835135
WEDNESDAY|CONTINUE|H15_10,2023-01-23/2023-01-29,6308.1933850000005
WEDNESDAY|CONTINUE|H15_10,2023-01-30/2023-02-05,-2903.954064285
WEDNESDAY|CONTINUE|H15_10,2023-02-06/2023-02-12,822.813368945
WEDNESDAY|CONTINUE|H15_10,2023-02-13/2023-02-19,-2069.5569009250003
WEDNESDAY|CONTINUE|H15_10,2023-02-20/2023-02-26,4740.839135975
WEDNESDAY|CONTINUE|H15_10,2023-02-27/2023-03-05,1889.3657219699996
WEDNESDAY|CONTINUE|H15_10,2023-03-06/2023-03-12,-2533.0618971400004
WEDNESDAY|CONTINUE|H15_10,2023-03-13/2023-03-19,-3088.81520954
WEDNESDAY|CONTINUE|H15_10,2023-03-20/2023-03-26,-430.0999969950004
WEDNESDAY|CONTINUE|H15_10,2023-03-27/2023-04-02,1144.5258674099998
WEDNESDAY|CONTINUE|H15_10,2023-04-03/2023-04-09,2028.1352395949996
WEDNESDAY|CONTINUE|H15_10,2023-04-10/2023-04-16,565.9372160949995
WEDNESDAY|CONTINUE|H15_10,2023-04-17/2023-04-23,-207.45992402500028
WEDNESDAY|CONTINUE|H15_10,2023-04-24/2023-04-30,2285.433000665
WEDNESDAY|CONTINUE|H15_10,2023-05-01/2023-05-07,-577.9550510500001
WEDNESDAY|CONTINUE|H15_10,2023-05-08/2023-05-14,429.8215180399999
WEDNESDAY|CONTINUE|H15_10,2023-05-15/2023-05-21,-2410.595747455
WEDNESDAY|CONTINUE|H15_10,2023-05-22/2023-05-28,268.2903593449996
WEDNESDAY|CONTINUE|H15_10,2023-05-29/2023-06-04,-119.35401156000036
WEDNESDAY|CONTINUE|H15_10,2023-06-05/2023-06-11,1842.62475029
WEDNESDAY|CONTINUE|H15_10,2023-06-12/2023-06-18,642.8628227099995
WEDNESDAY|CONTINUE|H15_10,2023-06-19/2023-06-25,-486.92907207500036
WEDNESDAY|CONTINUE|H15_10,2023-06-26/2023-07-02,3406.5729220799994
WEDNESDAY|CONTINUE|H15_10,2023-07-03/2023-07-09,-68.08089675500037
WEDNESDAY|CONTINUE|H15_10,2023-07-10/2023-07-16,-1755.9273654650003
WEDNESDAY|CONTINUE|H15_10,2023-07-17/2023-07-23,-441.14685016500033
WEDNESDAY|CONTINUE|H15_10,2023-07-24/2023-07-30,-226.28299398000027
WEDNESDAY|CONTINUE|H15_10,2023-07-31/2023-08-06,2827.022867950001
WEDNESDAY|CONTINUE|H15_10,2023-08-07/2023-08-13,3331.95455441
WEDNESDAY|CONTINUE|H15_10,2023-08-14/2023-08-20,-2012.3055527500005
WEDNESDAY|CONTINUE|H15_10,2023-08-21/2023-08-27,854.9779112999998
WEDNESDAY|CONTINUE|H15_10,2023-08-28/2023-09-03,-1506.02139432
WEDNESDAY|CONTINUE|H15_10,2023-09-04/2023-09-10,909.1936660899996
WEDNESDAY|CONTINUE|H15_10,2023-09-11/2023-09-17,1545.9319956399995
WEDNESDAY|CONTINUE|H15_10,2023-09-18/2023-09-24,2935.1795001250002
WEDNESDAY|CONTINUE|H15_10,2023-09-25/2023-10-01,-2102.0109285700005
WEDNESDAY|CONTINUE|H15_10,2023-10-02/2023-10-08,-1718.5640685499998
WEDNESDAY|CONTINUE|H15_10,2023-10-09/2023-10-15,-158.00936073500026
WEDNESDAY|CONTINUE|H15_10,2023-10-16/2023-10-22,-2246.87088852
WEDNESDAY|CONTINUE|H15_10,2023-10-23/2023-10-29,-2585.101877495
WEDNESDAY|CONTINUE|H15_10,2023-10-30/2023-11-05,-2272.276388945
WEDNESDAY|CONTINUE|H15_10,2023-11-06/2023-11-12,-603.4355790700002
WEDNESDAY|CONTINUE|H15_10,2023-11-13/2023-11-19,630.3891348499997
WEDNESDAY|CONTINUE|H15_10,2023-11-20/2023-11-26,386.6240655249994
WEDNESDAY|CONTINUE|H15_10,2023-11-27/2023-12-03,3420.9760578650007
WEDNESDAY|CONTINUE|H15_10,2023-12-04/2023-12-10,-54.37557634500017
WEDNESDAY|CONTINUE|H15_10,2023-12-11/2023-12-17,-1328.2081114100004
WEDNESDAY|CONTINUE|H15_10,2023-12-18/2023-12-24,-3097.2719807700005
WEDNESDAY|CONTINUE|H15_10,2023-12-25/2023-12-31,3297.543857695001
WEDNESDAY|CONTINUE|H15_10,2024-01-01/2024-01-07,-2709.3155511
WEDNESDAY|CONTINUE|H15_10,2024-01-08/2024-01-14,-2562.093909915
WEDNESDAY|CONTINUE|H15_10,2024-01-15/2024-01-21,4374.423339914998
WEDNESDAY|CONTINUE|H15_10,2024-01-22/2024-01-28,-2836.94127936
WEDNESDAY|CONTINUE|H15_10,2024-01-29/2024-02-04,1852.189668060001
WEDNESDAY|CONTINUE|H15_10,2024-02-05/2024-02-11,-2033.35419176
WEDNESDAY|CONTINUE|H15_10,2024-02-12/2024-02-18,-3407.962194165
WEDNESDAY|CONTINUE|H15_10,2024-02-19/2024-02-25,-2817.6116133750006
WEDNESDAY|CONTINUE|H15_10,2024-02-26/2024-03-03,-3024.31150154
WEDNESDAY|CONTINUE|H15_10,2024-03-04/2024-03-10,-2988.365743975
WEDNESDAY|CONTINUE|H15_10,2024-03-11/2024-03-17,-3742.056091965
WEDNESDAY|CONTINUE|H15_10,2024-03-18/2024-03-24,-759.5860592000008
WEDNESDAY|CONTINUE|H15_10,2024-03-25/2024-03-31,-634.62344585
WEDNESDAY|CONTINUE|H15_10,2024-04-01/2024-04-07,-2154.84964329
WEDNESDAY|CONTINUE|H15_10,2024-04-08/2024-04-14,37.579271754999496
WEDNESDAY|CONTINUE|H15_10,2024-04-22/2024-04-28,-714.4970049950007
WEDNESDAY|CONTINUE|H15_10,2024-05-06/2024-05-12,-927.6621377950003
WEDNESDAY|CONTINUE|H15_10,2024-05-13/2024-05-19,-806.9647589825003
WEDNESDAY|CONTINUE|H15_10,2024-05-20/2024-05-26,248.31665862749975
WEDNESDAY|CONTINUE|H15_10,2024-05-27/2024-06-02,439.22176627999954
WEDNESDAY|CONTINUE|H15_10,2024-06-03/2024-06-09,2412.5704008199973
WEDNESDAY|CONTINUE|H15_10,2024-06-10/2024-06-16,-460.2235505725002
WEDNESDAY|CONTINUE|H15_10,2024-06-17/2024-06-23,-797.9413044500002
WEDNESDAY|CONTINUE|H15_10,2024-06-24/2024-06-30,1571.359075455
WEDNESDAY|CONTINUE|H15_10,2024-07-01/2024-07-07,131.78458944750003
WEDNESDAY|CONTINUE|H15_10,2024-07-08/2024-07-14,-1088.5283472425003
WEDNESDAY|CONTINUE|H15_10,2024-07-22/2024-07-28,134.4025574074994
WEDNESDAY|CONTINUE|H15_10,2024-07-29/2024-08-04,60.76119452249979
WEDNESDAY|CONTINUE|H15_10,2024-08-05/2024-08-11,20.006757467499668
WEDNESDAY|CONTINUE|H15_10,2024-08-12/2024-08-18,-442.12120190500025
WEDNESDAY|CONTINUE|H15_10,2024-08-19/2024-08-25,-1002.8212973725
WEDNESDAY|CONTINUE|H15_10,2024-08-26/2024-09-01,-544.6597951350002
WEDNESDAY|CONTINUE|H15_10,2024-09-02/2024-09-08,-886.6029459174999
WEDNESDAY|CONTINUE|H15_10,2024-09-09/2024-09-15,861.0427914399996
WEDNESDAY|CONTINUE|H15_10,2024-09-16/2024-09-22,-44.701448012500364
WEDNESDAY|CONTINUE|H15_10,2024-09-23/2024-09-29,-927.2690772425002
WEDNESDAY|CONTINUE|H15_10,2024-10-07/2024-10-13,-954.9253796975001
WEDNESDAY|CONTINUE|H15_10,2024-10-14/2024-10-20,28.89509713249994
WEDNESDAY|CONTINUE|H15_10,2024-10-21/2024-10-27,248.186856305
WEDNESDAY|CONTINUE|H15_10,2024-10-28/2024-11-03,-251.4690598300005
WEDNESDAY|CONTINUE|H15_10,2024-11-04/2024-11-10,557.4764620700001
WEDNESDAY|CONTINUE|H15_10,2024-11-11/2024-11-17,1970.8291166924996
WEDNESDAY|CONTINUE|H15_10,2024-11-25/2024-12-01,3110.33332171
WEDNESDAY|CONTINUE|H15_10,2024-12-02/2024-12-08,-1579.7972007424999
WEDNESDAY|CONTINUE|H15_10,2024-12-09/2024-12-15,-212.4057065525009
WEDNESDAY|CONTINUE|H15_10,2024-12-16/2024-12-22,2678.0958675399997
WEDNESDAY|CONTINUE|H15_10,2024-12-30/2025-01-05,2731.227721135
WEDNESDAY|CONTINUE|H15_10,2025-01-06/2025-01-12,959.8513002849986
WEDNESDAY|CONTINUE|H15_10,2025-01-13/2025-01-19,-1362.2722242725004
WEDNESDAY|CONTINUE|H15_10,2025-01-20/2025-01-26,-245.15187253250093
WEDNESDAY|CONTINUE|H15_10,2025-01-27/2025-02-02,1540.3896588475018
WEDNESDAY|CONTINUE|H15_10,2025-02-03/2025-02-09,-1466.1198014825
WEDNESDAY|CONTINUE|H15_10,2025-02-10/2025-02-16,618.3818826325007
WEDNESDAY|CONTINUE|H15_10,2025-02-17/2025-02-23,-2573.40534461
WEDNESDAY|CONTINUE|H15_10,2025-03-03/2025-03-09,-2695.3210778375
WEDNESDAY|CONTINUE|H15_10,2025-03-10/2025-03-16,-69.28464005750024
WEDNESDAY|CONTINUE|H15_10,2025-03-17/2025-03-23,2131.452985652502
WEDNESDAY|CONTINUE|H15_10,2025-03-24/2025-03-30,-3580.2892286225
WEDNESDAY|CONTINUE|H15_10,2025-03-31/2025-04-06,234.71292853750018
WEDNESDAY|CONTINUE|H15_10,2025-04-07/2025-04-13,-4563.21303758
WEDNESDAY|CONTINUE|H15_10,2025-04-14/2025-04-20,2122.9577033124997
WEDNESDAY|CONTINUE|H15_10,2025-04-21/2025-04-27,-441.55119422749993
WEDNESDAY|CONTINUE|H15_10,2025-04-28/2025-05-04,-2710.2809399375005
WEDNESDAY|CONTINUE|H15_10,2025-05-05/2025-05-11,1408.7626094724988
WEDNESDAY|CONTINUE|H15_10,2025-05-12/2025-05-18,-1820.4556351100007
WEDNESDAY|CONTINUE|H15_10,2025-05-19/2025-05-25,954.5898086350023
WEDNESDAY|CONTINUE|H15_10,2025-05-26/2025-06-01,-667.287606275
WEDNESDAY|CONTINUE|H15_10,2025-06-02/2025-06-08,464.3533930675
WEDNESDAY|CONTINUE|H15_10,2025-06-09/2025-06-15,44.25432641499961
WEDNESDAY|CONTINUE|H15_10,2025-06-16/2025-06-22,2731.469729185
WEDNESDAY|CONTINUE|H15_10,2025-06-23/2025-06-29,1871.7165243550016
WEDNESDAY|CONTINUE|H15_10,2025-06-30/2025-07-06,-3242.7716569925
WEDNESDAY|CONTINUE|H15_10,2025-07-07/2025-07-13,-620.0347357025014
WEDNESDAY|CONTINUE|H15_10,2025-07-14/2025-07-20,1799.5683900624997
WEDNESDAY|CONTINUE|H15_10,2025-07-21/2025-07-27,3703.4572317400007
WEDNESDAY|CONTINUE|H15_10,2025-07-28/2025-08-03,-218.65516697000055
WEDNESDAY|CONTINUE|H15_10,2025-08-04/2025-08-10,1556.1084079974996
WEDNESDAY|CONTINUE|H15_10,2025-08-11/2025-08-17,1863.0758377224993
WEDNESDAY|CONTINUE|H15_10,2025-08-18/2025-08-24,3960.160091050001
WEDNESDAY|CONTINUE|H15_10,2025-09-01/2025-09-07,2721.047329210001
WEDNESDAY|CONTINUE|H15_10,2025-09-08/2025-09-14,-307.72314389750085
WEDNESDAY|CONTINUE|H15_10,2025-09-15/2025-09-21,709.8102175000007
WEDNESDAY|CONTINUE|H15_10,2025-09-22/2025-09-28,-399.72413948749954
WEDNESDAY|CONTINUE|H15_10,2025-09-29/2025-10-05,4073.280776905002
WEDNESDAY|CONTINUE|H15_10,2025-10-06/2025-10-12,3271.7028060400016
WEDNESDAY|CONTINUE|H15_10,2025-10-27/2025-11-02,491.4924840850015
WEDNESDAY|CONTINUE|H15_10,2025-11-10/2025-11-16,1194.5879446525012
WEDNESDAY|CONTINUE|H15_10,2025-11-17/2025-11-23,2055.170758577502
WEDNESDAY|CONTINUE|H15_10,2025-11-24/2025-11-30,-2611.6878828725
WEDNESDAY|CONTINUE|H15_10,2025-12-01/2025-12-07,227.88284826250216
WEDNESDAY|CONTINUE|H15_10,2025-12-08/2025-12-14,-2680.053472204999
WEDNESDAY|CONTINUE|H15_10,2025-12-15/2025-12-21,-2141.2216678550003
WEDNESDAY|CONTINUE|H15_10,2025-12-22/2025-12-28,-2218.599428210001
WEDNESDAY|CONTINUE|H15_10,2025-12-29/2026-01-04,2181.8555950940013
WEDNESDAY|CONTINUE|H15_10,2026-01-05/2026-01-11,-467.0671768690007
WEDNESDAY|CONTINUE|H15_10,2026-01-12/2026-01-18,1280.0677841375016
WEDNESDAY|CONTINUE|H15_10,2026-01-19/2026-01-25,1460.5303054350009
WEDNESDAY|CONTINUE|H15_10,2026-01-26/2026-02-01,-695.3795238654964
WEDNESDAY|CONTINUE|H15_10,2026-02-02/2026-02-08,-613.4512362685007
WEDNESDAY|CONTINUE|H15_10,2026-02-09/2026-02-15,-1042.8862132070008
WEDNESDAY|CONTINUE|H15_10,2026-02-16/2026-02-22,1643.7540074795
WEDNESDAY|CONTINUE|H15_10,2026-02-23/2026-03-01,-2043.0675554644993
WEDNESDAY|CONTINUE|H15_10,2026-03-02/2026-03-08,-811.311767040034
WEDNESDAY|CONTINUE|H15_10,2026-03-09/2026-03-15,2646.722809283042
WEDNESDAY|CONTINUE|H15_10,2026-03-16/2026-03-22,535.5436071699567
WEDNESDAY|CONTINUE|H15_10,2026-03-23/2026-03-29,492.26687892299753
WEDNESDAY|CONTINUE|H15_10,2026-03-30/2026-04-05,-1650.2601344423115
WEDNESDAY|CONTINUE|H15_10,2026-04-06/2026-04-12,1072.348014814398
WEDNESDAY|CONTINUE|H15_10,2026-04-13/2026-04-19,159.9506850648444
WEDNESDAY|CONTINUE|H15_10,2026-04-20/2026-04-26,388.9318746616799
WEDNESDAY|CONTINUE|H15_10,2026-04-27/2026-05-03,551.5595421440225
WEDNESDAY|CONTINUE|H15_10,2026-05-04/2026-05-10,1879.7048707682927
WEDNESDAY|CONTINUE|H15_10,2026-05-11/2026-05-17,284.10697132066264
WEDNESDAY|CONTINUE|H15_10,2026-05-18/2026-05-24,-2128.678515659779
WEDNESDAY|CONTINUE|H15_10,2026-06-15/2026-06-21,195.63830835609502
WEDNESDAY|CONTINUE|H15_10,2026-06-22/2026-06-28,-1558.3934282992186
WEDNESDAY|CONTINUE|H15_10,2026-06-29/2026-07-05,587.9581940847754
WEDNESDAY|FADE|H10_30,2021-07-05/2021-07-11,281.0057260450001
WEDNESDAY|FADE|H10_30,2021-07-12/2021-07-18,103.89557105499983
WEDNESDAY|FADE|H10_30,2021-07-26/2021-08-01,1546.1882823649996
WEDNESDAY|FADE|H10_30,2021-08-02/2021-08-08,-1170.9966327699997
WEDNESDAY|FADE|H10_30,2021-08-09/2021-08-15,2352.8288891550005
WEDNESDAY|FADE|H10_30,2021-08-16/2021-08-22,-548.2205752300002
WEDNESDAY|FADE|H10_30,2021-08-23/2021-08-29,176.07059405499976
WEDNESDAY|FADE|H10_30,2021-08-30/2021-09-05,562.0564116449999
WEDNESDAY|FADE|H10_30,2021-09-06/2021-09-12,-518.9130201749998
WEDNESDAY|FADE|H10_30,2021-09-13/2021-09-19,-798.6291596100001
WEDNESDAY|FADE|H10_30,2021-09-20/2021-09-26,-662.6243407600003
WEDNESDAY|FADE|H10_30,2021-09-27/2021-10-03,180.65983897000035
WEDNESDAY|FADE|H10_30,2021-10-04/2021-10-10,1008.3417840550001
WEDNESDAY|FADE|H10_30,2021-10-11/2021-10-17,-824.9548986950001
WEDNESDAY|FADE|H10_30,2021-10-18/2021-10-24,-919.1791395050001
WEDNESDAY|FADE|H10_30,2021-10-25/2021-10-31,-104.13222098000071
WEDNESDAY|FADE|H10_30,2021-11-01/2021-11-07,-272.14621445000046
WEDNESDAY|FADE|H10_30,2021-11-08/2021-11-14,-63.78445505000067
WEDNESDAY|FADE|H10_30,2021-11-15/2021-11-21,1071.6696315449997
WEDNESDAY|FADE|H10_30,2021-11-22/2021-11-28,-512.6134327000009
WEDNESDAY|FADE|H10_30,2021-11-29/2021-12-05,642.6277861649994
WEDNESDAY|FADE|H10_30,2021-12-06/2021-12-12,-454.60916198500024
WEDNESDAY|FADE|H10_30,2021-12-13/2021-12-19,274.91196579999996
WEDNESDAY|FADE|H10_30,2021-12-20/2021-12-26,120.33571605000034
WEDNESDAY|FADE|H10_30,2021-12-27/2022-01-02,-129.6087662050003
WEDNESDAY|FADE|H10_30,2022-01-03/2022-01-09,-644.795872185
WEDNESDAY|FADE|H10_30,2022-01-10/2022-01-16,-733.7018487650005
WEDNESDAY|FADE|H10_30,2022-01-17/2022-01-23,880.2227378999995
WEDNESDAY|FADE|H10_30,2022-01-31/2022-02-06,-518.9814054749999
WEDNESDAY|FADE|H10_30,2022-02-07/2022-02-13,156.07631126
WEDNESDAY|FADE|H10_30,2022-02-14/2022-02-20,786.8875318099999
WEDNESDAY|FADE|H10_30,2022-02-21/2022-02-27,575.3998786699995
WEDNESDAY|FADE|H10_30,2022-02-28/2022-03-06,-1185.7436896799995
WEDNESDAY|FADE|H10_30,2022-03-07/2022-03-13,-500.2114480600002
WEDNESDAY|FADE|H10_30,2022-03-14/2022-03-20,625.3211863800012
WEDNESDAY|FADE|H10_30,2022-03-21/2022-03-27,595.7068851049999
WEDNESDAY|FADE|H10_30,2022-03-28/2022-04-03,-377.77717364500023
WEDNESDAY|FADE|H10_30,2022-04-04/2022-04-10,-698.1883245099998
WEDNESDAY|FADE|H10_30,2022-04-11/2022-04-17,3081.25648474
WEDNESDAY|FADE|H10_30,2022-04-18/2022-04-24,-815.7823862850005
WEDNESDAY|FADE|H10_30,2022-04-25/2022-05-01,-885.6973119150003
WEDNESDAY|FADE|H10_30,2022-05-02/2022-05-08,1446.6052780450002
WEDNESDAY|FADE|H10_30,2022-05-09/2022-05-15,2656.2946352
WEDNESDAY|FADE|H10_30,2022-05-16/2022-05-22,480.36229561
WEDNESDAY|FADE|H10_30,2022-05-23/2022-05-29,829.2072395699995
WEDNESDAY|FADE|H10_30,2022-05-30/2022-06-05,-78.67426643499996
WEDNESDAY|FADE|H10_30,2022-06-06/2022-06-12,209.52121770499977
WEDNESDAY|FADE|H10_30,2022-06-13/2022-06-19,-331.4259413700007
WEDNESDAY|FADE|H10_30,2022-06-20/2022-06-26,-434.637452665
WEDNESDAY|FADE|H10_30,2022-06-27/2022-07-03,1129.9627226750004
WEDNESDAY|FADE|H10_30,2022-07-04/2022-07-10,20.412766944999163
WEDNESDAY|FADE|H10_30,2022-07-11/2022-07-17,510.3145470449999
WEDNESDAY|FADE|H10_30,2022-07-18/2022-07-24,-217.73326934999966
WEDNESDAY|FADE|H10_30,2022-07-25/2022-07-31,1804.8259021449999
WEDNESDAY|FADE|H10_30,2022-08-01/2022-08-07,-1070.9614747100006
WEDNESDAY|FADE|H10_30,2022-08-08/2022-08-14,-337.14457009499995
WEDNESDAY|FADE|H10_30,2022-08-15/2022-08-21,-654.8567544400004
WEDNESDAY|FADE|H10_30,2022-08-22/2022-08-28,32.77358097499966
WEDNESDAY|FADE|H10_30,2022-09-05/2022-09-11,396.239436335
WEDNESDAY|FADE|H10_30,2022-09-12/2022-09-18,-5.272923429999992
WEDNESDAY|FADE|H10_30,2022-09-19/2022-09-25,-348.05066341500026
WEDNESDAY|FADE|H10_30,2022-09-26/2022-10-02,804.4842817600002
WEDNESDAY|FADE|H10_30,2022-10-10/2022-10-16,-348.87794867500054
WEDNESDAY|FADE|H10_30,2022-10-17/2022-10-23,-681.2296351000005
WEDNESDAY|FADE|H10_30,2022-10-31/2022-11-06,-78.08002955000018
WEDNESDAY|FADE|H10_30,2022-11-07/2022-11-13,344.65426276499954
WEDNESDAY|FADE|H10_30,2022-11-14/2022-11-20,-587.2988623750002
WEDNESDAY|FADE|H10_30,2022-11-21/2022-11-27,717.5748086549994
WEDNESDAY|FADE|H10_30,2022-11-28/2022-12-04,534.27329235
WEDNESDAY|FADE|H10_30,2022-12-05/2022-12-11,-1014.17091074
WEDNESDAY|FADE|H10_30,2022-12-12/2022-12-18,-64.4039249100003
WEDNESDAY|FADE|H10_30,2022-12-19/2022-12-25,2307.7345224049996
WEDNESDAY|FADE|H10_30,2022-12-26/2023-01-01,115.69534676500005
WEDNESDAY|FADE|H10_30,2023-01-02/2023-01-08,1748.54126933
WEDNESDAY|FADE|H10_30,2023-01-09/2023-01-15,-2154.88682465
WEDNESDAY|FADE|H10_30,2023-01-16/2023-01-22,-827.2103483950002
WEDNESDAY|FADE|H10_30,2023-01-23/2023-01-29,-1448.7235694450003
WEDNESDAY|FADE|H10_30,2023-01-30/2023-02-05,-765.949384305
WEDNESDAY|FADE|H10_30,2023-02-06/2023-02-12,-663.3779281750004
WEDNESDAY|FADE|H10_30,2023-02-13/2023-02-19,1258.4715082349999
WEDNESDAY|FADE|H10_30,2023-02-20/2023-02-26,-1239.0664334100004
WEDNESDAY|FADE|H10_30,2023-02-27/2023-03-05,-993.6228903400005
WEDNESDAY|FADE|H10_30,2023-03-06/2023-03-12,1620.7555256649996
WEDNESDAY|FADE|H10_30,2023-03-13/2023-03-19,0.57915797499993
WEDNESDAY|FADE|H10_30,2023-03-20/2023-03-26,222.12304569999958
WEDNESDAY|FADE|H10_30,2023-03-27/2023-04-02,-1089.4651851850003
WEDNESDAY|FADE|H10_30,2023-04-03/2023-04-09,-812.1850897050001
WEDNESDAY|FADE|H10_30,2023-04-10/2023-04-16,392.86256841499977
WEDNESDAY|FADE|H10_30,2023-04-17/2023-04-23,23.28834492499955
WEDNESDAY|FADE|H10_30,2023-04-24/2023-04-30,-881.254139395
WEDNESDAY|FADE|H10_30,2023-05-01/2023-05-07,480.179041855
WEDNESDAY|FADE|H10_30,2023-05-08/2023-05-14,580.330391665
WEDNESDAY|FADE|H10_30,2023-05-15/2023-05-21,250.35034668999958
WEDNESDAY|FADE|H10_30,2023-05-22/2023-05-28,842.2173976499996
WEDNESDAY|FADE|H10_30,2023-05-29/2023-06-04,-335.35123435000025
WEDNESDAY|FADE|H10_30,2023-06-05/2023-06-11,-245.98580331500023
WEDNESDAY|FADE|H10_30,2023-06-12/2023-06-18,191.44841078999977
WEDNESDAY|FADE|H10_30,2023-06-19/2023-06-25,230.09512949999953
WEDNESDAY|FADE|H10_30,2023-06-26/2023-07-02,-631.3295775700001
WEDNESDAY|FADE|H10_30,2023-07-03/2023-07-09,-1039.9767756600004
WEDNESDAY|FADE|H10_30,2023-07-10/2023-07-16,220.17434221999974
WEDNESDAY|FADE|H10_30,2023-07-17/2023-07-23,-110.95699516500028
WEDNESDAY|FADE|H10_30,2023-07-24/2023-07-30,-999.3083205000005
WEDNESDAY|FADE|H10_30,2023-07-31/2023-08-06,-695.9674031250003
WEDNESDAY|FADE|H10_30,2023-08-07/2023-08-13,880.4312181749999
WEDNESDAY|FADE|H10_30,2023-08-14/2023-08-20,490.14630583499957
WEDNESDAY|FADE|H10_30,2023-08-21/2023-08-27,268.2352521800003
WEDNESDAY|FADE|H10_30,2023-08-28/2023-09-03,-190.3100152700003
WEDNESDAY|FADE|H10_30,2023-09-04/2023-09-10,-308.7692085400001
WEDNESDAY|FADE|H10_30,2023-09-11/2023-09-17,-201.72735229
WEDNESDAY|FADE|H10_30,2023-09-18/2023-09-24,-1431.312726295
WEDNESDAY|FADE|H10_30,2023-09-25/2023-10-01,-1084.3368105500003
WEDNESDAY|FADE|H10_30,2023-10-02/2023-10-08,408.79013995999986
WEDNESDAY|FADE|H10_30,2023-10-09/2023-10-15,-512.8278903950004
WEDNESDAY|FADE|H10_30,2023-10-16/2023-10-22,-744.1903166600002
WEDNESDAY|FADE|H10_30,2023-10-23/2023-10-29,-237.60737759999995
WEDNESDAY|FADE|H10_30,2023-10-30/2023-11-05,56.128794054999915
WEDNESDAY|FADE|H10_30,2023-11-06/2023-11-12,89.12659908999966
WEDNESDAY|FADE|H10_30,2023-11-13/2023-11-19,-83.04573573500045
WEDNESDAY|FADE|H10_30,2023-11-20/2023-11-26,-424.38269802
WEDNESDAY|FADE|H10_30,2023-11-27/2023-12-03,-523.7578869400005
WEDNESDAY|FADE|H10_30,2023-12-04/2023-12-10,420.03684293999936
WEDNESDAY|FADE|H10_30,2023-12-11/2023-12-17,2061.5838686199995
WEDNESDAY|FADE|H10_30,2023-12-18/2023-12-24,-317.6993772350004
WEDNESDAY|FADE|H10_30,2023-12-25/2023-12-31,-1176.90050342
WEDNESDAY|FADE|H10_30,2024-01-01/2024-01-07,251.3834591799997
WEDNESDAY|FADE|H10_30,2024-01-08/2024-01-14,667.9164299649998
WEDNESDAY|FADE|H10_30,2024-01-15/2024-01-21,-503.8313245700005
WEDNESDAY|FADE|H10_30,2024-01-22/2024-01-28,2311.9220795300002
WEDNESDAY|FADE|H10_30,2024-01-29/2024-02-04,-1132.9806674300005
WEDNESDAY|FADE|H10_30,2024-02-05/2024-02-11,-147.29182726000056
WEDNESDAY|FADE|H10_30,2024-02-12/2024-02-18,588.3602421299995
WEDNESDAY|FADE|H10_30,2024-02-19/2024-02-25,32.58833904999915
WEDNESDAY|FADE|H10_30,2024-02-26/2024-03-03,-595.6467425700007
WEDNESDAY|FADE|H10_30,2024-03-04/2024-03-10,-753.8222835250004
WEDNESDAY|FADE|H10_30,2024-03-11/2024-03-17,291.82019571499956
WEDNESDAY|FADE|H10_30,2024-03-18/2024-03-24,1288.3142102150005
WEDNESDAY|FADE|H10_30,2024-03-25/2024-03-31,-923.3680199250001
WEDNESDAY|FADE|H10_30,2024-04-01/2024-04-07,1573.9050045299996
WEDNESDAY|FADE|H10_30,2024-04-08/2024-04-14,-775.798468365
WEDNESDAY|FADE|H10_30,2024-04-22/2024-04-28,-1070.5757181000001
WEDNESDAY|FADE|H10_30,2024-05-06/2024-05-12,-191.3185596600002
WEDNESDAY|FADE|H10_30,2024-05-13/2024-05-19,981.1963928625005
WEDNESDAY|FADE|H10_30,2024-05-20/2024-05-26,-3.812228527500139
WEDNESDAY|FADE|H10_30,2024-05-27/2024-06-02,-800.4185125600001
WEDNESDAY|FADE|H10_30,2024-06-03/2024-06-09,104.19269595250147
WEDNESDAY|FADE|H10_30,2024-06-10/2024-06-16,-597.2568310150003
WEDNESDAY|FADE|H10_30,2024-06-17/2024-06-23,1113.0046949125
WEDNESDAY|FADE|H10_30,2024-06-24/2024-06-30,-489.7880540000002
WEDNESDAY|FADE|H10_30,2024-07-01/2024-07-07,-662.9413796325
WEDNESDAY|FADE|H10_30,2024-07-08/2024-07-14,1390.9580376674999
WEDNESDAY|FADE|H10_30,2024-07-22/2024-07-28,-48.43718060750015
WEDNESDAY|FADE|H10_30,2024-07-29/2024-08-04,-383.9094450000001
WEDNESDAY|FADE|H10_30,2024-08-05/2024-08-11,-403.29488302500033
WEDNESDAY|FADE|H10_30,2024-08-12/2024-08-18,-552.4237310975
WEDNESDAY|FADE|H10_30,2024-08-19/2024-08-25,849.4415390175003
WEDNESDAY|FADE|H10_30,2024-08-26/2024-09-01,-138.5937128550001
WEDNESDAY|FADE|H10_30,2024-09-02/2024-09-08,-132.72669112750003
WEDNESDAY|FADE|H10_30,2024-09-09/2024-09-15,177.42273358749998
WEDNESDAY|FADE|H10_30,2024-09-16/2024-09-22,55.63580859749992
WEDNESDAY|FADE|H10_30,2024-09-23/2024-09-29,-182.1702829124999
WEDNESDAY|FADE|H10_30,2024-10-07/2024-10-13,-993.7500363899997
WEDNESDAY|FADE|H10_30,2024-10-14/2024-10-20,68.51052259999966
WEDNESDAY|FADE|H10_30,2024-10-21/2024-10-27,74.4479242524994
WEDNESDAY|FADE|H10_30,2024-10-28/2024-11-03,246.86426175249994
WEDNESDAY|FADE|H10_30,2024-11-04/2024-11-10,196.314856945
WEDNESDAY|FADE|H10_30,2024-11-11/2024-11-17,-713.03531278
WEDNESDAY|FADE|H10_30,2024-11-25/2024-12-01,-400.3316577350005
WEDNESDAY|FADE|H10_30,2024-12-02/2024-12-08,-594.1186499975007
WEDNESDAY|FADE|H10_30,2024-12-09/2024-12-15,-1565.8173385925
WEDNESDAY|FADE|H10_30,2024-12-16/2024-12-22,-1558.3468674875003
WEDNESDAY|FADE|H10_30,2024-12-30/2025-01-05,-460.3354206350017
WEDNESDAY|FADE|H10_30,2025-01-06/2025-01-12,646.3226870424983
WEDNESDAY|FADE|H10_30,2025-01-13/2025-01-19,-1470.945080255001
WEDNESDAY|FADE|H10_30,2025-01-20/2025-01-26,-1256.6598589850012
WEDNESDAY|FADE|H10_30,2025-01-27/2025-02-02,-787.6357481899997
WEDNESDAY|FADE|H10_30,2025-02-03/2025-02-09,-1313.6947580675007
WEDNESDAY|FADE|H10_30,2025-02-10/2025-02-16,2059.557820165
WEDNESDAY|FADE|H10_30,2025-02-17/2025-02-23,4367.423619685
WEDNESDAY|FADE|H10_30,2025-03-03/2025-03-09,1485.8794322049987
WEDNESDAY|FADE|H10_30,2025-03-10/2025-03-16,533.5067624650001
WEDNESDAY|FADE|H10_30,2025-03-17/2025-03-23,-1783.1142500225005
WEDNESDAY|FADE|H10_30,2025-03-24/2025-03-30,-693.3929199274997
WEDNESDAY|FADE|H10_30,2025-03-31/2025-04-06,-488.44653310250055
WEDNESDAY|FADE|H10_30,2025-04-07/2025-04-13,-1744.7400848825005
WEDNESDAY|FADE|H10_30,2025-04-14/2025-04-20,862.3985877849994
WEDNESDAY|FADE|H10_30,2025-04-21/2025-04-27,740.8951706649999
WEDNESDAY|FADE|H10_30,2025-04-28/2025-05-04,-1068.4660083574997
WEDNESDAY|FADE|H10_30,2025-05-05/2025-05-11,-2727.3989766500003
WEDNESDAY|FADE|H10_30,2025-05-12/2025-05-18,-1128.4458648049995
WEDNESDAY|FADE|H10_30,2025-05-19/2025-05-25,-2466.844854642501
WEDNESDAY|FADE|H10_30,2025-05-26/2025-06-01,-647.8739497924969
WEDNESDAY|FADE|H10_30,2025-06-02/2025-06-08,-753.141729080001
WEDNESDAY|FADE|H10_30,2025-06-09/2025-06-15,-604.6506091100009
WEDNESDAY|FADE|H10_30,2025-06-16/2025-06-22,-1193.0558075674996
WEDNESDAY|FADE|H10_30,2025-06-23/2025-06-29,-822.1506914975004
WEDNESDAY|FADE|H10_30,2025-06-30/2025-07-06,1008.8938626999995
WEDNESDAY|FADE|H10_30,2025-07-07/2025-07-13,1481.0810421399995
WEDNESDAY|FADE|H10_30,2025-07-14/2025-07-20,-667.0495874750002
WEDNESDAY|FADE|H10_30,2025-07-21/2025-07-27,212.31845016999966
WEDNESDAY|FADE|H10_30,2025-07-28/2025-08-03,1001.3975001999995
WEDNESDAY|FADE|H10_30,2025-08-04/2025-08-10,-1562.27481674
WEDNESDAY|FADE|H10_30,2025-08-11/2025-08-17,-1183.1831591750001
WEDNESDAY|FADE|H10_30,2025-08-18/2025-08-24,-1457.7659438675005
WEDNESDAY|FADE|H10_30,2025-09-01/2025-09-07,-240.89725985750096
WEDNESDAY|FADE|H10_30,2025-09-08/2025-09-14,-1048.3293002975017
WEDNESDAY|FADE|H10_30,2025-09-15/2025-09-21,-780.8604426425011
WEDNESDAY|FADE|H10_30,2025-09-22/2025-09-28,856.4678316550012
WEDNESDAY|FADE|H10_30,2025-09-29/2025-10-05,-476.5073272925012
WEDNESDAY|FADE|H10_30,2025-10-06/2025-10-12,-1568.129883627499
WEDNESDAY|FADE|H10_30,2025-10-27/2025-11-02,-828.6262223300017
WEDNESDAY|FADE|H10_30,2025-11-10/2025-11-16,-689.793628722501
WEDNESDAY|FADE|H10_30,2025-11-17/2025-11-23,-1145.2511811049985
WEDNESDAY|FADE|H10_30,2025-11-24/2025-11-30,1509.6851465200004
WEDNESDAY|FADE|H10_30,2025-12-01/2025-12-07,594.0722350150018
WEDNESDAY|FADE|H10_30,2025-12-08/2025-12-14,-928.9661352125013
WEDNESDAY|FADE|H10_30,2025-12-15/2025-12-21,1491.71857114
WEDNESDAY|FADE|H10_30,2025-12-22/2025-12-28,-614.6995397524994
WEDNESDAY|FADE|H10_30,2025-12-29/2026-01-04,-350.1187442354998
WEDNESDAY|FADE|H10_30,2026-01-05/2026-01-11,-30.762478903500437
WEDNESDAY|FADE|H10_30,2026-01-12/2026-01-18,-1346.3520864175002
WEDNESDAY|FADE|H10_30,2026-01-19/2026-01-25,-2467.7431795384987
WEDNESDAY|FADE|H10_30,2026-01-26/2026-02-01,843.1174680040027
WEDNESDAY|FADE|H10_30,2026-02-02/2026-02-08,-277.60211038999887
WEDNESDAY|FADE|H10_30,2026-02-09/2026-02-15,63.294645894498586
WEDNESDAY|FADE|H10_30,2026-02-16/2026-02-22,801.0230308725011
WEDNESDAY|FADE|H10_30,2026-02-23/2026-03-01,-882.4951279630006
WEDNESDAY|FADE|H10_30,2026-03-02/2026-03-08,357.1799035324875
WEDNESDAY|FADE|H10_30,2026-03-09/2026-03-15,-751.6545438544767
WEDNESDAY|FADE|H10_30,2026-03-16/2026-03-22,-15.384170413862023
WEDNESDAY|FADE|H10_30,2026-03-23/2026-03-29,-891.3321558091368
WEDNESDAY|FADE|H10_30,2026-03-30/2026-04-05,410.2424531907214
WEDNESDAY|FADE|H10_30,2026-04-06/2026-04-12,-587.6240328148873
WEDNESDAY|FADE|H10_30,2026-04-13/2026-04-19,-988.8867559035825
WEDNESDAY|FADE|H10_30,2026-04-20/2026-04-26,-859.1131179115973
WEDNESDAY|FADE|H10_30,2026-04-27/2026-05-03,-1651.9223422984553
WEDNESDAY|FADE|H10_30,2026-05-04/2026-05-10,289.37794059416717
WEDNESDAY|FADE|H10_30,2026-05-11/2026-05-17,-812.806859577224
WEDNESDAY|FADE|H10_30,2026-05-18/2026-05-24,411.53855069751717
WEDNESDAY|FADE|H10_30,2026-06-15/2026-06-21,-550.9336488791621
WEDNESDAY|FADE|H10_30,2026-06-22/2026-06-28,499.48935280161913
WEDNESDAY|FADE|H10_30,2026-06-29/2026-07-05,-1165.83610440607
WEDNESDAY|FADE|H15_10,2021-07-05/2021-07-11,-1546.0478061450003
WEDNESDAY|FADE|H15_10,2021-07-12/2021-07-18,1903.80404449
WEDNESDAY|FADE|H15_10,2021-07-26/2021-08-01,-1634.86016445
WEDNESDAY|FADE|H15_10,2021-08-02/2021-08-08,-1102.8949633149998
WEDNESDAY|FADE|H15_10,2021-08-09/2021-08-15,55.12423245999986
WEDNESDAY|FADE|H15_10,2021-08-16/2021-08-22,3938.291796705
WEDNESDAY|FADE|H15_10,2021-08-23/2021-08-29,1454.5156123849995
WEDNESDAY|FADE|H15_10,2021-08-30/2021-09-05,2337.5161398
WEDNESDAY|FADE|H15_10,2021-09-06/2021-09-12,-872.899616905
WEDNESDAY|FADE|H15_10,2021-09-13/2021-09-19,-1816.92606541
WEDNESDAY|FADE|H15_10,2021-09-20/2021-09-26,-572.1474517200006
WEDNESDAY|FADE|H15_10,2021-09-27/2021-10-03,975.04652814
WEDNESDAY|FADE|H15_10,2021-10-04/2021-10-10,4756.89219461
WEDNESDAY|FADE|H15_10,2021-10-11/2021-10-17,-1647.8676694850005
WEDNESDAY|FADE|H15_10,2021-10-18/2021-10-24,1294.3986751199996
WEDNESDAY|FADE|H15_10,2021-10-25/2021-10-31,994.3257346299997
WEDNESDAY|FADE|H15_10,2021-11-01/2021-11-07,1168.2163840600006
WEDNESDAY|FADE|H15_10,2021-11-08/2021-11-14,989.8022219699993
WEDNESDAY|FADE|H15_10,2021-11-15/2021-11-21,-1500.53448422
WEDNESDAY|FADE|H15_10,2021-11-22/2021-11-28,2279.562993455
WEDNESDAY|FADE|H15_10,2021-11-29/2021-12-05,-158.16605176500067
WEDNESDAY|FADE|H15_10,2021-12-06/2021-12-12,-2043.9688116200005
WEDNESDAY|FADE|H15_10,2021-12-13/2021-12-19,-186.30637677500005
WEDNESDAY|FADE|H15_10,2021-12-20/2021-12-26,-1812.615680695
WEDNESDAY|FADE|H15_10,2021-12-27/2022-01-02,-912.9917609850005
WEDNESDAY|FADE|H15_10,2022-01-03/2022-01-09,-2363.94839405
WEDNESDAY|FADE|H15_10,2022-01-10/2022-01-16,-1522.110304565
WEDNESDAY|FADE|H15_10,2022-01-17/2022-01-23,1988.2807915599997
WEDNESDAY|FADE|H15_10,2022-01-31/2022-02-06,-1795.5580604650002
WEDNESDAY|FADE|H15_10,2022-02-07/2022-02-13,-1772.2679147650001
WEDNESDAY|FADE|H15_10,2022-02-14/2022-02-20,620.5400572449998
WEDNESDAY|FADE|H15_10,2022-02-21/2022-02-27,2087.92222742
WEDNESDAY|FADE|H15_10,2022-02-28/2022-03-06,-1393.6247509000004
WEDNESDAY|FADE|H15_10,2022-03-07/2022-03-13,-2657.2038610700006
WEDNESDAY|FADE|H15_10,2022-03-14/2022-03-20,-695.1879178600001
WEDNESDAY|FADE|H15_10,2022-03-21/2022-03-27,1660.9625381999997
WEDNESDAY|FADE|H15_10,2022-03-28/2022-04-03,-851.547549595
WEDNESDAY|FADE|H15_10,2022-04-04/2022-04-10,-1406.34742477
WEDNESDAY|FADE|H15_10,2022-04-11/2022-04-17,6664.750808115
WEDNESDAY|FADE|H15_10,2022-04-18/2022-04-24,-1204.5382151950005
WEDNESDAY|FADE|H15_10,2022-04-25/2022-05-01,-1394.362407135
WEDNESDAY|FADE|H15_10,2022-05-02/2022-05-08,5858.296779455002
WEDNESDAY|FADE|H15_10,2022-05-09/2022-05-15,1959.607979125
WEDNESDAY|FADE|H15_10,2022-05-16/2022-05-22,1337.160576405001
WEDNESDAY|FADE|H15_10,2022-05-23/2022-05-29,2983.1494513099997
WEDNESDAY|FADE|H15_10,2022-05-30/2022-06-05,1475.68841519
WEDNESDAY|FADE|H15_10,2022-06-06/2022-06-12,295.6326148649999
WEDNESDAY|FADE|H15_10,2022-06-13/2022-06-19,22.239966129999033
WEDNESDAY|FADE|H15_10,2022-06-20/2022-06-26,-1664.5714019200004
WEDNESDAY|FADE|H15_10,2022-06-27/2022-07-03,1609.348813735
WEDNESDAY|FADE|H15_10,2022-07-04/2022-07-10,-1924.9372900650005
WEDNESDAY|FADE|H15_10,2022-07-11/2022-07-17,3105.4894490300003
WEDNESDAY|FADE|H15_10,2022-07-18/2022-07-24,-182.48067949000026
WEDNESDAY|FADE|H15_10,2022-07-25/2022-07-31,4137.658326485
WEDNESDAY|FADE|H15_10,2022-08-01/2022-08-07,686.5582407899999
WEDNESDAY|FADE|H15_10,2022-08-08/2022-08-14,-755.6302271549998
WEDNESDAY|FADE|H15_10,2022-08-15/2022-08-21,-1385.934851675
WEDNESDAY|FADE|H15_10,2022-08-22/2022-08-28,704.5825763799998
WEDNESDAY|FADE|H15_10,2022-09-05/2022-09-11,1027.7471425099995
WEDNESDAY|FADE|H15_10,2022-09-12/2022-09-18,2087.2011736950008
WEDNESDAY|FADE|H15_10,2022-09-19/2022-09-25,-1303.1458736900004
WEDNESDAY|FADE|H15_10,2022-09-26/2022-10-02,-266.61083948000055
WEDNESDAY|FADE|H15_10,2022-10-10/2022-10-16,-1785.3212316250006
WEDNESDAY|FADE|H15_10,2022-10-17/2022-10-23,960.9926324799995
WEDNESDAY|FADE|H15_10,2022-10-31/2022-11-06,378.68916308499956
WEDNESDAY|FADE|H15_10,2022-11-07/2022-11-13,1193.5913389649995
WEDNESDAY|FADE|H15_10,2022-11-14/2022-11-20,-1215.9661773050002
WEDNESDAY|FADE|H15_10,2022-11-21/2022-11-27,690.2484907699995
WEDNESDAY|FADE|H15_10,2022-11-28/2022-12-04,-1335.071396705
WEDNESDAY|FADE|H15_10,2022-12-05/2022-12-11,-18.137680445000157
WEDNESDAY|FADE|H15_10,2022-12-12/2022-12-18,78.05717244499972
WEDNESDAY|FADE|H15_10,2022-12-19/2022-12-25,5738.281275155
WEDNESDAY|FADE|H15_10,2022-12-26/2023-01-01,675.1820679250001
WEDNESDAY|FADE|H15_10,2023-01-02/2023-01-08,4155.834705435001
WEDNESDAY|FADE|H15_10,2023-01-09/2023-01-15,-1665.41263019
WEDNESDAY|FADE|H15_10,2023-01-16/2023-01-22,-1770.385608415
WEDNESDAY|FADE|H15_10,2023-01-23/2023-01-29,-1867.8738433150002
WEDNESDAY|FADE|H15_10,2023-01-30/2023-02-05,1682.328548520001
WEDNESDAY|FADE|H15_10,2023-02-06/2023-02-12,-1279.4234946800004
WEDNESDAY|FADE|H15_10,2023-02-13/2023-02-19,3863.380625825
WEDNESDAY|FADE|H15_10,2023-02-20/2023-02-26,-2379.662172775
WEDNESDAY|FADE|H15_10,2023-02-27/2023-03-05,-1774.7046235950002
WEDNESDAY|FADE|H15_10,2023-03-06/2023-03-12,3051.1966720199994
WEDNESDAY|FADE|H15_10,2023-03-13/2023-03-19,4113.89212382
WEDNESDAY|FADE|H15_10,2023-03-20/2023-03-26,52.679558039999705
WEDNESDAY|FADE|H15_10,2023-03-27/2023-04-02,-1980.5446928100002
WEDNESDAY|FADE|H15_10,2023-04-03/2023-04-09,-1942.69737334
WEDNESDAY|FADE|H15_10,2023-04-10/2023-04-16,-835.1093992250001
WEDNESDAY|FADE|H15_10,2023-04-17/2023-04-23,-797.8948277500001
WEDNESDAY|FADE|H15_10,2023-04-24/2023-04-30,-1944.575696895
WEDNESDAY|FADE|H15_10,2023-05-01/2023-05-07,228.2453568400001
WEDNESDAY|FADE|H15_10,2023-05-08/2023-05-14,-1104.1133177300003
WEDNESDAY|FADE|H15_10,2023-05-15/2023-05-21,1605.8975830949996
WEDNESDAY|FADE|H15_10,2023-05-22/2023-05-28,-1568.8134300100005
WEDNESDAY|FADE|H15_10,2023-05-29/2023-06-04,-816.9828148950002
WEDNESDAY|FADE|H15_10,2023-06-05/2023-06-11,-1261.9582092400003
WEDNESDAY|FADE|H15_10,2023-06-12/2023-06-18,-759.592701495
WEDNESDAY|FADE|H15_10,2023-06-19/2023-06-25,-588.3499006700004
WEDNESDAY|FADE|H15_10,2023-06-26/2023-07-02,-1372.607322285
WEDNESDAY|FADE|H15_10,2023-07-03/2023-07-09,-1002.2463128150002
WEDNESDAY|FADE|H15_10,2023-07-10/2023-07-16,1168.7236385099998
WEDNESDAY|FADE|H15_10,2023-07-17/2023-07-23,-766.6764154500001
WEDNESDAY|FADE|H15_10,2023-07-24/2023-07-30,-604.5974965700004
WEDNESDAY|FADE|H15_10,2023-07-31/2023-08-06,-1616.9487026900001
WEDNESDAY|FADE|H15_10,2023-08-07/2023-08-13,-1979.619141605
WEDNESDAY|FADE|H15_10,2023-08-14/2023-08-20,2506.949667244999
WEDNESDAY|FADE|H15_10,2023-08-21/2023-08-27,-1738.4893011699999
WEDNESDAY|FADE|H15_10,2023-08-28/2023-09-03,2914.5425091199995
WEDNESDAY|FADE|H15_10,2023-09-04/2023-09-10,-1401.96467196
WEDNESDAY|FADE|H15_10,2023-09-11/2023-09-17,-1796.242597705
WEDNESDAY|FADE|H15_10,2023-09-18/2023-09-24,-2312.1368144
WEDNESDAY|FADE|H15_10,2023-09-25/2023-10-01,2999.082993820001
WEDNESDAY|FADE|H15_10,2023-10-02/2023-10-08,985.7939358049996
WEDNESDAY|FADE|H15_10,2023-10-09/2023-10-15,-504.9295044400004
WEDNESDAY|FADE|H15_10,2023-10-16/2023-10-22,3261.062953205001
WEDNESDAY|FADE|H15_10,2023-10-23/2023-10-29,3451.4276046150007
WEDNESDAY|FADE|H15_10,2023-10-30/2023-11-05,1413.8564525649997
WEDNESDAY|FADE|H15_10,2023-11-06/2023-11-12,-240.06732478000038
WEDNESDAY|FADE|H15_10,2023-11-13/2023-11-19,-1256.0815597350004
WEDNESDAY|FADE|H15_10,2023-11-20/2023-11-26,-1302.81721887
WEDNESDAY|FADE|H15_10,2023-11-27/2023-12-03,-1661.9919450700002
WEDNESDAY|FADE|H15_10,2023-12-04/2023-12-10,-1003.9845413950006
WEDNESDAY|FADE|H15_10,2023-12-11/2023-12-17,-373.55177674000026
WEDNESDAY|FADE|H15_10,2023-12-18/2023-12-24,7284.069670505002
WEDNESDAY|FADE|H15_10,2023-12-25/2023-12-31,-2199.6233208099993
WEDNESDAY|FADE|H15_10,2024-01-01/2024-01-07,2220.8097829949998
WEDNESDAY|FADE|H15_10,2024-01-08/2024-01-14,3418.122388485001
WEDNESDAY|FADE|H15_10,2024-01-15/2024-01-21,-3091.6509531150004
WEDNESDAY|FADE|H15_10,2024-01-22/2024-01-28,3323.612651635
WEDNESDAY|FADE|H15_10,2024-01-29/2024-02-04,-2175.2522561700016
WEDNESDAY|FADE|H15_10,2024-02-05/2024-02-11,1076.5191459799992
WEDNESDAY|FADE|H15_10,2024-02-12/2024-02-18,5302.546784975001
WEDNESDAY|FADE|H15_10,2024-02-19/2024-02-25,2971.25207453
WEDNESDAY|FADE|H15_10,2024-02-26/2024-03-03,4538.461587365001
WEDNESDAY|FADE|H15_10,2024-03-04/2024-03-10,3946.554695545001
WEDNESDAY|FADE|H15_10,2024-03-11/2024-03-17,5466.853932410002
WEDNESDAY|FADE|H15_10,2024-03-18/2024-03-24,-299.19566676000005
WEDNESDAY|FADE|H15_10,2024-03-25/2024-03-31,-823.095830695
WEDNESDAY|FADE|H15_10,2024-04-01/2024-04-07,1487.5187299649997
WEDNESDAY|FADE|H15_10,2024-04-08/2024-04-14,-2083.499252505
WEDNESDAY|FADE|H15_10,2024-04-22/2024-04-28,-458.8119854150001
WEDNESDAY|FADE|H15_10,2024-05-06/2024-05-12,482.75219207499975
WEDNESDAY|FADE|H15_10,2024-05-13/2024-05-19,257.82811850999974
WEDNESDAY|FADE|H15_10,2024-05-20/2024-05-26,-632.0380148075001
WEDNESDAY|FADE|H15_10,2024-05-27/2024-06-02,-1081.9983676650006
WEDNESDAY|FADE|H15_10,2024-06-03/2024-06-09,-2185.826373522498
WEDNESDAY|FADE|H15_10,2024-06-10/2024-06-16,42.96990730749984
WEDNESDAY|FADE|H15_10,2024-06-17/2024-06-23,473.3190777074998
WEDNESDAY|FADE|H15_10,2024-06-24/2024-06-30,-1415.167379135
WEDNESDAY|FADE|H15_10,2024-07-01/2024-07-07,-663.87589374
WEDNESDAY|FADE|H15_10,2024-07-08/2024-07-14,857.316354185
WEDNESDAY|FADE|H15_10,2024-07-22/2024-07-28,-605.4951617549999
WEDNESDAY|FADE|H15_10,2024-07-29/2024-08-04,-438.6759486850001
WEDNESDAY|FADE|H15_10,2024-08-05/2024-08-11,-654.7823917200001
WEDNESDAY|FADE|H15_10,2024-08-12/2024-08-18,-1105.20684993
WEDNESDAY|FADE|H15_10,2024-08-19/2024-08-25,906.1999017350005
WEDNESDAY|FADE|H15_10,2024-08-26/2024-09-01,134.72490559750003
WEDNESDAY|FADE|H15_10,2024-09-02/2024-09-08,376.3892280824998
WEDNESDAY|FADE|H15_10,2024-09-09/2024-09-15,-871.736040445
WEDNESDAY|FADE|H15_10,2024-09-16/2024-09-22,-204.12422348750025
WEDNESDAY|FADE|H15_10,2024-09-23/2024-09-29,284.5336400125
WEDNESDAY|FADE|H15_10,2024-10-07/2024-10-13,314.8643473425003
WEDNESDAY|FADE|H15_10,2024-10-14/2024-10-20,-619.9557285400002
WEDNESDAY|FADE|H15_10,2024-10-21/2024-10-27,-980.1014853325004
WEDNESDAY|FADE|H15_10,2024-10-28/2024-11-03,-458.42656124249993
WEDNESDAY|FADE|H15_10,2024-11-04/2024-11-10,-1234.1432211300005
WEDNESDAY|FADE|H15_10,2024-11-11/2024-11-17,-1788.03281786
WEDNESDAY|FADE|H15_10,2024-11-25/2024-12-01,-2611.6341054574996
WEDNESDAY|FADE|H15_10,2024-12-02/2024-12-08,722.0760867325007
WEDNESDAY|FADE|H15_10,2024-12-09/2024-12-15,-2584.1514257525
WEDNESDAY|FADE|H15_10,2024-12-16/2024-12-22,-3983.1039300725
WEDNESDAY|FADE|H15_10,2024-12-30/2025-01-05,-1802.7221113325013
WEDNESDAY|FADE|H15_10,2025-01-06/2025-01-12,-2679.602319005001
WEDNESDAY|FADE|H15_10,2025-01-13/2025-01-19,-1335.355233785001
WEDNESDAY|FADE|H15_10,2025-01-20/2025-01-26,-2553.9986596325007
WEDNESDAY|FADE|H15_10,2025-01-27/2025-02-02,-1512.4125989899999
WEDNESDAY|FADE|H15_10,2025-02-03/2025-02-09,1295.6469101799992
WEDNESDAY|FADE|H15_10,2025-02-10/2025-02-16,-1560.190336745
WEDNESDAY|FADE|H15_10,2025-02-17/2025-02-23,1587.8178143575
WEDNESDAY|FADE|H15_10,2025-03-03/2025-03-09,3931.9195119249994
WEDNESDAY|FADE|H15_10,2025-03-10/2025-03-16,-2295.3148955900006
WEDNESDAY|FADE|H15_10,2025-03-17/2025-03-23,-2359.4557528925006
WEDNESDAY|FADE|H15_10,2025-03-24/2025-03-30,3712.748262962501
WEDNESDAY|FADE|H15_10,2025-03-31/2025-04-06,-1801.0848049700007
WEDNESDAY|FADE|H15_10,2025-04-07/2025-04-13,-1080.9599426300006
WEDNESDAY|FADE|H15_10,2025-04-14/2025-04-20,-1866.2225874875005
WEDNESDAY|FADE|H15_10,2025-04-21/2025-04-27,-2488.1627293025
WEDNESDAY|FADE|H15_10,2025-04-28/2025-05-04,-30.885580834999843
WEDNESDAY|FADE|H15_10,2025-05-05/2025-05-11,-2884.5158429300004
WEDNESDAY|FADE|H15_10,2025-05-12/2025-05-18,956.0597988775012
WEDNESDAY|FADE|H15_10,2025-05-19/2025-05-25,-1377.1175503550007
WEDNESDAY|FADE|H15_10,2025-05-26/2025-06-01,-1764.1009515799988
WEDNESDAY|FADE|H15_10,2025-06-02/2025-06-08,-1688.5766239250006
WEDNESDAY|FADE|H15_10,2025-06-09/2025-06-15,-851.8562839850002
WEDNESDAY|FADE|H15_10,2025-06-16/2025-06-22,-3169.1744469725
WEDNESDAY|FADE|H15_10,2025-06-23/2025-06-29,-2132.2851957575003
WEDNESDAY|FADE|H15_10,2025-06-30/2025-07-06,3397.23575305
WEDNESDAY|FADE|H15_10,2025-07-07/2025-07-13,-420.27614591000054
WEDNESDAY|FADE|H15_10,2025-07-14/2025-07-20,-2602.3112086475
WEDNESDAY|FADE|H15_10,2025-07-21/2025-07-27,-2175.988582655
WEDNESDAY|FADE|H15_10,2025-07-28/2025-08-03,-1292.7204817775005
WEDNESDAY|FADE|H15_10,2025-08-04/2025-08-10,-2767.327787405
WEDNESDAY|FADE|H15_10,2025-08-11/2025-08-17,-2167.4873261225002
WEDNESDAY|FADE|H15_10,2025-08-18/2025-08-24,-3250.9243382750005
WEDNESDAY|FADE|H15_10,2025-09-01/2025-09-07,-2593.3478381600007
WEDNESDAY|FADE|H15_10,2025-09-08/2025-09-14,-497.8939196900012
WEDNESDAY|FADE|H15_10,2025-09-15/2025-09-21,-1042.9124409125009
WEDNESDAY|FADE|H15_10,2025-09-22/2025-09-28,-253.10635973749956
WEDNESDAY|FADE|H15_10,2025-09-29/2025-10-05,-3064.7691493625002
WEDNESDAY|FADE|H15_10,2025-10-06/2025-10-12,-3831.732581224999
WEDNESDAY|FADE|H15_10,2025-10-27/2025-11-02,-917.9760513950008
WEDNESDAY|FADE|H15_10,2025-11-10/2025-11-16,-1579.5741125825002
WEDNESDAY|FADE|H15_10,2025-11-17/2025-11-23,-1971.406699032499
WEDNESDAY|FADE|H15_10,2025-11-24/2025-11-30,3401.8180361425
WEDNESDAY|FADE|H15_10,2025-12-01/2025-12-07,-848.0757336500009
WEDNESDAY|FADE|H15_10,2025-12-08/2025-12-14,2561.294236727501
WEDNESDAY|FADE|H15_10,2025-12-15/2025-12-21,1440.652277650001
WEDNESDAY|FADE|H15_10,2025-12-22/2025-12-28,1125.8239725399994
WEDNESDAY|FADE|H15_10,2025-12-29/2026-01-04,-1770.5236422774997
WEDNESDAY|FADE|H15_10,2026-01-05/2026-01-11,-247.41900789499982
WEDNESDAY|FADE|H15_10,2026-01-12/2026-01-18,-1738.447665793
WEDNESDAY|FADE|H15_10,2026-01-19/2026-01-25,-1774.3266266574992
WEDNESDAY|FADE|H15_10,2026-01-26/2026-02-01,83.67940849400216
WEDNESDAY|FADE|H15_10,2026-02-02/2026-02-08,179.4679859565
WEDNESDAY|FADE|H15_10,2026-02-09/2026-02-15,588.3067313104996
WEDNESDAY|FADE|H15_10,2026-02-16/2026-02-22,-1564.1151604395006
WEDNESDAY|FADE|H15_10,2026-02-23/2026-03-01,1736.637261228499
WEDNESDAY|FADE|H15_10,2026-03-02/2026-03-08,637.2603192805423
WEDNESDAY|FADE|H15_10,2026-03-09/2026-03-15,-2818.583905932644
WEDNESDAY|FADE|H15_10,2026-03-16/2026-03-22,-739.0180836160614
WEDNESDAY|FADE|H15_10,2026-03-23/2026-03-29,-941.4281189901659
WEDNESDAY|FADE|H15_10,2026-03-30/2026-04-05,1183.489491900062
WEDNESDAY|FADE|H15_10,2026-04-06/2026-04-12,-1545.6497316443722
WEDNESDAY|FADE|H15_10,2026-04-13/2026-04-19,-462.31159292237703
WEDNESDAY|FADE|H15_10,2026-04-20/2026-04-26,-831.752976825528
WEDNESDAY|FADE|H15_10,2026-04-27/2026-05-03,-781.9942031635292
WEDNESDAY|FADE|H15_10,2026-05-04/2026-05-10,-2029.654643344684
WEDNESDAY|FADE|H15_10,2026-05-11/2026-05-17,-714.0994400644431
WEDNESDAY|FADE|H15_10,2026-05-18/2026-05-24,1737.6575602345945
WEDNESDAY|FADE|H15_10,2026-06-22/2026-06-28,1180.062054016971
WEDNESDAY|FADE|H15_10,2026-06-29/2026-07-05,-1229.40137300667
