entry_day,entry_time,expiry_choice,strike_method,trigger,action,risk,trades,weeks_completed,eligible_weeks,mean_weekly_net,median_weekly_net,profitable_week_rate,profit_factor,max_drawdown,weekly_q05,weekly_es05,execution_coverage,avg_capital_proxy,peak_capital_proxy,gross_pnl,costs,net_pnl,cost_share,gate,regime,fold,stage
TUE,10:00,nearest_weekly,sigma1,touch,add_short,no_stop,19,19,19,7134.237761301431,5106.9053594725,0.8421052631578947,12.19297692263824,-11901.396519355803,-4183.959689747022,-8159.1214720915,1.0,14692.020394736835,25927.68749999999,137906.2,2355.682535272804,135550.5174647272,0.0170817739541282,False,base,2,train
TUE,09:20,nearest_weekly,sigma1,touch,add_short,no_stop,19,19,19,6535.666094299289,4049.9189105565,0.8421052631578947,6.590166460632696,-17831.760690871997,-5586.841153193594,-16431.963843943995,1.0,14767.569078947368,26695.49999999999,126553.75,2376.0942083135,124177.65579168651,0.0187753757459854,False,base,2,train
TUE,10:00,nearest_weekly,sigma1,ninety_pct,add_short,no_stop,19,19,19,6523.359212990226,5106.9053594725,0.8421052631578947,10.788114688382391,-12453.7640698737,-4584.507298941612,-8279.8504549309,1.0,14692.020394736835,25927.68749999999,126283.05,2339.2249531857,123943.8250468143,0.018523665315224,False,base,2,train
TUE,10:00,nearest_weekly,delta020,touch,add_short,no_stop,19,19,19,6256.694621254321,9160.5158741405,0.7894736842105263,2.6580180006066945,-44322.917107103,-22044.6240540295,-22307.501677954,1.0,16049.299999999994,28765.75000000001,121395.85,2518.652196167901,118877.1978038321,0.0207474324383238,False,base,2,train
WED,09:20,nearest_weekly,sigma1,touch,add_short,no_stop,19,19,19,6129.993062662637,3410.57456595,0.7894736842105263,5.494529196188283,-18533.59545795349,-8940.959291420946,-9674.095775921496,1.0,13389.244736842104,28159.625000000025,118832.85,2362.9818094098982,116469.86819059012,0.0198849207892421,False,base,2,train
TUE,11:00,nearest_weekly,sigma1,touch,add_short,no_stop,19,19,19,5918.0383591804175,3630.6128733831,0.8421052631578947,9.877479532675387,-12486.351020880706,-2766.2291424475898,-10589.358470431302,1.0,14256.146710526316,25410.12500000001,114802.15,2359.4211755720985,112442.72882442792,0.0205520643609209,False,base,2,train
TUE,10:00,nearest_weekly,delta020,ninety_pct,add_short,no_stop,19,19,19,5774.297757565367,8453.5034212025,0.7894736842105263,2.4485633443550574,-47519.638830135504,-23667.64997655595,-23875.0312132075,1.0,16195.549999999996,28765.75000000001,112241.0,2529.342606258001,109711.657393742,0.0225349257959034,False,base,2,train
TUE,09:20,nearest_weekly,sigma1,ninety_pct,add_short,no_stop,19,19,19,5722.927234392105,6045.650273299999,0.7894736842105263,5.186968903326681,-17331.968665138993,-5501.162520210795,-15575.177514115996,1.0,14905.144736842103,26695.49999999999,111113.5,2377.882546550003,108735.61745345002,0.0214004828085696,False,base,2,train
WED,10:00,nearest_weekly,sigma1,touch,add_short,no_stop,19,19,19,5540.944405246017,3826.2194993275,0.8421052631578947,3.420572972480868,-31752.157511462,-13255.746278405712,-26890.016442574,1.0,13282.513815789482,28856.74999999999,107608.65,2330.706300325699,105277.94369967432,0.0216590980402198,False,base,2,train
FRI,10:00,nearest_weekly,sigma1,touch,add_short,no_stop,20,20,20,5376.914484146401,2142.0765029205,0.9,6.011789645199592,-18878.997528377,-3393.112742281245,-18878.997528377,1.0,10648.310000000003,22437.99999999999,109889.5,2351.210317071996,107538.28968292802,0.0213961326338912,False,base,2,train
FRI,09:20,nearest_weekly,sigma1,ninety_pct,add_short,no_stop,20,20,20,5347.15394678035,3507.3335540175,0.9,5.232062698066072,-18041.689657107,-7768.722182853419,-18041.689657107,1.0,10924.52625,22534.6875,109343.0,2399.921064392999,106943.07893560705,0.0219485569665456,False,base,2,train
FRI,10:00,nearest_weekly,sigma1,ninety_pct,add_short,no_stop,20,20,20,5224.662622796801,2302.91930650825,0.9,5.824633297363611,-19080.212499776,-3403.1734908511958,-19080.212499776,1.0,10827.841250000003,22437.99999999999,106887.5,2394.2475440639955,104493.252455936,0.0223996963542415,False,base,2,train
WED,10:00,nearest_weekly,sigma1,ninety_pct,add_short,no_stop,19,19,19,5217.104418215696,3520.5399813542003,0.8421052631578947,3.195739061956902,-33381.349699241,-13438.527362102352,-28519.208630353,1.0,13538.352631578957,28856.74999999999,101494.3,2369.316053901798,99124.9839460982,0.0233443262715423,False,base,2,train
THU,11:00,nearest_weekly,sigma1,ninety_pct,add_short,no_stop,18,18,18,5196.721661418118,3967.9276144575,0.8888888888888888,3.5040429620074063,-37355.9844318875,-12995.46117622412,-26795.8937012575,1.0,12188.85972222221,22849.124999999975,95773.85,2232.860094473897,93540.9899055261,0.0233138805057319,False,base,2,train
FRI,10:00,nearest_weekly,delta020,touch,add_short,no_stop,20,20,20,5074.355306000981,3576.0901069395004,0.8,3.793189687311072,-26747.2434744635,-7208.148035434418,-26747.2434744635,1.0,11404.285000000002,24095.49999999999,104025.1,2537.9938799804004,101487.1061200196,0.0243978989684258,False,base,2,train
TUE,11:00,nearest_weekly,sigma1,ninety_pct,add_short,no_stop,19,19,19,5055.768011769412,3630.6128733831,0.7894736842105263,6.124396079828578,-13235.389978927298,-5895.536759221239,-10981.4031243829,1.0,14256.146710526316,25410.12500000001,98395.8,2336.207776381202,96059.5922236188,0.0237429623660888,False,base,2,train
FRI,10:00,nearest_weekly,delta020,ninety_pct,add_short,no_stop,20,20,20,5043.358297573635,3587.235496225,0.8,3.7539392718915696,-27134.0954839919,-7227.490635910838,-27134.0954839919,1.0,11495.09125,24095.49999999999,103427.95,2560.7840485273027,100867.16595147272,0.0247591105550028,False,base,2,train
TUE,09:20,nearest_weekly,delta020,touch,add_short,no_stop,19,19,19,5010.9521955390055,9218.2719594066,0.7368421052631579,2.2110078820427144,-35586.977690158004,-25071.87512959705,-29738.590445017,1.0,16171.746710526317,29157.37499999999,97763.35,2555.2582847588974,95208.09171524108,0.026137180085982,False,base,2,train
FRI,09:20,nearest_weekly,delta020,touch,add_short,no_stop,20,20,20,4926.027132211925,3699.8637879095,0.9,3.0961236524334628,-26000.770023955003,-21250.544706410143,-26000.770023955,1.0,11473.332499999997,24866.5625,101017.25,2496.7073557614967,98520.5426442385,0.0247156535716572,False,base,2,train
WED,11:00,nearest_weekly,sigma1,touch,add_short,no_stop,19,19,19,4925.974028755948,3380.600735125,0.7894736842105263,3.089397126988454,-36457.007866121,-10915.043087049697,-27370.329990574,1.0,13517.09144736842,28474.874999999996,95963.0,2369.4934536369983,93593.50654636302,0.0246917400835425,False,base,2,train
THU,11:00,nearest_weekly,delta020,touch,add_short,no_stop,18,18,18,4921.8676915583455,4976.9086816691,0.8333333333333334,2.166089868870499,-74573.172890708,-33809.055883562345,-42254.48724791349,1.0,12728.364583333332,24349.000000000025,90934.80000000002,2341.1815519498,88593.6184480502,0.0257457161829112,False,base,2,train
TUE,11:00,nearest_weekly,delta020,ninety_pct,add_short,no_stop,19,19,19,4836.527458939874,8386.0989022475,0.7368421052631579,2.228255026511172,-33404.3683792604,-20808.961236113348,-24225.5347117735,1.0,15686.868421052632,27713.56250000001,94469.1,2575.0782801424057,91894.0217198576,0.0272584186802076,False,base,2,train
TUE,11:00,nearest_weekly,delta020,touch,add_short,no_stop,19,19,19,4810.16001212471,8995.000333151,0.7368421052631579,2.264065193559893,-30742.48903181749,-19436.804947282748,-22596.3425239945,1.0,15532.881578947368,27713.56250000001,93943.75,2550.7097696305027,91393.04023036949,0.0271514578631415,False,base,2,train
FRI,09:20,nearest_weekly,sigma1,touch,add_short,no_stop,20,20,20,4737.222529823375,3221.4511764812496,0.9,4.779420240002962,-17840.474685707995,-7758.661434283469,-17840.474685707995,1.0,10614.795,18027.75,97079.75,2335.2994035325,94744.4505964675,0.0240554740152555,False,base,2,train
WED,09:20,nearest_weekly,sigma1,ninety_pct,add_short,no_stop,19,19,19,4650.423731550426,3410.57456595,0.7894736842105263,2.7818178762759427,-41419.9760264075,-20488.00246411195,-20987.4699495685,1.0,13655.613157894735,28159.625000000025,90728.35,2370.2991005419017,88358.05089945809,0.0261252309839416,False,base,2,train
TUE,09:20,nearest_weekly,delta020,ninety_pct,add_short,no_stop,19,19,19,4649.636488836674,8064.041146452499,0.7368421052631579,2.1034005763126595,-37292.11230262629,-25571.60224727476,-31254.1935360385,1.0,16311.799342105263,29157.37499999999,90912.30000000002,2569.206712103195,88343.0932878968,0.0282602762453836,False,base,2,train
THU,11:00,nearest_weekly,delta020,ninety_pct,add_short,no_stop,18,18,18,4621.96436483454,5251.37048054,0.8333333333333334,2.1173409218960417,-72236.48290026799,-34033.3132145893,-39096.710358055,1.0,12848.562499999998,24349.000000000025,85552.55000000002,2357.191432978301,83195.35856702171,0.0275525560953858,False,base,2,train
FRI,09:20,nearest_weekly,delta020,ninety_pct,add_short,no_stop,20,20,20,4610.935970733949,3712.8453989675,0.9,2.900754336763088,-26513.543660746,-22228.871369768676,-26513.543660746,1.0,11473.332499999997,24866.5625,94706.5,2487.7805853209984,92218.71941467898,0.0262683193373316,False,base,2,train
THU,10:00,nearest_weekly,delta020,touch,add_short,no_stop,18,18,18,4423.440153549395,6874.68552144875,0.7777777777777778,1.881510166297836,-75981.67769050099,-34229.335541565095,-43364.41499337249,1.0,13231.786805555555,25987.8125,82019.85,2397.927236110898,79621.92276388913,0.0292359378383512,False,base,2,train
THU,10:00,second_nearest_weekly,sigma2,touch,add_short,no_stop,18,18,18,4419.931637903361,1372.82483952325,1.0,inf,0.0,497.4907731841,486.4666751355,1.0,20399.200694444444,28635.75,81431.25,1872.4805177395,79558.7694822605,0.0229946183773367,False,base,2,train
THU,11:00,second_nearest_weekly,sigma2,touch,add_short,no_stop,18,18,18,4412.597591528529,1344.995881859,1.0,inf,0.0,632.991474277325,470.239661313,1.0,20310.82152777777,28030.60000000001,81289.75,1862.9933524865016,79426.75664751351,0.0229179367938331,False,base,2,train
WED,11:00,nearest_weekly,sigma1,ninety_pct,add_short,no_stop,19,19,19,4360.653054720869,4108.8200635025,0.7894736842105263,2.4094060764399576,-49659.206448707,-21493.668061153898,-28999.522178353,1.0,13598.09342105263,28474.874999999996,85230.25,2377.8419603034963,82852.4080396965,0.027899037727843,False,base,2,train
WED,10:00,nearest_weekly,delta020,touch,add_short,no_stop,19,19,19,4342.771753355737,4960.855263565,0.7894736842105263,1.9531642418066997,-62277.83013058551,-24725.46123053335,-39155.732358742,1.0,14209.348026315783,30973.31249999999,84992.5,2479.836686240998,82512.663313759,0.0291771237019854,False,base,2,train
FRI,11:00,second_nearest_weekly,sigma2,ninety_pct,add_short,no_stop,20,20,20,4289.260050096275,1437.73950701375,1.0,inf,0.0,472.657795116625,433.5323500975,1.0,19626.7,28335.9375,87893.75,2108.548998074498,85785.20100192551,0.0239897489647955,False,base,2,train
MON,11:00,second_nearest_weekly,sigma2,ninety_pct,add_short,no_stop,18,18,18,4287.279208236833,1351.11221783825,1.0,inf,0.0,638.554428585625,590.8095609925,1.0,17836.281944444447,27289.43749999998,79086.0,1914.974251737002,77171.025748263,0.0242138210522343,False,base,2,train
THU,10:00,nearest_weekly,delta020,ninety_pct,add_short,no_stop,18,18,18,4261.271822632896,7446.345384345001,0.7777777777777778,1.8224009029763777,-74339.50389166399,-35043.931635454595,-40206.63810351399,1.0,13355.109722222223,25987.8125,79120.35,2417.4571926078943,76702.89280739211,0.0305541771820763,False,base,2,train
WED,10:00,nearest_weekly,delta020,ninety_pct,add_short,no_stop,19,19,19,4235.850330143974,5060.5603209125,0.7894736842105263,1.9010837550449464,-64393.832733039504,-26240.41524100195,-39642.542773417,1.0,14344.924342105263,30973.31249999999,82978.25,2497.093727264498,80481.1562727355,0.0300933525021857,False,base,2,train
WED,11:00,second_nearest_weekly,sigma2,touch,add_short,no_stop,18,18,19,4214.891679002651,1458.9594481662502,1.0,inf,0.0,679.9328955427001,505.9270077805,0.9473684210526316,20354.634027777774,27793.18749999998,77725.95,1857.899777952299,75868.0502220477,0.0239032109347302,False,base,2,train
WED,09:20,second_nearest_weekly,sigma2,ninety_pct,add_short,no_stop,19,19,19,4211.303176396263,1643.062024285,1.0,inf,0.0,574.9737231618,407.652534342,1.0,21305.56907894737,28037.750000000025,82020.5,2005.739648471001,80014.760351529,0.024454126083979,False,base,2,train
MON,09:20,second_nearest_weekly,sigma2,touch,add_short,no_stop,18,18,18,4179.935587643833,1325.40328975875,1.0,inf,0.0,667.3885839163751,485.9580870624999,1.0,17881.368749999998,27967.87499999998,77119.5,1880.6594224110008,75238.840577589,0.0243863020690097,False,base,2,train
WED,09:20,second_nearest_weekly,sigma2,touch,add_short,no_stop,19,19,19,4159.815040605422,1638.5846565330005,1.0,inf,0.0,577.0128080679499,428.0433834035,1.0,20851.595394736843,28037.750000000025,80993.5,1957.0142284970009,79036.48577150301,0.0241626084623704,False,base,2,train
FRI,10:00,second_nearest_weekly,sigma2,ninety_pct,add_short,no_stop,20,20,20,4150.32481146353,1477.0588097375,1.0,inf,0.0,589.0094579818001,441.0217410925,1.0,19665.501875,28379.81250000001,85111.1,2104.603770729401,83006.4962292706,0.0247277237719803,False,base,2,train
MON,10:00,second_nearest_weekly,sigma2,touch,add_short,no_stop,18,18,18,4094.6259270892497,1375.07826902225,1.0,inf,0.0,638.179959035875,482.213391565,1.0,17820.42430555556,28021.500000000025,75581.75,1878.4833123935,73703.26668760649,0.0248536625890972,False,base,2,train
FRI,11:00,nearest_weekly,sigma1,ninety_pct,add_short,no_stop,20,20,20,4074.157436129135,2286.03437462825,0.9,3.663856048914064,-28062.280674638903,-3802.946777573941,-28062.280674638903,1.0,10566.698125000004,21676.68750000001,83869.45,2386.3012774172994,81483.14872258271,0.0284525685743414,False,base,2,train
WED,10:00,second_nearest_weekly,sigma2,touch,add_short,no_stop,19,19,19,3992.190482077662,1554.204184656,1.0,inf,0.0,516.3237763718,405.325564052,1.0,20617.90263157895,27525.06249999998,77804.1,1952.4808405244032,75851.61915947558,0.0250948322842164,False,base,2,train
THU,11:00,nearest_weekly,sigma1,touch,add_short,no_stop,18,18,18,3875.349737693845,3084.7628193175,0.8888888888888888,2.952492538425202,-35726.792244108496,-12751.08234805727,-25166.7015134785,1.0,11447.718055555544,19103.499999999975,71860.7,2104.4047215107985,69756.29527848921,0.029284500728643,False,base,2,train
FRI,11:00,nearest_weekly,delta020,touch,add_short,no_stop,20,20,20,3840.743328776725,3379.7351062647504,0.75,2.4405260349734537,-33023.0997592525,-7562.383912009199,-33023.0997592525,1.0,11092.999374999996,23770.49999999999,79332.75,2517.883424465502,76814.86657553448,0.0317382597283656,False,base,2,train
MON,11:00,second_nearest_weekly,sigma2,touch,add_short,no_stop,18,18,18,3780.4550972751945,1351.11221783825,1.0,inf,0.0,638.554428585625,590.8095609925,1.0,17836.281944444447,27289.43749999998,69950.25,1902.0582490465013,68048.1917509535,0.0271915861493919,False,base,2,train
WED,11:00,second_nearest_weekly,sigma2,ninety_pct,add_short,no_stop,18,18,19,3763.501315562567,1458.9594481662502,1.0,inf,0.0,672.9797848660751,459.572936603,0.9473684210526316,20832.167361111107,27793.18749999998,69636.7,1893.6763198737983,67743.0236801262,0.0271936539191805,False,base,2,train
WED,09:20,nearest_weekly,delta020,touch,add_short,no_stop,19,19,19,3735.393769473973,5294.140134347499,0.7894736842105263,1.769223127238944,-68553.5555134865,-32331.24102269065,-36708.698674309,1.0,14388.330263157894,30750.687499999975,73466.25,2493.7683799945007,70972.48162000549,0.0339444082145815,False,base,2,train
TUE,09:20,second_nearest_weekly,sigma2,touch,add_short,no_stop,19,19,19,3723.3593973741577,1849.0272481525,1.0,inf,0.0,686.70681731095,619.516104538,1.0,21781.20526315789,31484.70000000002,72689.0,1945.171449891,70743.828550109,0.0267601899859813,False,base,2,train
TUE,10:00,second_nearest_weekly,delta020,touch,add_short,stop_2x_credit,19,19,19,3702.230508165053,9375.624847101,0.7368421052631579,1.5676701718382269,-82057.40996205699,-30720.357275206592,-44654.629292623,1.0,21745.063157894736,35389.24999999999,73105.0,2762.620344864,70342.37965513601,0.0377897591801381,False,base,2,train
TUE,10:00,second_nearest_weekly,sigma2,touch,add_short,no_stop,19,19,19,3695.847195327079,1739.1809248575,1.0,inf,0.0,718.4150875788,615.303933531,1.0,21992.452631578937,31161.64999999999,72189.25,1968.1532887855008,70221.0967112145,0.0272638002027379,False,base,2,train
TUE,10:00,second_nearest_weekly,sigma2,ninety_pct,add_short,no_stop,19,19,19,3695.505573983448,1739.1809248575,1.0,inf,0.0,717.7660070259001,608.813128002,1.0,21992.452631578937,31161.64999999999,72182.75,1968.1440943145008,70214.6059056855,0.0272661279088771,False,base,2,train
FRI,11:00,nearest_weekly,sigma1,touch,add_short,no_stop,20,20,20,3673.0750345637302,2094.2392046688,0.9,3.432373700906608,-27675.4286651105,-3783.60417709752,-27675.4286651105,1.0,10270.590625,17660.49999999999,75789.1,2327.5993087254,73461.50069127462,0.0307115311928153,False,base,2,train
FRI,09:20,second_nearest_weekly,sigma2,ninety_pct,add_short,no_stop,20,20,20,3658.141158735375,1240.26923111225,1.0,inf,0.0,570.1476724193001,433.5323500975,1.0,19557.18562500001,28352.999999999996,75229.75,2066.9268252924985,73162.82317470749,0.0274748596837354,False,base,2,train
TUE,11:00,second_nearest_weekly,sigma2,touch,add_short,no_stop,19,19,19,3621.438147834079,1560.685694845,1.0,inf,0.0,631.6514276917,561.0988547769999,1.0,21754.99539473684,30999.799999999985,70749.75,1942.4251911525,68807.3248088475,0.0274548700334983,False,base,2,train
TUE,11:00,second_nearest_weekly,sigma2,ninety_pct,add_short,no_stop,19,19,19,3618.998459877369,1560.685694845,1.0,inf,0.0,627.01602057395,514.7447835994999,1.0,21945.009210526317,30999.799999999985,70727.0,1966.02926233,68760.97073767001,0.0277974360898949,False,base,2,train
TUE,09:20,second_nearest_weekly,sigma2,ninety_pct,add_short,no_stop,19,19,19,3597.9367523416577,1849.0272481525,1.0,inf,0.0,682.0714101932,573.1620333605,1.0,21971.407236842104,31484.70000000002,70326.25,1965.451705508499,68360.7982944915,0.027947625609335,False,base,2,train
MON,09:20,second_nearest_weekly,sigma2,ninety_pct,add_short,no_stop,18,18,18,3578.587101987888,1325.40328975875,1.0,inf,0.0,667.3885839163751,485.9580870624999,1.0,18138.31736111111,27967.87499999998,66303.5,1888.932164218,64414.567835782,0.0284891772563741,False,base,2,train
FRI,09:20,second_nearest_weekly,sigma2,touch,add_short,no_stop,20,20,20,3572.6712409920247,1240.26923111225,1.0,inf,0.0,570.1476724193001,433.5323500975,1.0,19273.655625000007,27899.625000000025,73494.25,2040.8251801595004,71453.4248198405,0.0277685013475135,False,base,2,train
WED,10:00,second_nearest_weekly,sigma2,ninety_pct,add_short,no_stop,19,19,19,3563.0199072804,1554.204184656,1.0,inf,0.0,514.2846914656501,384.9347149905,1.0,21073.621052631574,27525.06249999998,69685.6,1988.2217616724008,67697.3782383276,0.0285313143844983,False,base,2,train
FRI,11:00,second_nearest_weekly,sigma2,touch,add_short,no_stop,20,20,20,3536.4221489197253,1081.99343475125,1.0,inf,0.0,449.899760122125,433.5323500975,1.0,19191.338125,28198.624999999996,72768.25,2039.807021605497,70728.44297839451,0.028031552519203,False,base,2,train
MON,10:00,second_nearest_weekly,sigma2,ninety_pct,add_short,no_stop,18,18,18,3493.2774414333053,1375.07826902225,1.0,inf,0.0,638.179959035875,482.213391565,1.0,18067.613888888893,28021.500000000025,64765.75,1886.7560542004992,62878.9939457995,0.0291320034771541,False,base,2,train
FRI,10:00,second_nearest_weekly,sigma2,touch,add_short,no_stop,20,20,20,3397.48691028698,1130.67447621875,1.0,inf,0.0,447.1910970455999,441.0217410925,1.0,19228.53125,28320.499999999996,69985.6,2035.8617942604017,67949.7382057396,0.0290897240898184,False,base,2,train
THU,11:00,second_nearest_weekly,sigma2,ninety_pct,add_short,no_stop,18,18,18,3334.3579991946663,1344.995881859,1.0,inf,0.0,632.991474277325,470.239661313,1.0,20582.11527777777,28030.60000000001,61877.5,1859.056014496001,60018.443985504,0.0300441358247505,False,base,2,train
FRI,11:00,nearest_weekly,delta020,ninety_pct,add_short,no_stop,20,20,20,3322.1994491358755,3379.7351062647504,0.75,2.033997411363452,-33023.0997592525,-17883.32602327015,-33023.0997592525,1.0,11181.011874999997,23770.49999999999,68970.75,2526.761017282501,66443.9889827175,0.0366352550506193,False,base,2,train
THU,09:20,second_nearest_weekly,sigma2,touch,add_short,no_stop,18,18,18,3250.094446854445,1583.4081618665,1.0,inf,0.0,544.719842166975,470.227577371,1.0,20464.23611111112,28644.20000000002,60368.5,1866.7999566199987,58501.700043380006,0.0309234113257741,False,base,2,train
THU,09:20,nearest_weekly,delta020,ninety_pct,add_short,no_stop,18,18,18,3117.387800619916,5053.11167992875,0.7777777777777778,1.5420121311030974,-86868.2368381145,-36914.15444968158,-52748.35266102252,1.0,13131.847222222226,26664.625000000025,58484.24999999999,2371.2695888414987,56112.98041115848,0.040545438965901,False,base,2,train
WED,09:20,nearest_weekly,sigma1,touch,add_short,stop_2x_credit,19,19,19,3102.200761984928,3193.372931755,0.6842105263157895,2.0359885045854083,-31315.56392038449,-13530.576154215549,-15581.196041799993,1.0,13389.244736842104,28159.625000000025,61330.60000000001,2388.785522286401,58941.81447771362,0.0389493258224507,False,base,2,train
FRI,11:00,second_nearest_weekly,sigma1,touch,add_short,no_stop,19,19,20,3078.859382065847,7196.4524185825,0.7894736842105263,1.6535763675172572,-82419.54342083601,-36080.039125272,-47621.9374418505,0.95,16897.351315789467,27239.0625,60951.350000000006,2453.0217407489044,58498.328259251095,0.0402455686502252,False,base,2,train
FRI,09:20,second_nearest_weekly,sigma1,touch,add_short,no_stop,20,20,20,3048.335432342336,6019.374448205,0.85,1.654316376993834,-75861.4790248945,-27502.88313799452,-49517.2465951725,1.0,17068.53125,26986.37500000001,63534.05,2567.341353153304,60966.70864684669,0.0404089044087903,False,base,2,train
THU,10:00,second_nearest_weekly,sigma2,ninety_pct,add_short,no_stop,18,18,18,3041.6233311457504,1415.01820190975,1.0,inf,0.0,484.866666429,475.7999504255,1.0,20857.568055555555,28635.75,56633.75,1884.530039376502,54749.2199606235,0.0332757417507493,False,base,2,train
WED,09:20,nearest_weekly,delta020,ninety_pct,add_short,no_stop,19,19,19,2961.5294427904523,5294.140134347499,0.7368421052631579,1.5807569680671518,-70555.969019183,-33743.9648460775,-37195.509088984,1.0,14514.942105263155,30750.687499999975,58765.600000000006,2496.5405869814026,56269.05941301859,0.0424830272639333,False,base,2,train
TUE,10:00,second_nearest_weekly,delta020,ninety_pct,add_short,stop_2x_credit,19,19,19,2931.2446070631067,9439.518050079998,0.7368421052631579,1.4455326851117771,-82368.968627449,-31376.577714188494,-44966.187958015,1.0,21745.063157894736,35389.24999999999,58435.5,2741.852465800997,55693.64753419904,0.0469210063369184,False,base,2,train
THU,09:20,nearest_weekly,delta020,touch,add_short,no_stop,18,18,18,2787.2723505243325,5053.11167992875,0.7777777777777778,1.5021846044095757,-83678.00592061102,-35374.697648341,-51073.72483454052,1.0,12835.573611111116,23403.250000000007,52509.99999999999,2339.0976905620023,50170.90230943797,0.0445457568189297,False,base,2,train
TUE,10:00,second_nearest_weekly,sigma1,touch,add_short,stop_2x_credit,19,19,19,2755.808950852844,6009.37697437,0.7368421052631579,1.549746394908092,-62650.24410008349,-24534.6703224808,-33240.922841398,1.0,19520.76118421052,29713.937499999996,54849.500000000015,2489.1299337960045,52360.370066204014,0.0453810870435647,False,base,2,train
FRI,11:00,second_nearest_weekly,sigma1,ninety_pct,add_short,no_stop,19,19,20,2705.726920594558,7196.4524185825,0.7894736842105263,1.5414077080347526,-86365.929865668,-37913.0317766216,-49770.3813780995,0.95,17327.78026315789,27239.0625,53899.100000000006,2490.2885087033983,51408.811491296605,0.0462027846235539,False,base,2,train
THU,10:00,nearest_weekly,sigma1,touch,add_short,no_stop,18,18,18,2645.802526229067,3459.2323690675003,0.8333333333333334,1.7015949037613018,-59095.10692746499,-27482.81293195585,-32497.182794842,1.0,11902.19722222222,22198.312499999996,49789.3,2164.8545278767992,47624.4454721232,0.0434803166117378,False,base,2,train
FRI,09:20,second_nearest_weekly,sigma1,ninety_pct,add_short,no_stop,20,20,20,2608.1536881503357,6019.374448205,0.85,1.5313851387398172,-81291.00577012799,-30727.334003342246,-51665.6905314215,1.0,17334.584375,26986.37500000001,54731.55,2568.4762369932964,52163.07376300671,0.0469286222844647,False,base,2,train
THU,09:20,second_nearest_weekly,sigma2,ninety_pct,add_short,no_stop,18,18,18,2561.069547232028,1583.4081618665,1.0,inf,0.0,537.76673149035,423.8735061935,1.0,20923.668750000004,28644.20000000002,47995.75,1896.498149823498,46099.2518501765,0.0395138767458264,False,base,2,train
TUE,09:20,second_nearest_weekly,delta020,touch,add_short,stop_2x_credit,19,19,19,2535.6588849872683,7785.377492496,0.631578947368421,1.3854026069124106,-83946.454118747,-27140.9508715036,-42413.0486466235,1.0,21255.236184210527,35784.12499999998,50912.350000000006,2734.8311852419024,48177.518814758114,0.0537164594689088,False,base,2,train
WED,11:00,nearest_weekly,delta020,touch,add_short,no_stop,19,19,19,2445.680594405032,4518.98119486,0.6842105263157895,1.454046372777798,-69816.017188877,-31346.2612836649,-39360.1927329055,1.0,14220.77828947368,30676.74999999999,48985.100000000006,2517.168706304401,46467.93129369561,0.0513864155897283,False,base,2,train
TUE,10:00,second_nearest_weekly,sigma1,ninety_pct,add_short,stop_2x_credit,19,19,19,2444.8635352513784,6009.37697437,0.7368421052631579,1.460057782504967,-65445.25533173899,-27885.2241365506,-34821.4339877095,1.0,19520.76118421052,29713.937499999996,48922.8,2470.392830223804,46452.40716977619,0.0504957367571725,False,base,2,train
FRI,10:00,second_nearest_weekly,sigma1,ninety_pct,add_short,no_stop,19,19,20,2341.0415315127107,6923.089647265,0.7894736842105263,1.4457438866046295,-80635.131872124,-37332.1572581324,-44049.326783474,0.95,17531.032894736843,26740.187499999996,47002.75000000001,2522.960901258502,44479.78909874149,0.0536768785072895,False,base,2,train
TUE,10:00,nearest_weekly,delta020,ninety_pct,protective_next_strike,no_stop,19,19,19,2290.5901474673155,1404.1664835224997,0.6842105263157895,3.5517835336710126,-8625.930468216487,-4240.89290490005,-5256.409982145498,1.0,16195.549999999996,28765.75000000001,46319.5,2798.2871981210005,43521.212801879,0.0604127246218331,False,base,2,train
TUE,10:00,nearest_weekly,delta020,ninety_pct,protective_next_strike,stop_2x_credit,19,19,19,2290.5901474673155,1404.1664835224997,0.6842105263157895,3.5517835336710126,-8625.930468216487,-4240.89290490005,-5256.409982145498,1.0,16195.549999999996,28765.75000000001,46319.5,2798.2871981210005,43521.212801879,0.0604127246218331,False,base,2,train
TUE,11:00,second_nearest_weekly,sigma1,ninety_pct,add_short,stop_2x_credit,19,19,19,2257.757875028896,5578.7439636625,0.7368421052631579,1.442248501302358,-65625.56727836549,-22091.9732258098,-34759.771335184,1.0,20126.43421052632,39188.49999999998,45423.500000000015,2526.100374450998,42897.39962554904,0.0556121913646239,False,base,2,train
THU,09:20,nearest_weekly,sigma1,ninety_pct,add_short,no_stop,18,18,18,2253.9395540920727,3115.1669790943497,0.8333333333333334,1.542962710327642,-71117.70251015748,-30651.543212384877,-42569.29131606999,1.0,12136.08124999999,21909.874999999996,42748.65,2177.7380263426976,40570.91197365729,0.0509428491038359,False,base,2,train
WED,09:20,nearest_weekly,sigma2,ninety_pct,add_short,no_stop,19,19,19,2183.0556919493683,1028.9389342,1.0,inf,0.0,341.7133460328,324.1965369105,1.0,14889.903289473685,22857.249999999975,43429.0,1950.941852962,41478.058147038,0.0449225598784683,False,base,2,train
FRI,10:00,second_nearest_weekly,sigma1,touch,add_short,no_stop,19,19,20,2167.804657999236,6923.089647265,0.7894736842105263,1.435461282691671,-75630.75037711501,-34419.7500249151,-42059.906643110495,0.95,17095.68289473685,26740.187499999996,43663.25000000001,2474.961498014504,41188.28850198549,0.0566829427038643,False,base,2,train
WED,10:00,nearest_weekly,delta020,touch,add_short,stop_2x_credit,19,19,19,2107.660487412817,4530.222252857499,0.631578947368421,1.454406693942806,-43520.54123540199,-23931.78985567269,-25739.526219796,1.0,14209.348026315783,30973.31249999999,42544.25000000001,2498.7007391564957,40045.54926084351,0.0587318083914158,False,base,2,train
WED,10:00,nearest_weekly,delta020,ninety_pct,add_short,stop_2x_credit,19,19,19,2085.105498653764,4530.222252857499,0.631578947368421,1.4392071139997729,-45636.54383785599,-24094.70907445059,-27368.718407575,1.0,14344.924342105263,30973.31249999999,42132.25000000001,2515.245525578499,39617.00447442151,0.0596988180213138,False,base,2,train
TUE,09:20,nearest_weekly,delta020,ninety_pct,protective_next_strike,no_stop,19,19,19,2073.172235704637,743.3937161975,0.5789473684210527,2.796763005831822,-10886.827797233993,-3573.065963656248,-7832.908879630996,1.0,16311.799342105263,29157.37499999999,42232.850000000006,2842.5775216119,39390.2724783881,0.0673072625127572,False,base,2,train
TUE,09:20,nearest_weekly,delta020,ninety_pct,protective_next_strike,stop_2x_credit,19,19,19,2073.172235704637,743.3937161975,0.5789473684210527,2.796763005831822,-10886.827797233993,-3573.065963656248,-7832.908879630996,1.0,16311.799342105263,29157.37499999999,42232.850000000006,2842.5775216119,39390.2724783881,0.0673072625127572,False,base,2,train
WED,11:00,nearest_weekly,sigma1,ninety_pct,add_short,stop_2x_credit,19,19,19,2029.4932302279735,2797.1934434595,0.6842105263157895,1.5621237601360736,-35253.400988432506,-23794.6267096255,-24262.306283188,1.0,13512.763815789473,28474.874999999996,40926.25,2365.878625668497,38560.37137433152,0.0578083412398765,False,base,2,train
TUE,10:00,nearest_weekly,sigma1,touch,add_short,stop_2x_credit,19,19,19,2002.4099981935888,3806.513703219,0.631578947368421,1.5670104230032051,-52714.80136050949,-13473.66137661925,-19686.996930886,1.0,14692.020394736835,25927.68749999999,40445.2,2399.410034321804,38045.7899656782,0.059324964008629,False,base,2,train
THU,10:00,nearest_weekly,sigma1,ninety_pct,add_short,no_stop,18,18,18,1995.8204725611504,3256.0923529836,0.8333333333333334,1.5070320661131056,-62067.895859747,-29026.0019464756,-33902.4421918705,1.0,11902.19722222222,22198.312499999996,38073.05,2148.281493899298,35924.7685061007,0.0564252533983827,False,base,2,train
THU,09:20,nearest_weekly,sigma1,touch,add_short,no_stop,18,18,18,1831.518477122462,3405.8119710375,0.8333333333333334,1.4395748817101348,-72214.64864455849,-29718.81445786757,-45233.76698572449,1.0,11892.638194444437,20772.374999999996,35110.65,2143.3174117956987,32967.3325882043,0.0610446520299595,False,base,2,train
TUE,10:00,nearest_weekly,delta020,touch,protective_next_strike,no_stop,19,19,19,1818.027905190584,79.82803163999955,0.5263157894736842,2.272486711749183,-15153.066345434396,-5166.31910551806,-8488.346049232496,1.0,16049.299999999994,28765.75000000001,37297.65000000001,2755.119801378901,34542.53019862109,0.0738684555562857,False,base,2,train
TUE,10:00,nearest_weekly,delta020,touch,protective_next_strike,stop_2x_credit,19,19,19,1818.027905190584,79.82803163999955,0.5263157894736842,2.272486711749183,-15153.066345434396,-5166.31910551806,-8488.346049232496,1.0,16049.299999999994,28765.75000000001,37297.65000000001,2755.119801378901,34542.53019862109,0.0738684555562857,False,base,2,train
TUE,09:20,nearest_weekly,delta020,touch,protective_next_strike,no_stop,19,19,19,1806.259669900032,76.84754542000002,0.5789473684210527,2.2862916040101657,-12255.68649107949,-4670.428561887498,-7832.908879630996,1.0,16171.746710526317,29157.37499999999,37116.600000000006,2797.6662718994003,34318.93372810061,0.0753750686188767,False,base,2,train
TUE,09:20,nearest_weekly,delta020,touch,protective_next_strike,stop_2x_credit,19,19,19,1806.259669900032,76.84754542000002,0.5789473684210527,2.2862916040101657,-12255.68649107949,-4670.428561887498,-7832.908879630996,1.0,16171.746710526317,29157.37499999999,37116.600000000006,2797.6662718994003,34318.93372810061,0.0753750686188767,False,base,2,train
THU,09:20,nearest_weekly,sigma2,ninety_pct,add_short,no_stop,18,18,18,1775.1721212449722,872.04084052475,1.0,inf,0.0,446.78996645965,288.497106501,1.0,13953.418055555558,20145.9375,33772.25,1819.1518175905,31953.0981824095,0.0538652834084344,False,base,2,train
FRI,09:20,nearest_weekly,sigma2,ninety_pct,add_short,no_stop,20,20,20,1716.3836826972251,677.31318890225,1.0,inf,0.0,249.83053607547495,103.50914892449995,1.0,12335.064375000002,18775.25,36315.75,1988.0763460555,34327.673653944505,0.0547441907727501,False,base,2,train
FRI,11:00,nearest_weekly,sigma2,ninety_pct,add_short,no_stop,20,20,20,1672.25406727148,542.12154802,1.0,inf,0.0,208.83448618385,175.14836077,1.0,12366.841875000004,18789.0625,35455.6,2010.5186545704005,33445.0813454296,0.0567052497932738,False,base,2,train
FRI,10:00,nearest_weekly,sigma2,ninety_pct,add_short,no_stop,20,20,20,1670.24248115833,589.4875971675499,1.0,inf,0.0,272.972754250025,210.607440153,1.0,12286.298125000005,18759.81250000001,35391.6,1986.7503768333995,33404.8496231666,0.0561362124581369,False,base,2,train
WED,11:00,nearest_weekly,sigma2,ninety_pct,add_short,no_stop,19,19,19,1625.4641506087894,972.7685017375,1.0,inf,0.0,455.9015940699,252.7976760915,1.0,14606.965789473685,21480.062499999975,32796.0,1912.181138433,30883.818861567,0.0583053158444017,False,base,2,train
TUE,09:20,nearest_weekly,sigma2,ninety_pct,add_short,no_stop,19,19,19,1624.9622013131316,1180.9828667385,1.0,inf,0.0,503.5091561614499,492.9574806645,1.0,15803.366447368426,23258.299999999985,32762.75,1888.4681750505,30874.2818249495,0.0576407101067675,False,base,2,train
THU,09:20,nearest_weekly,sigma2,touch,add_short,no_stop,18,18,18,1622.508537975361,731.6147593685,1.0,inf,0.0,277.78727737815,217.09824568200003,1.0,13829.331250000005,20145.9375,30996.75,1791.596316443501,29205.15368355649,0.0577994891865599,False,base,2,train
FRI,10:00,second_nearest_weekly,delta020,touch,add_short,no_stop,20,20,20,1584.7865217376743,6547.25633783925,0.75,1.2040069878621884,-122423.93124534002,-53379.88129967186,-58158.20674583301,1.0,18630.12750000001,28807.999999999996,34525.74999999998,2830.019565246502,31695.73043475352,0.0819683733227085,False,base,2,train
TUE,10:00,nearest_weekly,sigma2,touch,add_short,no_stop,19,19,19,1584.3895525917685,1254.9780497691,1.0,inf,0.0,503.8336964379,496.202883429,1.0,15478.317105263151,23026.899999999998,31967.1,1863.6985007564,30103.401499243595,0.0583005183690857,False,base,2,train
TUE,09:20,second_nearest_weekly,sigma1,touch,add_short,stop_2x_credit,19,19,19,1583.5225447083749,5312.87058334,0.7368421052631579,1.33257572164725,-56240.76373344349,-20274.4046106397,-26534.6014079305,1.0,19550.1375,30623.93749999999,32558.350000000013,2471.4216505408995,30086.928349459133,0.0759074600076754,False,base,2,train
THU,10:00,nearest_weekly,sigma2,ninety_pct,add_short,no_stop,18,18,18,1582.1152177948054,876.4096519385,1.0,inf,0.0,409.8672688543,233.3252595045,1.0,13886.97986111111,20163.812499999975,30292.25,1814.1760796935,28478.0739203065,0.0598891161829675,False,base,2,train
THU,10:00,nearest_weekly,sigma2,touch,add_short,no_stop,18,18,18,1581.9846632316942,865.1755654460001,1.0,inf,0.0,241.60103655397495,233.3252595045,1.0,13760.843749999996,20163.812499999975,30266.25,1790.5260618295,28475.7239381705,0.0591591644762565,False,base,2,train
WED,09:20,nearest_weekly,delta020,ninety_pct,protective_next_strike,no_stop,19,19,19,1576.6763541476582,2776.5436011,0.5789473684210527,2.3904073848187464,-8959.849672973,-4812.59461296065,-8959.849672973,1.0,14514.942105263155,30750.687499999975,32713.25,2756.3992711945,29956.850728805508,0.0842594138825858,False,base,2,train
WED,09:20,nearest_weekly,delta020,ninety_pct,protective_next_strike,stop_2x_credit,19,19,19,1576.6763541476582,2776.5436011,0.5789473684210527,2.3904073848187464,-8959.849672973,-4812.59461296065,-8959.849672973,1.0,14514.942105263155,30750.687499999975,32713.25,2756.3992711945,29956.850728805508,0.0842594138825858,False,base,2,train
WED,10:00,nearest_weekly,sigma2,ninety_pct,add_short,no_stop,19,19,19,1569.1487635145313,846.706381995,1.0,inf,0.0,453.38016576825,294.98791203,1.0,14543.438815789472,20972.899999999998,31700.85,1887.0234932238995,29813.826506776106,0.0595259588693646,False,base,2,train
TUE,10:00,nearest_weekly,sigma2,ninety_pct,add_short,no_stop,19,19,19,1564.185539725216,1399.6637884525005,1.0,inf,0.0,503.8336964379,496.202883429,1.0,15664.39671052631,23026.899999999998,31606.35,1886.8247452209,29719.52525477909,0.0596976476315961,False,base,2,train
WED,10:00,nearest_weekly,sigma2,touch,add_short,no_stop,19,19,19,1550.9192560080578,778.5529239405,1.0,inf,0.0,293.62484286891004,281.3572204191,1.0,14416.321052631578,20972.899999999998,31330.35,1862.8841358469,29467.4658641531,0.0594594103113083,False,base,2,train
WED,09:20,second_nearest_weekly,delta020,ninety_pct,add_short,stop_2x_credit,19,19,19,1533.723660579237,7323.7650939925,0.631578947368421,1.2161744385981288,-59214.921922508496,-25346.950060252897,-29918.017596388,1.0,20457.436184210525,37762.56249999998,31889.750000000007,2749.000448994494,29140.74955100553,0.0862032612044463,False,base,2,train
WED,11:00,nearest_weekly,delta020,ninety_pct,add_short,no_stop,19,19,19,1532.327676244458,4391.668519449999,0.631578947368421,1.260594879187335,-71708.0870005805,-32659.67578245805,-39847.0031475805,1.0,14352.651315789471,30676.74999999999,31630.45,2516.2241513552963,29114.22584864469,0.0795506909119312,False,base,2,train
FRI,10:00,second_nearest_weekly,delta020,ninety_pct,add_short,no_stop,20,20,20,1530.0738077875792,7257.154935453249,0.75,1.192413295238119,-124004.43305342652,-54881.35801735404,-58158.20674583301,1.0,18785.55062500001,28807.999999999996,33453.599999999984,2852.1238442484023,30601.476155751585,0.0852561112779612,False,base,2,train
TUE,11:00,second_nearest_weekly,sigma1,touch,add_short,stop_2x_credit,19,19,19,1493.4423554984012,5578.7439636625,0.7368421052631579,1.2995296098927722,-62313.77376295849,-22141.0244655538,-33150.051563992,1.0,19713.923684210527,31350.79999999998,30856.100000000017,2480.695245530397,28375.40475446964,0.0803956185496675,False,base,2,train
WED,09:20,second_nearest_weekly,delta020,touch,add_short,stop_2x_credit,19,19,19,1490.156539989454,7323.7650939925,0.631578947368421,1.2103144297694757,-51743.6298772525,-29670.25923076764,-29918.017596388,1.0,20259.42565789474,37762.56249999998,31061.100000000028,2748.125740200401,28312.974259799623,0.0884748363773465,False,base,2,train
THU,09:20,nearest_weekly,delta020,ninety_pct,add_short,stop_2x_credit,18,18,18,1483.2081119642785,3740.0949886375,0.6666666666666666,1.282341151615931,-81223.01198044399,-25226.120855141024,-36207.324007633,1.0,13131.847222222226,26664.625000000025,29082.0,2384.253984642994,26697.746015357014,0.0819838382725739,False,base,2,train
WED,11:00,nearest_weekly,sigma2,touch,add_short,no_stop,19,19,19,1475.7595606225527,862.9333958175,1.0,inf,0.0,267.40198853175,252.7976760915,1.0,14253.827631578944,20354.10000000001,29900.25,1860.8183481715,28039.4316518285,0.0622342070106938,False,base,2,train
FRI,09:20,nearest_weekly,sigma1,ninety_pct,add_short,stop_2x_credit,20,20,20,1467.019120066425,2461.29425733375,0.75,1.5248799934331467,-44690.161440064,-12625.764882022471,-20724.26557655249,1.0,10924.52625,22534.6875,31775.250000000007,2434.867598671502,29340.38240132851,0.0766278030439257,False,base,2,train
TUE,09:20,second_nearest_weekly,sigma1,ninety_pct,add_short,stop_2x_credit,19,19,19,1447.210825486411,5312.87058334,0.6842105263157895,1.278899325714565,-57732.23231271368,-21349.12681486029,-28868.045995606,1.0,19922.333552631582,30623.93749999999,30029.900000000023,2532.894315758204,27497.005684241816,0.084345745931828,False,base,2,train
TUE,09:20,nearest_weekly,sigma2,touch,add_short,no_stop,19,19,19,1383.3620128452633,1034.939742336,1.0,inf,0.0,503.5091561614499,492.9574806645,1.0,15476.236842105269,23258.299999999985,28118.5,1834.62175594,26283.87824406,0.065246074859612,False,base,2,train
TUE,09:20,nearest_weekly,sigma2,touch,protective_next_strike,no_stop,19,19,19,1383.3620128452633,1034.939742336,1.0,inf,0.0,503.5091561614499,492.9574806645,1.0,15476.236842105269,23258.299999999985,28118.5,1834.62175594,26283.87824406,0.065246074859612,False,base,2,train
TUE,11:00,nearest_weekly,sigma2,ninety_pct,add_short,no_stop,19,19,19,1377.4989541801897,979.7678953395,1.0,inf,0.0,481.6226060914,467.234609575,1.0,15298.767105263152,22663.549999999985,28030.6,1858.1198705763995,26172.4801294236,0.0662889795643475,False,base,2,train
WED,09:20,nearest_weekly,sigma2,touch,add_short,no_stop,19,19,19,1372.3660654070527,908.3690345205,1.0,inf,0.0,321.6002146989,298.2333147945,1.0,14293.511184210523,19634.25000000001,27933.0,1858.044757266,26074.955242734,0.0665179091850499,False,base,2,train
THU,11:00,nearest_weekly,sigma1,ninety_pct,add_short,stop_2x_credit,18,18,18,1371.56200327795,2823.80910745125,0.7222222222222222,1.3567867571389804,-65571.77563150099,-18995.926076905347,-29387.310437926,1.0,12188.85972222221,22849.124999999975,26951.85,2263.7339409969,24688.116059003118,0.0839917831613377,False,base,2,train
FRI,11:00,second_nearest_weekly,delta020,ninety_pct,add_short,no_stop,19,19,20,1369.8596289825823,9088.139680617502,0.6842105263157895,1.1672554652604867,-127998.71707600502,-54747.97315308586,-62723.15197144652,0.95,18620.825,29457.1875,28787.849999999984,2760.517049330905,26027.332950669093,0.0958917407632354,False,base,2,train
THU,11:00,nearest_weekly,sigma2,ninety_pct,add_short,no_stop,18,18,18,1350.1317765837778,776.1685023662501,1.0,inf,0.0,321.43794456067496,213.8528429175,1.0,13768.58125,20492.874999999975,26087.0,1784.6280214920002,24302.371978508,0.0684106268061486,False,base,2,train
THU,10:00,second_nearest_weekly,sigma1,ninety_pct,add_short,stop_2x_credit,18,18,18,1348.0310794212894,5549.57378859325,0.6666666666666666,1.2738109821177102,-76875.22265995899,-21022.27317579737,-29520.3719512705,1.0,18308.214583333327,27734.6875,26669.7,2405.1405704168,24264.559429583194,0.0901825131297614,False,base,2,train
TUE,10:00,second_nearest_weekly,delta020,ninety_pct,protective_next_strike,no_stop,19,19,19,1346.991833916815,-665.6626232400018,0.4736842105263157,1.506115711547947,-37149.8672733725,-10234.283946069409,-11755.178892389507,1.0,21745.063157894736,35389.24999999999,28677.249999999985,3084.4051555805004,25592.844844419487,0.1075558205748634,False,base,2,train
TUE,10:00,second_nearest_weekly,delta020,ninety_pct,protective_next_strike,stop_2x_credit,19,19,19,1346.991833916815,-665.6626232400018,0.4736842105263157,1.506115711547947,-37149.8672733725,-10234.283946069409,-11755.178892389507,1.0,21745.063157894736,35389.24999999999,28677.249999999985,3084.4051555805004,25592.844844419487,0.1075558205748634,False,base,2,train
THU,11:00,nearest_weekly,sigma2,touch,add_short,no_stop,18,18,18,1314.1230031893056,776.1685023662501,1.0,inf,0.0,321.43794456067496,213.8528429175,1.0,13540.882638888888,19914.70000000002,25414.25,1760.0359425925003,23654.2140574075,0.0692539005712346,False,base,2,train
WED,11:00,second_nearest_weekly,sigma1,ninety_pct,add_short,stop_2x_credit,19,19,19,1306.5681484687689,4309.29219001,0.5789473684210527,1.323218997628521,-49817.729516839,-14095.80985819075,-19614.9625053775,1.0,19069.671710526312,36124.56249999999,27379.10000000001,2554.3051790934032,24824.79482090661,0.0932939789508567,False,base,2,train
THU,11:00,second_nearest_weekly,delta020,ninety_pct,protective_next_strike,no_stop,18,18,18,1293.4374903770888,4605.395881956751,0.6111111111111112,1.3933560044900268,-43492.110874408,-13661.619385711156,-16372.9456348745,1.0,18979.568055555563,28679.625000000025,26138.1,2856.2251732124005,23281.874826787607,0.1092743991802158,False,base,2,train
MON,10:00,second_nearest_weekly,delta020,touch,add_short,stop_2x_credit,18,18,18,1251.7014528108994,7656.6976781915,0.6666666666666666,1.163656195732702,-116685.0276802598,-28996.1579693529,-41706.33148471952,1.0,18889.34236111112,44910.9375,25189.79999999999,2659.1738494038,22530.626150596192,0.1055655006948765,False,base,2,train
WED,09:20,nearest_weekly,sigma1,ninety_pct,add_short,stop_2x_credit,19,19,19,1231.157484718516,3193.372931755,0.631578947368421,1.2790977798380214,-54395.2246236395,-24093.22564807435,-24616.1036736865,1.0,13655.613157894735,28159.625000000025,25791.4,2399.4077903482,23391.99220965179,0.0930313123889435,False,base,2,train
TUE,11:00,nearest_weekly,sigma2,touch,add_short,no_stop,19,19,19,1226.208719504216,979.7678953395,1.0,inf,0.0,459.42160783755,389.1045922005,1.0,15162.421052631573,22663.549999999985,25128.35,1830.3843294199,23297.965670580103,0.0728414054014648,False,base,2,train
TUE,11:00,nearest_weekly,sigma2,touch,protective_next_strike,no_stop,19,19,19,1226.208719504216,979.7678953395,1.0,inf,0.0,459.42160783755,389.1045922005,1.0,15162.421052631573,22663.549999999985,25128.35,1830.3843294199,23297.965670580103,0.0728414054014648,False,base,2,train
TUE,09:20,nearest_weekly,sigma2,ninety_pct,protective_next_strike,no_stop,19,19,19,1212.5711631981844,995.2366747225,0.9473684210526316,15.9508577917792,-1540.9719242619994,163.4564690907503,-1540.9719242619997,1.0,15803.366447368426,23258.299999999985,24969.25,1930.3978992345,23038.852100765504,0.0773110085098471,False,base,2,train
TUE,10:00,nearest_weekly,sigma2,ninety_pct,protective_next_strike,no_stop,19,19,19,1206.1811162074844,1073.88457551,0.9473684210526316,13.438880119168774,-1842.4038971663997,262.3422053694601,-1842.4038971664,1.0,15664.39671052631,23026.899999999998,24847.0,1929.5587920578,22917.4412079422,0.0776576162940314,False,base,2,train
THU,11:00,second_nearest_weekly,delta020,ninety_pct,protective_next_strike,stop_2x_credit,18,18,18,1198.1546256878116,4605.395881956751,0.6111111111111112,1.354117583500652,-45207.20243881499,-15119.4472154571,-16372.9456348745,1.0,18979.568055555563,28679.625000000025,24467.60000000001,2900.816737619401,21566.783262380617,0.1185574693725334,False,base,2,train
TUE,10:00,nearest_weekly,sigma2,touch,protective_next_strike,no_stop,19,19,19,1189.8064949472682,1206.9458971045,0.9473684210526316,9.057911186525937,-2805.4818278215007,166.03441230394998,-2805.4818278215007,1.0,15478.317105263151,23026.899999999998,24488.85,1882.5265960019,22606.3234039981,0.0768728052155123,False,base,2,train
WED,10:00,nearest_weekly,sigma2,touch,protective_next_strike,no_stop,19,19,19,1168.3204586727684,714.377540905,0.9473684210526316,12.509122067252928,-1928.7386635634996,60.34763202084005,-1928.7386635635,1.0,14416.321052631578,20972.899999999998,24079.6,1881.5112852174,22198.0887147826,0.0781371486742886,False,base,2,train
FRI,10:00,nearest_weekly,sigma2,touch,add_short,no_stop,20,20,20,1165.306430456055,589.4875971675499,1.0,inf,0.0,272.972754250025,210.607440153,1.0,12098.700000000004,18259.149999999998,25254.85,1948.7213908789,23306.1286091211,0.0771622635208247,False,base,2,train
WED,11:00,nearest_weekly,sigma1,touch,add_short,stop_2x_credit,19,19,19,1163.3455820960792,2740.2647765575,0.6842105263157895,1.2734427346713422,-48162.343406765496,-24367.4970715504,-29991.009902437,1.0,13431.76184210526,28474.874999999996,24472.75,2369.1839401744955,22103.566059825516,0.0968090606970812,False,base,2,train
MON,09:20,nearest_weekly,sigma2,touch,add_short,no_stop,18,18,18,1161.0545870664555,646.97302195,0.8888888888888888,1.820194484637954,-25480.5207284725,-4871.665109568374,-23981.1107280475,1.0,9830.440277777772,23410.562500000025,22861.7,1962.717432803799,20898.982567196203,0.0858517709883254,False,base,2,train
THU,09:20,second_nearest_weekly,delta020,touch,add_short,stop_2x_credit,17,17,18,1155.6387150712408,8019.046491539998,0.6470588235294118,1.1617413605451945,-102300.1844502,-30852.658881156098,-43406.1479537065,0.9444444444444444,18705.567647058822,30439.50000000001,22041.35000000001,2395.4918437889028,19645.858156211107,0.1086817206654266,False,base,2,train
THU,09:20,nearest_weekly,delta020,touch,add_short,stop_2x_credit,18,18,18,1153.092661868695,3740.0949886375,0.6666666666666666,1.2293400585281045,-77597.89709249749,-24998.7803914878,-34691.7209166115,1.0,12835.573611111116,23403.250000000007,23107.75,2352.0820863634967,20755.667913636506,0.101787585825686,False,base,2,train
WED,10:00,nearest_weekly,sigma2,ninety_pct,protective_next_strike,no_stop,19,19,19,1148.0400322688213,714.377540905,0.8947368421052632,11.730879219168322,-1810.9894342684,-380.6470429227397,-1810.9894342684,1.0,14543.438815789472,20972.899999999998,23741.6,1928.8393868923995,21812.7606131076,0.0812430243493445,False,base,2,train
FRI,09:20,nearest_weekly,sigma2,touch,add_short,no_stop,20,20,20,1141.509615641225,677.31318890225,1.0,inf,0.0,249.83053607547495,103.50914892449995,1.0,12147.571875,18775.25,24778.25,1948.0576871755004,22830.192312824503,0.078619663905865,False,base,2,train
TUE,11:00,nearest_weekly,sigma2,ninety_pct,protective_next_strike,no_stop,19,19,19,1116.0852113627686,979.7678953395,0.9473684210526316,13.450149912883834,-1703.2420624869992,250.1869423688001,-1703.2420624869997,1.0,15298.767105263152,22663.549999999985,23084.1,1878.4809841073995,21205.619015892604,0.0813755348533146,False,base,2,train
WED,10:00,nearest_weekly,sigma1,touch,add_short,stop_2x_credit,19,19,19,1109.3581791774318,2740.2578050525,0.631578947368421,1.2544903473594708,-48860.323401523,-19503.53829498715,-29517.199282258,1.0,13195.26842105264,28856.74999999999,23413.5,2335.694595628797,21077.805404371204,0.0997584554051635,False,base,2,train
WED,11:00,nearest_weekly,sigma2,touch,protective_next_strike,no_stop,19,19,19,1102.5607350177631,710.3994658860001,0.9473684210526316,11.917015026241556,-1918.8994349629995,35.627964986050046,-1918.899434963,1.0,14253.827631578944,20354.10000000001,22828.25,1879.5960346625,20948.6539653375,0.0823364048782758,False,base,2,train
FRI,11:00,nearest_weekly,sigma2,touch,add_short,no_stop,20,20,20,1084.236201471755,542.12154802,1.0,inf,0.0,208.83448618385,175.14836077,1.0,12178.951250000004,18293.60000000001,23654.85,1970.1259705648995,21684.7240294351,0.0832863438392084,False,base,2,train
MON,10:00,nearest_weekly,sigma2,touch,add_short,no_stop,18,18,18,1077.8542824534225,615.0199137225,0.9444444444444444,1.767974613605677,-25263.044820025,-3519.4068513294724,-25263.044820025,1.0,9385.83402777779,21796.937499999975,21330.1,1928.7229158384,19401.3770841616,0.090422591353927,False,base,2,train
WED,09:20,nearest_weekly,sigma2,touch,protective_next_strike,no_stop,19,19,19,1077.299899447974,837.9524923224999,0.9473684210526316,20.59668314136332,-1044.4980888784994,163.96017442720006,-1044.4980888785,1.0,14293.511184210523,19634.25000000001,22346.25,1877.5519104884995,20468.698089511505,0.0840208943553616,False,base,2,train
FRI,09:20,second_nearest_weekly,delta020,ninety_pct,add_short,no_stop,20,20,20,996.792502915328,8118.90239618255,0.7,1.1281911106804603,-125046.73476169804,-52606.16840930132,-60566.295597092016,1.0,18542.302500000005,28917.687499999996,22769.09999999998,2833.249941693404,19935.85005830656,0.1244339891209316,False,base,2,train
WED,11:00,nearest_weekly,sigma2,ninety_pct,protective_next_strike,no_stop,19,19,19,984.4775066397896,706.895121415,0.8947368421052632,6.811310499086472,-1823.3219647734995,-1438.2045673126,-1823.3219647735,1.0,14606.965789473685,21480.062499999975,20680.0,1974.927373844,18705.072626156,0.0954993894508703,False,base,2,train
TUE,10:00,second_nearest_weekly,sigma1,ninety_pct,protective_next_strike,no_stop,19,19,19,970.7810931994214,3666.9553423745,0.5789473684210527,1.4127107535545544,-28496.211656310992,-8880.78611360665,-8901.232151023,1.0,19520.76118421052,29713.937499999996,21166.5,2721.659229211,18444.840770789,0.1285833382567264,False,base,2,train
TUE,10:00,second_nearest_weekly,sigma1,ninety_pct,protective_next_strike,stop_2x_credit,19,19,19,970.7810931994214,3666.9553423745,0.5789473684210527,1.4127107535545544,-28496.211656310992,-8880.78611360665,-8901.232151023,1.0,19520.76118421052,29713.937499999996,21166.5,2721.659229211,18444.840770789,0.1285833382567264,False,base,2,train
TUE,10:00,nearest_weekly,sigma2,ninety_pct,add_short,stop_2x_credit,19,19,19,953.5884979800842,1073.88457551,0.8947368421052632,3.898318006959688,-4996.296454310399,-1765.29354015155,-4826.0668919,1.0,15522.576973684205,23026.899999999998,19981.1,1862.9185383784,18118.1814616216,0.0932340330801807,False,base,2,train
MON,10:00,nearest_weekly,sigma2,ninety_pct,add_short,no_stop,18,18,18,943.6799613071169,590.2201767515,0.9444444444444444,1.6723749818970275,-25263.044820025,-3519.4068513294724,-25263.044820025,1.0,9548.243750000012,21796.937499999975,18958.85,1972.6106964718992,16986.239303528102,0.1040469594132502,False,base,2,train
WED,10:00,nearest_weekly,sigma1,ninety_pct,add_short,stop_2x_credit,19,19,19,932.3678187894316,2957.4571154125,0.631578947368421,1.2072132842565446,-51350.847209997,-19376.0789878048,-31146.391470037,1.0,13538.352631578957,28856.74999999999,20120.8,2405.8114430007963,17714.9885569992,0.119568379140034,False,base,2,train
MON,09:20,nearest_weekly,delta020,touch,protective_next_strike,no_stop,18,18,18,930.1225477407844,2022.087583044,0.5555555555555556,1.7805436206713172,-13337.065878011492,-4448.0621639672745,-8077.924623116496,1.0,11214.975694444436,27679.437499999975,19494.350000000017,2752.1441406659,16742.205859334117,0.1411765019436861,False,base,2,train
MON,09:20,nearest_weekly,delta020,touch,protective_next_strike,stop_2x_credit,18,18,18,930.1225477407844,2022.087583044,0.5555555555555556,1.7805436206713172,-13337.065878011492,-4448.0621639672745,-8077.924623116496,1.0,11214.975694444436,27679.437499999975,19494.350000000017,2752.1441406659,16742.205859334117,0.1411765019436861,False,base,2,train
TUE,11:00,second_nearest_weekly,delta020,ninety_pct,protective_next_strike,no_stop,19,19,19,923.482690838262,-1885.1356581825016,0.4736842105263157,1.3052787647777515,-42744.90533839253,-10718.5354194166,-11696.761642628508,1.0,21057.62236842105,33371.81250000002,20593.999999999985,3047.8288740730004,17546.171125926965,0.1479959635851705,False,base,2,train
TUE,11:00,second_nearest_weekly,delta020,ninety_pct,protective_next_strike,stop_2x_credit,19,19,19,923.482690838262,-1885.1356581825016,0.4736842105263157,1.3052787647777515,-42744.90533839253,-10718.5354194166,-11696.761642628508,1.0,21057.62236842105,33371.81250000002,20593.999999999985,3047.8288740730004,17546.171125926965,0.1479959635851705,False,base,2,train
WED,11:00,nearest_weekly,delta020,ninety_pct,protective_next_strike,no_stop,19,19,19,920.4280994392476,34.292206600502084,0.5263157894736842,1.7003752474550131,-8473.135840254794,-4874.693137239348,-5485.443928319001,1.0,14352.651315789471,30676.74999999999,20266.25000000001,2778.1161106542995,17488.133889345703,0.1370809158405871,False,base,2,train
WED,11:00,nearest_weekly,delta020,ninety_pct,protective_next_strike,stop_2x_credit,19,19,19,920.4280994392476,34.292206600502084,0.5263157894736842,1.7003752474550131,-8473.135840254794,-4874.693137239348,-5485.443928319001,1.0,14352.651315789471,30676.74999999999,20266.25000000001,2778.1161106542995,17488.133889345703,0.1370809158405871,False,base,2,train
THU,11:00,nearest_weekly,sigma2,touch,protective_next_strike,no_stop,18,18,18,920.1909094953612,675.06172393375,0.9444444444444444,9.765156861927784,-1889.6908100825003,-101.67870503249978,-1889.6908100825,1.0,13540.882638888888,19914.70000000002,18342.25,1778.8136290835,16563.4363709165,0.0969790308759012,False,base,2,train
TUE,09:20,nearest_weekly,sigma2,touch,add_short,stop_2x_credit,19,19,19,901.9770633209736,995.2366747225,0.8947368421052632,3.6161506915804713,-5580.647621394502,-2039.9795099604503,-4819.539834545001,1.0,15476.236842105269,23258.299999999985,18976.25,1838.6857969015005,17137.5642030985,0.0968940542468348,False,base,2,train
TUE,09:20,nearest_weekly,sigma2,touch,protective_next_strike,stop_2x_credit,19,19,19,901.9770633209736,995.2366747225,0.8947368421052632,3.6161506915804713,-5580.647621394502,-2039.9795099604503,-4819.539834545001,1.0,15476.236842105269,23258.299999999985,18976.25,1838.6857969015005,17137.5642030985,0.0968940542468348,False,base,2,train
TUE,10:00,nearest_weekly,sigma2,touch,add_short,stop_2x_credit,19,19,19,900.1731112940315,1073.88457551,0.8947368421052632,3.735968337884574,-4996.296454310399,-1765.29354015155,-4826.0668919,1.0,15336.497368421044,23026.899999999998,18941.1,1837.8108854134,17103.289114586598,0.0970276744969088,False,base,2,train
TUE,10:00,nearest_weekly,sigma2,touch,protective_next_strike,stop_2x_credit,19,19,19,900.1731112940315,1073.88457551,0.8947368421052632,3.735968337884574,-4996.296454310399,-1765.29354015155,-4826.0668919,1.0,15336.497368421044,23026.899999999998,18941.1,1837.8108854134,17103.289114586598,0.0970276744969088,False,base,2,train
MON,09:20,nearest_weekly,sigma2,ninety_pct,add_short,no_stop,18,18,18,892.6722331308166,646.97302195,0.8888888888888888,1.6253464477509538,-25694.7173109295,-5053.732204656823,-23981.1107280475,1.0,9830.440277777772,23410.562500000025,18023.95,1955.849803645302,16068.1001963547,0.1085139386008783,False,base,2,train
THU,11:00,nearest_weekly,sigma2,ninety_pct,protective_next_strike,no_stop,18,18,18,885.235698438889,585.1925177462499,0.9444444444444444,12.663140719427064,-1366.205120491999,-23.155851593924865,-1366.205120492,1.0,13768.58125,20492.874999999975,17760.5,1826.2574281,15934.242571900002,0.1028269152388727,False,base,2,train
TUE,11:00,nearest_weekly,delta020,touch,protective_next_strike,no_stop,19,19,19,884.3201416997108,-501.1906145584991,0.4736842105263157,1.4387090874197117,-19737.744458591995,-7919.101635290997,-10565.9493982875,1.0,15532.881578947368,27713.56250000001,19585.75,2783.6673077055,16802.082692294505,0.1421271744868335,False,base,2,train
TUE,11:00,nearest_weekly,delta020,touch,protective_next_strike,stop_2x_credit,19,19,19,884.3201416997108,-501.1906145584991,0.4736842105263157,1.4387090874197117,-19737.744458591995,-7919.101635290997,-10565.9493982875,1.0,15532.881578947368,27713.56250000001,19585.75,2783.6673077055,16802.082692294505,0.1421271744868335,False,base,2,train
THU,10:00,nearest_weekly,sigma2,touch,protective_next_strike,no_stop,18,18,18,876.5938388031666,757.44851063125,0.8888888888888888,6.979364406336936,-2638.857247391501,-952.050040317125,-1844.2551713795,1.0,13760.843749999996,20163.812499999975,17607.5,1828.810901543,15778.689098456998,0.1038654494699986,False,base,2,train
TUE,10:00,nearest_weekly,sigma2,ninety_pct,protective_next_strike,stop_2x_credit,19,19,19,865.859420414505,909.10867828,0.8947368421052632,3.6316759849754927,-4996.296454310399,-1765.29354015155,-4826.0668919,1.0,15522.576973684205,23026.899999999998,18336.6,1885.2710121244,16451.328987875597,0.1028146445973844,False,base,2,train
FRI,09:20,nearest_weekly,sigma1,touch,add_short,stop_2x_credit,20,20,20,862.4526185617755,2397.78841153075,0.75,1.310431616581039,-45063.179902263495,-12625.764882022471,-20724.26557655249,1.0,10614.795,18027.75,19619.250000000007,2370.197628764504,17249.05237123551,0.1208097979670223,False,base,2,train
TUE,11:00,nearest_weekly,delta020,ninety_pct,protective_next_strike,no_stop,19,19,19,858.4717781445789,111.972124247,0.5263157894736842,1.487627016545867,-16566.600464417,-8074.4206491945,-10565.9493982875,1.0,15686.868421052632,27713.56250000001,19142.0,2831.0362152529988,16310.963784747004,0.1478965737777138,False,base,2,train
TUE,11:00,nearest_weekly,delta020,ninety_pct,protective_next_strike,stop_2x_credit,19,19,19,858.4717781445789,111.972124247,0.5263157894736842,1.487627016545867,-16566.600464417,-8074.4206491945,-10565.9493982875,1.0,15686.868421052632,27713.56250000001,19142.0,2831.0362152529988,16310.963784747004,0.1478965737777138,False,base,2,train
MON,09:20,nearest_weekly,delta020,ninety_pct,protective_next_strike,no_stop,18,18,18,856.3897855849843,2397.9545944678,0.5555555555555556,1.6424047928403476,-15561.054077093491,-5231.423139004818,-8077.924623116496,1.0,11214.975694444436,27679.437499999975,18167.75000000002,2752.7338594703,15415.016140529717,0.1515175990131027,False,base,2,train
MON,09:20,nearest_weekly,delta020,ninety_pct,protective_next_strike,stop_2x_credit,18,18,18,856.3897855849843,2397.9545944678,0.5555555555555556,1.6424047928403476,-15561.054077093491,-5231.423139004818,-8077.924623116496,1.0,11214.975694444436,27679.437499999975,18167.75000000002,2752.7338594703,15415.016140529717,0.1515175990131027,False,base,2,train
TUE,10:00,nearest_weekly,sigma1,ninety_pct,protective_next_strike,stop_2x_credit,19,19,19,852.5106142342795,1497.5712866632994,0.5263157894736842,1.4956296109267206,-19950.96730275,-8085.432613394596,-8546.928886506495,1.0,14692.020394736835,25927.68749999999,18715.35000000001,2517.6483295486987,16197.70167045131,0.1345231764059287,False,base,2,train
THU,10:00,nearest_weekly,sigma2,ninety_pct,protective_next_strike,no_stop,18,18,18,843.2646877049443,757.44851063125,0.8888888888888888,5.788171172144664,-1849.2851868894995,-1400.046837554075,-1849.2851868895,1.0,13886.97986111111,20163.812499999975,17055.0,1876.235621311,15178.764378689,0.1100108836887129,False,base,2,train
TUE,10:00,nearest_weekly,sigma1,ninety_pct,protective_next_strike,no_stop,19,19,19,842.2002817797793,1497.5712866632994,0.5263157894736842,1.4867179489742504,-19950.96730275,-8085.432613394596,-8546.928886506495,1.0,14692.020394736835,25927.68749999999,18497.60000000001,2495.7946461842,16001.805353815807,0.1349253225382859,False,base,2,train
TUE,09:20,nearest_weekly,sigma2,ninety_pct,protective_next_strike,stop_2x_credit,19,19,19,841.309721815342,970.031687046,0.8947368421052632,3.440187339638974,-5580.647621394502,-2039.9795099604503,-4819.539834545001,1.0,15665.463815789475,23258.299999999985,17871.25,1886.3652855085004,15984.884714491498,0.1055530690639155,False,base,2,train
TUE,09:20,second_nearest_weekly,delta020,ninety_pct,protective_next_strike,no_stop,19,19,19,841.2198657695048,-1853.9271409009991,0.4736842105263157,1.305367935083701,-40605.36981463701,-9148.102204550509,-11628.602123428009,1.0,21455.673684210527,35784.12499999998,19062.599999999988,3079.4225503794005,15983.177449620593,0.1615426306159391,False,base,2,train
TUE,09:20,second_nearest_weekly,delta020,ninety_pct,protective_next_strike,stop_2x_credit,19,19,19,841.2198657695048,-1853.9271409009991,0.4736842105263157,1.305367935083701,-40605.36981463701,-9148.102204550509,-11628.602123428009,1.0,21455.673684210527,35784.12499999998,19062.599999999988,3079.4225503794005,15983.177449620593,0.1615426306159391,False,base,2,train
MON,11:00,second_nearest_weekly,sigma1,touch,add_short,stop_2x_credit,18,18,18,838.9780260560615,4281.96520821825,0.7222222222222222,1.1656522149521424,-79049.92225692549,-24340.48849651702,-29263.9321527855,1.0,16151.691666666664,31091.45000000002,17422.850000000013,2321.2455309909,15101.6044690091,0.1332299555463599,False,base,2,train
THU,09:20,nearest_weekly,sigma2,touch,protective_next_strike,no_stop,18,18,18,834.6443505874722,682.54762917625,0.8888888888888888,5.1910833886160574,-3584.657454295,-1656.0218110385,-1987.0528930175,1.0,13829.331250000005,20145.9375,16852.75,1829.1516894255003,15023.5983105745,0.1085372826052425,False,base,2,train
MON,09:20,second_nearest_weekly,delta020,ninety_pct,protective_next_strike,no_stop,18,18,18,830.515541701222,393.974323453,0.5,1.3190952181793372,-34037.4163002945,-9773.650187411273,-20663.104201978,1.0,19322.65694444444,45274.12499999997,17905.0,2955.7202493779987,14949.279750621996,0.1650779251258307,False,base,2,train
MON,09:20,second_nearest_weekly,delta020,ninety_pct,protective_next_strike,stop_2x_credit,18,18,18,830.515541701222,393.974323453,0.5,1.3190952181793372,-34037.4163002945,-9773.650187411273,-20663.104201978,1.0,19322.65694444444,45274.12499999997,17905.0,2955.7202493779987,14949.279750621996,0.1650779251258307,False,base,2,train
WED,09:20,nearest_weekly,delta020,touch,protective_next_strike,no_stop,19,19,19,809.6824274042895,735.2085741675016,0.5263157894736842,1.4738861143355677,-21419.071680331497,-5914.5138339041005,-16760.1115942625,1.0,14388.330263157894,30750.687499999975,18099.750000000007,2715.783879318501,15383.966120681496,0.1500453806996505,False,base,2,train
WED,09:20,nearest_weekly,delta020,touch,protective_next_strike,stop_2x_credit,19,19,19,809.6824274042895,735.2085741675016,0.5263157894736842,1.4738861143355677,-21419.071680331497,-5914.5138339041005,-16760.1115942625,1.0,14388.330263157894,30750.687499999975,18099.750000000007,2715.783879318501,15383.966120681496,0.1500453806996505,False,base,2,train
THU,11:00,second_nearest_weekly,sigma1,touch,protective_next_strike,no_stop,18,18,18,802.7926265173603,4251.878173385,0.6666666666666666,1.263972944216409,-45014.86454308001,-14261.70360893275,-14276.850779260008,1.0,16746.97569444444,27505.562500000025,16884.749999999985,2434.482722687497,14450.267277312489,0.1441823374753845,False,base,2,train
FRI,10:00,nearest_weekly,sigma2,touch,protective_next_strike,no_stop,20,20,20,801.83757298753,443.44795851755,0.95,8.295709799898532,-2198.107093016999,90.17171349450015,-2198.107093017,1.0,12098.700000000004,18259.149999999998,18004.1,1967.3485402494,16036.7514597506,0.1092722513343849,False,base,2,train
FRI,11:00,nearest_weekly,sigma2,touch,protective_next_strike,no_stop,20,20,20,800.6326236195051,470.85912955924994,0.95,12.478590860762846,-1395.0015874444998,96.64086335927512,-1395.0015874445,1.0,12178.951250000004,18293.60000000001,18025.85,2013.1975276099,16012.652472390098,0.1116839165759118,False,base,2,train
THU,11:00,second_nearest_weekly,sigma1,touch,protective_next_strike,stop_2x_credit,18,18,18,790.1689455719728,4251.878173385,0.6666666666666666,1.258748009748535,-46980.73601649299,-13939.468357906871,-18966.858686061496,1.0,16305.056944444445,22320.999999999975,16449.25,2226.2089797044987,14223.041020295504,0.1353380232961684,False,base,2,train
TUE,09:20,nearest_weekly,sigma1,ninety_pct,protective_next_strike,no_stop,19,19,19,788.8127796761901,1091.0730380770055,0.5263157894736842,1.479730108575683,-17077.711626530494,-6056.641332012798,-10309.157250090497,1.0,14905.144736842103,26695.49999999999,17551.10000000001,2563.657186152401,14987.442813847603,0.1460681772739258,False,base,2,train
TUE,09:20,nearest_weekly,sigma1,ninety_pct,protective_next_strike,stop_2x_credit,19,19,19,788.8127796761901,1091.0730380770055,0.5263157894736842,1.479730108575683,-17077.711626530494,-6056.641332012798,-10309.157250090497,1.0,14905.144736842103,26695.49999999999,17551.10000000001,2563.657186152401,14987.442813847603,0.1460681772739258,False,base,2,train
FRI,09:20,nearest_weekly,sigma2,touch,protective_next_strike,no_stop,20,20,20,786.9707313166749,521.9083257560001,0.95,8.412483569924573,-2123.3658702725006,-7.834602035349903,-2123.3658702725,1.0,12147.571875,18775.25,17706.25,1966.8353736665,15739.414626333502,0.111081418915157,False,base,2,train
WED,10:00,nearest_weekly,delta020,ninety_pct,protective_next_strike,no_stop,19,19,19,764.5659278825,-143.40362517000045,0.4736842105263157,1.5511369544538285,-11099.755237832498,-5016.7637441351,-10242.1167378245,1.0,14344.924342105263,30973.31249999999,17262.25,2735.4973702325,14526.7526297675,0.1584670231419716,False,base,2,train
WED,10:00,nearest_weekly,delta020,ninety_pct,protective_next_strike,stop_2x_credit,19,19,19,764.5659278825,-143.40362517000045,0.4736842105263157,1.5511369544538285,-11099.755237832498,-5016.7637441351,-10242.1167378245,1.0,14344.924342105263,30973.31249999999,17262.25,2735.4973702325,14526.7526297675,0.1584670231419716,False,base,2,train
TUE,09:20,second_nearest_weekly,sigma1,touch,protective_next_strike,no_stop,19,19,19,751.5763277121583,3131.469928203,0.5789473684210527,1.281058032173727,-40066.62492982749,-11483.420442959505,-12073.88956542999,1.0,19550.1375,30623.93749999999,16970.5,2690.549773469,14279.950226531008,0.1585427520384785,False,base,2,train
TUE,11:00,second_nearest_weekly,sigma1,touch,protective_next_strike,no_stop,19,19,19,698.2003048374222,3472.2311765045,0.5789473684210527,1.252293618535444,-43660.10966680599,-10979.7756202525,-11161.931388605492,1.0,19713.923684210527,31350.79999999998,15963.000000000016,2697.1942080889994,13265.805791911022,0.1689653704246693,False,base,2,train
TUE,11:00,second_nearest_weekly,sigma1,touch,protective_next_strike,stop_2x_credit,19,19,19,698.2003048374222,3472.2311765045,0.5789473684210527,1.252293618535444,-43660.10966680599,-10979.7756202525,-11161.931388605492,1.0,19713.923684210527,31350.79999999998,15963.000000000016,2697.1942080889994,13265.805791911022,0.1689653704246693,False,base,2,train
TUE,10:00,second_nearest_weekly,sigma2,touch,add_short,stop_2x_credit,19,19,19,689.4798166683157,1403.40848395,0.7894736842105263,1.9243337015622008,-12132.252661751503,-4150.33301901645,-4188.237783984,1.0,21205.84999999999,31161.64999999999,14953.5,1853.3834833020005,13100.116516697995,0.1239431225667569,False,base,2,train
TUE,10:00,second_nearest_weekly,sigma2,touch,protective_next_strike,stop_2x_credit,19,19,19,689.4798166683157,1403.40848395,0.7894736842105263,1.9243337015622008,-12132.252661751503,-4150.33301901645,-4188.237783984,1.0,21205.84999999999,31161.64999999999,14953.5,1853.3834833020005,13100.116516697995,0.1239431225667569,False,base,2,train
TUE,10:00,second_nearest_weekly,sigma2,ninety_pct,add_short,stop_2x_credit,19,19,19,689.4798166683157,1403.40848395,0.7894736842105263,1.9243337015622008,-12132.252661751503,-4150.33301901645,-4188.237783984,1.0,21205.84999999999,31161.64999999999,14953.5,1853.3834833020005,13100.116516697995,0.1239431225667569,False,base,2,train
TUE,10:00,second_nearest_weekly,sigma2,ninety_pct,protective_next_strike,stop_2x_credit,19,19,19,689.4798166683157,1403.40848395,0.7894736842105263,1.9243337015622008,-12132.252661751503,-4150.33301901645,-4188.237783984,1.0,21205.84999999999,31161.64999999999,14953.5,1853.3834833020005,13100.116516697995,0.1239431225667569,False,base,2,train
THU,11:00,second_nearest_weekly,delta020,touch,protective_next_strike,no_stop,18,18,18,681.0207493731723,3954.106490322749,0.6111111111111112,1.1879563874591264,-48343.284712724,-15370.412702385422,-19474.8422054915,1.0,18789.17222222223,28679.625000000025,15072.350000000008,2813.9765112829,12258.373488717103,0.1866979277473584,False,base,2,train
MON,11:00,second_nearest_weekly,delta020,ninety_pct,add_short,stop_2x_credit,18,18,18,680.7987563042599,7527.675988035,0.6666666666666666,1.0869223234975032,-119799.06971695051,-30879.883903802027,-41023.261101887016,1.0,18345.41458333333,41820.99999999998,14885.04999999998,2630.6723865233,12254.377613476669,0.1767325193078493,False,base,2,train
THU,09:20,second_nearest_weekly,sigma1,touch,protective_next_strike,stop_2x_credit,17,17,18,679.6728401148239,4331.760362995,0.5882352941176471,1.2453016316583407,-39675.607008261,-12225.805846660998,-16947.805289913,0.9444444444444444,16773.591911764703,28952.62500000001,13768.0,2213.561718048,11554.438281952,0.1607758365810575,False,base,2,train
WED,11:00,nearest_weekly,delta020,touch,add_short,stop_2x_credit,19,19,19,675.0092132698477,4387.923823952499,0.5789473684210527,1.1335972864177126,-49665.710012461,-29049.8240839186,-32500.995255676,1.0,14220.77828947368,30676.74999999999,15357.35,2532.1749478729025,12825.175052127106,0.1648835865479983,False,base,2,train
TUE,10:00,second_nearest_weekly,delta020,touch,protective_next_strike,no_stop,19,19,19,670.0665439576622,-1533.7983676185015,0.4736842105263157,1.212880838885534,-44309.61997048091,-11807.812719733656,-12281.517165830996,1.0,21745.063157894736,35389.24999999999,15821.39999999998,3090.1356648043998,12731.264335195585,0.19531366786785,False,base,2,train
TUE,10:00,second_nearest_weekly,delta020,touch,protective_next_strike,stop_2x_credit,19,19,19,670.0665439576622,-1533.7983676185015,0.4736842105263157,1.212880838885534,-44309.61997048091,-11807.812719733656,-12281.517165830996,1.0,21745.063157894736,35389.24999999999,15821.39999999998,3090.1356648043998,12731.264335195585,0.19531366786785,False,base,2,train
THU,09:20,nearest_weekly,sigma2,ninety_pct,protective_next_strike,no_stop,18,18,18,654.9993235167499,682.54762917625,0.8333333333333334,2.7860452565928253,-4725.921286880502,-2083.3142601727,-3262.354083453501,1.0,13953.418055555558,20145.9375,13667.75,1877.7621766985003,11789.987823301495,0.1373863420605806,False,base,2,train
MON,11:00,second_nearest_weekly,delta020,touch,add_short,stop_2x_credit,18,18,18,648.2681918003875,6272.5333991322495,0.6666666666666666,1.089070994092714,-111772.98966354152,-27554.600793967955,-32482.153244462013,1.0,18181.3625,41820.99999999998,14291.499999999978,2622.672547592999,11668.827452406986,0.1835127556654656,False,base,2,train
TUE,09:20,nearest_weekly,sigma2,ninety_pct,add_short,stop_2x_credit,19,19,19,631.7167824063683,970.031687046,0.8421052631578947,2.1790267012847964,-5580.647621394502,-3748.439585831,-4819.539834545001,1.0,15665.463815789475,23258.299999999985,13870.5,1867.881134279,12002.618865721,0.1346657391066652,False,base,2,train
THU,10:00,second_nearest_weekly,sigma1,touch,protective_next_strike,stop_2x_credit,18,18,18,627.781644328706,3942.3085455025,0.6111111111111112,1.188560742687839,-47105.4476061075,-12924.617140252774,-14663.601624767,1.0,17302.811805555553,27734.6875,13637.95,2337.880402083298,11300.06959791671,0.1714246204219328,False,base,2,train
MON,09:20,nearest_weekly,sigma1,ninety_pct,protective_next_strike,no_stop,18,18,18,626.0519024826945,2244.71441522,0.6111111111111112,1.5641372281949548,-11708.725105439997,-4424.706483614698,-8089.6582328680015,1.0,10094.898611111104,24214.124999999975,13808.75,2539.8157553114997,11268.934244688502,0.1839279989362903,False,base,2,train
MON,09:20,nearest_weekly,sigma1,ninety_pct,protective_next_strike,stop_2x_credit,18,18,18,626.0519024826945,2244.71441522,0.6111111111111112,1.5641372281949548,-11708.725105439997,-4424.706483614698,-8089.6582328680015,1.0,10094.898611111104,24214.124999999975,13808.75,2539.8157553114997,11268.934244688502,0.1839279989362903,False,base,2,train
THU,10:00,nearest_weekly,delta020,ninety_pct,add_short,stop_2x_credit,18,18,18,617.8300541837281,5353.464948532501,0.6666666666666666,1.0925186338778454,-104477.317680797,-37045.5328187584,-41721.820285807,1.0,13355.109722222223,25987.8125,13567.850000000011,2446.9090246929027,11120.940975307098,0.1803461141369414,False,base,2,train
FRI,09:20,nearest_weekly,delta020,touch,add_short,stop_2x_credit,20,20,20,608.083124262925,3292.6038766862503,0.75,1.1420675319830778,-72229.283337572,-25490.688853205844,-28692.982141849,1.0,11473.332499999997,24866.5625,14697.250000000002,2535.5875147414954,12161.6624852585,0.1725212209591246,False,base,2,train
TUE,09:20,second_nearest_weekly,sigma1,touch,protective_next_strike,stop_2x_credit,19,19,19,584.5283385282111,3131.469928203,0.5789473684210527,1.2057369206546986,-43240.53672432249,-12388.862251392997,-14512.738073695,1.0,19550.1375,30623.93749999999,13896.0,2789.961567963999,11106.03843203601,0.2007744363819803,False,base,2,train
FRI,11:00,second_nearest_weekly,delta020,touch,add_short,no_stop,19,19,20,584.1596727018133,8854.171896424998,0.6842105263157895,1.072272392982071,-126418.21526791852,-53325.52152580801,-62723.15197144652,0.95,18456.19539473684,29457.1875,13814.749999999976,2715.716218665507,11099.03378133451,0.1965809166771394,False,base,2,train
WED,09:20,second_nearest_weekly,sigma2,ninety_pct,add_short,stop_2x_credit,19,19,19,579.8878323747631,1272.3441415375,0.7894736842105263,1.6877511052534135,-14698.905859516,-4674.58890152655,-6043.359827343,1.0,20562.448026315786,27678.299999999985,12896.25,1878.3811848795,11017.868815120506,0.145653285635708,False,base,2,train
FRI,09:20,second_nearest_weekly,delta020,touch,add_short,no_stop,20,20,20,577.6258300544084,8103.70576425475,0.7,1.075813075751975,-123466.23295361151,-51104.69169161914,-60566.295597092016,1.0,18393.956250000003,28917.687499999996,14354.199999999986,2801.6833989118068,11552.516601088168,0.1951821347697405,False,base,2,train
WED,10:00,nearest_weekly,sigma2,touch,add_short,stop_2x_credit,19,19,19,575.957426618242,658.473021654,0.8421052631578947,2.0512020471807904,-5594.280827792001,-3745.251231772551,-5594.280827792001,1.0,14246.22631578947,20972.899999999998,12782.6,1839.4088942534,10943.191105746597,0.1438994331554926,False,base,2,train
WED,10:00,nearest_weekly,sigma2,touch,protective_next_strike,stop_2x_credit,19,19,19,575.957426618242,658.473021654,0.8421052631578947,2.0512020471807904,-5594.280827792001,-3745.251231772551,-5594.280827792001,1.0,14246.22631578947,20972.899999999998,12782.6,1839.4088942534,10943.191105746597,0.1438994331554926,False,base,2,train
WED,10:00,nearest_weekly,sigma2,ninety_pct,add_short,stop_2x_credit,19,19,19,575.957426618242,658.473021654,0.8421052631578947,2.0512020471807904,-5594.280827792001,-3745.251231772551,-5594.280827792001,1.0,14246.22631578947,20972.899999999998,12782.6,1839.4088942534,10943.191105746597,0.1438994331554926,False,base,2,train
WED,10:00,nearest_weekly,sigma2,ninety_pct,protective_next_strike,stop_2x_credit,19,19,19,575.957426618242,658.473021654,0.8421052631578947,2.0512020471807904,-5594.280827792001,-3745.251231772551,-5594.280827792001,1.0,14246.22631578947,20972.899999999998,12782.6,1839.4088942534,10943.191105746597,0.1438994331554926,False,base,2,train
TUE,11:00,nearest_weekly,sigma1,ninety_pct,protective_next_strike,stop_2x_credit,19,19,19,570.3615275892058,523.926809710099,0.5789473684210527,1.3313251910135968,-22240.85983184949,-8094.195200858747,-8517.720261625996,1.0,14256.146710526316,25410.12500000001,13365.950000000004,2529.0809758051005,10836.869024194895,0.1892181981681137,False,base,2,train
WED,10:00,nearest_weekly,delta020,touch,protective_next_strike,no_stop,19,19,19,569.236951237053,241.90735396350175,0.5263157894736842,1.3221208500280153,-19521.009530023497,-6269.071102643151,-10242.1167378245,1.0,14209.348026315783,30973.31249999999,13505.5,2689.997926496,10815.502073504002,0.1991779590904446,False,base,2,train
WED,10:00,nearest_weekly,delta020,touch,protective_next_strike,stop_2x_credit,19,19,19,569.236951237053,241.90735396350175,0.5263157894736842,1.3221208500280153,-19521.009530023497,-6269.071102643151,-10242.1167378245,1.0,14209.348026315783,30973.31249999999,13505.5,2689.997926496,10815.502073504002,0.1991779590904446,False,base,2,train
THU,10:00,second_nearest_weekly,sigma1,touch,add_short,stop_2x_credit,18,18,18,568.770272352073,4945.88345308,0.6666666666666666,1.120758220093423,-72616.3490320865,-20379.068340352125,-27186.927363595,1.0,17302.811805555553,27734.6875,12483.550000000008,2245.685097662702,10237.86490233731,0.1798915450863497,False,base,2,train
TUE,11:00,nearest_weekly,sigma1,ninety_pct,protective_next_strike,no_stop,19,19,19,568.4323023107057,523.926809710099,0.5789473684210527,1.3298348526253585,-22240.85983184949,-8094.195200858747,-8517.720261625996,1.0,14256.146710526316,25410.12500000001,13302.900000000009,2502.6862560966006,10800.213743903394,0.1881308779361341,False,base,2,train
WED,10:00,second_nearest_weekly,sigma1,ninety_pct,add_short,stop_2x_credit,19,19,19,556.9500950924208,4496.526964885,0.631578947368421,1.0897189771566558,-60866.627057818,-26683.83830011345,-36489.5710086625,1.0,18878.21118421052,36116.43749999999,13127.000000000004,2544.9481932440003,10582.051806756004,0.1938712724342195,False,base,2,train
THU,09:20,nearest_weekly,sigma1,ninety_pct,add_short,stop_2x_credit,18,18,18,554.8184576255057,2556.77469718,0.6666666666666666,1.138702035991752,-62709.48874303349,-18733.964461295825,-31178.845497682,1.0,12053.702777777768,21909.874999999996,12146.350000000011,2159.6177627409,9986.732237259112,0.1777997310089777,False,base,2,train
WED,10:00,second_nearest_weekly,sigma2,ninety_pct,add_short,stop_2x_credit,19,19,19,538.0557236912422,1163.74797211,0.7894736842105263,1.707899693666619,-10219.295931418,-4070.71928283135,-5560.957505994,1.0,20339.36907894737,25685.562500000025,12095.6,1872.5412498664,10223.0587501336,0.1548117703848011,False,base,2,train
WED,09:20,nearest_weekly,sigma2,ninety_pct,add_short,stop_2x_credit,19,19,19,533.044993896737,772.0621184115,0.8421052631578947,1.993505573384703,-6137.680846857498,-3158.3937901911,-6103.7148465285,1.0,14350.394736842103,21749.000000000025,11988.5,1860.645115962,10127.854884038004,0.155202495388247,False,base,2,train
WED,09:20,second_nearest_weekly,sigma2,touch,add_short,stop_2x_credit,19,19,19,527.3264940017369,1272.3441415375,0.7894736842105263,1.6254129830486257,-14698.905859516,-4674.58890152655,-6043.359827343,1.0,20294.605263157893,27678.299999999985,11872.5,1853.296613967,10019.203386033008,0.156099946428048,False,base,2,train
WED,09:20,second_nearest_weekly,sigma2,touch,protective_next_strike,stop_2x_credit,19,19,19,527.3264940017369,1272.3441415375,0.7894736842105263,1.6254129830486257,-14698.905859516,-4674.58890152655,-6043.359827343,1.0,20294.605263157893,27678.299999999985,11872.5,1853.296613967,10019.203386033008,0.156099946428048,False,base,2,train
THU,09:20,second_nearest_weekly,sigma2,ninety_pct,add_short,stop_2x_credit,18,18,18,526.5317830811111,1055.1518026825,0.7777777777777778,1.6514447054192167,-13132.9338381685,-4204.08522041285,-5127.9846845375,1.0,20190.40555555556,28644.20000000002,11254.5,1776.9279045399994,9477.572095459996,0.1578859926731529,False,base,2,train
THU,10:00,nearest_weekly,delta020,touch,add_short,stop_2x_credit,18,18,18,519.0213123559513,4073.372887915,0.6666666666666666,1.0768779386149063,-107388.364550593,-36230.936724868894,-44879.5971756655,1.0,13231.786805555555,25987.8125,11771.850000000011,2429.4663775928984,9342.383622407116,0.2063793182543861,False,base,2,train
WED,10:00,second_nearest_weekly,sigma2,touch,add_short,stop_2x_credit,19,19,19,490.277375888058,1163.74797211,0.7894736842105263,1.6450395171374317,-10219.295931418,-4070.71928283135,-5560.957505994,1.0,20068.994736842105,25056.75000000001,11162.85,1847.5798581269,9315.2701418731,0.1655114830107813,False,base,2,train
WED,10:00,second_nearest_weekly,sigma2,touch,protective_next_strike,stop_2x_credit,19,19,19,490.277375888058,1163.74797211,0.7894736842105263,1.6450395171374317,-10219.295931418,-4070.71928283135,-5560.957505994,1.0,20068.994736842105,25056.75000000001,11162.85,1847.5798581269,9315.2701418731,0.1655114830107813,False,base,2,train
WED,09:20,second_nearest_weekly,sigma2,ninety_pct,protective_next_strike,stop_2x_credit,19,19,19,489.7613392117105,1040.1730206925,0.7894736842105263,1.580860441533736,-14698.905859516,-4674.58890152655,-6043.359827343,1.0,20562.448026315786,27678.299999999985,11206.25,1900.7845549775,9305.465445022506,0.1696182536510875,False,base,2,train
WED,09:20,nearest_weekly,sigma2,touch,add_short,stop_2x_credit,19,19,19,478.43425958934216,772.0621184115,0.8421052631578947,1.8917204154294651,-6137.6808468575,-3158.3937901911,-6103.7148465285,1.0,14121.457894736845,19634.25000000001,10925.75,1835.4990678025,9090.2509321975,0.1679975349795208,False,base,2,train
WED,09:20,nearest_weekly,sigma2,touch,protective_next_strike,stop_2x_credit,19,19,19,478.43425958934216,772.0621184115,0.8421052631578947,1.8917204154294651,-6137.6808468575,-3158.3937901911,-6103.7148465285,1.0,14121.457894736845,19634.25000000001,10925.75,1835.4990678025,9090.2509321975,0.1679975349795208,False,base,2,train
THU,09:20,second_nearest_weekly,sigma2,touch,add_short,stop_2x_credit,18,18,18,476.0990826221944,1055.1518026825,0.7777777777777778,1.5890474926589502,-13132.9338381685,-4204.08522041285,-5127.9846845375,1.0,19918.70555555556,28644.20000000002,10321.75,1751.9665128004997,8569.783487199496,0.1697354143241698,False,base,2,train
THU,09:20,second_nearest_weekly,sigma2,touch,protective_next_strike,stop_2x_credit,18,18,18,476.0990826221944,1055.1518026825,0.7777777777777778,1.5890474926589502,-13132.9338381685,-4204.08522041285,-5127.9846845375,1.0,19918.70555555556,28644.20000000002,10321.75,1751.9665128004997,8569.783487199496,0.1697354143241698,False,base,2,train
TUE,09:20,second_nearest_weekly,sigma1,ninety_pct,protective_next_strike,no_stop,19,19,19,473.4634135294216,3320.429947974,0.5263157894736842,1.177629742364933,-34267.358911344,-9896.456075285743,-9935.145219497006,1.0,19922.333552631582,30623.93749999999,11783.000000000004,2787.195142941001,8995.804857059004,0.2365437616006959,False,base,2,train
TUE,09:20,second_nearest_weekly,sigma1,ninety_pct,protective_next_strike,stop_2x_credit,19,19,19,473.4634135294216,3320.429947974,0.5263157894736842,1.177629742364933,-34267.358911344,-9896.456075285743,-9935.145219497006,1.0,19922.333552631582,30623.93749999999,11783.000000000004,2787.195142941001,8995.804857059004,0.2365437616006959,False,base,2,train
WED,11:00,nearest_weekly,sigma2,ninety_pct,add_short,stop_2x_credit,19,19,19,466.9224897845791,706.895121415,0.8421052631578947,1.7447393609149418,-7944.043859201,-4576.3110733884505,-6560.6405248414985,1.0,14314.81644736842,21480.062499999975,10735.000000000002,1863.4726940930009,8871.527305906999,0.1735885136556125,False,base,2,train
WED,09:20,nearest_weekly,delta020,touch,add_short,stop_2x_credit,19,19,19,461.6919341705522,4526.477557359999,0.631578947368421,1.0680795540339645,-80960.970282293,-34379.9884326967,-38555.530175473,1.0,14388.330263157894,30750.687499999975,11293.750000000004,2521.603250759502,8772.146749240503,0.2232742225354289,False,base,2,train
TUE,10:00,second_nearest_weekly,sigma1,touch,protective_next_strike,no_stop,19,19,19,460.0923297766581,2708.604270885,0.5789473684210527,1.167489692274758,-41632.07346863099,-11007.24351107365,-11027.68954849,1.0,19520.76118421052,29713.937499999996,11467.750000000004,2725.9957342435005,8741.754265756508,0.2377097280847158,False,base,2,train
TUE,10:00,second_nearest_weekly,sigma1,touch,protective_next_strike,stop_2x_credit,19,19,19,460.0923297766581,2708.604270885,0.5789473684210527,1.167489692274758,-41632.07346863099,-11007.24351107365,-11027.68954849,1.0,19520.76118421052,29713.937499999996,11467.750000000004,2725.9957342435005,8741.754265756508,0.2377097280847158,False,base,2,train
WED,10:00,second_nearest_weekly,sigma2,ninety_pct,protective_next_strike,stop_2x_credit,19,19,19,459.0440192395317,1163.74797211,0.7894736842105263,1.60394696365247,-10219.295931418,-4070.71928283135,-5560.957505994,1.0,20339.36907894737,25685.562500000025,10616.85,1895.0136344489,8721.836365551102,0.1784911376207538,False,base,2,train
TUE,10:00,nearest_weekly,sigma1,ninety_pct,add_short,stop_2x_credit,19,19,19,458.5380847904893,3687.66576592,0.5789473684210527,1.1130006109156865,-52394.22719787349,-13701.7242863387,-21967.6260280805,1.0,14692.020394736835,25927.68749999999,11103.050000000005,2390.8263889807004,8712.223611019304,0.2153305973566452,False,base,2,train
TUE,11:00,nearest_weekly,sigma2,touch,add_short,stop_2x_credit,19,19,19,455.9567508878737,875.4064188025,0.8421052631578947,1.827528890016431,-5255.3883503955,-4291.864038690651,-4816.4575649975,1.0,15162.421052631573,22663.549999999985,10500.1,1836.9217331304,8663.1782668696,0.1749432608385062,False,base,2,train
TUE,11:00,nearest_weekly,sigma2,touch,protective_next_strike,stop_2x_credit,19,19,19,455.9567508878737,875.4064188025,0.8421052631578947,1.827528890016431,-5255.3883503955,-4291.864038690651,-4816.4575649975,1.0,15162.421052631573,22663.549999999985,10500.1,1836.9217331304,8663.1782668696,0.1749432608385062,False,base,2,train
TUE,11:00,nearest_weekly,sigma2,ninety_pct,add_short,stop_2x_credit,19,19,19,455.9567508878737,875.4064188025,0.8421052631578947,1.827528890016431,-5255.3883503955,-4291.864038690651,-4816.4575649975,1.0,15162.421052631573,22663.549999999985,10500.1,1836.9217331304,8663.1782668696,0.1749432608385062,False,base,2,train
TUE,11:00,nearest_weekly,sigma2,ninety_pct,protective_next_strike,stop_2x_credit,19,19,19,455.9567508878737,875.4064188025,0.8421052631578947,1.827528890016431,-5255.3883503955,-4291.864038690651,-4816.4575649975,1.0,15162.421052631573,22663.549999999985,10500.1,1836.9217331304,8663.1782668696,0.1749432608385062,False,base,2,train
THU,09:20,second_nearest_weekly,sigma2,ninety_pct,protective_next_strike,stop_2x_credit,18,18,18,443.1305394931945,1055.1518026825,0.7777777777777778,1.5482575848948,-13132.9338381685,-4204.08522041285,-5127.9846845375,1.0,20190.40555555556,28644.20000000002,9775.75,1799.4002891224995,7976.349710877498,0.1840677481648466,False,base,2,train
WED,09:20,nearest_weekly,sigma2,ninety_pct,protective_next_strike,stop_2x_credit,19,19,19,442.9226609533159,643.2283264524999,0.8421052631578947,1.8255328110646312,-6137.6808468575,-3158.3937901911,-6103.7148465285,1.0,14350.394736842103,21749.000000000025,10298.5,1882.969441887,8415.530558113001,0.1828391942406175,False,base,2,train
THU,09:20,second_nearest_weekly,sigma1,ninety_pct,protective_next_strike,stop_2x_credit,17,17,18,438.8552892165003,3552.2431975835,0.5294117647058824,1.1651909837767989,-33001.179908256,-9886.3051734604,-11045.305985847996,0.9444444444444444,17107.624999999996,28952.62500000001,9845.25,2384.710083319498,7460.5399166805055,0.2422193528167896,False,base,2,train
THU,10:00,second_nearest_weekly,sigma2,ninety_pct,add_short,stop_2x_credit,18,18,18,436.53901256813896,1053.27596918125,0.7777777777777778,1.5469381546282155,-12752.707802037,-4335.66142235315,-4491.0495501305,1.0,20128.61111111111,28635.75,9632.25,1774.5477737735,7857.702226226504,0.184229829351761,False,base,2,train
WED,11:00,nearest_weekly,sigma2,touch,add_short,stop_2x_credit,19,19,19,412.3117554771843,706.895121415,0.8421052631578947,1.6576354748160973,-7944.043859200999,-4576.3110733884505,-6560.6405248414985,1.0,14088.710526315786,20354.10000000001,9672.250000000002,1838.326645933501,7833.923354066502,0.1900619448353279,False,base,2,train
WED,11:00,nearest_weekly,sigma2,touch,protective_next_strike,stop_2x_credit,19,19,19,412.3117554771843,706.895121415,0.8421052631578947,1.6576354748160973,-7944.043859200999,-4576.3110733884505,-6560.6405248414985,1.0,14088.710526315786,20354.10000000001,9672.250000000002,1838.326645933501,7833.923354066502,0.1900619448353279,False,base,2,train
THU,10:00,second_nearest_weekly,sigma2,touch,add_short,stop_2x_credit,18,18,18,386.10631210922224,1053.27596918125,0.7777777777777778,1.483751206090341,-12752.707802037,-4335.66142235315,-4491.0495501305,1.0,19856.694444444445,28635.75,8699.5,1749.586382034,6949.913617966,0.201113441236163,False,base,2,train
THU,10:00,second_nearest_weekly,sigma2,touch,protective_next_strike,stop_2x_credit,18,18,18,386.10631210922224,1053.27596918125,0.7777777777777778,1.483751206090341,-12752.707802037,-4335.66142235315,-4491.0495501305,1.0,19856.694444444445,28635.75,8699.5,1749.586382034,6949.913617966,0.201113441236163,False,base,2,train
MON,09:20,nearest_weekly,sigma1,touch,protective_next_strike,no_stop,18,18,18,378.03367790269465,2121.7459825272463,0.6111111111111112,1.285778922580657,-13662.854723900493,-5302.898395423647,-10011.2734039735,1.0,10010.41666666666,24214.124999999975,9299.250000000004,2494.6437977515,6804.606202248508,0.2682629026804848,False,base,2,train
MON,09:20,nearest_weekly,sigma1,touch,protective_next_strike,stop_2x_credit,18,18,18,378.03367790269465,2121.7459825272463,0.6111111111111112,1.285778922580657,-13662.854723900493,-5302.898395423647,-10011.2734039735,1.0,10010.41666666666,24214.124999999975,9299.250000000004,2494.6437977515,6804.606202248508,0.2682629026804848,False,base,2,train
WED,11:00,nearest_weekly,sigma2,ninety_pct,protective_next_strike,stop_2x_credit,19,19,19,376.800156841158,649.0539613960001,0.8421052631578947,1.6009946278835288,-7944.043859200999,-4576.3110733884505,-6560.6405248414985,1.0,14314.81644736842,21480.062499999975,9045.000000000002,1885.7970200180007,7159.202979982002,0.208490549476838,False,base,2,train
THU,09:20,second_nearest_weekly,sigma1,ninety_pct,protective_next_strike,no_stop,17,17,18,359.8074471817641,3552.2431975835,0.5294117647058824,1.131522902290386,-33418.46009168652,-9286.437584395506,-12601.458878863506,0.9444444444444444,17107.624999999996,28952.62500000001,8567.999999999985,2451.2733979099976,6116.726602089988,0.2860963349568162,False,base,2,train
THU,10:00,second_nearest_weekly,sigma2,ninety_pct,protective_next_strike,stop_2x_credit,18,18,18,353.13776898022223,946.555633255,0.7777777777777778,1.4424450372930184,-12752.707802037,-4335.66142235315,-4491.0495501305,1.0,20128.61111111111,28635.75,8153.5,1797.020158356,6356.479841644001,0.2203986212492794,False,base,2,train
WED,09:20,nearest_weekly,sigma2,ninety_pct,protective_next_strike,no_stop,19,19,19,346.48498349736866,643.2283264524999,0.8421052631578947,1.5473980736166109,-9851.062535714498,-2599.808259475149,-9851.062535714498,1.0,14889.903289473685,22857.249999999975,8608.500000000002,2025.2853135499995,6583.214686450005,0.2352657621594934,False,base,2,train
THU,09:20,second_nearest_weekly,sigma1,touch,protective_next_strike,no_stop,17,17,18,341.1545212000582,4331.760362995,0.5882352941176471,1.1097213203806813,-42700.93190237851,-13764.562561293806,-18416.97729101501,0.9444444444444444,16911.573529411762,28952.62500000001,8203.999999999985,2404.3731395989967,5799.626860400986,0.2930732739637983,False,base,2,train
TUE,10:00,nearest_weekly,sigma1,touch,protective_next_strike,stop_2x_credit,19,19,19,339.58403921377413,1506.6753319226991,0.5263157894736842,1.1520438232178063,-27098.437299497287,-8085.432613394596,-8546.928886506495,1.0,14692.020394736835,25927.68749999999,8970.950000000004,2518.853254938299,6452.096745061708,0.2807788756974788,False,base,2,train
MON,11:00,nearest_weekly,sigma2,ninety_pct,add_short,no_stop,18,18,18,338.3373512271111,613.65336544475,0.9444444444444444,1.1805789589654814,-33725.259891725,-4757.129300806247,-33725.259891725,1.0,9303.990972222216,21218.4375,8071.5,1981.4276779119991,6090.072322088,0.2454844425338535,False,base,2,train
WED,09:20,nearest_weekly,sigma1,ninety_pct,protective_next_strike,stop_2x_credit,19,19,19,338.27863063358967,2187.412373974,0.631578947368421,1.203736956723073,-22061.8494400293,-5285.9995521438,-14548.740761091,1.0,13655.613157894735,28159.625000000025,9026.5,2599.2060179617997,6427.293982038196,0.2879528076177698,False,base,2,train
THU,09:20,nearest_weekly,sigma1,touch,protective_next_strike,no_stop,18,18,18,336.7903659087892,2494.98722147125,0.6111111111111112,1.1487086379363194,-27341.313393771998,-7900.182919316776,-7930.8669962835,1.0,11892.638194444437,20772.374999999996,8360.000000000007,2297.7734136418003,6062.226586358207,0.2748532791437558,False,base,2,train
TUE,10:00,nearest_weekly,sigma1,touch,protective_next_strike,no_stop,19,19,19,328.59496154209,1506.6753319226991,0.5263157894736842,1.1464032897747485,-27307.229775259293,-8085.432613394596,-8546.928886506495,1.0,14692.020394736835,25927.68749999999,8743.450000000004,2500.1457307002997,6243.304269299706,0.2859449909017948,False,base,2,train
THU,11:00,nearest_weekly,delta020,touch,add_short,stop_2x_credit,18,18,18,325.8596527183056,3798.14125460125,0.6666666666666666,1.0518972048677078,-106620.46566595702,-35811.95765243035,-43759.915038475,1.0,12728.364583333332,24349.000000000025,8243.75,2378.2762510705074,5865.473748929493,0.2884944656340267,False,base,2,train
TUE,11:00,second_nearest_weekly,delta020,touch,protective_next_strike,no_stop,19,19,19,325.3292875837935,-2407.66362918,0.4736842105263157,1.0930439288912634,-50697.30369475343,-11839.408000331056,-13123.225219654,1.0,21057.62236842105,33371.81250000002,9234.14999999998,3052.8935359079005,6181.256464092076,0.3306090474930456,False,base,2,train
TUE,11:00,second_nearest_weekly,delta020,touch,protective_next_strike,stop_2x_credit,19,19,19,325.3292875837935,-2407.66362918,0.4736842105263157,1.0930439288912634,-50697.30369475343,-11839.408000331056,-13123.225219654,1.0,21057.62236842105,33371.81250000002,9234.14999999998,3052.8935359079005,6181.256464092076,0.3306090474930456,False,base,2,train
TUE,09:20,second_nearest_weekly,delta020,touch,protective_next_strike,no_stop,19,19,19,322.8863464872732,-1091.4033474474936,0.4736842105263157,1.097836242964611,-48437.46891510941,-11651.668068675806,-11859.261575906,1.0,21255.236184210527,35784.12499999998,9171.499999999993,3036.6594167418007,6134.84058325819,0.3310973577650115,False,base,2,train
TUE,09:20,second_nearest_weekly,delta020,touch,protective_next_strike,stop_2x_credit,19,19,19,322.8863464872732,-1091.4033474474936,0.4736842105263157,1.097836242964611,-48437.46891510941,-11651.668068675806,-11859.261575906,1.0,21255.236184210527,35784.12499999998,9171.499999999993,3036.6594167418007,6134.84058325819,0.3310973577650115,False,base,2,train
FRI,10:00,nearest_weekly,sigma2,ninety_pct,protective_next_strike,no_stop,20,20,20,311.27117887410503,417.8062556925,0.9,1.627373256902535,-9922.9980063515,-990.8033016717244,-9373.383115958,1.0,12286.298125000005,18759.81250000001,8244.35,2018.9264225179004,6225.423577482101,0.2448860640945496,False,base,2,train
THU,10:00,second_nearest_weekly,sigma1,touch,protective_next_strike,no_stop,18,18,18,300.4651939924548,3942.3085455025,0.6111111111111112,1.082169520634962,-50369.02850167932,-13640.190255376856,-16155.605329270007,1.0,17433.768749999996,27734.6875,7927.6999999999825,2519.326508135798,5408.37349186418,0.3177878209488002,False,base,2,train
THU,11:00,second_nearest_weekly,sigma2,ninety_pct,add_short,stop_2x_credit,18,18,18,288.04510449200563,970.89266823625,0.7777777777777778,1.3145574057728386,-14570.0981496475,-4882.578131893325,-6161.6027632125,1.0,20029.94930555555,28030.60000000001,6959.6500000000015,1774.8381191438991,5184.811880856099,0.2550183010846664,False,base,2,train
WED,10:00,second_nearest_weekly,delta020,ninety_pct,add_short,stop_2x_credit,19,19,19,286.88073129614213,7728.1991792275,0.631578947368421,1.0338813896902062,-77359.28290104,-33923.600028073895,-45306.9552482875,1.0,20448.98355263158,39114.56249999999,8221.75,2771.016105373302,5450.733894626679,0.3370348290051755,False,base,2,train
TUE,11:00,second_nearest_weekly,sigma2,touch,add_short,stop_2x_credit,19,19,19,286.14964758939993,1073.87528017,0.7368421052631579,1.2933672616156329,-11308.837035894,-4111.241858857749,-5408.6555287705005,1.0,21168.105263157893,30999.799999999985,7290.899999999998,1854.0566958014,5436.843304198603,0.2542973701191074,False,base,2,train
TUE,11:00,second_nearest_weekly,sigma2,touch,protective_next_strike,stop_2x_credit,19,19,19,286.14964758939993,1073.87528017,0.7368421052631579,1.2933672616156329,-11308.837035894,-4111.241858857749,-5408.6555287705005,1.0,21168.105263157893,30999.799999999985,7290.899999999998,1854.0566958014,5436.843304198603,0.2542973701191074,False,base,2,train
TUE,11:00,second_nearest_weekly,sigma2,ninety_pct,add_short,stop_2x_credit,19,19,19,286.14964758939993,1073.87528017,0.7368421052631579,1.2933672616156329,-11308.837035894,-4111.241858857749,-5408.6555287705005,1.0,21168.105263157893,30999.799999999985,7290.899999999998,1854.0566958014,5436.843304198603,0.2542973701191074,False,base,2,train
TUE,11:00,second_nearest_weekly,sigma2,ninety_pct,protective_next_strike,stop_2x_credit,19,19,19,286.14964758939993,1073.87528017,0.7368421052631579,1.2933672616156329,-11308.837035894,-4111.241858857749,-5408.6555287705005,1.0,21168.105263157893,30999.799999999985,7290.899999999998,1854.0566958014,5436.843304198603,0.2542973701191074,False,base,2,train
MON,10:00,nearest_weekly,delta020,touch,protective_next_strike,no_stop,18,18,18,280.9827054193614,659.3654073135008,0.6111111111111112,1.208999718960536,-15949.603655958992,-5122.130601032674,-10015.418626047998,1.0,10338.580555555558,25033.125,7710.750000000007,2653.0613024515005,5057.688697548506,0.344073054171319,False,base,2,train
MON,10:00,nearest_weekly,delta020,touch,protective_next_strike,stop_2x_credit,18,18,18,280.9827054193614,659.3654073135008,0.6111111111111112,1.208999718960536,-15949.603655958992,-5122.130601032674,-10015.418626047998,1.0,10338.580555555558,25033.125,7710.750000000007,2653.0613024515005,5057.688697548506,0.344073054171319,False,base,2,train
WED,09:20,nearest_weekly,sigma1,ninety_pct,protective_next_strike,no_stop,19,19,19,280.3624101694369,2187.412373974,0.631578947368421,1.1631640218473398,-23162.2576288482,-5833.794109693261,-14548.740761091,1.0,13655.613157894735,28159.625000000025,7914.3499999999985,2587.464206780699,5326.885793219293,0.3269332550090278,False,base,2,train
THU,10:00,second_nearest_weekly,delta020,ninety_pct,add_short,stop_2x_credit,18,18,18,272.3825766138446,7479.22268336575,0.6666666666666666,1.0364849076795992,-116564.69281792648,-33912.22347792693,-40826.052755929,1.0,18597.968055555557,28616.25,7410.80000000001,2507.913620950801,4902.8863790492105,0.3384133455161113,False,base,2,train
WED,09:20,nearest_weekly,delta020,ninety_pct,add_short,stop_2x_credit,19,19,19,266.7579901605315,4526.477557359999,0.631578947368421,1.0391833826410328,-82963.3837879895,-35792.71225608355,-39042.340590148,1.0,14514.942105263155,30750.687499999975,7587.850000000006,2519.4481869499,5068.401813050099,0.3320371629578731,False,base,2,train
FRI,10:00,second_nearest_weekly,delta020,ninety_pct,add_short,stop_2x_credit,20,20,20,254.5735292745352,6059.44269002825,0.6,1.033971923135689,-90060.40325609849,-24226.553332054747,-30942.00069164649,1.0,18785.55062500001,28807.999999999996,7954.750000000007,2863.2794145092985,5091.470585490697,0.3599458706444949,False,base,2,train
MON,11:00,nearest_weekly,sigma2,touch,add_short,no_stop,18,18,18,251.64526789355563,613.65336544475,0.9444444444444444,1.134309263638778,-33725.259891725,-4757.129300806247,-33725.259891725,1.0,9006.868749999998,21218.4375,6461.5,1931.885177916001,4529.614822084001,0.2989840095822953,False,base,2,train
FRI,11:00,nearest_weekly,sigma2,ninety_pct,protective_next_strike,no_stop,20,20,20,242.9234930430051,422.8567809513,0.9,1.464069130209398,-10469.2804252415,-1524.3758257699744,-9357.1561980105,1.0,12366.841875000004,18789.0625,6923.85,2065.3801391398997,4858.469860860098,0.2982993766675909,False,base,2,train
FRI,09:20,nearest_weekly,sigma2,ninety_pct,protective_next_strike,no_stop,20,20,20,238.20313320530008,463.4880550095,0.9,1.4338923238134595,-10979.827027671,-2023.9993242307496,-9340.929280063,1.0,12335.064375000002,18775.25,6783.0,2018.937335893999,4764.062664106004,0.2976466660613296,False,base,2,train
THU,11:00,second_nearest_weekly,sigma2,touch,add_short,stop_2x_credit,18,18,18,237.61240403308892,970.89266823625,0.7777777777777778,1.2594827692833448,-14570.0981496475,-4882.578131893325,-6161.6027632125,1.0,19758.655555555557,28030.60000000001,6026.9000000000015,1749.8767274043992,4277.023272595599,0.2903444104605018,False,base,2,train
THU,11:00,second_nearest_weekly,sigma2,touch,protective_next_strike,stop_2x_credit,18,18,18,237.61240403308892,970.89266823625,0.7777777777777778,1.2594827692833448,-14570.0981496475,-4882.578131893325,-6161.6027632125,1.0,19758.655555555557,28030.60000000001,6026.9000000000015,1749.8767274043992,4277.023272595599,0.2903444104605018,False,base,2,train
FRI,10:00,second_nearest_weekly,delta020,touch,add_short,stop_2x_credit,20,20,20,205.7923057224154,5928.003878066,0.6,1.0278821108882974,-90011.34094985749,-23606.84367417348,-30942.00069164649,1.0,18630.12750000001,28807.999999999996,6957.950000000019,2842.1038855517045,4115.846114448315,0.4084685698448101,False,base,2,train
THU,11:00,second_nearest_weekly,sigma2,ninety_pct,protective_next_strike,stop_2x_credit,18,18,18,204.64386090408897,970.89266823625,0.7777777777777778,1.2234797293529922,-14570.0981496475,-4882.578131893325,-6161.6027632125,1.0,20029.94930555555,28030.60000000001,5480.9,1797.310503726399,3683.5894962736,0.3279225134059003,False,base,2,train
TUE,11:00,second_nearest_weekly,sigma1,ninety_pct,protective_next_strike,no_stop,19,19,19,203.6945468554746,3320.429947974,0.5263157894736842,1.0695285180691625,-42747.20104153848,-9086.62822375824,-9137.331864612994,1.0,20126.43421052632,39188.49999999998,6629.500000000015,2759.3036097459985,3870.196390254032,0.4162159453572656,False,base,2,train
TUE,11:00,second_nearest_weekly,sigma1,ninety_pct,protective_next_strike,stop_2x_credit,19,19,19,203.6945468554746,3320.429947974,0.5263157894736842,1.0695285180691625,-42747.20104153848,-9086.62822375824,-9137.331864612994,1.0,20126.43421052632,39188.49999999998,6629.500000000015,2759.3036097459985,3870.196390254032,0.4162159453572656,False,base,2,train
MON,10:00,nearest_weekly,delta020,ninety_pct,protective_next_strike,no_stop,18,18,18,187.1956463665004,913.2777976327488,0.6111111111111112,1.128386406060641,-18173.59185504099,-5712.390111582468,-10015.418626047998,1.0,10417.510416666668,25033.125,6070.500000000011,2700.978365403,3369.5216345970102,0.4449350737835425,False,base,2,train
MON,10:00,nearest_weekly,delta020,ninety_pct,protective_next_strike,stop_2x_credit,18,18,18,187.1956463665004,913.2777976327488,0.6111111111111112,1.128386406060641,-18173.59185504099,-5712.390111582468,-10015.418626047998,1.0,10417.510416666668,25033.125,6070.500000000011,2700.978365403,3369.5216345970102,0.4449350737835425,False,base,2,train
WED,10:00,nearest_weekly,sigma1,ninety_pct,protective_next_strike,stop_2x_credit,19,19,19,152.52447831486862,2561.763402975,0.5263157894736842,1.0887669131959463,-23280.458537266,-7162.72171868835,-10127.110037606995,1.0,13538.352631578957,28856.74999999999,5493.750000000006,2595.7849120175006,2897.965087982506,0.4724978224377698,False,base,2,train
WED,10:00,nearest_weekly,sigma1,ninety_pct,protective_next_strike,no_stop,19,19,19,145.34177388145278,2561.763402975,0.5263157894736842,1.0842345697114617,-23416.92992150089,-7228.9577947367,-10789.470798090497,1.0,13538.352631578957,28856.74999999999,5344.900000000008,2583.4062962524004,2761.49370374761,0.4833404359767996,False,base,2,train
FRI,09:20,nearest_weekly,sigma1,touch,protective_next_strike,no_stop,20,20,20,140.08244159572527,1787.22931518625,0.65,1.0690880452881235,-32901.011932218,-12394.918645493246,-13155.369413410996,1.0,10614.795,18027.75,5287.25000000001,2485.601168085499,2801.648831914505,0.47011228296099,False,base,2,train
THU,11:00,second_nearest_weekly,delta020,touch,add_short,stop_2x_credit,18,18,18,128.76727113320078,7225.412559013999,0.6666666666666666,1.017485692408641,-111499.34306118648,-29207.73338462132,-43432.1111758225,1.0,18789.17222222223,28679.625000000025,4793.100000000015,2475.2891196024057,2317.810880397632,0.5164275979225131,False,base,2,train
MON,10:00,second_nearest_weekly,delta020,ninety_pct,protective_next_strike,no_stop,18,18,18,122.26384425738809,-826.649706965,0.4444444444444444,1.0432078401684195,-40574.22714586102,-10219.6659668351,-19535.45966887201,1.0,18889.34236111112,44910.9375,5147.999999999985,2947.250803367001,2200.7491966329835,0.5725040410580826,False,base,2,train
MON,10:00,second_nearest_weekly,delta020,ninety_pct,protective_next_strike,stop_2x_credit,18,18,18,122.26384425738809,-826.649706965,0.4444444444444444,1.0432078401684195,-40574.22714586102,-10219.6659668351,-19535.45966887201,1.0,18889.34236111112,44910.9375,5147.999999999985,2947.250803367001,2200.7491966329835,0.5725040410580826,False,base,2,train
TUE,10:00,nearest_weekly,delta020,touch,add_short,stop_2x_credit,19,19,19,119.43901844806916,5324.1046698325,0.5789473684210527,1.018290996446369,-85466.6793770685,-24965.7893105143,-25187.206096012,1.0,16049.299999999994,28765.75000000001,4840.149999999994,2570.808649486703,2269.341350513314,0.5311423508541483,False,base,2,train
THU,11:00,second_nearest_weekly,sigma1,ninety_pct,add_short,stop_2x_credit,18,18,18,112.66022099936144,4376.696708965001,0.6666666666666666,1.022159643812334,-78529.26030375648,-21467.95238079307,-29556.07138168,1.0,17433.615277777775,27505.562500000025,4346.250000000009,2318.3660220115034,2027.8839779884968,0.5334175489241296,False,base,2,train
WED,11:00,nearest_weekly,delta020,touch,protective_next_strike,stop_2x_credit,19,19,19,101.61134249063696,-750.9873763029003,0.4210526315789473,1.0507501756471167,-21556.2229267634,-5569.6408968227015,-6327.413613356,1.0,14220.77828947368,30676.74999999999,4676.350000000005,2745.7344926779,1930.6155073221023,0.5871533338346996,False,base,2,train
TUE,09:20,second_nearest_weekly,sigma2,touch,add_short,stop_2x_credit,19,19,19,99.65722968258424,1180.9768247675,0.7368421052631579,1.0859018211909472,-15026.893264969502,-5370.0856168367,-6370.5227288825,1.0,21187.960526315797,31484.70000000002,3750.6500000000015,1857.1626360309,1893.4873639691004,0.4951575423009076,False,base,2,train
TUE,09:20,second_nearest_weekly,sigma2,touch,protective_next_strike,stop_2x_credit,19,19,19,99.65722968258424,1180.9768247675,0.7368421052631579,1.0859018211909472,-15026.893264969502,-5370.0856168367,-6370.5227288825,1.0,21187.960526315797,31484.70000000002,3750.6500000000015,1857.1626360309,1893.4873639691004,0.4951575423009076,False,base,2,train
TUE,09:20,second_nearest_weekly,sigma2,ninety_pct,add_short,stop_2x_credit,19,19,19,99.65722968258424,1180.9768247675,0.7368421052631579,1.0859018211909472,-15026.893264969502,-5370.0856168367,-6370.5227288825,1.0,21187.960526315797,31484.70000000002,3750.6500000000015,1857.1626360309,1893.4873639691004,0.4951575423009076,False,base,2,train
TUE,09:20,second_nearest_weekly,sigma2,ninety_pct,protective_next_strike,stop_2x_credit,19,19,19,99.65722968258424,1180.9768247675,0.7368421052631579,1.0859018211909472,-15026.893264969502,-5370.0856168367,-6370.5227288825,1.0,21187.960526315797,31484.70000000002,3750.6500000000015,1857.1626360309,1893.4873639691004,0.4951575423009076,False,base,2,train
TUE,11:00,second_nearest_weekly,delta020,touch,add_short,stop_2x_credit,19,19,19,93.95936696450468,7728.1991792275,0.5789473684210527,1.0113916334660094,-98192.4662793954,-28530.66133064905,-44609.19365392,1.0,21057.62236842105,33371.81250000002,4537.600000000006,2752.372027674412,1785.227972325618,0.6065699990467225,False,base,2,train
WED,11:00,nearest_weekly,sigma1,ninety_pct,protective_next_strike,stop_2x_credit,19,19,19,90.3424386812161,1168.872313215002,0.5263157894736842,1.061238937611521,-22291.60000546889,-4967.675813045498,-5259.480125604998,1.0,13512.763815789473,28474.874999999996,4260.150000000007,2543.6436650568994,1716.5063349431075,0.59707842800298,False,base,2,train
WED,11:00,nearest_weekly,delta020,touch,protective_next_strike,no_stop,19,19,19,69.16771781237381,-750.9873763029003,0.4210526315789473,1.0339952208508003,-22172.651795650392,-6056.252703974298,-6327.413613356,1.0,14220.77828947368,30676.74999999999,4052.350000000005,2738.1633615649,1314.1866384351042,0.6756976474304779,False,base,2,train
THU,09:20,nearest_weekly,sigma2,touch,add_short,stop_2x_credit,18,18,18,62.97116440027773,618.89477722375,0.7777777777777778,1.0758318525584043,-12021.366354305,-4590.8514827238505,-5554.86178639,1.0,13449.86666666667,19739.85000000001,2874.5,1741.0190407950006,1133.4809592049992,0.6056771754374676,False,base,2,train
THU,09:20,nearest_weekly,sigma2,touch,protective_next_strike,stop_2x_credit,18,18,18,62.97116440027773,618.89477722375,0.7777777777777778,1.0758318525584043,-12021.366354305,-4590.8514827238505,-5554.86178639,1.0,13449.86666666667,19739.85000000001,2874.5,1741.0190407950006,1133.4809592049992,0.6056771754374676,False,base,2,train
THU,09:20,nearest_weekly,sigma2,ninety_pct,add_short,stop_2x_credit,18,18,18,59.67279626200002,618.89477722375,0.7777777777777778,1.0715755561282283,-12080.736980794,-4590.8514827238505,-5554.86178639,1.0,13673.71041666667,20145.9375,2848.5,1774.3896672840003,1074.1103327160004,0.6229207187235388,False,base,2,train
THU,09:20,nearest_weekly,sigma2,ninety_pct,protective_next_strike,stop_2x_credit,18,18,18,58.44140491511101,618.89477722375,0.7777777777777778,1.0699951589267405,-12102.902025038002,-4590.8514827238505,-5554.86178639,1.0,13673.71041666667,20145.9375,2848.499999999999,1796.5547115280008,1051.945288471998,0.6307020226533268,False,base,2,train
MON,11:00,nearest_weekly,delta020,touch,protective_next_strike,no_stop,18,18,18,50.30436927733928,-180.71755472949957,0.5,1.036314176703527,-15026.926570606496,-4572.631234149649,-8643.614016859996,1.0,9922.897916666669,24009.375,3588.350000000004,2682.8713530078994,905.4786469921032,0.7476615583786131,False,base,2,train
MON,11:00,nearest_weekly,delta020,touch,protective_next_strike,stop_2x_credit,18,18,18,50.30436927733928,-180.71755472949957,0.5,1.036314176703527,-15026.926570606496,-4572.631234149649,-8643.614016859996,1.0,9922.897916666669,24009.375,3588.350000000004,2682.8713530078994,905.4786469921032,0.7476615583786131,False,base,2,train
MON,10:00,second_nearest_weekly,sigma1,touch,add_short,stop_2x_credit,18,18,18,47.63863148067331,4427.5009064652495,0.7222222222222222,1.0090553299377965,-84559.5328228655,-27648.88042162249,-30700.217303469,1.0,15724.27986111112,27720.875000000025,3154.850000000022,2297.354633347899,857.4953666521196,0.7281977378791014,False,base,2,train
FRI,09:20,second_nearest_weekly,sigma1,ninety_pct,protective_next_strike,no_stop,20,20,20,41.24642387487993,3560.35309051,0.55,1.013235707537986,-47380.88696820151,-11329.338835180371,-18081.7929057065,1.0,17334.584375,26986.37500000001,3601.400000000001,2776.471522502402,824.9284774975913,0.7709422786978399,False,base,2,train
MON,10:00,second_nearest_weekly,delta020,touch,add_short,no_stop,18,18,18,29.43010286160966,8197.289349551,0.7777777777777778,1.0026967326290706,-149749.22598175303,-62068.79132646397,-78753.54147457451,1.0,18889.34236111112,44910.9375,3198.999999999971,2669.258148490995,529.7418515089666,0.8344039226292652,False,base,2,train
THU,11:00,nearest_weekly,sigma1,touch,protective_next_strike,no_stop,18,18,18,26.47605078903376,2077.4501877475,0.6111111111111112,1.0110362286695842,-35020.74416322399,-10568.596368650222,-14752.5189644925,1.0,11447.718055555544,19103.499999999975,2694.1000000000004,2217.5310857973977,476.5689142026058,0.8231064495740312,False,base,2,train
TUE,09:20,nearest_weekly,sigma1,touch,protective_next_strike,no_stop,19,19,19,7.473300845189729,60.17084112250183,0.5263157894736842,1.0030448446806457,-31498.74662477539,-8880.521084794551,-10309.157250090497,1.0,14767.569078947368,26695.49999999999,2665.100000000005,2523.1072839414014,141.9927160586085,0.9467214303183358,False,base,2,train
TUE,09:20,nearest_weekly,sigma1,touch,protective_next_strike,stop_2x_credit,19,19,19,7.473300845189729,60.17084112250183,0.5263157894736842,1.0030448446806457,-31498.74662477539,-8880.521084794551,-10309.157250090497,1.0,14767.569078947368,26695.49999999999,2665.100000000005,2523.1072839414014,141.9927160586085,0.9467214303183358,False,base,2,train
FRI,11:00,second_nearest_weekly,delta020,ninety_pct,add_short,stop_2x_credit,19,19,20,2.5218902620374712,6425.5537341705,0.5789473684210527,1.000324437537162,-89563.16218998449,-23977.1100990931,-30610.97156551749,0.95,18620.825,29457.1875,2819.7500000000077,2771.8340850213,47.91591497868285,0.9830070343191036,False,base,2,train
FRI,09:20,second_nearest_weekly,sigma2,touch,add_short,stop_2x_credit,20,20,20,0.941431770600002,907.22935902625,0.8,1.0008681076055923,-16303.579354798,-5898.828013053475,-6513.3325728125,1.0,18783.19000000001,26880.10000000001,1965.0,1946.1713645880009,18.8286354119964,0.9904179972458018,False,base,2,train
FRI,09:20,second_nearest_weekly,sigma2,touch,protective_next_strike,stop_2x_credit,20,20,20,0.941431770600002,907.22935902625,0.8,1.0008681076055923,-16303.579354798,-5898.828013053475,-6513.3325728125,1.0,18783.19000000001,26880.10000000001,1965.0,1946.1713645880009,18.8286354119964,0.9904179972458018,False,base,2,train
FRI,09:20,second_nearest_weekly,sigma2,ninety_pct,add_short,stop_2x_credit,20,20,20,0.941431770600002,907.22935902625,0.8,1.0008681076055923,-16303.579354798,-5898.828013053475,-6513.3325728125,1.0,18783.19000000001,26880.10000000001,1965.0,1946.1713645880009,18.8286354119964,0.9904179972458018,False,base,2,train
FRI,09:20,second_nearest_weekly,sigma2,ninety_pct,protective_next_strike,stop_2x_credit,20,20,20,0.941431770600002,907.22935902625,0.8,1.0008681076055923,-16303.579354798,-5898.828013053475,-6513.3325728125,1.0,18783.19000000001,26880.10000000001,1965.0,1946.1713645880009,18.8286354119964,0.9904179972458018,False,base,2,train
THU,11:00,second_nearest_weekly,sigma1,ninety_pct,protective_next_strike,stop_2x_credit,18,18,18,-7.126933212077448,3179.7800333675,0.6111111111111112,0.997826890477404,-46602.10162346149,-13866.627531414222,-18481.253176110487,1.0,17433.615277777775,27505.562500000025,2430.6000000000004,2558.884797817397,-128.28479781739406,1.0527790659990937,False,base,2,train
THU,09:20,nearest_weekly,sigma1,touch,add_short,stop_2x_credit,18,18,18,-7.231689909966614,2556.77469718,0.6666666666666666,0.998126648101072,-60326.983372205,-18516.374909079423,-29611.3159624285,1.0,11705.302777777768,20772.374999999996,1956.6000000000056,2086.7704183794003,-130.1704183794027,1.0665288860162496,False,base,2,train
MON,11:00,nearest_weekly,delta020,ninety_pct,protective_next_strike,no_stop,18,18,18,-8.606774506183045,191.3155878939996,0.5555555555555556,0.9934694317411256,-15242.539323963396,-4235.456415078299,-8643.614016859996,1.0,10074.663194444443,24009.375,2622.750000000005,2777.671941111299,-154.9219411112948,1.0590685124816674,False,base,2,train
MON,11:00,nearest_weekly,delta020,ninety_pct,protective_next_strike,stop_2x_credit,18,18,18,-8.606774506183045,191.3155878939996,0.5555555555555556,0.9934694317411256,-15242.539323963396,-4235.456415078299,-8643.614016859996,1.0,10074.663194444443,24009.375,2622.750000000005,2777.671941111299,-154.9219411112948,1.0590685124816674,False,base,2,train
WED,11:00,nearest_weekly,sigma1,ninety_pct,protective_next_strike,no_stop,19,19,19,-17.86694504591019,1168.872313215002,0.5263157894736842,0.9887164765649668,-24347.578296284293,-5262.918099934138,-5293.8598688964,1.0,13598.09342105263,28474.874999999996,2254.250000000004,2593.721955872299,-339.4719558722936,1.1505919733269578,False,base,2,train
THU,09:20,second_nearest_weekly,delta020,ninety_pct,protective_next_strike,stop_2x_credit,17,17,18,-26.30689490331112,2788.1282574675,0.5294117647058824,0.992703332338026,-53271.56369849338,-13810.5878951899,-15414.087595137498,0.9444444444444444,18705.567647058822,30439.50000000001,2426.450000000006,2873.6672133563,-447.2172133562817,1.1843092638860444,False,base,2,train
TUE,09:20,second_nearest_weekly,sigma2,ninety_pct,protective_next_strike,no_stop,19,19,19,-29.67447234531552,1500.770566885,0.8947368421052632,0.9807422949775934,-29277.37100059349,-12000.073778792546,-17936.950152176996,1.0,21971.407236842104,31484.70000000002,1436.0000000000036,1999.814974560999,-563.8149745609949,1.39262881236838,False,base,2,train
FRI,11:00,second_nearest_weekly,sigma2,touch,add_short,stop_2x_credit,20,20,20,-49.25352252484997,832.3389348287499,0.75,0.9531819150838632,-14323.9890332645,-4995.5051465376,-5928.1479560035,1.0,18697.785,27027.649999999998,959.4999999999995,1944.570450497,-985.0704504970012,2.026649766020845,False,base,2,train
FRI,11:00,second_nearest_weekly,sigma2,touch,protective_next_strike,stop_2x_credit,20,20,20,-49.25352252484997,832.3389348287499,0.75,0.9531819150838632,-14323.9890332645,-4995.5051465376,-5928.1479560035,1.0,18697.785,27027.649999999998,959.4999999999995,1944.570450497,-985.0704504970012,2.026649766020845,False,base,2,train
FRI,11:00,second_nearest_weekly,sigma2,ninety_pct,add_short,stop_2x_credit,20,20,20,-49.25352252484997,832.3389348287499,0.75,0.9531819150838632,-14323.9890332645,-4995.5051465376,-5928.1479560035,1.0,18697.785,27027.649999999998,959.4999999999995,1944.570450497,-985.0704504970012,2.026649766020845,False,base,2,train
FRI,11:00,second_nearest_weekly,sigma2,ninety_pct,protective_next_strike,stop_2x_credit,20,20,20,-49.25352252484997,832.3389348287499,0.75,0.9531819150838632,-14323.9890332645,-4995.5051465376,-5928.1479560035,1.0,18697.785,27027.649999999998,959.4999999999995,1944.570450497,-985.0704504970012,2.026649766020845,False,base,2,train
MON,10:00,second_nearest_weekly,sigma1,ninety_pct,add_short,stop_2x_credit,18,18,18,-53.40946702082127,4168.86262310125,0.6666666666666666,0.9905327881033692,-82550.640380965,-27648.88042162249,-30700.217303469,1.0,16019.98472222223,27720.875000000025,1381.2000000000153,2342.5704063748008,-961.3704063747828,1.6960399698629995,False,base,2,train
TUE,10:00,second_nearest_weekly,sigma2,ninety_pct,protective_next_strike,no_stop,19,19,19,-55.02725095918422,1609.3597648075,0.8947368421052632,0.9658548548637989,-30619.807414906,-14620.721854722198,-16171.3810233665,1.0,21992.452631578937,31161.64999999999,955.7500000000018,2001.2677682245017,-1045.5177682245003,2.0939239008365136,False,base,2,train
TUE,10:00,second_nearest_weekly,sigma2,touch,protective_next_strike,no_stop,19,19,19,-55.71176564034225,1609.3597648075,0.8947368421052632,0.96543010434967,-30619.807414906,-14620.721854722198,-16171.3810233665,1.0,21992.452631578937,31161.64999999999,942.7500000000018,2001.2735471665017,-1058.5235471664992,2.12280408079183,False,base,2,train
WED,10:00,nearest_weekly,sigma1,touch,protective_next_strike,stop_2x_credit,19,19,19,-64.28881758859973,1403.202686648002,0.5789473684210527,0.9646738354522856,-27708.128292554396,-7232.953339155149,-10127.110037606995,1.0,13195.26842105264,28856.74999999999,1226.4000000000096,2447.8875341834005,-1221.4875341833897,1.9959944016498543,False,base,2,train
WED,11:00,second_nearest_weekly,sigma2,ninety_pct,add_short,stop_2x_credit,18,18,19,-68.58634036451662,1043.6727174935,0.7222222222222222,0.9409644867381376,-13879.6823459049,-5573.2091844382,-5971.63305104,0.9473684210526316,20051.20138888889,25247.62500000001,544.9500000000007,1779.5041265613006,-1234.5541265613028,3.265444768439853,False,base,2,train
MON,11:00,second_nearest_weekly,sigma1,touch,protective_next_strike,no_stop,18,18,18,-74.20594769449053,3535.1428681502503,0.7222222222222222,0.9807149498116096,-56852.13044226593,-22918.452740235432,-22998.304418593507,1.0,16151.691666666664,31091.45000000002,1181.9999999999782,2517.7070585008028,-1335.7070585008296,2.1300398126064715,False,base,2,train
TUE,10:00,second_nearest_weekly,sigma1,touch,add_short,no_stop,19,19,19,-82.89359290763213,6271.5126307,0.7894736842105263,0.9910966702457084,-127604.738640142,-48317.707224664446,-49292.9287169335,1.0,19520.76118421052,29713.937499999996,938.4999999999992,2513.478265245001,-1574.9782652449958,2.67818675039425,False,base,2,train
WED,09:20,second_nearest_weekly,delta020,ninety_pct,protective_next_strike,no_stop,19,19,19,-86.95542658234368,-1116.7796494765,0.4736842105263157,0.9744642438484904,-56076.90453580952,-13006.164118519106,-14538.613618793006,1.0,20457.436184210525,37762.56249999998,1484.749999999971,3136.903105064501,-1652.153105064515,2.1127483448826823,False,base,2,train
WED,11:00,second_nearest_weekly,delta020,ninety_pct,protective_next_strike,stop_2x_credit,19,19,19,-89.96507199649534,588.4300495864995,0.5263157894736842,0.97209862526207,-53416.47765611702,-8934.46741532615,-14498.3588353475,1.0,20546.500000000004,38927.68749999999,1382.8999999999833,3092.2363679334003,-1709.3363679334188,2.236052041314222,False,base,2,train
THU,09:20,nearest_weekly,sigma1,ninety_pct,protective_next_strike,no_stop,18,18,18,-92.32518034182168,1891.1472378510496,0.5555555555555556,0.958316132566682,-34251.56402987879,-7980.621478436848,-8262.56354397249,1.0,12136.08124999999,21909.874999999996,686.5000000000109,2348.3532461528,-1661.8532461527902,3.420762193958868,False,base,2,train
WED,10:00,second_nearest_weekly,sigma1,touch,protective_next_strike,stop_2x_credit,19,19,19,-94.22630990876314,2273.055185624502,0.5789473684210527,0.9699565031036448,-41756.43878260449,-12414.12353222545,-15886.7826104755,1.0,18622.35065789473,36116.43749999999,994.25,2784.5498882665024,-1790.2998882664997,2.80065364673523,False,base,2,train
MON,11:00,second_nearest_weekly,sigma1,touch,protective_next_strike,stop_2x_credit,18,18,18,-101.52041420029552,3535.1428681502503,0.7222222222222222,0.973802283887,-57343.79083937041,-22992.201799801107,-23489.964815698,1.0,16151.691666666664,31091.45000000002,678.2499999999891,2505.617455605304,-1827.3674556053195,3.694238784526861,False,base,2,train
FRI,10:00,second_nearest_weekly,sigma2,touch,add_short,stop_2x_credit,20,20,20,-103.63699591874506,835.2180014659999,0.75,0.9086450640753052,-16317.306371764,-5938.0016796742,-6926.832176024,1.0,18735.7175,27141.399999999998,-126.65000000000146,1946.0899183749,-2072.739918374903,15.365889604223272,False,base,2,train
FRI,10:00,second_nearest_weekly,sigma2,touch,protective_next_strike,stop_2x_credit,20,20,20,-103.63699591874506,835.2180014659999,0.75,0.9086450640753052,-16317.306371764,-5938.0016796742,-6926.832176024,1.0,18735.7175,27141.399999999998,-126.65000000000146,1946.0899183749,-2072.739918374903,15.365889604223272,False,base,2,train
FRI,10:00,second_nearest_weekly,sigma2,ninety_pct,add_short,stop_2x_credit,20,20,20,-103.63699591874506,835.2180014659999,0.75,0.9086450640753052,-16317.306371764,-5938.0016796742,-6926.832176024,1.0,18735.7175,27141.399999999998,-126.65000000000146,1946.0899183749,-2072.739918374903,15.365889604223272,False,base,2,train
FRI,10:00,second_nearest_weekly,sigma2,ninety_pct,protective_next_strike,stop_2x_credit,20,20,20,-103.63699591874506,835.2180014659999,0.75,0.9086450640753052,-16317.306371764,-5938.0016796742,-6926.832176024,1.0,18735.7175,27141.399999999998,-126.65000000000146,1946.0899183749,-2072.739918374903,15.365889604223272,False,base,2,train
WED,10:00,nearest_weekly,sigma1,touch,protective_next_strike,no_stop,19,19,19,-105.39799752288909,1403.202686648002,0.5789473684210527,0.94336404484539,-28489.20271130589,-7299.189415203499,-10789.470798090497,1.0,13282.513815789482,28856.74999999999,488.6500000000096,2491.2119529349,-2002.5619529348887,5.098151955253967,False,base,2,train
MON,09:20,second_nearest_weekly,sigma1,ninety_pct,add_short,no_stop,18,18,18,-108.06422618477455,5453.296664496249,0.7777777777777778,0.9863002522106966,-114137.73941599554,-36970.8901015743,-65734.88573690252,1.0,17094.347222222223,28487.874999999975,525.8499999999804,2471.0060713259054,-1945.156071325935,4.699070212657598,False,base,2,train
THU,10:00,second_nearest_weekly,delta020,touch,protective_next_strike,stop_2x_credit,18,18,18,-113.15444526613264,1114.20637946025,0.5555555555555556,0.9660886419458,-52669.19909361889,-13647.7971205772,-17895.3938497855,1.0,18597.968055555557,28616.25,920.1000000000204,2956.8800147904017,-2036.7800147903872,3.213650706217081,False,base,2,train
THU,11:00,second_nearest_weekly,delta020,touch,protective_next_strike,stop_2x_credit,18,18,18,-119.5683506832439,3954.106490322749,0.6111111111111112,0.9729720654673616,-62753.88851373949,-20386.219546531247,-25550.691145756497,1.0,18789.17222222223,28679.625000000025,723.6000000000149,2875.8303122984,-2152.2303122983885,3.974337081672665,False,base,2,train
TUE,11:00,second_nearest_weekly,sigma2,touch,protective_next_strike,no_stop,19,19,19,-126.6568971426841,1392.1674259525,0.8947368421052632,0.9219536636916568,-30834.003997363,-14730.4164681623,-16275.2339118305,1.0,21754.99539473684,30999.799999999985,-454.499999999998,1951.981045711001,-2406.481045710998,4.294787779342155,False,base,2,train
WED,10:00,second_nearest_weekly,delta020,touch,protective_next_strike,stop_2x_credit,19,19,19,-126.8021042669423,838.4650277859992,0.5789473684210527,0.963207259171521,-57111.53297624201,-13217.4166515353,-14251.7082252455,1.0,20256.26710526316,39114.56249999999,607.1499999999924,3016.3899810719,-2409.239981071907,4.968113285138661,False,base,2,train
WED,11:00,second_nearest_weekly,sigma2,touch,add_short,stop_2x_credit,18,18,19,-128.21463212262776,1043.6727174935,0.7222222222222222,0.889639590408061,-13879.6823459049,-5573.2091844382,-5971.63305104,0.9473684210526316,19770.67222222222,25129.49999999999,-553.5499999999993,1754.3133782073005,-2307.8633782073025,3.16920491050005,False,base,2,train
WED,11:00,second_nearest_weekly,sigma2,touch,protective_next_strike,stop_2x_credit,18,18,19,-128.21463212262776,1043.6727174935,0.7222222222222222,0.889639590408061,-13879.6823459049,-5573.2091844382,-5971.63305104,0.9473684210526316,19770.67222222222,25129.49999999999,-553.5499999999993,1754.3133782073005,-2307.8633782073025,3.16920491050005,False,base,2,train
TUE,11:00,second_nearest_weekly,sigma2,ninety_pct,protective_next_strike,no_stop,19,19,19,-130.68062970465795,1392.1674259525,0.8947368421052632,0.919474228368108,-30834.003997363,-14730.4164681623,-16275.2339118305,1.0,21945.009210526317,30999.799999999985,-483.749999999998,1999.1819643885008,-2482.9319643884937,4.132675895376763,False,base,2,train
MON,09:20,second_nearest_weekly,delta020,touch,protective_next_strike,no_stop,18,18,18,-135.8495167079949,-744.0269821440006,0.4444444444444444,0.9625375674774296,-50802.005353207496,-15934.620098112406,-20663.104201978,1.0,19131.802777777768,45274.12499999997,471.1500000000015,2916.4413007439,-2445.2913007439,6.190048393810656,False,base,2,train
MON,09:20,second_nearest_weekly,delta020,touch,add_short,no_stop,18,18,18,-138.39216463591745,8171.825420167999,0.7777777777777778,0.9873830122081622,-145650.0632581555,-61454.11567748892,-78756.78687733901,1.0,19131.802777777768,45274.12499999997,155.24999999999272,2646.308963446494,-2491.058963446536,17.0454683635853,False,base,2,train
FRI,09:20,nearest_weekly,delta020,ninety_pct,protective_next_strike,no_stop,20,20,20,-139.69762157269997,746.5886794284992,0.55,0.9394865834978096,-36713.000327178495,-11332.01865074575,-15988.00376124,1.0,11473.332499999997,24866.5625,-123.99999999999636,2669.9524314539995,-2793.952431453996,21.531874447210303,False,base,2,train
FRI,09:20,nearest_weekly,delta020,ninety_pct,protective_next_strike,stop_2x_credit,20,20,20,-139.69762157269997,746.5886794284992,0.55,0.9394865834978096,-36713.000327178495,-11332.01865074575,-15988.00376124,1.0,11473.332499999997,24866.5625,-123.99999999999636,2669.9524314539995,-2793.952431453996,21.531874447210303,False,base,2,train
TUE,09:20,second_nearest_weekly,sigma2,touch,protective_next_strike,no_stop,19,19,19,-143.216829599842,1500.770566885,0.8947368421052632,0.9136457484465867,-31511.126707107,-14010.4539146547,-17936.950152176996,1.0,21781.20526315789,31484.70000000002,-767.4999999999964,1953.619762397,-2721.1197623969942,2.545432915175256,False,base,2,train
WED,11:00,second_nearest_weekly,sigma1,touch,add_short,stop_2x_credit,19,19,19,-144.41695505399434,4309.29219001,0.631578947368421,0.9746305465016428,-84779.206962386,-26052.096486262897,-39915.3115057765,1.0,18687.138157894733,36124.56249999999,-213.64999999999415,2530.272146025902,-2743.9221460259078,11.843071125794388,False,base,2,train
THU,11:00,nearest_weekly,sigma1,touch,add_short,stop_2x_credit,18,18,18,-153.49486954353284,2449.3395577012498,0.7222222222222222,0.9596737394592372,-64387.643822004,-18751.547248738498,-27758.118250147,1.0,11447.718055555544,19103.499999999975,-625.9999999999927,2136.907651783601,-2762.907651783593,3.4135904980569105,False,base,2,train
WED,11:00,second_nearest_weekly,delta020,ninety_pct,protective_next_strike,no_stop,19,19,19,-160.7907471823115,588.4300495864995,0.5263157894736842,0.9512048720992522,-54762.16548464753,-9069.0361981792,-15844.046663878007,1.0,20546.500000000004,38927.68749999999,92.649999999976,3147.6741964638995,-3055.0241964639254,33.97381755493487,False,base,2,train
MON,10:00,nearest_weekly,sigma1,touch,protective_next_strike,no_stop,18,18,18,-160.91675759902807,140.5347029864958,0.5,0.8813543800195097,-17263.214534555995,-5388.401577671475,-11890.350502294,1.0,9343.00625,22884.0625,-439.25000000000273,2457.251636782501,-2896.501636782504,5.594198376283405,False,base,2,train
MON,10:00,nearest_weekly,sigma1,touch,protective_next_strike,stop_2x_credit,18,18,18,-160.91675759902807,140.5347029864958,0.5,0.8813543800195097,-17263.214534555995,-5388.401577671475,-11890.350502294,1.0,9343.00625,22884.0625,-439.25000000000273,2457.251636782501,-2896.501636782504,5.594198376283405,False,base,2,train
MON,10:00,nearest_weekly,sigma1,ninety_pct,protective_next_strike,no_stop,18,18,18,-162.17548113258363,69.66494679874567,0.5,0.8705370052646937,-15093.464250281504,-5361.6504920799,-9968.735331188502,1.0,9446.500694444445,22884.0625,-414.7500000000064,2504.408660386499,-2919.158660386506,6.03835722817712,False,base,2,train
MON,10:00,nearest_weekly,sigma1,ninety_pct,protective_next_strike,stop_2x_credit,18,18,18,-162.17548113258363,69.66494679874567,0.5,0.8705370052646937,-15093.464250281504,-5361.6504920799,-9968.735331188502,1.0,9446.500694444445,22884.0625,-414.7500000000064,2504.408660386499,-2919.158660386506,6.03835722817712,False,base,2,train
WED,11:00,second_nearest_weekly,sigma2,ninety_pct,protective_next_strike,stop_2x_credit,18,18,19,-170.0343825635444,983.721637189,0.7222222222222222,0.853643349485433,-13879.6823459049,-5573.2091844382,-5971.63305104,0.9473684210526316,20051.20138888889,25247.62500000001,-1258.7999999999993,1801.8188861438005,-3060.618886143802,1.4313782063423908,False,base,2,train
THU,11:00,second_nearest_weekly,sigma1,ninety_pct,protective_next_strike,no_stop,18,18,18,-172.77962652186184,3179.7800333675,0.6111111111111112,0.9498499623825,-49359.05417980651,-15023.80275376803,-19256.530609313497,1.0,17433.615277777775,27505.562500000025,-526.2500000000127,2583.7832773935,-3110.033277393508,4.909801952291567,False,base,2,train
THU,11:00,nearest_weekly,sigma2,touch,add_short,stop_2x_credit,18,18,18,-176.54047788630558,549.6144247674999,0.7777777777777778,0.8105143563600387,-11967.8276705745,-5451.457370786875,-5619.514257988,1.0,13389.658333333333,19914.70000000002,-1437.25,1740.4786019535009,-3177.7286019534995,1.2109783280247006,False,base,2,train
THU,11:00,nearest_weekly,sigma2,touch,protective_next_strike,stop_2x_credit,18,18,18,-176.54047788630558,549.6144247674999,0.7777777777777778,0.8105143563600387,-11967.8276705745,-5451.457370786875,-5619.514257988,1.0,13389.658333333333,19914.70000000002,-1437.25,1740.4786019535009,-3177.7286019534995,1.2109783280247006,False,base,2,train
TUE,11:00,nearest_weekly,sigma1,touch,protective_next_strike,stop_2x_credit,19,19,19,-177.0413968542943,527.178254445599,0.5263157894736842,0.9282693882185248,-34409.818704939695,-8094.195200858747,-8517.720261625996,1.0,14256.146710526316,25410.12500000001,-833.2999999999938,2530.4865402316004,-3363.7865402315992,3.0367053164906026,False,base,2,train
THU,10:00,nearest_weekly,sigma2,ninety_pct,protective_next_strike,stop_2x_credit,18,18,18,-178.2294793834444,579.5754744999999,0.7777777777777778,0.8117299625571175,-13735.224383634,-5307.5902905342,-6729.1589873825,1.0,13604.067361111109,20163.812499999975,-1418.0000000000005,1790.130628902,-3208.1306289020004,1.2624334477447103,False,base,2,train
TUE,11:00,nearest_weekly,sigma1,touch,protective_next_strike,no_stop,19,19,19,-193.090577185347,527.178254445599,0.5263157894736842,0.9222722822767528,-34714.7531312297,-8094.195200858747,-8517.720261625996,1.0,14256.146710526316,25410.12500000001,-1159.599999999993,2509.1209665216006,-3668.720966521604,2.163781447500531,False,base,2,train
WED,09:20,second_nearest_weekly,sigma1,touch,protective_next_strike,stop_2x_credit,19,19,19,-198.5715007242051,559.14905532,0.5263157894736842,0.9411911549481138,-49577.1976938074,-12382.8752939438,-16347.567735776,1.0,18032.909210526315,27395.875000000025,-1004.1500000000016,2768.708513759897,-3772.858513759908,2.757265860439071,False,base,2,train
MON,09:20,second_nearest_weekly,delta020,touch,protective_next_strike,stop_2x_credit,18,18,18,-199.1202227960501,-744.0269821440006,0.4444444444444444,0.9460314051838716,-51940.87806279249,-16902.66190125965,-20663.104201978,1.0,19131.802777777768,45274.12499999997,-659.8499999999913,2924.3140103289006,-3584.1640103288937,4.431786027625884,False,base,2,train
MON,09:20,second_nearest_weekly,sigma2,ninety_pct,protective_next_strike,no_stop,18,18,18,-205.82986719166672,1179.97614785,0.8333333333333334,0.854686336646986,-24098.0933991995,-11366.193066904423,-13024.5518891645,1.0,18138.31736111111,27967.87499999998,-1758.0000000000005,1946.9376094500008,-3704.937609450005,1.1074730429180888,False,base,2,train
THU,10:00,nearest_weekly,sigma1,ninety_pct,protective_next_strike,no_stop,18,18,18,-215.222411115633,1621.97852549075,0.5555555555555556,0.9073479642130988,-36464.66349378789,-9984.654671273198,-11208.993948448498,1.0,11902.19722222222,22198.312499999996,-1577.099999999993,2296.9034000814004,-3874.003400081392,1.456409485816632,False,base,2,train
WED,10:00,second_nearest_weekly,delta020,touch,protective_next_strike,no_stop,19,19,19,-218.42383732523243,838.4650277859992,0.5789473684210527,0.9382636622479112,-58852.34590434952,-13707.598024007655,-15597.396053776009,1.0,20256.26710526316,39114.56249999999,-1086.1000000000222,3063.9529091794,-4150.052909179423,2.8210596714661054,False,base,2,train
THU,10:00,nearest_weekly,sigma2,touch,protective_next_strike,stop_2x_credit,18,18,18,-232.0592707906111,579.5754744999999,0.7222222222222222,0.7657892549078622,-14704.160628963,-5307.5902905342,-6729.1589873825,1.0,13604.067361111109,20163.812499999975,-2386.5000000000005,1790.566874231,-4177.066874231001,0.7502899116827989,False,base,2,train
THU,11:00,nearest_weekly,sigma2,ninety_pct,protective_next_strike,stop_2x_credit,18,18,18,-240.57822725336115,517.78451303875,0.7777777777777778,0.7417809174266422,-13120.5071591815,-5451.457370786875,-5619.514257988,1.0,13617.356944444446,20492.874999999975,-2542.25,1788.158090560501,-4330.4080905605,0.7033761788024392,False,base,2,train
WED,10:00,second_nearest_weekly,sigma1,touch,protective_next_strike,no_stop,19,19,19,-258.041806130448,2273.055185624502,0.5789473684210527,0.9218089522703324,-43326.03249481701,-13426.537874993206,-15886.7826104755,1.0,18622.35065789473,36116.43749999999,-2106.2500000000127,2796.5443164785,-4902.794316478516,1.327736173995719,False,base,2,train
THU,09:20,nearest_weekly,sigma1,touch,protective_next_strike,stop_2x_credit,18,18,18,-266.8007530179388,2494.98722147125,0.6111111111111112,0.906984841790875,-39396.993666489,-9640.99158465765,-19536.258098556,1.0,11705.302777777768,20772.374999999996,-2593.149999999994,2209.2635543229017,-4802.413554322893,0.8519613421217078,False,base,2,train
THU,11:00,nearest_weekly,delta020,ninety_pct,add_short,stop_2x_credit,18,18,18,-267.29897803425007,4189.4584483375,0.6666666666666666,0.9591649372739748,-104016.347583092,-36036.2149834573,-40602.1381486165,1.0,12848.562499999998,24349.000000000025,-2414.75,2396.631604616497,-4811.381604616516,0.9924967821167812,False,base,2,train
TUE,10:00,nearest_weekly,delta020,ninety_pct,add_short,stop_2x_credit,19,19,19,-273.70766181298967,5656.393278984,0.5789473684210527,0.9596021040674424,-88929.52255443999,-26274.9988863859,-26508.7169807125,1.0,16195.549999999996,28765.75000000001,-2619.699999999997,2580.745574446798,-5200.445574446774,0.9851301959945036,False,base,2,train
FRI,10:00,nearest_weekly,sigma2,touch,add_short,stop_2x_credit,20,20,20,-276.099035480495,393.46573495875,0.85,0.7069129787166155,-15184.217317116,-7065.849195164348,-7981.406274433,1.0,11979.002500000004,18259.149999999998,-3592.1499999999987,1929.8307096099009,-5521.980709609899,0.537235557983353,False,base,2,train
FRI,10:00,nearest_weekly,sigma2,touch,protective_next_strike,stop_2x_credit,20,20,20,-276.099035480495,393.46573495875,0.85,0.7069129787166155,-15184.217317116,-7065.849195164348,-7981.406274433,1.0,11979.002500000004,18259.149999999998,-3592.1499999999987,1929.8307096099009,-5521.980709609899,0.537235557983353,False,base,2,train
FRI,10:00,nearest_weekly,sigma2,ninety_pct,add_short,stop_2x_credit,20,20,20,-276.099035480495,393.46573495875,0.85,0.7069129787166155,-15184.217317116,-7065.849195164348,-7981.406274433,1.0,11979.002500000004,18259.149999999998,-3592.1499999999987,1929.8307096099009,-5521.980709609899,0.537235557983353,False,base,2,train
FRI,10:00,nearest_weekly,sigma2,ninety_pct,protective_next_strike,stop_2x_credit,20,20,20,-276.099035480495,393.46573495875,0.85,0.7069129787166155,-15184.217317116,-7065.849195164348,-7981.406274433,1.0,11979.002500000004,18259.149999999998,-3592.1499999999987,1929.8307096099009,-5521.980709609899,0.537235557983353,False,base,2,train
FRI,11:00,nearest_weekly,sigma2,touch,add_short,stop_2x_credit,20,20,20,-282.9544863952199,399.65255649305,0.85,0.6912126333378186,-14660.5438278745,-7056.762158504998,-8107.9769822485,1.0,12060.643125000004,18293.60000000001,-3706.899999999998,1952.1897279043992,-5659.089727904398,0.5266367390284066,False,base,2,train
FRI,11:00,nearest_weekly,sigma2,ninety_pct,add_short,stop_2x_credit,20,20,20,-283.76583708634485,391.5390495818,0.85,0.6903272088070265,-14660.5438278745,-7056.762158504998,-8107.9769822485,1.0,12060.643125000004,18293.60000000001,-3723.149999999998,1952.1667417268995,-5675.316741726898,0.5243320150213933,False,base,2,train
FRI,11:00,nearest_weekly,sigma2,ninety_pct,protective_next_strike,stop_2x_credit,20,20,20,-285.1072009289199,378.12541115605,0.85,0.6888633825430877,-14660.5438278745,-7056.762158504998,-8107.9769822485,1.0,12060.643125000004,18293.60000000001,-3726.399999999998,1975.7440185783992,-5702.144018578398,0.5302018083346931,False,base,2,train
FRI,10:00,second_nearest_weekly,sigma1,touch,protective_next_strike,stop_2x_credit,19,19,20,-286.0566525605206,3455.50161658,0.5789473684210527,0.9138509686172724,-42654.276141053495,-12564.463501330096,-19436.951054798,0.95,17095.68289473685,26740.187499999996,-2754.649999999994,2680.4263986498986,-5435.076398649884,0.9730551607826418,False,base,2,train
FRI,11:00,nearest_weekly,sigma2,touch,protective_next_strike,stop_2x_credit,20,20,20,-286.24520658634486,370.55121949955,0.85,0.6876214804454052,-14660.5438278745,-7056.762158504998,-8107.9769822485,1.0,12060.643125000004,18293.60000000001,-3749.149999999998,1975.7541317268992,-5724.904131726898,0.52698721889679,False,base,2,train
MON,09:20,second_nearest_weekly,sigma1,touch,add_short,stop_2x_credit,18,18,18,-289.4789955372501,4616.598501365499,0.7222222222222222,0.9477349811662956,-80079.704233433,-25151.9759069959,-29960.269845063,1.0,16474.543749999997,28487.874999999975,-2839.749999999998,2370.871919670501,-5210.621919670506,0.8348875498443535,False,base,2,train
MON,10:00,second_nearest_weekly,sigma2,ninety_pct,protective_next_strike,no_stop,18,18,18,-291.13952774625,920.597058809,0.8333333333333334,0.7952924644610747,-24166.246358704,-11435.481992159,-13008.324875342,1.0,18067.613888888893,28021.500000000025,-3295.7500000000005,1944.7614994325,-5240.511499432501,0.5900816200963361,False,base,2,train
THU,11:00,second_nearest_weekly,sigma2,ninety_pct,protective_next_strike,no_stop,18,18,18,-293.4132847506944,1055.1448311775,0.8888888888888888,0.8093309403830957,-27699.507912422,-13527.023023636948,-14310.7981456025,1.0,20582.11527777777,28030.60000000001,-3385.7499999999964,1895.6891255125008,-5281.439125512499,0.5599022743889841,False,base,2,train
MON,11:00,nearest_weekly,sigma1,ninety_pct,protective_next_strike,no_stop,18,18,18,-299.247444834878,515.6281549892502,0.5555555555555556,0.7888961789846394,-18092.0402560063,-5660.449836732299,-9732.637141192004,1.0,8941.689583333331,21498.75,-2911.8000000000025,2474.6540070278006,-5386.454007027802,0.8498708726656359,False,base,2,train
THU,09:20,second_nearest_weekly,delta020,ninety_pct,protective_next_strike,no_stop,17,17,18,-305.2750666101364,2788.1282574675,0.5294117647058824,0.9214079217823132,-58014.02261750941,-13891.566100497908,-15414.087595137498,0.9444444444444444,18705.567647058822,30439.50000000001,-2429.050000000023,2760.626132372301,-5189.676132372311,1.1365044492177088,False,base,2,train
WED,10:00,second_nearest_weekly,sigma1,touch,add_short,stop_2x_credit,19,19,19,-305.5449259980263,4496.526964885,0.631578947368421,0.9521948074840462,-62100.86330314899,-25714.37422737655,-34873.3604319415,1.0,18622.35065789473,36116.43749999999,-3275.7499999999927,2529.6035939625044,-5805.353593962496,0.7722211994085355,False,base,2,train
TUE,11:00,second_nearest_weekly,sigma1,ninety_pct,add_short,no_stop,19,19,19,-305.59723038713145,5649.88620661,0.7894736842105263,0.9656032098419554,-126044.2696632765,-43753.28513752069,-50289.6397592735,1.0,20126.43421052632,39188.49999999998,-3258.249999999989,2548.097377355498,-5806.347377355469,0.7820447716889454,False,base,2,train
WED,10:00,second_nearest_weekly,sigma1,ninety_pct,protective_next_strike,no_stop,19,19,19,-309.6373228094216,502.8531357674991,0.5789473684210527,0.8930522061082167,-37993.643535245006,-12710.515105016397,-13153.177348828507,1.0,18878.21118421052,36116.43749999999,-3039.000000000002,2844.1091333790005,-5883.10913337901,0.9358700669230006,False,base,2,train
THU,11:00,second_nearest_weekly,delta020,ninety_pct,add_short,stop_2x_credit,18,18,18,-313.413207569528,7432.656331102749,0.6666666666666666,0.9567920722619576,-110449.20303126048,-30082.531699792293,-40767.635506168,1.0,18979.568055555563,28679.625000000025,-3163.249999999991,2478.187736251505,-5641.437736251493,0.7834308816095826,False,base,2,train
FRI,09:20,second_nearest_weekly,delta020,touch,protective_next_strike,no_stop,20,20,20,-318.3629227712705,1767.3493951879996,0.55,0.9218780549375162,-56927.76593054601,-17121.335433873224,-17813.105457514997,1.0,18393.956250000003,28917.687499999996,-3309.4000000000087,3057.8584554254026,-6367.258455425417,0.9239917977353582,False,base,2,train
FRI,10:00,second_nearest_weekly,sigma1,touch,protective_next_strike,no_stop,19,19,20,-318.70369930075725,3455.50161658,0.5789473684210527,0.9049534584748712,-43274.57002911799,-13122.728000588142,-19436.951054798,0.95,17095.68289473685,26740.187499999996,-3375.3999999999924,2679.9702867143983,-6055.37028671438,0.7939711698508042,False,base,2,train
MON,09:20,second_nearest_weekly,sigma1,touch,protective_next_strike,no_stop,18,18,18,-321.70361064736164,4065.432257207,0.6666666666666666,0.913890644861018,-50476.49887769351,-15669.523892154051,-24354.991452354,1.0,16474.543749999997,28487.874999999975,-3223.250000000009,2567.4149916524966,-5790.664991652506,0.7965298973559263,False,base,2,train
TUE,09:20,second_nearest_weekly,sigma1,ninety_pct,add_short,no_stop,19,19,19,-322.6920745286002,6119.47747617,0.7894736842105263,0.9631340115072508,-125839.706324485,-45174.99703698114,-55539.715402514514,1.0,19922.333552631582,30623.93749999999,-3582.900000000001,2548.249416043405,-6131.149416043404,0.711225380569763,False,base,2,train
WED,11:00,nearest_weekly,sigma1,touch,protective_next_strike,stop_2x_credit,19,19,19,-327.2445845740256,1395.1794491955,0.5789473684210527,0.8387205826956717,-32813.963003308985,-6613.872459391046,-12708.120756075,1.0,13431.76184210526,28474.874999999996,-3709.74999999999,2507.897106906499,-6217.647106906486,0.6760286021717112,False,base,2,train
MON,09:20,second_nearest_weekly,sigma1,touch,protective_next_strike,stop_2x_credit,18,18,18,-327.57197715713886,4065.432257207,0.6666666666666666,0.9124573873604676,-50582.12947486951,-15669.523892154051,-24354.991452354,1.0,16474.543749999997,28487.874999999975,-3281.750000000002,2614.545588828496,-5896.2955888285,0.7966924929773732,False,base,2,train
THU,10:00,second_nearest_weekly,sigma1,ninety_pct,protective_next_strike,stop_2x_credit,18,18,18,-330.33177482651666,2540.6596551862503,0.5555555555555556,0.9054055690849648,-57201.1332092083,-15202.915492560349,-18259.027410056,1.0,18308.214583333327,27734.6875,-3347.550000000003,2598.4219468772967,-5945.971946877307,0.7762160227262608,False,base,2,train
THU,09:20,second_nearest_weekly,delta020,ninety_pct,add_short,stop_2x_credit,17,17,18,-335.57218738860064,8019.046491539998,0.6470588235294118,0.9599101062213536,-122819.694733784,-39328.1195042128,-40741.672284052,0.9444444444444444,18705.567647058822,30439.50000000001,-3306.600000000006,2398.127185606205,-5704.727185606218,0.7252546983627293,False,base,2,train
WED,10:00,second_nearest_weekly,sigma2,ninety_pct,protective_next_strike,no_stop,19,19,19,-349.63604028225774,1210.6601683045,0.8947368421052632,0.7935818514082432,-32182.65840810949,-14581.08510572295,-17979.134326969495,1.0,21073.621052631574,27525.06249999998,-4599.649999999998,2043.434765362899,-6643.084765362895,0.4442587512882284,False,base,2,train
THU,10:00,second_nearest_weekly,sigma2,ninety_pct,protective_next_strike,no_stop,18,18,18,-359.2107233090554,1053.27596918125,0.8888888888888888,0.7812326477685779,-29555.566466440498,-14230.255028612772,-15559.9663826595,1.0,20857.568055555555,28635.75,-4521.499999999996,1944.2930195630013,-6465.793019562998,0.4300106202726978,False,base,2,train
THU,10:00,second_nearest_weekly,delta020,touch,protective_next_strike,no_stop,18,18,18,-360.3174853016608,1114.20637946025,0.5555555555555556,0.8994631446397945,-57118.1338142584,-13776.884331604982,-17895.3938497855,1.0,18597.968055555557,28616.25,-3600.649999999987,2885.0647354299026,-6485.714735429898,0.8012621986113377,False,base,2,train
FRI,09:20,nearest_weekly,sigma2,touch,add_short,stop_2x_credit,20,20,20,-361.1970229445998,416.68284704325,0.8,0.6367805064111016,-15248.731338544996,-6990.626767468023,-7093.580602511498,1.0,12030.515000000005,18775.25,-5293.999999999996,1929.940458892,-7223.940458891996,0.3645524100664906,False,base,2,train
FRI,09:20,nearest_weekly,sigma2,touch,protective_next_strike,stop_2x_credit,20,20,20,-361.1970229445998,416.68284704325,0.8,0.6367805064111016,-15248.731338544996,-6990.626767468023,-7093.580602511498,1.0,12030.515000000005,18775.25,-5293.999999999996,1929.940458892,-7223.940458891996,0.3645524100664906,False,base,2,train
FRI,09:20,nearest_weekly,sigma2,ninety_pct,add_short,stop_2x_credit,20,20,20,-361.1970229445998,416.68284704325,0.8,0.6367805064111016,-15248.731338544996,-6990.626767468023,-7093.580602511498,1.0,12030.515000000005,18775.25,-5293.999999999996,1929.940458892,-7223.940458891996,0.3645524100664906,False,base,2,train
FRI,09:20,nearest_weekly,sigma2,ninety_pct,protective_next_strike,stop_2x_credit,20,20,20,-361.1970229445998,416.68284704325,0.8,0.6367805064111016,-15248.731338544996,-6990.626767468023,-7093.580602511498,1.0,12030.515000000005,18775.25,-5293.999999999996,1929.940458892,-7223.940458891996,0.3645524100664906,False,base,2,train
MON,11:00,second_nearest_weekly,delta020,ninety_pct,protective_next_strike,stop_2x_credit,18,18,18,-368.2538290607507,322.4183713879996,0.5,0.8839026520026733,-54509.02042482352,-14402.81748887225,-23959.758438633005,1.0,18345.41458333333,41820.99999999998,-3692.250000000009,2936.318923093498,-6628.56892309352,0.7952654676940865,False,base,2,train
WED,10:00,second_nearest_weekly,sigma1,ninety_pct,protective_next_strike,stop_2x_credit,19,19,19,-374.9389079480261,502.8531357674991,0.5789473684210527,0.8733537388934752,-39234.373652878494,-12741.367673837496,-13461.7030370395,1.0,18878.21118421052,36116.43749999999,-4309.749999999989,2814.089251012502,-7123.839251012496,0.6529588145513101,False,base,2,train
THU,10:00,nearest_weekly,sigma2,ninety_pct,add_short,stop_2x_credit,18,18,18,-378.1465895410834,579.5754744999999,0.7222222222222222,0.6673883619005933,-17333.7323664715,-5307.5902905342,-6729.1589873825,1.0,13604.067361111109,20163.812499999975,-5035.25,1771.3886117395,-6806.638611739501,0.3517975496230574,False,base,2,train
WED,11:00,second_nearest_weekly,sigma1,ninety_pct,protective_next_strike,stop_2x_credit,19,19,19,-380.1997187140742,200.78222520449955,0.5263157894736842,0.8694332807111779,-41141.49945017601,-12121.091453768802,-12795.714036323514,1.0,19069.671710526312,36124.56249999999,-4359.400000000008,2864.394655567399,-7223.79465556741,0.657061672608018,False,base,2,train
MON,10:00,second_nearest_weekly,sigma1,touch,protective_next_strike,stop_2x_credit,18,18,18,-385.7030332497728,3817.1125193872494,0.7222222222222222,0.895133160470738,-53432.51112465141,-18068.011437181,-24848.63327158301,1.0,15724.27986111112,27720.875000000025,-4391.150000000014,2551.5045984958974,-6942.65459849591,0.5810561239073795,False,base,2,train
FRI,10:00,second_nearest_weekly,sigma2,touch,protective_next_strike,no_stop,20,20,20,-386.8456530105197,913.6568898203,0.9,0.7638951874923194,-32768.976532228495,-12960.032771698125,-20189.43881546549,1.0,19228.53125,28320.499999999996,-5693.899999999996,2043.0130602103984,-7736.913060210393,0.3588073306890532,False,base,2,train
FRI,09:20,nearest_weekly,delta020,touch,protective_next_strike,no_stop,20,20,20,-386.98249926414974,726.5723670497491,0.55,0.8472878476958817,-41144.71950166499,-14201.581202061276,-15988.00376124,1.0,11473.332499999997,24866.5625,-5067.499999999996,2672.149985283,-7739.649985282998,0.5273112945797734,False,base,2,train
MON,10:00,second_nearest_weekly,sigma1,touch,protective_next_strike,no_stop,18,18,18,-393.5183133609392,3817.1125193872494,0.7222222222222222,0.8932351636307839,-53573.186166652406,-18104.95728305755,-25094.93891076,1.0,15724.27986111112,27720.875000000025,-4586.150000000007,2497.179640496898,-7083.329640496906,0.5445045714808489,False,base,2,train
WED,10:00,second_nearest_weekly,delta020,ninety_pct,protective_next_strike,no_stop,19,19,19,-397.3821394535482,-1077.834816302501,0.4736842105263157,0.891152889451572,-61372.65929898502,-13707.598024007655,-15597.396053776009,1.0,20448.98355263158,39114.56249999999,-4437.600000000011,3112.6606496174018,-7550.260649617419,0.7014288465876586,False,base,2,train
THU,11:00,nearest_weekly,delta020,ninety_pct,protective_next_strike,no_stop,18,18,18,-398.40881481166014,421.7402624574995,0.5,0.8247919090506202,-35541.839633979886,-10520.25199858922,-12880.843140461497,1.0,12848.562499999998,24349.000000000025,-4577.8499999999785,2593.5086666099,-7171.358666609885,0.566534217287572,False,base,2,train
THU,11:00,nearest_weekly,delta020,ninety_pct,protective_next_strike,stop_2x_credit,18,18,18,-398.40881481166014,421.7402624574995,0.5,0.8247919090506202,-35541.839633979886,-10520.25199858922,-12880.843140461497,1.0,12848.562499999998,24349.000000000025,-4577.8499999999785,2593.5086666099,-7171.358666609885,0.566534217287572,False,base,2,train
FRI,11:00,second_nearest_weekly,sigma1,ninety_pct,protective_next_strike,no_stop,19,19,20,-401.626692637674,2031.5722852575,0.5263157894736842,0.877135488722184,-45236.0139809835,-11617.00438892445,-17831.898369315,0.95,17327.78026315789,27239.0625,-4915.300000000003,2715.6071601158,-7630.907160115807,0.5524804508607406,False,base,2,train
WED,09:20,second_nearest_weekly,sigma1,touch,protective_next_strike,no_stop,19,19,19,-404.6837105338642,559.14905532,0.5263157894736842,0.88704412078443,-51950.42896419142,-13161.501577377116,-16347.567735776,1.0,18032.909210526315,27395.875000000025,-4913.900000000016,2775.0905001433985,-7688.990500143427,0.5647429740416755,False,base,2,train
MON,11:00,nearest_weekly,sigma1,ninety_pct,protective_next_strike,stop_2x_credit,18,18,18,-408.4152774930723,515.6281549892502,0.5555555555555556,0.732485736808924,-20057.0612438538,-5511.4883880505495,-9732.637141192004,1.0,8941.689583333331,21498.75,-4860.550000000003,2490.9249948753013,-7351.474994875301,0.512478010693296,False,base,2,train
FRI,10:00,second_nearest_weekly,sigma1,ninety_pct,protective_next_strike,no_stop,19,19,20,-409.69290848336266,385.554047251,0.5263157894736842,0.8674015768122394,-38780.2359069659,-11165.346726467142,-16543.148174453003,0.95,17531.032894736843,26740.187499999996,-5009.149999999994,2775.0152611839035,-7784.165261183902,0.5539892519057937,False,base,2,train
THU,10:00,second_nearest_weekly,delta020,touch,add_short,stop_2x_credit,18,18,18,-416.39115802627686,7103.99257534125,0.6666666666666666,0.9449216553424606,-116499.751876764,-33167.07900319772,-43490.5284255835,1.0,18597.968055555557,28616.25,-4966.999999999993,2528.0408444730024,-7495.04084447298,0.5089673534272209,False,base,2,train
FRI,09:20,second_nearest_weekly,sigma1,ninety_pct,protective_next_strike,stop_2x_credit,20,20,20,-421.0001369410952,3560.35309051,0.55,0.8823544049985211,-56625.818184521006,-18213.85800954048,-20723.094982386,1.0,17334.584375,26986.37500000001,-5592.849999999999,2827.152738821901,-8420.002738821911,0.5054941110206607,False,base,2,train
MON,09:20,second_nearest_weekly,sigma1,ninety_pct,add_short,stop_2x_credit,18,18,18,-426.4522610585225,4498.9419352315,0.6666666666666666,0.930436982539243,-83534.3754572509,-26810.52160444155,-29960.269845063,1.0,17094.347222222223,28487.874999999975,-5202.899999999998,2473.2406990534027,-7676.140699053405,0.4753581077963066,False,base,2,train
FRI,09:20,nearest_weekly,sigma1,ninety_pct,protective_next_strike,no_stop,20,20,20,-429.9622861506747,1619.72499692625,0.65,0.7971066754484121,-38201.69566604949,-12394.918645493246,-13155.369413410996,1.0,10924.52625,22534.6875,-6014.249999999986,2584.9957230134983,-8599.245723013486,0.4298118174358405,False,base,2,train
MON,11:00,second_nearest_weekly,delta020,touch,add_short,no_stop,18,18,18,-431.7649154526403,7432.486852615749,0.7777777777777778,0.9584893084154708,-135660.67479152652,-48174.81577335244,-73402.55837735502,1.0,18181.3625,41820.99999999998,-5140.250000000022,2631.5184781475,-7771.768478147518,0.5119436755308572,False,base,2,train
FRI,10:00,nearest_weekly,sigma1,touch,add_short,stop_2x_credit,20,20,20,-434.0910844516995,1815.31801717,0.7,0.8722695857509167,-54823.104564594,-16811.909455830428,-17466.832141712497,1.0,10648.310000000003,22437.99999999999,-6278.499999999991,2403.321689034,-8681.821689033997,0.3827859662393889,False,base,2,train
THU,09:20,second_nearest_weekly,sigma2,ninety_pct,protective_next_strike,no_stop,18,18,18,-446.2949782760553,1100.0881486525,0.8888888888888888,0.7543397801988213,-32700.89726155349,-14763.392760128772,-18617.671303131,1.0,20923.668750000004,28644.20000000002,-6074.499999999998,1958.8096089689984,-8033.309608968998,0.3224643359896286,False,base,2,train
WED,09:20,second_nearest_weekly,sigma1,ninety_pct,protective_next_strike,stop_2x_credit,19,19,19,-448.82432065546334,798.6976222184998,0.5789473684210527,0.8584660453766322,-46256.4053609689,-12263.54656842845,-15154.2804806225,1.0,18575.077631578948,27395.875000000025,-5578.500000000004,2949.162092453797,-8527.662092453797,0.5286657869416143,False,base,2,train
THU,10:00,nearest_weekly,sigma2,touch,add_short,stop_2x_credit,18,18,18,-451.3117050031945,579.5754744999999,0.7222222222222222,0.627035578238086,-18650.704444789502,-5307.5902905342,-6729.1589873825,1.0,13604.067361111109,20163.812499999975,-6348.250000000002,1775.3606900574996,-8123.610690057501,0.2796614326873546,False,base,2,train
THU,11:00,nearest_weekly,sigma2,ninety_pct,add_short,stop_2x_credit,18,18,18,-461.6345819678057,517.78451303875,0.7222222222222222,0.5933165588337996,-17099.5215440415,-5451.457370786875,-5619.514257988,1.0,13617.356944444446,20492.874999999975,-6539.75,1769.672475420501,-8309.422475420499,0.2706024657548838,False,base,2,train
WED,09:20,second_nearest_weekly,sigma1,ninety_pct,protective_next_strike,no_stop,19,19,19,-472.5377893971745,798.6976222184998,0.5789473684210527,0.8520941748621661,-46728.58549805341,-12902.121507868556,-15154.2804806225,1.0,18575.077631578948,27395.875000000025,-6108.250000000011,2869.9679985462994,-8978.217998546315,0.4698511027784217,False,base,2,train
WED,09:20,second_nearest_weekly,delta020,ninety_pct,protective_next_strike,stop_2x_credit,19,19,19,-485.8728929477384,-1116.7796494765,0.4736842105263157,0.872278512223028,-63656.336396752034,-13006.164118519106,-14538.613618793006,1.0,20457.436184210525,37762.56249999998,-6091.000000000029,3140.5849660070007,-9231.584966007027,0.5156107315723175,False,base,2,train
WED,11:00,second_nearest_weekly,sigma1,ninety_pct,protective_next_strike,no_stop,19,19,19,-487.33855701441655,200.78222520449955,0.5263157894736842,0.8385792610924688,-43177.13737788252,-12327.871425816156,-13662.705582855007,1.0,19069.671710526312,36124.56249999999,-6377.650000000012,2881.7825832738986,-9259.43258327391,0.4518564962445248,False,base,2,train
FRI,09:20,nearest_weekly,sigma1,touch,protective_next_strike,stop_2x_credit,20,20,20,-489.8740148338995,1787.22931518625,0.65,0.8156670230865226,-44024.04729927849,-15344.900201667491,-20469.5012832675,1.0,10614.795,18027.75,-7241.499999999988,2555.980296677999,-9797.48029667799,0.3529628249227374,False,base,2,train
WED,11:00,nearest_weekly,sigma1,touch,protective_next_strike,no_stop,19,19,19,-497.3338843307312,1395.1794491955,0.5789473684210527,0.7738510393393753,-36045.65969868639,-7025.021223802498,-13279.1061094095,1.0,13517.09144736842,28474.874999999996,-6898.649999999996,2550.6938022838985,-9449.34380228389,0.3697381085116508,False,base,2,train
THU,09:20,second_nearest_weekly,delta020,touch,protective_next_strike,no_stop,17,17,18,-498.2879526519896,2574.283238325,0.5294117647058824,0.8766025411131645,-60628.19528717642,-15267.089608150998,-17296.685199317,0.9444444444444444,18705.567647058822,30439.50000000001,-5708.800000000025,2762.0951950838003,-8470.895195083824,0.4838311370312129,False,base,2,train
FRI,09:20,second_nearest_weekly,sigma1,touch,protective_next_strike,no_stop,20,20,20,-499.5732151940952,3560.35309051,0.55,0.8635578479888172,-53780.47811296,-12755.28410983525,-19964.390509886,1.0,17068.53125,26986.37500000001,-7253.349999999991,2738.114303881901,-9991.464303881909,0.3774965090450487,False,base,2,train
FRI,09:20,second_nearest_weekly,sigma2,touch,protective_next_strike,no_stop,20,20,20,-504.8298936547,986.255679883,0.9,0.7200965180565788,-36071.7123023675,-14143.020739053474,-22361.2288313285,1.0,19273.655625000007,27899.625000000025,-8051.5,2045.0978730939996,-10096.597873094,0.2540020956460286,False,base,2,train
MON,11:00,second_nearest_weekly,delta020,ninety_pct,protective_next_strike,no_stop,18,18,18,-517.07011641064,322.4183713879996,0.5,0.8442914618818996,-57187.713597121525,-15078.933009683506,-26246.577975264507,1.0,18345.41458333333,41820.99999999998,-6363.75000000002,2943.512095391499,-9307.262095391528,0.462543640996502,False,base,2,train
FRI,09:20,second_nearest_weekly,sigma1,touch,protective_next_strike,stop_2x_credit,20,20,20,-524.688195891395,3560.35309051,0.55,0.8576747660583568,-53764.601628514894,-12755.28410983525,-19964.390509886,1.0,17068.53125,26986.37500000001,-7761.649999999994,2732.1139178279027,-10493.7639178279,0.35200169008238,False,base,2,train
WED,09:20,second_nearest_weekly,sigma2,touch,protective_next_strike,no_stop,19,19,19,-554.7307526777892,1347.2310799825,0.8947368421052632,0.7344939612834993,-39697.34305038599,-19695.488514708595,-20040.150288298497,1.0,20851.595394736843,28037.750000000025,-8582.999999999993,1956.8843008780009,-10539.884300877988,0.227995374679949,False,base,2,train
FRI,10:00,nearest_weekly,sigma1,ninety_pct,protective_next_strike,no_stop,20,20,20,-557.9961957327496,1331.3799578662502,0.6,0.7409877261175236,-40643.02293438399,-11084.736240277143,-14289.339618304495,1.0,10827.841250000003,22437.99999999999,-8583.999999999993,2575.923914654999,-11159.923914654995,0.3000843330213188,False,base,2,train
TUE,11:00,nearest_weekly,sigma1,touch,add_short,stop_2x_credit,19,19,19,-561.1682551364205,3331.9196936575,0.5789473684210527,0.8668947398546436,-50022.314158696,-13215.4470258372,-16988.0189235435,1.0,14256.146710526316,25410.12500000001,-8247.7,2414.496847591998,-10662.196847591997,0.2927478991224218,False,base,2,train
FRI,11:00,second_nearest_weekly,sigma2,touch,protective_next_strike,no_stop,20,20,20,-566.5680155786748,901.8782289915,0.9,0.6839916037778256,-35857.7824103345,-15935.290430731526,-20144.003176762497,1.0,19191.338125,28198.624999999996,-9287.749999999996,2043.610311573501,-11331.360311573497,0.2200328725012518,False,base,2,train
THU,10:00,second_nearest_weekly,sigma1,ninety_pct,protective_next_strike,no_stop,18,18,18,-573.8770169279342,2540.6596551862503,0.5555555555555556,0.8463774491297258,-61584.94756703381,-16471.118641387904,-18259.027410056,1.0,18308.214583333327,27734.6875,-7614.8000000000175,2714.986304702797,-10329.786304702826,0.3565407239458411,False,base,2,train
FRI,11:00,nearest_weekly,sigma1,touch,protective_next_strike,no_stop,20,20,20,-575.1793424848444,1356.58933297375,0.6,0.7716967941396614,-40469.93242855649,-10945.985996461195,-12500.937182393496,1.0,10270.590625,17660.49999999999,-9051.64999999999,2451.9368496968987,-11503.586849696883,0.2708828611023295,False,base,2,train
FRI,11:00,second_nearest_weekly,delta020,touch,protective_next_strike,no_stop,19,19,20,-581.6802718911058,774.1594493125018,0.5263157894736842,0.8501604965142993,-48666.15651195451,-13201.380295471648,-16701.9712216995,0.95,18456.19539473684,29457.1875,-8057.500000000011,2994.425165931001,-11051.925165931008,0.3716320404506357,False,base,2,train
FRI,11:00,second_nearest_weekly,delta020,touch,protective_next_strike,stop_2x_credit,19,19,20,-581.6802718911058,774.1594493125018,0.5263157894736842,0.8501604965142993,-48666.15651195451,-13201.380295471648,-16701.9712216995,0.95,18456.19539473684,29457.1875,-8057.500000000011,2994.425165931001,-11051.925165931008,0.3716320404506357,False,base,2,train
WED,11:00,second_nearest_weekly,sigma2,ninety_pct,protective_next_strike,no_stop,18,18,19,-589.5733751597942,1135.5472280355,0.8888888888888888,0.6862631284129828,-33825.54527045089,-15018.939929643811,-19618.247928913497,0.9473684210526316,20832.167361111107,27793.18749999998,-8665.549999999997,1946.770752876301,-10612.3207528763,0.2246563406680824,False,base,2,train
WED,09:20,second_nearest_weekly,sigma2,ninety_pct,protective_next_strike,no_stop,19,19,19,-597.004154710947,1272.3441415375,0.8947368421052632,0.7142610041908661,-39697.34305038599,-19695.488514708595,-20040.150288298497,1.0,21305.56907894737,28037.750000000025,-9291.499999999993,2051.5789395080005,-11343.078939507992,0.220801693968466,False,base,2,train
FRI,09:20,second_nearest_weekly,sigma2,ninety_pct,protective_next_strike,no_stop,20,20,20,-598.0673979050249,920.34392669,0.85,0.6671639443234647,-35937.656855677495,-11651.261371241795,-14967.399898851498,1.0,19557.18562500001,28352.999999999996,-9868.249999999996,2093.0979581005004,-11961.347958100498,0.2121042695615231,False,base,2,train
THU,10:00,nearest_weekly,sigma1,ninety_pct,protective_next_strike,stop_2x_credit,18,18,18,-603.7895962213888,1621.97852549075,0.5555555555555556,0.7773208531127528,-43458.87282569149,-11032.897451291725,-18197.279148572,1.0,11902.19722222222,22198.312499999996,-8558.999999999993,2309.212731985001,-10868.212731984995,0.2697993611385679,False,base,2,train
TUE,09:20,nearest_weekly,sigma1,touch,add_short,stop_2x_credit,19,19,19,-623.868557956683,3526.6438595275,0.631578947368421,0.8664316775548895,-64063.41953311098,-19978.22163006959,-20144.820988882493,1.0,14767.569078947368,26695.49999999999,-9416.499999999984,2437.002601177,-11853.502601176977,0.2588013169624599,False,base,2,train
TUE,11:00,second_nearest_weekly,sigma1,touch,add_short,no_stop,19,19,19,-626.8597929671263,5649.88620661,0.7894736842105263,0.9261212303580194,-120059.7728134385,-41853.46124894601,-48141.1958230245,1.0,19713.923684210527,31350.79999999998,-9411.399999999983,2498.9360663754005,-11910.33606637537,0.2655222460394208,False,base,2,train
TUE,09:20,second_nearest_weekly,delta020,ninety_pct,add_short,stop_2x_credit,19,19,19,-636.1842138925465,7785.377492496,0.5789473684210527,0.9195999923404584,-140833.339913278,-26960.453566914694,-39748.572976969,1.0,21455.673684210527,35784.12499999998,-9321.89999999999,2765.6000639584,-12087.50006395842,0.296677722777374,False,base,2,train
MON,10:00,second_nearest_weekly,sigma2,touch,add_short,stop_2x_credit,18,18,18,-643.7277169750834,738.7215473912499,0.7222222222222222,0.584355817684535,-23049.3257214585,-7751.0594323816995,-8888.239131174498,1.0,17052.13333333334,23240.249999999975,-9828.25,1758.848905551499,-11587.0989055515,0.1789585028414518,False,base,2,train
MON,10:00,second_nearest_weekly,sigma2,touch,protective_next_strike,stop_2x_credit,18,18,18,-643.7277169750834,738.7215473912499,0.7222222222222222,0.584355817684535,-23049.3257214585,-7751.0594323816995,-8888.239131174498,1.0,17052.13333333334,23240.249999999975,-9828.25,1758.848905551499,-11587.0989055515,0.1789585028414518,False,base,2,train
MON,10:00,second_nearest_weekly,sigma2,ninety_pct,add_short,stop_2x_credit,18,18,18,-643.7277169750834,738.7215473912499,0.7222222222222222,0.584355817684535,-23049.3257214585,-7751.0594323816995,-8888.239131174498,1.0,17052.13333333334,23240.249999999975,-9828.25,1758.848905551499,-11587.0989055515,0.1789585028414518,False,base,2,train
MON,10:00,second_nearest_weekly,sigma2,ninety_pct,protective_next_strike,stop_2x_credit,18,18,18,-643.7277169750834,738.7215473912499,0.7222222222222222,0.584355817684535,-23049.3257214585,-7751.0594323816995,-8888.239131174498,1.0,17052.13333333334,23240.249999999975,-9828.25,1758.848905551499,-11587.0989055515,0.1789585028414518,False,base,2,train
WED,10:00,second_nearest_weekly,delta020,ninety_pct,protective_next_strike,stop_2x_credit,19,19,19,-654.7089370330738,-1077.834816302501,0.4736842105263157,0.8324762252875788,-66261.86845299602,-13217.4166515353,-14251.7082252455,1.0,20448.98355263158,39114.56249999999,-9371.099999999997,3068.369803628402,-12439.46980362841,0.3274289895133339,False,base,2,train
THU,11:00,nearest_weekly,delta020,touch,protective_next_strike,no_stop,18,18,18,-655.5982459740494,353.78836195824954,0.5,0.7408322900478439,-40469.79016955539,-13029.531900338949,-13872.101539644498,1.0,12728.364583333332,24349.000000000025,-9252.349999999982,2548.4184275329003,-11800.768427532888,0.2754347195612904,False,base,2,train
FRI,10:00,second_nearest_weekly,delta020,ninety_pct,protective_next_strike,no_stop,20,20,20,-663.0447275777005,-1963.7425946002509,0.45,0.8294920279500645,-68204.37677691401,-12863.131581532474,-17033.0003478285,1.0,18785.55062500001,28807.999999999996,-10139.500000000013,3121.3945515539995,-13260.89455155401,0.3078450171659348,False,base,2,train
FRI,10:00,second_nearest_weekly,delta020,ninety_pct,protective_next_strike,stop_2x_credit,20,20,20,-663.0447275777005,-1963.7425946002509,0.45,0.8294920279500645,-68204.37677691401,-12863.131581532474,-17033.0003478285,1.0,18785.55062500001,28807.999999999996,-10139.500000000013,3121.3945515539995,-13260.89455155401,0.3078450171659348,False,base,2,train
FRI,09:20,second_nearest_weekly,delta020,ninety_pct,protective_next_strike,no_stop,20,20,20,-663.1737432738206,-516.9916410230005,0.5,0.8305818146899703,-63560.704447166005,-14836.089890116076,-17084.9264852605,1.0,18542.302500000005,28917.687499999996,-10155.400000000012,3108.0748654764034,-13263.4748654764,0.3060514470603225,False,base,2,train
THU,10:00,second_nearest_weekly,delta020,ninety_pct,protective_next_strike,no_stop,18,18,18,-665.4229250324388,237.9687163609999,0.5,0.8345384401101109,-64996.411682391896,-15415.16290292365,-17758.737192661498,1.0,18597.968055555557,28616.25,-9112.149999999994,2865.462650583904,-11977.612650583897,0.3144661414247905,False,base,2,train
THU,09:20,nearest_weekly,delta020,touch,protective_next_strike,no_stop,18,18,18,-669.7478796847503,-1353.5330789117504,0.3888888888888889,0.7759780616082788,-41535.19840569651,-10419.53765297098,-13972.709025344,1.0,12835.573611111116,23403.250000000007,-9519.250000000004,2536.2118343255,-12055.461834325508,0.2664297958689496,False,base,2,train
FRI,11:00,nearest_weekly,delta020,ninety_pct,protective_next_strike,stop_2x_credit,20,20,20,-674.8787235667248,530.55466356275,0.5,0.7510710003523969,-42066.856632619005,-10928.142340105022,-15442.779318204,1.0,11181.011874999997,23770.49999999999,-10755.749999999996,2741.8244713345,-13497.574471334505,0.2549170881932456,False,base,2,train
FRI,09:20,second_nearest_weekly,delta020,touch,protective_next_strike,stop_2x_credit,20,20,20,-685.1113449883954,1767.3493951879996,0.55,0.8457634927452894,-64262.73437488851,-17488.08385609035,-25148.073901857497,1.0,18393.956250000003,28917.687499999996,-10638.150000000009,3064.076899767902,-13702.226899767917,0.2880272321567095,False,base,2,train
TUE,10:00,second_nearest_weekly,sigma1,ninety_pct,add_short,no_stop,19,19,19,-685.853928222632,6271.5126307,0.7894736842105263,0.9294178553766907,-133482.1376589515,-50436.294724865045,-51142.8082926985,1.0,19520.76118421052,29713.937499999996,-10534.0,2497.2246362300048,-13031.224636230008,0.237063284244352,False,base,2,train
FRI,10:00,second_nearest_weekly,delta020,touch,protective_next_strike,no_stop,20,20,20,-687.4229512345007,-1915.1073991697515,0.45,0.8310091742426478,-64092.89772725201,-12863.131581532474,-17033.0003478285,1.0,18630.12750000001,28807.999999999996,-10674.000000000013,3074.45902469,-13748.459024690012,0.2880325112132281,False,base,2,train
FRI,10:00,second_nearest_weekly,delta020,touch,protective_next_strike,stop_2x_credit,20,20,20,-687.4229512345007,-1915.1073991697515,0.45,0.8310091742426478,-64092.89772725201,-12863.131581532474,-17033.0003478285,1.0,18630.12750000001,28807.999999999996,-10674.000000000013,3074.45902469,-13748.459024690012,0.2880325112132281,False,base,2,train
THU,09:20,nearest_weekly,sigma1,ninety_pct,protective_next_strike,stop_2x_credit,18,18,18,-690.013512208661,1891.1472378510496,0.5555555555555556,0.7546686934600958,-45009.95400348189,-9731.997467338995,-19536.258098556,1.0,12053.702777777768,21909.874999999996,-10110.649999999998,2309.5932197559023,-12420.2432197559,0.2284317249391387,False,base,2,train
TUE,09:20,second_nearest_weekly,sigma1,touch,add_short,no_stop,19,19,19,-691.6527973125479,5634.914396125,0.7894736842105263,0.917077751962768,-119615.046812999,-42937.30505202089,-53959.213594428016,1.0,19550.1375,30623.93749999999,-10650.4,2491.0031489384046,-13141.40314893841,0.2338882247557278,False,base,2,train
MON,11:00,second_nearest_weekly,sigma1,ninety_pct,add_short,no_stop,18,18,18,-700.7354214571637,4748.29695218475,0.7777777777777778,0.9132313936947478,-102894.82772764156,-40275.23472559404,-60709.09331873002,1.0,16730.588888888884,38864.31250000002,-10204.150000000052,2409.087586228907,-12613.237586228948,0.2360890016541206,False,base,2,train
WED,11:00,nearest_weekly,delta020,ninety_pct,add_short,stop_2x_credit,19,19,19,-708.3657107077944,-1532.8475357200027,0.4736842105263157,0.8763267966485221,-51557.77982416449,-29190.35002362145,-33906.2546527045,1.0,14352.651315789471,30676.74999999999,-10923.75,2535.1985034480986,-13458.9485034481,0.2320813368530128,False,base,2,train
FRI,10:00,nearest_weekly,sigma1,touch,protective_next_strike,no_stop,20,20,20,-708.8717261840997,1542.6539375562502,0.6,0.6967870302023668,-44313.90404076349,-11084.736240277143,-14289.339618304495,1.0,10648.310000000003,22437.99999999999,-11694.499999999993,2482.934523681999,-14177.434523681994,0.2123164328258583,False,base,2,train
WED,09:20,second_nearest_weekly,delta020,touch,protective_next_strike,no_stop,19,19,19,-716.7596269657647,1192.2139291164997,0.5263157894736842,0.8259206203080552,-69608.47495324851,-14643.776011341855,-15590.237544281506,1.0,20259.42565789474,37762.56249999998,-10523.250000000024,3095.182912349501,-13618.43291234952,0.2941280414652786,False,base,2,train
FRI,11:00,nearest_weekly,delta020,ninety_pct,protective_next_strike,no_stop,20,20,20,-718.1215227136748,530.55466356275,0.5,0.7392794157936999,-42931.712615558,-11749.755523897073,-15442.779318204,1.0,11181.011874999997,23770.49999999999,-11626.749999999993,2735.6804542735017,-14362.430454273504,0.2352919306146174,False,base,2,train
MON,09:20,second_nearest_weekly,sigma2,touch,add_short,stop_2x_credit,18,18,18,-722.9912600287777,969.0203204875,0.6666666666666666,0.5600296044758529,-23014.274680271,-7849.012868479424,-8674.392983035497,1.0,17114.124999999996,23587.5,-11251.499999999998,1762.342680518,-13013.842680518,0.1566317984729147,False,base,2,train
MON,09:20,second_nearest_weekly,sigma2,touch,protective_next_strike,stop_2x_credit,18,18,18,-722.9912600287777,969.0203204875,0.6666666666666666,0.5600296044758529,-23014.274680271,-7849.012868479424,-8674.392983035497,1.0,17114.124999999996,23587.5,-11251.499999999998,1762.342680518,-13013.842680518,0.1566317984729147,False,base,2,train
MON,09:20,second_nearest_weekly,sigma2,ninety_pct,add_short,stop_2x_credit,18,18,18,-722.9912600287777,969.0203204875,0.6666666666666666,0.5600296044758529,-23014.274680271,-7849.012868479424,-8674.392983035497,1.0,17114.124999999996,23587.5,-11251.499999999998,1762.342680518,-13013.842680518,0.1566317984729147,False,base,2,train
MON,09:20,second_nearest_weekly,sigma2,ninety_pct,protective_next_strike,stop_2x_credit,18,18,18,-722.9912600287777,969.0203204875,0.6666666666666666,0.5600296044758529,-23014.274680271,-7849.012868479424,-8674.392983035497,1.0,17114.124999999996,23587.5,-11251.499999999998,1762.342680518,-13013.842680518,0.1566317984729147,False,base,2,train
FRI,10:00,second_nearest_weekly,sigma1,ninety_pct,add_short,stop_2x_credit,19,19,20,-736.108138236231,3522.906135535,0.5789473684210527,0.8719866769307384,-68923.85885320249,-18839.6036994818,-26342.7465223055,0.95,17531.032894736843,26740.187499999996,-11437.099999999982,2548.9546264884016,-13986.05462648838,0.2228672151584235,False,base,2,train
WED,10:00,second_nearest_weekly,sigma2,touch,protective_next_strike,no_stop,19,19,19,-736.8981337940999,1283.57822803,0.8947368421052632,0.6519185409897366,-40223.52865877599,-18405.660327453195,-22244.3943318065,1.0,20617.90263157895,27525.06249999998,-12048.649999999998,1952.4145420878988,-14001.064542087894,0.1620442574137267,False,base,2,train
MON,09:20,second_nearest_weekly,sigma2,touch,protective_next_strike,no_stop,18,18,18,-742.9512253064445,1179.97614785,0.8333333333333334,0.6281716488820944,-33507.8299561865,-13401.284328486372,-21543.3873346745,1.0,17881.368749999998,27967.87499999998,-11468.999999999998,1904.122055515999,-13373.122055516,0.1660233721785682,False,base,2,train
THU,11:00,second_nearest_weekly,sigma1,touch,add_short,stop_2x_credit,18,18,18,-749.1621273879941,4251.878173385,0.6666666666666666,0.8441533487292898,-73541.5353310665,-20205.223902252947,-27222.6267940045,1.0,16305.056944444445,22320.999999999975,-11368.149999999996,2116.7682929838984,-13484.9182929839,0.1862016504870096,False,base,2,train
FRI,11:00,second_nearest_weekly,sigma1,touch,protective_next_strike,no_stop,19,19,20,-767.5110958253055,2788.945818025,0.5263157894736842,0.7931723285838815,-50961.841927374,-13350.359799612,-19714.4959734945,0.95,16897.351315789467,27239.0625,-11958.300000000005,2624.4108206808,-14582.710820680804,0.2194635375162689,False,base,2,train
MON,11:00,second_nearest_weekly,sigma1,ninety_pct,add_short,stop_2x_credit,18,18,18,-769.9129818972438,4159.384194596751,0.6666666666666666,0.8732658343105104,-94880.7704685425,-24340.48849651702,-29263.9321527855,1.0,16730.588888888884,38864.31250000002,-11448.899999999989,2409.533674150403,-13858.433674150394,0.2104598410459001,False,base,2,train
MON,10:00,second_nearest_weekly,delta020,touch,protective_next_strike,no_stop,18,18,18,-772.161702212662,-1659.14644354875,0.4444444444444444,0.8002335141552052,-54390.68912675252,-15762.714825796684,-19535.45966887201,1.0,18889.34236111112,44910.9375,-10944.350000000017,2954.560639827901,-13898.910639827916,0.2699621850386634,False,base,2,train
MON,11:00,nearest_weekly,sigma1,touch,protective_next_strike,no_stop,18,18,18,-777.5656816634889,1205.75437370675,0.5555555555555556,0.6145233981339266,-26701.7685189213,-7016.23679574075,-20514.49146841,1.0,8837.418749999997,21498.75,-11564.8,2431.3822699428,-13996.1822699428,0.2102398891414292,False,base,2,train
THU,11:00,nearest_weekly,sigma1,touch,protective_next_strike,stop_2x_credit,18,18,18,-781.469217604072,2077.4501877475,0.6111111111111112,0.7563207038106802,-47863.2045466195,-14818.162440206548,-18241.47618322,1.0,11447.718055555544,19103.499999999975,-11819.75,2246.6959168732965,-14066.445916873292,0.1900798169904859,False,base,2,train
WED,09:20,second_nearest_weekly,delta020,touch,protective_next_strike,stop_2x_credit,19,19,19,-801.7526629832652,1192.2139291164997,0.5263157894736842,0.8092165656165505,-71223.34263758102,-14805.262779775108,-17205.105228614015,1.0,20259.42565789474,37762.56249999998,-12080.000000000033,3153.300596682002,-15233.300596682027,0.2610348176061253,False,base,2,train
FRI,11:00,second_nearest_weekly,sigma1,ninety_pct,add_short,stop_2x_credit,19,19,20,-811.2889114229362,3485.45918056,0.5789473684210527,0.8549317608502657,-68342.85918133298,-18667.721993206294,-23995.920725269,0.95,17327.78026315789,27239.0625,-12894.499999999993,2519.9893170357973,-15414.489317035788,0.1954313325088835,False,base,2,train
THU,10:00,nearest_weekly,sigma1,touch,protective_next_strike,no_stop,18,18,18,-819.6298602813548,1621.97852549075,0.5555555555555556,0.7200065722412741,-47343.99757877089,-10469.445081336247,-14440.930015535496,1.0,11902.19722222222,22198.312499999996,-12451.599999999988,2301.7374850644,-14753.33748506439,0.1848547564220182,False,base,2,train
MON,10:00,second_nearest_weekly,sigma2,touch,protective_next_strike,no_stop,18,18,18,-828.2608858610278,920.597058809,0.8333333333333334,0.586669817703598,-33575.982915691,-13470.573253740948,-21527.160320852,1.0,17820.42430555556,28021.500000000025,-13006.75,1901.9459454985,-14908.6959454985,0.1462276083955253,False,base,2,train
MON,10:00,second_nearest_weekly,delta020,touch,protective_next_strike,stop_2x_credit,18,18,18,-835.4324083007173,-1659.14644354875,0.4444444444444444,0.7873456051518873,-55529.56183633751,-16730.756628943927,-19535.45966887201,1.0,18889.34236111112,44910.9375,-12075.35000000001,2962.4333494129014,-15037.783349412906,0.2453289842044246,False,base,2,train
WED,09:20,nearest_weekly,sigma1,touch,protective_next_strike,stop_2x_credit,19,19,19,-851.1987359203102,1426.5743058670014,0.5789473684210527,0.688635520550344,-44970.13653767589,-13444.269407069249,-14548.740761091,1.0,13389.244736842104,28159.625000000025,-13650.149999999998,2522.625982485899,-16172.775982485891,0.1848057334524455,False,base,2,train
THU,09:20,second_nearest_weekly,sigma1,ninety_pct,add_short,stop_2x_credit,17,17,18,-856.1524921772643,5166.820487432499,0.6470588235294118,0.861411421204728,-92820.943691797,-27759.8450099974,-29510.635742977,0.9444444444444444,17107.624999999996,28952.62500000001,-12377.75,2176.8423670134944,-14554.59236701349,0.1758673722617999,False,base,2,train
MON,10:00,second_nearest_weekly,delta020,ninety_pct,add_short,no_stop,18,18,18,-858.5459943663017,9231.69442147375,0.7777777777777778,0.9266421209070844,-164953.78992161053,-66253.37832203152,-88664.87225868252,1.0,18889.34236111112,44910.9375,-12807.400000000023,2646.427898593404,-15453.82789859343,0.2066327200363382,False,base,2,train
MON,11:00,second_nearest_weekly,sigma1,ninety_pct,protective_next_strike,no_stop,18,18,18,-860.1982608483287,2625.20606723,0.6666666666666666,0.7628676761948233,-60267.57294616952,-22918.452740235432,-22998.304418593507,1.0,16730.588888888884,38864.31250000002,-12865.15000000002,2618.418695269901,-15483.56869526992,0.2035280346727319,False,base,2,train
THU,09:20,second_nearest_weekly,delta020,touch,protective_next_strike,stop_2x_credit,17,17,18,-860.7662240130759,2574.283238325,0.5294117647058824,0.8043958218019284,-66790.32590031489,-18970.2042079564,-25664.280242514,0.9444444444444444,18705.567647058822,30439.50000000001,-11750.549999999996,2882.4758082222984,-14633.025808222288,0.2453056076713259,False,base,2,train
FRI,09:20,nearest_weekly,delta020,touch,protective_next_strike,stop_2x_credit,20,20,20,-875.5519477816248,726.5723670497491,0.55,0.7103348081087297,-50916.10847201449,-16382.5509698007,-23878.947932454,1.0,11473.332499999997,24866.5625,-14833.749999999996,2677.2889556325003,-17511.038955632495,0.1804863204268982,False,base,2,train
THU,10:00,second_nearest_weekly,delta020,ninety_pct,protective_next_strike,stop_2x_credit,18,18,18,-878.4799587284379,516.1463814249993,0.5,0.7925507197396102,-68831.43828891989,-16657.757101998774,-26042.69851982899,1.0,18597.968055555557,28616.25,-12869.149999999983,2943.4892571119,-15812.63925711188,0.2287244501083524,False,base,2,train
MON,11:00,second_nearest_weekly,delta020,ninety_pct,add_short,no_stop,18,18,18,-886.3031766586124,8446.40841889625,0.7777777777777778,0.9216279556275352,-153078.65760532304,-57341.40340452418,-73402.55837735502,1.0,18345.41458333333,41820.99999999998,-13310.000000000016,2643.4571798550014,-15953.45717985504,0.1986068504774604,False,base,2,train
MON,11:00,second_nearest_weekly,sigma1,ninety_pct,protective_next_strike,stop_2x_credit,18,18,18,-887.5127273541336,2625.20606723,0.6666666666666666,0.757166345635234,-60759.23334327401,-22992.201799801107,-23489.964815698,1.0,16730.588888888884,38864.31250000002,-13368.90000000001,2606.3290923744016,-15975.22909237441,0.1949546404247469,False,base,2,train
MON,11:00,second_nearest_weekly,sigma2,touch,add_short,stop_2x_credit,18,18,18,-888.7499897488888,749.9591196362501,0.7222222222222222,0.4863207340151674,-26392.741397416,-7803.5428650268495,-11881.925520862,1.0,16849.780555555553,23319.750000000025,-14241.0,1756.4998154799994,-15997.499815479998,0.123341044553051,False,base,2,train
MON,11:00,second_nearest_weekly,sigma2,touch,protective_next_strike,stop_2x_credit,18,18,18,-888.7499897488888,749.9591196362501,0.7222222222222222,0.4863207340151674,-26392.741397416,-7803.5428650268495,-11881.925520862,1.0,16849.780555555553,23319.750000000025,-14241.0,1756.4998154799994,-15997.499815479998,0.123341044553051,False,base,2,train
MON,11:00,second_nearest_weekly,sigma2,ninety_pct,add_short,stop_2x_credit,18,18,18,-888.7499897488888,749.9591196362501,0.7222222222222222,0.4863207340151674,-26392.741397416,-7803.5428650268495,-11881.925520862,1.0,16849.780555555553,23319.750000000025,-14241.0,1756.4998154799994,-15997.499815479998,0.123341044553051,False,base,2,train
MON,11:00,second_nearest_weekly,sigma2,ninety_pct,protective_next_strike,stop_2x_credit,18,18,18,-888.7499897488888,749.9591196362501,0.7222222222222222,0.4863207340151674,-26392.741397416,-7803.5428650268495,-11881.925520862,1.0,16849.780555555553,23319.750000000025,-14241.0,1756.4998154799994,-15997.499815479998,0.123341044553051,False,base,2,train
MON,11:00,second_nearest_weekly,delta020,touch,protective_next_strike,stop_2x_credit,18,18,18,-896.6943592050567,1724.1183461512496,0.6111111111111112,0.778356532527426,-68247.4694390365,-24115.69782017933,-24999.354315608507,1.0,18181.3625,41820.99999999998,-13247.000000000013,2893.4984656909987,-16140.498465691013,0.2184266977950476,False,base,2,train
TUE,11:00,nearest_weekly,delta020,ninety_pct,add_short,stop_2x_credit,19,19,19,-907.9389354753374,5510.3501545815,0.5263157894736842,0.8648926951298762,-76815.54713689549,-22768.151642961697,-26839.7116958155,1.0,15686.868421052632,27713.56250000001,-14626.899999999998,2623.9397740314,-17250.839774031396,0.1793913798570715,False,base,2,train
FRI,09:20,second_nearest_weekly,sigma1,ninety_pct,add_short,stop_2x_credit,20,20,20,-916.9941375188844,3691.4174329225,0.6,0.832559034672339,-67220.88940863,-19011.39029340815,-24245.8152616605,1.0,17334.584375,26986.37500000001,-15740.049999999996,2599.8327503776977,-18339.882750377685,0.165173093502098,False,base,2,train
FRI,11:00,second_nearest_weekly,sigma1,touch,add_short,stop_2x_credit,19,19,20,-919.1479858375154,3391.8348216175,0.5789473684210527,0.8348912569898481,-67134.86961195548,-17947.808376015346,-23193.473402188996,0.95,16897.351315789467,27239.0625,-14976.99999999999,2486.8117309127992,-17463.811730912792,0.1660420465322027,False,base,2,train
MON,11:00,nearest_weekly,sigma1,touch,protective_next_strike,stop_2x_credit,18,18,18,-926.4904047278498,1205.75437370675,0.5555555555555556,0.5722729828739845,-29382.413534079795,-7056.3250911647965,-20690.10072509,1.0,8837.418749999997,21498.75,-14181.049999999994,2495.7772851013005,-16676.827285101295,0.1759938287433795,False,base,2,train
FRI,11:00,nearest_weekly,sigma1,ninety_pct,protective_next_strike,no_stop,20,20,20,-958.2333473501392,1103.086441953,0.55,0.607958138244688,-46049.97149097538,-10945.985996461195,-12500.937182393496,1.0,10566.698125000004,21676.68750000001,-16614.999999999985,2549.6669470027987,-19164.66694700278,0.1534557295818718,False,base,2,train
WED,09:20,nearest_weekly,sigma1,touch,protective_next_strike,no_stop,19,19,19,-968.2713973110946,1426.5743058670014,0.5789473684210527,0.6603560203661578,-47194.5171041008,-13934.7456849147,-14548.740761091,1.0,13389.244736842104,28159.625000000025,-15893.3,2503.8565489107978,-18397.1565489108,0.1575416401194715,False,base,2,train
WED,11:00,second_nearest_weekly,sigma1,touch,protective_next_strike,stop_2x_credit,19,19,19,-975.167305643522,-530.249062893,0.4210526315789473,0.7135600567900973,-48594.72938319851,-12986.075426692012,-14699.3279400085,1.0,18687.138157894733,36124.56249999999,-15769.150000000012,2759.028807226899,-18528.17880722691,0.1749636985650397,False,base,2,train
THU,09:20,second_nearest_weekly,sigma1,touch,add_short,stop_2x_credit,17,17,18,-984.1399988957884,5013.803531613,0.6470588235294118,0.8182991547006802,-80092.603308103,-22933.3121777243,-27177.1911553015,0.9444444444444444,16773.591911764703,28952.62500000001,-14614.4,2115.979981228398,-16730.379981228394,0.1447873317569245,False,base,2,train
FRI,10:00,nearest_weekly,sigma1,ninety_pct,add_short,stop_2x_credit,20,20,20,-991.14781537105,1815.31801717,0.65,0.7470058807005806,-67079.808300078,-17014.260318197,-21513.849389044,1.0,10827.841250000003,22437.99999999999,-17372.999999999996,2449.956307421001,-19822.956307421,0.1410209121867841,False,base,2,train
WED,11:00,second_nearest_weekly,sigma2,touch,protective_next_strike,no_stop,18,18,19,-993.8341030632664,1225.664918672,0.8888888888888888,0.5733747324770039,-41931.44479932739,-20022.49027013856,-22313.1968704139,0.9473684210526316,20354.634027777774,27793.18749999998,-16033.3,1855.713855138799,-17889.0138551388,0.1157412295122525,False,base,2,train
FRI,10:00,nearest_weekly,delta020,ninety_pct,protective_next_strike,stop_2x_credit,20,20,20,-997.7370108351948,646.2154508702495,0.5,0.6677135416167721,-48821.81568974449,-11462.944218282471,-16088.6106525145,1.0,11495.09125,24095.49999999999,-17177.149999999994,2777.5902167039003,-19954.740216703893,0.161702623351598,False,base,2,train
THU,09:20,nearest_weekly,delta020,ninety_pct,protective_next_strike,no_stop,18,18,18,-999.0052746690558,-777.5500469557501,0.3888888888888889,0.6060327190581876,-34715.6682396855,-8538.739445721007,-10204.284576899498,1.0,13131.847222222226,26664.625000000025,-15396.000000000004,2586.094944042999,-17982.09494404301,0.1679718721773836,False,base,2,train
FRI,11:00,second_nearest_weekly,delta020,touch,add_short,stop_2x_credit,19,19,20,-1000.999359325284,6253.547387652,0.5789473684210527,0.8713279985392134,-92536.8662503434,-24765.0018778087,-30610.97156551749,0.95,18456.19539473684,29457.1875,-16290.099999999991,2728.887827180401,-19018.987827180397,0.1675181752831721,False,base,2,train
THU,09:20,nearest_weekly,delta020,touch,protective_next_strike,stop_2x_credit,18,18,18,-1005.0011017211672,-1353.5330789117504,0.3888888888888889,0.697735512435975,-47569.756402352,-11497.598218197429,-21159.779460187,1.0,12835.573611111116,23403.250000000007,-15541.500000000004,2548.5198309810007,-18090.019830981,0.1639815867825499,False,base,2,train
MON,09:20,second_nearest_weekly,sigma1,touch,add_short,no_stop,18,18,18,-1008.968794310668,5028.521977595499,0.7777777777777778,0.8704267534357122,-113173.86048991403,-36970.8901015743,-65734.88573690252,1.0,16474.543749999997,28487.874999999975,-15784.500000000027,2376.938297592006,-18161.438297592045,0.1505868603751783,False,base,2,train
FRI,11:00,second_nearest_weekly,sigma1,ninety_pct,protective_next_strike,stop_2x_credit,19,19,20,-1009.5615890937792,2031.5722852575,0.5263157894736842,0.7395884934331494,-56786.7770136495,-18109.67724685935,-20609.6871447585,0.95,17327.78026315789,27239.0625,-16459.300000000003,2722.3701927818,-19181.670192781807,0.1654001198581835,False,base,2,train
THU,10:00,nearest_weekly,sigma1,touch,add_short,stop_2x_credit,18,18,18,-1011.9655174088056,2444.4303465025,0.6666666666666666,0.8113512653798003,-86023.26802956499,-30027.7337347042,-34539.102130636,1.0,11822.725694444443,22198.312499999996,-16053.749999999996,2161.629313358502,-18215.3793133585,0.1346494939411976,False,base,2,train
FRI,10:00,nearest_weekly,delta020,touch,protective_next_strike,stop_2x_credit,20,20,20,-1015.9622028479948,441.7495992339996,0.5,0.6685947792685877,-49364.80696057299,-11462.944218282471,-16088.6106525145,1.0,11404.285000000002,24095.49999999999,-17588.649999999994,2730.5940569599,-20319.24405695989,0.1552475065999892,False,base,2,train
MON,09:20,nearest_weekly,sigma2,ninety_pct,protective_next_strike,stop_2x_credit,18,18,18,-1022.8585064739328,596.3064287255,0.7777777777777778,0.4826614133279403,-31300.715754948997,-12256.89868385687,-23509.041919549,1.0,9753.502777777772,23410.562500000025,-16386.799999999992,2024.6531165307997,-18411.453116530796,0.1235539041503405,False,base,2,train
MON,09:20,nearest_weekly,sigma2,ninety_pct,protective_next_strike,no_stop,18,18,18,-1033.369962798544,596.3064287255,0.7777777777777778,0.4801089354313119,-30234.699136997,-11014.395886387172,-23989.597165564,1.0,9830.440277777772,23410.562500000025,-16554.299999999996,2046.359330373799,-18600.6593303738,0.1236149719634052,False,base,2,train
FRI,10:00,nearest_weekly,delta020,ninety_pct,protective_next_strike,no_stop,20,20,20,-1042.1178223508198,646.2154508702495,0.5,0.6579880887960551,-49709.43192005699,-12306.179637079344,-16088.6106525145,1.0,11495.09125,24095.49999999999,-18070.899999999998,2771.4564470164005,-20842.35644701639,0.1533657121126452,False,base,2,train
FRI,10:00,second_nearest_weekly,sigma1,ninety_pct,protective_next_strike,stop_2x_credit,19,19,20,-1045.2130933095475,385.554047251,0.5263157894736842,0.7194244882708462,-50855.11941866341,-16884.03165406435,-19951.9829705665,0.95,17531.032894736843,26740.187499999996,-17017.9,2841.1487728814022,-19859.048772881408,0.1669506092338891,False,base,2,train
MON,11:00,second_nearest_weekly,delta020,touch,protective_next_strike,no_stop,18,18,18,-1045.510646554946,1724.1183461512496,0.6111111111111112,0.7507411425485035,-70926.16261133453,-25186.43786455691,-26246.577975264507,1.0,18181.3625,41820.99999999998,-15918.50000000002,2900.6916379889994,-18819.19163798902,0.1822214177208277,False,base,2,train
MON,11:00,second_nearest_weekly,sigma2,touch,protective_next_strike,no_stop,18,18,18,-1048.2657863091945,769.43618389325,0.7777777777777778,0.4824011747737553,-31298.092344319,-12884.2356340426,-19598.775512326494,1.0,17836.281944444447,27289.43749999998,-16922.249999999996,1946.5341535655025,-18868.7841535655,0.1150280934016163,False,base,2,train
MON,10:00,second_nearest_weekly,sigma1,ninety_pct,protective_next_strike,stop_2x_credit,18,18,18,-1056.751530141689,2782.7307665525004,0.6666666666666666,0.7108863952092627,-56747.29425979101,-18068.011437181,-24848.63327158301,1.0,16019.98472222223,27720.875000000025,-16417.400000000012,2604.1275425503977,-19021.5275425504,0.1586199728672259,False,base,2,train
FRI,10:00,nearest_weekly,delta020,touch,protective_next_strike,no_stop,20,20,20,-1060.3430143636197,441.7495992339996,0.5,0.6590536928031356,-50252.42319088549,-12306.179637079344,-16088.6106525145,1.0,11404.285000000002,24095.49999999999,-18482.399999999998,2724.4602872724004,-21206.860287272397,0.1474083607795741,False,base,2,train
FRI,10:00,second_nearest_weekly,sigma2,ninety_pct,protective_next_strike,no_stop,20,20,20,-1061.202252742945,878.2819996872499,0.8,0.5157562482559435,-42281.97802606599,-12960.032771698125,-20189.43881546549,1.0,19665.501875,28379.81250000001,-19080.649999999998,2143.395054858899,-21224.04505485889,0.1123334401531866,False,base,2,train
MON,10:00,second_nearest_weekly,sigma1,ninety_pct,protective_next_strike,no_stop,18,18,18,-1064.5668102528557,2782.7307665525004,0.6666666666666666,0.7093696494307153,-56887.96930179201,-18104.95728305755,-25094.93891076,1.0,16019.98472222223,27720.875000000025,-16612.400000000005,2549.802584551399,-19162.2025845514,0.1534879117136234,False,base,2,train
FRI,09:20,nearest_weekly,sigma1,ninety_pct,protective_next_strike,stop_2x_credit,20,20,20,-1066.6349568444743,1619.72499692625,0.65,0.6129528738475514,-50935.14907992549,-15344.900201667491,-20469.5012832675,1.0,10924.52625,22534.6875,-18676.249999999985,2656.4491368894983,-21332.69913688949,0.1422367518580818,False,base,2,train
MON,09:20,nearest_weekly,sigma2,touch,protective_next_strike,stop_2x_credit,18,18,18,-1070.697489082183,562.6041692480001,0.7222222222222222,0.4618815598303597,-32161.8174418975,-12173.530493308972,-23509.041919549,1.0,9493.38541666666,19957.437500000025,-17319.549999999996,1953.004803479299,-19272.5548034793,0.1127630223348354,False,base,2,train
MON,10:00,nearest_weekly,sigma2,touch,protective_next_strike,stop_2x_credit,18,18,18,-1077.8151109805497,466.86478769525,0.7777777777777778,0.4319841166385035,-30774.041275135995,-10206.786642632822,-24781.22167732,1.0,9065.177083333345,19944.437499999975,-17504.649999999994,1896.021997649902,-19400.671997649893,0.1083153332200245,False,base,2,train
THU,09:20,second_nearest_weekly,sigma2,touch,protective_next_strike,no_stop,18,18,18,-1086.2868396907777,1100.0881486525,0.8888888888888888,0.5644266802376201,-44890.63546201799,-21111.095851268245,-24351.3489877815,1.0,20464.23611111112,28644.20000000002,-17683.499999999996,1869.663114433999,-19553.163114433995,0.1057292455924449,False,base,2,train
MON,09:20,second_nearest_weekly,delta020,ninety_pct,add_short,no_stop,18,18,18,-1112.396708834218,9424.42606408175,0.7777777777777778,0.9054003997916594,-160854.627198013,-65638.70267305647,-88668.11766144702,1.0,19322.65694444444,45274.12499999997,-17378.15000000001,2644.9907590159005,-20023.14075901592,0.1522020904996158,False,base,2,train
TUE,10:00,second_nearest_weekly,delta020,touch,add_short,no_stop,19,19,19,-1114.8994294593967,9439.518050079998,0.7894736842105263,0.9127492908885028,-175481.72250245351,-67447.45664843581,-68752.72816662151,1.0,21745.063157894736,35389.24999999999,-18379.25000000003,2803.8391597284926,-21183.089159728508,0.1525546015059639,False,base,2,train
MON,10:00,nearest_weekly,sigma2,ninety_pct,protective_next_strike,stop_2x_credit,18,18,18,-1120.4491741051888,466.86478769525,0.7777777777777778,0.4151248075089386,-29825.978950561897,-10206.786642632822,-24781.22167732,1.0,9227.58680555557,19944.437499999975,-18177.399999999998,1990.6851338934016,-20168.0851338934,0.1095142943376611,False,base,2,train
THU,11:00,nearest_weekly,sigma1,ninety_pct,protective_next_strike,no_stop,18,18,18,-1132.8441724765498,766.0653083537999,0.5555555555555556,0.5484920875277486,-39350.7202875354,-10568.596368650222,-14752.5189644925,1.0,12188.85972222221,22849.124999999975,-17975.649999999998,2415.5451045778987,-20391.195104577902,0.1343787348205989,False,base,2,train
THU,10:00,nearest_weekly,delta020,ninety_pct,protective_next_strike,no_stop,18,18,18,-1142.138774956432,-688.2289340362503,0.4444444444444444,0.5891240424874825,-43090.667883157286,-11599.406858131397,-15299.787877079,1.0,13355.109722222223,25987.8125,-17888.29999999999,2670.1979492158,-20558.49794921578,0.1492706377473432,False,base,2,train
MON,09:20,second_nearest_weekly,sigma1,ninety_pct,protective_next_strike,no_stop,18,18,18,-1142.1827826419171,2940.5123826174995,0.5555555555555556,0.694594976199968,-48801.659637196506,-15669.523892154051,-24354.991452354,1.0,17094.347222222223,28487.874999999975,-17843.75000000001,2715.5400875544974,-20559.29008755451,0.1521843831904445,False,base,2,train
WED,11:00,second_nearest_weekly,delta020,touch,protective_next_strike,no_stop,19,19,19,-1145.5114890661273,48.69022349349953,0.5263157894736842,0.7235409963912963,-70879.70779284602,-15571.800063889006,-15844.046663878007,1.0,20546.500000000004,38927.68749999999,-18608.600000000028,3156.1182922563985,-21764.718292256428,0.1696053594712334,False,base,2,train
TUE,11:00,nearest_weekly,sigma1,ninety_pct,add_short,stop_2x_credit,19,19,19,-1147.407786902084,3331.9196936575,0.5263157894736842,0.7449889911281266,-47575.2597851335,-13230.861914464,-17142.1678098115,1.0,14256.146710526316,25410.12500000001,-19411.8,2388.947951139604,-21800.74795113961,0.123066791906964,False,base,2,train
MON,09:20,second_nearest_weekly,sigma1,ninety_pct,protective_next_strike,stop_2x_credit,18,18,18,-1148.0511491516943,2940.5123826174995,0.5555555555555556,0.6935067767384847,-48907.2902343725,-15669.523892154051,-24354.991452354,1.0,17094.347222222223,28487.874999999975,-17902.250000000004,2762.6706847304968,-20664.920684730503,0.1543197466648324,False,base,2,train
FRI,11:00,nearest_weekly,delta020,touch,protective_next_strike,stop_2x_credit,20,20,20,-1153.15007624525,493.4472637974996,0.5,0.6459105866166217,-52864.98954446451,-10928.142340105022,-15442.779318204,1.0,11092.999374999996,23770.49999999999,-20364.0,2699.001524905,-23063.001524905005,0.1325378867071793,False,base,2,train
WED,11:00,second_nearest_weekly,delta020,touch,protective_next_strike,stop_2x_credit,19,19,19,-1160.1922389363117,48.69022349349953,0.5263157894736842,0.7209864919834431,-71158.64204037952,-14765.140203585952,-17166.172517732015,1.0,20546.500000000004,38927.68749999999,-18884.850000000028,3158.8025397899,-22043.65253978993,0.1672664882056196,False,base,2,train
FRI,09:20,second_nearest_weekly,delta020,ninety_pct,protective_next_strike,stop_2x_credit,20,20,20,-1164.5283523580458,-516.9916410230005,0.5,0.7362798714402307,-73587.79662885051,-17467.92127354765,-24744.8222510035,1.0,18542.302500000005,28917.687499999996,-20175.15000000001,3115.417047160904,-23290.5670471609,0.154418532063499,False,base,2,train
THU,11:00,nearest_weekly,delta020,touch,protective_next_strike,stop_2x_credit,18,18,18,-1164.7799000498046,353.78836195824954,0.5,0.6166988015925201,-49635.05994291899,-14107.592465565396,-21059.1719744875,1.0,12728.364583333332,24349.000000000025,-18388.749999999985,2577.2882008965007,-20966.038200896484,0.1401557039437973,False,base,2,train
WED,11:00,second_nearest_weekly,sigma1,touch,protective_next_strike,no_stop,19,19,19,-1176.676365005706,-530.249062893,0.4210526315789473,0.6736846025091212,-52423.40151108001,-13766.367818570356,-14699.3279400085,1.0,18816.55657894737,36124.56249999999,-19516.400000000016,2840.4509351083984,-22356.850935108407,0.1455417461780039,False,base,2,train
FRI,11:00,nearest_weekly,delta020,touch,protective_next_strike,no_stop,20,20,20,-1196.3928753921998,493.4472637974996,0.5,0.6374464124728598,-53729.84552740351,-11749.755523897073,-15442.779318204,1.0,11092.999374999996,23770.49999999999,-21235.0,2692.8575078440017,-23927.857507844004,0.1268122207602544,False,base,2,train
WED,10:00,second_nearest_weekly,delta020,touch,add_short,stop_2x_credit,19,19,19,-1203.655681386094,6908.103893769999,0.5789473684210527,0.8677840323416354,-87882.17782210029,-33516.95332241455,-45066.7954437145,1.0,20256.26710526316,39114.56249999999,-20116.199999999983,2753.257946335807,-22869.457946335795,0.1368676960030129,False,base,2,train
MON,09:20,nearest_weekly,sigma2,touch,protective_next_strike,no_stop,18,18,18,-1227.6378875117944,562.6041692480001,0.7222222222222222,0.4281135968895471,-33427.636754633,-12913.088236923648,-23989.597165564,1.0,9830.440277777772,23410.562500000025,-20049.55,2047.9319752122976,-22097.481975212297,0.102143538144861,False,base,2,train
THU,10:00,nearest_weekly,delta020,touch,protective_next_strike,no_stop,18,18,18,-1234.3104009759882,-1339.0652674022504,0.4444444444444444,0.5917222021621721,-48595.50546908779,-11599.406858131397,-15299.787877079,1.0,13231.786805555555,25987.8125,-19593.799999999992,2623.7872175677976,-22217.587217567787,0.1339090537602608,False,base,2,train
FRI,11:00,second_nearest_weekly,sigma2,ninety_pct,protective_next_strike,no_stop,20,20,20,-1240.9246153111,845.3251935567499,0.8,0.4714635295553605,-45412.9738908355,-15935.290430731526,-20144.003176762497,1.0,19626.7,28335.9375,-22674.5,2143.992306222001,-24818.492306222,0.0945552186915698,False,base,2,train
TUE,11:00,second_nearest_weekly,delta020,ninety_pct,add_short,stop_2x_credit,19,19,19,-1246.5974305809211,7728.1991792275,0.5789473684210527,0.8643113341813673,-121000.566934036,-30231.613935193745,-44920.752319312,1.0,21057.62236842105,33371.81250000002,-20946.25,2739.101181037502,-23685.351181037506,0.1307680936223668,False,base,2,train
MON,10:00,nearest_weekly,sigma2,ninety_pct,add_short,stop_2x_credit,18,18,18,-1253.5678653427997,466.86478769525,0.7777777777777778,0.4342996851303129,-36506.11902016249,-10203.95174064852,-24762.322330757997,1.0,9227.58680555557,19944.437499999975,-20653.899999999998,1910.3215761704012,-22564.221576170392,0.092492051194709,False,base,2,train
FRI,10:00,nearest_weekly,sigma1,ninety_pct,protective_next_strike,stop_2x_credit,20,20,20,-1256.6184226704495,1331.3799578662502,0.6,0.5595364936736886,-54615.46747313799,-16862.43773011697,-18102.7032786055,1.0,10827.841250000003,22437.99999999999,-22500.499999999996,2631.868453408996,-25132.36845340899,0.1169693319441344,False,base,2,train
MON,10:00,nearest_weekly,sigma2,ninety_pct,protective_next_strike,no_stop,18,18,18,-1266.232317408383,466.86478769525,0.7777777777777778,0.3857682685630162,-32567.9628211394,-12194.256226468646,-25271.5312575415,1.0,9548.243750000012,21796.937499999975,-20706.65,2085.5317133509,-22792.181713350896,0.1007179680610286,False,base,2,train
THU,11:00,second_nearest_weekly,sigma2,touch,protective_next_strike,no_stop,18,18,18,-1272.3725653228616,1055.1448311775,0.8888888888888888,0.5011847790739286,-45914.208739043,-22467.2944708616,-23656.8327961785,1.0,20310.82152777777,28030.60000000001,-21046.25,1856.4561758114987,-22902.706175811498,0.0882084065242738,False,base,2,train
THU,10:00,nearest_weekly,sigma1,touch,protective_next_strike,stop_2x_credit,18,18,18,-1279.8714813408883,1621.97852549075,0.5555555555555556,0.6221848337849221,-55628.34675784249,-11517.687861354772,-21429.215215659,1.0,11822.725694444443,22198.312499999996,-20765.999999999996,2271.686664135998,-23037.68666413599,0.1093945229767889,False,base,2,train
FRI,10:00,nearest_weekly,delta020,ninety_pct,add_short,stop_2x_credit,20,20,20,-1289.6675535864892,2131.9311583403005,0.65,0.7507194077655411,-86395.70306956748,-25583.552825601524,-28638.730655547,1.0,11495.09125,24095.49999999999,-23175.79999999999,2617.5510717297984,-25793.351071729783,0.1129432887637017,False,base,2,train
MON,10:00,nearest_weekly,sigma2,touch,add_short,stop_2x_credit,18,18,18,-1296.017581495244,466.86478769525,0.7777777777777778,0.3874317219685763,-34701.68574440049,-10203.95174064852,-24762.322330757997,1.0,9065.177083333345,19944.437499999975,-21466.399999999998,1861.916466914401,-23328.31646691439,0.0867363166117468,False,base,2,train
FRI,11:00,nearest_weekly,sigma1,touch,protective_next_strike,stop_2x_credit,20,20,20,-1308.6600179691443,1356.58933297375,0.6,0.5976877687399254,-53427.20017105999,-15307.357823813018,-21129.925208747,1.0,10192.600000000002,17660.49999999999,-23709.649999999987,2463.5503593829003,-26173.200359382885,0.1039049652518236,False,base,2,train
FRI,10:00,nearest_weekly,delta020,touch,add_short,stop_2x_credit,20,20,20,-1309.7182275064945,2126.31411509405,0.65,0.7469024236164943,-86489.81974973797,-25583.552825601524,-28638.730655547,1.0,11404.285000000002,24095.49999999999,-23599.149999999987,2595.2145501299,-26194.36455012988,0.1099706790341983,False,base,2,train
TUE,11:00,nearest_weekly,delta020,touch,add_short,stop_2x_credit,19,19,19,-1342.8935547525946,5286.6577148575,0.5263157894736842,0.8046279910751706,-76515.89192022299,-22204.1039172163,-25210.5195080365,1.0,15532.881578947368,27713.56250000001,-22911.95,2603.0275402992984,-25514.977540299296,0.1136100393156976,False,base,2,train
FRI,11:00,second_nearest_weekly,sigma1,touch,protective_next_strike,stop_2x_credit,19,19,20,-1342.933191338437,2788.945818025,0.5263157894736842,0.6866913379023928,-61894.861742123496,-19804.015090620906,-20609.6871447585,0.95,16897.351315789467,27239.0625,-22875.050000000003,2640.680635430299,-25515.730635430304,0.1154393382934812,False,base,2,train
MON,09:20,nearest_weekly,sigma2,touch,add_short,stop_2x_credit,18,18,18,-1348.8552721894607,562.6041692480001,0.7222222222222222,0.4052309127760232,-37168.65753782849,-12170.695591324671,-23490.14257298699,1.0,9493.38541666666,19957.437500000025,-22383.05,1896.3448994102987,-24279.39489941029,0.0847223635478765,False,base,2,train
FRI,10:00,nearest_weekly,sigma1,touch,protective_next_strike,stop_2x_credit,20,20,20,-1357.1276758721997,1542.6539375562502,0.6,0.545521901240832,-57279.02303452549,-17000.492675289595,-20863.802182058,1.0,10648.310000000003,22437.99999999999,-24603.499999999996,2539.0535174439974,-27142.553517443997,0.1031988748529273,False,base,2,train
FRI,09:20,second_nearest_weekly,delta020,ninety_pct,add_short,stop_2x_credit,20,20,20,-1366.5585704545442,5618.06326638625,0.55,0.8245015805833562,-89400.56974965049,-25067.795331387217,-30993.926829078497,1.0,18542.302500000005,28917.687499999996,-24477.14999999998,2854.021409090902,-27331.171409090897,0.1165994165616055,False,base,2,train
FRI,11:00,second_nearest_weekly,delta020,ninety_pct,protective_next_strike,no_stop,19,19,20,-1375.2511017401584,-1485.7646813855,0.3684210526315789,0.6433937558308113,-62067.105892065,-13201.380295471648,-16701.9712216995,0.95,18620.825,29457.1875,-23081.50000000001,3048.2709330630014,-26129.77093306301,0.1320655474324892,False,base,2,train
FRI,11:00,second_nearest_weekly,delta020,ninety_pct,protective_next_strike,stop_2x_credit,19,19,20,-1375.2511017401584,-1485.7646813855,0.3684210526315789,0.6433937558308113,-62067.105892065,-13201.380295471648,-16701.9712216995,0.95,18620.825,29457.1875,-23081.50000000001,3048.2709330630014,-26129.77093306301,0.1320655474324892,False,base,2,train
MON,10:00,nearest_weekly,sigma2,touch,protective_next_strike,no_stop,18,18,18,-1380.2102408894943,466.86478769525,0.7777777777777778,0.3726042982580857,-35749.780852227,-14092.948577005123,-25271.5312575415,1.0,9385.83402777779,21796.937499999975,-22851.65,1992.1343360109008,-24843.784336010896,0.0871768268816869,False,base,2,train
MON,11:00,nearest_weekly,sigma2,ninety_pct,add_short,stop_2x_credit,18,18,18,-1424.5293737551112,478.465210315,0.7777777777777778,0.3829255039830653,-33923.773898559004,-10447.734663330197,-31163.121440151,1.0,8916.122916666664,19875.374999999975,-23753.5,1888.0287275920005,-25641.528727592,0.0794842329590165,False,base,2,train
MON,10:00,second_nearest_weekly,sigma1,ninety_pct,add_short,no_stop,18,18,18,-1443.3413407572114,4803.8462897165,0.7777777777777778,0.8205784538617996,-114174.348921688,-37608.12121826888,-65790.05758389902,1.0,16019.98472222223,27720.875000000025,-23626.3,2353.844133629803,-25980.14413362979,0.0996281319389749,False,base,2,train
FRI,10:00,second_nearest_weekly,sigma1,touch,add_short,stop_2x_credit,19,19,20,-1448.5281766237367,3492.94160005,0.5789473684210527,0.7426866446923576,-72745.48064990649,-17200.783384121,-23246.6505779225,0.95,17095.68289473685,26740.187499999996,-25016.499999999996,2505.535355851001,-27522.035355851,0.1001553117282994,False,base,2,train
MON,09:20,nearest_weekly,sigma2,ninety_pct,add_short,stop_2x_credit,18,18,18,-1465.284417768516,562.6041692480001,0.7222222222222222,0.385442786757473,-39264.38215825149,-12236.226139198068,-23490.14257298699,1.0,9753.502777777772,23410.562500000025,-24430.549999999992,1944.5695198332987,-26375.11951983329,0.0795958142503259,False,base,2,train
THU,10:00,nearest_weekly,delta020,ninety_pct,protective_next_strike,stop_2x_credit,18,18,18,-1468.812586704771,-688.2289340362503,0.4444444444444444,0.5271716324306958,-48970.796494627386,-12569.59683858492,-21767.7210801025,1.0,13355.109722222223,25987.8125,-23750.649999999987,2687.976560685899,-26438.62656068588,0.1131748630326286,False,base,2,train
MON,10:00,second_nearest_weekly,delta020,ninety_pct,add_short,stop_2x_credit,18,18,18,-1510.6502929522458,7066.384337801001,0.5555555555555556,0.8429796299514638,-132596.60060902592,-31516.372673152877,-44880.316635250514,1.0,18889.34236111112,44910.9375,-24540.400000000023,2651.305273140403,-27191.705273140426,0.1080383886627928,False,base,2,train
FRI,09:20,nearest_weekly,delta020,ninety_pct,add_short,stop_2x_credit,20,20,20,-1514.8113101530496,3183.29987521125,0.7,0.7319419349434961,-90707.93154061798,-25582.27488491249,-29205.75577864,1.0,11473.332499999997,24866.5625,-27753.499999999985,2542.7262030609954,-30296.226203060996,0.0916182176324066,False,base,2,train
MON,11:00,nearest_weekly,sigma2,touch,add_short,stop_2x_credit,18,18,18,-1524.1837508881115,478.465210315,0.7777777777777778,0.3397574404259576,-35717.552686953,-10447.734663330197,-31163.121440151,1.0,8695.285416666662,17258.999999999978,-25573.5,1861.807515986,-27435.307515986,0.0728022177639353,False,base,2,train
MON,11:00,nearest_weekly,sigma2,touch,protective_next_strike,stop_2x_credit,18,18,18,-1528.890741684028,478.465210315,0.7777777777777778,0.3380197515226359,-35802.2785212795,-10450.571377905797,-31182.032870655,1.0,8695.285416666662,17258.999999999978,-25615.75,1904.283350312499,-27520.033350312497,0.0743403316441056,False,base,2,train
TUE,09:20,second_nearest_weekly,delta020,touch,add_short,no_stop,19,19,19,-1534.835145302365,7814.320204164999,0.6842105263157895,0.8734384869233618,-171316.2314795645,-59613.92195934271,-68626.15139766001,1.0,21255.236184210527,35784.12499999998,-26392.15000000005,2769.7177607448957,-29161.86776074493,0.1049447567077668,False,base,2,train
MON,11:00,second_nearest_weekly,sigma1,touch,add_short,no_stop,18,18,18,-1536.569582962581,4560.0666128292505,0.7777777777777778,0.8081968914312369,-110432.97408974657,-40275.23472559404,-60709.09331873002,1.0,16151.691666666664,31091.45000000002,-25317.90000000005,2340.3524933264057,-27658.252493326458,0.0924386498614182,False,base,2,train
THU,10:00,nearest_weekly,delta020,touch,protective_next_strike,stop_2x_credit,18,18,18,-1552.1180773457936,-1339.0652674022504,0.4444444444444444,0.5354358382296056,-54316.04364374429,-12569.59683858492,-21767.7210801025,1.0,13231.786805555555,25987.8125,-25296.249999999985,2641.8753922242977,-27938.125392224283,0.1044374321183693,False,base,2,train
THU,10:00,nearest_weekly,sigma1,ninety_pct,add_short,stop_2x_credit,18,18,18,-1552.4962217955556,2444.4303465025,0.6666666666666666,0.7197238658994369,-89113.4965228065,-31570.92274922395,-35944.3615276645,1.0,11902.19722222222,22198.312499999996,-25768.0,2176.931992320004,-27944.93199232,0.0844819928717791,False,base,2,train
THU,09:20,nearest_weekly,delta020,ninety_pct,protective_next_strike,stop_2x_credit,18,18,18,-1569.683312102528,-777.5500469557501,0.3888888888888889,0.4946994502095194,-44987.872913488005,-10145.401545739956,-20915.365243692497,1.0,13131.847222222226,26664.625000000025,-25649.75,2604.5496178455,-28254.299617845507,0.1015428851293092,False,base,2,train
FRI,11:00,nearest_weekly,sigma1,ninety_pct,add_short,stop_2x_credit,20,20,20,-1588.1293622373644,1369.6992529675,0.6,0.6207957321080816,-69345.781374092,-20915.791066962644,-21779.972415733,1.0,10566.698125000004,21676.68750000001,-29325.55,2437.037244747295,-31762.58724474729,0.0831028657517862,False,base,2,train
MON,11:00,nearest_weekly,sigma2,ninety_pct,protective_next_strike,stop_2x_credit,18,18,18,-1593.831670144278,478.465210315,0.7777777777777778,0.3099015801017565,-36971.215233564006,-10450.571377905797,-31182.032870655,1.0,8916.122916666664,19875.374999999975,-26737.0,1951.9700625969983,-28688.970062597004,0.0730063231700265,False,base,2,train
MON,11:00,second_nearest_weekly,sigma2,ninety_pct,protective_next_strike,no_stop,18,18,18,-1617.810258288722,769.43618389325,0.7777777777777778,0.376516420558211,-41390.2950409585,-14934.01911744805,-19598.775512326494,1.0,17836.281944444447,27289.43749999998,-27169.5,1951.0846491970024,-29120.584649197,0.0718115772906017,False,base,2,train
FRI,09:20,second_nearest_weekly,sigma1,touch,add_short,stop_2x_credit,20,20,20,-1627.1140016545742,3691.4174329225,0.6,0.7278530336312111,-78319.21798328149,-22546.316979822324,-29966.363226018988,1.0,17068.53125,26986.37500000001,-29933.249999999985,2609.0300330914984,-32542.280033091483,0.0871616023349118,False,base,2,train
THU,10:00,second_nearest_weekly,sigma2,touch,protective_next_strike,no_stop,18,18,18,-1627.4576733776105,1167.61865270825,0.8888888888888888,0.4480429857697275,-53073.404931087,-24945.61691886105,-28809.681817947,1.0,20399.200694444444,28635.75,-27434.0,1860.238120797,-29294.23812079699,0.0678077612013195,False,base,2,train
MON,11:00,nearest_weekly,sigma2,touch,protective_next_strike,no_stop,18,18,18,-1698.664430062028,484.08225356125,0.8333333333333334,0.3266210800222645,-39750.439333374,-14711.424554933372,-31719.7296462125,1.0,9006.868749999998,21218.4375,-28574.75,2001.2097411165016,-30575.959741116498,0.0700341994633899,False,base,2,train
MON,11:00,nearest_weekly,sigma2,ninety_pct,protective_next_strike,no_stop,18,18,18,-1717.454277398778,478.465210315,0.7777777777777778,0.294156498118291,-39235.524448212505,-13089.106636789396,-31719.7296462125,1.0,9303.990972222216,21218.4375,-28818.5,2095.6769931780013,-30914.176993178004,0.0727198498595694,False,base,2,train
FRI,11:00,nearest_weekly,sigma1,ninety_pct,protective_next_strike,stop_2x_credit,20,20,20,-1719.9349794271886,1103.086441953,0.55,0.4635117222911419,-59007.23923347888,-15118.936601390791,-17361.500760302497,1.0,10566.698125000004,21676.68750000001,-31782.999999999975,2615.699588543798,-34398.69958854377,0.0822987002027436,False,base,2,train
THU,11:00,nearest_weekly,sigma1,ninety_pct,protective_next_strike,stop_2x_credit,18,18,18,-1839.604150947272,766.0653083537999,0.5555555555555556,0.4279453521537588,-52072.3999000084,-14818.162440206548,-18241.47618322,1.0,12188.85972222221,22849.124999999975,-30676.649999999998,2436.224717050898,-33112.8747170509,0.0794162568941165,False,base,2,train
FRI,11:00,nearest_weekly,delta020,touch,add_short,stop_2x_credit,20,20,20,-1864.5997285354647,1959.99970573175,0.6,0.6547496502277352,-85555.84165709298,-25041.191024145697,-28950.289320939,1.0,11092.999374999996,23770.49999999999,-34722.94999999998,2569.0445707092995,-37291.994570709285,0.0739869328703149,False,base,2,train
TUE,10:00,second_nearest_weekly,delta020,ninety_pct,add_short,no_stop,19,19,19,-1885.885330561344,10262.191346495,0.7894736842105263,0.8526531445984925,-175793.2811678455,-67523.39907312513,-68752.72816662151,1.0,21745.063157894736,35389.24999999999,-33048.75000000003,2783.0712806655006,-35831.82128066553,0.0842110906060137,False,base,2,train
FRI,11:00,nearest_weekly,sigma1,touch,add_short,stop_2x_credit,20,20,20,-2013.175787410919,1356.58933297375,0.6,0.4912834500971552,-65193.28594809749,-17889.82280188542,-20870.307838079996,1.0,10192.600000000002,17660.49999999999,-37915.39999999999,2348.1157482183976,-40263.51574821839,0.0619303963091091,False,base,2,train
MON,10:00,second_nearest_weekly,sigma1,touch,add_short,no_stop,18,18,18,-2059.486917566967,4803.8462897165,0.7777777777777778,0.7407242612309296,-116183.24136358852,-37608.12121826888,-65790.05758389902,1.0,15724.27986111112,27720.875000000025,-34756.40000000001,2314.3645162054017,-37070.7645162054,0.0665881540149555,False,base,2,train
TUE,09:20,second_nearest_weekly,delta020,ninety_pct,add_short,no_stop,19,19,19,-2090.805390137285,9300.9712881775,0.6842105263157895,0.8292672384524324,-172062.6539624745,-59613.92195934271,-68626.15139766001,1.0,21455.673684210527,35784.12499999998,-36946.90000000005,2778.4024126083987,-39725.30241260842,0.0751998790861586,False,base,2,train
FRI,11:00,nearest_weekly,delta020,ninety_pct,add_short,stop_2x_credit,20,20,20,-2128.3159632685897,2232.4873204655,0.6,0.6292990923771632,-91317.19708088448,-25088.5739045074,-29897.946928173,1.0,11181.011874999997,23770.49999999999,-39990.69999999998,2575.619265371801,-42566.31926537179,0.0644054559027924,False,base,2,train
FRI,09:20,second_nearest_weekly,delta020,touch,add_short,stop_2x_credit,20,20,20,-2158.6663466060645,5491.921605063801,0.55,0.7273368555912434,-103578.74604499587,-27382.514547294697,-30993.926829078497,1.0,18393.956250000003,28917.687499999996,-40347.54999999999,2825.7769321212963,-43173.32693212129,0.0700358988865816,False,base,2,train
WED,10:00,second_nearest_weekly,sigma1,touch,add_short,no_stop,19,19,19,-2311.3669502727907,5948.479527789,0.7368421052631579,0.7733130992285553,-150128.54243198852,-55244.012746307766,-62893.249379238514,1.0,18622.35065789473,36116.43749999999,-41369.00000000003,2546.972055182995,-43915.97205518303,0.0615671651522394,False,base,2,train
WED,10:00,second_nearest_weekly,sigma1,ninety_pct,add_short,no_stop,19,19,19,-2339.084434638712,5948.479527789,0.7368421052631579,0.7803212060986029,-153325.25481679602,-56666.464373585615,-62893.249379238514,1.0,18878.21118421052,36116.43749999999,-41872.75000000003,2569.8542581355005,-44442.60425813552,0.0613729515767533,False,base,2,train
MON,09:20,second_nearest_weekly,delta020,touch,add_short,stop_2x_credit,18,18,18,-2428.868105394639,5031.17590563575,0.5555555555555556,0.7538961029250346,-135026.8504038725,-33661.50388671262,-40982.61094426101,1.0,19131.802777777768,45274.12499999997,-41055.25,2664.375897103505,-43719.6258971035,0.0648973248757102,False,base,2,train
MON,09:20,second_nearest_weekly,delta020,ninety_pct,add_short,stop_2x_credit,18,18,18,-2437.494825406957,4924.07761440725,0.5555555555555556,0.7528821730477604,-137768.33992993223,-31276.77043873068,-44156.59609479202,1.0,19322.65694444444,45274.12499999997,-41219.60000000002,2655.306857325201,-43874.90685732522,0.0644185498482566,False,base,2,train
MON,11:00,nearest_weekly,sigma1,touch,add_short,no_stop,18,18,18,-2446.6272723172,2253.4473903775,0.7777777777777778,0.6345258538121409,-110189.67343081532,-32574.67076594507,-81412.8628398205,1.0,8837.418749999997,21498.75,-41824.100000000006,2215.1909017096004,-44039.29090170961,0.052964460722636,False,base,2,train
WED,09:20,second_nearest_weekly,sigma1,ninety_pct,add_short,stop_2x_credit,19,19,19,-2625.2857957498622,4471.8212699415,0.5789473684210527,0.6540425319633113,-111815.8551541059,-24473.73493216435,-41268.644458573,1.0,18575.077631578948,27395.875000000025,-47314.4,2566.0301192473958,-49880.430119247394,0.0542335973667085,False,base,2,train
TUE,11:00,second_nearest_weekly,delta020,touch,add_short,no_stop,19,19,19,-2633.6871842320497,8750.49407854,0.6842105263157895,0.7992424301814245,-182231.58408734752,-61930.62480408796,-68694.31091686052,1.0,21057.62236842105,33371.81250000002,-47264.15000000005,2775.906500408897,-50040.05650040892,0.0587317554723589,False,base,2,train
MON,11:00,nearest_weekly,sigma1,ninety_pct,add_short,no_stop,18,18,18,-2973.1199893692674,2409.7095244133,0.7777777777777778,0.5610250861189552,-111844.1797601574,-34008.6519774394,-81740.648519035,1.0,8941.689583333331,21498.75,-51290.8,2225.3598086468064,-53516.1598086468,0.0433871144268914,False,base,2,train
THU,10:00,second_nearest_weekly,sigma1,ninety_pct,add_short,no_stop,18,18,18,-3011.4528733666,6189.0111599543,0.7777777777777778,0.7272826901741686,-160697.14290528302,-60187.96543582452,-76449.99157322051,1.0,18308.214583333327,27734.6875,-51765.80000000003,2440.351720598799,-54206.15172059884,0.0471421618249654,False,base,2,train
WED,11:00,second_nearest_weekly,sigma1,touch,add_short,no_stop,19,19,19,-3182.761464603412,5649.902473455,0.7894736842105263,0.7074073050328588,-163413.64641513955,-62067.94345622616,-63402.77761326502,1.0,18816.55657894737,36124.56249999999,-57875.80000000003,2596.6678274648,-60472.46782746484,0.0448662105312548,False,base,2,train
TUE,11:00,second_nearest_weekly,delta020,ninety_pct,add_short,no_stop,19,19,19,-3330.967040189607,8750.49407854,0.6842105263157895,0.7495186799443857,-186427.992456406,-62286.97002763007,-68694.31091686052,1.0,21057.62236842105,33371.81250000002,-60531.25000000003,2757.1237636025,-63288.37376360252,0.0455487663579142,False,base,2,train
WED,11:00,second_nearest_weekly,delta020,touch,add_short,stop_2x_credit,19,19,19,-3340.517524436738,868.2339053515009,0.5263157894736842,0.6504769243168027,-102368.161025661,-26857.4428823587,-49959.20342225052,1.0,20546.500000000004,38927.68749999999,-60638.000000000015,2831.8329642980025,-63469.83296429802,0.0467006326774959,False,base,2,train
THU,11:00,second_nearest_weekly,sigma1,ninety_pct,add_short,no_stop,18,18,18,-3398.738179778947,5707.863527964249,0.7777777777777778,0.6607139329177315,-155248.93755333655,-59149.560434631865,-71274.40005349202,1.0,17433.615277777775,27505.562500000025,-58830.50000000003,2346.787236021002,-61177.287236021046,0.0398906559696246,False,base,2,train
TUE,09:20,nearest_weekly,sigma1,ninety_pct,add_short,stop_2x_credit,19,19,19,-3432.3093702994465,-4256.212181375997,0.4736842105263157,0.4304139226615587,-94626.43990713348,-20653.3515580707,-23247.303590639996,1.0,14905.144736842103,26695.49999999999,-62758.24999999999,2455.6280356895027,-65213.878035689486,0.0391283701455904,False,base,2,train
MON,10:00,nearest_weekly,sigma1,ninety_pct,add_short,no_stop,18,18,18,-3463.415159923973,2387.7622479915,0.7222222222222222,0.4614247029261222,-106638.62739004452,-37933.97895350373,-69312.59960488402,1.0,9446.500694444445,22884.0625,-60090.75000000001,2250.7228786315004,-62341.47287863151,0.0374553966896985,False,base,2,train
WED,09:20,second_nearest_weekly,sigma1,touch,add_short,stop_2x_credit,19,19,19,-3463.97353656052,4471.8212699415,0.5789473684210527,0.5511559084008085,-112146.71953341638,-25696.4003432737,-39629.7160625005,1.0,18032.909210526315,27395.875000000025,-63291.15,2524.347194649901,-65815.49719464988,0.039884678895073,False,base,2,train
MON,10:00,nearest_weekly,sigma1,touch,add_short,no_stop,18,18,18,-3488.6155997196056,2412.1057897107503,0.7222222222222222,0.4510686412144055,-106493.23334619492,-36735.6139827121,-69286.63638276802,1.0,9343.00625,22884.0625,-60568.650000000016,2226.4307949529048,-62795.08079495292,0.0367587984040077,False,base,2,train
THU,10:00,second_nearest_weekly,sigma1,touch,add_short,no_stop,18,18,18,-3926.0843771242353,5761.7359122245,0.7777777777777778,0.6348669184652392,-161359.12986210542,-58844.53889895099,-76449.99157322051,1.0,17433.768749999996,27734.6875,-68347.20000000003,2322.3187882361963,-70669.51878823622,0.033978257898439,False,base,2,train
WED,11:00,second_nearest_weekly,sigma1,ninety_pct,add_short,no_stop,19,19,19,-3952.946906610549,5649.902473455,0.7368421052631579,0.6459535466745089,-165052.57481121202,-62067.94345622616,-63402.77761326502,1.0,19069.671710526312,36124.56249999999,-72506.40000000002,2599.5912256004003,-75105.99122560042,0.0358532657199971,False,base,2,train
WED,11:00,second_nearest_weekly,delta020,ninety_pct,add_short,stop_2x_credit,19,19,19,-4099.528203927264,868.2339053515009,0.5263157894736842,0.5924707839185771,-113401.42394925952,-27486.4019381188,-49998.14825542452,1.0,20546.500000000004,38927.68749999999,-75090.5,2800.5358746180045,-77891.03587461801,0.0372954751215933,False,base,2,train
WED,10:00,second_nearest_weekly,delta020,ninety_pct,add_short,no_stop,19,19,19,-4137.309813742513,8356.1901004592,0.7368421052631579,0.7187824934579281,-193407.28133069555,-74001.98426795816,-75891.78229772652,1.0,20448.98355263158,39114.56249999999,-75799.85000000005,2809.036461107703,-78608.88646110777,0.0370586018456197,False,base,2,train
WED,09:20,second_nearest_weekly,sigma1,ninety_pct,add_short,no_stop,19,19,19,-4202.253257472628,5996.248178753,0.7368421052631579,0.6549399063346169,-165829.17363533194,-57860.898576738975,-66244.41397092902,1.0,18575.077631578948,27395.875000000025,-77263.15000000002,2579.661891979905,-79842.81189197995,0.0333879979263064,False,base,2,train
WED,09:20,second_nearest_weekly,sigma1,touch,add_short,no_stop,19,19,19,-4243.822897185444,6412.5721231125,0.7368421052631579,0.6417793178973012,-159899.84813394042,-56438.446949461126,-66244.41397092902,1.0,18032.909210526315,27395.875000000025,-78101.40000000002,2531.2350465233985,-80632.63504652341,0.0324095988871313,False,base,2,train
WED,10:00,second_nearest_weekly,delta020,touch,add_short,no_stop,19,19,19,-4325.4201425856245,7993.083269423998,0.7368421052631579,0.7044799082274227,-193167.12152612253,-74001.98426795816,-75891.78229772652,1.0,20256.26710526316,39114.56249999999,-79402.70000000006,2780.2827091268155,-82182.98270912687,0.0350149643416006,False,base,2,train
THU,11:00,second_nearest_weekly,sigma1,touch,add_short,no_stop,18,18,18,-4389.909852867415,4870.9930288825,0.7777777777777778,0.5478099918031772,-151334.99115757452,-57806.13389775834,-71274.40005349202,1.0,16746.97569444444,27505.562500000025,-76767.90000000002,2250.4773516134064,-79018.37735161345,0.0293153434132418,False,base,2,train
MON,09:20,nearest_weekly,sigma1,touch,add_short,no_stop,18,18,18,-4553.774380807195,2978.0494548962497,0.7222222222222222,0.4173013658670071,-114902.7240996055,-36762.38536124665,-70476.59610126751,1.0,10010.41666666666,24214.124999999975,-79715.25000000001,2252.6888545294933,-81967.9388545295,0.0282591957565145,False,base,2,train
TUE,09:20,nearest_weekly,delta020,touch,add_short,stop_2x_credit,19,19,19,-4790.478160304204,-7777.029673051896,0.4736842105263157,0.464184099087792,-140799.03553820838,-27904.0303143397,-31806.521492095,1.0,16171.746710526317,29157.37499999999,-88380.64999999997,2638.4350457798946,-91019.08504577988,0.0298530848752514,False,base,2,train
MON,09:20,nearest_weekly,sigma1,ninety_pct,add_short,no_stop,18,18,18,-4839.156701856027,2978.0494548962497,0.7222222222222222,0.3975267495300862,-118118.33879350052,-38155.96130832295,-71803.96583194801,1.0,10094.898611111104,24214.124999999975,-84835.75000000001,2269.0706334084875,-87104.82063340851,0.0267466325624337,False,base,2,train
TUE,09:20,nearest_weekly,delta020,ninety_pct,add_short,stop_2x_credit,19,19,19,-4863.3104201300885,-7841.000358499399,0.4736842105263157,0.4545856876029175,-141095.4472100777,-30219.9497270869,-33322.1245831165,1.0,16311.799342105263,29157.37499999999,-89752.94999999998,2649.947982471698,-92402.89798247168,0.0295249123563258,False,base,2,train
MON,10:00,nearest_weekly,delta020,ninety_pct,add_short,no_stop,18,18,18,-5244.210241077249,3031.7783404580005,0.6111111111111112,0.3433569091725746,-124124.30788336947,-43612.37672656959,-73449.38503354951,1.0,10417.510416666668,25033.125,-92004.75,2391.034339390495,-94395.78433939048,0.0259881619089285,False,base,2,train
MON,10:00,nearest_weekly,delta020,touch,add_short,no_stop,18,18,18,-5309.352978738106,2755.23310129,0.6666666666666666,0.335180118817466,-126330.263330755,-46148.49671688812,-72462.78259314151,1.0,10338.580555555558,25033.125,-93202.65,2365.7036172858966,-95568.3536172859,0.0253823643135243,False,base,2,train
WED,09:20,second_nearest_weekly,delta020,touch,add_short,no_stop,19,19,19,-5323.052774361155,8622.691405737,0.7368421052631579,0.666384691918463,-221336.94355439703,-70774.78137292646,-79246.84269477852,1.0,20259.42565789474,37762.56249999998,-98331.15000000004,2806.8527128619025,-101138.00271286195,0.0285448986700745,False,base,2,train
MON,11:00,nearest_weekly,delta020,ninety_pct,add_short,no_stop,18,18,18,-5338.4391132447945,4078.092474177749,0.6666666666666666,0.3816980250827113,-128985.81560755947,-43420.67945430602,-85997.719277001,1.0,10074.663194444443,24009.375,-93668.05,2423.854038406301,-96091.90403840628,0.0258770630797406,False,base,2,train
WED,11:00,second_nearest_weekly,delta020,touch,add_short,no_stop,19,19,19,-5349.050623632072,7847.0401450215,0.7368421052631579,0.6402278543910435,-204278.08371825755,-76444.40517626215,-79198.15559216501,1.0,20546.500000000004,38927.68749999999,-98782.45000000006,2849.5118490092937,-101631.9618490094,0.0288463370670528,False,base,2,train
MON,11:00,nearest_weekly,delta020,touch,add_short,no_stop,18,18,18,-5506.326723679049,3160.94922049875,0.6666666666666666,0.3495488312656087,-130461.55543293248,-42741.09211541972,-85715.3692364895,1.0,9922.897916666669,24009.375,-96741.65,2372.231026222893,-99113.88102622288,0.0245213000421524,False,base,2,train
THU,09:20,second_nearest_weekly,sigma1,touch,add_short,no_stop,17,17,18,-5658.668574885319,5174.3098784275,0.7647058823529411,0.5323117695044421,-182047.55884191103,-66287.9412157212,-82073.58244151202,0.9444444444444444,16911.573529411762,28952.62500000001,-94005.40000000002,2191.965773050396,-96197.36577305042,0.0233174453068695,False,base,2,train
THU,09:20,second_nearest_weekly,sigma1,ninety_pct,add_short,no_stop,17,17,18,-5722.248173229679,5695.338112158,0.7647058823529411,0.5585342201341852,-183916.781575588,-68366.92037492491,-92468.47823753052,0.9444444444444444,17107.624999999996,28952.62500000001,-95064.25000000004,2213.9689449044863,-97278.21894490453,0.02328918541833,False,base,2,train
WED,09:20,second_nearest_weekly,delta020,ninety_pct,add_short,no_stop,19,19,19,-5952.7068387809495,9285.9925061875,0.7368421052631579,0.6396632074954005,-232017.43047931656,-71765.91445133726,-89158.17347888651,1.0,20457.436184210525,37762.56249999998,-110288.00000000006,2813.429936837997,-113101.42993683807,0.0255098463734766,False,base,2,train
MON,09:20,nearest_weekly,delta020,ninety_pct,add_short,no_stop,18,18,18,-5995.527066285687,3416.7330376010004,0.6111111111111112,0.3624600410077057,-134741.76077600938,-43779.241612131314,-75830.7700848805,1.0,11214.975694444436,27679.437499999975,-105490.39999999998,2429.087193142398,-107919.48719314235,0.0230266184708978,False,base,2,train
MON,09:20,nearest_weekly,delta020,touch,add_short,no_stop,18,18,18,-6022.05337965057,3363.7530911387503,0.6666666666666666,0.3647691007626287,-134496.50818555977,-46340.18893359826,-75009.683185462,1.0,11214.975694444436,27679.437499999975,-105968.54999999996,2428.4108337102957,-108396.96083371024,0.0229163354005532,False,base,2,train
THU,11:00,second_nearest_weekly,delta020,touch,add_short,no_stop,18,18,18,-6251.50151055266,7225.412559013999,0.6666666666666666,0.5451607400936797,-206214.4867740515,-73705.25026730123,-93677.705624827,1.0,18789.17222222223,28679.625000000025,-110000.15,2526.8771899478897,-112527.0271899479,0.0229715794928269,False,base,2,train
WED,11:00,second_nearest_weekly,delta020,ninety_pct,add_short,no_stop,19,19,19,-6410.960056727071,7847.0401450215,0.7368421052631579,0.5861309711318938,-214228.35933553957,-77435.53825467295,-89109.48637627301,1.0,20546.500000000004,38927.68749999999,-118987.45000000006,2820.791077814288,-121808.24107781435,0.023706626856986,False,base,2,train
MON,11:00,nearest_weekly,sigma1,touch,add_short,stop_2x_credit,18,18,18,-6428.429498216839,1863.0051208415,0.6111111111111112,0.2175206878451157,-135175.3765439246,-34493.849076372695,-79448.9902195785,1.0,8837.418749999997,21498.75,-113464.35,2247.3809679030937,-115711.7309679031,0.0198069346706969,False,base,2,train
MON,09:20,nearest_weekly,sigma1,touch,add_short,stop_2x_credit,18,18,18,-6550.443519581222,2644.76806986625,0.6666666666666666,0.2718428507460271,-141226.05192322453,-42917.73099547893,-68515.974925761,1.0,10010.41666666666,24214.124999999975,-115639.0,2268.983352461997,-117907.98335246203,0.0196212640412144,False,base,2,train
MON,09:20,nearest_weekly,sigma1,ninety_pct,add_short,stop_2x_credit,18,18,18,-6692.011938867557,2644.76806986625,0.6666666666666666,0.27070661420405,-143424.09667566553,-44749.91347731741,-69843.3446564415,1.0,10094.898611111104,24214.124999999975,-118172.0,2284.214899616002,-120456.214899616,0.0193295780693904,False,base,2,train
THU,10:00,second_nearest_weekly,delta020,ninety_pct,add_short,no_stop,18,18,18,-6723.384227975779,7479.22268336575,0.7222222222222222,0.5386377832467233,-212286.04755739556,-74913.70117639523,-102488.0602610725,1.0,18597.968055555557,28616.25,-118456.5,2564.416103564009,-121020.91610356404,0.0216485891746253,False,base,2,train
THU,11:00,second_nearest_weekly,delta020,ninety_pct,add_short,no_stop,18,18,18,-6976.37794238914,7432.656331102749,0.6666666666666666,0.4986998621444327,-207902.0793567665,-73930.15667888109,-95177.081702026,1.0,18979.568055555563,28679.625000000025,-123042.75,2532.0529630045016,-125574.80296300452,0.0205786441135662,False,base,2,train
MON,11:00,nearest_weekly,sigma1,ninety_pct,add_short,stop_2x_credit,18,18,18,-6993.39764463899,1874.0437805812496,0.6111111111111112,0.2169816360606315,-148302.9491711443,-39655.21494466769,-79776.775898793,1.0,8941.689583333331,21498.75,-123623.3,2257.857603501799,-125881.1576035018,0.0182640133656179,False,base,2,train
THU,09:20,second_nearest_weekly,delta020,touch,add_short,no_stop,17,17,18,-7076.879171447967,8517.16324466,0.7647058823529411,0.5631579085382782,-226611.5598676445,-79245.30806319561,-114192.60031169804,0.9444444444444444,18705.567647058822,30439.50000000001,-117848.40000000002,2458.5459146154053,-120306.94591461544,0.0208619371549839,False,base,2,train
THU,10:00,second_nearest_weekly,delta020,touch,add_short,no_stop,18,18,18,-7128.848183261279,7103.99257534125,0.7777777777777778,0.5104371760950899,-221066.0019747995,-74711.6748543051,-101141.218113805,1.0,18597.968055555557,28616.25,-125737.0,2582.267298703,-128319.26729870297,0.0205370519314362,False,base,2,train
MON,10:00,nearest_weekly,sigma1,ninety_pct,add_short,stop_2x_credit,18,18,18,-7323.412241142447,2008.8528184912495,0.6111111111111112,0.2032347320275676,-153116.40056547255,-45986.42982317474,-67475.53332932651,1.0,9446.500694444445,22884.0625,-129539.50000000004,2281.9203405639983,-131821.42034056404,0.0176156333825898,False,base,2,train
MON,10:00,nearest_weekly,sigma1,touch,add_short,stop_2x_credit,18,18,18,-7348.6126809380785,2032.0126899765,0.6111111111111112,0.1852416863314843,-150760.9013709734,-44349.45831762094,-67449.57010721051,1.0,9343.00625,22884.0625,-130017.40000000004,2257.6282568853994,-132275.02825688542,0.0173640470958917,False,base,2,train
THU,09:20,second_nearest_weekly,delta020,ninety_pct,add_short,no_stop,17,17,18,-7360.138960549056,9033.917280305,0.7647058823529411,0.5421006728713561,-223145.4697151585,-79084.98516662931,-113390.98582886651,0.9444444444444444,18705.567647058822,30439.50000000001,-122670.65000000002,2451.7123293339,-125122.36232933396,0.019986136287155,False,base,2,train
MON,09:20,nearest_weekly,delta020,touch,add_short,stop_2x_credit,18,18,18,-7366.290220768449,2932.7221479833,0.6111111111111112,0.2988711174267328,-164829.19234184083,-49782.21438914976,-73130.348128343,1.0,11214.975694444436,27679.437499999975,-130153.75,2439.4739738320977,-132593.22397383212,0.0187430171918373,False,base,2,train
MON,09:20,nearest_weekly,delta020,ninety_pct,add_short,stop_2x_credit,18,18,18,-8195.213459288429,1435.1168029734993,0.5,0.2399046246159249,-171152.1616013142,-49905.377424062535,-73951.4350277615,1.0,11214.975694444436,27679.437499999975,-145066.85,2446.992267191701,-147513.8422671917,0.0168680319948472,False,base,2,train
MON,11:00,nearest_weekly,delta020,ninety_pct,add_short,stop_2x_credit,18,18,18,-8787.225315232767,1740.6673698792529,0.5555555555555556,0.2263338865930814,-178867.4971599183,-49591.14661046745,-83815.9998594805,1.0,10074.663194444443,24009.375,-155718.3,2451.7556741897915,-158170.0556741898,0.0157448140275728,False,base,2,train
MON,10:00,nearest_weekly,delta020,ninety_pct,add_short,stop_2x_credit,18,18,18,-8901.602671925528,786.4037481182497,0.5,0.1987580824894183,-179370.042683272,-51168.86532464264,-71524.5297501335,1.0,10417.510416666668,25033.125,-157808.25,2420.5980946595005,-160228.8480946595,0.0153388564581351,False,base,2,train
MON,11:00,nearest_weekly,delta020,touch,add_short,stop_2x_credit,18,18,18,-9004.245868336799,1635.1869040930028,0.5555555555555556,0.1974832610333498,-179631.9902372259,-49548.79410439072,-83533.649818969,1.0,9922.897916666669,24009.375,-159675.9,2400.5256300624023,-162076.42563006238,0.0150337379032302,False,base,2,train
MON,10:00,nearest_weekly,delta020,touch,add_short,stop_2x_credit,18,18,18,-9058.661251147634,1242.7443004395504,0.5555555555555556,0.1899643815281333,-181669.0950441224,-51020.87495858144,-70537.9273097255,1.0,10338.580555555558,25033.125,-160659.90000000002,2396.002520657405,-163055.9025206574,0.0149135068592561,False,base,2,train
