feature,threshold,horizon,friction,week,net_pnl
DII_IDX_NET_Z,0.5,H10_30,stress,2021-10-18/2021-10-24,-454.0444180450007
DII_IDX_NET_Z,0.5,H10_30,stress,2021-11-01/2021-11-07,-541.382122300002
DII_IDX_NET_Z,0.5,H10_30,stress,2021-11-08/2021-11-14,-3513.0877701000013
DII_IDX_NET_Z,0.5,H10_30,stress,2021-11-15/2021-11-21,-2791.799189485002
DII_IDX_NET_Z,0.5,H10_30,stress,2021-11-22/2021-11-28,-2917.0298376400006
DII_IDX_NET_Z,0.5,H10_30,stress,2021-11-29/2021-12-05,-384.3428846249998
DII_IDX_NET_Z,0.5,H10_30,stress,2021-12-06/2021-12-12,-1966.5862930700002
DII_IDX_NET_Z,0.5,H10_30,stress,2021-12-13/2021-12-19,-5147.993927315002
DII_IDX_NET_Z,0.5,H10_30,stress,2021-12-20/2021-12-26,-3422.832639470002
DII_IDX_NET_Z,0.5,H10_30,stress,2021-12-27/2022-01-02,681.5362017599987
DII_IDX_NET_Z,0.5,H10_30,stress,2022-01-03/2022-01-09,-167.6697744250006
DII_IDX_NET_Z,0.5,H10_30,stress,2022-01-10/2022-01-16,-1282.1761410000013
DII_IDX_NET_Z,0.5,H10_30,stress,2022-01-17/2022-01-23,-4297.265503540005
DII_IDX_NET_Z,0.5,H10_30,stress,2022-01-24/2022-01-30,-960.4571618149955
DII_IDX_NET_Z,0.5,H10_30,stress,2022-01-31/2022-02-06,-1929.607410105004
DII_IDX_NET_Z,0.5,H10_30,stress,2022-02-07/2022-02-13,-3563.594677775001
DII_IDX_NET_Z,0.5,H10_30,stress,2022-02-14/2022-02-20,-3733.8448653900005
DII_IDX_NET_Z,0.5,H10_30,stress,2022-02-21/2022-02-27,-1442.7525068999962
DII_IDX_NET_Z,0.5,H10_30,stress,2022-02-28/2022-03-06,-2223.3393282450024
DII_IDX_NET_Z,0.5,H10_30,stress,2022-03-07/2022-03-13,1812.926055664997
DII_IDX_NET_Z,0.5,H10_30,stress,2022-03-14/2022-03-20,-1219.961920624999
DII_IDX_NET_Z,0.5,H10_30,stress,2022-03-21/2022-03-27,-1159.4821527949991
DII_IDX_NET_Z,0.5,H10_30,stress,2022-03-28/2022-04-03,593.0935648149999
DII_IDX_NET_Z,0.5,H10_30,stress,2022-04-04/2022-04-10,585.1510715750004
DII_IDX_NET_Z,0.5,H10_30,stress,2022-04-11/2022-04-17,1314.966332319998
DII_IDX_NET_Z,0.5,H10_30,stress,2022-04-18/2022-04-24,-1410.2845556100021
DII_IDX_NET_Z,0.5,H10_30,stress,2022-04-25/2022-05-01,166.39055001999574
DII_IDX_NET_Z,0.5,H10_30,stress,2022-05-02/2022-05-08,339.31428378499845
DII_IDX_NET_Z,0.5,H10_30,stress,2022-05-09/2022-05-15,-2283.2424949100023
DII_IDX_NET_Z,0.5,H10_30,stress,2022-05-16/2022-05-22,-538.9775659150007
DII_IDX_NET_Z,0.5,H10_30,stress,2022-05-23/2022-05-29,-2688.659187560002
DII_IDX_NET_Z,0.5,H10_30,stress,2022-05-30/2022-06-05,-56.038112455000146
DII_IDX_NET_Z,0.5,H10_30,stress,2022-06-06/2022-06-12,-2420.3386768500027
DII_IDX_NET_Z,0.5,H10_30,stress,2022-06-13/2022-06-19,-451.79207305000125
DII_IDX_NET_Z,0.5,H10_30,stress,2022-06-20/2022-06-26,919.025593289998
DII_IDX_NET_Z,0.5,H10_30,stress,2022-06-27/2022-07-03,-669.8668236950024
DII_IDX_NET_Z,0.5,H10_30,stress,2022-07-04/2022-07-10,-682.6298029950025
DII_IDX_NET_Z,0.5,H10_30,stress,2022-07-11/2022-07-17,-616.7019133500019
DII_IDX_NET_Z,0.5,H10_30,stress,2022-07-18/2022-07-24,-319.70043076500235
DII_IDX_NET_Z,0.5,H10_30,stress,2022-07-25/2022-07-31,-1189.452432725
DII_IDX_NET_Z,0.5,H10_30,stress,2022-08-01/2022-08-07,-3061.267687595003
DII_IDX_NET_Z,0.5,H10_30,stress,2022-08-08/2022-08-14,209.3485890399995
DII_IDX_NET_Z,0.5,H10_30,stress,2022-09-05/2022-09-11,-1293.6861477900009
DII_IDX_NET_Z,0.5,H10_30,stress,2022-09-12/2022-09-18,130.41928230499838
DII_IDX_NET_Z,0.5,H10_30,stress,2022-09-19/2022-09-25,996.8816759549982
DII_IDX_NET_Z,0.5,H10_30,stress,2022-10-03/2022-10-09,-914.1944549400023
DII_IDX_NET_Z,0.5,H10_30,stress,2022-10-10/2022-10-16,1292.726954194999
DII_IDX_NET_Z,0.5,H10_30,stress,2022-10-17/2022-10-23,-4075.7734179700037
DII_IDX_NET_Z,0.5,H10_30,stress,2022-10-24/2022-10-30,-410.4532433300002
DII_IDX_NET_Z,0.5,H10_30,stress,2022-10-31/2022-11-06,-1416.3039595900004
DII_IDX_NET_Z,0.5,H10_30,stress,2022-11-07/2022-11-13,991.0324349899993
DII_IDX_NET_Z,0.5,H10_30,stress,2022-11-14/2022-11-20,15.75125154999975
DII_IDX_NET_Z,0.5,H10_30,stress,2022-11-21/2022-11-27,-3192.7436876950005
DII_IDX_NET_Z,0.5,H10_30,stress,2022-11-28/2022-12-04,-293.58582500000193
DII_IDX_NET_Z,0.5,H10_30,stress,2022-12-05/2022-12-11,-286.28291590000106
DII_IDX_NET_Z,0.5,H10_30,stress,2022-12-26/2023-01-01,24.78555954000008
DII_IDX_NET_Z,0.5,H10_30,stress,2023-01-02/2023-01-08,-2325.1455322050015
DII_IDX_NET_Z,0.5,H10_30,stress,2023-01-09/2023-01-15,-824.9660781350012
DII_IDX_NET_Z,0.5,H10_30,stress,2023-01-16/2023-01-22,1028.657525024999
DII_IDX_NET_Z,0.5,H10_30,stress,2023-01-23/2023-01-29,-4849.269004974997
DII_IDX_NET_Z,0.5,H10_30,stress,2023-01-30/2023-02-05,-3645.130302005002
DII_IDX_NET_Z,0.5,H10_30,stress,2023-02-06/2023-02-12,-1738.675768775001
DII_IDX_NET_Z,0.5,H10_30,stress,2023-02-13/2023-02-19,-1495.2134628750005
DII_IDX_NET_Z,0.5,H10_30,stress,2023-02-20/2023-02-26,799.5625097549976
DII_IDX_NET_Z,0.5,H10_30,stress,2023-02-27/2023-03-05,-2217.5041394350005
DII_IDX_NET_Z,0.5,H10_30,stress,2023-03-06/2023-03-12,298.8500424749998
DII_IDX_NET_Z,0.5,H10_30,stress,2023-03-13/2023-03-19,-3880.5479492500017
DII_IDX_NET_Z,0.5,H10_30,stress,2023-03-20/2023-03-26,1349.0009554649976
DII_IDX_NET_Z,0.5,H10_30,stress,2023-03-27/2023-04-02,-1325.7163851950008
DII_IDX_NET_Z,0.5,H10_30,stress,2023-04-03/2023-04-09,851.8756371549996
DII_IDX_NET_Z,0.5,H10_30,stress,2023-04-10/2023-04-16,-1493.6613349450013
DII_IDX_NET_Z,0.5,H10_30,stress,2023-04-17/2023-04-23,-4075.314545065001
DII_IDX_NET_Z,0.5,H10_30,stress,2023-04-24/2023-04-30,-1549.076569840001
DII_IDX_NET_Z,0.5,H10_30,stress,2023-05-01/2023-05-07,-2086.9997026700007
DII_IDX_NET_Z,0.5,H10_30,stress,2023-05-08/2023-05-14,-2938.0751780950004
DII_IDX_NET_Z,0.5,H10_30,stress,2023-05-15/2023-05-21,-1203.5229308949997
DII_IDX_NET_Z,0.5,H10_30,stress,2023-05-22/2023-05-28,-2037.4752476850012
DII_IDX_NET_Z,0.5,H10_30,stress,2023-05-29/2023-06-04,-244.22689181500107
DII_IDX_NET_Z,0.5,H10_30,stress,2023-06-05/2023-06-11,-581.6704363900003
DII_IDX_NET_Z,0.5,H10_30,stress,2023-06-12/2023-06-18,-2065.7012253800012
DII_IDX_NET_Z,0.5,H10_30,stress,2023-06-19/2023-06-25,-228.0729141900007
DII_IDX_NET_Z,0.5,H10_30,stress,2023-06-26/2023-07-02,-1816.058364195002
DII_IDX_NET_Z,0.5,H10_30,stress,2023-07-03/2023-07-09,-998.2631555550013
DII_IDX_NET_Z,0.5,H10_30,stress,2023-07-10/2023-07-16,-1206.5425931000009
DII_IDX_NET_Z,0.5,H10_30,stress,2023-07-17/2023-07-23,-2102.2000492200013
DII_IDX_NET_Z,0.5,H10_30,stress,2023-07-24/2023-07-30,-1872.617022145001
DII_IDX_NET_Z,0.5,H10_30,stress,2023-07-31/2023-08-06,-905.756564475
DII_IDX_NET_Z,0.5,H10_30,stress,2023-08-07/2023-08-13,641.2906845699982
DII_IDX_NET_Z,0.5,H10_30,stress,2023-08-14/2023-08-20,-1889.2811011150006
DII_IDX_NET_Z,0.5,H10_30,stress,2023-08-21/2023-08-27,894.8742924349983
DII_IDX_NET_Z,0.5,H10_30,stress,2023-08-28/2023-09-03,-2210.8566415850014
DII_IDX_NET_Z,0.5,H10_30,stress,2023-09-04/2023-09-10,-395.55374890500127
DII_IDX_NET_Z,0.5,H10_30,stress,2023-09-11/2023-09-17,673.9360213399996
DII_IDX_NET_Z,0.5,H10_30,stress,2023-09-18/2023-09-24,181.0316525699991
DII_IDX_NET_Z,0.5,H10_30,stress,2023-09-25/2023-10-01,589.5506207449994
DII_IDX_NET_Z,0.5,H10_30,stress,2023-10-02/2023-10-08,-437.0790927950007
DII_IDX_NET_Z,0.5,H10_30,stress,2023-10-09/2023-10-15,-1007.1455242550007
DII_IDX_NET_Z,0.5,H10_30,stress,2023-10-16/2023-10-22,699.5738154849985
DII_IDX_NET_Z,0.5,H10_30,stress,2023-10-23/2023-10-29,-4948.0028218900015
DII_IDX_NET_Z,0.5,H10_30,stress,2023-10-30/2023-11-05,-3200.6221532200016
DII_IDX_NET_Z,0.5,H10_30,stress,2023-11-06/2023-11-12,-1925.5055379399992
DII_IDX_NET_Z,0.5,H10_30,stress,2023-11-13/2023-11-19,-848.2763445700014
DII_IDX_NET_Z,0.5,H10_30,stress,2023-11-20/2023-11-26,-3299.7642937650016
DII_IDX_NET_Z,0.5,H10_30,stress,2023-11-27/2023-12-03,-2307.2136918999995
DII_IDX_NET_Z,0.5,H10_30,stress,2023-12-04/2023-12-10,-856.1971101500013
DII_IDX_NET_Z,0.5,H10_30,stress,2023-12-11/2023-12-17,-2593.4489887450004
DII_IDX_NET_Z,0.5,H10_30,stress,2023-12-18/2023-12-24,-341.44819553499974
DII_IDX_NET_Z,0.5,H10_30,stress,2023-12-25/2023-12-31,1035.0364000649997
DII_IDX_NET_Z,0.5,H10_30,stress,2024-01-01/2024-01-07,-1988.2547960950005
DII_IDX_NET_Z,0.5,H10_30,stress,2024-01-08/2024-01-14,-2673.2568156350017
DII_IDX_NET_Z,0.5,H10_30,stress,2024-01-15/2024-01-21,-2220.727433940001
DII_IDX_NET_Z,0.5,H10_30,stress,2024-01-22/2024-01-28,-1569.2333272350013
DII_IDX_NET_Z,0.5,H10_30,stress,2024-01-29/2024-02-04,-4404.070993495002
DII_IDX_NET_Z,0.5,H10_30,stress,2024-02-05/2024-02-11,-973.4532088550018
DII_IDX_NET_Z,0.5,H10_30,stress,2024-02-12/2024-02-18,-3098.2916852350036
DII_IDX_NET_Z,0.5,H10_30,stress,2024-02-19/2024-02-25,-898.7498404650045
DII_IDX_NET_Z,0.5,H10_30,stress,2024-02-26/2024-03-03,212.81719758999827
DII_IDX_NET_Z,0.5,H10_30,stress,2024-03-04/2024-03-10,96.99132190999933
DII_IDX_NET_Z,0.5,H10_30,stress,2024-03-11/2024-03-17,213.34691498999993
DII_IDX_NET_Z,0.5,H10_30,stress,2024-03-18/2024-03-24,498.9947213149999
DII_IDX_NET_Z,0.5,H10_30,stress,2024-03-25/2024-03-31,894.4702287749976
DII_IDX_NET_Z,0.5,H10_30,stress,2024-04-01/2024-04-07,-984.2886450750023
DII_IDX_NET_Z,0.5,H10_30,stress,2024-04-08/2024-04-14,301.3545615099999
DII_IDX_NET_Z,0.5,H10_30,stress,2024-04-15/2024-04-21,-692.222975119997
DII_IDX_NET_Z,0.5,H10_30,stress,2024-04-22/2024-04-28,-1658.9393614750018
DII_IDX_NET_Z,0.5,H10_30,stress,2024-04-29/2024-05-05,-1421.5673169600004
DII_IDX_NET_Z,0.5,H10_30,stress,2024-05-06/2024-05-12,573.8806559924997
DII_IDX_NET_Z,0.5,H10_30,stress,2024-05-20/2024-05-26,50.199690430000004
DII_IDX_NET_Z,0.5,H10_30,stress,2024-05-27/2024-06-02,-1732.5318621074996
DII_IDX_NET_Z,0.5,H10_30,stress,2024-06-03/2024-06-09,651.0810304725013
DII_IDX_NET_Z,0.5,H10_30,stress,2024-06-10/2024-06-16,-551.7019116550006
DII_IDX_NET_Z,0.5,H10_30,stress,2024-06-17/2024-06-23,-227.8475998100004
DII_IDX_NET_Z,0.5,H10_30,stress,2024-06-24/2024-06-30,-3713.343002162502
DII_IDX_NET_Z,0.5,H10_30,stress,2024-07-01/2024-07-07,-2128.6174216375016
DII_IDX_NET_Z,0.5,H10_30,stress,2024-07-08/2024-07-14,2073.6964623574986
DII_IDX_NET_Z,0.5,H10_30,stress,2024-07-15/2024-07-21,-1961.3127144475004
DII_IDX_NET_Z,0.5,H10_30,stress,2024-07-22/2024-07-28,-1886.5258298125004
DII_IDX_NET_Z,0.5,H10_30,stress,2024-07-29/2024-08-04,-1201.5911623625018
DII_IDX_NET_Z,0.5,H10_30,stress,2024-08-05/2024-08-11,-685.2643799200016
DII_IDX_NET_Z,0.5,H10_30,stress,2024-08-12/2024-08-18,-57.97362758000179
DII_IDX_NET_Z,0.5,H10_30,stress,2024-08-19/2024-08-25,-831.9348467650001
DII_IDX_NET_Z,0.5,H10_30,stress,2024-09-02/2024-09-08,-1210.9582640725007
DII_IDX_NET_Z,0.5,H10_30,stress,2024-09-16/2024-09-22,-300.6715368075006
DII_IDX_NET_Z,0.5,H10_30,stress,2024-09-23/2024-09-29,-83.02405873000103
DII_IDX_NET_Z,0.5,H10_30,stress,2024-09-30/2024-10-06,-1609.2578765674996
DII_IDX_NET_Z,0.5,H10_30,stress,2024-10-07/2024-10-13,698.7936197649992
DII_IDX_NET_Z,0.5,H10_30,stress,2024-10-14/2024-10-20,-2231.2579311700015
DII_IDX_NET_Z,0.5,H10_30,stress,2024-10-21/2024-10-27,-3326.5265781649996
DII_IDX_NET_Z,0.5,H10_30,stress,2024-10-28/2024-11-03,104.35991260999913
DII_IDX_NET_Z,0.5,H10_30,stress,2024-11-04/2024-11-10,-3713.5863431900007
DII_IDX_NET_Z,0.5,H10_30,stress,2024-11-11/2024-11-17,-612.803706155001
DII_IDX_NET_Z,0.5,H10_30,stress,2024-11-18/2024-11-24,-2574.613815680004
DII_IDX_NET_Z,0.5,H10_30,stress,2024-11-25/2024-12-01,-2811.3092139175046
DII_IDX_NET_Z,0.5,H10_30,stress,2024-12-02/2024-12-08,994.6608356524964
DII_IDX_NET_Z,0.5,H10_30,stress,2024-12-09/2024-12-15,-4237.222561427503
DII_IDX_NET_Z,0.5,H10_30,stress,2024-12-16/2024-12-22,-5560.1855934699915
DII_IDX_NET_Z,0.5,H10_30,stress,2024-12-23/2024-12-29,-2979.0142313250003
DII_IDX_NET_Z,0.5,H10_30,stress,2024-12-30/2025-01-05,-484.4530638250037
DII_IDX_NET_Z,0.5,H10_30,stress,2025-01-06/2025-01-12,-4199.109295180001
DII_IDX_NET_Z,0.5,H10_30,stress,2025-01-13/2025-01-19,-1046.5657056249988
DII_IDX_NET_Z,0.5,H10_30,stress,2025-01-20/2025-01-26,-3231.0308219874983
DII_IDX_NET_Z,0.5,H10_30,stress,2025-01-27/2025-02-02,1039.6840512900023
DII_IDX_NET_Z,0.5,H10_30,stress,2025-02-03/2025-02-09,-4248.087158155003
DII_IDX_NET_Z,0.5,H10_30,stress,2025-02-10/2025-02-16,-154.801315412498
DII_IDX_NET_Z,0.5,H10_30,stress,2025-02-17/2025-02-23,1094.0436577249964
DII_IDX_NET_Z,0.5,H10_30,stress,2025-02-24/2025-03-02,-3970.5864857450006
DII_IDX_NET_Z,0.5,H10_30,stress,2025-03-03/2025-03-09,-511.9646365450012
DII_IDX_NET_Z,0.5,H10_30,stress,2025-03-10/2025-03-16,4349.125985552497
DII_IDX_NET_Z,0.5,H10_30,stress,2025-03-17/2025-03-23,1952.1535529524972
DII_IDX_NET_Z,0.5,H10_30,stress,2025-03-24/2025-03-30,4259.559252507493
DII_IDX_NET_Z,0.5,H10_30,stress,2025-03-31/2025-04-06,-5495.941380575003
DII_IDX_NET_Z,0.5,H10_30,stress,2025-04-07/2025-04-13,-6865.9232826874995
DII_IDX_NET_Z,0.5,H10_30,stress,2025-04-14/2025-04-20,-582.5445731400001
DII_IDX_NET_Z,0.5,H10_30,stress,2025-04-21/2025-04-27,-4290.286684915001
DII_IDX_NET_Z,0.5,H10_30,stress,2025-04-28/2025-05-04,1703.8804656399996
DII_IDX_NET_Z,0.5,H10_30,stress,2025-05-12/2025-05-18,810.3347820599996
DII_IDX_NET_Z,0.5,H10_30,stress,2025-05-19/2025-05-25,-7795.9391425825015
DII_IDX_NET_Z,0.5,H10_30,stress,2025-05-26/2025-06-01,2337.869973317499
DII_IDX_NET_Z,0.5,H10_30,stress,2025-06-02/2025-06-08,-1000.5376098500008
DII_IDX_NET_Z,0.5,H10_30,stress,2025-06-09/2025-06-15,-222.793258685
DII_IDX_NET_Z,0.5,H10_30,stress,2025-06-23/2025-06-29,-1555.177214052505
DII_IDX_NET_Z,0.5,H10_30,stress,2025-06-30/2025-07-06,-1650.4279573325005
DII_IDX_NET_Z,0.5,H10_30,stress,2025-07-14/2025-07-20,-2763.1787349350016
DII_IDX_NET_Z,0.5,H10_30,stress,2025-07-21/2025-07-27,290.82817050999915
DII_IDX_NET_Z,0.5,H10_30,stress,2025-08-04/2025-08-10,-6901.968984522504
DII_IDX_NET_Z,0.5,H10_30,stress,2025-08-11/2025-08-17,916.0508938675009
DII_IDX_NET_Z,0.5,H10_30,stress,2025-08-18/2025-08-24,230.97640216249596
DII_IDX_NET_Z,0.5,H10_30,stress,2025-08-25/2025-08-31,-1625.8137487425006
DII_IDX_NET_Z,0.5,H10_30,stress,2025-09-15/2025-09-21,-1151.1349407025023
DII_IDX_NET_Z,0.5,H10_30,stress,2025-09-22/2025-09-28,317.5808464974981
DII_IDX_NET_Z,0.5,H10_30,stress,2025-09-29/2025-10-05,306.4363728924998
DII_IDX_NET_Z,0.5,H10_30,stress,2025-10-06/2025-10-12,906.2818207374992
DII_IDX_NET_Z,0.5,H10_30,stress,2025-10-13/2025-10-19,-3877.41568492
DII_IDX_NET_Z,0.5,H10_30,stress,2025-10-20/2025-10-26,449.04514634000077
DII_IDX_NET_Z,0.5,H10_30,stress,2025-10-27/2025-11-02,-443.9860437925013
DII_IDX_NET_Z,0.5,H10_30,stress,2025-11-10/2025-11-16,-1401.1082933800021
DII_IDX_NET_Z,0.5,H10_30,stress,2025-11-17/2025-11-23,-4532.7806294050015
DII_IDX_NET_Z,0.5,H10_30,stress,2025-11-24/2025-11-30,-181.7629404575017
DII_IDX_NET_Z,0.5,H10_30,stress,2025-12-01/2025-12-07,-1912.3098284850012
DII_IDX_NET_Z,0.5,H10_30,stress,2025-12-08/2025-12-14,-2145.4860533499996
DII_IDX_NET_Z,0.5,H10_30,stress,2025-12-15/2025-12-21,-2282.0084929450054
DII_IDX_NET_Z,0.5,H10_30,stress,2025-12-22/2025-12-28,-245.7689729774993
DII_IDX_NET_Z,0.5,H10_30,stress,2025-12-29/2026-01-04,-278.5653767915001
DII_IDX_NET_Z,0.5,H10_30,stress,2026-01-05/2026-01-11,-332.75152656899996
DII_IDX_NET_Z,0.5,H10_30,stress,2026-01-12/2026-01-18,38.13328563799871
DII_IDX_NET_Z,0.5,H10_30,stress,2026-01-19/2026-01-25,-2514.631670649498
DII_IDX_NET_Z,0.5,H10_30,stress,2026-01-26/2026-02-01,-235.5913195569976
DII_IDX_NET_Z,0.5,H10_30,stress,2026-02-02/2026-02-08,-4783.915440625003
DII_IDX_NET_Z,0.5,H10_30,stress,2026-02-09/2026-02-15,-499.1707184125023
DII_IDX_NET_Z,0.5,H10_30,stress,2026-02-16/2026-02-22,1038.7723439385034
DII_IDX_NET_Z,0.5,H10_30,stress,2026-02-23/2026-03-01,-1568.9267043075017
DII_IDX_NET_Z,0.5,H10_30,stress,2026-03-02/2026-03-08,621.2890388544855
DII_IDX_NET_Z,0.5,H10_30,stress,2026-03-09/2026-03-15,-1431.3517204513569
DII_IDX_NET_Z,0.5,H10_30,stress,2026-03-16/2026-03-22,-2210.395124852416
DII_IDX_NET_Z,0.5,H10_30,stress,2026-03-23/2026-03-29,-4510.249264321691
DII_IDX_NET_Z,0.5,H10_30,stress,2026-03-30/2026-04-05,-1942.4812419777718
DII_IDX_NET_Z,0.5,H10_30,stress,2026-04-06/2026-04-12,-1038.4604816416402
DII_IDX_NET_Z,0.5,H10_30,stress,2026-04-20/2026-04-26,734.8526816588293
DII_IDX_NET_Z,0.5,H10_30,stress,2026-04-27/2026-05-03,-3528.2073803937806
DII_IDX_NET_Z,0.5,H10_30,stress,2026-05-04/2026-05-10,203.9176596662076
DII_IDX_NET_Z,0.5,H10_30,stress,2026-05-11/2026-05-17,-624.2741852134116
DII_IDX_NET_Z,0.5,H10_30,stress,2026-05-18/2026-05-24,-1541.5265466779524
DII_IDX_NET_Z,0.5,H10_30,stress,2026-05-25/2026-05-31,-1097.878985525965
DII_IDX_NET_Z,0.5,H10_30,stress,2026-06-15/2026-06-21,-206.22078423240407
DII_IDX_NET_Z,0.5,H10_30,stress,2026-06-22/2026-06-28,765.6760834584278
DII_IDX_NET_Z,0.5,H10_30,stress,2026-06-29/2026-07-05,-115.71993796783943
DII_IDX_NET_Z,0.5,H15_10,stress,2021-10-18/2021-10-24,2073.77642448
DII_IDX_NET_Z,0.5,H15_10,stress,2021-11-01/2021-11-07,-843.4137264850004
DII_IDX_NET_Z,0.5,H15_10,stress,2021-11-08/2021-11-14,-7913.788190380002
DII_IDX_NET_Z,0.5,H15_10,stress,2021-11-15/2021-11-21,-8472.896649495
DII_IDX_NET_Z,0.5,H15_10,stress,2021-11-22/2021-11-28,-8810.849242840002
DII_IDX_NET_Z,0.5,H15_10,stress,2021-11-29/2021-12-05,-6266.313384370002
DII_IDX_NET_Z,0.5,H15_10,stress,2021-12-06/2021-12-12,-1802.0215356150015
DII_IDX_NET_Z,0.5,H15_10,stress,2021-12-13/2021-12-19,-11523.913662855002
DII_IDX_NET_Z,0.5,H15_10,stress,2021-12-20/2021-12-26,-3075.7976337650025
DII_IDX_NET_Z,0.5,H15_10,stress,2021-12-27/2022-01-02,-273.1725870300008
DII_IDX_NET_Z,0.5,H15_10,stress,2022-01-03/2022-01-09,2646.639527599998
DII_IDX_NET_Z,0.5,H15_10,stress,2022-01-10/2022-01-16,2225.616242719998
DII_IDX_NET_Z,0.5,H15_10,stress,2022-01-17/2022-01-23,-12289.409757520001
DII_IDX_NET_Z,0.5,H15_10,stress,2022-01-24/2022-01-30,-3333.594864634998
DII_IDX_NET_Z,0.5,H15_10,stress,2022-01-31/2022-02-06,-7055.533181340006
DII_IDX_NET_Z,0.5,H15_10,stress,2022-02-07/2022-02-13,-2654.102424905001
DII_IDX_NET_Z,0.5,H15_10,stress,2022-02-14/2022-02-20,-2420.5808202600037
DII_IDX_NET_Z,0.5,H15_10,stress,2022-02-21/2022-02-27,-9005.590663185001
DII_IDX_NET_Z,0.5,H15_10,stress,2022-02-28/2022-03-06,-5376.390862945002
DII_IDX_NET_Z,0.5,H15_10,stress,2022-03-07/2022-03-13,584.1872224749993
DII_IDX_NET_Z,0.5,H15_10,stress,2022-03-14/2022-03-20,-1470.5570766800017
DII_IDX_NET_Z,0.5,H15_10,stress,2022-03-21/2022-03-27,141.29160841999828
DII_IDX_NET_Z,0.5,H15_10,stress,2022-03-28/2022-04-03,1889.1306854249995
DII_IDX_NET_Z,0.5,H15_10,stress,2022-04-04/2022-04-10,520.6287728950003
DII_IDX_NET_Z,0.5,H15_10,stress,2022-04-11/2022-04-17,-13.315670785001544
DII_IDX_NET_Z,0.5,H15_10,stress,2022-04-18/2022-04-24,-4888.792622625004
DII_IDX_NET_Z,0.5,H15_10,stress,2022-04-25/2022-05-01,2977.238667644998
DII_IDX_NET_Z,0.5,H15_10,stress,2022-05-02/2022-05-08,2158.9156063399996
DII_IDX_NET_Z,0.5,H15_10,stress,2022-05-09/2022-05-15,-3853.2651778450027
DII_IDX_NET_Z,0.5,H15_10,stress,2022-05-16/2022-05-22,-5851.063170505005
DII_IDX_NET_Z,0.5,H15_10,stress,2022-05-23/2022-05-29,-6546.241986875003
DII_IDX_NET_Z,0.5,H15_10,stress,2022-05-30/2022-06-05,315.0054396299992
DII_IDX_NET_Z,0.5,H15_10,stress,2022-06-06/2022-06-12,-6335.863332545003
DII_IDX_NET_Z,0.5,H15_10,stress,2022-06-13/2022-06-19,-9981.690224245003
DII_IDX_NET_Z,0.5,H15_10,stress,2022-06-20/2022-06-26,-887.5635765600014
DII_IDX_NET_Z,0.5,H15_10,stress,2022-06-27/2022-07-03,1093.6968574299976
DII_IDX_NET_Z,0.5,H15_10,stress,2022-07-04/2022-07-10,-2030.837703595001
DII_IDX_NET_Z,0.5,H15_10,stress,2022-07-11/2022-07-17,-7108.838005720001
DII_IDX_NET_Z,0.5,H15_10,stress,2022-07-18/2022-07-24,2600.9442816699984
DII_IDX_NET_Z,0.5,H15_10,stress,2022-07-25/2022-07-31,2955.4029525699975
DII_IDX_NET_Z,0.5,H15_10,stress,2022-08-01/2022-08-07,-1540.870856115001
DII_IDX_NET_Z,0.5,H15_10,stress,2022-08-08/2022-08-14,1192.2953039099996
DII_IDX_NET_Z,0.5,H15_10,stress,2022-09-05/2022-09-11,-4025.891673945
DII_IDX_NET_Z,0.5,H15_10,stress,2022-09-12/2022-09-18,-1729.2927750100037
DII_IDX_NET_Z,0.5,H15_10,stress,2022-09-19/2022-09-25,359.1175410849992
DII_IDX_NET_Z,0.5,H15_10,stress,2022-10-03/2022-10-09,-455.5383082850025
DII_IDX_NET_Z,0.5,H15_10,stress,2022-10-10/2022-10-16,-1631.2561150500014
DII_IDX_NET_Z,0.5,H15_10,stress,2022-10-17/2022-10-23,-7177.432328195002
DII_IDX_NET_Z,0.5,H15_10,stress,2022-10-24/2022-10-30,789.843831174999
DII_IDX_NET_Z,0.5,H15_10,stress,2022-10-31/2022-11-06,-4345.3775572350005
DII_IDX_NET_Z,0.5,H15_10,stress,2022-11-07/2022-11-13,-1320.4472571650003
DII_IDX_NET_Z,0.5,H15_10,stress,2022-11-14/2022-11-20,-2879.7336220950006
DII_IDX_NET_Z,0.5,H15_10,stress,2022-11-21/2022-11-27,-6948.290171350003
DII_IDX_NET_Z,0.5,H15_10,stress,2022-11-28/2022-12-04,-3042.8576018500016
DII_IDX_NET_Z,0.5,H15_10,stress,2022-12-05/2022-12-11,-1992.1025958300006
DII_IDX_NET_Z,0.5,H15_10,stress,2022-12-26/2023-01-01,491.387233725
DII_IDX_NET_Z,0.5,H15_10,stress,2023-01-02/2023-01-08,-9037.03615935
DII_IDX_NET_Z,0.5,H15_10,stress,2023-01-09/2023-01-15,-2479.0345981250016
DII_IDX_NET_Z,0.5,H15_10,stress,2023-01-16/2023-01-22,-2025.1741884900002
DII_IDX_NET_Z,0.5,H15_10,stress,2023-01-23/2023-01-29,-11006.27078634
DII_IDX_NET_Z,0.5,H15_10,stress,2023-01-30/2023-02-05,-1999.0416311000029
DII_IDX_NET_Z,0.5,H15_10,stress,2023-02-06/2023-02-12,-2254.551394790001
DII_IDX_NET_Z,0.5,H15_10,stress,2023-02-13/2023-02-19,-767.185566910001
DII_IDX_NET_Z,0.5,H15_10,stress,2023-02-20/2023-02-26,-11651.32228683
DII_IDX_NET_Z,0.5,H15_10,stress,2023-02-27/2023-03-05,-4651.900805265001
DII_IDX_NET_Z,0.5,H15_10,stress,2023-03-06/2023-03-12,-4756.6708031550015
DII_IDX_NET_Z,0.5,H15_10,stress,2023-03-13/2023-03-19,-14380.389957950003
DII_IDX_NET_Z,0.5,H15_10,stress,2023-03-20/2023-03-26,-2097.825262000003
DII_IDX_NET_Z,0.5,H15_10,stress,2023-03-27/2023-04-02,-997.8663028300031
DII_IDX_NET_Z,0.5,H15_10,stress,2023-04-03/2023-04-09,575.1678699599989
DII_IDX_NET_Z,0.5,H15_10,stress,2023-04-10/2023-04-16,-1091.0800110800014
DII_IDX_NET_Z,0.5,H15_10,stress,2023-04-17/2023-04-23,-3975.4095217650006
DII_IDX_NET_Z,0.5,H15_10,stress,2023-04-24/2023-04-30,-2962.121480930001
DII_IDX_NET_Z,0.5,H15_10,stress,2023-05-01/2023-05-07,-6378.620592615001
DII_IDX_NET_Z,0.5,H15_10,stress,2023-05-08/2023-05-14,-5903.87932466
DII_IDX_NET_Z,0.5,H15_10,stress,2023-05-15/2023-05-21,-1449.4372183850003
DII_IDX_NET_Z,0.5,H15_10,stress,2023-05-22/2023-05-28,-7164.12007802
DII_IDX_NET_Z,0.5,H15_10,stress,2023-05-29/2023-06-04,-2029.0317610450006
DII_IDX_NET_Z,0.5,H15_10,stress,2023-06-05/2023-06-11,-1537.0538022049998
DII_IDX_NET_Z,0.5,H15_10,stress,2023-06-12/2023-06-18,-4288.386485035
DII_IDX_NET_Z,0.5,H15_10,stress,2023-06-19/2023-06-25,-2744.8064042650003
DII_IDX_NET_Z,0.5,H15_10,stress,2023-06-26/2023-07-02,-9052.410193595002
DII_IDX_NET_Z,0.5,H15_10,stress,2023-07-03/2023-07-09,-4511.527176615
DII_IDX_NET_Z,0.5,H15_10,stress,2023-07-10/2023-07-16,-329.27994996500115
DII_IDX_NET_Z,0.5,H15_10,stress,2023-07-17/2023-07-23,-9173.71091401
DII_IDX_NET_Z,0.5,H15_10,stress,2023-07-24/2023-07-30,-1395.7931270050008
DII_IDX_NET_Z,0.5,H15_10,stress,2023-07-31/2023-08-06,-2168.9120718000013
DII_IDX_NET_Z,0.5,H15_10,stress,2023-08-07/2023-08-13,-6115.15451473
DII_IDX_NET_Z,0.5,H15_10,stress,2023-08-14/2023-08-20,-7751.383463575001
DII_IDX_NET_Z,0.5,H15_10,stress,2023-08-21/2023-08-27,-2214.850984740001
DII_IDX_NET_Z,0.5,H15_10,stress,2023-08-28/2023-09-03,-3396.1570082949997
DII_IDX_NET_Z,0.5,H15_10,stress,2023-09-04/2023-09-10,-11567.8388243
DII_IDX_NET_Z,0.5,H15_10,stress,2023-09-11/2023-09-17,-1500.8377186700004
DII_IDX_NET_Z,0.5,H15_10,stress,2023-09-18/2023-09-24,503.04293166499957
DII_IDX_NET_Z,0.5,H15_10,stress,2023-09-25/2023-10-01,-5088.725038700002
DII_IDX_NET_Z,0.5,H15_10,stress,2023-10-02/2023-10-08,349.3162570199986
DII_IDX_NET_Z,0.5,H15_10,stress,2023-10-09/2023-10-15,-615.2332625400007
DII_IDX_NET_Z,0.5,H15_10,stress,2023-10-16/2023-10-22,-4442.356543060001
DII_IDX_NET_Z,0.5,H15_10,stress,2023-10-23/2023-10-29,-13309.553983239999
DII_IDX_NET_Z,0.5,H15_10,stress,2023-10-30/2023-11-05,-4614.815703675001
DII_IDX_NET_Z,0.5,H15_10,stress,2023-11-06/2023-11-12,-1542.0307919000006
DII_IDX_NET_Z,0.5,H15_10,stress,2023-11-13/2023-11-19,61.338077469998126
DII_IDX_NET_Z,0.5,H15_10,stress,2023-11-20/2023-11-26,-6026.251856070003
DII_IDX_NET_Z,0.5,H15_10,stress,2023-11-27/2023-12-03,2869.759446479999
DII_IDX_NET_Z,0.5,H15_10,stress,2023-12-04/2023-12-10,914.6136182549998
DII_IDX_NET_Z,0.5,H15_10,stress,2023-12-11/2023-12-17,-974.1317751300016
DII_IDX_NET_Z,0.5,H15_10,stress,2023-12-18/2023-12-24,-8102.237330419999
DII_IDX_NET_Z,0.5,H15_10,stress,2023-12-25/2023-12-31,1892.015939989999
DII_IDX_NET_Z,0.5,H15_10,stress,2024-01-01/2024-01-07,-1908.061212595001
DII_IDX_NET_Z,0.5,H15_10,stress,2024-01-08/2024-01-14,-2405.7401515300007
DII_IDX_NET_Z,0.5,H15_10,stress,2024-01-15/2024-01-21,-1636.6385943900013
DII_IDX_NET_Z,0.5,H15_10,stress,2024-01-22/2024-01-28,-1297.7973475699991
DII_IDX_NET_Z,0.5,H15_10,stress,2024-01-29/2024-02-04,-4820.098033125005
DII_IDX_NET_Z,0.5,H15_10,stress,2024-02-05/2024-02-11,-2296.1161789300027
DII_IDX_NET_Z,0.5,H15_10,stress,2024-02-12/2024-02-18,-10851.892862800001
DII_IDX_NET_Z,0.5,H15_10,stress,2024-02-19/2024-02-25,-9812.607737700004
DII_IDX_NET_Z,0.5,H15_10,stress,2024-02-26/2024-03-03,-3573.953675785
DII_IDX_NET_Z,0.5,H15_10,stress,2024-03-04/2024-03-10,-509.7847959900012
DII_IDX_NET_Z,0.5,H15_10,stress,2024-03-11/2024-03-17,1663.9045133099992
DII_IDX_NET_Z,0.5,H15_10,stress,2024-03-18/2024-03-24,-156.43189576000168
DII_IDX_NET_Z,0.5,H15_10,stress,2024-03-25/2024-03-31,-1790.6470802000013
DII_IDX_NET_Z,0.5,H15_10,stress,2024-04-01/2024-04-07,-1094.1801879100026
DII_IDX_NET_Z,0.5,H15_10,stress,2024-04-08/2024-04-14,1315.8443607050003
DII_IDX_NET_Z,0.5,H15_10,stress,2024-04-15/2024-04-21,-3002.5613350799995
DII_IDX_NET_Z,0.5,H15_10,stress,2024-04-22/2024-04-28,-2186.777431650001
DII_IDX_NET_Z,0.5,H15_10,stress,2024-04-29/2024-05-05,-1112.2777111950013
DII_IDX_NET_Z,0.5,H15_10,stress,2024-05-06/2024-05-12,651.0731711949998
DII_IDX_NET_Z,0.5,H15_10,stress,2024-05-20/2024-05-26,1546.8691627925
DII_IDX_NET_Z,0.5,H15_10,stress,2024-05-27/2024-06-02,-4133.522060379999
DII_IDX_NET_Z,0.5,H15_10,stress,2024-06-03/2024-06-09,1378.866908705001
DII_IDX_NET_Z,0.5,H15_10,stress,2024-06-10/2024-06-16,-2680.3173009225025
DII_IDX_NET_Z,0.5,H15_10,stress,2024-06-17/2024-06-23,418.98314837249956
DII_IDX_NET_Z,0.5,H15_10,stress,2024-06-24/2024-06-30,-8062.128264302502
DII_IDX_NET_Z,0.5,H15_10,stress,2024-07-01/2024-07-07,-3313.320230315001
DII_IDX_NET_Z,0.5,H15_10,stress,2024-07-08/2024-07-14,-1547.6063401675005
DII_IDX_NET_Z,0.5,H15_10,stress,2024-07-15/2024-07-21,-4864.834406835001
DII_IDX_NET_Z,0.5,H15_10,stress,2024-07-22/2024-07-28,-6348.717935495
DII_IDX_NET_Z,0.5,H15_10,stress,2024-07-29/2024-08-04,-892.9894117575011
DII_IDX_NET_Z,0.5,H15_10,stress,2024-08-05/2024-08-11,-477.6316366075015
DII_IDX_NET_Z,0.5,H15_10,stress,2024-08-12/2024-08-18,-2154.203045292501
DII_IDX_NET_Z,0.5,H15_10,stress,2024-08-19/2024-08-25,-592.9253411624999
DII_IDX_NET_Z,0.5,H15_10,stress,2024-09-02/2024-09-08,-2103.0396770200005
DII_IDX_NET_Z,0.5,H15_10,stress,2024-09-16/2024-09-22,-2024.393383157501
DII_IDX_NET_Z,0.5,H15_10,stress,2024-09-23/2024-09-29,-272.4933687900011
DII_IDX_NET_Z,0.5,H15_10,stress,2024-09-30/2024-10-06,-8415.516160644998
DII_IDX_NET_Z,0.5,H15_10,stress,2024-10-07/2024-10-13,-3238.558495330001
DII_IDX_NET_Z,0.5,H15_10,stress,2024-10-14/2024-10-20,-4555.177780182501
DII_IDX_NET_Z,0.5,H15_10,stress,2024-10-21/2024-10-27,-7199.157209645
DII_IDX_NET_Z,0.5,H15_10,stress,2024-10-28/2024-11-03,-1318.4550689225
DII_IDX_NET_Z,0.5,H15_10,stress,2024-11-04/2024-11-10,-2949.1592093974996
DII_IDX_NET_Z,0.5,H15_10,stress,2024-11-11/2024-11-17,-6361.688456247501
DII_IDX_NET_Z,0.5,H15_10,stress,2024-11-18/2024-11-24,-4908.472377777504
DII_IDX_NET_Z,0.5,H15_10,stress,2024-11-25/2024-12-01,-14934.460129570003
DII_IDX_NET_Z,0.5,H15_10,stress,2024-12-02/2024-12-08,11226.542321307494
DII_IDX_NET_Z,0.5,H15_10,stress,2024-12-09/2024-12-15,-6864.046779272505
DII_IDX_NET_Z,0.5,H15_10,stress,2024-12-16/2024-12-22,-16662.792454877497
DII_IDX_NET_Z,0.5,H15_10,stress,2024-12-23/2024-12-29,-9813.4898561775
DII_IDX_NET_Z,0.5,H15_10,stress,2024-12-30/2025-01-05,1164.0495356749916
DII_IDX_NET_Z,0.5,H15_10,stress,2025-01-06/2025-01-12,-14533.951989280004
DII_IDX_NET_Z,0.5,H15_10,stress,2025-01-13/2025-01-19,-7992.221943317503
DII_IDX_NET_Z,0.5,H15_10,stress,2025-01-20/2025-01-26,-8357.8725198775
DII_IDX_NET_Z,0.5,H15_10,stress,2025-01-27/2025-02-02,-2794.8970935300035
DII_IDX_NET_Z,0.5,H15_10,stress,2025-02-03/2025-02-09,-5938.089151660002
DII_IDX_NET_Z,0.5,H15_10,stress,2025-02-10/2025-02-16,-12135.489468295
DII_IDX_NET_Z,0.5,H15_10,stress,2025-02-17/2025-02-23,-407.0304825025037
DII_IDX_NET_Z,0.5,H15_10,stress,2025-02-24/2025-03-02,-7711.5960517250005
DII_IDX_NET_Z,0.5,H15_10,stress,2025-03-03/2025-03-09,1044.4264205974985
DII_IDX_NET_Z,0.5,H15_10,stress,2025-03-10/2025-03-16,-5947.3734116825035
DII_IDX_NET_Z,0.5,H15_10,stress,2025-03-17/2025-03-23,5315.295454309998
DII_IDX_NET_Z,0.5,H15_10,stress,2025-03-24/2025-03-30,-6286.142661970002
DII_IDX_NET_Z,0.5,H15_10,stress,2025-03-31/2025-04-06,-12132.689118215003
DII_IDX_NET_Z,0.5,H15_10,stress,2025-04-07/2025-04-13,-3329.9487384724966
DII_IDX_NET_Z,0.5,H15_10,stress,2025-04-14/2025-04-20,36.682655917499375
DII_IDX_NET_Z,0.5,H15_10,stress,2025-04-21/2025-04-27,-3967.162288854999
DII_IDX_NET_Z,0.5,H15_10,stress,2025-04-28/2025-05-04,3051.34340929
DII_IDX_NET_Z,0.5,H15_10,stress,2025-05-12/2025-05-18,1988.9019982350014
DII_IDX_NET_Z,0.5,H15_10,stress,2025-05-19/2025-05-25,-7122.786305672501
DII_IDX_NET_Z,0.5,H15_10,stress,2025-05-26/2025-06-01,-3609.673530965002
DII_IDX_NET_Z,0.5,H15_10,stress,2025-06-02/2025-06-08,-2579.4546066425014
DII_IDX_NET_Z,0.5,H15_10,stress,2025-06-09/2025-06-15,159.33299818000003
DII_IDX_NET_Z,0.5,H15_10,stress,2025-06-23/2025-06-29,-11455.668093342505
DII_IDX_NET_Z,0.5,H15_10,stress,2025-06-30/2025-07-06,-40.09037782250107
DII_IDX_NET_Z,0.5,H15_10,stress,2025-07-14/2025-07-20,-2183.280767202503
DII_IDX_NET_Z,0.5,H15_10,stress,2025-07-21/2025-07-27,-6232.690329132503
DII_IDX_NET_Z,0.5,H15_10,stress,2025-08-04/2025-08-10,-7543.896440855002
DII_IDX_NET_Z,0.5,H15_10,stress,2025-08-11/2025-08-17,-4089.2555116324993
DII_IDX_NET_Z,0.5,H15_10,stress,2025-08-18/2025-08-24,-569.573765530002
DII_IDX_NET_Z,0.5,H15_10,stress,2025-08-25/2025-08-31,-1511.695150042501
DII_IDX_NET_Z,0.5,H15_10,stress,2025-09-15/2025-09-21,-1251.6351982000017
DII_IDX_NET_Z,0.5,H15_10,stress,2025-09-22/2025-09-28,-10785.123606297502
DII_IDX_NET_Z,0.5,H15_10,stress,2025-09-29/2025-10-05,-2743.6708947650027
DII_IDX_NET_Z,0.5,H15_10,stress,2025-10-06/2025-10-12,-2068.1716429250005
DII_IDX_NET_Z,0.5,H15_10,stress,2025-10-13/2025-10-19,-8242.4687926
DII_IDX_NET_Z,0.5,H15_10,stress,2025-10-20/2025-10-26,3551.2992907625003
DII_IDX_NET_Z,0.5,H15_10,stress,2025-10-27/2025-11-02,17.371396444999164
DII_IDX_NET_Z,0.5,H15_10,stress,2025-11-10/2025-11-16,49.1495302249981
DII_IDX_NET_Z,0.5,H15_10,stress,2025-11-17/2025-11-23,-3064.489507307505
DII_IDX_NET_Z,0.5,H15_10,stress,2025-11-24/2025-11-30,-4705.718617010001
DII_IDX_NET_Z,0.5,H15_10,stress,2025-12-01/2025-12-07,-6764.140487940001
DII_IDX_NET_Z,0.5,H15_10,stress,2025-12-08/2025-12-14,-2246.2163705125004
DII_IDX_NET_Z,0.5,H15_10,stress,2025-12-15/2025-12-21,-5663.3928379450035
DII_IDX_NET_Z,0.5,H15_10,stress,2025-12-22/2025-12-28,-777.5784771674997
DII_IDX_NET_Z,0.5,H15_10,stress,2025-12-29/2026-01-04,-2489.1084617234997
DII_IDX_NET_Z,0.5,H15_10,stress,2026-01-05/2026-01-11,2358.830162057999
DII_IDX_NET_Z,0.5,H15_10,stress,2026-01-12/2026-01-18,-5571.9070509185
DII_IDX_NET_Z,0.5,H15_10,stress,2026-01-19/2026-01-25,-6991.942719138998
DII_IDX_NET_Z,0.5,H15_10,stress,2026-01-26/2026-02-01,-4635.972519141502
DII_IDX_NET_Z,0.5,H15_10,stress,2026-02-02/2026-02-08,-3263.580621973003
DII_IDX_NET_Z,0.5,H15_10,stress,2026-02-09/2026-02-15,-6112.443509454002
DII_IDX_NET_Z,0.5,H15_10,stress,2026-02-16/2026-02-22,-73.21226467299948
DII_IDX_NET_Z,0.5,H15_10,stress,2026-02-23/2026-03-01,363.5811717444976
DII_IDX_NET_Z,0.5,H15_10,stress,2026-03-02/2026-03-08,-1634.4410482265703
DII_IDX_NET_Z,0.5,H15_10,stress,2026-03-09/2026-03-15,-3509.30325228572
DII_IDX_NET_Z,0.5,H15_10,stress,2026-03-16/2026-03-22,-2459.8869225483413
DII_IDX_NET_Z,0.5,H15_10,stress,2026-03-23/2026-03-29,-7368.833397307511
DII_IDX_NET_Z,0.5,H15_10,stress,2026-03-30/2026-04-05,-7241.646194574481
DII_IDX_NET_Z,0.5,H15_10,stress,2026-04-06/2026-04-12,3683.2415827869295
DII_IDX_NET_Z,0.5,H15_10,stress,2026-04-20/2026-04-26,1611.0525892071837
DII_IDX_NET_Z,0.5,H15_10,stress,2026-04-27/2026-05-03,-1710.4535940923479
DII_IDX_NET_Z,0.5,H15_10,stress,2026-05-04/2026-05-10,-4383.973539222649
DII_IDX_NET_Z,0.5,H15_10,stress,2026-05-11/2026-05-17,1346.7680721772213
DII_IDX_NET_Z,0.5,H15_10,stress,2026-05-18/2026-05-24,-5353.681355696098
DII_IDX_NET_Z,0.5,H15_10,stress,2026-05-25/2026-05-31,-489.13881915851476
DII_IDX_NET_Z,0.5,H15_10,stress,2026-06-08/2026-06-14,1288.9080610046785
DII_IDX_NET_Z,0.5,H15_10,stress,2026-06-15/2026-06-21,813.6818279854352
DII_IDX_NET_Z,0.5,H15_10,stress,2026-06-22/2026-06-28,-2067.423434810247
DII_IDX_NET_Z,0.5,H15_10,stress,2026-06-29/2026-07-05,-1221.7561465740669
DII_IDX_NET_Z,1.0,H10_30,stress,2021-11-01/2021-11-07,-229.53019171000093
DII_IDX_NET_Z,1.0,H10_30,stress,2021-11-08/2021-11-14,-3513.0877701000013
DII_IDX_NET_Z,1.0,H10_30,stress,2021-11-15/2021-11-21,-2791.799189485002
DII_IDX_NET_Z,1.0,H10_30,stress,2021-11-22/2021-11-28,-2917.0298376400006
DII_IDX_NET_Z,1.0,H10_30,stress,2021-11-29/2021-12-05,-384.3428846249998
DII_IDX_NET_Z,1.0,H10_30,stress,2021-12-06/2021-12-12,-1966.5862930700002
DII_IDX_NET_Z,1.0,H10_30,stress,2021-12-13/2021-12-19,-5147.993927315002
DII_IDX_NET_Z,1.0,H10_30,stress,2021-12-20/2021-12-26,-2330.565580605001
DII_IDX_NET_Z,1.0,H10_30,stress,2021-12-27/2022-01-02,-13.296415230000946
DII_IDX_NET_Z,1.0,H10_30,stress,2022-01-03/2022-01-09,-437.1381763000011
DII_IDX_NET_Z,1.0,H10_30,stress,2022-01-10/2022-01-16,-1282.1761410000013
DII_IDX_NET_Z,1.0,H10_30,stress,2022-01-17/2022-01-23,-4297.265503540005
DII_IDX_NET_Z,1.0,H10_30,stress,2022-01-24/2022-01-30,-960.4571618149955
DII_IDX_NET_Z,1.0,H10_30,stress,2022-01-31/2022-02-06,-1929.607410105004
DII_IDX_NET_Z,1.0,H10_30,stress,2022-02-07/2022-02-13,-3563.594677775001
DII_IDX_NET_Z,1.0,H10_30,stress,2022-02-14/2022-02-20,-3733.8448653900005
DII_IDX_NET_Z,1.0,H10_30,stress,2022-02-21/2022-02-27,-830.9139533800003
DII_IDX_NET_Z,1.0,H10_30,stress,2022-02-28/2022-03-06,-1063.7294998850018
DII_IDX_NET_Z,1.0,H10_30,stress,2022-03-07/2022-03-13,-419.4106202600034
DII_IDX_NET_Z,1.0,H10_30,stress,2022-03-14/2022-03-20,-1219.961920624999
DII_IDX_NET_Z,1.0,H10_30,stress,2022-03-21/2022-03-27,-1159.4821527949991
DII_IDX_NET_Z,1.0,H10_30,stress,2022-04-04/2022-04-10,361.31303564500007
DII_IDX_NET_Z,1.0,H10_30,stress,2022-04-11/2022-04-17,573.850403784998
DII_IDX_NET_Z,1.0,H10_30,stress,2022-04-18/2022-04-24,-580.5726248550006
DII_IDX_NET_Z,1.0,H10_30,stress,2022-04-25/2022-05-01,-258.6445327950038
DII_IDX_NET_Z,1.0,H10_30,stress,2022-05-02/2022-05-08,90.86151620499854
DII_IDX_NET_Z,1.0,H10_30,stress,2022-05-09/2022-05-15,-1967.5549003650017
DII_IDX_NET_Z,1.0,H10_30,stress,2022-05-16/2022-05-22,-538.9775659150007
DII_IDX_NET_Z,1.0,H10_30,stress,2022-05-23/2022-05-29,-1966.3321883650015
DII_IDX_NET_Z,1.0,H10_30,stress,2022-06-06/2022-06-12,-2215.6828214350016
DII_IDX_NET_Z,1.0,H10_30,stress,2022-06-13/2022-06-19,-324.32873606499913
DII_IDX_NET_Z,1.0,H10_30,stress,2022-06-20/2022-06-26,919.025593289998
DII_IDX_NET_Z,1.0,H10_30,stress,2022-06-27/2022-07-03,-669.8668236950024
DII_IDX_NET_Z,1.0,H10_30,stress,2022-07-04/2022-07-10,-682.6298029950025
DII_IDX_NET_Z,1.0,H10_30,stress,2022-07-11/2022-07-17,93.31586720999951
DII_IDX_NET_Z,1.0,H10_30,stress,2022-07-18/2022-07-24,-319.70043076500235
DII_IDX_NET_Z,1.0,H10_30,stress,2022-07-25/2022-07-31,-595.86660259
DII_IDX_NET_Z,1.0,H10_30,stress,2022-08-01/2022-08-07,-1750.3198995750006
DII_IDX_NET_Z,1.0,H10_30,stress,2022-09-05/2022-09-11,-446.4485118850007
DII_IDX_NET_Z,1.0,H10_30,stress,2022-09-12/2022-09-18,130.41928230499838
DII_IDX_NET_Z,1.0,H10_30,stress,2022-09-19/2022-09-25,393.1772866799993
DII_IDX_NET_Z,1.0,H10_30,stress,2022-10-03/2022-10-09,-1169.2243469000014
DII_IDX_NET_Z,1.0,H10_30,stress,2022-10-10/2022-10-16,1292.726954194999
DII_IDX_NET_Z,1.0,H10_30,stress,2022-10-17/2022-10-23,-4075.7734179700037
DII_IDX_NET_Z,1.0,H10_30,stress,2022-10-24/2022-10-30,-410.4532433300002
DII_IDX_NET_Z,1.0,H10_30,stress,2022-10-31/2022-11-06,-1416.3039595900004
DII_IDX_NET_Z,1.0,H10_30,stress,2022-11-07/2022-11-13,991.0324349899993
DII_IDX_NET_Z,1.0,H10_30,stress,2022-11-14/2022-11-20,15.75125154999975
DII_IDX_NET_Z,1.0,H10_30,stress,2022-11-21/2022-11-27,-3192.7436876950005
DII_IDX_NET_Z,1.0,H10_30,stress,2022-11-28/2022-12-04,-1418.7180051650002
DII_IDX_NET_Z,1.0,H10_30,stress,2022-12-26/2023-01-01,24.78555954000008
DII_IDX_NET_Z,1.0,H10_30,stress,2023-01-02/2023-01-08,-3642.2887748600006
DII_IDX_NET_Z,1.0,H10_30,stress,2023-01-09/2023-01-15,-824.9660781350012
DII_IDX_NET_Z,1.0,H10_30,stress,2023-01-16/2023-01-22,1028.657525024999
DII_IDX_NET_Z,1.0,H10_30,stress,2023-01-23/2023-01-29,-1054.9744125949974
DII_IDX_NET_Z,1.0,H10_30,stress,2023-01-30/2023-02-05,-3645.130302005002
DII_IDX_NET_Z,1.0,H10_30,stress,2023-02-06/2023-02-12,-1738.675768775001
DII_IDX_NET_Z,1.0,H10_30,stress,2023-02-13/2023-02-19,-1495.2134628750005
DII_IDX_NET_Z,1.0,H10_30,stress,2023-02-20/2023-02-26,2708.9055307649983
DII_IDX_NET_Z,1.0,H10_30,stress,2023-02-27/2023-03-05,-2217.5041394350005
DII_IDX_NET_Z,1.0,H10_30,stress,2023-03-06/2023-03-12,298.8500424749998
DII_IDX_NET_Z,1.0,H10_30,stress,2023-03-13/2023-03-19,-3880.5479492500017
DII_IDX_NET_Z,1.0,H10_30,stress,2023-03-20/2023-03-26,1349.0009554649976
DII_IDX_NET_Z,1.0,H10_30,stress,2023-03-27/2023-04-02,-1325.7163851950008
DII_IDX_NET_Z,1.0,H10_30,stress,2023-04-03/2023-04-09,851.8756371549996
DII_IDX_NET_Z,1.0,H10_30,stress,2023-05-01/2023-05-07,-745.32899581
DII_IDX_NET_Z,1.0,H10_30,stress,2023-05-08/2023-05-14,-1645.7709952200003
DII_IDX_NET_Z,1.0,H10_30,stress,2023-05-15/2023-05-21,-1203.5229308949997
DII_IDX_NET_Z,1.0,H10_30,stress,2023-05-22/2023-05-28,-2037.4752476850012
DII_IDX_NET_Z,1.0,H10_30,stress,2023-05-29/2023-06-04,-244.22689181500107
DII_IDX_NET_Z,1.0,H10_30,stress,2023-06-05/2023-06-11,-581.6704363900003
DII_IDX_NET_Z,1.0,H10_30,stress,2023-06-26/2023-07-02,-225.94171944500042
DII_IDX_NET_Z,1.0,H10_30,stress,2023-07-03/2023-07-09,-881.034369155
DII_IDX_NET_Z,1.0,H10_30,stress,2023-07-10/2023-07-16,-1206.5425931000009
DII_IDX_NET_Z,1.0,H10_30,stress,2023-07-17/2023-07-23,-2102.2000492200013
DII_IDX_NET_Z,1.0,H10_30,stress,2023-07-24/2023-07-30,-1872.617022145001
DII_IDX_NET_Z,1.0,H10_30,stress,2023-07-31/2023-08-06,-905.756564475
DII_IDX_NET_Z,1.0,H10_30,stress,2023-08-07/2023-08-13,641.2906845699982
DII_IDX_NET_Z,1.0,H10_30,stress,2023-08-14/2023-08-20,-1889.2811011150006
DII_IDX_NET_Z,1.0,H10_30,stress,2023-08-21/2023-08-27,313.20717258499894
DII_IDX_NET_Z,1.0,H10_30,stress,2023-10-02/2023-10-08,-675.61060207
DII_IDX_NET_Z,1.0,H10_30,stress,2023-10-09/2023-10-15,-1784.4601791600005
DII_IDX_NET_Z,1.0,H10_30,stress,2023-10-16/2023-10-22,699.5738154849985
DII_IDX_NET_Z,1.0,H10_30,stress,2023-10-23/2023-10-29,-4948.0028218900015
DII_IDX_NET_Z,1.0,H10_30,stress,2023-10-30/2023-11-05,-3200.6221532200016
DII_IDX_NET_Z,1.0,H10_30,stress,2023-11-06/2023-11-12,-1925.5055379399992
DII_IDX_NET_Z,1.0,H10_30,stress,2023-11-13/2023-11-19,-848.2763445700014
DII_IDX_NET_Z,1.0,H10_30,stress,2023-11-20/2023-11-26,-3299.7642937650016
DII_IDX_NET_Z,1.0,H10_30,stress,2023-11-27/2023-12-03,-2307.2136918999995
DII_IDX_NET_Z,1.0,H10_30,stress,2023-12-04/2023-12-10,-856.1971101500013
DII_IDX_NET_Z,1.0,H10_30,stress,2023-12-11/2023-12-17,321.96471906999875
DII_IDX_NET_Z,1.0,H10_30,stress,2023-12-18/2023-12-24,-43.842044825003086
DII_IDX_NET_Z,1.0,H10_30,stress,2024-01-01/2024-01-07,-1988.2547960950005
DII_IDX_NET_Z,1.0,H10_30,stress,2024-01-08/2024-01-14,-2673.2568156350017
DII_IDX_NET_Z,1.0,H10_30,stress,2024-01-15/2024-01-21,-2220.727433940001
DII_IDX_NET_Z,1.0,H10_30,stress,2024-01-22/2024-01-28,-1569.2333272350013
DII_IDX_NET_Z,1.0,H10_30,stress,2024-01-29/2024-02-04,-4404.070993495002
DII_IDX_NET_Z,1.0,H10_30,stress,2024-02-05/2024-02-11,-973.4532088550018
DII_IDX_NET_Z,1.0,H10_30,stress,2024-03-18/2024-03-24,672.1295948550005
DII_IDX_NET_Z,1.0,H10_30,stress,2024-03-25/2024-03-31,894.4702287749976
DII_IDX_NET_Z,1.0,H10_30,stress,2024-04-22/2024-04-28,-1410.8481701050007
DII_IDX_NET_Z,1.0,H10_30,stress,2024-04-29/2024-05-05,-853.2439035650002
DII_IDX_NET_Z,1.0,H10_30,stress,2024-05-06/2024-05-12,695.7501961499997
DII_IDX_NET_Z,1.0,H10_30,stress,2024-05-27/2024-06-02,-1612.6804144974983
DII_IDX_NET_Z,1.0,H10_30,stress,2024-06-03/2024-06-09,651.0810304725013
DII_IDX_NET_Z,1.0,H10_30,stress,2024-06-10/2024-06-16,174.83005063749977
DII_IDX_NET_Z,1.0,H10_30,stress,2024-06-24/2024-06-30,-3127.568246337502
DII_IDX_NET_Z,1.0,H10_30,stress,2024-07-01/2024-07-07,-1445.6857420050014
DII_IDX_NET_Z,1.0,H10_30,stress,2024-07-08/2024-07-14,2073.6964623574986
DII_IDX_NET_Z,1.0,H10_30,stress,2024-07-15/2024-07-21,-1961.3127144475004
DII_IDX_NET_Z,1.0,H10_30,stress,2024-07-22/2024-07-28,-1886.5258298125004
DII_IDX_NET_Z,1.0,H10_30,stress,2024-07-29/2024-08-04,-1201.5911623625018
DII_IDX_NET_Z,1.0,H10_30,stress,2024-08-05/2024-08-11,-685.2643799200016
DII_IDX_NET_Z,1.0,H10_30,stress,2024-08-12/2024-08-18,-57.97362758000179
DII_IDX_NET_Z,1.0,H10_30,stress,2024-08-19/2024-08-25,197.77455776249994
DII_IDX_NET_Z,1.0,H10_30,stress,2024-09-02/2024-09-08,-160.32257387250053
DII_IDX_NET_Z,1.0,H10_30,stress,2024-09-16/2024-09-22,-300.6715368075006
DII_IDX_NET_Z,1.0,H10_30,stress,2024-09-23/2024-09-29,-83.02405873000103
DII_IDX_NET_Z,1.0,H10_30,stress,2024-09-30/2024-10-06,-1271.6006041175006
DII_IDX_NET_Z,1.0,H10_30,stress,2024-10-21/2024-10-27,-1620.3041265799989
DII_IDX_NET_Z,1.0,H10_30,stress,2024-10-28/2024-11-03,104.35991260999913
DII_IDX_NET_Z,1.0,H10_30,stress,2024-11-04/2024-11-10,-3713.5863431900007
DII_IDX_NET_Z,1.0,H10_30,stress,2024-11-11/2024-11-17,-612.803706155001
DII_IDX_NET_Z,1.0,H10_30,stress,2024-11-18/2024-11-24,-2574.613815680004
DII_IDX_NET_Z,1.0,H10_30,stress,2024-11-25/2024-12-01,-2811.3092139175046
DII_IDX_NET_Z,1.0,H10_30,stress,2024-12-02/2024-12-08,994.6608356524964
DII_IDX_NET_Z,1.0,H10_30,stress,2024-12-09/2024-12-15,-4237.222561427503
DII_IDX_NET_Z,1.0,H10_30,stress,2024-12-16/2024-12-22,-5560.1855934699915
DII_IDX_NET_Z,1.0,H10_30,stress,2024-12-23/2024-12-29,2708.0177769874995
DII_IDX_NET_Z,1.0,H10_30,stress,2024-12-30/2025-01-05,-484.4530638250037
DII_IDX_NET_Z,1.0,H10_30,stress,2025-01-06/2025-01-12,-2421.758504532501
DII_IDX_NET_Z,1.0,H10_30,stress,2025-01-13/2025-01-19,-2267.3854483325026
DII_IDX_NET_Z,1.0,H10_30,stress,2025-01-20/2025-01-26,-3231.0308219874983
DII_IDX_NET_Z,1.0,H10_30,stress,2025-01-27/2025-02-02,1039.6840512900023
DII_IDX_NET_Z,1.0,H10_30,stress,2025-02-03/2025-02-09,-178.52697420250138
DII_IDX_NET_Z,1.0,H10_30,stress,2025-02-10/2025-02-16,-154.801315412498
DII_IDX_NET_Z,1.0,H10_30,stress,2025-02-17/2025-02-23,1094.0436577249964
DII_IDX_NET_Z,1.0,H10_30,stress,2025-02-24/2025-03-02,-3970.5864857450006
DII_IDX_NET_Z,1.0,H10_30,stress,2025-03-03/2025-03-09,-511.9646365450012
DII_IDX_NET_Z,1.0,H10_30,stress,2025-03-10/2025-03-16,4349.125985552497
DII_IDX_NET_Z,1.0,H10_30,stress,2025-03-17/2025-03-23,1952.1535529524972
DII_IDX_NET_Z,1.0,H10_30,stress,2025-03-24/2025-03-30,4259.559252507493
DII_IDX_NET_Z,1.0,H10_30,stress,2025-03-31/2025-04-06,-5495.941380575003
DII_IDX_NET_Z,1.0,H10_30,stress,2025-04-07/2025-04-13,-6865.9232826874995
DII_IDX_NET_Z,1.0,H10_30,stress,2025-04-14/2025-04-20,-582.5445731400001
DII_IDX_NET_Z,1.0,H10_30,stress,2025-04-21/2025-04-27,1284.0648299874986
DII_IDX_NET_Z,1.0,H10_30,stress,2025-05-12/2025-05-18,639.9885809349986
DII_IDX_NET_Z,1.0,H10_30,stress,2025-05-19/2025-05-25,-7795.9391425825015
DII_IDX_NET_Z,1.0,H10_30,stress,2025-05-26/2025-06-01,2337.869973317499
DII_IDX_NET_Z,1.0,H10_30,stress,2025-08-04/2025-08-10,-1309.1134722875015
DII_IDX_NET_Z,1.0,H10_30,stress,2025-08-11/2025-08-17,743.787738855001
DII_IDX_NET_Z,1.0,H10_30,stress,2025-08-25/2025-08-31,-1625.8137487425006
DII_IDX_NET_Z,1.0,H10_30,stress,2025-09-29/2025-10-05,306.4363728924998
DII_IDX_NET_Z,1.0,H10_30,stress,2025-10-06/2025-10-12,2469.254775607499
DII_IDX_NET_Z,1.0,H10_30,stress,2025-10-13/2025-10-19,-3877.41568492
DII_IDX_NET_Z,1.0,H10_30,stress,2025-10-20/2025-10-26,596.3558967175005
DII_IDX_NET_Z,1.0,H10_30,stress,2025-10-27/2025-11-02,-892.807911350001
DII_IDX_NET_Z,1.0,H10_30,stress,2025-11-10/2025-11-16,-1401.1082933800021
DII_IDX_NET_Z,1.0,H10_30,stress,2025-11-17/2025-11-23,-4532.7806294050015
DII_IDX_NET_Z,1.0,H10_30,stress,2025-11-24/2025-11-30,-181.7629404575017
DII_IDX_NET_Z,1.0,H10_30,stress,2025-12-01/2025-12-07,-1912.3098284850012
DII_IDX_NET_Z,1.0,H10_30,stress,2026-01-19/2026-01-25,-2514.631670649498
DII_IDX_NET_Z,1.0,H10_30,stress,2026-01-26/2026-02-01,-235.5913195569976
DII_IDX_NET_Z,1.0,H10_30,stress,2026-02-02/2026-02-08,-4783.915440625003
DII_IDX_NET_Z,1.0,H10_30,stress,2026-02-09/2026-02-15,-499.1707184125023
DII_IDX_NET_Z,1.0,H10_30,stress,2026-02-16/2026-02-22,1038.7723439385034
DII_IDX_NET_Z,1.0,H10_30,stress,2026-03-09/2026-03-15,-1431.3517204513569
DII_IDX_NET_Z,1.0,H10_30,stress,2026-03-16/2026-03-22,-2210.395124852416
DII_IDX_NET_Z,1.0,H10_30,stress,2026-03-23/2026-03-29,-2549.2872794077043
DII_IDX_NET_Z,1.0,H10_30,stress,2026-03-30/2026-04-05,-1942.4812419777718
DII_IDX_NET_Z,1.0,H10_30,stress,2026-04-06/2026-04-12,-940.3056759081946
DII_IDX_NET_Z,1.0,H10_30,stress,2026-04-27/2026-05-03,-1855.6286689676654
DII_IDX_NET_Z,1.0,H10_30,stress,2026-05-04/2026-05-10,203.9176596662076
DII_IDX_NET_Z,1.0,H10_30,stress,2026-05-11/2026-05-17,-624.2741852134116
DII_IDX_NET_Z,1.0,H10_30,stress,2026-05-18/2026-05-24,-1541.5265466779524
DII_IDX_NET_Z,1.0,H10_30,stress,2026-05-25/2026-05-31,-1097.878985525965
DII_IDX_NET_Z,1.0,H10_30,stress,2026-06-15/2026-06-21,-206.22078423240407
DII_IDX_NET_Z,1.0,H10_30,stress,2026-06-22/2026-06-28,765.6760834584278
DII_IDX_NET_Z,1.0,H10_30,stress,2026-06-29/2026-07-05,-115.71993796783943
DII_IDX_NET_Z,1.0,H15_10,stress,2021-11-01/2021-11-07,1124.8923085549986
DII_IDX_NET_Z,1.0,H15_10,stress,2021-11-08/2021-11-14,-7913.788190380002
DII_IDX_NET_Z,1.0,H15_10,stress,2021-11-15/2021-11-21,-8472.896649495
DII_IDX_NET_Z,1.0,H15_10,stress,2021-11-22/2021-11-28,-8810.849242840002
DII_IDX_NET_Z,1.0,H15_10,stress,2021-11-29/2021-12-05,-6266.313384370002
DII_IDX_NET_Z,1.0,H15_10,stress,2021-12-06/2021-12-12,-1802.0215356150015
DII_IDX_NET_Z,1.0,H15_10,stress,2021-12-13/2021-12-19,-11523.913662855002
DII_IDX_NET_Z,1.0,H15_10,stress,2021-12-20/2021-12-26,-2010.5820153800012
DII_IDX_NET_Z,1.0,H15_10,stress,2021-12-27/2022-01-02,1565.8961206149995
DII_IDX_NET_Z,1.0,H15_10,stress,2022-01-03/2022-01-09,-343.895258735002
DII_IDX_NET_Z,1.0,H15_10,stress,2022-01-10/2022-01-16,2225.616242719998
DII_IDX_NET_Z,1.0,H15_10,stress,2022-01-17/2022-01-23,-12289.409757520001
DII_IDX_NET_Z,1.0,H15_10,stress,2022-01-24/2022-01-30,-3333.594864634998
DII_IDX_NET_Z,1.0,H15_10,stress,2022-01-31/2022-02-06,-7055.533181340006
DII_IDX_NET_Z,1.0,H15_10,stress,2022-02-07/2022-02-13,-2654.102424905001
DII_IDX_NET_Z,1.0,H15_10,stress,2022-02-14/2022-02-20,-2420.5808202600037
DII_IDX_NET_Z,1.0,H15_10,stress,2022-02-21/2022-02-27,-698.1877365050009
DII_IDX_NET_Z,1.0,H15_10,stress,2022-02-28/2022-03-06,-4236.389560770001
DII_IDX_NET_Z,1.0,H15_10,stress,2022-03-07/2022-03-13,3119.985932369999
DII_IDX_NET_Z,1.0,H15_10,stress,2022-03-14/2022-03-20,-1470.5570766800017
DII_IDX_NET_Z,1.0,H15_10,stress,2022-03-21/2022-03-27,141.29160841999828
DII_IDX_NET_Z,1.0,H15_10,stress,2022-04-04/2022-04-10,563.5637738700001
DII_IDX_NET_Z,1.0,H15_10,stress,2022-04-11/2022-04-17,-792.0412227450016
DII_IDX_NET_Z,1.0,H15_10,stress,2022-04-18/2022-04-24,-6203.092820990001
DII_IDX_NET_Z,1.0,H15_10,stress,2022-04-25/2022-05-01,2718.8485102749983
DII_IDX_NET_Z,1.0,H15_10,stress,2022-05-02/2022-05-08,59.21153546999972
DII_IDX_NET_Z,1.0,H15_10,stress,2022-05-09/2022-05-15,-3977.5314994200016
DII_IDX_NET_Z,1.0,H15_10,stress,2022-05-16/2022-05-22,-5851.063170505005
DII_IDX_NET_Z,1.0,H15_10,stress,2022-05-23/2022-05-29,-6372.602511930002
DII_IDX_NET_Z,1.0,H15_10,stress,2022-06-06/2022-06-12,-6130.0309517450005
DII_IDX_NET_Z,1.0,H15_10,stress,2022-06-13/2022-06-19,-9602.060818745002
DII_IDX_NET_Z,1.0,H15_10,stress,2022-06-20/2022-06-26,-887.5635765600014
DII_IDX_NET_Z,1.0,H15_10,stress,2022-06-27/2022-07-03,1093.6968574299976
DII_IDX_NET_Z,1.0,H15_10,stress,2022-07-04/2022-07-10,-2030.837703595001
DII_IDX_NET_Z,1.0,H15_10,stress,2022-07-11/2022-07-17,-2772.90792808
DII_IDX_NET_Z,1.0,H15_10,stress,2022-07-18/2022-07-24,2600.9442816699984
DII_IDX_NET_Z,1.0,H15_10,stress,2022-07-25/2022-07-31,2357.1245762049984
DII_IDX_NET_Z,1.0,H15_10,stress,2022-08-01/2022-08-07,2469.6245978099996
DII_IDX_NET_Z,1.0,H15_10,stress,2022-09-05/2022-09-11,114.3123357299996
DII_IDX_NET_Z,1.0,H15_10,stress,2022-09-12/2022-09-18,-1729.2927750100037
DII_IDX_NET_Z,1.0,H15_10,stress,2022-09-19/2022-09-25,1276.689057795
DII_IDX_NET_Z,1.0,H15_10,stress,2022-10-03/2022-10-09,-1449.4982067350015
DII_IDX_NET_Z,1.0,H15_10,stress,2022-10-10/2022-10-16,-1631.2561150500014
DII_IDX_NET_Z,1.0,H15_10,stress,2022-10-17/2022-10-23,-7177.432328195002
DII_IDX_NET_Z,1.0,H15_10,stress,2022-10-24/2022-10-30,789.843831174999
DII_IDX_NET_Z,1.0,H15_10,stress,2022-10-31/2022-11-06,-4345.3775572350005
DII_IDX_NET_Z,1.0,H15_10,stress,2022-11-07/2022-11-13,-1320.4472571650003
DII_IDX_NET_Z,1.0,H15_10,stress,2022-11-14/2022-11-20,-2879.7336220950006
DII_IDX_NET_Z,1.0,H15_10,stress,2022-11-21/2022-11-27,-6948.290171350003
DII_IDX_NET_Z,1.0,H15_10,stress,2022-11-28/2022-12-04,-1727.7124838850004
DII_IDX_NET_Z,1.0,H15_10,stress,2022-12-26/2023-01-01,491.387233725
DII_IDX_NET_Z,1.0,H15_10,stress,2023-01-02/2023-01-08,-10988.350887965
DII_IDX_NET_Z,1.0,H15_10,stress,2023-01-09/2023-01-15,-2479.0345981250016
DII_IDX_NET_Z,1.0,H15_10,stress,2023-01-16/2023-01-22,-2025.1741884900002
DII_IDX_NET_Z,1.0,H15_10,stress,2023-01-23/2023-01-29,-3969.6508518749993
DII_IDX_NET_Z,1.0,H15_10,stress,2023-01-30/2023-02-05,-1999.0416311000029
DII_IDX_NET_Z,1.0,H15_10,stress,2023-02-06/2023-02-12,-2254.551394790001
DII_IDX_NET_Z,1.0,H15_10,stress,2023-02-13/2023-02-19,-767.185566910001
DII_IDX_NET_Z,1.0,H15_10,stress,2023-02-20/2023-02-26,-6690.277514915001
DII_IDX_NET_Z,1.0,H15_10,stress,2023-02-27/2023-03-05,-4651.900805265001
DII_IDX_NET_Z,1.0,H15_10,stress,2023-03-06/2023-03-12,-4756.6708031550015
DII_IDX_NET_Z,1.0,H15_10,stress,2023-03-13/2023-03-19,-14380.389957950003
DII_IDX_NET_Z,1.0,H15_10,stress,2023-03-20/2023-03-26,-2097.825262000003
DII_IDX_NET_Z,1.0,H15_10,stress,2023-03-27/2023-04-02,-997.8663028300031
DII_IDX_NET_Z,1.0,H15_10,stress,2023-04-03/2023-04-09,575.1678699599989
DII_IDX_NET_Z,1.0,H15_10,stress,2023-05-01/2023-05-07,-727.691081705
DII_IDX_NET_Z,1.0,H15_10,stress,2023-05-08/2023-05-14,-3960.425710859999
DII_IDX_NET_Z,1.0,H15_10,stress,2023-05-15/2023-05-21,-1449.4372183850003
DII_IDX_NET_Z,1.0,H15_10,stress,2023-05-22/2023-05-28,-7164.12007802
DII_IDX_NET_Z,1.0,H15_10,stress,2023-05-29/2023-06-04,-2029.0317610450006
DII_IDX_NET_Z,1.0,H15_10,stress,2023-06-05/2023-06-11,-1537.0538022049998
DII_IDX_NET_Z,1.0,H15_10,stress,2023-06-26/2023-07-02,-1662.6499195850008
DII_IDX_NET_Z,1.0,H15_10,stress,2023-07-03/2023-07-09,-860.7652089549999
DII_IDX_NET_Z,1.0,H15_10,stress,2023-07-10/2023-07-16,-329.27994996500115
DII_IDX_NET_Z,1.0,H15_10,stress,2023-07-17/2023-07-23,-9173.71091401
DII_IDX_NET_Z,1.0,H15_10,stress,2023-07-24/2023-07-30,-1395.7931270050008
DII_IDX_NET_Z,1.0,H15_10,stress,2023-07-31/2023-08-06,-2168.9120718000013
DII_IDX_NET_Z,1.0,H15_10,stress,2023-08-07/2023-08-13,-6115.15451473
DII_IDX_NET_Z,1.0,H15_10,stress,2023-08-14/2023-08-20,-7751.383463575001
DII_IDX_NET_Z,1.0,H15_10,stress,2023-08-21/2023-08-27,-2600.5012215850006
DII_IDX_NET_Z,1.0,H15_10,stress,2023-10-02/2023-10-08,-1144.90394206
DII_IDX_NET_Z,1.0,H15_10,stress,2023-10-09/2023-10-15,-359.86248374500053
DII_IDX_NET_Z,1.0,H15_10,stress,2023-10-16/2023-10-22,-4442.356543060001
DII_IDX_NET_Z,1.0,H15_10,stress,2023-10-23/2023-10-29,-13309.553983239999
DII_IDX_NET_Z,1.0,H15_10,stress,2023-10-30/2023-11-05,-4614.815703675001
DII_IDX_NET_Z,1.0,H15_10,stress,2023-11-06/2023-11-12,-1542.0307919000006
DII_IDX_NET_Z,1.0,H15_10,stress,2023-11-13/2023-11-19,61.338077469998126
DII_IDX_NET_Z,1.0,H15_10,stress,2023-11-20/2023-11-26,-6026.251856070003
DII_IDX_NET_Z,1.0,H15_10,stress,2023-11-27/2023-12-03,2869.759446479999
DII_IDX_NET_Z,1.0,H15_10,stress,2023-12-04/2023-12-10,914.6136182549998
DII_IDX_NET_Z,1.0,H15_10,stress,2023-12-11/2023-12-17,700.4140040899993
DII_IDX_NET_Z,1.0,H15_10,stress,2023-12-18/2023-12-24,196.5893153599991
DII_IDX_NET_Z,1.0,H15_10,stress,2024-01-01/2024-01-07,-1908.061212595001
DII_IDX_NET_Z,1.0,H15_10,stress,2024-01-08/2024-01-14,-2405.7401515300007
DII_IDX_NET_Z,1.0,H15_10,stress,2024-01-15/2024-01-21,-1636.6385943900013
DII_IDX_NET_Z,1.0,H15_10,stress,2024-01-22/2024-01-28,-1297.7973475699991
DII_IDX_NET_Z,1.0,H15_10,stress,2024-01-29/2024-02-04,-4820.098033125005
DII_IDX_NET_Z,1.0,H15_10,stress,2024-02-05/2024-02-11,-2296.1161789300027
DII_IDX_NET_Z,1.0,H15_10,stress,2024-03-18/2024-03-24,-210.9120967150011
DII_IDX_NET_Z,1.0,H15_10,stress,2024-03-25/2024-03-31,-1790.6470802000013
DII_IDX_NET_Z,1.0,H15_10,stress,2024-04-22/2024-04-28,-394.42029251999975
DII_IDX_NET_Z,1.0,H15_10,stress,2024-04-29/2024-05-05,-42.76929823500063
DII_IDX_NET_Z,1.0,H15_10,stress,2024-05-06/2024-05-12,1308.3973185725
DII_IDX_NET_Z,1.0,H15_10,stress,2024-05-27/2024-06-02,-2976.9493393224984
DII_IDX_NET_Z,1.0,H15_10,stress,2024-06-03/2024-06-09,1378.866908705001
DII_IDX_NET_Z,1.0,H15_10,stress,2024-06-10/2024-06-16,-1554.6393077700018
DII_IDX_NET_Z,1.0,H15_10,stress,2024-06-24/2024-06-30,-6837.132990710002
DII_IDX_NET_Z,1.0,H15_10,stress,2024-07-01/2024-07-07,-2629.454036575001
DII_IDX_NET_Z,1.0,H15_10,stress,2024-07-08/2024-07-14,-1547.6063401675005
DII_IDX_NET_Z,1.0,H15_10,stress,2024-07-15/2024-07-21,-4864.834406835001
DII_IDX_NET_Z,1.0,H15_10,stress,2024-07-22/2024-07-28,-6348.717935495
DII_IDX_NET_Z,1.0,H15_10,stress,2024-07-29/2024-08-04,-892.9894117575011
DII_IDX_NET_Z,1.0,H15_10,stress,2024-08-05/2024-08-11,-477.6316366075015
DII_IDX_NET_Z,1.0,H15_10,stress,2024-08-12/2024-08-18,-2154.203045292501
DII_IDX_NET_Z,1.0,H15_10,stress,2024-08-19/2024-08-25,105.91896969250001
DII_IDX_NET_Z,1.0,H15_10,stress,2024-09-02/2024-09-08,-256.2900233700006
DII_IDX_NET_Z,1.0,H15_10,stress,2024-09-16/2024-09-22,-2024.393383157501
DII_IDX_NET_Z,1.0,H15_10,stress,2024-09-23/2024-09-29,-272.4933687900011
DII_IDX_NET_Z,1.0,H15_10,stress,2024-09-30/2024-10-06,-2900.032566705
DII_IDX_NET_Z,1.0,H15_10,stress,2024-10-21/2024-10-27,-2862.1742929349994
DII_IDX_NET_Z,1.0,H15_10,stress,2024-10-28/2024-11-03,-1318.4550689225
DII_IDX_NET_Z,1.0,H15_10,stress,2024-11-04/2024-11-10,-2949.1592093974996
DII_IDX_NET_Z,1.0,H15_10,stress,2024-11-11/2024-11-17,-6361.688456247501
DII_IDX_NET_Z,1.0,H15_10,stress,2024-11-18/2024-11-24,-4908.472377777504
DII_IDX_NET_Z,1.0,H15_10,stress,2024-11-25/2024-12-01,-14934.460129570003
DII_IDX_NET_Z,1.0,H15_10,stress,2024-12-02/2024-12-08,11226.542321307494
DII_IDX_NET_Z,1.0,H15_10,stress,2024-12-09/2024-12-15,-6864.046779272505
DII_IDX_NET_Z,1.0,H15_10,stress,2024-12-16/2024-12-22,-16662.792454877497
DII_IDX_NET_Z,1.0,H15_10,stress,2024-12-23/2024-12-29,-2430.7870234825014
DII_IDX_NET_Z,1.0,H15_10,stress,2024-12-30/2025-01-05,1164.0495356749916
DII_IDX_NET_Z,1.0,H15_10,stress,2025-01-06/2025-01-12,-12584.135063285
DII_IDX_NET_Z,1.0,H15_10,stress,2025-01-13/2025-01-19,-5541.157603422503
DII_IDX_NET_Z,1.0,H15_10,stress,2025-01-20/2025-01-26,-8357.8725198775
DII_IDX_NET_Z,1.0,H15_10,stress,2025-01-27/2025-02-02,-2794.8970935300035
DII_IDX_NET_Z,1.0,H15_10,stress,2025-02-03/2025-02-09,2823.2059982074984
DII_IDX_NET_Z,1.0,H15_10,stress,2025-02-10/2025-02-16,-12135.489468295
DII_IDX_NET_Z,1.0,H15_10,stress,2025-02-17/2025-02-23,-407.0304825025037
DII_IDX_NET_Z,1.0,H15_10,stress,2025-02-24/2025-03-02,-7711.5960517250005
DII_IDX_NET_Z,1.0,H15_10,stress,2025-03-03/2025-03-09,1044.4264205974985
DII_IDX_NET_Z,1.0,H15_10,stress,2025-03-10/2025-03-16,-5947.3734116825035
DII_IDX_NET_Z,1.0,H15_10,stress,2025-03-17/2025-03-23,5315.295454309998
DII_IDX_NET_Z,1.0,H15_10,stress,2025-03-24/2025-03-30,-6286.142661970002
DII_IDX_NET_Z,1.0,H15_10,stress,2025-03-31/2025-04-06,-12132.689118215003
DII_IDX_NET_Z,1.0,H15_10,stress,2025-04-07/2025-04-13,-3329.9487384724966
DII_IDX_NET_Z,1.0,H15_10,stress,2025-04-14/2025-04-20,36.682655917499375
DII_IDX_NET_Z,1.0,H15_10,stress,2025-04-21/2025-04-27,-251.70052611500114
DII_IDX_NET_Z,1.0,H15_10,stress,2025-05-12/2025-05-18,249.06129282249873
DII_IDX_NET_Z,1.0,H15_10,stress,2025-05-19/2025-05-25,-7122.786305672501
DII_IDX_NET_Z,1.0,H15_10,stress,2025-05-26/2025-06-01,-3609.673530965002
DII_IDX_NET_Z,1.0,H15_10,stress,2025-08-04/2025-08-10,-2852.033587145001
DII_IDX_NET_Z,1.0,H15_10,stress,2025-08-11/2025-08-17,-1015.4323622174993
DII_IDX_NET_Z,1.0,H15_10,stress,2025-08-25/2025-08-31,-1511.695150042501
DII_IDX_NET_Z,1.0,H15_10,stress,2025-09-29/2025-10-05,-2743.6708947650027
DII_IDX_NET_Z,1.0,H15_10,stress,2025-10-06/2025-10-12,2164.77717048
DII_IDX_NET_Z,1.0,H15_10,stress,2025-10-13/2025-10-19,-8242.4687926
DII_IDX_NET_Z,1.0,H15_10,stress,2025-10-20/2025-10-26,1297.1019600999996
DII_IDX_NET_Z,1.0,H15_10,stress,2025-10-27/2025-11-02,-1012.0525608500004
DII_IDX_NET_Z,1.0,H15_10,stress,2025-11-10/2025-11-16,49.1495302249981
DII_IDX_NET_Z,1.0,H15_10,stress,2025-11-17/2025-11-23,-3064.489507307505
DII_IDX_NET_Z,1.0,H15_10,stress,2025-11-24/2025-11-30,-4705.718617010001
DII_IDX_NET_Z,1.0,H15_10,stress,2025-12-01/2025-12-07,-6764.140487940001
DII_IDX_NET_Z,1.0,H15_10,stress,2026-01-19/2026-01-25,-6991.942719138998
DII_IDX_NET_Z,1.0,H15_10,stress,2026-01-26/2026-02-01,-4635.972519141502
DII_IDX_NET_Z,1.0,H15_10,stress,2026-02-02/2026-02-08,-3263.580621973003
DII_IDX_NET_Z,1.0,H15_10,stress,2026-02-09/2026-02-15,-6112.443509454002
DII_IDX_NET_Z,1.0,H15_10,stress,2026-02-16/2026-02-22,-73.21226467299948
DII_IDX_NET_Z,1.0,H15_10,stress,2026-03-09/2026-03-15,-3509.30325228572
DII_IDX_NET_Z,1.0,H15_10,stress,2026-03-16/2026-03-22,-2459.8869225483413
DII_IDX_NET_Z,1.0,H15_10,stress,2026-03-23/2026-03-29,-5012.842084417709
DII_IDX_NET_Z,1.0,H15_10,stress,2026-03-30/2026-04-05,-7241.646194574481
DII_IDX_NET_Z,1.0,H15_10,stress,2026-04-06/2026-04-12,2772.1869680186255
DII_IDX_NET_Z,1.0,H15_10,stress,2026-04-27/2026-05-03,-2931.8548034860764
DII_IDX_NET_Z,1.0,H15_10,stress,2026-05-04/2026-05-10,-4383.973539222649
DII_IDX_NET_Z,1.0,H15_10,stress,2026-05-11/2026-05-17,1346.7680721772213
DII_IDX_NET_Z,1.0,H15_10,stress,2026-05-18/2026-05-24,-5353.681355696098
DII_IDX_NET_Z,1.0,H15_10,stress,2026-05-25/2026-05-31,-489.13881915851476
DII_IDX_NET_Z,1.0,H15_10,stress,2026-06-08/2026-06-14,1288.9080610046785
DII_IDX_NET_Z,1.0,H15_10,stress,2026-06-15/2026-06-21,813.6818279854352
DII_IDX_NET_Z,1.0,H15_10,stress,2026-06-22/2026-06-28,-2067.423434810247
DII_IDX_NET_Z,1.0,H15_10,stress,2026-06-29/2026-07-05,-1221.7561465740669
FII_DII_DIVERGENCE_Z,0.5,H10_30,stress,2021-09-27/2021-10-03,-1615.1835236850006
FII_DII_DIVERGENCE_Z,0.5,H10_30,stress,2021-10-04/2021-10-10,-3431.910210310002
FII_DII_DIVERGENCE_Z,0.5,H10_30,stress,2021-10-11/2021-10-17,-2515.5227135500018
FII_DII_DIVERGENCE_Z,0.5,H10_30,stress,2021-10-18/2021-10-24,-2929.335744810001
FII_DII_DIVERGENCE_Z,0.5,H10_30,stress,2021-10-25/2021-10-31,-80.82708615000044
FII_DII_DIVERGENCE_Z,0.5,H10_30,stress,2021-11-01/2021-11-07,-541.382122300002
FII_DII_DIVERGENCE_Z,0.5,H10_30,stress,2021-11-08/2021-11-14,1347.7824201099984
FII_DII_DIVERGENCE_Z,0.5,H10_30,stress,2021-11-15/2021-11-21,774.2902552499982
FII_DII_DIVERGENCE_Z,0.5,H10_30,stress,2021-11-22/2021-11-28,-2618.167950850003
FII_DII_DIVERGENCE_Z,0.5,H10_30,stress,2021-11-29/2021-12-05,-2832.1177331900017
FII_DII_DIVERGENCE_Z,0.5,H10_30,stress,2021-12-06/2021-12-12,-2459.48421985
FII_DII_DIVERGENCE_Z,0.5,H10_30,stress,2021-12-13/2021-12-19,1932.0764091049987
FII_DII_DIVERGENCE_Z,0.5,H10_30,stress,2021-12-20/2021-12-26,-861.5624197200004
FII_DII_DIVERGENCE_Z,0.5,H10_30,stress,2022-01-03/2022-01-09,-579.7041883499993
FII_DII_DIVERGENCE_Z,0.5,H10_30,stress,2022-01-10/2022-01-16,-224.6346780550001
FII_DII_DIVERGENCE_Z,0.5,H10_30,stress,2022-01-17/2022-01-23,190.84592468499955
FII_DII_DIVERGENCE_Z,0.5,H10_30,stress,2022-01-24/2022-01-30,-1105.678323185001
FII_DII_DIVERGENCE_Z,0.5,H10_30,stress,2022-01-31/2022-02-06,-1820.74433209
FII_DII_DIVERGENCE_Z,0.5,H10_30,stress,2022-02-07/2022-02-13,-818.0775598650017
FII_DII_DIVERGENCE_Z,0.5,H10_30,stress,2022-02-14/2022-02-20,1935.862291350002
FII_DII_DIVERGENCE_Z,0.5,H10_30,stress,2022-02-21/2022-02-27,-381.58075557
FII_DII_DIVERGENCE_Z,0.5,H10_30,stress,2022-02-28/2022-03-06,448.35132667000096
FII_DII_DIVERGENCE_Z,0.5,H10_30,stress,2022-03-07/2022-03-13,-2361.1284388549993
FII_DII_DIVERGENCE_Z,0.5,H10_30,stress,2022-03-14/2022-03-20,-1544.0068781
FII_DII_DIVERGENCE_Z,0.5,H10_30,stress,2022-03-28/2022-04-03,1246.8027260099998
FII_DII_DIVERGENCE_Z,0.5,H10_30,stress,2022-04-04/2022-04-10,-1926.083165860003
FII_DII_DIVERGENCE_Z,0.5,H10_30,stress,2022-04-11/2022-04-17,-1397.9143629150008
FII_DII_DIVERGENCE_Z,0.5,H10_30,stress,2022-04-25/2022-05-01,505.2356963099978
FII_DII_DIVERGENCE_Z,0.5,H10_30,stress,2022-05-02/2022-05-08,-1068.9657129800019
FII_DII_DIVERGENCE_Z,0.5,H10_30,stress,2022-05-09/2022-05-15,959.2684638899966
FII_DII_DIVERGENCE_Z,0.5,H10_30,stress,2022-05-16/2022-05-22,-2138.691552980001
FII_DII_DIVERGENCE_Z,0.5,H10_30,stress,2022-05-23/2022-05-29,2250.735401289997
FII_DII_DIVERGENCE_Z,0.5,H10_30,stress,2022-05-30/2022-06-05,849.6702721599991
FII_DII_DIVERGENCE_Z,0.5,H10_30,stress,2022-06-06/2022-06-12,-2132.979967160002
FII_DII_DIVERGENCE_Z,0.5,H10_30,stress,2022-06-13/2022-06-19,-2739.1541468500036
FII_DII_DIVERGENCE_Z,0.5,H10_30,stress,2022-06-20/2022-06-26,-4722.399323325005
FII_DII_DIVERGENCE_Z,0.5,H10_30,stress,2022-06-27/2022-07-03,-660.1895031200041
FII_DII_DIVERGENCE_Z,0.5,H10_30,stress,2022-07-04/2022-07-10,-1250.2970817750024
FII_DII_DIVERGENCE_Z,0.5,H10_30,stress,2022-07-11/2022-07-17,-1140.315251495003
FII_DII_DIVERGENCE_Z,0.5,H10_30,stress,2022-07-18/2022-07-24,-2302.1888893000005
FII_DII_DIVERGENCE_Z,0.5,H10_30,stress,2022-07-25/2022-07-31,-593.5858301350003
FII_DII_DIVERGENCE_Z,0.5,H10_30,stress,2022-08-01/2022-08-07,-3061.267687595003
FII_DII_DIVERGENCE_Z,0.5,H10_30,stress,2022-08-08/2022-08-14,980.5984158399986
FII_DII_DIVERGENCE_Z,0.5,H10_30,stress,2022-08-15/2022-08-21,-79.40669345000231
FII_DII_DIVERGENCE_Z,0.5,H10_30,stress,2022-08-22/2022-08-28,-1681.259280045002
FII_DII_DIVERGENCE_Z,0.5,H10_30,stress,2022-08-29/2022-09-04,2677.09097028
FII_DII_DIVERGENCE_Z,0.5,H10_30,stress,2022-09-05/2022-09-11,-158.00564866000263
FII_DII_DIVERGENCE_Z,0.5,H10_30,stress,2022-09-19/2022-09-25,-433.3420760300006
FII_DII_DIVERGENCE_Z,0.5,H10_30,stress,2022-09-26/2022-10-02,460.00362336500075
FII_DII_DIVERGENCE_Z,0.5,H10_30,stress,2022-10-03/2022-10-09,-1017.6582701650011
FII_DII_DIVERGENCE_Z,0.5,H10_30,stress,2022-10-10/2022-10-16,-392.0455205450002
FII_DII_DIVERGENCE_Z,0.5,H10_30,stress,2022-10-17/2022-10-23,-90.36449269000008
FII_DII_DIVERGENCE_Z,0.5,H10_30,stress,2022-10-24/2022-10-30,-2120.069398320001
FII_DII_DIVERGENCE_Z,0.5,H10_30,stress,2022-10-31/2022-11-06,-184.07804415000282
FII_DII_DIVERGENCE_Z,0.5,H10_30,stress,2022-11-07/2022-11-13,-3377.5087425700012
FII_DII_DIVERGENCE_Z,0.5,H10_30,stress,2022-11-14/2022-11-20,-2088.9276269950014
FII_DII_DIVERGENCE_Z,0.5,H10_30,stress,2022-11-21/2022-11-27,-76.0137069550021
FII_DII_DIVERGENCE_Z,0.5,H10_30,stress,2022-11-28/2022-12-04,-2075.244886515001
FII_DII_DIVERGENCE_Z,0.5,H10_30,stress,2022-12-05/2022-12-11,-660.7545371450008
FII_DII_DIVERGENCE_Z,0.5,H10_30,stress,2022-12-12/2022-12-18,1707.2836061999997
FII_DII_DIVERGENCE_Z,0.5,H10_30,stress,2022-12-26/2023-01-01,-638.556697965001
FII_DII_DIVERGENCE_Z,0.5,H10_30,stress,2023-01-02/2023-01-08,574.9726678200002
FII_DII_DIVERGENCE_Z,0.5,H10_30,stress,2023-01-09/2023-01-15,-3457.3362960400013
FII_DII_DIVERGENCE_Z,0.5,H10_30,stress,2023-01-16/2023-01-22,-4120.505272915
FII_DII_DIVERGENCE_Z,0.5,H10_30,stress,2023-01-23/2023-01-29,-1020.7717380400017
FII_DII_DIVERGENCE_Z,0.5,H10_30,stress,2023-01-30/2023-02-05,1128.2392189599968
FII_DII_DIVERGENCE_Z,0.5,H10_30,stress,2023-02-06/2023-02-12,-2148.514758555002
FII_DII_DIVERGENCE_Z,0.5,H10_30,stress,2023-02-13/2023-02-19,-1423.7900326650024
FII_DII_DIVERGENCE_Z,0.5,H10_30,stress,2023-02-20/2023-02-26,-3545.608872660001
FII_DII_DIVERGENCE_Z,0.5,H10_30,stress,2023-02-27/2023-03-05,-1614.167297335001
FII_DII_DIVERGENCE_Z,0.5,H10_30,stress,2023-03-06/2023-03-12,-3245.368138570001
FII_DII_DIVERGENCE_Z,0.5,H10_30,stress,2023-03-13/2023-03-19,-215.8156721950016
FII_DII_DIVERGENCE_Z,0.5,H10_30,stress,2023-03-20/2023-03-26,-2800.8825438950007
FII_DII_DIVERGENCE_Z,0.5,H10_30,stress,2023-03-27/2023-04-02,-562.6437147700008
FII_DII_DIVERGENCE_Z,0.5,H10_30,stress,2023-04-03/2023-04-09,-3965.9811936550004
FII_DII_DIVERGENCE_Z,0.5,H10_30,stress,2023-04-10/2023-04-16,-727.4744419900007
FII_DII_DIVERGENCE_Z,0.5,H10_30,stress,2023-04-17/2023-04-23,-219.85327174500014
FII_DII_DIVERGENCE_Z,0.5,H10_30,stress,2023-04-24/2023-04-30,245.7942041050004
FII_DII_DIVERGENCE_Z,0.5,H10_30,stress,2023-05-01/2023-05-07,-18.338284910000084
FII_DII_DIVERGENCE_Z,0.5,H10_30,stress,2023-05-08/2023-05-14,866.345551314999
FII_DII_DIVERGENCE_Z,0.5,H10_30,stress,2023-05-15/2023-05-21,-3435.0553596050004
FII_DII_DIVERGENCE_Z,0.5,H10_30,stress,2023-05-22/2023-05-28,127.0536914399987
FII_DII_DIVERGENCE_Z,0.5,H10_30,stress,2023-05-29/2023-06-04,-1572.255261240001
FII_DII_DIVERGENCE_Z,0.5,H10_30,stress,2023-06-05/2023-06-11,-1323.3033857400033
FII_DII_DIVERGENCE_Z,0.5,H10_30,stress,2023-06-12/2023-06-18,1931.019580785
FII_DII_DIVERGENCE_Z,0.5,H10_30,stress,2023-06-19/2023-06-25,-1812.6959167650011
FII_DII_DIVERGENCE_Z,0.5,H10_30,stress,2023-06-26/2023-07-02,-1247.4881076850013
FII_DII_DIVERGENCE_Z,0.5,H10_30,stress,2023-07-03/2023-07-09,-1897.5013186550013
FII_DII_DIVERGENCE_Z,0.5,H10_30,stress,2023-07-10/2023-07-16,1124.2202947949984
FII_DII_DIVERGENCE_Z,0.5,H10_30,stress,2023-07-17/2023-07-23,-1107.2404306950025
FII_DII_DIVERGENCE_Z,0.5,H10_30,stress,2023-07-24/2023-07-30,-102.60103240000149
FII_DII_DIVERGENCE_Z,0.5,H10_30,stress,2023-07-31/2023-08-06,518.4999526399995
FII_DII_DIVERGENCE_Z,0.5,H10_30,stress,2023-08-07/2023-08-13,57.24025205999976
FII_DII_DIVERGENCE_Z,0.5,H10_30,stress,2023-08-14/2023-08-20,-1889.2811011150006
FII_DII_DIVERGENCE_Z,0.5,H10_30,stress,2023-08-21/2023-08-27,1104.5949787049983
FII_DII_DIVERGENCE_Z,0.5,H10_30,stress,2023-08-28/2023-09-03,-1063.2959432800003
FII_DII_DIVERGENCE_Z,0.5,H10_30,stress,2023-09-11/2023-09-17,-4124.54875227
FII_DII_DIVERGENCE_Z,0.5,H10_30,stress,2023-09-18/2023-09-24,-3991.1649356700004
FII_DII_DIVERGENCE_Z,0.5,H10_30,stress,2023-09-25/2023-10-01,-527.3333582450015
FII_DII_DIVERGENCE_Z,0.5,H10_30,stress,2023-10-02/2023-10-08,-1585.8093905600017
FII_DII_DIVERGENCE_Z,0.5,H10_30,stress,2023-10-09/2023-10-15,-1491.3432770600004
FII_DII_DIVERGENCE_Z,0.5,H10_30,stress,2023-10-16/2023-10-22,-3719.683427810002
FII_DII_DIVERGENCE_Z,0.5,H10_30,stress,2023-10-23/2023-10-29,-188.18213706499927
FII_DII_DIVERGENCE_Z,0.5,H10_30,stress,2023-10-30/2023-11-05,-550.9021767500019
FII_DII_DIVERGENCE_Z,0.5,H10_30,stress,2023-11-06/2023-11-12,-1520.485510620001
FII_DII_DIVERGENCE_Z,0.5,H10_30,stress,2023-11-13/2023-11-19,-3048.7815803250023
FII_DII_DIVERGENCE_Z,0.5,H10_30,stress,2023-11-20/2023-11-26,-825.1745713200005
FII_DII_DIVERGENCE_Z,0.5,H10_30,stress,2023-11-27/2023-12-03,880.7808395449988
FII_DII_DIVERGENCE_Z,0.5,H10_30,stress,2023-12-04/2023-12-10,467.806944314999
FII_DII_DIVERGENCE_Z,0.5,H10_30,stress,2023-12-11/2023-12-17,-2593.4489887450004
FII_DII_DIVERGENCE_Z,0.5,H10_30,stress,2023-12-18/2023-12-24,-341.44819553499974
FII_DII_DIVERGENCE_Z,0.5,H10_30,stress,2023-12-25/2023-12-31,465.45911630999854
FII_DII_DIVERGENCE_Z,0.5,H10_30,stress,2024-01-01/2024-01-07,-3071.6114128450004
FII_DII_DIVERGENCE_Z,0.5,H10_30,stress,2024-01-08/2024-01-14,-758.8901279250003
FII_DII_DIVERGENCE_Z,0.5,H10_30,stress,2024-01-15/2024-01-21,-821.9647998500008
FII_DII_DIVERGENCE_Z,0.5,H10_30,stress,2024-01-22/2024-01-28,-3140.539399689996
FII_DII_DIVERGENCE_Z,0.5,H10_30,stress,2024-02-26/2024-03-03,-978.3008327350009
FII_DII_DIVERGENCE_Z,0.5,H10_30,stress,2024-03-04/2024-03-10,-384.5382870700022
FII_DII_DIVERGENCE_Z,0.5,H10_30,stress,2024-03-11/2024-03-17,-586.1053467800016
FII_DII_DIVERGENCE_Z,0.5,H10_30,stress,2024-03-18/2024-03-24,-2299.9836987900044
FII_DII_DIVERGENCE_Z,0.5,H10_30,stress,2024-03-25/2024-03-31,-4691.326719155001
FII_DII_DIVERGENCE_Z,0.5,H10_30,stress,2024-04-08/2024-04-14,-1953.5076599100012
FII_DII_DIVERGENCE_Z,0.5,H10_30,stress,2024-04-15/2024-04-21,-1618.167321370004
FII_DII_DIVERGENCE_Z,0.5,H10_30,stress,2024-04-22/2024-04-28,-3198.2366663750013
FII_DII_DIVERGENCE_Z,0.5,H10_30,stress,2024-04-29/2024-05-05,-108.7008285549997
FII_DII_DIVERGENCE_Z,0.5,H10_30,stress,2024-05-06/2024-05-12,-2300.874263565001
FII_DII_DIVERGENCE_Z,0.5,H10_30,stress,2024-05-13/2024-05-19,2211.092270742498
FII_DII_DIVERGENCE_Z,0.5,H10_30,stress,2024-05-20/2024-05-26,-1120.4577977900005
FII_DII_DIVERGENCE_Z,0.5,H10_30,stress,2024-05-27/2024-06-02,-885.1821622899985
FII_DII_DIVERGENCE_Z,0.5,H10_30,stress,2024-06-03/2024-06-09,-2958.2327587124946
FII_DII_DIVERGENCE_Z,0.5,H10_30,stress,2024-06-10/2024-06-16,-1036.4637467525017
FII_DII_DIVERGENCE_Z,0.5,H10_30,stress,2024-06-17/2024-06-23,-1269.358390200001
FII_DII_DIVERGENCE_Z,0.5,H10_30,stress,2024-06-24/2024-06-30,650.0834081074992
FII_DII_DIVERGENCE_Z,0.5,H10_30,stress,2024-07-01/2024-07-07,169.46303145249885
FII_DII_DIVERGENCE_Z,0.5,H10_30,stress,2024-07-08/2024-07-14,-3051.232380435001
FII_DII_DIVERGENCE_Z,0.5,H10_30,stress,2024-07-15/2024-07-21,-637.8217974650004
FII_DII_DIVERGENCE_Z,0.5,H10_30,stress,2024-07-22/2024-07-28,-520.7618853024999
FII_DII_DIVERGENCE_Z,0.5,H10_30,stress,2024-07-29/2024-08-04,-1272.0067066025022
FII_DII_DIVERGENCE_Z,0.5,H10_30,stress,2024-08-05/2024-08-11,-363.81270993249933
FII_DII_DIVERGENCE_Z,0.5,H10_30,stress,2024-09-23/2024-09-29,228.1676761999998
FII_DII_DIVERGENCE_Z,0.5,H10_30,stress,2024-09-30/2024-10-06,-1456.4605549825
FII_DII_DIVERGENCE_Z,0.5,H10_30,stress,2024-10-07/2024-10-13,-2303.182309200001
FII_DII_DIVERGENCE_Z,0.5,H10_30,stress,2024-10-14/2024-10-20,-723.6000339500013
FII_DII_DIVERGENCE_Z,0.5,H10_30,stress,2024-10-21/2024-10-27,60.31577746499909
FII_DII_DIVERGENCE_Z,0.5,H10_30,stress,2024-10-28/2024-11-03,-2064.276569482501
FII_DII_DIVERGENCE_Z,0.5,H10_30,stress,2024-11-04/2024-11-10,958.0062793649979
FII_DII_DIVERGENCE_Z,0.5,H10_30,stress,2024-11-11/2024-11-17,-1814.0525718350004
FII_DII_DIVERGENCE_Z,0.5,H10_30,stress,2024-11-18/2024-11-24,-1960.9528105024958
FII_DII_DIVERGENCE_Z,0.5,H10_30,stress,2024-11-25/2024-12-01,-146.5311352225067
FII_DII_DIVERGENCE_Z,0.5,H10_30,stress,2024-12-02/2024-12-08,-2469.598985832503
FII_DII_DIVERGENCE_Z,0.5,H10_30,stress,2024-12-16/2024-12-22,-4488.27093348
FII_DII_DIVERGENCE_Z,0.5,H10_30,stress,2024-12-23/2024-12-29,-2170.797212135002
FII_DII_DIVERGENCE_Z,0.5,H10_30,stress,2024-12-30/2025-01-05,-2639.635835514998
FII_DII_DIVERGENCE_Z,0.5,H10_30,stress,2025-01-06/2025-01-12,1307.8567919149946
FII_DII_DIVERGENCE_Z,0.5,H10_30,stress,2025-01-13/2025-01-19,-2981.863201000003
FII_DII_DIVERGENCE_Z,0.5,H10_30,stress,2025-01-20/2025-01-26,-4468.422648452502
FII_DII_DIVERGENCE_Z,0.5,H10_30,stress,2025-01-27/2025-02-02,-5873.028804292496
FII_DII_DIVERGENCE_Z,0.5,H10_30,stress,2025-02-03/2025-02-09,-3157.487408747503
FII_DII_DIVERGENCE_Z,0.5,H10_30,stress,2025-02-10/2025-02-16,-1358.665179707502
FII_DII_DIVERGENCE_Z,0.5,H10_30,stress,2025-02-17/2025-02-23,-4902.5653084300075
FII_DII_DIVERGENCE_Z,0.5,H10_30,stress,2025-02-24/2025-03-02,-1016.5018037975017
FII_DII_DIVERGENCE_Z,0.5,H10_30,stress,2025-03-03/2025-03-09,-3515.5948265800034
FII_DII_DIVERGENCE_Z,0.5,H10_30,stress,2025-03-10/2025-03-16,-2888.8475482400017
FII_DII_DIVERGENCE_Z,0.5,H10_30,stress,2025-03-17/2025-03-23,-5227.5730081525035
FII_DII_DIVERGENCE_Z,0.5,H10_30,stress,2025-03-24/2025-03-30,286.56302252499694
FII_DII_DIVERGENCE_Z,0.5,H10_30,stress,2025-03-31/2025-04-06,-2374.1004896625013
FII_DII_DIVERGENCE_Z,0.5,H10_30,stress,2025-04-07/2025-04-13,-523.1201937500005
FII_DII_DIVERGENCE_Z,0.5,H10_30,stress,2025-04-14/2025-04-20,-1891.4480548574918
FII_DII_DIVERGENCE_Z,0.5,H10_30,stress,2025-04-21/2025-04-27,-8035.7038015524995
FII_DII_DIVERGENCE_Z,0.5,H10_30,stress,2025-04-28/2025-05-04,-3369.248148199996
FII_DII_DIVERGENCE_Z,0.5,H10_30,stress,2025-05-05/2025-05-11,-4466.852055520001
FII_DII_DIVERGENCE_Z,0.5,H10_30,stress,2025-05-12/2025-05-18,-999.5110194475017
FII_DII_DIVERGENCE_Z,0.5,H10_30,stress,2025-05-19/2025-05-25,1679.8106547199955
FII_DII_DIVERGENCE_Z,0.5,H10_30,stress,2025-05-26/2025-06-01,-5007.5920479325105
FII_DII_DIVERGENCE_Z,0.5,H10_30,stress,2025-06-02/2025-06-08,-7297.013220482503
FII_DII_DIVERGENCE_Z,0.5,H10_30,stress,2025-06-09/2025-06-15,-4523.421061385003
FII_DII_DIVERGENCE_Z,0.5,H10_30,stress,2025-06-16/2025-06-22,-7290.049703665001
FII_DII_DIVERGENCE_Z,0.5,H10_30,stress,2025-06-23/2025-06-29,-223.84694357000097
FII_DII_DIVERGENCE_Z,0.5,H10_30,stress,2025-06-30/2025-07-06,-3041.042712930003
FII_DII_DIVERGENCE_Z,0.5,H10_30,stress,2025-07-14/2025-07-20,999.5886730100005
FII_DII_DIVERGENCE_Z,0.5,H10_30,stress,2025-07-21/2025-07-27,-2051.5095456700014
FII_DII_DIVERGENCE_Z,0.5,H10_30,stress,2025-07-28/2025-08-03,1376.0241968524977
FII_DII_DIVERGENCE_Z,0.5,H10_30,stress,2025-08-04/2025-08-10,6326.186966067498
FII_DII_DIVERGENCE_Z,0.5,H10_30,stress,2025-08-11/2025-08-17,-4107.364489685003
FII_DII_DIVERGENCE_Z,0.5,H10_30,stress,2025-08-18/2025-08-24,-4792.1784788950035
FII_DII_DIVERGENCE_Z,0.5,H10_30,stress,2025-08-25/2025-08-31,-450.3581996675008
FII_DII_DIVERGENCE_Z,0.5,H10_30,stress,2025-09-01/2025-09-07,1395.3691259149957
FII_DII_DIVERGENCE_Z,0.5,H10_30,stress,2025-09-08/2025-09-14,-661.6299612925015
FII_DII_DIVERGENCE_Z,0.5,H10_30,stress,2025-09-29/2025-10-05,-2031.5696089300013
FII_DII_DIVERGENCE_Z,0.5,H10_30,stress,2025-10-06/2025-10-12,-5416.859610110002
FII_DII_DIVERGENCE_Z,0.5,H10_30,stress,2025-10-13/2025-10-19,714.6326949574991
FII_DII_DIVERGENCE_Z,0.5,H10_30,stress,2025-10-20/2025-10-26,-3576.228400800003
FII_DII_DIVERGENCE_Z,0.5,H10_30,stress,2025-10-27/2025-11-02,-4346.004947500008
FII_DII_DIVERGENCE_Z,0.5,H10_30,stress,2025-11-03/2025-11-09,-1257.0468804000018
FII_DII_DIVERGENCE_Z,0.5,H10_30,stress,2025-11-10/2025-11-16,836.8270977624993
FII_DII_DIVERGENCE_Z,0.5,H10_30,stress,2025-11-17/2025-11-23,1537.578929562497
FII_DII_DIVERGENCE_Z,0.5,H10_30,stress,2025-11-24/2025-11-30,-500.86239258000273
FII_DII_DIVERGENCE_Z,0.5,H10_30,stress,2025-12-01/2025-12-07,-2607.234294264998
FII_DII_DIVERGENCE_Z,0.5,H10_30,stress,2025-12-15/2025-12-21,-2381.2020967525013
FII_DII_DIVERGENCE_Z,0.5,H10_30,stress,2025-12-22/2025-12-28,-2392.933736275002
FII_DII_DIVERGENCE_Z,0.5,H10_30,stress,2025-12-29/2026-01-04,261.4428806464995
FII_DII_DIVERGENCE_Z,0.5,H10_30,stress,2026-01-05/2026-01-11,-305.23917839449973
FII_DII_DIVERGENCE_Z,0.5,H10_30,stress,2026-01-12/2026-01-18,-3084.928768553501
FII_DII_DIVERGENCE_Z,0.5,H10_30,stress,2026-01-19/2026-01-25,2999.9776504269967
FII_DII_DIVERGENCE_Z,0.5,H10_30,stress,2026-01-26/2026-02-01,-4244.8583236890045
FII_DII_DIVERGENCE_Z,0.5,H10_30,stress,2026-02-02/2026-02-08,1885.0325095914964
FII_DII_DIVERGENCE_Z,0.5,H10_30,stress,2026-02-09/2026-02-15,-2150.168184783502
FII_DII_DIVERGENCE_Z,0.5,H10_30,stress,2026-02-16/2026-02-22,-330.34030529649704
FII_DII_DIVERGENCE_Z,0.5,H10_30,stress,2026-02-23/2026-03-01,-4172.804362163997
FII_DII_DIVERGENCE_Z,0.5,H10_30,stress,2026-03-02/2026-03-08,-2519.836928261491
FII_DII_DIVERGENCE_Z,0.5,H10_30,stress,2026-03-09/2026-03-15,310.89374998172593
FII_DII_DIVERGENCE_Z,0.5,H10_30,stress,2026-03-16/2026-03-22,-839.1208852402
FII_DII_DIVERGENCE_Z,0.5,H10_30,stress,2026-03-23/2026-03-29,2668.949632578203
FII_DII_DIVERGENCE_Z,0.5,H10_30,stress,2026-03-30/2026-04-05,47.85859526389896
FII_DII_DIVERGENCE_Z,0.5,H10_30,stress,2026-04-06/2026-04-12,-1030.4725595222958
FII_DII_DIVERGENCE_Z,0.5,H10_30,stress,2026-04-13/2026-04-19,620.4528776880318
FII_DII_DIVERGENCE_Z,0.5,H10_30,stress,2026-04-20/2026-04-26,-1150.2648142931112
FII_DII_DIVERGENCE_Z,0.5,H10_30,stress,2026-04-27/2026-05-03,1258.1070039561132
FII_DII_DIVERGENCE_Z,0.5,H10_30,stress,2026-05-04/2026-05-10,-571.893407281506
FII_DII_DIVERGENCE_Z,0.5,H10_30,stress,2026-05-11/2026-05-17,454.99384309979223
FII_DII_DIVERGENCE_Z,0.5,H10_30,stress,2026-05-18/2026-05-24,-749.7833679233197
FII_DII_DIVERGENCE_Z,0.5,H10_30,stress,2026-05-25/2026-05-31,539.8564194259143
FII_DII_DIVERGENCE_Z,0.5,H10_30,stress,2026-06-15/2026-06-21,-225.0090215663357
FII_DII_DIVERGENCE_Z,0.5,H10_30,stress,2026-06-22/2026-06-28,-744.8105008560904
FII_DII_DIVERGENCE_Z,0.5,H10_30,stress,2026-06-29/2026-07-05,-1925.305022227915
FII_DII_DIVERGENCE_Z,0.5,H15_10,stress,2021-09-27/2021-10-03,-3669.58854293
FII_DII_DIVERGENCE_Z,0.5,H15_10,stress,2021-10-04/2021-10-10,-5437.445625015
FII_DII_DIVERGENCE_Z,0.5,H15_10,stress,2021-10-11/2021-10-17,-3657.0765378100014
FII_DII_DIVERGENCE_Z,0.5,H15_10,stress,2021-10-18/2021-10-24,-10785.346374929999
FII_DII_DIVERGENCE_Z,0.5,H15_10,stress,2021-10-25/2021-10-31,355.932550929999
FII_DII_DIVERGENCE_Z,0.5,H15_10,stress,2021-11-01/2021-11-07,-843.4137264850004
FII_DII_DIVERGENCE_Z,0.5,H15_10,stress,2021-11-08/2021-11-14,-8276.274904515001
FII_DII_DIVERGENCE_Z,0.5,H15_10,stress,2021-11-15/2021-11-21,278.99518332499963
FII_DII_DIVERGENCE_Z,0.5,H15_10,stress,2021-11-22/2021-11-28,-6824.846003430003
FII_DII_DIVERGENCE_Z,0.5,H15_10,stress,2021-11-29/2021-12-05,-4363.410039355001
FII_DII_DIVERGENCE_Z,0.5,H15_10,stress,2021-12-06/2021-12-12,-2009.6752487050007
FII_DII_DIVERGENCE_Z,0.5,H15_10,stress,2021-12-13/2021-12-19,687.9398387499979
FII_DII_DIVERGENCE_Z,0.5,H15_10,stress,2021-12-20/2021-12-26,-397.70818338000106
FII_DII_DIVERGENCE_Z,0.5,H15_10,stress,2022-01-03/2022-01-09,1467.45643666
FII_DII_DIVERGENCE_Z,0.5,H15_10,stress,2022-01-10/2022-01-16,-3976.2346250050005
FII_DII_DIVERGENCE_Z,0.5,H15_10,stress,2022-01-17/2022-01-23,1663.4620361549992
FII_DII_DIVERGENCE_Z,0.5,H15_10,stress,2022-01-24/2022-01-30,-5657.39155362
FII_DII_DIVERGENCE_Z,0.5,H15_10,stress,2022-01-31/2022-02-06,-2580.015873329999
FII_DII_DIVERGENCE_Z,0.5,H15_10,stress,2022-02-07/2022-02-13,-6771.861887645001
FII_DII_DIVERGENCE_Z,0.5,H15_10,stress,2022-02-14/2022-02-20,-5766.769864584999
FII_DII_DIVERGENCE_Z,0.5,H15_10,stress,2022-02-21/2022-02-27,935.7573079800002
FII_DII_DIVERGENCE_Z,0.5,H15_10,stress,2022-02-28/2022-03-06,714.5746087650004
FII_DII_DIVERGENCE_Z,0.5,H15_10,stress,2022-03-07/2022-03-13,-7302.588123240003
FII_DII_DIVERGENCE_Z,0.5,H15_10,stress,2022-03-14/2022-03-20,-5216.399877340002
FII_DII_DIVERGENCE_Z,0.5,H15_10,stress,2022-03-28/2022-04-03,-1231.3995722300008
FII_DII_DIVERGENCE_Z,0.5,H15_10,stress,2022-04-04/2022-04-10,-4453.708806245002
FII_DII_DIVERGENCE_Z,0.5,H15_10,stress,2022-04-11/2022-04-17,-1623.1172966800007
FII_DII_DIVERGENCE_Z,0.5,H15_10,stress,2022-04-25/2022-05-01,-3069.346384175
FII_DII_DIVERGENCE_Z,0.5,H15_10,stress,2022-05-02/2022-05-08,701.9837806499999
FII_DII_DIVERGENCE_Z,0.5,H15_10,stress,2022-05-09/2022-05-15,362.7384701699966
FII_DII_DIVERGENCE_Z,0.5,H15_10,stress,2022-05-16/2022-05-22,-5357.589313890004
FII_DII_DIVERGENCE_Z,0.5,H15_10,stress,2022-05-23/2022-05-29,-468.7793262650039
FII_DII_DIVERGENCE_Z,0.5,H15_10,stress,2022-05-30/2022-06-05,361.5671403499991
FII_DII_DIVERGENCE_Z,0.5,H15_10,stress,2022-06-06/2022-06-12,-6176.084539290001
FII_DII_DIVERGENCE_Z,0.5,H15_10,stress,2022-06-13/2022-06-19,-443.4486531300024
FII_DII_DIVERGENCE_Z,0.5,H15_10,stress,2022-06-20/2022-06-26,-6229.563573440004
FII_DII_DIVERGENCE_Z,0.5,H15_10,stress,2022-06-27/2022-07-03,-4061.1710907950037
FII_DII_DIVERGENCE_Z,0.5,H15_10,stress,2022-07-04/2022-07-10,-6627.254890045001
FII_DII_DIVERGENCE_Z,0.5,H15_10,stress,2022-07-11/2022-07-17,-857.7414598850019
FII_DII_DIVERGENCE_Z,0.5,H15_10,stress,2022-07-18/2022-07-24,-6846.144493630001
FII_DII_DIVERGENCE_Z,0.5,H15_10,stress,2022-07-25/2022-07-31,598.2783763649988
FII_DII_DIVERGENCE_Z,0.5,H15_10,stress,2022-08-01/2022-08-07,-1540.870856115001
FII_DII_DIVERGENCE_Z,0.5,H15_10,stress,2022-08-08/2022-08-14,-347.15308801000083
FII_DII_DIVERGENCE_Z,0.5,H15_10,stress,2022-08-15/2022-08-21,-1936.9721921000012
FII_DII_DIVERGENCE_Z,0.5,H15_10,stress,2022-08-22/2022-08-28,-8390.155477960001
FII_DII_DIVERGENCE_Z,0.5,H15_10,stress,2022-08-29/2022-09-04,-3064.539092925
FII_DII_DIVERGENCE_Z,0.5,H15_10,stress,2022-09-05/2022-09-11,-2402.304574895002
FII_DII_DIVERGENCE_Z,0.5,H15_10,stress,2022-09-19/2022-09-25,-1512.4192412850005
FII_DII_DIVERGENCE_Z,0.5,H15_10,stress,2022-09-26/2022-10-02,197.2581217249981
FII_DII_DIVERGENCE_Z,0.5,H15_10,stress,2022-10-03/2022-10-09,-974.0192890000018
FII_DII_DIVERGENCE_Z,0.5,H15_10,stress,2022-10-10/2022-10-16,-2196.831394435
FII_DII_DIVERGENCE_Z,0.5,H15_10,stress,2022-10-17/2022-10-23,-280.01207317000006
FII_DII_DIVERGENCE_Z,0.5,H15_10,stress,2022-10-24/2022-10-30,-4407.039925485002
FII_DII_DIVERGENCE_Z,0.5,H15_10,stress,2022-10-31/2022-11-06,-1129.5492531500022
FII_DII_DIVERGENCE_Z,0.5,H15_10,stress,2022-11-07/2022-11-13,-4308.624622235001
FII_DII_DIVERGENCE_Z,0.5,H15_10,stress,2022-11-14/2022-11-20,-1258.3256154000019
FII_DII_DIVERGENCE_Z,0.5,H15_10,stress,2022-11-21/2022-11-27,2900.1102616349986
FII_DII_DIVERGENCE_Z,0.5,H15_10,stress,2022-11-28/2022-12-04,-1702.560706920001
FII_DII_DIVERGENCE_Z,0.5,H15_10,stress,2022-12-05/2022-12-11,-3790.4096946100008
FII_DII_DIVERGENCE_Z,0.5,H15_10,stress,2022-12-12/2022-12-18,2451.6852500299983
FII_DII_DIVERGENCE_Z,0.5,H15_10,stress,2022-12-26/2023-01-01,-1497.6662005000003
FII_DII_DIVERGENCE_Z,0.5,H15_10,stress,2023-01-02/2023-01-08,1812.8979564299996
FII_DII_DIVERGENCE_Z,0.5,H15_10,stress,2023-01-09/2023-01-15,-5598.02069344
FII_DII_DIVERGENCE_Z,0.5,H15_10,stress,2023-01-16/2023-01-22,-6205.787429925002
FII_DII_DIVERGENCE_Z,0.5,H15_10,stress,2023-01-23/2023-01-29,-171.43429734500137
FII_DII_DIVERGENCE_Z,0.5,H15_10,stress,2023-01-30/2023-02-05,-6837.860150760002
FII_DII_DIVERGENCE_Z,0.5,H15_10,stress,2023-02-06/2023-02-12,-6179.849435620003
FII_DII_DIVERGENCE_Z,0.5,H15_10,stress,2023-02-13/2023-02-19,-3884.592777720001
FII_DII_DIVERGENCE_Z,0.5,H15_10,stress,2023-02-20/2023-02-26,3123.2224023199997
FII_DII_DIVERGENCE_Z,0.5,H15_10,stress,2023-02-27/2023-03-05,-4088.322139880001
FII_DII_DIVERGENCE_Z,0.5,H15_10,stress,2023-03-06/2023-03-12,-4204.907851115
FII_DII_DIVERGENCE_Z,0.5,H15_10,stress,2023-03-13/2023-03-19,2247.74314117
FII_DII_DIVERGENCE_Z,0.5,H15_10,stress,2023-03-20/2023-03-26,-3747.7128671600017
FII_DII_DIVERGENCE_Z,0.5,H15_10,stress,2023-03-27/2023-04-02,-3003.386444775
FII_DII_DIVERGENCE_Z,0.5,H15_10,stress,2023-04-03/2023-04-09,-8194.665970140002
FII_DII_DIVERGENCE_Z,0.5,H15_10,stress,2023-04-10/2023-04-16,-1465.4563238
FII_DII_DIVERGENCE_Z,0.5,H15_10,stress,2023-04-17/2023-04-23,511.77325055
FII_DII_DIVERGENCE_Z,0.5,H15_10,stress,2023-04-24/2023-04-30,3792.8043050700003
FII_DII_DIVERGENCE_Z,0.5,H15_10,stress,2023-05-01/2023-05-07,-1762.9719996700005
FII_DII_DIVERGENCE_Z,0.5,H15_10,stress,2023-05-08/2023-05-14,-865.2660505250011
FII_DII_DIVERGENCE_Z,0.5,H15_10,stress,2023-05-15/2023-05-21,-10365.276339880002
FII_DII_DIVERGENCE_Z,0.5,H15_10,stress,2023-05-22/2023-05-28,-274.19839880500103
FII_DII_DIVERGENCE_Z,0.5,H15_10,stress,2023-05-29/2023-06-04,-4791.880046840001
FII_DII_DIVERGENCE_Z,0.5,H15_10,stress,2023-06-05/2023-06-11,-6713.392191510002
FII_DII_DIVERGENCE_Z,0.5,H15_10,stress,2023-06-12/2023-06-18,-1174.3255966250006
FII_DII_DIVERGENCE_Z,0.5,H15_10,stress,2023-06-19/2023-06-25,-4090.354501420002
FII_DII_DIVERGENCE_Z,0.5,H15_10,stress,2023-06-26/2023-07-02,1266.2927821899987
FII_DII_DIVERGENCE_Z,0.5,H15_10,stress,2023-07-03/2023-07-09,-4195.132277505002
FII_DII_DIVERGENCE_Z,0.5,H15_10,stress,2023-07-10/2023-07-16,-7702.430013580002
FII_DII_DIVERGENCE_Z,0.5,H15_10,stress,2023-07-17/2023-07-23,401.13884945999826
FII_DII_DIVERGENCE_Z,0.5,H15_10,stress,2023-07-24/2023-07-30,-9566.125117630001
FII_DII_DIVERGENCE_Z,0.5,H15_10,stress,2023-07-31/2023-08-06,644.3781569799992
FII_DII_DIVERGENCE_Z,0.5,H15_10,stress,2023-08-07/2023-08-13,336.9650219599995
FII_DII_DIVERGENCE_Z,0.5,H15_10,stress,2023-08-14/2023-08-20,-7751.383463575001
FII_DII_DIVERGENCE_Z,0.5,H15_10,stress,2023-08-21/2023-08-27,-2264.883359050001
FII_DII_DIVERGENCE_Z,0.5,H15_10,stress,2023-08-28/2023-09-03,-2035.8803422199994
FII_DII_DIVERGENCE_Z,0.5,H15_10,stress,2023-09-11/2023-09-17,878.4087270699994
FII_DII_DIVERGENCE_Z,0.5,H15_10,stress,2023-09-18/2023-09-24,-7119.26245881
FII_DII_DIVERGENCE_Z,0.5,H15_10,stress,2023-09-25/2023-10-01,-5347.085786450002
FII_DII_DIVERGENCE_Z,0.5,H15_10,stress,2023-10-02/2023-10-08,-5368.668249090002
FII_DII_DIVERGENCE_Z,0.5,H15_10,stress,2023-10-09/2023-10-15,-4944.85019094
FII_DII_DIVERGENCE_Z,0.5,H15_10,stress,2023-10-16/2023-10-22,-2851.216170940002
FII_DII_DIVERGENCE_Z,0.5,H15_10,stress,2023-10-23/2023-10-29,3069.8802220949983
FII_DII_DIVERGENCE_Z,0.5,H15_10,stress,2023-10-30/2023-11-05,-2518.1905723650025
FII_DII_DIVERGENCE_Z,0.5,H15_10,stress,2023-11-06/2023-11-12,-4448.689329100001
FII_DII_DIVERGENCE_Z,0.5,H15_10,stress,2023-11-13/2023-11-19,-6290.660746090002
FII_DII_DIVERGENCE_Z,0.5,H15_10,stress,2023-11-20/2023-11-26,-1778.3682196900008
FII_DII_DIVERGENCE_Z,0.5,H15_10,stress,2023-11-27/2023-12-03,-6284.832761760001
FII_DII_DIVERGENCE_Z,0.5,H15_10,stress,2023-12-04/2023-12-10,-2.9557242699998625
FII_DII_DIVERGENCE_Z,0.5,H15_10,stress,2023-12-11/2023-12-17,-974.1317751300016
FII_DII_DIVERGENCE_Z,0.5,H15_10,stress,2023-12-18/2023-12-24,-8102.237330419999
FII_DII_DIVERGENCE_Z,0.5,H15_10,stress,2023-12-25/2023-12-31,1512.485936334997
FII_DII_DIVERGENCE_Z,0.5,H15_10,stress,2024-01-01/2024-01-07,-5740.424689005001
FII_DII_DIVERGENCE_Z,0.5,H15_10,stress,2024-01-08/2024-01-14,-5422.802140139999
FII_DII_DIVERGENCE_Z,0.5,H15_10,stress,2024-01-15/2024-01-21,-8633.961317285002
FII_DII_DIVERGENCE_Z,0.5,H15_10,stress,2024-01-22/2024-01-28,-8454.554458659997
FII_DII_DIVERGENCE_Z,0.5,H15_10,stress,2024-02-26/2024-03-03,-2391.4214362949997
FII_DII_DIVERGENCE_Z,0.5,H15_10,stress,2024-03-04/2024-03-10,-6754.381523295002
FII_DII_DIVERGENCE_Z,0.5,H15_10,stress,2024-03-11/2024-03-17,-6402.825186950003
FII_DII_DIVERGENCE_Z,0.5,H15_10,stress,2024-03-18/2024-03-24,-5617.009743310001
FII_DII_DIVERGENCE_Z,0.5,H15_10,stress,2024-03-25/2024-03-31,-2762.9134429550004
FII_DII_DIVERGENCE_Z,0.5,H15_10,stress,2024-04-08/2024-04-14,-3687.9463748600015
FII_DII_DIVERGENCE_Z,0.5,H15_10,stress,2024-04-15/2024-04-21,-11333.555376565002
FII_DII_DIVERGENCE_Z,0.5,H15_10,stress,2024-04-22/2024-04-28,-7854.244315215
FII_DII_DIVERGENCE_Z,0.5,H15_10,stress,2024-04-29/2024-05-05,-3711.9826166375
FII_DII_DIVERGENCE_Z,0.5,H15_10,stress,2024-05-06/2024-05-12,-2740.129370225002
FII_DII_DIVERGENCE_Z,0.5,H15_10,stress,2024-05-13/2024-05-19,-4448.873906150001
FII_DII_DIVERGENCE_Z,0.5,H15_10,stress,2024-05-20/2024-05-26,-5744.2537627
FII_DII_DIVERGENCE_Z,0.5,H15_10,stress,2024-05-27/2024-06-02,-2145.3644873374988
FII_DII_DIVERGENCE_Z,0.5,H15_10,stress,2024-06-03/2024-06-09,-6682.7726411725
FII_DII_DIVERGENCE_Z,0.5,H15_10,stress,2024-06-10/2024-06-16,61.773444532498004
FII_DII_DIVERGENCE_Z,0.5,H15_10,stress,2024-06-17/2024-06-23,-2625.0852267750006
FII_DII_DIVERGENCE_Z,0.5,H15_10,stress,2024-06-24/2024-06-30,2166.5479783299993
FII_DII_DIVERGENCE_Z,0.5,H15_10,stress,2024-07-01/2024-07-07,-1107.5339052350005
FII_DII_DIVERGENCE_Z,0.5,H15_10,stress,2024-07-08/2024-07-14,-1777.8566435525008
FII_DII_DIVERGENCE_Z,0.5,H15_10,stress,2024-07-15/2024-07-21,-1306.5218340775014
FII_DII_DIVERGENCE_Z,0.5,H15_10,stress,2024-07-22/2024-07-28,-1674.2110949449998
FII_DII_DIVERGENCE_Z,0.5,H15_10,stress,2024-07-29/2024-08-04,-3647.2368517800023
FII_DII_DIVERGENCE_Z,0.5,H15_10,stress,2024-08-05/2024-08-11,-2451.7672804200015
FII_DII_DIVERGENCE_Z,0.5,H15_10,stress,2024-09-23/2024-09-29,-143.3990711975003
FII_DII_DIVERGENCE_Z,0.5,H15_10,stress,2024-09-30/2024-10-06,-7255.187599167499
FII_DII_DIVERGENCE_Z,0.5,H15_10,stress,2024-10-07/2024-10-13,-712.7580106975015
FII_DII_DIVERGENCE_Z,0.5,H15_10,stress,2024-10-14/2024-10-20,-1737.8976197150016
FII_DII_DIVERGENCE_Z,0.5,H15_10,stress,2024-10-21/2024-10-27,1448.333640797499
FII_DII_DIVERGENCE_Z,0.5,H15_10,stress,2024-10-28/2024-11-03,-3733.693693665001
FII_DII_DIVERGENCE_Z,0.5,H15_10,stress,2024-11-04/2024-11-10,-2480.861135662502
FII_DII_DIVERGENCE_Z,0.5,H15_10,stress,2024-11-11/2024-11-17,1117.5958349899993
FII_DII_DIVERGENCE_Z,0.5,H15_10,stress,2024-11-18/2024-11-24,-5896.631767625
FII_DII_DIVERGENCE_Z,0.5,H15_10,stress,2024-11-25/2024-12-01,-4767.363881297505
FII_DII_DIVERGENCE_Z,0.5,H15_10,stress,2024-12-02/2024-12-08,-11029.901193125006
FII_DII_DIVERGENCE_Z,0.5,H15_10,stress,2024-12-16/2024-12-22,-2294.421154710003
FII_DII_DIVERGENCE_Z,0.5,H15_10,stress,2024-12-23/2024-12-29,-3076.4000300900025
FII_DII_DIVERGENCE_Z,0.5,H15_10,stress,2024-12-30/2025-01-05,-15715.2968563825
FII_DII_DIVERGENCE_Z,0.5,H15_10,stress,2025-01-06/2025-01-12,1618.3816838149933
FII_DII_DIVERGENCE_Z,0.5,H15_10,stress,2025-01-13/2025-01-19,-3443.0184675925034
FII_DII_DIVERGENCE_Z,0.5,H15_10,stress,2025-01-20/2025-01-26,-7409.085217697502
FII_DII_DIVERGENCE_Z,0.5,H15_10,stress,2025-01-27/2025-02-02,-10851.132397282503
FII_DII_DIVERGENCE_Z,0.5,H15_10,stress,2025-02-03/2025-02-09,-7827.275079610004
FII_DII_DIVERGENCE_Z,0.5,H15_10,stress,2025-02-10/2025-02-16,-1769.7739871650042
FII_DII_DIVERGENCE_Z,0.5,H15_10,stress,2025-02-17/2025-02-23,-11665.615850567505
FII_DII_DIVERGENCE_Z,0.5,H15_10,stress,2025-02-24/2025-03-02,-1457.3988644900028
FII_DII_DIVERGENCE_Z,0.5,H15_10,stress,2025-03-03/2025-03-09,-17591.733905995003
FII_DII_DIVERGENCE_Z,0.5,H15_10,stress,2025-03-10/2025-03-16,-5509.312756212502
FII_DII_DIVERGENCE_Z,0.5,H15_10,stress,2025-03-17/2025-03-23,-18502.249650032503
FII_DII_DIVERGENCE_Z,0.5,H15_10,stress,2025-03-24/2025-03-30,-1624.9277515400013
FII_DII_DIVERGENCE_Z,0.5,H15_10,stress,2025-03-31/2025-04-06,-6557.297842072501
FII_DII_DIVERGENCE_Z,0.5,H15_10,stress,2025-04-07/2025-04-13,-6319.095152420004
FII_DII_DIVERGENCE_Z,0.5,H15_10,stress,2025-04-14/2025-04-20,-19044.863373592496
FII_DII_DIVERGENCE_Z,0.5,H15_10,stress,2025-04-21/2025-04-27,-7713.521555979998
FII_DII_DIVERGENCE_Z,0.5,H15_10,stress,2025-04-28/2025-05-04,-5139.844757802495
FII_DII_DIVERGENCE_Z,0.5,H15_10,stress,2025-05-05/2025-05-11,-12910.327728235003
FII_DII_DIVERGENCE_Z,0.5,H15_10,stress,2025-05-12/2025-05-18,-209.51372538249962
FII_DII_DIVERGENCE_Z,0.5,H15_10,stress,2025-05-19/2025-05-25,-7021.912569160004
FII_DII_DIVERGENCE_Z,0.5,H15_10,stress,2025-05-26/2025-06-01,-2458.899510295008
FII_DII_DIVERGENCE_Z,0.5,H15_10,stress,2025-06-02/2025-06-08,-15251.127905005003
FII_DII_DIVERGENCE_Z,0.5,H15_10,stress,2025-06-09/2025-06-15,-4524.607214547503
FII_DII_DIVERGENCE_Z,0.5,H15_10,stress,2025-06-16/2025-06-22,-9478.850118190003
FII_DII_DIVERGENCE_Z,0.5,H15_10,stress,2025-06-23/2025-06-29,749.0488492599984
FII_DII_DIVERGENCE_Z,0.5,H15_10,stress,2025-06-30/2025-07-06,-8026.091909842503
FII_DII_DIVERGENCE_Z,0.5,H15_10,stress,2025-07-14/2025-07-20,-6254.857539467501
FII_DII_DIVERGENCE_Z,0.5,H15_10,stress,2025-07-21/2025-07-27,-6870.599016025002
FII_DII_DIVERGENCE_Z,0.5,H15_10,stress,2025-07-28/2025-08-03,-6110.501509592504
FII_DII_DIVERGENCE_Z,0.5,H15_10,stress,2025-08-04/2025-08-10,-3368.4970393450017
FII_DII_DIVERGENCE_Z,0.5,H15_10,stress,2025-08-11/2025-08-17,-8458.228590065002
FII_DII_DIVERGENCE_Z,0.5,H15_10,stress,2025-08-18/2025-08-24,-8182.718404585002
FII_DII_DIVERGENCE_Z,0.5,H15_10,stress,2025-08-25/2025-08-31,1566.6732300099993
FII_DII_DIVERGENCE_Z,0.5,H15_10,stress,2025-09-01/2025-09-07,-3382.557577300003
FII_DII_DIVERGENCE_Z,0.5,H15_10,stress,2025-09-08/2025-09-14,-5924.196946502501
FII_DII_DIVERGENCE_Z,0.5,H15_10,stress,2025-09-29/2025-10-05,-8567.307171895001
FII_DII_DIVERGENCE_Z,0.5,H15_10,stress,2025-10-06/2025-10-12,-9995.24981438
FII_DII_DIVERGENCE_Z,0.5,H15_10,stress,2025-10-13/2025-10-19,765.3215298649998
FII_DII_DIVERGENCE_Z,0.5,H15_10,stress,2025-10-20/2025-10-26,-8379.253529010002
FII_DII_DIVERGENCE_Z,0.5,H15_10,stress,2025-10-27/2025-11-02,-8443.270502920006
FII_DII_DIVERGENCE_Z,0.5,H15_10,stress,2025-11-03/2025-11-09,-9571.994841210002
FII_DII_DIVERGENCE_Z,0.5,H15_10,stress,2025-11-10/2025-11-16,-1634.6101843550005
FII_DII_DIVERGENCE_Z,0.5,H15_10,stress,2025-11-17/2025-11-23,-6391.464218672502
FII_DII_DIVERGENCE_Z,0.5,H15_10,stress,2025-11-24/2025-11-30,364.558645814997
FII_DII_DIVERGENCE_Z,0.5,H15_10,stress,2025-12-01/2025-12-07,-8001.975088495001
FII_DII_DIVERGENCE_Z,0.5,H15_10,stress,2025-12-15/2025-12-21,-5337.971834485003
FII_DII_DIVERGENCE_Z,0.5,H15_10,stress,2025-12-22/2025-12-28,-5443.633581857501
FII_DII_DIVERGENCE_Z,0.5,H15_10,stress,2025-12-29/2026-01-04,235.87842861649932
FII_DII_DIVERGENCE_Z,0.5,H15_10,stress,2026-01-05/2026-01-11,4759.741804576499
FII_DII_DIVERGENCE_Z,0.5,H15_10,stress,2026-01-12/2026-01-18,-6677.597399501
FII_DII_DIVERGENCE_Z,0.5,H15_10,stress,2026-01-19/2026-01-25,5700.308977399498
FII_DII_DIVERGENCE_Z,0.5,H15_10,stress,2026-01-26/2026-02-01,-8397.987300692506
FII_DII_DIVERGENCE_Z,0.5,H15_10,stress,2026-02-02/2026-02-08,-6669.058552158505
FII_DII_DIVERGENCE_Z,0.5,H15_10,stress,2026-02-09/2026-02-15,-8074.981515304002
FII_DII_DIVERGENCE_Z,0.5,H15_10,stress,2026-02-16/2026-02-22,-2520.5909942604985
FII_DII_DIVERGENCE_Z,0.5,H15_10,stress,2026-02-23/2026-03-01,-16041.820580872998
FII_DII_DIVERGENCE_Z,0.5,H15_10,stress,2026-03-02/2026-03-08,-4163.106139790175
FII_DII_DIVERGENCE_Z,0.5,H15_10,stress,2026-03-09/2026-03-15,1760.0464735184228
FII_DII_DIVERGENCE_Z,0.5,H15_10,stress,2026-03-16/2026-03-22,-6861.193982561397
FII_DII_DIVERGENCE_Z,0.5,H15_10,stress,2026-03-23/2026-03-29,-3843.0410513046368
FII_DII_DIVERGENCE_Z,0.5,H15_10,stress,2026-03-30/2026-04-05,-1553.9254298924184
FII_DII_DIVERGENCE_Z,0.5,H15_10,stress,2026-04-06/2026-04-12,-13256.40442312009
FII_DII_DIVERGENCE_Z,0.5,H15_10,stress,2026-04-13/2026-04-19,-1397.934963743553
FII_DII_DIVERGENCE_Z,0.5,H15_10,stress,2026-04-20/2026-04-26,-4233.668450940923
FII_DII_DIVERGENCE_Z,0.5,H15_10,stress,2026-04-27/2026-05-03,-5059.394011341046
FII_DII_DIVERGENCE_Z,0.5,H15_10,stress,2026-05-04/2026-05-10,403.2988380542439
FII_DII_DIVERGENCE_Z,0.5,H15_10,stress,2026-05-11/2026-05-17,-2286.2588462737854
FII_DII_DIVERGENCE_Z,0.5,H15_10,stress,2026-05-18/2026-05-24,-4183.706278758944
FII_DII_DIVERGENCE_Z,0.5,H15_10,stress,2026-05-25/2026-05-31,-245.34873061580197
FII_DII_DIVERGENCE_Z,0.5,H15_10,stress,2026-06-15/2026-06-21,-2195.216807276423
FII_DII_DIVERGENCE_Z,0.5,H15_10,stress,2026-06-22/2026-06-28,2211.838703437649
FII_DII_DIVERGENCE_Z,0.5,H15_10,stress,2026-06-29/2026-07-05,-2118.5511084233485
FII_DII_DIVERGENCE_Z,1.0,H10_30,stress,2021-09-27/2021-10-03,-1615.1835236850006
FII_DII_DIVERGENCE_Z,1.0,H10_30,stress,2021-10-04/2021-10-10,-537.4648142750009
FII_DII_DIVERGENCE_Z,1.0,H10_30,stress,2021-10-18/2021-10-24,-738.1140880650005
FII_DII_DIVERGENCE_Z,1.0,H10_30,stress,2021-10-25/2021-10-31,-304.2069973749997
FII_DII_DIVERGENCE_Z,1.0,H10_30,stress,2021-11-01/2021-11-07,-636.3886952700022
FII_DII_DIVERGENCE_Z,1.0,H10_30,stress,2021-11-08/2021-11-14,1347.7824201099984
FII_DII_DIVERGENCE_Z,1.0,H10_30,stress,2021-11-15/2021-11-21,774.2902552499982
FII_DII_DIVERGENCE_Z,1.0,H10_30,stress,2021-11-22/2021-11-28,-853.317730315001
FII_DII_DIVERGENCE_Z,1.0,H10_30,stress,2021-11-29/2021-12-05,-861.0173125800005
FII_DII_DIVERGENCE_Z,1.0,H10_30,stress,2021-12-13/2021-12-19,786.6838865999996
FII_DII_DIVERGENCE_Z,1.0,H10_30,stress,2021-12-20/2021-12-26,-861.5624197200004
FII_DII_DIVERGENCE_Z,1.0,H10_30,stress,2022-01-03/2022-01-09,-649.5469332799996
FII_DII_DIVERGENCE_Z,1.0,H10_30,stress,2022-01-17/2022-01-23,-823.6546869950009
FII_DII_DIVERGENCE_Z,1.0,H10_30,stress,2022-01-24/2022-01-30,-1105.678323185001
FII_DII_DIVERGENCE_Z,1.0,H10_30,stress,2022-01-31/2022-02-06,-1820.74433209
FII_DII_DIVERGENCE_Z,1.0,H10_30,stress,2022-02-07/2022-02-13,-1319.5150572100008
FII_DII_DIVERGENCE_Z,1.0,H10_30,stress,2022-02-14/2022-02-20,-397.630483374998
FII_DII_DIVERGENCE_Z,1.0,H10_30,stress,2022-02-21/2022-02-27,-790.1119557599995
FII_DII_DIVERGENCE_Z,1.0,H10_30,stress,2022-02-28/2022-03-06,219.77862539500006
FII_DII_DIVERGENCE_Z,1.0,H10_30,stress,2022-03-07/2022-03-13,-2710.3188404499997
FII_DII_DIVERGENCE_Z,1.0,H10_30,stress,2022-03-14/2022-03-20,-1544.0068781
FII_DII_DIVERGENCE_Z,1.0,H10_30,stress,2022-03-28/2022-04-03,593.0935648149999
FII_DII_DIVERGENCE_Z,1.0,H10_30,stress,2022-04-04/2022-04-10,-1926.083165860003
FII_DII_DIVERGENCE_Z,1.0,H10_30,stress,2022-04-11/2022-04-17,248.8697345849992
FII_DII_DIVERGENCE_Z,1.0,H10_30,stress,2022-04-25/2022-05-01,473.38614293999956
FII_DII_DIVERGENCE_Z,1.0,H10_30,stress,2022-05-02/2022-05-08,-546.1294009050013
FII_DII_DIVERGENCE_Z,1.0,H10_30,stress,2022-05-09/2022-05-15,959.2684638899966
FII_DII_DIVERGENCE_Z,1.0,H10_30,stress,2022-05-16/2022-05-22,-2138.691552980001
FII_DII_DIVERGENCE_Z,1.0,H10_30,stress,2022-06-13/2022-06-19,-2739.1541468500036
FII_DII_DIVERGENCE_Z,1.0,H10_30,stress,2022-06-20/2022-06-26,-4722.399323325005
FII_DII_DIVERGENCE_Z,1.0,H10_30,stress,2022-06-27/2022-07-03,776.9719802049966
FII_DII_DIVERGENCE_Z,1.0,H10_30,stress,2022-07-04/2022-07-10,-1250.2970817750024
FII_DII_DIVERGENCE_Z,1.0,H10_30,stress,2022-07-11/2022-07-17,-425.9261954850003
FII_DII_DIVERGENCE_Z,1.0,H10_30,stress,2022-07-18/2022-07-24,-938.2806819600004
FII_DII_DIVERGENCE_Z,1.0,H10_30,stress,2022-07-25/2022-07-31,-593.5858301350003
FII_DII_DIVERGENCE_Z,1.0,H10_30,stress,2022-08-01/2022-08-07,-639.3778248649999
FII_DII_DIVERGENCE_Z,1.0,H10_30,stress,2022-08-08/2022-08-14,771.2498267999991
FII_DII_DIVERGENCE_Z,1.0,H10_30,stress,2022-08-15/2022-08-21,-79.40669345000231
FII_DII_DIVERGENCE_Z,1.0,H10_30,stress,2022-09-26/2022-10-02,-1131.5743986799969
FII_DII_DIVERGENCE_Z,1.0,H10_30,stress,2022-10-03/2022-10-09,-375.66427811500137
FII_DII_DIVERGENCE_Z,1.0,H10_30,stress,2022-10-24/2022-10-30,-1491.4195381700006
FII_DII_DIVERGENCE_Z,1.0,H10_30,stress,2022-10-31/2022-11-06,-184.07804415000282
FII_DII_DIVERGENCE_Z,1.0,H10_30,stress,2022-11-07/2022-11-13,-3377.5087425700012
FII_DII_DIVERGENCE_Z,1.0,H10_30,stress,2022-11-14/2022-11-20,-2088.9276269950014
FII_DII_DIVERGENCE_Z,1.0,H10_30,stress,2022-11-21/2022-11-27,-76.0137069550021
FII_DII_DIVERGENCE_Z,1.0,H10_30,stress,2022-11-28/2022-12-04,-2075.244886515001
FII_DII_DIVERGENCE_Z,1.0,H10_30,stress,2022-12-05/2022-12-11,-551.7287073550007
FII_DII_DIVERGENCE_Z,1.0,H10_30,stress,2023-01-02/2023-01-08,71.99215049000024
FII_DII_DIVERGENCE_Z,1.0,H10_30,stress,2023-01-09/2023-01-15,-3775.4397369350013
FII_DII_DIVERGENCE_Z,1.0,H10_30,stress,2023-01-16/2023-01-22,-2319.1889367150006
FII_DII_DIVERGENCE_Z,1.0,H10_30,stress,2023-01-23/2023-01-29,59.218171309998866
FII_DII_DIVERGENCE_Z,1.0,H10_30,stress,2023-01-30/2023-02-05,1128.2392189599968
FII_DII_DIVERGENCE_Z,1.0,H10_30,stress,2023-02-06/2023-02-12,-2148.514758555002
FII_DII_DIVERGENCE_Z,1.0,H10_30,stress,2023-02-13/2023-02-19,-1423.7900326650024
FII_DII_DIVERGENCE_Z,1.0,H10_30,stress,2023-02-20/2023-02-26,-3545.608872660001
FII_DII_DIVERGENCE_Z,1.0,H10_30,stress,2023-02-27/2023-03-05,-1614.167297335001
FII_DII_DIVERGENCE_Z,1.0,H10_30,stress,2023-03-06/2023-03-12,-3245.368138570001
FII_DII_DIVERGENCE_Z,1.0,H10_30,stress,2023-03-13/2023-03-19,-215.8156721950016
FII_DII_DIVERGENCE_Z,1.0,H10_30,stress,2023-03-20/2023-03-26,-2800.8825438950007
FII_DII_DIVERGENCE_Z,1.0,H10_30,stress,2023-03-27/2023-04-02,-562.6437147700008
FII_DII_DIVERGENCE_Z,1.0,H10_30,stress,2023-04-03/2023-04-09,-1773.4847455800002
FII_DII_DIVERGENCE_Z,1.0,H10_30,stress,2023-04-24/2023-04-30,-208.0292180199997
FII_DII_DIVERGENCE_Z,1.0,H10_30,stress,2023-05-01/2023-05-07,-18.338284910000084
FII_DII_DIVERGENCE_Z,1.0,H10_30,stress,2023-05-08/2023-05-14,866.345551314999
FII_DII_DIVERGENCE_Z,1.0,H10_30,stress,2023-05-15/2023-05-21,-3435.0553596050004
FII_DII_DIVERGENCE_Z,1.0,H10_30,stress,2023-05-22/2023-05-28,127.0536914399987
FII_DII_DIVERGENCE_Z,1.0,H10_30,stress,2023-05-29/2023-06-04,-299.3278859250006
FII_DII_DIVERGENCE_Z,1.0,H10_30,stress,2023-06-05/2023-06-11,-421.3805803750024
FII_DII_DIVERGENCE_Z,1.0,H10_30,stress,2023-06-26/2023-07-02,-278.87984246500054
FII_DII_DIVERGENCE_Z,1.0,H10_30,stress,2023-07-03/2023-07-09,-1897.5013186550013
FII_DII_DIVERGENCE_Z,1.0,H10_30,stress,2023-07-10/2023-07-16,1124.2202947949984
FII_DII_DIVERGENCE_Z,1.0,H10_30,stress,2023-07-17/2023-07-23,-1107.2404306950025
FII_DII_DIVERGENCE_Z,1.0,H10_30,stress,2023-07-24/2023-07-30,-102.60103240000149
FII_DII_DIVERGENCE_Z,1.0,H10_30,stress,2023-09-11/2023-09-17,-1937.7695133899997
FII_DII_DIVERGENCE_Z,1.0,H10_30,stress,2023-09-18/2023-09-24,302.56826825499945
FII_DII_DIVERGENCE_Z,1.0,H10_30,stress,2023-09-25/2023-10-01,-636.3829181550012
FII_DII_DIVERGENCE_Z,1.0,H10_30,stress,2023-10-02/2023-10-08,-1585.8093905600017
FII_DII_DIVERGENCE_Z,1.0,H10_30,stress,2023-10-09/2023-10-15,-1491.3432770600004
FII_DII_DIVERGENCE_Z,1.0,H10_30,stress,2023-10-16/2023-10-22,-3719.683427810002
FII_DII_DIVERGENCE_Z,1.0,H10_30,stress,2023-10-23/2023-10-29,-188.18213706499927
FII_DII_DIVERGENCE_Z,1.0,H10_30,stress,2023-10-30/2023-11-05,-550.9021767500019
FII_DII_DIVERGENCE_Z,1.0,H10_30,stress,2023-11-06/2023-11-12,-1520.485510620001
FII_DII_DIVERGENCE_Z,1.0,H10_30,stress,2023-11-13/2023-11-19,-3048.7815803250023
FII_DII_DIVERGENCE_Z,1.0,H10_30,stress,2023-11-20/2023-11-26,-825.1745713200005
FII_DII_DIVERGENCE_Z,1.0,H10_30,stress,2023-12-18/2023-12-24,-139.48713644999862
FII_DII_DIVERGENCE_Z,1.0,H10_30,stress,2023-12-25/2023-12-31,465.45911630999854
FII_DII_DIVERGENCE_Z,1.0,H10_30,stress,2024-01-01/2024-01-07,-3071.6114128450004
FII_DII_DIVERGENCE_Z,1.0,H10_30,stress,2024-01-08/2024-01-14,-758.8901279250003
FII_DII_DIVERGENCE_Z,1.0,H10_30,stress,2024-01-15/2024-01-21,-955.2511259049985
FII_DII_DIVERGENCE_Z,1.0,H10_30,stress,2024-03-18/2024-03-24,-2299.9836987900044
FII_DII_DIVERGENCE_Z,1.0,H10_30,stress,2024-03-25/2024-03-31,-4691.326719155001
FII_DII_DIVERGENCE_Z,1.0,H10_30,stress,2024-04-08/2024-04-14,-1036.8794263600012
FII_DII_DIVERGENCE_Z,1.0,H10_30,stress,2024-04-15/2024-04-21,423.7883778099984
FII_DII_DIVERGENCE_Z,1.0,H10_30,stress,2024-04-29/2024-05-05,-108.7008285549997
FII_DII_DIVERGENCE_Z,1.0,H10_30,stress,2024-05-06/2024-05-12,-900.270416865
FII_DII_DIVERGENCE_Z,1.0,H10_30,stress,2024-05-13/2024-05-19,2076.1782725574985
FII_DII_DIVERGENCE_Z,1.0,H10_30,stress,2024-05-20/2024-05-26,-1120.4577977900005
FII_DII_DIVERGENCE_Z,1.0,H10_30,stress,2024-05-27/2024-06-02,39.18471898500283
FII_DII_DIVERGENCE_Z,1.0,H10_30,stress,2024-06-03/2024-06-09,-2958.2327587124946
FII_DII_DIVERGENCE_Z,1.0,H10_30,stress,2024-06-10/2024-06-16,-12.926974272500729
FII_DII_DIVERGENCE_Z,1.0,H10_30,stress,2024-06-17/2024-06-23,-236.86090350500055
FII_DII_DIVERGENCE_Z,1.0,H10_30,stress,2024-06-24/2024-06-30,650.0834081074992
FII_DII_DIVERGENCE_Z,1.0,H10_30,stress,2024-07-01/2024-07-07,169.46303145249885
FII_DII_DIVERGENCE_Z,1.0,H10_30,stress,2024-07-08/2024-07-14,-3051.232380435001
FII_DII_DIVERGENCE_Z,1.0,H10_30,stress,2024-07-15/2024-07-21,-637.8217974650004
FII_DII_DIVERGENCE_Z,1.0,H10_30,stress,2024-07-22/2024-07-28,-276.98571663499996
FII_DII_DIVERGENCE_Z,1.0,H10_30,stress,2024-09-30/2024-10-06,-1271.6006041175006
FII_DII_DIVERGENCE_Z,1.0,H10_30,stress,2024-10-07/2024-10-13,-2249.3037011075007
FII_DII_DIVERGENCE_Z,1.0,H10_30,stress,2024-10-14/2024-10-20,-723.6000339500013
FII_DII_DIVERGENCE_Z,1.0,H10_30,stress,2024-10-21/2024-10-27,60.31577746499909
FII_DII_DIVERGENCE_Z,1.0,H10_30,stress,2024-10-28/2024-11-03,-2064.276569482501
FII_DII_DIVERGENCE_Z,1.0,H10_30,stress,2024-11-04/2024-11-10,958.0062793649979
FII_DII_DIVERGENCE_Z,1.0,H10_30,stress,2024-11-11/2024-11-17,-1814.0525718350004
FII_DII_DIVERGENCE_Z,1.0,H10_30,stress,2024-11-18/2024-11-24,-1960.9528105024958
FII_DII_DIVERGENCE_Z,1.0,H10_30,stress,2024-11-25/2024-12-01,-649.5630486275015
FII_DII_DIVERGENCE_Z,1.0,H10_30,stress,2024-12-23/2024-12-29,757.7584442524992
FII_DII_DIVERGENCE_Z,1.0,H10_30,stress,2024-12-30/2025-01-05,-2639.635835514998
FII_DII_DIVERGENCE_Z,1.0,H10_30,stress,2025-01-06/2025-01-12,1307.8567919149946
FII_DII_DIVERGENCE_Z,1.0,H10_30,stress,2025-01-13/2025-01-19,-2981.863201000003
FII_DII_DIVERGENCE_Z,1.0,H10_30,stress,2025-01-20/2025-01-26,-4468.422648452502
FII_DII_DIVERGENCE_Z,1.0,H10_30,stress,2025-01-27/2025-02-02,-4443.175001172496
FII_DII_DIVERGENCE_Z,1.0,H10_30,stress,2025-02-03/2025-02-09,-2476.502970712503
FII_DII_DIVERGENCE_Z,1.0,H10_30,stress,2025-02-10/2025-02-16,-1358.665179707502
FII_DII_DIVERGENCE_Z,1.0,H10_30,stress,2025-02-17/2025-02-23,-4902.5653084300075
FII_DII_DIVERGENCE_Z,1.0,H10_30,stress,2025-02-24/2025-03-02,-853.3121405950021
FII_DII_DIVERGENCE_Z,1.0,H10_30,stress,2025-03-03/2025-03-09,-3515.5948265800034
FII_DII_DIVERGENCE_Z,1.0,H10_30,stress,2025-03-10/2025-03-16,-2888.8475482400017
FII_DII_DIVERGENCE_Z,1.0,H10_30,stress,2025-03-17/2025-03-23,-1127.3730500425015
FII_DII_DIVERGENCE_Z,1.0,H10_30,stress,2025-03-24/2025-03-30,286.56302252499694
FII_DII_DIVERGENCE_Z,1.0,H10_30,stress,2025-04-07/2025-04-13,-2226.1143003075017
FII_DII_DIVERGENCE_Z,1.0,H10_30,stress,2025-04-14/2025-04-20,-1891.4480548574918
FII_DII_DIVERGENCE_Z,1.0,H10_30,stress,2025-04-21/2025-04-27,-5574.3515149025
FII_DII_DIVERGENCE_Z,1.0,H10_30,stress,2025-04-28/2025-05-04,-3369.248148199996
FII_DII_DIVERGENCE_Z,1.0,H10_30,stress,2025-05-05/2025-05-11,-4466.852055520001
FII_DII_DIVERGENCE_Z,1.0,H10_30,stress,2025-05-12/2025-05-18,-1161.9455403450015
FII_DII_DIVERGENCE_Z,1.0,H10_30,stress,2025-05-19/2025-05-25,1679.8106547199955
FII_DII_DIVERGENCE_Z,1.0,H10_30,stress,2025-05-26/2025-06-01,-3079.1409904425077
FII_DII_DIVERGENCE_Z,1.0,H10_30,stress,2025-06-02/2025-06-08,-2557.7590924600026
FII_DII_DIVERGENCE_Z,1.0,H10_30,stress,2025-06-16/2025-06-22,-1575.8503219175013
FII_DII_DIVERGENCE_Z,1.0,H10_30,stress,2025-07-14/2025-07-20,1999.9271108350003
FII_DII_DIVERGENCE_Z,1.0,H10_30,stress,2025-07-21/2025-07-27,-3820.675192745001
FII_DII_DIVERGENCE_Z,1.0,H10_30,stress,2025-07-28/2025-08-03,-256.5232038775007
FII_DII_DIVERGENCE_Z,1.0,H10_30,stress,2025-08-04/2025-08-10,6326.186966067498
FII_DII_DIVERGENCE_Z,1.0,H10_30,stress,2025-08-11/2025-08-17,-4107.364489685003
FII_DII_DIVERGENCE_Z,1.0,H10_30,stress,2025-08-18/2025-08-24,-916.1194458175016
FII_DII_DIVERGENCE_Z,1.0,H10_30,stress,2025-08-25/2025-08-31,-450.3581996675008
FII_DII_DIVERGENCE_Z,1.0,H10_30,stress,2025-09-29/2025-10-05,-2031.5696089300013
FII_DII_DIVERGENCE_Z,1.0,H10_30,stress,2025-10-06/2025-10-12,-5416.859610110002
FII_DII_DIVERGENCE_Z,1.0,H10_30,stress,2025-10-13/2025-10-19,714.6326949574991
FII_DII_DIVERGENCE_Z,1.0,H10_30,stress,2025-10-20/2025-10-26,-3576.228400800003
FII_DII_DIVERGENCE_Z,1.0,H10_30,stress,2025-10-27/2025-11-02,-4346.004947500008
FII_DII_DIVERGENCE_Z,1.0,H10_30,stress,2025-11-17/2025-11-23,1036.53688702
FII_DII_DIVERGENCE_Z,1.0,H10_30,stress,2025-12-01/2025-12-07,1486.0347999400008
FII_DII_DIVERGENCE_Z,1.0,H10_30,stress,2025-12-15/2025-12-21,40.55085356249842
FII_DII_DIVERGENCE_Z,1.0,H10_30,stress,2025-12-22/2025-12-28,-197.0444891000009
FII_DII_DIVERGENCE_Z,1.0,H10_30,stress,2026-01-12/2026-01-18,-2256.0704206759992
FII_DII_DIVERGENCE_Z,1.0,H10_30,stress,2026-01-19/2026-01-25,-279.56748803150003
FII_DII_DIVERGENCE_Z,1.0,H10_30,stress,2026-01-26/2026-02-01,-260.56327732650425
FII_DII_DIVERGENCE_Z,1.0,H10_30,stress,2026-02-02/2026-02-08,526.6687215124978
FII_DII_DIVERGENCE_Z,1.0,H10_30,stress,2026-02-16/2026-02-22,576.2942338780033
FII_DII_DIVERGENCE_Z,1.0,H10_30,stress,2026-02-23/2026-03-01,-4172.804362163997
FII_DII_DIVERGENCE_Z,1.0,H10_30,stress,2026-03-02/2026-03-08,-2519.836928261491
FII_DII_DIVERGENCE_Z,1.0,H10_30,stress,2026-03-09/2026-03-15,713.6565796497987
FII_DII_DIVERGENCE_Z,1.0,H10_30,stress,2026-03-16/2026-03-22,-839.1208852402
FII_DII_DIVERGENCE_Z,1.0,H10_30,stress,2026-03-23/2026-03-29,1367.79951304769
FII_DII_DIVERGENCE_Z,1.0,H10_30,stress,2026-03-30/2026-04-05,47.85859526389896
FII_DII_DIVERGENCE_Z,1.0,H10_30,stress,2026-04-06/2026-04-12,11.567645469339084
FII_DII_DIVERGENCE_Z,1.0,H10_30,stress,2026-04-20/2026-04-26,-940.3153137687873
FII_DII_DIVERGENCE_Z,1.0,H10_30,stress,2026-05-18/2026-05-24,9.961514629643816
FII_DII_DIVERGENCE_Z,1.0,H10_30,stress,2026-06-15/2026-06-21,-225.0090215663357
FII_DII_DIVERGENCE_Z,1.0,H10_30,stress,2026-06-22/2026-06-28,-744.8105008560904
FII_DII_DIVERGENCE_Z,1.0,H10_30,stress,2026-06-29/2026-07-05,-1925.305022227915
FII_DII_DIVERGENCE_Z,1.0,H15_10,stress,2021-09-27/2021-10-03,-3669.58854293
FII_DII_DIVERGENCE_Z,1.0,H15_10,stress,2021-10-04/2021-10-10,-2738.6306905
FII_DII_DIVERGENCE_Z,1.0,H15_10,stress,2021-10-18/2021-10-24,-5256.97558586
FII_DII_DIVERGENCE_Z,1.0,H15_10,stress,2021-10-25/2021-10-31,1461.1692750500001
FII_DII_DIVERGENCE_Z,1.0,H15_10,stress,2021-11-01/2021-11-07,-1213.161437365
FII_DII_DIVERGENCE_Z,1.0,H15_10,stress,2021-11-08/2021-11-14,-8276.274904515001
FII_DII_DIVERGENCE_Z,1.0,H15_10,stress,2021-11-15/2021-11-21,278.99518332499963
FII_DII_DIVERGENCE_Z,1.0,H15_10,stress,2021-11-22/2021-11-28,-3480.7839914950023
FII_DII_DIVERGENCE_Z,1.0,H15_10,stress,2021-11-29/2021-12-05,-1985.947744545001
FII_DII_DIVERGENCE_Z,1.0,H15_10,stress,2021-12-13/2021-12-19,-375.6596369000003
FII_DII_DIVERGENCE_Z,1.0,H15_10,stress,2021-12-20/2021-12-26,-397.70818338000106
FII_DII_DIVERGENCE_Z,1.0,H15_10,stress,2022-01-03/2022-01-09,478.83140495
FII_DII_DIVERGENCE_Z,1.0,H15_10,stress,2022-01-17/2022-01-23,-1017.0403239050006
FII_DII_DIVERGENCE_Z,1.0,H15_10,stress,2022-01-24/2022-01-30,-5657.39155362
FII_DII_DIVERGENCE_Z,1.0,H15_10,stress,2022-01-31/2022-02-06,-2580.015873329999
FII_DII_DIVERGENCE_Z,1.0,H15_10,stress,2022-02-07/2022-02-13,-6816.320382330001
FII_DII_DIVERGENCE_Z,1.0,H15_10,stress,2022-02-14/2022-02-20,-4118.974092169999
FII_DII_DIVERGENCE_Z,1.0,H15_10,stress,2022-02-21/2022-02-27,-681.066953739999
FII_DII_DIVERGENCE_Z,1.0,H15_10,stress,2022-02-28/2022-03-06,1071.7698856600002
FII_DII_DIVERGENCE_Z,1.0,H15_10,stress,2022-03-07/2022-03-13,-7110.975443530001
FII_DII_DIVERGENCE_Z,1.0,H15_10,stress,2022-03-14/2022-03-20,-5216.399877340002
FII_DII_DIVERGENCE_Z,1.0,H15_10,stress,2022-03-28/2022-04-03,1889.1306854249995
FII_DII_DIVERGENCE_Z,1.0,H15_10,stress,2022-04-04/2022-04-10,-4453.708806245002
FII_DII_DIVERGENCE_Z,1.0,H15_10,stress,2022-04-11/2022-04-17,-426.1846642300007
FII_DII_DIVERGENCE_Z,1.0,H15_10,stress,2022-04-25/2022-05-01,-4789.73225604
FII_DII_DIVERGENCE_Z,1.0,H15_10,stress,2022-05-02/2022-05-08,2389.549200685
FII_DII_DIVERGENCE_Z,1.0,H15_10,stress,2022-05-09/2022-05-15,362.7384701699966
FII_DII_DIVERGENCE_Z,1.0,H15_10,stress,2022-05-16/2022-05-22,-5357.589313890004
FII_DII_DIVERGENCE_Z,1.0,H15_10,stress,2022-06-13/2022-06-19,-443.4486531300024
FII_DII_DIVERGENCE_Z,1.0,H15_10,stress,2022-06-20/2022-06-26,-6229.563573440004
FII_DII_DIVERGENCE_Z,1.0,H15_10,stress,2022-06-27/2022-07-03,-1978.559549715003
FII_DII_DIVERGENCE_Z,1.0,H15_10,stress,2022-07-04/2022-07-10,-6627.254890045001
FII_DII_DIVERGENCE_Z,1.0,H15_10,stress,2022-07-11/2022-07-17,-1824.20678228
FII_DII_DIVERGENCE_Z,1.0,H15_10,stress,2022-07-18/2022-07-24,-3757.4726969850003
FII_DII_DIVERGENCE_Z,1.0,H15_10,stress,2022-07-25/2022-07-31,598.2783763649988
FII_DII_DIVERGENCE_Z,1.0,H15_10,stress,2022-08-01/2022-08-07,1823.0469570199998
FII_DII_DIVERGENCE_Z,1.0,H15_10,stress,2022-08-08/2022-08-14,-1539.4483919200004
FII_DII_DIVERGENCE_Z,1.0,H15_10,stress,2022-08-15/2022-08-21,-1936.9721921000012
FII_DII_DIVERGENCE_Z,1.0,H15_10,stress,2022-09-26/2022-10-02,-3050.09743312
FII_DII_DIVERGENCE_Z,1.0,H15_10,stress,2022-10-03/2022-10-09,-399.76909581500183
FII_DII_DIVERGENCE_Z,1.0,H15_10,stress,2022-10-24/2022-10-30,-2575.6848328950014
FII_DII_DIVERGENCE_Z,1.0,H15_10,stress,2022-10-31/2022-11-06,-1129.5492531500022
FII_DII_DIVERGENCE_Z,1.0,H15_10,stress,2022-11-07/2022-11-13,-4308.624622235001
FII_DII_DIVERGENCE_Z,1.0,H15_10,stress,2022-11-14/2022-11-20,-1258.3256154000019
FII_DII_DIVERGENCE_Z,1.0,H15_10,stress,2022-11-21/2022-11-27,2900.1102616349986
FII_DII_DIVERGENCE_Z,1.0,H15_10,stress,2022-11-28/2022-12-04,-1702.560706920001
FII_DII_DIVERGENCE_Z,1.0,H15_10,stress,2022-12-05/2022-12-11,1184.1833189849983
FII_DII_DIVERGENCE_Z,1.0,H15_10,stress,2023-01-02/2023-01-08,403.80802511499957
FII_DII_DIVERGENCE_Z,1.0,H15_10,stress,2023-01-09/2023-01-15,-6727.40511041
FII_DII_DIVERGENCE_Z,1.0,H15_10,stress,2023-01-16/2023-01-22,-3847.2902817600007
FII_DII_DIVERGENCE_Z,1.0,H15_10,stress,2023-01-23/2023-01-29,733.561476614999
FII_DII_DIVERGENCE_Z,1.0,H15_10,stress,2023-01-30/2023-02-05,-6837.860150760002
FII_DII_DIVERGENCE_Z,1.0,H15_10,stress,2023-02-06/2023-02-12,-6179.849435620003
FII_DII_DIVERGENCE_Z,1.0,H15_10,stress,2023-02-13/2023-02-19,-3884.592777720001
FII_DII_DIVERGENCE_Z,1.0,H15_10,stress,2023-02-20/2023-02-26,3123.2224023199997
FII_DII_DIVERGENCE_Z,1.0,H15_10,stress,2023-02-27/2023-03-05,-4088.322139880001
FII_DII_DIVERGENCE_Z,1.0,H15_10,stress,2023-03-06/2023-03-12,-4204.907851115
FII_DII_DIVERGENCE_Z,1.0,H15_10,stress,2023-03-13/2023-03-19,2247.74314117
FII_DII_DIVERGENCE_Z,1.0,H15_10,stress,2023-03-20/2023-03-26,-3747.7128671600017
FII_DII_DIVERGENCE_Z,1.0,H15_10,stress,2023-03-27/2023-04-02,-3003.386444775
FII_DII_DIVERGENCE_Z,1.0,H15_10,stress,2023-04-03/2023-04-09,-4179.950896425002
FII_DII_DIVERGENCE_Z,1.0,H15_10,stress,2023-04-24/2023-04-30,3501.06976204
FII_DII_DIVERGENCE_Z,1.0,H15_10,stress,2023-05-01/2023-05-07,-1762.9719996700005
FII_DII_DIVERGENCE_Z,1.0,H15_10,stress,2023-05-08/2023-05-14,-865.2660505250011
FII_DII_DIVERGENCE_Z,1.0,H15_10,stress,2023-05-15/2023-05-21,-10365.276339880002
FII_DII_DIVERGENCE_Z,1.0,H15_10,stress,2023-05-22/2023-05-28,-274.19839880500103
FII_DII_DIVERGENCE_Z,1.0,H15_10,stress,2023-05-29/2023-06-04,-4532.242706985001
FII_DII_DIVERGENCE_Z,1.0,H15_10,stress,2023-06-05/2023-06-11,-6229.536088030001
FII_DII_DIVERGENCE_Z,1.0,H15_10,stress,2023-06-26/2023-07-02,908.9302660449989
FII_DII_DIVERGENCE_Z,1.0,H15_10,stress,2023-07-03/2023-07-09,-4195.132277505002
FII_DII_DIVERGENCE_Z,1.0,H15_10,stress,2023-07-10/2023-07-16,-7702.430013580002
FII_DII_DIVERGENCE_Z,1.0,H15_10,stress,2023-07-17/2023-07-23,401.13884945999826
FII_DII_DIVERGENCE_Z,1.0,H15_10,stress,2023-07-24/2023-07-30,-9566.125117630001
FII_DII_DIVERGENCE_Z,1.0,H15_10,stress,2023-09-18/2023-09-24,-455.4271519050001
FII_DII_DIVERGENCE_Z,1.0,H15_10,stress,2023-09-25/2023-10-01,-937.3256378100007
FII_DII_DIVERGENCE_Z,1.0,H15_10,stress,2023-10-02/2023-10-08,-5368.668249090002
FII_DII_DIVERGENCE_Z,1.0,H15_10,stress,2023-10-09/2023-10-15,-4944.85019094
FII_DII_DIVERGENCE_Z,1.0,H15_10,stress,2023-10-16/2023-10-22,-2851.216170940002
FII_DII_DIVERGENCE_Z,1.0,H15_10,stress,2023-10-23/2023-10-29,3069.8802220949983
FII_DII_DIVERGENCE_Z,1.0,H15_10,stress,2023-10-30/2023-11-05,-2518.1905723650025
FII_DII_DIVERGENCE_Z,1.0,H15_10,stress,2023-11-06/2023-11-12,-4448.689329100001
FII_DII_DIVERGENCE_Z,1.0,H15_10,stress,2023-11-13/2023-11-19,-6290.660746090002
FII_DII_DIVERGENCE_Z,1.0,H15_10,stress,2023-11-20/2023-11-26,-1778.3682196900008
FII_DII_DIVERGENCE_Z,1.0,H15_10,stress,2023-12-18/2023-12-24,-7270.372011309999
FII_DII_DIVERGENCE_Z,1.0,H15_10,stress,2023-12-25/2023-12-31,1512.485936334997
FII_DII_DIVERGENCE_Z,1.0,H15_10,stress,2024-01-01/2024-01-07,-5740.424689005001
FII_DII_DIVERGENCE_Z,1.0,H15_10,stress,2024-01-08/2024-01-14,-5422.802140139999
FII_DII_DIVERGENCE_Z,1.0,H15_10,stress,2024-01-15/2024-01-21,-6697.612867925001
FII_DII_DIVERGENCE_Z,1.0,H15_10,stress,2024-03-18/2024-03-24,-5617.009743310001
FII_DII_DIVERGENCE_Z,1.0,H15_10,stress,2024-03-25/2024-03-31,-2762.9134429550004
FII_DII_DIVERGENCE_Z,1.0,H15_10,stress,2024-04-08/2024-04-14,-2299.6027003750014
FII_DII_DIVERGENCE_Z,1.0,H15_10,stress,2024-04-15/2024-04-21,-2441.0656845800017
FII_DII_DIVERGENCE_Z,1.0,H15_10,stress,2024-04-29/2024-05-05,-3711.9826166375
FII_DII_DIVERGENCE_Z,1.0,H15_10,stress,2024-05-06/2024-05-12,-1546.7990664975002
FII_DII_DIVERGENCE_Z,1.0,H15_10,stress,2024-05-13/2024-05-19,-2292.8970642975
FII_DII_DIVERGENCE_Z,1.0,H15_10,stress,2024-05-20/2024-05-26,-5744.2537627
FII_DII_DIVERGENCE_Z,1.0,H15_10,stress,2024-05-27/2024-06-02,-14.079589977497506
FII_DII_DIVERGENCE_Z,1.0,H15_10,stress,2024-06-03/2024-06-09,-6682.7726411725
FII_DII_DIVERGENCE_Z,1.0,H15_10,stress,2024-06-10/2024-06-16,403.4944524324991
FII_DII_DIVERGENCE_Z,1.0,H15_10,stress,2024-06-17/2024-06-23,-1624.0677484225005
FII_DII_DIVERGENCE_Z,1.0,H15_10,stress,2024-06-24/2024-06-30,2166.5479783299993
FII_DII_DIVERGENCE_Z,1.0,H15_10,stress,2024-07-01/2024-07-07,-1107.5339052350005
FII_DII_DIVERGENCE_Z,1.0,H15_10,stress,2024-07-08/2024-07-14,-1777.8566435525008
FII_DII_DIVERGENCE_Z,1.0,H15_10,stress,2024-07-15/2024-07-21,-1306.5218340775014
FII_DII_DIVERGENCE_Z,1.0,H15_10,stress,2024-07-22/2024-07-28,-1389.3083431849998
FII_DII_DIVERGENCE_Z,1.0,H15_10,stress,2024-09-30/2024-10-06,-2900.032566705
FII_DII_DIVERGENCE_Z,1.0,H15_10,stress,2024-10-07/2024-10-13,-1540.3060288500008
FII_DII_DIVERGENCE_Z,1.0,H15_10,stress,2024-10-14/2024-10-20,-1737.8976197150016
FII_DII_DIVERGENCE_Z,1.0,H15_10,stress,2024-10-21/2024-10-27,1448.333640797499
FII_DII_DIVERGENCE_Z,1.0,H15_10,stress,2024-10-28/2024-11-03,-3733.693693665001
FII_DII_DIVERGENCE_Z,1.0,H15_10,stress,2024-11-04/2024-11-10,-2480.861135662502
FII_DII_DIVERGENCE_Z,1.0,H15_10,stress,2024-11-11/2024-11-17,1117.5958349899993
FII_DII_DIVERGENCE_Z,1.0,H15_10,stress,2024-11-18/2024-11-24,-5896.631767625
FII_DII_DIVERGENCE_Z,1.0,H15_10,stress,2024-11-25/2024-12-01,-18.061981520001723
FII_DII_DIVERGENCE_Z,1.0,H15_10,stress,2024-12-23/2024-12-29,-1750.2673004125013
FII_DII_DIVERGENCE_Z,1.0,H15_10,stress,2024-12-30/2025-01-05,-15715.2968563825
FII_DII_DIVERGENCE_Z,1.0,H15_10,stress,2025-01-06/2025-01-12,1618.3816838149933
FII_DII_DIVERGENCE_Z,1.0,H15_10,stress,2025-01-13/2025-01-19,-3443.0184675925034
FII_DII_DIVERGENCE_Z,1.0,H15_10,stress,2025-01-20/2025-01-26,-7409.085217697502
FII_DII_DIVERGENCE_Z,1.0,H15_10,stress,2025-01-27/2025-02-02,-7100.9666635925005
FII_DII_DIVERGENCE_Z,1.0,H15_10,stress,2025-02-03/2025-02-09,-5159.7814677825045
FII_DII_DIVERGENCE_Z,1.0,H15_10,stress,2025-02-10/2025-02-16,-1769.7739871650042
FII_DII_DIVERGENCE_Z,1.0,H15_10,stress,2025-02-17/2025-02-23,-11665.615850567505
FII_DII_DIVERGENCE_Z,1.0,H15_10,stress,2025-02-24/2025-03-02,-2165.7900678475016
FII_DII_DIVERGENCE_Z,1.0,H15_10,stress,2025-03-03/2025-03-09,-17591.733905995003
FII_DII_DIVERGENCE_Z,1.0,H15_10,stress,2025-03-10/2025-03-16,-5509.312756212502
FII_DII_DIVERGENCE_Z,1.0,H15_10,stress,2025-03-17/2025-03-23,-3675.7478903875012
FII_DII_DIVERGENCE_Z,1.0,H15_10,stress,2025-03-24/2025-03-30,-1624.9277515400013
FII_DII_DIVERGENCE_Z,1.0,H15_10,stress,2025-04-07/2025-04-13,-6883.268597115003
FII_DII_DIVERGENCE_Z,1.0,H15_10,stress,2025-04-14/2025-04-20,-19044.863373592496
FII_DII_DIVERGENCE_Z,1.0,H15_10,stress,2025-04-21/2025-04-27,-3715.461762739998
FII_DII_DIVERGENCE_Z,1.0,H15_10,stress,2025-04-28/2025-05-04,-5139.844757802495
FII_DII_DIVERGENCE_Z,1.0,H15_10,stress,2025-05-05/2025-05-11,-12910.327728235003
FII_DII_DIVERGENCE_Z,1.0,H15_10,stress,2025-05-12/2025-05-18,751.8796905825009
FII_DII_DIVERGENCE_Z,1.0,H15_10,stress,2025-05-19/2025-05-25,-7021.912569160004
FII_DII_DIVERGENCE_Z,1.0,H15_10,stress,2025-05-26/2025-06-01,-1942.6159483500057
FII_DII_DIVERGENCE_Z,1.0,H15_10,stress,2025-06-02/2025-06-08,-7131.608852350002
FII_DII_DIVERGENCE_Z,1.0,H15_10,stress,2025-06-16/2025-06-22,-3635.0225240600007
FII_DII_DIVERGENCE_Z,1.0,H15_10,stress,2025-07-14/2025-07-20,-5138.677543895
FII_DII_DIVERGENCE_Z,1.0,H15_10,stress,2025-07-21/2025-07-27,-8969.486097515002
FII_DII_DIVERGENCE_Z,1.0,H15_10,stress,2025-07-28/2025-08-03,403.6536676024987
FII_DII_DIVERGENCE_Z,1.0,H15_10,stress,2025-08-04/2025-08-10,-3368.4970393450017
FII_DII_DIVERGENCE_Z,1.0,H15_10,stress,2025-08-11/2025-08-17,-8458.228590065002
FII_DII_DIVERGENCE_Z,1.0,H15_10,stress,2025-08-18/2025-08-24,-1922.0621766550014
FII_DII_DIVERGENCE_Z,1.0,H15_10,stress,2025-08-25/2025-08-31,1566.6732300099993
FII_DII_DIVERGENCE_Z,1.0,H15_10,stress,2025-09-29/2025-10-05,-8567.307171895001
FII_DII_DIVERGENCE_Z,1.0,H15_10,stress,2025-10-06/2025-10-12,-9995.24981438
FII_DII_DIVERGENCE_Z,1.0,H15_10,stress,2025-10-13/2025-10-19,765.3215298649998
FII_DII_DIVERGENCE_Z,1.0,H15_10,stress,2025-10-20/2025-10-26,-8379.253529010002
FII_DII_DIVERGENCE_Z,1.0,H15_10,stress,2025-10-27/2025-11-02,-8443.270502920006
FII_DII_DIVERGENCE_Z,1.0,H15_10,stress,2025-11-17/2025-11-23,786.2697241375002
FII_DII_DIVERGENCE_Z,1.0,H15_10,stress,2025-12-01/2025-12-07,589.3644745150004
FII_DII_DIVERGENCE_Z,1.0,H15_10,stress,2025-12-15/2025-12-21,-870.3035022825019
FII_DII_DIVERGENCE_Z,1.0,H15_10,stress,2025-12-22/2025-12-28,-1439.4537851750001
FII_DII_DIVERGENCE_Z,1.0,H15_10,stress,2026-01-12/2026-01-18,292.8404277039997
FII_DII_DIVERGENCE_Z,1.0,H15_10,stress,2026-01-19/2026-01-25,3130.6810230145
FII_DII_DIVERGENCE_Z,1.0,H15_10,stress,2026-01-26/2026-02-01,2245.0447481134943
FII_DII_DIVERGENCE_Z,1.0,H15_10,stress,2026-02-02/2026-02-08,-4687.339263589003
FII_DII_DIVERGENCE_Z,1.0,H15_10,stress,2026-02-16/2026-02-22,-4015.857463703498
FII_DII_DIVERGENCE_Z,1.0,H15_10,stress,2026-02-23/2026-03-01,-16041.820580872998
FII_DII_DIVERGENCE_Z,1.0,H15_10,stress,2026-03-02/2026-03-08,-4163.106139790175
FII_DII_DIVERGENCE_Z,1.0,H15_10,stress,2026-03-09/2026-03-15,2580.538075375669
FII_DII_DIVERGENCE_Z,1.0,H15_10,stress,2026-03-16/2026-03-22,-6861.193982561397
FII_DII_DIVERGENCE_Z,1.0,H15_10,stress,2026-03-23/2026-03-29,-5133.915375893661
FII_DII_DIVERGENCE_Z,1.0,H15_10,stress,2026-03-30/2026-04-05,-1553.9254298924184
FII_DII_DIVERGENCE_Z,1.0,H15_10,stress,2026-04-06/2026-04-12,-4312.684756057318
FII_DII_DIVERGENCE_Z,1.0,H15_10,stress,2026-04-20/2026-04-26,-903.1930756493916
FII_DII_DIVERGENCE_Z,1.0,H15_10,stress,2026-05-18/2026-05-24,-6721.330528275006
FII_DII_DIVERGENCE_Z,1.0,H15_10,stress,2026-06-15/2026-06-21,-2195.216807276423
FII_DII_DIVERGENCE_Z,1.0,H15_10,stress,2026-06-22/2026-06-28,2211.838703437649
FII_DII_DIVERGENCE_Z,1.0,H15_10,stress,2026-06-29/2026-07-05,-2118.5511084233485
FII_IDX_NET_Z,0.5,H10_30,stress,2021-09-27/2021-10-03,-1615.1835236850006
FII_IDX_NET_Z,0.5,H10_30,stress,2021-10-04/2021-10-10,-3431.910210310002
FII_IDX_NET_Z,0.5,H10_30,stress,2021-10-11/2021-10-17,-2515.5227135500018
FII_IDX_NET_Z,0.5,H10_30,stress,2021-10-18/2021-10-24,-2929.335744810001
FII_IDX_NET_Z,0.5,H10_30,stress,2021-10-25/2021-10-31,-80.82708615000044
FII_IDX_NET_Z,0.5,H10_30,stress,2021-11-01/2021-11-07,-541.382122300002
FII_IDX_NET_Z,0.5,H10_30,stress,2021-11-08/2021-11-14,1347.7824201099984
FII_IDX_NET_Z,0.5,H10_30,stress,2021-11-15/2021-11-21,774.2902552499982
FII_IDX_NET_Z,0.5,H10_30,stress,2021-11-22/2021-11-28,-2618.167950850003
FII_IDX_NET_Z,0.5,H10_30,stress,2021-11-29/2021-12-05,-853.8502112849995
FII_IDX_NET_Z,0.5,H10_30,stress,2021-12-06/2021-12-12,-1966.5862930700002
FII_IDX_NET_Z,0.5,H10_30,stress,2021-12-13/2021-12-19,99.34968522500048
FII_IDX_NET_Z,0.5,H10_30,stress,2021-12-20/2021-12-26,-3644.655775095
FII_IDX_NET_Z,0.5,H10_30,stress,2021-12-27/2022-01-02,681.5362017599987
FII_IDX_NET_Z,0.5,H10_30,stress,2022-01-03/2022-01-09,-167.6697744250006
FII_IDX_NET_Z,0.5,H10_30,stress,2022-01-10/2022-01-16,356.6405203699984
FII_IDX_NET_Z,0.5,H10_30,stress,2022-01-17/2022-01-23,-630.4848310750011
FII_IDX_NET_Z,0.5,H10_30,stress,2022-01-24/2022-01-30,-1105.678323185001
FII_IDX_NET_Z,0.5,H10_30,stress,2022-01-31/2022-02-06,-1820.74433209
FII_IDX_NET_Z,0.5,H10_30,stress,2022-02-07/2022-02-13,-1319.5150572100008
FII_IDX_NET_Z,0.5,H10_30,stress,2022-02-14/2022-02-20,-397.630483374998
FII_IDX_NET_Z,0.5,H10_30,stress,2022-02-21/2022-02-27,-790.1119557599995
FII_IDX_NET_Z,0.5,H10_30,stress,2022-02-28/2022-03-06,448.35132667000096
FII_IDX_NET_Z,0.5,H10_30,stress,2022-03-07/2022-03-13,-2361.1284388549993
FII_IDX_NET_Z,0.5,H10_30,stress,2022-03-14/2022-03-20,-1544.0068781
FII_IDX_NET_Z,0.5,H10_30,stress,2022-03-28/2022-04-03,1246.8027260099998
FII_IDX_NET_Z,0.5,H10_30,stress,2022-04-04/2022-04-10,-1926.083165860003
FII_IDX_NET_Z,0.5,H10_30,stress,2022-04-11/2022-04-17,-1397.9143629150008
FII_IDX_NET_Z,0.5,H10_30,stress,2022-04-18/2022-04-24,582.9392581349986
FII_IDX_NET_Z,0.5,H10_30,stress,2022-04-25/2022-05-01,930.2707791249974
FII_IDX_NET_Z,0.5,H10_30,stress,2022-05-02/2022-05-08,-1068.9657129800019
FII_IDX_NET_Z,0.5,H10_30,stress,2022-05-09/2022-05-15,959.2684638899966
FII_IDX_NET_Z,0.5,H10_30,stress,2022-05-16/2022-05-22,-2138.691552980001
FII_IDX_NET_Z,0.5,H10_30,stress,2022-05-23/2022-05-29,383.80445343499946
FII_IDX_NET_Z,0.5,H10_30,stress,2022-05-30/2022-06-05,849.6702721599991
FII_IDX_NET_Z,0.5,H10_30,stress,2022-06-06/2022-06-12,-2132.979967160002
FII_IDX_NET_Z,0.5,H10_30,stress,2022-06-13/2022-06-19,-2739.1541468500036
FII_IDX_NET_Z,0.5,H10_30,stress,2022-06-20/2022-06-26,-4722.399323325005
FII_IDX_NET_Z,0.5,H10_30,stress,2022-06-27/2022-07-03,-660.1895031200041
FII_IDX_NET_Z,0.5,H10_30,stress,2022-07-04/2022-07-10,-1022.4186136900025
FII_IDX_NET_Z,0.5,H10_30,stress,2022-07-11/2022-07-17,-260.00943708500023
FII_IDX_NET_Z,0.5,H10_30,stress,2022-07-18/2022-07-24,-1723.5511017850008
FII_IDX_NET_Z,0.5,H10_30,stress,2022-07-25/2022-07-31,-1189.452432725
FII_IDX_NET_Z,0.5,H10_30,stress,2022-08-01/2022-08-07,-3061.267687595003
FII_IDX_NET_Z,0.5,H10_30,stress,2022-08-08/2022-08-14,980.5984158399986
FII_IDX_NET_Z,0.5,H10_30,stress,2022-08-15/2022-08-21,-79.40669345000231
FII_IDX_NET_Z,0.5,H10_30,stress,2022-08-22/2022-08-28,-1681.259280045002
FII_IDX_NET_Z,0.5,H10_30,stress,2022-08-29/2022-09-04,2677.09097028
FII_IDX_NET_Z,0.5,H10_30,stress,2022-09-05/2022-09-11,-653.3348612000033
FII_IDX_NET_Z,0.5,H10_30,stress,2022-09-12/2022-09-18,-477.5166751450003
FII_IDX_NET_Z,0.5,H10_30,stress,2022-09-26/2022-10-02,460.00362336500075
FII_IDX_NET_Z,0.5,H10_30,stress,2022-10-03/2022-10-09,-1544.8886250150026
FII_IDX_NET_Z,0.5,H10_30,stress,2022-10-10/2022-10-16,1292.726954194999
FII_IDX_NET_Z,0.5,H10_30,stress,2022-10-17/2022-10-23,-2556.256042240003
FII_IDX_NET_Z,0.5,H10_30,stress,2022-10-24/2022-10-30,33.65996265
FII_IDX_NET_Z,0.5,H10_30,stress,2022-10-31/2022-11-06,-184.07804415000282
FII_IDX_NET_Z,0.5,H10_30,stress,2022-11-07/2022-11-13,-3377.5087425700012
FII_IDX_NET_Z,0.5,H10_30,stress,2022-11-14/2022-11-20,-2088.9276269950014
FII_IDX_NET_Z,0.5,H10_30,stress,2022-11-21/2022-11-27,-76.0137069550021
FII_IDX_NET_Z,0.5,H10_30,stress,2022-11-28/2022-12-04,-2075.244886515001
FII_IDX_NET_Z,0.5,H10_30,stress,2022-12-05/2022-12-11,-660.7545371450008
FII_IDX_NET_Z,0.5,H10_30,stress,2022-12-12/2022-12-18,998.1719274400002
FII_IDX_NET_Z,0.5,H10_30,stress,2022-12-19/2022-12-25,-904.69367541
FII_IDX_NET_Z,0.5,H10_30,stress,2023-01-02/2023-01-08,71.99215049000024
FII_IDX_NET_Z,0.5,H10_30,stress,2023-01-09/2023-01-15,-3775.4397369350013
FII_IDX_NET_Z,0.5,H10_30,stress,2023-01-16/2023-01-22,-3334.214353860001
FII_IDX_NET_Z,0.5,H10_30,stress,2023-01-23/2023-01-29,59.218171309998866
FII_IDX_NET_Z,0.5,H10_30,stress,2023-01-30/2023-02-05,1128.2392189599968
FII_IDX_NET_Z,0.5,H10_30,stress,2023-02-06/2023-02-12,-2148.514758555002
FII_IDX_NET_Z,0.5,H10_30,stress,2023-02-13/2023-02-19,-1423.7900326650024
FII_IDX_NET_Z,0.5,H10_30,stress,2023-02-20/2023-02-26,-3545.608872660001
FII_IDX_NET_Z,0.5,H10_30,stress,2023-02-27/2023-03-05,-1614.167297335001
FII_IDX_NET_Z,0.5,H10_30,stress,2023-03-06/2023-03-12,-3245.368138570001
FII_IDX_NET_Z,0.5,H10_30,stress,2023-03-13/2023-03-19,-215.8156721950016
FII_IDX_NET_Z,0.5,H10_30,stress,2023-03-20/2023-03-26,-2800.8825438950007
FII_IDX_NET_Z,0.5,H10_30,stress,2023-03-27/2023-04-02,-562.6437147700008
FII_IDX_NET_Z,0.5,H10_30,stress,2023-04-03/2023-04-09,-3965.9811936550004
FII_IDX_NET_Z,0.5,H10_30,stress,2023-04-10/2023-04-16,-995.1154572849999
FII_IDX_NET_Z,0.5,H10_30,stress,2023-04-17/2023-04-23,-6132.000330310002
FII_IDX_NET_Z,0.5,H10_30,stress,2023-04-24/2023-04-30,-356.9163384449995
FII_IDX_NET_Z,0.5,H10_30,stress,2023-05-01/2023-05-07,-18.338284910000084
FII_IDX_NET_Z,0.5,H10_30,stress,2023-05-08/2023-05-14,866.345551314999
FII_IDX_NET_Z,0.5,H10_30,stress,2023-05-15/2023-05-21,-3435.0553596050004
FII_IDX_NET_Z,0.5,H10_30,stress,2023-05-22/2023-05-28,127.0536914399987
FII_IDX_NET_Z,0.5,H10_30,stress,2023-05-29/2023-06-04,-1572.255261240001
FII_IDX_NET_Z,0.5,H10_30,stress,2023-06-05/2023-06-11,-1323.3033857400033
FII_IDX_NET_Z,0.5,H10_30,stress,2023-06-12/2023-06-18,1931.019580785
FII_IDX_NET_Z,0.5,H10_30,stress,2023-06-19/2023-06-25,-1812.6959167650011
FII_IDX_NET_Z,0.5,H10_30,stress,2023-06-26/2023-07-02,-1247.4881076850013
FII_IDX_NET_Z,0.5,H10_30,stress,2023-07-03/2023-07-09,-1897.5013186550013
FII_IDX_NET_Z,0.5,H10_30,stress,2023-07-10/2023-07-16,1124.2202947949984
FII_IDX_NET_Z,0.5,H10_30,stress,2023-07-17/2023-07-23,-1107.2404306950025
FII_IDX_NET_Z,0.5,H10_30,stress,2023-07-24/2023-07-30,339.0922481999985
FII_IDX_NET_Z,0.5,H10_30,stress,2023-07-31/2023-08-06,328.22664125000006
FII_IDX_NET_Z,0.5,H10_30,stress,2023-08-07/2023-08-13,641.2906845699982
FII_IDX_NET_Z,0.5,H10_30,stress,2023-08-14/2023-08-20,-1889.2811011150006
FII_IDX_NET_Z,0.5,H10_30,stress,2023-08-21/2023-08-27,894.8742924349983
FII_IDX_NET_Z,0.5,H10_30,stress,2023-08-28/2023-09-03,-1597.378777395
FII_IDX_NET_Z,0.5,H10_30,stress,2023-09-11/2023-09-17,-2669.20974764
FII_IDX_NET_Z,0.5,H10_30,stress,2023-09-18/2023-09-24,-1816.277850805001
FII_IDX_NET_Z,0.5,H10_30,stress,2023-09-25/2023-10-01,-527.3333582450015
FII_IDX_NET_Z,0.5,H10_30,stress,2023-10-02/2023-10-08,-1585.8093905600017
FII_IDX_NET_Z,0.5,H10_30,stress,2023-10-09/2023-10-15,-1491.3432770600004
FII_IDX_NET_Z,0.5,H10_30,stress,2023-10-16/2023-10-22,-3719.683427810002
FII_IDX_NET_Z,0.5,H10_30,stress,2023-10-23/2023-10-29,-188.18213706499927
FII_IDX_NET_Z,0.5,H10_30,stress,2023-10-30/2023-11-05,-550.9021767500019
FII_IDX_NET_Z,0.5,H10_30,stress,2023-11-06/2023-11-12,-1520.485510620001
FII_IDX_NET_Z,0.5,H10_30,stress,2023-11-13/2023-11-19,-3048.7815803250023
FII_IDX_NET_Z,0.5,H10_30,stress,2023-11-20/2023-11-26,-825.1745713200005
FII_IDX_NET_Z,0.5,H10_30,stress,2023-11-27/2023-12-03,-946.2044947400011
FII_IDX_NET_Z,0.5,H10_30,stress,2023-12-04/2023-12-10,-418.8952128250013
FII_IDX_NET_Z,0.5,H10_30,stress,2023-12-11/2023-12-17,-2593.4489887450004
FII_IDX_NET_Z,0.5,H10_30,stress,2023-12-18/2023-12-24,-341.44819553499974
FII_IDX_NET_Z,0.5,H10_30,stress,2023-12-25/2023-12-31,465.45911630999854
FII_IDX_NET_Z,0.5,H10_30,stress,2024-01-01/2024-01-07,-3071.6114128450004
FII_IDX_NET_Z,0.5,H10_30,stress,2024-01-08/2024-01-14,-758.8901279250003
FII_IDX_NET_Z,0.5,H10_30,stress,2024-01-15/2024-01-21,-955.2511259049985
FII_IDX_NET_Z,0.5,H10_30,stress,2024-01-29/2024-02-04,-4404.070993495002
FII_IDX_NET_Z,0.5,H10_30,stress,2024-02-05/2024-02-11,-651.3192895650016
FII_IDX_NET_Z,0.5,H10_30,stress,2024-02-12/2024-02-18,-3098.2916852350036
FII_IDX_NET_Z,0.5,H10_30,stress,2024-02-19/2024-02-25,-1703.9806092300028
FII_IDX_NET_Z,0.5,H10_30,stress,2024-02-26/2024-03-03,-978.3008327350009
FII_IDX_NET_Z,0.5,H10_30,stress,2024-03-04/2024-03-10,-384.5382870700022
FII_IDX_NET_Z,0.5,H10_30,stress,2024-03-11/2024-03-17,-372.7584317900016
FII_IDX_NET_Z,0.5,H10_30,stress,2024-03-18/2024-03-24,-2299.9836987900044
FII_IDX_NET_Z,0.5,H10_30,stress,2024-03-25/2024-03-31,-4691.326719155001
FII_IDX_NET_Z,0.5,H10_30,stress,2024-04-08/2024-04-14,-1953.5076599100012
FII_IDX_NET_Z,0.5,H10_30,stress,2024-04-15/2024-04-21,128.15085101000125
FII_IDX_NET_Z,0.5,H10_30,stress,2024-04-22/2024-04-28,-4857.176027850003
FII_IDX_NET_Z,0.5,H10_30,stress,2024-04-29/2024-05-05,-108.7008285549997
FII_IDX_NET_Z,0.5,H10_30,stress,2024-05-06/2024-05-12,-2005.0265781650012
FII_IDX_NET_Z,0.5,H10_30,stress,2024-05-13/2024-05-19,2211.092270742498
FII_IDX_NET_Z,0.5,H10_30,stress,2024-05-20/2024-05-26,-1120.4577977900005
FII_IDX_NET_Z,0.5,H10_30,stress,2024-05-27/2024-06-02,-1302.4452882899989
FII_IDX_NET_Z,0.5,H10_30,stress,2024-06-03/2024-06-09,-2958.2327587124946
FII_IDX_NET_Z,0.5,H10_30,stress,2024-06-10/2024-06-16,276.91165183499913
FII_IDX_NET_Z,0.5,H10_30,stress,2024-06-17/2024-06-23,-1269.358390200001
FII_IDX_NET_Z,0.5,H10_30,stress,2024-06-24/2024-06-30,650.0834081074992
FII_IDX_NET_Z,0.5,H10_30,stress,2024-07-01/2024-07-07,169.46303145249885
FII_IDX_NET_Z,0.5,H10_30,stress,2024-07-08/2024-07-14,-3051.232380435001
FII_IDX_NET_Z,0.5,H10_30,stress,2024-07-15/2024-07-21,-637.8217974650004
FII_IDX_NET_Z,0.5,H10_30,stress,2024-07-22/2024-07-28,-520.7618853024999
FII_IDX_NET_Z,0.5,H10_30,stress,2024-07-29/2024-08-04,-180.54852648500133
FII_IDX_NET_Z,0.5,H10_30,stress,2024-08-26/2024-09-01,-450.8618102150005
FII_IDX_NET_Z,0.5,H10_30,stress,2024-09-02/2024-09-08,-618.0792057600008
FII_IDX_NET_Z,0.5,H10_30,stress,2024-09-23/2024-09-29,119.13652418249902
FII_IDX_NET_Z,0.5,H10_30,stress,2024-09-30/2024-10-06,-1456.4605549825
FII_IDX_NET_Z,0.5,H10_30,stress,2024-10-07/2024-10-13,-2303.182309200001
FII_IDX_NET_Z,0.5,H10_30,stress,2024-10-14/2024-10-20,-723.6000339500013
FII_IDX_NET_Z,0.5,H10_30,stress,2024-10-21/2024-10-27,60.31577746499909
FII_IDX_NET_Z,0.5,H10_30,stress,2024-10-28/2024-11-03,-2064.276569482501
FII_IDX_NET_Z,0.5,H10_30,stress,2024-11-04/2024-11-10,958.0062793649979
FII_IDX_NET_Z,0.5,H10_30,stress,2024-11-11/2024-11-17,-1814.0525718350004
FII_IDX_NET_Z,0.5,H10_30,stress,2024-11-18/2024-11-24,-1960.9528105024958
FII_IDX_NET_Z,0.5,H10_30,stress,2024-11-25/2024-12-01,-146.5311352225067
FII_IDX_NET_Z,0.5,H10_30,stress,2024-12-02/2024-12-08,-4809.879501652503
FII_IDX_NET_Z,0.5,H10_30,stress,2024-12-23/2024-12-29,-2170.797212135002
FII_IDX_NET_Z,0.5,H10_30,stress,2024-12-30/2025-01-05,-2639.635835514998
FII_IDX_NET_Z,0.5,H10_30,stress,2025-01-06/2025-01-12,1307.8567919149946
FII_IDX_NET_Z,0.5,H10_30,stress,2025-01-13/2025-01-19,-2981.863201000003
FII_IDX_NET_Z,0.5,H10_30,stress,2025-01-20/2025-01-26,-4468.422648452502
FII_IDX_NET_Z,0.5,H10_30,stress,2025-01-27/2025-02-02,-590.717123212495
FII_IDX_NET_Z,0.5,H10_30,stress,2025-02-03/2025-02-09,-3157.487408747503
FII_IDX_NET_Z,0.5,H10_30,stress,2025-02-10/2025-02-16,-1358.665179707502
FII_IDX_NET_Z,0.5,H10_30,stress,2025-02-17/2025-02-23,-4902.5653084300075
FII_IDX_NET_Z,0.5,H10_30,stress,2025-02-24/2025-03-02,-1016.5018037975017
FII_IDX_NET_Z,0.5,H10_30,stress,2025-03-03/2025-03-09,-46.042429712501644
FII_IDX_NET_Z,0.5,H10_30,stress,2025-03-17/2025-03-23,3756.4283152749967
FII_IDX_NET_Z,0.5,H10_30,stress,2025-03-24/2025-03-30,4259.559252507493
FII_IDX_NET_Z,0.5,H10_30,stress,2025-03-31/2025-04-06,-5495.941380575003
FII_IDX_NET_Z,0.5,H10_30,stress,2025-04-07/2025-04-13,-7028.191303837497
FII_IDX_NET_Z,0.5,H10_30,stress,2025-04-14/2025-04-20,-582.5445731400001
FII_IDX_NET_Z,0.5,H10_30,stress,2025-04-21/2025-04-27,-4290.286684915001
FII_IDX_NET_Z,0.5,H10_30,stress,2025-04-28/2025-05-04,-3369.248148199996
FII_IDX_NET_Z,0.5,H10_30,stress,2025-05-05/2025-05-11,-4466.852055520001
FII_IDX_NET_Z,0.5,H10_30,stress,2025-05-12/2025-05-18,-999.5110194475017
FII_IDX_NET_Z,0.5,H10_30,stress,2025-05-19/2025-05-25,733.6225069224968
FII_IDX_NET_Z,0.5,H10_30,stress,2025-05-26/2025-06-01,713.6415629949977
FII_IDX_NET_Z,0.5,H10_30,stress,2025-06-02/2025-06-08,-7297.013220482503
FII_IDX_NET_Z,0.5,H10_30,stress,2025-06-09/2025-06-15,-4746.214320070003
FII_IDX_NET_Z,0.5,H10_30,stress,2025-06-16/2025-06-22,-7290.049703665001
FII_IDX_NET_Z,0.5,H10_30,stress,2025-06-23/2025-06-29,-2534.5802223625055
FII_IDX_NET_Z,0.5,H10_30,stress,2025-06-30/2025-07-06,-858.8297739275005
FII_IDX_NET_Z,0.5,H10_30,stress,2025-07-07/2025-07-13,495.1385715174999
FII_IDX_NET_Z,0.5,H10_30,stress,2025-07-14/2025-07-20,999.5886730100005
FII_IDX_NET_Z,0.5,H10_30,stress,2025-07-21/2025-07-27,-2051.5095456700014
FII_IDX_NET_Z,0.5,H10_30,stress,2025-07-28/2025-08-03,1376.0241968524977
FII_IDX_NET_Z,0.5,H10_30,stress,2025-08-04/2025-08-10,6326.186966067498
FII_IDX_NET_Z,0.5,H10_30,stress,2025-08-11/2025-08-17,-4107.364489685003
FII_IDX_NET_Z,0.5,H10_30,stress,2025-08-18/2025-08-24,-4792.1784788950035
FII_IDX_NET_Z,0.5,H10_30,stress,2025-08-25/2025-08-31,-460.13684531250124
FII_IDX_NET_Z,0.5,H10_30,stress,2025-09-01/2025-09-07,1395.3691259149957
FII_IDX_NET_Z,0.5,H10_30,stress,2025-09-08/2025-09-14,-661.6299612925015
FII_IDX_NET_Z,0.5,H10_30,stress,2025-09-15/2025-09-21,39.17010464500028
FII_IDX_NET_Z,0.5,H10_30,stress,2025-09-29/2025-10-05,-2031.5696089300013
FII_IDX_NET_Z,0.5,H10_30,stress,2025-10-06/2025-10-12,-5416.859610110002
FII_IDX_NET_Z,0.5,H10_30,stress,2025-10-13/2025-10-19,714.6326949574991
FII_IDX_NET_Z,0.5,H10_30,stress,2025-10-20/2025-10-26,-3576.228400800003
FII_IDX_NET_Z,0.5,H10_30,stress,2025-10-27/2025-11-02,-4346.004947500008
FII_IDX_NET_Z,0.5,H10_30,stress,2025-11-03/2025-11-09,-1472.8925308550015
FII_IDX_NET_Z,0.5,H10_30,stress,2025-11-24/2025-11-30,1214.2519689299972
FII_IDX_NET_Z,0.5,H10_30,stress,2025-12-01/2025-12-07,-3565.219416457499
FII_IDX_NET_Z,0.5,H10_30,stress,2025-12-08/2025-12-14,-1888.2404042800008
FII_IDX_NET_Z,0.5,H10_30,stress,2025-12-15/2025-12-21,-2381.2020967525013
FII_IDX_NET_Z,0.5,H10_30,stress,2025-12-22/2025-12-28,-197.0444891000009
FII_IDX_NET_Z,0.5,H10_30,stress,2025-12-29/2026-01-04,-1419.608831623002
FII_IDX_NET_Z,0.5,H10_30,stress,2026-01-05/2026-01-11,-305.23917839449973
FII_IDX_NET_Z,0.5,H10_30,stress,2026-01-12/2026-01-18,-3084.928768553501
FII_IDX_NET_Z,0.5,H10_30,stress,2026-01-19/2026-01-25,1970.747773824498
FII_IDX_NET_Z,0.5,H10_30,stress,2026-01-26/2026-02-01,2123.541050448499
FII_IDX_NET_Z,0.5,H10_30,stress,2026-02-02/2026-02-08,-2506.045377051003
FII_IDX_NET_Z,0.5,H10_30,stress,2026-02-09/2026-02-15,-499.1707184125023
FII_IDX_NET_Z,0.5,H10_30,stress,2026-02-16/2026-02-22,2883.7240528500033
FII_IDX_NET_Z,0.5,H10_30,stress,2026-02-23/2026-03-01,-4172.804362163997
FII_IDX_NET_Z,0.5,H10_30,stress,2026-03-02/2026-03-08,-2519.836928261491
FII_IDX_NET_Z,0.5,H10_30,stress,2026-03-09/2026-03-15,713.6565796497987
FII_IDX_NET_Z,0.5,H10_30,stress,2026-03-16/2026-03-22,1285.7411672412036
FII_IDX_NET_Z,0.5,H10_30,stress,2026-04-06/2026-04-12,-892.2030299571837
FII_IDX_NET_Z,0.5,H10_30,stress,2026-04-13/2026-04-19,620.4528776880318
FII_IDX_NET_Z,0.5,H10_30,stress,2026-04-20/2026-04-26,-1150.2648142931112
FII_IDX_NET_Z,0.5,H10_30,stress,2026-04-27/2026-05-03,-1855.6286689676654
FII_IDX_NET_Z,0.5,H10_30,stress,2026-05-04/2026-05-10,203.9176596662076
FII_IDX_NET_Z,0.5,H10_30,stress,2026-05-11/2026-05-17,-624.2741852134116
FII_IDX_NET_Z,0.5,H10_30,stress,2026-05-18/2026-05-24,-1541.5265466779524
FII_IDX_NET_Z,0.5,H10_30,stress,2026-05-25/2026-05-31,-1097.878985525965
FII_IDX_NET_Z,0.5,H10_30,stress,2026-06-29/2026-07-05,-1350.950787197449
FII_IDX_NET_Z,0.5,H15_10,stress,2021-09-27/2021-10-03,-3669.58854293
FII_IDX_NET_Z,0.5,H15_10,stress,2021-10-04/2021-10-10,-5437.445625015
FII_IDX_NET_Z,0.5,H15_10,stress,2021-10-11/2021-10-17,-3657.0765378100014
FII_IDX_NET_Z,0.5,H15_10,stress,2021-10-18/2021-10-24,-10785.346374929999
FII_IDX_NET_Z,0.5,H15_10,stress,2021-10-25/2021-10-31,355.932550929999
FII_IDX_NET_Z,0.5,H15_10,stress,2021-11-01/2021-11-07,-843.4137264850004
FII_IDX_NET_Z,0.5,H15_10,stress,2021-11-08/2021-11-14,-8276.274904515001
FII_IDX_NET_Z,0.5,H15_10,stress,2021-11-15/2021-11-21,278.99518332499963
FII_IDX_NET_Z,0.5,H15_10,stress,2021-11-22/2021-11-28,-6824.846003430003
FII_IDX_NET_Z,0.5,H15_10,stress,2021-11-29/2021-12-05,-6746.9452448400025
FII_IDX_NET_Z,0.5,H15_10,stress,2021-12-06/2021-12-12,-1802.0215356150015
FII_IDX_NET_Z,0.5,H15_10,stress,2021-12-13/2021-12-19,-3705.67657749
FII_IDX_NET_Z,0.5,H15_10,stress,2021-12-20/2021-12-26,-1358.1227937850012
FII_IDX_NET_Z,0.5,H15_10,stress,2021-12-27/2022-01-02,-273.1725870300008
FII_IDX_NET_Z,0.5,H15_10,stress,2022-01-03/2022-01-09,2646.639527599998
FII_IDX_NET_Z,0.5,H15_10,stress,2022-01-10/2022-01-16,3077.958543884998
FII_IDX_NET_Z,0.5,H15_10,stress,2022-01-17/2022-01-23,-250.05563863500134
FII_IDX_NET_Z,0.5,H15_10,stress,2022-01-24/2022-01-30,-5657.39155362
FII_IDX_NET_Z,0.5,H15_10,stress,2022-01-31/2022-02-06,-2580.015873329999
FII_IDX_NET_Z,0.5,H15_10,stress,2022-02-07/2022-02-13,-6816.320382330001
FII_IDX_NET_Z,0.5,H15_10,stress,2022-02-14/2022-02-20,-4118.974092169999
FII_IDX_NET_Z,0.5,H15_10,stress,2022-02-21/2022-02-27,-681.066953739999
FII_IDX_NET_Z,0.5,H15_10,stress,2022-02-28/2022-03-06,714.5746087650004
FII_IDX_NET_Z,0.5,H15_10,stress,2022-03-07/2022-03-13,-7302.588123240003
FII_IDX_NET_Z,0.5,H15_10,stress,2022-03-14/2022-03-20,-5216.399877340002
FII_IDX_NET_Z,0.5,H15_10,stress,2022-03-28/2022-04-03,-1231.3995722300008
FII_IDX_NET_Z,0.5,H15_10,stress,2022-04-04/2022-04-10,-4453.708806245002
FII_IDX_NET_Z,0.5,H15_10,stress,2022-04-11/2022-04-17,-1623.1172966800007
FII_IDX_NET_Z,0.5,H15_10,stress,2022-04-18/2022-04-24,2864.5078630099974
FII_IDX_NET_Z,0.5,H15_10,stress,2022-04-25/2022-05-01,-2810.9562268049995
FII_IDX_NET_Z,0.5,H15_10,stress,2022-05-02/2022-05-08,701.9837806499999
FII_IDX_NET_Z,0.5,H15_10,stress,2022-05-09/2022-05-15,362.7384701699966
FII_IDX_NET_Z,0.5,H15_10,stress,2022-05-16/2022-05-22,-5357.589313890004
FII_IDX_NET_Z,0.5,H15_10,stress,2022-05-23/2022-05-29,2200.1285037649977
FII_IDX_NET_Z,0.5,H15_10,stress,2022-05-30/2022-06-05,361.5671403499991
FII_IDX_NET_Z,0.5,H15_10,stress,2022-06-06/2022-06-12,-6176.084539290001
FII_IDX_NET_Z,0.5,H15_10,stress,2022-06-13/2022-06-19,-443.4486531300024
FII_IDX_NET_Z,0.5,H15_10,stress,2022-06-20/2022-06-26,-6229.563573440004
FII_IDX_NET_Z,0.5,H15_10,stress,2022-06-27/2022-07-03,-4061.1710907950037
FII_IDX_NET_Z,0.5,H15_10,stress,2022-07-04/2022-07-10,-6036.3288569000015
FII_IDX_NET_Z,0.5,H15_10,stress,2022-07-11/2022-07-17,300.234854285
FII_IDX_NET_Z,0.5,H15_10,stress,2022-07-18/2022-07-24,-3456.1812082300003
FII_IDX_NET_Z,0.5,H15_10,stress,2022-07-25/2022-07-31,2955.4029525699975
FII_IDX_NET_Z,0.5,H15_10,stress,2022-08-01/2022-08-07,-1540.870856115001
FII_IDX_NET_Z,0.5,H15_10,stress,2022-08-08/2022-08-14,-347.15308801000083
FII_IDX_NET_Z,0.5,H15_10,stress,2022-08-15/2022-08-21,-1936.9721921000012
FII_IDX_NET_Z,0.5,H15_10,stress,2022-08-22/2022-08-28,-8390.155477960001
FII_IDX_NET_Z,0.5,H15_10,stress,2022-08-29/2022-09-04,-3064.539092925
FII_IDX_NET_Z,0.5,H15_10,stress,2022-09-05/2022-09-11,-4752.538824220002
FII_IDX_NET_Z,0.5,H15_10,stress,2022-09-12/2022-09-18,1210.8191286649985
FII_IDX_NET_Z,0.5,H15_10,stress,2022-09-26/2022-10-02,197.2581217249981
FII_IDX_NET_Z,0.5,H15_10,stress,2022-10-03/2022-10-09,-1849.2673025500035
FII_IDX_NET_Z,0.5,H15_10,stress,2022-10-10/2022-10-16,-1631.2561150500014
FII_IDX_NET_Z,0.5,H15_10,stress,2022-10-17/2022-10-23,-2515.4295663000016
FII_IDX_NET_Z,0.5,H15_10,stress,2022-10-24/2022-10-30,-426.8984107850007
FII_IDX_NET_Z,0.5,H15_10,stress,2022-10-31/2022-11-06,-1129.5492531500022
FII_IDX_NET_Z,0.5,H15_10,stress,2022-11-07/2022-11-13,-4308.624622235001
FII_IDX_NET_Z,0.5,H15_10,stress,2022-11-14/2022-11-20,-1258.3256154000019
FII_IDX_NET_Z,0.5,H15_10,stress,2022-11-21/2022-11-27,2900.1102616349986
FII_IDX_NET_Z,0.5,H15_10,stress,2022-11-28/2022-12-04,-1702.560706920001
FII_IDX_NET_Z,0.5,H15_10,stress,2022-12-05/2022-12-11,-3790.4096946100008
FII_IDX_NET_Z,0.5,H15_10,stress,2022-12-12/2022-12-18,-4782.415583490002
FII_IDX_NET_Z,0.5,H15_10,stress,2022-12-19/2022-12-25,1306.46203827
FII_IDX_NET_Z,0.5,H15_10,stress,2023-01-02/2023-01-08,403.80802511499957
FII_IDX_NET_Z,0.5,H15_10,stress,2023-01-09/2023-01-15,-6727.40511041
FII_IDX_NET_Z,0.5,H15_10,stress,2023-01-16/2023-01-22,-3654.7709122450015
FII_IDX_NET_Z,0.5,H15_10,stress,2023-01-23/2023-01-29,733.561476614999
FII_IDX_NET_Z,0.5,H15_10,stress,2023-01-30/2023-02-05,-6837.860150760002
FII_IDX_NET_Z,0.5,H15_10,stress,2023-02-06/2023-02-12,-6179.849435620003
FII_IDX_NET_Z,0.5,H15_10,stress,2023-02-13/2023-02-19,-3884.592777720001
FII_IDX_NET_Z,0.5,H15_10,stress,2023-02-20/2023-02-26,3123.2224023199997
FII_IDX_NET_Z,0.5,H15_10,stress,2023-02-27/2023-03-05,-4088.322139880001
FII_IDX_NET_Z,0.5,H15_10,stress,2023-03-06/2023-03-12,-4204.907851115
FII_IDX_NET_Z,0.5,H15_10,stress,2023-03-13/2023-03-19,2247.74314117
FII_IDX_NET_Z,0.5,H15_10,stress,2023-03-20/2023-03-26,-3747.7128671600017
FII_IDX_NET_Z,0.5,H15_10,stress,2023-03-27/2023-04-02,-3003.386444775
FII_IDX_NET_Z,0.5,H15_10,stress,2023-04-03/2023-04-09,-8194.665970140002
FII_IDX_NET_Z,0.5,H15_10,stress,2023-04-10/2023-04-16,-1317.05237366
FII_IDX_NET_Z,0.5,H15_10,stress,2023-04-17/2023-04-23,-6255.884684220002
FII_IDX_NET_Z,0.5,H15_10,stress,2023-04-24/2023-04-30,4952.32289748
FII_IDX_NET_Z,0.5,H15_10,stress,2023-05-01/2023-05-07,-1762.9719996700005
FII_IDX_NET_Z,0.5,H15_10,stress,2023-05-08/2023-05-14,-865.2660505250011
FII_IDX_NET_Z,0.5,H15_10,stress,2023-05-15/2023-05-21,-10365.276339880002
FII_IDX_NET_Z,0.5,H15_10,stress,2023-05-22/2023-05-28,-274.19839880500103
FII_IDX_NET_Z,0.5,H15_10,stress,2023-05-29/2023-06-04,-4791.880046840001
FII_IDX_NET_Z,0.5,H15_10,stress,2023-06-05/2023-06-11,-6713.392191510002
FII_IDX_NET_Z,0.5,H15_10,stress,2023-06-12/2023-06-18,-1174.3255966250006
FII_IDX_NET_Z,0.5,H15_10,stress,2023-06-19/2023-06-25,-4090.354501420002
FII_IDX_NET_Z,0.5,H15_10,stress,2023-06-26/2023-07-02,1266.2927821899987
FII_IDX_NET_Z,0.5,H15_10,stress,2023-07-03/2023-07-09,-4195.132277505002
FII_IDX_NET_Z,0.5,H15_10,stress,2023-07-10/2023-07-16,-7702.430013580002
FII_IDX_NET_Z,0.5,H15_10,stress,2023-07-17/2023-07-23,401.13884945999826
FII_IDX_NET_Z,0.5,H15_10,stress,2023-07-24/2023-07-30,-9630.842147425
FII_IDX_NET_Z,0.5,H15_10,stress,2023-07-31/2023-08-06,319.77916535999907
FII_IDX_NET_Z,0.5,H15_10,stress,2023-08-07/2023-08-13,-6115.15451473
FII_IDX_NET_Z,0.5,H15_10,stress,2023-08-14/2023-08-20,-7751.383463575001
FII_IDX_NET_Z,0.5,H15_10,stress,2023-08-21/2023-08-27,-2214.850984740001
FII_IDX_NET_Z,0.5,H15_10,stress,2023-08-28/2023-09-03,-1226.8471338849995
FII_IDX_NET_Z,0.5,H15_10,stress,2023-09-11/2023-09-17,951.0926178999999
FII_IDX_NET_Z,0.5,H15_10,stress,2023-09-18/2023-09-24,-4093.2206942800003
FII_IDX_NET_Z,0.5,H15_10,stress,2023-09-25/2023-10-01,-5347.085786450002
FII_IDX_NET_Z,0.5,H15_10,stress,2023-10-02/2023-10-08,-5368.668249090002
FII_IDX_NET_Z,0.5,H15_10,stress,2023-10-09/2023-10-15,-4944.85019094
FII_IDX_NET_Z,0.5,H15_10,stress,2023-10-16/2023-10-22,-2851.216170940002
FII_IDX_NET_Z,0.5,H15_10,stress,2023-10-23/2023-10-29,3069.8802220949983
FII_IDX_NET_Z,0.5,H15_10,stress,2023-10-30/2023-11-05,-2518.1905723650025
FII_IDX_NET_Z,0.5,H15_10,stress,2023-11-06/2023-11-12,-4448.689329100001
FII_IDX_NET_Z,0.5,H15_10,stress,2023-11-13/2023-11-19,-6290.660746090002
FII_IDX_NET_Z,0.5,H15_10,stress,2023-11-20/2023-11-26,-1778.3682196900008
FII_IDX_NET_Z,0.5,H15_10,stress,2023-11-27/2023-12-03,-4782.018924615001
FII_IDX_NET_Z,0.5,H15_10,stress,2023-12-04/2023-12-10,-259.01995440000013
FII_IDX_NET_Z,0.5,H15_10,stress,2023-12-11/2023-12-17,-974.1317751300016
FII_IDX_NET_Z,0.5,H15_10,stress,2023-12-18/2023-12-24,-8102.237330419999
FII_IDX_NET_Z,0.5,H15_10,stress,2023-12-25/2023-12-31,1512.485936334997
FII_IDX_NET_Z,0.5,H15_10,stress,2024-01-01/2024-01-07,-5740.424689005001
FII_IDX_NET_Z,0.5,H15_10,stress,2024-01-08/2024-01-14,-5422.802140139999
FII_IDX_NET_Z,0.5,H15_10,stress,2024-01-15/2024-01-21,-6697.612867925001
FII_IDX_NET_Z,0.5,H15_10,stress,2024-01-29/2024-02-04,-4820.098033125005
FII_IDX_NET_Z,0.5,H15_10,stress,2024-02-05/2024-02-11,-2433.9868954700028
FII_IDX_NET_Z,0.5,H15_10,stress,2024-02-12/2024-02-18,-10851.892862800001
FII_IDX_NET_Z,0.5,H15_10,stress,2024-02-19/2024-02-25,-2012.6690066050019
FII_IDX_NET_Z,0.5,H15_10,stress,2024-02-26/2024-03-03,-2391.4214362949997
FII_IDX_NET_Z,0.5,H15_10,stress,2024-03-04/2024-03-10,-6754.381523295002
FII_IDX_NET_Z,0.5,H15_10,stress,2024-03-11/2024-03-17,-4738.920673640003
FII_IDX_NET_Z,0.5,H15_10,stress,2024-03-18/2024-03-24,-5617.009743310001
FII_IDX_NET_Z,0.5,H15_10,stress,2024-03-25/2024-03-31,-2762.9134429550004
FII_IDX_NET_Z,0.5,H15_10,stress,2024-04-08/2024-04-14,-3687.9463748600015
FII_IDX_NET_Z,0.5,H15_10,stress,2024-04-15/2024-04-21,-5543.837840675002
FII_IDX_NET_Z,0.5,H15_10,stress,2024-04-22/2024-04-28,-10041.021746865
FII_IDX_NET_Z,0.5,H15_10,stress,2024-04-29/2024-05-05,-3711.9826166375
FII_IDX_NET_Z,0.5,H15_10,stress,2024-05-06/2024-05-12,-2820.1876970425014
FII_IDX_NET_Z,0.5,H15_10,stress,2024-05-13/2024-05-19,-4448.873906150001
FII_IDX_NET_Z,0.5,H15_10,stress,2024-05-20/2024-05-26,-5744.2537627
FII_IDX_NET_Z,0.5,H15_10,stress,2024-05-27/2024-06-02,-3717.670308914999
FII_IDX_NET_Z,0.5,H15_10,stress,2024-06-03/2024-06-09,-6682.7726411725
FII_IDX_NET_Z,0.5,H15_10,stress,2024-06-10/2024-06-16,855.7705328849988
FII_IDX_NET_Z,0.5,H15_10,stress,2024-06-17/2024-06-23,-2625.0852267750006
FII_IDX_NET_Z,0.5,H15_10,stress,2024-06-24/2024-06-30,2166.5479783299993
FII_IDX_NET_Z,0.5,H15_10,stress,2024-07-01/2024-07-07,-1107.5339052350005
FII_IDX_NET_Z,0.5,H15_10,stress,2024-07-08/2024-07-14,-1777.8566435525008
FII_IDX_NET_Z,0.5,H15_10,stress,2024-07-15/2024-07-21,-1306.5218340775014
FII_IDX_NET_Z,0.5,H15_10,stress,2024-07-22/2024-07-28,-1674.2110949449998
FII_IDX_NET_Z,0.5,H15_10,stress,2024-07-29/2024-08-04,-942.8699333300011
FII_IDX_NET_Z,0.5,H15_10,stress,2024-08-26/2024-09-01,64.26753232749965
FII_IDX_NET_Z,0.5,H15_10,stress,2024-09-02/2024-09-08,-1080.5109226425009
FII_IDX_NET_Z,0.5,H15_10,stress,2024-09-23/2024-09-29,-537.0367088025009
FII_IDX_NET_Z,0.5,H15_10,stress,2024-09-30/2024-10-06,-7255.187599167499
FII_IDX_NET_Z,0.5,H15_10,stress,2024-10-07/2024-10-13,-712.7580106975015
FII_IDX_NET_Z,0.5,H15_10,stress,2024-10-14/2024-10-20,-1737.8976197150016
FII_IDX_NET_Z,0.5,H15_10,stress,2024-10-21/2024-10-27,1448.333640797499
FII_IDX_NET_Z,0.5,H15_10,stress,2024-10-28/2024-11-03,-3733.693693665001
FII_IDX_NET_Z,0.5,H15_10,stress,2024-11-04/2024-11-10,-2480.861135662502
FII_IDX_NET_Z,0.5,H15_10,stress,2024-11-11/2024-11-17,1117.5958349899993
FII_IDX_NET_Z,0.5,H15_10,stress,2024-11-18/2024-11-24,-5896.631767625
FII_IDX_NET_Z,0.5,H15_10,stress,2024-11-25/2024-12-01,-4767.363881297505
FII_IDX_NET_Z,0.5,H15_10,stress,2024-12-02/2024-12-08,-6141.458364975006
FII_IDX_NET_Z,0.5,H15_10,stress,2024-12-23/2024-12-29,-3076.4000300900025
FII_IDX_NET_Z,0.5,H15_10,stress,2024-12-30/2025-01-05,-15715.2968563825
FII_IDX_NET_Z,0.5,H15_10,stress,2025-01-06/2025-01-12,1618.3816838149933
FII_IDX_NET_Z,0.5,H15_10,stress,2025-01-13/2025-01-19,-3443.0184675925034
FII_IDX_NET_Z,0.5,H15_10,stress,2025-01-20/2025-01-26,-7409.085217697502
FII_IDX_NET_Z,0.5,H15_10,stress,2025-01-27/2025-02-02,-1288.6237991174994
FII_IDX_NET_Z,0.5,H15_10,stress,2025-02-03/2025-02-09,-7827.275079610004
FII_IDX_NET_Z,0.5,H15_10,stress,2025-02-10/2025-02-16,-1769.7739871650042
FII_IDX_NET_Z,0.5,H15_10,stress,2025-02-17/2025-02-23,-11665.615850567505
FII_IDX_NET_Z,0.5,H15_10,stress,2025-02-24/2025-03-02,-1457.3988644900028
FII_IDX_NET_Z,0.5,H15_10,stress,2025-03-03/2025-03-09,-1058.3172817150014
FII_IDX_NET_Z,0.5,H15_10,stress,2025-03-17/2025-03-23,6633.380265902499
FII_IDX_NET_Z,0.5,H15_10,stress,2025-03-24/2025-03-30,-6286.142661970002
FII_IDX_NET_Z,0.5,H15_10,stress,2025-03-31/2025-04-06,-12132.689118215003
FII_IDX_NET_Z,0.5,H15_10,stress,2025-04-07/2025-04-13,-3723.0354084974956
FII_IDX_NET_Z,0.5,H15_10,stress,2025-04-14/2025-04-20,36.682655917499375
FII_IDX_NET_Z,0.5,H15_10,stress,2025-04-21/2025-04-27,-3967.162288854999
FII_IDX_NET_Z,0.5,H15_10,stress,2025-04-28/2025-05-04,-5139.844757802495
FII_IDX_NET_Z,0.5,H15_10,stress,2025-05-05/2025-05-11,-12910.327728235003
FII_IDX_NET_Z,0.5,H15_10,stress,2025-05-12/2025-05-18,-209.51372538249962
FII_IDX_NET_Z,0.5,H15_10,stress,2025-05-19/2025-05-25,-8781.878821572504
FII_IDX_NET_Z,0.5,H15_10,stress,2025-05-26/2025-06-01,524.8999457274977
FII_IDX_NET_Z,0.5,H15_10,stress,2025-06-02/2025-06-08,-15251.127905005003
FII_IDX_NET_Z,0.5,H15_10,stress,2025-06-09/2025-06-15,-4365.274216367503
FII_IDX_NET_Z,0.5,H15_10,stress,2025-06-16/2025-06-22,-9478.850118190003
FII_IDX_NET_Z,0.5,H15_10,stress,2025-06-23/2025-06-29,-11712.817935662504
FII_IDX_NET_Z,0.5,H15_10,stress,2025-06-30/2025-07-06,-2532.8490887225
FII_IDX_NET_Z,0.5,H15_10,stress,2025-07-07/2025-07-13,1377.6039520074996
FII_IDX_NET_Z,0.5,H15_10,stress,2025-07-14/2025-07-20,-6254.857539467501
FII_IDX_NET_Z,0.5,H15_10,stress,2025-07-21/2025-07-27,-6870.599016025002
FII_IDX_NET_Z,0.5,H15_10,stress,2025-07-28/2025-08-03,-6110.501509592504
FII_IDX_NET_Z,0.5,H15_10,stress,2025-08-04/2025-08-10,-3368.4970393450017
FII_IDX_NET_Z,0.5,H15_10,stress,2025-08-11/2025-08-17,-8458.228590065002
FII_IDX_NET_Z,0.5,H15_10,stress,2025-08-18/2025-08-24,-8182.718404585002
FII_IDX_NET_Z,0.5,H15_10,stress,2025-08-25/2025-08-31,1431.059868014998
FII_IDX_NET_Z,0.5,H15_10,stress,2025-09-01/2025-09-07,-3382.557577300003
FII_IDX_NET_Z,0.5,H15_10,stress,2025-09-08/2025-09-14,-5924.196946502501
FII_IDX_NET_Z,0.5,H15_10,stress,2025-09-15/2025-09-21,-484.8572053399996
FII_IDX_NET_Z,0.5,H15_10,stress,2025-09-29/2025-10-05,-8567.307171895001
FII_IDX_NET_Z,0.5,H15_10,stress,2025-10-06/2025-10-12,-9995.24981438
FII_IDX_NET_Z,0.5,H15_10,stress,2025-10-13/2025-10-19,765.3215298649998
FII_IDX_NET_Z,0.5,H15_10,stress,2025-10-20/2025-10-26,-8379.253529010002
FII_IDX_NET_Z,0.5,H15_10,stress,2025-10-27/2025-11-02,-8443.270502920006
FII_IDX_NET_Z,0.5,H15_10,stress,2025-11-03/2025-11-09,-7463.730088182503
FII_IDX_NET_Z,0.5,H15_10,stress,2025-11-24/2025-11-30,333.94078348499863
FII_IDX_NET_Z,0.5,H15_10,stress,2025-12-01/2025-12-07,-11544.0998786775
FII_IDX_NET_Z,0.5,H15_10,stress,2025-12-08/2025-12-14,-806.5392968725002
FII_IDX_NET_Z,0.5,H15_10,stress,2025-12-15/2025-12-21,-5337.971834485003
FII_IDX_NET_Z,0.5,H15_10,stress,2025-12-22/2025-12-28,-1439.4537851750001
FII_IDX_NET_Z,0.5,H15_10,stress,2025-12-29/2026-01-04,-5192.828884758001
FII_IDX_NET_Z,0.5,H15_10,stress,2026-01-05/2026-01-11,4759.741804576499
FII_IDX_NET_Z,0.5,H15_10,stress,2026-01-12/2026-01-18,-6677.597399501
FII_IDX_NET_Z,0.5,H15_10,stress,2026-01-19/2026-01-25,2014.2361691904982
FII_IDX_NET_Z,0.5,H15_10,stress,2026-01-26/2026-02-01,-909.617552565
FII_IDX_NET_Z,0.5,H15_10,stress,2026-02-02/2026-02-08,-56.47924243150214
FII_IDX_NET_Z,0.5,H15_10,stress,2026-02-09/2026-02-15,-6112.443509454002
FII_IDX_NET_Z,0.5,H15_10,stress,2026-02-16/2026-02-22,1604.2473143945006
FII_IDX_NET_Z,0.5,H15_10,stress,2026-02-23/2026-03-01,-16041.820580872998
FII_IDX_NET_Z,0.5,H15_10,stress,2026-03-02/2026-03-08,-4163.106139790175
FII_IDX_NET_Z,0.5,H15_10,stress,2026-03-09/2026-03-15,2580.538075375669
FII_IDX_NET_Z,0.5,H15_10,stress,2026-03-16/2026-03-22,-3140.446861987156
FII_IDX_NET_Z,0.5,H15_10,stress,2026-04-06/2026-04-12,54.60480257538825
FII_IDX_NET_Z,0.5,H15_10,stress,2026-04-13/2026-04-19,-1397.934963743553
FII_IDX_NET_Z,0.5,H15_10,stress,2026-04-20/2026-04-26,-4233.668450940923
FII_IDX_NET_Z,0.5,H15_10,stress,2026-04-27/2026-05-03,-2931.8548034860764
FII_IDX_NET_Z,0.5,H15_10,stress,2026-05-04/2026-05-10,-4383.973539222649
FII_IDX_NET_Z,0.5,H15_10,stress,2026-05-11/2026-05-17,1346.7680721772213
FII_IDX_NET_Z,0.5,H15_10,stress,2026-05-18/2026-05-24,-5353.681355696098
FII_IDX_NET_Z,0.5,H15_10,stress,2026-05-25/2026-05-31,-489.13881915851476
FII_IDX_NET_Z,0.5,H15_10,stress,2026-06-15/2026-06-21,-96.90044452800839
FII_IDX_NET_Z,0.5,H15_10,stress,2026-06-29/2026-07-05,-2630.501379428334
FII_IDX_NET_Z,1.0,H10_30,stress,2021-09-27/2021-10-03,-1615.1835236850006
FII_IDX_NET_Z,1.0,H10_30,stress,2021-10-04/2021-10-10,-537.4648142750009
FII_IDX_NET_Z,1.0,H10_30,stress,2021-10-18/2021-10-24,-1933.288765355001
FII_IDX_NET_Z,1.0,H10_30,stress,2021-10-25/2021-10-31,-304.2069973749997
FII_IDX_NET_Z,1.0,H10_30,stress,2021-11-01/2021-11-07,-541.382122300002
FII_IDX_NET_Z,1.0,H10_30,stress,2021-11-08/2021-11-14,1347.7824201099984
FII_IDX_NET_Z,1.0,H10_30,stress,2021-11-15/2021-11-21,478.41377952499965
FII_IDX_NET_Z,1.0,H10_30,stress,2021-11-22/2021-11-28,-2097.771659070003
FII_IDX_NET_Z,1.0,H10_30,stress,2021-11-29/2021-12-05,-853.8502112849995
FII_IDX_NET_Z,1.0,H10_30,stress,2021-12-06/2021-12-12,-2529.8504340400004
FII_IDX_NET_Z,1.0,H10_30,stress,2021-12-13/2021-12-19,-452.4028355749995
FII_IDX_NET_Z,1.0,H10_30,stress,2022-01-03/2022-01-09,-342.4124710649991
FII_IDX_NET_Z,1.0,H10_30,stress,2022-01-17/2022-01-23,-646.4438004100009
FII_IDX_NET_Z,1.0,H10_30,stress,2022-01-24/2022-01-30,-1105.678323185001
FII_IDX_NET_Z,1.0,H10_30,stress,2022-01-31/2022-02-06,-1820.74433209
FII_IDX_NET_Z,1.0,H10_30,stress,2022-02-07/2022-02-13,-1319.5150572100008
FII_IDX_NET_Z,1.0,H10_30,stress,2022-03-07/2022-03-13,-2546.2912180899975
FII_IDX_NET_Z,1.0,H10_30,stress,2022-03-28/2022-04-03,593.0935648149999
FII_IDX_NET_Z,1.0,H10_30,stress,2022-04-04/2022-04-10,-1926.083165860003
FII_IDX_NET_Z,1.0,H10_30,stress,2022-04-11/2022-04-17,248.8697345849992
FII_IDX_NET_Z,1.0,H10_30,stress,2022-04-25/2022-05-01,554.8547116199977
FII_IDX_NET_Z,1.0,H10_30,stress,2022-05-02/2022-05-08,-1068.9657129800019
FII_IDX_NET_Z,1.0,H10_30,stress,2022-05-09/2022-05-15,959.2684638899966
FII_IDX_NET_Z,1.0,H10_30,stress,2022-05-16/2022-05-22,-2138.691552980001
FII_IDX_NET_Z,1.0,H10_30,stress,2022-06-06/2022-06-12,-2132.979967160002
FII_IDX_NET_Z,1.0,H10_30,stress,2022-06-13/2022-06-19,-2739.1541468500036
FII_IDX_NET_Z,1.0,H10_30,stress,2022-06-20/2022-06-26,-4847.034805455003
FII_IDX_NET_Z,1.0,H10_30,stress,2022-06-27/2022-07-03,1174.5447162799983
FII_IDX_NET_Z,1.0,H10_30,stress,2022-07-04/2022-07-10,-353.895049950002
FII_IDX_NET_Z,1.0,H10_30,stress,2022-07-11/2022-07-17,-7.67443907000029
FII_IDX_NET_Z,1.0,H10_30,stress,2022-07-18/2022-07-24,-1093.980531950001
FII_IDX_NET_Z,1.0,H10_30,stress,2022-07-25/2022-07-31,-2387.6542603300004
FII_IDX_NET_Z,1.0,H10_30,stress,2022-08-01/2022-08-07,-3061.267687595003
FII_IDX_NET_Z,1.0,H10_30,stress,2022-08-08/2022-08-14,980.5984158399986
FII_IDX_NET_Z,1.0,H10_30,stress,2022-08-15/2022-08-21,-79.40669345000231
FII_IDX_NET_Z,1.0,H10_30,stress,2022-09-26/2022-10-02,-1131.5743986799969
FII_IDX_NET_Z,1.0,H10_30,stress,2022-10-03/2022-10-09,-1544.8886250150026
FII_IDX_NET_Z,1.0,H10_30,stress,2022-10-10/2022-10-16,1408.2997440899996
FII_IDX_NET_Z,1.0,H10_30,stress,2022-10-24/2022-10-30,33.65996265
FII_IDX_NET_Z,1.0,H10_30,stress,2022-10-31/2022-11-06,-184.07804415000282
FII_IDX_NET_Z,1.0,H10_30,stress,2022-11-07/2022-11-13,-3377.5087425700012
FII_IDX_NET_Z,1.0,H10_30,stress,2022-11-14/2022-11-20,-2088.9276269950014
FII_IDX_NET_Z,1.0,H10_30,stress,2022-11-21/2022-11-27,-76.0137069550021
FII_IDX_NET_Z,1.0,H10_30,stress,2022-11-28/2022-12-04,-2075.244886515001
FII_IDX_NET_Z,1.0,H10_30,stress,2022-12-05/2022-12-11,-551.7287073550007
FII_IDX_NET_Z,1.0,H10_30,stress,2023-01-02/2023-01-08,-30.421478709999988
FII_IDX_NET_Z,1.0,H10_30,stress,2023-01-09/2023-01-15,738.5718587249987
FII_IDX_NET_Z,1.0,H10_30,stress,2023-01-16/2023-01-22,-1277.1069603950007
FII_IDX_NET_Z,1.0,H10_30,stress,2023-01-23/2023-01-29,59.218171309998866
FII_IDX_NET_Z,1.0,H10_30,stress,2023-01-30/2023-02-05,1128.2392189599968
FII_IDX_NET_Z,1.0,H10_30,stress,2023-02-06/2023-02-12,-2148.514758555002
FII_IDX_NET_Z,1.0,H10_30,stress,2023-02-13/2023-02-19,-1423.7900326650024
FII_IDX_NET_Z,1.0,H10_30,stress,2023-02-20/2023-02-26,-3545.608872660001
FII_IDX_NET_Z,1.0,H10_30,stress,2023-02-27/2023-03-05,-1614.167297335001
FII_IDX_NET_Z,1.0,H10_30,stress,2023-03-13/2023-03-19,-215.8156721950016
FII_IDX_NET_Z,1.0,H10_30,stress,2023-03-20/2023-03-26,-2800.8825438950007
FII_IDX_NET_Z,1.0,H10_30,stress,2023-03-27/2023-04-02,306.58253184
FII_IDX_NET_Z,1.0,H10_30,stress,2023-04-03/2023-04-09,-585.4092488550002
FII_IDX_NET_Z,1.0,H10_30,stress,2023-04-17/2023-04-23,-6132.000330310002
FII_IDX_NET_Z,1.0,H10_30,stress,2023-04-24/2023-04-30,-356.9163384449995
FII_IDX_NET_Z,1.0,H10_30,stress,2023-05-01/2023-05-07,-18.338284910000084
FII_IDX_NET_Z,1.0,H10_30,stress,2023-05-08/2023-05-14,866.345551314999
FII_IDX_NET_Z,1.0,H10_30,stress,2023-05-15/2023-05-21,-3435.0553596050004
FII_IDX_NET_Z,1.0,H10_30,stress,2023-05-22/2023-05-28,127.0536914399987
FII_IDX_NET_Z,1.0,H10_30,stress,2023-05-29/2023-06-04,-299.3278859250006
FII_IDX_NET_Z,1.0,H10_30,stress,2023-06-19/2023-06-25,-829.1231938100005
FII_IDX_NET_Z,1.0,H10_30,stress,2023-06-26/2023-07-02,-278.87984246500054
FII_IDX_NET_Z,1.0,H10_30,stress,2023-07-03/2023-07-09,-1897.5013186550013
FII_IDX_NET_Z,1.0,H10_30,stress,2023-07-10/2023-07-16,1124.2202947949984
FII_IDX_NET_Z,1.0,H10_30,stress,2023-07-17/2023-07-23,-1107.2404306950025
FII_IDX_NET_Z,1.0,H10_30,stress,2023-07-24/2023-07-30,104.76687381999864
FII_IDX_NET_Z,1.0,H10_30,stress,2023-07-31/2023-08-06,-120.709136575
FII_IDX_NET_Z,1.0,H10_30,stress,2023-08-07/2023-08-13,641.2906845699982
FII_IDX_NET_Z,1.0,H10_30,stress,2023-08-14/2023-08-20,-1889.2811011150006
FII_IDX_NET_Z,1.0,H10_30,stress,2023-08-21/2023-08-27,1104.5949787049983
FII_IDX_NET_Z,1.0,H10_30,stress,2023-08-28/2023-09-03,-1063.2959432800003
FII_IDX_NET_Z,1.0,H10_30,stress,2023-09-25/2023-10-01,-636.3829181550012
FII_IDX_NET_Z,1.0,H10_30,stress,2023-10-02/2023-10-08,-1585.8093905600017
FII_IDX_NET_Z,1.0,H10_30,stress,2023-10-09/2023-10-15,-1491.3432770600004
FII_IDX_NET_Z,1.0,H10_30,stress,2023-10-16/2023-10-22,-3719.683427810002
FII_IDX_NET_Z,1.0,H10_30,stress,2023-10-23/2023-10-29,-188.18213706499927
FII_IDX_NET_Z,1.0,H10_30,stress,2023-10-30/2023-11-05,-550.9021767500019
FII_IDX_NET_Z,1.0,H10_30,stress,2023-11-06/2023-11-12,-1520.485510620001
FII_IDX_NET_Z,1.0,H10_30,stress,2023-11-13/2023-11-19,-2382.8102522900017
FII_IDX_NET_Z,1.0,H10_30,stress,2023-12-04/2023-12-10,-1306.6073417200014
FII_IDX_NET_Z,1.0,H10_30,stress,2023-12-11/2023-12-17,-2593.4489887450004
FII_IDX_NET_Z,1.0,H10_30,stress,2023-12-18/2023-12-24,-341.44819553499974
FII_IDX_NET_Z,1.0,H10_30,stress,2023-12-25/2023-12-31,465.45911630999854
FII_IDX_NET_Z,1.0,H10_30,stress,2024-01-01/2024-01-07,-3071.6114128450004
FII_IDX_NET_Z,1.0,H10_30,stress,2024-01-08/2024-01-14,-758.8901279250003
FII_IDX_NET_Z,1.0,H10_30,stress,2024-01-15/2024-01-21,-712.3938693749988
FII_IDX_NET_Z,1.0,H10_30,stress,2024-01-29/2024-02-04,-1949.9486676800018
FII_IDX_NET_Z,1.0,H10_30,stress,2024-02-26/2024-03-03,-978.3008327350009
FII_IDX_NET_Z,1.0,H10_30,stress,2024-03-04/2024-03-10,-100.06464455000173
FII_IDX_NET_Z,1.0,H10_30,stress,2024-03-18/2024-03-24,-344.3057772950008
FII_IDX_NET_Z,1.0,H10_30,stress,2024-04-08/2024-04-14,-1953.5076599100012
FII_IDX_NET_Z,1.0,H10_30,stress,2024-04-15/2024-04-21,495.4599288499985
FII_IDX_NET_Z,1.0,H10_30,stress,2024-04-22/2024-04-28,-3198.2366663750013
FII_IDX_NET_Z,1.0,H10_30,stress,2024-04-29/2024-05-05,-409.8010947374994
FII_IDX_NET_Z,1.0,H10_30,stress,2024-05-06/2024-05-12,-400.33962655250036
FII_IDX_NET_Z,1.0,H10_30,stress,2024-05-13/2024-05-19,2076.1782725574985
FII_IDX_NET_Z,1.0,H10_30,stress,2024-05-20/2024-05-26,-1120.4577977900005
FII_IDX_NET_Z,1.0,H10_30,stress,2024-05-27/2024-06-02,-1302.4452882899989
FII_IDX_NET_Z,1.0,H10_30,stress,2024-06-03/2024-06-09,-2958.2327587124946
FII_IDX_NET_Z,1.0,H10_30,stress,2024-06-17/2024-06-23,-1215.8632148825009
FII_IDX_NET_Z,1.0,H10_30,stress,2024-06-24/2024-06-30,650.0834081074992
FII_IDX_NET_Z,1.0,H10_30,stress,2024-07-01/2024-07-07,169.46303145249885
FII_IDX_NET_Z,1.0,H10_30,stress,2024-07-08/2024-07-14,-3051.232380435001
FII_IDX_NET_Z,1.0,H10_30,stress,2024-07-15/2024-07-21,-637.8217974650004
FII_IDX_NET_Z,1.0,H10_30,stress,2024-07-22/2024-07-28,-276.98571663499996
FII_IDX_NET_Z,1.0,H10_30,stress,2024-09-23/2024-09-29,228.1676761999998
FII_IDX_NET_Z,1.0,H10_30,stress,2024-09-30/2024-10-06,-1456.4605549825
FII_IDX_NET_Z,1.0,H10_30,stress,2024-10-07/2024-10-13,-2249.3037011075007
FII_IDX_NET_Z,1.0,H10_30,stress,2024-10-14/2024-10-20,-723.6000339500013
FII_IDX_NET_Z,1.0,H10_30,stress,2024-10-21/2024-10-27,60.31577746499909
FII_IDX_NET_Z,1.0,H10_30,stress,2024-10-28/2024-11-03,-2064.276569482501
FII_IDX_NET_Z,1.0,H10_30,stress,2024-11-04/2024-11-10,958.0062793649979
FII_IDX_NET_Z,1.0,H10_30,stress,2024-11-11/2024-11-17,-1814.0525718350004
FII_IDX_NET_Z,1.0,H10_30,stress,2024-11-18/2024-11-24,-1960.9528105024958
FII_IDX_NET_Z,1.0,H10_30,stress,2024-12-23/2024-12-29,-1427.4418723775009
FII_IDX_NET_Z,1.0,H10_30,stress,2024-12-30/2025-01-05,-2639.635835514998
FII_IDX_NET_Z,1.0,H10_30,stress,2025-01-06/2025-01-12,1307.8567919149946
FII_IDX_NET_Z,1.0,H10_30,stress,2025-01-13/2025-01-19,-2981.863201000003
FII_IDX_NET_Z,1.0,H10_30,stress,2025-01-20/2025-01-26,-4719.853255662501
FII_IDX_NET_Z,1.0,H10_30,stress,2025-01-27/2025-02-02,-1870.0985149149947
FII_IDX_NET_Z,1.0,H10_30,stress,2025-02-03/2025-02-09,-1102.8373126450022
FII_IDX_NET_Z,1.0,H10_30,stress,2025-02-10/2025-02-16,2080.200456152499
FII_IDX_NET_Z,1.0,H10_30,stress,2025-03-17/2025-03-23,2151.0891142274977
FII_IDX_NET_Z,1.0,H10_30,stress,2025-03-24/2025-03-30,4259.559252507493
FII_IDX_NET_Z,1.0,H10_30,stress,2025-03-31/2025-04-06,-5495.941380575003
FII_IDX_NET_Z,1.0,H10_30,stress,2025-04-07/2025-04-13,-2500.302094767496
FII_IDX_NET_Z,1.0,H10_30,stress,2025-04-14/2025-04-20,-522.7740524649998
FII_IDX_NET_Z,1.0,H10_30,stress,2025-04-21/2025-04-27,-4290.286684915001
FII_IDX_NET_Z,1.0,H10_30,stress,2025-04-28/2025-05-04,-3369.248148199996
FII_IDX_NET_Z,1.0,H10_30,stress,2025-05-05/2025-05-11,-4466.852055520001
FII_IDX_NET_Z,1.0,H10_30,stress,2025-05-12/2025-05-18,-1161.9455403450015
FII_IDX_NET_Z,1.0,H10_30,stress,2025-05-19/2025-05-25,-937.5578016399995
FII_IDX_NET_Z,1.0,H10_30,stress,2025-05-26/2025-06-01,713.6415629949977
FII_IDX_NET_Z,1.0,H10_30,stress,2025-06-02/2025-06-08,-7297.013220482503
FII_IDX_NET_Z,1.0,H10_30,stress,2025-06-09/2025-06-15,-4523.421061385003
FII_IDX_NET_Z,1.0,H10_30,stress,2025-06-16/2025-06-22,-3875.533975272501
FII_IDX_NET_Z,1.0,H10_30,stress,2025-07-14/2025-07-20,999.5886730100005
FII_IDX_NET_Z,1.0,H10_30,stress,2025-07-21/2025-07-27,-2051.5095456700014
FII_IDX_NET_Z,1.0,H10_30,stress,2025-07-28/2025-08-03,1376.0241968524977
FII_IDX_NET_Z,1.0,H10_30,stress,2025-08-04/2025-08-10,6326.186966067498
FII_IDX_NET_Z,1.0,H10_30,stress,2025-08-11/2025-08-17,-4107.364489685003
FII_IDX_NET_Z,1.0,H10_30,stress,2025-08-18/2025-08-24,-4792.1784788950035
FII_IDX_NET_Z,1.0,H10_30,stress,2025-08-25/2025-08-31,-450.3581996675008
FII_IDX_NET_Z,1.0,H10_30,stress,2025-09-01/2025-09-07,1395.3691259149957
FII_IDX_NET_Z,1.0,H10_30,stress,2025-09-08/2025-09-14,1566.9363431975005
FII_IDX_NET_Z,1.0,H10_30,stress,2025-09-29/2025-10-05,-2031.5696089300013
FII_IDX_NET_Z,1.0,H10_30,stress,2025-10-06/2025-10-12,-5416.859610110002
FII_IDX_NET_Z,1.0,H10_30,stress,2025-10-13/2025-10-19,714.6326949574991
FII_IDX_NET_Z,1.0,H10_30,stress,2025-10-20/2025-10-26,-3576.228400800003
FII_IDX_NET_Z,1.0,H10_30,stress,2025-10-27/2025-11-02,-4346.004947500008
FII_IDX_NET_Z,1.0,H10_30,stress,2025-11-24/2025-11-30,-65.80864101250299
FII_IDX_NET_Z,1.0,H10_30,stress,2025-12-01/2025-12-07,-2403.6927534324986
FII_IDX_NET_Z,1.0,H10_30,stress,2025-12-15/2025-12-21,40.55085356249842
FII_IDX_NET_Z,1.0,H10_30,stress,2025-12-22/2025-12-28,-197.0444891000009
FII_IDX_NET_Z,1.0,H10_30,stress,2026-01-05/2026-01-11,-332.75152656899996
FII_IDX_NET_Z,1.0,H10_30,stress,2026-01-12/2026-01-18,-3084.928768553501
FII_IDX_NET_Z,1.0,H10_30,stress,2026-02-02/2026-02-08,-2506.045377051003
FII_IDX_NET_Z,1.0,H10_30,stress,2026-02-09/2026-02-15,-499.1707184125023
FII_IDX_NET_Z,1.0,H10_30,stress,2026-02-16/2026-02-22,2883.7240528500033
FII_IDX_NET_Z,1.0,H10_30,stress,2026-02-23/2026-03-01,-4172.804362163997
FII_IDX_NET_Z,1.0,H10_30,stress,2026-04-06/2026-04-12,-381.9752742129584
FII_IDX_NET_Z,1.0,H10_30,stress,2026-04-13/2026-04-19,-121.60391529715753
FII_IDX_NET_Z,1.0,H10_30,stress,2026-04-20/2026-04-26,-856.5734248861033
FII_IDX_NET_Z,1.0,H10_30,stress,2026-04-27/2026-05-03,-1855.6286689676654
FII_IDX_NET_Z,1.0,H10_30,stress,2026-05-04/2026-05-10,1451.2195744073265
FII_IDX_NET_Z,1.0,H10_30,stress,2026-05-11/2026-05-17,-624.2741852134116
FII_IDX_NET_Z,1.0,H10_30,stress,2026-06-29/2026-07-05,-1004.4287584846736
FII_IDX_NET_Z,1.0,H15_10,stress,2021-09-27/2021-10-03,-3669.58854293
FII_IDX_NET_Z,1.0,H15_10,stress,2021-10-04/2021-10-10,-2738.6306905
FII_IDX_NET_Z,1.0,H15_10,stress,2021-10-18/2021-10-24,-8172.841163785
FII_IDX_NET_Z,1.0,H15_10,stress,2021-10-25/2021-10-31,1461.1692750500001
FII_IDX_NET_Z,1.0,H15_10,stress,2021-11-01/2021-11-07,-843.4137264850004
FII_IDX_NET_Z,1.0,H15_10,stress,2021-11-08/2021-11-14,-8276.274904515001
FII_IDX_NET_Z,1.0,H15_10,stress,2021-11-15/2021-11-21,-472.0974983799996
FII_IDX_NET_Z,1.0,H15_10,stress,2021-11-22/2021-11-28,-8460.580975960003
FII_IDX_NET_Z,1.0,H15_10,stress,2021-11-29/2021-12-05,-6746.9452448400025
FII_IDX_NET_Z,1.0,H15_10,stress,2021-12-06/2021-12-12,-3138.9105525350014
FII_IDX_NET_Z,1.0,H15_10,stress,2021-12-13/2021-12-19,-3556.303917365
FII_IDX_NET_Z,1.0,H15_10,stress,2022-01-03/2022-01-09,3614.5807039050005
FII_IDX_NET_Z,1.0,H15_10,stress,2022-01-17/2022-01-23,-757.5112037550007
FII_IDX_NET_Z,1.0,H15_10,stress,2022-01-24/2022-01-30,-5657.39155362
FII_IDX_NET_Z,1.0,H15_10,stress,2022-01-31/2022-02-06,-2580.015873329999
FII_IDX_NET_Z,1.0,H15_10,stress,2022-02-07/2022-02-13,-6816.320382330001
FII_IDX_NET_Z,1.0,H15_10,stress,2022-03-07/2022-03-13,-6931.452482935002
FII_IDX_NET_Z,1.0,H15_10,stress,2022-03-28/2022-04-03,1889.1306854249995
FII_IDX_NET_Z,1.0,H15_10,stress,2022-04-04/2022-04-10,-4453.708806245002
FII_IDX_NET_Z,1.0,H15_10,stress,2022-04-11/2022-04-17,-426.1846642300007
FII_IDX_NET_Z,1.0,H15_10,stress,2022-04-25/2022-05-01,-2171.812780065
FII_IDX_NET_Z,1.0,H15_10,stress,2022-05-02/2022-05-08,701.9837806499999
FII_IDX_NET_Z,1.0,H15_10,stress,2022-05-09/2022-05-15,362.7384701699966
FII_IDX_NET_Z,1.0,H15_10,stress,2022-05-16/2022-05-22,-5357.589313890004
FII_IDX_NET_Z,1.0,H15_10,stress,2022-06-06/2022-06-12,-6176.084539290001
FII_IDX_NET_Z,1.0,H15_10,stress,2022-06-13/2022-06-19,-443.4486531300024
FII_IDX_NET_Z,1.0,H15_10,stress,2022-06-20/2022-06-26,-5774.893333325002
FII_IDX_NET_Z,1.0,H15_10,stress,2022-06-27/2022-07-03,-724.6293966200014
FII_IDX_NET_Z,1.0,H15_10,stress,2022-07-04/2022-07-10,-2929.9965726750015
FII_IDX_NET_Z,1.0,H15_10,stress,2022-07-11/2022-07-17,-914.29111396
FII_IDX_NET_Z,1.0,H15_10,stress,2022-07-18/2022-07-24,-1288.6442781100006
FII_IDX_NET_Z,1.0,H15_10,stress,2022-07-25/2022-07-31,-396.21523519000175
FII_IDX_NET_Z,1.0,H15_10,stress,2022-08-01/2022-08-07,-1540.870856115001
FII_IDX_NET_Z,1.0,H15_10,stress,2022-08-08/2022-08-14,-347.15308801000083
FII_IDX_NET_Z,1.0,H15_10,stress,2022-08-15/2022-08-21,-1936.9721921000012
FII_IDX_NET_Z,1.0,H15_10,stress,2022-09-26/2022-10-02,-3050.09743312
FII_IDX_NET_Z,1.0,H15_10,stress,2022-10-03/2022-10-09,-1849.2673025500035
FII_IDX_NET_Z,1.0,H15_10,stress,2022-10-10/2022-10-16,68.35407745499879
FII_IDX_NET_Z,1.0,H15_10,stress,2022-10-24/2022-10-30,-426.8984107850007
FII_IDX_NET_Z,1.0,H15_10,stress,2022-10-31/2022-11-06,-1129.5492531500022
FII_IDX_NET_Z,1.0,H15_10,stress,2022-11-07/2022-11-13,-4308.624622235001
FII_IDX_NET_Z,1.0,H15_10,stress,2022-11-14/2022-11-20,-1258.3256154000019
FII_IDX_NET_Z,1.0,H15_10,stress,2022-11-21/2022-11-27,2900.1102616349986
FII_IDX_NET_Z,1.0,H15_10,stress,2022-11-28/2022-12-04,-1702.560706920001
FII_IDX_NET_Z,1.0,H15_10,stress,2022-12-05/2022-12-11,1184.1833189849983
FII_IDX_NET_Z,1.0,H15_10,stress,2023-01-02/2023-01-08,-497.13469697499994
FII_IDX_NET_Z,1.0,H15_10,stress,2023-01-09/2023-01-15,-3354.8072440350006
FII_IDX_NET_Z,1.0,H15_10,stress,2023-01-16/2023-01-22,-2095.1244049250004
FII_IDX_NET_Z,1.0,H15_10,stress,2023-01-23/2023-01-29,733.561476614999
FII_IDX_NET_Z,1.0,H15_10,stress,2023-01-30/2023-02-05,-6837.860150760002
FII_IDX_NET_Z,1.0,H15_10,stress,2023-02-06/2023-02-12,-6179.849435620003
FII_IDX_NET_Z,1.0,H15_10,stress,2023-02-13/2023-02-19,-3884.592777720001
FII_IDX_NET_Z,1.0,H15_10,stress,2023-02-20/2023-02-26,3123.2224023199997
FII_IDX_NET_Z,1.0,H15_10,stress,2023-02-27/2023-03-05,-4088.322139880001
FII_IDX_NET_Z,1.0,H15_10,stress,2023-03-13/2023-03-19,2247.74314117
FII_IDX_NET_Z,1.0,H15_10,stress,2023-03-20/2023-03-26,-3747.7128671600017
FII_IDX_NET_Z,1.0,H15_10,stress,2023-03-27/2023-04-02,-1323.85988046
FII_IDX_NET_Z,1.0,H15_10,stress,2023-04-03/2023-04-09,-1445.1833682000006
FII_IDX_NET_Z,1.0,H15_10,stress,2023-04-17/2023-04-23,-6255.884684220002
FII_IDX_NET_Z,1.0,H15_10,stress,2023-04-24/2023-04-30,4952.32289748
FII_IDX_NET_Z,1.0,H15_10,stress,2023-05-01/2023-05-07,-1762.9719996700005
FII_IDX_NET_Z,1.0,H15_10,stress,2023-05-08/2023-05-14,-865.2660505250011
FII_IDX_NET_Z,1.0,H15_10,stress,2023-05-15/2023-05-21,-10365.276339880002
FII_IDX_NET_Z,1.0,H15_10,stress,2023-05-22/2023-05-28,-274.19839880500103
FII_IDX_NET_Z,1.0,H15_10,stress,2023-05-29/2023-06-04,-4532.242706985001
FII_IDX_NET_Z,1.0,H15_10,stress,2023-06-19/2023-06-25,-1731.9832215900008
FII_IDX_NET_Z,1.0,H15_10,stress,2023-06-26/2023-07-02,908.9302660449989
FII_IDX_NET_Z,1.0,H15_10,stress,2023-07-03/2023-07-09,-4195.132277505002
FII_IDX_NET_Z,1.0,H15_10,stress,2023-07-10/2023-07-16,-7702.430013580002
FII_IDX_NET_Z,1.0,H15_10,stress,2023-07-17/2023-07-23,401.13884945999826
FII_IDX_NET_Z,1.0,H15_10,stress,2023-07-24/2023-07-30,-2011.537828475
FII_IDX_NET_Z,1.0,H15_10,stress,2023-07-31/2023-08-06,-1107.7238924450005
FII_IDX_NET_Z,1.0,H15_10,stress,2023-08-07/2023-08-13,-6115.15451473
FII_IDX_NET_Z,1.0,H15_10,stress,2023-08-14/2023-08-20,-7751.383463575001
FII_IDX_NET_Z,1.0,H15_10,stress,2023-08-21/2023-08-27,-2264.883359050001
FII_IDX_NET_Z,1.0,H15_10,stress,2023-08-28/2023-09-03,-2035.8803422199994
FII_IDX_NET_Z,1.0,H15_10,stress,2023-09-25/2023-10-01,-937.3256378100007
FII_IDX_NET_Z,1.0,H15_10,stress,2023-10-02/2023-10-08,-5368.668249090002
FII_IDX_NET_Z,1.0,H15_10,stress,2023-10-09/2023-10-15,-4944.85019094
FII_IDX_NET_Z,1.0,H15_10,stress,2023-10-16/2023-10-22,-2851.216170940002
FII_IDX_NET_Z,1.0,H15_10,stress,2023-10-23/2023-10-29,3069.8802220949983
FII_IDX_NET_Z,1.0,H15_10,stress,2023-10-30/2023-11-05,-2518.1905723650025
FII_IDX_NET_Z,1.0,H15_10,stress,2023-11-06/2023-11-12,-4448.689329100001
FII_IDX_NET_Z,1.0,H15_10,stress,2023-11-13/2023-11-19,-6116.204604520001
FII_IDX_NET_Z,1.0,H15_10,stress,2023-12-04/2023-12-10,-1310.10836698
FII_IDX_NET_Z,1.0,H15_10,stress,2023-12-11/2023-12-17,-974.1317751300016
FII_IDX_NET_Z,1.0,H15_10,stress,2023-12-18/2023-12-24,-8102.237330419999
FII_IDX_NET_Z,1.0,H15_10,stress,2023-12-25/2023-12-31,1512.485936334997
FII_IDX_NET_Z,1.0,H15_10,stress,2024-01-01/2024-01-07,-5740.424689005001
FII_IDX_NET_Z,1.0,H15_10,stress,2024-01-08/2024-01-14,-5422.802140139999
FII_IDX_NET_Z,1.0,H15_10,stress,2024-01-15/2024-01-21,-5546.363526565001
FII_IDX_NET_Z,1.0,H15_10,stress,2024-01-29/2024-02-04,-1859.0076765150031
FII_IDX_NET_Z,1.0,H15_10,stress,2024-02-26/2024-03-03,-2391.4214362949997
FII_IDX_NET_Z,1.0,H15_10,stress,2024-03-04/2024-03-10,-4368.024240070001
FII_IDX_NET_Z,1.0,H15_10,stress,2024-03-18/2024-03-24,-2775.3693988600007
FII_IDX_NET_Z,1.0,H15_10,stress,2024-04-08/2024-04-14,-3687.9463748600015
FII_IDX_NET_Z,1.0,H15_10,stress,2024-04-15/2024-04-21,-1479.7461082750015
FII_IDX_NET_Z,1.0,H15_10,stress,2024-04-22/2024-04-28,-7854.244315215
FII_IDX_NET_Z,1.0,H15_10,stress,2024-04-29/2024-05-05,-3228.6305915024996
FII_IDX_NET_Z,1.0,H15_10,stress,2024-05-06/2024-05-12,-189.39541836500013
FII_IDX_NET_Z,1.0,H15_10,stress,2024-05-13/2024-05-19,-2292.8970642975
FII_IDX_NET_Z,1.0,H15_10,stress,2024-05-20/2024-05-26,-5744.2537627
FII_IDX_NET_Z,1.0,H15_10,stress,2024-05-27/2024-06-02,-3717.670308914999
FII_IDX_NET_Z,1.0,H15_10,stress,2024-06-03/2024-06-09,-6682.7726411725
FII_IDX_NET_Z,1.0,H15_10,stress,2024-06-17/2024-06-23,-2441.999352872501
FII_IDX_NET_Z,1.0,H15_10,stress,2024-06-24/2024-06-30,2166.5479783299993
FII_IDX_NET_Z,1.0,H15_10,stress,2024-07-01/2024-07-07,-1107.5339052350005
FII_IDX_NET_Z,1.0,H15_10,stress,2024-07-08/2024-07-14,-1777.8566435525008
FII_IDX_NET_Z,1.0,H15_10,stress,2024-07-15/2024-07-21,-1306.5218340775014
FII_IDX_NET_Z,1.0,H15_10,stress,2024-07-22/2024-07-28,-1389.3083431849998
FII_IDX_NET_Z,1.0,H15_10,stress,2024-09-23/2024-09-29,-143.3990711975003
FII_IDX_NET_Z,1.0,H15_10,stress,2024-09-30/2024-10-06,-7255.187599167499
FII_IDX_NET_Z,1.0,H15_10,stress,2024-10-07/2024-10-13,-1540.3060288500008
FII_IDX_NET_Z,1.0,H15_10,stress,2024-10-14/2024-10-20,-1737.8976197150016
FII_IDX_NET_Z,1.0,H15_10,stress,2024-10-21/2024-10-27,1448.333640797499
FII_IDX_NET_Z,1.0,H15_10,stress,2024-10-28/2024-11-03,-3733.693693665001
FII_IDX_NET_Z,1.0,H15_10,stress,2024-11-04/2024-11-10,-2480.861135662502
FII_IDX_NET_Z,1.0,H15_10,stress,2024-11-11/2024-11-17,1117.5958349899993
FII_IDX_NET_Z,1.0,H15_10,stress,2024-11-18/2024-11-24,-5896.631767625
FII_IDX_NET_Z,1.0,H15_10,stress,2024-12-23/2024-12-29,-341.7729813125014
FII_IDX_NET_Z,1.0,H15_10,stress,2024-12-30/2025-01-05,-15715.2968563825
FII_IDX_NET_Z,1.0,H15_10,stress,2025-01-06/2025-01-12,1618.3816838149933
FII_IDX_NET_Z,1.0,H15_10,stress,2025-01-13/2025-01-19,-3443.0184675925034
FII_IDX_NET_Z,1.0,H15_10,stress,2025-01-20/2025-01-26,-8711.394901715
FII_IDX_NET_Z,1.0,H15_10,stress,2025-01-27/2025-02-02,-2192.642291117499
FII_IDX_NET_Z,1.0,H15_10,stress,2025-02-03/2025-02-09,-6395.457477962504
FII_IDX_NET_Z,1.0,H15_10,stress,2025-02-10/2025-02-16,-1860.1693265225003
FII_IDX_NET_Z,1.0,H15_10,stress,2025-03-17/2025-03-23,3287.5036095524993
FII_IDX_NET_Z,1.0,H15_10,stress,2025-03-24/2025-03-30,-6286.142661970002
FII_IDX_NET_Z,1.0,H15_10,stress,2025-03-31/2025-04-06,-12132.689118215003
FII_IDX_NET_Z,1.0,H15_10,stress,2025-04-07/2025-04-13,-539.6950539874954
FII_IDX_NET_Z,1.0,H15_10,stress,2025-04-14/2025-04-20,1486.6355276225
FII_IDX_NET_Z,1.0,H15_10,stress,2025-04-21/2025-04-27,-3967.162288854999
FII_IDX_NET_Z,1.0,H15_10,stress,2025-04-28/2025-05-04,-5139.844757802495
FII_IDX_NET_Z,1.0,H15_10,stress,2025-05-05/2025-05-11,-12910.327728235003
FII_IDX_NET_Z,1.0,H15_10,stress,2025-05-12/2025-05-18,751.8796905825009
FII_IDX_NET_Z,1.0,H15_10,stress,2025-05-19/2025-05-25,-6755.396406985003
FII_IDX_NET_Z,1.0,H15_10,stress,2025-05-26/2025-06-01,524.8999457274977
FII_IDX_NET_Z,1.0,H15_10,stress,2025-06-02/2025-06-08,-15251.127905005003
FII_IDX_NET_Z,1.0,H15_10,stress,2025-06-09/2025-06-15,-4524.607214547503
FII_IDX_NET_Z,1.0,H15_10,stress,2025-06-16/2025-06-22,-4812.622114115002
FII_IDX_NET_Z,1.0,H15_10,stress,2025-07-14/2025-07-20,-6254.857539467501
FII_IDX_NET_Z,1.0,H15_10,stress,2025-07-21/2025-07-27,-6870.599016025002
FII_IDX_NET_Z,1.0,H15_10,stress,2025-07-28/2025-08-03,-6110.501509592504
FII_IDX_NET_Z,1.0,H15_10,stress,2025-08-04/2025-08-10,-3368.4970393450017
FII_IDX_NET_Z,1.0,H15_10,stress,2025-08-11/2025-08-17,-8458.228590065002
FII_IDX_NET_Z,1.0,H15_10,stress,2025-08-18/2025-08-24,-8182.718404585002
FII_IDX_NET_Z,1.0,H15_10,stress,2025-08-25/2025-08-31,1566.6732300099993
FII_IDX_NET_Z,1.0,H15_10,stress,2025-09-01/2025-09-07,-3382.557577300003
FII_IDX_NET_Z,1.0,H15_10,stress,2025-09-08/2025-09-14,-2308.06360267
FII_IDX_NET_Z,1.0,H15_10,stress,2025-09-29/2025-10-05,-8567.307171895001
FII_IDX_NET_Z,1.0,H15_10,stress,2025-10-06/2025-10-12,-9995.24981438
FII_IDX_NET_Z,1.0,H15_10,stress,2025-10-13/2025-10-19,765.3215298649998
FII_IDX_NET_Z,1.0,H15_10,stress,2025-10-20/2025-10-26,-8379.253529010002
FII_IDX_NET_Z,1.0,H15_10,stress,2025-10-27/2025-11-02,-8443.270502920006
FII_IDX_NET_Z,1.0,H15_10,stress,2025-11-24/2025-11-30,-2785.512264077502
FII_IDX_NET_Z,1.0,H15_10,stress,2025-12-01/2025-12-07,-11594.4393413275
FII_IDX_NET_Z,1.0,H15_10,stress,2025-12-15/2025-12-21,-870.3035022825019
FII_IDX_NET_Z,1.0,H15_10,stress,2025-12-22/2025-12-28,-1439.4537851750001
FII_IDX_NET_Z,1.0,H15_10,stress,2026-01-05/2026-01-11,2358.830162057999
FII_IDX_NET_Z,1.0,H15_10,stress,2026-01-12/2026-01-18,-6677.597399501
FII_IDX_NET_Z,1.0,H15_10,stress,2026-02-02/2026-02-08,-56.47924243150214
FII_IDX_NET_Z,1.0,H15_10,stress,2026-02-09/2026-02-15,-6112.443509454002
FII_IDX_NET_Z,1.0,H15_10,stress,2026-02-16/2026-02-22,1604.2473143945006
FII_IDX_NET_Z,1.0,H15_10,stress,2026-02-23/2026-03-01,-16041.820580872998
FII_IDX_NET_Z,1.0,H15_10,stress,2026-04-06/2026-04-12,-302.4220154083962
FII_IDX_NET_Z,1.0,H15_10,stress,2026-04-13/2026-04-19,-2939.3816753366073
FII_IDX_NET_Z,1.0,H15_10,stress,2026-04-20/2026-04-26,-1751.110729929693
FII_IDX_NET_Z,1.0,H15_10,stress,2026-04-27/2026-05-03,-2931.8548034860764
FII_IDX_NET_Z,1.0,H15_10,stress,2026-05-04/2026-05-10,-4272.110417162061
FII_IDX_NET_Z,1.0,H15_10,stress,2026-05-11/2026-05-17,1346.7680721772213
FII_IDX_NET_Z,1.0,H15_10,stress,2026-06-29/2026-07-05,-2473.666117108318
